50298.4000,49659.7000,39360.0000,47057.5000,57646.1000,47356.3000,35454.7000,27649.7000,22638.7000,19013.3000,13933.6000,10591.1000,9356.5100,9018.2600,6758.7400,5502.7600,6001.7300,5124.5500,3999.1700,3857.6600,3483.8400,2794.7600,2649.6400,2309.6600,1796.2700,1632.8600,1257.6300,813.4830,700.8020,673.5840,677.1740,859.0710,1090.8400,1172.5300,1102.2500,861.7590,390.7240,238.3910,325.9710,254.6760,97.3507,129.9230,222.4800,283.1420,348.8030,379.5460,300.3070,197.6320,96.5718,100.1890,146.1100,182.6960,236.8200,254.2430,250.5090,346.1130,247.1380,242.9320,81.3073,56.4267,127.8150,173.1070,160.9980,210.2060,138.9420,142.8220,61.5770,73.6693,91.6295,126.0140,164.7580,185.4710,163.8390,173.0700,188.8060,188.0500,189.5570,167.4660,137.8250,143.8470,191.7640,204.0060,196.3120,190.1420,191.1590,204.4700,190.6050,165.2580,153.8140,195.2430,269.4820,316.7060,326.7440,327.0770,390.4680,525.2710,698.6160,998.4060,1191.8800,1202.0400,1208.5200,1158.9700,1094.9300,767.1180,391.8710,284.0210,321.5320,330.9150,312.6970,272.4880,211.7150,144.6210,84.5764,75.5038,83.6520,90.4962,63.2736,93.8748,102.2060,98.7844,94.4383,86.5388,82.6017,90.9160,83.6946,52.7156,54.6315,57.6606,64.1821,76.0316,76.7672,62.8544,74.5963,114.5960,127.3680,110.9620,47.6014,58.5060,100.2670,127.6190,134.9860,126.8210,131.3640,140.8080,125.0410,91.7720,79.3038,137.4400,178.2810,195.3490,207.8850,238.6940,261.7590,299.2280,292.3690,208.5910,129.5560,111.2880,135.6270,125.2380,104.7440,67.2189,32.6951,65.3015,98.3403,117.0370,101.7740,79.0874,83.3620,78.2946,61.3178,61.8711,52.0057,38.2171,44.3726,54.4805,56.9083,58.1939,61.4062,51.9768,33.9540,22.0940,35.4797,65.9781,95.8553,133.5240,169.3410,159.6720,124.0420,102.1220,114.6240,130.9460,140.4540,106.2900,55.0873,36.8759,48.8678,54.0315,59.1982,71.6659,77.6313,65.1834,53.9320,52.2311,59.7277,55.1740,46.1948,51.2054,56.4224,71.8233,95.5920,122.5860,109.3510,107.0360,118.0900,110.0230,98.5762,61.9324,31.6556,35.9093,36.5747,31.3336,29.5095,26.7928,31.4870,39.8076,24.9045,20.8057,15.0263,25.2612,30.4062,42.1005,47.8946,49.4832,40.3246,33.9306,21.8790,29.2716,44.2692,40.7506,35.8774,30.8957,24.0324,15.0077,20.9161,36.7855,37.0240,37.3201,27.0944,36.5194,46.0087,43.1177,36.8036,20.5221,7.9280,11.5448,20.5599,31.9193,44.2272,68.9804,115.3970,119.4250,107.3590,77.4218,46.1686,42.3244,32.8187,35.6984,50.1865,42.9327,33.2282,7.6976,15.2716,22.7580,59.9752,58.4078,68.0788,63.5087,58.6766,43.9572,25.0092,14.5933,30.4929,36.3834,37.1252,36.5418,42.3643,46.3766,47.1019,44.3324,34.2619,25.5295,17.3216,12.9265,19.7081,29.8736,34.9969,20.2433,10.9273,11.0543
49880.7000,49709.5000,39385.1000,47044.2000,57482.6000,46887.1000,35030.5000,27352.4000,22442.1000,18711.2000,13776.9000,10555.7000,9247.2400,8991.9900,6801.6800,5524.2800,6063.5400,5173.3300,4028.6400,3874.9400,3532.8000,2810.2800,2669.5600,2340.2800,1797.1100,1669.1400,1310.6800,842.3330,771.7330,754.1800,740.1860,929.5500,1140.8100,1218.0400,1148.8200,896.7420,415.6360,252.4610,347.4210,261.4430,110.0570,106.5350,209.7050,262.8200,334.3590,362.7090,300.2060,221.0450,131.2780,104.7540,143.9230,196.4100,262.6910,286.3650,267.4730,355.6440,241.1740,243.9040,85.5906,56.2971,130.9550,190.7670,196.0520,259.2140,173.3160,164.6980,63.1958,32.5574,49.4058,98.6511,148.2850,180.5180,157.5290,164.5140,182.2390,185.4040,177.2620,152.5000,128.4250,133.3460,182.0950,199.3790,188.2010,170.3740,163.4310,192.3940,173.0790,150.4530,175.4560,221.0010,296.2290,351.1440,362.0300,356.8730,392.7810,511.8100,688.0600,977.6570,1160.7700,1185.2800,1207.9300,1175.3600,1122.0600,790.3570,411.6500,302.3440,331.8050,322.3110,298.4190,279.5030,217.1640,154.4930,86.0606,85.5209,97.5872,91.8755,77.1289,97.4855,118.8990,93.7548,83.9645,96.6893,93.0804,88.7273,72.8434,56.8444,50.9994,57.3843,56.0105,72.7222,57.0119,50.7801,80.0626,101.7800,100.8140,72.2925,46.9589,69.3329,117.1830,150.5930,144.1640,118.1150,131.1290,159.1300,143.8940,103.7470,99.3040,161.2290,197.7410,214.7480,238.6250,278.8910,302.2190,311.9930,297.8370,231.3570,155.2200,130.2470,150.2040,136.3620,120.7250,77.3618,32.1794,52.6322,89.2202,112.6080,104.9830,74.6464,62.8220,53.5176,58.0005,77.0722,60.2213,42.9620,47.8888,57.7083,67.7205,66.6003,57.4558,30.2905,25.8079,31.7477,33.0049,64.5594,106.8780,144.4020,169.7740,175.9100,139.1100,112.5190,131.6820,152.9180,160.4920,93.5729,44.7134,29.8734,25.6728,36.2484,41.7938,44.4579,46.2032,50.7460,24.0460,15.1924,38.7613,29.5542,25.9566,52.1002,66.2065,76.3340,81.7672,99.2567,110.2400,109.5170,107.8670,102.3540,97.7949,75.4580,48.4897,40.7002,33.8703,29.2019,27.3053,24.0343,30.4879,35.3702,22.3294,16.7980,6.6664,20.2454,23.2600,36.3111,33.6921,28.3026,25.0649,24.6386,15.7659,7.2913,5.1369,10.3008,13.5048,17.4457,9.0257,13.0215,14.5201,24.1555,27.4455,31.5612,21.8445,30.0716,36.6872,43.2139,35.1056,21.4123,14.9056,6.5444,8.9270,13.9190,22.0386,46.8148,92.9707,101.4480,91.5442,74.5367,48.5919,38.5922,43.3653,45.7825,38.5799,30.2908,22.8352,11.5628,18.6949,23.7840,35.7589,46.4039,56.6970,59.2790,50.1909,34.3254,16.7166,7.5346,28.0608,26.2908,26.3089,25.7758,31.6170,29.0724,28.9831,37.1859,34.0605,32.4397,13.4666,16.5157,17.1546,24.2808,30.0369,26.3992,18.7056,13.2958
49353.8000,49034.6000,38889.3000,46283.5000,56585.1000,46374.0000,34680.9000,27180.0000,22227.4000,18641.1000,13767.4000,10483.2000,9217.5300,8958.6500,6707.0000,5451.0400,5977.7700,5055.3300,3954.2300,3823.3500,3513.3900,2798.0400,2694.7100,2418.1000,1887.9600,1782.0900,1445.1100,1028.0100,1046.0800,1064.5800,1108.5600,1304.8700,1428.5600,1401.2300,1333.3100,1001.2200,524.0850,365.3260,432.1710,330.3760,149.1470,75.3672,146.9990,254.0480,372.2010,417.0790,375.9780,297.0770,202.1470,158.8900,195.3890,259.5630,358.3660,366.8180,282.4430,311.4740,175.1360,230.4410,104.4510,49.7955,156.4250,211.9140,265.4780,289.9330,194.8620,157.7190,85.2291,21.3030,40.1447,80.9358,130.0640,171.4150,167.7770,184.2040,216.6750,229.6590,216.0430,163.2550,141.6950,142.7050,186.5840,221.5700,219.4860,203.7840,172.1990,198.4990,173.7830,136.1870,162.9290,225.6560,317.6550,379.6400,386.8720,373.8980,379.9890,489.4080,664.5820,967.2010,1157.9900,1154.7000,1165.8500,1138.4600,1093.3900,763.7000,386.4840,255.5690,274.5720,278.6420,249.5760,223.4130,207.0470,158.8990,106.5310,68.1171,79.6958,103.6320,67.8194,91.6731,92.3760,92.8073,88.1877,91.6857,95.0928,104.1060,85.5113,60.4756,69.9138,71.7457,74.8671,86.8934,85.4339,76.2155,93.4019,117.9660,117.8160,89.6386,57.9081,72.3662,90.9071,101.7160,116.5450,125.5600,136.1430,150.3620,136.0330,107.9670,121.2570,168.7170,213.0850,235.1100,262.0180,274.5760,288.8820,309.3760,300.6480,222.5590,154.4190,136.5470,155.7040,146.9080,132.1610,92.5803,34.4736,35.4797,71.5261,99.7591,107.4100,84.4669,70.4515,55.6920,29.0746,39.4290,52.4817,39.2811,32.3085,29.2618,35.7651,47.7252,41.5797,35.1662,39.4416,41.4983,39.7770,67.2584,106.1840,143.6900,170.9110,163.4680,142.0830,131.9790,134.1600,143.0920,152.7950,114.3660,62.6067,46.7938,47.6015,46.0288,51.4875,65.8670,76.6984,72.3694,55.0532,49.7104,60.0255,60.3987,50.9767,52.9967,64.3211,76.4350,85.4254,109.4160,123.5160,117.5380,107.8930,92.7193,79.7330,66.3888,50.3433,30.8568,22.8157,19.8361,24.9666,27.6590,34.7601,38.8561,33.4242,24.9744,20.0397,19.0042,23.0387,20.3919,28.3645,17.7339,18.3347,18.5618,19.0638,22.2212,17.8225,20.4317,35.0279,40.7379,35.8151,25.7172,13.5021,25.5506,42.2784,54.7770,42.4322,43.1383,50.8132,43.7913,33.7674,28.7910,27.8141,15.6329,27.3019,44.1488,46.1916,65.1096,103.1900,112.7580,100.6410,77.8438,39.0546,37.4244,47.8845,40.5132,34.6947,28.2566,22.4933,16.2049,20.8559,30.5496,31.7569,39.3054,49.1132,59.2792,34.0385,14.1436,5.1648,15.9862,26.2400,27.3646,23.8566,21.9873,25.5171,32.1276,33.9579,29.6713,18.6896,8.9600,8.3333,9.0066,12.8392,22.6291,26.6605,23.6749,5.8525,11.7228
50273.4000,49603.6000,39332.3000,46970.7000,57537.0000,47332.9000,35457.3000,27775.7000,22758.3000,19172.1000,14059.2000,10699.9000,9491.8100,9125.1800,6826.1600,5590.8400,6120.0400,5215.7500,4070.1300,3990.4300,3617.5800,3029.8100,2918.1100,2642.9400,2197.0800,2095.1300,1826.2200,1555.4600,1566.8000,1639.0000,1820.6200,1922.0800,2067.5400,1937.3000,1584.8800,1172.9100,731.9510,464.3300,382.0910,430.4740,409.3910,299.3840,131.3630,148.5140,274.7310,356.4210,408.9420,392.5510,312.3700,249.9120,251.7860,292.0140,407.2520,488.2700,458.5760,404.0210,154.9070,120.1960,94.7276,96.1469,165.8730,289.8670,429.2680,452.1950,385.8640,330.4880,254.5650,152.5030,81.7544,121.2210,125.5020,172.7400,175.0840,172.6750,164.0100,153.1730,108.3530,49.0394,42.6435,79.4813,159.8270,215.3740,197.4480,180.9570,130.0180,140.1940,160.8950,173.2330,204.3180,236.8190,269.6230,306.8200,304.3550,293.6320,354.2510,515.6880,702.7220,981.4440,1163.9400,1169.1700,1147.2900,1088.7900,1001.5200,697.4840,360.3580,267.5170,303.8130,302.7420,292.7850,281.3650,248.6740,187.2940,95.8950,59.7936,76.3883,91.5763,68.0487,88.5757,112.3720,105.9660,101.7810,98.8484,105.6010,106.8830,80.7782,64.9506,54.9636,54.7768,61.6100,79.4452,77.7960,58.2631,92.3758,121.1270,107.9420,78.3217,34.7998,51.7828,85.6318,120.1030,125.4980,113.2190,125.2600,146.6500,147.7490,121.8980,117.7150,159.6650,209.5850,242.1410,259.1870,279.0010,306.0780,349.4410,345.9930,276.6090,206.7170,152.3280,126.5410,118.3250,93.9283,69.6367,39.9962,49.3232,93.2831,128.5450,114.0630,65.0853,44.9536,45.3085,41.6285,51.2967,46.2610,27.8488,29.0206,35.1426,31.3913,23.1120,15.5186,29.5796,40.6323,41.8408,21.2639,61.1583,102.0060,138.8010,159.1550,154.0580,138.6360,137.8920,142.1760,149.4390,153.6310,125.2970,85.8752,70.5126,75.6492,77.6025,83.0196,82.3088,92.6438,97.3413,82.5850,74.3780,79.6328,73.1079,63.5713,53.2707,58.9073,78.3044,102.1230,126.6020,135.5290,119.0370,110.3340,106.7560,101.2320,77.7353,55.6202,47.5319,40.7415,32.6130,33.4783,20.7604,52.4338,46.6729,38.7114,25.6149,12.4970,21.7904,42.8524,27.5293,37.0962,22.3339,34.0831,34.6216,43.7018,60.7074,53.0199,35.6545,38.4030,48.0713,57.1118,53.5058,27.5680,18.2755,16.3279,30.6324,38.7377,45.1753,39.5677,36.6121,33.2838,38.2097,28.0976,15.4078,10.3488,16.6762,27.1463,54.9544,89.3089,89.5382,86.4853,65.2753,32.4632,30.1714,28.3776,18.9961,14.2482,12.6166,10.6351,10.7365,20.8089,41.9017,44.0672,46.7811,50.5105,61.8887,56.8479,35.5045,18.5390,12.9532,12.0161,12.8674,15.8920,12.3364,6.2595,14.0962,27.9988,22.8812,32.9757,23.6243,25.8082,26.4723,33.6785,34.1164,30.9004,26.5959,17.1697,6.6870
50127.2000,49859.7000,39546.0000,47303.7000,57798.6000,47221.9000,35333.3000,27803.6000,22878.7000,19109.1000,13973.7000,10662.5000,9389.5500,9156.9000,6953.6100,5646.0000,6156.5400,5209.9800,4014.6800,3915.3800,3521.6300,2889.4900,2695.8000,2402.6600,1898.3800,1717.8300,1400.9200,1037.0400,871.5350,794.2860,618.6230,472.8640,269.6630,196.1060,350.4430,499.3500,403.7250,268.5420,240.0430,273.1350,287.1410,283.4170,240.6290,143.9230,70.8131,138.4260,223.2500,267.8060,243.5300,243.4780,265.1170,287.8700,393.3230,524.0510,618.0890,625.2950,417.5190,239.4850,209.3110,259.2990,225.9010,138.9340,114.6850,215.8490,267.6240,281.5590,236.5970,172.7510,93.5900,74.2692,175.3170,254.0260,216.3760,183.8310,184.6630,184.4170,189.8880,183.7530,176.3430,169.9810,237.9370,269.5650,271.3610,224.9500,176.0560,179.3550,147.7650,92.6154,83.5067,162.0480,248.7340,258.8340,235.7370,272.1420,353.1960,516.7440,690.5340,978.1570,1147.2600,1119.3800,1101.0200,1048.4400,972.1980,665.4680,360.2910,282.0220,286.0170,273.9480,269.1630,263.9810,217.6220,169.1810,90.5323,64.6553,91.6843,114.4170,113.9510,124.6910,138.7050,113.5930,85.8215,79.5468,70.9863,62.4585,45.3679,43.1854,48.3100,56.5763,72.5021,104.6840,102.8960,71.3909,76.7691,105.9830,107.0820,84.2144,37.8056,75.8366,128.3950,170.9970,186.3780,166.0630,166.6590,184.4280,158.7540,117.3680,95.7867,140.3780,198.9220,203.7250,226.5120,252.2160,310.4930,377.1680,369.6330,273.5420,177.8640,124.8680,134.2980,142.0710,144.0470,118.2710,64.2443,46.5928,78.6801,119.2720,126.6650,99.8145,72.8492,45.9468,36.4932,46.5755,47.1169,38.5474,25.0928,23.5370,24.0121,18.7815,12.2976,16.2719,22.3322,22.9049,14.7977,53.8787,80.2330,116.8190,134.8600,137.3240,113.1650,98.3828,112.0960,136.6300,154.4930,107.6050,63.2149,50.7325,60.8599,66.8324,71.4977,75.4817,82.7388,83.2223,62.3191,46.6307,43.3397,38.7425,30.9997,39.4882,48.7941,52.5354,71.2259,101.3930,109.1270,106.2910,111.2850,106.6400,100.7670,84.9751,65.7043,64.0139,53.7389,35.0373,16.9680,12.1375,42.6888,53.7489,47.8420,24.6466,16.7403,37.7589,34.8421,34.6809,28.5781,14.7482,7.6558,4.2161,6.4961,27.2193,31.1882,30.2984,14.1629,19.1547,38.7562,37.5544,22.2310,32.3249,35.3534,58.8221,47.1875,38.7952,46.3817,49.6046,47.7533,42.2461,30.9861,18.6565,21.7565,29.6082,41.6538,58.5725,75.0051,76.7627,57.9476,43.7001,15.8871,18.1995,17.6814,17.9000,20.7146,11.5505,17.4816,33.9166,41.1056,38.5529,45.5717,49.3334,52.3832,52.9028,36.5356,14.7706,4.9095,18.3995,13.9977,20.9050,16.3380,22.3550,19.2981,19.1687,20.0180,18.7646,16.6722,23.3765,41.5387,58.1578,47.6803,38.0943,29.2248,27.4874,6.4755,21.9354
49357.2000,49136.3000,38912.4000,46369.5000,56767.4000,46468.2000,34739.8000,27338.2000,22427.1000,18840.1000,13890.8000,10574.3000,9239.9800,8979.1200,6741.2200,5450.1400,5987.5500,5058.8200,3908.1500,3818.6500,3448.3300,2799.7600,2703.0800,2453.1600,1986.8900,1892.4700,1626.7700,1324.7700,1271.4400,1256.0200,1362.0900,1362.6100,1327.1300,1002.8000,684.5540,517.0460,354.8640,244.1910,145.8980,86.4018,66.3056,76.3951,140.0100,205.1190,233.7510,245.7380,249.5390,226.7740,196.4200,197.4140,193.4790,218.1440,310.9880,353.8580,384.9940,421.3430,302.0970,260.5490,199.1830,177.5420,256.1030,280.1040,371.7560,377.2680,343.8650,309.3240,311.2090,231.6930,113.7990,97.0231,77.6464,159.9090,182.0900,208.3070,235.6530,241.0400,243.8830,223.2230,200.4020,183.5250,234.5140,289.6960,274.7930,235.0000,218.7790,201.3080,177.4060,209.3690,276.1230,297.3890,312.5850,317.0660,336.0740,338.7830,376.5040,521.3330,721.8300,998.9780,1141.8100,1106.0600,1077.9100,1022.3200,937.4930,624.8980,314.0360,225.7440,242.6250,244.0090,249.3360,253.8300,229.7710,193.7290,113.5180,50.8190,57.8405,80.3164,91.2824,122.0230,144.6550,120.5410,99.3131,94.3423,87.1209,71.5555,57.8004,59.5101,59.7344,66.7768,86.2474,133.4600,153.4340,113.8520,93.5971,94.9587,105.8300,82.6886,30.0303,21.8848,56.9355,96.9579,121.9110,101.1230,95.1138,118.3810,106.0100,70.6609,60.8474,111.4760,145.6620,171.7770,190.2060,245.5830,290.4430,321.1010,318.5600,247.5510,162.1980,106.3580,98.5957,104.9960,91.5823,74.5062,28.4950,40.1881,52.4861,71.0475,58.0473,35.7183,25.5455,24.6534,24.0794,20.8215,12.6107,16.4192,24.9166,42.0640,68.1106,92.6241,95.5155,86.4750,72.5002,54.5859,43.8781,70.7662,117.3420,162.0520,183.9670,146.5980,106.5420,113.2590,133.6310,142.3790,138.2480,98.2832,49.0736,31.9944,39.5227,43.2061,49.0780,36.9229,22.1887,36.0548,45.4252,39.3986,25.6634,17.3642,23.3602,34.4071,38.6973,48.8903,80.1155,123.3100,125.6860,125.8390,143.9260,143.2670,130.9230,118.7390,109.5320,86.9432,77.3303,72.9425,50.5310,20.6735,28.0645,38.4276,41.0889,24.8176,21.1997,39.1533,40.3515,42.9038,47.8676,32.7927,25.1971,10.8958,8.1280,5.3795,3.0698,12.2071,26.1691,35.3105,25.9048,19.1053,24.7083,39.7779,54.4542,62.4066,58.8078,70.0079,77.3002,64.6339,39.4524,19.5990,22.8712,21.2252,35.3010,54.0053,67.2228,83.1559,125.1620,133.0110,110.1860,78.2190,59.4440,59.6131,39.6804,22.9933,20.1483,12.1143,20.0941,26.9665,16.7245,22.4191,48.5060,55.0878,59.3162,40.2247,21.8969,18.9172,12.7301,4.0853,5.5483,17.7105,16.6975,35.8597,23.1504,14.7699,16.4520,32.8243,32.0100,22.9077,9.5064,25.4297,27.8025,30.5486,31.6365,18.5634,14.3846,24.3768
49995.4000,49322.9000,39112.9000,46664.6000,57143.6000,46936.8000,35052.9000,27207.3000,22197.4000,18804.0000,13928.5000,10619.0000,9344.0900,8899.7700,6618.4500,5427.9600,5915.7200,5018.9100,3932.9200,3822.6200,3446.8900,2810.6600,2674.0300,2405.2500,1942.4800,1787.9600,1505.0000,1218.7500,1110.7400,1129.1200,1074.9800,1047.0400,884.5360,460.5380,230.5290,29.7238,47.1388,61.4393,84.5168,120.2080,165.9040,209.8970,263.1300,273.3150,260.0990,254.7290,304.8060,320.6350,265.6050,230.2950,242.1550,278.5290,375.9440,440.1640,465.5720,453.8890,256.8650,193.0890,170.5840,181.3250,216.0580,262.0760,336.9130,390.2150,390.9820,377.5240,333.0640,193.6600,131.4100,176.2870,189.7160,270.7440,249.6290,228.0870,222.3200,205.1710,180.2800,146.7960,122.3550,134.6360,236.1150,313.8790,292.5050,257.3730,216.8940,206.1840,223.5560,270.3060,301.7930,267.3140,271.6690,333.4610,384.3010,397.1980,445.4030,561.5270,708.1760,981.4210,1135.9000,1096.5000,1057.0500,986.8860,892.9600,596.7380,309.1810,234.7860,241.1930,245.9670,270.3210,264.5390,222.2070,175.6320,102.5470,56.5273,50.5355,77.5256,107.2080,163.2060,186.3090,166.2800,143.8390,123.1200,110.5020,88.6802,52.2466,25.9945,34.5005,49.5362,69.9515,119.7420,138.0080,107.1690,75.7180,39.5683,56.4384,62.5066,16.3354,49.1751,87.4624,118.6530,132.2460,83.6949,81.4228,118.2140,97.9112,50.7316,51.5837,124.0970,172.9370,209.4900,250.1490,293.1010,329.6480,358.9030,321.6860,230.7530,161.9330,109.5880,89.0593,75.4119,62.4085,54.0636,35.1490,31.9389,61.8015,90.4557,80.9363,49.3632,24.0802,32.0390,51.6300,40.1014,33.8508,18.2959,23.4957,37.1894,58.9752,68.1981,71.5666,76.6671,73.6292,52.7155,40.0269,74.8788,117.2800,147.9770,153.1920,154.8650,135.2910,130.3950,141.6530,158.6350,157.7650,109.0880,61.0332,43.1836,45.9585,34.1529,19.7651,29.5969,42.7336,56.1939,27.1815,15.7315,23.2176,16.8770,29.7822,52.6735,57.7360,61.2924,71.3380,97.3957,108.8980,112.1190,118.5020,119.8100,118.8280,103.0920,66.6586,34.3302,28.9699,33.0092,42.1672,32.5840,19.2995,17.5598,9.4733,14.9628,14.9158,31.7390,52.1820,78.1990,84.0979,59.0390,40.3492,24.8034,16.1562,9.1468,21.5338,24.8529,40.4897,55.9620,67.6457,51.9254,25.0144,28.3438,42.8343,41.3148,44.8899,63.2966,70.1880,69.3867,59.6408,56.3821,46.4400,22.7669,23.6530,28.6858,37.6206,76.5138,109.4000,107.4520,99.1518,84.0574,62.4128,56.2610,45.4781,27.7758,24.7986,26.0042,20.8744,17.1589,12.2060,26.0556,36.5768,43.9542,48.3229,49.6909,32.0109,26.8326,23.0106,19.7564,7.1738,7.5848,8.0571,7.2569,17.2689,25.7659,26.1714,28.5399,25.9922,19.7383,11.9424,10.8983,15.3044,22.6625,33.2840,21.3274,19.1341,17.9780
49985.9000,49605.7000,39294.9000,47011.5000,57489.4000,46811.5000,34812.1000,26716.7000,21849.2000,18406.4000,13615.6000,10437.1000,9122.6100,8693.8600,6515.4800,5364.6500,5878.7600,5005.4100,3892.1700,3775.4300,3366.7800,2755.2300,2580.5600,2313.5100,1839.6600,1670.9800,1384.6900,1039.3100,883.9600,883.0460,823.0380,741.3400,553.2770,309.6000,291.2880,162.4110,137.4190,72.6123,95.8467,162.8020,200.7420,209.3190,224.7740,205.8240,188.0250,199.3830,236.4390,228.4810,194.7050,191.6770,190.4690,218.7540,320.3180,399.4240,449.3990,482.4400,280.1300,203.0960,128.9700,173.8060,185.8110,211.9840,265.8630,329.2710,343.1570,368.5190,318.1870,193.3490,188.8670,230.3710,243.2220,296.4380,234.4130,224.9570,220.5240,198.6840,145.5360,99.6324,90.3935,128.2950,243.5620,315.4430,294.4980,265.7180,267.6910,284.9190,283.9450,292.7190,292.1440,239.6430,259.4070,352.9870,410.3640,400.5640,412.1570,509.5910,679.6200,967.8480,1142.7000,1116.0500,1081.7800,1012.2300,916.5630,602.7340,312.6830,245.2790,251.9930,252.2120,252.2780,230.1790,183.8080,142.2120,88.0300,42.2093,37.8321,56.6173,99.3205,145.7980,173.0080,179.2000,161.6330,132.5700,123.3540,110.0240,81.2189,61.4262,65.7540,61.3191,69.9819,107.6670,133.5950,101.4130,78.2272,50.3503,60.5950,63.5652,26.6403,46.1985,82.5267,120.0430,146.6220,116.4270,83.9338,101.3910,103.9320,68.8556,78.1972,133.4540,175.7310,227.6510,259.7520,306.0840,321.6390,331.2840,322.5630,248.3320,166.8760,109.6560,104.5510,102.3390,101.2140,79.6162,50.8684,42.1625,62.4703,84.0094,78.5113,37.8270,24.4185,46.8864,50.5256,29.8628,13.8673,14.4426,18.9898,29.9646,67.1484,88.9739,89.5357,81.6592,67.2384,46.0019,51.1723,77.8028,102.0430,137.1570,156.2240,163.9690,154.3400,148.7670,143.6360,149.5500,141.1900,102.9460,71.4343,40.7150,27.6481,37.3002,54.9631,71.0456,72.8671,63.4654,35.9660,46.7079,51.3984,33.3660,39.1538,63.2241,68.0247,55.5928,50.2086,88.9600,118.3350,115.9370,124.6330,124.1550,116.7500,75.3604,54.8503,52.8574,44.5920,38.6440,27.7178,12.8876,20.4741,25.8640,32.3830,21.5657,19.9483,27.9851,38.1629,53.0283,65.0846,52.0793,39.8834,27.6221,21.4805,24.5118,37.1633,30.2359,29.3727,41.9630,61.3591,52.2873,19.2420,12.7015,30.3573,45.5708,38.4505,38.5403,57.2297,62.1572,54.8241,41.8968,52.2156,45.8740,29.4119,44.9622,43.6524,45.7239,93.5067,103.4060,100.6040,72.3101,50.5140,38.7336,26.9082,35.0109,46.7143,45.2619,33.8949,22.9916,10.4218,37.7622,47.7582,51.3762,53.5819,58.8259,52.8661,29.3000,15.8067,9.9828,7.5922,13.7030,18.0588,18.4417,16.1709,26.4659,31.6946,14.0482,14.2954,14.5928,12.7801,22.3483,37.0758,34.8934,29.2825,16.7238,17.3692,26.9284
48996.3000,48864.6000,38649.1000,46065.5000,56340.4000,45768.4000,33927.0000,25966.4000,21149.6000,17854.0000,13345.3000,10235.2000,8841.2000,8430.1300,6279.0700,5155.8500,5698.3600,4789.9600,3714.2900,3576.1500,3220.3100,2570.1000,2457.2900,2220.8100,1771.1700,1613.5600,1316.6400,1029.3000,928.3050,889.2000,785.2880,680.8660,496.4550,237.1590,280.2410,241.7050,206.6440,144.2730,164.7790,206.7550,246.8190,264.4280,251.6750,244.8090,226.9520,227.0210,265.2450,264.2440,224.8850,208.6740,224.0500,258.0430,354.6390,434.5850,482.0250,500.0340,298.7410,157.4000,93.9831,145.4610,152.4870,178.6230,257.7170,318.9130,319.3020,351.9870,305.0820,190.2820,200.7960,219.9440,223.7070,279.5150,240.2450,218.3460,218.1810,208.2370,179.0390,110.4100,73.9463,106.4790,226.3960,330.6990,314.8640,286.3010,257.3370,287.2090,305.8960,306.9760,302.6300,254.5680,286.4910,374.5310,414.7630,416.7160,446.2740,537.9900,704.1160,1007.2000,1189.5500,1161.3600,1123.4400,1061.4500,954.1320,637.0260,341.0230,270.5500,272.2980,255.9980,264.3720,254.6230,208.5350,148.0220,65.5291,20.2822,15.1360,32.4425,72.0596,123.4120,139.3420,131.5520,129.9490,118.2600,107.6330,84.7258,47.2401,47.3238,67.1606,64.7125,76.5610,120.8420,134.4400,101.4940,65.7683,46.0335,63.4398,53.4773,12.5441,39.7773,84.8066,122.5720,135.9330,104.3350,103.7180,112.1400,95.7786,81.1994,91.2085,130.6190,167.0630,204.9150,230.7900,289.1190,323.5140,329.0690,302.2410,222.6860,150.2580,103.2540,97.3879,94.1392,94.4332,83.0211,47.4196,32.2502,56.1570,64.5302,60.4135,50.0698,39.0868,38.5853,41.5687,35.0811,21.1086,20.5400,34.0914,46.8884,61.5687,70.8546,69.5699,65.7812,58.7960,43.9385,46.4731,79.5674,111.6590,147.2990,176.3430,176.5060,155.9530,154.3960,153.0240,168.2280,167.1030,107.6630,49.6689,33.0799,30.4402,23.6775,38.1046,59.6696,72.7289,75.2713,42.0184,27.3712,20.0028,20.5759,42.2766,56.1296,66.7568,68.4469,79.0017,95.4442,99.4840,101.9780,122.1250,127.8230,125.9700,102.1500,87.9219,73.3848,62.0050,60.0578,56.7874,50.0010,16.6143,14.9240,10.3171,16.1063,24.5741,36.0068,46.2155,57.4960,56.4048,40.3269,24.5393,11.3654,9.0334,32.4431,49.4069,57.6218,61.0621,59.0333,59.0938,56.3471,31.5836,25.3078,63.7970,80.4792,60.9673,61.7143,73.4558,77.8342,67.5584,54.6544,62.4517,60.8904,34.6831,27.5841,35.3298,46.0118,85.6616,99.6865,110.0990,82.8794,36.9659,20.1079,26.9948,29.9259,25.9618,26.9048,21.3012,12.0681,7.6214,19.6741,39.3787,54.1802,68.9386,70.1433,50.2674,37.8884,33.2552,20.7473,8.9264,9.8759,14.5213,26.5626,23.2685,23.5220,21.1829,10.1445,12.7743,12.5812,24.1587,37.5509,37.7109,36.7877,21.9585,13.7610,15.3005,14.1114
49576.4000,48959.5000,38748.1000,46222.1000,56600.9000,46266.3000,34327.2000,26277.6000,21304.3000,18173.5000,13627.0000,10403.9000,9035.7000,8523.5100,6346.5600,5240.1200,5699.1000,4855.6000,3841.8800,3667.2200,3256.3600,2609.7100,2508.0800,2247.7900,1807.3700,1670.6200,1390.2100,1095.7200,973.5460,979.4960,920.7710,871.2340,655.0090,294.6780,207.3180,92.5498,101.7940,95.7517,144.1450,188.4430,190.0790,197.8260,221.7490,238.2570,246.0970,246.7080,277.8680,273.7470,236.6670,225.0750,229.4250,251.3230,362.8170,459.2320,517.0840,536.1440,327.1840,167.2630,92.0521,81.5426,105.5550,175.7670,279.5880,340.8890,340.6380,352.9000,313.0390,202.5470,199.9800,250.5950,240.0960,291.9820,245.4430,196.8540,181.4380,160.3240,131.2550,61.5962,47.1909,103.2750,208.9420,316.6310,305.5350,287.0520,254.5120,250.3530,267.3530,288.4920,314.3200,281.8940,281.8900,355.8570,401.2760,405.3230,461.3390,548.9560,688.3350,982.6550,1183.5200,1150.4500,1105.4500,1044.2300,939.0310,649.0200,361.9150,271.3180,275.5980,275.3250,275.6940,262.3990,211.3970,147.8020,69.3529,25.9058,9.2972,15.8499,40.9684,84.8055,107.1020,106.8790,114.7160,111.6910,101.8150,61.4743,41.6870,65.8662,78.8993,70.5400,70.3116,92.3510,99.3401,67.3955,44.3401,36.0814,50.1765,45.6770,10.0969,47.9449,90.2383,127.7930,154.4490,136.7650,117.9850,105.7280,85.1044,61.7784,66.1683,138.2000,203.5620,227.6940,247.6590,289.4320,316.8700,343.1830,332.4930,244.4560,156.9430,128.4360,131.2050,109.1750,84.6961,67.4088,47.2150,28.3488,70.1564,87.2399,69.4752,46.4600,64.1261,62.7667,57.8306,58.3951,33.4319,18.5848,43.1702,50.6820,44.4040,43.1499,56.4050,67.7568,76.5604,64.9447,23.5034,43.4186,81.9604,108.7790,142.4690,154.6410,125.2710,140.7260,175.2180,185.0970,170.8370,124.7940,90.1059,55.0716,54.8516,72.5158,67.1946,68.1133,74.6750,88.1394,59.0022,43.2570,42.4541,36.4017,35.8043,40.1610,54.5153,65.7254,74.5686,85.0437,119.3350,122.9470,123.0830,127.8040,135.9520,110.1560,75.5287,79.7476,77.0491,65.3767,55.7265,42.3733,20.2020,17.7441,33.5152,36.7225,26.7452,26.5998,42.2322,64.6627,80.9598,46.6820,25.6574,12.0235,9.9792,23.8322,51.2864,62.3127,41.8836,22.9577,47.1008,64.2120,56.9212,24.8692,48.8440,89.0667,68.2975,50.6604,45.7474,55.8711,61.5806,61.4301,26.8374,28.7673,37.8302,49.9876,35.7042,55.7597,93.8633,104.4500,100.8140,94.0368,53.7230,17.0456,17.6442,23.6904,19.0732,20.4558,13.2035,9.2154,22.1749,25.6580,29.0377,49.6816,60.2509,67.5719,57.9672,18.5701,8.3312,24.2747,11.5398,9.8165,27.4754,25.9403,21.9081,13.8505,20.3478,41.3608,27.9867,35.1235,27.7574,66.9002,59.3972,54.2907,30.0956,8.4407,15.6562,21.6602
49928.4000,49522.8000,39230.8000,46988.5000,57485.5000,46814.6000,34777.4000,26602.0000,21709.6000,18300.8000,13534.8000,10374.0000,9080.6600,8599.1700,6386.1700,5267.5600,5802.9900,4933.6600,3830.9000,3738.0000,3294.7800,2709.8700,2538.5100,2337.8100,1896.3700,1721.9100,1443.2500,1104.6800,995.9620,1057.6200,1046.7700,1039.9600,923.8210,568.0330,346.9340,161.6550,86.6644,70.4721,84.8888,119.9280,155.9360,150.6660,182.8260,232.2950,243.9670,251.1920,265.6730,251.8440,207.5380,188.5440,187.4040,222.8900,337.1730,402.4630,442.9310,464.5870,317.2670,219.6960,164.2480,121.3380,159.6830,225.1960,318.3540,341.2840,330.5500,328.3440,323.5040,240.5700,188.5790,217.5790,177.0720,212.8840,194.4660,186.0780,194.3960,189.6440,158.8950,95.8251,79.6602,132.0920,263.2220,384.4490,349.4830,296.5040,274.5890,300.0880,322.5520,343.8740,374.0390,368.5230,376.3290,412.3030,427.4360,406.7610,469.5630,589.8180,734.4510,1011.3900,1208.0500,1190.2500,1152.4400,1092.8000,990.3920,663.1700,361.1380,286.4980,275.5670,253.8200,266.2040,270.0870,232.5120,190.9380,106.6710,48.2011,50.6528,71.4876,101.2620,145.9040,168.0950,149.3460,126.7620,107.9680,100.1070,95.8827,86.0045,84.3482,85.2988,89.4124,93.7558,125.1670,142.8740,96.6946,69.3269,78.4716,97.6762,98.2465,63.3528,15.3382,50.5500,93.8646,114.6460,87.8330,87.2441,93.4595,74.5632,51.2368,61.8126,123.8690,161.7180,191.4720,215.0430,266.3200,303.3510,316.0390,282.2170,204.8470,134.8190,79.8988,84.2875,94.4213,86.6320,62.3736,39.2932,39.6805,61.9077,73.3266,67.9724,53.3022,43.6229,41.8737,46.8192,37.5738,17.5904,22.5767,51.2255,62.1526,65.0004,86.0289,104.1140,103.9950,90.5813,75.4366,47.1191,47.7483,86.7308,127.6950,150.1620,153.9200,133.7930,142.9800,154.7990,166.3680,155.2880,104.9770,55.5139,41.9323,57.8491,46.4792,32.8650,36.8155,54.1151,68.2048,43.0226,35.4084,49.7231,49.5680,50.9710,53.9712,59.9752,63.6806,86.1980,123.1450,123.0340,101.4530,107.6490,115.7390,126.6080,108.6530,70.9508,71.7888,73.5215,56.3726,41.6702,32.9280,19.6282,39.0105,25.5275,34.2058,16.7449,35.7673,46.0156,66.2054,54.8475,30.0056,19.3043,9.4688,14.3472,21.8071,31.3739,28.5589,25.4364,32.2948,36.6890,30.7303,11.9600,28.6501,50.5963,57.6058,47.6625,42.9027,43.1121,45.0628,41.0589,30.7409,20.6321,9.9282,23.3053,40.5645,44.3496,71.3911,114.9520,113.1190,102.9260,81.7472,56.8448,47.3857,46.4181,38.9932,28.8060,18.4513,10.9170,13.2533,18.5364,31.4019,56.3161,63.0854,64.0338,55.6448,54.2364,32.7959,13.4256,15.1764,17.4669,11.8543,9.7905,13.7134,20.4668,27.1042,30.3279,16.0633,9.1890,3.8003,10.1204,21.6431,30.5389,27.2249,26.1049,24.5993,6.0447,25.5850
49105.0000,49132.6000,38879.6000,46380.1000,56727.2000,46079.6000,34200.7000,26332.1000,21488.8000,18046.2000,13429.4000,10317.0000,8948.5300,8567.8600,6391.2600,5231.4400,5788.0700,4889.6600,3791.8500,3680.5300,3298.7100,2676.3300,2547.0300,2310.5100,1870.0700,1759.2200,1487.9600,1178.0600,1093.8100,1136.0500,1085.9400,1064.8300,995.7280,667.4720,381.3960,181.7590,81.9179,17.3128,38.9602,76.6047,131.7810,153.6330,189.3470,244.5130,283.5090,287.8540,305.4460,304.0440,239.1800,207.0230,239.6540,264.0510,350.1900,426.6530,468.6920,473.9380,303.3450,176.3170,117.5530,104.1760,173.1030,256.4540,350.2800,353.9950,343.6970,341.5370,336.6280,250.4430,172.3550,198.5060,153.7270,206.7870,205.5300,191.9240,200.5900,199.9770,181.2680,140.6330,120.2850,141.3200,251.1900,375.8100,367.4520,331.1480,316.9980,326.7050,337.5750,335.2860,348.9720,357.5400,377.5020,406.0370,412.4090,398.3510,456.0120,554.4040,695.0190,946.0750,1119.3400,1109.1700,1086.5000,1047.8100,962.3590,649.8190,345.2740,259.3740,265.2420,256.6080,268.5940,285.6000,262.6610,228.4560,133.7840,78.8531,85.7159,92.1682,107.8370,135.6940,153.6640,119.9020,95.3755,92.5936,86.5340,68.1355,43.0311,40.1282,38.3584,47.7968,59.4279,93.4230,119.1250,80.0979,50.8314,42.6878,68.5685,81.2169,40.7769,37.7382,64.4885,96.6738,112.5670,82.8959,72.6893,90.3414,79.2596,45.7434,57.5694,127.0830,178.0080,206.9170,218.7820,260.3910,294.6840,327.1890,287.6940,191.8550,120.7530,81.6673,81.5347,95.5330,87.5906,71.7316,39.2357,78.3436,108.0050,117.3890,78.2394,42.6644,27.0056,18.1561,21.3956,31.0111,22.8166,16.6002,40.3374,59.3661,65.1841,83.8755,98.0012,95.6284,90.3905,64.7913,48.5312,64.1827,92.8371,126.3610,162.6510,164.0670,133.1390,145.8540,176.7260,185.2550,171.4330,117.0900,78.3397,57.5229,49.7399,39.3927,29.6575,29.2739,40.7908,45.2798,36.7077,52.1045,70.0479,64.9359,55.4797,53.8549,61.4512,67.1831,79.3705,94.6341,107.1870,115.1670,122.6550,118.2700,109.0400,82.3359,56.8418,51.8337,43.9973,26.8339,15.7884,8.6088,25.0684,19.4622,9.5759,10.7405,13.3823,25.0788,25.4304,46.1837,50.7376,43.4500,39.9904,39.1524,34.5557,13.7438,18.1377,19.5162,46.0884,41.6156,42.6522,29.8492,12.9972,19.4772,43.7554,60.5073,51.5539,47.8474,57.3833,66.2122,65.0968,43.6097,27.5858,17.6076,18.0239,22.7995,35.6023,75.6744,120.3980,113.5350,111.6100,71.3603,40.1036,36.8848,22.3467,22.5522,36.0731,20.9785,12.6630,24.7932,18.6749,15.1426,29.1361,35.5827,37.2016,30.0903,25.8725,23.6901,17.1467,11.2517,3.1086,5.4353,9.6654,6.6884,6.1366,2.0394,4.7147,16.3461,20.8685,26.3933,25.9976,33.5481,37.5879,31.2578,24.0297,23.8623,27.5415,15.0059
49465.9000,49063.1000,38833.1000,46221.6000,56637.1000,46349.5000,34425.6000,26530.7000,21521.3000,18306.6000,13718.6000,10480.0000,9146.3800,8688.4300,6441.0100,5303.6500,5803.0300,4902.7300,3858.8200,3721.8800,3326.8200,2662.3700,2541.0800,2290.7600,1839.8500,1712.4600,1448.6700,1177.6100,1092.8800,1102.3300,1054.7500,1077.8400,1017.3600,683.9850,402.4620,208.7890,100.5160,40.4865,53.9758,102.0180,142.1960,155.2130,202.3710,255.7070,279.0740,296.7650,309.2610,285.0430,238.7540,211.3260,203.5130,238.0050,340.0880,397.2970,432.6980,460.0960,316.2740,228.4510,167.7520,137.5950,189.9130,246.1450,334.2020,346.3400,332.0190,334.2060,337.3550,262.0260,182.6290,207.1230,152.6520,205.3520,199.3430,187.5770,201.5860,205.1310,188.4930,149.3900,113.0670,123.4300,247.5820,368.0160,352.1960,331.9470,310.0700,312.4720,312.0090,342.9770,373.3900,363.3500,353.6540,364.8740,377.3950,371.5420,428.2570,546.4220,695.6930,938.6970,1098.6700,1104.6500,1084.0200,1044.5800,947.1850,626.5220,323.2600,247.8150,255.6150,243.1180,269.4160,282.1990,256.8090,232.3520,177.7920,94.3428,61.1339,79.9743,108.9060,142.9250,141.7640,121.0770,104.9300,99.1925,96.5521,82.7324,47.4777,32.8079,27.3883,33.6067,54.3272,92.9968,135.2550,96.4085,70.3624,45.2286,72.3117,83.8705,39.3743,24.7570,41.7321,71.1303,89.5358,91.0448,88.7419,89.1176,80.6956,58.8576,66.9631,118.6030,150.6050,176.4950,195.1890,244.7960,287.3810,316.2430,283.2330,197.5270,121.2370,79.3963,75.2209,65.6122,57.8184,48.9502,37.9784,43.5841,66.8127,80.1525,59.6902,27.8005,17.1915,27.1142,36.1344,28.7713,14.9953,13.6800,24.2982,41.9332,59.2123,63.5216,65.4467,78.0909,72.2742,61.9426,59.4459,91.6200,122.4430,157.0430,178.5150,175.8920,156.6800,156.9330,155.9600,170.0200,162.3880,114.2960,71.5865,55.7981,65.6254,64.5618,48.0464,34.0535,45.6810,59.1625,46.6605,43.9379,50.7775,39.4775,26.4385,27.6222,41.2203,57.3251,71.4041,98.9122,108.0230,87.4738,89.9936,93.6654,98.8845,88.7373,65.7817,59.7619,65.3955,64.4901,52.2178,35.3835,11.9909,10.7400,16.0594,25.0113,39.3193,45.3466,48.5824,53.5084,49.9646,36.2568,25.4437,18.8625,9.3995,17.7077,12.6534,9.4571,25.1735,40.4965,41.0465,33.9921,23.5755,43.1130,70.8961,84.8927,71.3829,71.6391,68.7219,62.5979,35.4365,25.0447,36.5471,22.8394,18.9995,41.4907,59.2728,74.6206,118.1440,127.8980,111.4210,83.2545,45.7215,29.9777,28.7754,37.0214,31.5090,29.7012,47.0620,33.6049,22.3153,30.0037,44.5906,49.3008,52.7544,64.1924,53.9101,37.2930,24.9543,22.3769,20.5172,18.3762,17.2850,18.2452,16.0513,25.7033,31.6315,17.4334,10.8329,11.0818,10.5990,20.8571,25.4674,25.6997,23.0538,19.6146,5.0554,20.4655
50057.3000,49515.2000,39211.0000,46860.1000,57393.1000,46875.7000,34816.3000,26513.7000,21586.5000,18324.9000,13618.6000,10439.2000,9126.6500,8582.1400,6393.8000,5288.8600,5751.5000,4891.9600,3830.5400,3724.6400,3275.9200,2698.3500,2533.8700,2304.0600,1881.7500,1731.9000,1460.5500,1147.4100,1033.6300,1099.0500,1077.8200,1107.3700,1055.7200,764.7460,512.9980,340.2090,227.2270,141.3490,107.1900,97.3351,116.2210,119.7820,161.4750,201.0680,199.9200,204.1440,206.5050,201.9930,168.4530,141.5960,154.3410,191.7260,274.8530,343.5350,397.6960,458.2730,319.2980,240.0070,174.1250,156.9930,194.4270,251.0090,320.4680,328.8720,318.1800,317.2970,317.0050,254.6790,205.5990,258.2910,207.0980,243.3030,233.7580,218.7090,217.2590,210.5760,182.1070,147.4550,113.4630,96.3534,203.5350,336.6970,328.3730,308.7490,295.7680,291.0100,287.3870,322.8440,372.9910,361.7880,348.9210,376.5820,371.2960,357.3590,409.6810,532.6820,685.7330,917.4360,1081.5600,1090.7600,1069.5300,1028.7800,925.7330,607.9680,320.5320,251.3570,260.5270,254.4620,271.4090,274.7380,242.6280,201.7270,133.4460,71.7128,49.8847,64.7135,90.0423,130.6990,153.3910,138.7530,120.4430,101.3180,96.3343,78.3772,41.8361,33.4693,51.2979,69.4768,73.2829,116.6420,132.1710,97.5965,71.0892,65.5357,86.0679,79.6362,42.7980,22.5594,32.8699,78.5405,128.5900,111.0300,82.5680,89.2008,75.9873,41.6828,51.2572,108.9240,126.6990,157.9870,200.2390,246.8790,276.6870,281.8370,270.7850,199.3580,119.3140,71.2319,83.5630,91.3843,85.6201,63.9742,31.3841,41.2102,67.1609,80.8982,60.7861,26.7177,19.7332,32.0994,50.8326,53.1955,25.3466,10.3475,37.0390,28.8166,44.8389,74.0302,77.3582,77.9292,75.9605,66.5906,62.6391,96.8941,132.4220,165.5600,184.6150,180.6680,158.3080,169.6740,181.8840,198.8070,189.0580,135.4130,83.9508,58.2534,60.4568,48.9647,35.0872,20.3115,37.1224,54.6124,36.4667,24.7213,33.8890,28.0642,17.4650,20.8809,31.7952,46.4097,61.7307,89.6231,89.5337,85.6032,104.5670,108.4840,107.0310,92.2641,79.4964,68.1729,68.5560,69.1589,56.8169,38.1904,10.2519,13.5835,26.7978,21.8204,10.1511,18.9204,45.4575,56.1454,69.7044,52.3228,33.6957,21.0924,11.0094,7.4986,36.3486,42.8337,39.3392,42.9441,55.8051,62.1388,25.3782,23.2730,53.8404,67.2779,66.5728,63.8829,66.2790,67.0200,67.4174,50.7219,40.3783,29.3837,14.4495,31.7275,56.1850,70.2303,95.8917,103.4270,97.4936,80.6178,52.6944,37.4355,37.1155,41.3610,41.7391,36.8102,27.8126,23.3866,16.3891,8.3774,20.6656,34.7885,46.6175,48.4721,35.0348,21.8191,13.7978,6.7052,15.6600,22.0869,22.6946,21.5474,19.3615,22.7626,26.1820,19.8070,9.5152,8.0664,14.3941,24.4949,24.4070,22.0861,17.7952,11.3708,7.4836,20.2536
49275.5000,49087.0000,38728.3000,46219.2000,56580.1000,45821.1000,33858.5000,25620.6000,20855.9000,17671.4000,13270.8000,10232.8000,8807.8600,8335.2800,6244.8200,5164.5500,5699.6600,4841.9800,3781.0900,3660.5400,3256.7100,2656.2400,2521.8400,2307.1800,1888.8500,1742.6900,1471.8800,1181.9400,1079.2700,1131.6200,1092.2400,1152.7100,1117.7700,818.9530,551.2640,413.0590,307.2900,203.2540,92.4692,35.6785,31.1374,47.5525,107.6350,161.9290,176.1950,182.1880,197.2260,194.2140,154.4320,132.4550,141.7420,182.3010,288.5630,370.3070,435.6080,493.0550,347.4780,240.8360,160.3660,141.6890,185.0880,234.0410,314.9060,335.3730,328.2260,329.8830,332.0410,266.5940,221.2380,264.9560,209.7420,240.4220,234.1980,212.5000,210.9340,205.9550,180.2400,128.1200,95.8087,103.4390,212.9140,335.0790,320.6730,298.3560,282.1680,301.1740,305.2460,338.9760,393.5200,395.2890,370.9660,376.4980,378.0200,368.9760,429.0550,553.4160,705.7040,953.4330,1110.8100,1092.6900,1060.7400,1011.3500,914.5580,601.1810,310.7640,239.6630,241.8190,223.5920,236.0610,241.2960,208.5610,171.5330,100.3480,51.3671,55.8932,70.1180,91.2462,113.9020,130.3430,134.1540,119.8060,100.5880,97.7618,88.5877,63.2303,55.2428,68.0086,74.5826,93.1332,133.2350,155.6760,122.0040,91.7023,78.5624,92.8797,95.4524,76.0398,29.7105,58.1433,78.3141,106.6030,82.5407,87.5747,95.2059,65.0884,43.2826,68.5597,122.3820,146.5800,162.4820,193.1240,251.8890,305.0240,306.6400,271.9630,203.5230,136.7900,98.4631,97.6077,94.2077,75.2541,58.8892,34.3158,26.3965,51.9934,69.8018,45.8657,28.3853,30.8289,31.6758,28.3924,19.2514,12.0018,15.2183,35.3534,43.2469,48.4367,67.1604,84.0515,95.2414,91.0058,73.5502,60.7091,87.1621,115.8240,143.8280,171.6030,168.3970,139.4230,141.5620,150.5010,161.9480,151.9840,103.6180,50.8069,38.0007,51.4677,34.1398,19.0441,24.9818,29.4434,37.8670,13.3174,16.9897,34.1785,24.2841,18.5685,23.7475,32.8816,48.3213,72.0452,104.3820,105.2360,98.1424,114.3320,119.6510,123.7120,107.0290,75.5046,62.3282,67.1795,55.4876,45.5300,15.0730,37.7348,24.7950,26.4729,11.0988,6.4646,5.1940,20.7991,35.7517,51.2220,33.0223,18.7855,9.0435,6.8076,4.9569,27.0476,28.2907,27.4323,33.5215,45.6140,41.2613,12.7559,15.4018,37.2423,49.1782,46.7683,39.2693,34.6950,34.2878,33.3137,26.3610,20.8088,8.4321,22.6572,42.0950,52.0115,78.7116,124.5950,129.9890,114.1710,86.7883,52.3460,40.5115,32.8058,35.2163,45.6355,44.5799,38.0433,25.4997,12.6506,18.1533,22.5758,28.1627,36.0747,50.7071,35.9784,23.0483,16.0376,19.6909,23.5100,30.3689,26.9202,27.1489,24.0078,20.7556,18.7326,21.9548,19.1253,7.7316,17.9659,48.8949,60.7404,51.7593,40.5197,26.6520,24.2904,24.1071
49000.5000,48464.0000,38211.9000,45392.9000,55613.0000,45156.7000,33186.8000,24955.2000,20163.7000,17518.3000,13321.0000,10177.6000,8726.6900,8120.4800,6021.4600,5023.4800,5502.0000,4678.6300,3706.2800,3518.1200,3128.2100,2510.6200,2453.6500,2240.5500,1850.6800,1705.8400,1419.3400,1179.3000,1096.3100,1115.4100,1093.1200,1149.2900,1122.5500,864.8190,621.0040,454.3720,318.1600,189.6560,104.0400,32.7114,41.2656,26.1269,81.3342,166.6730,192.1230,218.7210,230.1570,224.8050,187.7460,175.9100,192.0550,219.3540,317.2130,392.7630,448.6410,488.5740,334.2840,227.2160,160.9480,171.0840,238.3110,247.0220,344.1230,349.6260,319.7280,316.2250,309.3160,248.6640,162.0760,202.2270,158.6290,223.2200,225.6710,234.1670,253.8990,256.2170,226.2490,176.5180,156.5130,162.9020,240.1790,325.6180,313.3100,284.5280,258.2050,282.1710,287.3430,315.4390,369.8020,384.2520,376.9580,374.7190,399.5810,401.1330,456.9350,597.3020,750.7040,970.9810,1116.5900,1119.6100,1103.6900,1064.5100,949.5310,617.3950,340.7860,260.8400,250.5100,249.8040,268.4370,267.3810,219.5850,173.7290,98.1001,61.9861,53.0618,49.2058,53.4951,92.4373,113.3790,101.7510,84.9723,84.0913,89.7570,85.7230,44.2630,39.1453,75.3835,88.7215,113.2350,161.0230,196.7080,151.5990,115.9720,97.6639,124.8150,119.7200,79.6277,51.6179,43.3359,50.9657,102.6110,101.0760,90.9045,88.1591,63.1272,31.5563,49.6599,101.4590,129.6100,157.4350,195.7550,244.5330,288.7090,297.4140,263.1870,188.4790,110.5820,70.4479,79.0129,82.6428,77.8133,64.5684,28.1241,46.1839,58.8179,75.8657,55.4707,15.8506,26.8850,36.6320,16.2001,6.5356,11.9351,24.9814,32.5958,35.7652,51.5005,56.2673,67.2523,83.8119,79.6665,52.7840,32.6660,61.4355,96.2906,125.3140,135.4390,119.2190,99.3240,106.6920,120.8710,124.2150,113.3270,58.9193,28.8289,30.5217,19.1937,19.6183,6.5201,9.0939,13.8141,29.1502,41.1423,49.7274,58.7294,50.2354,26.8968,20.0598,10.1222,16.5232,40.1781,70.3663,85.1711,100.9380,121.2430,124.9140,120.6320,108.6150,95.4938,63.9575,62.7838,71.4074,60.5397,41.8886,10.3234,21.1801,21.5229,31.9049,10.9321,14.9623,30.8276,43.0393,38.4418,28.5237,21.1332,14.8298,5.5732,7.7763,4.7787,8.7408,5.1859,12.6833,8.5031,5.8103,34.9033,45.9725,63.4847,61.5008,51.6174,49.0608,55.6583,61.8627,63.8400,35.4734,12.7382,21.2774,25.7101,24.5731,47.7157,97.5245,126.8440,112.0460,105.0550,92.0780,74.2961,54.6856,56.9781,42.7894,19.5824,27.7157,36.5785,21.4479,10.3556,39.7604,43.5912,41.3340,34.3619,37.5245,44.6506,32.3111,20.1682,12.9884,8.4102,7.4235,17.7003,31.5410,34.0016,25.0793,17.7396,31.7419,21.5204,9.9617,21.4260,43.1487,59.1590,60.2494,55.8500,42.3861,35.6867,16.7745
49827.2000,49067.6000,38738.7000,46205.5000,56576.4000,46008.4000,33965.7000,25584.7000,20800.9000,17875.1000,13349.4000,10170.6000,8815.3400,8260.6400,6129.9000,5064.2000,5541.7000,4741.3400,3749.0500,3614.7800,3244.8400,2662.8700,2569.9600,2351.9800,1957.0600,1805.8900,1497.5500,1203.6600,1120.2400,1118.8400,1166.8200,1169.1200,1165.8700,1036.2800,859.9050,685.7510,488.4880,324.8730,219.6560,170.8430,122.8580,96.5000,63.4111,96.6781,154.3570,189.9700,210.8000,210.8270,164.3390,133.2870,144.6570,189.8030,314.9160,412.1850,500.7880,565.1840,427.6020,295.0080,210.7360,221.1500,308.5590,263.6710,281.4460,307.5970,267.1630,266.1690,264.3010,216.1010,125.6740,51.5344,58.4876,146.6320,177.4910,194.8860,217.6990,217.7730,224.8620,200.6650,173.6320,175.5920,242.3120,287.8740,256.4900,205.5280,186.7180,174.5670,155.3730,179.5320,263.4100,326.9790,345.1960,345.0620,346.5290,342.5440,388.7040,503.5090,699.9750,980.5060,1121.8700,1098.1100,1111.7900,1103.3600,1027.7200,699.9040,407.3190,337.2360,297.5380,252.0740,269.6060,276.0750,242.0430,198.0140,121.3970,66.4301,66.8105,79.3203,52.4403,76.2575,96.7147,101.2200,101.4630,91.9500,70.3151,60.2913,45.4125,22.3427,34.3707,91.5543,124.0520,172.7970,176.2080,138.8970,124.0920,120.0340,132.9340,117.4810,65.7981,29.3292,34.0705,70.0098,91.0500,70.0261,67.3382,85.0882,68.3577,35.3184,41.2633,92.1268,121.7870,140.4980,157.1910,203.6200,254.8680,300.0020,279.4580,205.5130,139.3510,100.4950,105.4920,114.0930,109.4350,95.4871,48.8031,51.4192,60.6371,95.8761,78.4114,52.0375,41.3172,40.8067,36.6197,31.1296,19.3791,7.4346,12.5104,17.4723,28.4380,38.8838,50.0617,62.1080,60.2899,52.3738,23.4984,38.7606,67.3464,86.7535,90.4408,75.6364,60.8908,78.7228,99.6650,100.8360,93.8116,60.1365,20.4787,16.8698,26.9769,17.6745,11.5357,19.4538,45.5318,43.1196,37.2585,39.0118,43.7584,50.2753,42.1411,24.8157,29.5964,35.0143,53.8156,80.1907,97.1934,94.9908,102.7750,105.5050,110.9800,106.1270,88.1926,76.9291,74.7492,70.4657,58.2001,42.9293,23.8198,21.2976,33.9258,36.3042,14.6434,32.9525,66.9966,64.9688,71.3478,35.3942,21.9499,15.2813,16.0176,14.5069,9.6563,13.6395,16.6555,22.3961,13.1043,22.6971,42.0800,52.9901,58.9920,61.5454,52.8622,60.7839,71.8169,65.3201,55.9459,34.7446,20.7957,6.5449,14.5321,24.8117,37.9827,63.8612,106.3960,105.4040,90.4493,54.3240,18.1035,26.7657,35.2717,32.5856,26.2996,12.2106,5.6024,11.2153,10.6021,24.8606,36.0896,37.2081,37.6123,40.5386,34.6378,22.1370,18.8983,24.2582,37.8496,25.4490,18.0195,17.0452,22.5040,30.0969,32.6740,18.6113,21.4806,18.3808,20.5784,24.1904,35.6231,34.7361,30.2247,26.8613,18.3252,14.0780
49918.0000,49680.8000,39339.4000,47010.2000,57427.8000,46829.8000,35038.1000,27564.5000,22719.0000,18887.3000,13786.5000,10527.9000,9232.5400,9054.0800,6864.5600,5525.5200,6087.3400,5178.1700,3980.6900,3893.6400,3518.7400,2851.4900,2701.4900,2423.0100,1930.4200,1809.0600,1505.8600,1144.2900,1069.6800,993.9330,926.4020,895.1130,811.8020,837.0260,857.7000,841.3310,639.7330,507.4050,427.7540,342.9820,243.3890,161.3010,109.7900,77.1009,124.5400,216.8090,279.5730,302.6520,229.5200,175.6060,192.1940,239.5020,345.2630,453.1510,543.3980,586.2200,411.8830,236.6570,157.5980,203.0950,223.8030,226.7550,111.1200,188.1120,144.9240,122.0530,76.9512,78.2969,122.7820,189.8460,271.0390,300.9090,253.3170,198.5170,171.7080,144.7850,137.4180,147.5730,138.4920,145.3390,192.8930,213.1660,194.8920,173.0140,91.3384,88.9330,83.2331,43.0357,61.3557,144.2260,205.1780,242.5960,248.6240,275.8720,371.8250,495.8770,673.3120,949.5580,1096.7100,1054.5300,1039.6600,1035.0300,966.6240,683.8310,422.2150,333.0150,260.6250,189.7730,191.7190,203.6240,180.2460,139.1660,85.6754,71.1219,84.2908,104.7300,87.0792,106.9180,128.5040,109.0460,93.6754,71.5729,51.3443,57.7912,57.4435,40.0743,49.1659,71.7521,91.8414,126.8920,127.4610,80.2569,64.9345,105.9390,124.7970,121.5530,65.3467,31.2184,54.2066,96.1718,125.4300,119.5950,124.8450,129.5980,117.2160,83.5185,53.2248,89.8999,155.6910,173.6700,200.0050,231.3290,284.5080,312.4690,314.1820,255.4130,175.0760,121.6920,128.0790,144.0220,137.8930,122.4880,69.4570,33.6245,61.3791,98.4831,103.5370,85.5206,70.3447,63.1959,47.4310,35.8264,29.5190,26.9259,34.2243,39.3223,30.9233,23.3910,16.0822,18.1134,31.1419,30.5651,14.8938,38.2057,65.0839,101.9490,122.0300,110.1440,84.9939,67.3560,79.9659,105.7260,127.5220,88.1597,52.5022,23.5320,10.6482,20.2574,23.0985,20.3858,27.8477,46.5235,37.8168,27.7495,37.3144,33.1806,21.8181,19.8414,48.1320,76.8656,104.7400,127.9690,121.7220,120.3490,137.7480,127.2120,108.2640,82.6409,75.1882,78.7612,85.6770,69.4055,28.9986,21.0475,40.5536,33.2689,26.9013,19.9604,18.5200,29.7044,54.7697,49.2589,62.7931,30.8812,21.7159,16.5038,14.1586,8.6503,19.0979,22.3700,13.3586,3.7379,17.4763,27.5872,49.4973,71.1351,68.8921,74.6979,59.2380,68.0789,69.3827,63.9553,53.5002,43.2851,25.7056,21.2692,25.9180,41.8396,61.2333,79.5272,89.7655,86.6762,77.0972,60.2907,36.9074,31.5693,39.3747,46.8554,42.0213,30.0004,18.6259,8.7278,9.8650,15.4268,25.2686,22.7311,26.4629,39.3730,44.6410,36.7978,28.1198,9.1585,6.0654,13.8769,19.9861,25.8965,22.5302,24.0530,22.9262,23.0180,13.5429,16.0662,15.8862,27.2325,26.0163,23.6735,19.8488,15.3071,22.2509,32.3505
49770.1000,49530.9000,39232.0000,46768.0000,57227.1000,46997.0000,35237.6000,29057.6000,24017.8000,20282.1000,14725.1000,10988.2000,9662.3300,9683.3100,7465.4100,5943.6800,6425.8900,5435.2900,4147.8700,4014.4100,3685.1500,2935.6500,2765.5400,2440.0800,1892.8800,1812.5000,1528.1300,1065.7300,940.6930,869.2090,717.7280,639.2080,601.5160,681.4940,742.8910,785.5570,632.4090,527.6840,480.4210,368.0300,263.2760,238.6830,255.8420,242.9460,261.6390,318.8740,368.3400,397.4300,319.9720,243.7530,239.6730,273.9160,390.0680,500.7220,575.8570,592.9000,363.8890,166.9820,85.4769,160.4150,138.3670,112.5870,45.8424,145.0910,161.0860,190.0760,123.8430,74.5286,127.0990,174.5870,238.3590,281.9500,222.0810,168.8070,137.4260,112.8340,81.1807,69.1572,71.8245,73.2956,141.8390,207.2650,216.9950,216.6500,167.7690,188.3420,193.4250,135.8930,96.6924,150.9560,249.1250,310.5190,309.9320,311.9290,372.1580,518.4870,725.8900,987.5620,1126.2000,1084.6400,1040.3100,1023.9300,939.3450,668.9190,397.1050,301.2800,272.8100,232.8100,227.2880,233.7390,195.9250,140.7620,57.6238,33.7793,59.8639,94.3288,95.9424,107.7310,135.8900,119.0100,98.7537,90.0638,95.6823,104.8890,82.9591,58.1159,69.8176,73.7679,79.5526,95.3481,98.6358,57.9246,53.8504,101.6200,109.8020,110.6800,78.1349,37.8784,48.1484,83.8015,100.1730,89.9738,114.8350,142.7000,125.7670,97.8869,105.1520,157.3080,212.8320,227.5390,252.0360,263.4200,302.0500,348.9580,359.3210,274.8240,169.8640,110.2800,110.5590,113.8180,111.0040,100.2650,54.2856,37.7328,80.3611,113.6470,100.6270,72.3564,65.3698,63.7343,63.8394,65.9447,62.4570,61.0884,59.1209,56.8149,40.4506,34.2147,38.6843,42.4364,38.1408,18.0531,13.6674,34.9912,63.8448,100.0110,137.0390,151.3480,127.7900,102.1900,108.8480,129.2130,139.6820,97.0859,71.1973,64.2368,53.9879,42.1096,50.4479,68.1586,83.8191,74.9695,63.2300,73.1757,59.0861,35.2776,28.2686,42.8632,49.2396,64.6124,87.2321,110.6450,115.3040,117.2640,112.4430,93.7160,81.5909,66.1201,57.1511,45.4028,43.2368,30.3710,13.2170,16.5153,27.1852,21.7897,27.8085,15.4673,15.2179,28.9486,45.4802,83.5343,80.3706,50.4830,31.9992,21.9151,20.9054,27.4496,42.4100,57.3670,31.1452,13.9743,24.9034,30.3679,42.8353,46.9072,42.1338,49.0301,46.2242,46.0038,41.2763,41.6411,42.8551,56.2448,45.2279,26.6498,20.4428,30.4323,38.8407,71.0079,105.6520,101.3850,97.1038,79.4579,47.3352,33.8982,30.3518,33.4782,47.9038,54.2035,62.5643,53.1516,42.5117,31.0102,20.8448,13.7102,13.6402,13.6015,23.8643,24.7691,28.8562,17.9550,12.7257,23.7815,27.0627,31.9887,23.1833,21.7373,34.5781,44.8740,26.7273,13.4697,16.5646,20.7887,19.0346,8.0419,9.1292,23.9963,17.5851,34.4435
50697.6000,50100.7000,39716.5000,47458.6000,58072.4000,47814.8000,35892.9000,29838.6000,24746.6000,20984.4000,15066.8000,11165.3000,9883.7300,9878.8200,7665.0100,6136.2800,6584.1700,5573.7200,4249.2700,4092.1300,3709.8900,3014.8600,2812.0100,2479.1700,1926.7500,1768.2100,1484.2800,1075.4300,893.0540,751.6390,612.2660,437.7460,313.7170,387.1600,546.3600,579.4350,491.3520,426.4430,416.2580,321.2920,205.7390,145.4260,161.4600,173.5960,195.5800,258.3840,301.7170,325.6790,258.6930,197.5860,184.5790,204.4110,333.2710,462.9920,558.5970,589.0610,399.3250,206.6780,99.4138,172.4390,176.8230,134.5280,39.8618,129.4690,192.3370,236.1820,191.8820,138.2520,170.0670,184.4320,198.0700,240.2980,193.6220,157.2260,130.7940,113.7070,80.3998,75.3930,77.3302,57.7491,113.4690,199.3760,226.5340,230.8210,190.7500,213.1860,240.7850,211.2460,162.4570,150.8660,224.2050,297.4740,293.6900,291.4660,363.0730,543.2880,747.0550,1003.7200,1149.5400,1110.9500,1088.8800,1046.5100,952.6920,663.1150,395.4950,317.4930,278.2850,236.8010,231.3970,220.7580,181.0470,124.7320,69.0699,62.9080,71.5648,72.0291,54.8359,49.6989,97.7093,108.4830,104.1460,102.2450,106.1790,121.1600,108.3530,96.3367,100.7560,98.7209,96.4986,99.6356,102.4390,57.4286,45.3665,103.8520,122.7390,119.4030,89.3047,44.6505,51.2761,82.3511,102.7310,83.9349,86.3567,128.8360,143.5460,103.1260,82.5928,146.6000,208.8000,232.7620,255.8430,265.7910,300.9130,341.9680,339.8730,266.2560,182.3710,119.4520,106.0310,116.6750,118.8030,99.1007,65.5032,50.0890,78.1303,114.1250,104.4280,80.4191,63.4854,38.4215,17.5825,19.0849,29.8475,35.5794,38.3196,39.9964,41.1045,42.6569,36.4098,40.9703,49.9540,30.6826,16.2251,36.0339,62.8419,96.8919,151.8820,161.9300,130.6550,115.3670,125.4940,140.1740,134.7500,98.0497,64.8509,47.5531,51.4432,56.4617,51.5990,55.5547,69.1784,85.9659,63.3851,55.8386,77.1429,69.1334,52.3314,38.3175,43.6669,59.7712,82.2603,109.0300,99.3124,90.3489,99.1300,86.1639,65.1977,23.9837,18.3232,28.0633,32.4439,18.1698,18.5124,35.6373,49.8656,28.6137,13.9833,7.2306,8.1313,11.5324,28.1675,46.6734,64.9158,45.2575,25.4999,7.0983,31.9453,42.5496,38.9450,26.0630,19.1883,29.1688,35.6890,34.8356,34.4603,53.4720,49.6182,58.6225,37.2681,38.0125,45.7333,39.6121,28.9800,19.8071,17.9069,15.9443,25.3500,34.1274,44.8187,69.1026,91.6142,85.5068,85.2488,71.0753,31.4628,18.0903,23.7012,27.0398,32.6415,38.6117,34.4215,17.1439,14.6566,15.1404,19.4727,13.8814,24.5687,33.3242,30.7061,30.5862,14.9461,8.0579,9.5078,5.5595,5.2220,10.4275,17.7454,26.6816,28.1407,26.9237,20.9999,13.2397,3.4844,14.3479,26.2872,32.8245,35.7468,25.1022,8.6061,20.5099
50599.2000,50493.4000,40132.9000,47865.6000,58253.6000,47541.7000,35508.4000,29958.8000,24828.2000,21037.1000,15246.1000,11434.0000,9952.4300,10086.3000,8047.4300,6412.0800,6838.0000,5854.1600,4412.9300,4222.3400,3845.5900,3096.3900,2866.6300,2502.2400,1923.6800,1739.5700,1426.5500,1002.7400,834.5540,700.7980,540.3700,390.4230,293.6580,432.9190,558.2820,558.8170,473.7890,419.5510,403.2060,289.6810,179.9540,123.1210,136.8390,177.6290,212.5370,254.4360,275.1760,280.2710,193.1610,133.0860,126.3070,147.9240,278.6510,399.8810,497.8720,555.7460,393.8210,220.9330,94.4703,127.1540,144.6310,122.9300,33.7969,107.9070,175.6130,221.4260,169.9450,112.9430,133.0380,142.0800,179.3530,217.9060,180.3990,151.8070,127.9420,107.9380,80.7292,78.1098,75.1220,68.0129,133.1750,210.7880,238.1900,245.6120,223.3900,248.4000,247.4700,194.7520,158.5870,159.2000,222.8070,286.1480,281.3770,290.1720,377.2130,560.9890,768.6650,999.8220,1116.5100,1080.7500,1070.9300,1036.7100,948.2030,675.3390,408.8530,326.6830,289.0700,236.7140,226.2670,225.9550,178.8640,130.1720,61.5567,51.3429,73.4074,83.7185,59.6008,50.9741,74.5852,75.1997,68.1859,65.5047,67.3312,82.3935,84.7502,66.6584,55.2471,56.2257,64.6820,96.8984,126.7910,99.7348,66.1882,82.6234,102.4490,114.7880,92.9538,57.9926,31.7423,56.8222,86.6518,69.6864,79.9737,121.5120,121.3950,81.2747,86.0625,168.6180,223.9630,244.2500,263.0690,278.5300,308.7220,328.5230,330.0770,263.1310,175.1250,105.4310,94.4004,103.3250,108.9900,86.1525,57.2473,58.5026,90.5021,129.3570,130.0310,74.9139,48.1136,44.0524,28.0263,38.3685,53.0748,47.7492,48.9430,45.4464,30.3758,28.8712,44.6598,59.3656,65.6466,71.5788,32.7392,43.1774,69.9364,111.5300,132.8970,147.0620,131.5780,109.3350,117.4330,136.9180,154.9210,97.0121,48.2067,44.5159,47.1461,38.8122,40.2219,53.3255,65.3251,65.2517,50.4708,42.0519,44.2003,35.8250,21.7845,12.3852,38.1925,58.8918,79.4301,100.0780,100.7540,85.9387,83.3007,69.2201,53.5558,31.7767,29.5075,31.3873,39.1036,46.4717,30.0349,21.8119,35.1183,35.0401,38.5283,26.4835,13.7747,21.8086,39.0444,58.8007,61.3057,35.8949,17.8003,5.8061,23.5626,31.9258,30.0035,22.5463,19.5426,19.9600,32.8624,46.2516,35.6711,45.9779,40.8873,49.2957,45.6829,38.9125,48.3465,52.4553,53.5163,36.7587,26.6075,14.9640,19.0054,25.8431,44.9641,72.8720,95.6617,82.5305,73.0698,54.5922,27.7233,10.2264,18.9292,30.4581,20.1684,15.6790,12.7524,8.8942,19.0759,16.6700,21.2515,32.6169,51.6959,60.8170,52.2835,41.4492,28.7156,21.0474,25.0616,31.4325,26.5025,26.5017,27.1444,40.9362,37.6099,22.5572,13.3796,9.6663,13.9413,44.7058,52.5255,47.8140,32.1973,12.6542,12.8417,11.0920
49391.9000,49025.9000,38772.5000,46129.8000,56459.4000,46172.6000,34474.0000,26739.7000,21877.3000,18372.7000,13618.0000,10434.2000,9115.1500,8742.0100,6498.1200,5288.9500,5822.0100,4925.1000,3835.0200,3718.3100,3347.4400,2674.0500,2583.9400,2317.2100,1847.0100,1741.2700,1440.4900,1085.8000,1006.1300,914.1280,798.7420,733.3030,665.0890,684.5140,795.7390,824.1780,654.0830,522.6510,471.0340,366.8630,262.8740,209.1320,186.5510,187.0040,212.2550,254.8250,305.8270,316.3440,219.3930,169.6310,213.4890,259.5260,371.5500,482.3260,569.7120,601.3090,411.9250,249.0580,199.9010,225.0700,231.3270,209.1490,76.8966,139.5200,118.9400,117.0680,83.8967,56.8032,36.1717,99.8615,193.6970,241.8330,190.3600,142.8010,104.9000,99.1543,93.0195,81.2650,80.1395,86.3332,113.3720,146.6890,207.5590,204.2950,148.8860,151.7160,151.4250,105.7990,57.6977,129.5560,217.2470,261.6180,262.8600,302.6120,429.6900,570.6640,754.0070,1012.6900,1159.4700,1132.5800,1140.2400,1118.2100,1031.0400,722.4460,424.8020,322.2300,275.8900,240.7540,254.2930,252.3120,203.3510,152.6950,97.1466,94.1641,113.6410,127.9760,96.9675,109.1230,116.0450,96.9833,86.6270,72.3687,63.9050,69.8067,64.7757,50.7457,42.8996,47.1700,60.1629,90.3510,114.7130,73.1261,63.5270,118.6130,127.3200,118.1310,48.1857,34.0576,72.4499,120.6660,146.8200,127.2060,142.2930,177.0000,157.8130,119.9000,99.4146,140.3180,195.9420,210.7710,244.1540,262.0280,300.9320,347.8550,351.6380,264.2100,163.1860,103.6710,110.0180,119.6060,128.7580,114.1300,66.0058,36.2707,74.6765,116.9460,108.6200,71.3533,67.0744,76.1175,66.9371,62.6588,63.6203,65.9883,55.7844,55.8762,58.4282,31.6547,13.3720,16.6004,25.8728,30.5295,48.8245,70.1999,77.5219,100.4130,113.9470,103.3690,66.1737,54.2937,87.3125,106.2000,126.8980,80.1752,38.1337,14.6505,42.6993,47.7645,50.6904,48.2671,66.1183,75.5120,67.0672,78.6485,80.4218,77.7311,44.7680,16.1324,16.5990,43.4191,74.8419,102.6510,105.9690,103.1910,106.9270,100.7620,91.8023,68.0149,46.6154,48.9866,65.4797,62.3084,31.1136,26.1462,44.5760,36.8019,28.3976,12.0158,5.7533,15.2911,24.4410,41.2132,49.3854,36.7307,29.5652,27.5406,25.9911,17.1732,18.8026,29.4109,24.2234,18.5708,21.4527,17.9190,16.6071,19.0875,28.2910,46.1364,45.0870,32.4833,40.2404,44.7359,45.5861,33.7425,30.9925,16.5353,38.3534,42.9929,53.4154,60.9328,85.4980,78.7952,60.4390,35.6774,15.3939,24.0690,37.9499,42.3939,15.4049,14.4872,22.2861,10.0086,17.8334,34.7022,30.9180,29.4838,27.4354,21.9349,16.8219,10.9779,14.4661,14.4661,25.9367,21.9614,22.4835,32.3502,39.9113,45.2714,38.5475,13.4089,7.8442,9.5233,12.1026,34.6107,51.4367,35.1906,20.5224,12.7725,18.6765,26.2285
50279.8000,49511.6000,39204.0000,46740.1000,57279.8000,47183.7000,35377.4000,27708.2000,22681.4000,19136.4000,14097.3000,10725.0000,9495.6100,9137.6200,6816.5200,5568.1900,6069.6300,5120.8400,3985.1300,3889.6900,3513.0000,2849.0400,2719.8000,2433.2500,1979.2600,1852.3200,1537.9500,1193.9100,1097.0900,1013.2600,959.5000,922.4110,840.0450,846.3530,844.5540,809.1510,624.5770,494.6050,401.8860,310.5180,219.4590,161.3210,120.5080,104.4500,160.8970,235.7840,287.2540,281.6790,212.2850,182.0060,186.6110,217.2420,344.5940,458.0580,550.7000,593.1690,433.6580,280.5750,196.7610,195.3080,260.1420,236.8480,140.2650,162.4390,125.8810,121.3750,104.6530,70.6177,47.7332,75.7079,134.7380,174.0260,145.8460,118.1360,116.0750,106.3110,90.9470,73.0825,58.2516,42.8014,49.4020,50.2338,80.3798,86.7843,66.1580,52.5292,50.8470,71.8910,74.2855,152.8980,209.1910,232.3410,245.9410,271.3200,362.9650,470.3290,640.9190,921.8160,1072.1400,1041.7100,1045.3900,1026.2600,948.5050,668.2180,384.3020,269.0750,246.8210,230.0520,227.9810,233.7340,201.1660,157.7360,98.7600,83.6558,94.1204,104.7580,95.7801,140.6960,145.4570,124.6540,104.2020,84.5787,66.3482,63.0867,56.2185,53.8197,61.3549,67.1628,81.6715,104.8720,128.6070,99.7253,88.5112,134.5590,145.0040,140.2860,86.4218,72.9917,110.3800,157.1410,181.1430,171.9010,161.4790,159.0340,150.6620,106.3970,72.8701,129.3600,201.0100,216.6000,238.2960,248.9300,297.8200,335.4410,340.0260,273.6310,188.4210,122.7790,122.7610,133.3230,146.1750,136.4130,88.4277,49.4005,75.1062,99.4396,83.7397,66.6228,57.9656,55.4407,56.7984,51.7705,42.7380,31.3613,36.5097,38.3599,29.8245,29.0515,34.5575,34.5128,29.7679,29.0934,41.6637,72.2666,97.3650,126.3370,148.1690,132.1250,87.2996,72.8386,95.5189,107.2130,119.1320,74.2920,37.8263,12.8174,27.4194,31.6445,37.7897,43.2621,60.3385,71.6619,68.6141,58.7238,51.8967,41.4626,39.9515,28.4000,19.3164,39.5142,60.2329,86.6146,113.4510,118.4780,115.8620,104.6570,97.6781,75.0300,55.7221,66.6592,83.7807,64.9343,31.4382,20.1050,35.5761,43.3883,38.2244,32.3930,29.1601,43.5193,39.1898,41.3656,25.8121,25.3919,5.5942,7.6283,18.1892,15.2639,10.9265,20.0613,8.6723,9.2960,15.4690,22.8164,46.5165,43.5237,45.2832,39.0813,38.0202,45.1629,46.9288,41.9189,34.9141,23.4942,11.9286,21.9628,39.6516,51.6173,61.8758,77.6910,108.9440,102.0620,77.0998,43.8683,27.4480,38.6445,46.1097,41.1453,45.3096,46.3846,36.1796,26.5028,13.4546,12.8117,32.5619,38.8839,51.3986,49.7531,31.4380,20.6638,13.7850,12.3364,13.8132,18.3900,8.8399,18.6859,17.6150,23.1345,14.5498,12.9388,8.9183,9.2291,10.9420,24.7350,24.1614,18.9801,18.5644,16.9443,9.1396,28.9342
50437.0000,49975.1000,39604.8000,47357.1000,57897.4000,47408.7000,35540.2000,27913.1000,22969.9000,19153.2000,13997.5000,10712.1000,9459.2600,9178.8900,6939.0200,5649.1600,6183.5700,5237.7400,4049.7800,3956.1400,3559.1200,2915.1400,2730.7900,2457.4600,1968.7300,1775.2200,1439.5900,1094.8600,985.9510,900.6920,850.0820,847.3990,775.1190,783.4950,769.2750,748.8110,568.0670,426.8580,346.7640,266.0150,180.6150,105.3140,74.4230,106.4550,177.9910,239.4420,269.2540,249.3720,181.3180,152.7420,152.9190,194.8680,320.1010,425.5280,523.4270,597.4880,447.2990,289.3870,197.6200,205.7290,262.2580,239.3890,122.1080,164.8120,129.4290,131.5390,112.6330,93.1742,79.0464,109.6140,182.5430,208.3500,166.7090,139.7680,140.5800,122.9540,96.4621,72.0936,66.1365,75.7485,97.2060,95.1163,38.4457,50.0519,85.7856,63.8425,72.1078,116.2540,122.3640,177.5250,217.8350,215.1570,230.8940,272.1300,345.5800,472.9470,635.1850,880.4880,1010.7800,981.7580,994.3480,990.5040,941.4050,672.8670,376.6300,255.9600,219.6160,183.6070,192.3940,204.4980,177.4980,143.0280,87.1477,66.2745,81.9275,113.3830,112.7980,161.1680,146.2860,118.0300,99.8076,87.9592,72.0357,70.4977,73.8717,52.9220,48.2344,73.0844,89.2275,128.9250,134.3310,86.0185,66.5354,91.0516,104.4940,101.9950,55.4759,30.8552,52.7539,90.2021,113.9430,89.9907,101.5320,127.3650,107.0470,81.1422,83.3306,157.3450,207.6060,210.1940,212.2140,226.3420,279.5260,322.7240,325.2600,251.9540,156.5340,107.0220,125.7770,135.5000,128.8820,113.3380,77.9761,33.2519,59.6705,101.9110,88.4527,56.0073,37.3778,30.8292,39.6421,40.3056,33.6462,33.3816,37.4924,31.1467,15.7734,17.8431,34.6377,51.0988,38.3375,24.8716,34.3012,63.6744,89.7247,114.5480,130.6110,122.9490,93.0834,71.6617,78.9586,98.0206,129.0640,97.8976,65.5381,32.5788,13.8350,28.0984,37.5791,38.1575,51.3967,71.0729,73.5147,63.1995,54.4853,45.4527,39.6841,15.6741,21.7753,54.4437,89.2425,124.8560,136.7360,135.3020,140.5720,127.3730,111.3190,84.4840,72.4947,72.2875,70.6375,56.9884,33.8015,18.2737,27.9099,35.3861,27.8917,14.6044,17.7867,32.3906,33.7618,25.5239,25.6897,8.7155,9.0683,26.1720,18.9110,13.6942,14.3188,23.0207,21.2575,8.6079,17.2528,23.8990,49.6597,39.2254,45.4681,43.0887,40.3321,30.2199,33.2986,43.9169,55.2413,50.8885,20.8620,17.8627,23.3288,40.1345,60.6321,78.8024,93.1198,89.8353,72.2928,48.1415,18.8588,15.9610,24.3644,32.0014,28.8601,22.7930,17.1012,14.4654,8.0651,16.0668,16.4264,13.4053,23.8357,46.9993,49.6566,45.0215,39.2110,15.3136,6.9301,16.1576,25.8591,31.2716,45.8685,28.8778,25.2325,10.5487,17.1513,19.9408,21.3853,36.6055,47.6981,36.4120,27.7882,23.6587,30.1675,43.8920
49653.9000,49403.9000,39100.1000,46621.4000,57037.6000,46697.8000,35023.9000,27834.6000,22929.1000,19077.1000,13941.2000,10613.5000,9304.7600,9145.2100,6894.6300,5516.2700,6084.3900,5154.5100,3949.3300,3855.7600,3505.4100,2828.6100,2710.4300,2441.4100,1961.8400,1842.8600,1527.4100,1156.0300,1066.1700,1000.5900,948.4470,983.1530,901.0840,895.8640,856.7710,821.9060,630.7870,490.6460,411.8130,307.6460,215.2280,148.9240,122.3030,140.7680,210.6330,276.3870,308.7150,292.1180,227.1850,195.5370,199.7770,221.5230,327.3130,437.8590,530.7610,586.8160,401.8850,248.3730,190.4110,213.0310,263.3910,248.3670,137.8780,186.5930,137.9490,122.2350,112.0750,104.4570,87.5267,117.7220,192.3800,239.2660,197.2950,157.5100,162.7740,157.6770,127.9530,102.0090,103.7940,88.3915,85.5948,84.5081,23.7700,42.9560,91.7607,78.3010,100.2610,165.8160,173.4060,210.7830,225.6010,227.5600,242.7780,299.3310,344.8240,466.1630,616.6550,858.9040,984.9930,960.7210,973.4150,968.9330,927.5090,666.3100,384.6760,255.9060,197.7890,164.9870,182.3650,188.3770,156.0260,123.4150,82.5300,66.8968,77.5941,100.2820,104.2920,146.8580,147.9240,128.0890,102.6550,72.1598,53.7737,68.4786,78.0759,58.0887,56.7269,67.4003,80.7063,114.8630,141.6560,94.3480,68.5708,91.5969,104.2080,110.3090,84.6077,39.4540,59.7286,121.2290,149.4270,112.1000,99.3971,113.1010,104.3960,80.6033,81.5632,150.2190,190.6090,195.8800,218.9140,238.6160,281.1060,329.9270,340.7650,267.8990,177.6280,117.7060,111.3910,125.3480,120.8800,101.0150,63.2393,37.3775,57.1833,86.9993,76.0597,56.1282,51.8347,43.6846,39.7741,38.3757,32.6795,28.1943,21.1642,7.1664,5.3617,13.5280,38.2212,51.7157,43.3148,31.9230,45.6714,86.3493,117.8070,145.6300,154.8420,140.1560,98.4850,88.2790,115.7480,125.3340,124.8520,63.5432,21.7062,33.6684,57.5843,46.6245,41.9007,46.4532,60.5220,62.1189,46.6609,35.6501,34.2670,34.0277,26.1363,11.4335,26.6368,52.0909,74.3183,97.7427,112.4030,117.0640,111.4670,101.6870,94.6400,75.7478,53.5880,54.5484,64.1696,60.8455,41.8906,22.5668,13.7953,27.2024,27.9665,21.9899,16.3296,28.2584,36.2612,33.9565,35.3847,16.4009,6.8626,8.4621,10.6757,10.5998,11.1939,16.6814,12.0822,11.3171,24.2105,37.5773,62.0793,58.2362,53.5536,49.9495,50.6203,40.8365,27.5150,30.9818,32.2170,30.7344,7.4542,20.6862,32.6532,44.1140,54.9090,66.4019,94.5091,96.0729,83.9680,63.3637,20.4034,15.3142,18.3765,26.6671,20.1725,16.5079,15.5769,17.1418,15.9642,21.6222,30.5911,33.6282,36.1415,46.0934,54.7465,43.0934,39.9265,23.1632,16.9765,22.3942,25.7311,33.3641,40.6392,30.4689,28.2321,6.3367,21.1390,28.2535,39.3742,51.5904,57.6330,47.7527,37.2603,24.2684,10.9837,25.9622
50300.9000,49692.5000,39398.3000,47044.6000,57584.3000,47462.6000,35715.1000,29147.1000,24088.6000,20194.6000,14574.3000,10947.1000,9730.2600,9625.1200,7341.4400,5915.3100,6419.3700,5412.7000,4141.0100,4038.2100,3694.3200,3001.1700,2858.7600,2528.4500,2004.4100,1896.8400,1583.0600,1186.9700,1107.0000,1069.2000,1031.4100,1090.6000,1005.2200,933.5390,882.7100,831.5900,599.4700,465.5620,381.3620,275.3360,182.5360,131.7010,99.8940,156.9430,238.9160,282.7970,295.6120,278.4820,219.1790,179.5760,205.0620,238.6280,346.6450,441.5880,520.9330,550.3980,401.6880,268.2470,188.3190,206.5720,292.8850,320.8580,187.0950,194.4070,131.1830,122.2110,105.9080,79.2028,101.3310,158.6950,191.1210,222.6660,210.9460,171.9280,178.0540,183.4940,148.4240,104.0580,111.8190,129.7660,132.7100,150.5600,80.6485,45.3274,107.4960,145.6680,172.1730,235.8830,245.4310,298.9850,275.4670,255.0710,267.9830,313.2500,338.9650,454.2970,624.6370,887.7880,991.2160,946.3480,961.0410,951.2280,921.7780,672.3570,389.4460,261.6960,211.4000,195.3450,209.9780,198.6460,156.9490,127.3700,105.1990,86.1879,63.1362,82.4392,100.2180,141.7790,153.7410,109.8110,86.6812,69.3009,70.0527,70.9508,67.1514,47.0194,49.6429,72.0599,81.3247,102.7240,112.6160,75.4604,54.6064,95.9907,114.9290,111.0450,79.8484,75.3887,102.0360,135.5360,160.6460,160.2600,132.5070,110.6440,102.8710,70.0258,51.6476,112.9210,163.3120,173.7820,198.9710,220.4690,260.0140,290.4380,296.6450,248.8500,180.2200,121.8160,107.0490,116.9380,98.4462,86.9373,74.7705,31.7351,49.0246,95.9148,108.8450,78.8112,53.8653,33.1434,28.1520,55.0287,63.4798,77.6429,53.7843,44.2371,46.2499,34.5360,38.3107,52.5541,76.3716,72.6111,66.9248,70.4773,84.6852,107.8680,142.6330,158.2880,127.0150,99.1735,90.8830,96.6384,92.4388,35.6836,38.3597,59.8803,101.9180,80.0405,84.7984,67.2171,55.3874,51.7602,59.5582,30.0205,75.3623,70.5801,92.6531,89.8870,65.8762,109.8250,132.0590,156.5900,195.4060,192.0640,167.8780,135.8400,94.4056,35.0944,33.0525,58.3846,80.2366,95.2332,92.5455,69.0244,50.2408,45.5066,49.8015,38.8195,14.0087,20.2648,33.5615,43.3642,31.8491,14.2508,6.4024,11.1865,19.8653,30.6236,41.6014,43.8890,41.8906,34.2955,37.0616,31.7358,49.6398,50.7595,64.4962,76.2629,51.1211,39.4073,56.1971,59.7758,54.8542,35.7008,36.4466,17.1084,44.8840,50.6037,66.5889,72.1800,103.3530,112.9390,97.4541,76.1180,51.8437,43.2846,30.4869,26.9152,40.2480,38.3262,33.8193,28.6115,29.0252,8.7063,25.2588,35.9181,51.6027,55.6523,55.1647,51.1332,48.0090,36.7816,13.3415,1.9116,12.4145,28.7247,30.0235,25.7441,17.7588,8.0011,8.6884,19.1003,33.1677,30.0808,25.9349,31.2753,23.6181,13.9949,19.9526,29.6136
50859.8000,50423.7000,40055.7000,47927.2000,58498.1000,48100.9000,36140.8000,29814.3000,24633.3000,20746.5000,14993.5000,11232.8000,9980.2800,9948.2600,7731.0200,6275.5000,6718.7000,5674.0400,4360.9100,4214.5200,3815.4700,3150.2400,2945.9500,2629.8200,2088.5600,1877.0200,1561.2700,1209.0300,1099.5600,1056.5400,1047.5200,1087.9500,1047.9700,995.0670,939.9540,872.7530,658.2940,478.0000,364.9410,257.5990,151.8940,64.0992,41.2312,107.9350,192.1420,241.2950,263.7580,248.8250,182.9770,160.9950,173.7770,173.8910,260.9140,381.0850,490.2140,574.7800,432.4360,292.0870,196.0680,202.1470,266.7930,257.7310,139.3680,177.2160,136.8210,142.7860,145.3230,132.7510,101.9710,106.3490,170.6020,208.5770,195.2180,198.4710,217.5700,230.2340,213.9970,174.9600,133.0860,134.7100,184.7200,177.5800,87.5381,36.8401,87.7194,86.3663,101.8720,144.6860,186.9430,220.1760,239.9840,246.7490,254.6540,277.4090,328.8420,452.2910,620.5590,882.6970,977.6040,921.7480,957.1620,966.7360,969.0890,713.6350,380.7350,263.0910,259.0540,207.0280,198.1940,227.6680,202.6990,164.7660,85.1259,54.5020,79.7678,113.7000,102.2110,148.1180,124.7450,73.4856,37.2089,50.5121,64.5487,67.9472,29.8697,16.3545,50.7449,81.1690,90.3831,115.4100,103.0790,70.8370,84.3446,140.9330,150.8180,141.8320,81.2023,47.9130,101.8310,150.7420,166.1960,158.4710,146.1400,123.5810,106.6030,86.6332,73.0354,121.5890,192.9310,233.4210,254.7290,241.8580,256.9350,308.6240,337.4790,267.3740,180.4090,122.9700,134.5310,150.8950,143.3110,106.9390,62.7139,25.2677,58.3044,121.4810,149.2910,104.0020,66.0119,28.6637,23.5640,21.5627,11.6821,8.6735,15.6513,27.2713,31.0172,40.4135,46.0329,74.7188,89.4810,77.5036,67.8924,73.6831,104.3300,137.7990,164.9740,159.4590,120.4130,83.0343,77.9443,90.4185,113.3880,71.5290,53.2284,21.7550,6.9615,15.1515,12.0195,10.8566,8.8747,26.7046,39.7610,43.9600,43.7944,38.2178,44.5037,53.0149,79.1682,113.3550,117.9700,124.7510,116.5710,110.6970,115.3520,103.5190,86.1823,78.5715,73.9266,86.5295,94.9905,77.8332,52.9627,36.4832,19.9243,19.1695,31.4361,29.9658,17.0522,15.1906,27.3252,46.8116,39.9514,26.0410,20.8757,33.6159,36.5859,38.4300,27.9844,18.5291,20.1551,27.0532,21.7802,24.3900,30.2221,62.4339,63.2519,62.8196,48.9582,47.7292,41.3633,35.9735,34.7613,35.2852,27.2973,22.7309,36.9373,56.7174,79.6710,94.1060,109.9320,117.3290,104.6150,83.7007,51.0727,47.6005,52.6625,50.8574,55.3784,46.7025,32.7812,21.2242,16.0126,13.9434,28.4078,38.4932,43.6346,38.3492,31.1574,21.8732,14.6394,3.2090,14.8907,17.8850,14.3521,39.1306,30.2221,26.9396,25.2349,26.7290,14.6549,9.2399,9.3517,24.6480,19.2402,11.3854,15.8198,21.8466,22.5496,27.7370
49510.4000,49205.1000,38938.7000,46473.6000,56773.8000,46257.0000,34618.7000,26916.4000,22198.2000,18440.8000,13513.4000,10381.2000,9044.4400,8740.3700,6469.4000,5181.7100,5805.7300,4904.2200,3765.3200,3715.2000,3372.2200,2733.7900,2643.1200,2422.7500,1954.6400,1843.6900,1559.7000,1222.3600,1149.5100,1102.1700,1126.4700,1135.9200,1129.2700,961.1830,886.6310,815.7280,586.9580,412.9420,317.8540,240.5220,170.1440,123.9810,89.2440,139.0300,214.9990,287.2360,321.5060,303.2160,228.0430,202.1740,194.7980,219.8740,331.6560,424.5920,505.3110,554.0940,411.6730,280.8140,235.8040,246.8130,308.2190,270.6330,198.3280,230.2100,178.3790,179.3740,184.7180,169.1110,114.1730,115.2720,164.5550,203.7750,213.5310,195.8320,203.2640,199.1870,181.6810,139.9670,136.6500,151.0620,151.7790,148.6110,87.3005,55.1291,49.5560,71.6830,108.0150,151.0800,199.4620,245.9580,269.8040,303.3520,331.8800,332.7040,375.2560,482.6900,678.5600,938.0530,1060.2300,1054.3300,1090.8100,1083.4600,1022.6600,725.2600,423.1250,301.3780,270.2510,270.0560,271.7010,269.4250,248.8860,195.8380,100.7610,77.8634,110.3200,115.9050,85.8396,130.0310,124.5050,120.3930,116.4720,117.5370,94.3539,79.1102,69.0278,41.6798,46.6595,56.9709,69.8921,93.9976,134.3420,91.9217,66.9276,96.8785,95.6756,76.8101,48.7696,54.2030,81.9553,126.0820,151.1290,121.8530,118.2780,123.6340,108.3240,77.1809,63.4583,114.7070,161.7500,169.6280,201.4530,235.3060,285.2470,317.2150,307.1110,242.0340,167.0500,122.6660,113.2590,118.1270,114.7080,92.3141,36.4599,19.8337,45.5073,80.5206,102.5650,44.4652,20.5617,49.4823,29.0957,17.0864,27.4974,23.3764,13.8498,17.5829,7.8726,8.3064,20.1003,52.9946,32.2184,41.1532,65.7407,71.2996,99.2240,159.6660,185.2620,117.6820,124.4960,120.2050,105.0840,102.1230,155.8180,113.3780,99.1986,35.7407,48.5061,36.4224,19.6899,18.3013,18.1220,27.5437,33.8874,18.3559,23.2965,36.9272,18.9836,14.4720,58.2456,59.0979,62.9284,59.4381,112.8060,122.7080,85.6144,83.6976,95.7118,98.3517,67.9781,80.5730,107.5890,93.1949,72.3489,48.8591,14.1946,40.3880,79.8862,55.9479,40.2990,36.4843,55.6214,78.9805,61.8505,31.5171,15.2511,27.0369,56.5854,38.8799,50.6315,43.6920,53.5323,109.1330,62.8912,33.2245,36.1918,68.2615,80.9584,96.5677,47.3655,30.0016,94.2810,73.8083,75.3147,32.7993,53.0489,56.0228,47.8804,60.8222,95.7509,152.6140,184.4970,142.1620,114.9680,93.9464,92.4097,70.6763,55.1474,54.1386,67.6327,91.2610,86.7233,92.6573,62.3065,71.5894,88.4896,85.6477,99.2698,54.8874,28.0498,9.7414,20.4589,21.2101,21.4205,39.9698,61.7659,61.9224,64.0127,26.6338,27.7869,51.0720,92.1958,80.0585,60.9703,41.9104,32.0792,11.2800,6.4788,17.3147,41.6194,53.7695
50259.5000,49722.7000,39427.6000,46997.9000,57582.7000,47576.3000,35794.2000,29151.2000,23986.5000,20211.7000,14742.4000,11089.1000,9846.5100,9733.4900,7452.5600,6040.4800,6513.1500,5485.9200,4218.6700,4110.6800,3732.8700,3025.7300,2881.9300,2577.6300,2057.2200,1928.8100,1635.3700,1265.0900,1189.7800,1169.0700,1182.8000,1184.0000,1169.3600,1012.9200,934.6520,839.9610,591.9730,397.8240,323.3930,234.5240,141.0440,102.8350,78.2513,128.2530,220.4170,269.8770,283.1250,243.4020,194.5610,196.7100,216.8740,244.0000,328.7450,410.7520,488.7640,558.4200,431.1370,293.0330,204.1930,206.7870,265.5520,249.9370,182.1050,229.6780,182.9520,179.1710,179.5690,176.7090,131.9340,86.6100,129.8270,196.0030,198.7460,192.3690,219.6900,216.0360,207.7150,175.8090,154.9340,150.0920,202.6720,219.0910,147.4640,73.5402,91.4048,118.3770,132.9960,168.8620,253.1770,323.9640,347.5010,336.9870,346.6430,342.2500,405.2140,500.1510,665.4880,932.6830,1061.9900,1046.1600,1046.8200,1017.1900,931.6270,644.4000,361.8000,279.9500,269.5060,226.0940,230.4140,247.4620,220.8370,175.5530,108.1370,70.9785,76.7547,113.3600,110.9980,153.6320,121.3630,112.0030,95.4254,74.9231,40.9438,58.6361,72.1180,34.1472,41.8138,73.7616,86.5359,111.6120,138.0760,102.2450,66.7028,76.5082,95.3737,90.8303,59.7454,69.3640,105.0510,119.3870,134.0470,133.7010,123.9640,148.9490,154.9160,112.3820,106.4220,181.4770,225.4270,231.3170,252.3820,259.7520,305.1500,357.1530,343.5310,249.3710,147.8630,109.7790,136.8800,152.1340,144.7800,114.6830,70.1814,31.8969,61.1084,112.3600,115.3400,91.7675,71.8702,55.2403,34.2675,18.2168,19.1163,27.9530,34.2816,22.6678,20.9190,24.1107,38.9132,37.4618,24.7569,26.6946,63.7153,96.1338,123.4500,146.4860,161.9910,154.5170,117.3800,89.1056,96.3362,112.8120,124.8500,76.9305,22.9895,17.6665,35.6171,27.1689,23.2445,27.9574,38.5068,55.8680,55.9213,42.9493,32.6475,31.8778,31.9228,18.4311,33.2411,63.5512,93.0511,105.0890,111.6650,119.7500,122.3660,120.7160,121.0030,108.2910,84.6576,79.5024,67.1726,55.5685,60.3760,51.3907,35.4811,37.3924,59.3640,53.9133,26.5555,31.8621,47.8161,47.8759,41.9118,29.5113,19.6888,14.8693,14.6127,23.0249,19.3476,8.3374,18.7309,32.1526,17.0390,7.5796,47.5047,59.7690,69.1907,62.9859,34.8625,37.8686,64.5864,55.1130,43.8850,27.3228,19.7064,20.1502,47.4584,66.9345,68.9659,87.6783,115.2640,99.7687,81.5097,58.8254,23.0574,18.6007,39.3781,36.8749,29.8391,36.1137,37.0313,38.4272,23.9214,14.1894,17.7895,14.2749,20.1631,22.6886,22.8356,18.6714,15.0137,17.7358,13.7684,21.8770,6.4680,16.3161,39.8221,42.8579,32.6146,13.8140,15.2088,5.8911,7.9417,21.8013,31.5409,35.1741,28.1531,17.3399,5.7340,11.7223
50467.7000,49778.0000,39445.5000,47166.4000,57721.0000,47397.4000,35615.1000,27894.9000,23003.8000,19148.4000,13874.5000,10582.3000,9403.2600,9109.3300,6791.0700,5485.7000,6048.5100,5132.9600,4031.5000,3923.2100,3490.9700,2917.9100,2733.1300,2479.9700,2003.8400,1830.2500,1521.5000,1189.9200,1087.5400,1041.3500,1104.3400,1071.3700,1100.7100,974.5970,890.4260,794.1680,585.1790,412.0520,332.6950,234.4860,152.1940,90.2267,38.0366,86.9009,165.1160,205.7200,222.9380,199.8820,139.2490,128.5070,141.1330,167.0440,275.6700,379.2580,482.0070,567.1620,456.6190,326.8320,242.9240,252.8920,316.7980,288.8340,177.5130,216.0370,167.1350,157.8190,147.4390,126.5030,100.2200,108.4710,177.7940,231.7200,226.8940,229.7740,238.3280,221.3740,209.6130,182.0510,163.0440,163.6560,196.6580,188.5380,109.8700,48.2582,84.0059,104.8290,143.9200,183.3450,248.9610,288.0160,304.3930,306.8660,310.7230,312.0020,360.4410,473.6840,641.0810,913.0150,1054.3000,1037.4900,1054.5300,1049.0100,993.6980,689.5580,388.9570,295.0320,279.8120,247.5880,230.3310,235.8890,198.1560,164.4660,93.6686,62.9077,81.6812,93.7251,90.0964,128.8510,135.2370,118.3090,104.8390,96.9628,75.9973,56.9125,55.5474,55.6720,70.1901,90.8684,109.4020,141.4820,162.6610,120.4190,81.4010,98.9668,118.3360,117.5720,72.2360,61.7895,86.2234,113.2380,132.7570,121.5810,120.4150,159.0730,166.5820,119.6610,82.6133,135.9050,181.7910,189.8830,210.9150,230.9760,272.6080,308.9210,311.0390,236.1450,140.5870,91.8301,130.6200,145.0190,144.1810,118.8560,69.7532,34.4908,62.0383,106.5420,105.2760,76.8326,49.4749,32.8171,32.7954,30.3484,22.3099,25.2649,36.5904,31.5610,22.4939,25.2802,32.9836,27.7091,24.0078,31.7774,47.5515,86.0868,120.4340,157.3790,155.4870,136.6640,110.2380,93.6937,102.1200,118.8360,131.2960,99.8417,48.0511,28.2867,37.1446,40.3601,41.9122,45.2763,55.1592,62.3914,68.0648,66.9925,59.9675,54.7624,41.0730,12.4651,36.4161,66.4801,93.1622,116.6080,125.9960,126.5810,120.0950,106.7630,94.6628,75.3165,68.8520,86.6753,96.5522,80.1680,59.7117,40.5860,19.3680,19.4759,26.1351,18.5177,9.5113,16.8810,26.2618,22.3985,31.9432,16.6555,15.2169,5.4158,17.3575,15.4921,11.2711,19.1476,26.1535,41.5575,10.6421,12.1397,52.8324,58.6690,58.0149,54.3011,45.3316,45.5155,46.7901,40.0215,34.2768,29.9507,29.4854,19.6881,40.0042,48.0491,53.9380,65.4594,98.4844,88.8260,61.1457,25.4068,23.8071,36.9604,41.6348,48.7231,48.5715,30.0248,27.4486,25.1209,19.7682,17.4238,46.6542,49.2982,53.9984,55.6533,45.7884,27.6904,26.2071,14.9588,15.5674,17.2708,31.2795,41.9136,29.5626,19.9141,10.3604,13.5047,16.3855,19.2086,27.2475,37.4941,39.8942,35.4183,29.2740,25.9392,23.5242,21.1691
49882.7000,49761.0000,39398.8000,47078.1000,57596.7000,47137.4000,35441.0000,28387.6000,23500.8000,19413.5000,14044.1000,10702.2000,9424.2800,9329.4900,7103.8000,5690.7700,6270.0600,5317.3400,4095.9400,4012.9100,3654.1500,3017.6600,2829.8000,2542.9700,2014.7500,1832.8200,1524.8800,1189.5700,1111.8800,1075.1400,1085.1200,1109.2000,1090.8700,965.6720,897.2660,829.0410,615.9820,432.5170,345.9460,254.3620,175.1860,111.1100,49.6460,58.3945,132.7400,177.3160,204.6620,187.9530,143.8180,138.4350,158.5000,192.5980,285.3610,393.7950,506.3070,587.9210,472.2140,333.5350,247.5420,245.8000,299.3710,268.8640,161.5760,194.9230,151.7390,147.3140,145.3550,128.2670,94.6334,119.9250,201.5590,257.2640,242.6910,234.0820,244.0440,233.2140,224.6330,187.5820,164.3090,146.4750,164.5080,164.2880,112.9620,58.6973,41.3284,40.4512,75.9960,135.0260,207.6980,249.2430,267.3900,293.9010,306.0010,291.3530,343.8710,462.7860,623.4820,876.2750,1034.5000,1012.6600,1019.8300,1017.4700,978.8900,698.9150,399.2210,286.8070,246.0990,206.7930,211.3630,226.1860,194.7040,151.8910,83.6063,64.1918,81.9035,87.5587,79.9131,103.8900,106.3970,77.8271,56.1579,37.7662,43.5582,58.6053,73.1719,73.9086,64.9902,70.1835,87.7667,133.2030,166.4260,113.6630,71.9228,97.6960,138.6310,143.1440,100.4490,58.6608,93.9039,134.9800,145.7500,132.4450,134.0680,155.7870,152.6840,116.2010,92.7833,141.3980,183.7880,187.1570,219.7930,252.2010,294.1620,326.5370,317.4990,241.2410,155.3040,97.3775,104.4750,119.3790,126.3020,100.9080,34.3175,39.6845,75.7973,110.2170,104.3330,74.1685,45.0687,31.9811,35.2009,35.5247,39.1639,41.7295,37.3952,21.6648,10.8889,10.6821,16.0975,25.7770,25.7918,20.4286,37.0605,64.4467,102.2020,144.3390,166.3570,143.8890,107.6790,93.1014,109.3320,123.3810,121.6810,84.5158,57.5552,42.6583,47.7109,45.2565,43.2096,36.5476,54.9369,62.2065,43.6898,50.0247,49.7049,46.8087,20.1922,7.2225,32.4053,59.7247,84.6558,106.6160,127.8110,134.2250,123.6840,108.9390,106.3160,93.0941,78.2287,80.6563,80.5987,66.9290,51.0335,35.2517,12.0725,6.3053,9.6350,9.4197,7.2877,11.9535,23.6634,20.5444,37.0714,29.3411,31.8535,13.8080,7.0878,18.1098,22.3763,21.9155,21.0362,24.1224,23.0136,26.2783,40.6105,48.1116,53.3031,61.6070,52.4809,41.3933,45.5438,44.7405,42.9775,32.3551,22.9536,38.6293,40.3277,46.0451,53.3487,74.9388,92.2189,84.2428,65.2755,42.3812,12.3328,30.1844,47.1036,42.4889,30.1456,25.6081,18.9894,15.2214,11.2414,13.1380,21.8363,19.0388,24.3991,38.0888,46.0795,45.0511,33.4772,16.8132,25.1535,22.0416,17.1392,15.4248,14.9324,23.7387,24.1357,18.4359,15.7469,20.4245,15.5309,27.4794,24.0934,22.1843,22.7983,21.8373,9.8162,14.5737
49861.3000,49455.4000,39206.7000,46740.5000,57280.4000,47270.8000,35580.0000,28895.8000,23806.7000,19937.7000,14467.2000,10885.8000,9702.3600,9610.0900,7289.9200,5905.1600,6447.9800,5420.5700,4166.0700,4024.7500,3626.5500,2971.4400,2825.4400,2538.3500,2010.3900,1840.1800,1519.3600,1183.8600,1137.1800,1127.2200,1142.0700,1192.6200,1158.0700,1033.9500,988.8550,930.5710,708.8020,535.4300,427.0480,297.8980,181.5340,116.2420,83.4402,108.7550,182.2770,214.3780,238.9520,212.4650,145.1090,140.9970,167.0210,189.1240,307.8070,416.5780,515.4260,598.2430,457.8040,319.9210,231.8200,248.8950,325.9990,286.5810,212.9000,206.8490,161.5870,125.2490,97.8082,81.4352,73.4439,115.1430,191.9000,245.7370,217.1020,221.0460,236.1510,232.7590,212.7810,175.4270,162.6640,151.0240,177.9210,176.4520,128.9840,63.7616,24.3302,31.3474,44.2186,99.5905,183.4920,227.7840,248.4860,274.6130,299.2520,294.3400,340.2350,443.0310,619.3510,898.8230,1038.1700,992.8500,977.2610,978.0570,931.6330,675.5680,388.0070,278.2480,260.2570,217.0420,209.0920,233.5200,209.6290,178.5080,115.3620,91.7327,108.1440,113.4240,82.7185,76.8569,66.5297,51.5304,39.5295,29.6612,28.2515,38.8110,41.7922,41.7505,59.4156,68.9246,85.1183,117.2020,157.7390,133.4690,107.7650,115.0700,123.3310,117.9210,71.6593,47.4167,80.7017,123.9570,158.8070,157.3800,155.0590,164.5660,142.4350,81.4576,70.8692,159.1040,204.6180,212.1950,243.4720,249.2780,279.1260,321.9800,328.5300,249.2580,150.0820,98.6856,120.7520,129.2390,112.0750,78.9807,38.9236,42.5202,67.3638,106.9660,103.7620,60.1642,36.8700,44.1424,41.2351,37.5090,39.7465,41.5516,34.7088,8.7577,4.7229,8.6544,37.1834,49.3398,39.9013,30.1040,42.0525,69.8740,103.5250,137.3200,162.9440,153.2740,119.6980,105.1540,116.5440,130.0130,135.7110,72.0412,28.7966,46.2588,55.6047,52.3401,56.0060,70.7763,89.3642,77.4046,49.8729,46.5151,47.8007,41.9229,14.3311,21.8172,41.4882,66.0680,96.5919,124.7370,118.8880,109.0840,109.1440,97.6166,82.0673,62.8218,48.1985,44.2667,48.4106,42.2339,30.8736,21.7971,15.9366,15.9939,23.1882,25.0086,28.1673,23.4103,24.7906,21.1013,35.2561,37.3396,40.0271,40.6803,39.6000,29.0093,20.3788,24.9197,38.7838,54.1314,42.4818,18.8821,24.9704,45.1311,48.7895,54.0866,42.6758,37.2397,37.8717,43.1103,45.0026,31.9253,27.4002,33.6635,44.6299,49.5008,61.7446,80.6126,107.8180,100.7250,76.7003,45.6809,26.4008,41.0093,51.4370,47.2881,40.3412,30.7643,22.0078,11.6654,11.0152,16.1556,31.5234,42.0327,51.3290,50.5412,25.9484,13.4299,6.2169,9.3757,12.9372,14.4811,20.3649,23.2097,21.5100,18.9903,12.7484,12.7791,5.2188,7.0173,16.1894,26.2022,35.3912,33.5997,24.3142,19.7300,27.4294,37.0073
50294.9000,49619.8000,39357.2000,46988.8000,57549.2000,47314.0000,35462.1000,27463.3000,22522.6000,18896.1000,13814.5000,10539.5000,9316.9400,8893.0500,6615.6700,5433.7000,5948.7500,5018.6500,3921.7000,3854.3800,3443.5000,2845.8700,2708.4200,2469.5600,1996.0100,1802.5000,1486.4800,1190.0200,1088.8000,1011.3500,1043.3500,1019.0400,1015.6500,904.0370,875.8280,822.9220,610.4640,435.3810,351.5400,267.9180,185.3980,134.3330,75.3719,40.2491,116.7600,182.0180,221.5990,212.3070,144.7650,139.3270,154.7690,161.6090,260.7150,378.5610,486.1890,564.4230,432.0090,289.1510,218.6010,226.4990,296.0030,269.1400,174.0460,220.8280,175.3420,167.4510,169.8610,158.3340,97.3511,86.2384,166.1760,222.3850,209.9820,210.0500,227.5790,223.4510,223.3810,202.8570,180.9480,168.9600,217.8170,219.3380,135.0750,64.2546,98.7907,105.7960,101.0810,135.4670,218.1580,269.0470,288.5480,311.2020,325.3690,313.2680,367.8510,466.5960,619.6770,884.2060,1040.5300,1007.9200,1017.7200,1012.9000,966.8400,676.0710,375.4130,274.2570,240.7150,223.8110,268.1590,259.7340,211.1400,173.0190,131.0130,85.1156,88.5203,122.9330,100.2590,128.7440,136.2610,116.5220,97.0772,70.5445,54.4081,34.4100,24.8668,32.8925,23.4461,41.4692,71.7194,128.1310,124.5790,87.5829,75.1015,104.2380,118.8290,123.1180,75.5130,54.6629,109.3870,163.8440,169.6670,149.8710,145.7740,148.2610,138.4240,96.7604,74.8036,121.9100,168.1520,183.5690,220.3720,248.6620,291.5920,345.7200,324.0750,227.5040,150.9860,117.4860,113.9510,118.9020,123.7470,98.9360,45.1434,46.9196,76.7200,108.7130,129.9810,89.0723,40.8017,42.7714,65.1716,58.0913,23.9025,47.6321,43.7523,49.4425,68.2390,41.4099,35.3532,37.3903,44.3073,37.8487,23.4604,76.4224,116.0060,148.2950,120.1330,115.6080,146.7100,122.1140,93.6205,66.9386,95.3927,121.5390,78.0056,50.6717,16.7452,26.6159,30.1829,41.8174,35.1185,30.9424,38.9817,53.4150,55.8377,52.4344,11.2868,28.3804,43.7174,51.7989,55.6469,52.8555,54.0640,99.0503,136.8070,129.4220,118.1890,86.8021,68.8587,49.5132,21.3685,17.3175,36.3926,54.5058,38.3177,29.4131,16.2490,16.3467,37.3963,40.6493,57.9007,41.8872,52.3616,36.9149,31.6388,25.0495,20.3750,18.7970,32.5890,31.6535,32.3877,56.1946,50.9325,59.0409,31.6279,44.5896,39.7923,53.0571,81.8151,114.7850,97.9808,101.2700,73.0707,41.5810,47.9121,61.8650,70.8297,84.8710,62.6335,29.1779,52.1836,76.6703,61.0590,53.1607,51.3881,61.3583,30.9578,30.6463,42.3640,62.1020,103.6740,101.6750,80.5184,68.3309,61.6933,41.0335,17.0676,30.0157,57.3497,66.5938,70.0749,75.4813,79.1294,70.6246,61.4132,71.5364,70.8748,67.5809,73.0156,67.3608,50.1367,38.5698,27.0642,21.4749,29.7620,35.8593,44.1114,56.0907,75.0966,90.9545
50247.5000,50194.5000,39773.7000,47555.7000,58080.5000,47461.4000,35591.3000,29277.4000,24306.7000,20318.4000,14640.1000,10988.2000,9648.4000,9711.1100,7614.9800,6111.6700,6592.8700,5596.1600,4261.9100,4136.4500,3782.1800,3087.8100,2915.0500,2611.7500,2056.9200,1873.5500,1563.4300,1178.3900,1070.8600,1013.5000,978.5190,955.4720,898.5850,821.9820,792.6920,766.7810,570.2280,425.1730,338.6000,256.1390,163.4940,90.3664,39.6805,71.3713,153.0990,198.6590,229.3330,226.5680,166.2040,144.1260,157.9430,170.7550,278.8420,408.8690,524.7230,591.7930,436.4620,281.5280,216.0610,238.6570,254.7240,228.9830,96.8957,157.1930,144.9170,152.4220,134.2440,117.9400,118.9010,140.1760,212.4450,270.8990,246.7190,215.8330,234.7040,228.7420,235.3200,214.0240,194.4640,181.0690,208.8570,204.9290,148.6420,85.2626,34.9995,44.5125,45.1392,83.2026,152.9050,213.2760,234.6370,248.1090,277.6120,296.3260,361.6230,458.7210,617.3020,880.3030,1020.3300,986.4810,993.7770,1011.6800,972.8760,683.1490,384.2740,270.4560,236.5650,198.5610,213.1630,238.4620,214.0670,177.3800,108.6690,54.9904,43.8516,72.2093,86.3512,136.4080,151.8380,113.1800,81.8526,43.8845,32.2504,44.0908,52.8078,45.9957,46.7780,58.2050,63.4362,82.2726,97.1583,63.0107,46.4874,103.2210,124.6630,121.9580,81.8200,62.6577,91.9112,139.3410,168.5710,136.5890,127.5300,155.3020,141.3880,91.0659,68.4975,127.3330,188.5610,203.9040,238.1770,259.0760,311.8800,335.2280,325.6390,262.1600,174.8670,122.3660,130.3280,150.0240,143.5160,128.5350,89.6411,44.1352,47.1350,95.7783,117.7310,84.0732,51.7594,34.0302,21.4259,13.9424,41.9545,41.7515,40.5811,28.6076,9.5135,2.2615,5.9435,27.8394,25.9199,18.5917,31.8482,65.8036,92.6263,116.7680,153.4490,165.7120,119.2600,81.8788,96.5463,120.8440,137.0340,76.6931,36.3235,19.5559,18.3762,14.7471,17.1905,33.4850,54.1559,64.4469,57.1911,44.7198,34.2253,27.8665,19.2957,12.8202,30.7931,49.7019,74.7359,106.7850,128.0920,124.9210,119.5570,109.4800,107.9510,92.8048,75.2022,71.6714,86.9155,84.1004,57.2060,28.9750,15.1174,19.1469,22.9352,8.4272,6.1922,31.4235,39.5824,62.1416,49.7321,32.3798,19.4153,13.6295,8.7684,11.4381,20.6951,29.5346,23.8504,20.2957,11.5565,8.7719,34.2409,50.6331,69.9428,74.2014,59.0962,55.4203,69.2832,63.5493,48.3881,16.0133,12.3812,14.7106,30.9832,48.2272,60.2593,68.4305,93.3564,99.4176,81.6484,58.5463,14.4576,17.7690,25.9697,23.3426,35.3926,30.1728,18.2275,12.3625,9.0572,10.9148,33.7484,43.7642,57.9147,65.1597,63.0360,55.3013,46.8669,24.3949,9.3339,20.6322,25.0250,20.0281,14.9829,13.7400,16.6406,23.9900,19.7172,9.7807,17.1156,41.9513,56.0865,46.4627,39.2424,36.7999,36.4740,34.9277
49637.6000,49379.3000,39119.4000,46637.6000,57111.9000,46932.9000,35228.3000,28473.6000,23456.8000,19641.7000,14319.4000,10817.6000,9533.4800,9441.0000,7193.7000,5758.4000,6274.6000,5306.5500,4071.7600,3980.3300,3652.2300,2975.6300,2834.7100,2529.7300,2029.3300,1915.4000,1613.8200,1256.5600,1188.3100,1132.0400,1118.2400,1105.1500,1073.9900,946.0700,879.9560,813.2770,606.3600,447.6440,346.5820,259.8610,174.6610,117.8080,63.8718,98.9422,186.3570,251.3790,285.5710,269.2230,212.6280,199.1330,199.7820,214.6540,325.3700,437.3140,529.7410,574.1610,413.5990,272.0510,212.1730,223.5160,289.8500,284.9680,168.2630,218.2390,166.6100,148.0660,138.3060,123.1700,99.6022,121.7760,209.5680,274.2170,251.1070,241.5310,257.1830,238.2880,226.4670,195.9250,195.6290,184.5110,190.6930,190.0690,140.0060,84.2178,71.0143,78.4234,79.9908,105.9750,171.4360,225.6650,252.5170,268.9350,283.5520,282.0270,342.3120,454.6780,617.9970,872.8300,1002.6400,959.2080,952.2370,960.6790,916.8490,635.3350,340.8990,229.1610,212.0100,188.5490,190.1260,199.6960,177.9320,145.5410,86.9147,55.2501,68.6124,83.9216,93.5539,130.8770,135.8090,120.4370,97.2570,77.1828,62.4556,67.5916,76.1558,65.3171,59.8336,81.1556,103.2480,149.2320,163.0120,114.1130,88.5181,124.4610,147.0270,149.3630,122.2030,113.8390,123.0060,157.6200,203.0900,180.8330,128.4660,132.0270,142.8570,108.9130,88.3476,129.7020,170.8260,193.9250,222.1090,237.9080,277.3280,310.3820,313.7440,259.7690,182.7230,126.2100,141.7640,167.3420,165.4640,126.1790,81.7771,36.5713,41.6947,83.7189,79.5956,54.8580,34.9344,17.9922,17.5668,23.6598,23.1403,23.9381,24.2930,22.6408,19.9358,30.4656,32.0287,42.7429,56.4227,53.5693,49.4185,76.0644,120.9540,157.1020,170.3350,155.8080,113.6490,94.1129,114.1190,129.4990,132.6400,80.8996,36.3927,12.4940,19.9575,24.8426,23.8448,24.6234,45.7456,64.8474,38.8598,27.8241,42.8551,41.1361,20.8650,26.0914,38.5700,52.1304,84.5928,129.9320,147.0730,128.1100,136.8650,141.4160,134.1150,106.6600,85.8949,88.6865,86.5261,68.3746,44.8994,22.9759,9.2213,32.0873,32.6368,28.3829,9.3421,21.8904,41.7832,24.3009,30.7006,16.1335,22.9833,10.7228,11.2766,10.3576,10.3100,7.3122,14.1638,20.0131,21.1100,21.5016,33.8618,51.9928,58.8576,63.5128,48.5076,52.5928,55.8128,44.0995,26.5407,16.4876,19.6523,14.6679,20.0169,29.8644,41.6995,69.5144,80.5463,73.5246,65.6151,55.5290,33.4845,24.7768,32.9062,30.5912,26.5712,28.4029,24.3289,23.3000,11.7187,17.6199,31.0736,36.1887,45.5918,39.9237,26.8939,23.9769,18.8895,14.3370,16.8074,19.3781,15.2164,14.2586,26.9653,39.7006,22.1685,12.4565,17.9313,14.9771,22.3342,34.9042,40.3061,40.8867,33.9714,20.2166,29.0295,36.1940
50497.4000,49956.8000,39638.8000,47372.1000,58013.6000,47836.6000,35962.0000,29126.8000,24012.1000,20152.0000,14567.8000,10951.9000,9715.0100,9567.2000,7315.1800,5905.5900,6389.5400,5409.4000,4162.2900,4072.7500,3709.9400,3050.4900,2899.2800,2615.6600,2107.1200,1938.9600,1624.1400,1273.1400,1163.9500,1115.2700,1157.4400,1148.9100,1155.6400,1003.3900,891.8540,786.4450,589.8250,420.8160,344.3580,243.8030,161.5250,94.5509,35.2406,84.8407,174.0540,223.1600,250.8950,224.9910,170.7650,161.0810,166.5040,191.8160,290.1320,386.8580,472.0440,535.1530,411.0180,281.2230,192.3600,192.5550,252.2190,241.2080,209.7940,246.7020,210.3740,190.7560,183.1280,158.0000,104.2580,72.9752,124.8390,177.5920,179.4380,200.2040,223.3140,213.5770,209.1290,193.4580,192.8400,179.5830,206.9930,219.2720,154.4920,105.0280,128.1730,133.9810,133.6980,164.1730,245.1270,288.3340,292.8300,320.9330,336.0520,315.2230,347.4740,456.6350,629.4290,876.9910,974.1810,912.3950,930.3380,933.3930,900.7450,604.5850,310.8220,221.3440,202.0750,179.1910,196.0400,203.5440,177.1850,144.7860,89.9075,61.1525,72.1394,85.0328,92.7986,114.4540,103.7520,89.7621,74.1520,58.2141,62.1336,73.5824,75.2721,68.0952,78.6186,86.0462,90.9858,118.3590,144.6160,112.3140,80.1380,97.7037,123.2370,135.5200,108.5770,75.5299,74.6419,117.4180,149.4230,125.8170,104.9730,128.4720,130.7510,87.7706,66.4719,123.5000,166.2820,176.6670,206.1050,228.1230,267.8670,313.8210,325.3520,257.8940,188.4970,138.9360,128.6490,136.3420,135.1230,134.0050,71.1498,29.2616,57.9243,97.0866,97.5822,74.7922,47.3843,28.7818,18.1173,11.7214,16.5035,20.2100,26.7951,15.2860,24.2939,33.3860,54.3637,56.8325,46.4041,35.4154,50.0331,74.3424,99.5094,127.3090,156.2270,150.8400,112.7710,97.8342,107.5990,118.7520,113.9870,72.9401,38.7700,19.8116,20.7927,28.1004,27.4428,22.6278,32.5234,56.5044,51.3464,36.1958,27.3861,27.8557,31.4029,36.2078,44.1440,66.5365,97.2258,133.7840,149.3280,148.8510,150.3720,143.3620,135.0980,123.4540,100.3370,88.5534,93.1310,77.9415,51.3748,19.0026,16.7424,23.3566,24.4587,9.5943,23.3921,25.6795,40.0949,32.1087,35.7652,20.5748,12.5046,3.3552,8.7673,12.3406,11.7945,8.5216,7.0917,8.1672,3.6025,4.4668,15.4264,29.2766,36.9899,34.7562,29.0023,49.2470,54.6214,45.0791,29.9860,16.6670,8.7311,18.5855,36.9163,50.9466,63.0710,78.4493,98.9342,98.9658,78.7628,52.6898,22.7620,27.9853,28.3049,12.6780,17.3225,20.3744,35.0799,30.6150,31.2471,32.8344,26.5454,23.1262,23.4962,34.8051,53.1504,48.4918,46.8337,35.3712,27.4549,27.5502,20.8650,10.7940,11.1125,16.3288,28.2734,15.7804,11.4172,20.4606,34.9117,44.3990,36.9770,43.1782,41.2253,33.2802,30.1237,33.8841
50417.9000,50268.3000,39902.6000,47688.8000,58199.8000,47630.6000,35747.8000,29076.8000,24092.8000,20063.7000,14460.4000,10921.5000,9600.6300,9584.4300,7480.3800,5984.2100,6472.2900,5555.5700,4256.6900,4120.1900,3781.5000,3146.6900,2922.5900,2611.2400,2125.0900,1883.7800,1564.8200,1261.3300,1113.4800,1070.6600,1170.2300,1142.6700,1121.2000,962.0250,787.8500,641.1170,501.4860,397.8690,279.4030,133.2910,104.1820,94.5201,88.6747,106.7720,160.9790,184.3110,186.8660,146.6020,101.8640,106.8250,138.7880,107.6420,220.8890,343.0240,462.8080,476.3100,389.0140,306.0580,248.4330,180.3190,325.8520,289.8890,327.1490,183.8510,168.2400,225.7240,287.3490,239.6040,94.4759,64.4933,91.4649,143.3910,121.0120,173.9560,260.1370,264.5960,217.0360,143.5930,186.2140,201.7770,235.9180,269.8050,208.4180,178.5300,200.4860,234.1740,131.1970,153.8040,284.0100,275.5300,293.9830,358.8540,341.3710,293.7080,325.5830,496.9370,638.9580,801.7830,979.0050,1027.6700,989.9940,946.4400,868.4520,666.5070,332.7210,219.6420,315.0220,222.2180,136.8080,243.3630,284.5080,275.2810,145.9440,56.8520,129.9060,117.7860,125.8300,41.6742,55.7551,161.5430,141.4900,103.0420,25.0897,77.5103,115.5610,102.3680,45.6579,22.2200,44.9517,81.8191,157.0360,153.4060,114.0160,57.2723,59.9608,89.7579,97.5438,75.4516,66.0280,56.1618,61.2537,112.3570,167.2140,171.3880,111.0890,49.6165,99.0575,151.7230,127.0810,105.5230,196.1310,287.5270,373.9940,404.6600,390.6800,298.5760,205.0860,96.9284,62.9249,179.5400,211.5180,292.1460,243.0850,196.4390,240.6740,271.0840,335.1610,204.4540,218.5040,149.0340,172.5430,202.4370,155.3310,202.5910,131.8590,191.8300,178.9790,135.9020,137.0140,60.2377,111.8470,87.9998,72.8575,45.8798,96.1413,171.0100,260.8050,285.9740,227.5900,174.2660,119.3690,87.6541,54.6732,51.0265,97.1393,127.8840,93.4085,91.3142,41.8036,26.4596,13.1951,34.4535,17.1193,10.3902,34.4789,51.0343,59.0165,61.7509,45.2954,21.5163,43.4366,75.6014,111.9170,148.4220,176.8390,169.7140,158.5870,132.0590,71.0727,23.3233,30.5479,51.8324,26.9812,30.0067,65.7902,59.4605,57.0944,31.3121,13.1702,22.2458,37.9572,33.4680,24.8254,49.9316,51.6917,49.9224,32.3251,39.6234,56.9750,43.1813,35.3863,18.6159,21.6367,16.9566,40.9657,58.9282,43.5934,44.6643,56.7772,63.9799,44.2799,24.4066,15.6746,19.6312,30.7835,39.1770,46.9718,53.8220,65.9803,77.1395,89.3701,64.0470,34.2909,22.4893,32.5787,28.1383,27.3058,21.4151,19.3547,23.2366,27.2222,33.3653,47.7035,46.6333,56.3175,65.8999,69.0311,52.9805,45.9700,51.4884,53.2492,48.4830,43.4125,42.3614,36.2145,30.0917,35.1856,31.4643,34.0639,37.7865,42.8381,40.7761,26.4240,24.7558,41.0494,35.6112,20.3077,26.8935,40.8283,37.5711
49774.5000,49715.1000,39405.1000,46929.5000,57313.7000,46952.5000,35197.9000,29358.5000,24343.5000,20449.5000,14700.5000,10903.2000,9528.0000,9707.3400,7590.9000,6014.3000,6541.3800,5544.5900,4164.4300,4042.4900,3742.1500,3049.8700,2898.3200,2615.7300,2040.7300,1862.2300,1578.8200,1222.3800,1155.6400,1149.2500,1221.9500,1199.2900,1195.2600,939.6580,665.2380,545.8200,409.3310,276.3450,148.9810,60.8795,16.4837,33.0771,103.5940,175.4960,205.7320,226.4520,222.8220,199.2220,161.2510,169.9170,161.7510,160.1930,254.8260,324.8420,386.5280,461.2090,363.3710,299.1130,234.9590,185.6650,222.7640,224.6530,270.5300,284.4360,248.9300,258.4310,266.3260,233.7980,150.1840,103.6110,56.7309,138.5660,185.0750,212.4830,239.1790,248.0570,254.0500,244.9530,216.9110,187.1550,241.0790,311.0060,305.5220,280.2620,281.9200,268.3880,236.4470,239.7790,290.4370,316.9470,332.1170,346.2220,343.3840,313.4340,354.2030,500.2610,672.7570,903.8270,1013.2600,974.2340,964.8010,934.2350,884.1430,632.2300,358.2640,245.6660,219.5580,213.1880,218.2810,235.3240,219.1710,200.8120,129.5500,87.6897,110.0830,110.8720,115.5900,126.6900,134.8070,97.0168,58.6251,75.8242,96.3134,88.7392,75.2608,53.9046,46.0888,39.7447,38.2187,63.2104,94.8245,74.9619,56.7881,24.2842,48.5475,62.2618,51.5641,16.0877,52.2781,103.6980,150.5240,131.6280,99.9188,105.0990,101.7500,61.3164,43.8975,108.8850,155.0890,170.5860,188.9720,212.7750,262.0250,317.0180,315.6240,243.5210,163.0240,120.6850,119.7840,116.0960,85.2285,60.2569,32.0111,39.2363,44.5885,75.0404,55.3762,27.4933,19.7004,15.0028,9.8250,8.4454,10.2064,20.0676,24.7876,34.2511,46.3205,53.5147,57.4163,65.5025,65.9629,56.4992,52.2451,82.4447,124.5900,155.8770,174.0510,177.5920,148.1060,129.8980,124.2790,133.1800,124.2770,73.7607,26.6782,37.0769,64.0107,50.4564,39.0425,44.5552,48.1448,51.9209,24.9070,14.6482,28.8189,27.3597,20.2320,28.9960,47.4532,64.1338,82.8348,112.6620,143.0630,148.3610,140.3350,128.6970,112.7770,91.0171,70.8370,74.1730,81.2594,64.5201,40.5147,18.0234,17.9129,19.8678,20.0338,7.3209,13.7251,13.0013,13.6767,27.7303,46.5468,45.8263,46.9749,44.5502,42.9214,31.0151,20.9248,23.7958,30.2493,40.2488,32.3552,19.7167,19.5751,35.6220,48.3749,64.1169,61.8180,58.5236,60.8562,60.1543,54.0762,33.7098,19.6509,11.4203,8.6907,24.3557,46.7954,70.0709,91.5601,96.7891,88.1922,73.3163,42.5495,21.5618,25.0670,40.1650,39.9681,25.6109,17.2147,17.2693,19.7180,23.5813,24.8541,27.4253,41.7940,61.7541,58.3068,42.3836,24.3781,16.8442,22.3596,21.7213,13.2259,21.8799,35.3762,43.2537,41.1202,39.5532,33.3828,23.7725,17.7804,19.7917,25.7219,29.5322,30.8608,11.9149,12.4132,20.1819
50614.4000,50134.5000,39844.1000,47509.5000,58037.1000,47796.7000,35846.4000,29947.8000,24745.3000,20957.2000,15058.0000,11187.1000,9893.5200,9991.1800,7839.2100,6274.9200,6720.7600,5744.7000,4364.8700,4205.9600,3853.9800,3155.7000,2990.1500,2692.0900,2108.2600,1868.4200,1583.4900,1267.1300,1170.2700,1153.1500,1222.6700,1228.7700,1215.3000,973.5610,722.0370,569.6510,455.4880,337.2790,204.9680,93.6990,39.9681,43.8709,51.3488,133.9180,179.2050,193.4760,195.3410,160.8260,157.9440,166.1660,128.7870,147.5640,271.1530,345.4900,409.4780,470.2190,376.5270,307.0640,251.1540,207.2850,230.2210,227.3960,264.7060,286.1470,250.1220,266.5560,275.5320,242.4960,163.0350,118.3620,40.7519,121.6570,143.1760,173.9110,216.5690,239.4110,224.0580,188.4650,180.4440,181.3610,222.3070,304.0980,314.7190,306.5070,287.8180,280.2410,265.0340,305.3810,363.6910,349.6760,331.5890,346.2060,358.0220,336.5560,379.1200,492.0250,656.5970,923.3160,1032.7900,973.9750,957.4860,919.9520,850.2830,592.5040,343.0090,229.6980,189.9780,215.1880,263.3160,275.1940,248.0490,224.4200,168.0990,128.4320,107.9720,97.5884,103.1350,116.8430,111.7420,94.5398,79.5513,61.2799,69.6755,99.8019,108.0100,103.3990,73.0272,59.7293,69.6338,91.1916,126.8980,69.8660,53.7739,75.1785,100.0960,106.4830,85.9612,50.8966,47.6456,95.9557,146.9080,137.2660,102.6410,72.5621,44.0156,30.8217,69.8467,138.6450,180.8520,206.4040,219.8800,241.7140,272.5100,304.1490,285.4580,220.7010,161.1220,107.8220,88.6425,92.1383,83.1952,63.9115,46.9854,35.1049,35.7372,54.3817,17.0850,43.5203,34.4480,33.9436,18.2259,13.7347,14.1672,23.1763,28.0249,41.1606,38.7146,31.9860,45.8683,67.6145,74.7298,68.5840,56.0439,69.8746,106.7700,135.4860,157.5090,167.1040,131.6440,112.2400,122.8020,118.7180,96.7003,35.2325,10.2467,26.8051,42.6818,53.6204,36.0163,23.8754,24.3326,46.7272,51.0556,43.1448,41.2807,43.5153,43.2171,24.5869,27.3126,66.5460,109.8410,143.8520,135.8610,124.8880,136.9000,131.3470,112.5510,86.9212,91.9785,98.2273,75.8904,68.9985,54.2641,39.8191,23.0000,37.5853,61.7237,34.2384,19.0077,22.5787,34.4740,53.8019,84.1864,76.5385,72.4660,64.0617,52.3783,40.6049,45.2438,49.2975,56.9423,38.4363,20.0727,16.4495,26.0593,35.3533,45.0221,39.6453,31.0478,45.2198,57.8402,57.1519,50.8772,31.3463,20.2930,7.1308,13.7839,25.9194,45.5837,82.7318,119.1380,107.8230,92.6616,73.9932,52.5957,27.2180,24.5552,42.4132,60.2442,55.7931,37.0693,14.2688,9.3601,15.1613,38.8244,52.2510,61.7242,52.2010,40.8331,29.9636,19.5430,5.4231,9.1861,8.5897,12.1001,15.9760,15.2317,24.6005,45.0118,40.8039,34.1898,25.2075,17.3040,10.8404,6.5188,11.4174,21.6107,31.8504,11.6916,11.0921
50726.5000,50459.6000,40051.8000,47898.3000,58425.6000,47844.4000,35912.7000,29637.9000,24571.4000,20518.9000,14732.4000,11054.1000,9741.9600,9823.5300,7717.8500,6178.0800,6661.1300,5688.3100,4336.3200,4181.4500,3807.9900,3146.2700,2951.1600,2648.9500,2045.0800,1802.0000,1510.6000,1171.5600,1055.2500,1032.0600,1102.6100,1091.1700,1081.7700,877.1200,693.3560,597.9520,464.0890,341.8150,212.4290,112.5330,54.3198,70.5563,91.7673,160.4840,176.4200,166.9800,155.7930,143.4800,122.2960,120.4440,112.9450,120.2600,205.5850,281.2230,361.5340,467.6320,389.2350,324.4420,254.2790,226.5940,262.4810,218.3820,217.6080,233.9100,212.1270,242.2180,259.5900,239.5870,172.5100,105.8210,42.0598,146.3470,199.2640,218.0920,238.9070,255.9990,243.1890,208.5810,166.2730,146.4620,221.0930,309.0950,295.3990,283.6140,275.8130,297.1720,275.8500,298.2220,350.7870,346.4180,351.7720,379.3120,370.1170,349.1680,358.0170,469.5680,646.5980,887.2570,997.5590,961.7340,956.0510,928.7800,876.3220,625.1940,352.0050,262.7030,253.6380,234.8520,237.2290,244.3020,212.6410,175.4100,124.5280,85.7040,76.9582,94.7587,104.8400,135.0420,118.4510,78.2553,68.3200,86.6244,100.9920,106.4200,111.8660,109.1850,88.8019,71.8679,75.3608,81.9351,100.1450,39.0036,20.1428,92.8673,98.8439,88.2396,67.5196,76.0602,110.5810,142.7050,158.5520,140.2770,125.3080,130.9000,127.2120,96.4949,73.8276,124.0490,178.2390,194.8620,228.2070,242.6580,285.6980,333.0700,325.1050,251.1670,166.1570,119.6300,112.2880,116.7220,104.9440,86.6297,63.8251,19.1735,29.0789,74.3815,59.8934,24.3132,11.0608,21.6759,12.8782,15.4501,12.2572,18.8850,24.0693,29.6380,39.9266,52.9382,60.2033,73.3281,66.9723,57.3035,53.6152,87.2192,128.0230,162.3470,184.2960,182.4850,154.0370,134.2530,128.1560,138.8480,133.5080,72.9880,22.5821,31.1492,47.1750,37.9434,35.3002,38.8573,39.3988,44.4246,31.3259,15.2353,8.3746,15.7257,16.2865,16.6406,29.8003,59.6671,91.7544,125.4010,130.3960,127.4710,138.7010,135.7160,123.9440,85.2411,73.3978,85.0888,79.1059,72.1400,52.2901,31.1743,25.5059,30.3839,28.8278,19.0236,28.4507,40.7230,34.0981,20.6921,20.0559,15.6253,33.1220,35.9792,35.5881,31.1862,22.8262,32.3652,48.5154,37.9267,23.6582,23.6251,38.5596,60.1002,69.4548,77.4328,52.7789,50.8697,60.8575,52.3725,37.9972,25.6673,26.0737,6.9915,27.7176,39.9934,49.8927,70.1551,109.4000,101.6400,76.5720,53.4197,45.5233,42.3399,31.2574,43.0151,52.7506,32.9221,17.1669,2.9827,5.7580,13.5338,34.6572,43.9052,58.5096,57.0993,42.4238,38.6937,37.9057,33.0516,16.7373,24.5236,26.2329,15.5401,6.7055,13.9010,7.4204,16.4611,12.8249,13.8690,14.4498,18.0730,19.6153,24.0797,28.5733,29.9570,28.5131,20.8750
49781.2000,49690.7000,39371.1000,46961.3000,57359.4000,46978.0000,35288.8000,28798.8000,23805.0000,19754.9000,14261.4000,10698.8000,9405.4700,9490.3400,7296.5200,5793.0300,6341.3100,5352.2300,4052.7100,3956.7500,3643.8700,2953.9400,2794.7400,2508.5900,1931.7000,1744.0600,1450.2300,1096.9700,1033.9800,1013.9200,1005.1400,994.8680,974.8400,845.6560,787.1950,726.0860,510.6630,318.0100,178.0090,149.9720,138.9490,124.2640,66.8091,99.8468,158.3850,184.6520,190.0840,184.3740,159.2980,176.4220,172.8530,176.7650,271.3330,364.6540,459.3560,550.2710,449.5800,331.4640,239.1240,236.8880,274.9080,237.5060,112.4680,158.6230,158.5650,199.4040,205.4910,177.8430,104.7900,60.3841,110.5830,231.0430,266.9670,276.7010,298.6760,292.9010,268.3080,238.7610,219.6660,197.5740,247.1720,310.5690,271.2020,227.7690,199.6990,216.1210,211.2950,235.2330,304.4580,312.1110,316.4110,333.6060,352.7210,328.7960,343.3990,452.5030,625.6910,891.3410,1021.9900,979.8260,969.6850,941.5950,893.5750,638.6740,361.5960,259.2380,227.1830,218.3390,228.0870,219.9640,180.0480,148.3610,91.4231,68.9483,89.6697,87.3200,94.1840,118.5700,117.6660,75.9508,46.9656,60.8419,75.5844,80.2189,76.5526,74.2596,68.4362,82.3812,91.2709,105.0560,96.3975,37.1538,42.3447,107.2300,124.2660,119.2410,94.2492,70.9757,108.2780,167.9540,187.8810,158.7040,148.8540,155.0990,143.5280,92.5351,72.3823,129.8750,170.3420,179.6430,206.4100,242.7170,295.5960,337.7490,338.3140,265.9200,175.1480,114.7650,110.7040,126.0170,109.6800,82.7797,53.5431,19.3644,44.4725,86.0329,79.3140,37.6162,26.8718,27.8186,17.7800,29.5620,29.2301,15.2698,23.0744,33.4781,27.6090,32.5715,47.2704,50.1149,51.7359,40.8090,37.0207,69.0461,115.0810,158.2180,186.9820,186.0410,154.0430,132.9580,138.3950,151.8050,151.2030,104.6340,52.9268,35.4904,54.3245,57.5547,51.1400,36.1837,41.4102,67.5761,61.3043,40.0947,31.2080,37.6866,44.5005,43.5649,37.5304,52.4918,89.8421,137.3570,138.2650,122.9890,132.8740,134.6180,130.5880,94.0888,56.9644,60.9786,67.9571,55.6298,44.9376,33.4947,33.7990,36.4349,33.9265,15.8838,24.6507,41.4043,36.8633,20.1179,19.5047,28.0407,26.7511,22.0928,23.5661,16.2828,11.2066,28.9713,39.0647,45.8921,31.7480,22.4865,38.7197,55.3913,60.8482,71.8977,64.0595,49.5709,42.6024,37.5905,32.7122,21.9583,19.8483,8.6670,21.7648,31.1285,44.8487,72.9617,102.8960,94.6651,76.7880,52.9203,19.9152,27.9124,45.9701,51.9567,43.6200,37.4734,21.8016,10.2077,20.4678,27.6334,30.6953,40.5783,52.4738,58.0967,43.2232,33.8699,27.4193,18.6051,10.8913,26.1032,28.1393,40.4272,26.9915,18.6921,18.8518,18.3471,10.2049,14.3973,27.4423,38.2815,33.3683,31.7570,26.1701,17.0641,11.8239,22.0754
50294.9000,49738.8000,39439.5000,47048.6000,57628.2000,47575.6000,35786.2000,28976.2000,23828.9000,19944.4000,14419.8000,10817.0000,9652.0000,9594.2000,7317.4700,5899.2400,6370.4100,5363.3100,4130.2300,4015.3200,3655.4500,2946.1200,2783.8400,2464.5900,1890.5600,1714.8700,1407.7500,1051.5700,1004.7700,968.8300,919.6550,947.3450,909.7450,837.4290,794.7780,731.0420,519.0320,330.7060,210.4530,174.4760,166.6510,171.8800,107.3950,110.6960,150.5400,182.9840,187.9180,186.1650,158.0020,171.1860,173.0980,174.8960,258.9790,355.1540,455.3600,547.2280,454.2300,333.7490,253.6840,255.4780,304.9680,264.5910,107.3220,132.1200,132.2060,172.7190,186.9000,165.4480,71.8220,76.2936,154.1220,261.5900,298.0430,319.2620,324.7260,301.5340,261.2050,226.3030,218.6640,194.0220,215.2690,255.0020,215.1920,169.8300,143.2240,144.0790,167.5420,210.1480,268.7360,270.7830,287.9600,325.1510,338.7550,310.6690,337.0890,450.3770,628.6390,875.7440,973.4440,928.7740,920.2380,896.6170,832.2840,585.3140,334.9860,237.5580,206.0940,194.4680,217.0290,219.4800,182.3300,137.6990,77.5920,43.9170,46.7441,68.5467,69.6167,96.0864,80.3159,57.5617,34.7362,27.4179,55.7882,61.3956,61.0078,58.9387,64.1142,64.6418,72.8567,92.3213,106.3050,50.1290,28.8407,91.2999,120.3900,122.3580,102.0010,82.1205,104.9760,152.0670,188.1970,170.7170,125.9950,125.4670,129.4900,87.8902,52.7762,108.3040,151.6290,171.9080,202.9260,236.1030,281.5500,334.0450,328.8120,254.5590,170.1230,112.1140,116.6650,130.7460,121.2090,96.0650,65.2846,23.2320,38.8938,80.5515,69.0620,27.3926,8.4690,18.6404,36.4102,57.1312,54.8137,42.2788,30.1066,36.8065,60.0855,57.9071,47.3485,40.7351,61.1920,66.4959,43.8717,47.7167,86.3648,134.3020,170.0550,171.5370,145.1810,127.8640,129.2430,142.9520,141.2590,87.7062,44.2282,47.5800,57.3025,46.9380,40.7601,36.1132,50.8786,67.1905,48.9476,29.1442,19.2695,30.4624,32.3935,30.3170,31.7727,56.2859,96.8049,140.4050,149.4870,134.0750,138.2500,131.8100,118.3060,84.0257,60.2763,67.5625,83.6715,68.9042,31.6930,14.7263,30.5769,34.0752,37.9134,43.1166,42.8346,38.2635,28.4369,7.6278,24.9265,40.4409,51.6999,45.4392,45.4822,38.5328,25.4777,14.3767,25.8491,34.9079,15.7027,12.5614,36.1093,44.5240,33.4618,24.7168,9.2464,21.8580,29.1027,36.8196,34.1334,23.3170,22.4410,26.4093,26.0842,26.4409,39.7531,60.1633,85.5183,67.4588,44.1073,18.6083,8.7436,16.9596,25.2402,31.9447,33.1195,17.1663,10.6883,9.3744,12.7824,23.1964,29.7440,39.6565,55.2227,71.6780,51.9647,45.5724,26.5630,26.3721,29.9369,27.7657,28.8262,27.1187,13.7842,12.8068,23.5959,32.2292,28.1277,20.5155,29.0007,29.7345,28.2266,26.0625,19.2935,10.3976,16.0399,16.4601
50646.3000,50221.7000,39849.5000,47699.0000,58287.1000,47855.6000,35992.9000,29089.4000,24068.4000,19990.5000,14335.9000,10808.4000,9622.2900,9548.0500,7327.6100,5905.5200,6410.7700,5426.3800,4186.5400,4059.6000,3656.1200,3029.4300,2803.5400,2505.3200,1934.2000,1714.4500,1419.0100,1093.6200,1011.4000,968.3160,987.7140,957.1320,973.9530,852.4540,755.0130,687.8990,493.0780,330.6460,191.0040,140.4460,150.1460,180.8810,149.0040,134.3660,144.3050,147.4510,138.1950,127.1340,93.7956,97.0270,101.0460,100.2760,198.5290,310.6130,433.7380,546.5280,438.5160,324.4760,237.7870,257.0020,316.8330,284.1550,149.6760,167.6620,129.3930,155.8590,163.0730,154.7870,64.9776,74.4642,156.1980,250.3270,286.0390,317.6770,319.3560,293.3800,241.9240,203.1920,191.6900,170.6580,200.8950,238.6990,189.2080,131.8130,117.3380,144.3700,171.3660,227.1530,279.7260,292.0870,309.4820,336.3480,343.1830,317.2460,340.8920,461.6920,635.6210,865.4170,961.5220,942.8110,930.5350,896.2570,809.7200,559.1880,320.9670,224.5820,200.9820,204.5810,230.7270,230.6960,189.7790,150.6430,91.9648,78.3717,94.9540,102.5610,95.7470,117.1080,95.1087,52.4130,22.9321,30.7417,47.6004,58.8850,58.8929,56.5028,43.0078,34.4201,36.0145,54.6321,73.5971,39.8963,19.4066,73.3329,102.6600,108.4200,104.3100,82.8193,93.6554,138.5050,170.9950,153.9750,127.3150,115.6100,103.7540,59.6532,38.0281,115.5040,161.9780,187.6100,204.6580,236.4080,268.3030,311.4070,324.0720,242.6990,150.2900,94.3864,88.1984,94.3377,87.6352,78.5472,45.4724,20.8916,44.5097,73.5979,72.0897,21.7984,16.7064,41.8987,47.6035,45.3285,31.3305,25.2106,33.1932,36.4810,42.0516,39.3033,32.9551,53.3178,68.2080,68.2201,38.3163,59.2513,98.7805,132.8360,168.2050,187.6870,163.3530,147.1890,140.9640,146.1550,130.5570,77.6787,50.1096,52.9021,58.4233,50.4942,35.0293,22.6548,30.2193,48.9366,41.4019,19.2607,14.4837,31.2399,36.1795,36.7581,37.2549,62.5147,100.0280,142.2220,144.1980,144.6470,146.2270,131.3460,100.9650,72.6221,58.8998,53.6450,57.2369,49.7372,38.9147,32.7730,21.3113,20.5923,21.5711,13.2018,21.2952,28.7031,46.6471,23.6194,71.7311,65.0096,73.3336,47.7330,40.4907,37.4262,31.1780,21.4499,18.5463,26.9422,34.0147,16.5250,12.7671,41.7206,42.3607,50.5270,18.1939,10.2994,23.5201,22.6152,31.4198,22.6409,35.4595,35.9028,37.0842,48.1136,66.9696,88.3627,105.4080,86.3503,58.4876,31.1430,7.3853,31.8796,39.6880,46.6471,41.3575,37.3172,28.8508,19.1395,5.9002,6.9481,17.0836,30.8138,58.0869,66.0319,55.3776,49.3477,40.2645,28.9407,33.0254,42.0329,29.0625,26.3060,9.0146,4.9022,7.6140,18.4539,7.0572,7.3708,23.1222,26.2711,35.3974,37.7929,35.3488,24.8953,23.9310,20.3706
49954.6000,49962.5000,39604.8000,47241.8000,57648.3000,47143.8000,35380.9000,29453.1000,24467.5000,20384.2000,14587.5000,10882.4000,9534.8400,9739.6900,7633.2400,6024.5900,6555.8800,5582.9000,4217.8800,4107.4400,3763.2600,3058.5300,2830.9100,2528.9700,1925.7500,1740.1400,1477.0200,1098.3800,985.4390,916.8800,901.2790,881.8840,898.0430,809.2280,741.5850,688.5620,497.4680,341.0390,204.5090,158.3360,156.8210,165.1210,124.3620,94.5821,119.4940,140.5680,153.3220,159.2610,133.5880,147.1060,150.1460,151.8250,247.4280,351.6900,448.7240,523.5780,421.8540,304.7760,214.4700,223.5600,279.2350,254.2340,131.8030,152.2240,126.9240,159.2920,164.5500,140.3380,66.6403,79.9341,136.7420,233.7020,260.4320,280.8260,290.8590,274.6550,243.4730,212.5210,198.9480,183.4170,223.5180,266.4800,222.9840,186.2020,167.3550,164.6250,192.6470,240.0770,296.6660,287.6170,292.2310,339.8890,347.1840,329.2730,341.8170,472.0770,634.0250,859.3000,970.4930,935.1850,911.7220,884.7710,812.6320,560.4790,317.7800,235.1060,219.0000,205.4770,220.5870,232.8290,212.2860,174.8710,127.5340,101.9210,103.5740,119.3020,121.6740,141.7070,114.0210,55.1738,39.3504,64.6433,76.1233,76.2732,77.3059,65.6930,51.4874,36.2745,24.4028,50.8688,67.1905,39.6011,22.1458,88.5020,122.5230,126.1920,99.8940,77.0838,104.9650,150.7690,169.1930,139.3600,140.8870,168.4030,151.1830,104.0920,77.5150,126.8750,180.0800,192.6280,224.9590,249.8450,291.1330,318.4240,317.1800,250.0610,159.7060,108.5900,120.5440,131.6600,114.9870,99.7429,65.6586,32.3340,61.5701,109.4420,94.1490,53.2912,22.0776,11.1762,15.9075,17.2385,23.7609,24.9344,17.3072,14.0530,24.3144,39.1615,51.7613,54.8113,54.6259,53.3179,50.8433,69.1997,105.8670,148.3460,180.3070,177.8360,144.2350,125.6530,124.7030,131.3330,112.5440,62.3739,49.3432,58.0775,51.2772,54.3439,69.2252,70.8345,72.3816,60.6105,33.7732,27.2727,25.5196,23.3963,44.4879,52.1681,49.8126,48.9932,86.4160,134.9350,138.1310,125.0840,127.9920,118.7990,98.2290,70.7196,60.5814,53.6118,56.5113,60.0035,44.2236,26.3283,16.3595,19.6541,35.0491,30.8968,41.6991,22.6617,28.4445,29.8700,48.0561,46.4912,52.3433,43.2743,42.3902,39.4005,35.4628,13.2103,18.6141,40.0394,16.8421,12.3828,48.9448,58.7081,59.5794,57.5797,50.5277,34.3001,28.8099,29.0174,27.2982,24.3689,15.1025,32.2971,37.8936,41.5317,43.4016,55.7060,75.5811,72.8198,53.4498,40.4914,19.9207,22.0224,20.1064,17.5693,17.7357,14.2445,14.8083,20.4856,16.5959,26.6365,25.2171,31.0924,41.8550,44.5125,38.8923,37.6881,35.9624,29.2908,18.2759,18.9877,18.7460,14.1009,18.4580,17.9599,30.9586,17.9437,20.3701,11.5263,18.3178,29.0391,51.0054,50.6146,44.9898,26.6797,14.4372,16.5968
50012.8000,49462.3000,39253.9000,46751.5000,57230.2000,47182.9000,35389.7000,28025.0000,22904.8000,19277.7000,14169.7000,10723.2000,9556.6800,9324.9500,7005.1200,5704.4400,6178.8600,5230.1900,4077.4000,3941.7900,3571.8800,2877.4300,2725.4900,2389.5800,1897.9000,1788.8200,1482.7700,1133.0000,1020.2500,917.4290,907.3640,895.2850,881.5050,771.0650,761.4100,739.5310,537.7320,356.8570,209.9100,145.5630,133.6450,133.9870,100.4490,99.2102,153.8230,188.9580,202.6640,202.9180,175.5700,180.9350,205.8410,218.3000,304.9390,405.2490,506.3160,604.3980,478.2400,329.8710,264.4680,286.5360,359.7490,319.0270,140.6350,136.0080,104.3350,133.4220,140.5790,123.4700,37.0388,75.9426,181.6100,266.0990,275.7420,288.1230,311.8120,304.6170,283.9840,236.1070,218.1230,221.5700,250.5430,273.7900,232.9900,205.2110,207.0290,231.5160,263.6030,315.8130,357.7020,327.2200,307.2190,325.4460,339.8150,346.0360,366.0570,472.0370,631.7460,895.3630,1018.0400,960.3790,932.1220,899.3870,822.9130,569.4840,323.9590,233.3630,229.0330,236.0850,223.8640,222.6960,195.0050,172.5240,109.9090,76.2539,108.7000,127.7640,116.7790,124.6820,79.3032,30.4917,27.8713,46.4169,56.7436,59.0924,58.0149,65.9920,54.0295,41.8527,31.1214,83.8364,97.5249,78.9005,55.7179,106.3570,143.5390,160.2560,109.7700,59.3019,82.2690,142.3810,159.5660,133.2910,131.6220,149.6140,136.4020,89.3708,70.4829,115.3990,162.0300,169.4250,196.0310,225.0880,272.9650,332.0230,338.5310,249.0380,147.7030,104.5230,119.3340,122.8320,117.4690,102.0590,65.3763,25.3588,47.5755,85.9857,99.8479,61.9134,29.8361,33.8247,41.3913,33.7878,22.0639,14.9349,10.3536,20.6080,38.8185,56.7970,43.3687,42.0282,60.3425,61.6613,42.4815,54.0204,96.1545,134.1870,173.3830,165.0340,125.9310,118.9190,120.6870,127.3540,113.2120,87.3104,67.6534,70.6716,83.8836,71.2045,57.4775,64.1800,87.4851,103.8680,81.8183,71.5182,63.9369,62.0794,60.4777,62.1700,38.0806,39.2429,85.3373,132.8960,129.6700,130.1280,145.8240,141.6860,124.2960,97.9276,81.7393,74.9094,81.8872,96.6072,78.8659,61.3432,24.5083,30.8174,51.6014,27.9152,28.2882,17.2008,33.1190,26.9245,41.7757,33.7819,43.2906,37.2018,43.8946,46.1140,42.4157,13.3518,25.5156,46.1664,31.0168,17.2216,17.1784,33.7890,51.8302,67.6650,55.7645,56.6611,59.0235,63.0722,47.3605,30.3541,18.6753,27.5989,25.2625,35.5859,58.6872,88.1236,109.5390,100.9660,77.0629,57.4692,15.2400,36.7211,48.6644,50.9821,34.9246,21.1717,13.0840,10.2779,15.5247,15.9690,35.5791,40.9299,48.2582,48.3566,34.0898,22.3956,14.5970,9.0614,12.1506,12.1048,35.6104,34.5703,28.1192,18.1713,17.6790,24.7472,32.1497,28.3698,14.1743,13.0536,19.8964,32.5320,45.8213,40.6114,29.6580,22.3319
50563.8000,49970.1000,39645.9000,47452.2000,58009.8000,47666.6000,35795.1000,28343.2000,23315.5000,19425.1000,14028.3000,10587.8000,9459.2200,9287.6700,7030.5900,5708.5900,6192.7300,5229.3500,4051.7400,3963.4800,3534.4200,2898.8400,2727.5300,2469.2600,1929.4900,1704.2600,1406.5100,1083.2300,946.9690,849.2600,838.2010,797.1610,799.5320,706.8410,696.4020,702.5550,515.2670,338.1780,186.8770,109.9320,122.3110,169.7470,136.1270,104.5970,105.0700,145.5510,151.5190,156.2720,110.4550,133.6600,131.0070,138.0280,252.4660,347.5290,452.8130,548.4150,506.2260,353.3150,256.8870,294.9130,337.3920,267.2010,73.8873,82.8662,142.6290,206.6150,234.3310,166.7750,84.1959,52.3735,124.2560,246.0970,290.0430,275.9010,286.0870,267.5420,245.9100,174.7120,171.1770,194.6390,189.5220,198.1180,166.4260,117.3330,107.6600,164.4840,218.2270,269.8270,312.4600,309.0000,307.2130,319.1830,338.2010,343.0380,373.8600,454.8730,617.1180,886.7620,989.5250,935.3460,920.4860,897.6170,811.6980,550.7270,305.7680,235.8880,237.7940,222.1760,229.3730,241.6050,209.5600,167.4320,74.5346,50.3804,87.5743,97.4049,91.7456,119.4140,123.3360,90.1089,63.9488,14.9640,26.8735,33.6747,6.0069,27.6231,50.1348,64.2763,60.6978,84.2917,112.3050,95.4998,60.9688,82.4878,114.7250,113.0870,42.3258,114.7280,171.3820,168.2640,126.9330,141.3530,151.9480,139.4130,119.0850,94.9695,95.5364,132.2840,158.9470,167.2560,202.9820,261.7080,315.0680,349.9370,355.4930,266.4860,158.1060,109.7510,155.3960,163.7620,114.6970,47.0733,72.0548,81.1480,56.2607,63.8019,134.3150,69.7854,46.5183,18.7225,26.5002,28.0046,33.7037,40.7407,44.6939,37.9484,32.2619,25.5031,17.7259,65.3521,73.4246,74.9013,71.9314,82.9958,94.5282,98.2124,138.0110,189.6300,179.5920,148.1290,142.8260,146.5050,144.4460,72.4401,30.9963,51.4333,43.3163,22.6208,41.1916,82.3312,98.6767,92.2670,28.1243,41.7158,96.3824,80.5337,73.8132,83.2930,95.6973,62.3205,68.0421,130.7540,149.6480,145.5100,160.0470,165.4420,157.9320,110.9170,70.5964,52.5222,32.9903,27.2762,19.1802,29.7707,46.7520,64.1774,40.3439,48.7479,70.2243,83.5784,84.0006,37.8918,85.6589,80.8534,101.9410,80.6180,99.2833,93.7789,77.9149,105.6540,135.1160,150.7980,87.3831,69.0775,87.9029,87.6295,106.3880,78.7035,57.7649,15.1682,26.2475,55.7030,15.6428,8.6325,34.1404,58.1045,106.4530,96.5441,84.0219,60.5472,108.3120,127.7460,115.5670,50.4725,69.5653,79.9602,85.2833,51.8178,44.7082,126.7610,84.6918,49.0553,57.6614,58.3143,109.6150,70.9902,85.5621,29.0739,35.6787,98.6396,78.9785,77.1779,47.0646,66.4035,153.1560,80.2325,63.7286,74.7743,89.6289,112.1520,93.1589,62.9357,37.7389,75.1552,96.6836,127.9810,61.7011,83.8594,69.9197,123.7370
49845.8000,49704.7000,39409.5000,47032.3000,57373.0000,46854.5000,35141.5000,28017.9000,23089.1000,19019.2000,13768.8000,10467.8000,9251.7100,9255.1300,7083.9000,5668.0100,6207.2900,5255.6100,4023.1100,3922.6200,3543.3300,2867.2900,2692.1700,2406.7100,1846.3100,1671.3500,1368.8400,1010.3600,911.3400,822.3560,767.1760,745.0270,707.5280,688.7760,700.7260,687.4010,480.2630,300.2980,194.2380,167.1280,170.9040,183.1510,156.1780,104.2840,124.7540,137.3630,140.9870,163.9920,130.4580,118.5260,141.8490,146.3530,220.4810,351.6030,491.1110,597.3920,484.6740,342.7730,287.5860,313.4920,342.2050,287.1420,115.6030,66.3360,106.3080,156.1870,172.4120,161.3810,85.4470,71.4038,126.2820,228.0250,260.7200,273.3610,277.8360,257.7760,238.2670,207.6440,176.6470,152.0190,187.2400,226.2360,177.2810,125.1400,115.8980,155.2940,197.0730,263.5360,324.9370,313.9820,312.7910,338.1360,352.7620,327.2500,358.0000,456.6540,624.2440,884.4120,1002.8000,954.0500,929.4090,896.9040,809.2020,548.7010,310.8310,248.1070,235.6530,206.8580,218.9450,228.8760,193.5160,147.3860,87.6261,74.3759,89.2470,97.1663,117.6750,150.6500,135.8180,101.7400,66.9607,35.2907,39.9276,44.1329,39.3051,44.9792,57.0429,48.6251,47.9108,74.0943,93.2891,57.6888,34.4854,74.1727,86.7491,88.5227,65.4812,70.6517,94.7878,135.3590,162.0660,142.9650,111.9080,108.7380,104.7860,63.6610,56.8264,119.2320,161.6150,192.9690,224.2590,248.3000,280.1390,324.6050,327.7940,250.6330,159.0680,105.6240,101.4920,110.1230,95.0569,87.0361,55.2353,21.2911,47.4492,80.8338,73.7211,43.6358,24.5281,12.8829,11.9781,27.3310,32.1922,18.9997,16.8595,32.4236,40.2677,40.1856,31.0537,28.0577,52.8354,63.8468,51.2511,54.8206,96.8170,151.7430,181.7890,168.2490,137.6180,114.1630,118.8420,132.9940,140.0350,98.8858,50.4006,35.2394,51.2839,52.3177,49.7790,46.0920,63.1999,82.7579,56.0534,33.5054,31.9148,32.7568,30.4669,36.2158,43.8002,56.5405,89.1646,134.3480,137.2820,121.1720,124.0500,122.9770,113.4190,83.3703,68.3967,73.8643,71.9348,66.5390,50.3237,30.4339,18.2510,19.2606,14.6655,8.1428,23.1377,19.9326,9.2749,29.0145,42.0711,52.6323,61.2116,70.6195,50.5484,34.9014,30.3228,28.6107,22.7837,30.1683,37.2060,24.0870,31.0704,46.5293,51.8364,60.3974,55.5586,44.0610,40.7883,41.3633,42.0589,35.4602,37.5881,36.1416,51.6560,45.3879,50.5984,61.6949,79.8527,62.5968,43.3520,15.3024,19.2223,18.5263,17.4431,13.6928,12.0141,10.6377,8.8386,13.4275,27.0409,45.9948,32.9138,25.9552,24.2566,37.1252,20.1980,18.4239,5.7559,10.8013,13.6546,8.6281,12.5950,18.8001,28.4405,18.9585,18.6160,7.2125,30.2826,31.0722,35.4240,28.1658,37.1603,45.5746,42.6490,39.8279,34.0685,28.2663
49607.8000,49124.8000,38935.6000,46368.2000,56710.9000,46530.4000,34792.3000,27197.0000,22167.2000,18548.6000,13702.9000,10451.0000,9248.7500,8986.9400,6715.1400,5479.4400,5990.8400,5049.8600,3948.7100,3825.7500,3426.7200,2736.7100,2590.2400,2300.0000,1783.1400,1645.0100,1343.3100,1010.6700,955.3990,882.4580,822.4490,847.2460,790.4900,764.0440,752.0810,731.3800,516.0580,301.3310,193.5470,181.0770,189.8710,175.4650,131.9970,83.8865,142.8460,175.1370,188.1110,195.7340,163.3870,146.7690,140.3200,161.0550,272.0590,374.7210,475.2860,550.8740,442.2340,321.6220,277.6990,293.0840,347.2360,308.5150,139.9910,106.0530,96.5377,146.6160,164.8560,154.3080,68.6845,89.9696,161.9580,267.3510,290.9390,291.9170,288.4350,260.3000,237.2620,182.7110,141.3100,167.6490,229.3050,246.0640,185.0550,129.4860,131.3730,176.1550,213.0350,265.3200,326.5790,329.1150,313.3250,322.5600,330.5060,315.7210,352.3420,469.6900,643.6280,910.5680,1023.6400,955.3400,936.0120,911.7650,832.5940,552.6520,326.0890,275.7360,243.7010,233.4470,251.9660,239.5270,193.9000,144.5810,79.5038,57.3383,90.4612,99.1159,99.9958,129.3860,125.1150,90.2589,65.0849,24.7729,6.2744,19.6884,33.3054,41.1068,47.1714,53.9563,64.2158,105.3910,120.3530,83.5740,48.1599,57.3997,83.7679,91.3877,50.2206,52.0129,94.4320,126.5530,139.8510,128.9830,113.8610,128.2060,126.9040,82.3103,58.1109,119.3690,152.8390,160.3980,182.8220,228.8970,271.7730,308.7070,289.1560,198.9460,115.5100,84.6727,87.0554,83.9407,89.4148,83.9314,51.4705,16.9820,41.1651,69.9645,57.6991,15.0200,19.3998,36.4426,37.1621,48.5154,52.6184,49.0701,43.8186,44.2624,50.7108,45.9028,34.3799,37.1731,47.1969,43.9136,52.7480,78.4129,102.9230,148.0910,180.4380,173.8770,158.7840,145.0390,148.4420,149.6930,143.9670,83.7391,39.5828,53.5439,73.3011,60.9731,45.1944,44.7640,57.2370,70.3230,41.0133,22.2649,19.9893,23.5337,20.9097,11.1595,36.7521,66.9471,96.9108,121.5530,130.9110,123.8030,126.2140,124.3390,125.6950,105.2280,67.6380,63.5031,75.4018,67.4747,48.5628,40.7153,39.8587,33.6484,11.2862,28.7735,34.8856,37.8645,21.7802,6.9991,17.6896,34.5394,35.8601,29.2544,30.3238,30.3078,27.7181,9.3463,12.4296,16.8848,11.1443,11.9824,31.1491,44.3458,42.7219,44.0153,19.8921,18.9283,32.4689,27.8198,19.2974,4.1862,10.6565,16.2587,35.8115,38.5400,51.8768,71.8678,96.5477,72.6884,43.4111,15.2687,21.5762,26.4344,30.5695,33.5077,35.9854,24.8825,9.9740,6.1969,12.1405,23.2185,37.7268,42.9561,52.0872,49.0970,40.6041,38.1973,38.1913,31.7691,21.4751,29.4100,27.2690,21.7669,4.8213,21.9005,21.7650,14.2681,9.4363,25.0073,22.9379,26.5975,24.0981,30.9927,27.8651,21.8276,18.2225,19.7442
50307.8000,49673.2000,39409.3000,46986.3000,57477.3000,47214.9000,35314.8000,27305.1000,22288.2000,18668.6000,13668.2000,10386.0000,9220.0700,8888.4000,6646.7000,5436.0900,5919.2800,5041.2200,3952.5500,3843.4900,3395.0400,2763.6100,2585.1800,2325.8100,1836.5100,1631.9200,1301.1400,942.1480,806.0320,726.2480,678.4620,622.6870,558.0440,589.8590,644.3340,646.0770,446.8900,259.0930,178.7110,171.4940,159.6570,154.4280,113.5820,72.0664,103.9540,140.1720,141.8640,140.2560,93.2802,78.7607,111.0820,146.9200,237.3240,346.2090,463.4840,561.4390,462.2080,340.4770,319.4590,341.6130,360.1080,300.4920,118.3280,86.6725,113.6860,158.4290,157.0650,133.7330,55.2409,100.4990,226.4960,313.5980,326.7710,338.4350,330.4410,287.6710,262.2490,217.7130,184.4050,173.4730,215.8490,257.1440,196.2570,122.1660,126.0780,175.4700,208.6850,241.9710,278.4800,296.7180,306.1170,324.8490,332.0980,308.7610,343.4850,458.9990,643.1850,911.7260,1032.8500,987.8560,969.7460,953.4940,864.0160,580.2820,330.4900,258.9980,256.4860,237.0600,231.7420,235.9720,200.3040,147.2420,88.8378,89.7615,118.4300,122.0790,106.3620,125.6970,107.9910,70.4902,44.0093,10.0846,55.5060,66.4174,61.8191,50.6929,42.1694,56.8389,60.8692,103.8880,120.2460,78.5658,42.4204,65.0290,88.3940,96.6410,50.8994,47.0176,102.7710,161.1900,183.4420,172.6920,150.6080,125.9000,118.6950,90.6921,67.4585,108.3440,158.5080,174.4060,199.1570,246.4160,297.4600,342.1270,327.1480,234.3050,142.7340,101.5340,115.1740,118.2500,123.6640,107.5930,71.3820,43.9357,59.8372,81.9213,75.4959,48.6284,22.6891,10.2882,20.3754,31.1066,37.5710,34.1276,24.3297,11.6941,27.2106,27.2929,13.3149,27.5275,35.9817,31.9934,34.3490,72.1206,113.2360,148.4320,170.4650,168.0900,134.5000,109.8700,119.3930,140.4460,150.5500,95.2050,43.4071,37.2499,42.5076,47.0669,50.9056,58.5063,60.3667,47.9910,32.1352,29.0233,29.5686,24.0115,11.4646,19.2584,30.2692,59.6744,95.3268,132.7170,136.4660,136.1850,139.6870,129.7560,110.3970,87.0148,74.5005,77.2939,73.7295,55.9543,37.1122,24.2266,15.5279,11.5489,10.9619,14.3391,24.0485,21.5339,24.3686,19.4941,36.1662,39.2762,47.7049,40.0505,24.3014,14.1295,8.6893,8.9204,8.1908,5.3345,9.2993,21.2686,47.5702,45.8504,53.4186,45.5813,33.0449,32.0489,32.7500,31.7868,28.0974,24.8292,23.2021,30.5115,43.6861,44.4687,58.8054,79.5232,104.2130,79.5170,51.3177,29.4021,28.8919,28.7525,28.4625,30.9578,34.8303,35.5623,34.4324,38.9247,27.3070,22.2331,25.7862,18.7793,30.7938,29.1925,32.5021,35.7750,38.2317,34.5141,44.2377,44.3550,33.4395,22.7726,19.0970,16.6424,14.6409,8.0087,16.4842,16.3852,7.5654,11.8553,28.6064,29.2203,27.1414,23.0562,13.3400,6.2995
49834.7000,49626.6000,39315.7000,46937.9000,57322.8000,46705.9000,34844.8000,26983.1000,22103.0000,18383.3000,13478.6000,10290.8000,9052.0600,8811.9200,6643.6100,5426.0000,5952.6300,5042.9900,3917.9200,3777.6100,3374.6300,2709.5400,2554.4200,2269.9600,1741.8600,1552.4800,1220.9100,844.2620,687.9990,575.1980,454.2960,299.6050,234.6040,331.1780,434.7230,508.4250,375.6870,241.3640,182.1570,175.1980,195.4220,202.4740,186.9700,130.1110,68.8611,73.4574,67.4305,110.0890,118.2750,133.4040,144.6230,168.1080,284.2970,434.5390,571.9860,641.4350,482.5550,319.0600,299.3170,357.2120,359.9420,302.1560,178.1420,157.2590,194.3950,180.8590,138.4940,105.5900,43.2597,106.7460,222.2660,301.5760,300.4060,311.1110,297.6470,257.2300,220.5480,199.7820,185.6110,189.4970,237.5740,249.1450,178.7900,113.7490,60.4603,34.8317,53.4108,109.9720,187.9660,225.2350,252.6070,265.5410,256.0400,249.5160,307.7520,445.7630,630.7250,898.0940,1043.7000,1015.5100,990.2080,984.4180,901.7130,628.0580,369.0530,254.0430,216.1490,207.0560,224.9290,230.0950,195.1290,140.0960,65.4986,57.0733,89.4367,112.1360,103.9070,145.3500,142.7980,100.7440,77.4350,21.9744,33.5817,37.6060,39.6891,36.6491,33.0181,50.1593,68.5225,109.2850,133.7250,89.3909,53.5023,73.0009,104.7960,116.1520,93.4286,66.9341,98.4529,159.8200,192.2790,172.2000,158.5050,157.2820,138.8400,91.0529,57.2156,112.2930,162.8650,176.4360,202.5870,224.7900,274.9540,322.0080,315.2910,238.4610,150.7700,102.8060,101.3900,105.4920,103.2560,95.9979,78.6873,35.9131,58.4435,109.4910,100.3640,56.2203,33.2518,29.1401,22.0032,13.7140,9.9187,12.0215,10.9566,20.5613,34.2749,29.6747,14.0685,27.6680,41.8953,45.7761,49.6532,78.6031,127.1900,173.0760,177.6530,167.9100,149.0160,129.4320,130.5350,150.7680,151.9120,97.3997,52.5262,40.9985,45.0067,42.5189,39.8851,46.0723,59.6893,68.3986,52.7152,38.7274,25.5327,20.7766,27.2296,26.2661,25.1316,63.0239,98.4399,131.0280,139.7580,137.7540,139.8570,130.8960,115.2680,82.5521,69.2178,78.1431,78.0813,65.8837,43.0385,23.6407,32.5048,34.0112,26.5359,9.6045,28.3854,39.5097,39.4333,9.1929,14.1838,29.3213,29.0758,18.1604,9.6071,3.9794,12.6045,21.4338,23.8832,19.6815,21.4909,21.2846,43.5364,46.5156,43.5132,46.8439,26.7966,20.8145,28.1779,29.3888,26.1116,8.8636,4.6418,4.4089,15.3808,32.5318,51.7910,77.2594,108.7750,107.8530,88.4299,67.9164,24.0231,10.3959,20.0203,22.7140,23.7581,26.3946,20.2579,15.3042,14.1189,21.2034,42.3141,40.6959,45.2788,39.8047,46.4693,42.2652,36.1239,31.1287,35.3753,29.8022,29.9211,25.0647,27.9587,10.5721,19.5320,9.0125,4.6699,4.4655,4.7215,10.6446,19.3613,17.7807,12.8756,11.9385,23.2565,26.2400
49378.3000,49029.9000,38843.9000,46243.4000,56577.6000,46327.5000,34602.1000,27024.4000,22092.4000,18499.8000,13603.3000,10325.6000,9093.0300,8843.3200,6595.9000,5361.2700,5885.5200,4942.1200,3832.1300,3711.1900,3331.4200,2663.7800,2525.4400,2268.3900,1747.8900,1568.0000,1258.5500,899.5420,752.0420,684.9040,556.6400,424.0910,259.6270,276.5090,319.1450,361.2260,300.5200,204.3950,206.6610,259.8950,279.4470,269.6190,242.2060,183.8010,120.9150,97.1329,138.1100,194.4290,209.0820,210.9190,228.2550,262.9780,371.3640,509.9230,610.5110,640.7300,439.2520,244.0780,262.5130,381.3790,358.9350,323.8350,281.2370,285.1490,318.6930,299.0010,203.6680,98.9790,40.5110,116.3260,225.0530,305.6660,285.1710,275.5340,265.8990,246.9180,221.5540,222.9830,234.4430,251.6880,309.0610,330.3640,263.7530,212.3330,143.3890,146.9240,101.8790,54.0065,122.1700,231.4660,283.0830,297.7650,278.1900,283.9000,331.8010,466.4830,675.1310,963.9160,1084.2800,1018.8400,979.4960,971.3170,903.2360,617.0220,355.9080,261.6780,216.5230,212.2880,250.5670,248.7250,209.9220,159.2180,84.3307,37.2885,50.2756,83.7754,99.6751,152.9160,158.8260,131.6830,107.7630,61.9333,23.5881,32.5232,43.0038,40.5801,54.4321,67.3459,74.6547,111.2680,133.4130,84.7678,48.4528,80.2119,106.9010,109.0270,83.1772,79.6918,117.3920,165.2920,183.5170,175.6060,173.5220,155.8780,123.1770,70.8059,61.5371,118.5760,167.1810,180.8200,207.8880,254.8180,313.4280,349.0270,331.0110,259.2380,172.3660,112.7160,83.5746,98.3954,107.2230,91.9157,41.5260,27.0497,62.9231,104.4820,98.7917,50.3620,27.0424,26.2929,16.3992,6.1701,13.4213,8.3865,13.0887,28.7712,53.0406,48.3669,39.7148,12.1512,24.2677,26.1353,36.9600,75.5955,118.9850,164.9230,194.3140,179.2060,130.4170,96.6833,106.5540,135.8150,144.7660,88.0278,50.5696,42.7518,37.8005,35.6659,42.6030,51.9039,57.9791,55.4351,49.8622,34.7945,22.1163,31.0477,36.2639,37.1131,36.9896,52.6858,78.0352,113.0620,109.0840,99.9384,119.6490,115.1730,100.2070,76.8948,76.6349,73.2473,64.6058,62.8802,46.7074,25.5940,33.5550,48.5417,54.2371,44.2629,21.5919,10.4290,9.6069,10.4197,18.8395,12.9532,13.9452,2.7249,1.7578,5.1925,9.9668,20.6057,16.8276,18.0435,6.5068,4.4645,23.4063,32.7890,43.1840,44.7037,40.8005,46.0338,45.2277,39.8508,29.7104,20.3408,6.9675,20.4729,34.3306,46.9332,55.2853,80.0302,124.9490,117.5260,113.4990,83.1725,53.5438,34.7374,20.3127,16.7019,17.4793,17.2823,13.5623,25.0860,30.0585,47.0008,52.6414,45.0601,50.3332,43.5288,40.8832,40.8922,42.9035,42.9281,34.7915,21.8725,14.4513,11.0696,10.3465,11.3130,24.1127,24.4122,23.9612,15.0951,9.1357,15.8044,13.8237,10.5932,11.2982,19.8652,25.2706,10.0378
50224.4000,49538.6000,39285.7000,46944.0000,57471.3000,47247.8000,35381.4000,27594.3000,22567.4000,18941.4000,13855.8000,10507.5000,9319.3200,8982.2400,6703.3300,5476.9200,5966.3000,5032.1800,3917.6600,3832.1800,3410.6800,2856.4500,2667.8800,2450.3400,1989.3500,1845.6900,1620.7600,1293.6200,1262.0900,1344.4400,1462.8500,1608.9000,1681.0000,1346.7300,958.3870,611.9410,417.1920,279.5620,195.0160,245.5210,305.0500,304.9360,230.9690,187.1580,194.3280,220.9700,265.3420,276.1940,250.5270,274.6980,313.1220,331.5570,437.8680,576.8920,638.4080,623.0250,372.0580,161.5750,209.7190,326.5230,357.3590,420.7380,494.7860,499.6490,468.3410,432.3070,328.5100,162.0120,150.0920,191.1530,249.3020,317.5540,277.8230,247.3380,249.9560,230.0720,199.3600,208.3770,238.9130,279.2510,347.3120,361.1550,293.9750,239.3890,165.8020,163.7980,150.1950,121.4750,122.6820,176.6090,273.0980,321.4960,335.5090,342.0580,367.8480,453.2550,638.0260,930.4940,1070.9900,1018.2300,984.3920,958.6480,869.0590,606.4610,369.8030,279.9720,230.9990,221.7450,265.7530,275.4080,237.9480,192.0570,112.4480,43.9129,41.0078,78.1519,100.4970,170.4030,182.4480,160.7640,144.5660,110.5160,76.9572,53.3641,32.9494,31.7340,45.9575,64.2227,85.8445,110.2870,117.3620,48.9367,35.5854,91.1158,90.5560,77.3186,82.0980,99.0652,128.9920,166.0170,195.6600,156.3550,141.2870,160.0810,143.7320,88.4939,50.9768,124.1310,182.7360,197.7570,218.9750,249.1000,290.9800,327.4500,337.4790,260.8810,166.4970,99.4122,83.6209,86.8854,89.3070,79.4422,52.4771,40.5703,80.7897,121.9930,110.9700,60.6107,40.4772,40.0705,41.1576,55.1863,59.7499,48.2173,36.1511,27.5300,47.2708,60.7785,61.5411,41.4510,26.0364,9.3579,29.1433,55.3396,90.0877,132.8670,171.2500,152.3200,111.1750,86.5794,100.1600,119.7710,127.9940,88.4198,44.5708,25.5706,29.8694,33.5781,36.4375,39.8714,45.9108,47.0267,41.5423,39.5805,40.3832,35.6829,29.7613,36.3578,49.4856,59.4459,83.3563,110.9740,102.2440,94.6409,112.8650,110.8830,98.5192,65.9794,51.9289,52.6750,54.0118,52.8489,37.8363,28.8215,45.2214,51.2360,53.4144,27.2927,14.1327,33.3438,31.8962,43.6402,33.7632,24.9943,21.7035,22.2070,18.4915,15.2185,14.7755,28.7046,18.5812,9.7227,18.2578,25.5371,40.9295,41.5075,33.3034,30.8220,13.0431,27.1062,32.9617,30.3154,13.6990,4.2450,6.5335,19.2019,24.5984,30.9264,48.6246,83.6980,128.0900,124.0440,110.2440,85.7822,48.9056,33.8099,31.5529,26.8872,23.9169,4.8613,7.6226,26.5178,15.0265,22.6254,11.2100,12.6591,29.3611,46.9915,43.5612,42.4936,41.5994,41.3807,29.8867,27.9587,30.8123,36.7355,25.7146,18.5646,16.0244,13.7574,13.8256,23.2595,35.9393,36.8929,41.0145,45.2172,41.5240,31.9831,23.2301,27.2057
50037.4000,49737.7000,39400.8000,47096.2000,57565.0000,46947.2000,35036.4000,27118.1000,22219.4000,18528.7000,13607.5000,10410.6000,9191.1500,8950.1700,6780.0100,5544.9900,6074.5600,5196.8200,4051.5100,3957.5100,3548.5400,2911.2300,2770.7400,2496.9500,2010.7300,1858.1900,1557.8300,1254.0600,1282.9100,1356.6100,1422.7100,1654.1500,1705.0500,1755.3300,1611.7000,1202.7400,718.1700,457.2130,479.9960,431.4490,297.2450,116.0360,85.8199,228.2040,341.5770,394.1420,390.3030,377.4620,288.1770,225.0440,246.7540,341.0820,470.8460,526.2350,431.5370,375.1050,159.4100,119.2370,74.1944,57.6799,142.4690,241.8920,398.4650,401.7500,322.6440,267.9000,197.6400,136.7320,69.6334,113.2290,142.7500,203.5580,215.3980,219.2980,207.6320,189.5620,145.8760,95.7859,93.5909,167.1370,285.8280,321.1480,277.3380,247.2030,198.2750,181.3150,116.2550,98.7420,159.1690,238.5610,335.7870,364.2750,327.9290,310.3300,349.7800,481.6260,669.4870,948.3650,1086.8600,1033.9500,992.7450,946.1120,843.5720,587.2530,352.3990,268.9260,222.9600,199.8450,217.9900,212.3040,182.8900,135.7970,87.9387,75.8161,87.2014,97.2351,84.9324,135.4370,154.0050,141.5610,122.5880,87.7176,49.2487,47.5872,41.9967,21.0641,48.1176,89.8987,88.2328,113.8190,103.8050,60.6452,36.4905,92.5293,115.8050,115.4270,65.9859,46.8472,84.5808,121.4450,136.4390,114.6260,106.4250,132.4760,134.6530,99.6752,77.6525,137.8410,200.3170,229.4390,260.0420,283.4950,317.4760,329.2860,325.8600,271.1460,202.9540,146.1980,130.5390,136.5620,117.2570,101.6920,58.5200,23.7166,54.9217,90.3988,91.6507,52.3144,20.0526,13.8314,32.2737,48.9321,74.3342,68.2245,43.4215,36.4000,57.4456,58.1916,49.3268,39.8157,42.5327,34.0715,31.5015,58.6369,84.8362,122.4350,167.1320,170.0270,131.6850,99.2940,111.5410,136.7260,148.6690,102.5950,53.5084,35.6910,46.4923,52.9290,46.5545,47.9620,54.2971,63.4670,61.4511,58.3295,54.9319,45.0213,43.6819,55.3766,64.1456,75.7233,90.1660,105.5430,93.9584,74.7450,79.2059,81.9515,82.4723,71.3454,38.4641,22.4941,35.9455,29.3838,27.0518,19.7026,31.8244,42.6722,27.1425,32.1048,12.1475,10.2868,24.3823,58.6096,51.1632,42.3639,32.3257,33.2082,21.8725,15.6649,3.0105,11.7911,20.5276,36.4418,28.7325,21.8522,13.3529,20.4120,24.2066,25.3269,39.8454,45.4715,46.2052,45.1229,43.3039,27.0209,15.3588,22.1782,31.4740,40.6789,49.4708,73.1229,117.7110,116.4710,97.9718,75.3514,54.8028,40.3547,24.1629,17.4996,23.4981,24.6173,17.6365,9.6808,12.8790,22.5154,44.3640,47.3106,54.3434,39.0210,31.0437,24.7206,23.9994,12.4177,13.7445,20.1885,32.0190,31.5073,30.7959,30.8476,24.6908,12.0223,5.5451,10.3721,25.9669,38.7002,31.9470,28.1334,29.7366,29.6263,18.8398,15.6570
49309.7000,49071.5000,38883.7000,46229.1000,56496.2000,46199.4000,34487.8000,26794.2000,21866.5000,18284.6000,13513.8000,10282.2000,9000.4200,8758.8300,6564.2100,5353.5600,5878.0000,4940.7500,3864.6200,3707.5500,3367.7300,2633.4800,2508.0000,2230.4600,1694.3200,1539.1100,1175.3400,753.7520,697.6420,647.3240,654.6590,861.3950,1109.5100,1188.6600,1126.7600,930.6620,429.0420,205.4550,302.6410,289.5640,73.4195,114.8000,239.4800,328.6980,395.5320,408.1580,335.4100,236.9500,125.9590,138.6130,189.3910,230.9330,296.7860,342.8560,299.2710,370.6060,219.5310,221.6040,95.6804,34.6808,73.7732,111.1530,139.3140,185.0660,134.5000,115.7190,40.2267,34.5645,82.6380,148.8530,213.2410,258.3500,242.4760,217.4740,194.6410,164.6590,160.0320,146.4590,134.7850,177.5040,291.0290,348.6600,305.0420,258.8060,216.1460,234.6240,227.8460,179.3020,194.1540,268.4360,339.3220,372.1270,368.9000,371.6590,420.1290,526.9710,704.6970,957.8220,1106.0200,1057.3300,1021.4200,1000.5400,939.1020,675.9910,368.2530,265.7410,261.8200,231.8300,231.4890,226.7700,178.9990,104.8670,37.4943,51.7492,67.7915,73.4359,52.0142,89.2851,109.4840,97.1653,74.3476,34.6822,32.6495,42.1429,29.3672,21.2758,31.5087,50.6731,58.3209,85.1493,97.8476,62.8159,42.9836,70.6132,87.8893,92.3452,60.8759,50.2334,79.2026,115.3690,120.0290,76.6522,75.9625,119.2600,104.1850,65.2529,97.6116,179.5200,219.8610,246.0990,255.8260,295.0940,317.7110,316.2170,298.7650,244.4930,172.9160,138.5460,147.8860,143.2300,137.2450,113.9740,74.0890,40.0227,59.7979,79.1351,68.2960,28.2955,20.6745,42.4786,59.2835,59.7619,59.0301,51.0081,38.1693,32.8439,40.0594,41.7003,41.7264,29.0574,14.9133,26.1516,45.4194,70.6844,100.3260,133.2940,148.3390,131.7440,98.0048,78.1505,93.3454,108.8270,109.8810,69.5740,23.7498,12.7686,29.1264,38.4859,33.4059,29.6716,27.9971,29.9160,5.8971,24.9143,43.1111,40.7456,21.5233,27.3102,40.0470,50.6518,61.9718,78.9390,69.6864,66.5569,79.6195,80.3736,76.3834,59.5464,41.3999,26.8890,33.1491,42.9843,70.2174,60.9588,55.8792,51.4445,42.0543,16.6332,6.4993,12.1675,26.9556,54.2003,59.6993,49.4938,41.0664,35.3992,20.8775,18.7142,21.2497,22.2607,19.2196,9.0226,17.7575,36.4282,17.6337,41.7696,44.1790,61.7067,28.0053,16.8293,37.3453,36.1458,21.4143,10.4281,15.3243,7.2245,27.3847,42.5756,52.1634,65.3903,90.9990,106.6460,99.0479,81.9687,36.8121,34.8741,54.5064,48.2413,38.3807,36.7384,32.6473,23.8939,17.0648,25.5223,37.5742,41.6195,44.0899,52.7391,48.0452,27.0482,15.7713,15.1686,14.2769,15.7240,6.1454,16.9261,26.6243,28.5861,23.5761,23.4175,27.5867,37.3897,33.9482,39.2860,37.4773,31.9967,24.4367,19.7355,23.8696,26.2000
50183.8000,49476.1000,39237.7000,46786.4000,57262.9000,47120.9000,35289.6000,27526.0000,22478.3000,18897.0000,13875.7000,10501.6000,9279.7100,8979.3400,6732.5800,5486.5000,5952.8200,5054.8500,3957.0200,3778.2200,3410.1400,2684.9700,2533.2700,2189.3800,1662.4300,1457.7700,1063.0400,632.5650,456.4110,300.2580,229.9830,471.6570,831.2850,1066.7100,955.6290,750.6540,416.7900,202.3140,226.3400,200.0260,61.2100,140.7470,210.6760,264.5660,319.0870,351.7050,234.4460,118.6200,41.0911,81.5629,95.8350,115.3950,197.0010,268.2000,334.7960,452.3700,326.7680,269.9610,130.9350,46.9845,67.3561,87.2456,35.0327,59.4396,73.1356,119.3640,94.5327,127.1360,178.1080,197.1710,230.1560,227.7850,204.7260,188.4080,156.3690,119.0320,90.5742,97.4765,124.5630,173.6190,258.8580,296.3150,247.2160,207.2770,147.8100,176.8800,172.9300,127.2820,142.8210,214.2990,315.9090,357.6610,351.8190,351.1510,419.9440,528.1130,692.6780,955.3310,1089.5200,1034.3600,1017.6800,985.4200,901.5000,643.9170,375.1180,257.8380,239.7320,253.7370,255.5000,236.2570,189.0900,134.8430,44.5848,57.0093,36.7975,38.4903,50.0730,106.9980,118.2810,105.4380,77.4223,20.5334,37.7567,57.5279,59.8921,46.3790,56.6932,89.6302,98.7143,140.6730,138.1900,78.9646,57.2458,99.0349,111.6000,104.1250,78.8412,70.3720,101.9020,149.6900,162.9540,105.0040,103.7090,133.4760,105.2470,70.7944,108.5330,185.5540,219.0950,236.3510,241.5500,283.9830,314.0450,316.1870,274.9210,203.4580,144.3770,121.6540,132.3050,127.2480,122.1510,96.5134,55.9231,33.7522,64.1365,78.4796,87.6688,36.8419,13.6971,15.4794,20.6121,32.4615,41.0112,42.5707,51.1377,57.9157,61.1079,54.2356,39.6901,20.2578,18.0400,17.8516,51.1856,98.2940,132.5090,163.3550,177.5370,165.4290,123.3220,99.4858,105.4640,116.4230,108.6240,63.3200,17.0746,23.8448,56.1215,92.1068,97.3870,88.4853,81.9047,76.7812,47.6155,19.7582,31.8847,31.2909,16.9947,29.2825,45.6403,57.2356,72.6528,95.2453,79.6986,77.4460,100.1970,102.8370,99.3664,79.4063,58.8694,42.9229,23.5687,19.8976,43.0449,61.2967,69.7635,88.7419,45.4393,20.3693,27.6720,33.0160,33.9090,73.3990,56.2519,49.5277,43.4884,57.8838,67.4256,65.1306,69.1046,57.2386,27.9694,41.0087,53.8551,42.3512,27.7739,39.6978,62.8730,70.0561,50.5143,41.5150,41.3636,41.7816,33.9294,30.2193,23.4997,41.5299,30.6167,45.1316,13.7354,33.3433,93.2663,81.7431,77.4854,44.5392,26.9581,30.5456,16.7529,13.0211,31.7704,47.2785,39.2638,33.6301,19.7615,24.6567,44.4186,50.7514,59.2337,52.0193,35.7553,23.4325,23.2181,35.3877,35.8499,40.1075,15.9719,31.9850,45.4638,52.6837,38.2641,30.4587,17.1072,16.1212,8.6699,9.4744,40.1134,38.4018,47.0801,24.6295,26.6021,43.0780
50338.8000,49913.4000,39570.3000,47348.5000,57877.7000,47359.2000,35474.8000,27750.0000,22789.0000,18917.0000,13771.8000,10502.4000,9290.7400,9040.4200,6846.4200,5582.6900,6058.9300,5107.1600,3933.5300,3803.1000,3413.6400,2713.6700,2497.8300,2164.6400,1603.4500,1364.1700,982.3910,548.0780,310.2190,104.6830,236.0850,571.9990,905.8900,1188.3400,1091.4700,790.8730,464.3120,363.8760,351.0020,305.5340,182.7580,217.4910,308.8780,332.9200,349.1270,349.9170,229.8090,114.3950,35.5772,130.5110,135.9760,115.9010,135.9080,172.4470,321.5520,497.3420,426.8600,371.9710,204.7030,132.5050,180.3470,216.4780,171.9940,105.6800,135.2810,209.7900,198.5670,181.1630,164.7820,156.9120,150.3230,175.9980,126.9290,106.2550,95.0175,92.5771,71.9975,60.4710,68.8986,102.0130,198.5290,266.3020,294.9980,265.0980,215.3710,258.2640,246.8960,170.8420,163.1550,237.7390,320.0370,376.7340,359.5370,362.7470,412.0640,549.0080,747.5000,1003.0500,1130.2500,1105.8200,1083.2600,1032.7600,919.8020,654.0160,418.1900,316.9280,254.1440,228.8830,227.8240,213.6550,163.2670,107.1060,16.6110,69.8654,50.5008,29.1613,61.9870,127.2510,149.2510,136.3110,114.5340,62.6638,52.3306,75.2602,96.6450,95.3252,79.2498,98.6163,109.4090,120.4510,96.0425,54.7760,73.5787,88.6263,83.3631,59.9986,33.5914,48.6014,86.0081,119.9940,136.1270,134.5610,133.0660,128.1960,107.3250,78.2522,83.5019,140.1950,181.0050,222.6910,239.6800,275.3540,275.2760,274.4650,261.5580,171.7280,88.9457,79.6556,104.1250,98.8828,85.5561,73.9726,52.6112,42.1319,68.5055,69.2552,67.0503,18.9113,35.1352,31.4931,28.3095,32.3540,48.0494,56.2232,43.6397,43.0935,55.1177,59.2743,56.7365,50.8650,44.7199,40.7587,47.7272,74.6724,103.8400,137.3140,152.3590,135.7310,98.3876,79.1354,104.2600,120.3610,124.4040,74.7427,25.2409,22.3350,26.3538,31.1630,49.1504,44.5619,39.9823,30.5656,21.2708,10.7993,6.8563,7.7228,18.3252,20.7899,38.8812,43.2299,53.6874,70.0221,77.1759,76.5888,77.0121,84.4077,84.1648,66.6363,51.2164,44.8143,52.0167,66.4058,86.5601,80.7226,51.2403,36.9834,5.9515,8.0882,9.5350,46.4436,58.0729,76.7650,65.8598,40.2683,33.2416,23.6803,21.5332,23.4742,29.3879,25.3769,25.7833,40.3464,37.3369,26.4779,17.6691,35.7321,58.8973,78.5072,66.8920,56.9539,67.3513,70.5489,62.6637,33.3596,33.7581,16.3939,15.7766,37.4568,41.6729,60.5266,102.6030,117.1150,114.5520,104.2220,74.8185,50.4905,37.8549,38.2214,44.5492,34.0286,25.1718,25.6175,24.6499,9.2888,41.4226,63.1218,78.1474,62.5883,53.7755,49.5586,46.3978,37.1085,29.8080,41.8719,45.4015,21.4963,8.1644,7.0066,11.3241,16.6170,11.8634,10.2909,20.7229,20.7720,18.0456,19.2624,22.6515,27.0972,21.7794,9.2647
49570.0000,49391.9000,39130.1000,46606.7000,56962.2000,46664.8000,35043.2000,27985.6000,23090.3000,19128.3000,13825.0000,10407.3000,9109.6000,9060.7500,6853.3200,5452.1700,6017.5000,5039.0200,3805.3800,3679.7700,3362.9400,2648.8200,2481.4300,2182.6500,1605.7300,1389.7700,1047.8200,621.4640,401.4750,233.9710,279.3010,427.2570,741.4080,1069.9800,1007.7200,706.1870,439.7840,285.5000,259.8350,214.9640,114.1480,142.2430,181.9360,198.3540,185.3330,221.0000,164.7830,107.3580,57.4495,78.5193,54.0851,43.2612,145.7440,251.0980,410.3660,547.2900,439.8320,361.2530,207.3890,85.7400,91.7077,111.1830,73.9633,61.0493,138.6230,224.4210,187.0320,191.5430,175.8770,172.6820,194.9740,222.1110,163.3840,132.1940,121.0350,118.3280,91.9118,81.6526,90.5261,97.8078,169.0410,241.8440,267.5940,264.0890,202.9620,195.9570,178.9500,122.7730,118.9240,184.9550,270.7570,328.3110,354.2320,349.5310,390.6620,515.6350,701.8450,970.5930,1100.0700,1054.2400,1029.5400,985.3170,902.3380,633.8520,370.0930,248.0700,190.8040,190.3540,208.5290,195.6350,157.3100,126.1860,49.7633,55.4184,16.5517,34.9361,98.5605,168.9640,172.2650,128.5240,84.1561,48.8678,63.4669,86.2474,110.5300,118.1820,107.4730,112.7790,115.7620,115.3610,112.8780,61.4612,64.2180,109.3010,100.3100,85.5443,56.1079,69.1910,89.8303,112.6180,119.0870,87.5997,89.1357,109.4690,85.6425,45.1363,51.4577,135.0520,191.9940,226.0430,236.4210,274.8170,283.2570,289.3960,276.7470,200.9080,142.3220,122.4850,118.1560,110.7310,114.9200,107.5580,68.0652,21.5691,39.7027,58.3075,52.9220,31.2787,33.4508,23.0345,11.7309,25.8298,41.5572,45.6604,48.8133,58.7150,73.4520,72.6164,62.8392,50.0464,44.3438,36.6481,40.9312,71.7685,111.0350,161.9220,193.0340,154.6240,113.8160,89.5983,96.2492,111.3230,118.3250,94.6898,40.4498,15.1194,31.3553,47.2740,45.6816,41.3568,39.8891,43.9520,35.5186,23.7043,22.6935,26.9900,33.7920,22.5302,15.9087,35.7629,48.2381,81.2192,79.9554,71.4490,74.1299,82.0954,78.1787,60.4603,55.9007,41.3520,36.6400,48.4499,66.3014,64.7035,42.9130,26.3278,7.2743,6.1966,9.3381,38.6351,54.2927,75.2125,67.5228,51.3212,41.1663,37.7267,14.6655,19.2973,12.7572,23.0128,17.7900,35.4812,29.6905,29.4957,12.2148,36.0255,46.2849,73.3953,69.0817,52.2801,50.0614,52.5215,49.8083,32.9615,20.1159,8.4687,14.2969,31.4329,53.3491,79.2433,103.1310,111.2110,107.2120,94.1248,59.8141,49.7485,51.8121,36.7287,25.2437,29.9392,30.7764,26.7469,15.7854,7.2387,22.7627,34.4050,45.3618,57.2856,52.8771,37.2760,24.2911,11.8480,8.8675,13.2384,14.0245,10.0794,16.8190,25.6173,29.4651,28.0717,26.9197,31.7803,30.5808,37.6611,34.6035,40.3413,37.2937,28.7627,15.8818,23.8166
50393.6000,49957.3000,39675.8000,47173.2000,57589.7000,47326.1000,35376.3000,30200.4000,25161.0000,21544.5000,15405.7000,11222.5000,9755.5700,9946.0700,7952.9800,6363.9700,6765.4700,5740.4700,4281.8300,4042.8100,3704.5700,2924.4500,2740.9000,2382.2300,1720.7000,1461.9600,1150.7200,702.2530,478.8250,274.1850,156.1580,306.6490,635.0200,946.4680,898.0130,639.8860,366.1430,181.4650,165.7840,105.3760,69.2818,174.3440,205.3810,202.4260,182.5350,187.2130,109.1460,112.3390,73.1581,92.0095,29.8139,27.3103,114.4050,237.7430,409.3370,560.3910,447.7100,389.8020,239.4650,74.2793,47.8079,84.1477,79.4242,76.6120,157.3940,256.2070,231.4880,221.9780,199.6380,167.1110,156.3540,173.1480,112.1520,85.2455,82.0268,94.7114,91.5069,92.3694,101.8700,90.5198,132.4420,205.9600,228.9590,236.1950,161.7510,136.2770,111.9670,59.8055,88.8638,160.6800,224.4470,281.0650,307.1200,302.4540,342.7240,499.2340,685.7320,947.7810,1078.3600,1028.6300,978.4990,921.9490,819.5790,556.4530,300.7500,190.9550,156.2740,156.7180,188.0660,180.4090,142.7870,106.0510,33.2260,43.7730,9.2321,49.9088,109.1600,183.7110,187.8300,133.6170,82.3122,69.8126,86.7752,110.3680,131.0240,139.3150,107.4680,96.3207,102.1820,99.8302,88.1947,42.0199,54.0150,76.5433,76.7866,87.5222,92.6624,102.9880,130.5660,159.9590,166.6100,136.3730,118.2250,121.1580,92.9771,51.2161,89.4363,181.4670,226.9580,259.6740,266.6880,305.7150,311.4730,311.2480,296.2790,219.8610,142.3360,106.8570,116.3270,110.9820,101.9840,80.6490,44.4943,27.8475,56.2011,73.4061,76.5989,39.6495,27.0150,19.8605,38.0633,61.4089,97.2059,79.2826,60.1905,60.2175,72.3263,76.1345,71.1156,47.7790,21.4774,19.6135,39.5967,70.7136,113.7920,160.2550,198.3370,176.3610,128.0420,93.1640,98.2488,117.7830,142.9770,109.3380,64.7426,45.1876,19.3967,19.8434,23.2880,29.2184,35.9125,42.6859,17.5354,13.2740,11.5390,7.6845,12.7064,23.6737,34.6630,54.6589,72.6626,89.9599,86.4853,95.1690,110.4390,109.9540,100.9850,62.0741,43.5540,50.8322,53.1733,51.8591,52.6615,56.9939,42.4615,37.8647,19.6367,8.2304,13.7666,18.6720,41.1984,48.2268,69.0375,44.1924,41.0041,35.0777,28.5755,19.9465,5.9071,17.1528,10.9478,9.2061,2.2580,21.4496,28.8905,48.4498,36.2993,34.0709,35.3000,54.6639,51.6981,46.8451,39.4943,29.7149,17.0495,15.1749,27.8404,42.8811,59.8237,85.7642,129.3270,135.7520,121.1200,97.0293,63.1367,56.1350,49.0947,41.2581,46.5042,43.9422,38.7859,27.3201,5.3822,15.9695,23.9996,40.8448,61.4870,79.5076,60.7506,40.9837,22.7743,21.3995,28.2391,30.5546,16.4263,13.3795,27.2415,31.3115,26.6698,39.0091,26.3552,28.6235,33.8143,32.6457,23.3600,33.5786,37.5895,38.5318,12.9653,22.9829
50824.1000,50400.4000,39981.8000,47761.3000,58359.3000,47982.2000,36004.5000,29371.2000,24226.1000,20407.8000,14710.9000,10912.1000,9611.0200,9605.9200,7489.7900,6082.9700,6497.7300,5505.9800,4211.5100,4010.5800,3629.8500,2896.5400,2718.5800,2348.1900,1729.8800,1479.6100,1092.3300,634.3530,431.4690,286.4670,192.6880,377.5330,704.5250,959.9990,840.8720,623.1390,337.1870,219.1080,226.9380,161.0840,102.2590,211.7630,266.3360,305.9670,325.8720,335.1750,230.3730,109.5620,102.6850,176.7510,180.6600,176.3910,198.7710,218.4620,294.3660,432.2470,364.2410,343.0910,200.1900,59.8580,76.2767,132.3710,73.9484,36.7261,103.8270,173.3400,162.8310,187.6410,172.4630,165.9270,184.8670,194.9840,122.0940,88.5695,103.1270,113.3610,110.6210,119.9100,111.9060,108.4170,159.2240,191.1500,157.4120,132.3680,90.0526,96.6542,66.8753,51.5857,127.3950,215.6770,278.5920,312.0410,328.0650,317.7770,369.4160,520.8020,697.5200,955.7620,1097.7800,1046.3800,1012.0900,974.0330,900.0550,637.3610,355.8320,227.5440,191.6820,202.3960,222.5860,199.0150,144.7030,91.1018,22.3940,52.2712,34.4884,25.6548,76.2001,138.7380,152.3680,130.6000,89.3940,61.7346,90.3615,111.6880,115.8550,91.5903,77.9040,81.3013,75.2162,73.4609,62.3391,50.6132,85.5226,121.3750,108.5610,85.2325,60.1197,85.8157,120.4050,128.4840,140.9030,138.8030,121.5450,119.0190,103.2520,74.1478,83.7190,137.7820,196.0290,237.6920,249.7100,265.1730,281.7200,295.5620,268.5650,204.4190,143.2490,104.2990,107.8480,105.0310,100.2740,81.1667,57.5247,24.3622,53.6095,82.6893,91.3260,70.9257,57.3375,42.3878,20.1020,33.4136,60.2718,49.1316,38.6861,40.3551,49.1377,52.2407,49.4614,26.5888,12.9146,14.5839,25.7659,72.3581,112.0710,150.9830,163.1590,143.4770,104.3040,81.1437,86.6398,110.7160,118.3730,83.3712,50.0998,24.6232,8.6811,23.8495,41.9748,47.2487,56.1940,52.8287,27.4637,19.5343,28.3383,32.4214,32.2811,23.2939,18.9237,30.1754,55.4107,89.6094,111.7880,92.0464,83.3225,77.0848,73.7058,54.3867,31.7509,21.3916,22.6869,28.1536,39.9569,48.2666,41.0106,40.9656,27.9648,22.3207,22.8479,29.4368,35.9920,28.6540,38.2186,32.7892,41.8964,30.0845,24.1769,20.1091,17.8325,9.4457,11.0910,20.8543,20.5955,18.0800,43.3740,61.9996,55.6749,49.0540,41.4506,52.3256,46.3828,37.0161,26.1837,21.8923,16.4793,6.1129,16.1907,27.8326,33.5752,53.4492,92.6586,95.4196,83.4477,56.0051,35.5462,47.7973,38.5582,19.8461,26.9666,29.7329,26.1947,11.8045,17.5054,25.9976,34.2399,42.1819,51.2658,59.6469,51.5007,37.2191,23.0847,16.2727,20.5302,8.8694,4.8429,7.6472,7.2686,13.7445,30.8363,24.2553,17.1961,8.6722,5.6257,9.2525,25.4847,28.4717,30.2223,17.1226,13.1780,18.2583
49153.5000,48882.4000,38581.7000,45832.3000,55998.4000,45312.3000,33411.6000,25208.9000,20537.7000,17496.2000,13048.8000,9936.9500,8522.2000,8090.8100,6105.6000,5078.5000,5555.6300,4706.3700,3733.9900,3480.7200,3171.9000,2573.3700,2456.4300,2186.7000,1661.8600,1429.1100,1026.1600,618.8190,490.3790,367.9540,322.4140,567.1920,900.6410,1120.6300,1026.0100,816.1660,476.3380,321.3050,339.0680,276.9750,77.1916,94.9627,186.6210,250.5080,300.1660,327.7990,270.0410,177.0760,106.0350,135.9000,173.8760,222.1190,276.1360,309.2100,349.6030,443.0120,303.3850,231.7760,75.1925,76.6636,129.5190,154.4770,62.3668,82.9457,72.0363,105.0020,60.5671,99.6908,127.1770,169.3960,216.4100,252.4100,188.9150,128.7030,110.6560,103.6800,105.2000,94.0983,73.6190,71.1686,120.4250,135.7380,136.7750,98.6656,69.0301,75.4275,43.4910,50.5261,130.0800,201.2080,275.2050,314.8920,323.3410,319.1270,372.3600,504.1980,696.6320,995.5230,1161.4000,1117.1100,1100.5400,1074.4800,998.6250,709.8420,405.2940,282.2590,248.2600,232.0340,221.6200,190.6840,124.2490,59.9300,40.3171,85.8312,72.8339,36.1783,52.3489,132.9530,155.7450,143.9720,134.6360,122.9490,111.1900,113.3490,128.2700,124.4640,127.6010,146.5930,155.2520,175.8930,161.5310,120.4050,125.0150,150.5240,143.0670,105.0000,44.5748,56.9770,78.6567,98.0436,117.6600,97.4406,93.3044,115.9370,101.9180,74.6450,88.0059,133.1330,180.1890,239.2830,261.1920,304.3190,322.3680,339.7410,305.8000,197.8300,97.5708,66.7065,99.3228,103.8610,85.5589,60.1006,25.0811,74.1990,116.6140,119.1160,110.0040,93.8562,95.6886,67.8676,53.5534,75.7154,84.2904,82.0719,93.4880,105.9510,110.5430,108.9540,103.4500,84.2937,74.3266,75.7516,75.8363,89.9228,130.0740,172.8360,195.1770,182.2240,165.5780,164.6820,164.3990,175.7960,162.5270,119.3670,67.6414,26.3043,26.2472,37.6035,26.7188,19.5704,13.5540,42.1452,57.5370,58.5185,49.4879,40.0346,38.2177,20.2960,34.8339,49.1045,69.8098,93.6904,87.7604,64.4038,72.2847,64.9505,55.7532,21.4502,17.5786,22.7042,24.5024,25.4060,38.3560,42.1399,56.7366,36.3962,17.7497,28.0718,21.9165,32.4627,26.0587,55.2634,60.5437,55.4320,46.5429,23.4733,14.9624,18.3342,20.0318,18.8837,14.3707,8.2488,9.2400,20.3533,37.0797,52.3793,46.7078,50.7101,45.1044,46.1497,41.8095,27.4405,9.3587,19.6532,24.6421,24.6712,28.8224,41.2978,38.6049,44.4648,85.8434,97.3355,86.4965,67.8791,56.3518,49.1706,34.3072,37.5776,43.1476,34.8845,24.9671,21.7733,29.1384,39.7901,48.5684,53.7647,65.4765,78.4559,74.5004,55.0320,41.4212,28.6331,16.8568,7.9579,5.0481,16.2429,23.1161,29.8122,28.5413,20.0798,10.1928,13.7835,27.4321,39.6333,44.4211,46.2966,44.7164,40.5787,36.3070,37.9358
49309.4000,48583.0000,38280.9000,45456.1000,55679.2000,45344.5000,33470.5000,25356.2000,20547.6000,17657.7000,13213.7000,9971.0700,8631.6000,8194.1300,6104.0900,5101.6300,5564.3200,4669.7500,3740.4500,3490.0900,3216.7100,2618.1000,2470.6900,2222.3900,1698.5300,1453.9800,1043.8900,629.1180,482.6930,384.0060,385.6660,584.3280,869.1840,1087.8900,1000.6800,796.9690,448.4960,306.9720,350.1460,298.1940,63.7506,124.7050,215.2770,259.9850,321.9250,372.8780,270.1440,167.5990,110.2500,134.7490,157.5030,173.3630,245.8520,314.4480,363.6460,474.6250,334.5630,248.7060,99.6012,75.4633,121.7530,138.0590,49.6957,68.1104,104.5760,135.4850,77.6137,94.8987,121.8640,164.5910,237.1190,255.3580,193.4240,150.8170,127.2090,112.9030,109.0400,101.8800,90.1647,106.9720,174.6460,199.5990,172.6970,149.4620,116.7660,105.4380,87.6532,91.9585,145.5720,230.2180,301.6750,320.1390,323.7850,307.7640,359.7930,512.8160,718.7210,1007.7900,1162.9900,1123.5300,1083.0100,1033.2700,932.5580,655.1770,371.6120,263.1450,247.2660,250.8210,249.2040,219.1740,153.0260,78.5050,31.1479,83.7023,72.4314,58.0126,31.0795,106.4190,148.0660,143.1020,124.0840,88.0450,77.4699,89.7639,102.7930,94.5514,98.2144,117.0690,120.7280,131.5350,119.4800,92.9501,111.1000,131.9100,127.1530,107.8490,67.7759,54.6859,79.0551,116.4740,124.6660,100.8290,96.2336,98.8398,74.5442,39.7667,49.4864,97.6964,133.6600,171.6360,206.3720,248.3200,274.5620,283.5440,260.2600,176.2380,94.4029,69.6543,98.0564,97.5943,90.3688,73.5982,46.3834,34.8065,58.1336,69.3521,58.9538,44.2146,54.4571,65.0687,45.4040,31.0131,51.1188,62.2526,53.4767,62.8887,84.2713,89.5474,83.5863,49.6458,26.8926,17.3499,21.8101,45.8528,73.1250,110.6420,159.5270,166.8570,121.8210,87.4502,112.0730,141.5190,163.9850,107.9690,59.3055,32.8882,16.5445,7.7581,21.6774,31.6830,47.8713,54.7167,49.5299,48.8782,48.0284,55.3661,49.3667,31.2242,18.6609,20.4345,25.1916,53.5959,57.2783,57.2875,71.8679,75.1080,66.4964,34.4232,34.8384,39.3251,34.4557,41.0403,43.3637,55.5817,36.6302,46.7566,22.6358,12.7050,9.0083,19.4493,28.1023,49.9722,48.2144,43.0792,29.5403,22.8156,25.5511,29.7366,21.8398,16.1735,28.8362,26.8079,34.3053,14.6282,25.2043,23.9670,28.6147,36.3261,30.3165,27.8671,40.4044,37.7698,28.2216,14.2384,17.0075,14.4280,26.7097,40.6683,44.6014,78.2989,115.2580,98.5288,86.6709,76.5590,81.9131,73.4485,52.9546,38.3274,48.5978,62.0788,54.4288,40.0801,24.4250,18.2405,11.3962,28.0969,49.5714,63.8935,66.6575,56.5362,43.1654,29.1287,35.4798,39.5029,30.0797,17.0788,24.4488,36.0341,54.0274,43.5350,40.7011,39.9717,30.9870,34.7700,29.8579,23.9193,27.7353,32.7146,33.2472,28.9095
50600.9000,49943.4000,39518.9000,47266.9000,57894.6000,47572.5000,35759.2000,28703.2000,23763.3000,19771.0000,14117.5000,10569.8000,9373.1300,9319.3800,7141.2800,5738.6300,6240.1000,5257.3900,3982.3300,3842.7400,3479.0900,2790.3400,2631.5200,2331.1000,1736.0000,1479.2100,1106.9200,658.5910,450.9920,283.3290,180.4920,378.2550,700.2590,942.3360,807.0970,594.7370,279.3570,246.2010,264.9560,167.4770,84.5269,214.5800,280.8650,303.9930,298.1860,284.8650,178.9560,72.2534,86.6502,141.4770,126.3870,97.6426,114.9390,155.4080,327.1060,465.8110,399.9620,348.5970,203.7330,68.6508,98.9504,155.5750,111.3880,55.1571,115.8080,200.0200,186.0450,199.4550,201.1210,189.1210,200.4440,201.4210,142.8680,109.7890,94.9921,80.7674,64.2025,55.0304,30.4491,43.8406,117.7830,171.5580,149.5590,132.7930,100.1850,105.8380,53.2891,52.8912,138.9110,202.0310,258.8860,284.4790,284.6710,275.9040,336.9240,488.7180,690.7960,962.3620,1106.6500,1045.1400,985.6260,916.7390,833.1080,593.5240,325.7540,216.3630,184.3460,167.2450,179.1930,168.7010,126.8470,99.9452,50.8192,86.0479,59.5788,38.6719,83.5660,165.7620,187.8180,160.7200,121.9220,90.4439,85.1805,112.8320,137.0010,135.7960,126.7240,139.6680,142.5710,142.3340,132.8220,77.8417,73.9391,118.1510,121.8750,106.3430,84.2323,85.8447,117.1810,145.5990,125.2450,96.1951,107.1340,117.5360,101.6000,72.2763,63.4383,112.5770,160.5460,211.7090,231.1180,269.0860,272.3900,286.5830,282.0790,195.1400,118.9590,96.1555,110.5390,101.9370,93.0859,79.8607,61.2881,38.7318,69.9175,73.5595,62.4627,39.3986,43.7412,35.9677,28.2175,40.5173,57.9345,58.5411,40.8106,61.8312,91.4212,84.5733,76.0598,71.5963,57.2589,32.6555,43.1954,68.2208,109.4590,169.7090,190.7590,158.0740,134.7500,117.4270,126.5020,139.7850,150.3110,87.1945,33.3144,15.7917,11.1578,22.3776,40.7970,40.0098,40.3919,37.5427,37.1488,34.2605,12.8952,14.0706,35.7471,16.6858,34.7888,28.8296,45.0970,72.7563,111.9760,94.0722,79.4837,85.6207,100.9670,86.2198,27.3576,39.3833,74.8846,61.4022,60.2895,48.9317,27.6225,20.5591,7.5365,8.0603,7.6930,12.8504,22.3916,40.0968,65.8173,61.2136,57.7903,45.8058,32.4273,14.5241,7.0266,14.2450,9.5026,8.9330,17.8857,20.0844,32.4671,27.7590,32.6922,42.8448,46.6120,30.8115,45.1241,51.0420,60.9893,25.7000,12.5248,14.4596,48.4342,47.2097,54.4708,65.5266,105.6060,106.3440,85.0236,59.0879,42.4591,36.5365,25.9878,37.2195,55.0579,46.1927,38.9373,27.8183,34.6142,27.7213,10.5834,11.7702,24.4856,37.0865,49.8977,50.9667,46.9725,31.8627,13.9511,15.8562,31.8732,15.9160,12.8381,28.3889,23.0416,13.7558,12.4882,13.9918,16.5130,47.1107,53.6118,53.5285,50.7845,45.0277,43.9674,35.6275
50057.5000,50043.6000,39661.0000,47246.7000,57571.7000,46884.0000,34965.1000,29597.7000,24596.6000,20779.4000,14894.7000,11038.3000,9511.2900,9768.7000,7866.9100,6300.1500,6775.6000,5716.7700,4255.6600,4031.7900,3715.6800,2930.0700,2748.7300,2432.8300,1781.7700,1507.5800,1175.2700,709.7730,460.7710,266.1570,159.4500,258.9640,575.0750,868.0560,771.1050,499.7040,223.0360,151.5600,158.7200,117.2190,123.0170,248.7130,265.5410,252.2250,230.7420,186.8420,81.3162,64.9970,117.0470,151.9820,106.0340,40.9651,88.9189,210.6200,414.7050,571.9900,480.6230,418.9020,261.4860,74.9183,43.7648,80.3167,72.0233,87.7821,173.6370,276.5320,256.5480,257.4630,245.9530,192.6730,158.1750,153.5770,108.8490,95.9168,88.7550,84.5003,61.5379,46.4269,24.1506,24.8631,83.1678,142.8420,140.3650,133.8920,102.3970,107.8750,100.5720,73.5058,104.3150,181.3380,259.1610,297.4570,306.3400,275.0970,290.3060,430.5110,649.9480,923.8130,1058.4300,985.5910,921.5000,851.3170,770.0840,539.8310,295.1770,179.7980,125.2860,123.5020,171.0950,175.3490,143.0680,130.2460,68.8288,70.2939,46.6281,67.8342,125.4270,190.0420,211.8320,180.0460,134.3060,96.0958,101.8360,126.2210,139.5720,135.0480,122.6010,120.3950,111.2590,103.3810,98.0299,70.8009,66.2639,100.1240,106.6740,94.5296,84.4786,90.2741,115.9000,141.4250,128.5840,77.9889,75.4461,103.8360,88.7191,60.0236,80.5672,138.0550,180.8030,215.8520,233.7690,276.6150,296.3700,296.4450,277.2970,208.9680,136.3690,97.4165,109.2730,108.6140,97.1052,80.8006,51.5967,32.2011,44.4961,56.6358,48.9617,38.1639,35.0821,18.6314,17.5913,43.5135,68.5569,53.7070,39.5709,54.8485,65.5345,65.5676,57.7535,56.9310,56.3287,47.4754,39.4105,69.0223,111.7250,151.8580,174.9180,162.3330,121.8600,93.9257,103.1830,125.1580,137.2580,101.4920,50.5194,22.2966,11.4861,14.8226,17.2752,27.8661,36.1907,37.0537,20.3220,9.9886,13.3292,30.1151,19.5407,27.2878,32.6601,44.8119,60.1299,80.8121,97.2394,95.5643,88.1188,81.6918,78.2903,64.8165,43.5575,36.9132,48.7453,55.8477,67.5786,68.1784,41.3700,27.6057,13.3939,10.5962,6.2795,22.3279,27.8121,49.7743,54.1021,40.3430,33.8834,14.3361,15.7398,15.8602,21.0804,3.9632,6.5773,21.5383,8.3617,18.2040,32.7217,41.2628,38.4535,41.1811,47.3674,46.5792,39.9499,38.9137,40.0766,41.0635,40.3301,14.1492,38.9251,42.2692,48.4282,56.8469,100.4180,125.4880,106.9410,85.1658,31.7578,22.7818,28.7552,22.2628,28.4084,38.8538,36.1176,30.6508,11.0887,11.7480,22.2500,30.8066,43.5809,55.7336,54.5931,44.3458,32.0490,27.9910,34.7961,38.3580,16.9398,21.0092,33.2914,34.5315,38.5759,31.4165,21.7503,14.7702,8.6896,16.2474,32.3876,34.3072,30.9680,32.8415,37.1689,28.3968
49916.6000,49462.5000,39135.2000,46605.9000,57107.7000,47049.1000,35340.1000,28972.5000,23937.0000,20124.1000,14472.0000,10721.6000,9435.6600,9456.6000,7285.5200,5825.9900,6289.2200,5298.0400,4014.5300,3851.2500,3499.7600,2781.0200,2630.1000,2319.5400,1733.0200,1519.8800,1189.4500,769.2650,551.6440,433.4470,451.3170,546.9610,662.2360,910.2300,864.6530,501.3680,262.7150,152.5900,154.8030,123.7640,60.1101,184.4760,164.4670,130.6770,115.5190,85.6298,33.8504,145.4850,173.9880,157.4720,114.3250,94.6175,173.3570,286.5180,469.0360,599.3510,491.9590,358.0400,202.9270,67.7970,81.1950,100.2800,90.2653,127.2240,215.7510,311.5480,283.7370,241.8380,234.6780,192.1400,178.2450,204.2850,154.2520,126.9600,114.1140,116.7770,96.2128,79.1627,90.8134,102.5590,151.9230,207.6160,208.9450,205.5750,170.9960,180.7470,157.2080,119.5180,141.2570,196.3740,274.2560,324.1750,341.1630,312.4630,348.5830,471.8930,655.9390,941.2130,1101.8000,1023.0700,956.5270,876.1590,784.6280,534.0900,298.2140,199.2850,149.6090,164.1930,208.9300,202.5260,166.5540,145.9400,62.8467,58.8472,32.7298,61.1814,114.3920,183.3120,211.3490,170.8760,131.5390,103.3560,104.5490,117.7540,144.5870,147.9960,120.1610,116.0730,118.3090,97.2082,79.2142,46.3391,69.3873,109.2200,110.6570,100.3970,77.8173,64.7167,79.4598,99.8539,85.3376,69.9870,92.1917,127.3900,111.3090,63.2808,58.1075,124.8840,144.3260,165.6550,192.4410,247.9650,287.4850,311.9970,284.6600,204.8760,125.9360,79.5644,87.1807,90.0486,83.4666,57.7216,32.5575,15.8408,46.8605,68.7202,74.3769,56.8728,46.1283,37.3039,23.6078,25.2791,41.8172,55.7165,61.6278,60.9437,58.1205,60.8202,67.6545,68.8964,49.2747,10.4880,40.0383,73.3980,109.2600,139.6260,166.6420,160.3400,120.0420,87.3258,86.9562,103.1800,117.0170,86.4247,37.6910,16.4564,3.9704,8.2105,19.9909,24.3677,23.7650,33.5046,20.3331,14.1445,14.9083,21.8612,20.8907,11.0892,11.8213,21.3905,48.2836,88.4685,85.9095,81.4519,86.8928,93.8188,94.4172,77.6957,54.1449,40.4952,36.0804,35.9276,39.3143,41.4562,25.0517,19.8642,18.2069,24.1845,14.1033,17.0523,19.9362,36.2318,59.1592,46.9366,43.7062,24.7129,14.5421,7.9728,19.1725,32.1979,18.7415,9.3674,28.1636,42.4270,59.7043,63.5294,44.2804,39.2343,33.5059,30.1166,23.5867,23.2054,27.9647,30.7871,22.2257,19.2002,31.1245,44.0004,57.5458,83.2432,115.5860,110.9200,96.3364,75.6770,48.6922,37.6970,35.5077,31.2220,36.2352,30.8129,20.6305,24.8647,22.0860,17.6146,40.6924,62.7764,83.0994,91.0979,81.4525,61.1837,46.6339,33.9392,30.2781,31.8561,26.8651,20.3093,17.4027,21.7664,32.2127,29.9729,15.0729,8.5763,26.1713,43.2735,46.3016,44.2495,37.4568,33.8753,28.6391,24.1871
50723.2000,50038.7000,39628.8000,47365.9000,58003.2000,47799.5000,35952.6000,29274.2000,24219.9000,20328.7000,14574.9000,10854.7000,9582.7700,9511.7200,7324.0300,5881.6500,6347.9400,5360.2800,4081.7900,3923.2700,3530.6400,2881.8600,2680.1100,2402.4300,1843.3200,1626.0500,1328.3200,902.7350,760.6070,690.0240,764.4520,887.4710,872.3650,924.6490,809.1610,382.3610,134.7170,125.1280,146.8760,67.0665,118.8690,237.0550,225.4890,193.3470,176.9020,127.0050,109.2830,188.7990,234.8310,238.7390,196.6030,152.9900,205.5820,341.9310,546.1280,676.5810,557.1230,382.3150,224.5600,55.6974,66.7571,104.7820,132.0430,184.1090,268.8270,372.5080,354.3490,261.9140,248.6440,202.4550,179.0480,230.8010,180.5280,154.2320,140.1980,147.7550,129.7960,108.3060,123.2450,140.7570,195.3920,255.5610,253.0710,236.0900,173.5210,193.1160,188.9940,129.4650,130.8180,197.3440,280.3500,327.0480,346.8380,320.1120,350.4490,459.9870,647.5400,929.3090,1096.3500,1042.8900,977.3370,897.4990,810.5210,582.9100,342.3770,227.0360,167.4680,165.3690,191.1210,178.1930,147.0580,124.2330,71.3665,55.5869,20.8570,66.7154,135.1930,213.1200,227.5030,180.5160,140.8920,110.5080,106.1890,116.1600,139.5870,144.5280,112.6550,91.6847,96.7374,75.1906,54.2014,44.8425,70.1975,117.9510,110.9200,86.1274,67.3170,56.9938,78.2455,112.5960,131.7130,114.2330,123.2470,134.6520,97.4751,65.9330,68.5637,110.2440,150.3890,177.1880,193.6010,243.7810,284.6360,298.7150,295.0410,225.3130,135.3600,78.4575,91.3814,98.4946,103.1540,88.1756,36.1068,23.7767,55.8727,82.6856,95.5334,54.4809,33.5705,51.3554,28.7113,15.8722,41.2268,50.6234,56.9681,67.1478,77.2835,94.9491,92.9745,77.4436,55.8422,39.8091,26.0172,73.0297,119.8900,154.4880,176.0180,172.4860,122.5340,86.6508,96.1042,117.6360,111.7470,50.3092,20.7935,29.4397,31.0028,25.1777,29.8637,34.1075,45.0417,52.6051,37.0743,24.8873,27.8387,33.8768,30.2144,19.9190,29.6395,37.9100,54.7710,86.3602,100.6660,107.7670,126.3500,128.3000,118.3360,81.8178,69.7550,67.5106,58.7091,64.8318,53.6874,38.2670,7.3781,8.9500,9.8301,6.1704,7.4785,9.4528,30.3317,33.1364,62.2417,55.1736,52.1466,42.9810,33.4623,14.4939,18.3804,32.3617,32.3273,33.9225,32.5522,35.9374,56.7262,80.1487,63.9185,54.8419,47.7787,57.9756,62.2168,56.7866,46.5375,33.0687,19.8872,19.0083,29.7632,50.4267,74.4740,90.6441,116.8120,122.5450,106.7800,83.4770,52.6172,37.2582,37.8610,37.4268,26.7195,30.0885,32.0297,26.0667,7.1426,18.4662,27.1943,35.4392,55.6982,83.5878,73.2531,56.0031,37.5994,34.4550,34.7260,26.2250,22.1162,11.7744,15.4600,36.5539,62.9370,52.4770,36.5936,19.1431,5.6316,14.6400,26.0118,31.0516,33.4226,35.6454,28.2991,8.9299
50311.4000,50098.0000,39625.7000,47340.1000,57850.2000,47308.2000,35487.2000,28975.6000,24025.1000,20056.1000,14454.5000,10837.2000,9470.1200,9500.0300,7394.4100,5901.4800,6398.1400,5430.4300,4105.5600,3949.3800,3570.4000,2900.9700,2727.4300,2458.0300,1889.6300,1697.0400,1411.5500,985.2410,868.4500,817.4900,907.3540,1060.5400,1127.9800,958.1160,868.0880,443.0000,152.4120,149.5950,193.3470,91.7291,105.7890,202.1980,176.5260,127.3930,129.7400,109.1760,137.2020,229.2220,267.0970,252.0410,245.4940,221.8260,279.4880,391.9350,580.2310,689.9630,543.5830,347.4250,184.8520,50.1941,50.1869,118.5230,182.2050,253.5410,316.9480,395.4460,390.0220,269.5690,212.7570,163.7750,147.2660,216.7150,211.3860,210.4060,207.7220,217.2680,189.1170,161.7230,170.9790,174.3900,217.5460,272.9770,269.9000,250.0230,197.4340,228.5880,225.3380,160.8860,177.2210,248.8560,313.3110,353.5810,384.0420,362.0160,389.3570,489.0370,634.7130,898.5610,1073.3000,1019.9800,962.8570,892.6390,831.0760,613.4340,360.7690,274.9230,219.3520,170.8270,197.9470,208.4110,185.9610,158.0020,81.2332,56.8409,23.7170,67.9330,128.5090,188.3030,197.8300,170.7370,129.3090,85.0752,91.8825,112.9400,124.0810,114.1140,111.8270,107.2500,88.8820,43.4675,16.6392,70.8519,75.4028,120.6560,102.4630,80.7801,62.7818,56.0738,74.9099,96.8276,92.0862,85.1238,113.2690,120.0760,87.2603,52.5551,67.0185,142.5950,173.0430,191.1750,208.5130,251.2930,283.4370,303.5960,286.6100,200.8570,116.7970,88.6736,106.7170,103.6970,99.3000,73.5462,31.6225,30.6682,68.8101,87.4041,77.9629,51.1696,57.1947,61.8474,42.7833,34.2616,47.7551,47.6425,33.9530,47.8401,81.5551,95.2844,86.0134,78.5834,58.4745,40.0919,38.8844,80.5881,129.6710,175.2750,201.5720,197.3390,158.3680,126.3050,124.2480,137.3370,127.2860,83.3764,65.5790,52.3120,41.4925,44.3096,51.7302,61.1000,74.6851,77.3128,57.4923,45.7196,51.0110,61.0542,59.8215,50.3459,44.3134,42.3500,60.1757,93.4612,97.1864,100.8380,123.1350,128.7290,117.2880,101.3300,100.5420,73.2467,60.0621,78.8017,66.8624,46.0195,35.6664,33.9278,26.3223,9.4375,16.1860,18.3042,25.6516,26.5192,50.5573,55.0736,55.0869,35.3098,28.9775,23.3436,28.7867,50.5866,57.8781,60.4524,34.6815,25.5262,57.6190,85.2822,76.2132,70.1258,62.4358,74.9116,75.7107,57.3637,45.7760,34.3743,21.4700,11.1238,26.7478,42.5431,59.4211,81.1964,107.1660,110.0050,98.0614,79.2392,42.9269,26.3687,24.8650,19.5852,29.5104,40.8306,32.3956,23.6664,15.8566,14.0305,18.0265,23.2564,37.1149,39.1121,43.6151,47.9847,44.0480,31.1575,22.1764,25.0414,18.1128,16.1965,24.0238,28.0248,33.7214,39.2420,32.5272,34.6743,19.7722,33.1581,36.8926,32.3612,28.7673,21.9485,12.1519,29.4950
49727.9000,49323.4000,39034.9000,46480.3000,56911.6000,46806.6000,35159.0000,28619.2000,23642.5000,19821.0000,14310.2000,10663.1000,9366.9200,9368.8400,7173.4500,5730.6100,6233.2600,5219.7300,3930.9000,3815.1300,3460.1600,2786.2000,2638.5900,2397.4300,1852.8800,1677.3700,1414.4900,1026.8300,910.1060,847.4920,922.6220,1059.7700,1125.4800,931.0430,798.9480,381.4280,128.3160,89.4377,83.8746,61.3359,132.3950,204.9570,183.6030,137.5980,156.9970,170.8020,216.4420,292.6560,316.3870,301.2060,262.4020,254.0900,343.3100,460.0820,597.4990,674.8080,528.0360,329.1720,166.5920,55.9641,57.3785,93.2594,148.4710,234.9280,306.6640,389.3480,354.2010,245.7890,208.0220,184.5300,181.4220,252.7780,228.7260,215.4680,202.4030,201.6350,167.4290,155.9860,175.3780,184.1460,245.5010,318.0790,316.8110,296.4600,225.8500,222.7180,222.5660,195.7510,214.3200,258.4500,304.5870,350.0560,390.6770,372.3310,387.7900,471.2480,622.6210,883.4670,1041.2300,1005.9900,967.1740,913.7060,845.2580,610.9380,361.6110,239.1620,170.3420,143.1580,165.0500,177.6220,165.8040,163.7360,103.0920,82.4547,45.6428,56.0674,122.6100,195.9090,209.4780,158.6760,124.9660,111.5710,110.1460,106.9320,106.8290,110.3990,120.6200,115.9020,105.7780,77.0895,51.3547,43.4781,75.4391,141.6270,125.2310,102.7810,85.0248,74.0118,73.7487,90.3776,97.5209,68.7692,72.5376,113.2450,108.8430,69.5233,61.0808,124.2300,160.2470,182.2130,203.8590,244.9870,278.8370,301.6930,299.5150,230.7050,147.7970,88.9202,81.1853,88.4299,72.8924,38.1986,9.9594,50.9610,80.3342,94.9287,92.0914,67.8338,49.6661,48.2788,41.7483,22.8745,30.6115,53.0091,46.4445,40.3324,58.4665,72.3034,75.3336,73.6245,62.5463,46.5227,53.5794,88.6736,127.9080,169.8610,194.4160,189.3080,158.1620,131.6660,108.1590,108.5950,112.7480,92.0141,52.7745,33.7031,39.6663,33.9069,32.0950,44.7300,63.9894,54.8332,24.0009,26.3006,52.2687,49.1847,41.8740,25.5726,28.2445,44.8668,71.1375,95.0893,90.6800,85.3071,94.2514,98.9232,96.9772,75.5378,48.4129,36.5355,39.3338,30.3005,20.1716,13.2173,11.8765,3.4463,7.3174,9.2838,5.0088,19.1943,34.2857,52.3617,59.4320,44.4731,40.8259,33.0213,18.7587,23.0553,15.4797,25.1793,18.7686,13.9718,12.4920,24.8306,37.4824,42.0919,45.4849,52.8955,40.3889,25.7026,33.3063,37.8035,41.0686,37.5433,30.5870,19.8778,26.5644,33.9344,48.2877,79.5384,119.9440,109.5840,88.2633,61.9097,37.4418,32.0774,35.0662,24.9258,16.2754,26.5136,28.6587,28.3141,18.7114,12.5272,30.0866,38.5390,53.8423,47.0580,52.9831,54.8991,54.2665,31.3083,17.1058,28.7863,29.1702,10.3955,8.4261,22.6176,32.6911,29.5491,22.8382,16.2978,11.1852,19.6172,23.7829,20.1418,15.7203,11.9577,4.9500,29.1655
50665.2000,49962.0000,39549.9000,47275.2000,57845.1000,47591.2000,35668.6000,29644.1000,24555.2000,20935.3000,15062.3000,11060.9000,9670.6600,9705.9800,7631.8200,6145.9400,6548.0400,5522.0100,4166.1800,3982.1400,3606.2300,2931.3600,2756.2900,2492.5400,1957.1700,1756.2000,1485.3900,1102.0300,970.6840,879.0470,944.4370,1075.7600,1125.3500,925.4240,782.7820,378.5770,131.6310,108.2870,104.6060,70.8924,153.7580,234.9960,177.6190,134.9450,195.4170,212.8020,221.4540,288.0670,331.7380,305.5770,272.6560,246.1350,338.7880,454.0850,616.2510,684.6300,535.2440,340.8930,185.2450,47.3583,42.5963,101.4710,164.4450,230.6400,286.6290,366.3170,356.0400,253.0930,231.2350,196.4260,170.2940,230.5400,209.8070,184.7230,168.1510,171.7120,156.5250,123.5770,134.3440,142.5500,191.7660,281.7060,288.1620,276.7790,210.0160,216.7860,194.0260,155.5690,186.9830,232.7180,283.9920,319.7630,323.4390,307.0720,317.8720,398.2090,554.4940,817.1010,986.0840,961.6540,926.2080,883.5980,826.4320,608.5110,356.2540,231.8580,166.3720,135.6760,165.7660,181.8240,170.2670,161.2260,97.3223,67.3601,30.6478,74.9483,139.5960,206.3040,226.0680,182.4190,138.5980,108.5080,99.1613,100.6560,97.6224,106.8750,112.6230,93.2014,85.5882,64.5689,49.4195,32.6766,68.7628,137.2260,135.9310,117.3500,100.5690,93.2881,103.8870,128.9070,129.1890,96.4307,118.3600,157.4550,130.6860,86.2512,74.8520,131.8630,159.7550,155.2840,173.3600,228.7890,277.7030,296.6920,288.8810,225.6060,143.1260,76.6750,74.0579,76.7325,60.7964,38.5510,25.0764,32.9019,74.5297,88.7234,87.2449,71.0292,65.7333,49.7136,31.8224,41.3955,56.1538,58.0047,59.2731,58.6214,61.8858,77.7839,82.5055,78.9806,69.2999,63.4162,70.5039,100.9100,143.6930,179.0140,205.3780,206.2980,182.1870,158.8870,130.7830,123.4060,125.4160,103.7030,60.6231,48.5742,44.4564,29.4322,38.4857,59.0292,83.1142,68.6468,41.1391,45.0023,56.8046,53.6504,40.6454,31.5309,36.3061,47.9273,71.1268,98.0784,106.5830,95.2914,98.9913,101.1250,102.5940,91.1943,65.8428,52.9224,45.0685,40.7118,26.2792,17.8453,19.2161,17.9889,16.6066,45.1680,48.4115,56.7849,39.7732,26.1602,40.3585,36.0488,37.1498,22.4513,10.1829,13.8938,16.1926,10.7789,7.6024,8.4840,20.8988,33.3211,42.3090,54.0392,41.1734,45.2732,37.0865,37.1503,52.9020,48.6376,42.4319,29.6653,31.9388,23.0964,13.3711,29.5325,50.5600,72.9115,104.9240,107.4490,96.1059,78.8050,52.8849,32.1532,26.5722,30.0466,27.4688,30.4523,28.2999,23.7707,17.9796,12.7857,13.2954,30.5983,52.1352,50.4368,51.4352,54.1959,48.1504,30.9211,18.4134,28.9308,28.4764,9.4026,15.0436,30.4358,32.3572,31.6975,24.5550,20.3354,11.1187,27.4222,33.4974,32.0588,29.4209,22.5070,14.9610,20.3170
50359.0000,49960.6000,39593.8000,47317.2000,57794.3000,47261.0000,35366.7000,28091.3000,23165.6000,19518.0000,14246.0000,10747.8000,9421.2000,9245.0300,7107.9400,5774.8700,6218.3000,5250.1200,4015.6700,3866.4200,3454.9300,2798.3200,2657.3300,2392.0700,1889.3300,1702.0000,1373.9400,953.0420,838.1000,794.9250,893.4110,1057.8200,1083.8500,996.2870,887.6950,450.8260,185.3140,180.8870,198.6250,76.5318,85.4302,201.3690,170.2880,126.2010,129.2430,101.2130,89.7233,158.2680,220.9950,211.1990,164.9500,157.5400,271.1950,392.6430,563.5710,677.2330,547.9030,360.1110,205.0810,90.1018,57.3380,41.9689,129.1490,221.1260,293.3590,355.0920,319.2140,234.4730,237.4350,221.1810,234.1150,295.2440,253.6470,231.2600,222.4390,218.2360,150.1170,99.1484,109.4370,115.2220,158.0850,223.7570,242.5490,231.5190,191.2000,208.9690,184.4950,154.6990,178.2180,199.2080,234.9790,288.3520,314.7320,315.4050,351.4000,448.7230,600.4030,866.0070,1029.7100,1021.0000,1013.7000,979.7170,916.9860,659.2910,396.5030,292.5450,241.5790,216.2850,228.7400,235.0100,206.6540,169.7370,83.4059,42.2239,7.5959,42.1415,89.0541,150.6620,174.8650,148.2050,108.4120,81.7290,81.1192,88.4921,89.7923,107.3400,130.6720,134.2760,127.1070,113.8720,87.2764,43.0786,90.4497,162.2270,141.7970,113.2450,98.9859,106.0490,107.0100,116.1260,126.3370,100.7590,102.2170,134.8180,111.8390,67.2938,61.0250,113.6450,146.0960,164.7240,185.1800,223.2920,263.4310,293.9990,276.2620,198.5890,115.2840,76.2080,83.9296,84.5980,88.3571,76.2782,38.4714,26.0097,53.7045,72.1429,72.3527,59.4091,53.5267,49.4529,35.5077,25.4973,38.1258,50.3074,41.4521,50.4045,74.1399,72.6815,62.8065,51.4589,42.9878,40.8401,66.4959,102.7300,135.0480,178.8680,199.5720,180.6520,161.5830,141.2140,122.0240,119.3710,134.6210,115.8260,66.3786,38.7525,44.8479,45.1008,46.6352,49.7031,66.1995,73.0913,54.6244,48.0347,46.1076,48.5131,42.7842,41.2791,30.5853,26.5594,59.1145,85.9677,77.4609,86.2632,104.5510,115.7640,118.6380,107.8380,76.1173,50.0573,51.6535,49.5766,43.3227,33.6672,19.3102,7.7421,14.2834,11.7905,26.7800,29.2537,51.2629,50.0682,62.9224,46.0804,41.9708,21.1104,10.3115,8.5204,13.5399,23.2467,19.9381,22.8439,30.8880,41.2362,54.0606,69.6315,65.1765,63.4352,54.6703,41.2729,51.7544,58.4588,63.9148,49.7820,28.3216,17.0309,21.1420,23.1914,38.3509,61.3763,99.6760,96.5384,78.8071,56.1248,30.5887,26.3256,30.9390,27.3006,22.5709,19.5735,22.2579,24.7212,26.4054,9.4183,17.9915,25.5469,37.5946,43.3242,57.4254,67.0649,64.2169,55.1047,46.0711,52.4998,40.2837,16.0532,9.1283,22.3599,22.0130,27.0997,35.0530,24.4640,13.0877,32.9623,57.3725,60.7910,58.0621,44.9354,33.2730,18.1414
49482.8000,49038.8000,38811.1000,46232.4000,56559.0000,46285.0000,34606.0000,27160.3000,22308.5000,18771.5000,13791.9000,10429.9000,9106.8600,8889.1300,6676.2200,5367.3900,5862.3100,4920.5100,3777.5800,3655.3800,3300.4700,2636.9100,2520.0200,2272.0300,1765.2900,1595.2600,1274.9100,872.4240,746.5160,677.0930,733.6340,837.3130,837.6480,891.6260,831.1370,447.6810,208.5930,69.9418,50.6093,130.4370,149.3480,205.3320,153.8310,109.6720,103.1630,52.8831,73.2587,173.0090,212.8080,192.7770,151.6010,140.3140,251.2420,383.7410,525.7440,618.9140,491.8480,319.2020,178.8980,60.0995,37.9571,24.6766,99.6374,184.3810,241.6810,303.5520,265.5930,176.0660,211.5830,222.2930,259.5780,325.8670,255.1740,211.0290,183.8590,181.2740,116.7760,78.2589,87.8891,79.8838,149.0140,236.9970,231.9710,225.9120,179.0770,189.6960,185.5340,149.6090,156.1770,198.8520,238.5040,288.2640,310.5000,323.7000,343.0400,424.0030,586.4030,879.2680,1065.9300,1055.2200,1036.3200,1004.9200,941.2400,688.3730,402.7190,283.7800,245.0360,216.3640,220.0910,224.2930,196.2710,154.6700,72.8017,25.5686,43.6887,98.2707,129.5470,174.7900,171.2010,145.3370,118.7250,91.9707,82.3702,89.9598,104.4700,117.3630,130.4930,136.9650,132.5000,108.8250,94.4677,71.7096,97.3403,143.2490,127.1310,87.5996,58.1888,76.2845,100.7910,109.6200,89.6813,83.6433,113.3880,130.3320,105.7060,73.1577,85.2776,127.4690,151.0480,173.6610,199.8040,255.9760,302.0680,325.8920,296.3900,211.7140,125.8580,81.8518,97.0761,100.3690,101.4980,85.9715,63.3908,17.9449,35.4694,61.4950,69.8710,36.0055,29.5151,39.3305,21.3810,19.5796,38.9622,53.2463,59.4810,56.0900,64.0956,72.5744,65.8720,51.8246,34.0426,29.9155,50.8478,80.9261,113.0290,156.4250,186.0810,181.7090,153.8410,121.1930,99.5472,101.0770,118.6050,98.0063,51.2472,37.2075,51.4529,48.9935,48.3749,46.3745,63.6179,73.2910,53.2005,35.5368,41.9684,54.4837,63.8607,39.3775,14.9300,22.2566,44.2947,70.6099,91.1325,94.7371,96.1421,100.1390,102.2180,88.1756,59.1003,37.6427,29.9448,34.9235,31.3768,26.2042,12.0679,20.7734,27.2170,16.1807,17.6721,34.7258,33.6735,36.7600,37.6171,22.1908,30.0153,15.2295,11.3623,12.0728,18.5489,27.5600,18.9429,22.9242,9.5940,21.7631,46.1836,69.8419,61.5847,63.5424,39.1937,35.4096,50.1866,38.8213,30.5230,18.5532,11.3248,14.9924,25.2960,35.5935,53.2880,86.4508,121.8030,104.7180,80.3875,52.7103,24.6754,16.1573,22.8474,22.3126,17.4223,18.9190,17.9480,19.9429,23.9345,24.0913,31.0468,46.0406,61.8605,70.8726,68.4278,59.0049,48.5849,37.3495,31.7432,25.3240,12.0176,19.0690,35.1871,50.7006,56.9051,43.6924,26.9030,29.4811,41.9052,46.8504,54.0523,57.3172,57.1932,38.1306,20.4456,8.5473
50206.6000,49258.3000,38998.7000,46509.6000,56955.9000,46842.2000,35052.2000,27246.0000,22294.9000,18860.1000,13852.5000,10461.9000,9211.9400,8877.6800,6660.7900,5435.9800,5880.3100,4969.0600,3859.3000,3692.5100,3326.6600,2641.8200,2535.2800,2251.4500,1732.5800,1514.6600,1149.2500,730.1910,534.4970,426.7600,489.2960,593.0610,732.1480,1028.0000,905.5910,531.8240,269.6140,158.2620,160.3680,147.4690,74.0879,204.4950,174.9920,143.7900,122.6610,102.9570,44.0327,127.3510,147.3830,131.2230,88.6283,77.0812,172.9890,294.5910,454.9080,557.3280,429.0940,305.9920,151.8530,38.3220,51.7779,48.3199,55.7868,132.3300,197.5550,269.2700,197.7330,170.2780,187.5890,202.0680,254.3290,301.2500,244.4890,188.0210,140.5840,117.9680,89.6612,84.6083,65.1074,68.6882,171.4790,263.5610,253.0990,242.1150,198.5540,202.4840,189.8090,147.8600,124.7300,153.7440,237.7530,296.0750,302.3460,293.6100,320.6390,439.7660,635.6380,949.7090,1135.1000,1092.3700,1062.3500,1019.9900,944.8060,663.5500,379.7870,267.3760,228.3410,215.0570,232.2540,232.4570,198.8790,154.6580,72.3799,23.3839,16.0095,69.0244,115.9200,174.4730,175.7400,144.9950,111.5590,80.5797,94.9986,113.6810,131.0930,130.8280,137.9350,154.0980,150.0140,138.9510,119.5720,98.9173,136.2880,183.1420,171.3300,146.2300,121.1240,100.9190,96.5036,113.0070,105.7640,83.1244,105.4800,124.4380,94.3820,65.2052,75.4300,137.6380,176.3660,203.7040,219.3850,276.8050,317.9720,333.7990,327.0030,252.7040,155.0700,80.0431,98.7849,101.3700,89.6482,70.6483,43.9749,29.4652,57.8837,81.5583,65.7736,50.4341,56.3962,62.1568,40.9369,20.1711,36.1341,51.1098,46.0810,62.3443,65.4940,54.0154,43.2536,50.9304,42.4190,30.3041,56.4078,95.6360,128.3740,160.0460,182.5130,171.3930,135.9310,108.4710,108.6910,123.0800,130.2150,98.8508,57.7662,34.1023,36.0837,46.7967,47.7897,53.9560,59.0409,49.3681,31.9688,37.6625,43.9672,42.0498,33.0917,21.6865,6.6751,25.9921,52.7433,83.1109,85.4272,82.5681,95.6446,110.0650,118.9990,93.0107,69.0630,60.3348,58.9310,56.7209,57.0595,48.3574,18.0541,6.9395,7.1641,14.3790,27.3669,49.1130,48.6737,47.0527,37.2066,17.4144,15.2751,11.7021,14.7230,16.9045,12.4239,5.4401,11.8876,19.1049,9.8349,13.8712,23.7529,55.0201,56.9323,71.1814,41.1080,34.9829,48.6744,46.3550,37.3599,25.4693,21.2543,13.1775,31.6797,49.8186,68.3239,90.1779,117.9710,120.1720,105.7480,84.6853,54.0254,40.1835,42.4885,33.4899,21.4372,30.7749,34.6318,23.4979,8.8433,19.6219,34.3444,46.2906,57.7135,62.3711,56.5900,46.4674,39.4432,32.4501,30.9254,26.4990,9.3148,22.5812,29.0391,37.1909,35.6090,29.8760,18.8986,10.0398,25.4687,46.1056,41.8603,33.4076,26.5724,28.2371,10.3134,9.6116
50711.3000,50265.6000,39809.1000,47634.8000,58139.2000,47540.0000,35642.9000,29417.3000,24483.9000,20572.2000,14707.6000,10916.1000,9562.8300,9691.9700,7675.1100,6126.6800,6569.3200,5560.7700,4156.7400,3971.2600,3638.4300,2928.2600,2713.0100,2403.6100,1814.4800,1552.3600,1210.8700,755.2240,550.8280,456.1390,551.7110,707.3050,872.2490,1094.6900,1039.0900,642.5380,340.8270,254.8610,247.6310,185.9860,145.0930,216.3380,235.8190,199.6650,176.6130,153.5230,85.5388,76.7088,108.4200,120.1130,107.4880,62.8774,139.2460,272.2650,479.1100,596.6680,485.4160,395.3410,243.7530,56.4989,51.0815,84.8034,106.9460,154.0530,234.9960,326.1400,304.4040,233.6750,229.5060,192.1700,189.6830,238.6080,194.1960,162.5700,144.8480,152.8090,117.1880,61.4061,41.8904,57.3053,156.7800,274.9630,281.7000,273.2220,226.0420,227.9170,205.6320,147.8480,138.9090,197.7760,273.9090,311.8680,330.6140,310.1130,334.4680,450.4410,640.4320,917.7990,1082.1000,1052.5900,1018.7900,968.2250,902.1340,658.8890,397.2130,285.8960,229.7880,207.0080,233.8690,245.7710,225.3360,187.8550,117.2280,62.0784,58.7296,98.6385,139.1290,189.6030,194.2840,148.2990,105.7370,89.6209,107.5280,117.7410,127.8880,141.4060,154.3890,151.5200,148.8200,130.7120,114.4900,85.7108,115.2550,151.3880,148.4820,144.6610,138.7710,124.6040,129.0550,141.3930,135.7230,99.9081,114.1150,135.3870,109.0970,79.9547,117.8500,192.7620,214.9860,234.4870,248.4750,307.8160,344.2930,344.8240,320.1560,239.8380,142.7430,83.3775,97.5523,100.0100,102.4260,89.6643,55.9984,37.7721,59.6187,87.6447,64.6733,33.9654,30.2098,20.4223,7.1408,14.2021,34.0713,58.4812,65.9043,60.1505,75.4641,91.6087,84.6067,74.4614,50.3815,43.1099,59.4106,96.7400,137.8580,178.7180,193.9990,171.4330,135.5350,114.4920,100.2760,103.9970,117.4630,105.0160,57.2138,37.4098,13.9446,25.8939,28.7441,34.0433,44.0033,41.2682,29.8978,37.3682,41.3852,43.2097,47.0027,44.8274,26.2560,31.6318,57.4532,81.6524,96.6481,100.2440,102.7590,103.0590,92.2849,51.1441,40.1119,58.5040,53.5530,40.9775,28.4651,11.9307,21.2042,24.1607,31.2247,11.7884,10.4036,30.9680,46.9642,57.0868,68.2811,40.6199,31.8685,18.0384,28.4924,29.6951,17.3653,9.1777,13.6897,20.2395,6.6508,12.3447,25.4422,46.5327,48.5024,63.9363,46.5134,32.6540,41.9370,46.8603,46.4873,30.6038,19.6830,11.0045,15.0662,27.4673,41.7797,66.8738,98.7138,110.7810,100.9190,84.2550,38.6760,22.6016,27.9084,24.5073,18.6656,15.7536,17.6555,13.7679,19.5524,24.6252,57.9738,65.8017,78.2866,67.2695,41.3164,38.7708,28.8845,15.2579,18.0245,23.2882,11.6205,13.8890,22.3152,20.8243,32.9494,32.4208,18.8321,6.9659,20.8305,23.2746,35.1246,35.2951,31.1914,21.7202,17.8256,14.3736
48936.8000,48864.4000,38670.3000,45313.7000,54461.2000,42421.0000,29122.6000,24884.1000,23952.3000,20302.9000,15991.5000,12022.5000,9585.4900,9113.1200,8023.6800,7240.5900,7374.6200,6190.1000,4829.0300,4087.1300,3751.7000,3144.1300,2865.6800,2597.3800,2102.1700,1885.3700,1629.9600,1354.4500,1229.2600,1235.1300,1248.4600,1363.9700,1437.2300,1238.8200,866.6190,549.6410,259.4960,232.1140,324.0040,314.3460,235.1860,219.8260,221.3340,234.4670,290.0870,349.5170,353.1240,353.6800,337.8050,343.1180,361.8310,356.5280,408.3060,511.1690,576.7630,588.2050,429.8150,281.1890,185.2470,139.5580,168.7040,177.8300,305.7560,324.9660,317.4140,310.8050,298.0210,213.8080,76.2737,95.0597,230.2340,322.4760,339.4950,322.4600,280.1270,251.5530,188.0430,158.8310,174.3360,183.6840,225.3820,296.1620,268.2180,218.1380,175.5850,165.6880,140.2710,122.9230,144.9340,173.9310,233.3470,267.9700,257.9810,278.4750,341.1050,463.6970,654.9150,920.9530,1057.4500,990.0650,944.8670,897.3340,806.8880,544.4500,348.7070,327.5220,270.9400,203.8920,226.0100,259.2740,245.3010,232.9640,195.4450,140.0650,89.1590,70.3206,84.4670,102.5970,121.2460,87.1273,51.9641,30.0562,15.4913,25.8878,38.5254,37.9670,35.0726,28.5099,14.6768,38.1016,58.4026,80.1999,73.4762,61.3600,59.7366,67.6467,55.6129,70.0943,107.2250,114.0860,115.0370,80.4069,64.9525,84.4402,94.2500,75.3065,104.3740,194.4520,270.0220,299.0340,311.4770,344.7240,366.5590,381.6880,348.6150,259.9910,172.1260,111.6280,115.0890,113.3060,104.2930,73.8451,44.2188,33.2099,55.7441,82.1130,84.7490,50.2520,33.3237,31.4895,12.6746,9.6683,29.7102,19.1215,14.7219,41.9366,69.8270,72.2940,72.5806,78.0220,81.7516,83.5400,73.8749,88.4482,128.9520,159.1970,162.0420,167.3140,158.5960,139.2380,134.5870,142.2220,130.9640,75.3074,43.5414,24.8822,14.5704,35.8346,32.4962,40.3719,50.4678,65.7344,43.7438,31.7658,43.4897,31.5227,33.9747,41.6075,45.4671,20.3193,45.4317,79.8698,90.0042,98.6563,97.1189,86.7345,72.5962,61.0229,49.4676,62.9942,90.3947,78.7595,62.2334,39.9770,32.9527,53.9553,73.8252,57.6714,49.0871,31.1127,35.4372,54.8074,63.0748,43.2671,29.4983,20.4160,23.0118,16.7683,13.7297,24.3922,28.4839,23.5018,18.4297,12.8250,6.8972,19.8657,27.5209,38.4872,38.7598,38.1263,34.3376,31.1487,28.1604,33.3738,33.6779,22.5967,28.4283,28.8098,40.8530,61.9704,88.9681,79.3302,77.9029,69.0724,49.3729,28.0324,19.8701,14.7591,7.9257,28.6800,32.9609,35.5206,5.6922,18.2283,31.3478,44.4006,62.1864,73.7785,76.9595,74.7134,69.7278,47.5329,29.0669,31.3310,15.8599,26.6954,30.1334,30.3515,22.3311,36.2614,34.3707,27.8843,7.9865,2.3016,10.6210,27.2631,27.0574,23.1530,27.1258,33.5634
50270.0000,49687.2000,39327.2000,46810.0000,57188.5000,46712.1000,34637.6000,29497.9000,25488.0000,22433.8000,16177.2000,11576.7000,9427.8300,9251.4400,7749.1900,6327.0600,6509.3100,5608.5600,4259.1000,3969.6200,3867.4400,3295.0700,3036.7200,2655.5100,2065.9800,1852.0500,1456.2800,944.4180,788.4320,709.5350,559.3300,415.1300,453.2920,807.5570,935.3720,890.6700,634.7510,277.8920,249.2530,344.3700,293.7080,111.2330,100.6870,196.7160,244.7580,301.6480,318.8500,280.6280,236.9930,172.7670,140.5680,174.5360,285.0310,365.7910,452.4470,522.5340,378.2320,237.2690,174.3880,190.5520,182.9380,86.8015,90.0740,189.5020,268.6410,303.8070,266.2310,183.7810,171.0790,133.7820,248.3020,274.0820,197.6030,168.8190,165.3360,176.8750,176.3190,165.4870,172.3590,180.6430,242.2000,318.1240,297.1590,267.3500,185.2540,168.1060,161.1980,143.4550,147.4540,140.5150,155.7050,180.3500,160.9230,149.9890,213.4500,337.6630,474.8500,699.7570,845.2710,827.7950,805.4880,830.3660,804.1720,548.8920,281.4750,162.8620,162.7650,172.6450,192.7130,208.5880,227.8450,237.2550,179.2810,109.7960,71.4372,59.2709,63.1357,87.8678,97.9107,108.4790,126.3070,103.8370,90.4350,98.1783,85.3838,45.9571,25.8945,15.5445,39.3286,53.9787,82.5693,50.0588,41.5488,45.9738,68.9163,23.8527,60.3332,56.9186,63.7344,72.0187,55.4329,29.1954,45.4112,63.6665,69.0122,79.3308,121.1790,186.1830,211.6750,228.7190,274.0480,305.4850,333.7180,352.9190,303.1850,206.8530,150.8220,155.5910,174.0510,171.3580,174.8790,163.0810,112.7210,47.9775,18.4790,25.8475,27.9081,12.4526,15.4256,33.2640,19.1027,16.6287,19.8818,25.9099,47.8578,80.5955,76.5612,61.9099,33.1667,15.3993,34.8248,52.9779,72.7112,105.4980,139.7000,182.2140,217.7110,217.2600,178.6300,138.4730,138.7460,141.6520,141.9120,104.9960,75.2958,62.1330,44.6074,24.6237,10.7637,23.7287,33.7877,39.0727,44.9034,52.6271,44.9736,32.2722,29.1579,19.6106,8.9293,11.9974,29.3018,62.0306,88.9700,97.8837,103.4700,109.2710,107.6440,95.6918,71.7396,65.0265,83.9829,80.9345,63.8270,41.7137,29.4226,20.2293,13.5318,12.1753,13.8236,6.5200,11.1078,43.5482,52.0010,49.4553,41.4731,34.3287,18.3339,21.4650,16.1701,21.3099,24.4041,27.6115,31.3004,38.0155,46.6910,58.7452,46.4438,38.0492,29.9616,29.5722,39.8781,31.2437,23.7015,19.6344,28.6129,32.5390,48.6309,46.2030,58.2619,69.4276,87.3185,65.8137,43.4416,31.9123,23.9812,21.7373,27.6677,37.2780,41.1034,38.6074,29.7495,25.2097,12.7468,26.1811,41.3962,46.8304,56.1103,57.4485,44.5326,27.7204,11.4542,5.0396,7.7580,12.5384,14.0254,17.5773,26.5272,33.2507,28.2817,11.3067,7.1929,18.7102,34.4139,37.4142,25.2067,21.3178,26.1363,26.5360,11.0146,18.4827
49479.8000,49261.5000,39043.0000,45980.7000,55282.9000,43241.3000,29977.0000,24398.6000,21877.7000,17848.7000,13986.1000,11734.3000,10403.9000,9769.9200,8117.6500,7150.4700,7345.3700,6026.3700,4482.2800,3723.3800,3439.4600,3012.8600,2747.2600,2479.0600,1858.0000,1684.7400,1523.1000,1216.0800,1114.5000,1048.2700,1069.0500,1068.2500,1110.1700,1074.2600,993.6290,762.8480,456.0030,206.6820,126.5550,211.8720,282.3600,287.3020,245.6040,303.6610,290.1890,277.4690,247.2110,213.0900,172.8750,208.8060,251.4770,272.1260,369.0760,474.2970,586.8400,669.1820,530.1040,371.6760,306.0680,336.4340,366.6820,355.8200,274.5890,177.5030,154.9140,205.1530,250.5450,215.4200,151.0840,123.1310,182.9260,262.1110,248.9000,248.4390,246.2650,254.8670,224.5970,144.2820,56.9967,47.9707,149.1120,237.5870,217.0880,177.4820,119.6600,104.5020,103.5980,101.5760,127.3190,190.7900,283.0680,311.8110,278.0660,234.1070,258.1660,347.7640,477.0010,703.4480,835.2320,836.8780,817.5620,867.5390,847.7020,603.5810,345.9760,237.6950,215.6550,197.3550,182.9690,200.4470,239.8050,247.9200,192.9040,152.6820,138.2200,139.2280,141.6660,149.4560,136.3280,84.3166,49.5734,27.7278,13.3500,16.8856,31.1217,33.9384,49.6119,57.5892,85.3249,128.4160,119.9710,85.0558,59.2363,40.7965,37.4805,27.9783,43.7430,79.0309,106.8670,110.0500,96.6670,100.1580,102.3010,118.8090,164.6760,162.9290,123.7600,138.7190,210.4280,259.1670,288.6230,313.6840,338.6640,339.8230,317.0520,235.0760,166.5200,133.5670,122.6810,125.7310,125.9010,128.4120,69.8777,55.0114,58.8691,80.7720,67.4442,22.2515,41.5734,72.9044,51.2161,38.3633,34.5621,33.5520,34.3079,32.9877,20.5666,5.5208,17.1384,32.1841,47.1814,49.7050,65.9152,107.3780,170.4000,231.4380,261.7270,247.5750,216.5420,191.9270,197.4700,198.9770,188.0050,139.0190,90.1913,64.7707,45.8979,35.0116,26.2831,24.5565,24.1706,11.7721,4.1164,14.1349,16.6982,23.5309,32.1094,39.9601,58.9619,65.4662,64.3615,72.8229,85.7611,97.4660,108.9670,104.0730,104.5700,78.9487,40.9528,38.8477,51.6225,51.1134,48.3613,43.1987,34.4016,23.0787,36.0550,49.0312,54.2621,60.1312,43.2102,42.8499,51.1469,50.6596,46.1595,42.0613,34.9001,18.7080,11.1069,7.3257,4.8928,11.7133,18.2266,30.3783,36.9031,48.2469,52.7690,55.7435,57.1617,60.7528,46.6901,35.2934,37.3686,33.7309,34.5365,16.4078,36.3991,34.6746,39.5551,47.2109,68.9629,61.6092,40.2328,14.9676,9.8960,12.1778,17.2860,28.7095,39.4492,42.2399,30.2487,22.4275,27.8286,31.7047,34.7665,39.0926,51.7014,63.0486,57.2797,47.9192,41.7058,35.7931,28.4195,7.5724,18.9734,28.5089,42.6843,58.3796,77.1411,54.1361,22.8722,16.9076,26.4196,37.2143,44.4566,38.0702,30.3497,30.4002,37.7204,40.4919
48619.1000,48603.0000,38346.0000,45169.2000,54486.8000,42589.3000,29711.5000,24132.5000,21726.4000,18346.6000,13516.6000,9720.5700,8154.5600,8135.5000,7084.9800,6522.8300,6898.7000,5739.4700,4580.3400,3881.9700,3454.9900,3058.3900,2811.1300,2761.3800,2165.3200,1728.8600,1264.7800,852.2630,717.0820,644.2040,608.8700,546.1150,491.9740,702.6950,885.5200,924.3610,882.2820,701.2550,561.8940,507.4070,496.1220,436.2190,344.0070,286.8830,324.9970,415.8960,438.0320,433.0550,330.5400,273.3740,250.7040,262.0310,374.4250,473.2220,557.4750,612.2370,457.1900,281.2800,245.9860,296.0940,283.3430,217.3330,115.7460,160.6000,275.6060,389.3380,400.7460,281.6500,157.9490,67.7592,108.6640,150.3430,142.3610,147.3070,156.6860,159.8990,149.9690,131.2050,152.0780,198.8910,229.5720,235.3370,206.4920,176.9210,133.8140,136.8160,132.9570,115.3510,149.8790,197.0520,219.2690,215.4080,195.1350,148.2130,164.1630,275.2790,455.2010,728.9710,909.9160,934.3430,927.0450,1002.4200,1009.8000,785.3920,512.7300,365.4370,311.4830,260.6320,219.7990,226.2750,226.5350,220.7250,176.3800,134.6700,119.7890,127.7790,132.9510,149.7720,168.3740,147.5390,113.2660,117.8920,140.4540,141.5280,133.8790,118.9020,107.6160,93.3518,88.0975,103.1770,97.4984,37.8951,16.8169,46.2043,60.2176,92.1927,102.8950,105.4660,116.2070,143.9500,141.7520,99.1716,90.1871,86.4446,78.3391,115.5630,185.6110,246.1910,259.5560,272.3070,268.9040,278.5250,268.7430,291.4870,323.7270,274.4930,200.8130,161.6320,125.8220,108.0060,96.3146,101.7550,91.6080,61.0352,63.3078,82.5096,74.7812,45.5176,45.2288,73.1552,68.2802,50.2940,19.6694,9.4750,14.2228,24.3965,37.4553,34.9036,23.4988,21.4944,22.7377,36.2760,73.8672,110.3630,151.3400,197.5040,223.7600,215.4010,187.3480,169.6000,178.8030,188.3060,168.4400,117.1790,84.9402,57.6733,44.6535,23.2997,19.7285,23.7912,10.1124,36.5426,36.7644,45.0037,21.9571,34.2557,51.0536,47.9558,49.5621,62.7749,68.3678,85.4742,91.3296,104.3710,109.9050,117.1320,101.0710,63.8640,54.6879,49.9938,43.8223,35.2625,32.2628,26.0665,14.3736,20.2467,51.0320,56.4051,62.4883,30.2630,17.7403,47.3076,56.4938,37.9279,25.4218,14.9276,7.0639,24.1575,40.8947,45.1267,47.1025,19.6849,11.9097,22.5427,21.3778,27.0658,27.0420,36.2324,48.6720,50.0945,40.7413,31.1104,27.3554,12.2654,32.5564,33.3235,44.4005,50.9680,59.2859,66.2911,79.0998,79.7507,58.0448,45.4074,11.6681,22.5926,19.3896,11.8923,7.0488,13.2128,4.7649,12.8985,27.9791,34.3280,41.6138,46.7402,53.4436,62.3406,63.5937,48.1641,32.9813,18.0045,5.9554,4.6420,20.4231,36.9347,47.5772,57.8250,68.3814,58.6367,29.5339,15.1460,14.1332,15.4058,36.2717,37.2920,31.4002,28.5274,34.2881,30.8191
48710.6000,48328.0000,37942.1000,44918.7000,54785.8000,43783.2000,31486.3000,25140.9000,21419.9000,18425.7000,14100.0000,10627.5000,8653.3700,8077.9500,6136.7900,5005.0200,5649.3700,4849.0000,3859.3900,3633.5600,3350.9800,2529.2100,2049.7900,1977.8000,1940.7200,2025.7200,1662.1300,1060.3700,774.6460,612.9220,511.5670,390.4710,393.5370,308.9410,470.1140,512.2910,507.4650,459.7750,387.7600,303.7830,200.0760,180.5000,258.0470,333.1430,337.0480,301.6080,263.9390,231.1810,202.3370,179.0290,178.1180,197.5310,283.5470,405.2560,526.4520,608.5060,483.4730,337.2790,298.1990,344.9560,318.8130,250.0930,186.5280,244.3830,300.1590,322.7210,299.7180,244.3620,151.3120,103.5790,188.8960,275.6910,274.3720,242.5810,218.8320,182.0850,137.3190,140.7480,175.5380,219.2550,285.4910,320.3980,275.1650,220.2700,185.6590,177.8900,158.9130,142.4140,169.8580,229.1820,303.2480,336.3650,328.9030,329.3240,310.9230,361.1630,560.6530,858.9910,994.4600,978.9850,929.8790,1005.3300,1014.1800,799.5450,532.6350,375.8240,306.4560,250.2500,234.4370,221.2530,217.5320,168.1320,97.6442,58.8870,64.6631,71.0095,53.1257,31.3958,27.3532,23.8380,21.5620,21.5117,38.0500,51.3725,73.4210,83.2476,69.2651,70.8511,99.6743,108.9540,100.5580,39.3052,67.7041,132.4750,158.3350,159.5670,159.8760,168.1800,158.2880,152.9550,117.9160,88.5376,114.1240,169.9380,185.9840,124.7890,82.2978,127.7560,179.6820,209.8420,227.1990,259.7390,290.6130,310.4080,284.1750,192.9340,117.8560,127.1910,174.3930,183.1270,195.1670,181.7730,131.5020,83.5335,77.1895,99.1316,104.0500,83.1706,82.9900,81.3788,70.5131,48.7869,26.3633,10.1542,16.8905,43.9750,60.3125,57.5875,51.0114,49.7802,48.3365,32.9414,42.9688,69.8324,99.4391,152.2710,188.3040,173.4890,151.5290,142.5880,150.6930,179.8170,192.3650,150.5580,85.8228,56.8114,54.2728,47.9228,49.8094,68.6710,76.7281,80.5104,56.6692,28.6036,27.7910,22.5013,10.9089,14.6240,32.7021,51.3582,74.5636,90.0671,107.9690,110.5640,98.8744,84.9728,73.3700,48.5891,21.0101,17.9828,8.7106,10.0630,14.4331,20.6074,31.7877,32.5684,45.0093,48.2775,41.9815,25.5883,22.4247,43.1470,49.0398,37.3304,30.4076,18.7409,7.7474,39.8663,45.3392,44.0857,38.7320,49.3331,47.3647,22.6606,22.1150,27.1891,35.4647,53.1590,49.5577,35.8737,43.1753,40.4269,32.7343,17.9862,9.1628,12.4972,30.4005,46.0075,69.4370,94.8244,116.8500,94.6979,64.0579,50.4224,47.7024,48.7337,44.8500,37.7496,32.2207,40.5371,21.9366,16.7173,33.1848,35.5415,32.0868,32.8198,43.4380,52.9732,55.8693,47.2996,37.1194,23.0044,23.6699,36.4055,32.3567,53.1354,44.7715,46.6106,34.8238,21.9499,20.7426,27.7014,23.8113,24.8425,45.4443,56.2924,55.4390,51.0806,51.8366,43.5028
49628.5000,49311.4000,39031.7000,46276.7000,56050.7000,44523.8000,31644.3000,25220.8000,21619.7000,18073.8000,14509.3000,11563.9000,9085.3300,8461.8100,7346.5500,6831.6700,7304.2800,6071.4800,4796.0100,4160.9700,3755.8200,3348.4100,3183.4800,3364.1500,2822.6300,2240.4700,1676.0700,1235.7200,1033.8700,969.4240,982.2190,882.5050,767.3520,547.4550,454.7940,424.5180,268.7770,140.7300,40.6722,130.2380,118.0050,79.6132,48.0309,107.6970,139.8760,155.7190,139.4080,98.6981,87.2492,107.7540,114.0180,146.2550,266.9810,402.1160,527.5680,623.2000,461.9680,277.8780,177.4890,204.5200,198.2700,136.6650,50.8136,139.7290,197.0580,228.0780,216.2510,163.4580,96.0120,144.7610,284.2590,399.1740,382.2360,319.8700,251.4110,186.1190,134.5500,122.7970,149.4930,193.8000,230.2530,216.9270,177.2270,148.1620,172.8820,219.2840,209.8060,155.9200,150.6680,195.0420,258.1400,297.0450,282.8410,299.4990,371.5100,509.7940,718.2430,1015.0200,1180.4800,1137.6300,1107.6500,1144.9000,1166.8900,971.4130,625.9540,380.3450,256.2830,215.8880,260.1800,290.6160,273.7720,236.2500,163.8120,121.4530,148.2850,143.3780,138.5280,112.6310,82.5688,42.2592,29.7629,64.9864,118.6570,130.8340,131.6220,143.2860,139.7010,142.3090,122.6610,49.3592,62.0542,54.6794,78.5462,72.7946,70.6447,98.8523,93.6401,73.9726,98.4202,118.7270,133.7960,97.6798,82.2177,43.3194,49.0204,67.6527,125.8120,222.1350,299.8100,299.6460,281.0420,288.9320,279.6940,232.7150,195.4200,146.1190,82.8340,76.4861,132.7150,133.5260,111.5840,79.5959,55.2542,72.6746,119.1270,154.0160,126.3750,84.0111,53.5898,46.9901,47.7313,29.4872,15.3044,48.7504,38.7914,50.9875,77.6335,73.9227,63.7952,52.5203,44.1123,35.0404,66.9272,100.1100,136.0100,157.1890,167.8290,166.0020,129.5770,104.0770,112.8000,135.1210,143.2350,105.8100,62.3787,29.4893,12.9052,28.9012,40.0034,54.7003,63.5417,69.3631,41.8801,15.8357,5.8419,5.8613,5.6992,13.2475,8.7538,6.7105,24.4446,47.8805,78.1126,71.0589,68.8131,78.3741,94.6763,96.3973,67.0397,40.2610,24.3273,24.1818,25.1389,3.8063,18.3379,24.6707,23.3871,18.0638,18.5899,18.7754,27.9915,47.1239,70.0035,56.9728,33.5603,21.6342,34.6620,45.8169,44.3555,42.2010,41.5306,42.9158,32.5052,11.2670,19.4112,43.5078,65.9090,91.2905,87.1916,56.3980,47.0168,48.7818,39.4460,38.9706,45.9654,40.1764,17.8388,32.9894,49.1197,57.3954,74.2365,68.5341,45.3759,20.2729,9.2147,9.6324,5.6302,10.3783,16.8146,15.7215,21.1688,27.7638,28.5166,18.6480,25.1211,25.7576,22.4105,38.9881,53.8126,65.2225,58.2963,32.7877,20.7544,39.3763,40.8277,51.3394,19.1542,29.1989,13.9099,7.9847,11.6512,19.1036,22.1985,22.5956,26.4601,28.1871,28.1688,27.2081,25.9764,12.6502
49388.8000,49461.7000,39332.3000,46352.8000,55849.7000,43848.4000,30679.5000,25475.1000,22767.5000,18564.5000,14831.6000,12692.9000,10620.4000,9587.6300,7990.3000,7164.8900,7630.2400,6476.4900,5194.7200,4641.8800,4244.3300,3378.5600,2875.3800,2641.4500,2187.8800,1993.3100,1679.8000,1257.3300,1079.9800,915.7900,846.6530,700.7340,635.4660,467.2640,435.7710,558.1070,538.4750,452.6480,433.8820,420.3650,383.3030,243.3600,109.9490,74.4533,72.2336,119.8980,173.8390,212.5700,173.8000,132.8970,171.1830,237.9180,335.1640,434.7220,508.0250,569.6770,373.2680,261.3530,188.2790,157.7560,141.7930,140.3020,229.7350,316.1170,326.4940,322.5840,324.5780,269.3540,125.2780,136.8710,120.5030,194.9270,202.4310,170.3760,141.7920,101.9250,67.5456,59.9650,65.7523,69.2218,119.0290,180.9730,119.0360,88.0495,146.5090,157.3490,156.6540,157.0610,193.6120,228.4270,272.4540,283.4520,236.4020,277.7700,413.4930,551.6040,732.7800,945.0710,1019.7200,881.8210,788.6370,686.4850,615.9010,407.2240,239.7090,205.8650,149.6550,104.3550,155.8040,225.1370,228.1430,207.0950,182.3660,174.6520,196.4110,196.8380,177.8960,194.1310,152.7110,121.4250,142.4740,125.6870,114.1390,117.3210,110.2820,67.0223,45.4572,69.7490,86.0310,126.0110,153.9620,114.8990,89.5843,126.1030,137.1230,143.1060,115.4580,103.7260,104.9010,106.0000,75.9319,42.5709,46.3983,57.6815,44.2794,28.7303,74.6786,167.4460,209.6910,201.4950,187.1990,173.1390,150.8350,140.9780,166.6160,141.8390,84.4661,98.1707,135.7570,136.7620,119.8470,81.9702,34.4643,52.0109,54.4581,86.9862,85.7302,70.7333,56.3499,36.2984,34.7799,50.5782,41.6814,37.6396,49.4463,64.4812,75.1634,48.4843,35.0337,22.4142,22.0091,47.3366,85.2049,106.1080,131.4750,160.7150,176.5180,165.2340,161.9590,160.7640,149.5170,140.6060,135.6490,101.7850,56.0888,47.9950,47.5147,38.0251,22.9390,36.3897,58.7075,54.2372,34.1245,16.8013,11.2695,33.5893,60.4886,61.7759,61.6521,52.3441,65.2201,85.1656,100.8160,110.5620,105.5870,94.1942,75.0486,49.6675,44.8387,72.0719,85.6063,73.5771,74.5138,66.8369,63.3080,59.7911,70.7163,40.6960,39.8770,26.3234,51.3322,50.8575,47.5139,39.2149,24.6265,35.8386,47.6690,45.2871,53.8986,55.4826,52.4467,32.6819,27.5326,20.4054,21.6302,21.0717,37.9638,45.1380,30.5961,25.0634,32.8158,45.2638,25.2981,14.8517,31.8243,26.3689,16.6595,13.7577,12.9647,27.8777,53.1580,70.2783,57.6431,43.3183,29.1706,40.6732,37.9537,27.3957,37.2565,37.8259,37.5897,30.0052,24.7106,14.6273,8.6693,5.8392,15.8883,18.3772,23.9724,20.5589,16.7313,9.2088,4.0108,4.4584,7.7888,9.8621,6.1052,11.9987,15.4566,25.4879,39.2488,41.7254,39.3047,37.2598,30.8304,31.6005,27.0720,20.6560,28.9677,32.5272
48605.8000,48437.3000,38222.8000,45065.3000,54686.7000,43475.4000,30932.2000,25093.4000,21569.9000,18111.4000,12981.9000,8960.8800,6989.6700,6739.0600,6207.4500,6388.5800,6762.3000,5053.3200,3873.4900,3764.0100,3274.6300,2884.9700,2419.9800,2213.7000,1658.2200,1435.6800,1295.9400,1070.9000,1117.6200,1069.2400,899.7350,710.3630,620.3730,535.4040,610.1470,753.3510,676.7420,610.0600,416.4980,187.2410,90.8982,46.6365,71.2287,117.8960,149.4690,173.5950,178.8830,199.9510,207.9130,204.0290,195.5080,192.8850,275.7830,393.9730,539.4010,640.2590,512.8620,406.8900,318.3240,258.6480,244.4600,223.2550,277.7570,297.0920,302.9140,315.8210,324.9170,227.2900,89.5879,83.3392,122.5430,175.3940,143.2220,120.0360,149.4620,169.3230,182.4820,134.2450,100.8440,60.7244,46.0190,106.8380,111.7260,101.2600,70.8366,114.1240,148.3710,89.2222,59.4558,117.2960,227.4260,290.2850,293.3540,289.0620,283.8910,339.7620,476.5550,740.6810,959.7610,987.3290,976.4780,1021.7100,1000.8300,806.9310,595.5050,469.4990,400.5880,358.0660,325.1900,322.6750,287.5720,234.9000,190.0330,186.5590,195.4990,192.8560,171.8930,179.3760,149.8610,108.9190,79.9342,58.9520,29.7575,41.5264,56.2822,78.1422,132.3700,157.6920,179.2440,200.4790,206.1130,159.0620,133.7750,156.4740,164.5710,153.9940,182.1220,213.5110,226.9940,186.2940,157.7250,166.8920,176.6550,173.1440,155.1250,147.6330,113.8750,35.4458,71.5337,126.4970,172.6640,186.8680,165.6220,174.4560,183.1850,137.5800,83.4565,26.1445,98.5215,106.2540,101.3880,73.5990,52.2713,50.4252,96.8668,155.9740,150.0960,116.7220,91.0632,78.3608,57.7184,39.8535,33.6402,18.1818,14.8749,21.5270,30.1582,37.6223,32.6227,27.8409,16.5464,21.1083,44.5707,69.2030,116.5140,180.0890,239.1150,223.0610,186.0670,161.7330,162.4580,172.8520,179.2110,154.2670,112.2860,81.0648,50.1376,20.4161,27.3416,46.2311,58.1881,71.9911,66.8590,55.9319,67.6153,101.9350,116.9510,87.9039,66.4977,58.7010,62.7558,75.2198,86.6025,87.2615,52.3954,28.4643,10.0272,16.6988,29.2403,34.3441,34.0506,11.9234,11.4972,30.2101,40.3014,43.8904,52.3718,57.7314,60.4537,46.3127,18.6307,27.8237,44.4881,22.1323,13.4844,18.0233,35.5000,59.2366,59.5454,52.9497,45.1146,47.3094,44.5337,30.3759,19.2390,12.8045,17.6480,27.9924,31.2387,34.1265,18.6486,26.1629,35.6653,38.2626,25.1143,16.1045,21.0606,27.3759,57.2730,67.4920,83.2143,67.1460,41.3275,34.5260,29.2186,27.3987,26.5580,32.0817,38.7677,32.7978,25.6545,14.5552,3.1176,5.4726,9.9109,13.7685,16.8668,25.7594,37.9361,53.2250,65.4717,54.6860,51.0155,52.1537,56.7749,30.3531,17.2820,28.6100,41.1731,38.7332,43.4471,38.8465,27.7623,22.9331,32.4000,40.4103,33.9191,30.0300,26.3862,10.8180
49558.1000,49014.8000,38625.4000,45809.8000,55669.2000,44390.3000,31780.7000,25709.4000,22153.2000,18943.8000,13801.5000,9825.0000,7819.3400,7257.3500,5405.8600,4883.7300,6055.0100,5339.6800,4376.4200,3664.5300,3233.3600,2775.8100,2517.0100,2374.5500,1896.9900,1718.6500,1459.6500,1122.2300,991.0740,960.6670,916.0630,871.7420,767.6730,697.0660,765.7260,837.7580,741.1160,642.2430,521.1640,530.4970,513.9960,415.9340,230.1650,80.9592,75.6357,146.8410,222.9250,248.6570,189.4030,145.1510,157.0560,178.5410,276.7300,428.0790,572.4770,635.5940,508.1920,403.5480,389.8480,408.3610,388.9950,281.6820,113.1620,95.2553,159.7290,205.1840,226.2880,224.3940,222.0030,245.4720,180.4960,119.2180,53.2950,41.5130,81.7914,164.9600,251.2580,377.6760,401.5100,354.3460,312.5450,239.6750,156.2650,120.9620,118.7110,27.7173,111.6800,115.1390,84.3737,57.3762,122.1750,206.7920,250.6430,275.9760,327.6870,425.9050,574.8420,847.7030,1028.7200,996.7180,981.0300,974.4760,955.3900,757.5150,462.9600,271.6550,206.7310,177.3070,164.0180,177.8070,186.2830,181.3970,147.9230,129.5610,136.5940,132.9410,126.5630,115.7410,105.0590,29.6405,60.2441,77.1396,76.3854,38.2462,53.4965,96.6549,137.0090,180.1910,214.3060,251.4030,234.3770,153.3910,90.4370,97.9562,94.1660,73.5922,73.5081,97.6122,134.0540,163.8140,184.2960,214.8970,193.7880,128.7480,65.3475,16.8149,48.8899,129.1910,193.7740,193.2230,198.2600,219.9850,227.2670,176.2740,132.7220,89.1907,42.3332,64.6547,136.8080,152.6840,151.8380,152.2700,129.9830,91.3857,93.1160,125.4690,157.3120,154.6760,127.3660,104.3730,89.8446,116.6630,98.8666,60.0108,48.3785,56.9388,71.5378,60.1191,63.7339,62.7192,62.8536,19.7734,47.6738,71.9750,103.3960,141.8990,178.4610,196.7550,201.1780,195.6890,193.1580,209.9540,214.9640,169.3340,97.6811,73.3602,64.7634,66.7317,96.5888,90.1433,64.7922,35.9941,50.6137,70.9864,83.9278,85.3318,57.7948,40.2385,46.2453,52.3101,64.1541,70.1947,77.5643,62.7946,41.2002,33.3009,32.8287,41.6966,51.3819,50.7471,48.3135,51.5319,56.2038,49.4265,30.9614,44.4040,77.1081,68.8937,49.2371,46.1584,60.4967,68.2876,47.3237,12.5567,26.8989,54.2909,73.6552,90.6127,94.9985,90.0475,83.3594,65.3033,41.0065,42.9395,43.4840,25.5008,19.3282,28.5659,31.6996,36.5758,41.6683,46.9790,38.9751,35.0057,46.1918,43.1006,43.2671,25.0765,14.6810,5.7186,5.8029,9.4421,19.0112,51.7174,62.0527,73.5953,46.6305,25.3620,34.9460,38.2555,34.5572,32.3261,29.0649,18.1204,10.8932,11.1401,22.9081,56.4375,85.1179,100.6260,128.1540,142.1650,110.0850,92.1145,50.6735,9.8162,16.8952,28.7304,33.2230,37.0844,31.6178,29.0892,29.4527,25.6325,38.5586,46.7190,47.0793,20.2150,26.8648,45.1518
49313.1000,49156.5000,38734.0000,45997.1000,55773.4000,44206.6000,31651.9000,25741.0000,22289.1000,18950.4000,14121.7000,10558.5000,8544.1400,8390.9500,6956.6000,5948.1800,6386.6600,5324.7500,4196.5400,3914.5300,3683.3600,3336.1900,2993.7100,2489.8100,1741.9900,1488.7500,1190.4500,804.6710,731.5060,699.8320,639.4950,567.3420,538.3790,394.5920,366.8370,443.8800,549.7930,596.8220,504.3220,438.4980,396.5000,413.4980,397.9670,353.6030,281.1000,234.6930,166.3120,104.8910,54.7404,28.8568,65.6937,127.5970,214.0570,320.4990,470.7340,598.1180,512.4040,363.1410,234.8660,135.8960,79.5528,23.3842,25.7749,47.4067,119.2590,176.8780,211.2420,225.7530,134.6240,103.6210,55.8692,93.3691,30.8081,71.4547,90.8484,168.4030,253.8890,338.1420,395.4060,443.9300,421.6100,317.1190,218.0440,195.8450,217.2510,169.1960,99.0483,105.3020,128.0920,168.2470,245.7550,312.1310,335.4870,324.7010,374.2810,502.2510,654.7390,929.7250,1120.7200,1080.9500,1058.1400,1008.3100,955.3770,757.9330,537.8180,493.6750,488.3120,471.4680,497.7430,503.0370,445.1470,335.8470,254.0430,220.0210,201.7930,167.8250,117.3810,91.3149,55.1115,30.9580,57.1921,71.7274,93.9840,56.3331,75.7389,87.1227,120.0560,176.2640,251.5550,338.2220,300.7930,253.6820,150.7220,74.9371,109.0680,160.4680,201.4850,240.2010,261.9880,292.0060,307.8810,326.7470,321.3120,263.6810,214.4710,203.9060,163.5980,124.4180,84.3773,121.1280,180.2340,237.6520,258.0960,225.2430,208.5170,179.1860,130.8730,155.0650,184.6100,167.9170,133.1080,119.4030,126.3440,44.9953,39.8596,100.7570,113.9180,92.1426,76.5736,73.6229,83.0886,101.1320,104.1100,78.7686,60.8379,52.2963,39.1302,27.0276,10.2586,39.0552,64.1699,94.0256,127.2050,139.8690,147.1570,161.9580,185.8200,190.6620,165.8590,148.8880,152.7140,172.4900,191.5310,186.9630,142.3450,91.6049,78.4044,93.2881,94.8799,87.6260,74.0317,51.5010,27.8275,33.9421,58.8480,76.5882,67.9175,50.8586,32.0913,38.2264,60.3230,82.4412,110.3720,109.7850,96.6097,84.6777,76.2375,49.8436,16.2037,13.4440,23.0071,19.6269,33.5908,29.7694,26.5565,19.5289,18.6104,30.0100,46.6463,63.5915,75.3226,92.9408,90.5418,72.0175,53.6882,33.6080,10.4087,18.9970,27.9798,36.3857,44.2565,54.1790,57.5333,52.1917,34.0841,17.3717,16.5983,33.3950,45.7525,45.5589,41.2181,31.4677,23.4158,20.6344,22.9342,26.2031,29.9803,32.5045,21.1526,14.4623,6.8140,18.2771,27.6927,41.5180,29.8896,22.3846,17.1403,15.1792,28.0075,28.6780,27.5473,24.4829,19.8089,20.8246,23.7850,30.8609,32.5302,37.8842,45.8323,45.3826,61.9573,72.2185,55.7441,43.3937,27.7300,6.9818,26.7616,37.2894,45.3246,47.8126,40.1291,37.3174,51.7619,54.6351,49.5410,43.8924,40.8952,35.5219,39.7032,47.1347
48781.5000,48395.6000,37990.5000,45057.1000,54893.3000,43784.4000,31440.3000,25667.2000,22301.3000,19145.1000,14308.4000,10533.8000,8649.5500,8515.0500,6865.4600,5574.4400,5837.5800,4737.8100,3336.8300,2999.7200,2894.1800,2488.5500,2317.2800,2007.5700,1527.9200,1471.2100,1278.8000,941.4450,802.1870,783.6870,723.9190,719.0610,713.5180,641.2120,644.7210,677.6550,535.3790,346.6580,178.5350,267.8850,339.8820,313.6720,179.6680,50.6983,73.4701,137.5580,190.9730,231.9810,212.9140,157.8310,150.6130,200.2520,307.8910,382.8280,434.1890,459.0840,301.8240,165.3190,51.7094,59.8850,72.2569,54.6276,31.9399,54.7743,94.9574,124.9360,180.2790,177.6060,159.9050,203.3460,156.3120,132.7800,86.3169,41.0873,13.4680,99.6900,201.2160,297.6600,355.2900,357.1870,340.9870,277.7340,200.2820,157.5060,229.0490,231.6530,164.2110,150.9600,152.8880,204.4830,276.2970,324.1140,323.7100,321.5440,340.7510,457.6000,638.8690,929.7780,1109.1900,1074.2800,1060.2200,998.7770,921.2030,730.3900,566.5610,577.4420,585.3700,583.2650,660.9320,671.9560,588.0250,444.2620,275.2480,222.7720,241.8570,241.6200,176.9300,117.0580,53.7027,68.8887,113.7450,120.6180,125.1710,107.5270,62.8293,51.7911,137.6340,244.8250,333.4480,428.1440,395.2220,363.2920,229.9750,85.7312,103.2940,150.1650,187.9050,218.3360,236.8660,234.8060,219.0060,226.3820,223.8450,161.4730,129.0810,167.8290,200.5810,189.4450,160.1630,172.2020,205.3900,226.7100,221.0800,204.0780,169.0690,95.0980,50.6785,98.9312,159.9300,172.7750,170.1880,161.8770,144.6380,88.9522,77.8470,130.2710,163.0300,164.2020,148.8910,148.8510,143.2960,165.7930,159.6860,116.7650,100.4550,93.7496,82.2148,60.7027,37.2169,27.1932,54.6178,97.7180,145.7210,167.2800,175.2720,200.5150,237.9230,260.2030,230.8530,216.4450,225.8250,249.7350,269.1080,253.4220,181.1610,110.9750,70.2675,70.6849,78.9131,81.0435,70.7414,46.1779,26.1711,41.5651,63.9473,59.8763,48.4421,44.0098,43.6791,47.8361,53.4344,58.3846,60.0633,67.1353,61.3801,63.6511,66.6090,53.4114,59.1661,51.2609,30.1584,14.6931,29.6974,34.5950,42.6459,20.4420,40.0231,50.6061,59.6669,65.3100,64.0771,78.3480,85.1091,71.9187,63.5817,50.0515,34.1451,38.0440,50.4862,58.1577,56.7923,48.2646,34.4206,49.7183,68.8481,44.7989,25.3594,32.3702,35.4623,32.5886,30.9924,29.2702,10.7238,9.1834,25.8784,17.5323,25.4440,24.8719,19.4904,29.4718,29.3833,35.7580,42.4269,49.3950,43.2135,18.3064,7.9470,19.3465,16.0452,11.1559,33.4675,46.7161,51.6532,38.9127,26.8987,39.6052,33.0051,46.0095,42.3991,55.4821,79.3240,101.7240,90.3334,86.4199,56.6236,18.8567,23.7117,34.8614,52.3861,61.0814,44.7520,34.9427,51.5115,61.5470,65.0768,67.7639,68.4995,47.1461,40.4209,64.8097
49828.8000,49120.4000,38635.3000,45869.1000,55883.3000,44866.4000,32325.2000,26389.1000,22989.3000,19761.6000,14957.6000,11348.4000,9463.1000,9386.2300,8129.0800,7581.0400,8799.4800,8473.6400,6939.2500,5570.1800,4006.7800,2819.2300,2875.7300,2876.9800,2194.7200,1834.8900,1627.0600,1319.2400,1185.5700,1125.6800,1094.8000,922.2720,818.7270,668.3950,676.6960,729.0860,601.6410,444.7160,308.0680,236.3490,185.9430,163.1910,136.7280,93.8579,42.8998,38.2951,109.0960,211.2080,232.3760,197.0680,151.5020,144.4720,234.6890,351.7450,522.5150,607.7620,453.5450,321.9150,161.3100,124.5630,157.6290,117.0340,79.8330,108.7910,106.3410,102.8740,79.3702,79.3941,129.3230,178.8530,174.1710,145.2270,78.0833,57.1041,80.2075,119.4140,188.7710,284.4680,359.0880,406.9620,395.7840,320.1030,242.9890,167.1520,221.5010,240.6160,196.0480,191.8780,205.4240,268.8840,353.0940,413.1600,418.2750,381.9390,404.2080,499.2580,668.0430,956.3690,1140.8600,1086.4900,1006.2700,855.7930,767.7240,530.7520,475.8180,608.7530,682.8150,628.7750,627.1010,611.2540,544.8570,459.1520,332.2470,217.9500,160.2110,131.5260,136.9920,156.8270,118.0390,98.6421,75.7737,29.7927,14.6745,25.0147,40.4960,81.8304,140.1440,218.2860,270.8490,339.8060,345.1300,282.7570,181.0730,82.7510,59.0545,31.8780,108.9620,180.2900,222.2290,225.4560,187.2930,177.9110,187.3070,174.3830,170.9470,168.8370,135.0300,79.0984,22.9115,97.3690,154.0670,185.2720,198.8180,173.2780,146.9700,114.1490,79.9373,122.4720,171.9420,161.2790,146.2850,123.2730,97.0159,40.3089,71.8049,135.4860,127.4540,105.1610,106.5570,99.8444,78.1364,47.3024,73.5566,72.7858,65.6979,37.3397,38.9668,22.7809,21.2807,8.7385,27.8491,54.4178,93.9068,122.0080,132.6490,149.7570,171.9290,184.6400,179.6270,184.9910,198.4050,207.7270,214.9340,207.7710,160.8750,119.0960,102.6260,79.0517,76.3511,88.0629,90.7416,61.2231,39.6425,46.9657,58.8229,69.0241,56.5550,34.9487,14.6254,26.5594,57.8972,77.5028,103.1410,94.9095,69.0152,66.3412,73.4585,67.8892,64.7748,60.1314,53.4723,60.4919,50.6899,31.6868,11.8290,31.7648,63.0907,85.2779,106.2460,99.4836,81.6313,97.8545,105.3760,89.4433,64.1619,36.6397,38.9861,26.4259,49.1971,45.1562,46.3996,45.4164,40.4623,41.1142,39.2291,26.7951,13.7806,18.6705,27.0495,41.3216,59.0293,70.7282,54.7287,36.7331,21.9915,26.4362,38.1125,49.9664,35.7703,17.7901,5.9182,30.0104,39.2911,54.0634,56.7586,38.0333,33.6980,23.3967,23.6412,28.5495,40.3296,38.6438,39.6550,42.0211,38.6586,19.7357,12.5013,20.2042,37.0198,53.1525,68.5170,58.2963,48.7342,40.1575,32.8240,18.4940,46.4478,49.0561,53.7445,43.9874,44.5977,54.6100,48.7327,45.9536,55.9191,59.7304,55.6264,24.5222,21.8863,35.0258
49462.3000,49171.6000,38684.1000,45945.9000,55739.6000,44210.4000,31654.9000,25621.5000,22081.8000,18801.0000,13859.6000,10110.3000,8050.3200,7731.0800,5934.4700,4413.6300,4743.7400,4614.0500,5106.5100,5528.7000,4633.4000,3708.5700,3079.2600,2641.0300,1889.3600,1539.2500,1247.5300,851.9080,781.1450,864.7070,917.1990,897.9690,834.4060,799.9000,873.9550,936.6030,770.9240,593.2250,481.5360,422.1130,349.1640,289.7300,271.3520,219.5360,147.1990,153.0220,239.3970,323.7520,308.6340,293.6200,281.7490,285.4350,304.4370,392.3830,543.5560,602.1840,472.0450,348.7990,260.0790,210.1190,219.8880,199.1830,168.0140,166.2760,192.5570,223.0730,190.0550,154.6490,71.5509,57.1278,102.5210,117.4420,87.5373,143.2570,174.7040,218.7930,264.3300,316.3060,373.1710,440.9870,447.8930,358.5330,282.6570,196.8950,266.7960,268.2080,205.9140,185.7690,200.3380,257.5400,326.7500,386.9600,392.5790,360.8350,394.8590,540.2530,690.0050,949.4030,1128.9400,1091.1900,1036.5500,899.5210,819.8570,536.7790,446.9180,560.5770,607.9010,559.5280,645.5320,733.4340,634.0360,490.8310,329.8650,238.5880,225.3300,178.6490,97.2245,58.5123,15.6162,57.1445,69.2561,79.9243,75.3932,35.5582,15.8486,32.0455,74.8677,130.8970,212.7920,337.0670,347.9070,345.2590,281.2230,151.3370,168.7790,202.1280,237.0770,256.8650,255.1040,272.5260,239.0310,215.2020,219.4800,171.8030,121.4570,91.1842,42.2704,59.0712,137.6950,163.9100,190.0440,201.9980,190.7320,124.0310,98.7914,65.0570,40.5968,79.8768,144.0190,121.5060,101.0570,77.3001,57.1743,30.2422,56.5835,95.7791,92.0850,85.5250,84.4635,82.2001,76.8344,80.6051,71.1043,43.5183,25.4042,15.6324,11.8897,36.0190,41.9129,42.6575,53.3333,76.6648,119.4920,148.1300,157.8840,171.5720,189.2240,190.1260,176.7350,171.1520,178.6240,203.0460,222.3510,199.6900,147.0580,113.2130,99.1766,89.8200,77.8627,55.4508,35.5036,29.3116,25.7126,38.4210,57.1937,71.4450,69.0033,56.2597,42.6600,42.8559,51.5066,68.0315,85.8204,78.7465,75.2034,74.9240,58.8247,44.2062,34.3177,32.2762,31.1197,25.4960,17.7569,16.3681,18.7789,19.7736,28.8262,33.4839,33.9637,41.7618,58.6690,70.5097,63.3319,64.8436,61.1703,57.9936,50.0917,55.5727,55.9737,39.8080,29.6533,23.4156,23.7467,21.1735,23.8219,46.6342,56.6016,57.3827,46.0461,32.7199,48.5396,37.2729,22.0347,21.4883,34.3174,25.0746,30.9414,32.8296,31.9154,39.7264,47.0316,37.4758,39.5141,77.5640,100.0110,64.8340,38.5488,27.7171,28.7771,21.4344,37.8279,40.6519,51.9535,14.3414,18.6606,29.0543,30.8145,12.5752,29.9283,44.4150,76.9494,78.4374,63.3301,51.3882,37.9521,18.7944,29.2183,42.0715,54.9171,51.3723,42.4215,49.3770,52.9358,49.1968,46.9134,40.4102,32.2732,27.2014,29.5478,26.5719
48774.8000,48596.4000,38205.5000,45192.0000,54929.6000,43699.4000,31244.7000,25486.2000,22114.7000,18729.4000,13911.6000,10132.5000,7970.4900,7437.1700,6064.4200,6230.4000,7668.0900,6619.4100,5321.4900,4378.7700,3862.4500,3384.6300,2938.0300,2681.4000,2022.6000,1809.1300,1490.1600,998.4180,878.4190,784.2360,580.1870,397.3260,202.2180,295.0350,577.8350,676.2000,691.2040,660.2410,581.7080,462.8390,321.5250,190.5990,147.8080,205.0400,242.9920,243.0850,251.8650,244.0330,202.1820,170.3840,192.2850,242.2590,323.2270,404.3250,517.2040,554.5540,430.8400,295.4780,191.1440,123.0310,116.5940,75.7046,26.7414,29.8962,63.7601,124.1090,107.1690,96.3166,14.5230,55.2086,79.4887,96.1281,103.8050,85.3336,93.4859,189.2680,266.8830,358.0030,424.6460,443.2360,420.6530,324.3490,231.1400,187.9280,240.1660,240.3020,138.9880,115.1020,115.5000,171.5300,250.5680,316.4870,357.2490,356.6950,423.8850,548.2030,714.9600,1026.9700,1212.6400,1144.8400,1092.8200,967.5900,927.6330,692.8000,579.4740,689.0460,698.5280,658.8620,707.0420,664.5660,546.2200,450.5790,318.8920,264.4030,242.3160,180.9380,111.4240,70.4309,19.4594,58.1693,84.0193,120.3830,120.5950,79.3165,58.7973,26.9166,33.0410,77.8743,147.6950,244.1410,233.6320,233.0170,165.5910,136.6390,173.5100,217.7930,259.7690,287.5620,281.2800,287.2330,249.0780,232.1790,199.6520,136.0750,139.4120,188.8720,189.1630,176.4850,202.4940,240.2270,236.2670,256.6980,252.0950,245.2910,206.0830,149.5960,100.3750,138.9000,218.4130,204.5260,181.9620,124.4710,98.3189,65.4767,71.8807,128.3430,137.4390,116.4180,97.6076,91.1526,78.5576,64.9206,57.9127,40.5966,28.5749,27.0064,34.4125,31.8108,30.3690,31.4492,39.2479,26.2355,74.2176,114.1630,143.6670,184.4610,210.6800,224.7200,235.3060,251.8160,254.1870,260.0080,263.2100,243.3070,200.1500,153.5360,123.0130,104.3470,109.9270,109.2210,101.8170,61.9339,26.5679,17.7738,43.1367,41.5020,31.7691,25.7524,21.4969,17.7470,28.9624,59.1786,79.3582,70.2569,74.9456,74.5963,77.3775,65.8674,53.1398,44.0433,45.3353,59.0024,64.5001,34.6616,24.8163,54.5806,68.6129,75.7749,84.4144,92.6287,98.5856,90.2610,68.6968,46.8441,29.6171,18.8356,13.4482,36.5195,55.1663,62.1582,62.4691,59.1136,55.4374,38.5760,21.0678,7.7184,17.7761,41.7468,46.8558,47.4845,45.2226,48.8795,36.9033,19.4330,18.4242,24.9161,36.5768,35.9548,35.5834,32.8582,26.4977,18.3359,31.5285,51.9839,61.1369,53.6767,50.2870,47.6858,46.7834,22.6232,10.2219,19.7976,26.8170,25.4664,20.4440,14.4552,22.0238,44.4681,53.4348,60.5042,76.5712,86.9826,69.1659,58.1625,46.4187,25.0075,22.1716,21.9393,33.3929,35.4020,42.6195,42.3218,39.3158,41.9703,48.5350,55.9098,49.4896,31.7140,34.9855,51.6548
49651.2000,48925.6000,38471.7000,45654.3000,55571.1000,44588.3000,32146.7000,26244.1000,22766.6000,19606.7000,14723.8000,11024.9000,9311.6600,9248.4900,7802.2400,6733.8300,6716.1800,5022.6800,3531.1700,3208.0700,3159.5200,2585.6300,2356.7500,2151.8100,1865.9900,1736.2200,1405.6500,1062.7500,902.7220,825.8970,741.4520,627.7870,467.5920,303.3160,285.3770,278.3710,160.4130,96.3637,126.5710,130.7300,85.7731,63.0336,110.4790,248.4670,325.8690,364.3230,371.6610,332.9140,266.6910,295.4720,337.0400,361.7470,457.5670,526.7220,567.5450,565.6100,391.6970,207.6140,116.5160,101.2980,111.4420,110.9570,93.7760,111.3820,140.3360,205.8890,242.2950,242.2980,250.9610,270.4720,267.1740,212.2680,142.4620,109.4660,54.4762,115.3630,249.5330,409.5170,512.0810,550.0950,527.1360,440.8270,346.4740,322.4980,352.8760,285.7700,147.5230,99.7548,98.2529,151.9940,230.3920,302.9360,313.0840,304.7770,314.1920,440.7720,616.5290,874.9350,1058.1800,1043.7400,1031.7600,993.6200,939.4660,726.6120,472.4430,413.9690,446.0960,419.8320,367.1210,337.9460,286.9260,254.5580,196.7050,164.8510,161.1410,168.4850,148.3340,128.5240,95.8218,52.9596,75.4938,129.0730,134.1250,81.4992,55.4014,52.5010,89.0060,104.6540,181.1830,262.5420,226.1840,254.1570,190.1100,184.6470,189.1980,210.2780,260.1520,280.5820,271.3370,267.4150,230.5640,237.2620,252.9250,169.6840,90.3362,104.9320,114.0740,128.6050,185.8330,213.7000,208.7070,209.8770,208.1880,184.6200,134.6020,86.2124,70.1935,138.1310,212.3940,197.5490,180.2050,143.9010,116.6550,43.0695,34.0644,89.2192,100.7580,78.0673,70.3329,63.0340,70.2634,79.7647,74.0190,39.0321,23.5119,19.7683,35.3377,35.0575,49.1264,38.3146,31.9509,33.1492,44.7570,74.6249,94.1983,115.4290,134.1480,138.9650,139.2670,141.4280,142.0470,168.6450,191.1030,187.4730,145.8810,109.6100,83.4002,72.8230,55.7769,38.1380,47.1550,56.5186,30.6296,15.2035,13.1886,11.0608,25.0156,41.5640,54.5588,71.0795,98.2184,130.9580,158.0040,147.6110,125.1610,113.4280,94.4132,59.8241,46.9294,67.1489,74.7707,61.8322,48.8618,34.4932,24.2389,31.0414,35.5443,35.3117,36.3603,33.9297,23.2840,34.1344,63.1671,56.1538,52.1144,39.6718,33.8275,44.5815,58.8907,38.9521,27.0547,42.4130,48.3883,43.9097,19.3956,29.1418,39.6411,27.4481,24.1941,25.7382,29.9209,27.6682,26.9296,12.3162,26.2339,20.8143,38.2422,58.2453,78.2966,99.0140,128.5480,114.6540,85.3422,77.6946,79.0916,71.0669,48.1109,46.3280,37.9369,30.3148,31.0537,15.4686,20.7885,51.5673,47.4160,39.1520,31.5223,52.8522,50.4265,39.4329,16.1442,9.0870,23.5820,26.7125,20.5688,16.9829,2.3424,4.6019,6.0411,6.4008,13.0884,19.3669,9.6845,4.8022,5.9787,14.7909,19.7164,21.8953,23.4273,27.5792
49931.3000,49505.3000,38997.1000,46275.4000,56069.2000,44535.8000,31822.5000,25814.0000,22346.0000,18808.6000,13890.7000,10381.5000,8604.3300,8168.7000,6578.5000,5767.1000,6231.5500,5343.9500,5418.6500,6226.2200,5397.8000,4774.7900,3927.0100,3448.9500,2662.8300,1990.8400,1547.4300,1325.9400,1259.3100,1073.1400,985.2320,855.6920,655.7690,472.2200,359.7640,277.8210,186.5090,256.0860,328.5810,295.2200,209.6850,199.4250,254.3670,306.1920,332.6980,327.2850,294.8970,280.4610,241.0010,219.9380,206.8390,208.5980,253.8810,303.4940,350.7400,396.2830,306.9970,205.9480,133.3730,73.2299,70.0774,69.8060,42.0711,35.8253,39.8289,68.1249,49.8389,32.0356,87.8816,151.4110,165.7070,160.8090,120.2840,79.0544,24.9618,48.9769,112.8810,175.5120,239.5760,317.6010,365.0600,315.9790,259.4240,201.5070,237.6600,220.2920,129.3320,90.6468,84.1476,139.7240,204.0530,251.6710,265.2630,256.2970,300.5410,414.8010,564.1630,820.5490,981.8310,947.8560,937.4660,929.8140,899.9880,708.3730,473.2120,321.4610,225.6370,203.7680,230.3290,248.3990,242.9370,222.2120,194.2720,182.6170,203.9330,212.0150,207.9070,213.0610,162.9810,74.6891,30.1671,50.6686,68.5256,60.0031,63.3264,111.4960,152.8430,209.1900,273.0560,330.0450,286.4270,230.8970,115.5540,59.5169,54.9407,97.3857,139.3800,175.8300,187.8010,196.5760,156.5260,163.3880,213.8570,225.9290,233.0430,194.3210,133.3300,134.0470,177.8200,214.5130,229.9950,232.5690,208.4940,180.4410,158.5060,93.3204,44.9164,92.4299,163.8570,156.0200,137.3040,102.0900,63.1112,30.9068,65.5245,112.2310,96.7093,45.4080,22.3026,62.8229,69.7517,69.0768,47.5275,20.6212,12.2367,14.6427,18.4834,20.1146,24.4567,17.9612,22.1292,37.4981,83.4413,139.7310,148.7040,174.8580,164.3200,147.4210,126.7680,124.9160,131.8580,126.2160,110.2720,90.3484,44.9211,47.6370,32.9540,44.8036,30.4706,16.9527,14.6909,20.3363,38.0909,47.9760,56.5355,50.7449,47.7886,30.2683,38.1636,56.0796,66.7699,84.1294,102.2360,102.3280,82.3767,64.1500,47.2282,38.5922,26.9405,34.1121,52.0664,50.1242,35.5451,28.1170,25.9593,30.6653,34.1943,50.3677,51.7185,45.2373,23.3389,15.8301,16.6459,44.6707,46.5480,63.6021,53.1520,70.6906,72.7594,44.4251,32.2756,56.0847,62.6124,59.8399,15.1589,44.5855,59.5040,66.8915,28.5418,44.0637,62.0270,33.1754,35.1631,43.6052,46.2976,21.7457,46.3086,49.6329,31.0977,49.0016,73.7565,52.3248,59.7345,54.9520,68.3171,28.0033,34.0734,55.6692,14.7399,34.6899,50.5627,35.0391,40.8973,17.8063,43.6326,45.8784,69.8487,53.8482,52.4210,38.9262,47.7962,55.7777,30.9873,18.3563,38.2773,49.4378,50.2407,42.7265,22.0671,29.3747,52.0119,50.4117,37.7855,30.6046,24.8146,44.6229,66.9859,68.0414,92.3914,42.3493
49089.3000,48781.1000,38169.1000,45209.3000,54962.3000,43754.9000,31484.4000,25593.4000,22069.3000,18888.8000,14119.3000,10488.2000,8649.1700,8558.0400,6899.7700,5624.0700,5998.2600,5002.6200,3668.7900,3315.4500,2752.1200,2160.9500,1550.6400,1113.7600,989.9880,1343.9100,1204.5000,789.6750,506.2300,464.8540,521.2920,577.9730,608.8950,460.4810,337.0900,312.2350,280.9860,209.3530,141.1660,145.7980,136.8900,103.2970,87.3292,89.6721,97.8511,119.6890,146.8380,159.2170,141.8250,158.1760,191.4360,201.7270,266.8300,332.3830,455.1990,502.2540,384.4820,252.0410,164.2090,162.2350,163.6940,125.9090,90.2893,94.8049,71.9539,31.5941,37.4776,45.3338,109.9290,164.1460,165.7280,172.6590,119.6260,90.2394,65.5985,50.1394,100.9030,202.9290,250.0360,281.4180,292.5690,244.3250,197.8330,175.9010,234.7920,213.1210,139.9720,114.4040,120.0810,169.3030,232.8730,290.7540,303.3310,289.2140,313.8810,413.2650,562.6690,827.3060,992.4900,952.1260,937.1330,937.1190,919.0180,739.2300,500.6670,339.4570,248.8030,189.0840,193.3590,208.3020,220.7740,205.7350,162.4010,126.2810,141.3870,180.9680,213.5800,258.7390,246.3390,196.3730,157.5310,114.1180,60.4069,32.7525,60.6006,117.6890,131.1990,130.2500,146.8040,167.1520,99.3079,176.8880,152.1660,203.4050,207.4220,245.3310,277.5150,263.0180,239.7700,219.9260,219.2640,231.2330,253.2330,295.0890,296.2990,237.9610,210.2400,267.6790,300.1240,281.3740,287.5690,273.6860,212.1270,134.2910,119.8880,73.3943,46.4685,114.9210,136.9290,116.9480,102.1640,101.9910,77.4340,25.2097,54.0935,92.2572,86.1947,64.1142,55.3969,54.5340,63.4811,80.0933,60.2958,63.8863,61.0505,53.7458,46.7061,47.4956,49.7781,49.1559,45.8697,51.5750,73.1988,93.3311,94.9380,103.6280,116.3190,102.4140,75.2309,86.1505,99.5730,109.8420,117.4080,112.5580,74.2570,46.6858,31.0032,29.0520,21.6628,35.1988,59.4700,36.1152,24.2212,26.0986,44.5479,33.5401,74.6852,55.2302,46.4451,47.9515,61.5383,82.7094,106.7430,110.9620,101.7310,88.3486,48.1389,36.3456,35.8939,24.1935,12.5449,17.7190,28.9804,16.9925,25.4024,39.0729,40.5349,42.6704,57.0037,82.1462,57.3064,28.1839,43.7885,53.3241,73.9626,35.3054,25.4424,21.0891,43.9495,45.6620,42.0551,32.9966,21.8733,18.5589,13.1994,57.2847,80.5906,127.1450,64.1800,63.6763,83.5619,92.8532,85.9529,18.5917,95.4471,88.4285,87.5845,103.5340,81.6942,147.6880,49.3476,24.0508,116.9360,108.7030,120.5400,33.2616,40.1818,78.5638,57.5802,29.2847,37.3064,60.2802,30.6907,23.7313,69.5315,69.3234,44.9144,34.4914,76.0902,115.8500,138.9490,86.5456,45.9417,33.9176,73.8707,69.1407,40.6698,34.5290,62.1527,97.4483,102.0510,55.9557,38.4134,46.5389,52.7142,62.2118,31.8161,37.0788,23.9702,56.2309
49775.4000,48953.1000,38303.2000,45410.3000,55336.8000,44404.0000,32025.0000,26111.5000,22591.6000,19397.6000,14543.6000,10830.5000,9022.0700,8799.0600,7066.7600,5875.9400,6188.2500,5171.1700,3968.4200,3550.2600,3176.5500,2415.9600,2105.0300,1929.4600,1475.2600,1321.5900,1162.2500,1048.4300,1199.7700,1144.6600,920.7750,658.7660,413.7150,244.6460,257.4480,282.8340,201.2150,163.2180,234.5440,290.2150,264.2830,200.8340,119.5090,74.1624,122.7590,211.2220,263.0930,270.2700,188.1380,154.7460,182.9200,218.9350,281.1280,331.8110,373.8830,385.7660,264.2340,136.1700,57.5361,102.8260,99.7968,74.1421,43.1490,41.4882,15.1047,55.7518,68.8917,62.2865,45.7995,108.6450,144.2300,153.6870,97.3790,60.4985,44.2811,29.7715,85.9177,180.7540,233.0860,251.0410,267.0690,233.7430,195.6730,182.3740,257.6110,265.7310,195.8810,177.0740,182.9560,227.3510,283.0990,316.8590,309.8530,303.1170,326.9070,422.6320,570.8000,827.9390,997.9460,960.1790,928.6660,905.5140,854.3340,672.8130,444.9160,309.6600,237.8320,196.0460,196.4760,212.1660,201.3930,161.2050,77.2899,48.8605,59.3634,69.7366,95.6541,160.2430,184.8270,164.1710,153.1670,115.6990,57.2985,25.8858,51.9215,112.7930,145.2570,130.2290,119.3050,106.0590,44.7820,131.0480,136.9890,173.9340,175.7840,211.1800,209.8220,187.6670,205.1420,190.9880,171.6820,160.7300,199.6330,252.1350,314.6180,318.5120,251.5890,242.3970,293.7270,311.3270,303.2200,274.0250,235.8000,168.8790,121.6140,90.8917,90.4885,159.1070,191.1850,159.1620,133.8010,102.6990,82.1057,29.9426,68.9692,123.3330,126.2790,109.2510,75.9514,45.3618,23.1890,28.9922,40.2963,53.1275,58.3678,65.1385,88.1331,82.0470,77.1020,64.5293,73.2619,47.7880,67.5076,93.5598,122.8770,162.6150,202.2470,196.8470,146.4540,134.6860,167.6520,185.7810,193.3940,153.5310,90.5876,38.1261,36.1631,74.6321,107.7550,110.4440,92.2920,70.1247,31.3923,9.5177,23.7191,49.1893,58.3397,58.1846,48.1942,65.6076,70.5172,73.4493,78.6421,68.9441,73.7005,86.4742,85.5689,63.8944,50.9516,38.8721,34.2680,42.8023,65.9102,61.9691,37.4968,20.4920,30.3639,49.0685,69.2995,59.8847,44.1590,34.3869,31.4577,35.1626,40.5106,25.6658,18.3314,16.3403,29.6487,28.0951,26.5574,17.1565,22.3117,37.2917,31.8400,55.6523,48.2573,66.1097,62.4045,38.6468,27.6122,16.0948,14.6311,7.4027,16.5844,16.6580,14.4906,10.4165,23.7446,43.6633,69.2318,77.6108,59.7421,47.8165,35.9691,39.2178,29.5224,25.6947,53.0885,52.5165,44.6612,23.5892,8.7644,3.2491,9.4215,14.0707,21.3230,28.7901,30.0399,28.2166,32.4176,27.6562,18.8529,13.6630,5.3098,5.7157,6.0062,16.5292,21.4216,31.4764,43.4181,53.2349,46.8917,39.2601,23.7723,15.3404,16.2782,18.3420,31.4073,47.8292
50042.3000,49391.1000,38743.5000,46076.6000,56035.3000,44738.7000,32236.1000,26089.6000,22543.1000,19419.8000,14560.9000,10895.7000,9066.2400,8792.3500,7147.3300,6057.3700,6484.6400,5555.8100,4230.4100,3785.3900,3335.1500,2744.7800,2679.4200,2537.7200,2006.7600,1527.5200,1114.5100,1031.8900,1277.5900,1277.3700,1157.4600,956.1940,794.7440,564.7210,429.4700,393.1150,315.1650,207.9030,128.6120,130.1340,131.9040,121.0480,137.9560,153.1480,167.0850,201.5340,258.4440,287.4990,231.9690,179.1960,167.5740,197.3440,287.4830,390.1910,503.5750,560.6080,437.7780,301.0510,210.8030,181.5230,183.6040,125.3270,52.4362,43.0390,32.8400,28.9696,52.3571,63.6767,64.0696,128.9450,144.1780,171.0450,132.8220,88.0446,55.2082,66.4617,99.8439,168.2740,216.0060,264.9620,309.9360,269.1760,225.8590,226.6380,302.5730,285.2040,195.0130,153.3130,140.5030,200.4080,272.9490,315.4700,312.3400,288.3480,297.1460,403.3670,567.7940,812.4790,938.4680,882.6170,860.7910,854.6580,826.6600,620.4020,374.9760,273.3330,245.2960,246.4400,292.9450,315.3220,295.5320,234.6040,159.1430,129.4130,132.6800,138.0210,149.5590,191.1230,191.8050,153.4980,141.8300,98.5546,44.5098,27.0410,76.0249,154.2390,158.6800,159.3580,153.2810,138.4280,69.9639,56.0308,45.6912,83.0697,136.9780,231.4790,294.4860,342.0520,363.7020,344.0880,346.0200,317.9940,279.8770,242.4000,240.3900,229.7940,229.8280,249.2460,242.2880,229.2920,208.7080,191.2510,140.2990,126.9620,150.2980,114.0570,64.1367,22.3544,41.3189,36.0438,40.0351,54.8695,52.8868,36.4207,51.0574,83.1532,73.8740,38.0950,23.5900,26.2508,32.9118,57.2335,64.4318,78.2997,62.7263,51.7765,91.6728,104.2860,94.8890,88.5962,73.1466,40.4921,18.1783,62.0409,102.4950,137.3290,144.9920,135.4770,122.4530,120.2440,136.7620,138.3740,136.1450,105.8020,56.6572,41.9059,42.8149,44.1843,49.0946,37.7917,16.8174,8.3566,13.3641,25.0876,40.5434,25.4527,25.4366,16.0462,28.5566,13.4135,19.2832,41.2101,76.3832,87.7355,86.3478,89.8104,70.8096,47.9193,41.1343,26.5958,13.9897,25.7477,25.3371,35.0193,15.2484,22.0308,45.1377,59.3026,61.9249,50.1975,47.0038,39.3349,33.3284,22.3048,10.9084,11.7347,5.5635,17.1004,29.4304,26.1643,22.1892,23.5651,33.5492,20.3568,32.4900,30.1123,37.0441,46.0834,53.9595,53.3667,52.8268,47.0590,38.3214,30.1414,22.8497,15.7892,23.6965,25.6145,16.2785,33.8009,72.8697,67.5114,49.4555,25.4752,26.8707,39.7223,34.6221,10.7400,17.3062,29.4831,15.8712,7.1645,9.3384,26.5998,38.5745,52.2868,54.2009,65.5792,71.6776,66.9875,48.5923,29.2789,27.7305,14.5601,21.9580,32.0996,23.9048,36.8704,48.2865,53.7753,38.1331,48.1031,63.6790,45.5993,31.8507,19.0819,19.1621,28.9353,43.9812,66.4423
49197.7000,48922.3000,38324.3000,45483.0000,55340.5000,44066.0000,31752.9000,25856.6000,22376.9000,19254.2000,14490.3000,10732.8000,8723.0200,8577.8400,7116.2200,6107.4300,6595.1200,5650.2000,4430.8900,3986.5100,3778.6100,3290.1900,3090.6000,3138.6200,2796.1100,3001.6200,2956.9100,2224.9500,1490.3100,1195.7600,1204.2800,1138.5300,1076.2400,827.2530,696.7190,576.4690,383.1200,218.7080,107.6630,90.2390,230.8050,284.1190,268.9140,231.4740,190.3440,223.2090,312.0920,361.4880,312.8940,305.1730,322.4780,326.0530,411.5730,509.3970,636.4640,672.1420,511.7300,327.7910,190.9140,182.5320,198.3950,168.4640,104.9500,56.7261,28.9405,69.3338,123.6680,113.5210,50.1512,41.6019,55.1592,96.8708,87.8071,67.3492,63.1470,88.9551,112.4590,134.6650,172.7030,236.3060,282.1420,265.0620,216.5200,136.5770,210.4520,240.5080,207.5310,174.3540,155.5230,194.6010,237.4150,263.8080,268.5180,262.3010,302.3750,444.1170,607.3390,832.7360,937.1860,892.0640,896.6090,902.4270,866.1430,641.9460,426.3060,341.7040,291.8740,264.3500,303.0870,339.9390,359.4200,344.8230,270.1170,204.9860,176.2010,164.5360,149.6650,145.1690,105.3010,79.9869,100.2430,91.2166,89.6064,91.7492,91.2009,84.0778,103.8130,164.3720,243.8090,312.5320,259.7750,242.1930,100.0850,30.6961,37.6055,114.7570,184.7020,209.6500,229.3930,246.0290,234.0260,236.3360,204.7870,92.3076,64.9976,127.5850,125.9180,150.5620,187.4250,183.3740,194.8710,193.9510,167.3960,117.4270,102.6560,43.9137,45.4887,115.8320,131.9430,99.8668,74.5349,57.8110,38.6675,36.7271,54.6675,80.8869,113.2260,87.6476,68.7206,60.3810,79.6828,88.7425,54.5539,35.3045,18.0352,27.8634,16.9091,17.5312,24.3788,45.1361,55.2064,60.2612,88.1304,119.3850,142.4780,161.0230,177.6750,149.1040,114.5560,111.0790,119.7820,115.7980,111.0520,96.9028,45.9568,47.9753,49.6853,66.8563,80.1007,89.0625,95.8097,90.3573,72.6845,53.9849,46.3420,63.9874,95.9772,90.3477,51.9797,43.7616,59.6144,85.4724,79.4871,64.4622,59.3083,62.7539,52.4666,32.3293,24.0167,12.0256,11.6449,33.7429,35.8664,31.4857,19.3744,8.9591,37.8518,52.7189,76.3732,53.7973,19.2464,27.4806,38.7280,25.1311,12.0134,8.5580,13.4093,28.2338,31.2124,27.4112,13.8280,23.4108,45.9947,35.9315,45.1322,46.9661,54.7813,66.2877,71.7938,75.0065,82.9158,77.7243,64.9248,39.7937,46.0495,29.9646,32.4867,26.3555,16.8727,30.2847,86.1387,72.3295,43.2332,24.7235,49.6824,60.1861,52.2099,33.2710,41.9255,67.5660,61.0679,47.6311,47.0924,55.0194,59.3607,56.9754,71.2306,78.8623,73.2413,63.4495,53.3225,38.4667,32.7389,41.3949,42.9369,40.3223,38.4871,28.6486,19.3612,26.3288,34.4626,36.8770,35.3082,27.1869,16.5663,20.9173,32.5423,31.3909,33.1585,39.3692
49469.6000,48791.2000,38231.0000,45275.8000,55155.8000,44233.4000,31889.4000,26035.4000,22564.3000,19409.6000,14476.8000,10529.1000,8541.8000,8434.7100,6966.6900,5966.3300,6351.7400,5278.3000,4018.7800,3515.7100,3230.4300,2638.7600,2424.5700,2152.4100,1654.2800,1495.6900,1268.7800,1001.9200,907.5820,1113.1900,1479.8500,1987.4900,2355.3800,2792.1400,3099.9900,2124.0400,1305.3500,681.4030,75.7378,90.7278,86.2735,254.9810,410.7250,515.3810,488.4280,471.8300,540.9840,454.1590,381.8950,196.9120,157.8640,195.7560,201.6250,231.6750,302.6420,303.3400,248.9780,181.6000,56.2186,123.5560,242.0310,260.7140,221.7340,204.9650,200.2890,224.8560,212.9360,162.0830,122.3460,141.3150,218.7430,261.3760,209.6960,147.0070,93.6317,57.1927,38.6253,41.4632,77.0963,122.1030,181.4220,212.6700,219.6710,194.2720,265.0530,286.9680,258.2520,210.7400,162.2080,203.1810,289.3630,355.1130,353.0780,325.2310,301.9660,370.8220,532.5460,781.3290,925.7720,885.3820,804.6220,810.6750,777.8120,617.3140,437.2400,342.1050,256.0270,198.6260,193.1340,226.0710,217.9780,216.1670,198.0120,200.2840,187.1200,171.1680,151.0890,139.7460,123.3740,60.3348,100.4920,96.5447,116.1610,99.6667,71.7971,30.1254,43.6694,118.1580,210.4450,299.6820,291.9830,250.8750,144.9200,27.6188,31.3892,80.5077,132.2350,143.7610,144.1270,104.0620,79.4364,97.5494,81.7872,98.3814,197.6250,276.7410,251.5960,223.3220,202.7350,168.2380,180.3930,216.3390,233.1410,204.9610,168.3480,86.8623,49.4211,145.1780,200.1680,171.0750,152.1120,125.7230,129.4360,54.0749,45.9269,105.8510,123.2210,66.6420,40.2038,49.0744,46.2681,32.2408,15.9324,9.3278,2.4614,3.2163,15.0176,29.6459,35.2647,35.7209,31.4141,50.7281,104.1260,133.9140,153.6750,173.6050,192.1190,201.8210,186.7450,182.5980,177.6710,187.3970,177.2090,123.6150,66.4523,24.3935,15.1898,46.0624,70.9950,79.8578,63.0003,48.7721,41.8911,52.2787,62.2727,66.4167,61.9845,49.5383,59.4465,67.2497,75.7003,73.7457,95.6123,91.3595,89.0471,75.5340,77.0442,79.8422,69.9457,53.3707,20.5201,21.2473,42.4540,40.3199,31.6370,51.1559,62.7504,72.9099,49.8299,35.6535,44.1316,41.6433,36.6740,31.4314,34.5791,43.3447,44.2560,70.0818,47.9913,39.6066,8.5312,21.8255,47.2118,32.3015,57.2920,61.3803,69.9472,78.5855,82.0452,99.4383,112.1970,108.8320,97.1968,47.4680,46.5779,65.7721,32.0135,15.0357,22.3700,23.8167,69.1070,77.7786,68.5204,50.1316,71.8762,94.9966,56.2187,46.5733,67.2056,67.3794,73.1033,75.7193,80.5323,67.0947,57.8553,57.7212,58.4340,57.0964,53.9486,41.4754,24.0355,24.4824,23.8276,25.5768,17.0953,7.9476,8.3961,17.4929,44.6270,49.1126,59.6805,51.9532,48.6844,43.8647,32.3177,42.3338,56.9791,66.7245,67.3551,59.8695
50079.4000,49363.3000,38767.8000,46071.3000,55967.1000,44733.6000,32253.5000,26105.2000,22425.1000,19227.9000,14210.9000,10497.1000,8693.9100,8642.0900,7192.2500,6130.1400,6452.9600,5439.1900,4193.6400,3716.0600,3403.9000,2753.8400,2517.0100,2146.5600,1592.6300,1407.3100,1104.0400,716.5410,543.5430,462.7870,419.2710,486.2560,662.4180,709.6680,845.8160,1135.4600,1592.1500,2173.2900,2959.6300,3366.0000,2963.1400,2751.7600,1663.7100,660.4760,196.7150,133.5740,249.4680,205.5120,218.9430,294.1920,270.8340,249.7020,216.3760,175.0710,86.0445,267.4430,290.7040,285.3690,207.3490,162.1940,173.5550,163.8380,124.5470,90.3206,86.2698,115.6280,166.4180,170.6620,168.4000,209.3050,237.2410,272.1770,247.3550,207.1950,166.8040,103.5630,98.3824,149.7270,220.8680,284.2450,313.4380,308.7380,229.1910,135.2180,185.6960,199.3050,157.5620,144.7680,180.6490,271.5770,323.0520,309.7690,266.5490,225.1600,215.8630,319.4090,515.3180,814.9890,971.1940,907.6410,813.5430,834.7460,838.6170,665.0980,440.5480,312.4600,234.3350,199.7310,272.8730,313.6420,330.1210,291.5900,230.3140,205.0380,227.3190,219.4570,202.7010,178.4030,138.1500,81.1041,57.6226,27.3751,29.1424,45.9077,59.1255,156.6910,235.3370,252.4870,320.2650,377.1780,348.9010,212.7470,104.2170,56.0416,56.9947,87.6862,158.9720,190.2390,193.8670,212.5400,216.3120,234.0160,311.7400,360.3040,322.3880,234.9340,176.4050,202.7350,257.7070,291.8500,296.3770,264.0680,200.6780,184.9840,200.6890,162.7600,83.8932,57.7193,167.8030,206.2860,203.0860,212.4190,208.7890,147.8050,102.1320,151.4040,189.6670,173.2210,145.2550,129.0070,99.9103,66.8222,48.8953,42.2289,51.8700,52.1743,46.9670,16.5421,20.0952,42.5227,49.2569,78.8382,112.3540,120.7010,133.5920,149.1020,166.4720,167.2880,150.6600,143.2930,142.4780,151.4190,173.9050,171.2410,116.2250,82.7481,44.7874,26.0051,16.7586,12.3821,31.5802,52.7040,71.4219,83.1108,52.7033,64.0997,59.4139,51.0104,47.4956,52.7890,86.4931,118.4300,120.8340,120.0900,122.2520,125.0370,104.0320,61.9246,58.4977,61.1348,62.8561,43.4239,19.2816,9.3661,19.9250,65.0886,83.6307,111.9790,99.4881,68.8935,59.5889,50.2326,50.3068,53.1298,63.6971,51.5475,45.6901,42.7327,47.7991,29.2484,28.2271,9.3823,10.8890,30.7131,34.4692,56.4472,56.3759,39.6755,30.6234,27.8978,28.1263,41.1547,53.3734,56.9141,31.9582,42.5114,57.5236,33.5879,34.8943,57.0543,57.7929,51.9205,43.1842,45.8746,38.8859,40.4597,39.1161,41.6334,39.2290,40.4131,39.6603,33.9524,12.0921,23.7421,39.6541,33.8817,61.6279,93.4001,84.7472,78.3309,55.5323,21.5338,9.6569,15.8401,10.6625,9.6028,9.1122,10.0334,21.0363,23.4957,26.0096,27.1820,41.0121,37.5258,38.0558,13.8062,38.4445,42.6323,70.4552,55.2450
49354.8000,49139.9000,38542.0000,45723.4000,55528.5000,44081.6000,31642.7000,25672.8000,22166.6000,18886.2000,14147.1000,10673.9000,8771.2200,8695.3300,7220.4200,6110.2800,6507.2200,5481.3600,4221.1500,3746.6500,3550.2100,3011.4500,2791.2000,2534.4800,1986.2500,1758.3700,1393.6600,973.6040,875.4170,831.4300,723.7980,612.9420,435.5240,205.5120,166.0120,145.5470,160.3160,260.0570,309.5170,388.9940,576.0520,814.7090,1069.4900,1325.1300,1598.2300,1773.1900,1689.2400,1411.5000,1074.4100,761.1540,677.6930,794.8470,888.9980,737.4480,642.5150,580.3200,387.1330,279.2380,218.2910,180.6890,160.6070,97.3432,96.3627,149.1590,117.0930,106.1380,21.3861,49.5978,82.4844,134.5570,156.7020,212.9260,220.9320,202.1160,211.9540,259.2980,277.6600,253.6830,304.4860,304.0860,283.0580,250.0030,193.9560,114.4300,178.6810,182.8790,198.7900,128.3250,85.3309,146.7880,248.3320,308.9010,299.6360,269.6150,297.0540,448.5260,646.5010,918.3240,1038.4700,978.9230,891.8220,889.1460,841.0390,645.6790,460.3080,345.7530,288.1220,228.6450,200.3810,231.6300,284.7590,313.3390,255.2040,223.2720,227.6440,232.4610,245.1110,265.2580,216.8950,113.7450,74.7755,40.8620,92.4187,99.4627,128.1450,152.3570,154.9410,182.7540,236.8710,314.8260,272.3430,188.9080,119.5700,77.3147,83.1691,109.6440,165.3400,223.6710,274.6440,283.8380,306.1160,312.5720,284.9360,163.6830,112.5810,167.0370,172.5330,169.7130,200.1720,212.7780,213.7190,238.0690,255.0870,224.4390,180.5600,117.7450,63.9095,94.0816,151.8700,142.9910,131.4780,102.8140,56.4871,30.6362,74.0611,119.8380,138.7030,158.9040,154.5480,140.5730,119.8120,104.7290,106.6420,89.3549,97.8319,84.2997,76.8529,66.5775,65.7146,59.7923,49.4216,54.1089,76.0765,72.7037,80.2417,104.9780,138.9460,148.5880,131.5900,127.6480,128.7170,145.5230,163.0850,153.2970,107.6830,71.0546,28.2759,22.0634,50.2825,79.7699,105.2880,75.7015,50.2648,29.3658,27.7436,32.6299,27.2526,39.9956,47.8571,65.1631,90.6536,123.7050,162.0720,151.8170,116.8380,92.4768,80.0497,83.2812,49.9104,25.1509,24.5055,15.7955,11.8824,28.0682,34.3023,40.0129,40.8025,26.1945,18.9267,18.7974,34.1129,62.0693,42.3988,40.4348,31.3051,28.2080,29.1253,25.8339,13.9366,13.8201,10.4666,12.4198,10.5250,12.2774,19.1637,53.0968,67.8859,68.0694,62.0280,59.2551,61.0531,54.1869,52.0064,40.8586,30.4578,11.0284,25.1180,55.1145,72.9727,82.0159,74.7962,45.3519,40.4935,51.6353,55.0700,57.9046,48.5042,40.4937,45.8430,41.5438,35.4179,27.0945,26.0015,23.5632,24.5227,24.2516,26.1702,40.3066,45.0869,41.4466,34.5319,17.3075,12.9185,25.5816,32.0879,11.8050,15.1883,44.6024,49.3949,55.2615,45.0450,30.6705,39.4259,47.7212,34.3871,34.6859,58.4283,70.3064,77.5110,69.1209
49251.5000,48681.1000,38132.5000,45142.9000,54992.5000,44018.2000,31647.8000,25797.5000,22352.0000,19099.1000,14318.2000,10709.3000,8866.4200,8741.6400,7146.5900,6058.1700,6451.3600,5411.8900,4183.2300,3707.3100,3496.7100,2973.1000,2761.0500,2495.1300,1943.1100,1723.1600,1382.2000,976.0500,857.3450,833.4620,789.5030,701.3710,597.3300,404.3180,317.8440,318.4250,241.4160,216.4560,273.1670,293.2570,241.1910,182.6910,146.6280,194.6580,263.9870,304.8980,357.8050,337.9450,281.6190,428.3420,723.9760,915.0450,994.8510,1071.1800,1119.4700,968.2780,676.8360,478.5480,284.0370,140.0690,75.3981,105.7400,177.1710,190.2800,145.5070,123.5770,196.6630,200.5460,96.4089,52.7232,120.0800,192.6710,208.5130,220.1410,238.5740,336.7390,406.7400,336.8270,328.0030,253.2520,208.1990,237.1020,257.0760,182.1810,192.3280,227.3360,267.5460,162.0710,100.3050,151.4580,238.4170,312.8000,338.9530,356.6280,393.5300,482.0690,593.9060,784.5640,904.0930,852.9860,796.6280,805.9510,790.6880,607.0080,402.4240,308.9190,264.7390,188.8420,167.7390,203.9130,225.4030,201.8870,191.6520,165.1250,116.7470,96.3193,114.1980,122.1630,86.3087,34.0741,93.6452,145.8620,184.3700,188.0390,161.2350,82.0118,100.6500,135.7530,244.9940,319.0810,290.7230,228.5100,124.4920,17.7547,49.7609,105.5680,159.1010,198.3390,225.8870,234.9440,217.1780,194.5810,158.9270,67.2897,39.6529,117.1030,126.8830,144.3990,197.7630,224.0620,228.6040,227.3330,221.6500,172.6180,135.2250,86.5574,46.2715,80.5281,162.9330,148.7100,125.3500,112.4630,84.7194,44.4348,41.3332,38.5829,38.8547,54.6061,36.7763,39.4727,24.6428,45.9299,64.6333,82.2624,64.1017,58.3837,84.1010,96.3925,95.2018,85.9549,79.2401,51.8237,14.3966,46.4894,78.3205,104.8410,105.6190,99.1913,122.2060,142.5080,164.3160,179.2050,202.8240,186.3640,126.1390,87.0923,53.1154,12.5686,19.6654,52.4237,57.1575,49.3322,37.5967,37.4300,65.4874,55.8907,69.4463,31.4360,29.0983,49.2128,69.2955,88.9395,114.6180,118.2830,105.8950,92.1451,75.4027,59.2723,37.5821,38.6189,18.3862,12.2205,16.3980,26.6633,29.5681,36.7791,37.5505,52.2510,72.9321,101.7400,86.8438,73.9806,70.0505,77.8113,68.2281,55.1106,52.7913,37.8054,21.5152,27.1991,41.9674,32.6659,14.7132,25.7023,44.4394,50.5403,60.8758,63.0733,58.5864,44.9530,49.4470,39.9476,37.5043,56.4179,56.4061,54.6985,46.7808,44.9071,31.0411,43.7572,80.3927,84.6302,67.4721,60.7470,62.5909,69.6908,51.9566,41.9361,37.0795,29.2124,29.4796,50.0926,70.7255,56.5983,22.3076,12.1641,25.9944,36.1322,44.7387,42.3687,37.0818,33.2184,37.1776,33.9519,32.0338,38.8182,49.2563,66.6631,76.8253,82.8494,81.6844,58.7805,53.2392,52.9094,37.7002,22.2876,39.0836,55.5888,56.1078,38.6469
49986.3000,49240.1000,38660.4000,45935.6000,55911.7000,44743.3000,32201.1000,26127.5000,22589.0000,19366.3000,14475.5000,10858.8000,9072.5700,8867.9900,7252.3100,6167.7800,6521.7400,5534.4000,4301.7900,3835.8100,3592.7900,2997.2400,2804.0800,2477.5500,1975.2700,1731.9000,1367.0300,1006.9100,875.6630,821.7190,786.4970,654.9420,558.4010,357.7300,246.7020,230.7650,133.4530,90.8193,179.7270,199.5350,87.5090,42.0200,91.9117,150.7740,235.3810,250.6380,204.5320,164.5200,145.7560,128.4970,76.2737,34.4683,70.7484,89.6371,67.5052,55.9716,110.8070,144.4420,138.2150,142.2860,202.7460,170.1890,163.2720,72.1818,30.6870,62.9434,85.3393,109.7700,151.0390,152.3650,146.0360,69.0421,35.2812,41.6715,47.3955,114.3060,200.0620,273.7320,297.8040,307.7910,312.8980,205.2430,101.0180,100.0110,118.0510,142.3160,127.9360,131.9120,100.1410,145.3490,245.4580,320.0150,324.7050,316.6210,301.3100,428.8660,629.9010,858.4060,971.6140,921.6230,836.1080,857.7350,839.0220,649.2660,413.6540,285.1610,241.1840,219.3600,230.9350,260.6400,297.6500,288.5220,219.7980,208.9900,222.3580,194.8750,158.0800,101.5630,51.3889,96.2783,161.6830,218.0300,171.0740,94.4168,59.7626,70.6180,119.8980,189.9520,278.9700,377.1640,355.0320,282.7050,162.9700,35.6348,21.4426,43.4756,71.8040,107.3460,166.5230,208.9470,208.0500,172.2730,161.2080,75.3206,34.6533,102.0850,125.2270,162.6720,200.1080,222.6290,233.1480,264.5140,279.0730,245.4130,201.4120,139.9800,86.5613,110.7810,165.1940,166.6170,149.6990,116.9800,81.3734,25.6586,37.7275,81.5757,95.9197,85.0006,78.7794,82.1384,79.7580,75.9777,90.0445,81.2359,72.1517,58.6033,79.8685,94.9269,71.4508,49.1880,25.6341,9.5553,37.5851,67.1924,102.9230,126.0230,145.0380,126.6040,113.6530,125.4590,149.8580,156.9910,163.8050,133.1610,88.7593,58.3065,35.9861,24.0475,33.2589,35.3051,38.8783,42.2375,60.1177,35.7225,28.7006,17.5034,27.2461,18.3150,21.4212,61.7651,82.7364,104.5720,116.1790,92.1309,59.2244,36.3566,16.9230,8.7944,19.7668,53.0990,87.2706,95.0375,102.0560,99.0192,82.7008,54.0594,40.5644,29.7941,72.4987,76.2071,70.9828,79.3659,93.7492,103.6020,88.6911,69.8552,65.5252,58.9557,52.6932,30.3786,14.8867,19.2021,19.3485,43.2524,77.0453,82.4683,70.2789,71.7833,67.7059,55.9666,38.8798,43.7281,56.1817,55.3909,37.2332,21.5244,19.9076,18.3777,17.5720,29.2575,35.6840,34.3731,29.2055,36.3675,30.6290,20.4017,43.4050,55.0477,40.1707,34.4152,34.4086,29.5046,27.9836,30.7759,24.8041,23.0870,17.4188,14.5993,28.5448,40.1355,20.6367,28.5916,42.9655,56.3360,64.8159,57.8861,71.9825,82.0042,75.6172,75.9852,75.6764,73.3612,59.9451,62.9923,62.0448,50.4321,38.6524,38.5112,42.4193,41.9549
49627.8000,49305.8000,38665.2000,45942.3000,55834.0000,44364.1000,31855.9000,25872.3000,22405.1000,19136.1000,14468.2000,11008.9000,9080.4900,8879.4000,7312.7300,6166.4200,6562.7400,5571.2900,4302.7700,3862.5800,3610.2100,2937.2400,2703.7100,2377.7200,1837.4300,1635.9600,1343.4600,967.5310,850.4950,801.2210,744.3120,613.5180,497.6250,303.6630,226.7640,229.6470,126.7930,58.4787,92.9415,90.8381,60.8651,58.9635,64.2914,97.0375,126.5850,120.6690,85.3854,81.1996,40.3644,31.1755,82.9154,191.0720,313.6650,482.3430,585.4160,573.4430,509.7370,408.3100,302.8060,212.4720,237.4950,271.2550,238.8990,162.8510,61.5495,61.4418,152.9680,243.2680,215.8540,220.7570,171.2020,75.4465,29.6869,56.3105,78.2266,152.5380,244.2900,319.7920,341.4510,309.0320,265.5060,183.3720,86.5885,90.7987,39.8811,39.8664,173.1310,177.2550,139.7380,130.4670,201.1560,287.6410,308.3150,291.0490,301.0140,420.2120,605.8320,888.2040,1065.0600,1029.6300,983.5840,987.4710,934.7330,684.1060,433.9330,312.8560,262.6050,249.8610,251.3500,235.0150,248.4240,239.0740,228.0810,240.6960,265.1160,272.6230,275.0900,273.6000,195.1400,102.2580,58.1451,71.4247,118.9720,146.8940,169.4110,203.6160,209.2080,224.7890,257.6230,322.0340,295.0940,147.1520,111.6850,89.2733,89.0912,99.4377,132.4980,170.0980,197.7250,177.9590,145.7710,154.8330,195.2580,188.3670,168.6940,164.7370,171.8430,215.8470,221.7720,205.0850,194.5380,210.4300,203.7930,193.8800,214.1150,168.5540,83.8346,68.7912,131.4600,139.2540,142.3620,138.4950,124.1490,72.5061,44.2877,56.0272,71.9069,80.7146,82.4136,86.6906,96.0336,111.0930,98.2151,90.3605,79.5401,79.2590,86.3522,89.4086,82.4420,71.8728,36.6272,26.1304,18.3620,35.4883,68.6971,107.5000,112.1420,123.2340,118.9690,105.5910,116.5480,155.5870,218.8730,191.7830,134.8770,107.2490,89.4701,79.3010,53.5671,61.4250,89.5440,89.4283,73.6258,60.4723,34.4064,15.3578,10.6597,15.2331,25.1322,39.1588,58.1533,84.5250,88.4859,65.5929,62.7849,59.1058,49.6328,22.6044,43.0867,48.8242,71.2112,33.0541,25.1445,25.9212,53.6558,41.3282,83.2452,78.8503,77.4896,74.9456,70.8047,81.5177,81.6328,99.0148,96.7247,78.2805,68.2371,56.7812,30.3770,17.8936,16.9714,12.7757,19.9259,33.4729,55.9484,82.8233,78.5016,65.5749,59.2063,59.0219,55.2559,54.3018,54.3147,40.9643,31.9748,33.7154,22.1256,12.7731,17.1588,20.4647,18.4198,17.8410,16.9129,17.4253,14.1428,24.4107,23.1807,19.7327,21.4939,28.3879,31.9640,33.0409,25.8701,36.3140,67.3624,65.4883,44.4439,45.1031,61.2199,73.4289,73.2301,46.6326,18.1109,15.1091,18.3572,10.6424,27.4832,41.3646,44.8085,47.4002,52.2218,46.6000,38.4774,37.7276,30.9765,39.0007,63.1741,84.4010,98.1222,79.6769
49053.5000,48570.8000,38054.1000,45091.5000,54936.1000,43917.7000,31600.1000,25880.7000,22545.5000,19364.7000,14681.5000,10933.5000,8929.5200,8655.6100,7029.2800,5985.9900,6442.3200,5442.3600,4191.4600,3751.3300,3473.9700,2831.8100,2608.1100,2317.5200,1803.6300,1676.9600,1403.7900,1021.4500,916.0910,851.6240,785.7470,650.2030,539.7310,349.5620,272.0170,259.1000,170.8780,154.0480,198.2790,198.7900,153.3260,82.2293,56.6657,129.2710,185.1050,208.2880,198.6460,169.3690,122.5900,163.2870,256.9310,375.2180,477.9030,615.4140,863.0130,1006.9500,972.8700,965.4090,847.7210,578.6220,353.9950,231.2520,75.8068,57.3847,60.0477,99.7809,99.7292,76.1546,69.9124,130.3790,186.8720,173.2070,142.7760,135.9540,171.9910,249.2110,304.7280,371.5930,406.3550,408.8660,366.1330,255.3120,150.5540,166.4080,226.0610,248.2570,162.7520,130.7520,145.9870,196.1130,266.3420,343.2240,364.5940,375.7280,367.4540,428.2020,617.0080,904.9770,1071.8400,1040.0300,976.4370,921.3450,870.1070,657.3460,418.8860,291.2810,276.3840,276.6250,251.4060,236.7440,259.8960,256.9400,262.3910,307.6190,329.7570,288.9610,252.4910,201.5030,135.4260,39.4700,57.0079,123.2360,185.0760,181.5340,140.1160,99.5558,83.3306,84.2267,141.0330,255.0890,253.1990,211.8200,166.2390,104.8430,128.9060,158.3970,215.0810,262.9460,273.4980,291.5040,259.5630,222.0490,207.6160,164.2820,98.1563,97.7497,153.0250,180.1820,198.0200,208.2620,245.8990,267.5760,272.4270,265.8930,255.0970,199.5770,122.9430,97.3251,143.3130,170.5230,175.3630,141.6890,112.2470,83.4848,63.5535,100.6460,125.3880,112.2600,108.9410,104.4640,98.4333,86.4303,82.1213,86.4937,95.5994,84.5025,77.8314,75.0407,71.2036,74.3179,62.4065,33.4796,20.0971,41.2417,76.2193,118.2650,138.2680,134.0570,112.1510,98.5431,122.7130,160.3550,192.8980,178.3900,106.5390,51.8282,19.3818,30.2424,27.5984,25.5770,27.1537,10.6149,41.5410,41.1944,45.3636,50.4467,48.0153,33.8816,37.2064,46.7829,61.0184,75.0180,96.9414,95.3025,91.7377,88.8329,88.3655,76.0794,63.8405,53.0736,39.4745,38.7780,50.6950,37.3717,19.6680,20.0256,44.2358,54.8974,61.9488,62.6541,61.3411,72.0298,64.1832,51.9233,42.3197,42.5900,23.1543,39.3660,37.1380,39.9577,45.2399,45.7147,45.5088,64.0806,65.5144,85.7658,63.2748,40.9740,23.2277,24.8416,38.0921,21.9823,12.7010,21.3365,27.6631,33.9827,43.2437,44.1227,36.9706,28.1619,21.7760,23.3890,16.2141,13.6880,18.0472,18.3980,24.9027,19.9696,23.2951,27.8941,24.8031,39.3277,53.1418,55.8772,51.3382,42.4525,43.5657,56.3303,52.8695,33.6338,13.3240,12.7649,19.8355,25.7774,32.9529,39.1285,48.6804,40.9627,25.5058,23.2670,25.2812,23.8680,15.9204,31.5401,45.7254,52.4547,66.8405,82.3788,93.0457,83.4666
49781.3000,48970.8000,38465.5000,45735.3000,55704.3000,44696.0000,32265.1000,26299.4000,22790.7000,19701.8000,14779.3000,10798.8000,8838.8000,8593.8600,7051.6000,6079.6000,6480.2400,5496.2100,4255.8300,3831.1000,3527.4400,2890.2000,2726.4400,2425.7400,1932.2300,1743.8000,1419.6200,1056.6500,910.5240,811.8230,782.9950,660.7030,573.8080,375.1010,285.7330,281.6900,202.9260,158.2240,185.9710,192.1270,150.7920,86.9668,26.9001,106.6410,169.5600,209.0350,221.6130,207.0750,120.4680,131.9410,251.8960,398.7460,484.5080,492.6320,488.0070,442.9320,265.8080,143.2200,109.9270,132.7040,237.8710,257.0250,288.2520,305.2040,242.7390,201.7010,195.7660,176.6720,153.8160,162.1170,180.8710,186.8990,123.9350,25.4741,66.3285,149.6520,249.9210,371.8720,461.4700,466.1820,424.4480,318.7150,213.0800,130.9280,130.0420,81.2351,114.9850,94.0468,65.5791,115.5390,245.0230,341.6470,373.2340,415.8520,425.0900,480.4460,630.8770,865.1240,988.1530,959.5310,880.8640,879.8430,817.4190,614.6390,423.9630,344.9000,304.3810,265.6670,228.5140,210.9540,224.7830,206.7650,159.9030,110.8000,83.2213,93.0368,94.3746,86.6494,50.1721,40.1068,85.1030,122.8030,160.7640,152.6270,111.6990,121.6670,149.9740,172.5810,248.8870,329.5290,316.2680,200.9730,121.1930,17.7565,83.2643,154.8020,201.7560,226.7210,223.0680,210.0880,169.2460,172.1330,211.6060,239.6990,286.3080,277.1470,200.6910,179.6220,217.8680,248.2140,273.8480,284.5910,285.0360,263.8360,254.5360,195.0300,120.8700,89.0553,126.9920,135.7140,131.1020,112.2360,103.7500,82.4398,61.8919,82.4742,101.8900,92.0940,85.1896,74.4308,70.6662,71.0161,78.5118,78.7874,88.2255,78.2604,66.7732,55.8917,47.1217,45.8196,55.5412,43.0322,12.8744,21.3223,46.3179,67.1272,86.2314,100.3400,106.2040,123.5590,132.1850,153.3840,165.1710,156.0990,117.0990,81.8325,51.5125,31.3013,21.8484,24.4846,38.8893,38.6048,36.4430,33.3821,23.4091,22.3341,40.3896,42.8160,53.9162,32.0874,27.4297,77.8380,113.6950,106.8500,109.1290,97.2939,89.8435,70.2043,52.7008,37.1947,34.7284,40.2067,39.3345,26.9256,20.6801,46.2186,73.7561,78.5569,85.3188,88.6451,93.8699,93.3574,76.3231,53.5388,33.5550,22.9872,20.7677,9.8324,14.7097,14.5241,19.6348,29.8799,37.7674,25.0845,27.3665,39.1854,44.1439,43.6337,32.0836,23.8081,34.1028,21.8359,13.3868,8.5802,11.0827,7.1552,4.9979,23.7486,26.4671,47.2202,34.8175,35.8782,41.3079,61.6811,50.9791,42.0438,25.5401,21.6092,27.0642,37.2404,33.9502,17.3257,21.2035,46.9118,47.1359,40.3888,23.2969,37.8788,51.5810,44.2532,50.3047,23.5113,20.7555,12.3449,24.0429,24.6796,39.6487,38.9050,45.2652,54.4333,56.1105,29.2515,17.9037,33.5025,38.0865,35.3220,35.5936,38.1653,43.9045,46.6842
49635.8000,49249.3000,38734.6000,46102.6000,55937.6000,44486.7000,32049.4000,26119.6000,22574.0000,19390.9000,14594.5000,10818.6000,8750.0400,8553.4000,7147.6900,6142.3200,6540.7500,5546.9600,4270.6500,3835.6000,3531.4800,2883.0000,2684.5700,2384.4300,1898.5200,1776.0000,1411.3700,926.2960,816.7010,858.5160,789.0600,628.0270,441.7850,289.4520,291.7710,270.0290,99.1676,79.1942,214.5970,216.9690,136.3350,87.6454,63.3672,112.3850,142.7190,172.4930,186.2900,184.0600,133.1740,131.6600,234.2300,411.1650,625.4760,740.4470,818.1910,768.1840,453.3850,232.5200,194.6300,159.2170,89.6350,91.8123,212.4890,227.6480,372.8830,680.7690,824.7010,893.1480,818.2320,494.1580,236.4630,89.9284,53.2736,70.2587,51.3623,75.4841,160.1070,255.4410,346.2580,390.7890,374.9110,278.1130,204.2870,100.9800,143.5530,165.5190,204.8990,207.1640,206.8130,230.4310,316.0880,422.3580,464.6490,459.7050,470.2770,512.4930,653.7940,907.7680,1062.5100,1002.8700,908.1170,922.1510,893.5020,653.7190,393.0820,290.1530,257.2060,236.1950,230.4510,233.3510,248.6500,230.9040,156.2130,101.9730,104.5430,128.2710,138.5940,138.6830,93.5311,40.3672,20.7468,38.9156,84.3910,112.7440,109.2110,136.8540,160.2800,163.0730,187.0990,219.0290,183.1840,73.6250,40.8910,106.0280,129.1290,163.5320,161.0290,165.6860,205.4310,212.3090,222.3240,252.0630,311.7310,391.1800,442.0730,407.1320,317.0820,232.6520,199.0110,164.2920,125.2390,113.7130,107.5950,101.1410,104.2700,77.9229,36.8739,46.6182,74.2592,47.5197,38.5451,96.6294,150.2800,163.6340,152.3190,145.4230,135.6750,146.2540,177.5060,195.8690,210.4990,205.0800,196.0050,210.9700,215.4990,228.9690,219.3550,191.1650,168.2040,139.2620,125.8610,125.4800,120.9000,108.1400,67.0665,37.1782,34.9183,44.1893,51.9922,58.0052,38.5735,50.5752,129.7080,156.1990,160.4880,149.5630,133.5910,105.2290,121.2650,170.0290,170.0680,132.8480,84.0329,43.6395,62.8780,104.0260,106.8650,73.3150,54.1167,66.2903,71.7760,68.1302,63.3566,49.6685,44.4657,75.2674,118.0920,130.4790,127.6090,93.5962,90.7044,112.5090,107.4050,86.0748,64.3027,76.7010,139.0790,173.4200,178.4910,168.1280,164.4860,150.2360,110.7970,56.0322,48.5808,75.9489,74.6308,71.5447,70.7945,65.5175,52.2700,32.5528,12.9329,7.7415,29.4537,68.6204,79.1603,76.3226,58.8015,34.9236,38.3510,60.3299,64.3530,48.8352,54.1345,64.5169,55.1268,41.4812,45.2625,69.4153,71.7941,69.7239,57.5115,43.3371,15.0498,10.2613,17.1559,26.8132,37.9464,44.6147,48.1132,46.4542,48.4168,63.3376,68.0733,60.8871,53.5352,57.1660,81.0179,104.9980,120.0380,91.2222,57.0823,34.0740,32.7388,43.1894,44.8749,46.9538,68.8604,97.1818,99.8077,74.0247,76.1641,96.6629,99.0662,99.4427,107.8700,113.4990,104.6190,88.6287
48839.3000,48541.1000,38115.3000,45189.2000,55010.4000,43889.2000,31578.5000,25845.7000,22475.4000,19328.4000,14590.7000,10711.6000,8631.5500,8471.7500,6974.9700,5957.5100,6427.3900,5406.0700,4129.6500,3696.8300,3443.8600,2840.7500,2627.9400,2418.5900,1910.8500,1733.3700,1439.6100,1028.3500,900.7650,865.2870,803.8660,670.0360,547.9960,348.3450,282.0230,300.3000,238.8910,195.6630,227.1200,234.8410,172.4810,103.5790,79.8883,136.9480,173.4750,208.0270,208.7990,200.7790,149.8390,165.1040,260.0350,407.9680,531.6670,563.2800,582.8390,559.1310,346.0790,179.6810,51.4326,36.1893,72.8241,85.3372,117.9400,126.2100,166.5140,195.2290,134.5580,129.0240,292.5800,505.5220,631.3730,707.1710,701.8690,456.4970,229.7400,138.7540,134.6060,240.8060,338.4930,399.6760,403.8270,300.5210,195.2360,152.0970,205.0310,198.5870,107.2850,99.0046,125.1620,171.7300,238.5980,309.4840,322.5820,301.8780,344.4220,509.4420,711.2480,989.2440,1120.2900,1037.3300,943.0220,918.2130,833.5730,553.2050,309.4290,284.9660,322.4620,316.5980,306.5410,312.4050,280.9710,238.4660,175.0720,126.8810,122.7090,113.6970,107.1450,110.7890,79.1518,56.5058,46.9423,20.1370,41.8040,51.8582,77.0757,137.1090,180.6110,202.2760,245.2110,314.3360,302.6050,175.3420,142.3380,76.2060,137.2190,210.8110,267.9900,288.6550,270.5230,252.0500,170.7240,124.8640,147.6510,190.1100,217.3260,179.0940,136.5760,171.6910,214.9740,237.3330,233.9510,244.4560,225.8360,236.1570,239.8310,198.2840,136.9110,130.8220,160.6850,154.6900,132.7040,86.6959,61.8142,40.1461,61.0985,125.3310,146.0460,127.2740,120.6560,114.4870,107.1380,92.4900,84.5314,72.6261,68.4646,55.8657,51.5097,52.7392,47.6688,46.3435,29.5764,14.7444,16.4560,39.2966,59.7547,89.7186,101.9740,108.5160,118.7840,125.5890,146.8080,172.1280,184.0460,167.2320,152.2720,133.4060,109.7620,72.5787,63.3282,74.5215,65.0579,59.2219,66.7798,60.7442,47.1692,42.4887,54.6856,60.2832,57.6698,47.4209,55.9010,86.0638,114.2600,104.0270,90.3393,86.8315,68.4126,46.4423,40.6466,42.8025,55.0011,47.0975,38.3540,33.3267,26.0728,41.2228,67.4121,73.3108,67.5032,60.6626,63.7138,68.2413,68.0022,48.8411,34.3344,39.2803,44.4691,47.0956,49.8104,51.8515,19.8949,18.7865,52.4913,62.3092,75.7232,80.6409,82.7759,67.1510,45.4906,15.4367,9.7354,16.2873,33.5872,57.3988,43.9401,18.7518,7.3409,22.3537,40.9952,44.7635,42.5852,39.9932,56.2139,79.1279,63.8433,52.9262,43.6513,55.8605,71.0972,72.4556,58.5410,45.9820,21.4739,21.4433,30.2263,25.2828,29.6764,67.1242,90.2802,73.3458,73.0551,48.5880,35.5678,36.9370,26.9115,25.3932,24.2094,20.2032,21.6130,10.8501,13.2818,13.3074,24.4158,32.7584,43.4898,44.2362,41.7461,31.3631,33.5959,36.2296
49586.1000,48934.0000,38510.5000,45695.1000,55646.7000,44647.2000,32181.9000,26341.4000,22916.8000,19783.6000,14848.4000,10846.5000,8843.5900,8606.0300,7072.9100,6081.3600,6481.7900,5498.4300,4270.2800,3795.2200,3501.0800,2907.3700,2694.6500,2448.3000,1922.8900,1747.5900,1433.8900,1030.0200,912.3590,838.4610,764.0750,655.5500,552.4770,361.6130,270.1500,277.4840,223.4150,196.0220,239.6470,240.8960,164.6410,83.1382,71.8338,151.1750,196.6590,225.8220,223.0050,192.0800,122.3760,147.9560,243.1070,367.1440,489.9120,534.1020,575.2890,571.6370,395.3200,230.9930,111.3210,99.9071,105.7160,91.1592,62.2873,102.2960,163.1680,186.0580,154.9880,103.2770,67.8861,115.7080,164.0230,196.3080,192.3520,183.7600,129.5820,135.1050,229.1550,378.1920,486.9030,547.4690,578.3320,487.3090,378.5070,301.3850,325.1560,302.5390,165.1500,103.3690,95.9321,140.6250,220.4510,304.5130,333.2660,333.6090,377.0840,485.2640,659.8350,940.7610,1100.3300,1033.9300,981.8210,976.6280,933.1940,665.8590,403.3020,368.2450,390.0570,397.2380,433.7230,444.4390,435.0220,371.9400,331.5870,351.6290,360.8910,325.6790,294.8090,241.1560,140.3750,46.3122,80.6711,155.2950,193.1820,165.5900,125.4340,81.8012,44.3314,16.0563,23.0588,88.6293,70.9284,117.8140,102.4180,170.2810,145.0310,173.9490,215.4500,228.9280,207.4590,196.3920,190.1030,221.3060,249.0590,279.9190,306.8520,249.7730,160.2360,171.7860,200.3800,220.5200,245.3070,276.2920,279.8000,226.8050,181.6490,111.3740,51.0073,90.6960,148.8790,142.2880,140.0230,129.8600,105.1680,76.6498,93.6250,121.6400,108.5440,79.9751,49.9919,26.0640,11.0826,13.7572,20.0184,52.3356,71.6964,76.6603,84.5423,95.4433,97.9931,97.7565,90.0689,71.5150,33.5784,28.6337,69.6430,94.7148,105.2710,144.4560,172.4670,172.5390,179.8980,203.5330,237.9970,208.0170,161.7590,139.2840,103.8330,72.7185,61.4001,83.3879,91.5316,46.6463,44.7304,96.2365,117.5000,86.6593,109.8800,119.8840,99.3632,66.9455,66.9047,93.7146,102.1560,95.3972,91.6936,104.5750,98.2811,71.7225,67.7664,57.0393,48.7599,44.3354,44.6918,32.4282,23.4474,54.9703,75.7586,80.3791,73.5106,48.0677,42.3021,44.7997,24.7476,20.7668,20.9461,32.6106,35.3640,48.4304,56.9191,55.1795,56.8221,56.2331,51.1122,42.9243,33.5586,47.0568,39.7771,43.0902,28.9413,12.0933,8.3920,19.8137,28.6511,54.4900,41.6352,18.4238,28.3098,37.5445,34.8674,59.8263,83.6468,103.3670,94.0843,84.4022,78.0833,67.9114,55.6472,53.9024,70.9665,78.4412,44.3667,24.6121,56.5005,61.9258,52.0375,21.3997,44.0215,55.3888,41.6912,64.1887,64.2559,74.8188,29.9440,24.8691,22.2433,41.0971,69.5760,85.0194,84.7699,81.2075,57.7105,37.1193,39.3768,60.7033,78.8006,80.4991,78.5584,71.6266,57.2097,53.7551
49713.8000,49303.4000,38821.3000,46174.6000,56093.4000,44673.0000,32133.3000,26169.4000,22703.3000,19539.3000,14618.3000,10808.2000,8803.1300,8550.2600,7139.9000,6185.3100,6558.6000,5562.4400,4288.2800,3837.2200,3508.9200,2877.9100,2698.2300,2427.1200,1907.8600,1700.6600,1377.0400,990.8780,845.1030,763.0620,712.3680,581.5740,479.4790,264.8410,191.5000,217.2450,151.5440,118.6430,169.5340,175.8830,115.8610,85.3200,62.1442,133.6060,165.0210,178.7920,165.8510,131.8270,69.7252,115.3460,212.4180,345.6610,448.6800,466.6910,514.4410,552.3410,387.5600,245.2630,111.9160,94.3420,124.4740,118.4600,62.2817,47.1951,71.5019,88.6518,97.4271,85.5081,28.3815,83.2293,111.4850,126.2050,105.7940,42.4603,48.1714,138.4520,283.5590,450.7070,604.1150,630.1080,580.6110,490.7800,363.0520,255.8830,348.6090,362.9700,256.3560,202.6240,157.5110,241.1930,354.6790,427.4890,430.9170,427.3790,406.7690,507.9180,703.2800,977.4790,1161.7200,1106.4400,1063.3800,1022.7600,926.2990,617.5180,384.9120,419.8360,457.5370,468.0050,496.9640,475.4080,403.5950,314.0510,239.7010,201.4970,189.1210,176.3740,189.4680,187.8820,119.6670,62.5470,27.7676,59.9470,83.6055,88.3956,92.1168,115.5150,139.8600,156.0210,200.4850,256.6260,241.6940,141.9320,87.8190,101.4740,88.3361,98.8509,141.4340,173.2530,185.6990,189.4450,190.3890,205.6930,232.6640,269.5920,284.7790,223.4100,143.1520,158.2470,201.7620,246.4650,301.5020,323.1740,304.2960,245.7750,218.5570,166.7710,114.4200,143.7580,177.3550,173.2450,156.3500,125.0300,95.2425,70.8326,62.6711,84.8850,129.4870,117.7790,99.4325,74.0464,76.6419,83.0616,67.8579,68.0252,73.7106,69.2143,49.2732,33.0995,32.3041,40.6130,46.2037,33.4216,29.3707,58.3429,86.0420,130.4860,157.7050,152.3400,145.4760,134.2080,150.9860,166.6430,188.4390,179.8820,159.0110,137.5110,111.6660,75.5393,72.0006,94.9086,113.8600,106.1430,61.3553,35.4908,18.2929,19.3372,30.9916,47.7766,46.2583,44.6437,60.3151,85.7919,88.8912,89.1913,86.6875,92.7812,89.6460,71.4017,58.5196,39.2684,35.8400,51.0836,59.8752,53.1401,45.6148,66.6190,107.0580,124.5580,125.0700,83.9354,69.0266,81.4684,61.4707,26.7070,22.8219,59.3050,72.4163,78.9775,74.1097,71.4985,62.5388,63.8753,55.6304,43.3173,62.0261,60.9824,67.7674,22.2852,10.3249,27.2045,36.6932,51.6245,53.7576,50.9523,38.3546,44.7894,40.0726,25.6276,36.3375,46.0053,43.2121,35.5248,45.9606,70.5102,53.7071,31.0107,13.8878,24.8201,32.7136,23.3693,17.1894,19.1855,25.1346,27.6388,32.9103,33.2033,36.2963,18.1358,58.2147,78.9698,99.5297,81.2997,57.3154,45.0295,43.3324,39.9855,41.7373,63.0099,81.6048,85.0263,60.8144,30.0275,25.4052,57.8858,72.8095,66.7108,65.8139,63.4655,59.2358,40.2624
48853.2000,48668.8000,38236.4000,45346.6000,55170.5000,43925.1000,31566.1000,25836.6000,22495.5000,19335.1000,14574.3000,10713.6000,8620.1700,8452.4400,6965.4100,5936.5900,6413.3200,5402.8700,4133.7400,3691.8100,3442.2600,2848.3400,2633.1000,2417.5000,1875.9500,1694.5400,1414.2400,1016.3200,917.3520,858.3890,776.4910,665.3660,553.3290,349.6340,268.0770,291.3260,230.7940,195.2720,239.2750,233.3870,160.1930,74.3222,49.6479,139.6640,182.4480,202.3610,205.1760,189.7370,120.8490,129.1580,235.3170,369.8790,496.9910,525.5030,559.7380,544.7340,349.4260,196.1260,98.9189,104.5660,117.8110,87.7094,37.7041,48.5042,95.0111,132.5600,107.1790,71.2031,56.5907,160.5860,206.5450,210.7230,162.1840,132.9800,167.3800,236.8420,371.1230,549.7560,674.8700,719.7030,734.7300,681.1400,592.8010,598.4130,644.5390,618.1890,481.8260,408.9730,310.2880,239.6720,206.6580,217.7470,236.7830,256.2510,338.9720,469.2350,644.4220,901.5010,1076.3600,1043.1200,1068.0800,1060.9900,1009.5800,729.3190,504.9710,540.4320,555.5820,545.3910,597.5250,616.3110,549.1990,491.7000,407.4610,326.6440,258.8640,201.7520,169.1770,156.4460,95.5396,48.8852,22.7405,94.3104,150.0630,170.9590,193.0060,230.7850,205.9020,170.6260,174.1960,218.8820,192.7760,174.1140,168.0120,178.0570,224.2810,301.9530,338.4460,297.9330,238.6530,195.1700,175.7480,199.1770,222.3660,246.5440,268.8140,216.8370,128.7150,101.9730,148.7770,198.9850,234.5500,246.2180,221.6340,162.1860,134.8330,108.5710,54.9510,66.6572,121.3330,116.6350,94.2145,86.7490,79.7564,65.9755,77.6561,116.7680,140.5680,128.1120,119.1710,106.3290,92.7170,98.5227,96.5552,112.7520,120.3680,122.2980,110.2120,100.9500,93.6297,98.9685,98.4271,76.7872,83.4357,108.3580,120.8860,138.4470,153.1830,154.2070,167.9240,175.3600,184.4340,199.7220,216.0930,195.3580,159.5310,120.7540,94.3100,70.1576,64.0808,60.6872,60.2105,65.6865,46.9575,39.0612,42.9184,36.3493,29.1178,30.8169,30.9193,25.7772,41.2480,72.8105,86.7690,74.7833,75.2011,71.6925,61.1661,57.9428,55.6589,45.7567,42.4666,34.0036,35.6042,37.0576,23.1528,29.5163,65.6470,81.6320,88.9228,76.4251,60.5066,54.1306,33.7604,14.4106,23.4964,35.6683,26.7442,34.2395,46.5329,45.2589,46.5418,46.5699,52.1791,45.0442,27.2726,20.6013,16.6145,25.6219,18.4231,24.7778,24.3771,49.5459,53.0196,55.0918,45.8303,57.8913,62.6504,56.9991,46.3117,36.9662,40.5336,44.8180,42.4977,57.9958,76.2786,71.5517,58.8875,38.8967,42.2142,50.2813,35.4063,22.0559,25.7811,33.5855,52.5660,32.7529,42.5693,25.6318,55.9812,68.6214,91.1151,98.3297,74.5112,45.6553,16.3013,21.6268,49.0263,76.2081,88.1311,90.7485,48.9384,30.7720,53.1302,78.9711,88.3791,85.5421,78.0815,68.0854,61.7802,45.7888
49428.9000,48780.1000,38360.7000,45470.4000,55409.5000,44494.2000,32062.5000,26248.3000,22848.1000,19719.8000,14826.6000,10836.5000,8823.3000,8567.7500,7041.6000,6069.7800,6460.8800,5463.4400,4240.3700,3775.5000,3490.8700,2888.2300,2670.4700,2433.2700,1923.7900,1731.0000,1417.7600,1039.1300,931.9420,866.7990,804.8880,690.7960,588.9520,377.9940,280.3780,298.0780,224.9650,180.4900,223.4380,220.5830,157.5140,87.5932,51.0559,109.9000,176.3900,213.8460,217.2830,185.5280,111.1310,125.8120,222.6150,365.8720,486.8610,522.8180,559.6040,565.7540,381.8360,211.4640,102.7800,119.7430,132.8020,92.0904,38.7043,18.5960,50.8696,67.6708,73.3579,73.6843,49.9281,104.6200,103.8630,80.5335,29.0327,69.8852,125.7690,217.8150,334.3390,431.4400,487.6340,480.5510,379.9260,194.1330,84.8755,288.8570,265.4530,160.0670,67.5337,112.9750,259.3370,353.4850,387.7240,453.7320,474.7510,527.7620,524.3140,565.0740,767.4470,1039.7400,1163.1000,1093.1400,1102.8800,1042.5200,946.2800,714.8690,542.4240,626.8000,681.4440,659.8330,712.4230,683.2520,566.9970,390.1080,193.9480,138.1830,150.6830,135.6750,91.6763,123.2470,98.0028,104.7150,102.2480,72.5050,100.4270,90.0367,82.0617,111.2090,137.4760,153.8920,220.0480,307.4150,290.3750,214.7930,135.3410,20.5544,21.4885,46.3106,108.6290,177.0940,208.9890,201.8860,204.6350,200.2740,212.8120,229.9800,254.5060,221.4950,147.5340,124.3480,153.7320,196.7560,216.1460,255.3590,256.7450,209.7820,178.2290,144.1250,107.0470,115.7870,157.4930,158.9810,153.2980,136.8930,132.3540,100.3700,87.9303,113.3780,118.6330,111.4300,100.7980,86.1600,58.9088,44.7618,36.4009,37.2459,43.0762,38.4416,40.8966,44.4102,54.3040,68.9271,95.2739,92.6196,81.8669,85.7642,85.6890,100.9600,127.6440,137.9740,164.6370,179.3830,194.3080,204.9660,214.4350,193.7120,157.0640,121.8210,101.3040,80.8106,74.8567,88.5744,101.5440,91.6128,55.0364,30.0686,14.9238,17.9881,29.3534,37.7032,40.6320,22.5771,28.4436,60.2518,78.1436,68.7060,62.7898,67.0310,58.9781,42.5122,30.7849,9.6019,25.6871,49.9970,60.8836,48.2570,43.8399,61.3998,81.8551,95.3666,100.7810,104.7810,93.8693,88.8985,77.7439,49.5703,45.5627,43.9729,64.3617,72.8287,78.9950,73.3152,63.2525,52.3508,60.7657,53.6543,41.8159,29.8224,20.8051,14.9893,7.8777,20.6395,41.8912,47.7323,52.8413,59.8639,63.7812,51.2027,50.6843,46.9585,44.3979,43.0805,58.7639,46.9786,22.4881,19.3772,37.6045,32.1873,36.7964,45.5634,51.2954,49.4783,48.2762,40.9174,39.8777,34.8190,27.3260,5.5172,21.0739,34.4270,57.8564,56.4861,91.1753,91.8311,87.5128,90.0325,79.1084,47.7588,55.5817,37.1615,40.3518,44.2054,41.2718,21.6984,36.7179,72.9398,71.2298,68.0579,59.8413,51.6564,39.9694,33.5066
49832.1000,49341.1000,38843.7000,46173.8000,56080.6000,44749.4000,32229.2000,26208.8000,22710.4000,19592.4000,14651.4000,10766.5000,8783.7800,8544.1000,7074.6300,6089.6600,6484.2100,5517.9500,4265.3000,3840.7000,3519.5000,2866.7000,2707.3800,2407.6500,1916.3000,1727.7600,1419.5000,1043.7400,870.8120,789.7210,767.4700,651.0450,540.8620,334.8210,235.6830,233.5160,154.1690,111.0280,158.5880,167.2170,116.7960,74.6653,34.6540,100.3550,148.8140,173.0140,160.8130,128.2950,54.9467,120.3890,227.1500,352.4270,461.2360,500.9460,548.8450,569.2960,408.5980,243.9440,124.7330,134.6620,156.9560,116.8120,45.0410,19.0993,51.7433,79.7606,109.4500,104.2170,60.0133,90.7981,79.3209,75.5101,34.3465,34.3013,59.5812,144.2090,262.1900,375.1190,465.2500,498.4230,514.7920,436.8350,355.8780,309.8250,384.9780,400.8030,272.6040,218.6940,161.4810,152.4640,216.3030,318.4680,374.2830,393.1320,457.8940,557.6780,736.2630,984.3370,1127.4500,1115.7600,1147.2300,1089.7000,985.1920,717.9660,607.2080,770.3230,835.2450,765.5870,749.3040,738.4150,621.7250,535.0440,373.5010,303.0710,258.3700,200.8360,131.0100,59.1518,67.4250,149.5280,174.3020,172.7140,153.5940,102.4750,33.7325,49.8852,115.7640,203.1460,303.4810,416.9970,378.2820,261.3850,122.7970,82.8818,133.7560,156.3010,168.4700,171.0960,187.8110,184.6760,165.0130,174.5640,203.8930,237.8590,285.0180,222.8160,129.0020,100.4220,134.3200,179.2350,249.6470,282.8080,288.7490,257.7570,234.9510,164.9730,84.3938,81.3386,138.1370,129.3740,103.2310,88.5844,98.0390,98.5360,96.4736,110.4360,99.8717,83.6566,74.8530,77.3476,68.5377,57.8616,56.2690,58.3183,60.2728,64.8517,59.3392,43.7233,31.6997,29.3682,39.2715,34.5943,62.2766,76.3374,94.8768,120.2560,129.7440,128.1630,135.2600,145.8030,160.4470,182.4520,216.9970,217.0360,182.8500,141.9230,118.5330,89.7747,78.7299,78.7865,89.4781,83.7919,53.7944,45.1193,52.0759,58.2353,62.0277,61.9666,51.6995,49.7251,57.9863,53.1307,57.5498,77.1055,84.7205,106.4220,89.1559,65.9396,52.6611,30.2729,28.1311,44.9099,47.2361,35.9794,38.9999,54.6412,69.3009,73.5724,77.3569,80.6080,89.0346,85.7673,50.1284,46.3004,31.6041,48.2720,65.7744,70.6487,65.6103,62.6245,59.3468,48.8659,30.3139,23.6199,16.9782,10.8306,5.6878,4.8090,7.3473,14.6612,21.6363,28.9738,45.0524,64.2736,66.6047,64.7115,59.8255,57.9673,65.8638,84.1124,98.8813,89.1835,56.0527,42.6650,58.5721,56.3711,47.1591,42.3202,37.5010,30.2396,34.7110,46.7866,49.6152,36.7844,14.3227,17.9125,41.5265,30.0104,39.8366,33.4229,75.6052,87.7282,81.2488,74.7025,48.8218,26.3821,33.1702,38.1546,53.6301,59.8563,63.4929,54.6244,40.3880,50.1024,63.4511,64.0288,54.9504,49.6775,40.2861,29.0854
49067.3000,48939.2000,38459.4000,45586.1000,55366.3000,44053.9000,31699.6000,25881.1000,22453.5000,19301.7000,14538.0000,10690.9000,8599.1900,8455.7400,6998.6800,5963.3000,6434.8900,5452.6400,4196.1300,3750.3700,3496.9400,2895.0100,2686.4700,2444.2800,1923.2200,1741.3300,1437.3000,1053.6400,939.2580,864.9850,802.5520,681.7010,572.5540,373.4290,290.9270,290.7880,227.0600,209.1020,237.1680,220.8550,155.9530,87.5756,53.4000,112.9230,169.3050,203.2820,203.4960,189.3410,123.4370,148.3650,256.0960,398.0910,507.7250,540.3610,574.2740,575.4450,382.7070,210.0470,94.0241,108.7140,123.0850,90.8004,24.2115,14.2275,41.7981,75.5302,92.6720,100.1700,53.3124,98.5578,90.8161,90.1037,55.3699,32.4520,78.2336,170.6130,270.2770,369.0430,442.7550,478.2000,485.0360,389.9510,277.5780,233.1600,288.7540,277.8680,163.7060,161.7600,153.8860,216.5870,267.7820,304.3270,324.2060,302.1100,253.4880,353.2350,581.9400,933.6980,1128.2000,1093.9400,1127.0400,1098.0500,1049.4200,831.3730,645.7740,674.4090,692.7510,645.1140,640.0010,653.7460,573.3260,461.0410,314.9420,246.0600,233.0940,189.2830,160.2620,163.3090,96.6411,123.8510,104.5330,109.2450,111.4290,96.1148,79.3430,60.4583,67.8302,104.2040,168.4400,258.4190,244.9760,246.3570,160.0010,87.9949,89.7721,140.2060,209.7290,265.0190,301.7880,314.7080,320.5820,293.5660,277.2350,262.5280,276.8030,225.8200,143.8660,158.2060,186.7570,216.9190,269.0430,302.5160,307.9730,246.6090,207.0420,164.0880,109.6650,134.1620,165.6950,166.9080,161.7330,159.9510,146.6760,102.1790,95.2610,100.4180,90.6804,85.8671,82.3565,83.6094,53.9845,40.1386,38.7478,54.2036,75.2469,78.0729,73.6483,66.0015,61.6462,68.4589,77.1609,72.9218,71.0625,87.4107,82.0911,77.1444,77.5180,76.8170,86.3895,91.1776,106.1990,135.5020,171.2210,156.2730,140.8280,134.4260,138.7890,127.3570,104.0390,99.5102,116.5180,119.5280,97.3370,75.1038,41.3287,21.5800,32.8708,49.1602,54.9062,47.9354,51.6381,82.2460,104.0870,96.5810,95.8240,96.8310,94.2344,68.2842,52.9219,51.7083,50.7675,44.9586,51.9061,51.8638,39.1340,66.4454,104.5470,109.3940,114.2190,107.8490,100.1290,100.9380,88.7574,48.3514,27.3871,33.8333,64.1310,98.1987,116.5160,114.6310,101.8060,77.9178,75.1798,60.1463,45.3209,35.4879,24.2000,17.3785,10.0603,9.8686,16.3663,27.4539,43.4439,58.5718,51.5613,47.6093,50.4522,53.4814,53.3192,58.0821,72.3441,56.7742,29.8711,40.9896,56.9252,51.7253,46.8089,34.7417,23.3171,22.9185,51.4633,66.4322,71.9384,54.5708,45.1931,58.5876,38.5379,35.6194,29.4741,52.4708,83.3567,94.7798,81.9661,73.9192,68.7690,46.0084,28.8868,22.9233,26.2728,24.7866,40.4944,58.1208,62.2377,68.1299,82.2847,79.4302,67.5102,46.4676,46.8789,45.0438
49407.1000,48821.3000,38352.1000,45397.0000,55262.7000,44332.6000,31952.7000,26193.3000,22829.4000,19698.8000,14821.8000,10829.2000,8800.0000,8567.1000,7050.1800,6095.5200,6512.5200,5499.7400,4266.4200,3793.5500,3524.9900,2924.1700,2694.4100,2443.0900,1913.8400,1718.4900,1407.2400,1013.9800,909.7890,860.0610,783.9610,661.2310,550.3080,368.6100,284.8010,287.9610,227.6920,205.4610,234.9530,202.5840,136.9240,85.2700,59.5862,112.1480,174.1560,215.3730,221.9100,203.4660,114.6520,141.8360,258.1900,389.9720,498.5740,535.2280,573.3310,579.0970,402.1380,228.7220,115.9690,139.6010,162.4500,131.8960,61.2442,28.4810,56.8524,71.0713,92.6649,95.2774,69.0054,111.1380,97.3853,77.3816,36.1864,50.8530,95.0664,170.0930,278.4670,370.0610,438.0600,442.6440,417.8760,294.2150,163.2530,140.7270,149.5220,151.5710,76.1991,130.7370,175.1060,252.4100,336.5740,426.1560,454.1340,456.6000,448.2270,526.3680,753.3980,1052.6900,1194.9600,1119.8700,1074.3500,1044.1400,952.8420,727.7090,594.0160,668.4280,700.7750,661.3900,650.9920,660.9150,589.6460,541.4950,427.3620,357.0070,328.8980,299.0780,241.9180,207.1110,163.8040,78.4500,59.6249,64.5476,138.5470,134.1280,103.8280,98.9245,97.6621,102.6590,132.9360,206.1600,151.1720,199.7470,125.8310,149.6090,152.8600,262.4390,329.3160,305.9680,252.2190,212.0040,147.6560,179.4030,233.1940,260.8380,280.1940,250.5980,176.4620,166.8390,186.4610,205.1620,221.3160,258.7220,255.3880,236.6180,229.9210,157.4370,76.8040,99.3884,190.7080,197.1930,176.8650,167.4940,165.8590,152.9410,131.7150,147.5470,129.4570,97.0683,63.5378,42.2073,28.8354,27.2253,36.6888,62.0879,65.6457,63.7694,77.1059,87.0793,93.6037,79.3102,70.4600,69.3663,82.3628,113.9320,109.0530,122.0760,136.6950,155.5490,164.1330,167.3690,166.0310,184.3890,198.3820,193.7980,158.6260,117.3650,84.2625,76.7318,80.5639,88.8080,100.3980,86.5899,54.5748,32.9143,18.9826,15.5384,22.4808,27.6185,23.5098,25.1921,50.4502,83.4419,106.6310,108.2780,114.6310,120.1090,127.6620,104.2090,76.1682,56.0590,56.2011,65.3391,60.1073,54.4371,51.8392,60.6090,81.0724,89.4594,95.3873,90.8540,83.9959,82.4135,61.7307,62.8699,64.5645,67.4916,89.9605,94.5729,91.5740,78.9670,62.2735,28.6973,28.7654,32.8949,26.8941,29.0083,40.2218,47.1203,56.3183,48.1763,37.0761,31.5883,26.4781,48.8119,70.6979,73.2831,59.0741,30.9090,37.0979,64.8133,80.3219,55.8356,45.3434,64.7960,68.8379,62.6100,69.8147,62.5367,46.5230,20.6937,26.1248,41.8483,50.2275,48.2046,30.8194,24.7015,24.0676,40.5443,56.2432,68.8589,95.1927,87.7642,73.4557,64.2327,51.7136,36.0437,39.6416,51.7612,49.2560,51.3067,40.1449,37.0555,49.8154,64.5305,62.7767,57.7594,48.5531,47.2877,38.5753,28.2369
49956.5000,49254.4000,38694.7000,46030.2000,56006.6000,44809.7000,32323.0000,26265.3000,22757.2000,19692.1000,14694.4000,10725.5000,8775.2700,8551.6500,7060.7400,6085.6600,6482.2500,5513.4000,4266.4600,3856.0000,3537.2400,2866.1000,2707.1400,2398.8700,1911.6900,1717.6400,1410.1100,1036.1300,863.9410,796.6220,780.2880,665.7000,556.5190,345.4680,242.3220,237.4270,161.2310,119.1610,156.6580,149.3270,94.3875,61.7434,55.9473,132.9340,175.7890,175.2770,160.7580,128.8420,68.6762,123.2920,225.3850,335.2630,426.7250,481.3850,551.7380,593.7120,427.9890,263.7830,139.4670,132.9080,165.2340,136.5020,51.7259,23.3160,44.3063,75.2370,122.1750,122.5700,84.4170,107.6940,82.3057,65.2979,36.3883,57.2368,88.0244,166.7050,263.4330,341.2350,402.4930,402.1200,367.1660,260.1530,157.6710,140.8450,174.9110,198.0160,123.9790,121.2180,133.6900,199.2440,287.5170,368.4690,380.7930,393.4090,433.1540,592.4260,787.0190,1096.5900,1279.1900,1189.4600,1139.6500,1051.3000,966.8390,693.6000,451.9080,517.7790,612.9550,636.2820,699.4220,693.6650,610.7470,520.4200,352.2030,236.8660,189.9180,155.1530,116.4520,80.1171,50.1973,35.2621,66.9249,105.1300,108.7430,88.5715,73.0522,55.1951,65.3118,92.9344,145.7270,224.6380,187.0470,189.3840,80.9475,145.9320,108.7600,156.8470,209.8970,220.5850,212.8240,219.7540,192.0820,190.5980,237.9360,272.6480,280.3690,241.1740,193.0040,230.7530,268.1540,264.5720,282.5030,302.0310,303.5950,242.7340,209.3110,144.8010,71.1747,95.3159,182.4080,193.8150,170.9710,165.4100,142.6470,135.8880,130.8490,129.6050,112.4830,86.4273,72.1520,59.7263,48.4234,39.9769,44.8700,59.6583,88.2166,92.1015,71.3136,57.3595,43.1046,47.7831,50.2365,20.6343,39.8428,59.8266,85.9704,115.6660,131.0450,147.6790,172.9490,186.6060,190.0030,203.0090,208.3310,190.4830,173.9790,149.3370,115.0340,103.1530,102.6010,116.0080,131.9140,120.1440,79.6250,41.9151,21.7273,51.5273,64.0449,74.7655,63.1679,33.5315,16.7315,32.5837,69.2109,77.2585,92.3338,90.0231,81.0617,68.9986,57.1565,39.3881,43.6034,59.1253,52.5724,49.9801,59.3688,73.7056,94.6185,109.9200,116.3580,108.0210,110.7980,122.0450,104.9340,75.9464,58.7259,32.3483,61.4883,88.2676,104.7100,102.6740,90.9222,72.4379,67.2566,50.4049,27.3418,20.6800,23.6178,45.7994,61.1358,50.3731,41.3886,32.2967,29.5333,8.9331,24.4371,23.7897,24.4649,7.0351,27.3447,38.8285,52.2582,45.3905,18.6122,26.0436,61.8791,77.8167,67.2419,57.0606,51.5097,43.6590,39.5096,48.2974,58.4383,50.5633,33.4030,20.9634,27.6275,39.6647,72.0774,55.7393,67.9172,58.2393,48.7113,34.1810,23.1739,26.4959,40.5952,48.4330,56.9499,61.1270,58.9386,68.6904,97.9300,109.6330,93.3916,73.7572,54.1917,53.2596,44.9822,22.3454
49227.6000,48981.0000,38411.7000,45610.4000,55466.0000,44119.5000,31755.4000,25850.6000,22396.1000,19267.7000,14464.0000,10644.0000,8577.5300,8434.5300,7026.0000,6015.0900,6468.9800,5497.5900,4237.7800,3800.0800,3511.6300,2884.4300,2705.3900,2425.0000,1893.0500,1712.7100,1425.9700,1035.2900,892.0070,826.6720,785.9450,657.5160,572.9890,373.8470,259.1270,248.4070,177.6450,137.4110,181.1810,187.7100,143.9020,87.6434,22.6880,46.4344,95.7251,132.6470,152.9400,144.6390,63.9841,79.1160,195.2060,357.5350,495.7000,550.0990,610.7090,617.9070,439.7330,266.3230,149.9280,141.8930,152.8580,118.5050,54.1718,18.5885,35.6910,58.1819,86.8652,116.4020,89.9279,129.9330,91.8944,59.4081,27.8644,41.5679,109.3770,195.4700,288.3700,365.9210,433.7910,435.0450,399.4000,293.4910,211.0160,205.3370,222.9250,222.3300,105.2460,98.2746,112.1000,175.3750,258.9320,346.7220,395.7160,404.0020,455.3390,555.4850,715.3990,931.0930,1057.8200,1025.4100,1031.6300,956.9570,934.7410,702.3120,538.9790,637.5520,681.5760,637.2770,681.7110,683.1690,618.2280,523.9790,358.6160,244.8890,209.2510,184.5650,118.3790,151.6060,136.9110,182.5490,232.8300,195.2240,189.0740,173.8620,126.0460,62.4049,50.2314,65.1197,133.7050,250.0250,202.6490,226.4450,131.4630,144.6610,150.2380,211.7980,260.1770,280.3560,274.7350,260.9730,211.4190,206.6620,238.9740,245.6550,265.5740,232.9010,167.2190,164.9090,199.1750,228.6780,241.0670,262.8200,251.5340,222.4660,209.7560,159.3710,81.8314,103.4940,182.7030,187.0130,173.0560,176.4880,170.3350,149.2000,143.6340,176.1740,163.3610,128.3920,107.6070,96.5770,91.5254,83.7353,84.0031,57.7067,51.5536,36.2984,35.6046,49.8415,43.0143,34.7364,39.1100,49.2147,70.8635,80.9319,91.6011,111.5660,140.1170,146.0810,137.7630,151.5230,163.1670,185.7600,204.9520,196.3200,156.0840,129.5460,112.5370,104.5660,96.8805,100.8180,110.0460,72.5984,30.1241,10.1815,22.4580,42.2688,49.4575,38.2309,27.7568,26.6810,41.4224,64.3997,74.2675,74.4443,83.3893,100.7640,93.2712,73.9133,74.2160,81.5442,84.3133,84.6859,90.8825,96.2745,94.1302,95.2785,109.4940,121.0250,138.3470,139.8500,124.6950,117.5660,99.0902,63.6730,38.5079,16.7009,48.7635,76.0686,93.2368,91.7894,86.8734,77.6086,73.4944,62.1744,35.9723,22.7180,21.0145,39.0088,53.3959,38.6123,26.1053,17.9139,10.6235,29.4827,29.9776,31.8935,28.4011,28.3202,44.6984,59.7973,68.3826,33.2686,24.0049,54.9589,74.7559,58.9301,45.6276,41.6897,37.9079,27.8591,29.8643,40.2245,47.0560,42.3180,24.8566,16.6084,25.4147,48.9259,60.0952,56.0360,61.5618,69.2070,48.5987,51.6147,31.0935,25.9694,31.0910,28.0366,16.9589,22.7194,36.4916,52.3316,51.5786,45.4365,43.2326,40.5249,32.7842,17.8219,11.9490,11.1072
49027.9000,48500.7000,38058.9000,45093.6000,54947.0000,44019.9000,31719.2000,25982.5000,22621.4000,19511.3000,14662.5000,10688.8000,8654.1200,8477.5400,6986.7500,5997.7200,6431.8700,5424.6800,4170.4700,3732.7400,3482.5600,2889.2300,2687.5900,2419.4400,1902.0600,1724.6500,1420.3700,1035.7900,922.2880,870.3600,815.6940,694.1220,586.5760,373.7180,278.3560,292.6000,238.7950,194.0270,214.4900,214.3030,153.6220,79.3443,48.7085,109.4510,154.9560,183.0920,181.8750,161.6430,112.5280,158.7290,259.7140,379.2970,483.9150,521.4540,562.6730,578.1760,397.3150,236.2250,122.3470,119.6490,147.6210,121.3600,65.2353,39.5448,48.4033,57.5573,57.8933,70.5143,58.3252,118.9950,113.2220,98.4329,52.5319,42.7209,79.0479,177.0790,282.5630,364.6670,418.1660,419.6190,398.1670,296.8910,242.1890,242.3660,248.7870,217.6730,95.7855,70.6416,93.3437,148.0000,245.3180,359.8920,418.2600,439.6370,489.8190,583.8320,759.0610,1003.3600,1150.5600,1130.8100,1162.8200,1096.2000,1109.3500,866.1840,691.7990,796.0830,850.4330,767.2780,731.3910,717.7790,638.9030,552.0180,400.7900,278.1050,179.1600,118.5610,81.7421,46.4235,18.9071,25.7093,63.5011,78.9464,110.8660,103.7680,73.7687,90.6301,99.5648,126.0250,196.1460,288.1640,236.2440,235.6690,128.9590,118.0670,88.6554,125.2690,201.8750,234.9140,237.3210,221.7310,198.4050,201.9410,228.8020,271.9660,308.2100,252.6610,169.7300,163.8660,209.8370,246.4720,254.8880,262.5000,242.4210,224.1980,215.6750,172.5210,107.1630,127.7150,204.6100,216.3150,192.6700,176.9040,156.1840,148.3080,151.5430,176.6550,174.4130,145.3100,117.6630,84.5559,50.6914,49.4406,63.3311,41.1592,54.9272,34.5606,33.3288,30.4324,37.3047,38.3090,39.7394,37.0990,42.3623,66.6005,74.6618,103.9460,110.1310,114.5590,136.0740,151.3040,158.0060,179.3040,200.4380,187.5790,141.2440,113.7280,95.5611,82.2497,86.9510,99.8250,125.0720,104.3630,56.7964,26.6489,9.5414,19.0690,34.1998,47.8085,69.5500,58.1161,30.8236,33.6769,67.4613,84.9989,98.7467,97.4754,87.5943,64.2771,57.5091,81.5032,95.8674,103.1220,83.9510,68.4001,63.1255,72.8286,100.2110,105.7400,103.2150,91.5955,93.5234,91.8069,63.7031,33.9401,12.1076,14.3791,25.4632,46.8763,72.9143,76.4839,75.3033,52.9901,46.6291,54.1491,43.5248,56.0989,34.2525,50.5314,40.8832,30.7447,27.2629,23.6441,20.5958,26.1730,24.0949,26.2823,37.5985,38.3373,37.7469,40.5164,51.5997,53.5350,26.7593,34.5253,62.3913,61.5437,59.8834,64.6481,53.3015,38.9911,49.1744,66.2343,79.0463,60.5057,29.5214,22.6746,40.4524,41.8927,56.7916,42.4332,52.1050,54.2847,44.6962,33.6592,27.0566,13.6707,26.2773,30.5909,33.2989,38.0645,39.7309,46.2076,65.4820,80.8942,65.8389,48.5054,41.0944,43.7481,50.7940,50.2235
49788.2000,49037.3000,38557.5000,45892.1000,55873.4000,44747.3000,32268.3000,26239.1000,22737.6000,19670.4000,14695.6000,10678.8000,8693.0000,8505.8900,7056.1400,6088.2000,6482.1100,5504.8200,4247.3800,3820.3100,3506.0000,2865.0400,2703.4500,2418.8800,1927.0600,1729.9900,1417.2900,1060.1900,923.4980,834.6300,801.5970,675.1520,589.5030,388.8520,290.0500,293.1010,206.7970,143.6220,173.5710,176.0050,126.7750,78.0716,23.3718,78.3995,130.7670,156.4400,163.9700,139.3660,45.7666,105.7260,218.8040,351.8380,454.7350,506.3230,563.7890,592.2380,403.9760,228.3960,115.5850,125.5320,134.7220,88.4308,31.0651,11.9650,31.7747,54.8957,73.9029,104.0360,94.2247,153.7030,114.5100,85.2499,28.8910,43.1171,90.0749,175.9790,283.9010,371.7870,430.6720,436.4990,415.0750,307.1900,248.8200,256.1180,269.0490,235.7450,120.4650,86.6354,117.9030,176.6280,270.9070,387.2200,441.0030,445.1320,488.4670,577.3820,738.0290,993.2970,1141.4700,1105.0700,1093.3700,1018.1100,994.3630,745.6700,539.3610,618.5320,674.1150,612.4070,595.3460,545.6010,436.9410,335.0720,195.0400,156.4710,177.6910,143.5210,112.7160,96.7911,35.6632,44.4929,61.3502,111.9030,147.4890,147.0300,124.8100,139.4690,120.8860,141.3180,203.8880,309.5300,289.8170,355.1040,253.1170,192.5360,164.4650,174.6960,221.2690,247.8670,254.5070,231.8260,218.7440,238.8170,273.3080,272.4120,277.0560,228.1000,156.9880,172.5120,201.4050,231.7870,256.5550,294.9800,290.8550,252.3120,231.9140,189.4380,113.3640,134.2070,210.4490,207.9590,175.6220,163.5500,153.9140,149.1130,138.7890,131.6090,119.3360,107.0190,85.1299,66.3374,19.6776,11.0051,29.1995,52.8404,68.7993,64.5084,63.4827,54.7790,56.5914,64.3779,66.1576,36.1187,17.2425,49.2993,89.3871,129.9380,151.9750,164.8140,163.9890,160.5880,170.9430,182.8770,210.2180,205.5640,152.0540,109.5110,83.3992,79.0037,74.5689,81.5850,94.9627,73.7403,42.1311,21.5862,25.8442,45.1234,56.0577,66.9900,66.7501,44.4881,45.1121,74.2316,91.9148,98.4985,107.9230,110.6490,86.6104,63.2949,53.6671,51.6625,60.2746,65.6660,58.4222,45.2279,37.5274,54.0871,92.6174,104.4090,105.3580,95.4544,96.6423,116.5910,100.3370,70.8901,50.3960,28.7509,39.3801,60.3575,60.2888,51.4836,52.0297,54.1746,53.4197,26.9050,15.7066,31.3841,51.5847,74.2904,77.4381,58.4798,41.8033,28.1473,16.2621,27.6479,36.8429,48.6513,54.3162,53.2285,60.9412,75.1228,86.5005,55.8205,32.5775,43.0849,51.9518,51.4265,50.6611,42.0633,33.8495,28.0218,33.4294,38.4908,39.6174,35.9158,32.0258,35.3010,32.8144,26.0422,35.3648,45.4300,63.4945,69.0502,68.4110,61.3287,58.7831,25.8519,42.9900,45.5085,54.8866,61.7179,54.2737,45.0615,61.5593,76.0869,77.8072,66.4402,61.7031,65.0894,74.6215,68.7115
49400.8000,49122.0000,38598.4000,45905.9000,55780.5000,44328.7000,31883.2000,25975.1000,22518.0000,19352.5000,14501.8000,10691.0000,8626.6300,8502.4600,7140.6400,6122.3300,6529.5300,5553.9100,4295.9700,3835.4300,3546.9800,2925.6600,2727.1100,2434.3900,1905.9600,1717.8600,1396.1700,1006.0900,876.3850,801.5220,747.8270,614.8260,512.2120,320.5800,233.4510,230.0930,165.7700,122.6820,147.4800,152.6470,103.9780,63.3855,35.2185,88.8710,138.9150,158.7160,149.9240,108.9940,54.8255,128.2370,236.9580,373.2060,470.9120,507.1330,559.2220,582.1620,409.2820,239.0250,112.8600,107.4970,119.7730,85.1901,27.4111,20.6847,48.9354,75.0910,90.6093,105.8310,74.1028,129.7930,117.1610,93.4036,49.9179,26.1504,78.2452,158.2410,263.2990,353.3500,423.3130,436.5160,444.1010,365.7160,294.1410,249.5980,267.3150,270.3420,130.1820,91.3145,82.7573,170.7330,283.0820,361.3130,417.0070,435.3810,490.1920,558.3690,717.5690,973.5050,1113.1400,1090.6300,1111.8400,1057.0800,1044.0100,787.6050,599.1810,687.7740,728.4570,682.2460,714.8000,687.9060,603.5720,477.4880,330.0260,238.2390,191.7700,130.1640,78.6042,78.7032,106.6630,108.3690,102.1060,91.4514,52.5024,38.5233,48.8969,19.2113,34.2640,72.8412,135.4570,234.4870,200.5710,278.1460,186.3520,214.9900,183.4650,205.7870,266.0570,277.2650,259.7640,251.0110,217.6410,208.1510,242.9000,265.5080,263.5910,212.3450,166.0660,195.4090,222.9550,252.9120,256.6990,287.4460,272.8550,270.9860,269.6470,203.5590,108.3190,104.6990,187.5420,202.9370,175.6520,164.8440,156.3060,153.6000,154.1040,154.1810,132.0570,121.4020,104.6350,95.8077,52.4085,40.5523,50.9472,54.8060,64.2727,58.9798,59.6498,55.8317,42.2395,29.5977,38.6321,32.4808,38.2133,64.5020,89.6833,124.6260,138.5620,148.2730,146.3520,135.2390,149.1530,167.8450,198.2430,183.9810,140.4280,112.3240,83.8764,64.9342,59.4425,70.0834,83.1368,54.6621,17.5362,17.4011,43.0871,50.0655,50.2287,54.9602,61.8038,65.6841,56.5311,67.7313,92.8661,95.9286,101.2920,106.4880,107.0520,94.7136,85.1425,79.2896,85.2965,94.8868,95.0359,57.7770,45.1599,82.4476,101.7890,111.1050,118.3690,125.9390,129.7220,119.1050,87.5988,45.2785,20.4819,21.2821,31.6409,54.8108,68.4525,65.9327,59.1506,51.1524,43.2823,27.5882,10.7633,19.4761,34.0456,46.7368,52.8812,36.0997,31.9316,37.5241,37.9936,48.1525,57.1997,57.6430,56.6473,64.0602,76.9932,93.4337,95.8196,51.0500,23.4355,38.0600,62.1519,65.9809,57.1438,56.6490,49.7326,31.2098,35.6906,51.9549,55.1651,45.2533,53.3725,48.9257,35.9571,27.7046,48.3050,49.7795,77.6289,74.7048,62.2340,50.1479,50.5635,27.4648,54.1331,60.5732,61.1113,57.1515,40.4103,29.1407,41.7110,65.1269,54.2119,33.4424,36.9365,50.7108,54.1885,29.9890
48929.4000,48525.5000,38044.0000,45075.6000,54941.9000,43924.7000,31618.7000,25879.6000,22529.2000,19407.9000,14574.7000,10642.1000,8600.8300,8453.2600,6986.8200,5999.2200,6436.4700,5412.8900,4163.6700,3732.5600,3472.2300,2869.7500,2676.1700,2404.6400,1855.2200,1678.3300,1402.0800,1022.3700,914.7200,862.7690,802.6580,685.8390,578.9080,379.2840,299.1770,320.4260,249.7090,195.8230,218.9980,214.3840,158.4590,82.1075,42.1373,111.4530,170.6870,208.4800,212.5780,185.5520,120.7940,166.5770,282.9370,418.9710,534.7000,563.8010,587.4960,560.9000,361.6450,204.9580,102.7690,98.2317,110.3270,98.4647,61.4672,48.0033,74.1816,77.4043,83.7515,96.5241,79.8136,139.1280,121.2100,91.8193,42.0547,39.6722,101.4200,184.4960,285.5060,377.2180,449.4370,475.0040,467.8680,377.0530,296.1510,255.6760,282.5570,271.0410,139.4130,111.7240,111.4090,184.2590,288.6410,380.7450,428.3910,436.9160,470.9120,549.0820,716.0800,966.7610,1105.3200,1073.5300,1072.3500,993.7190,977.4600,726.1520,520.5010,624.1510,702.0100,661.8930,707.0310,694.8410,612.0480,501.0130,359.9230,278.7590,223.1940,180.9340,110.6970,98.6355,57.9838,92.6052,90.4436,71.5057,59.0332,44.9990,32.0082,34.4374,61.6544,100.0690,175.7750,311.7130,273.8110,315.0610,202.0700,171.4720,156.5080,200.7510,252.4530,259.6650,246.4960,227.7530,202.5070,223.9050,265.8360,253.9660,235.2280,191.3960,154.3850,203.6600,233.4670,253.7080,255.2980,293.1700,290.0740,262.7480,243.3490,179.9840,94.8650,104.8950,183.3100,193.1990,167.8250,161.2860,143.2890,130.5940,121.0800,133.6770,132.8080,114.9890,95.1136,74.6922,44.1324,47.3106,53.4982,56.4319,58.4550,47.3909,43.4545,41.1727,33.2123,38.3148,52.6580,41.3417,70.2343,81.7762,107.4840,143.8590,169.6910,162.2270,142.3880,129.0690,143.2820,170.5290,195.6990,164.7060,118.7730,101.6810,79.5364,62.4566,66.7001,86.1414,92.1621,69.2915,42.0814,40.4051,60.8550,73.8764,85.3285,88.5061,85.4014,54.9829,53.6186,77.6467,90.2807,100.9850,107.4060,110.4960,86.7973,72.5650,65.8702,54.7223,54.1691,55.1102,59.2166,55.6313,53.1171,70.7412,92.7621,98.0001,91.3447,79.7465,79.9978,90.2601,63.3723,46.3262,31.8954,35.0510,46.0240,57.6767,57.0449,48.4920,40.0589,32.3125,32.7391,30.1357,24.1735,32.0012,37.5509,38.6281,38.4192,28.3287,23.7079,19.3094,29.2540,42.5496,39.3034,36.6967,34.5599,31.5591,20.1183,23.5772,35.1652,18.3595,16.7978,33.1647,42.0237,22.3871,21.8362,33.1987,24.6044,10.9244,25.6632,36.3121,41.9296,35.7482,14.1348,7.1382,2.6593,21.6860,36.9187,58.3963,78.1816,87.3986,77.4927,73.2386,61.0120,44.7486,47.0636,51.3770,43.9403,38.5681,31.8879,25.6744,40.4277,64.5644,50.3446,32.0863,32.5783,42.6284,44.4592,31.6059
49787.2000,49010.0000,38445.1000,45690.1000,55702.7000,44670.9000,32227.9000,26265.5000,22776.2000,19692.5000,14675.0000,10661.8000,8709.6900,8515.1600,7045.8800,6080.3800,6458.8400,5485.5100,4249.4700,3816.0500,3500.4600,2860.0100,2692.7900,2393.2900,1895.9500,1704.5000,1406.5000,1054.4800,920.6540,854.4210,829.6230,708.0510,589.8530,370.6620,286.5500,288.4780,209.3160,166.8660,183.4440,177.8700,141.4100,101.7350,21.4721,86.7141,113.5960,145.5630,162.4560,159.2000,72.8822,99.5667,228.8230,388.4610,514.2420,557.4050,622.8020,619.7010,441.1880,269.5970,150.0840,138.6120,150.8680,114.9930,58.9298,31.6277,56.6763,68.8045,79.7368,101.3240,82.4557,143.3880,117.4110,90.4510,38.8385,27.7207,82.0656,180.3970,290.9830,385.7830,469.2980,504.8970,498.5570,395.9490,297.3540,247.6310,274.3140,280.3970,150.7010,123.6210,124.9220,191.9700,287.3550,376.7320,426.8600,437.5550,473.5290,550.4400,711.3170,955.6770,1094.0800,1065.2900,1064.7400,982.0500,958.1820,704.6950,510.4740,608.6670,694.0140,655.1790,677.7360,681.3000,605.6910,497.0580,339.7720,253.4180,217.3290,182.6730,127.2130,99.7127,58.4505,19.6035,52.1773,68.7564,101.1540,75.5061,34.4744,28.6536,63.8082,131.5530,212.5960,313.3300,280.7750,369.8300,238.9410,195.9520,154.2840,179.9390,244.9630,255.2270,249.4140,239.4970,227.0180,225.4400,249.2760,236.0240,233.1590,220.6680,191.2710,198.7200,222.0410,261.8480,283.7290,329.7890,316.8480,281.8330,270.9080,223.9360,143.6230,152.0330,216.0570,219.9720,197.9460,168.7420,152.3230,132.9660,140.8080,174.8850,162.4550,139.6860,119.3900,103.8650,59.6179,46.1743,54.8017,79.6893,92.0083,88.1312,79.5232,69.0400,47.3593,54.7644,90.1531,72.9112,86.6735,102.5910,108.5760,130.4970,137.8550,140.0080,151.3870,147.3140,139.7940,150.4040,165.8180,155.0080,114.5200,90.2957,75.8060,68.3019,73.0115,84.3048,103.8640,92.0883,50.1031,22.2702,38.9075,62.3370,84.9340,99.7708,103.0810,68.7119,63.8700,105.2500,131.6860,139.4150,148.1870,159.2440,151.4910,113.1820,90.7435,83.7203,85.6367,81.7770,62.0389,43.3847,53.2333,83.9632,103.3330,110.1360,110.4120,104.9490,105.6370,106.5660,85.5553,44.4791,23.6973,25.6483,56.3529,81.4500,91.2215,87.0956,80.5338,76.9420,78.1277,67.7356,41.4372,44.6893,35.4822,50.5709,58.9447,53.7764,39.3516,27.7630,19.0696,14.4149,26.3860,29.0317,23.1031,5.4564,20.1865,31.3169,35.4284,29.1703,35.0675,55.2672,59.8312,52.5819,50.9562,46.2993,37.3711,17.8122,21.3333,27.4876,33.5718,24.9631,21.4695,28.9148,28.3627,14.5061,30.0556,47.9876,85.4754,92.4141,84.5928,77.1422,64.1298,38.6347,32.6152,39.0060,45.3019,50.7330,47.4094,47.4407,60.9723,70.8334,66.4821,55.7483,52.9330,57.1938,62.4264,45.4096
49620.6000,49239.5000,38659.0000,45996.3000,55920.6000,44486.5000,32019.7000,26036.1000,22556.4000,19427.2000,14496.8000,10644.5000,8633.0400,8509.9100,7125.9700,6136.2300,6566.2000,5572.5200,4282.7800,3852.9900,3554.8000,2901.5900,2720.5700,2417.8700,1876.5700,1670.2800,1378.4000,1011.4300,888.1610,811.3900,761.0480,633.2660,536.2970,334.3800,232.0060,241.4750,175.4630,143.0070,169.7650,145.5730,110.8340,81.6342,43.6427,101.2800,136.5090,150.2380,140.3990,116.4600,61.6648,112.4970,220.5700,372.3860,486.8770,518.9940,608.3110,613.7580,446.1350,289.9440,172.0700,153.9850,186.4770,160.2900,92.0791,57.2421,74.3053,89.9712,88.7590,99.5427,62.3418,121.5010,111.4050,100.3050,49.9549,44.1368,90.1342,165.5880,283.2720,393.2150,485.7680,516.9890,523.1170,440.4440,344.4290,309.2910,333.5800,324.2750,188.2110,130.6610,120.7640,181.5120,289.8000,388.1370,427.4380,432.4360,450.6750,520.3910,683.5410,939.3140,1076.4900,1050.3400,1055.5900,974.3400,942.4400,673.0250,492.5080,607.0390,686.8530,647.4190,691.8170,703.2620,620.7490,496.5920,365.1110,280.0270,228.6670,155.8710,83.7954,37.3566,30.8759,59.9915,98.7593,83.1529,98.8409,76.4553,53.6238,83.5699,83.5889,115.7610,161.6330,273.2730,246.1860,378.4200,293.7890,281.7720,259.1500,260.8810,265.3580,246.4470,223.8780,205.1690,195.0230,212.3480,237.2300,239.9620,232.7630,187.1300,171.9090,211.6840,220.8830,239.9620,244.3460,272.1180,253.7040,228.7170,215.3780,171.8820,86.5230,93.4323,206.7280,223.2850,196.3470,186.8890,177.2280,164.2360,137.6270,148.1070,133.7230,99.3299,73.3062,52.3502,28.7748,29.6738,47.7419,65.8452,85.4041,70.2589,67.2709,62.8413,62.3405,68.7976,93.2892,71.2645,83.3172,97.0284,108.0850,144.5950,170.8560,153.4250,131.2440,130.6250,132.8630,161.9790,188.8540,189.9280,139.0910,104.7850,89.1042,80.3546,74.6797,76.3515,93.5057,81.5436,49.4557,37.2770,34.4793,39.3721,62.9738,74.9201,85.4833,40.9061,24.6601,61.1927,84.2579,97.8328,115.3960,125.6660,124.0070,121.2180,113.3570,113.9690,109.0710,104.9760,89.0572,81.3534,106.4500,128.2510,125.4410,122.8070,133.2380,135.7180,126.4670,102.0490,83.3142,36.9440,32.1423,49.5901,64.0899,79.2089,99.0524,88.3109,76.3985,60.6136,53.2245,29.5588,10.0328,23.4467,43.4254,62.7909,76.4468,57.5279,40.3916,35.2169,20.9687,21.8105,38.5935,40.8274,41.3245,35.4118,28.9298,34.9215,48.5232,31.7784,20.2459,46.6690,60.2355,47.1773,53.0222,50.7062,39.1306,19.1841,34.9912,54.8867,66.1321,50.6783,45.3852,59.4809,49.1654,41.9803,36.0289,30.7125,56.2497,72.2343,69.9875,74.4996,74.2163,57.3764,40.7822,41.7288,32.7155,33.4242,29.2891,28.5711,36.6538,47.9747,52.9840,44.0937,31.7920,39.6330,53.5543,60.4098
48920.9000,48593.8000,38065.5000,45121.2000,54996.2000,43906.6000,31618.5000,25844.9000,22442.0000,19320.4000,14517.0000,10600.3000,8529.4600,8413.9400,6979.1100,5972.7200,6425.6800,5432.1000,4177.2300,3734.9300,3464.1300,2867.9000,2679.4900,2405.4700,1863.6200,1680.3400,1389.0500,1018.8500,920.0100,857.9740,798.3630,684.7020,579.0480,363.7120,279.2990,301.3060,234.0890,190.5730,215.5990,202.2100,136.6860,61.3752,61.7556,149.8140,195.6680,227.1020,230.8650,214.9900,125.4620,142.8620,269.4920,406.3590,503.5520,537.7120,604.7400,603.8990,412.9770,251.3910,134.8160,130.2710,163.6730,149.0710,86.0664,53.4164,66.2315,80.6422,84.9264,103.5570,87.3785,134.8100,119.9990,89.3402,47.5683,41.9084,75.2386,158.6590,281.1600,389.1760,469.9310,511.1980,529.6660,432.3970,318.6540,264.8540,304.4230,324.3390,194.8520,161.5590,145.2530,201.7940,309.2360,407.5590,443.3940,440.6490,472.9270,559.0140,720.7070,961.8450,1097.1500,1065.6300,1062.8000,974.9240,947.2440,684.6260,496.4800,614.0400,715.6590,674.0530,689.3460,689.9860,623.0760,510.5890,377.3110,292.9630,247.0500,190.4450,121.0720,73.2459,47.1488,32.2922,54.7870,51.0386,56.4761,35.6236,37.3282,73.0287,95.6391,137.1090,201.7450,327.0900,282.8000,314.2380,215.1310,186.0920,182.3370,241.3050,306.6530,306.8870,277.7280,256.3000,231.9550,244.3210,280.8420,270.6330,246.5520,198.7690,174.1260,207.5690,229.8310,250.2420,256.9890,274.3770,254.9580,237.1190,236.2170,176.0170,80.1633,74.8443,166.1910,187.8080,184.3150,167.6830,156.6430,134.5520,152.7480,186.8020,161.4700,113.5850,78.4171,62.5171,45.6011,22.9863,23.3409,44.3102,70.5810,74.2863,68.7190,66.4013,56.0946,62.2139,86.3957,81.7604,59.8659,85.4045,85.4564,118.8070,128.2390,131.6250,129.8410,134.1140,138.7050,164.9830,181.5130,168.5980,144.6510,118.8830,95.4972,77.8767,83.8819,90.0478,92.4567,77.7106,60.7907,55.3130,45.1884,46.6520,70.9467,79.7402,78.3845,39.2813,38.2189,65.8860,88.7117,103.5170,114.3120,121.6860,104.3920,91.0237,72.9457,59.1744,48.5882,58.6270,67.8112,58.1935,40.9232,38.2296,58.2933,77.1564,83.8548,83.0552,92.2066,107.3810,91.5745,60.1719,37.4813,12.2835,19.6037,35.1188,64.1742,68.0895,58.3916,44.5941,42.2988,42.5025,22.2824,38.4229,41.2894,52.0089,59.3754,49.4659,31.4146,15.9347,10.6823,18.9151,31.2866,36.1323,37.7864,26.4935,17.9875,18.6820,21.9693,10.0122,20.5690,37.8819,46.7256,46.2791,41.4564,36.3957,32.8311,22.2792,19.2757,39.5196,55.7390,46.8992,28.8163,44.1028,66.0180,79.1551,100.4160,71.5257,82.1768,74.8002,59.7417,57.6000,56.7158,39.9153,38.6194,45.9729,48.3115,55.6493,63.2630,61.8455,62.3114,68.2584,62.9340,56.7152,46.1858,46.8974,51.7845,53.0029
49670.2000,48870.8000,38392.7000,45609.4000,55551.7000,44602.6000,32198.2000,26298.4000,22820.0000,19726.3000,14752.5000,10721.1000,8744.9200,8567.8800,7109.8400,6150.3800,6527.6700,5527.8100,4282.3000,3833.4700,3537.0100,2918.6100,2726.5800,2448.5800,1919.7000,1716.5800,1412.9600,1040.3300,923.4870,865.0970,813.7100,687.3460,587.8640,380.8760,301.4810,319.0330,229.7280,168.1380,194.0140,192.8780,149.0310,84.9470,34.1565,81.2827,141.2930,183.0350,199.4670,186.4030,109.8840,136.7430,269.1810,413.4770,506.0730,537.3330,587.0290,583.1810,396.9150,236.3100,125.8130,120.7090,152.7900,133.5490,85.7135,66.0366,83.7476,86.9538,75.0202,93.1382,76.6980,145.3280,121.8330,99.8021,39.2943,35.8649,71.5174,156.5580,273.0900,377.0720,462.1580,501.5910,502.3450,398.5500,286.2970,234.1600,282.9650,312.9720,197.6700,173.1800,162.7250,210.6250,307.2630,397.8500,428.3690,421.2200,444.0500,535.9710,700.0040,943.0160,1073.6500,1029.1700,1021.1200,947.4100,919.2470,665.3720,482.2640,583.3380,676.4550,655.9890,688.7300,693.8500,611.8170,493.2490,350.7610,281.3380,252.2670,191.0300,120.4970,77.2596,49.5242,43.0977,70.0980,73.0437,83.6545,54.7408,41.1136,86.0354,114.8510,159.2740,207.4400,299.9680,275.7350,294.8180,207.6140,169.8410,155.3830,204.3860,271.1390,280.5400,271.8870,246.5290,222.5210,247.2790,291.9110,281.0030,260.2710,207.3620,175.5220,218.2050,243.5090,256.9420,269.8900,284.4830,270.6930,253.8800,240.4290,168.9890,83.4831,98.9296,188.0730,196.1660,189.2260,181.4330,187.7040,167.1750,158.1670,181.2370,165.2510,124.9080,92.3542,76.2996,54.5519,31.6692,38.1851,65.6902,97.4575,93.3375,80.7301,72.3701,64.0876,66.8534,81.9860,68.8336,41.5463,67.4957,94.2935,128.7180,139.7040,142.1690,130.5810,133.1980,151.4880,179.9030,189.7030,159.6140,145.3660,111.1870,74.4694,77.6086,87.5573,94.1261,85.3057,75.7049,46.0532,21.2659,32.4199,55.0518,66.5222,70.9561,70.3680,41.7163,31.6980,60.1674,87.1204,94.0874,113.0920,118.1050,90.9965,74.8106,63.6343,54.6765,49.7276,64.1739,59.5575,36.4837,50.3892,70.1962,80.6098,96.9112,113.3820,125.6270,138.7520,133.2630,105.3150,74.5628,48.4074,17.4844,12.1030,25.6821,39.9503,46.4337,49.9042,54.7310,49.7694,20.5395,9.4847,8.0655,20.3235,39.1153,44.1041,30.7473,23.2732,20.2612,14.2771,5.1020,12.9033,13.3275,19.0709,20.5633,12.7683,24.9855,35.8352,33.4418,27.0417,59.1243,70.5254,46.8074,45.6625,50.6859,47.2374,34.2173,13.5939,21.5525,35.8643,39.5441,20.6760,24.3665,30.3796,35.3916,46.8221,52.5370,71.3916,73.5022,63.3346,49.1686,41.9980,18.6847,36.5921,46.6352,54.7409,58.7772,56.1410,51.2775,64.0017,76.9656,77.6136,63.8240,48.0426,48.0899,58.3624,57.1094
49803.9000,49325.4000,38726.8000,46067.9000,56006.3000,44641.9000,32170.9000,26150.0000,22619.5000,19502.2000,14537.4000,10657.7000,8671.7300,8519.6500,7125.6800,6142.6300,6543.8600,5563.9700,4272.7400,3832.2000,3505.9500,2860.0300,2681.6800,2373.3500,1848.4700,1652.0500,1342.2500,973.0760,862.1640,798.9940,745.2180,615.6470,522.4140,329.2560,229.2700,213.8330,131.6250,84.6675,107.2280,114.3660,74.0145,60.0617,62.7543,122.6440,145.0450,171.3990,166.2200,151.7530,55.0316,116.7760,234.9520,359.2380,453.4510,484.3430,588.6330,590.3040,421.3050,283.9830,164.6100,142.1960,176.7770,146.5620,86.6971,53.0928,61.6233,66.1300,103.5420,122.9620,103.4280,143.2080,118.1120,84.9095,46.6084,38.1184,81.3641,166.3590,280.4790,385.5940,474.3720,529.7330,538.0330,425.6400,305.5700,258.0490,317.7310,327.5130,185.9940,144.5680,143.2430,210.7450,295.5080,376.0900,415.9170,414.2720,457.1340,544.3900,703.4860,935.0200,1053.0900,1012.2400,1004.2600,935.4190,907.8850,661.3880,488.5950,597.1730,685.6760,653.4380,691.6780,693.0670,609.9360,494.0070,358.3190,281.2110,244.7510,205.3370,134.1420,94.4008,50.8055,30.5402,53.3662,54.7926,73.0650,60.7980,42.5552,82.5615,92.8504,130.7140,182.3400,296.2460,256.0450,292.5010,185.6300,161.8990,154.1160,217.0310,269.0120,274.4350,273.5350,250.5320,220.1490,231.3280,273.0200,257.2260,221.7640,178.1400,159.5710,185.8300,200.0620,220.3660,217.4820,238.0860,213.9630,209.5770,207.0460,159.3900,88.1776,118.2350,223.3130,228.6700,195.8120,172.2500,164.5500,159.8880,152.4450,151.8420,146.0470,116.2460,90.0733,78.1378,73.4630,50.8178,38.5399,43.9418,63.1695,71.6946,71.4862,73.0134,75.5191,72.6154,78.6500,84.0474,30.0250,59.3307,90.6806,133.5690,142.2230,144.4430,135.5580,139.9790,153.9590,185.2920,196.0670,173.0400,146.7790,120.3200,102.0150,94.8125,101.7880,117.1570,116.9380,89.4831,54.6679,36.3758,47.0071,67.3548,74.5542,70.6726,62.3071,16.8064,22.7815,55.0781,84.0170,85.7597,88.8262,102.8990,92.7268,71.7067,59.2937,40.3642,21.6070,34.2491,59.4126,47.3161,29.4685,65.1098,97.9813,103.1070,112.0710,119.3550,116.0040,92.2963,62.7791,38.8585,28.9775,31.6914,49.1943,60.0946,58.4890,63.4064,63.7070,61.5170,47.1983,24.5943,7.5060,15.1565,33.4817,51.3390,59.5824,59.0990,56.6916,43.1430,23.1451,25.5728,35.5823,35.7347,24.1784,22.4207,7.0850,12.1810,27.6511,7.5563,18.5213,47.3674,56.5532,51.4488,47.8758,45.4829,41.4041,25.7268,15.8841,16.7420,16.5625,17.5536,22.2201,26.4174,24.9425,32.8068,42.3069,55.9285,79.8737,88.1585,68.0182,60.7728,58.3700,43.4181,61.3238,72.9185,66.2657,62.0161,47.7374,56.6811,78.4233,67.3376,50.1957,40.8367,35.5405,34.0909,41.3080,45.9909
48891.9000,48659.0000,38171.1000,45274.5000,55064.1000,43865.0000,31605.0000,25832.7000,22367.6000,19229.1000,14421.2000,10531.5000,8457.3800,8362.5000,6944.5500,5934.3100,6385.1200,5378.4100,4121.0700,3682.7800,3420.8500,2836.3200,2642.6500,2375.4800,1825.6400,1654.3100,1377.4700,1005.5900,922.9130,864.4410,790.9560,672.5150,568.0250,360.5480,273.1030,293.2320,225.1330,185.8290,217.4570,208.2250,144.6490,68.2252,55.0240,140.4580,190.1410,224.6050,228.7880,202.1960,114.5320,145.9550,269.3780,410.9850,514.0630,537.2190,601.0910,591.7030,412.1830,252.2370,125.0570,121.5220,152.9010,134.1430,67.0096,31.8081,51.2210,68.8661,101.1380,126.5700,94.1096,132.6530,106.5810,72.0187,33.6078,40.7347,107.9990,184.9440,282.9100,376.0390,467.0470,506.5940,484.8280,365.0270,248.2770,193.5320,260.1300,286.4200,169.1080,143.2960,146.8920,203.6150,278.9370,367.5610,406.3890,402.9860,449.0360,554.1430,714.3200,961.8650,1096.5100,1042.7100,1026.7500,968.0300,937.8920,688.0130,526.1980,645.6120,711.9720,645.8160,684.5490,705.8350,624.4300,507.7100,355.1290,274.5730,237.2530,204.3820,143.8230,128.1370,86.2235,52.5326,52.5045,32.4946,45.8634,42.7367,35.6742,80.9456,104.6980,146.8470,197.1560,288.6370,267.8900,287.9450,205.9450,157.5270,143.6400,184.3320,253.5290,258.7900,250.2800,232.5110,220.1820,219.1780,245.0260,234.7510,213.7490,174.0300,139.8510,164.9570,198.2490,223.2820,222.7550,249.3270,250.6010,231.4460,203.6300,147.9810,72.1186,100.5390,187.7070,193.4690,181.3970,168.3070,156.0090,131.9600,132.3990,149.3480,141.1250,117.6680,88.6896,70.6304,36.5005,30.1901,47.9355,84.3995,112.0440,91.4826,76.8584,64.5880,69.4520,84.5405,96.4521,67.8866,27.1764,56.2524,104.1540,150.7420,170.4750,156.3150,139.6350,141.0460,154.7780,186.1230,199.3920,176.7420,133.5630,93.9484,82.9023,85.1764,77.0452,76.3145,68.2036,51.0496,17.1224,25.9548,46.6724,49.0523,63.5150,66.3950,62.0670,37.1683,18.8834,52.4252,87.9368,85.4274,98.8605,99.2704,85.5243,59.9183,43.8607,38.3409,38.0103,37.4105,40.0190,32.9587,28.6917,53.9717,89.0546,101.4150,104.8040,107.1000,106.1830,95.8204,73.8265,51.9644,39.0052,17.7035,24.8437,25.7064,37.1419,43.1481,43.5616,41.9872,42.6511,28.9894,14.8566,8.8628,18.4546,35.4851,49.6688,38.9610,32.7996,26.9958,19.3441,6.0254,11.9128,17.2896,8.2235,3.6649,8.1927,20.5662,38.2077,22.1784,31.2422,35.1294,55.2834,42.9968,31.1533,20.8811,15.3402,19.8658,18.7489,43.1761,40.5805,35.0568,21.0298,28.1906,25.9319,27.3208,39.0667,46.3430,61.9273,71.6746,74.8979,62.4465,57.2926,19.7631,38.7533,41.7702,48.4300,53.6175,56.7395,65.9524,73.0855,75.2253,73.3690,71.9200,61.9833,52.5675,53.0816,55.8146
49525.8000,48817.0000,38327.9000,45449.7000,55350.7000,44449.6000,32091.0000,26254.1000,22801.8000,19711.1000,14740.0000,10672.4000,8676.5100,8520.0400,7037.4600,6058.3200,6474.8200,5491.4000,4262.8100,3801.0500,3497.0100,2882.6500,2679.1100,2429.7700,1883.1500,1691.5700,1400.5000,1021.7400,948.9260,912.1010,835.2410,705.5990,589.2650,389.4060,310.1600,325.1810,240.4270,189.1260,217.2390,210.3600,156.7180,84.5564,40.9308,123.4330,183.2400,213.8730,217.9240,192.4760,103.7690,131.4370,259.2430,386.2740,478.7680,513.6550,598.2280,598.8140,408.0920,254.8840,126.5220,136.6060,170.7260,138.3630,61.8176,30.9575,26.0699,46.9831,97.1288,121.6890,111.4680,145.3440,108.0830,71.9238,31.2043,24.0381,71.8323,160.8580,256.2210,340.0950,411.4500,425.3030,383.1320,275.8110,179.0190,168.0700,241.0740,268.8740,182.7400,170.1210,170.7070,224.8900,324.4450,412.1410,439.7410,422.7470,477.8460,571.1740,717.0610,964.1210,1082.6500,1021.7200,1006.4300,959.6180,923.4020,675.6630,511.6110,614.9450,690.9970,653.8440,692.7630,697.0970,609.6430,491.4870,345.7580,267.2170,226.9600,180.7040,115.0700,96.5302,74.0528,71.0092,96.2815,65.9812,57.6308,25.5022,43.0272,95.2650,135.7350,188.1560,248.8360,338.6280,287.4440,279.7290,179.7020,153.9150,157.4790,208.7400,267.3070,284.0270,285.6010,273.3040,239.1600,230.5530,270.1760,269.3350,232.0520,170.1910,144.6350,176.6240,197.7780,221.1810,226.6520,255.6830,248.6270,250.2890,240.3340,168.8460,83.5174,109.6170,187.5730,191.6040,182.5640,172.2000,148.8280,118.8450,128.8940,141.2700,111.7550,101.9850,88.2031,89.0691,60.3460,51.9611,59.4629,79.2572,89.8266,96.2455,88.2240,70.3285,63.4403,72.9348,87.9331,84.9066,30.5915,75.2112,99.1457,152.8390,169.6530,157.1410,137.5930,132.0880,141.0800,170.2230,186.3510,170.2430,129.1120,84.9459,70.9089,79.3456,73.8062,70.4305,64.0019,60.8390,24.7495,15.8392,39.3405,54.8793,63.3471,58.7841,56.9512,33.5721,26.8030,48.5032,70.9585,77.4351,84.4432,102.7100,99.4008,73.8343,57.8019,44.5552,48.9217,53.0209,41.2483,44.8592,58.3005,54.9231,69.8417,100.2050,116.3130,125.1790,128.3070,127.0720,97.0597,64.9557,37.5756,20.4565,17.0028,38.9199,49.2599,49.4968,44.8637,33.4528,25.2072,16.0184,6.3018,5.0582,16.7037,33.8550,51.1688,52.6948,48.4888,36.0718,16.4377,28.3187,43.2085,50.6167,45.0588,44.6680,27.7836,13.0547,18.1221,11.2118,19.8825,31.6762,50.4555,46.8908,37.3841,34.1610,33.1873,34.4694,9.2033,10.6403,21.4611,8.8062,8.9778,21.6277,20.4711,13.0414,33.5651,46.5536,82.2629,88.6005,74.6345,69.9640,73.8625,44.3682,48.6642,38.9822,41.6888,45.2614,53.1207,51.8549,48.3579,59.6613,63.9902,60.2969,40.8608,23.7554,33.7248,33.7635
49948.7000,49339.5000,38738.4000,46083.6000,56011.9000,44728.0000,32276.1000,26201.0000,22605.2000,19511.4000,14527.2000,10595.6000,8620.4900,8477.8200,7067.7700,6079.0900,6473.0400,5500.6700,4239.5100,3826.2300,3497.0200,2829.5200,2677.6800,2361.7700,1852.1100,1655.3200,1374.9800,1029.9800,883.3890,809.2900,782.9350,664.5730,547.1260,348.3660,262.1200,256.9370,177.9160,123.5460,125.4630,114.7110,82.9296,66.1295,48.1171,105.7320,133.0830,153.7510,157.0730,145.1420,80.2470,108.8020,231.7080,377.9710,475.2370,511.0900,597.4060,603.8990,432.4840,271.0500,162.9350,167.6510,186.6540,140.6650,75.6922,44.6906,49.0488,66.3263,113.0580,124.2290,96.7693,141.4870,127.6560,90.8923,42.5390,30.1472,64.0769,148.9950,249.4400,336.0850,404.1920,435.9990,403.9160,292.1420,192.0350,183.4810,268.7980,300.6310,209.6330,195.3790,191.2140,237.2690,323.3820,418.2250,452.2250,435.3280,476.7330,569.4070,715.3110,956.9620,1076.6700,1013.3300,1001.0300,982.2460,940.5670,689.3740,528.1030,621.5320,694.9210,665.7680,694.3540,698.9150,613.9260,491.3100,335.6440,240.9850,193.7560,153.9890,98.3777,85.4020,74.1679,89.1154,114.7240,83.2141,67.0398,34.6667,10.9217,62.7033,104.8000,158.4250,219.1510,326.1120,287.4250,286.8850,187.2370,157.7120,159.1200,219.0210,282.8740,289.1550,269.6300,260.6240,231.3500,228.0990,253.4020,249.5000,211.4720,151.9070,145.0370,173.4760,186.3750,217.4230,218.9190,239.4420,215.1060,232.3960,246.1010,171.8710,79.4329,100.1960,188.2560,196.0800,174.1090,160.5810,140.4510,121.9200,123.7700,146.2650,138.8110,108.9650,81.1509,61.7837,34.0143,31.1627,40.5038,72.4073,79.3694,78.8410,87.1853,83.5699,70.9543,72.6751,104.0210,99.5566,52.4451,75.3018,82.5587,137.6180,153.5430,145.2920,140.6920,121.8340,130.1060,158.4470,194.3890,182.2760,131.1550,100.1550,93.3418,89.8287,84.6633,84.2614,77.7062,68.4466,41.4181,36.0957,54.7940,62.0822,79.3326,90.8507,84.4865,63.8154,49.0066,77.0176,94.3392,85.9493,96.1953,100.1930,86.9878,69.3356,58.9470,51.4938,49.1486,57.5131,64.3667,63.4252,64.4619,78.1163,91.6295,101.8010,115.7910,124.7940,124.5560,123.3360,107.8780,76.3672,45.2303,13.4705,12.2131,31.4238,52.2505,52.3788,50.4130,46.0409,34.4585,12.4767,5.8609,15.6743,30.5729,46.7469,59.0067,66.5305,60.2842,43.1879,19.0410,23.0845,37.1897,44.9476,39.8220,25.3540,13.0800,14.4199,20.0734,20.7146,38.0584,65.4034,62.9445,53.9438,51.7851,48.0030,38.7870,21.7503,8.1982,10.1550,20.2066,24.4613,9.1605,14.2444,35.7044,37.6922,55.4332,48.9563,67.6010,80.8654,67.2135,69.2270,54.5549,44.5748,59.2777,72.0192,58.6552,55.7801,57.6873,65.7914,55.4009,53.0191,60.7209,57.7205,47.5415,42.7636,50.6597,51.4454
49165.2000,48932.5000,38352.8000,45499.3000,55310.0000,44028.3000,31723.5000,25869.1000,22390.1000,19274.9000,14403.9000,10478.4000,8424.7800,8369.3500,6973.0200,5950.4000,6396.4100,5410.8800,4157.6800,3718.7400,3445.3100,2845.3000,2656.3100,2376.2800,1837.4200,1668.1600,1385.2000,1011.6900,923.7490,883.5630,822.4000,707.1650,600.2760,395.4280,304.0860,321.7940,245.2960,190.3500,227.1750,221.7740,154.6490,77.1634,56.2803,129.0960,191.6070,230.7690,235.5550,211.1220,147.4290,184.9440,306.3900,447.1640,550.5180,568.4530,610.3190,578.6380,381.8360,214.8750,125.3030,150.9830,164.4370,113.5830,48.1335,38.2233,45.9149,70.1761,98.7455,120.7860,98.4702,145.9550,123.6920,87.9605,47.4737,16.0398,57.4571,148.2160,232.8060,305.1850,359.9090,386.3780,363.7540,263.1180,174.1580,155.5430,242.4900,297.2590,224.7340,216.8110,205.3720,254.8900,347.1990,427.5440,456.3360,436.3740,475.5950,567.8940,723.7850,944.3970,1040.4800,1000.6500,994.9040,950.6350,908.7730,666.0060,510.0290,601.8830,663.7940,627.6530,654.7110,658.7990,585.7330,471.9260,331.0420,239.9430,200.2850,159.5280,101.4320,79.1484,70.0652,66.2301,97.5630,70.2427,61.1093,31.1442,7.8719,53.6330,97.6469,154.6660,218.7150,324.5480,290.0000,294.6020,180.1650,142.6750,130.6770,182.3960,249.3030,267.1560,262.5240,251.7530,219.8990,220.3560,260.7370,248.0890,209.2700,154.9970,131.6850,174.5100,204.4680,225.5360,221.5970,244.5240,233.3080,235.8490,236.8700,182.4170,106.4240,124.3590,203.9710,216.8160,187.2560,169.7380,139.0680,118.1810,110.2280,133.3850,133.0880,98.7488,67.4618,48.4111,28.5156,12.2569,20.5226,45.6271,74.9052,73.4663,62.6040,42.7912,32.9196,54.4155,78.9709,72.9529,23.1335,54.1956,94.7690,134.2580,151.8890,147.8290,130.7730,123.4770,136.3510,168.5220,185.3190,170.2520,137.0280,90.7230,65.6572,80.1052,85.2793,83.3543,70.1496,69.1304,46.4832,26.4631,39.0851,61.2720,85.3592,78.6567,75.1848,36.4092,42.8728,88.5865,94.7085,84.3238,87.6373,102.7720,92.9888,65.0540,50.5023,53.5920,54.1311,53.7528,55.1530,63.0108,66.5116,59.2278,65.3845,84.8879,100.5620,108.2910,101.3100,101.0470,89.2152,72.4748,63.8028,51.3274,48.4342,65.3242,76.6543,62.4619,50.5175,38.2475,39.1157,30.4705,12.3470,11.3270,20.3447,28.3570,30.5858,26.9109,40.7568,41.5607,31.2377,23.7450,25.6148,29.2605,24.8653,11.7169,23.1577,25.6354,30.6435,17.5085,18.0215,40.3613,60.9439,54.4280,39.6308,32.3545,31.0638,28.5773,8.2317,23.2596,38.9603,34.9297,25.4198,35.9480,40.8093,37.8470,39.6995,31.5796,52.2278,65.8877,58.9111,57.3876,49.4438,39.1821,35.6989,40.9473,43.4747,51.5308,63.3151,69.2260,68.8490,69.7124,64.1479,55.0699,49.6276,53.0821,59.0078,65.3564
49468.0000,48792.2000,38234.4000,45288.3000,55186.3000,44311.1000,31992.1000,26187.1000,22749.4000,19649.7000,14695.1000,10652.5000,8653.8800,8511.4800,7045.6100,6079.7100,6490.1600,5480.1000,4248.1500,3792.2000,3516.2600,2893.5300,2672.1000,2399.3900,1847.8100,1640.6300,1354.6300,994.3850,900.6720,836.5730,762.2420,660.3060,544.7250,355.3040,290.9750,307.7150,237.0910,196.5430,224.3960,207.4030,138.0780,76.2640,68.4934,133.1310,189.2880,222.7210,221.4120,200.7580,141.3760,188.0970,313.8490,432.6440,521.7160,553.4280,604.7650,601.6600,428.3780,272.3500,168.9420,168.3020,195.5550,167.6180,92.8761,56.2673,43.3038,52.0457,91.1011,115.4540,98.8460,135.8450,113.5280,77.0942,45.1925,40.9944,73.6152,149.2680,242.4840,320.3750,388.1900,395.5970,355.0040,255.4630,171.9780,172.3910,267.6350,297.3710,221.0830,209.4160,214.4290,256.7050,326.0640,415.6580,440.7870,421.2750,458.3510,557.7370,698.5190,901.0510,1014.0200,963.1690,947.8380,908.4260,869.2670,632.0680,502.9530,602.2590,669.1090,641.6250,684.6660,690.3110,603.0070,484.4980,341.0600,250.2520,207.2120,177.8400,120.8230,90.8330,67.3540,57.6640,88.3054,64.1619,69.9951,39.3400,27.8369,81.8680,116.2510,164.6250,216.7010,316.0360,282.9120,301.4820,213.5290,181.7440,176.9070,203.4740,260.1940,271.7610,266.9610,252.4060,236.3200,227.1430,251.6930,254.5960,232.3810,180.2660,157.6290,198.4790,218.8900,231.2650,229.1090,249.9730,233.4620,232.8330,238.4370,167.0010,79.1118,115.3660,199.5460,200.6060,169.9160,153.5240,128.9270,108.7450,116.0550,134.1550,127.7660,103.1000,77.0308,63.6467,49.1492,41.0016,50.6348,69.2272,82.6299,77.4992,60.1415,45.8056,42.5722,58.0895,67.0362,53.5874,29.3173,67.7536,105.2260,144.0150,149.5670,138.2100,134.3120,145.0460,145.3790,164.9250,176.2740,172.3750,139.8100,100.2560,87.4387,92.0622,93.3275,96.9089,91.8410,71.4910,43.6312,47.6725,57.8854,62.0445,78.1714,73.8680,61.1564,43.7664,51.2027,78.0668,94.3534,83.1142,82.3439,86.2885,91.5198,78.9615,69.7974,47.7807,41.7313,54.0075,58.2581,49.3935,40.2904,47.4090,69.4875,80.1032,92.2331,97.4937,105.1880,103.4030,76.1483,47.4588,22.0582,11.1869,22.9702,54.3238,71.4834,61.5475,52.2889,44.2739,44.1042,23.6440,10.7767,16.3404,38.2587,55.2326,67.6085,54.3206,54.2135,43.4617,31.5017,27.1806,35.6251,36.0349,26.9063,23.2148,6.4021,15.2149,26.8382,16.2294,14.3876,34.4554,33.1529,23.0843,39.3816,45.4414,35.7596,17.1120,18.4282,31.9059,42.8236,35.2630,16.5529,14.0373,23.5864,44.7228,69.4030,72.7370,90.4054,82.2696,63.0397,47.4922,36.0576,11.2372,44.8231,56.3494,64.2740,69.1471,68.8958,68.2661,66.5831,63.1202,55.3719,48.3636,47.9687,55.7618,62.5490,50.7115
50037.2000,49309.0000,38678.5000,45989.9000,55967.9000,44790.6000,32341.5000,26240.5000,22660.6000,19604.9000,14540.1000,10530.8000,8587.2500,8468.3300,7056.9800,6075.1100,6473.0900,5509.6900,4238.9000,3812.8100,3478.1600,2826.4100,2677.9400,2347.0000,1814.6200,1617.3500,1333.2100,980.3660,848.1650,788.0490,753.5620,628.5000,530.2100,333.9610,257.5790,259.4420,178.4840,129.8390,136.3660,122.1670,82.7418,72.8201,59.8787,122.1290,145.3560,170.0330,170.2480,151.0030,90.0954,136.0630,260.2570,390.1920,482.3570,514.6710,595.8320,598.5560,430.9370,271.3030,164.3040,168.4730,193.4390,143.1260,68.3202,42.1780,54.8500,77.8270,121.4410,139.6740,96.5583,127.8870,102.9220,72.5056,43.2770,22.8380,64.8491,145.9630,237.8830,309.6690,366.1300,358.6780,322.1690,229.2400,160.6660,173.4070,245.4190,271.7380,193.3030,187.8420,191.5390,235.9780,317.0370,415.2340,447.2480,431.4590,466.1540,560.8010,706.8670,929.5310,1048.3800,994.3520,975.3770,927.6380,893.5410,659.8850,510.3400,605.7890,683.7800,656.3680,689.4580,697.8960,614.2550,492.7730,348.0470,267.9150,234.9150,195.4890,132.1440,80.9402,41.0779,67.2180,76.9680,77.9128,71.5471,48.1887,15.6577,59.5107,93.9893,146.8730,211.8000,309.6980,267.9050,304.8510,198.2550,174.5940,163.5760,210.5430,266.4770,272.5910,269.0320,255.4630,233.3780,233.1100,275.1740,266.4010,214.0610,148.2270,135.8820,174.0870,186.6410,201.3360,208.5530,237.7930,223.6560,206.9870,208.0490,155.6850,68.8393,91.3367,198.9310,209.9540,179.4830,162.7450,133.7370,120.9740,119.7600,129.8970,125.4190,114.5470,99.8556,100.1780,81.1846,58.3072,57.6409,76.9199,89.8201,65.5855,50.9117,41.4853,46.0947,60.5317,72.9939,55.0123,25.9291,55.4350,93.6792,129.3810,143.2370,142.5770,137.9960,142.8680,150.1420,180.7080,199.7230,177.0680,140.3720,123.1400,111.5370,93.4772,87.2168,89.7386,87.6679,61.5857,33.4270,39.0487,53.2847,56.7017,63.2992,57.0569,48.2678,17.1393,28.2893,57.7518,69.8114,67.8700,74.7572,95.1868,96.0687,77.8473,66.7513,61.8379,58.2385,48.8502,50.0002,56.7329,47.5432,47.6858,65.7479,82.0910,95.6826,110.0850,119.9000,91.5488,67.1034,52.4337,51.2770,34.9799,37.5059,43.5209,50.1417,44.4979,42.1167,40.9651,46.7280,31.9005,18.0035,22.6253,34.8412,45.5344,53.5736,45.1634,44.8007,38.1209,35.8534,31.2474,31.4250,25.2657,28.6506,23.7400,15.2056,8.0697,21.5508,13.3820,20.2353,19.5636,34.0547,27.9627,29.2002,31.4739,30.8962,17.9163,6.7570,8.2766,14.0807,12.5349,13.3714,9.0394,7.6113,28.2367,46.5192,62.0380,85.8152,106.0240,93.0102,81.7844,53.9115,23.7331,19.7432,42.0037,47.0205,52.0271,45.5973,57.5786,69.7255,65.3601,55.4900,48.3102,38.4617,41.7893,53.6422,58.6963
49274.4000,49026.9000,38421.1000,45619.9000,55444.0000,44105.2000,31788.8000,25875.7000,22348.0000,19224.3000,14332.8000,10467.7000,8448.1900,8411.1000,7041.7700,6034.3500,6486.9700,5480.6800,4191.1300,3780.0000,3480.3700,2825.9400,2653.4900,2343.7300,1799.2400,1628.9500,1371.5700,1023.9100,920.0270,849.5980,801.8840,667.3830,585.7550,386.6420,295.4420,299.8440,233.4900,189.7550,197.5930,183.2090,153.8020,104.6770,36.9527,76.0924,126.8800,160.6500,179.2280,169.2140,90.1934,114.0930,256.0020,410.8300,513.2010,553.4130,627.4630,622.8450,441.7470,269.1380,157.9810,167.0750,190.5100,158.3270,87.7247,62.1330,44.2940,55.9996,80.6483,117.4820,122.4850,166.3910,133.1350,82.2571,34.9794,32.6142,71.5662,157.6270,261.4510,337.0980,396.3860,392.8950,365.2500,266.6140,199.1930,202.2120,246.3870,279.0380,185.3530,178.2500,174.0260,232.6540,329.0410,408.7300,442.6580,434.7780,470.0980,550.2690,702.2310,912.6280,1004.7900,955.5160,956.0280,920.3570,890.4410,652.3120,490.5470,588.0810,660.7210,624.1400,654.2910,674.1900,601.8070,492.3630,335.8290,260.0740,232.7880,183.5420,125.4520,85.6402,64.1149,35.0391,70.1323,67.3456,76.4824,46.5561,24.6484,65.4865,94.3348,139.5410,186.9250,270.4580,236.7400,267.3530,174.3990,169.9710,160.5510,218.6000,292.4110,296.0860,277.7630,275.4030,244.6230,234.3160,255.3600,248.7580,200.5700,149.0570,149.2520,178.4780,203.4610,221.0940,223.8050,233.8660,229.8480,228.7640,221.5930,164.3250,74.9378,84.3707,185.2410,204.4020,188.8700,175.2740,139.1680,115.4060,121.1120,143.4160,148.3800,125.6100,98.6280,82.8814,65.5064,38.3597,32.7967,46.4447,72.5872,67.2017,56.2001,52.3397,53.5306,64.3720,72.7274,66.3766,22.1515,58.4241,99.0909,134.0590,160.5180,162.8360,140.8650,132.9090,141.0920,170.9530,188.0760,173.3950,130.9820,90.8125,77.7256,82.6282,81.2905,79.7225,65.7422,40.9707,19.5736,24.1131,40.9746,52.0789,54.9454,48.1445,38.8227,32.8950,35.4091,57.3185,87.2163,78.0653,92.6753,100.8120,114.0780,89.4399,72.3222,58.3397,63.2715,54.2091,51.9780,64.5909,58.8422,62.5626,77.1398,88.4910,98.6116,107.7520,115.8030,98.0660,70.2491,45.6164,29.0191,20.8920,21.5640,47.0922,60.2754,49.1053,43.1982,36.0815,40.2319,34.4114,17.2261,15.1810,19.3350,28.3136,43.9815,37.3341,27.7013,26.6248,26.7869,28.6473,27.7017,25.4458,26.0938,29.1354,14.0503,17.8592,22.2483,12.3969,11.9982,33.9068,37.1349,24.4417,35.5827,43.9812,50.6217,30.4291,8.7422,10.5960,35.0121,29.5042,20.1996,14.4963,25.5481,52.2952,47.7250,51.2642,64.5683,83.5236,75.5918,66.7296,57.5469,32.2819,17.4657,15.3086,24.8076,32.8665,45.8501,44.9957,47.6988,61.9038,56.9582,42.8947,23.1471,29.7289,39.1148,31.4627
49189.0000,48645.7000,38092.8000,45109.7000,54981.8000,44065.6000,31795.6000,26027.9000,22597.7000,19495.5000,14563.2000,10551.4000,8541.0900,8424.5600,6989.6500,6012.8900,6414.7500,5407.8200,4172.5300,3736.9300,3442.5000,2823.7200,2631.4600,2360.4500,1827.1100,1647.4900,1371.9700,1013.6600,931.8690,879.1470,808.1510,695.3210,582.4370,383.0930,313.3600,345.6740,261.4490,180.9560,190.9540,180.1630,122.7190,69.1247,63.0408,136.4010,196.3200,224.6890,220.0950,190.2490,127.8860,174.3200,299.5950,425.8750,512.3890,540.0130,598.9920,604.9140,430.5160,269.0910,149.7720,140.4450,172.7980,154.2150,92.3557,53.9822,59.0549,63.9478,105.1500,134.5880,113.1880,151.5360,115.3330,65.6090,28.7730,61.1141,103.6780,180.3070,271.3190,339.6400,401.6690,410.3330,367.6990,269.4280,212.1460,192.0160,236.6980,251.9060,182.0620,193.1880,189.5180,224.0270,311.1350,397.6210,436.8610,431.3560,471.2910,547.4500,682.4400,906.3990,1031.3900,983.3820,969.5500,919.7950,882.0870,635.8450,491.1180,599.8410,686.6710,648.8760,681.0310,693.7010,606.4520,485.4430,347.4930,275.6260,240.4330,193.2630,125.5280,76.5746,40.3609,41.8962,67.7771,64.1524,70.1132,50.4522,18.2292,77.7108,111.4420,160.7000,212.2410,307.9160,259.8980,263.9490,153.5900,153.2260,146.6100,212.2920,275.9000,277.5520,255.2960,250.5630,227.6450,230.3900,271.4570,252.8430,197.3820,160.3090,159.1220,176.9700,192.5810,205.0480,209.3590,243.4890,241.5460,225.9460,212.7850,156.3720,68.3065,89.1922,188.3460,195.7430,175.9990,156.2260,128.0710,106.1560,109.4970,116.1790,107.0420,99.3271,79.4946,75.0127,47.6708,37.7773,48.5117,74.7616,84.1035,70.1245,64.7052,60.2968,60.6506,72.8434,82.6874,75.1978,21.6394,52.1995,84.1651,125.2740,139.3820,134.5130,118.5810,108.5990,118.4310,148.0660,168.4690,152.9760,114.8980,78.7946,59.4427,65.0760,68.9049,73.3948,68.7546,53.7982,26.6264,41.3919,59.7365,36.9415,54.1494,74.5029,73.9888,42.4512,22.0533,47.8235,74.1379,71.5806,71.3859,82.1148,78.2809,61.4830,53.4825,44.9538,41.4896,38.2906,46.2144,48.8538,43.8693,51.3557,67.9605,85.1857,97.5461,106.1620,113.4050,107.9860,90.5664,61.8624,40.0705,17.2718,21.1686,40.2832,61.8483,65.8300,62.7149,52.8514,38.4815,37.8653,32.2169,34.0594,34.4778,46.4500,47.9029,38.8062,35.3630,29.4724,24.6502,21.2501,29.9689,39.9939,48.9810,23.2019,27.6238,26.2375,34.6174,23.2903,19.7249,20.7751,32.7708,47.2733,55.8836,56.8950,52.6445,26.3446,10.8772,19.2586,25.2814,28.2596,21.5174,10.6485,16.5683,23.5520,54.3387,59.5152,85.0779,80.6756,75.3356,74.7995,71.3663,37.7539,46.1112,46.0995,50.1470,42.8511,30.4417,42.4426,61.3508,63.8095,54.9573,46.0606,34.0977,36.0791,44.8063,42.7614
49951.1000,49216.2000,38643.9000,45904.0000,55852.6000,44770.3000,32337.5000,26268.1000,22688.8000,19627.0000,14565.3000,10530.5000,8601.6100,8490.7300,7054.6500,6069.0900,6450.0000,5475.6100,4238.4300,3812.7200,3501.6800,2852.1500,2688.0700,2362.7800,1840.9300,1643.3600,1369.9400,1051.5500,935.5830,842.5890,805.4280,678.9650,582.3060,386.8510,301.4100,289.7950,203.6030,163.0680,170.1830,151.7280,124.7400,86.8671,22.3970,78.7408,105.2900,135.8050,153.5700,152.6270,81.0985,116.0690,244.8570,380.3210,500.8130,550.4240,648.5990,625.6810,446.9680,287.8810,183.4970,171.5060,181.4240,142.6840,68.0407,25.1181,45.2740,73.4376,116.7040,146.5010,116.6360,148.1930,119.0990,68.0720,31.6226,50.4078,94.9977,183.7420,274.9860,343.4470,394.8100,405.9010,379.8530,283.6240,214.6640,186.7750,229.1460,248.9190,176.3470,195.9120,182.3290,213.4280,303.1120,391.8930,440.6760,439.8980,472.4470,542.3630,684.5230,906.6380,1024.3500,982.4190,974.7240,947.0300,906.6940,650.3550,499.0240,619.1470,683.1450,620.7400,657.3450,667.5520,584.5090,470.0450,333.0790,254.7550,219.0920,184.9700,130.7790,111.6210,86.5951,47.5115,62.5526,37.0818,49.6717,30.2847,47.5103,106.0600,136.1290,181.4250,230.5720,334.5390,286.2600,291.4650,178.6370,153.5180,146.9040,189.1280,250.3850,280.2200,282.2810,265.4410,235.8010,241.3580,267.2710,238.0800,190.1850,128.8660,117.3560,166.8770,198.0840,217.1390,207.9400,230.5510,227.4400,231.7850,217.9480,156.4040,74.1536,95.7014,184.6850,189.9700,168.3840,157.2810,135.5530,116.2410,121.0650,131.9390,126.4150,118.0540,97.7017,85.1442,54.0302,45.3449,44.9471,58.2660,65.4248,58.2067,48.6080,34.9249,44.3530,63.8130,85.8189,75.0056,24.3386,55.7028,79.3566,126.7690,139.8480,115.0800,110.9290,129.0640,130.7110,147.6340,154.6480,149.4940,121.2410,82.8326,71.1715,94.6914,96.4441,91.8141,75.4468,74.0548,53.4031,23.5215,32.9288,49.5792,50.7988,56.8059,52.6317,41.7072,27.2453,48.0432,76.2790,71.6407,80.1508,87.7777,78.1082,55.5579,45.2213,38.0027,38.1969,39.6056,48.2253,52.9921,47.6903,56.9720,71.1930,82.2833,94.8243,109.1230,124.6270,109.7860,87.6887,63.9217,46.2737,23.0405,13.8873,28.4604,42.8642,34.4142,27.3216,11.2559,22.7794,26.7852,43.4141,48.7278,62.1988,69.1476,75.0773,56.3820,33.7051,26.9725,33.8024,35.4858,31.5287,22.8156,20.4661,27.0192,13.6316,30.1458,24.5550,25.6914,10.0523,20.1463,38.8868,36.1335,36.1727,33.1976,35.9294,23.7037,28.2959,31.5722,23.9782,17.3306,8.7100,19.3785,17.0684,33.6946,42.4289,54.8289,78.0779,93.7425,77.2255,76.8250,70.9675,40.2543,51.3283,37.9026,37.0742,37.4956,40.6858,35.7850,47.5467,69.5200,55.5390,42.0279,41.7741,52.7536,58.1957,45.1761
49521.7000,49200.0000,38623.0000,45899.0000,55705.6000,44292.3000,31916.1000,25984.8000,22454.9000,19310.9000,14403.4000,10544.9000,8519.2800,8477.1400,7130.6400,6098.0300,6512.5800,5545.3300,4268.2600,3815.0300,3514.9800,2889.9200,2702.6500,2385.5600,1832.9400,1641.1100,1375.4500,1020.8900,888.6520,806.5990,762.4410,637.8900,542.3530,342.5140,267.7000,272.3880,182.6310,120.4620,130.1490,128.2590,86.7306,58.8803,46.1203,104.9030,140.7160,163.1440,170.1710,158.5630,108.8930,149.2360,276.5340,411.3850,505.6440,546.5220,629.4600,626.7750,435.2600,270.9370,156.5990,149.7860,166.6500,136.8260,68.1253,26.8866,45.1534,67.7035,104.2920,138.4940,110.1140,155.5770,118.8710,69.6581,27.7037,39.8678,98.6517,186.6100,273.3940,338.9370,396.4300,403.1500,372.2920,277.8180,209.5160,181.2840,216.6090,242.9070,164.8410,191.5730,169.3570,222.3700,327.5720,409.1520,455.6890,457.7240,489.6180,546.8830,685.2350,904.9760,1011.6600,960.3040,959.6580,928.4920,892.1750,639.5560,470.8300,566.0220,651.3780,627.5650,650.9660,658.4930,581.9490,470.1290,322.8840,244.8600,214.1820,184.6840,143.5820,120.4250,99.7169,42.0134,49.2361,31.3736,44.1652,25.7845,36.2944,77.0478,111.1810,156.7150,212.8750,317.4540,280.2380,309.3970,210.0960,180.9460,167.6330,214.2160,274.6900,271.9650,268.0370,261.6410,263.2650,261.4940,271.8790,253.5710,208.5320,148.8790,145.8150,178.8650,185.5940,205.2240,212.8060,238.0610,219.5220,228.7980,228.3110,154.6720,76.1868,107.0290,195.2570,205.4330,173.8960,156.9850,132.4230,118.6230,127.9790,145.3530,122.6350,98.8566,81.3125,73.3495,52.9628,45.4819,50.7794,78.9421,87.1624,84.1500,71.7727,53.9260,50.0094,70.0565,83.4871,70.2598,21.3536,50.6412,88.2981,132.1500,144.7320,133.6280,111.9220,121.3860,147.4540,168.0300,175.0110,154.6330,112.8390,81.1049,80.3080,87.4209,90.4130,85.9879,76.9473,54.1676,32.9452,50.6803,65.3973,68.0049,81.3228,65.4140,46.8626,25.5581,44.0236,66.9062,69.7065,66.6831,65.2155,72.1336,54.5417,47.9148,43.9047,37.4032,18.7247,33.6246,59.1444,61.1876,43.6319,53.0514,69.3400,71.8336,80.8580,88.7270,101.5510,96.5199,87.2060,71.8327,52.7391,34.2014,10.7584,24.8912,34.0558,32.6671,31.3216,12.5448,11.5282,26.0920,21.0761,53.4414,54.4726,66.0711,56.5401,42.2457,41.6534,43.7857,36.2140,22.4274,20.9615,31.7577,34.7374,20.5923,26.4495,27.4853,33.7489,28.6695,18.5977,29.6987,44.0039,45.0078,40.8829,35.2806,38.2059,45.3716,19.9347,28.4873,29.2410,28.2812,13.0555,15.7161,24.4271,47.4058,46.0379,52.6457,70.0292,84.4427,80.3694,84.0932,74.6937,49.6831,50.6156,55.2811,49.4736,50.1909,46.5346,56.4996,78.4739,92.8972,91.9260,77.0187,66.6819,74.9884,90.2551,79.6092
48953.8000,48561.9000,38083.9000,45075.7000,54884.9000,43920.6000,31668.0000,25888.7000,22441.2000,19325.7000,14466.9000,10507.4000,8468.2300,8387.9000,6986.6000,5990.8900,6391.0700,5382.1300,4159.5900,3719.9900,3441.7500,2840.5200,2649.5300,2361.7000,1808.6600,1649.9600,1376.3200,1010.7300,935.3080,882.1880,818.1590,703.1680,599.7540,385.0790,288.9020,291.7670,210.2440,173.0170,200.9620,196.4060,141.6520,85.9377,76.2994,140.3960,200.3010,241.7820,249.8230,233.9720,157.3250,168.0280,299.3720,439.5020,510.4500,538.1610,587.6170,595.8590,402.7920,237.4500,134.2740,144.8030,170.2230,137.1820,68.1622,35.7087,51.3534,69.7707,113.5400,142.0230,114.2900,149.5950,106.2540,62.6921,24.8196,39.9467,87.1295,173.8840,268.1210,339.2860,394.9520,386.9740,347.0650,249.5810,178.3220,169.3830,203.7940,232.4010,161.4070,189.8820,180.9860,212.1010,304.3380,408.0520,452.9280,452.6020,482.5330,546.7360,674.6090,889.7870,1014.8700,961.1030,955.2940,917.3560,890.8200,651.0410,463.5330,551.0930,633.3410,606.6470,647.7450,666.3300,587.5060,478.0780,334.4340,259.9000,233.5170,208.5740,157.4260,130.8650,102.1400,48.9354,75.2570,47.6926,53.5866,9.8387,26.5510,69.7423,114.7560,172.3310,229.7810,317.2700,279.7280,303.7450,202.8740,183.5890,172.5900,212.9020,280.2600,283.3740,268.2300,258.8020,251.4590,249.3150,282.0870,271.1230,213.6130,152.1030,145.7640,190.3370,209.8650,218.1700,207.9570,232.7300,224.9760,226.1190,227.8610,174.3010,78.4945,91.0747,187.6030,186.5590,165.7780,153.5440,137.2160,106.3960,99.9814,124.6750,109.7410,83.0491,64.2083,59.5161,47.0156,47.4106,60.7745,82.8245,80.2745,73.4232,70.2638,54.9639,59.3727,77.3400,93.4816,67.8461,13.4036,42.1113,85.7494,130.0680,132.5390,113.9330,118.8820,134.7760,141.0700,159.5610,171.7240,169.0780,124.4580,76.4584,81.4318,102.4890,101.0940,96.9842,90.8621,79.7861,47.8324,49.0685,61.0389,65.6879,85.0925,84.4472,71.6066,45.9642,42.3128,66.3399,86.4865,80.9081,77.1036,87.1331,76.2603,53.1374,44.4331,35.8301,36.3595,40.3108,53.4878,54.4595,43.8775,48.0038,69.7893,99.0575,116.7310,127.4740,120.9930,117.7080,104.9220,78.6285,55.1557,28.1908,13.2125,33.9219,48.2561,42.7784,33.3147,18.8985,17.1488,7.6174,7.9023,27.1546,51.7992,61.6593,59.0099,48.0741,63.9503,47.2108,31.1511,25.6547,34.4491,35.2281,29.3294,17.9842,30.6930,29.4956,40.7808,26.7004,19.0884,19.8642,30.0452,33.5820,30.6808,26.9633,33.8376,38.9473,29.0325,39.5629,25.0492,21.3680,6.0024,4.1935,4.4927,16.2029,39.5757,56.9515,91.3323,92.8650,74.6622,67.8057,61.2922,28.4911,37.6403,30.3922,40.0941,49.4697,54.8446,51.3539,81.4779,104.2300,90.0420,78.2148,71.6397,69.7219,78.5300,86.5550
49646.7000,48937.4000,38478.3000,45708.0000,55633.7000,44594.8000,32168.7000,26216.4000,22699.8000,19609.3000,14537.7000,10491.0000,8542.8300,8424.7400,7019.1000,6057.5700,6438.1000,5460.0700,4208.8600,3764.6600,3460.1700,2842.7000,2675.0400,2361.2500,1850.6800,1664.5700,1377.9100,1036.7900,916.0240,838.9930,804.0910,680.4300,572.3410,364.4280,262.7490,256.4020,187.7160,154.4080,169.1830,148.2650,113.9510,70.8120,16.4875,90.6912,126.9230,162.0190,181.7360,180.8020,98.9598,122.6830,255.6860,397.3160,508.7480,556.4150,630.6110,618.5570,438.1070,274.8840,174.7010,161.3910,167.5790,132.1930,71.4109,33.2040,44.1849,63.4045,102.7700,133.7050,104.8540,133.1860,98.0464,55.5033,26.6339,51.3695,92.3446,179.3980,269.8000,337.0170,382.6080,392.2130,374.5400,276.2750,208.5680,203.8060,235.5910,266.8360,174.6430,176.3870,163.8380,204.9270,304.8840,398.6230,441.9590,437.5810,480.6770,550.4860,684.3970,888.7530,996.8780,965.1760,957.6940,928.5520,884.3450,640.0220,481.9580,572.7640,651.7320,621.8460,660.5720,684.7830,605.2960,489.9140,335.3260,247.3690,226.7340,198.3400,139.6940,115.2180,77.6706,34.2763,42.0083,35.6573,47.5762,32.3839,34.4419,66.3089,99.0086,150.6400,223.3400,328.9740,286.0540,326.3710,228.8370,194.2760,183.2270,208.4560,262.9230,277.9720,272.3170,249.4000,234.5810,240.8790,268.8240,249.2220,202.2840,150.2090,149.0100,192.9370,207.9300,209.8490,206.0440,223.5860,218.9340,202.2520,195.5450,148.5300,64.6698,75.1119,165.2960,171.5540,157.4350,143.6450,116.3840,92.6718,114.5670,157.9590,148.5630,115.2730,94.5705,90.5297,87.0823,62.1938,59.3438,69.9932,100.6130,95.8721,59.8364,38.0274,57.3057,73.9354,81.2318,61.8221,31.0793,61.2524,84.1687,114.6210,132.7030,123.1280,100.4890,125.0210,154.6280,171.2670,175.8830,176.8240,129.8540,78.8247,99.4392,110.7400,93.5289,87.0978,85.0499,73.3115,37.0444,40.7627,56.6204,62.6474,72.2183,64.1768,52.9538,29.9834,27.0581,48.1338,74.7646,69.1103,78.3278,77.7307,85.0090,76.3950,64.3178,49.2596,50.7353,64.1089,75.0847,83.3432,69.2713,64.8509,78.8721,90.9191,106.7860,117.3190,116.1220,92.1630,85.3871,72.2920,45.4137,17.7971,18.5328,32.4608,52.9866,52.1852,44.8043,28.1667,30.2994,22.1825,21.2673,28.2249,36.9577,47.8577,45.3398,40.2305,48.6511,43.6014,36.0486,19.6107,21.7693,25.4578,16.5548,11.9440,18.0075,18.8826,23.1667,10.1689,9.3731,18.0223,22.4307,25.7814,27.2910,24.1331,20.1771,21.9872,17.0536,24.8207,12.8688,11.8385,7.5923,17.0330,22.0158,39.4072,52.0273,60.2178,77.6040,81.3216,58.1634,55.9152,54.6087,43.1159,62.6844,56.2101,53.5419,50.2067,51.7236,56.6629,74.0289,86.4705,79.7832,70.1474,65.8106,67.0905,70.3513,66.6513
49441.9000,49198.9000,38741.5000,46050.6000,55898.4000,44442.5000,31968.4000,26007.1000,22485.4000,19322.7000,14393.4000,10549.1000,8518.7600,8436.5900,7115.7500,6100.7700,6488.6500,5517.6500,4243.8600,3801.1600,3482.4700,2830.2500,2645.3500,2332.9100,1806.9300,1611.8100,1326.0600,983.6770,876.1040,802.6350,754.1350,629.3180,526.7340,333.2610,255.2540,250.0830,163.7470,116.4010,128.1010,118.3820,82.6988,66.7945,53.9074,125.1700,152.2230,167.1220,166.6230,148.2330,78.0994,115.8620,240.0680,363.4040,457.3180,505.0160,611.3820,628.7010,463.7590,307.7730,182.7570,158.6840,186.4320,161.4670,83.3592,43.1554,16.5228,50.8414,112.4530,158.8680,120.1320,142.6900,102.9710,67.0794,29.5998,37.7338,90.4990,169.8030,263.5300,336.8440,394.9110,397.6440,383.8640,290.3410,206.1310,200.9100,252.4310,308.8490,203.4320,191.1240,175.9130,224.0580,302.4700,384.4410,427.2660,421.1580,457.7070,530.1450,659.4870,874.9710,997.1500,969.0350,965.8660,942.8500,895.1870,642.8280,478.8470,569.2710,643.2310,618.7000,665.7300,679.1900,592.7710,476.2700,340.8900,262.0560,218.2340,177.6400,135.0150,103.0090,89.0267,41.4546,73.6523,58.0761,67.2934,29.1828,38.9112,70.1582,110.9870,159.4260,231.3980,330.2640,299.9160,298.1460,205.4000,147.1680,143.9490,183.3320,242.8490,252.2590,266.8830,265.1660,255.3560,245.2550,273.7850,265.4050,215.4840,158.5180,141.2620,168.7690,191.9220,197.8940,203.5710,214.6090,203.7260,194.2560,186.8670,133.7780,64.4061,88.0170,172.6920,196.2920,183.2730,167.6200,144.0570,121.6140,117.0560,140.6620,136.1260,104.7970,80.0950,68.9853,63.6009,53.9878,51.4201,66.8939,74.1212,64.1938,49.4324,34.5448,43.8098,60.7946,78.3687,71.7316,32.5814,77.0597,100.0860,143.8700,148.4680,119.2690,111.0740,136.7800,156.2240,171.5520,175.5960,166.2730,125.1060,85.5189,94.0641,110.3900,105.9020,107.0580,101.0200,73.0516,32.6910,31.7160,44.7994,39.2442,43.9977,45.0999,46.6437,32.9340,34.5676,64.3681,85.5544,84.3896,89.3749,89.6358,79.4386,70.9898,55.3740,38.5230,30.7755,48.8148,64.7929,66.0146,59.5772,57.4336,72.9913,93.6244,105.3020,116.2520,123.8700,99.0507,64.7529,46.8354,37.5738,37.9999,23.8992,50.4336,51.8243,37.7891,32.0533,37.4847,45.4856,27.7337,12.2105,10.6185,21.1993,40.6183,39.8781,34.0109,41.8527,37.8640,29.3813,26.0872,31.8837,24.9653,26.0862,25.0286,24.4507,16.0773,35.0981,16.7481,10.4494,22.8310,41.4051,41.8802,40.4108,42.1465,56.7879,66.3124,35.2220,20.5535,10.3494,12.1274,12.1277,23.8777,34.0741,53.9949,60.6560,58.5207,67.8857,83.4378,68.3420,72.0791,50.9577,28.5886,28.3156,33.9147,33.7169,34.1839,30.0970,43.2449,66.5159,74.9384,70.6823,65.3751,54.5144,38.2959,36.2093,46.5919
48694.3000,48549.9000,38190.6000,45204.1000,54979.5000,43856.0000,31534.4000,25811.8000,22435.5000,19285.8000,14436.4000,10494.8000,8415.1600,8334.4400,6976.8200,5989.8700,6396.5400,5387.6900,4145.2300,3700.9900,3437.3600,2830.1100,2622.1100,2341.6200,1804.3100,1634.6700,1360.6300,1007.5200,937.4970,869.6450,788.6720,682.6370,580.2240,387.5770,294.3410,313.9970,257.7260,194.5140,198.7320,191.4740,134.7030,80.0280,68.2769,132.6340,190.3270,229.9720,235.4320,206.0360,128.0370,172.6430,303.2080,422.1580,512.9920,547.1790,622.2790,621.5530,443.2400,290.0250,175.0600,162.9870,191.7690,164.0250,81.0905,39.3161,31.2358,60.3131,114.8140,154.5090,116.2170,134.8310,97.3914,58.6301,25.1778,32.4737,71.5091,153.7150,247.6230,317.9620,372.6870,382.2020,375.7370,286.3740,207.6340,190.9010,261.0980,296.2030,220.2900,215.8980,211.7950,230.0790,299.6320,393.1640,423.4130,401.6460,447.5380,545.3730,667.4250,868.5680,1002.6200,974.7050,956.0150,927.0160,876.0010,624.4120,469.8330,571.0960,646.2980,597.2380,643.4030,682.9560,602.6360,486.3210,353.8150,272.7410,240.9140,210.9400,148.4390,101.3940,64.3996,42.8695,82.5170,80.7275,79.1176,17.8258,20.4806,60.6399,104.4080,156.2070,217.9370,321.0880,290.7870,310.5510,214.0070,186.0290,183.1390,233.3240,298.1160,305.3110,299.0990,293.2770,261.9980,253.8190,279.8790,263.9830,212.7990,151.7020,135.6170,169.2710,190.8780,197.0060,196.7680,213.9950,209.6630,210.3080,201.8200,146.6140,63.2171,76.5190,178.3340,188.0120,162.3090,141.7720,119.6510,104.2320,113.2960,127.7340,122.5510,100.3590,76.7493,60.2293,45.8016,44.6349,46.0619,63.2275,75.9365,82.4997,64.6667,44.4365,36.5124,56.3357,72.9193,52.5120,28.7508,60.8939,83.0640,114.8410,119.8520,114.5650,109.7450,127.5260,163.5720,179.1630,184.8930,170.1770,138.9220,94.9199,84.3816,89.1286,82.5895,76.8153,74.3220,61.9755,19.6580,12.6732,30.8383,34.7921,49.1600,52.1213,42.8301,22.2080,26.3728,54.2147,80.2090,73.1508,83.0775,82.6706,81.0103,79.2035,74.8133,67.9033,53.4705,36.6074,42.5480,63.2786,70.8456,68.1412,77.5177,88.6293,98.1086,98.1737,86.4879,94.7965,97.9880,67.9825,44.3417,16.7689,16.8001,37.6294,51.8692,49.8863,48.2586,43.9113,26.1231,13.1109,13.9291,11.4884,22.6868,34.2176,47.1470,56.7520,44.3642,29.4815,25.2499,25.8171,27.9012,32.8569,30.0973,10.3351,29.7639,48.0006,60.9063,44.5256,21.9175,28.8334,46.6120,46.0811,44.1442,43.9858,41.0255,24.8795,14.8645,22.5885,30.4996,37.4201,36.5966,26.6206,22.4310,25.0400,45.7079,50.9264,71.2500,80.0115,66.9734,52.5314,45.5339,20.0074,50.0273,51.0427,51.1473,42.8724,44.9413,49.9304,63.9598,83.2811,80.6829,68.6191,52.4569,53.5951,66.4090,66.9045
49526.6000,48896.3000,38494.1000,45626.8000,55529.9000,44562.9000,32126.3000,26273.0000,22819.6000,19693.5000,14636.9000,10601.8000,8633.3400,8498.3400,7089.8900,6122.3300,6494.1100,5507.6500,4274.4500,3812.4400,3518.5100,2890.1300,2683.5100,2383.2600,1842.4700,1657.2000,1392.9400,1048.2000,935.9040,850.7340,796.9650,665.3970,577.2940,375.5690,289.0840,294.3050,220.5460,166.4730,179.0280,185.8710,148.7420,86.1738,28.0596,117.9240,161.2430,197.8430,213.8370,204.0860,115.5200,151.2660,298.5900,418.7430,508.8390,553.1950,627.8810,618.1440,426.0040,262.6990,146.6380,140.5560,166.3500,141.4170,67.4319,31.9829,46.7777,69.4831,114.8070,152.0480,120.8910,167.6460,128.3210,78.7201,31.6698,34.0881,71.3053,152.9000,249.7980,332.1460,406.8270,434.6950,411.1570,320.0690,234.6270,226.5010,299.0910,344.0710,242.8950,218.1980,184.2200,208.7930,285.6830,363.6630,398.4890,413.4360,466.2710,546.7970,644.4340,854.6630,999.1180,962.7690,935.4880,908.0820,852.1190,615.8010,480.8540,569.8710,657.2220,623.9550,655.2140,687.8990,603.5000,480.5860,352.4800,275.5770,236.6390,184.5140,127.2150,94.9751,77.4723,42.9983,65.0624,47.8242,50.6597,15.1727,55.4096,86.7071,119.6670,160.4670,229.9450,346.5230,300.0270,315.5970,197.6740,166.8400,152.0600,211.6440,280.5890,284.2250,281.7770,271.2460,247.9340,240.4170,272.7440,253.2000,193.5490,144.1190,143.5100,166.4430,179.0580,199.0840,203.3260,229.1110,222.8940,219.4050,204.7420,144.5950,66.6500,82.1793,169.8650,191.8330,179.0670,162.8640,138.2780,114.5220,115.8300,140.9980,135.1540,102.1360,77.2314,67.5744,64.8717,55.6636,47.1013,57.0406,61.5880,58.6837,43.3750,30.9247,41.3133,56.1636,65.1058,55.6087,23.4389,68.6606,90.9724,129.8570,141.4890,142.3390,134.8130,140.6110,168.3330,191.9750,206.8210,175.0450,125.3260,101.1960,95.5954,96.5080,94.6910,94.7022,86.8549,64.6978,37.4178,20.6375,31.8366,59.6860,67.9753,54.6588,39.5954,25.9210,35.7088,60.3485,86.5758,73.3697,81.6907,83.2687,95.4613,87.9070,78.5834,48.5463,31.1508,40.8693,39.6008,42.1319,54.6647,56.3428,63.8730,78.2606,92.2138,101.6210,103.7530,100.0660,88.4936,73.0842,62.4292,43.5302,29.5109,31.9866,49.5193,48.4733,38.7209,24.9342,15.0912,19.6140,20.6155,34.2405,41.1910,43.4652,43.7486,35.9856,34.9196,27.6806,26.3893,31.3070,29.1594,28.2280,28.3111,28.2139,6.1253,18.1071,39.0098,32.4468,24.0304,18.8377,39.7679,23.7756,21.4911,32.7425,36.4888,34.6849,16.0163,18.5682,20.1729,21.4015,17.6720,20.0693,27.5236,45.7193,66.4390,68.9036,80.4093,76.9708,58.9218,47.5818,43.0010,21.8334,38.5402,39.7944,41.5889,41.6655,41.2097,50.3596,57.4754,56.5127,59.8868,59.1423,59.0064,56.5337,55.4222,47.1125
49707.4000,49325.1000,38812.0000,46092.0000,55951.4000,44594.0000,32121.0000,26111.5000,22580.2000,19455.3000,14462.5000,10555.7000,8565.7900,8493.1700,7155.6100,6132.3200,6494.8100,5529.8300,4267.2800,3825.6200,3489.2400,2837.1200,2662.5700,2329.6600,1795.1300,1614.2000,1324.9500,977.7150,855.3670,761.3580,716.9500,597.1190,500.2740,278.4520,196.6950,219.3440,139.3550,91.7812,117.1880,118.8180,73.4218,48.1042,70.5390,130.2270,156.1620,181.9600,179.3010,153.8600,110.7200,162.4590,272.9980,408.0460,502.3820,521.8440,601.1940,595.5160,422.5640,264.7100,153.6030,162.8050,191.4940,150.1670,89.4619,63.3212,42.9562,48.5418,108.7060,122.7570,109.8050,144.2060,125.1390,79.7701,38.3513,25.1092,51.0207,144.0140,246.1270,327.9530,389.7410,423.7850,427.0490,335.0110,247.8090,218.7750,301.7510,350.9540,255.0600,223.6700,186.6210,226.9080,301.4610,375.5060,406.6670,402.9040,440.2610,519.3460,635.9250,845.9130,963.4060,932.0860,919.1780,893.5140,837.0770,602.2760,479.5100,573.5540,638.2400,599.0030,645.1520,679.5560,595.5020,485.4990,342.4450,273.3730,243.6540,207.9190,157.1630,131.7990,93.2240,36.3111,49.3995,41.6280,54.4231,24.3571,18.5558,56.5445,103.2600,154.4590,228.3960,345.4530,320.3700,320.3160,206.4100,142.5690,125.7950,165.7720,246.2180,269.8270,264.8950,262.1940,228.6350,227.1040,255.4810,245.3580,179.1180,115.3400,127.8280,158.4380,172.4810,195.7650,198.5280,216.2910,204.5980,204.8160,199.5110,145.8360,64.3650,80.6889,179.6850,191.7340,167.8020,150.4700,130.2010,126.4840,122.8800,120.0650,116.5420,95.6233,78.9548,69.7672,68.8898,55.6328,57.3908,67.4741,89.2785,82.9495,65.2246,57.5138,59.0629,67.0832,69.3384,51.7496,14.0514,62.0408,100.3850,139.3060,137.4020,147.0170,165.9280,161.7070,182.5360,204.8930,223.2720,185.8240,132.1280,101.1530,85.9530,97.9639,109.6480,101.3560,86.0149,61.3416,35.0569,36.2692,47.5147,55.5449,66.9193,59.7329,45.2790,28.1667,31.9251,51.6767,76.4297,78.1609,79.2082,88.9883,88.9149,76.8190,65.5811,50.1296,50.6774,54.5857,50.9797,46.6977,41.3305,44.9712,66.3943,87.9701,102.6720,110.1120,114.3040,118.7490,97.4966,69.1092,53.9366,39.5588,28.5799,15.9865,41.0609,49.1720,48.0823,39.1269,52.4786,48.8260,38.8194,34.1207,29.1949,24.1928,23.4647,26.3894,38.3322,25.4276,17.3542,30.7380,35.3593,32.5150,22.3835,11.4225,20.7115,29.4856,41.1149,27.8259,22.0868,34.8950,37.0660,37.1146,38.2830,40.5245,39.0598,32.5456,10.0691,16.3613,21.7216,23.1908,19.0348,21.4185,24.7814,35.7658,57.9733,63.6855,82.8231,80.9947,59.6981,43.5443,35.3987,17.7421,66.0682,70.4498,78.3669,57.3979,44.1688,61.5607,85.3380,84.4627,67.5004,58.4254,62.2441,69.7787,75.5711,54.6176
48897.8000,48650.1000,38150.8000,45237.6000,55036.0000,43846.5000,31575.4000,25804.6000,22367.0000,19238.2000,14348.1000,10419.3000,8370.0800,8341.7900,6974.0400,5935.4900,6355.1500,5372.4100,4127.9400,3685.4700,3410.1600,2807.0200,2606.2600,2331.9100,1792.6100,1625.3100,1367.4900,1025.1900,939.4040,860.6170,791.3390,674.2030,567.0500,370.3540,291.0250,301.6580,232.9990,186.1210,196.5000,188.6910,132.8120,68.7983,61.1225,135.7790,179.9220,215.5680,221.9160,211.8190,146.9240,182.1750,309.7160,447.4700,530.7770,548.7660,607.5060,599.5660,417.5380,252.7760,156.4200,175.0160,194.5590,142.2470,75.3363,56.8962,30.0687,52.1862,109.0820,139.6770,113.3260,139.4850,103.1090,56.9107,16.1809,49.8605,64.9008,141.8130,238.5170,314.5210,374.0430,401.9040,386.6570,287.9300,199.5830,185.8840,261.5110,282.7510,206.1930,192.0100,184.4850,203.7850,260.3940,354.3380,400.7400,401.3990,445.6180,510.9900,627.6920,841.3920,956.6070,917.3990,905.8250,866.7300,822.7220,592.1660,463.4860,551.5700,609.3110,586.6710,639.2770,658.6330,580.1860,477.6240,343.1940,259.6050,224.6600,193.4460,147.3940,127.6650,98.3928,37.4564,51.7831,42.1873,48.7879,31.2055,17.5231,70.2875,110.2050,160.4240,216.9370,329.6540,297.6410,316.2390,207.3850,169.5630,164.9750,216.5090,272.5420,283.2220,287.5210,277.3620,242.9650,231.2880,252.4990,234.9420,180.3540,125.9530,125.0090,148.2910,160.0400,189.0270,193.5920,207.9030,193.3130,202.0060,207.9760,153.6220,65.5449,85.6303,187.1900,186.5730,155.5120,138.5910,115.3490,87.6719,85.1745,111.7250,105.3340,78.9108,60.2929,49.2176,46.6607,59.6940,63.5125,89.3033,85.9626,68.9679,52.9467,34.1130,42.9612,56.0488,63.7782,37.9239,8.0442,49.5801,87.7553,134.6490,135.3360,121.9640,120.4880,128.3650,153.1040,174.3260,185.1100,146.3940,105.2470,78.6103,65.6077,80.3869,98.4674,96.5640,87.1961,64.5063,43.7040,55.6169,70.1253,82.6287,97.4631,80.2813,57.9269,33.5766,52.2433,80.4688,95.8241,90.6698,87.2591,99.8019,83.7991,59.9573,50.7922,40.3945,39.2057,44.8215,52.2294,52.2211,58.7248,74.0644,83.3339,90.4652,108.7330,122.3110,127.5950,123.2380,105.8390,75.3636,51.0687,29.2949,11.7837,29.3604,46.5038,49.2870,43.9550,40.3301,40.4686,31.1816,23.2145,24.0692,34.6089,42.4829,53.0094,45.1406,50.7636,46.2149,36.1000,26.5398,36.2280,49.4956,28.8632,10.7942,6.4308,8.4353,18.3436,8.0403,17.2998,45.7758,56.2876,39.7984,37.2460,43.4147,49.1373,37.1064,13.7888,11.2274,18.2602,12.8539,7.0034,4.1046,10.3957,25.8072,51.9479,59.3162,78.8192,75.4594,67.5294,58.1234,54.7117,25.7978,41.0081,41.8291,40.6438,35.0042,33.5824,48.5993,62.1032,68.7896,66.1357,52.4445,52.5243,61.3823,65.7673,48.1132
49505.5000,48755.5000,38257.4000,45391.6000,55317.3000,44405.5000,32043.8000,26204.4000,22747.1000,19651.9000,14641.0000,10567.1000,8583.3400,8471.0700,7027.6300,6038.2100,6421.5100,5438.3600,4223.9100,3759.3300,3467.9900,2859.5900,2645.8300,2357.9200,1818.5000,1652.9300,1385.4700,1030.2100,933.2550,862.9020,797.6830,680.0440,570.7580,370.5750,290.9220,306.9090,227.6140,172.2140,211.2180,219.1890,153.7300,70.7077,52.5102,115.0280,173.6870,220.6140,231.5740,203.5980,131.6630,175.3190,297.1850,421.3070,515.1450,542.3470,613.8850,601.9010,423.3980,268.1670,169.4360,171.0490,191.6210,146.2930,77.5161,53.4142,32.7277,51.4203,121.5130,147.8770,135.9310,167.9300,140.0870,87.1169,42.3293,52.8318,87.8312,169.2770,270.0010,350.9660,412.7620,424.9500,398.8130,311.6890,237.0720,218.8020,268.6860,298.0160,210.8690,196.2250,180.0190,229.5480,311.2270,376.7480,410.8990,410.5450,462.7820,542.2130,660.5300,863.7980,981.7720,952.1410,929.5380,887.4740,839.2710,622.4440,486.6950,567.9180,632.4320,587.2900,624.5230,660.0400,582.6180,474.9520,339.1390,258.5780,220.3410,198.1890,153.4700,147.0800,112.9560,62.7288,44.2041,14.6470,31.4176,10.3947,31.5640,60.8689,96.1538,141.9310,202.7720,304.3320,284.3020,314.5580,227.7980,185.3230,181.3570,218.3360,262.3330,267.2670,271.9760,270.4200,225.5650,207.3450,248.0410,242.2060,177.0780,114.7160,104.8700,140.7480,164.7390,174.0880,176.3070,207.6390,219.2720,224.0130,217.3820,163.4800,75.6759,73.5402,162.5080,175.5460,158.0310,145.8950,120.0070,93.6957,90.7363,111.7760,108.0060,88.0659,72.7969,71.3647,68.4725,49.6977,51.2979,59.0046,70.2287,65.5595,46.9182,30.6317,40.0408,55.6364,66.9882,61.8669,26.8112,62.6115,81.1606,129.1690,123.9670,108.3480,117.0370,132.8260,162.3060,180.3260,190.5930,156.7300,109.7870,85.6474,80.1799,84.4627,91.4341,90.2821,83.4851,66.3585,47.4971,41.1084,41.1237,59.7690,82.2149,74.8313,66.7753,40.2056,35.0252,72.8387,109.8980,104.3180,111.2180,113.2930,117.4780,108.0110,92.5252,80.4377,65.9879,61.8665,71.3644,68.5677,51.8383,54.6741,75.0121,98.0612,109.8970,116.5870,109.6170,96.3532,79.6201,60.4832,41.2076,20.3127,3.9993,17.7133,40.0342,44.0827,48.6039,31.6076,20.7316,23.3444,30.5002,47.4665,53.5983,58.9707,66.1944,66.6762,54.8396,38.5412,30.1726,31.6524,33.4625,27.5269,24.4768,30.5850,11.2653,14.8482,31.1382,20.1439,19.5016,24.5514,49.8234,40.9762,35.1047,25.8009,33.6859,36.3683,24.8232,18.8759,10.7002,7.5938,7.1955,9.0411,17.4029,40.3891,69.3542,68.5635,80.0591,76.1020,59.2427,52.9559,57.6432,41.9426,59.0692,51.1397,42.0797,39.3996,42.1145,45.7952,66.3393,94.7036,77.5096,60.5829,53.5876,57.1571,57.2654,47.0060
49858.0000,49236.2000,38647.6000,45991.0000,55947.6000,44670.0000,32213.9000,26133.8000,22565.7000,19491.7000,14406.6000,10432.2000,8509.1600,8436.0900,7047.5300,6053.6500,6451.8600,5487.8400,4220.5700,3801.9400,3479.4500,2813.8800,2654.1000,2322.7300,1812.6300,1628.7900,1368.4800,1038.8500,894.6760,804.2460,777.5590,660.3110,552.4990,347.5720,253.1090,251.1650,182.9930,128.9190,119.9950,113.6180,79.3856,64.8438,62.3078,133.4610,163.2280,187.9520,185.8250,165.0620,110.3510,158.1940,275.3840,400.3880,500.2370,531.1340,635.2310,621.4100,458.1280,307.8970,199.4670,188.7480,212.4070,177.3060,104.3430,63.0707,20.6733,37.3150,106.7800,157.5960,134.2860,175.1550,117.1790,64.0646,20.3748,44.2576,85.7705,169.4620,264.9710,340.9850,408.3610,424.6790,403.7060,313.7750,245.7180,225.0210,281.7740,295.9910,199.0430,181.9880,172.9290,217.4190,305.1010,391.8740,417.0300,395.3740,440.7120,529.4360,647.0980,865.3390,992.3070,954.4260,932.9060,911.3400,852.9060,617.3630,477.4830,560.3290,627.3240,583.9760,632.6460,670.4610,580.4600,463.0870,330.6120,254.2700,218.7090,193.5740,156.0150,138.7420,125.7480,57.9641,65.1926,37.3802,41.7045,18.1598,7.5815,52.0678,97.2411,145.3380,208.9530,331.7460,310.5710,317.6800,219.7830,146.0160,147.1180,188.0660,247.3930,271.9580,279.7730,269.3790,234.2090,227.9370,264.1090,235.9730,161.9540,125.8070,145.5100,171.9500,185.1800,198.4730,199.8670,229.2000,227.3190,231.6890,236.6720,177.5230,79.6088,79.8936,178.7120,189.8840,163.0110,140.2310,101.6610,79.6081,97.7725,116.0540,102.8560,89.7114,74.8307,70.3500,44.1390,39.0478,49.8545,76.0479,88.9149,75.3804,62.3716,45.4121,43.8436,60.5523,76.8398,62.4225,20.9121,62.2433,90.4490,130.0090,130.3470,127.7970,132.9230,139.5620,160.9070,183.9180,197.4640,165.4520,113.4160,69.1889,66.6349,87.9114,91.7097,89.3015,80.7084,62.5472,31.9555,33.3494,47.1520,57.2767,75.5074,73.6349,76.0292,47.8002,34.6667,63.4736,95.2319,95.4414,109.4960,112.5120,112.0760,101.0620,84.0398,66.6638,56.8002,62.0951,60.5616,51.6000,39.8337,39.4866,64.2947,86.6137,94.6384,98.4254,109.4040,115.8640,99.9693,68.9060,45.0075,18.8781,7.3148,11.1842,39.3408,45.8241,47.5547,33.6109,36.5530,33.4537,28.2000,34.4635,45.2300,50.2068,59.0254,62.1155,68.3000,52.4300,37.8751,23.6636,30.5122,37.9335,42.2364,36.9982,11.6208,10.9371,29.7094,8.9022,15.4001,39.9345,44.1292,37.8990,44.9378,49.1702,47.3272,36.2367,18.3554,29.9587,45.5001,34.8738,32.6751,43.4104,42.9576,44.4834,59.0297,67.0022,88.3594,100.5600,76.4134,74.0798,66.9791,34.2040,38.7017,27.1832,27.5931,25.8808,31.5250,52.1155,77.4190,78.9664,70.3728,59.8554,58.6348,62.5758,70.5517,63.7593
49030.4000,48850.3000,38331.5000,45452.5000,55246.8000,43974.4000,31675.8000,25813.1000,22324.8000,19206.4000,14310.4000,10403.0000,8365.2400,8336.2400,6976.7000,5963.2200,6401.6100,5407.1400,4138.4900,3703.2900,3416.0800,2788.6800,2586.4900,2307.6000,1776.1100,1611.9500,1355.4200,1014.3000,938.4890,866.5450,794.1900,683.0540,574.8580,375.7240,293.1360,298.1620,222.6970,192.1510,208.3950,186.2070,131.2810,76.2873,78.5954,150.9990,191.9300,224.8510,229.1270,209.4830,133.5350,164.6710,300.7450,431.4890,510.8200,547.6030,617.4950,627.1330,436.9700,270.7510,174.0130,186.7750,207.7280,170.8970,88.2342,50.9232,14.5895,35.9227,82.1680,126.3480,111.1360,162.2900,130.3230,99.8926,49.8689,19.3491,53.9454,146.0510,256.8950,344.8490,410.1970,425.7590,434.3630,349.2040,262.2050,230.6660,281.7570,304.4120,190.5860,165.8330,147.3600,185.8640,276.0000,362.9860,392.3250,383.1950,437.4890,520.4300,633.6170,852.0540,979.4080,940.7380,924.8330,888.9590,838.6290,601.0990,464.5850,552.1060,623.0330,584.5110,629.1790,670.9690,590.1400,478.0750,335.5560,255.3290,223.2900,208.9770,169.4190,153.7320,127.5960,64.3272,71.8644,41.4108,50.3066,15.5375,12.7562,47.2569,93.3585,156.9960,232.3770,334.6230,304.8140,311.2080,212.4400,157.7920,147.9120,190.1500,256.3370,272.0930,285.1350,278.4830,250.7970,240.1530,271.6230,252.8980,181.8250,123.8510,140.8600,189.8410,199.6810,193.3660,188.1420,218.4860,226.0070,237.2180,222.9170,149.2040,62.5577,84.8314,188.4260,197.7170,174.3850,151.6920,129.6140,107.6320,115.2060,137.0500,127.3850,93.1824,63.8298,47.4074,35.3258,26.3685,34.4371,56.7144,74.3117,73.6904,62.9689,50.1289,36.0499,51.1728,68.8092,50.7762,22.6660,47.7726,71.7503,109.2180,128.0200,118.5170,110.8390,127.0620,165.5160,189.2460,204.3880,175.5350,126.4020,96.1944,91.5437,102.4790,116.6420,121.0370,116.6970,89.1240,56.5745,46.9820,58.7099,68.3029,78.4189,78.4532,78.9401,42.2387,26.5096,62.8201,90.7446,80.2021,81.0924,90.8866,95.5366,75.2335,62.4951,46.9309,38.4513,34.3295,51.0246,71.6302,55.9482,41.3319,58.7322,92.6819,111.4790,124.4170,119.6370,111.7630,104.4570,78.2606,55.5351,28.0047,12.9616,30.5800,39.9235,38.9354,31.1159,36.8523,50.9134,35.4309,30.1001,29.1744,51.5624,53.3684,63.8500,60.9452,67.0404,52.9992,32.9438,28.5063,37.0771,38.2503,21.2757,16.8506,4.4024,15.6801,20.1974,12.6255,33.0024,61.8257,72.8600,63.5934,60.9872,58.2357,51.9403,36.9525,26.0016,15.1869,12.4059,22.2681,22.7179,19.6439,18.6941,33.3817,51.0182,52.3726,69.7768,79.8456,65.3086,63.3442,50.3592,39.0532,45.4015,49.0587,38.3768,38.6094,45.7314,59.2918,67.1363,78.1132,76.0109,62.1047,42.6621,42.8482,55.9710,49.2371
49305.1000,48687.5000,38185.1000,45208.7000,55084.5000,44224.6000,31912.0000,26123.8000,22686.0000,19578.4000,14619.1000,10563.6000,8558.6900,8474.1000,7065.0300,6087.8300,6465.6000,5453.5500,4222.3300,3761.2000,3474.3500,2863.6000,2648.0700,2349.5900,1793.7700,1627.6900,1360.1800,1000.6100,922.2060,861.7560,785.4330,675.3280,569.1250,372.0540,276.7700,285.2940,228.4520,188.9840,212.1940,200.2870,130.8070,62.5476,79.0187,162.3510,198.5420,229.3390,236.0710,227.4090,156.9700,195.7290,330.7300,445.9990,526.6280,551.4920,616.2950,594.4830,420.9440,274.7590,181.0750,172.4450,192.0470,152.9730,84.3196,53.1162,56.3688,68.4115,108.0470,120.8500,87.7455,124.1580,104.1140,78.6999,42.3463,14.3140,63.4521,166.0140,271.7850,363.2330,442.5180,470.9110,458.7380,371.6980,275.5390,250.7060,290.5880,314.3020,210.4740,186.7650,165.5340,201.3130,290.7130,377.0030,405.2300,387.0390,434.0940,527.3090,647.4430,858.0700,996.1930,956.2890,923.1360,891.0030,839.6060,600.9500,455.3720,549.5730,634.0140,584.2230,614.5700,673.8930,606.5770,497.1950,342.3000,247.2100,225.2360,205.8610,167.8550,143.9130,120.4010,49.1029,47.7031,41.5497,67.1135,41.0535,21.3413,34.5164,64.6908,114.5880,184.4310,295.5480,271.9740,313.2970,224.8430,186.0120,169.2810,189.9380,249.4030,275.2390,289.3190,284.1570,257.4550,250.4160,264.4560,233.0060,162.7450,108.5830,111.7310,143.9250,172.8700,198.1680,197.9410,198.5230,182.8850,191.4540,195.4920,128.7830,53.0718,83.3554,177.6510,184.1640,169.8410,150.8170,129.2840,104.1630,122.4660,155.3490,122.1170,85.8007,72.5854,59.7715,43.3941,22.6811,31.4095,49.0860,79.6210,70.0953,52.8211,43.5464,49.2576,62.7780,68.0280,56.1184,16.2072,48.1588,82.5583,117.2410,135.4280,136.3530,138.8760,156.4910,176.1800,200.3220,213.1420,187.8070,141.6570,107.9820,92.9528,102.0040,115.8780,121.4280,117.3750,94.7864,55.6614,38.7560,57.8798,83.9226,85.7462,73.8144,58.9368,39.0649,40.7259,75.1283,111.5290,93.9610,98.6557,85.6355,87.2480,76.0486,60.3967,42.5892,37.2140,42.5198,42.3349,46.7010,50.4555,46.1566,60.5596,85.0890,95.2099,99.8463,101.5050,106.8780,87.6554,67.2009,49.8709,39.5934,25.8749,27.8423,29.5699,22.9605,21.4572,20.4402,22.9170,22.0714,18.5609,26.8351,29.0099,31.3915,29.1418,32.8690,42.6036,34.7517,22.6173,14.7395,26.4538,15.1656,13.4506,5.5890,20.4201,32.6277,35.0036,22.0114,24.7497,47.6097,42.0228,26.4543,25.3189,34.6352,43.0734,43.6511,18.2851,22.2934,20.8455,27.4194,22.9710,32.5732,41.7787,57.8368,72.3464,67.6745,82.0338,87.2894,66.9334,55.3022,47.8500,30.5836,38.0010,39.3412,40.0697,37.0680,41.4603,54.8629,83.0585,106.1030,89.5100,78.6219,75.9046,76.7122,61.3152,51.4684
49887.2000,49238.6000,38662.0000,45942.6000,55909.7000,44734.1000,32277.3000,26173.7000,22600.3000,19541.0000,14472.4000,10465.3000,8526.5700,8453.3600,7078.2500,6069.9600,6440.4200,5482.9500,4217.3600,3793.5700,3458.4100,2798.8600,2642.0100,2308.2400,1802.9100,1620.9400,1337.7400,1000.9700,871.4420,798.5190,771.9880,654.2760,545.6000,332.5820,250.2510,239.9470,154.7410,123.2090,136.7550,122.9310,82.8317,56.2539,52.5620,120.2790,148.0180,180.4530,180.2930,158.4870,91.3700,138.5210,262.3570,386.4730,467.5300,495.6060,597.5630,599.7290,449.1290,308.5480,194.3670,181.6500,210.9070,183.6250,90.6702,45.5843,28.3921,63.9476,115.8290,156.3160,110.5490,144.0570,111.5020,78.3722,41.2712,25.3458,66.2336,151.3750,256.9710,350.2900,438.7860,476.2140,471.2030,381.2210,286.0630,252.7090,318.8030,361.2220,242.2190,204.1530,174.3160,235.9850,322.2120,394.5130,411.0800,391.5760,427.2250,524.1120,635.2470,854.3130,994.1860,942.2230,903.3470,873.4880,814.1840,590.9540,464.3240,544.5720,595.2790,548.4050,605.1870,655.0070,572.2210,462.3890,337.4190,259.5270,213.2070,193.9140,168.5740,153.3910,138.0120,65.8637,37.5935,44.3971,71.2427,49.5817,43.6092,62.7781,87.2939,134.3930,200.1690,317.6990,295.8020,314.6800,218.5200,155.5690,140.3010,195.0710,274.6670,288.4350,290.9670,279.3610,267.8660,272.0990,288.6440,244.4490,173.9140,129.5520,139.0810,165.6340,180.3380,191.3800,194.5220,215.0500,204.5520,210.9600,221.9810,158.3520,64.9517,76.7231,181.8230,193.9150,169.0290,148.0410,128.1970,107.0780,114.3770,147.1120,139.3190,105.3430,79.4270,66.9871,56.8710,58.2164,59.1844,64.7457,63.9405,58.8144,49.5289,40.9462,60.0808,75.2440,78.8899,55.0626,17.2392,54.1909,87.1530,114.8770,127.5520,132.5590,130.7450,139.7930,170.2430,182.1660,186.4670,161.4490,125.5520,97.9971,80.8332,91.3849,108.3060,106.9540,97.9934,72.9102,39.0155,30.3600,48.9600,58.1497,58.4004,55.8244,55.4577,32.4512,19.7735,54.4070,91.5495,87.8223,100.5240,89.2372,80.3384,74.6327,63.4762,52.1730,43.8763,45.8975,46.6354,44.7281,36.7193,38.0560,56.8914,80.5872,95.4116,108.2480,106.3100,105.4300,99.6829,76.8157,51.2959,29.4463,26.1142,18.9093,42.7017,50.2360,52.2869,51.4627,51.1861,37.4443,32.2501,28.3014,36.1387,21.5948,31.8758,31.7659,49.4342,51.0164,50.3516,35.8009,37.0164,40.5971,30.4593,29.0736,18.0385,11.6816,27.0314,21.8096,28.5466,16.7894,40.5347,44.4293,39.3902,31.4772,38.9288,60.6403,32.6828,29.9713,17.4419,19.5380,18.9347,24.5773,35.0642,46.8703,58.4388,67.9610,83.2816,92.3454,81.8442,66.2671,66.0317,29.2253,39.3737,29.3648,38.3596,48.0219,54.5940,53.4812,68.4570,70.2172,56.6384,57.5681,62.6375,60.6683,45.8697,26.8193
49204.7000,49001.5000,38453.1000,45646.1000,55457.1000,44100.3000,31759.4000,25842.9000,22348.6000,19234.8000,14314.1000,10414.8000,8382.1800,8380.1900,7058.5200,6027.8000,6439.9100,5439.7600,4160.6600,3743.4100,3454.9700,2816.0600,2634.0300,2332.0500,1793.7300,1610.4200,1346.8300,1016.1500,923.4990,848.9340,796.9790,663.2310,570.3130,361.8010,260.7400,267.8370,202.6190,145.4060,149.7850,143.8170,107.8550,57.3249,17.4504,71.5361,112.5780,144.2630,157.6660,146.3070,102.2520,138.0780,259.5110,403.5200,504.1480,541.6970,642.9050,638.7180,468.9360,296.1550,184.4140,193.0490,212.1590,157.7920,73.9418,57.6252,23.3805,55.6354,112.6490,159.5420,130.4380,171.4110,133.6390,82.7407,36.5989,39.3658,85.9486,163.7920,269.2520,365.4060,453.1340,492.1450,489.2190,395.6440,303.1800,262.4540,328.6660,357.6980,256.4140,223.1120,197.9150,233.7670,315.9460,398.7840,420.5170,402.8240,430.1820,511.8130,645.3740,891.6220,1023.8000,964.9410,922.5560,910.6280,849.1860,644.8530,499.6850,567.3420,648.3440,607.3810,642.2880,688.4160,605.6600,491.9810,348.2390,275.0090,249.0060,228.7570,185.0070,176.6480,138.3230,70.3003,31.2724,11.9919,29.7667,33.4470,44.3941,82.3325,98.3167,132.9000,181.7880,293.2460,256.5740,288.2380,196.3970,181.7540,164.9540,203.8140,274.1850,291.8470,294.9950,292.2100,263.5450,263.3320,272.4920,237.3850,170.0900,120.7550,126.1670,148.0940,173.2830,192.5800,200.3350,212.1280,209.3330,212.5680,202.3770,138.2260,61.9445,83.8180,174.3890,181.6620,165.2430,152.8340,136.2570,116.7110,119.3330,138.4420,133.9330,114.3640,94.8665,82.1663,58.4529,55.9512,66.1424,91.0895,93.2581,75.6740,69.3971,58.7193,57.7409,59.0809,64.4093,54.5746,25.7264,66.9484,88.5446,121.6900,125.5350,124.1230,142.2150,148.2050,166.4140,187.0200,205.4300,183.3140,135.8500,103.5080,89.9144,96.5665,99.3486,100.1920,89.4254,72.9934,51.0656,49.2453,62.9443,75.4193,82.8102,76.3725,68.0076,39.5673,28.1060,48.9866,75.1077,79.3924,86.1981,101.5590,87.8926,64.0392,56.2408,56.3458,43.6683,28.7378,52.3879,75.1467,70.8576,77.4737,88.8283,107.8700,118.1950,127.4010,127.9240,117.8500,105.8360,76.8884,49.7936,22.5695,6.3679,35.8699,56.6449,57.3492,48.9084,28.2092,28.3456,31.0786,19.3414,22.2479,22.0696,29.1633,36.1650,40.4581,45.2824,36.3519,23.4899,21.9742,30.3413,29.9654,15.8852,20.2975,6.5143,14.7048,39.1527,27.5794,20.8694,21.4491,42.2084,44.9572,41.3773,37.0525,36.4818,40.5568,23.4953,26.7545,18.1522,19.3698,16.8569,22.0579,33.4441,47.5989,58.1007,66.0528,76.9282,79.5345,59.4242,46.1309,44.2839,29.4394,45.6009,44.4044,39.6023,42.4388,43.8899,43.7839,54.2860,78.1623,63.4611,44.8061,43.5627,49.5661,50.8021,41.1583
49156.5000,48667.8000,38151.2000,45162.8000,55009.8000,44085.2000,31799.0000,26002.1000,22558.0000,19456.0000,14510.2000,10487.4000,8487.1400,8423.6800,7010.6300,6004.8400,6405.3000,5410.9500,4164.0800,3717.7400,3425.9500,2820.2700,2623.9300,2333.0100,1785.1000,1643.2400,1400.8300,1041.4300,956.7900,893.5200,828.0650,717.3290,613.0970,396.7140,297.1790,306.7700,215.0240,172.3640,200.9520,175.8140,124.1920,75.4408,70.2535,155.4900,207.5350,228.3800,221.5690,199.0370,140.5410,178.1070,306.5380,435.0060,524.6290,553.3840,618.0490,601.1070,414.0630,257.6840,168.4240,176.9420,194.6660,157.7260,78.3490,33.4395,39.2941,71.7791,138.8030,169.7750,132.5780,153.1450,113.2710,72.4447,32.8526,36.7666,89.6056,170.5970,264.5270,351.5020,435.6880,478.3130,471.1840,379.2510,291.4050,243.4530,318.4690,378.9890,287.6760,259.5920,227.8560,263.4410,340.5160,417.5590,437.5540,429.0820,453.8400,544.4620,679.1540,928.1080,1067.2500,998.2710,949.4020,943.5330,868.3810,649.2980,508.6250,576.2930,646.1450,599.8900,638.8720,690.1360,604.8470,485.7870,344.2190,256.8000,224.6730,200.4550,158.6180,159.8620,146.4080,83.6025,68.9264,25.0957,58.1845,42.1962,58.3240,71.9318,97.1346,141.1770,208.2040,326.5690,294.9330,310.1850,218.5460,177.8930,170.7380,198.8410,263.0170,289.6910,294.3760,291.8590,252.2920,260.2850,278.2410,221.0730,146.6040,111.0380,121.2690,151.6810,174.6530,196.1700,198.9420,226.4860,224.5190,219.2960,220.9480,183.2880,87.3749,82.6393,195.3320,208.3880,180.4650,171.8000,152.6800,130.5950,124.7030,154.6040,146.8950,110.9260,88.4991,74.3524,63.4179,51.9566,54.6262,65.1767,74.7357,72.5770,60.6631,53.0903,66.3475,81.5519,95.1092,65.3577,27.7501,42.6510,72.0547,97.9311,125.3750,134.1960,129.6380,135.6600,158.4510,182.1840,203.8490,184.3040,109.9090,71.2111,86.9522,94.5020,97.5909,97.7058,94.1209,68.6138,27.6374,26.6848,50.7884,56.1591,52.4322,45.8716,40.2168,17.3093,20.1332,48.8545,76.4588,81.9254,94.7805,100.9540,92.5688,83.7631,66.1484,38.3627,34.9427,63.5783,84.7319,75.2917,65.3968,79.5182,97.3327,113.4000,122.4150,128.7990,120.0510,98.4168,87.4927,72.8874,49.7077,30.1224,14.0502,30.8256,41.9328,44.7021,44.0847,36.2639,34.6042,44.9308,35.5750,45.6767,40.0027,41.5480,45.3795,51.6136,62.0319,56.0241,49.9695,46.9892,55.0733,54.0721,31.8758,22.2245,11.2633,7.5560,25.7926,18.9204,25.4293,19.4634,31.4479,22.6962,20.3835,24.1771,29.5900,29.9279,20.9291,17.0670,5.1689,11.3286,4.4065,16.4397,24.1950,42.5933,49.2592,49.4655,68.5915,73.0775,65.4523,67.8685,69.0228,47.8283,52.1809,49.3802,45.3244,42.8156,38.9015,36.0528,47.2941,58.8549,61.7233,51.2821,47.8784,52.5137,60.2219,45.2044
49902.9000,49243.9000,38695.8000,45927.2000,55876.5000,44788.5000,32332.8000,26275.8000,22700.9000,19624.9000,14543.5000,10510.4000,8571.5200,8471.8400,7076.6000,6085.2500,6451.5500,5487.1400,4236.4900,3804.1500,3483.7800,2837.0500,2672.8700,2349.8800,1851.0900,1663.2500,1377.9300,1048.4900,908.7290,826.9680,809.1750,697.9010,573.4960,357.0190,268.6520,257.9330,177.7500,117.4080,116.1470,119.6320,84.6274,65.7591,45.8135,104.4820,134.1500,150.8910,151.9180,130.5370,66.5514,114.8650,242.6390,364.5230,456.0380,507.2740,616.7870,630.2500,453.7750,294.9840,199.1850,202.3220,219.0100,170.4700,82.6007,35.0216,26.6692,68.1585,130.0040,170.0700,144.1180,171.7520,128.4810,79.5706,36.5633,34.3599,72.8201,147.4110,248.4700,343.3510,430.6420,480.7220,482.8430,382.8650,300.4120,235.8150,336.8750,399.6990,322.6490,292.4560,259.5940,289.2040,354.6720,426.7190,433.7270,411.0570,427.5860,531.7780,677.2800,916.0630,1061.9400,994.7370,937.0300,960.7160,889.0170,681.4880,511.1850,567.0570,639.7000,594.2210,631.1470,673.8900,592.6680,480.6040,348.8250,255.9840,226.5020,216.5820,170.5050,167.1320,137.2770,83.8232,51.7135,14.6070,42.7340,23.1848,46.7500,80.3505,112.5880,161.5750,225.0440,340.7930,316.8620,315.5070,229.3480,163.5210,162.5320,200.5400,284.0420,305.1680,292.9650,288.9460,261.7840,270.1030,281.5460,239.2190,166.3470,121.9420,141.1400,162.3380,178.1320,209.5070,208.7980,231.2780,221.7080,236.7440,225.6940,153.5850,68.2990,103.7950,206.7190,201.7400,179.5220,157.1880,154.5190,136.1610,142.6240,155.1040,134.2000,104.4720,74.8755,55.5522,34.8313,40.5971,48.1928,70.0959,71.6401,65.0954,49.7770,32.7929,38.1507,54.8105,72.2466,62.6738,36.8986,70.5262,83.7034,106.9200,111.1730,118.5670,126.6700,128.9570,156.3910,175.2620,192.6900,156.0100,100.8750,72.4996,57.3277,68.0559,89.1953,89.4716,77.8473,53.9792,44.9566,53.7903,61.2822,65.0646,76.1818,73.3395,65.3912,49.2512,65.5685,103.8920,120.8100,102.2220,93.4459,84.7704,84.7683,65.3705,44.2924,30.0544,34.3479,41.8473,48.6275,50.1012,49.2895,53.0526,73.7729,96.1241,105.7390,109.5480,110.0840,108.6900,95.3551,77.1398,59.1530,41.3988,20.6809,16.7460,41.6053,50.3087,56.0070,26.3129,13.5724,23.9602,16.7006,14.1784,11.1158,23.0854,32.9432,43.1387,48.0475,44.6596,32.8158,16.6770,12.9310,9.4049,9.3991,11.0510,15.0762,32.3820,51.8473,23.1493,21.3133,47.2885,64.0959,54.7366,46.5724,38.7349,30.1172,19.5832,17.3621,25.4132,26.6551,31.8739,28.2706,33.4498,38.4936,49.1487,57.7425,50.1286,60.5477,64.1926,48.4749,45.5373,36.0485,26.4250,31.5485,44.2069,45.6707,49.7919,40.5541,26.8072,43.8517,73.4423,60.6163,45.5225,48.2578,50.7851,45.6652,24.2698
49392.0000,49240.1000,38750.2000,45981.6000,55766.7000,44317.9000,31886.8000,25966.4000,22455.6000,19282.9000,14358.3000,10513.2000,8478.7800,8424.7700,7106.8900,6122.3600,6547.6800,5552.7500,4279.8200,3833.2600,3532.5000,2868.6400,2666.3500,2343.0400,1808.8600,1643.8100,1356.0000,993.0750,897.0230,821.8000,772.2560,651.1370,551.8400,338.5460,240.0330,246.4300,171.8770,117.1350,108.5200,102.1810,77.9980,68.7568,51.6695,120.5840,145.9180,166.0120,167.2800,144.9210,86.9459,145.5920,271.1390,375.4670,462.0630,511.6360,590.7070,596.8250,425.3150,266.2030,166.6910,170.3930,179.9100,140.3950,49.5077,20.1900,36.4897,86.0379,146.0020,185.8080,130.1960,160.2920,125.8700,91.9567,61.2037,10.6934,55.3642,134.3160,229.8540,320.4330,412.4250,457.2440,441.5720,346.0140,266.8710,208.7180,296.9070,363.3740,291.2040,265.6710,225.2620,261.6660,342.6090,404.9170,415.2500,423.4970,453.7760,561.9470,685.9110,922.4080,1079.4800,1023.0400,969.6390,998.0130,919.6530,702.8460,526.1290,578.2100,646.6270,599.0270,628.9580,673.7600,597.7920,483.0410,357.3240,267.8740,226.5820,196.2490,152.0960,142.0640,130.1990,73.3042,59.2709,19.0859,36.2424,29.8368,22.9507,52.1414,97.1966,152.7620,219.1430,334.3930,315.3820,335.8550,248.5600,179.9530,167.9590,198.5780,263.9990,282.3140,294.1830,291.5360,267.9560,260.0100,258.2350,219.2470,157.1590,117.7890,129.6120,148.0840,169.5430,203.9030,203.7850,222.7370,218.2770,244.8630,237.0710,162.2590,79.8546,90.5271,178.7180,191.3420,164.8230,144.8600,118.3890,106.7390,107.7570,127.4140,124.4280,98.1278,77.1405,63.3780,36.0422,24.7990,39.1654,65.5412,91.9565,68.7183,50.5852,42.8069,52.3279,68.0903,83.3663,80.4265,32.7216,64.0318,78.8318,112.5630,137.1090,135.8950,130.2500,147.6630,172.9120,191.1570,199.0530,181.2630,131.1910,82.5738,73.8909,93.6222,110.6440,112.8150,105.5540,84.6579,57.3917,62.2327,85.4931,86.4652,90.0186,88.5309,82.5389,58.2573,49.8496,81.1892,111.0680,103.7790,91.9692,82.4986,63.6951,51.8733,43.5910,36.9340,27.1297,28.8106,43.6773,34.5556,24.6726,56.2397,77.0468,81.9307,92.9932,105.6760,107.1020,96.6660,92.0502,66.4211,42.6134,10.8176,8.8456,13.9582,37.7165,37.7206,34.4776,27.5084,29.5950,21.9950,20.7520,33.4783,41.9859,42.6963,40.0800,49.8724,77.7681,54.1729,38.1092,29.2175,40.0820,30.8439,13.3868,16.8776,8.3070,7.7935,14.9032,10.8127,23.8245,26.2740,47.9745,38.8168,28.5492,34.0388,43.6981,45.1438,19.6854,16.6742,13.2408,20.4669,30.1791,29.9392,34.2994,43.4406,63.1065,61.5242,78.4332,68.8789,58.1261,63.0986,70.6361,43.2465,42.4475,28.0382,33.2948,35.9958,37.3852,43.9020,57.5880,75.2051,82.2639,68.2074,51.6308,45.9564,52.5665,33.7763
48798.1000,48504.8000,38108.5000,45100.4000,54922.1000,43902.4000,31580.9000,25813.7000,22441.8000,19322.5000,14426.4000,10444.5000,8415.5700,8363.1500,6965.7400,5970.3500,6394.7300,5387.3900,4146.9300,3699.1200,3430.5900,2823.4900,2616.9500,2326.9800,1790.3300,1644.6700,1385.7200,1026.2300,938.9440,883.3390,822.0220,690.2680,583.3530,380.0610,292.8420,294.9740,218.2230,161.6220,181.8220,186.5440,127.1640,70.0947,81.5075,148.2140,197.6120,237.1360,241.3460,222.6450,168.8760,208.1170,329.4000,446.3290,526.4530,548.5920,586.6130,566.3580,384.5750,232.5050,153.2770,162.8820,175.8720,139.9780,73.6120,43.7252,22.7765,48.8758,110.0980,147.3690,122.6660,151.3210,121.3450,80.7761,41.0409,22.1344,72.9875,152.1030,244.4400,321.6610,404.0150,431.3130,383.8300,276.0520,194.1040,157.6170,234.6670,284.3690,244.2490,249.3620,228.4230,269.1190,352.6620,425.7660,452.3840,449.1300,469.4980,567.1420,719.1160,961.2390,1103.6500,1042.2700,973.9390,1005.3400,927.0870,727.3490,547.9850,604.6000,671.5670,611.3270,647.2630,686.5450,602.6480,487.9380,358.6420,265.7880,223.6090,199.7390,153.9620,156.1300,126.3740,73.6801,39.1666,6.0565,29.1612,19.6232,29.4476,60.1412,89.2365,136.7660,198.3740,324.2410,300.0020,334.0060,237.4060,194.4770,175.7550,209.0260,273.0460,279.3930,283.8780,283.7790,265.9700,259.6640,266.7550,232.5140,159.8530,111.2700,130.3250,168.3610,192.4770,211.5730,209.6650,222.8480,219.4390,236.3960,227.3210,152.4410,72.4876,108.1400,191.7660,195.1170,178.9060,163.9600,143.7820,116.8770,124.8790,150.0630,139.6070,105.5040,76.0122,58.9268,47.6385,43.1717,53.1063,72.1047,73.1926,63.1447,54.8505,40.2465,43.2620,57.5779,70.5967,57.5536,36.7530,78.6131,102.4300,131.6920,153.2110,163.5540,168.6430,172.2020,193.3590,205.1320,211.0980,179.5850,127.5460,95.3209,83.8046,91.2712,102.0980,99.3833,86.1753,50.7682,31.8104,51.6833,70.8303,75.3974,79.7361,73.4844,62.3101,40.2122,29.5361,55.0521,89.3059,92.0465,95.8462,100.6930,86.8798,65.8308,49.7351,43.5473,43.0559,44.2296,36.9684,36.8317,44.6018,55.9030,69.9021,86.6882,97.5917,105.9970,102.8300,98.4567,89.3895,67.0540,45.9147,23.7601,18.0931,14.1865,35.8903,39.2421,41.6125,36.4295,33.6071,33.4617,28.8365,34.3326,36.0490,37.7710,40.2825,29.7684,41.4404,39.1706,34.7237,20.4001,29.1750,33.1389,22.6624,21.8282,31.0933,30.1942,44.5575,20.0723,32.4050,32.8561,47.3892,45.0410,45.2819,47.0443,43.7539,32.5858,15.1635,5.1452,19.9347,15.6836,12.0531,15.6585,27.1595,45.1108,57.3548,53.7455,60.1144,54.4915,55.1238,54.1577,55.7268,29.1444,30.5224,33.8099,40.7532,42.6930,43.4102,51.7245,72.6706,75.9985,70.1067,73.3968,78.6235,75.5612,79.1663,81.2893
49541.3000,48935.2000,38540.5000,45731.7000,55652.2000,44618.8000,32156.3000,26186.7000,22694.6000,19608.1000,14517.2000,10457.1000,8529.4200,8444.6100,7031.6300,6041.1900,6406.5700,5438.9900,4221.9500,3783.3600,3477.3900,2834.4200,2657.2900,2331.0200,1814.2600,1646.6200,1389.4900,1048.9300,919.6960,846.6110,813.1950,685.7090,576.3490,367.2680,290.4200,281.5620,181.2950,136.6890,158.5520,152.4370,114.9280,61.4013,26.5305,104.4830,139.3250,164.0030,171.2640,158.5860,100.4750,137.3740,266.4530,397.8210,492.5380,539.0310,619.7040,614.6110,422.5020,261.1480,177.9920,186.6620,197.6510,151.8540,65.6205,26.4314,27.3584,65.1014,127.3130,170.3280,131.1470,157.5760,101.5280,54.0557,22.6125,49.0620,80.5011,156.5990,255.7350,311.5430,382.0170,394.6410,351.7560,240.9500,149.4260,134.5950,218.8150,268.3520,222.6540,244.3400,238.4260,264.0060,332.8480,435.5740,476.7090,453.8930,473.4540,552.2980,700.3190,955.3770,1111.1500,1049.4900,993.7620,1030.0200,942.4490,729.7340,566.8600,622.4780,675.5260,623.1190,655.4920,689.6440,603.2830,480.8850,347.5180,250.3920,203.4590,187.0500,147.8620,130.5440,109.6580,58.0770,59.2412,27.9535,31.3924,13.0728,21.1912,34.6272,80.9627,144.6440,215.9220,323.3780,302.8590,322.2780,223.0350,169.7360,157.7820,204.0280,262.8560,269.9630,286.7140,285.4890,274.5160,273.9560,282.6120,235.6450,167.9380,127.0990,136.1480,165.5720,186.9540,202.3470,209.3580,226.6390,219.4290,207.4740,205.2080,158.8660,75.7596,78.7321,174.0870,189.7000,163.1230,149.0230,129.3420,121.4510,119.7710,123.0260,112.0520,94.8772,78.6742,73.0535,59.9202,49.3259,50.3366,64.5251,75.7523,66.5220,46.0389,27.1276,32.9565,46.5012,46.9765,39.3212,28.0467,82.0559,105.4950,135.8640,141.9210,152.2160,150.7520,147.9990,180.9070,200.5230,213.5900,168.3580,111.0660,83.0215,82.4616,98.2882,106.0220,102.3040,88.2044,75.2876,57.2145,52.8826,69.2376,77.4197,77.3416,70.6850,61.5482,44.5913,48.1412,80.4341,99.3752,88.5436,85.8242,86.4776,84.1043,65.2691,49.9663,49.2101,51.9665,53.0193,42.4457,41.0427,53.0359,60.9064,78.8357,100.6490,108.4880,109.1230,100.0280,90.2767,67.5326,44.7593,29.3714,23.9106,19.0788,47.5610,57.3128,51.1365,51.5385,51.4334,53.4728,39.6158,25.8054,13.4684,15.1827,19.1724,32.7158,44.0279,49.3865,44.7377,39.9717,34.2778,36.8897,45.2641,43.6343,29.4375,15.8519,8.3613,7.5398,9.2060,31.6758,51.6696,65.7898,46.5842,39.0474,41.3356,44.0417,39.6737,7.9687,17.1256,32.5020,37.1219,26.6460,26.2702,33.6877,58.5770,63.7773,64.4676,69.5752,77.7874,72.2068,54.5824,45.4187,17.1863,41.7818,43.4304,47.5062,49.7660,55.4016,43.8154,42.3394,72.3722,76.1817,56.2691,42.3997,49.0202,54.1061,39.4353
49417.7000,49189.4000,38744.4000,46018.8000,55866.3000,44430.6000,31936.3000,25957.4000,22471.0000,19316.1000,14358.3000,10504.7000,8504.0400,8471.9900,7147.3300,6111.6600,6515.8400,5543.0100,4248.1500,3805.4500,3506.7700,2843.0900,2640.4000,2315.4000,1796.7900,1613.8600,1337.4500,985.4630,864.6080,792.1020,740.3830,610.6940,501.7520,301.8070,221.1340,229.0190,155.7210,119.2540,157.0880,148.8900,97.3257,46.5369,37.0337,104.8080,155.8440,174.5950,169.9420,146.3890,98.6739,150.0690,281.8740,408.7940,481.3480,515.9140,593.8860,602.5870,433.3680,276.1130,178.4780,185.4420,203.2120,159.6310,75.9499,49.2162,20.0459,55.6666,127.1390,164.3420,129.4640,142.4680,118.8350,72.0416,51.0472,25.8779,75.1957,171.9250,267.2080,331.1290,396.1000,409.6360,375.3570,277.4530,194.6690,175.7830,230.1770,252.3370,197.3170,208.2080,212.6370,240.6540,310.1590,411.9950,451.9080,429.7520,452.1610,545.1600,696.2770,937.0750,1090.4600,1052.2800,997.8560,1035.1300,952.7320,741.6570,551.5460,600.8440,688.3730,643.3390,667.3590,700.5410,613.4680,489.3920,371.8980,286.4920,235.4330,206.5200,164.4120,147.0560,125.8210,63.8832,52.8957,18.8620,32.6973,14.6236,23.6031,52.9367,88.7981,148.1470,228.4200,359.2910,337.8720,343.9370,241.2110,149.7010,132.0910,172.7870,247.9670,260.3640,272.4540,270.5540,261.2700,262.8080,282.1360,246.1120,166.9290,114.1230,128.0970,157.4900,177.5650,190.3710,197.0300,213.2400,213.4280,212.8790,202.2910,142.0900,63.3879,93.3969,201.7010,198.1920,161.9930,146.7860,138.6800,124.4070,121.6430,149.4060,150.0020,121.0640,96.3112,84.6462,77.7724,59.6739,48.3656,56.0211,71.0302,70.2048,48.1258,30.1211,29.2955,44.7557,60.6683,51.4503,48.4913,80.6523,97.2986,121.6330,132.0260,136.4390,128.5360,135.6160,177.4870,205.1970,232.3500,213.6960,146.1350,89.8661,88.8163,110.3660,108.4640,106.8010,97.6190,94.9192,69.8038,50.7753,49.1822,58.1288,72.6828,71.6216,65.9238,38.1313,33.5384,61.9925,96.9622,104.3540,109.4330,114.2810,89.4732,65.0369,52.6236,51.9802,55.6075,57.7079,61.4787,58.7447,51.3834,53.4857,67.5319,92.4889,105.1320,114.8270,104.0820,89.1923,78.5630,60.0833,38.0324,20.5421,19.2556,42.4257,57.3180,66.5678,73.4059,63.6552,42.6058,40.6584,31.4450,25.6269,29.2985,34.5378,48.9956,46.1715,51.5628,62.5094,59.5669,51.7719,48.3192,41.6993,21.4380,23.7388,17.3941,28.6002,28.2580,14.1185,31.8862,34.7722,48.1560,42.9577,43.0454,38.6533,31.9867,24.7205,21.5683,10.1491,15.0353,35.6785,32.6718,40.9898,51.3177,77.0949,69.6981,66.4954,72.6807,80.7710,62.9789,57.0803,43.4864,26.0949,23.4700,26.7206,24.6787,23.8018,16.0613,22.2444,34.3965,40.1544,35.1252,31.3098,31.2302,35.5313,35.5668,29.0907
48691.7000,48565.9000,38188.7000,45180.3000,54944.4000,43829.5000,31521.6000,25775.1000,22370.5000,19218.6000,14362.7000,10440.8000,8381.2000,8336.2100,6976.6500,5980.4700,6406.4100,5402.8800,4160.1900,3708.5900,3428.8600,2818.0400,2613.0400,2327.9500,1787.2600,1635.6300,1381.7200,1032.2000,946.9340,880.9060,816.7850,699.5690,589.4160,385.6000,304.2220,320.5360,244.6050,186.8610,216.3460,220.6970,157.4680,84.3154,62.2460,123.5420,171.5960,208.2210,211.2180,201.7070,154.8910,194.2480,319.4220,452.3220,534.4060,557.0370,604.2510,594.2830,418.3590,254.9600,168.2550,188.6380,207.0620,165.3820,77.9332,43.4613,11.8293,36.1501,85.9279,135.5810,114.2310,154.0230,114.9570,70.1379,32.6413,41.3575,77.7499,166.0080,273.0550,351.6200,418.6060,417.3280,382.0280,278.9710,199.7910,184.5530,244.5960,272.0880,195.3230,193.9790,198.7560,245.4060,316.4040,417.8370,453.1050,435.9760,443.2120,539.6470,717.1720,975.0090,1149.6000,1100.3500,1026.2300,1050.6500,959.7360,743.4800,557.4000,609.8200,669.0810,611.5090,649.9320,687.6360,600.0530,481.3850,348.0150,264.9100,234.8200,213.0210,169.1400,164.3920,145.8140,92.2450,45.6181,9.2623,34.0500,24.1188,21.3649,41.7073,72.5123,113.1950,185.0420,338.5370,329.4770,357.0310,248.4700,166.4530,147.9770,195.4490,260.1770,268.3990,273.0450,272.5310,248.8540,254.9890,286.4700,247.1640,163.9620,110.5550,122.1960,160.9780,175.8180,182.4130,192.4480,224.5770,227.5410,233.6020,230.1400,163.9010,81.0090,93.5498,188.7840,209.5160,189.7790,180.2340,156.6970,138.3400,135.7300,164.9170,157.2990,120.7560,91.2483,74.6736,45.3006,22.4969,32.6940,65.1126,92.4015,70.6070,52.2359,45.9237,56.1132,63.2882,73.6478,59.9043,27.2777,56.2822,75.0501,115.4860,130.7820,137.6180,138.2340,147.3370,177.7830,205.8890,224.1690,195.5360,144.2880,100.4610,92.3894,101.9600,94.2979,96.1996,92.3349,87.2398,50.9451,40.4965,62.1695,66.6914,71.7129,71.6421,71.9903,38.7560,30.8896,73.3605,104.1460,99.7971,98.4901,98.9048,85.0933,62.3326,45.2931,39.1600,39.6585,35.4115,34.3254,39.0836,40.8649,53.0290,64.6351,70.1291,85.7522,98.1002,103.3280,79.2730,66.9916,56.9330,38.7745,18.3030,5.3130,26.9236,47.3360,48.4049,40.3537,31.9123,47.1383,48.8650,32.3473,29.6675,19.7141,24.6914,24.9478,31.4952,39.6835,37.2679,35.2004,30.5585,24.0883,11.3243,12.1273,16.9588,5.7135,16.7568,31.1798,29.4807,19.4157,37.1753,57.9460,53.2658,44.9589,43.7753,41.1084,42.7838,39.3697,26.3014,40.5863,64.6644,46.8124,38.5068,44.4036,63.4597,74.1213,59.1690,69.0066,73.3820,59.4964,62.6880,64.7320,48.6318,41.2159,25.6360,13.4037,14.2067,17.2365,18.6010,24.6665,46.7751,63.8790,50.3669,38.7930,43.4194,56.0313,63.7848
49567.7000,48942.0000,38512.6000,45644.7000,55530.6000,44551.6000,32125.3000,26256.6000,22782.4000,19657.1000,14619.3000,10567.2000,8603.7100,8529.9500,7117.9900,6137.6600,6514.6400,5514.8200,4284.8300,3823.5100,3524.6700,2894.6300,2684.2100,2380.5200,1843.8100,1696.2000,1430.8600,1075.8900,981.2780,900.3110,842.7620,705.7100,608.2460,393.3390,317.6130,317.9770,220.5430,175.2060,201.1220,195.6550,151.5090,83.5466,35.7393,103.1840,143.0410,186.7390,206.2940,195.5900,122.8660,159.4710,295.9020,431.5970,513.2780,536.0540,585.6240,575.7630,404.1000,230.9950,131.8910,162.5310,179.9700,135.0630,65.0540,48.0091,34.4499,57.8562,112.8450,140.3830,115.7440,149.9830,124.8870,85.1945,49.0374,18.3592,68.5276,159.4800,257.6770,330.9810,394.7490,418.4010,392.6070,284.7200,215.4760,210.7110,274.1260,295.0630,214.3930,210.2460,203.7880,245.4740,345.1760,437.4360,458.1700,449.0110,463.5820,569.1240,744.3220,1014.1600,1188.2400,1123.8700,1046.4300,1063.9100,977.0160,754.6390,555.7740,605.4850,687.4510,628.0470,635.1220,684.6080,608.1830,490.3370,342.7750,270.6900,248.8770,209.9610,170.2880,157.7010,141.8200,80.1611,31.9947,11.1672,16.2775,8.0695,15.4309,29.8324,67.2605,119.7560,201.4790,342.1570,323.9960,345.9030,232.8430,157.8750,138.4640,176.7160,242.8220,265.8610,280.8250,280.4480,248.6480,248.3500,262.8310,207.1510,125.9780,97.6693,127.6510,143.5660,150.0540,199.1160,218.2970,234.2710,208.9930,224.6050,235.7990,162.1930,69.9486,95.7083,198.5480,201.9960,173.4510,154.7050,124.1330,105.8220,127.7190,148.7300,129.9040,112.6850,95.0585,92.4968,66.5123,50.6419,61.2432,73.6102,91.4095,75.2584,51.7880,42.1744,55.9425,64.9076,70.9891,53.5630,15.3350,56.9249,87.1782,117.8400,122.3150,125.6950,124.2020,127.1340,159.6070,186.0120,210.8840,187.2210,126.5920,69.8132,49.3191,80.0843,89.5978,87.2013,73.3625,55.9448,39.9533,45.8454,54.7433,50.7258,61.2622,65.4925,70.1354,51.4138,42.4224,76.2066,114.8110,110.4550,105.1060,91.7817,72.7201,55.6428,46.8348,41.6397,37.5889,41.5810,46.3072,52.8830,50.9905,48.5797,56.3415,83.1125,95.0352,109.0430,108.5960,104.2950,78.8368,55.6504,41.4368,43.0635,22.1502,41.9475,29.6172,28.3959,27.2708,34.2855,22.1542,14.8194,11.7654,18.6336,26.7039,32.7378,39.2345,43.8414,59.7873,54.6669,40.0352,27.3065,30.0523,33.2445,16.7756,17.8104,17.3816,33.2651,38.3928,19.6502,23.1875,52.6488,68.5782,49.5688,42.2629,47.7877,53.1138,42.4005,9.4680,6.7850,14.6718,13.0111,17.2330,18.2335,15.8673,20.2070,31.4540,43.4286,71.5834,80.9769,70.6335,69.8867,62.7600,38.4235,22.9155,15.3713,15.4492,16.9665,17.5353,26.9855,45.8720,57.0709,54.2191,51.2646,41.7054,32.6473,35.9301,40.3741
49746.5000,49368.0000,38824.3000,46127.8000,56021.3000,44624.4000,32134.7000,26116.0000,22567.5000,19422.1000,14404.3000,10520.8000,8545.5200,8486.4700,7162.2000,6159.3600,6528.6600,5548.4900,4281.6100,3837.1700,3525.8200,2861.1500,2660.3400,2321.1900,1795.0800,1626.6200,1348.6800,999.2750,892.2160,812.9190,755.7170,623.4280,524.6150,326.6280,228.4720,217.3510,146.7780,98.6765,101.9910,100.9640,60.1601,39.2568,70.6800,120.5850,149.4490,181.8960,184.7200,165.4430,119.0050,168.9490,287.1670,402.0180,479.8300,507.0670,580.5010,573.4100,401.5660,244.7160,146.0610,164.2000,181.4500,137.7720,58.9796,31.5046,27.9029,74.0970,146.1950,183.9110,140.9000,180.9880,132.5380,85.5188,33.4458,29.2738,67.0719,163.6530,273.8910,362.1040,435.8530,462.1530,439.8200,339.5120,268.5230,258.1370,324.8610,317.6970,219.2410,200.4040,200.4850,247.1040,331.8810,424.6790,441.2690,413.5420,427.6410,534.3390,716.6870,986.0450,1164.1000,1126.9500,1080.7900,1100.3000,1002.1200,764.6660,585.0510,640.9930,681.8000,624.0100,659.0220,699.9000,616.2230,494.7190,345.4670,270.2720,261.3230,225.9860,172.1790,153.5890,129.8680,70.9221,29.8648,25.6864,43.3419,25.8426,17.9834,9.7858,37.8248,92.3257,177.4110,320.4710,299.2920,345.1360,240.1880,182.3510,160.0450,199.6630,262.6740,262.6970,256.1840,254.3930,248.7200,259.0140,268.5060,213.3160,133.5920,102.1270,135.1250,171.4780,181.4410,199.0530,207.7740,236.3640,230.8180,229.3010,235.8830,178.1570,78.4500,90.2242,194.9580,199.1770,170.2200,153.1270,135.5770,115.9980,126.0500,154.0890,153.9230,125.7490,97.4272,82.3261,63.0320,43.2162,45.4379,58.3671,87.1518,79.9233,58.5853,48.4030,55.3810,68.6215,80.7318,80.6998,22.9274,62.9760,82.8366,109.5790,112.3510,126.7250,127.3930,130.1640,164.5810,191.8690,211.5050,167.9470,112.2250,79.4064,71.1267,90.7502,103.1420,97.0300,91.4664,72.6246,57.7133,78.8329,94.6040,93.2914,99.9814,87.4923,71.3538,28.0461,34.4629,65.9048,91.6559,88.9017,90.1654,100.2760,90.1929,61.9545,46.7127,44.2886,44.7903,44.3980,56.6317,58.0134,41.9243,60.6474,94.8397,108.3700,113.8740,116.3330,119.1610,115.9230,105.9840,76.7822,49.9084,22.6908,8.7280,22.2497,39.1209,46.2611,48.8085,41.2501,35.3646,35.8586,30.9173,39.9396,37.6931,39.1468,40.3237,36.2250,45.6145,42.4495,32.3841,30.2355,28.3447,19.1613,17.3309,30.2641,15.2921,25.7572,35.1896,13.5188,26.8797,34.6383,41.1209,29.0846,27.5523,28.2246,34.1467,26.6869,20.3967,17.8354,6.3532,7.5003,6.5283,8.3019,15.3400,36.9878,59.7018,67.7817,78.8468,81.1220,61.6727,50.2066,42.2077,31.5804,44.1954,61.2331,57.3324,49.1672,34.0979,42.7765,64.3260,67.4867,59.0259,51.5270,52.1667,50.0168,47.3936,27.9494
48892.3000,48694.3000,38196.5000,45251.4000,55039.8000,43856.2000,31571.9000,25743.8000,22302.9000,19188.9000,14283.6000,10364.6000,8334.5300,8333.3900,6982.2800,5941.3400,6371.7100,5383.9800,4128.7200,3695.0300,3411.3700,2782.1100,2577.4500,2313.3000,1774.4300,1629.0200,1396.2500,1035.1000,951.2440,898.6750,830.5800,706.6070,602.6570,384.2590,279.8380,308.2390,238.2480,160.7260,187.9010,192.6810,130.0020,72.5874,72.9673,143.6960,200.8840,228.3410,223.0230,197.2180,147.1230,190.9630,315.9860,446.2720,531.3590,556.4450,593.4610,584.9150,391.1270,220.3740,134.9390,166.1850,180.5040,135.6040,67.3491,39.0403,46.2905,58.7755,96.1528,127.0650,121.1520,183.8990,147.8590,101.2940,55.5166,44.5920,64.5119,141.6220,252.9030,352.5020,452.5790,491.8980,461.1520,356.8040,254.4390,231.2860,291.2900,302.5610,201.3620,180.0750,177.9040,231.0740,308.3040,395.2060,419.6410,413.0120,430.3490,532.6360,705.5600,978.3380,1170.0100,1109.7500,1033.6100,1058.6600,973.1750,764.5460,578.0320,624.5820,659.3530,601.0520,650.2280,693.5110,606.5130,487.5820,344.2690,256.9600,226.3030,201.2200,162.0130,159.4800,140.9810,78.0469,50.0255,10.5034,30.7001,16.5806,29.7333,50.7807,76.4383,127.0300,218.6930,347.8370,326.7350,342.7210,216.4520,142.7910,118.9990,163.5610,233.2550,254.5660,264.8810,276.1730,249.4660,241.2290,253.2900,222.6900,141.9780,97.9595,133.7030,167.4020,180.6870,190.3500,197.9860,223.7800,226.8560,234.2790,235.3210,185.9860,91.0434,87.0431,201.8250,221.5110,193.4280,161.2860,125.0060,113.9750,126.8400,149.1670,145.7390,129.8680,111.3310,95.8120,64.1216,65.0053,66.7751,68.8326,65.3133,72.0034,74.7568,59.2258,66.4764,71.5471,71.2210,41.9412,17.0668,51.6691,92.8059,134.1460,141.1420,122.0890,115.2980,131.3780,163.7370,183.8900,197.4550,170.6450,119.8600,85.9055,80.8252,96.7897,113.8960,113.7340,105.8620,83.6870,64.8335,75.4656,82.1428,77.5102,83.7307,77.6234,64.2640,30.0751,36.8183,69.9653,82.6578,78.9841,87.3104,98.9851,86.5415,53.9123,35.5704,36.0215,40.9185,35.4491,32.4989,39.1964,46.2769,56.4863,67.9884,88.1880,97.9725,107.5140,96.5985,90.0465,95.5872,66.5563,50.0684,15.9953,14.4938,33.2847,55.6185,51.6948,43.3777,18.7149,23.3168,34.7487,24.9712,34.4489,25.7710,30.3508,32.8119,48.7684,58.4449,50.1034,46.8947,42.4170,42.9636,35.3676,26.3813,26.3832,23.2356,26.3546,28.9993,13.4325,34.1361,38.0816,54.0063,46.2039,50.7052,52.1559,54.5088,44.9091,28.9756,20.4141,5.8407,18.9606,16.3403,9.3666,27.1472,49.3212,54.5122,49.0975,58.4487,67.6959,52.0713,54.5517,46.3065,42.7561,45.0619,39.0004,26.8995,29.9319,34.0501,39.1722,47.1472,54.5087,38.2613,35.3510,50.7764,54.1897,51.6888,44.4135
49465.4000,48785.3000,38305.0000,45393.4000,55282.7000,44377.7000,32027.0000,26177.9000,22714.2000,19618.2000,14591.0000,10528.3000,8565.4400,8491.2900,7060.6400,6062.8500,6451.1000,5452.2300,4211.5700,3752.5400,3471.3900,2861.3400,2640.4300,2360.0800,1815.9700,1660.8100,1406.4700,1037.7400,949.0230,886.6380,808.1540,672.1710,559.4940,356.2690,273.8350,287.4310,208.1060,167.8930,199.1090,180.4240,126.8000,74.3538,79.0366,149.1930,213.6020,242.2220,235.3330,212.1980,160.3740,196.9310,313.8770,444.5810,532.9730,552.7070,605.7510,591.4130,411.3910,247.8360,155.1990,171.0110,185.4950,132.8030,65.4621,45.2209,39.7055,65.0482,111.5400,143.7820,102.3570,143.1670,104.6440,73.6113,40.7048,11.8503,67.8983,166.6270,263.5340,347.8000,422.7640,452.4280,429.7930,319.5440,226.1080,171.3860,249.5770,291.8330,231.0690,224.3270,225.2160,270.8300,350.5310,444.9830,457.3580,430.9990,434.0320,539.6290,719.3510,981.3110,1175.4600,1130.0900,1050.0800,1067.8900,969.2000,769.3560,582.7650,617.3280,665.9650,620.6250,673.2920,707.9480,606.7220,481.5610,351.6780,275.2030,240.5140,220.0720,167.7720,168.0860,127.0240,71.1645,58.0720,25.4136,33.4713,19.0579,27.4513,40.1479,74.7913,128.3030,208.7240,335.4730,318.8250,363.2480,255.2730,187.0540,164.1040,175.5280,238.7030,256.0470,258.4850,265.3290,253.1080,258.1010,259.6940,217.8850,148.7450,113.1180,133.3880,162.3540,174.8390,175.8460,180.3310,212.1770,218.1940,218.2720,212.2610,162.0970,75.7037,85.4094,189.0340,207.2390,180.1280,158.6300,128.7400,122.6910,135.3940,140.0260,136.8340,111.4110,86.2737,63.6600,53.6367,49.5517,50.0676,59.2448,78.0078,85.0292,64.0536,41.7584,47.3377,61.8085,78.2664,70.5724,28.1022,62.6341,79.1588,100.4950,113.1290,120.7170,125.6900,142.6990,178.5930,193.8430,207.5770,178.5740,129.6400,100.9900,88.4729,94.6966,97.1939,95.5641,83.5620,62.8793,41.0616,52.3469,78.1217,82.9750,85.1976,79.2822,72.5900,28.9451,31.8601,72.2440,98.5851,90.2994,89.0556,94.4440,80.4021,48.3485,46.7065,56.1237,57.7748,47.9083,49.2135,54.8313,55.6589,66.6563,85.3402,107.8470,116.5710,121.3800,119.4200,116.4810,94.8157,63.6074,42.6047,25.2212,7.6780,40.1378,46.9089,44.9722,38.7745,37.9018,38.3995,34.8942,18.6533,16.7907,17.4510,30.2777,37.7116,45.3580,57.6438,56.2508,53.4271,37.8434,33.4725,37.7996,29.7713,26.9926,37.0596,40.4597,36.8617,15.7562,22.8972,48.0579,58.8939,47.9418,43.7272,39.8606,34.1890,24.3227,9.3833,16.9333,13.7762,10.0968,6.5120,18.1468,21.0457,34.1946,50.7725,55.8412,70.6610,76.4452,69.3363,63.3290,64.5667,37.3323,46.5412,35.9449,31.3162,33.3205,37.2059,47.9442,59.0339,64.3270,55.2720,42.6837,45.8238,56.5048,62.6992,58.0203
49831.0000,49265.2000,38708.8000,46035.5000,55967.1000,44676.6000,32211.8000,26092.9000,22509.0000,19431.6000,14363.7000,10416.2000,8480.2600,8420.1700,7074.1100,6081.6500,6463.6800,5492.9900,4219.9500,3798.0900,3463.0100,2789.9400,2624.9600,2286.4800,1779.5100,1620.3500,1360.9100,1033.4600,916.7230,831.2520,797.1360,676.3300,565.0970,351.6310,257.9680,269.0740,185.9280,113.2180,123.5390,129.8630,95.2912,81.2133,60.1230,122.4570,141.1320,155.7060,161.1530,152.7060,97.8588,135.6650,258.4120,369.2950,459.1530,506.3930,620.1090,618.7820,442.0360,284.7400,167.4250,157.3870,174.3230,135.4100,73.3148,39.0194,47.8463,79.8332,135.9000,165.5630,119.1960,159.6010,119.9860,82.1336,42.4638,25.8059,60.9004,123.5660,219.3840,306.4230,392.1430,429.5050,391.5120,277.2010,185.0130,151.1950,237.1590,279.5980,227.5530,228.0680,226.1700,266.7970,359.6840,442.2680,449.3730,428.6160,439.3180,536.5620,711.3720,981.1520,1169.3900,1116.8100,1050.0600,1069.7700,965.5970,766.2050,582.1210,611.3140,664.8860,618.3420,653.7090,677.4660,575.8100,443.5600,336.1510,254.4840,215.2810,182.8170,134.1640,140.4190,126.8000,84.8812,59.3099,18.2688,20.2886,7.7835,14.7431,31.3307,61.5691,102.9930,178.4130,303.5810,285.5460,350.2270,250.5330,196.4560,171.8290,193.7010,259.0050,277.0190,288.6020,285.3470,271.0810,259.2770,261.5650,227.8150,146.0120,106.0660,143.4890,175.5090,181.9030,188.2170,196.6500,229.6320,229.8470,219.1240,218.6450,155.9210,69.3669,101.0780,197.7810,205.7880,180.3110,166.6240,134.8260,113.6600,125.1980,158.4050,154.0280,126.3450,103.5040,93.5088,73.2152,44.9421,42.9350,46.9928,61.0115,55.8094,42.8730,29.4481,39.3600,53.1394,68.8074,57.3906,37.1544,71.2427,85.1276,110.3170,120.8430,127.9780,131.1700,136.9080,172.8620,195.7640,212.3950,174.0760,122.9610,88.9673,82.5363,96.1601,94.8723,95.8794,83.4769,67.1142,48.7490,46.5454,62.1540,83.7354,86.2198,75.1749,57.8351,38.2088,41.2894,73.3091,101.6440,90.7747,88.4952,89.4129,88.3499,68.5049,63.9979,63.0620,64.5103,58.9763,60.1101,64.6331,60.5624,52.0031,63.2050,87.1744,94.0578,95.8696,97.1397,97.1611,77.7728,56.9708,44.2201,34.1851,23.6872,32.9490,41.9235,46.7533,45.3229,43.0348,38.9794,21.4193,13.9298,11.6495,38.6677,42.1073,57.2285,52.3713,55.2977,48.6015,40.0850,20.8364,20.7224,17.9908,12.7412,14.5213,28.3956,34.2699,35.0868,27.2957,21.2717,28.9983,55.1187,52.9351,40.9368,36.6334,33.3131,26.5480,11.0461,14.7171,26.2155,22.5142,16.5777,13.3518,15.1570,24.2596,47.5831,48.8413,67.2514,66.8336,52.6438,55.3315,61.5827,48.7834,54.0591,43.0219,36.3891,31.8472,31.0115,34.1189,47.7954,55.7067,43.7004,38.2010,43.1422,52.6469,59.3221,60.8464
49024.6000,48820.7000,38311.6000,45463.9000,55233.3000,43917.0000,31611.2000,25759.5000,22288.1000,19150.9000,14241.6000,10381.6000,8376.8500,8370.5300,7024.9200,6011.8300,6442.2900,5440.2500,4171.4400,3742.0700,3450.1200,2815.5300,2628.1000,2339.1500,1815.6700,1666.8400,1408.7800,1057.9800,952.9690,874.7040,826.8810,691.9410,585.6090,377.4070,296.1170,288.8480,198.7070,149.1570,154.5030,148.1540,118.9400,71.4504,40.7650,96.6598,142.0810,181.9210,201.3470,189.5350,121.0500,153.2440,289.0290,418.9220,514.8280,554.8340,622.9920,604.1590,409.7020,241.5090,134.6720,131.6270,142.0520,114.0280,61.4672,33.1619,60.2954,73.1960,107.6180,131.4080,113.6160,163.8290,138.6790,98.7145,55.7855,23.5397,64.0284,140.4560,234.8100,311.6030,390.2370,415.6920,356.7880,235.2530,138.9900,142.3250,224.8350,239.8540,195.5390,191.9870,205.7820,271.0590,348.1460,423.5200,450.1880,426.3280,435.3020,503.4050,689.4390,974.4800,1154.9000,1095.3200,1039.4700,1067.5000,966.4350,775.5730,595.8120,632.1540,703.3500,652.8760,668.7980,704.3420,619.9150,496.5330,353.1900,259.6710,234.1160,215.6610,161.4290,177.0830,151.7580,107.5100,86.0725,33.3811,22.8400,30.9190,40.9003,54.8108,71.4850,112.3430,197.0900,324.2140,294.5200,333.7570,227.0000,178.9190,169.8930,200.2180,254.0110,275.9680,278.6450,277.0470,251.5800,265.4590,272.4350,215.2200,149.3950,125.4060,150.6660,175.7160,186.8010,188.9820,194.5950,223.9130,228.5860,226.4920,214.2790,153.6080,70.7051,100.3590,197.2800,209.4660,192.0620,169.1510,150.7240,133.3930,143.0780,168.8550,165.4370,127.4640,89.6256,64.6916,46.2533,49.1703,52.2355,79.4036,84.5784,81.0657,76.2164,60.4870,57.0132,71.8240,82.3531,62.8126,19.3422,63.5928,97.8055,141.5020,154.4780,145.3610,141.3260,161.0440,204.0100,222.9400,231.6360,198.2010,150.8800,113.3650,97.8829,107.9330,107.4200,106.6190,95.3442,69.8562,40.2966,39.0772,48.1533,54.3263,71.0459,69.1187,67.2107,17.3414,19.9780,53.1863,74.0912,81.8990,89.4358,103.0390,97.8537,79.3401,59.3845,41.3575,35.1015,42.9549,52.7465,51.8654,39.3586,44.9452,76.9926,98.4275,98.5140,93.4310,83.5023,85.8008,77.9175,56.2221,47.0228,45.7396,40.6138,62.8154,67.4606,51.8677,43.5921,36.4120,34.0485,25.5381,19.6214,30.8914,42.3490,46.2631,42.7774,33.2193,61.6783,61.8625,50.2852,25.6195,26.4561,41.1657,33.4375,23.7956,28.9321,27.5967,27.6277,14.2758,26.0106,51.4309,80.5495,63.4174,52.8598,47.0446,38.8429,20.2470,14.5566,15.9512,24.9355,26.0255,15.4752,24.2705,28.8117,36.7422,31.0878,33.7645,50.5535,64.0481,54.4270,55.4878,52.6098,25.9670,29.3135,18.5638,22.9104,27.6891,36.1450,41.7846,59.9313,63.2398,59.1083,57.7748,56.7674,51.3685,54.9550,60.4247
49276.0000,48694.1000,38226.7000,45269.5000,55124.5000,44214.4000,31887.7000,26099.0000,22670.7000,19556.1000,14571.7000,10536.4000,8540.0800,8458.1400,7062.2900,6077.6100,6451.2000,5439.1300,4202.2400,3743.6900,3480.8900,2870.7500,2638.4200,2323.0700,1754.6300,1627.9600,1407.6200,1037.5700,944.6830,882.7800,808.3180,689.0790,571.1740,357.8320,280.5010,300.6740,212.1500,164.9390,203.9720,183.7590,121.0760,75.0878,91.3567,146.1400,185.4540,216.3990,219.7590,210.9440,156.0720,194.3120,320.1680,446.0970,524.5940,542.2220,589.7830,576.5280,394.9530,227.4750,119.0000,140.1370,158.8940,115.0790,39.7433,14.8459,44.4817,74.1901,113.8750,124.1250,91.6059,132.9680,110.5960,83.7327,48.2506,39.3778,72.4801,159.4850,254.3910,324.3910,376.7450,389.6670,368.5000,266.0470,190.6160,177.6740,228.0950,239.2020,168.4840,171.0370,182.3090,235.5620,320.1720,416.4340,444.5450,414.8610,417.4430,514.9380,723.1020,998.2420,1176.6100,1120.2900,1048.4600,1076.8600,978.8280,795.2360,597.9970,623.1450,692.6500,641.7350,656.6990,690.1470,602.1820,475.8600,333.7430,242.0100,221.0540,206.6630,152.5620,169.5590,132.7300,84.4795,65.3132,19.0383,22.0592,11.4666,25.1696,52.3787,88.9373,131.8300,198.8580,331.9770,322.1760,383.6720,275.6400,205.1070,180.1250,210.0930,269.2130,274.1750,282.9050,280.0940,259.3940,252.3660,266.0850,227.7890,155.6360,120.6990,133.6480,156.4660,172.6420,180.9150,181.7500,206.2940,221.1550,231.9830,220.7420,151.9870,75.5257,117.9930,216.4030,223.8150,199.9930,177.4780,149.0880,130.5010,132.3670,138.5550,133.5320,113.8800,89.4697,72.3471,42.9203,32.4411,40.6880,63.7249,74.0195,62.9714,61.8550,50.0023,32.5086,38.7801,51.1390,48.9531,25.7680,54.4733,85.4869,114.3370,129.1090,124.8530,131.3580,140.7740,167.6710,190.3950,214.7300,191.0690,127.3940,90.4853,87.5973,102.6900,101.7910,96.4095,77.7068,65.6532,49.3852,53.5116,74.1868,78.0224,76.0723,61.8457,45.3660,19.0125,44.9199,65.1495,62.4373,59.8744,53.2266,66.0503,53.1719,36.5101,30.0472,25.8965,24.0057,36.9691,56.1901,61.5175,57.9566,58.7575,64.5999,92.7997,107.9180,121.9580,117.1200,109.3220,95.6927,61.6958,32.8680,3.7094,7.6572,31.3613,65.5773,62.8642,58.2850,49.8335,53.7332,51.2626,31.4408,26.4656,23.8597,30.3379,41.9974,46.5185,56.5023,54.9461,48.3515,29.7166,21.8211,25.6510,19.4162,15.6683,18.5476,33.5289,39.4482,27.0983,25.7172,45.6165,67.0944,59.7481,56.9278,49.2193,38.9080,29.6101,14.2905,15.9853,22.2305,18.3229,14.5996,20.0336,18.0519,20.5978,21.8288,36.3490,56.8280,79.4429,61.9312,51.2928,36.4170,18.4634,40.2811,39.8383,37.2015,40.0659,52.0814,63.1455,53.1745,51.2572,63.0215,65.7062,61.7050,62.0691,61.8937,53.9997
49842.3000,49201.4000,38657.2000,45981.7000,55916.0000,44690.1000,32233.8000,26166.9000,22599.6000,19524.8000,14422.5000,10414.8000,8494.1400,8444.1500,7064.1200,6052.6000,6433.4500,5470.3000,4197.2200,3768.7400,3439.1200,2783.8000,2614.5000,2290.2300,1797.3900,1643.7600,1382.3600,1044.5400,906.0660,813.1770,782.6480,665.9850,555.8860,355.2550,248.6180,232.5180,159.8500,105.5690,110.7650,115.9650,83.7445,61.5189,38.1234,94.8263,123.1490,146.2570,146.2860,130.7060,83.0287,128.9860,245.3720,379.2930,472.6670,502.7270,588.2550,584.8390,415.1230,250.0980,130.7160,147.9000,169.0650,126.6400,35.8750,10.1108,37.7777,86.9921,136.9110,168.5300,118.4580,164.7320,127.7240,89.3618,36.2879,41.0393,73.8194,141.7840,244.4080,330.3920,411.8010,455.5890,440.3200,337.4370,245.7690,224.2640,277.7830,283.9880,193.7350,180.8940,182.5430,240.9750,329.9540,414.1180,432.1220,392.0360,396.9380,493.1610,701.0400,973.8260,1156.7300,1119.0400,1058.1200,1076.9000,972.5120,789.1070,611.1330,644.6720,684.0660,621.8980,662.5130,698.4210,600.4740,471.4150,336.6380,249.9980,220.7330,195.3180,145.4520,158.1890,140.1770,102.6390,79.2896,31.9362,25.8854,13.4300,18.3738,39.6063,73.5977,130.0600,213.0970,346.3580,325.4860,378.8620,265.5180,199.9760,175.0490,192.2820,257.0910,280.8750,279.5340,281.1320,244.5330,246.9090,258.3620,218.3050,138.1460,95.6475,128.4390,159.6150,159.4380,161.5970,181.6260,214.7930,223.1550,235.2600,230.9790,158.5970,72.7709,110.8190,210.5010,221.4370,198.7840,183.1850,142.6520,115.6850,133.1940,159.4880,160.7590,142.3960,115.3030,96.4926,66.2823,49.3452,45.6049,49.7191,58.8413,62.7141,53.9012,42.7706,48.4985,59.5805,62.8466,48.8336,28.8834,77.4015,108.5210,131.2500,131.2340,146.5470,150.8550,152.4620,189.2860,209.6780,226.9180,200.7830,142.4670,91.3925,88.7992,110.2730,103.3460,93.0688,70.4934,53.8049,41.1298,58.8480,70.2458,58.5266,61.3320,55.6302,38.4484,30.5454,48.7401,71.8636,82.6508,70.4781,67.9292,74.6766,78.4570,66.3257,55.6938,51.6990,51.4415,55.4740,63.3731,65.4357,49.9497,46.3906,72.4361,89.9256,95.3949,96.3883,103.5040,100.9430,83.8299,60.4649,43.6688,27.6949,15.4918,29.5250,47.8790,44.1679,39.8612,24.1323,22.3018,29.5849,27.0116,40.2497,34.4576,36.4280,40.2372,54.2647,55.5950,45.6779,34.0871,21.1364,24.9639,30.2547,21.7062,14.7378,25.1433,24.4209,49.4594,27.9656,28.0728,15.0489,23.3144,22.6711,21.7096,26.0928,39.7001,42.3282,37.4031,28.7850,12.7568,10.4498,6.1276,7.9179,11.0278,20.0300,39.2329,42.6713,45.9660,52.8487,43.2488,41.1681,43.2054,32.9840,41.9277,32.3662,22.3701,20.9369,28.5251,38.3205,48.2150,60.9329,53.7932,39.0492,23.3771,24.4886,30.7702,28.5783
49092.6000,48932.7000,38446.5000,45629.5000,55397.9000,44046.9000,31711.3000,25784.2000,22277.4000,19160.5000,14226.2000,10339.4000,8324.8300,8333.7700,7020.6000,5990.8100,6408.1100,5435.9700,4181.2100,3744.2500,3461.4800,2830.3000,2640.8800,2327.2100,1796.3500,1642.2600,1385.2300,1033.5500,926.6330,845.5010,790.1030,651.7980,564.3940,370.0700,271.0300,262.3530,184.9870,135.4660,154.8710,156.6430,114.6880,57.8156,27.1879,92.0256,137.1110,165.8210,173.9760,153.6100,93.3103,141.9020,283.6630,431.5620,523.1220,550.7680,605.5370,574.0930,386.2910,224.6540,125.4120,131.8680,136.1660,106.0750,27.7080,12.5006,40.7985,83.4856,121.7960,157.2030,108.5180,139.6500,103.7550,73.3420,41.1294,31.3999,63.0801,126.1090,220.6190,308.7090,398.7280,445.6280,438.6740,344.0760,256.7960,211.1620,278.7020,305.2020,229.7650,212.0100,203.7200,265.9320,372.4680,456.0580,449.6880,403.3550,406.4870,512.9810,710.1450,989.7460,1189.0700,1130.9200,1052.0400,1066.0900,962.2860,781.4680,606.2170,631.7920,684.0240,631.1480,644.5180,684.4130,603.9700,481.7620,339.4750,253.1480,227.4820,200.0160,147.8880,163.0580,130.3110,80.1300,62.4639,23.1318,17.9186,11.0152,21.8693,48.9613,88.7782,127.7850,205.9760,354.3660,333.0980,363.9160,234.0090,163.7950,143.4840,174.9460,239.1690,260.3430,260.5450,275.5740,260.7580,265.5970,271.0240,227.4810,139.4450,98.8664,117.0560,134.5500,161.5730,187.0580,191.7950,213.7560,218.6090,233.6870,218.8670,153.4480,76.4332,110.5460,208.8330,218.6180,188.0640,174.3730,148.4990,129.4500,126.4260,142.7580,146.9210,127.0230,100.8310,80.5149,59.7885,58.7023,56.0759,63.3318,74.4504,87.9925,71.9562,53.6614,58.5226,65.9396,71.1178,51.8888,23.9760,80.8743,113.4980,147.7440,134.5190,129.9390,134.7730,134.6400,160.5970,181.3540,200.3510,164.0370,107.4060,82.8538,73.7786,81.5278,90.4314,85.8627,75.5008,62.4045,40.5280,47.2804,67.8920,64.5516,63.6264,55.1369,40.1644,27.6154,45.5893,67.1381,73.2024,71.9947,73.2180,80.6737,75.1517,56.7496,48.9504,44.5792,44.5585,39.4149,42.6980,56.0080,63.0816,74.1281,85.5086,91.8259,96.0604,112.6360,124.0320,115.6690,90.1302,60.8332,39.2623,26.3295,24.6433,51.7352,67.4607,67.3436,65.5870,60.7043,56.7355,44.1674,16.1684,13.1407,21.0997,22.3395,32.5892,50.5909,54.6278,50.0942,45.0501,33.3518,27.7874,30.9308,25.4445,16.8341,14.0148,22.7468,42.2707,27.8725,32.9488,23.5889,33.8690,22.5389,18.7822,19.8264,21.5141,18.8301,15.1960,22.8384,38.8749,32.8287,18.2913,9.6078,26.8609,42.6157,54.2946,50.9928,62.2428,75.5178,66.2015,57.9063,48.2437,22.5922,29.4198,31.4951,32.1930,29.4928,31.4077,47.5922,61.6295,68.6161,63.7948,48.0359,38.7811,49.4817,56.6510,33.7474
49000.4000,48532.1000,38070.5000,45103.1000,54964.6000,44007.7000,31703.4000,25909.3000,22509.7000,19415.8000,14435.1000,10395.1000,8411.4500,8367.1600,6970.3200,5989.3300,6375.0100,5369.2800,4160.0700,3707.7300,3405.0900,2786.0000,2578.5700,2319.3200,1785.2200,1635.6200,1387.2800,1033.2000,956.0970,890.7200,812.3830,687.4520,576.4200,381.1760,298.2960,310.5640,219.9460,170.0390,213.0820,201.8650,141.6150,89.8505,74.0303,129.9400,169.5640,200.3480,202.5920,179.4620,116.2750,168.6310,310.3750,439.5380,522.1940,551.4990,607.3540,596.2700,403.0490,235.4620,134.5790,151.8640,163.5690,125.3260,63.3544,36.0442,20.0696,60.2298,112.0810,144.1400,102.1180,138.4950,113.0450,90.0353,67.3185,16.4682,63.7036,128.0310,219.0530,305.6200,396.8470,441.3840,424.8620,327.0590,245.5780,197.2800,272.6050,306.4210,240.6300,222.6160,213.7900,269.7620,355.1100,433.2150,430.3710,391.2580,387.4460,503.9600,705.4800,975.2470,1185.6400,1123.2200,1026.3700,1041.8600,939.3110,742.2810,576.9820,619.7190,680.9560,644.2400,670.9040,690.3010,595.9190,469.1730,324.3380,237.3850,211.9150,177.5900,140.2780,161.4510,149.7940,109.0430,97.0136,36.4192,12.2487,35.8336,44.8024,61.3471,89.6516,135.1190,203.8130,309.0520,280.2680,329.6890,228.4890,196.1360,175.9540,206.0980,269.5670,280.0770,277.0820,277.4450,258.8010,264.4060,279.6060,219.2840,139.2410,118.3400,132.4860,164.4990,197.0390,207.4340,201.0730,229.5530,244.4950,239.8010,208.2850,156.9060,85.3714,115.3170,218.2830,227.4150,194.8070,175.0530,143.4950,121.5460,128.1160,153.6050,147.1160,121.1240,94.6664,78.6099,50.8845,46.5471,57.0120,66.3746,74.0564,55.6571,45.3882,39.0114,41.7342,55.9606,61.6451,58.9184,13.6146,78.2363,101.7280,135.2230,131.6280,128.0360,145.9890,156.6160,175.7610,184.8140,197.2720,183.0050,128.2140,89.9214,88.4258,94.0874,91.2550,90.5636,85.1119,66.8529,40.1329,38.2064,49.4286,56.3448,62.4912,58.3574,51.8139,12.7857,26.1139,50.7002,73.8993,65.8946,64.9370,72.1653,74.1736,62.9095,48.6730,31.3943,33.9889,42.7239,45.3050,51.1160,61.3262,75.8785,99.5950,112.4190,115.9810,121.4010,125.2270,105.0980,84.9117,73.6485,51.9420,30.7289,10.8565,35.0771,61.6204,59.8698,55.3982,38.0761,31.1367,39.0510,27.1786,34.4469,30.4205,37.6677,46.7507,70.0515,74.2874,55.0239,47.1996,48.1197,48.9227,32.5479,16.2229,11.1955,7.5450,17.4196,33.3375,14.5231,19.1471,30.9216,31.1661,27.3288,34.1071,38.7990,36.3659,20.3300,16.0647,20.7437,12.0795,14.4015,7.5437,5.0593,11.4744,24.4641,40.6280,47.9355,65.6548,73.3648,52.5450,47.4076,39.4269,28.4180,40.7067,42.0658,34.9737,24.2525,20.1981,37.9140,61.6009,62.9620,42.5006,29.7488,31.3366,37.6967,37.2305,30.9187
49771.2000,49126.8000,38635.4000,45896.6000,55854.7000,44734.4000,32264.6000,26201.8000,22648.0000,19576.8000,14475.3000,10431.9000,8492.9100,8437.3900,7075.2400,6067.3600,6410.8400,5442.2700,4210.6600,3781.5300,3461.3500,2809.3200,2637.8600,2317.6200,1809.0400,1645.7500,1398.0500,1074.8000,933.0460,831.6060,806.4780,691.1530,576.6220,368.3210,277.9200,267.6660,184.9010,133.5600,138.7720,132.3190,102.3300,63.6185,15.3789,77.4646,116.2490,144.7570,155.3180,140.2090,84.4596,142.3310,283.1330,412.3440,502.4330,544.0940,620.0040,608.4140,424.7370,251.9340,156.6920,172.4870,175.7910,125.1740,43.4835,19.7588,39.4144,89.3879,119.0080,153.9440,96.5126,147.3960,114.4630,87.0974,42.4713,28.9669,42.9734,125.7310,237.9090,335.6520,407.5910,447.9790,450.4860,344.3470,258.5000,188.6880,278.3880,319.3460,261.1020,246.6500,245.3770,294.7350,366.3880,431.1280,423.9970,385.8290,383.4920,499.3250,719.1090,991.7580,1165.1800,1111.8100,1045.3500,1043.7800,927.8360,743.0910,585.4080,611.6140,684.7030,645.0440,654.6480,688.5210,600.6190,473.9300,336.0430,241.3850,203.4130,182.4420,134.9840,161.3210,136.0710,91.0260,82.2015,35.5697,18.9755,18.0916,27.5749,40.6244,71.9685,114.1350,180.6120,297.7700,271.9500,333.4470,220.2260,186.2980,167.8650,214.2080,270.1040,277.5220,280.0980,282.3110,252.3560,252.7770,270.6070,212.4930,133.9970,120.0390,136.4060,143.2480,162.4420,188.7070,193.4210,220.0120,229.0910,252.6160,241.1300,157.9960,77.0525,120.8740,215.5610,226.1680,197.8380,183.0950,149.0010,126.8740,121.0150,142.4800,148.4280,113.7300,79.8147,53.7811,40.2077,31.7457,38.7056,59.9848,69.6144,66.9718,56.9563,45.7715,31.6669,38.6130,52.5917,53.5424,31.4301,72.9767,95.8123,127.4110,147.5120,149.6100,131.6860,144.8530,180.3150,201.8680,214.8100,200.2320,148.6020,94.5920,85.9844,99.3576,92.2092,88.6182,73.0952,66.7836,58.0425,59.1833,69.6785,78.0034,86.5058,71.8487,54.1106,26.4734,48.8716,80.0197,97.3412,91.7017,86.1689,93.1825,66.6582,45.7456,39.5804,46.4276,53.2701,53.7606,50.1576,59.3534,69.6012,70.3287,89.3137,110.4390,116.5280,113.9940,114.1710,120.1600,102.0120,72.6134,47.8031,23.3329,15.0894,20.2828,42.6659,50.3277,45.0046,32.3129,17.6565,25.0639,24.7746,33.8893,40.8339,53.8280,50.7556,43.7986,52.7670,46.7663,39.7674,18.1473,20.7211,34.3262,25.2891,22.8397,27.5401,23.2548,20.1086,15.7120,26.9689,41.0283,42.4700,45.3005,45.8875,45.1690,44.4944,39.9365,18.2496,7.4136,9.5767,11.9284,13.6068,11.4069,6.4427,17.8522,37.6524,41.2148,50.2945,61.7784,61.1133,61.4707,52.8492,30.0084,29.3494,27.2363,23.9375,24.7280,28.6043,41.1889,51.3119,61.2625,65.2409,50.9633,30.2907,32.1224,46.2583,47.3923
49338.1000,49129.0000,38615.7000,45883.6000,55728.6000,44252.1000,31804.4000,25868.3000,22405.0000,19248.3000,14292.5000,10449.1000,8430.8200,8432.9000,7140.7400,6104.2900,6508.7300,5530.8300,4253.0000,3803.0700,3491.8000,2837.1400,2635.6400,2323.0000,1788.9900,1652.3000,1400.4500,1032.6800,918.8720,830.2810,774.3750,644.7270,543.8750,351.1190,255.7670,245.2660,155.1400,99.4058,122.3650,127.0650,88.2433,41.0586,39.1709,95.6590,133.3200,168.0000,179.4880,162.2360,92.3406,145.8180,279.9520,407.3820,504.0360,540.3540,618.8070,603.5970,417.4990,243.5020,128.8430,148.1010,161.8850,121.9880,32.2588,10.5885,45.1165,92.8500,121.7500,144.7920,83.6566,125.1460,97.5989,84.1898,44.8620,22.0645,46.9992,108.9930,205.8240,296.3900,389.0460,436.0510,418.7110,325.0880,239.1710,163.9340,264.0830,316.5430,266.8320,257.2910,257.2600,319.8710,396.4830,451.0220,435.9000,379.6480,374.6000,497.1640,720.2300,987.3510,1160.7900,1102.6400,1015.8900,1021.4500,912.6880,717.9540,559.9930,607.7950,670.5830,604.7300,639.7380,682.1700,579.0920,446.4710,333.5480,256.6670,218.4520,190.8820,136.8580,149.1720,120.1850,85.1211,67.7364,27.5525,14.5458,23.5636,30.1527,43.1147,73.1274,124.2030,199.9120,321.0400,289.1560,346.1830,225.8630,183.3800,153.0540,198.5740,270.7000,272.5050,277.5240,277.9550,262.8680,249.6140,255.6460,220.9250,144.9260,116.7080,142.8020,162.7430,175.1540,190.5970,201.7390,225.6820,241.8210,245.5420,234.3530,170.6980,88.5821,129.8660,237.9220,243.0330,209.4850,187.0550,145.1220,107.0660,116.4340,161.9170,163.0390,116.7850,74.1381,49.7870,37.4945,42.4118,34.1794,52.1940,47.2986,46.0870,38.1870,22.4932,34.3729,64.2308,69.1752,56.9739,20.5075,69.8205,108.4310,138.3950,148.7440,156.5070,141.5430,141.1390,176.9350,197.6890,211.1560,188.2330,141.6360,92.8292,79.9867,91.3105,93.6018,91.2976,80.8552,62.5178,47.9876,49.3198,55.9970,75.9996,83.5784,69.2396,51.6649,28.7884,39.8402,69.1629,98.3165,96.5702,95.2164,103.7600,91.1324,79.5855,71.0387,61.5380,49.2609,53.4417,61.1517,48.7191,49.8767,67.2870,84.8123,100.5300,115.1660,119.2080,101.2770,102.0910,106.7530,77.4744,55.3383,22.7479,8.7520,38.1124,62.0113,63.1286,56.5209,36.4742,38.4735,36.3810,24.8639,26.0441,35.0779,49.1657,69.3161,55.7576,53.4380,55.3301,56.3663,50.2348,44.9848,52.0575,56.9702,50.6697,47.3078,29.3063,15.3161,11.7014,20.2998,30.1858,33.3768,41.3903,36.6935,33.7465,23.7839,26.3345,18.1228,11.4133,11.3856,9.7053,5.5353,21.1083,26.3533,39.9347,45.7322,41.9209,52.5950,52.9417,48.3283,45.6359,48.2907,31.2915,40.7270,34.4064,34.7799,20.4591,30.2518,45.3696,50.3285,76.3088,88.7398,73.7633,61.3765,62.2936,72.1852,53.2465
48797.4000,48499.6000,38079.0000,45073.4000,54885.0000,43864.6000,31564.7000,25804.2000,22413.1000,19284.1000,14371.4000,10411.5000,8394.4500,8366.3500,6991.0600,5983.0400,6404.4500,5410.9100,4167.7300,3714.0000,3432.9800,2807.9000,2591.1500,2301.6900,1768.1600,1636.4200,1408.5900,1050.8500,941.8710,864.6990,799.8260,664.4920,552.5260,338.0480,266.9670,297.7470,216.9830,163.0010,199.9810,185.1300,125.2620,78.5272,67.9024,128.7660,175.7410,204.1500,204.2780,192.5470,135.8570,180.1060,322.5150,457.6710,533.2720,556.8080,611.9010,602.5650,410.5680,240.9670,130.8980,148.9550,173.6270,145.9500,65.4573,30.1481,43.8387,80.0153,107.8500,139.1290,86.6672,126.1090,100.1450,87.5189,56.5507,25.2071,46.6681,116.6110,210.0900,293.5120,374.8710,413.5900,381.8150,281.9630,198.5420,144.6520,233.6790,278.1500,234.4470,230.4730,224.4500,288.8240,376.9070,424.0320,416.9910,373.4820,374.0170,484.8480,701.6320,969.3190,1143.9600,1096.3900,1020.9000,1020.0600,908.2800,708.6520,547.0850,587.1290,677.4010,630.8360,640.9550,683.6270,596.1440,472.7280,340.8100,251.5430,199.2310,164.3290,126.9680,145.6720,133.1680,87.8096,60.3710,12.4738,11.8129,25.2498,26.2780,38.3331,61.0416,110.2260,186.6410,314.8090,279.9260,351.4020,236.6110,201.4830,168.4540,215.7040,278.7610,274.4000,281.1350,276.4310,261.6270,249.5190,251.1370,205.4040,135.2990,116.3150,154.8500,169.6180,165.0950,180.5780,201.0560,224.3380,229.3410,232.3010,219.1390,147.9910,70.9603,122.6490,217.5350,213.2190,188.6540,164.8590,139.6110,118.4900,129.8960,149.3330,139.4230,110.0200,81.7729,64.3464,42.2619,25.4169,30.9872,51.0833,67.8626,55.9459,38.6811,18.7134,33.2586,45.5302,55.1843,46.6782,28.6135,78.9896,105.6580,133.9990,152.4810,151.4180,144.6140,154.8900,189.4750,206.7310,215.4160,184.7970,133.7750,101.8260,103.9710,114.5330,104.9940,101.1550,89.4273,82.3383,53.8610,50.2988,77.2495,84.0310,77.0968,77.4428,63.4687,37.5295,41.6220,74.2683,102.7960,86.2071,82.0374,95.8805,94.1790,74.5594,66.9235,56.9555,52.7685,49.1761,51.8295,52.7047,40.8598,39.0478,61.2607,71.8175,81.8207,85.5470,95.9455,95.5069,74.3005,50.5824,34.3398,20.2080,12.0658,22.2581,41.5716,47.2184,49.6588,42.4121,36.1612,28.2852,28.0258,34.4565,34.3539,41.4281,48.7533,59.2364,60.5377,51.7276,39.3377,29.0531,34.3384,40.5253,29.0698,19.1047,12.2009,7.9344,10.6885,6.5181,24.0503,26.9543,35.6126,24.2495,24.6555,24.3515,30.5604,18.1592,16.9020,9.4959,10.1735,7.4195,10.2874,5.5076,17.6731,48.2660,76.9881,81.4110,91.3271,77.8974,57.0713,38.9339,42.2242,28.8185,60.2865,52.2604,45.0858,40.7609,45.9806,57.5564,66.6175,73.7206,61.0816,45.0931,50.5478,59.3299,59.1838,42.0606
49547.9000,48925.6000,38478.9000,45653.8000,55608.1000,44580.8000,32123.1000,26137.9000,22642.6000,19557.5000,14457.6000,10413.5000,8486.2800,8410.7100,7020.0500,6039.8900,6416.3700,5443.9900,4196.9900,3750.7800,3434.3900,2795.6000,2614.3100,2276.4600,1761.7200,1618.7800,1378.5600,1043.1900,913.9700,837.4730,804.4960,678.3500,578.4230,378.0160,295.1890,286.2520,211.4780,157.5220,155.8470,156.8010,122.0480,87.0217,37.6348,107.9790,128.2490,160.8730,179.0100,175.2460,94.9453,138.7530,288.6390,426.7350,517.6850,555.7310,623.5240,605.1090,415.0120,242.4860,139.2290,148.8770,156.9700,127.8910,56.1326,30.6141,62.6546,96.9724,113.2080,129.3820,68.0863,106.5910,89.2071,87.4495,56.7602,17.4970,34.6570,106.7760,195.6670,274.2150,348.6260,401.3380,385.4220,285.2990,182.9160,129.3290,231.7670,283.0340,237.8060,234.4320,235.5090,283.9400,360.6010,418.3810,417.2070,387.6630,386.6410,491.1650,705.3040,980.8310,1152.4700,1096.9500,1018.8200,1016.4600,903.7640,705.1980,546.4340,581.9460,665.5540,619.3700,633.8310,675.3830,584.8760,456.6170,345.9350,256.3000,202.8180,183.3460,141.2520,155.9970,121.4770,73.7094,54.1278,23.1570,11.2286,8.5917,26.7257,42.6840,63.7489,105.1510,194.6200,324.5130,284.7360,337.5130,225.0130,184.3740,169.1180,222.2370,283.7110,274.3430,266.4320,266.6310,267.7360,268.2020,261.7010,206.4090,125.9820,107.0770,142.3600,154.1460,160.7950,179.6330,181.9550,205.0260,196.3270,207.9420,213.6920,142.9270,61.9687,98.4849,199.3460,212.6430,190.3640,169.5920,124.5210,101.3090,121.2930,147.7070,140.9660,116.6330,93.9081,82.4877,68.3111,49.1878,42.3360,48.3059,62.3121,63.1450,45.7566,37.2561,50.3256,59.9720,69.2700,54.9497,33.5413,77.4041,100.0890,137.2370,145.9090,145.8110,147.4660,150.1100,186.8150,211.7890,233.9850,200.3540,148.0740,117.4860,105.1100,118.8540,128.6100,122.5220,108.3510,90.2764,67.5818,74.9773,83.5036,76.4411,83.9570,75.5712,55.8508,27.5684,37.1683,61.1177,81.9112,67.2304,70.6873,77.6221,77.5015,66.0581,62.5441,56.7210,55.4657,35.2202,34.6968,53.9412,44.8213,43.0172,56.5980,68.3686,83.8646,99.6051,106.8510,87.7914,76.0685,60.0011,47.3707,27.3311,15.7907,27.7126,44.4362,41.1726,38.2700,32.3738,29.2396,26.9909,15.2480,28.5154,29.5585,40.2098,47.6692,62.8392,64.5023,59.8128,53.2796,47.0434,36.7570,34.8904,39.1345,31.3514,22.9921,4.2162,16.1407,26.2315,39.3087,33.4767,40.7120,34.9903,27.6052,28.2559,33.1170,42.2822,26.0928,22.6575,6.8178,12.5497,17.5968,15.3880,26.8624,46.7444,56.8797,65.2639,77.0863,84.8613,62.7082,51.4786,42.5287,25.6182,30.8879,26.2087,18.1562,14.8754,29.1475,45.7190,66.0232,66.2910,56.3265,54.5583,59.2908,66.2473,68.9547,56.7728
49392.0000,49207.4000,38725.3000,45970.8000,55848.1000,44432.8000,31946.3000,25933.3000,22420.1000,19275.8000,14297.4000,10439.9000,8435.7200,8412.4100,7131.1900,6109.5400,6489.8100,5515.8600,4236.5400,3785.8100,3475.3900,2822.9600,2619.0700,2298.6800,1774.0900,1623.3900,1362.7100,1006.8300,900.2280,816.4590,752.1150,614.1770,518.2790,326.0530,229.9770,233.2080,154.8410,100.8450,129.9380,128.6980,85.1136,36.8484,35.5355,109.4880,153.6500,170.2740,166.3810,143.2770,93.2255,142.3640,260.9170,382.3460,487.7400,533.0130,627.2600,621.2850,438.5210,278.7780,176.9950,182.6130,202.6210,164.8980,68.6980,22.7233,31.2184,81.8385,131.7840,167.4340,97.2642,113.6980,62.8123,70.3767,40.4629,50.8687,58.8480,125.6860,219.7460,267.1270,330.3650,342.3710,300.8910,195.6660,118.7570,105.6730,208.9320,257.6700,223.1560,232.1080,243.8350,293.1900,360.6540,432.7440,440.8400,396.8030,392.2370,491.3490,713.3000,998.0390,1170.1200,1085.9500,992.4350,1006.0500,901.5030,685.7860,524.1770,572.5230,649.1700,607.0360,630.6650,668.1750,582.9950,460.5290,321.9410,214.3460,183.7850,176.6630,130.8410,158.1730,135.7510,96.0635,90.6886,36.7201,18.2712,22.5600,27.9771,34.5325,65.3607,113.6080,183.3290,306.2900,269.5350,313.1770,196.7920,170.3220,153.8420,218.8240,284.5100,289.1820,293.8190,300.0870,270.9390,261.1500,266.3480,204.4720,119.0000,103.8520,139.8510,167.7690,180.7580,195.1300,196.1680,225.5830,229.3740,244.6470,234.9100,164.9070,83.2529,119.5440,211.9410,219.6350,192.1940,174.6430,147.7230,132.7660,155.2170,174.8830,158.2880,130.8970,103.9110,78.2954,43.9338,22.8495,27.0308,32.3329,50.3992,58.4029,59.0624,51.2378,51.0253,61.3507,62.2874,40.7765,11.7524,72.8669,113.6400,160.2140,145.5970,144.1600,159.8730,169.2620,205.6700,227.9190,241.1670,208.8670,163.3320,108.0860,84.9525,117.1170,123.4580,112.2340,87.6489,74.0743,46.9651,45.9536,62.6892,62.5436,71.3894,61.8135,37.6982,24.2105,53.6697,69.3284,95.6039,84.0631,82.9284,85.9417,84.1020,83.5284,73.9210,53.6987,41.7139,53.1948,54.3855,57.4904,60.5378,63.1745,86.7748,104.7030,110.0150,106.6730,117.8930,128.2170,111.8680,82.9174,61.2943,39.9976,19.5333,33.8498,54.8944,49.7061,44.9214,30.1490,35.2824,32.3634,14.8038,6.0209,12.4650,30.6135,43.7644,47.9090,65.3556,65.4547,56.6334,30.4376,42.8667,62.0047,47.7260,32.9633,27.5896,13.1787,30.4022,14.5909,32.5898,39.3196,57.3153,43.6723,39.2885,40.9722,55.5097,54.7725,31.6359,19.3098,13.4089,12.6993,10.6119,13.0252,22.6833,39.1061,53.1399,57.5295,68.4488,69.2301,56.7161,47.0245,35.4414,19.2166,21.4095,28.8646,35.2964,29.8025,22.6334,30.0448,42.6175,58.2562,57.8109,45.6514,28.3223,35.2148,48.7060,54.5448
48617.5000,48453.5000,38092.1000,45104.0000,54896.1000,43785.9000,31479.5000,25734.7000,22339.9000,19190.1000,14305.9000,10397.9000,8364.3700,8328.0000,6955.8400,5935.4100,6364.0300,5367.2000,4113.3100,3664.5600,3407.3700,2798.4900,2574.4500,2293.7900,1760.0100,1630.8700,1403.2900,1047.3600,961.7780,890.7840,815.5420,691.6440,583.3880,383.6060,289.3560,291.6850,220.2280,180.6800,199.6490,190.1770,134.4170,79.7622,86.2860,134.6260,175.7000,217.8570,223.7470,190.7290,130.6980,183.6240,305.0250,437.4580,533.6890,555.9820,618.2220,602.2940,423.1030,264.1700,172.4470,177.7630,192.2360,138.5740,65.7813,37.9411,46.4485,78.1039,126.4090,138.2530,80.3466,84.8279,47.6482,70.0228,60.2322,67.8849,95.7856,160.2210,228.3870,264.0070,318.3710,328.9290,284.7350,186.7670,116.2700,111.5580,212.6980,261.0630,226.8180,232.5130,236.0430,275.0470,339.0090,410.0550,410.8090,373.3260,366.7080,477.8930,692.8890,961.5940,1145.4700,1087.6200,1006.1300,1002.3300,893.5220,661.2240,514.7260,576.6590,641.5920,592.3350,619.7760,660.4650,575.6480,455.0010,320.5880,225.9820,192.2910,176.0940,128.3220,150.6320,121.4970,84.7428,73.8881,35.2925,12.1734,19.9774,34.6332,46.9126,69.1956,110.2390,176.5540,286.2010,242.8020,296.4260,186.6220,199.0540,162.7850,212.8520,298.2580,305.9170,293.6100,292.4980,257.5410,245.3640,242.7060,194.0670,129.3510,119.8200,151.3990,177.5260,189.2310,198.2490,197.7140,227.2700,229.2010,236.7290,231.6970,152.5110,68.4186,110.7550,212.5180,218.9240,188.4620,165.6560,142.7510,129.2360,134.8940,150.0420,142.1020,112.5190,83.8763,67.0228,44.7079,31.3728,34.4261,50.3302,67.0085,78.1822,64.2256,43.2305,43.6188,65.1077,88.4990,76.8327,33.6734,83.7295,99.3719,140.0180,133.5760,134.7820,148.9590,150.0090,162.2870,188.8990,215.5040,200.0700,133.6180,91.3646,95.5332,104.0720,96.2208,100.5110,97.4804,81.7144,49.2080,53.3033,74.5371,76.5500,78.4442,73.4744,57.9867,34.8810,54.2095,90.3443,112.5710,87.9735,77.1471,79.3635,81.8463,61.2812,53.3238,39.2739,29.2943,21.5998,28.6305,32.0202,34.3643,54.3433,60.8134,64.4595,77.4284,94.0784,105.2860,96.4572,85.2796,66.0462,46.4317,29.9817,13.3692,45.0832,52.5135,48.9873,41.0701,46.6520,57.9830,51.4466,36.5245,31.0488,25.6883,41.9678,50.0471,54.0064,58.7680,59.3598,56.6223,38.2027,21.8949,35.8102,41.7533,18.8690,17.5632,23.9604,41.4385,27.8904,22.2103,24.7685,53.7748,57.9101,57.7587,56.3172,51.3319,41.5568,29.6433,16.0590,6.4014,9.7998,13.0679,19.9146,28.0981,42.0164,51.3998,53.6295,68.5056,75.5521,57.0098,54.7349,46.2660,35.6145,33.4334,28.2398,15.9103,16.5386,31.2524,45.1499,49.7206,61.9016,52.1588,35.6144,37.7285,46.6970,47.2553,32.2740
49393.3000,48793.3000,38394.5000,45546.3000,55506.9000,44506.7000,32043.7000,26159.4000,22713.7000,19585.9000,14511.4000,10494.1000,8540.4700,8441.4800,7071.6600,6113.6200,6476.4000,5477.6100,4230.2800,3758.9300,3473.0700,2854.1800,2626.8700,2329.5200,1789.5200,1650.7000,1417.4500,1045.0800,938.6150,873.3840,806.7680,674.7760,574.1600,363.7010,274.9300,302.1240,227.6320,155.2220,167.0150,178.2200,141.4170,80.4667,34.2417,99.7278,142.8320,181.0690,200.0440,198.4950,123.0890,147.4310,291.5220,436.2680,536.0580,576.7930,647.6220,628.1770,440.7120,267.9170,159.0450,162.9890,172.3220,128.9800,39.2837,15.7627,33.7349,95.9724,142.9230,166.2240,88.8175,87.0937,49.1397,69.2443,66.0968,57.4495,89.2410,130.6770,190.1950,241.8260,322.7740,355.2400,297.5650,198.3420,127.9470,134.8990,240.9830,285.9620,237.8250,236.6740,242.8470,291.6890,355.4180,409.7680,400.6000,351.2210,355.6110,476.3590,686.5760,947.9770,1135.5500,1088.0000,1008.7500,1007.9000,902.5870,666.7670,510.4650,573.6810,656.3930,606.6790,629.7470,679.7540,588.1400,464.6380,328.5380,259.9840,227.8070,188.9890,146.2440,162.5810,140.7200,90.7572,61.5258,23.4519,13.6627,10.3820,11.1153,26.7446,72.5104,126.3560,199.2070,287.1780,250.0020,291.6210,201.2050,177.3890,166.5820,222.1890,285.5140,285.0300,283.6130,278.2010,255.4540,251.8560,254.1370,188.2980,115.0800,114.4830,139.6230,151.0090,164.1850,177.4160,180.9820,204.8740,216.4090,225.5370,213.4470,150.7460,73.7853,107.6000,219.4080,248.5630,211.6580,180.9070,140.8440,126.7950,138.8460,152.8490,147.5160,124.4820,94.3307,66.4673,37.3406,33.0040,34.3865,45.9547,54.0948,43.0438,33.2008,27.7465,27.0460,42.0740,56.6744,47.7834,30.3391,62.4404,81.9213,112.1150,123.1630,126.9600,135.3050,137.6400,162.9850,185.5410,207.3970,179.8420,124.0320,86.3021,76.5273,100.4790,120.2120,120.2930,110.3110,84.9138,52.4485,65.1500,86.3051,64.1994,54.2024,42.0078,29.0370,18.8802,49.9124,67.0017,77.8438,66.3098,66.7375,85.0822,83.9099,76.8087,73.1729,64.6068,42.5649,40.1107,60.9926,67.5792,49.0688,49.2791,77.4152,94.1211,102.6450,105.6120,115.5550,111.1920,93.7662,71.4341,48.7388,24.0539,5.2204,27.1233,38.6769,44.6831,49.0707,53.1359,41.1647,36.4157,37.8659,53.1248,51.2232,44.5769,43.2183,42.5808,48.0239,47.2956,40.0513,27.4929,15.3621,27.5612,43.5540,28.9509,34.0639,16.9712,18.0806,9.6424,30.1162,42.2048,56.9695,37.6504,28.7545,27.6288,38.8329,38.1221,31.4255,29.3303,25.4555,22.2516,17.8632,12.2540,10.3807,28.5065,57.3829,68.6710,90.0981,75.1304,57.1219,48.3553,49.8710,30.0910,33.8066,26.2114,24.1317,25.7888,25.3008,24.8880,45.7495,68.2495,40.5384,22.3941,33.6694,45.8170,51.0970,42.7503
49516.2000,49182.3000,38714.1000,46014.1000,55933.2000,44532.4000,32000.0000,25992.6000,22516.1000,19369.9000,14346.3000,10482.5000,8518.1200,8468.1200,7156.6300,6136.8600,6499.4100,5523.5200,4251.8400,3809.3400,3492.8300,2820.4400,2616.9600,2284.8100,1753.6500,1595.2700,1354.0800,1001.1000,879.8940,812.4560,752.6720,615.1480,490.6380,294.3640,209.1580,225.2770,166.1030,99.5292,115.0870,124.9150,72.9028,31.0040,61.4211,112.3150,170.3350,206.4550,196.9840,167.5480,122.6230,183.2950,306.7170,433.3300,520.5950,547.5800,616.9020,614.6920,448.3080,285.1840,166.3670,163.1170,184.9740,148.1840,54.4676,11.0313,32.3368,83.1067,121.1220,153.3380,83.3680,110.1770,68.6850,89.0667,49.6274,39.1458,59.2058,130.2170,203.5020,264.2940,332.3960,354.9050,316.2560,224.6890,155.5240,152.5910,250.0280,290.7380,239.6490,234.2940,231.2570,288.8220,353.7270,399.6840,395.3500,351.3260,356.5510,474.9500,681.8690,945.3700,1138.1400,1105.0400,1028.7900,1013.9700,910.5040,675.2990,512.8200,573.1400,660.4600,616.2140,628.2330,659.8970,576.7670,460.1100,317.7250,237.8310,216.9560,199.3880,154.1190,178.8180,147.2160,92.1871,66.5675,27.8139,20.3796,23.4113,24.3757,36.3664,67.1693,113.3190,175.4200,287.8540,258.9390,308.4260,211.2840,184.0220,169.4130,226.9930,290.8500,298.5420,312.0590,306.0370,276.6360,270.1990,279.3860,209.6310,127.6770,119.0170,150.0180,163.8600,173.9710,188.8110,188.9650,216.6320,223.6690,243.0390,234.9700,173.2690,82.5731,106.9280,224.7800,247.2910,227.3250,211.5400,179.6630,154.6270,145.1420,160.2470,150.2910,119.2440,90.3373,67.3408,41.7460,32.6900,28.3133,50.1062,58.8018,61.6154,61.4440,51.9959,50.2911,67.2541,81.2000,67.3120,26.5520,69.9209,92.9187,132.0720,143.0130,155.9630,164.2760,168.5540,187.1460,211.4250,231.2620,217.7390,150.8810,96.2558,102.8970,118.9120,113.7870,105.9740,98.7663,86.6900,50.3467,47.4976,67.1089,72.4298,72.9531,60.8626,39.1590,34.8263,59.7697,76.8971,108.8190,91.9815,84.4086,87.1685,71.7399,61.1107,57.2548,49.4128,31.9175,28.2057,45.4852,45.6568,31.5572,36.5052,53.5990,67.1783,79.1156,87.0461,84.3029,77.5104,73.2783,60.7497,47.6040,32.7691,17.8625,33.8062,50.7871,47.2937,41.8328,27.5590,33.2209,39.5330,29.4088,44.4938,40.9902,49.3243,48.6447,55.8134,70.6419,63.2076,56.3256,45.4771,42.9907,36.7580,28.2232,25.0401,31.6160,24.6345,32.1705,9.3960,24.1611,34.3000,49.7098,47.0274,46.2188,47.7200,52.2683,46.7303,27.8852,16.9337,25.8302,29.2183,32.2877,15.6391,21.2285,49.9882,68.8469,66.8553,73.1053,70.7886,56.8764,53.1099,47.3591,26.0222,27.3928,15.3523,9.9945,10.0634,17.5137,28.7644,41.5656,51.4135,51.0989,39.2179,37.7389,50.8838,58.8595,55.3661
48618.3000,48561.2000,38189.7000,45241.5000,55049.3000,43827.5000,31478.4000,25687.7000,22299.3000,19149.4000,14236.5000,10356.5000,8336.4100,8321.6800,6976.7200,5936.4000,6351.9600,5366.2100,4109.7400,3653.8600,3378.5800,2774.0500,2555.2300,2288.4600,1752.0100,1614.7500,1377.7800,1010.1100,935.0770,885.9810,799.1380,677.6960,566.0510,381.1450,278.1500,271.6920,199.4990,155.7440,198.1710,204.6910,136.1660,69.6472,92.4274,149.4260,191.2450,230.9500,238.7590,226.9340,169.1450,209.5080,338.0640,470.9360,560.6520,583.6950,643.8690,632.0050,455.9000,288.9390,162.2290,152.0970,178.1270,153.2060,78.1794,45.1040,81.3854,105.0600,129.0930,135.1410,69.9529,85.8484,54.0176,77.3956,41.9463,47.5916,65.0682,135.4700,200.6720,257.5420,319.0830,354.1940,309.0420,208.3120,135.9830,132.6280,229.5330,280.7420,238.8170,240.3970,220.7830,279.1560,370.1090,406.6690,396.7890,362.8660,377.5420,478.9710,666.9350,943.6230,1137.4400,1093.4100,1032.6400,1014.2900,922.9710,653.9690,476.2020,549.3710,626.6040,577.9570,613.2180,660.9570,582.6890,473.4180,343.0820,263.1210,230.1870,207.0190,159.1220,160.3300,127.5130,72.0532,63.2829,29.8439,32.8671,33.3468,45.6485,34.4635,65.5382,124.9500,192.5690,306.7070,292.0740,313.4410,204.7370,149.1830,142.1430,216.5710,282.5340,285.2420,297.6560,294.1930,274.6090,276.8690,293.1910,220.5050,126.2290,118.3540,154.7630,160.5840,158.9970,172.0080,201.4650,232.4190,232.2670,231.8570,236.1410,175.6190,78.1026,114.0560,227.4510,234.1810,211.3690,188.6990,150.2700,120.4220,136.6690,155.5870,137.7970,106.7960,73.6191,46.0898,17.5890,15.3194,28.4012,57.1060,79.1291,87.4822,76.2307,61.1963,47.0142,62.2610,80.4111,61.6937,46.9157,81.5527,103.0370,137.0440,140.9040,140.3010,151.0590,162.5010,187.1380,203.1410,216.2380,210.9630,157.3770,89.3330,86.2089,124.2600,127.8080,121.1350,108.9370,95.3850,57.5423,58.1902,76.4461,80.9601,89.6831,74.5107,54.6418,37.3924,53.0775,73.4533,96.3773,90.5159,75.9683,75.3635,73.3596,63.3026,62.3295,40.2802,21.6434,21.2846,25.5977,40.1175,49.9882,47.2680,61.0572,80.4615,93.1053,97.0059,103.8170,117.4260,120.4340,105.2280,85.2471,61.7098,31.7555,7.6311,21.6869,32.7014,36.1436,21.3369,19.8557,25.7957,19.8798,29.3716,32.4473,42.6888,56.1890,66.7682,69.2135,59.2648,46.6563,38.6522,48.3885,58.6678,45.7885,27.8184,20.3490,13.7359,15.1736,6.3904,25.2961,34.0912,54.2723,50.4516,43.3445,37.5064,32.5914,27.1421,19.9522,18.7512,7.6179,7.5203,23.5906,15.9142,13.9662,45.9553,57.9262,67.2799,79.1947,101.1780,82.8828,58.1384,34.9808,13.6202,27.0818,37.2836,40.3785,40.9978,41.3999,44.3641,57.6148,79.0740,74.9782,61.4762,58.4616,65.8376,70.9415,68.0163
49181.7000,48699.1000,38386.2000,45454.6000,55305.9000,44346.5000,31939.6000,26154.4000,22716.0000,19558.8000,14530.9000,10535.4000,8557.4600,8437.6600,7040.6200,6059.6500,6417.7600,5430.7000,4219.6900,3737.9800,3457.3000,2854.3000,2618.4300,2334.6800,1796.8900,1662.7100,1422.7600,1060.2700,959.5960,873.8710,797.3390,666.8320,553.1940,347.1190,266.6550,277.6090,199.8190,158.6480,184.2780,167.0500,110.8050,60.8665,85.0119,153.7950,188.7180,213.2610,209.9630,203.4980,146.6440,188.4430,324.1860,451.8140,535.3940,566.5820,629.0030,625.3990,453.3920,285.9090,175.8670,177.7110,195.7530,157.5890,72.4547,33.5528,38.5688,75.7679,123.2370,140.5570,84.2578,101.3930,59.3940,73.1258,40.4570,53.3184,63.4080,122.9190,201.4460,259.5530,328.1420,349.4200,307.2620,210.1720,140.8590,111.6060,210.8490,273.2020,242.1890,242.2440,235.9920,294.7050,352.5100,388.4640,398.8890,378.7350,391.9090,488.2610,669.8120,937.5540,1133.6800,1107.0000,1049.7900,1028.4200,938.1600,666.5410,457.2250,520.4620,620.3060,586.1740,613.2630,657.4360,583.0310,475.2960,348.9320,263.5330,230.5800,214.1710,170.4530,182.6430,139.7040,82.9667,59.5015,16.3602,27.9449,12.7870,25.1905,25.0609,54.3207,114.3580,186.8160,296.5180,281.1690,326.3090,222.6300,171.0100,144.4420,190.7210,268.0870,277.9090,283.9500,279.8420,257.2130,251.4340,255.4640,201.5510,118.8570,103.4490,146.4850,162.2780,171.4520,193.9670,199.2200,230.0260,241.1740,253.7140,235.6090,170.7920,81.7884,94.2113,198.1980,215.2930,189.7430,173.0910,136.1530,103.4380,107.9730,140.7590,142.0510,110.5440,81.0670,63.7235,47.8936,33.8187,37.3030,57.2217,71.6265,59.2296,48.0077,40.2757,46.5305,60.0647,71.4768,59.9985,53.2683,85.1003,99.9933,126.1170,146.1460,152.6010,160.6170,165.4510,183.6780,197.9050,210.6720,184.6830,128.2990,102.1410,96.9691,104.6690,118.0350,114.0510,105.2160,89.3881,70.5696,62.9554,70.5474,79.8200,77.2751,60.4560,40.9792,36.9144,50.2924,65.8895,90.4188,83.5494,71.0896,73.7396,75.0426,80.5712,78.2468,66.9418,50.8308,50.7723,49.2864,44.7112,42.3503,56.5364,82.2485,96.0968,109.6060,117.0520,123.4770,117.6230,103.1940,86.8068,67.1875,42.2896,18.8638,5.5113,35.0499,44.3156,50.7301,36.7907,38.6776,39.1276,27.6470,30.5324,35.2481,49.7050,60.1939,56.1784,64.1979,59.7986,49.1423,28.0840,32.3325,34.8272,28.1126,24.7412,33.3221,23.0804,26.1029,13.0769,36.3647,38.4824,44.2039,29.5254,17.0611,11.6188,13.3583,27.8886,37.8351,54.9558,26.1978,14.2369,16.9432,8.8445,7.4234,33.5321,57.2356,70.9459,94.4683,79.4812,48.9993,34.7710,37.9193,37.3535,58.3979,41.0745,29.0439,33.0455,43.5240,52.5432,66.4835,85.4235,73.9150,53.7953,50.7456,62.4465,71.7122,63.2724
49619.0000,49221.4000,38791.3000,46090.8000,55956.3000,44610.5000,32106.2000,26079.6000,22534.5000,19399.8000,14335.1000,10420.3000,8475.6400,8413.9200,7072.9800,6056.4800,6423.1200,5468.3600,4214.3900,3777.6200,3449.4300,2781.4900,2604.5400,2257.2000,1749.8400,1610.8100,1370.5700,1028.8900,875.2110,777.7190,747.8190,632.0230,518.9830,309.2920,213.1240,208.0900,130.9280,89.4832,113.5320,111.8940,66.2121,46.7776,77.7089,147.9730,168.9020,176.5550,171.0470,151.3320,109.8690,165.0590,292.4810,424.6250,501.7400,529.7090,614.0780,625.1740,451.1570,285.3610,171.8130,171.7310,191.5930,148.1620,79.6900,41.0028,24.4163,58.2136,112.1890,141.0080,89.9473,107.1260,53.8625,67.1024,32.1799,44.6503,62.3893,140.7540,215.2370,255.7170,298.3690,315.2190,289.6640,191.3570,122.9250,107.1160,219.8570,260.2150,258.2480,256.5830,256.5830,312.7250,372.9090,406.2500,422.3080,380.3700,392.1880,481.1090,680.8670,963.7600,1152.9600,1105.8500,1047.9800,1056.3200,978.8690,713.8400,466.7070,523.6880,626.8390,588.5480,620.6890,665.6700,583.1280,468.1650,331.9490,250.6870,227.2150,198.7590,153.5690,160.9860,147.0970,97.4750,95.8827,38.4667,34.5703,25.3617,44.3890,30.1682,50.0238,109.0080,192.1660,335.2450,306.5080,329.2610,202.0080,147.5910,127.5330,191.7410,263.8690,269.8110,274.3200,276.7700,257.8260,258.6610,267.9010,211.6130,115.1340,88.7539,136.8600,164.1320,172.1210,187.4600,193.2050,228.5410,240.8690,247.1110,226.4680,157.2120,73.5094,96.9677,197.2110,209.1040,188.3540,175.5320,138.9840,109.9410,137.8130,183.6720,167.6010,130.0620,98.5409,84.3695,64.6260,41.9624,39.1344,54.7811,69.7931,67.5632,62.6551,53.0185,56.1030,71.6591,84.8045,62.7708,39.1147,74.0278,100.3990,133.8800,143.9440,149.5020,155.2740,159.5350,191.6460,213.1890,230.4180,191.7700,126.4430,91.9496,96.6895,114.6410,118.7480,112.9300,105.4810,94.1734,64.1696,58.1666,71.9562,79.6070,83.5065,70.6815,55.1177,17.0528,32.1547,60.6058,83.2278,64.9149,71.1018,72.9590,83.8960,74.5615,66.9698,44.9244,38.8204,49.7121,52.7037,33.0775,29.7212,63.9857,82.8973,94.3564,106.1410,116.8380,114.5300,114.4240,120.6630,90.5062,69.9861,45.2060,38.9058,31.4168,50.1915,37.2836,27.4482,18.0967,26.1003,19.6461,8.1639,9.3541,26.0408,40.5421,57.1870,57.9168,64.2693,59.7266,52.0305,35.3838,33.3330,43.2596,39.8107,27.8574,24.9219,28.1440,16.0818,10.2676,24.6235,36.8963,59.2994,39.0565,25.8632,19.3379,22.8280,26.5147,20.2547,22.5242,18.8045,16.8411,17.7030,15.3058,22.8623,36.3214,54.1631,66.1975,80.4427,77.7781,43.1922,35.9775,27.7893,32.1591,41.4565,28.9359,26.8874,29.6413,28.7463,32.7623,53.1795,64.9161,52.4906,45.3734,46.2532,49.1041,54.7258,56.7502
48851.0000,48847.8000,38407.3000,45488.7000,55258.2000,43933.0000,31582.9000,25773.9000,22320.2000,19149.3000,14235.6000,10377.2000,8331.6400,8317.9100,7003.2800,5966.2200,6381.1400,5399.2700,4147.2200,3698.2800,3429.4800,2812.8400,2597.5400,2298.6100,1749.1900,1609.8400,1386.3600,1045.4100,958.3480,880.4880,804.6500,688.5590,579.7540,390.3770,290.7640,286.3140,213.3390,162.9170,190.6080,186.2480,126.8960,78.1729,100.5000,151.0920,192.4350,229.8170,232.5450,207.9990,143.2810,188.3510,312.6030,431.3120,535.5820,566.8740,626.4620,594.6980,414.7720,258.8790,159.7720,165.5910,182.8130,147.7370,55.4888,20.2874,22.4076,70.7023,122.8400,140.4970,78.7284,87.1299,47.7445,72.1436,60.3226,72.1976,94.9322,156.6270,217.7630,235.9490,269.3910,270.5320,233.2880,140.4170,77.7178,60.8565,173.7830,230.6940,262.4130,261.2530,241.2040,297.7240,373.7460,419.4840,437.9070,396.5550,401.8860,487.1590,677.7600,950.9960,1138.8400,1117.4800,1068.2300,1063.3600,973.4430,699.3340,471.6620,532.4210,645.0820,604.9290,623.7440,681.5430,605.4190,491.8280,340.9920,257.3410,242.4510,205.3130,167.0040,170.1270,148.5470,93.2520,76.2987,33.7240,35.5810,32.4546,47.2342,44.1790,53.4035,96.8355,166.2360,298.3500,298.0040,332.5470,234.8850,164.1530,148.2390,180.1570,245.1970,267.9570,278.8570,274.8950,258.5670,254.4400,255.3140,203.9910,133.3630,119.1550,151.7580,167.9510,181.0400,200.0220,202.9300,228.6570,229.9450,240.3910,228.7740,151.0630,69.1068,105.9580,204.3760,213.0830,205.7830,189.9050,158.0330,118.8150,138.4440,180.2890,152.2340,111.1440,86.4850,63.8930,40.0799,26.0051,32.9925,55.9074,63.7128,68.0744,65.3089,52.3160,37.5917,56.4995,80.7134,77.8281,52.0620,89.0495,93.4261,111.6360,130.6970,156.3890,141.7240,134.6040,173.9870,193.8660,208.9810,169.0790,106.6860,73.9563,84.9816,111.4610,120.4460,114.2800,109.8150,96.4719,64.2800,47.5481,51.3130,59.7200,64.6424,51.8851,38.5826,14.6069,36.8047,46.8256,72.7634,67.9583,74.3052,77.7541,69.4369,61.8807,53.3362,39.7229,39.3611,47.5468,47.2492,57.8559,73.4944,67.1433,74.9888,107.6700,122.9460,131.1320,131.8580,139.2740,119.3920,88.2872,73.4552,64.7516,60.5639,25.4236,42.6989,29.7926,22.1584,12.1566,13.6094,11.1731,7.3843,13.8740,31.7935,51.2076,60.1817,71.9400,75.7895,63.2525,42.4147,35.8639,48.2295,42.0900,29.9877,24.5082,28.0161,27.6800,22.8833,9.9311,26.6856,52.5934,63.6350,54.1456,46.2385,46.1311,46.6263,45.5761,18.7580,15.4267,23.5343,15.5679,19.6924,3.9584,7.5115,27.6685,41.6812,49.4193,67.1188,71.9050,58.1724,56.2878,42.4087,23.0452,25.0932,28.1866,37.1757,42.9151,41.9827,43.9970,69.4412,91.3135,75.9513,56.2970,44.2478,55.3721,67.0068,63.5684
49159.8000,48684.6000,38247.1000,45239.0000,55113.7000,44214.0000,31848.7000,26082.8000,22665.6000,19518.1000,14534.6000,10520.1000,8525.1000,8477.0800,7094.8600,6082.9900,6449.9500,5440.7600,4199.7200,3732.4900,3458.1400,2837.8700,2594.6800,2304.4000,1758.8900,1626.4400,1398.6800,1036.7900,940.2240,870.5800,796.8750,670.6280,556.6850,359.3870,274.2810,274.1210,198.7830,150.2220,161.1390,156.8880,112.2670,58.5976,72.4307,150.1860,193.2160,219.0010,216.6310,198.5100,144.4990,189.0110,319.7900,447.8440,538.4760,574.1870,647.8090,638.4190,435.1240,260.4930,164.7300,179.0950,189.1540,140.1180,57.0087,13.1527,46.9960,96.2559,132.3920,154.2080,72.6188,78.7700,51.7869,83.5764,68.6128,64.5425,89.5495,146.3870,213.5860,238.2610,297.2610,310.7020,251.8250,156.2850,79.9253,77.4576,195.0480,242.0440,258.0860,270.4340,254.4790,283.9560,367.5310,420.5060,419.9840,367.1370,378.1550,481.9880,678.0450,950.2740,1134.0300,1094.6300,1040.9000,1046.5800,960.9800,686.7480,449.1610,514.2640,631.2020,579.7780,605.5480,676.0490,601.7130,489.7850,353.4230,264.5590,231.7920,198.5700,163.4560,177.8370,167.4230,102.5500,105.9240,39.9259,46.6262,17.1552,31.8384,24.7657,38.6145,96.4279,175.3810,290.9610,268.8580,324.6340,226.3720,188.8450,159.7790,193.1910,271.9920,281.1930,282.4360,280.8170,265.1790,264.6490,264.4440,194.9270,120.1270,128.4840,162.0620,170.7000,184.1080,203.9750,208.4320,238.2360,240.2770,248.7940,242.4680,169.8130,76.7962,110.2440,216.4420,229.9600,223.0790,212.5080,183.4450,139.7190,133.3390,155.6090,145.2890,122.9280,104.8370,84.9386,59.0433,37.1011,24.1005,31.4045,47.3855,62.6001,50.9728,39.6633,35.7015,50.5094,55.7221,39.5292,28.6234,75.6136,96.7090,131.1040,131.9560,138.2590,154.7770,157.1530,175.1370,196.6950,215.8210,196.2670,134.0780,87.4788,94.5446,116.9850,125.5990,125.2830,117.8700,104.5820,69.9657,45.3977,55.2873,74.5123,71.2915,59.9187,45.9587,30.3181,38.6682,59.9484,87.8437,72.1202,65.1651,68.5419,67.8069,69.6076,72.4383,68.9336,53.4900,50.0519,51.4852,42.2975,33.4035,38.7092,64.6155,86.1857,99.6554,105.8580,100.6830,96.9192,95.8625,76.1341,56.9317,35.0027,18.3120,25.9160,37.6561,33.5128,31.2831,25.9642,24.4305,22.9816,13.9910,22.5226,29.9616,47.0753,52.9600,60.7638,70.9613,64.2653,53.9710,41.5531,41.0738,41.4957,41.0893,36.2153,45.5291,38.9324,28.7931,19.2174,24.5213,42.3429,56.8453,58.8866,49.1606,37.4304,31.3779,40.0965,27.3233,18.5526,4.0142,5.8674,9.8457,10.6716,15.4736,36.6816,44.3757,50.3728,59.3216,61.1535,37.5133,37.2654,28.7609,37.0293,49.8662,47.9624,46.2970,46.0826,48.2781,55.8196,74.8560,80.2445,61.1672,47.0337,44.3362,49.1878,54.8069,58.4986
49721.3000,49208.2000,38698.2000,45941.8000,55902.5000,44716.3000,32218.0000,26174.6000,22624.7000,19518.0000,14423.5000,10434.6000,8503.6500,8454.2700,7104.4200,6102.9900,6459.4900,5488.2600,4221.1100,3787.5400,3441.4200,2768.1000,2593.8300,2258.9300,1768.9200,1622.1200,1361.7800,1030.5700,896.5980,800.8850,769.6770,652.4830,554.6230,347.6080,240.1980,228.9920,152.0140,97.1727,104.2570,107.0470,70.6300,48.1703,60.4950,135.7540,171.5110,200.8080,198.0450,175.5880,115.4680,169.2540,295.3420,408.3260,499.3290,531.3400,626.3210,608.8290,446.4250,285.6080,162.4590,157.9460,175.0960,129.6970,39.7685,9.2365,57.0763,111.2750,146.9050,157.2550,73.0114,78.9634,47.3922,71.4865,27.4064,29.9382,42.3381,131.5940,218.5190,278.4730,342.6270,351.9350,301.8020,201.7110,128.1930,98.3974,187.7320,234.1410,234.0970,241.5320,235.6850,294.2950,371.9220,419.9600,430.3500,388.8290,375.5400,465.1300,656.2070,925.6360,1120.2300,1098.1500,1038.9100,1029.5500,943.2140,686.9160,462.8670,514.0940,629.7550,596.1720,614.2000,660.5230,588.4870,482.2620,356.2880,262.9440,230.0740,219.0990,179.0790,189.3040,154.5750,87.0629,54.5493,25.5269,70.6372,43.6579,18.2325,17.3921,39.6219,83.0301,170.9280,309.6340,294.3850,344.0870,248.7580,188.0010,169.1700,202.0850,255.9770,263.7090,284.5850,286.0770,275.7530,270.6860,269.1460,198.3290,115.0870,104.1010,137.0440,160.3920,159.4470,156.9200,176.3490,209.1350,215.6460,216.9700,216.2800,142.2620,64.7339,117.0870,210.1170,214.4360,210.4870,199.4320,169.3790,134.7550,154.0750,192.0500,171.3850,136.8560,105.9210,91.3883,69.3123,50.1623,44.9545,47.7758,65.3271,54.1690,43.4688,47.9264,49.7787,52.0990,56.6441,73.1201,37.3438,93.5968,96.8679,127.2000,128.1260,134.5040,151.3740,160.3500,172.9670,186.9430,196.8600,179.9560,127.0540,87.8602,84.9569,112.3110,139.0310,136.9760,126.6970,94.7829,61.5139,57.9346,68.2161,73.1554,69.5657,54.0881,34.7354,43.7522,69.5869,81.9580,96.9926,73.8295,51.8683,54.4157,59.4564,60.0715,63.4299,60.8799,57.7379,55.9895,49.2876,43.2542,51.1492,67.0172,79.7835,84.7937,99.0570,107.1710,114.5060,115.4820,92.8913,67.6008,48.2720,41.4185,21.1732,45.3012,47.2723,50.0177,50.2434,45.9503,31.4265,22.2644,10.7910,11.0589,23.9792,43.8568,61.8635,64.9257,55.7462,47.1319,39.1788,40.2181,45.5603,32.8362,18.0257,13.8216,25.6783,27.3201,29.9148,14.1928,13.9715,25.9495,45.0714,44.9832,35.0350,29.4335,25.5376,28.0638,26.5561,22.0036,11.3731,22.6606,28.1805,37.4066,25.5967,48.4634,76.5533,82.4600,91.4231,86.6316,64.8401,42.9220,23.4995,10.7783,33.9162,43.9808,38.4552,30.1865,53.5846,85.5786,100.2630,103.3030,107.3240,91.1289,67.7710,56.3194,67.4644,70.9110
48963.0000,48918.9000,38464.1000,45597.7000,55404.3000,44048.1000,31655.6000,25755.7000,22280.0000,19120.3000,14191.7000,10364.7000,8354.7300,8339.9200,7041.4600,6023.0500,6432.6800,5452.1700,4180.4000,3735.5700,3451.1700,2817.3100,2617.2400,2316.3400,1795.9500,1654.3500,1420.6200,1069.3200,932.0920,835.1650,790.8320,660.6110,575.9400,375.9370,276.3020,271.9240,192.1460,127.1130,142.8920,156.5970,112.7980,53.3207,35.1106,87.2346,135.1510,173.4960,191.7560,181.2410,128.7450,148.8950,272.4240,408.6360,514.6230,567.4650,654.7120,644.5970,441.0450,255.4360,140.8310,146.8580,146.6240,92.5739,20.6021,16.3294,56.5498,106.7970,139.7270,160.5910,82.5022,89.3248,48.8821,70.3571,47.6512,45.3042,72.7715,142.6720,217.7980,274.5920,340.8810,354.9470,310.3780,224.9800,140.7580,101.5570,206.4010,252.2650,245.1840,243.9720,234.9190,289.2650,377.9080,425.0170,418.8420,367.9110,367.5110,471.9510,656.2960,910.1620,1090.1200,1072.4100,1018.7600,1007.3100,930.2630,687.8730,451.9160,493.0430,601.7220,570.9910,594.4230,652.0120,590.3570,493.5580,378.2270,276.1250,225.9750,210.8230,188.4660,214.4860,189.0660,106.0080,60.5047,18.4541,35.2737,13.9445,9.4621,28.0230,64.7661,113.4430,196.7390,341.9460,331.7920,383.6010,266.8340,187.6540,151.6150,194.4310,277.9580,282.2350,290.9200,291.7580,285.2630,285.3580,279.6030,204.6130,119.4480,124.4040,162.2850,169.0080,175.7340,181.6060,197.2900,238.3550,247.8670,228.1690,217.4960,167.7180,76.8872,109.7780,220.3020,227.2370,210.4250,198.7020,167.7210,133.8540,141.9650,163.0230,139.3840,114.1990,100.7040,81.1693,58.7845,31.7503,28.4209,41.2561,61.8694,74.0858,67.4627,56.0681,58.5908,74.6503,89.6974,79.8621,31.5740,73.9929,103.7910,133.2690,147.1670,165.4900,166.9640,165.6710,181.9290,206.7560,222.9520,193.4940,136.4720,96.8926,96.2169,116.0820,126.6330,121.7100,107.7300,88.7110,62.2629,54.5264,59.8718,60.8484,59.8928,57.3708,39.1178,28.4775,54.6415,66.9435,86.3469,51.4024,45.7146,49.7187,68.0017,67.2294,70.1785,48.2084,30.1043,30.8499,33.0194,17.7006,17.5777,44.8619,60.8947,72.9668,82.2732,91.4199,100.2230,103.0790,88.1340,63.8767,43.6372,30.8374,26.2206,33.0955,41.1570,34.6534,35.3247,39.2251,41.4310,34.3809,30.8729,37.1638,42.1047,43.8587,46.5146,45.2990,49.2592,42.9199,32.1299,20.3065,21.8636,26.2186,30.1188,24.9564,33.7982,27.3890,29.8259,15.7122,27.7710,29.4261,49.9348,31.3114,21.6361,32.5807,43.6147,50.0507,19.5795,7.6538,21.8122,19.4936,17.8594,23.4657,35.0362,48.9536,60.9329,64.3875,72.7557,83.6346,61.5396,50.7232,36.9673,17.9830,24.8490,19.2307,15.5132,10.7126,22.0370,38.7501,62.1396,81.3417,66.9359,45.9347,36.9594,47.3713,54.0276,40.4957
48832.1000,48462.4000,38123.8000,45145.1000,54953.4000,43966.5000,31639.0000,25910.0000,22512.7000,19364.5000,14393.0000,10412.9000,8424.0900,8393.6200,7003.6900,5987.5800,6395.1400,5392.7700,4134.8200,3681.2000,3404.9700,2803.4400,2590.2200,2312.8300,1780.4200,1655.0100,1421.6800,1061.6400,965.5310,884.4720,814.5790,693.2250,595.7840,384.1940,266.2370,267.6960,214.7100,169.8940,190.4760,198.1110,144.3640,88.0728,75.6666,125.3580,180.3340,228.3090,240.7140,225.6820,169.5720,203.4630,334.9370,460.2270,535.3510,565.2650,614.9130,608.8710,423.7240,253.0520,144.8490,147.5750,158.3090,119.5030,38.5431,9.1149,42.2706,92.6058,127.0010,144.8290,71.5715,79.2791,48.4127,71.4509,45.3004,36.3267,53.8865,129.3450,199.6200,269.9250,331.6250,349.8820,310.3310,251.5620,152.7880,114.7750,230.1300,280.6070,240.0840,233.5030,230.2720,272.3500,348.7390,414.1900,407.7070,355.5090,363.3410,462.9210,649.8620,917.2760,1081.2400,1034.4100,989.3150,984.9970,911.0150,663.3600,447.3090,504.5240,615.1150,574.8880,598.5990,669.5730,602.7630,503.6860,363.2570,275.2270,251.2410,233.5470,199.2050,213.1250,174.6390,90.4086,55.9132,27.5405,41.5862,19.7877,44.5525,41.7431,32.0343,87.2935,180.2420,300.9070,286.8720,380.8230,266.8680,213.5620,173.5120,208.7900,270.2100,273.4290,283.3830,286.5350,263.8460,265.2350,265.1830,189.8630,109.5510,90.4358,121.7410,157.3690,166.9980,183.5420,192.5930,225.3360,229.7800,219.1520,194.3010,138.2420,64.6000,90.9783,191.7970,212.7020,194.8290,176.2780,149.8790,133.7900,141.2780,152.0760,146.1250,125.5240,99.4061,80.8295,53.0292,42.9934,47.7481,68.3257,89.2078,79.3485,62.6563,52.2464,55.7769,68.0221,72.7070,59.0806,38.7484,72.2291,88.0381,107.1380,129.7670,163.0550,157.0580,149.7980,183.9590,204.7190,216.2310,179.6370,139.0030,95.6065,83.2366,110.6020,126.3430,128.5330,123.7190,108.5200,70.0891,57.6110,62.6986,71.3356,81.5407,62.4929,39.9948,40.4592,63.7658,87.5177,95.0501,78.5906,64.5726,72.1684,63.5647,57.7797,56.2669,46.4442,35.3820,31.6504,31.9620,39.3315,45.5342,52.9559,76.0068,98.1417,107.6830,109.1160,118.8550,128.3930,124.1530,100.0840,74.7794,49.4378,27.7078,6.0784,32.5174,43.4640,46.8453,28.1276,18.4651,26.9223,20.9265,33.9455,33.0648,55.8853,58.0615,48.9481,49.6475,50.1781,45.3407,23.9915,23.5526,38.7480,28.0493,26.3631,19.5184,17.4663,17.1795,9.5727,20.7592,41.9281,53.2561,42.7594,37.5490,34.6412,31.6450,31.2396,27.5157,19.2192,12.2302,19.7482,32.5931,13.8637,10.9387,32.3764,51.9820,65.1179,79.5933,82.9655,58.6998,45.1371,40.7160,28.4273,49.1437,41.1639,29.2539,26.5809,41.5597,52.0224,56.9084,77.5792,74.5074,50.6947,45.2771,46.9846,42.8561,33.0947
49560.8000,49019.0000,38631.0000,45879.3000,55794.6000,44636.9000,32144.5000,26165.8000,22650.1000,19528.3000,14403.8000,10415.6000,8500.9700,8432.2000,7077.0800,6083.8200,6433.8200,5460.8300,4201.6200,3760.0500,3446.5200,2799.7400,2614.2200,2304.0300,1814.3300,1675.2100,1434.8100,1091.8900,942.7610,845.5770,816.9970,697.8050,577.2360,375.0070,277.7510,262.3850,179.8840,116.6370,118.6720,126.8280,93.8500,59.6057,36.9487,107.5970,150.6180,180.2450,189.1450,172.5390,111.1990,150.9090,281.0400,412.0720,502.8210,541.4600,628.0700,621.9420,447.8740,271.1420,170.5500,180.2390,175.7660,101.6990,36.9557,32.5819,59.6716,104.5400,141.1430,141.7770,67.2614,84.4755,62.4571,95.4929,55.7464,31.1250,36.5409,103.3300,170.4280,242.8860,316.3440,349.2150,305.6810,262.7590,162.3990,115.5190,230.7600,279.0150,243.0430,240.0990,244.7240,298.6240,362.3450,404.6460,398.7060,346.8010,355.7600,464.9330,657.0860,915.2910,1083.0200,1045.9800,990.7200,959.8430,895.4390,662.1890,432.5990,479.6570,577.3680,539.6100,577.4360,653.2210,583.9710,481.0960,346.8280,273.5040,242.3650,208.7430,176.2060,184.8400,158.5220,74.0329,53.8126,38.3544,61.8164,32.4423,25.5279,42.4638,42.3374,73.6296,176.4070,317.3380,291.4610,367.9240,245.6010,184.5730,162.7210,201.8710,245.4190,250.0820,266.3690,271.2290,252.9350,255.2670,257.7940,186.2430,109.0080,91.5021,117.2100,152.0700,163.8000,178.7490,192.4320,226.1100,238.0730,240.2300,219.4980,147.0960,70.5759,111.6260,217.6040,240.7400,218.1460,208.0420,172.6520,141.8220,134.9730,161.0300,165.7570,133.2570,103.7580,74.5216,45.3028,37.1833,47.7090,55.1825,71.8869,51.8473,42.9494,38.6053,34.2373,42.0244,53.3957,60.8873,34.8209,86.3557,101.1270,130.3650,148.8280,163.6700,157.2560,148.2410,163.4360,190.4790,217.5230,199.5770,126.9980,73.0168,68.4425,94.0412,119.2470,122.2790,118.2450,85.3715,54.4379,63.6756,65.4150,56.3337,73.5644,60.6543,42.3120,23.1293,66.0046,71.4115,87.2323,64.4435,63.2491,60.5765,56.5378,65.3459,73.4496,64.0911,31.7901,34.8826,45.5714,46.3510,57.0569,64.4786,77.2757,105.4150,123.4170,137.6290,138.2560,121.9500,96.4907,82.9903,72.5232,64.0366,51.2657,29.1258,51.2252,46.5767,45.4018,40.3713,35.0907,22.5892,12.9955,7.4313,13.6708,32.2996,44.8363,40.2434,41.9650,43.2277,41.7537,24.1052,9.9409,15.1034,21.5759,18.4824,32.6215,23.9876,28.6582,5.2761,25.5472,39.1194,50.4825,38.4000,28.8370,22.5633,26.5283,35.5578,22.5996,22.4294,14.7319,10.1545,22.6699,15.5174,25.3349,36.8349,54.7511,47.3393,54.9628,54.7580,44.4216,60.0872,55.7742,50.8693,53.5510,39.7028,28.3093,26.1732,33.5439,47.3411,62.6053,72.5351,64.1328,55.2444,56.3786,57.6544,59.3352,48.9391
49156.2000,49072.1000,38683.0000,45932.0000,55723.3000,44234.7000,31757.4000,25849.5000,22399.6000,19219.5000,14263.0000,10426.9000,8427.8300,8452.1100,7144.7800,6085.4600,6483.8700,5499.4300,4220.3800,3769.1500,3473.0200,2829.5200,2620.1200,2319.4100,1787.2000,1655.5900,1420.1700,1049.1900,915.7030,822.7050,769.1350,642.5800,527.8220,337.2160,226.2300,210.6280,138.7120,88.1966,115.2540,117.6980,69.6202,35.6456,64.4525,121.9410,161.1530,181.5730,181.4820,154.6370,110.8160,157.6270,277.4070,413.1690,514.9870,548.0100,623.0100,607.2780,444.4460,273.1560,157.8280,159.9080,164.9710,114.2000,31.8070,16.8889,45.4754,99.8875,134.2250,148.8510,70.7822,90.9352,62.4739,88.7817,49.1433,30.1466,38.0176,116.5680,189.5730,252.2520,318.0690,340.9580,295.0720,254.2040,150.8240,104.6170,235.1220,303.8010,275.1610,282.1510,283.2040,333.4970,398.7020,437.0030,429.0160,373.4890,384.8670,480.3450,648.9640,896.1650,1056.0000,1011.7800,959.4870,930.4480,855.8700,602.2930,409.1120,476.8410,575.8840,536.2070,574.5860,644.2280,569.7810,468.1690,341.7780,267.6010,234.9810,198.0930,179.8790,189.8000,170.9390,103.8150,73.5900,20.9159,52.2048,19.3291,21.2563,48.9326,48.5917,66.7536,165.8210,327.6690,316.2660,386.3970,266.7990,187.8140,150.7170,178.3140,232.7790,231.8360,248.8190,261.1780,256.4980,252.2830,245.1480,175.1230,98.1633,108.4560,140.2160,142.4850,166.0300,198.4870,201.7330,234.4890,252.0250,263.8350,240.0850,175.9280,86.1795,90.8978,207.4070,238.9300,218.9010,201.1920,156.7860,129.1300,141.1370,155.9130,145.6250,129.9660,103.0070,78.2029,32.5773,23.4241,29.5805,41.7148,53.5142,53.2039,52.6572,45.4428,39.0706,44.0650,58.5847,66.1196,31.9824,77.7573,86.6158,112.0400,122.9580,141.7030,164.5740,165.5850,174.9860,190.2410,205.0320,187.2980,123.9010,82.5042,92.0072,111.6250,115.0050,105.7840,103.2790,90.6928,66.9424,52.7584,59.1439,77.4580,85.4216,57.0623,29.2624,26.6566,61.1393,70.4462,90.4430,65.2169,60.3756,65.6038,72.0610,64.0200,57.1025,48.6845,50.8610,47.6530,39.8723,50.4105,64.2360,64.6230,81.2622,110.0670,125.7670,134.6690,134.3560,131.5110,110.4780,86.0425,71.9682,56.3593,34.8050,11.7603,24.3565,33.2761,40.2584,40.5954,33.7968,23.9285,17.6066,18.8729,20.1247,25.4527,34.7129,48.6469,57.1962,54.0106,47.7968,31.4445,18.6612,11.3629,11.3494,7.9291,23.3979,25.2119,33.2018,19.1079,14.8597,28.1049,43.6017,49.0934,47.4948,44.8141,42.3439,35.9478,21.2877,10.0960,3.7370,8.0039,5.3956,11.2244,28.1806,41.9156,54.4657,42.8792,44.8139,52.6389,39.7898,58.2822,52.5998,56.9677,73.2320,78.4107,52.5862,38.7793,33.2870,44.9404,60.5589,69.7617,64.5904,51.9242,43.1816,36.9409,39.2241,35.4556
48567.6000,48399.4000,38144.0000,45137.5000,54896.7000,43838.9000,31501.9000,25775.6000,22403.1000,19243.0000,14329.2000,10394.9000,8383.6400,8358.0700,6996.2200,5988.7500,6396.5300,5392.8500,4134.0700,3674.4100,3407.1800,2802.0600,2575.6400,2310.9100,1806.1700,1690.6100,1443.9600,1074.8000,975.6690,888.4880,814.7060,674.7890,577.9290,373.0220,272.8600,289.9030,209.6350,149.8710,183.3300,175.5280,118.9180,76.8157,87.5854,133.8770,185.8040,231.9460,242.0090,225.9650,166.3880,215.8270,353.9210,473.0020,556.4490,583.4460,616.6610,594.9230,405.5070,226.0770,131.4040,158.7840,161.9920,112.5250,22.3078,30.3931,67.4422,105.5350,133.9260,140.9640,72.6566,61.9671,49.8268,88.1853,68.2395,47.7279,54.7849,107.0070,163.0580,218.2650,285.9320,326.5530,288.2660,252.6030,143.1490,102.2710,242.8360,307.4020,271.8560,274.0770,275.8500,318.9030,371.4570,397.8960,388.1140,339.2690,353.3870,448.2340,610.8930,859.3970,1028.3000,994.5780,950.7690,908.3190,844.7900,599.9830,384.4380,446.0530,542.8550,507.0840,565.8560,647.6730,574.9220,479.2950,353.9360,271.0430,244.4210,231.4770,200.8480,207.0250,157.7890,85.5228,58.1167,25.3020,47.8850,21.8230,33.2442,45.7848,53.1328,100.5530,187.1810,336.0290,335.6530,397.4950,280.3530,193.0160,159.4800,186.4520,249.3970,267.5180,277.1080,270.4890,249.1620,249.6230,260.9070,201.7330,134.0880,119.6790,146.6350,170.9680,179.3740,197.4460,210.6620,243.7110,242.6440,238.2460,229.7990,159.3480,75.0802,118.4470,228.2070,242.8700,214.1650,200.7610,167.8530,133.5640,120.9090,143.5970,144.2230,116.3050,89.7360,71.1356,45.8349,28.6192,33.5766,53.2215,69.5190,64.2432,61.3862,50.0938,43.2377,50.4204,65.9851,58.8401,37.8787,73.8671,91.5920,114.5350,125.9890,141.3650,160.2930,155.9550,178.2100,198.9440,220.3970,188.1150,123.5450,83.4264,85.5928,110.8850,123.3640,120.4160,104.0160,89.6076,73.9458,61.7619,56.2424,62.0528,81.1265,76.9342,62.4431,22.8561,43.1809,74.5383,106.2830,84.2468,70.2008,63.1726,48.8073,37.5461,33.3581,32.3287,29.4302,22.8446,29.6535,31.0780,35.4644,59.7168,75.5918,87.6269,97.8755,104.2290,97.4951,105.4480,107.3320,86.8108,68.3206,50.9613,44.5365,26.3398,43.6797,37.3350,33.5523,18.4057,17.8926,17.6357,12.8526,27.0635,34.5494,48.2260,47.6690,47.4170,54.7635,50.2330,39.8880,22.8601,34.6165,55.6106,52.4172,31.4554,28.3626,22.8064,23.6923,15.9439,30.0902,37.8026,61.4813,40.0542,33.7459,33.0188,41.5791,14.9139,19.9380,10.1562,8.3715,7.9885,5.1312,11.4865,29.8044,34.7524,63.0990,57.8631,71.2823,56.3431,42.5534,42.2043,44.4410,44.0359,55.2376,48.4131,41.6298,29.1266,29.9347,54.7689,79.0575,84.9828,78.8291,66.8080,59.0333,64.5167,68.1229,58.5839
49380.3000,48894.7000,38587.0000,45753.4000,55627.1000,44555.3000,32072.9000,26176.2000,22680.4000,19527.3000,14435.5000,10444.7000,8515.1800,8435.1600,7061.5700,6080.3500,6449.4600,5464.0500,4192.6400,3742.5900,3440.8900,2808.9100,2616.0700,2303.9900,1812.0000,1688.4600,1447.7800,1098.7100,958.8500,856.5200,818.8950,689.1720,589.0990,383.0480,291.0200,288.5330,196.2360,142.2500,169.0570,166.3790,122.3030,62.8454,25.8535,101.7400,153.3050,181.2960,188.6660,169.6820,136.8140,187.2010,323.5700,454.6800,544.2980,584.0580,646.0780,621.1360,422.1050,238.7410,155.0710,173.2630,162.0400,98.6092,24.6326,16.4534,67.9877,117.5130,142.0970,130.9100,46.2956,64.1285,68.5905,105.3470,77.9247,37.1141,24.8741,76.1691,154.3860,217.5360,287.2770,310.9270,291.7860,261.9020,169.2980,131.4980,278.9950,339.6590,288.3700,263.4920,251.2640,316.2970,375.7360,411.1420,401.6610,351.9230,352.9750,450.4460,615.2320,857.2140,1017.8500,983.8560,947.8520,897.3530,829.2120,560.2080,370.4480,459.5150,558.6130,508.6480,556.4360,633.9970,564.8380,471.2970,356.4050,288.3030,253.8050,220.7480,198.9480,210.2440,181.0870,95.1452,54.3930,29.6324,52.5273,20.9159,11.9360,25.8612,45.7122,91.1470,182.9350,326.4800,306.4480,386.6550,263.8920,197.8840,169.1280,209.0840,260.0210,261.2550,275.6660,271.4340,271.1470,268.5500,247.8680,180.4930,136.2650,128.5870,147.7970,167.6690,163.1260,172.6690,205.3950,240.4300,249.2930,248.3580,231.4500,156.9820,75.9132,121.6940,227.2990,251.0720,229.4900,218.6240,172.1380,126.1600,131.5430,150.6400,142.7170,124.1100,96.3951,71.5530,44.2903,42.4698,40.7266,48.7183,65.0886,73.8770,64.6506,51.3297,43.2212,51.2338,60.8140,52.2299,32.6215,69.5826,95.0290,125.9530,152.2880,161.2540,169.8710,178.1580,201.8100,217.5420,229.3530,207.9060,153.8380,123.8270,128.7350,140.1660,142.8220,140.5870,126.5370,108.3480,82.9651,69.4481,69.1054,79.5642,85.1650,65.5524,36.8475,44.6278,82.8873,94.8827,105.6570,71.2089,56.5196,67.9849,77.9552,71.6230,70.3025,60.2697,49.3367,43.2366,58.0594,64.2027,48.6783,53.4985,83.5087,98.7361,113.6340,117.3710,112.4800,118.1220,115.2380,93.4080,71.3324,47.1115,21.6964,19.4728,40.0748,48.2618,52.2952,41.1578,28.1792,17.6482,5.7253,5.7375,17.9726,31.2482,46.9851,54.4323,64.2456,55.8473,42.4865,13.2907,21.1359,33.9448,21.2932,18.3078,21.4742,23.9899,12.6736,21.7196,47.6801,67.2314,75.1858,51.3664,31.7550,30.6706,29.5860,34.3764,22.1504,23.2628,33.5014,6.3839,14.6182,21.8048,26.0562,33.5391,63.7141,67.5083,86.5397,78.9236,53.3146,40.6707,33.7972,28.6630,50.4223,37.7461,30.0746,12.3052,20.5054,33.9755,51.0686,66.4528,57.2835,48.0015,45.4374,42.9004,44.7487,48.0066
49199.3000,49191.3000,38861.6000,46093.6000,55898.8000,44409.7000,31872.7000,25927.3000,22446.8000,19246.6000,14277.0000,10465.1000,8455.7500,8427.2600,7144.3500,6112.3200,6492.6900,5503.5200,4211.5800,3757.3800,3468.3000,2827.1700,2609.3700,2298.6500,1778.9900,1658.6800,1417.2000,1038.2400,889.2570,791.3450,744.5640,620.7640,511.4010,299.3230,224.7480,232.1680,133.5230,84.9020,120.8270,125.3320,79.1495,42.7683,66.9155,134.1300,167.4480,186.9290,184.6480,168.2780,127.9070,173.4380,294.0820,411.9450,499.0160,537.1580,619.1030,606.1400,418.8900,249.8600,147.1080,154.0610,155.6930,100.6960,21.8886,19.9768,48.9138,98.7909,127.6220,136.4360,46.8875,85.2620,98.0625,127.9580,79.9852,44.3307,33.6824,88.5282,144.0370,207.6540,274.0580,324.8340,302.5260,272.5950,168.2850,139.2930,291.7680,329.5710,303.0270,274.5880,267.8140,310.5500,370.5540,407.9390,396.4770,344.0020,355.8310,452.4090,616.8130,861.0300,1024.8800,996.2290,951.5350,899.8250,825.5540,570.1110,387.9670,455.9320,552.8840,534.5520,590.0020,650.6480,579.6740,484.2890,370.0400,284.3590,249.7390,240.1950,207.2370,223.9110,179.3000,83.4261,39.4361,27.5504,32.1548,24.7289,41.7288,39.4194,47.8788,91.1434,180.4070,340.4850,331.4390,409.4940,280.7650,195.1450,162.1000,195.8760,252.6530,266.1580,280.5220,278.7220,265.4600,260.6050,254.2030,189.8690,115.4300,112.1990,143.8610,149.5420,160.1380,186.2560,204.6510,240.3980,248.0090,236.1800,216.6980,150.7080,68.0878,105.3180,229.3750,242.2700,211.6680,185.0430,150.1660,121.3790,107.5290,137.4430,147.2840,108.0250,77.2588,55.5279,46.5983,34.5935,40.3631,52.3829,63.7378,76.7136,75.0261,55.4298,44.8288,61.5819,78.9302,52.9754,21.7045,53.0605,85.7800,119.6600,147.1060,175.3850,191.4260,189.6230,207.1220,233.4140,253.9010,226.3310,163.7330,109.2580,101.9350,128.1940,134.5660,131.4820,116.7040,108.9430,71.8117,51.2811,70.3319,78.9958,71.6449,66.2599,51.1909,46.8853,69.7717,89.0774,111.3580,94.8638,67.8039,68.7608,62.5396,49.3803,46.9680,44.9062,36.4960,21.4634,35.2010,43.7010,29.1103,48.7586,69.9769,74.5876,89.2489,105.5700,112.6620,98.3282,102.8070,84.2443,66.6368,36.6389,26.8164,24.9965,45.6302,39.0958,41.0125,43.2513,46.5621,27.0010,15.0520,11.1266,19.8992,36.6861,33.4651,41.5903,66.0675,68.8503,66.2163,23.6789,19.7477,43.8550,43.9473,33.4196,24.7297,17.7433,16.0883,13.4806,31.2811,20.3036,34.9785,21.8317,18.4290,18.2458,29.6073,32.0605,19.6801,12.2479,12.8199,20.0380,24.5582,17.8707,18.3116,43.9100,68.8903,75.4835,89.2287,96.8695,59.2577,49.6774,20.7706,34.8051,39.5984,32.4863,25.3201,22.1701,32.7643,44.3390,60.6496,90.4428,87.7288,65.6896,51.2676,57.3392,71.2280,70.7211
