98393.6000,88567.5000,72389.1000,58962.5000,48492.0000,36203.2000,30197.8000,23578.4000,18290.4000,15329.2000,11954.8000,9585.8400,9730.8300,9977.7600,10583.7000,9831.2200,7027.8900,5674.1000,5983.9900,5637.2800,5131.9000,4593.6800,4049.4500,3096.5400,2259.5100,1781.8500,1544.8800,1584.8500,1644.2100,1560.7800,1184.8300,723.8660,599.3590,646.3420,720.7560,655.1890,506.7000,248.5540,154.6740,358.3440,454.4100,485.0300,396.7730,296.8940,329.2250,374.8400,348.5890,336.8580,387.3350,452.2160,456.5480,450.0070,380.2890,341.2360,260.4120,139.7240,94.3969,129.6880,137.1850,164.3370,203.7740,209.6330,176.1630,159.4470,169.8840,180.2290,170.9410,133.1600,105.9820,130.6490,166.6000,141.2650,100.5890,68.2616,81.3657,95.9719,92.3516,75.9602,58.1286,51.9700,38.6073,25.6872,30.8412,45.1335,53.4804,71.7771,87.8064,110.6810,100.1100,64.3736,41.0292,23.2254,27.1780,31.3520,11.6414,12.1631,22.0109,10.6002,15.9718,42.1802,41.6245,38.3289,34.2184,36.6835,30.3954,25.0071,26.6834,29.2116,41.3568,52.3276,55.5871,54.5666,49.6440,40.6624,28.9537,33.7757,52.6460,54.9258,47.7816,33.4462,13.2046,26.7101,45.5827,60.6446,37.7647,26.4189,38.9751,31.8078,33.2623,16.9617,21.8574,25.9168,22.7923,27.5253,23.3655,15.4787,11.1731,16.0555,39.2940,33.8146,28.9916,12.5735,15.8776,20.7244,22.5869,26.0283,30.6918,38.3408,29.3732,22.2580,27.1297,31.4768,36.9218,32.8887,24.8060,17.7301,15.5608,17.7905,20.5790,28.9047,42.2407,40.6000,35.0838,23.1170,18.9225,31.5482,27.1963,17.8121,22.6218,32.2510,46.4192,32.2195,26.0962,19.5267,11.6392,14.6353,34.4158,30.7273,28.3297,25.4964,33.3199,22.9894,13.7371,7.7732,10.7289,12.3000,9.2356,13.2793,30.2639,29.4816,34.5274,28.5573,22.1492,23.6802,24.8413,21.8888,16.7055,6.7607,14.6585,28.2607,20.7911,33.1275,28.2914,33.6237,40.4943,50.1225,44.7331,37.3521,38.7965,52.2892,32.4479,21.8283,17.8948,32.4435,31.7932,31.4870,46.9943,44.5680,60.3256,82.0079,124.6980,137.7870,139.2480,148.2870,148.6620,132.7910,105.5080,68.4857,56.1125,87.5797,120.0900,167.9670,213.1560,184.2180,161.0980,89.3137,58.4000,87.0606,107.6390,102.0290,79.4657,51.1424,26.6105,22.7541,29.5189,26.2086,33.7162,46.6877,56.2486,53.5437,45.6202,37.1200,26.0560,15.1099,8.6706,20.9057,23.6243,14.8941,8.8347,16.8757,13.8723,11.8272,27.1605,14.7850,27.1756,26.2161,40.1833,46.6528,35.3822,22.8834,6.0035,24.7105,47.4966,66.7677,75.1956,65.8432,36.0640,41.6665,42.4778,37.0668,39.8941,44.5628,29.4562,13.6455,31.0742,32.3506,16.8664,5.2230,22.0522,33.1160,36.2923,35.0317,26.6611,19.7219,24.8700,25.6287,13.6872,21.2301,42.8456,58.9287
97275.3000,87559.8000,70999.7000,57305.3000,47146.6000,35298.3000,28879.2000,21738.4000,16801.5000,12986.9000,9161.9200,6840.9200,6419.1000,6508.2400,7252.1900,8026.2400,6396.2900,4970.2400,4683.0400,4018.8500,3434.9500,2532.5400,1794.3400,1247.4000,1463.4600,1754.2100,1745.6000,1171.3800,556.7500,147.4400,145.5690,288.1890,505.0760,435.8770,356.1830,145.5660,56.6131,69.7268,73.6552,49.0475,76.0530,139.1020,191.9650,172.4870,109.7480,103.3620,142.8310,165.7640,188.9180,230.0620,269.4010,289.0030,247.6860,196.5220,178.5470,171.4800,164.4620,114.8860,111.6360,144.6140,141.1290,100.2480,90.2081,108.7340,109.5300,101.3820,81.0165,48.5613,26.2284,20.8890,10.8402,26.1217,24.8447,26.0093,35.9891,28.1083,52.8575,46.5163,43.9611,35.5333,30.5266,34.0337,39.8316,35.2241,30.7566,26.3643,36.1814,43.6235,40.7774,38.5331,39.7466,36.8085,36.7367,28.4031,26.7449,12.4563,19.4312,28.0178,47.6189,51.7426,46.1139,46.1822,48.4024,42.3543,26.2389,15.3964,15.6506,31.7431,40.2872,51.2555,45.2794,37.6101,32.4929,23.8927,12.2002,8.8455,35.2618,47.3792,51.8586,29.6919,14.0228,17.9481,28.8322,44.8895,62.8723,46.5519,20.3368,13.0382,8.9604,24.6356,67.0544,63.0093,50.0496,43.8031,43.5767,37.0609,41.2735,57.2153,40.3679,34.1183,31.1312,37.8892,19.5693,11.8172,10.5355,19.7836,23.7543,18.7500,35.7209,21.3441,20.3748,7.0255,12.8022,24.9225,35.9477,23.7428,14.7121,27.9272,36.1804,43.0655,50.4735,36.0161,32.1120,25.4665,20.1628,16.6456,12.9704,7.4253,16.3986,12.0720,12.3297,27.4709,37.3291,49.5493,27.9398,51.4814,39.1726,60.3101,42.5698,44.8491,51.9849,56.0110,30.2812,10.4515,22.0473,37.7535,54.3469,46.0391,30.9846,21.1358,16.2734,11.5509,11.4146,15.6357,14.9579,24.7864,31.4469,26.3578,23.7016,24.6419,32.5801,41.3692,59.8084,87.3424,93.8918,67.5303,60.2169,50.6521,40.9837,34.2460,38.5587,39.3149,40.7921,73.3860,115.2120,105.4460,92.0557,75.1478,74.2568,72.0106,56.6811,44.6174,36.0380,19.6700,30.4094,37.2507,53.4043,41.0568,26.8181,11.6683,4.6031,20.0377,22.2602,29.9785,17.4899,16.4783,14.0822,23.4963,15.6460,13.3077,14.4577,9.9164,5.0271,8.5544,29.8877,30.2477,22.7654,14.7560,17.5985,19.5776,21.2065,23.8002,10.9456,6.7666,17.8406,16.9685,10.5257,10.6278,18.1929,22.5592,29.1341,26.4599,20.1897,20.3181,38.0609,39.7838,38.5927,31.8223,25.2074,29.0271,58.9200,59.6470,78.6696,56.1647,36.5424,23.7884,10.5019,15.7838,26.5372,35.2622,34.5034,19.1058,10.7514,6.9793,14.7694,31.3711,25.8463,24.0214,16.8686,12.5058,18.5508,19.6847,22.5693,19.3913,19.3010,28.7515,29.7440,15.2227,30.1424,83.7453
98236.7000,88520.5000,72255.5000,58823.8000,48911.5000,37002.3000,31071.5000,24463.2000,19822.6000,17155.6000,14134.7000,11791.6000,10165.0000,6897.5800,5030.4000,5423.3300,5234.5900,5093.6100,4769.1600,4339.3900,3790.7600,3417.1700,3360.5900,3041.1500,2942.8100,2623.7200,1992.8900,1394.7900,1106.5300,914.9800,745.7240,590.1820,468.2100,516.8090,599.2620,533.6360,333.7050,221.2040,279.3170,401.7330,409.3450,333.8230,277.0060,331.5960,382.9680,429.7000,409.3530,339.7350,297.5780,311.8220,284.3770,240.8030,211.6100,210.8310,177.1170,99.8357,88.2510,114.6760,119.1750,111.3860,108.2550,76.9074,33.9151,22.6081,13.6328,6.5819,8.1101,18.6599,27.4315,33.6400,46.2073,55.1355,52.4167,62.3287,68.7467,66.6666,63.8863,53.6061,29.9018,13.2907,22.4979,28.0720,12.3690,14.0709,24.9510,22.1099,28.3345,61.5839,56.6940,50.9999,28.7569,10.3929,9.1686,16.0576,25.0386,12.6857,21.2573,38.4872,23.3977,13.3364,18.5843,18.2372,16.8139,6.7541,21.6456,24.5539,29.5947,38.5261,39.0413,32.9973,33.1473,40.9910,55.6984,87.7685,99.5615,92.1991,88.7380,72.3024,48.5689,30.6194,39.1147,48.7942,62.5769,72.5144,65.6421,66.7646,64.8655,53.1751,56.2776,63.3118,60.0633,53.9166,43.7678,29.8838,20.5383,32.3000,43.5147,38.7731,31.8498,22.5988,14.1357,15.0884,23.7050,34.1299,30.9306,23.1358,15.5105,24.1334,37.1697,27.6349,25.4945,19.7593,19.6893,25.3706,39.7665,34.9948,25.6151,14.6459,24.0190,8.3920,16.8528,23.6990,16.9779,14.1889,7.9600,14.2015,14.5043,14.6763,13.3625,14.0820,16.8704,17.1700,13.7829,9.8204,10.0343,10.6273,8.7238,14.3093,12.3927,7.3347,5.8301,11.8442,22.2813,36.9702,32.3489,32.1218,32.8398,47.6449,33.6158,26.9242,5.4191,1.7266,6.5544,7.9459,2.9105,14.7989,28.6530,44.6032,33.9631,27.3782,8.8421,39.9585,52.8561,68.9589,62.5876,54.5448,63.3537,67.4860,69.8492,59.1603,45.6641,48.8803,61.3819,63.3682,67.9495,72.6646,82.1666,80.0043,70.0411,90.6966,110.0290,117.7740,124.6620,108.0020,85.9989,75.4751,65.3040,54.8062,21.1626,18.1882,19.8927,37.3558,46.9281,58.1858,53.2105,28.5132,19.8428,19.0705,35.3386,46.7816,68.6333,60.9803,45.6044,37.2901,24.3173,6.1293,7.4990,10.3289,21.1903,24.3442,22.2406,8.7719,12.3869,20.0901,15.0704,5.5775,7.5846,14.9327,20.8351,22.0751,18.3518,16.7854,15.3134,12.5357,13.8123,25.9611,43.0980,57.9480,41.3992,20.3438,9.4808,33.4946,42.0441,42.1463,40.3825,42.6020,30.7561,20.5958,7.4759,4.7880,12.6659,18.8956,25.5473,35.1144,35.3972,30.5081,15.5573,11.1998,16.9455,27.6312,19.1283,12.0438,26.0180,49.9762,52.0492,46.4618,27.0021,31.9288,63.5552,105.3340
98314.0000,88679.4000,72712.5000,59429.3000,49242.6000,37225.2000,31337.0000,24812.8000,20090.3000,17670.3000,14861.7000,12453.0000,10937.7000,7709.8800,5454.3300,5441.1900,5087.8100,4941.5200,4842.4000,4300.9000,3916.5900,3559.8100,3508.8600,3607.5900,3734.2100,3417.5000,2542.0000,1735.3500,1303.1500,1208.4800,1162.3500,1044.7200,1013.3900,931.2690,916.9280,860.4410,690.2890,530.8560,476.9970,489.9530,508.1800,477.2380,474.2870,534.9320,556.1290,470.1570,391.4970,388.0960,347.2440,313.6230,282.3680,252.9570,187.6120,103.5520,38.3590,59.4827,99.7495,165.6230,171.7740,152.0620,169.2610,201.4100,223.4820,219.1610,210.5870,194.7450,178.0450,114.4330,46.0099,29.1262,72.2041,72.7889,54.1969,42.4942,49.4846,58.1105,46.2519,27.7559,23.5924,39.8417,37.6991,42.4607,33.3798,22.1082,17.0018,19.8184,12.6419,26.5659,35.2723,47.3026,40.6537,40.5568,41.8416,26.1116,22.8562,30.0120,46.9975,51.7261,30.8817,19.5614,43.4743,49.6076,47.9165,35.1566,21.0167,11.7163,19.5852,49.2100,65.5125,51.4427,38.8130,36.4952,56.2114,74.0301,84.1318,77.8391,61.1171,44.4335,31.8100,19.2424,17.5056,38.8266,59.4797,73.5402,75.7565,84.0398,96.2435,92.3491,87.3350,76.5262,68.3386,56.1716,38.1833,28.1439,26.7490,14.4410,12.7364,27.2888,28.3716,26.5999,26.1924,26.6435,47.7405,59.9806,58.7323,47.9636,41.4396,48.7774,55.4398,50.1739,32.4689,21.2630,23.2688,42.9610,48.3650,39.2832,35.7032,34.4265,21.2799,7.5935,11.9925,21.5760,32.4657,27.1257,15.4683,9.0389,14.3422,17.6950,15.7848,12.9453,34.6695,52.1485,50.4674,47.8778,49.5713,42.0840,52.1236,83.3989,65.8782,29.6898,26.3437,45.9606,35.9327,15.7532,14.1665,16.6892,11.9960,20.0338,30.2408,25.8914,35.1274,18.4563,30.8665,19.2764,15.6017,12.8913,14.8867,16.4029,14.4031,20.0444,39.1325,43.3453,41.6779,49.8918,64.3812,78.1097,61.3550,42.5004,26.0715,32.3278,46.2546,44.1608,32.3506,38.6029,55.3097,64.3103,71.8188,69.7887,71.1945,74.4479,78.2498,87.1651,89.3949,68.9753,61.3455,56.5048,59.7942,35.8401,14.3705,5.4550,6.6168,23.6019,35.7102,44.5954,37.2424,42.2506,40.3998,40.1854,39.6815,42.5611,37.1525,38.8225,10.4343,12.7448,29.1536,35.6836,32.1545,39.3615,44.6275,33.3760,15.1066,20.6902,28.4076,29.5171,6.3289,21.0439,31.5427,48.6438,48.6555,41.6227,39.3514,35.6164,32.1005,34.9951,56.8931,75.4044,62.0879,51.6343,28.9698,9.6220,26.6057,32.5138,54.4353,29.6302,30.0022,12.2525,20.9758,22.3076,28.2474,32.7981,38.4292,34.4680,16.7545,8.1589,24.5840,35.5776,56.7191,50.0107,44.7562,39.6312,29.1640,21.8479,19.4164,36.7312,36.6824,31.8106,27.9027,42.5371,68.4242,106.0710
97587.8000,88063.6000,71823.6000,58347.2000,48298.9000,36515.3000,30511.1000,23808.5000,19164.2000,16383.7000,13357.1000,10941.3000,9498.6900,6508.9900,4804.4300,5288.0900,4938.3600,4658.0100,4517.4500,3907.7200,3756.1400,3543.7800,3421.4100,3319.6200,3192.1400,2681.0300,1887.4200,1494.6900,1324.1900,1122.2800,930.5080,745.8740,694.0750,774.1630,772.9030,574.5710,397.1710,509.0390,513.0330,628.2550,694.4350,643.0150,537.8510,427.2200,369.2850,306.0100,285.6880,256.8250,163.1340,82.9630,43.1262,17.8336,16.0326,35.2621,23.2176,10.3072,24.5683,54.6137,57.3551,56.4323,49.4716,59.0669,62.6830,58.0143,64.8111,47.7266,67.2810,53.3500,56.4058,63.0422,76.5015,66.5413,54.2541,46.8952,47.4220,43.8833,37.3526,39.4012,41.9541,45.5137,23.4073,18.5367,17.3008,21.3303,3.8593,16.2975,36.6237,38.7779,35.1611,32.7096,25.7321,26.1455,27.0892,25.5089,23.1807,24.5845,29.7799,31.4652,24.2055,23.4968,13.2727,16.7521,23.8130,40.6939,57.3927,66.7250,63.7705,65.8390,68.7544,73.6117,69.3462,59.6361,46.6480,63.3530,99.9912,89.9453,66.3303,30.3407,34.1117,52.1660,66.2784,71.6516,62.5771,59.7635,55.7958,33.5913,23.7513,41.2121,45.6600,47.4805,54.6313,56.5166,37.6360,34.8581,48.0859,32.1021,19.2736,45.7474,60.4037,43.5825,28.5520,22.8714,32.2080,33.5009,26.5454,19.0740,23.1858,33.2362,27.8483,31.8768,40.2090,50.3794,46.4057,32.4542,20.6876,14.5030,14.1439,11.1616,11.0581,22.2601,36.5354,36.3295,33.9995,30.3151,33.4584,18.9270,20.9747,30.9613,48.2510,28.2649,18.0680,13.8468,21.7623,25.2930,15.7612,14.5532,26.0767,39.4228,47.7900,38.6408,27.0622,12.5537,13.1692,17.0983,17.7105,18.7060,25.9968,35.4229,24.1927,20.1221,24.1609,26.4506,20.2444,20.5599,19.6437,15.8897,11.2181,12.6688,18.9835,36.4526,22.8777,37.0692,57.8022,52.5937,55.1019,74.8635,73.0780,69.1558,55.2929,48.8946,57.3047,63.6711,60.0226,72.8370,80.4323,74.8437,74.6603,81.2396,93.3285,101.1540,103.6440,98.9514,102.5780,110.4830,120.6070,90.3808,50.8419,30.9739,42.9368,48.2192,35.6247,22.4264,52.1580,74.0530,58.3260,49.6629,49.5248,66.4331,42.3452,34.7810,23.0847,25.7734,33.5025,25.0537,36.3159,20.3812,19.9828,34.9113,47.8942,54.3082,21.8346,14.4400,45.3943,40.6471,20.0405,21.0898,33.0401,27.0548,34.9810,47.1022,55.1245,48.7677,14.5553,15.8882,52.9118,51.0083,41.7874,32.8592,34.7283,32.8767,21.2163,15.2189,21.0447,32.7475,40.1669,43.6105,31.3420,17.2567,5.7598,8.9150,22.4421,33.6092,25.3239,22.8081,35.4131,36.3067,33.3396,15.1701,18.5788,21.2922,12.4654,24.1657,43.9632,49.7861,52.9771,44.9173,18.6182,21.4368,61.3333,118.1430
97964.7000,88477.4000,72291.9000,58971.7000,49349.8000,37804.5000,31990.5000,25392.5000,21443.9000,18656.7000,15120.0000,12699.1000,10494.0000,6596.9400,4001.2600,3912.3900,4020.2100,3656.6200,3401.3900,3229.5000,3675.0000,4049.8300,4297.6100,4069.1600,3727.3500,3074.6100,2374.5700,1655.8700,1218.3000,964.0940,981.5580,1044.8100,1046.2900,949.5210,689.7150,561.3520,602.7170,523.8350,409.5860,335.7060,321.7340,254.0360,224.5710,229.3370,251.6100,213.7280,130.7950,99.6686,53.6812,83.1682,75.6601,98.9477,149.0960,161.9200,154.5080,148.1090,149.7090,187.5330,234.3560,242.3680,155.2420,105.4720,109.8470,108.4400,90.1654,65.4932,45.4378,45.4272,29.1929,22.1339,13.3478,4.0887,40.3037,54.0482,76.3800,88.1330,73.1206,57.9363,37.9095,36.3745,26.2669,36.4635,15.7762,14.7905,24.9494,24.0601,23.2228,17.9281,29.9702,28.7027,42.2889,46.6620,57.2088,37.0040,26.1147,24.3719,27.0991,20.2053,42.7280,62.4406,52.0920,41.9623,27.5225,20.6453,20.8341,34.9847,40.0214,23.5267,13.2013,19.6563,31.2109,54.0819,60.6511,53.9644,27.3637,24.7444,42.7888,57.7851,31.0994,57.8887,83.8064,131.6870,75.9761,52.5561,53.8997,44.8814,13.7570,50.8836,70.4442,97.2710,80.8603,52.9455,62.3106,49.4413,39.5896,15.5927,39.5419,36.6472,69.9376,28.0706,35.0142,48.1786,49.1294,54.0106,49.2565,22.3259,22.1039,38.8486,57.4311,42.5066,29.1674,10.0691,12.5134,12.6267,16.4626,17.6681,29.5818,38.2919,46.1067,43.3636,42.1021,39.4026,33.7564,9.5440,5.8856,8.8212,19.1931,17.4585,12.0554,11.8696,51.6058,52.8510,51.2736,23.5910,11.0155,19.9517,32.3849,47.4445,48.9601,33.6853,22.3650,16.0057,13.8242,13.4814,16.6230,21.5711,20.1779,19.9906,25.3190,29.2476,20.3976,17.3082,2.4812,4.2476,10.7394,29.1818,34.9149,51.4801,70.4340,106.1170,96.0719,57.1327,37.2744,17.9011,29.9449,32.3849,38.6847,36.9053,46.5426,51.2535,46.4434,49.0976,60.2300,67.6966,62.0372,81.7563,60.8939,59.7621,62.9814,72.8832,58.9234,55.4248,63.7842,100.1130,113.0260,104.5270,108.6930,81.8287,57.1138,49.4831,66.9605,84.7961,104.5970,42.4175,70.4358,60.3413,69.8026,57.2922,70.1038,94.7024,81.5676,70.4884,10.2342,27.2165,29.3082,43.7602,61.2736,70.6206,40.9592,18.9893,6.5326,10.2840,31.9043,41.2790,27.5715,25.3061,35.3180,40.5367,38.2971,31.1666,15.3490,15.9515,24.2657,29.4295,39.5441,37.0578,55.8978,53.4074,32.4815,27.6827,16.1061,42.0916,46.6414,59.9652,66.6015,52.1454,39.8678,28.9989,25.7452,26.2220,9.2671,28.2753,42.3863,51.5756,36.9913,44.9743,65.1670,65.0194,57.8076,33.6905,21.7727,26.4028,9.4261,33.4613,46.5428,69.6043,57.5277,28.2761,11.7520,57.7323
98360.4000,88955.9000,73160.3000,60042.9000,50189.7000,38532.2000,32737.6000,26199.7000,22154.1000,19788.0000,16816.9000,15448.9000,14494.3000,10804.0000,7092.0900,5001.5100,4359.8300,4431.7700,4829.8300,4307.0300,3895.9200,3714.7900,3705.4200,3165.6100,2649.2000,2177.0900,1703.0300,1626.2300,1426.2300,1252.7700,990.6540,890.7670,808.1270,716.3200,545.9160,468.8270,381.5070,391.5630,461.4150,281.4210,149.5030,84.4036,261.7010,264.9100,263.3690,217.1410,195.0120,217.4340,208.7000,217.7500,192.8340,176.9070,169.6760,154.3400,149.0720,153.2630,149.1060,110.6840,96.7016,131.2580,154.6640,146.6790,136.9590,110.1970,73.1262,60.6705,52.9146,56.8113,56.0264,53.1140,58.4566,73.3885,81.0906,58.4529,35.9818,28.8780,52.6709,73.9504,93.5976,101.7450,83.7163,68.8578,63.3373,48.5389,37.3624,45.9910,51.0498,31.7379,26.8145,17.9957,15.8268,32.5473,35.1230,35.1475,64.4816,87.6347,96.5606,91.2281,80.2700,58.4056,29.4505,36.3526,62.1329,76.8251,97.7974,95.2259,59.5027,35.3805,36.5046,20.9103,13.5729,50.8562,50.7262,43.1144,32.5442,36.0655,41.4758,59.4421,75.1695,58.6171,50.3134,42.9523,36.8047,18.7783,20.5971,30.6436,33.1256,32.3643,29.3575,30.7136,31.4238,39.7589,21.4432,23.9445,9.2955,14.7381,14.4164,23.1451,25.9853,17.9403,16.4383,19.8741,25.6852,11.8264,7.6988,11.1911,21.5386,24.9089,33.9219,22.5388,14.7001,18.1211,15.9484,9.2075,15.1760,23.4863,30.7832,13.3126,13.2417,15.0743,42.1461,26.1243,31.0221,18.2566,30.6388,47.9372,18.1628,6.6366,19.9027,13.8229,9.6553,21.3066,34.0178,35.8234,35.3644,14.8381,14.0808,15.4969,28.4628,38.5812,51.7177,36.1754,24.5759,16.7066,11.7686,4.0390,4.4074,20.0491,29.3956,45.2203,35.9557,21.1182,22.4665,25.0875,32.8290,23.6428,18.5375,30.0427,9.8143,21.2383,22.9110,46.8895,50.0558,56.4763,50.1004,41.7231,61.9538,65.6596,77.7590,59.9000,31.5292,26.1424,32.9847,60.1474,80.5063,64.2748,65.3237,80.7417,101.1170,97.1136,105.3860,101.2990,73.5965,31.3998,61.6976,90.6516,102.3880,73.5799,74.9094,118.9390,147.0980,150.0160,144.9410,149.5940,141.0600,87.8710,116.5870,76.6376,61.4260,67.8279,99.3907,126.8990,66.8182,44.8327,17.1511,20.8894,24.5645,50.1631,62.0187,65.9131,63.0131,23.8411,9.6781,13.5194,12.4533,17.6233,20.8262,25.9471,25.8088,10.7963,5.3031,8.9596,27.9429,65.2993,51.9673,42.9691,21.8914,28.3675,33.4309,33.6398,35.2956,24.6727,38.4395,34.3044,45.7165,30.1780,23.2769,34.5846,25.7552,24.7840,43.0292,34.8541,28.4055,49.0220,59.7150,73.9333,57.8234,34.3322,38.2421,25.6958,39.9797,46.4499,61.1829,64.7761,66.9949,68.2188,49.9196,28.4771,75.6650,135.1860
97477.4000,88172.9000,72100.6000,58721.2000,48808.1000,37263.6000,31247.5000,24457.2000,20375.3000,17522.6000,13995.8000,11772.0000,9897.9100,5920.1900,3292.2200,3496.1200,3910.8300,3960.9800,3442.6200,2980.6500,2463.6500,2273.0200,2332.3800,2189.8200,2232.9100,1873.7200,1538.7300,1352.4400,1267.4800,1091.1200,898.7750,810.9600,757.8180,794.8570,797.4910,686.6240,554.9960,367.5480,122.9310,113.4770,133.7990,160.3510,195.4800,241.5470,247.6760,168.8520,141.6740,176.1880,160.4130,157.4330,157.7190,194.7910,163.9980,118.7470,155.2190,157.4000,152.8200,124.1000,133.5520,138.7690,158.6940,190.2190,261.1240,237.6240,170.0550,123.6560,82.1217,29.0686,102.1960,156.9320,185.3750,150.0840,124.5390,91.8367,64.7566,17.7588,28.5226,51.4857,61.2316,61.1350,51.8861,37.0335,63.3675,97.4773,87.8619,74.2919,27.4804,60.5592,78.5153,95.9980,54.5161,32.7762,48.5382,65.7204,49.7376,11.3341,54.9571,65.7708,86.7055,50.4361,57.3107,46.4369,61.4132,63.1474,48.7505,36.3681,19.5660,28.8781,19.5146,50.0260,71.2991,116.5900,75.0795,89.6867,31.8633,26.8745,79.3159,70.2571,123.1240,50.3195,73.7043,27.1493,15.5016,40.1681,49.8117,65.5185,81.9790,75.8759,85.4740,56.6183,50.5270,65.5569,73.7691,24.5308,9.1375,3.9772,24.1211,30.4688,27.3635,15.0371,34.1515,39.7786,30.6958,15.0984,57.6222,37.8616,39.8425,9.1421,28.5736,31.0935,40.4227,26.0964,25.9409,32.3231,62.4456,51.4899,48.9787,41.2085,52.2285,25.5759,23.5375,51.5380,51.9309,34.3247,39.2720,52.6660,63.5691,44.1394,42.1113,29.0350,29.7562,30.1365,69.7585,76.1800,80.1442,93.0194,72.4245,68.7122,71.6839,52.6480,26.1936,33.8787,53.1808,107.6690,126.9210,142.0400,178.1060,164.2260,128.2100,133.5810,134.8780,115.0970,148.2750,55.6538,81.8140,43.8717,32.1852,32.7958,53.5148,34.2543,22.2492,13.8021,20.6821,46.4628,47.7125,47.8415,16.9349,44.0891,73.5717,70.9949,75.7370,98.2327,85.0738,57.1620,37.2623,49.4437,60.9814,67.9964,85.4541,104.4170,83.4519,63.2697,48.2584,63.0343,114.3980,107.7040,58.5546,39.4613,83.2244,93.4437,100.0310,126.8750,169.4010,116.4950,58.0783,62.4768,70.9160,56.1616,40.1906,46.0985,41.5704,43.5497,77.3466,41.6355,35.7066,54.5010,25.7725,31.2340,99.7943,58.3936,32.3708,92.5621,128.1940,121.5490,49.3018,33.6417,46.4848,106.5810,64.5677,89.5859,39.8089,36.3452,59.9925,20.3245,31.3684,76.8331,66.8849,92.7857,28.4220,48.3233,37.0182,25.9507,11.1305,8.7824,6.7269,19.6415,26.0505,34.1257,42.1304,42.7288,86.5498,57.5371,36.2514,30.5014,7.2853,11.4392,22.7532,39.5478,50.3078,68.7982,124.4070,95.4258,74.3843,14.1939,12.1306,14.2520,6.3677,17.6731,30.1497,82.3161
98185.8000,88845.7000,72689.8000,59371.2000,49980.8000,38656.1000,33015.5000,26605.2000,22951.0000,20722.4000,17760.1000,17145.1000,16971.0000,13035.3000,8039.2400,4134.9500,3043.5900,4478.3900,4947.0500,4310.7100,3881.4300,4112.7700,3994.3600,3907.0500,4086.4400,3742.0700,3368.1600,2986.9800,2746.2100,2270.3800,1980.1600,1482.3400,980.6080,1022.2000,1256.6900,1166.6500,885.5840,556.5020,570.9330,891.8870,980.3490,927.1750,754.4840,575.4500,508.9180,505.2470,542.2060,541.7760,513.0690,466.5440,500.5780,510.6970,410.6880,312.3060,324.0610,369.8430,382.3960,383.6350,369.1860,336.9230,296.8090,230.6910,162.0510,136.1230,154.4940,166.8250,144.6120,131.7500,108.1090,103.4490,96.6992,85.1692,35.4663,24.0476,52.9734,48.5297,50.2118,59.2811,83.2723,65.9629,39.8453,17.8620,14.4906,28.3203,42.2129,46.1941,55.4735,71.1411,88.5486,61.1337,30.2193,18.3284,25.8636,52.6536,86.6630,90.4710,88.4652,68.2895,65.4848,66.3614,29.3729,36.7804,74.6486,95.3783,74.2400,54.7711,39.4158,31.6942,37.4171,57.7445,65.2417,21.3899,20.9863,55.2410,36.2418,23.1303,24.7461,39.1465,8.5758,23.8951,27.6077,27.7168,35.7604,34.7628,24.8723,8.0248,29.0175,21.4029,33.6792,46.0817,71.7422,44.4678,37.7485,30.2532,31.9760,50.5880,57.5205,45.0459,44.4139,24.4364,18.0472,23.6613,26.0088,27.2696,35.5887,37.4967,30.2972,25.7777,13.0012,19.6859,24.4666,29.5008,30.4712,44.3367,23.3667,41.1136,26.7537,34.0022,31.7602,33.3561,24.3560,10.5982,21.1935,29.2772,42.1355,60.2509,81.2925,51.6965,38.7555,46.7823,65.2976,69.5329,46.9461,48.8748,41.9496,31.3970,27.4849,27.9574,36.1100,25.0805,25.2159,25.6019,49.0464,42.6554,41.4074,12.8573,26.0259,33.1954,23.5848,14.1858,24.5597,47.4469,42.7455,47.0534,34.8989,38.6835,36.4044,33.5211,8.8847,14.4275,26.9898,64.7007,59.7820,63.7999,59.8109,84.9338,82.1004,83.1216,84.5237,80.3839,51.7133,35.5032,26.2883,29.9021,16.2208,28.1553,28.8039,36.6865,49.8556,57.1584,50.1056,42.6896,18.0430,25.4138,43.1595,30.4137,16.9774,18.5826,48.0253,89.0095,115.9260,160.6160,153.0500,104.8530,102.4900,49.7625,72.1149,58.8046,39.8523,24.4242,8.2512,37.9834,56.9687,59.8855,56.3587,39.3936,40.5443,37.5094,33.5309,21.3822,39.3402,27.8976,25.1621,6.6885,12.8402,31.0007,24.0356,17.5638,17.7940,17.3541,8.1402,24.1433,46.7181,55.7804,38.3777,29.7953,23.6444,23.1136,22.7859,27.6366,49.2994,51.3211,64.8617,68.4950,50.8702,44.8287,35.0056,62.7424,69.6944,49.1904,33.8138,25.1486,24.3353,11.3181,15.1426,19.5345,25.5500,42.2087,50.1097,32.5529,48.3844,60.1592,58.2173,36.6007,28.6505,16.5062,36.0558,47.8967,66.9496,76.9737
98772.0000,88873.4000,72894.8000,59545.6000,48803.2000,35991.4000,29993.9000,23605.3000,17876.7000,14219.5000,11602.3000,11393.8000,14327.8000,16041.2000,16480.0000,13613.9000,8329.5900,6105.8200,7297.3300,6734.4500,5816.6500,5245.1500,4660.1000,3956.2900,2845.7700,2350.8800,2112.2300,1753.6400,1504.9300,1520.1400,1664.9800,1693.2900,1615.8700,1692.7400,1699.6300,1527.7700,1087.3800,712.1740,408.1430,263.0270,288.1350,275.0560,201.9410,95.3599,119.5670,163.3250,229.5810,337.9640,361.1070,329.5000,329.5270,327.6170,315.1390,254.1460,214.0380,217.3080,232.0710,249.6140,246.6310,239.8840,177.8340,79.5838,31.6269,68.2886,117.9140,121.2870,92.5079,64.0298,55.8609,55.2855,41.2647,28.8170,32.9552,39.0262,49.3744,61.2043,66.3497,56.9012,25.0817,29.1533,57.3808,89.8529,73.4326,53.3008,49.0129,66.7568,80.9613,83.4480,52.7391,46.3358,69.5746,73.6554,52.4401,27.3615,42.2522,59.1863,68.4176,49.8405,33.7932,34.6392,14.6692,14.8002,62.2314,74.7747,73.8348,67.3417,45.8488,23.8189,34.5166,66.2586,65.3456,69.5081,53.8245,41.7956,26.7649,24.8822,32.8592,33.6152,28.6200,28.1121,32.0378,46.1433,22.6298,52.5775,45.4121,53.9083,39.9828,58.6086,76.1332,68.3247,56.1880,23.7946,30.1391,47.9624,36.5466,24.9598,7.4918,20.9848,32.2978,41.2689,46.7598,40.8950,34.9414,52.1793,52.6625,54.8813,25.3019,14.4715,21.1844,26.4296,28.6570,27.7931,43.3275,54.9741,62.3011,57.3947,32.4092,36.8142,33.8966,37.1042,49.5173,50.1887,66.9321,41.9273,51.9842,81.8904,80.4095,74.4286,70.2408,68.6581,59.8516,39.6584,34.5084,12.4070,14.0621,23.1252,14.7984,15.0877,19.3471,16.7352,13.5000,23.9569,43.2124,38.1217,32.8680,34.6082,48.5457,29.2951,35.8985,20.2976,22.8603,28.3491,29.1833,45.0836,24.0094,12.5031,20.8454,33.0659,29.1144,32.5818,25.9855,29.2524,14.8280,8.2687,16.0853,29.5368,48.6895,63.7126,39.9850,35.0505,16.3860,33.7601,42.1637,49.7997,49.7224,32.8779,27.0516,49.3847,48.5314,48.1362,8.2966,19.1508,39.2465,16.3449,43.4473,48.7112,51.1512,47.9003,49.8322,44.1502,56.5587,43.3033,42.9757,45.3639,52.0543,49.6308,46.5053,40.1360,30.4693,18.0053,40.7374,51.4249,58.2732,42.1166,22.2993,43.6373,78.6001,86.1205,83.6175,77.0486,64.2828,13.8662,14.3763,20.4529,30.7708,47.7552,45.2806,21.9722,32.7218,18.4971,22.5837,20.9858,34.1572,63.5970,72.9086,63.7223,56.8618,68.5192,86.5977,54.1422,55.7005,115.5500,115.2720,116.4400,68.1005,49.6113,56.5432,22.6125,14.3409,34.0864,14.6547,28.1239,66.4290,42.7548,27.2063,40.2317,39.9138,17.8966,26.0058,45.0202,44.4520,22.2011,11.8588,10.7474,17.4588,28.2114,39.9128,33.5089,29.2690,81.5731
97394.0000,87776.7000,71535.0000,58062.3000,47708.2000,35800.6000,29496.6000,22378.5000,17658.1000,13919.7000,9558.2600,6066.6900,5012.2100,5190.9500,6068.2400,6643.5800,4852.4100,3945.1700,4620.6400,4107.7300,3179.7500,2101.8000,1565.2100,1188.2700,981.9680,786.1120,657.7540,750.6940,750.3180,609.9490,672.0010,821.0500,796.7250,693.9440,642.6150,599.7560,551.8650,339.9270,222.0050,334.9850,463.6170,519.4330,473.8080,399.6100,339.9290,318.7250,258.1630,196.9260,147.2460,293.0600,278.2800,245.0260,137.4250,91.6091,116.9510,119.0540,102.3270,128.4980,189.0560,250.3540,243.9230,185.9460,140.9650,104.4020,99.1926,88.8383,55.3678,45.8115,52.1116,75.4183,80.0888,67.3529,62.2084,66.9515,87.5669,96.9924,77.7002,59.0235,44.9692,40.7193,48.8318,55.3999,61.8163,58.1457,44.4678,31.7204,19.2785,9.6485,14.4515,40.8429,48.5341,40.2540,30.6909,27.5789,32.3049,31.3310,34.9103,40.8298,43.1964,30.3035,15.5783,30.2905,39.9734,39.8284,25.7279,28.8524,38.9861,32.8170,27.8299,30.3945,31.5652,34.5286,34.4057,28.4757,18.4769,8.4459,6.7655,18.9155,27.2093,37.6597,34.0467,33.0691,20.8667,10.7133,10.9529,12.8128,30.7442,26.6555,25.0211,19.1064,17.7039,26.9602,42.7731,35.6343,24.1520,7.5825,9.1609,16.5279,22.4241,35.2439,27.2794,18.7538,15.7609,28.4635,20.3083,23.2770,16.5520,11.4904,14.9952,15.6112,8.3911,6.8197,35.9894,29.9211,34.0567,42.1702,62.8115,50.8775,44.4913,36.4811,50.1063,48.8193,32.3451,25.5003,23.9043,20.7620,33.8197,19.4581,8.5717,12.9356,14.6469,9.2574,8.8391,19.7384,30.3211,21.5774,26.5870,11.3793,33.6705,27.0076,26.8328,9.9081,19.4870,38.0962,33.8014,29.8068,30.6678,41.1353,42.6982,30.5748,35.5694,26.3674,30.4017,37.2212,48.4704,41.0536,40.5329,54.1392,44.5518,31.0170,20.6064,35.0201,45.1303,33.3102,26.3533,36.2718,46.2642,50.5652,59.3672,65.6636,52.6666,33.5771,25.6693,15.0817,39.4485,60.7962,63.1618,74.0911,68.0320,44.0850,32.1673,22.7669,10.4212,11.7404,33.6994,51.7466,73.1767,65.9542,29.8138,24.0836,57.7290,53.6897,47.5958,26.0119,13.7078,15.7890,33.5779,53.4040,48.3368,44.6382,60.1586,56.9955,46.1594,16.0786,26.9995,41.7303,35.4128,34.6518,30.7177,24.7728,15.8078,9.4475,7.7949,10.1846,17.4184,26.5776,27.8692,41.9155,40.7110,29.9519,24.2054,32.2047,50.6440,43.9488,34.6231,29.0853,19.1882,13.8164,28.1042,43.7528,51.7753,52.5486,42.8914,34.7136,32.2595,43.0487,62.2076,78.2895,96.9923,90.9269,68.0158,66.9765,73.3521,74.5957,77.3240,73.9313,57.8197,28.3608,27.1437,32.0400,21.2409,13.8527,15.7096,24.4089,21.4703,16.5613,2.3112,3.1814,12.3329,43.4318
98751.6000,89155.3000,72949.4000,59508.4000,49513.6000,37254.7000,31798.2000,25776.1000,20440.4000,18296.3000,16605.8000,15851.5000,16133.1000,13860.4000,10398.7000,8647.4900,7317.7500,6941.8500,6807.4000,6514.6900,5710.3400,5309.0900,4649.9200,3978.7300,3468.3500,2777.1200,2013.4900,1564.7600,1171.4300,881.0000,802.6960,770.4860,722.3020,534.3350,297.6790,368.8890,608.9050,653.6800,604.5790,659.4790,704.0140,688.8370,693.0180,742.2970,713.4260,689.2580,563.3580,406.0970,297.0400,233.5590,167.7190,158.3340,161.3400,154.9290,115.7530,60.5037,47.1019,30.8022,26.2241,53.4128,77.7296,121.8720,148.5700,108.6730,97.1985,67.4487,93.8311,73.8908,93.7799,59.5212,60.8320,67.8390,61.3492,47.1074,52.6207,75.1937,100.0210,136.0010,141.2560,93.0114,65.0445,67.2694,70.2135,64.1659,44.5202,24.1448,16.4934,20.7519,56.9296,91.3053,115.8410,96.7107,74.9604,64.8856,49.6952,35.1228,15.1532,7.1015,28.9832,63.1689,66.2023,63.7529,31.3863,23.8825,40.4950,50.2560,42.3114,34.9766,28.0577,13.7885,6.9238,29.2220,30.7824,28.9648,26.4204,27.6320,39.2656,59.0502,57.8050,37.8767,26.0336,12.1373,6.4099,9.2794,22.0081,22.5231,34.8753,56.7797,53.8982,50.0547,32.1506,35.1948,53.2878,35.8105,23.8852,24.6392,30.7576,4.4088,33.1301,44.6894,45.0555,29.2189,37.7732,48.7171,46.0048,35.3327,18.5758,30.5094,54.3001,68.8737,86.7337,44.5283,50.8157,38.9058,80.3219,64.3891,80.5204,48.1294,29.8289,12.7108,10.7514,15.4640,9.8652,16.0826,26.8886,18.1262,13.4890,21.2465,25.6909,30.4680,21.7425,17.4723,26.3157,29.3415,31.2437,9.3928,13.5119,36.0081,42.0987,35.9619,39.1114,50.2832,58.0431,53.5424,23.0391,29.3351,46.7451,35.1989,48.8127,72.3283,77.6920,75.0189,54.5358,38.4459,45.7496,63.4095,70.6946,73.1661,48.1763,43.4006,44.5201,46.6245,53.3280,65.0881,68.2628,70.5838,75.4096,70.2377,62.1949,47.5340,42.7417,36.9900,13.7316,22.0621,52.3552,46.7676,28.6157,22.8256,44.5772,56.8438,66.3947,43.6930,13.5292,18.4710,19.3061,18.8639,19.0361,38.1452,25.5069,15.2748,10.7144,15.1466,18.3048,7.8047,22.0981,32.6929,46.7143,53.8231,46.7793,39.4487,29.2932,17.6088,24.5197,24.5155,17.8951,17.2847,21.3539,31.9276,55.9664,45.7026,33.2912,12.5329,18.1123,35.9156,19.3415,28.3843,29.4362,20.2865,15.5887,19.2827,18.8755,9.1088,11.1604,34.7201,31.9936,35.6730,18.1186,18.7476,40.0698,46.6877,53.4680,63.6451,71.3580,53.4675,31.3993,14.0851,33.4779,49.7657,59.8353,64.7476,54.5192,37.9385,24.7109,32.8755,53.6894,49.1773,43.2252,15.8305,13.0715,18.3828,11.5281,6.4654,46.1409,54.0910,62.6549,44.4583,16.8726,42.4075,79.7457,123.4160
98684.6000,89007.8000,73043.1000,59773.1000,49520.0000,37137.9000,31469.8000,25252.2000,20006.6000,18132.1000,16540.9000,14585.4000,12678.7000,8615.5400,6403.0500,7184.2500,6738.8600,5829.1700,5415.3100,5075.7600,4940.8500,4541.2700,4517.6700,4183.8200,3809.3300,3232.1900,2482.8900,2075.8500,1834.2800,1647.9500,1512.9400,1211.2600,995.1040,898.8290,777.0270,576.9780,367.3640,342.0810,427.5220,423.1200,342.5610,263.6140,181.0850,99.5604,94.7599,129.7660,183.4840,195.0240,170.6170,172.8850,165.9230,179.3410,153.5600,144.3660,170.5780,214.2170,287.4210,344.5960,343.7540,315.3890,300.1810,294.7910,256.6850,225.2350,253.5770,312.3280,348.7080,375.2600,357.2760,326.4570,284.2120,181.3940,77.0822,50.1982,89.9944,92.7766,106.6350,93.9854,78.2100,42.0253,18.3246,47.4187,46.6046,37.1143,39.5361,40.4514,38.2440,50.0177,74.1785,88.2038,80.9269,52.1329,25.9966,14.8797,15.8163,25.2214,27.0845,47.7645,63.9978,54.6070,44.1743,31.4657,21.2098,17.7178,12.4380,26.1149,25.4515,26.0898,11.4352,15.4274,26.9003,45.9465,60.1879,56.0177,50.7925,36.6768,11.2933,7.1940,15.4050,32.8970,46.5475,32.2566,21.8789,12.5166,10.7130,9.7212,17.2010,39.0601,45.2229,50.4433,51.8204,60.8477,44.9535,19.6358,22.3389,30.5668,22.8972,27.6148,30.7043,26.5322,23.2841,38.6369,29.5083,17.1945,33.6376,32.4045,39.4974,60.8482,65.1280,56.4345,25.1783,25.6832,43.1988,35.2595,18.5892,16.7245,41.3676,45.7735,50.8105,51.2252,62.7648,54.6450,34.0974,32.6611,16.6307,16.3404,29.3324,37.0250,34.8191,20.7563,14.7076,30.5299,22.4495,30.6899,30.5833,22.5064,20.7643,36.7965,27.4946,13.9670,34.4846,20.5310,12.2855,40.2051,36.0689,27.7447,32.4221,48.6437,57.5143,33.4012,37.5909,18.9797,11.1229,18.3414,31.4500,44.9666,43.3884,33.8828,23.6160,17.0471,13.8992,42.2876,46.5444,51.4540,51.5373,59.0159,69.7082,73.7191,69.5078,61.8670,34.9729,14.1123,7.9666,27.5001,58.1127,84.2858,66.3938,52.2104,37.5519,39.4305,36.2238,27.0868,25.0454,30.1185,29.1864,24.9213,20.8712,20.6025,29.4249,45.8256,50.2729,39.4715,31.6183,28.6094,8.8309,33.9261,37.4444,40.3360,27.2448,23.9383,21.9488,17.9663,13.6760,8.7720,13.1022,21.5550,29.0187,22.0680,16.0047,17.1486,22.7742,27.4325,29.5012,30.5807,29.9724,30.8585,27.5635,20.1474,19.1051,33.4820,41.3655,27.7749,19.2345,21.2857,28.5445,36.0669,38.3254,27.9118,33.6775,39.0744,43.4585,30.3979,15.5086,13.3877,25.0215,53.5753,69.8948,66.3446,58.8621,32.6628,11.8298,14.0711,20.7804,19.0385,23.5020,32.7503,46.9718,33.5026,29.9033,21.8678,25.7958,35.0521,35.2895,42.3364,34.3779,28.8961,29.3033,60.4196,58.9336,111.5590
98009.8000,88343.0000,72230.5000,58764.1000,48181.5000,35853.0000,29753.9000,22951.7000,17439.8000,14297.5000,11766.6000,10613.2000,10193.6000,9023.4300,8342.2200,7898.5700,6285.7700,5380.6500,4991.1300,4311.7700,4099.2300,3541.2800,3287.2600,2740.1600,2322.6900,1683.7600,1234.0300,1169.9300,945.6070,795.8300,624.2350,538.2090,398.4550,403.3870,501.9570,458.6530,352.3640,217.7670,121.9590,196.2090,256.1900,228.7270,195.4400,235.9770,300.5350,399.8970,490.0550,535.6910,493.3040,388.0200,270.8230,157.3710,86.9831,90.1807,129.9390,151.6940,166.8530,222.9580,318.1850,393.6030,410.3080,366.9580,308.5950,223.1620,150.5590,108.0970,95.6580,101.7390,63.5559,68.4695,43.2230,53.3967,73.1925,88.3109,60.9707,38.6979,18.0921,13.9007,28.3087,51.4659,67.1561,76.8199,98.0594,68.7813,89.6612,92.0086,74.5580,65.1437,20.1636,26.1006,53.4379,70.4644,78.7501,95.7179,108.4810,105.9860,101.5710,76.9613,30.9379,11.0619,18.6643,12.5084,25.2749,57.1182,68.7864,33.5740,34.3511,70.6425,75.1112,71.2913,65.6778,61.3938,69.3827,83.3029,74.9707,65.8403,68.2355,76.5615,52.3540,48.2843,50.3174,78.3122,98.5702,99.8142,95.0515,74.3568,42.4866,45.0247,59.3764,68.5898,53.9100,47.6838,66.7497,57.4579,35.9382,71.6244,104.0760,128.8770,97.2167,44.2549,25.4915,48.7688,61.3868,44.9478,52.3351,91.6720,76.1756,41.4619,58.0574,80.7124,71.2982,35.5514,47.7550,73.6124,30.8873,75.1828,75.6537,81.3417,61.0837,55.5523,83.0895,97.8997,81.1555,61.5693,65.1530,89.8255,97.5403,95.6460,68.8048,68.1818,91.9746,106.1840,96.1288,88.8686,130.3090,166.1020,141.3440,111.6260,101.2590,105.8520,92.7356,77.8770,34.9074,33.6773,47.2402,53.2069,38.7307,37.3044,43.4659,42.5512,16.6882,37.1728,64.2247,103.8800,116.7040,72.2913,33.8442,24.5697,55.2946,46.9775,42.2885,42.6094,34.8957,26.0623,53.7161,94.6417,75.1725,53.9254,43.6414,36.0920,28.0883,37.7425,41.2474,67.9234,43.2609,53.4283,22.2340,15.3122,40.7490,24.5393,12.5773,38.9764,44.4997,36.7577,37.1410,58.0670,61.8662,47.0427,56.2988,63.9482,69.2996,41.6122,72.6176,49.0936,69.9246,31.2004,45.9935,59.7048,27.2323,36.3246,85.0963,62.4040,67.3813,22.0949,20.1683,36.9906,34.2022,32.9510,32.0822,32.7142,37.6187,23.9297,31.7150,26.2312,39.1128,26.1789,16.8719,9.6425,18.6868,24.2203,15.7830,10.0875,25.0368,47.3590,43.4994,36.3817,5.5421,20.0236,23.0603,24.0099,31.6441,42.6779,21.1350,24.2866,41.1951,17.7074,14.3593,40.3881,35.2125,49.3068,64.7375,72.4850,48.5405,60.5556,63.8989,34.7758,36.5864,52.9646,78.1741,53.2434,37.8116,25.4163,7.1260,27.8124,51.1672,79.8654,46.9616,26.4518,36.0693,79.4211
98096.6000,88634.0000,72333.8000,58914.4000,49162.5000,37385.9000,31602.9000,25131.9000,20637.5000,18100.3000,14818.4000,12198.1000,10831.2000,8173.0200,6345.9900,6313.4900,5751.7700,5305.8500,5211.4500,4979.8400,4095.3200,3300.8900,2622.4400,1689.7700,1050.3700,968.4390,968.4860,758.8570,387.3510,299.5590,458.3880,393.9950,300.1350,254.5400,209.0990,147.4900,199.6080,281.0950,344.8590,346.6110,282.6870,234.1780,214.8880,203.1080,189.9570,193.3740,235.0740,250.1000,243.8120,211.4640,152.3550,177.9390,219.0240,195.3170,157.5890,131.6580,86.8267,67.8146,143.7440,258.3240,355.2600,421.6040,446.4870,472.1030,477.5390,421.4860,326.2730,208.7250,124.7870,148.8950,173.9020,191.2780,171.5270,157.1400,130.6480,99.6326,76.7535,78.1764,84.9784,79.4649,57.9433,14.7736,6.3169,16.0978,21.8735,23.8354,37.8127,47.3033,46.1036,58.5113,57.3017,39.0491,30.6366,27.7559,46.1803,60.2823,57.1284,61.1277,48.3206,21.4048,22.6012,38.2481,17.7349,12.6789,52.7914,44.3953,34.0675,28.0916,25.3772,15.2949,13.9437,16.8445,14.8078,23.0417,33.3282,26.2649,12.3259,16.8077,17.3125,14.0825,18.1550,33.1592,31.0148,26.5677,28.8953,37.6672,27.4414,27.3659,48.1828,64.8018,91.5252,83.8638,54.2350,46.3304,25.0803,25.2185,28.3795,19.5893,12.0895,2.9171,6.9508,5.0594,14.2758,46.5714,54.2342,53.0267,34.0321,13.4748,21.0706,19.7879,28.7062,40.9716,77.1966,49.6680,26.1174,19.4524,17.6436,23.7477,54.8924,47.9442,49.1421,60.1126,85.2038,57.2317,35.2743,35.3673,38.4341,36.2033,18.9880,23.3573,40.0791,51.5165,45.4033,29.6812,19.6941,12.3857,10.1299,3.4285,10.5132,12.5781,12.5257,14.0643,28.5834,43.9280,53.3249,55.1071,49.5355,55.6183,40.0688,36.6651,9.7783,18.7888,17.6429,38.9663,40.7257,38.5155,25.4122,24.4911,22.2115,14.0286,17.6950,19.7921,23.4901,23.9087,11.4841,15.4696,22.9377,30.9381,41.6953,51.1162,48.8387,27.9781,32.3321,28.7075,58.9744,48.0803,29.8638,13.9233,43.1339,47.4271,32.6853,8.3993,14.0674,12.0647,38.1931,51.2832,46.1207,38.0101,45.9065,39.2049,55.5920,63.5078,64.2207,31.6557,31.9238,35.4486,44.5068,50.0974,50.0645,38.6256,22.5852,18.2588,33.8370,34.6054,31.7702,18.9245,12.2007,8.7285,8.5120,23.1851,21.4076,28.0778,6.7038,7.1783,20.0496,22.9814,8.7166,29.4221,21.7597,20.4896,25.1780,35.0113,30.5939,41.7474,43.1660,45.8494,18.3002,19.9515,20.5648,17.6963,12.7709,15.0702,28.7606,24.2739,17.2461,29.4956,62.3185,54.9786,48.7955,31.6601,22.9542,50.9456,33.7623,45.4666,40.6984,36.2922,36.5062,39.2327,37.5877,35.3899,38.3971,42.8243,44.1600,55.9554,40.0488,27.6169,29.7515,52.9855,72.2628,131.1000
98243.6000,88504.1000,72391.8000,58969.2000,48616.0000,36295.5000,30256.8000,23537.7000,18252.4000,14947.5000,11749.8000,10148.7000,9810.7800,9046.2000,8359.5900,7203.2500,5290.2600,5038.5600,5587.0600,5035.4900,4726.2000,4481.2400,4297.5600,4186.9600,3999.3800,3429.2000,2895.9200,2812.1400,2497.3300,2133.5800,1804.7800,1433.0300,1229.7600,1127.5900,1018.3500,926.5420,758.1260,621.0600,489.5950,417.0840,395.2780,357.3650,329.5330,339.9110,374.8630,380.9910,428.5550,485.6150,428.7650,330.1110,259.4880,259.0230,265.8770,262.5460,223.3250,148.0980,85.5726,72.5090,86.9035,109.9180,140.1740,162.8080,165.4260,171.4820,148.2050,87.3025,77.8962,77.2342,83.1188,98.6415,118.5020,115.8750,80.7165,57.2140,32.9996,30.8877,32.3433,38.3228,20.1108,7.3970,5.5910,10.9063,17.5636,28.7840,52.6728,80.3949,72.8393,54.3702,29.0441,48.9330,68.8356,74.8427,66.7693,53.1036,45.0574,46.6560,52.7732,55.2105,59.6203,55.9296,36.9207,30.6318,15.9243,7.4902,9.6167,14.0209,26.6020,19.3381,16.0097,12.5664,24.8276,37.4158,28.0852,25.7997,25.2299,20.0334,18.8818,23.1847,20.5642,11.5842,11.2016,4.8239,6.6256,13.8721,13.4584,7.0171,13.8256,26.6269,41.3707,52.6225,56.4290,65.7449,36.1194,29.3686,19.3545,20.9609,17.1529,17.8476,14.5844,17.6153,20.3499,27.2002,37.5832,43.5473,35.6958,27.3257,10.7155,14.5467,11.3567,9.3946,11.0484,10.0540,19.6108,30.8801,44.9682,30.9146,11.5658,21.2910,37.2596,30.0947,22.7525,8.8681,7.1907,7.4748,7.1041,16.5570,28.0684,24.7234,23.2107,12.6753,9.8630,27.3684,25.9669,27.6733,21.2383,20.6355,11.5451,17.9668,37.0221,32.6860,27.1352,14.2203,13.0135,9.5038,7.7337,8.3186,12.0811,23.6117,19.3503,26.6931,15.3644,15.7553,21.6817,22.2808,8.6368,31.2813,49.9569,54.9601,52.8992,48.5620,45.4987,54.6966,60.5844,59.9288,47.3729,47.5720,55.8148,57.6403,51.6324,44.8910,36.4817,35.2946,19.8097,12.6238,30.4694,40.8811,28.8247,28.5758,37.9963,48.5846,39.9362,39.0801,11.7567,10.4942,41.3753,72.7342,71.8293,71.7683,44.6125,47.3943,56.9020,44.9773,32.0454,18.7830,3.0123,9.6529,22.3944,32.7979,51.9319,19.8668,31.1845,42.1855,36.8762,24.3421,14.6923,13.7998,9.3432,5.7383,8.5928,18.8173,38.7638,34.9826,28.5953,22.9661,19.3657,3.8989,3.3999,6.2881,8.7852,23.2876,18.7807,27.5800,26.0116,31.0652,41.9398,50.8267,45.0530,34.9444,36.1319,16.8074,21.0963,8.2441,3.7904,9.7958,24.6966,31.5929,25.0076,12.2882,19.9429,34.8870,25.4074,11.2539,14.7698,23.7157,9.4103,30.4653,40.0447,28.8012,16.5523,20.8045,23.4865,22.1669,30.3607,45.3392,48.4136,37.4499,35.5125,42.9622,64.1317,87.9738
97786.6000,88186.0000,72104.6000,58712.5000,48337.9000,36426.4000,30149.8000,23060.2000,18408.3000,14777.6000,10727.7000,7839.2100,7012.4000,6395.8000,6301.0300,6023.1400,4208.0300,2996.8700,2849.2600,2411.9000,1895.9200,1478.8300,1117.6100,493.4490,290.0740,285.3430,185.0130,164.3980,153.5710,218.3190,286.2270,310.3450,319.7800,319.9720,431.9710,588.7510,619.9550,530.8360,431.8500,286.5360,154.2890,47.4968,24.5429,32.4520,66.5148,124.1170,115.7490,82.3670,64.0421,58.7077,48.4139,52.9866,73.2251,109.9650,149.7430,166.9600,184.0440,220.4840,230.2880,244.9290,243.1220,284.5600,306.9300,312.2440,293.9640,262.0290,209.5430,191.2980,160.5110,126.4610,147.9910,167.9820,137.0640,118.8970,123.5080,118.1500,113.8340,89.8287,75.2505,71.6337,52.1232,31.0705,6.5135,15.5351,25.9106,33.3707,62.4480,103.1530,126.5340,131.4100,74.2927,53.6637,66.7453,52.4020,35.7812,24.2494,25.6312,24.0052,34.0490,24.5714,19.6422,14.8834,15.2442,10.9309,19.3101,8.7519,3.9916,24.2694,26.0535,31.4707,18.9870,26.5458,61.7757,48.2393,33.5857,28.0425,48.8764,84.0589,51.7388,61.3828,29.9158,54.4651,34.9757,25.7129,7.6439,31.6132,43.3616,50.4192,28.0639,25.7596,30.3515,32.0203,9.8281,38.3675,65.9003,58.7182,52.7796,28.4996,13.5286,15.9592,19.1300,27.6758,19.3895,30.4637,18.4298,13.8135,8.5454,14.0971,21.1351,37.0321,38.6573,51.8278,22.5962,12.6051,40.0732,32.2951,44.5709,34.8657,31.3429,37.4189,10.0821,4.4653,23.2492,32.8398,26.8230,68.3934,34.3085,28.0977,17.5876,23.4293,28.3728,20.5748,15.0944,7.0484,6.3745,16.0654,8.2057,5.6115,22.6467,20.9700,30.9700,11.6251,13.9987,12.3230,16.0853,36.1777,33.3162,33.2075,27.3383,18.2499,42.1534,20.9852,43.6057,45.1072,68.1270,77.9281,51.6338,36.3160,35.6665,61.4060,34.7074,67.4753,30.6988,22.3435,37.1000,60.8966,53.0767,50.0957,56.3601,55.4642,26.8068,23.5859,55.1554,51.7194,45.1949,44.0490,38.9454,29.3685,38.4146,67.4809,49.3715,46.3524,8.2813,17.3795,51.0035,60.3085,61.7823,60.7480,27.3433,13.8527,30.8930,49.7557,46.1849,43.6820,9.5429,11.3710,36.0541,20.3823,43.5932,52.6769,53.9328,21.6276,8.4543,14.1336,14.7224,24.8909,33.1268,36.6437,46.1875,26.1212,34.9430,45.2542,58.0859,98.9169,65.4603,44.2667,11.8337,23.9694,32.9376,32.1847,30.0104,10.6355,9.7329,28.6305,22.7931,18.5626,6.9322,4.2936,13.3341,11.7470,32.6113,28.8361,48.1863,44.3091,45.4109,23.6842,21.2318,35.7651,60.0652,57.3387,29.5703,7.7151,41.6728,41.7006,54.8769,20.3289,21.7983,8.5055,13.6033,18.9615,31.4250,15.9246,33.6672,41.6279,42.9912,27.6628,17.8927,43.6000,64.6852,167.4920
97972.6000,88499.5000,72313.5000,58870.2000,48883.5000,37046.5000,31246.0000,24742.5000,20032.2000,17402.0000,14507.1000,12226.1000,11737.7000,9430.0900,6796.6000,5632.5100,4080.8400,3383.4800,3550.0800,3236.4000,3249.5200,3070.2600,2803.2600,2779.7300,2830.7600,2353.0600,1635.1300,1472.8100,1301.3400,1160.8200,1005.8800,932.0050,728.0520,531.5190,472.5770,447.5910,440.6520,373.7860,300.3660,214.0140,241.7840,317.5870,310.3170,267.2330,67.9083,32.3546,52.0645,23.0749,35.2259,46.0572,72.4754,126.6830,170.2000,152.4660,158.3430,156.0850,130.1010,75.9230,63.1558,92.1456,112.1780,110.3590,135.8000,179.0900,188.9150,182.2070,172.8190,152.3510,131.5310,87.5060,39.9725,41.7425,65.2037,50.7754,38.2942,51.3662,52.7483,50.1850,57.4898,80.7849,93.4303,53.3381,23.3234,28.1585,43.2024,43.8835,58.2050,60.1185,53.7766,30.4823,33.7662,39.5828,30.2950,43.1094,66.6929,65.3258,53.3290,38.5027,22.5115,8.5465,22.6216,30.4686,50.6417,72.5102,95.2899,61.7408,39.1638,35.0172,28.5784,20.8509,17.9566,11.9980,26.4125,24.5855,33.1085,23.5024,14.2022,18.0080,8.8812,17.3492,10.6148,15.8867,8.4560,5.0240,1.4516,6.3064,7.1225,8.9564,26.9698,46.9674,61.2866,76.7366,65.8245,47.6731,36.0521,33.6125,21.9062,32.3864,35.9312,47.7106,40.9610,33.3823,24.4771,39.5358,51.4775,33.7526,33.0269,41.9705,40.3153,30.9308,12.1206,10.5313,13.7334,21.7022,16.7999,21.5387,12.3208,13.7167,19.1161,11.1157,17.4535,21.8022,14.2911,8.7210,3.8559,7.0462,8.5195,10.7612,19.0792,24.4138,15.7953,25.0960,26.2921,37.5952,30.4219,21.0536,16.8612,28.0979,30.6020,25.0112,16.5467,20.0216,27.3947,11.9394,11.4631,11.7113,16.8863,23.7497,20.7915,13.2595,16.4744,20.4800,20.3366,19.4998,24.9437,36.5760,29.3319,20.8968,14.2500,10.3668,8.3262,13.8035,23.4058,33.2524,33.1005,34.3827,46.9715,47.4740,44.3743,20.6451,16.8773,13.6299,10.2093,27.8894,48.1610,49.4178,44.2265,35.0874,21.7252,28.7981,39.6172,23.9513,21.2412,5.8895,12.5865,19.6643,29.2053,15.8004,13.9180,30.0561,41.5873,43.4439,37.2210,19.9188,18.5861,33.6164,42.8791,38.3338,36.0286,28.5131,19.9575,20.0585,24.9524,20.0452,13.8202,18.7709,23.4853,16.4152,6.8567,8.8258,5.9074,7.3082,9.1445,9.5092,15.2484,16.3691,17.8662,19.0696,15.2557,17.1539,24.9258,31.1825,22.7028,19.8022,21.3043,33.9080,33.2746,45.0221,43.7631,36.5092,10.5494,16.6314,25.4235,24.1086,8.9515,12.7631,22.2832,16.9596,11.8462,7.0773,16.5297,28.4539,27.2525,24.1045,24.9994,23.6208,26.5606,25.1149,21.2687,21.4201,15.7003,9.1822,17.3059,21.1586,25.6518,32.3694,38.9162,41.5071,82.7530,166.4400
98411.6000,88774.7000,72621.4000,59213.8000,49191.1000,37184.9000,31267.6000,24635.5000,19908.3000,17000.8000,13723.0000,11278.0000,10525.3000,8144.4000,5917.4400,5451.8200,4945.9000,4412.7100,3563.7700,2967.3700,3019.7700,3162.1400,2974.8400,2380.2800,2092.8000,1575.0000,1152.7000,1004.5900,582.9170,414.8160,585.7980,563.8880,491.7730,421.6400,404.9740,319.6490,380.3790,424.8170,420.7150,448.2560,370.6480,300.8450,378.1070,421.9390,401.3540,370.9780,295.0510,203.2900,145.2800,207.5330,304.8130,316.2340,364.3870,333.1930,237.1950,126.6220,54.6881,165.9590,226.4350,261.9650,282.7160,311.7390,322.1710,293.9740,278.5470,261.7190,225.1440,167.5700,109.3100,86.4889,105.9820,109.7800,99.5451,104.5250,122.8930,121.6000,100.0290,81.2380,85.8065,105.2860,106.4890,76.8538,72.3936,88.6607,96.8800,113.3570,129.1100,131.1240,120.4540,81.4790,58.8991,75.2492,75.6592,53.4268,31.6511,16.6579,21.6967,25.6062,36.1844,50.8455,39.6689,35.2366,11.3597,14.8353,16.3862,14.7834,26.6053,23.4818,22.6953,27.6654,47.4631,37.8211,46.1005,45.7642,41.2015,46.7827,39.7867,19.5873,12.3010,13.6513,11.2355,8.3236,17.0672,25.0550,27.0401,27.3927,28.0540,37.0164,37.6018,28.7026,29.1858,26.1860,14.8805,22.1630,20.9399,29.7276,19.4295,10.5722,21.9338,34.2499,46.9224,50.0890,41.5157,37.8116,33.1265,26.0476,14.1385,18.7065,44.4162,33.2451,16.0094,15.5549,23.6817,28.3503,33.0511,43.4357,35.5994,9.5097,11.0706,19.2518,9.6999,18.9832,19.9786,31.3195,19.2937,26.6031,19.3159,30.9418,23.9298,37.8139,29.7188,27.2547,32.4323,40.5472,46.9865,47.9092,43.0343,35.4874,30.1145,28.1362,18.6827,8.5290,25.8564,33.0387,38.1822,23.9213,18.4953,18.7743,20.7491,43.8177,16.7706,25.7034,30.4341,11.1749,26.0426,25.9389,19.7341,17.1303,24.3549,31.2136,16.4509,23.9797,43.5323,56.8337,50.5094,34.7617,33.8527,29.8366,25.3324,9.5057,6.8752,15.3491,14.2090,16.6866,23.0868,42.3619,37.8148,30.8573,21.2260,7.5270,21.6407,23.6045,30.7879,47.7044,64.6169,60.6096,55.2420,15.4087,16.8976,39.6490,52.1428,32.1561,15.4325,18.5766,20.6693,18.8382,26.8583,38.9405,37.1448,24.5087,18.0332,28.8356,19.2101,11.5609,14.5798,17.0957,22.5444,16.6780,13.3199,14.0106,18.4154,17.6633,17.6323,17.4654,24.9774,18.2750,29.6616,27.6480,24.0099,20.1392,10.0582,10.4652,21.6381,36.2284,45.9136,57.3717,39.9797,26.4834,21.8166,19.0426,17.1608,15.9578,14.3595,7.4094,7.9775,15.5848,27.8867,38.8108,39.6159,40.6702,37.9806,43.9904,19.0026,17.4805,16.8686,17.4117,13.9268,8.1465,3.2074,11.4422,26.9561,43.3098,61.7610,75.8659,59.5796,42.5056,39.5160,43.4072,37.8988,93.8412
98677.4000,89107.6000,73224.6000,59973.5000,49721.0000,37623.4000,31795.7000,25271.9000,20332.2000,17678.3000,14958.6000,13109.9000,13150.8000,12324.8000,10732.4000,9263.6500,6814.6600,5542.4600,5832.6200,6089.2100,5519.9000,5059.3300,4573.9600,3529.8100,2710.1000,2049.3700,1330.3300,821.9290,656.4660,548.1510,545.4570,690.5530,783.3270,755.2470,571.9020,266.7000,145.8150,308.1950,477.7270,474.8820,437.7370,455.6710,522.1050,634.4670,710.3370,798.0030,778.6320,596.7980,517.8130,438.6640,342.9920,340.1130,346.8590,365.4050,299.6530,214.5830,194.9710,189.4910,163.8880,142.4400,128.3950,132.0230,163.8200,174.9590,176.7690,150.0620,141.2510,127.8350,102.4680,62.0090,53.0450,50.6737,93.6877,73.7788,65.7097,92.5842,132.3380,177.0920,209.3210,232.5950,201.3470,154.2770,108.7950,77.3125,58.9241,66.2804,84.4239,97.5518,110.0240,87.6790,53.0477,40.7131,35.4255,38.9269,33.8091,20.0978,27.1651,52.7227,59.4971,61.3413,66.1752,73.3838,67.0682,43.6765,47.4868,43.7217,23.0781,36.9709,56.5957,54.8728,48.3177,50.0172,48.1704,42.3522,32.4860,15.7379,17.2991,17.9770,25.0004,26.1410,20.6723,20.7887,29.3707,33.3375,28.4301,18.0639,16.5018,33.0004,43.3013,47.5163,21.2626,21.7798,17.3014,21.8899,24.7826,9.4040,20.7594,39.5634,29.9828,21.6106,16.8426,22.9087,8.8542,5.8067,11.4063,6.5430,12.6653,25.8958,28.7306,26.9977,13.5275,8.6737,10.3894,10.4787,6.5168,8.7741,20.5174,22.8714,15.6911,9.0237,4.6585,13.8132,14.4436,24.6070,8.5263,16.9049,15.4189,13.9765,11.7678,14.8501,16.3602,14.2803,6.3128,13.1451,18.7282,30.8883,44.1089,44.7461,22.0571,19.2241,16.4308,18.2532,21.4142,17.5543,28.8123,8.1264,10.2175,31.5717,30.1879,29.1313,28.1661,23.6683,25.4444,27.3823,36.7612,30.2608,31.7698,32.6603,34.3059,23.7792,15.8174,23.4683,33.2451,41.3793,42.5418,17.1242,18.4449,49.2475,46.0694,41.9905,15.9891,18.7267,27.4012,26.9716,41.4675,41.3961,30.5259,19.2329,21.1019,31.3613,40.8301,36.3940,40.8735,54.1270,66.8798,68.4753,75.0288,59.6145,32.9761,14.9786,31.0742,37.4764,54.1301,27.6759,22.3172,14.9391,39.2726,35.9532,37.9169,7.7081,5.4962,19.9028,21.2505,21.9589,15.7086,13.8086,7.0501,13.8410,7.2281,2.9682,14.0387,20.6421,24.3974,31.9375,30.2552,17.2854,11.8908,17.2991,23.0551,22.9616,26.1310,23.6350,38.0812,40.7405,45.0419,52.0753,39.6700,26.0417,13.0817,10.9126,15.1598,8.8341,17.1634,14.8224,17.1131,19.3477,21.8299,7.5268,12.1175,31.3014,25.1797,23.6817,17.5003,8.1082,14.5312,28.8851,28.5574,27.9113,24.2485,27.5903,31.4065,34.8833,37.8698,40.0444,35.8773,25.7232,29.5381,47.0077,72.5017,120.7320
97554.4000,87927.9000,71528.5000,57849.8000,47429.1000,35317.9000,29063.7000,22141.2000,17055.7000,13450.1000,9392.9200,6262.3500,5482.9300,6674.9500,9447.5100,11182.5000,9151.2400,6511.5500,5503.4000,5008.8000,4597.3000,4368.0900,3934.1100,3825.4000,3315.3700,2693.5800,2466.9000,2233.2400,1610.1300,1145.7200,742.9600,447.4920,109.6550,328.6610,322.9550,203.6720,69.1801,222.0410,492.0560,623.1910,655.1740,670.7860,575.5680,494.4810,519.8110,506.8870,366.5090,226.9970,229.4470,327.5980,404.8810,447.5720,563.2020,616.5450,655.8720,603.3330,528.9480,420.9030,270.4440,201.3780,183.9600,174.4490,172.7300,169.4160,170.4240,153.5750,169.3140,210.2060,212.1240,161.1620,100.7570,70.9536,80.0611,71.0631,47.3675,28.7992,55.8619,75.6136,91.8834,85.4231,44.9443,30.2168,63.7049,103.6060,133.8400,154.8200,171.1960,169.7410,130.3710,97.1851,68.7136,64.1191,81.4950,77.0602,65.6452,45.1723,47.1561,36.2234,23.7975,42.9079,43.6443,22.0525,13.2733,42.6924,42.0708,29.9422,23.9963,8.4320,25.1181,20.0016,17.8682,2.3568,14.2999,16.8446,17.5494,10.2384,8.1380,12.7892,14.6500,20.0280,19.5691,16.7729,9.7070,5.2240,2.4384,16.1849,24.7643,34.7383,30.9724,43.9584,51.0799,59.4199,33.9250,15.4343,5.8223,7.7393,2.2574,6.7921,19.3690,20.2084,18.2434,28.4821,39.9862,43.7481,42.2373,19.7669,8.0885,14.4566,21.2242,22.0081,17.4917,26.9411,36.1944,50.6092,38.4573,35.5419,23.2388,19.8336,17.6699,19.1714,11.9424,14.4682,27.8065,33.0268,24.4990,16.5773,13.4202,25.3309,41.8303,32.2845,15.6043,5.7334,6.0924,14.9169,13.8948,16.0674,30.7104,19.8940,29.4657,16.0836,14.0479,13.9432,20.2479,13.2002,7.9422,17.8670,27.0752,49.8822,36.4027,34.7141,19.6501,6.9686,8.8052,15.6196,16.7630,17.8057,32.2883,45.4676,29.0562,16.7568,35.1586,27.8585,32.2404,29.4652,30.1946,24.3380,21.8545,21.6383,25.2600,29.3729,30.0161,10.4511,22.9453,53.8137,56.3360,49.6790,44.8123,42.8738,34.5819,32.7308,47.3813,37.3444,27.8991,10.4211,9.5038,15.4534,37.1199,32.5704,39.7873,32.6601,18.2485,10.2626,24.3828,36.8042,42.8660,35.1592,38.3925,37.1427,43.3171,21.0928,25.0020,18.3525,22.2899,29.8852,23.1718,17.5945,15.5742,21.0538,26.6918,10.8367,9.6106,6.9174,12.5430,24.0330,32.3525,25.0327,16.0269,8.7259,22.7505,32.2578,32.6771,29.0613,36.3792,41.3105,29.3199,25.6418,28.1917,30.3536,28.7264,16.5492,18.5070,37.5103,40.1010,43.7648,44.1621,48.7938,40.0967,34.5190,28.9645,23.3331,32.9021,31.3594,24.1731,3.2985,13.8679,14.2486,6.6469,5.0314,6.2405,19.3480,34.7654,48.3167,36.4024,38.7984,41.3970,43.4065,52.8200,72.9602,99.1651,135.2160
98005.1000,88233.3000,71851.4000,58222.6000,47887.6000,35665.0000,29467.4000,22588.5000,17484.9000,13825.6000,9725.0400,6745.4500,5914.5900,6494.6800,8409.2500,9816.3900,8449.0900,6662.3400,5383.0800,3750.0700,2707.5800,2680.1200,2688.9200,2476.7400,1757.9000,1186.7800,879.5260,530.0440,212.2760,67.9234,189.7000,267.4590,330.6240,452.6480,567.3380,565.0960,510.5840,332.1390,294.9400,248.0480,141.5470,210.2360,373.1910,414.7980,391.1390,363.6560,308.7590,183.7410,60.1856,72.5924,132.2240,201.3760,270.8140,239.9210,179.8120,173.1330,181.6340,182.4440,182.1610,158.8670,126.9740,112.0130,107.8540,113.2110,111.9270,104.4750,95.6190,90.8223,94.0714,69.6718,69.1867,63.2850,41.7549,49.3442,61.1732,85.1741,70.3280,43.3753,39.1405,25.8730,38.6182,34.9539,23.5542,14.3606,7.4011,19.8585,28.1219,37.5335,48.0881,46.9938,26.2444,18.8474,31.4795,44.2118,52.3753,50.1142,31.5839,32.0690,37.4184,31.7622,25.7182,25.0851,19.4368,9.1585,11.9441,4.5716,15.8813,12.9437,17.1439,30.5852,53.8250,43.0715,30.9487,27.1493,31.2831,18.7836,7.8203,4.3064,16.5201,18.8965,23.3743,21.2159,43.9565,47.6126,46.2413,34.2976,27.1432,17.3987,6.6716,3.1746,8.2586,18.0184,18.5232,8.2430,16.0729,23.0709,23.8826,11.4737,12.6915,9.8739,10.2533,2.6420,12.0328,18.0915,22.1550,18.0353,21.6191,29.1589,26.6912,29.8192,46.1242,44.8522,34.6984,22.3503,18.7253,19.9366,30.7653,45.1112,48.2706,23.9537,20.4197,13.3073,21.7116,25.9259,38.4622,35.7549,24.3024,12.5203,35.2653,46.9482,46.9903,28.8691,25.0950,29.4482,35.2435,31.4852,23.5858,18.7712,18.7911,21.5465,19.4980,42.9354,49.2057,34.0303,26.4288,19.9273,7.0719,11.5686,21.4530,3.9892,31.1149,45.6930,51.7937,22.4902,9.6093,21.4138,22.8819,28.1285,25.0387,20.1502,22.4355,29.5644,52.6507,57.4270,71.2323,62.0706,41.4905,38.9132,39.5501,42.5596,39.1954,28.4937,18.4981,8.3275,9.3570,41.5352,42.5076,55.2267,23.4844,12.8091,32.0863,33.0306,35.9454,27.9688,39.4371,52.6645,53.5284,50.5261,36.1596,50.0870,42.3027,38.0879,9.7035,6.2265,14.6623,17.4613,18.0417,29.2173,23.9988,19.2638,16.7905,24.0267,21.9353,12.7844,13.8438,11.7715,10.4457,15.7471,20.5839,14.1195,10.7702,13.4400,10.6776,9.4917,13.5810,19.3087,12.3184,9.5895,15.0813,24.6625,28.4084,25.9047,20.8201,32.6999,46.5926,55.9636,71.1565,72.7128,60.7858,45.9699,38.1932,16.7054,40.5147,33.5144,32.2195,32.8528,34.9990,34.3044,40.3659,41.3759,27.1111,16.6634,8.7287,1.7916,9.3599,5.5345,3.6729,14.7838,15.7423,20.9745,28.7533,33.4808,31.1993,32.3595,32.1707,29.4461,17.1143,36.9187,70.6607,114.4580
98388.8000,88587.8000,72498.8000,59016.1000,48322.2000,35778.7000,29657.0000,22894.0000,17308.1000,13792.5000,10203.1000,7952.3900,8278.5600,9733.8200,11074.3000,11758.5000,9450.8100,7752.0400,7941.2000,6999.0200,6040.3800,4706.2000,4094.5900,3479.7600,2676.5200,2160.0800,1791.6700,1415.0700,1185.7100,1039.5700,909.6740,856.2510,712.8400,504.1880,264.2130,270.2480,402.6890,390.9020,289.8210,231.3040,204.2560,217.3080,284.9270,343.8440,407.1550,448.4970,498.8390,448.5370,333.6540,258.4060,201.0590,179.2770,154.4700,76.3595,113.0870,122.5540,157.9410,194.0290,249.0830,258.4760,226.3600,225.1020,215.9500,194.2760,150.5620,64.2929,45.7870,100.1580,138.4040,181.5660,213.9540,156.1910,89.6789,47.8895,32.1129,39.7260,41.8648,54.1568,69.8725,71.5599,56.2414,47.8794,46.0749,36.3485,41.3328,34.4591,44.7765,49.6689,28.7522,20.2614,56.4580,63.7801,71.1284,62.1009,69.6602,62.6750,47.4502,21.9040,12.0683,35.7205,29.5167,65.4424,47.4226,41.6434,23.1371,26.5001,15.9182,14.5510,20.5311,23.9130,27.9617,47.5301,49.1536,53.4294,27.9120,17.2330,15.1554,11.7782,8.7689,24.5509,31.4083,32.6692,27.3852,15.1113,11.8228,16.3599,26.5062,37.6510,23.8485,21.9668,30.4791,46.8130,43.3525,28.2766,19.0626,10.9081,14.0586,21.6340,40.7480,30.8487,31.4229,41.9399,46.0267,43.9155,36.3428,13.8527,7.0775,20.3177,5.1471,16.8763,39.8485,39.5166,26.1078,21.9480,24.8033,29.5597,31.4459,28.7996,20.9779,26.8992,40.4563,35.5970,24.6043,19.2422,22.6784,27.1570,25.7113,24.2528,31.1139,34.1837,32.0409,34.0586,36.7198,35.8526,14.4989,10.4037,24.5886,16.4849,9.4518,20.0862,20.4358,17.1403,8.9159,14.4299,27.7324,44.3210,47.4445,18.2416,10.5946,15.8445,15.9443,26.8912,27.0051,15.4230,12.1405,30.5032,33.3556,33.6183,31.8627,32.5001,27.8726,40.8321,29.8366,37.1412,16.0369,8.9489,32.0098,44.2701,42.9675,34.6589,10.9952,14.0727,29.6873,43.0970,48.9496,47.1582,50.4786,57.4214,54.5102,34.1025,33.0245,54.2570,70.3409,83.6569,77.3117,79.7252,81.3741,96.0341,71.1228,40.2082,22.9502,39.4633,48.6022,42.9609,12.7353,11.7022,21.2212,35.8119,50.7483,43.3707,37.1535,26.2383,26.5161,15.4076,10.5565,15.8638,16.2687,13.3345,14.2321,19.6672,10.5396,13.9393,29.2017,37.2086,39.6055,28.9393,13.6390,8.3003,34.0570,30.3752,21.8503,29.2396,40.1983,41.4327,34.3418,47.5823,59.5817,65.7487,74.2305,69.6329,60.3757,42.8910,24.3186,30.8950,47.9159,49.9635,32.8119,43.3852,60.2886,49.3616,43.3740,42.7125,49.5709,44.8573,23.2858,16.4106,20.9068,14.4387,6.4786,11.7952,13.1161,17.0881,33.5227,40.9260,40.1228,27.0997,32.6878,56.3203,83.1473,131.9410
97473.0000,87793.8000,71390.3000,57684.8000,47269.1000,35302.1000,28984.2000,21918.8000,17055.0000,13286.4000,8972.5700,5410.2300,3751.6200,4941.8700,7798.2200,9928.7000,8588.9800,6217.5000,5289.5000,4583.1000,3690.0600,2844.5700,2415.4200,2355.6700,2341.9800,1705.1400,1233.4600,964.2220,556.3240,225.1510,93.5241,191.9270,350.9100,402.7020,379.8040,311.6870,182.2350,252.3770,525.0710,648.1870,703.9440,678.2450,609.5060,531.4760,430.3500,360.6680,298.8030,215.5850,153.0390,223.2390,246.8140,273.4080,319.4130,269.5380,84.0754,62.7488,225.4400,221.7960,161.8890,84.9449,95.5441,112.5510,118.2450,126.4420,162.9680,210.2330,199.2600,179.9250,227.0520,254.7730,246.9250,173.3690,102.7190,131.0100,147.9700,89.1708,64.2736,118.9800,139.7510,144.4720,152.3550,158.8450,93.2285,63.8981,129.7320,103.2620,57.7993,126.1860,120.8710,109.4230,40.1617,80.4491,52.9103,63.7689,31.7062,40.0254,26.6412,75.9450,75.0070,61.0302,76.7309,95.6372,96.5960,36.9559,19.7344,40.6412,65.2548,82.5533,113.6540,138.9360,89.2013,69.0350,67.6275,125.7560,101.6050,75.9931,50.0183,43.8116,65.1441,50.4519,28.2820,17.0917,32.8835,45.6963,70.7964,103.9960,113.2380,150.6770,127.0390,101.5650,81.7462,51.4157,24.6182,46.5763,86.8265,24.5335,40.2879,83.3906,39.5624,75.2063,38.2156,13.2458,61.2311,74.8869,97.0520,117.2110,52.1651,34.4804,62.9257,97.0850,111.4790,100.4720,75.1300,23.1713,29.8140,23.6611,38.1162,82.3189,53.4326,37.6805,33.9439,59.6933,48.5362,47.9595,44.5294,97.2253,47.8589,27.2141,74.9440,66.2315,68.7786,22.0950,26.6555,22.1441,25.3359,44.7531,99.4750,77.6634,57.3625,74.8663,86.5833,29.3157,111.9320,110.3710,112.7710,114.2020,168.7370,130.3350,145.0700,106.2590,115.7580,154.3310,101.0860,52.3769,46.3736,46.1162,15.4775,19.1688,73.2710,50.1182,104.4600,75.4563,65.9278,34.8594,27.4680,41.5371,59.9263,126.8630,133.3650,91.7085,34.2529,37.2258,46.5601,39.7010,78.5839,165.6350,123.4380,138.9650,86.7132,46.2484,48.8333,33.8872,90.1456,84.4331,128.7120,104.9830,133.0110,104.4780,66.5894,57.2671,54.9860,80.1823,112.9850,140.3050,168.0830,116.6940,38.7096,74.6351,116.8280,90.1519,74.1416,80.4118,52.3393,52.8117,37.0091,84.0898,93.9514,92.1105,13.7448,76.0614,109.6400,139.1020,86.3630,40.4346,20.3651,37.9549,80.9455,153.3350,156.2190,146.2970,31.0633,62.4272,123.2980,137.9810,96.2477,104.5000,86.1674,178.1060,218.1740,188.0230,194.2010,122.4120,83.0983,74.3582,83.3758,62.4900,52.2281,32.7751,114.3580,99.5364,136.1910,84.1151,59.4864,42.4535,144.8080,154.4690,150.9880,84.5259,107.3120,118.6580,156.3780,138.2220,166.8120,176.3810,120.4190,69.9718,84.9438,97.3796,106.7470,98.9850
97512.6000,88137.9000,71756.8000,58286.1000,48907.1000,37971.6000,31791.0000,24751.9000,21665.3000,18667.5000,15810.1000,14363.9000,14148.1000,11844.3000,8606.9400,5684.1900,2300.8300,1994.4000,2768.4300,3578.1200,2626.7400,2273.1100,2290.0700,1609.6400,1289.2200,1436.7900,1574.9300,1524.9400,1693.9200,1584.1600,1124.7700,841.4400,684.6780,778.2220,896.6610,896.3730,815.8960,690.2330,669.3990,677.7750,691.9730,647.5890,584.8240,389.3910,409.5660,463.8680,399.6930,348.7630,286.6050,254.7590,177.5840,145.6150,159.0920,186.7370,186.3940,88.5186,42.7689,93.7261,139.3400,183.5320,229.8540,217.0290,204.9000,148.9550,114.7690,81.7170,86.5108,89.0020,94.3903,99.7398,80.0767,57.7221,97.3419,122.4970,87.8162,68.7368,81.9701,109.6460,124.4730,118.4900,99.0765,92.0487,82.4213,60.6283,45.1459,32.6940,35.5499,70.9653,89.6796,92.3566,67.0945,28.8624,34.5922,43.3280,29.0385,47.1939,69.4065,43.8678,40.4559,80.6020,91.5986,90.1055,85.9766,66.9382,40.6809,61.9227,97.2451,96.8645,91.2969,83.5980,67.7693,29.7523,24.3430,36.4531,34.4968,38.0175,56.0620,48.1208,47.9804,19.8677,51.5203,43.4949,46.7684,43.8282,35.8555,26.4296,26.5736,14.4083,35.4122,70.5352,100.6470,110.3920,87.1020,75.6428,43.9350,22.9462,8.0390,5.9768,11.8606,35.3944,24.8608,27.5086,20.9753,26.9506,30.2953,5.9032,12.5166,44.5032,33.9471,71.4713,51.0726,47.4457,22.1832,19.5312,17.1444,13.9932,31.8403,41.7798,20.2372,23.2078,33.7003,27.6148,8.5418,39.6040,38.7146,26.5927,39.2824,40.6499,60.2034,74.1751,99.4514,46.4641,19.7655,32.4800,31.1117,29.3503,27.1250,31.1356,29.3236,38.7885,35.8061,28.0089,14.0013,12.2690,33.3138,37.5003,47.7701,50.6299,44.8577,35.6446,34.8509,22.8193,24.8491,31.8367,25.6417,14.0932,13.6396,15.3030,17.8041,21.5329,57.8049,80.1182,68.4923,67.3414,66.6047,68.4388,42.1256,32.8558,34.8469,43.9069,35.6090,15.1713,15.7949,19.7802,43.1190,49.0380,28.8158,7.7963,17.9068,31.1332,25.1296,67.1374,53.4322,39.0462,30.9565,48.5875,62.6045,39.9525,15.0455,20.3760,43.9081,46.7629,17.4295,16.9847,49.0671,55.4793,42.2412,32.6586,30.6064,24.3026,16.5609,16.0316,14.6949,19.5546,29.7128,31.9627,19.0137,19.3011,20.2657,20.4823,25.4755,24.6759,15.7778,25.5300,16.4124,10.9858,26.9078,48.9597,65.0307,39.0833,33.3632,42.0653,44.3152,39.1928,40.9263,39.9330,31.2880,18.6413,16.6713,30.9765,43.0361,51.1650,57.9172,57.8153,50.1035,38.3440,32.2672,39.9847,47.8038,41.9318,35.3154,32.9245,32.0553,29.7599,23.0155,14.1138,13.5187,16.3861,9.8197,12.5095,29.1998,30.7821,30.8134,39.2083,59.7286,49.7509,27.5965,29.8227,44.7783,76.7121
98256.9000,88897.1000,72935.8000,59695.9000,50120.3000,38973.5000,32951.3000,26125.0000,22825.6000,20183.3000,17250.0000,16410.9000,16921.1000,14893.5000,11184.4000,7425.2300,4336.2200,3378.5700,4317.7600,4889.3900,3593.8200,3274.5600,3594.9900,3027.6000,2700.8000,2495.0200,2320.9900,2163.2100,1993.2600,1971.4300,1777.3000,1714.2400,1434.3700,1175.1400,961.4460,753.2440,500.8390,275.9430,285.7360,370.8200,426.1200,281.3000,220.3930,140.6380,197.3330,238.4320,297.6490,317.3880,373.1920,389.0510,374.6940,344.8930,289.1050,258.8300,194.0820,181.6970,114.7740,121.9660,145.1480,130.7080,138.9620,142.1490,162.4040,177.0250,181.0990,180.5510,146.5980,87.2195,78.7199,60.0337,97.3494,68.4913,70.3969,26.5277,42.7787,69.2173,49.8043,37.6918,44.0942,50.6035,44.9001,22.8748,20.9438,60.1646,72.1120,78.1229,79.8572,53.1680,27.7190,9.8097,45.6533,41.9696,36.0119,29.7466,44.6681,45.8051,21.8861,13.4130,38.5548,90.7397,106.1360,99.1691,99.2671,101.6840,95.5859,63.5386,32.9101,12.1650,36.5064,20.3357,27.7982,113.6050,118.9210,111.4090,58.4381,23.6807,31.3541,38.8910,43.0066,43.9381,57.5789,71.5370,69.7027,69.3509,66.6479,63.0656,46.5674,45.8014,76.5408,86.3338,87.2324,71.3959,49.2062,55.2738,48.6103,53.9256,30.8040,38.9205,28.9083,16.7385,40.3269,77.6228,66.7095,61.2750,63.6251,60.6523,19.2618,34.4112,60.8200,13.8925,17.0268,40.1884,34.2411,36.6945,40.5868,26.8691,37.8384,63.8810,70.5333,79.7687,106.0470,151.6170,129.4020,83.5491,53.7371,41.2005,49.6829,39.9812,25.7752,13.6875,9.9322,32.0920,27.9171,33.4425,47.9110,48.7113,38.8031,31.6083,54.8528,60.0086,38.4566,18.6213,30.2303,45.7628,37.5540,25.4489,36.7311,61.7588,78.6605,66.7074,54.2576,48.6540,53.1856,58.4311,84.7964,67.1809,51.6325,67.3301,71.5475,56.5229,32.4713,29.6099,47.2678,66.9748,109.8530,71.0210,39.8738,34.0320,54.5909,60.9301,60.2270,88.0697,39.1040,61.4499,116.7700,151.1410,114.8370,87.4246,37.8974,28.6030,31.1289,50.9291,50.9129,33.7228,30.7823,44.9203,85.8453,120.7560,167.1520,90.1930,48.3857,161.7730,158.7490,153.0200,42.6051,32.0901,54.3866,43.6667,86.3709,71.9932,55.0273,82.5969,110.4820,101.7890,31.1413,21.9953,84.4490,68.2712,77.3293,11.7868,20.1629,64.5969,39.2354,23.1337,64.7597,31.0463,19.1132,20.4437,32.7688,61.2552,46.0978,73.1159,71.1464,93.8326,85.0042,71.3154,31.0984,37.5177,49.1179,44.9755,72.2356,40.1781,24.0151,52.7966,56.6397,55.2439,55.1040,72.1866,36.7324,50.2564,62.1631,47.5254,124.6210,78.7041,115.8170,53.7525,18.6531,72.7783,82.9347,27.4138,15.6312,77.9611,61.2628,45.8956,20.2342,84.4013,64.3251,89.8322,37.8219,42.9588
97870.7000,88181.2000,72212.5000,58249.7000,47250.6000,34918.2000,28873.3000,21656.3000,15666.2000,11969.2000,8407.5400,7332.0600,9204.5500,11607.0000,12489.0000,11886.7000,8679.9700,7262.8900,8023.7200,7089.3000,5581.7400,4488.3000,3998.4000,3799.7300,3799.9700,3412.0700,2612.1000,1902.6200,1463.7700,995.7660,842.5290,953.2380,829.7500,576.8140,184.2960,272.1740,426.4500,552.3470,630.2950,552.6160,447.2200,268.3610,351.5780,533.5010,668.8360,819.8740,857.7830,729.8110,648.1660,592.3910,680.5390,770.1900,696.3970,408.1650,234.2850,223.6860,303.9520,165.5790,607.1900,560.9350,553.6690,361.4480,391.8740,484.3350,427.1490,352.0710,279.8310,227.3160,210.9570,235.1360,96.6067,272.7960,260.7100,400.7370,274.2120,193.0650,134.3700,147.8320,41.0838,58.5747,236.8760,170.1250,134.3130,113.7480,226.1110,199.6180,146.3480,23.7451,45.7481,120.7080,118.2460,213.6180,247.5160,310.6690,423.6600,540.5310,392.5880,281.0910,85.8997,97.5006,185.4970,145.0020,136.5820,300.6560,346.7540,445.2310,334.4080,299.2270,255.0660,205.7260,147.8590,173.7360,151.2460,104.5650,113.2730,94.3612,258.3390,215.2010,303.2820,72.5531,163.3940,241.1800,349.2890,285.6980,288.9340,135.5480,144.9150,398.4140,400.7910,469.6430,287.0230,318.7750,285.9400,190.9230,224.3690,249.4960,312.3950,258.3870,277.5940,209.1330,132.1080,55.0526,80.7740,87.1748,127.4910,253.5680,277.8060,272.7470,67.6313,123.0690,259.5560,80.5649,99.6937,225.4020,237.7010,201.6350,163.2350,171.5030,77.2000,199.2520,173.4860,289.7910,194.7690,159.8290,110.6430,231.2570,416.7670,400.4800,361.7750,336.1860,307.1630,146.9910,82.4719,242.3600,342.4220,311.6440,215.1420,111.1070,264.1960,207.6630,127.0030,186.6350,229.6430,209.1800,166.3870,298.9720,413.8670,330.5800,229.1640,151.5700,217.7630,344.9710,581.1100,554.0300,428.5840,440.6740,526.8640,584.3360,381.8960,279.2820,263.4840,340.0710,276.0300,229.6190,215.4530,181.9070,131.6820,94.3325,135.9750,134.9840,350.5620,340.1560,328.7570,233.0470,241.8960,401.3920,318.1290,332.3150,181.7680,121.4390,71.6540,80.0528,145.8480,239.0350,240.8780,273.4730,191.0580,247.8940,243.6110,293.1590,158.4220,148.5020,206.4440,77.9822,113.4540,214.1030,196.3530,127.6010,133.7020,172.5640,336.7590,319.5660,292.1610,256.2140,213.1660,107.1950,206.9950,267.8390,168.2880,105.9960,161.1820,167.0380,304.3650,158.6200,116.1720,141.0080,148.2240,38.3321,131.1620,273.9450,311.5020,232.4230,209.5650,31.9110,162.8850,209.0290,237.0950,216.0430,290.9880,307.5000,284.3740,230.2600,152.4170,112.0800,115.7980,161.1080,230.3640,289.3690,272.1960,281.5060,204.7850,179.1310,214.3410,293.6690,194.4510,264.8220,120.4610,215.5620,172.2310,147.7450,180.5630,95.2638,90.3105,124.2750,264.1670,266.4820,237.2100,93.2406,129.8830,125.3880
99248.6000,89589.8000,73355.7000,60093.7000,50122.3000,37691.9000,32306.8000,26623.5000,21726.9000,20031.9000,19457.0000,18584.2000,18388.2000,15218.1000,11569.4000,10288.3000,8573.9300,6948.5600,5490.4700,4799.4200,4719.9200,5068.8100,4638.3700,3750.7400,3169.1800,2804.3800,2416.9300,1962.5900,1747.2900,1594.8700,1343.7900,1199.0000,1018.7400,914.4600,928.3800,838.8200,520.4670,318.4390,543.9590,804.0800,818.7820,796.4190,712.5690,682.5750,546.6930,518.5990,601.1830,524.3920,453.5000,479.7750,449.7910,343.6230,197.6680,193.4930,173.3970,284.1300,541.0990,597.6210,529.4550,451.1140,355.7650,332.4470,295.9430,110.7760,98.8219,319.7450,407.5070,338.5880,284.2030,273.0160,241.1250,331.4830,250.8560,149.8420,88.5409,272.1020,401.0810,446.3290,460.6240,359.5210,311.5900,222.0140,99.6160,223.8540,444.8630,433.0940,385.5300,209.6470,136.0330,314.4000,405.0300,293.4610,273.1440,147.4260,121.0610,68.0304,237.4710,158.0580,119.4720,43.4082,50.0179,158.7420,275.0330,468.9690,334.0670,148.9780,70.1895,253.9550,239.8500,208.9480,96.0314,107.2600,113.5700,118.4100,169.3100,112.1020,72.0223,125.5120,63.6897,75.6841,167.1190,66.9128,31.9171,84.2190,131.1070,216.1620,270.4320,281.2180,323.1170,173.7630,363.6640,258.4510,328.2320,68.1350,200.5340,187.3660,186.3820,194.3500,146.3990,103.2790,52.9419,117.1250,58.3333,30.4432,15.2209,28.2739,68.0272,174.0350,180.0880,190.2220,166.6430,230.2600,278.7910,169.9490,87.5325,179.7040,258.5440,317.3500,202.8730,171.4130,111.3700,52.2586,195.3560,222.3920,270.7950,170.2220,153.5870,138.5010,169.3760,233.7650,281.1590,269.8700,202.1810,223.8520,206.7300,244.4330,136.3310,116.7030,37.3286,32.2953,33.2719,128.5190,164.2600,215.6230,77.7256,159.5400,143.3660,196.3870,193.8850,147.3830,149.7170,55.4454,56.3679,85.5371,143.0120,106.9710,68.0967,65.1467,68.4782,81.6645,138.3700,231.5650,289.5910,340.0760,321.0800,413.3350,367.4620,272.4190,228.6960,349.0540,444.6860,273.5620,296.0820,307.1210,224.3650,91.6411,133.4650,191.9910,113.3670,141.3980,257.3740,256.2020,277.4440,159.5780,142.2290,245.1040,271.2010,275.5060,250.6600,160.9260,96.8329,99.6115,74.9763,42.4124,94.7061,191.4790,216.6760,208.8170,117.8900,141.9170,234.1570,147.9200,91.3413,169.2670,216.5240,245.4510,125.1500,398.5470,355.9080,337.8100,279.3600,285.4010,206.4250,106.4420,66.1578,105.2380,138.5830,310.2060,254.2710,178.0750,130.7060,115.0530,111.4920,175.4800,315.7840,247.0190,192.2960,179.6140,255.4110,184.7280,212.3610,155.4870,211.7430,181.2520,124.0010,178.3380,269.0090,393.0380,210.4480,145.8250,94.4652,109.9110,87.7550,45.4416,53.2261,60.7144,166.6190,188.5140,308.3360,288.6880,234.5730,219.2690,322.8590,485.7810,399.7990,428.6820,208.0060,140.6450,143.5790,146.4400
99356.9000,89701.6000,73761.5000,60477.5000,50364.5000,38004.9000,32696.2000,26900.8000,21751.3000,20421.3000,19111.1000,17412.7000,15432.0000,10603.1000,7156.1100,7523.3100,8371.1900,8146.6100,7474.7300,5924.3200,4432.6000,3163.8000,2911.3800,2659.6000,2337.9300,1989.3100,1680.8900,1729.3900,2052.9500,2279.7900,2029.0400,1557.3900,725.1510,342.2300,436.4150,423.8800,487.8180,609.4490,699.6290,769.7460,876.9420,1030.2500,1230.1800,1296.9000,1202.9500,1082.1400,961.3290,806.8440,507.3210,312.0750,180.8760,165.4740,141.8280,61.5198,104.3400,132.4140,228.3570,182.0090,110.6780,43.0060,46.5256,63.0266,75.2426,94.5811,97.3538,100.9320,109.1900,107.7780,57.0926,37.2886,91.4861,122.0340,109.4570,131.1090,146.2680,139.8460,100.0610,74.3053,80.6306,62.9003,39.5862,40.6449,53.2496,95.4529,100.0860,114.3690,119.6610,61.6154,28.2979,54.9709,43.8131,53.4159,40.3099,57.5022,56.6656,75.4544,53.4972,40.2880,68.3742,107.3190,160.6390,152.1040,103.4660,95.1379,85.1247,63.1920,59.3871,38.4399,19.0614,48.9845,98.4920,95.5187,61.3690,45.4749,58.0455,67.2698,87.6670,109.7130,105.1290,91.2105,123.8300,149.0540,168.9590,179.0580,201.3070,173.5490,111.8300,69.7862,55.0370,40.7508,25.2070,43.2370,46.0910,37.9472,72.7593,90.5273,90.6241,67.9979,75.9563,54.7380,52.7815,75.6183,70.6215,88.3816,83.8846,63.5689,77.6382,97.3985,103.4550,101.9720,89.5990,22.1559,41.0351,94.3376,42.9421,32.7223,103.4600,92.2536,88.6865,83.8819,155.9740,156.0330,106.6050,75.5894,78.6403,74.9151,79.7023,117.1020,108.8590,72.2187,78.2763,79.2857,73.4432,76.8011,74.5136,56.3135,25.2825,21.0719,16.2141,58.7811,84.8936,79.0226,103.2840,146.5550,161.4300,64.6179,27.0391,14.2635,31.1037,39.5286,16.6640,17.7269,32.2208,22.0402,30.7263,42.2227,66.7817,50.3889,56.4688,64.7631,72.0470,65.4341,91.6962,96.8077,88.1642,70.2358,95.5398,111.9900,89.6658,106.0710,80.9099,52.7701,64.0704,43.5468,34.9596,104.8180,105.0790,80.8261,74.4827,112.7070,80.0221,54.7229,52.5580,107.2210,53.4502,72.8763,101.6430,163.4700,117.0610,104.6340,39.3110,60.9058,68.3736,55.2850,22.2989,11.3871,21.1893,50.8972,46.5031,53.9390,68.9779,118.5950,86.6810,87.3975,14.1392,27.8930,54.0780,53.9490,64.3190,102.3790,127.2570,131.0180,134.3790,88.6238,71.9938,57.2743,45.3342,57.8630,84.2804,54.1250,68.1925,89.2792,43.3169,55.9145,116.1920,80.4944,46.7746,53.4843,71.7875,78.3493,59.7233,37.1108,33.9829,26.5000,31.5860,41.4563,33.2501,29.1562,32.8781,42.2242,60.8481,42.4682,49.3032,121.3440,153.2420,137.8200,103.9240,49.9007,82.6267,142.6640,93.8768,57.4441,19.2566,24.5146,11.3284,25.8942,76.6090,113.6380,114.4740,49.3889
97730.2000,88379.4000,72284.2000,59003.5000,49285.9000,38132.8000,31984.5000,24950.6000,21623.5000,18409.8000,15353.5000,11646.4000,7858.8800,4283.4600,3299.7100,5419.1900,4919.3600,3607.9400,2784.8800,2470.7900,2124.3500,1956.9900,2463.9900,2766.6500,2749.9500,2602.2000,2108.7400,1955.3300,1810.1500,1995.5800,1925.3200,1684.7100,1392.7300,1002.1400,794.9390,712.2430,625.0320,519.1550,478.0220,412.0060,427.7070,613.5970,804.4000,985.3640,979.5300,776.2680,552.4790,366.6280,215.4030,154.7320,223.3410,300.9970,328.1010,286.5150,180.2440,102.1170,48.0281,43.5134,50.3241,104.4710,69.3312,34.4176,19.5779,53.8817,116.9320,122.9250,112.0470,66.7878,10.4588,47.3782,63.2054,69.8151,12.5439,23.4784,29.4598,34.4361,40.6580,29.5825,41.5385,77.0374,85.3966,84.7772,105.5650,99.4677,89.4220,93.2965,111.9810,91.4382,32.9437,12.8326,27.8777,36.0443,29.3796,14.2008,11.6953,22.3207,21.7319,20.1452,13.3896,9.2855,16.0552,31.9115,37.8100,39.3625,22.6977,23.0233,29.8435,20.1809,22.9603,48.0897,67.7281,56.3648,47.0973,37.6364,30.7266,41.4762,56.1582,60.2917,47.8162,55.5582,47.9044,50.8073,18.5438,16.7978,11.5374,17.1844,22.5113,18.3874,17.5348,16.7785,14.9892,8.1567,4.2478,7.0237,13.4602,23.2014,31.9009,28.8251,25.2778,26.7241,26.5726,25.0170,14.6096,11.0276,18.3745,18.4633,27.3649,52.9121,52.2680,58.9558,45.7278,25.1380,14.6275,23.2344,26.0300,24.0524,20.3707,21.3726,16.7563,11.3807,15.7883,10.6220,16.2521,11.8065,23.1930,19.9054,17.0480,23.0084,36.9342,36.4938,19.7177,8.2424,22.3830,36.9354,39.0151,43.8240,52.6037,52.3429,34.4784,23.6463,2.9989,11.2097,16.5274,25.7823,13.5759,15.4318,22.0830,29.1612,21.9064,20.1527,22.2448,19.1351,8.3356,19.0154,23.1865,36.0692,32.8921,32.8933,36.3289,42.6411,40.3854,55.9337,46.0449,36.7170,33.2893,38.5416,43.0426,41.9141,38.8642,33.8650,26.3348,16.5108,20.3386,27.5991,51.7866,87.7650,76.9633,86.3925,49.3587,27.6361,32.7457,32.1234,38.5180,52.5611,79.6401,72.5841,60.9209,42.3007,20.5930,33.2132,61.2646,62.3792,55.2801,49.2132,22.7952,15.0938,10.5963,10.6078,15.1543,31.0388,37.1543,37.7581,16.0661,9.4069,22.5824,22.3876,15.0179,19.0923,31.5444,37.7302,38.7313,28.8428,25.1362,37.7864,32.7483,41.5416,17.9118,43.1036,31.9788,34.0579,29.5964,39.8698,38.8812,38.8941,41.1597,50.0987,35.8546,27.1319,27.5077,26.7723,19.5772,16.4317,16.5978,29.6766,34.3615,35.4850,27.3766,13.8237,10.5850,8.8565,8.2797,4.3682,17.8528,25.0229,33.5849,20.0292,13.4016,32.1244,41.6703,39.0810,39.8699,45.8711,50.8694,54.2953,48.8336,42.0225,32.2876,29.1098,54.6754,80.1202
97555.6000,87760.2000,71132.1000,57319.4000,46923.3000,34739.8000,28428.2000,21506.4000,16241.9000,12477.2000,8339.8600,5745.5200,6117.2600,7592.9800,8585.8900,8104.3500,5088.3300,3873.5200,4533.2600,3805.1100,2994.1800,2727.2500,2344.7500,2070.3400,2061.3100,1755.6400,1308.2400,1148.0400,1201.3200,1048.2700,1039.3900,1268.7100,1182.5100,771.4140,407.7210,297.9260,448.1280,582.7180,575.5160,515.9940,343.0030,172.6350,129.6690,164.4250,208.6180,278.0670,409.7160,462.2250,383.5040,333.8920,280.1100,289.3580,284.6380,268.4590,207.0620,95.7466,62.5891,105.2570,164.1480,174.4100,150.4560,105.0470,51.0100,36.7428,78.0347,88.3182,85.3364,65.2800,51.8068,33.0412,37.4812,30.5632,48.3154,61.0225,65.6810,68.4007,72.8736,45.3781,18.1450,7.6128,12.0983,16.6847,29.0569,47.5425,59.8877,47.7839,33.4896,20.5032,17.6468,24.4916,48.2594,50.9567,51.8449,46.5647,35.9521,22.5805,21.2741,17.0299,15.5324,21.4373,17.1140,22.6323,39.4796,48.4682,52.9320,31.0566,17.8103,35.9723,49.6659,37.0836,27.4021,20.5796,28.0202,25.9087,21.4975,25.1248,28.0265,31.3727,26.1946,19.1041,21.2660,20.7434,24.0968,22.8118,12.0909,14.5525,31.6543,21.9386,17.0866,24.0189,41.4355,43.8985,24.9862,12.5550,21.4016,27.5143,27.6072,20.3690,11.8584,4.2352,7.3404,11.7285,10.8783,17.3183,16.1189,28.9266,31.1039,22.6176,10.3811,27.1306,34.7240,25.3238,15.9097,8.4334,23.1519,33.8448,35.7726,19.4752,10.0838,15.8971,6.8167,11.5301,23.8898,24.1370,23.3037,31.2881,33.3836,35.1869,21.0206,17.3713,29.5737,18.2670,14.5167,13.2090,24.7072,21.7061,17.6471,12.2488,22.7714,34.2323,13.2655,14.8305,25.8705,17.3603,20.7920,26.2580,33.8914,19.8646,13.1089,17.5640,24.1643,37.1555,44.8829,43.9567,50.3651,48.1318,43.0128,38.9385,31.3824,33.6986,21.3640,44.6911,40.1220,31.9987,10.5218,24.5776,32.2462,18.9164,7.5279,11.5810,18.9672,21.3196,19.7809,16.0791,31.8292,53.9725,44.6591,45.4528,28.2885,15.5498,15.1881,15.0433,19.7493,18.9759,31.7512,40.4539,50.4798,19.4434,20.4620,52.3605,74.6521,93.4477,96.3141,92.2900,79.5184,70.0933,53.8084,37.9191,49.1898,41.0408,27.3040,3.4349,10.7519,13.1252,15.4164,23.4161,38.5192,42.8633,31.0138,20.6532,12.1243,11.4801,19.7289,20.0145,21.1182,20.5756,18.0192,22.4664,26.8697,20.9396,29.5254,30.0416,28.2076,38.0890,46.9874,38.6519,20.0030,42.3070,37.8836,41.3656,18.9815,15.7619,19.7812,26.0840,27.7269,31.6956,31.3952,18.3172,20.6977,13.0348,10.6549,8.5701,1.2610,1.5766,4.2060,5.0390,19.7596,26.4226,33.3404,20.3127,29.4874,23.0602,21.1549,17.2399,23.5326,33.6149,33.7859,17.8080,21.5935,53.0194
97987.9000,88398.2000,72088.7000,58649.3000,48965.9000,37585.9000,31402.5000,24475.5000,20714.8000,17652.6000,14134.5000,12314.5000,11671.1000,9468.8200,7016.9900,5133.2100,3200.9500,1482.2000,1332.1300,1276.3300,1422.2600,1944.6600,2451.3000,1954.3400,1701.0300,2000.7400,2196.6000,2124.0800,1907.1900,1629.1400,1521.0100,1425.0800,1154.3700,948.1840,869.8110,709.2460,538.0400,467.6870,549.7680,650.3470,643.2440,514.3440,452.9780,531.1140,608.5890,591.1200,561.1720,474.7250,435.4200,543.3340,605.8490,588.7910,528.9100,457.0430,320.5000,100.1530,90.1146,180.7290,258.3280,286.2710,263.2950,239.5780,226.0210,206.0080,185.0120,173.4890,156.9720,154.3870,152.1550,101.6280,71.1208,97.6342,90.7725,89.8102,99.2575,119.8050,112.1390,75.6467,61.9020,70.5152,63.5592,42.7731,37.2952,32.3304,26.7979,29.6553,41.8374,29.5866,25.4114,25.7922,27.4558,11.1689,34.5658,29.2868,19.5526,6.9768,7.7666,13.6606,25.2508,37.3162,33.2980,43.5742,37.6131,35.7357,44.2069,27.3778,35.5871,22.5832,17.9897,18.3171,27.6252,33.9805,30.4456,24.3888,13.3607,11.3015,33.9654,45.0284,46.9653,39.2289,22.8646,17.2573,10.5137,12.8369,28.3560,32.2344,33.1723,32.1766,37.0354,42.5150,36.7099,30.3973,27.2215,17.1850,23.3017,28.0009,28.9931,26.8387,24.7048,22.1770,25.6892,33.5986,42.8698,50.2086,46.3264,45.7552,33.0004,22.1238,29.2752,27.2453,26.7847,31.5455,35.3249,26.1268,27.3999,9.9461,10.1981,14.3670,18.6332,7.7283,22.4265,34.0745,24.7350,19.7110,19.2900,25.3486,33.1518,25.3329,12.2827,19.4610,21.7141,17.0186,3.6399,18.3371,20.6227,22.6894,11.1759,14.2587,17.8986,12.8224,5.2793,7.2430,17.7729,14.9824,20.7427,18.5787,21.1988,31.0086,25.3145,30.5673,23.8072,17.2763,21.2396,29.2923,32.7720,26.6592,13.2249,12.5308,20.2229,34.3120,56.5097,67.9441,55.1320,46.1248,42.0278,41.6323,50.0833,59.2454,49.8088,41.8957,30.9667,33.7794,46.6233,55.4476,58.7271,64.4872,62.5255,60.3566,53.7820,45.9853,44.8150,58.5479,52.8630,37.2645,52.3883,81.9091,87.5128,77.4525,34.7290,33.4475,59.7875,65.9992,56.5220,63.8937,69.7297,67.7822,53.6159,32.7086,40.9074,60.5263,60.3794,55.6153,52.1460,44.4132,25.7240,35.0435,48.7085,35.6552,24.8093,3.3920,6.4840,11.4084,9.2092,14.6002,12.1568,23.5214,18.8208,10.0051,16.1154,36.5850,27.5493,34.5023,64.3395,74.4257,77.9152,71.5097,67.4052,43.7108,18.0723,10.4646,20.2958,39.7085,53.5031,46.3932,34.6119,22.2055,13.9944,5.0723,12.3319,14.2668,10.4316,12.9154,24.9430,39.8689,54.7630,38.0423,27.7227,10.9023,7.8204,10.0817,10.3618,16.7047,29.2323,41.6276,43.9993,47.3493,42.4644,25.3097,17.4184,54.4382
97856.5000,88341.3000,72146.6000,58702.9000,48870.4000,37588.5000,31337.2000,24301.9000,20594.8000,17511.5000,14084.0000,12342.2000,12104.1000,11265.2000,10822.6000,9698.9800,8436.8200,5593.1700,1526.7700,1230.2800,3308.2700,3540.7900,2507.7100,1416.8500,626.3090,833.9460,844.4530,459.5760,360.8540,397.1170,651.1380,884.9040,935.3350,1085.5700,1248.2800,1185.9600,1031.1700,848.8920,520.2840,179.0710,159.2820,305.1920,400.2260,388.8470,313.5760,287.9810,291.3350,351.8710,445.3620,535.8440,530.2760,458.1060,351.7640,278.3060,398.5330,546.7010,570.9430,468.7680,412.8350,357.0720,270.3760,199.0870,163.5660,145.1300,131.7910,167.9810,233.6600,212.8230,143.1830,92.1736,46.7483,32.2810,53.8502,61.6776,61.8640,76.7990,79.6451,71.2893,58.5729,53.3408,36.6529,10.3685,11.1128,20.8741,29.2719,30.0313,40.1779,42.2950,36.2259,31.0953,12.3261,34.7103,70.7840,118.0170,113.1630,94.3122,77.5337,61.1756,46.6510,25.2088,19.3469,50.4247,90.7995,66.9066,60.2880,37.5282,56.3067,52.0257,26.7543,29.2361,48.3867,50.4473,43.5635,50.0307,68.1894,52.8909,41.2345,45.0978,52.5853,61.0967,60.8191,36.7578,30.4432,20.6321,31.6332,53.7693,67.9473,46.5321,45.6203,50.1510,46.8265,29.0223,17.8575,24.9364,42.9616,33.1134,31.7860,16.4376,20.4295,42.3324,42.3369,44.0248,31.6000,57.2392,57.1822,67.1250,77.2351,76.4364,74.9310,63.0976,30.9781,11.4648,23.4230,41.8536,36.8755,30.3824,25.9619,26.8957,28.3344,18.1277,22.4363,41.2324,44.1256,41.7084,35.7801,22.9155,13.6332,19.1533,25.9914,40.4324,35.5916,39.7222,56.0330,66.4649,74.0385,72.5631,64.1905,49.1101,46.1018,58.1056,79.7842,70.4451,37.9929,20.7567,19.9247,26.2210,30.7937,31.6888,43.2190,67.2341,65.3549,49.4798,48.8985,55.4691,57.7446,42.2685,28.6914,28.4486,48.3788,50.8924,49.5656,71.4021,91.6213,112.2610,81.6429,47.6398,47.4781,68.6773,68.2458,60.9687,33.0876,23.7803,39.7271,57.4898,75.8691,74.3073,55.5215,45.4759,46.8516,52.7797,45.3117,38.3373,39.4441,46.9071,55.6126,58.4580,54.5144,51.0463,27.7281,12.7887,22.0563,24.5835,37.9230,26.9698,25.5074,34.9425,27.9524,38.8739,8.4274,25.4881,31.9892,20.9512,12.5593,32.6418,51.1247,45.0648,46.6918,54.2497,62.8701,52.5864,59.8487,65.1381,52.1573,40.6549,37.1223,36.4313,26.7201,47.0232,75.6780,65.8168,56.4395,35.3046,22.4508,43.5323,47.6114,52.3068,48.8552,41.5042,37.5810,41.0653,26.3400,23.0483,31.2188,29.5114,36.3948,25.5170,23.4752,19.0261,25.4917,23.9693,23.9463,23.7092,24.7747,4.7270,14.1870,14.6427,15.9209,28.5242,16.2305,22.0144,45.9267,44.9324,24.0184,36.9820,61.6472,64.5090,42.7003,28.4647,38.8247,84.9110
98065.1000,88203.1000,71600.2000,57807.2000,47394.0000,35120.5000,29018.1000,22390.0000,16988.9000,13727.3000,10101.6000,7366.4900,5973.6400,4796.5000,6868.9300,10406.7000,12439.1000,12902.8000,10571.0000,7087.0900,5372.1500,5514.6500,5250.2000,4445.6200,4293.8300,4106.2400,3082.7200,2297.0700,1915.2500,1304.2200,1016.1800,1148.2300,1280.3100,1248.1300,1242.0200,1106.0800,950.3270,758.4340,601.3520,499.2360,417.1240,480.7730,558.0750,532.0350,484.9260,481.9160,555.9830,522.2720,479.3530,458.4570,445.3310,440.9360,516.1800,568.9520,414.7030,290.3130,199.8980,116.1730,76.1287,68.2862,61.1342,53.6813,42.3056,59.8068,74.9198,49.7359,33.0916,41.6851,60.0625,93.6846,92.5952,53.9369,16.3709,55.0749,68.7421,67.6458,42.9414,64.3865,64.6204,54.1407,42.9970,45.8031,47.8321,94.8328,113.9570,139.7900,77.9870,76.6181,38.0291,81.1736,81.3853,86.0135,88.1641,91.4814,48.3441,20.8523,47.3906,79.6831,58.7255,64.2243,42.8155,40.7887,34.0596,39.8210,47.5891,25.9694,22.5660,60.1739,69.3757,67.4724,68.4664,82.7192,89.2881,45.7613,53.2295,24.9631,30.7402,24.9630,14.8665,27.6573,6.3114,9.0296,36.1308,46.5693,57.6103,72.2306,46.1947,46.8033,16.9299,27.6214,81.9672,63.8176,70.6927,21.5906,28.4177,37.3704,57.8146,29.3664,20.7627,46.6765,59.4857,51.6059,34.7911,32.7076,42.5852,23.7893,12.8910,30.2779,32.8739,13.8245,6.3416,21.5997,28.9848,30.7424,25.6170,21.4023,26.5784,44.9044,52.0444,33.1581,31.8602,34.1512,34.2823,27.5848,10.7750,26.0239,42.7403,34.5027,44.4996,85.2706,75.4246,94.7465,40.5751,62.5662,39.3398,36.5778,31.1409,59.0036,92.2071,75.4710,74.4753,46.1832,42.0778,59.7013,42.3656,70.0638,50.0902,81.0078,44.4647,40.7247,67.9220,73.7003,59.4793,44.4157,21.8649,28.9545,26.5179,16.0337,31.7127,42.7144,47.2113,40.3890,42.4123,18.8157,44.4901,55.2807,54.3510,45.9145,25.8281,60.5562,107.7720,73.9370,42.9725,64.6904,131.5280,112.6820,86.9395,46.8251,46.0702,62.5469,63.7657,52.9230,33.7200,40.6206,30.6145,46.2347,35.7571,26.4907,20.3499,18.9147,15.3198,14.3959,63.4466,84.2565,105.3840,62.6687,72.8081,56.5702,94.6434,53.9067,37.1222,21.0588,21.3209,29.8180,32.9688,45.9617,50.3520,64.7299,49.5608,40.8517,50.9152,32.4972,47.0085,18.7318,15.7979,6.9487,19.6851,28.7209,26.3689,22.5136,18.8917,49.4990,97.0396,104.6240,59.3849,29.8991,38.6136,20.1561,16.6893,43.3771,67.2133,69.8464,68.7836,32.0447,19.8012,28.7244,36.6710,42.5270,37.4705,15.5523,26.3994,45.2768,47.8068,22.5092,10.1661,5.7957,21.9842,27.2254,46.7261,39.4924,20.1196,32.6709,18.6987,25.7430,53.1353,87.9974,65.7619,47.5872,71.9460,110.4170
98399.6000,88634.3000,72152.9000,58568.3000,48652.5000,36873.0000,30653.1000,23826.3000,19443.9000,16231.0000,12401.0000,9883.2600,8554.1300,5364.6500,2576.9100,2110.5000,2899.5100,3674.6100,3178.2900,2376.4100,2868.6700,3071.0900,2407.5300,2465.6900,2979.1900,3315.1100,3376.5000,2950.9400,2065.8900,1649.0400,1473.1300,988.3800,776.3010,923.7220,798.5370,555.7670,351.1960,379.4080,440.4720,505.5390,484.4070,498.7830,560.8580,539.0830,518.3600,474.5400,360.5170,252.5090,232.8090,239.2690,227.6080,206.0380,163.3130,143.1470,108.0390,76.9991,93.0733,113.3240,149.6340,123.9860,61.8337,30.7773,52.2822,51.7005,35.3565,36.8949,58.2495,96.8561,109.6480,106.9350,144.9240,126.9560,88.8815,60.6816,57.8386,70.3100,36.8229,43.4691,26.5946,23.2527,52.0441,75.8312,101.6070,53.7559,21.4266,34.9962,38.3309,43.5320,52.2168,45.8662,44.4258,49.3025,66.2957,75.2770,55.8065,48.9005,37.2562,20.4077,12.8417,23.3082,13.9746,16.0955,52.8419,66.7406,52.2499,46.8893,43.6539,35.0518,4.7661,5.7224,25.9801,62.6664,73.8208,73.6761,60.0818,82.2594,91.1146,68.9608,48.5521,24.2400,7.7557,12.3756,27.0067,39.0269,63.7588,50.2903,58.7646,29.4844,26.7918,26.1038,41.5119,38.1369,40.9431,52.4941,63.4694,35.7709,18.2048,32.7474,43.5950,59.3457,27.7399,19.1519,52.3296,50.2539,69.5583,45.8958,33.1651,43.0628,39.9498,65.8956,63.7622,45.8586,44.5494,21.0319,52.7679,48.9913,48.1728,46.7554,52.6345,54.2910,64.0819,78.4743,66.4787,71.9061,50.1498,30.8102,22.1947,23.6981,43.6911,54.8280,46.9731,44.8086,43.9148,64.1532,56.3672,78.5618,41.2121,67.7554,31.4623,17.4034,14.2650,23.3577,26.8568,24.5707,30.2646,62.6839,66.2579,61.7816,31.4927,25.7619,38.7377,61.3868,50.1580,47.8075,54.8979,78.2441,69.6381,47.0989,35.0099,35.9428,44.5558,14.8466,21.5370,31.6177,46.4715,58.0272,62.5808,66.4663,39.8014,48.1072,73.8103,63.3956,55.9200,43.4150,41.7207,22.7126,13.0192,26.5502,40.5819,56.2534,56.2504,64.8256,77.2848,75.7650,86.4769,80.6744,36.2037,30.6696,41.4688,42.3047,43.9966,76.0622,115.5690,102.4830,77.8614,52.8072,11.4377,36.8547,47.4689,18.6796,12.8744,22.7161,6.6130,32.5481,58.2348,76.7611,47.0785,66.0616,60.7646,82.6195,63.1977,56.8191,35.1887,20.6862,37.2909,70.6758,60.6084,53.5268,21.8801,15.7099,30.9075,62.2649,71.2323,74.3084,56.7237,31.3654,45.0457,64.0806,67.6696,62.3865,60.0461,57.6318,64.9531,39.8190,53.9543,93.3590,154.2420,94.3902,61.9947,59.6007,84.0165,88.2388,58.4102,40.0800,36.0577,34.1742,36.3050,46.1064,33.2320,26.0558,42.2395,69.3474,108.2920,126.1200,154.2670,112.1460,58.8227,62.0318,64.7861,169.0070
98673.2000,88929.5000,72738.9000,59295.5000,49237.1000,37519.3000,31301.9000,24439.6000,20120.8000,17163.6000,13751.9000,11412.5000,10765.5000,8737.0400,7013.1900,6804.5500,5896.2600,5125.8600,5212.7500,4532.2700,3970.0600,3417.1600,2880.9000,2335.0500,2550.8100,2862.5300,2960.4900,3137.6700,2786.2500,2476.6600,1868.7300,1484.2100,1361.3600,1395.4700,1339.9300,1008.3900,699.1840,445.0490,340.9010,484.7140,551.7930,482.3080,430.5710,329.4610,267.5960,257.4630,283.6720,268.5400,162.1520,86.8963,48.0204,61.5844,59.7278,84.4060,80.8165,48.9169,35.9310,57.9863,135.9080,193.5750,167.4600,144.4330,148.4350,184.2940,211.8520,193.4320,200.1100,199.0980,180.7410,111.8770,58.9822,107.0720,162.6100,144.9270,92.0390,65.5554,109.5530,124.9760,147.2440,72.1268,26.5945,56.7874,53.9911,34.1246,31.0520,30.7138,25.3378,43.2906,52.6804,98.4027,67.9478,93.2985,66.1069,73.6996,82.6752,36.1614,17.5405,72.8347,55.3998,37.4608,67.8761,91.7224,81.3953,56.4855,74.9959,59.7342,51.2224,54.3114,49.5851,53.9588,74.2101,64.6904,38.5711,30.9765,59.2755,47.6463,33.5185,46.2861,82.5190,68.4458,75.2581,42.2578,44.0281,58.3779,58.7440,61.8996,60.2547,56.6953,62.4296,51.0703,56.7920,24.1973,14.1272,23.1940,34.4544,30.4533,30.4293,29.9620,29.2188,38.7933,45.5485,33.6701,50.0167,26.9837,41.4156,50.0841,56.8907,62.5133,36.5992,25.0665,11.7702,20.1173,4.6630,38.7116,57.3883,102.3350,72.4199,49.2092,56.3402,64.8085,60.4547,50.7194,60.0200,51.9775,66.2889,73.4861,54.2070,15.6967,42.0604,57.2342,43.8301,21.7417,39.1263,40.0004,39.2432,39.2422,44.0613,21.6329,10.7249,13.8301,29.4212,48.7371,47.7672,49.9222,18.4924,10.3390,32.4210,36.0880,27.4171,46.5188,39.9606,85.6478,93.7181,80.1914,28.8440,33.3108,32.5136,61.6220,44.3663,21.4287,21.5624,32.0872,24.6719,23.6358,15.6134,51.6198,66.8689,65.2101,38.4389,23.9981,63.0913,70.0652,66.6379,57.7256,57.0792,43.4399,15.6797,13.1271,21.9009,12.8463,25.6882,36.7830,39.7418,23.4882,85.2674,99.0411,107.7120,93.2196,22.5658,15.8482,70.6123,54.3513,127.2630,102.7300,101.7130,42.8595,55.5724,81.0371,45.7077,20.5230,21.5424,13.6719,15.4269,28.1567,59.3335,45.2931,100.4580,70.6813,62.0698,31.3252,28.5748,36.7709,24.6832,21.0693,34.0946,64.6742,40.0944,47.6910,32.1994,30.1922,37.6302,29.3287,47.6036,18.2469,17.9545,62.4392,67.8902,51.6338,27.1717,24.5244,34.1742,21.5073,13.8523,20.1388,43.4329,52.5786,38.4394,23.6285,28.4332,50.7016,75.7623,68.7946,32.7919,43.5607,66.5093,50.2750,34.4960,44.1265,70.9502,28.4187,28.7656,21.3776,63.7973,86.2746,116.2610,96.6164,96.5629,65.8868,43.0454,108.1800
98754.5000,89160.0000,72785.2000,59181.1000,49350.1000,37542.2000,31726.2000,25346.1000,20480.7000,18011.7000,15457.3000,13827.8000,13786.4000,14281.0000,14833.4000,13790.0000,9908.0100,6282.8700,4319.5200,5303.7400,6201.6500,6506.9500,6463.7600,6458.2600,5534.4500,3816.3200,2504.7200,2085.5600,1849.0000,1462.0500,1139.7500,826.6120,744.8570,747.4840,470.3030,187.3070,105.2530,166.3040,269.0440,325.6410,386.4530,452.8300,400.1220,322.2560,294.0190,266.7740,250.6620,211.1920,105.1140,53.4878,93.1509,92.6445,79.9144,84.5118,71.7062,61.0923,26.3055,42.9490,73.6356,97.7575,107.7450,119.2790,127.3400,140.9790,119.8780,96.4024,110.7050,145.1660,163.3660,170.6070,150.7300,98.0788,39.1351,40.9825,67.7687,89.7221,75.7389,61.5990,47.9002,34.8573,37.9793,40.1941,39.3090,41.6957,44.6391,49.5487,62.3370,78.3271,101.7980,97.0525,84.3229,46.1414,35.6777,45.1638,35.4943,47.2173,64.0315,51.6654,48.8463,30.0620,54.4931,52.1046,52.4104,45.5146,40.1447,34.4268,31.2595,29.8450,38.8086,33.4086,35.9233,33.4745,27.6776,39.7072,56.1562,53.4913,54.6079,45.4936,36.7618,22.0279,3.5540,27.6462,23.7174,11.3446,12.0026,25.7786,20.0158,17.5765,15.0333,10.6889,14.2100,22.0843,25.0736,7.8195,10.1528,28.4737,28.6991,26.0160,24.5882,19.1989,11.2415,15.2691,28.8554,21.3074,20.3687,9.6185,16.9500,12.3477,19.6243,30.4486,24.7592,19.6702,16.6405,22.4783,24.4703,11.0302,10.7850,31.9117,47.7116,33.7335,25.9391,19.8742,30.8607,33.3999,35.2463,34.2715,37.6804,21.1808,16.3858,29.8079,18.0234,14.2124,12.6051,14.2221,14.1825,12.2573,8.8721,1.9808,2.6495,8.0326,14.3929,23.2933,25.2021,19.3350,15.0903,24.7658,35.2662,40.0749,15.3424,12.3266,17.2063,16.0882,8.6357,21.7811,29.4145,44.5021,37.8458,35.5317,36.5783,32.2930,22.2048,28.6350,33.1765,29.1387,27.7958,14.8176,22.4021,35.2887,39.1353,48.2207,51.8749,27.7916,17.4330,18.1226,43.5749,57.1254,56.6529,58.6542,46.9311,29.3074,23.2490,32.5168,33.0956,33.0809,34.0968,49.4373,34.6714,56.8849,24.9014,13.1778,52.4356,61.0812,81.3195,77.6264,83.9784,78.0862,93.7824,49.3215,59.9098,23.5004,11.3696,26.9290,29.6883,28.4574,38.3126,51.8884,46.6115,16.7011,22.5822,43.8118,39.0868,31.4580,22.5995,16.7656,7.1532,11.6130,11.2687,11.4958,18.0454,17.9076,40.4118,49.9890,50.0996,51.4538,47.6291,35.0713,24.2070,34.0743,35.1684,32.5114,10.9245,16.2900,18.9059,23.0710,27.7011,28.8075,25.3430,24.9267,23.7177,16.8409,7.2314,13.5520,17.4284,25.5564,42.2416,33.5441,28.9552,39.8021,58.8341,67.0470,38.3571,18.4969,8.6644,14.3619,36.8509,38.8923,26.6450,7.6962,19.9584,42.0611
98298.3000,88533.3000,72005.3000,58373.0000,48630.5000,37036.9000,30869.7000,24031.4000,19783.1000,16654.0000,12946.4000,10605.7000,9980.2500,8205.0400,6966.6200,6483.7100,4743.3700,2885.2000,1256.0300,830.8330,801.3710,826.3000,698.7990,316.1580,98.3714,164.1670,396.6800,397.6820,208.4680,83.0204,321.8520,360.4270,330.0510,320.4580,155.9760,79.5911,155.4340,124.7120,155.3070,105.8000,118.2860,151.4140,132.3680,104.6510,171.9050,239.7940,280.9490,268.2370,223.1270,222.0320,223.6710,190.8610,151.8920,118.6070,112.5310,120.4090,95.9510,130.4710,122.8740,115.2690,104.6240,112.0440,125.5490,157.2320,168.8160,130.9620,94.8307,108.2180,147.1900,168.6140,169.2510,120.4970,88.6429,64.6618,39.3550,17.5395,33.4649,39.4755,26.7598,20.2647,25.9618,27.4151,40.0779,52.8982,41.7346,28.3112,35.2731,51.3314,62.7253,67.8905,48.7029,24.2548,11.5440,6.9899,15.6317,30.8137,51.9134,79.8597,87.1075,75.9766,65.6980,42.9205,33.2980,38.5182,30.1341,30.7967,15.9610,43.5204,43.3231,41.8146,39.2458,20.4751,8.0427,15.9203,27.8647,33.6889,25.8316,16.0828,20.8427,28.6589,30.9474,22.0289,25.9862,32.7301,42.0551,42.4640,38.4036,30.7112,32.3140,41.3378,35.4340,46.8154,38.2667,26.1881,18.1966,7.3411,2.8106,6.1539,7.5392,8.2446,6.3579,18.0181,17.1976,24.2357,4.9179,11.1177,16.8338,7.3223,15.4900,31.0609,15.2667,7.5176,29.5079,33.4444,47.1040,21.1598,22.9190,27.5178,39.9974,17.8421,6.3420,3.9875,11.2004,25.1191,23.0925,18.1656,17.2128,17.8632,14.4842,18.3416,32.6669,25.2856,17.5421,6.0600,10.7150,22.4331,10.2228,15.1357,10.8156,6.0885,10.0469,6.6785,10.4894,8.9417,5.6649,4.1248,4.9792,4.4923,9.0465,19.1730,26.7917,23.7673,10.6805,6.3174,5.0448,11.5391,14.2727,24.5486,19.4052,20.3854,24.9603,34.1985,27.3827,26.3809,30.0071,33.9422,26.8951,28.1165,35.0788,50.0442,28.1901,14.3439,13.8582,17.2609,21.4469,58.0117,57.9652,55.5202,30.9152,33.9945,25.8408,22.4633,50.0931,70.0518,95.1441,97.6574,73.4243,55.6274,33.1759,18.6853,17.2260,5.4034,18.5855,35.7825,58.4789,81.3467,92.8188,87.3065,96.9065,52.6173,37.6976,14.4302,14.2933,28.0616,29.8618,28.5814,24.2477,36.7474,45.3829,34.2818,35.7391,47.7822,55.0639,54.4136,47.3678,54.9598,46.4896,38.4455,43.1705,38.0886,25.9550,25.2172,40.1534,51.9498,59.8151,68.4439,66.7671,62.2831,46.0088,31.3293,12.7470,44.9099,59.0407,61.5156,58.6774,41.2950,27.6206,14.0480,5.8670,13.0892,16.2226,26.5940,33.1717,44.4840,18.9047,10.8090,39.7407,33.3008,27.9002,33.7389,47.1020,37.5157,13.7950,14.9111,22.9824,46.0729,51.1754,28.0074,48.6607,102.4070
98637.2000,88863.2000,72668.9000,59257.6000,49253.2000,37475.3000,31303.5000,24491.7000,20046.7000,17038.9000,13685.8000,11248.0000,10853.4000,9614.1200,8401.0000,7651.2500,5491.2700,4338.5400,4284.9500,4118.4900,3807.3400,2915.0400,2429.3600,2539.4100,2824.9400,2631.3900,2333.6200,2024.4500,1850.0900,1351.2400,917.1230,837.7230,732.1760,592.0470,586.1290,550.9800,512.0670,429.9280,305.7830,260.4370,377.0930,372.1910,265.5090,180.1440,115.7870,94.9527,53.2207,28.1630,35.0597,28.2455,23.9207,23.6642,43.3812,78.6543,146.1970,237.2930,273.2130,248.8840,225.5600,201.3130,219.2510,251.6600,278.5410,236.9980,154.5370,106.0450,94.4724,86.3731,74.0717,53.5686,29.9115,49.6292,64.4842,73.6687,74.2074,67.0196,70.3248,74.4803,69.6832,56.9429,44.4244,16.6346,19.0511,57.3424,70.1227,57.3252,46.0580,35.6372,33.9873,26.2207,40.0646,39.1977,46.8714,43.2959,17.7950,25.6447,46.1634,58.5138,27.4641,23.5736,53.6176,45.6427,30.8455,40.0010,39.1736,30.7127,14.3936,19.3454,20.9321,25.0534,45.1629,59.8000,49.9243,56.6862,63.2216,57.8573,51.2653,52.6956,53.7238,58.8167,82.6648,80.1449,50.2066,46.7940,60.8501,60.9001,41.5093,18.9063,14.7053,17.4954,29.5038,45.4651,59.3550,58.0011,49.2862,27.2941,14.1085,22.5024,16.2231,18.4003,28.6949,16.9930,9.2291,12.6435,11.1937,5.9517,11.7490,15.3292,20.8261,29.0156,36.5954,45.6799,52.0260,49.5311,45.6831,39.4302,25.7121,17.1862,17.9295,17.4924,22.4069,20.1536,27.0888,15.2621,19.5219,14.5421,12.9730,17.0606,18.5484,21.0751,26.2182,17.1116,13.9907,12.4825,15.2544,10.9289,9.4267,10.9986,15.1688,7.0090,8.5698,11.0009,12.3032,8.5318,16.0076,17.6822,17.7932,17.2047,29.5035,35.8075,32.9987,31.8547,22.5382,9.1309,8.7012,31.2193,33.2607,31.7804,39.2673,31.4458,46.6327,50.5652,45.2505,47.1666,46.9098,34.2202,37.7052,59.3712,55.9749,52.1445,36.8697,26.3608,6.7085,14.7824,32.1616,38.6455,39.1545,32.5369,24.0494,6.6367,2.2041,11.9597,23.7785,46.7240,59.3438,69.9491,83.1790,83.0357,58.6313,45.6597,41.6113,39.5653,29.9428,7.0434,29.1020,48.0043,75.6783,60.7937,44.0304,31.7987,17.0304,19.6281,23.1942,31.5539,40.9360,39.4795,34.9257,13.1732,4.8204,10.4462,20.6848,35.8038,24.3674,12.5424,17.7962,14.1861,11.4711,14.3600,9.2657,12.8619,31.6526,46.7382,50.0626,48.1014,52.3990,77.0253,101.6520,82.6167,58.0168,48.6625,49.9883,52.1983,45.3667,33.2740,30.9985,38.8718,23.0644,16.9664,13.3326,18.9932,17.7483,19.4218,18.5504,13.0026,11.6667,9.7691,13.1384,15.7002,15.9676,16.3121,26.8356,38.9272,18.1960,23.5056,48.6634,56.2299,24.2600,15.4688,54.3624,98.2668
97945.1000,88250.5000,71791.9000,58132.0000,48021.6000,36275.3000,30071.6000,23238.0000,18601.7000,15491.7000,11943.0000,9045.9400,8066.3200,6264.8700,4790.9700,4601.9700,4106.2400,4504.4600,5067.0500,4316.3800,3359.8000,2515.7600,1986.4800,1335.8800,1005.4600,922.2800,960.4150,842.7790,846.0130,935.6830,756.5880,569.8250,485.6180,470.3340,430.6690,463.2610,530.2910,487.6530,343.4850,230.9070,136.6040,116.3060,107.5300,82.2813,27.8914,25.6129,29.8560,40.8086,55.2579,78.6021,142.2260,207.2980,244.1550,282.9230,306.9410,358.3240,386.8920,384.8740,362.2510,364.3620,337.3100,322.9370,289.5990,301.1940,302.3090,259.9410,240.2420,218.0820,184.9800,132.5340,91.7888,74.7327,59.6022,73.4554,96.1669,87.4795,69.5791,64.8065,61.0618,64.8352,69.9447,67.3789,61.8235,58.8769,54.5498,56.7457,56.0939,48.9671,43.6161,43.5309,53.7771,58.8960,48.1108,38.4787,43.0642,46.3366,38.7990,29.4689,32.8915,44.2007,52.9222,68.2238,76.9654,73.1445,67.5577,66.4624,27.8333,21.5787,28.8520,30.4142,42.4894,23.2266,29.6063,63.7440,70.8384,72.1555,67.4884,63.6564,44.3575,20.1780,28.5696,52.4931,51.2833,41.1548,35.5763,45.9135,59.9571,50.1493,59.4915,75.7879,68.2686,63.9039,76.7802,84.4942,54.9114,36.4808,33.2419,30.7516,41.4558,39.2912,37.8534,53.2501,53.5098,45.3556,39.3783,33.6050,21.0676,23.2310,34.5746,40.1417,40.4620,38.0591,33.1254,35.4435,29.0358,16.6783,9.1662,9.0579,8.5915,16.7307,28.3662,48.9428,39.7268,31.1630,18.2001,26.2537,14.9698,5.0001,11.7742,23.2168,28.6444,19.8253,24.7501,40.0217,49.3998,36.3083,20.3557,12.0383,13.9430,32.3492,35.0298,26.8822,31.6322,41.4343,45.7951,32.9416,37.7020,29.4894,25.2979,7.7837,5.6200,14.2471,20.3375,37.2517,25.9257,20.1151,18.0704,19.9596,19.1823,8.0770,14.7497,25.9604,38.0054,50.1333,50.2212,40.6635,43.2161,51.7108,42.7175,31.2919,17.0746,21.2667,20.7397,16.6153,21.4312,32.5770,19.3455,28.2720,19.4868,34.8000,55.6910,69.6671,60.4817,30.9402,49.8125,72.6025,53.7190,38.2055,19.1050,21.3558,42.9614,27.5678,42.9307,32.1786,25.2848,19.1806,13.0067,8.1509,20.6680,29.6131,36.9374,31.3376,13.0572,11.6646,3.2201,14.4024,25.5993,23.1741,15.6876,18.7815,15.0941,8.8323,3.1462,7.3140,4.2900,4.8629,22.1846,17.5339,22.8839,11.5315,23.8422,36.0904,49.9449,55.9651,57.6031,63.1101,68.2035,56.7938,48.9999,33.5297,20.8605,51.2326,71.1221,68.2725,56.4496,49.4099,38.3465,9.5221,18.5700,37.0206,44.3495,28.8750,16.8822,7.5880,5.8978,6.1327,19.8567,28.0612,42.0275,41.9227,40.9787,27.2335,27.5538,35.1484,40.1505,31.2613,23.8515,29.4686,29.5736,87.2597
98187.7000,88372.2000,71808.4000,58106.3000,48012.0000,35923.1000,29856.7000,23248.1000,18184.6000,14956.6000,11427.5000,8829.8500,7265.8400,5398.8300,4753.8300,5071.9100,5442.4300,6320.6700,6011.8700,4304.5700,3431.8000,3926.2800,4199.5300,3923.8300,3634.1800,2953.8300,2533.4700,1977.3400,1626.9900,1485.1200,1443.9300,1625.7200,1543.3400,1070.5500,947.7800,1153.3300,1237.8700,1118.0900,1079.0300,981.3970,958.9390,959.4810,851.3830,653.9130,476.6360,367.9190,306.9600,271.8470,259.1980,278.7480,273.1180,235.1270,186.9420,239.6670,319.5750,381.1240,324.3240,264.0320,327.2310,355.3630,314.0830,313.7290,297.8410,272.0100,214.5870,167.5280,190.3920,273.1840,325.3010,312.2100,280.7600,212.7940,109.7990,64.2635,80.2205,76.2899,35.6691,23.4009,55.7678,73.5615,107.8820,135.9350,122.1170,105.1080,82.0607,95.7969,87.6056,79.1810,65.2156,75.8652,50.2349,72.0998,74.0181,55.5892,42.5180,60.4595,84.8691,113.0240,92.7464,67.5589,75.4482,60.4185,41.8112,14.5121,24.0233,42.3816,39.0300,31.5325,40.7213,41.8402,37.3306,31.3475,54.7833,77.2420,65.5778,57.9558,45.1936,22.3411,42.4396,54.7091,36.7750,26.6820,48.5992,60.4916,30.7978,15.8932,36.1025,22.6948,18.9127,32.6767,20.4622,22.2038,31.4946,30.8063,16.0228,10.9322,38.9463,57.9541,67.8938,82.9687,42.9424,49.4434,12.7929,9.3905,47.6859,62.9937,68.4367,70.2332,67.3053,59.0191,37.5587,20.3935,8.3207,10.2257,14.6394,22.3152,28.6519,21.4787,24.4570,27.7107,26.9623,28.5013,43.8191,55.8816,63.7888,47.3819,30.3879,13.7980,22.2076,54.7650,32.7234,17.0863,54.4901,59.0944,71.7374,44.3591,33.2259,55.9117,58.5730,74.4349,54.4929,29.1013,29.8234,13.7151,12.9310,40.9306,37.2018,26.6573,24.6723,27.1429,12.5909,41.7798,33.8913,28.7243,28.0735,29.8779,31.9330,37.5780,35.9832,37.0203,34.5575,44.3667,34.0348,36.6388,17.2276,8.0035,17.5246,9.7171,11.1466,26.4894,42.4721,36.2308,35.7814,20.5038,13.6032,23.8968,37.0953,37.9600,52.1161,67.5977,91.6194,115.1920,146.3400,150.8860,166.7310,185.3900,169.9850,139.1790,96.8191,91.8863,99.1039,92.6168,59.5012,61.2879,32.8475,42.7947,50.9499,45.2409,46.3483,33.3036,45.8833,74.5243,57.7767,54.9235,40.3662,43.0235,51.6985,60.1155,51.0607,42.2366,42.9192,37.3824,48.1186,34.6171,20.1620,59.5510,64.9819,51.1300,21.5126,33.9671,57.0347,62.5535,58.6880,68.6426,85.1443,100.1100,75.8911,64.3703,60.1906,32.4557,18.6501,48.6964,41.8444,31.4100,24.4886,24.3645,26.2152,25.3979,20.0064,34.8664,49.7744,44.9542,9.4493,7.0572,10.6270,24.6882,37.4280,45.6304,24.4311,22.5156,45.3946,22.0584,21.4958,62.3109,25.6341,27.8707,56.1124,34.3399,53.5161,146.6700
98260.3000,88599.2000,72469.9000,59068.9000,49040.2000,37237.8000,31086.2000,24346.3000,19900.9000,16871.2000,13489.3000,11061.8000,10739.7000,9634.7900,8661.7000,7951.3900,5554.9300,2914.2200,1427.7500,2049.5200,2680.8400,2703.3500,2486.2200,1940.2700,1628.4400,1266.7200,1094.1000,922.1460,632.1570,386.2030,275.0740,225.3230,119.9160,95.4615,55.7185,137.9540,143.3770,131.1070,140.9140,112.1070,66.1578,94.7907,166.4890,189.5640,188.3030,205.0700,229.9150,302.0120,321.4310,322.3180,349.0420,345.7250,289.3500,296.7310,348.5900,314.0210,243.6590,171.2600,150.8200,182.0460,175.1980,111.6030,119.6770,138.9520,93.1599,83.4910,117.9430,121.5510,85.2986,46.8950,37.1841,45.4136,113.0150,173.9790,211.1210,118.6990,82.0992,114.2300,92.3225,64.4372,65.0823,101.4070,41.0138,37.9680,155.6650,127.8640,164.1030,42.6134,25.2148,87.6619,75.2262,65.1689,48.2347,26.8633,42.2775,56.2329,76.0803,82.3853,58.2890,68.5885,84.1839,125.4050,123.5440,128.8920,87.2453,90.7919,82.3425,134.5260,162.9510,129.4990,68.0345,35.8281,18.1552,61.1997,74.7111,103.6840,71.5366,49.0830,32.2626,37.0105,57.3152,73.3603,46.0781,53.2225,40.2712,47.9407,53.0208,62.6844,86.3993,76.6767,56.9460,24.6983,61.6100,43.6810,92.0045,133.1280,70.0865,91.8651,22.9548,38.9646,55.4963,83.0601,43.5044,31.1629,23.5075,48.7019,69.3413,73.1079,66.8851,93.1164,55.6414,80.4700,42.4949,48.6773,43.3791,55.0945,77.2144,39.7167,18.7553,58.3944,62.9254,56.4417,35.1921,69.6634,85.2086,71.6767,55.6195,17.4638,61.4033,118.5740,51.5414,124.7890,107.2730,53.8959,115.5530,107.9060,120.2160,213.4110,154.6400,141.3460,41.7808,55.3219,31.5561,16.3877,22.7824,18.5985,55.9649,56.7224,69.4428,96.5412,136.2880,153.3510,179.6820,156.4690,154.8390,95.8532,62.1637,45.8603,45.4048,22.2489,30.0187,39.3448,65.0983,85.1897,70.0819,69.8169,43.7561,21.5258,45.3630,79.5355,81.5315,21.5332,59.8787,69.2247,26.7577,50.7336,28.3435,20.6905,27.4614,35.5353,23.0841,46.6932,72.6311,65.7432,70.6535,94.8818,118.0190,146.7080,121.6920,124.8160,84.3603,165.3610,115.9380,35.8388,119.6330,255.9270,217.5580,146.1320,51.4183,21.1754,36.2839,61.2872,74.8001,103.1580,86.9931,71.3150,28.1327,95.7765,103.6560,94.2174,62.6061,56.6306,117.1450,122.0120,86.6597,77.7160,105.3190,91.3645,65.3059,23.6549,64.9339,55.1795,69.1746,199.5760,212.0990,251.5230,231.1790,189.6250,141.2320,107.1630,45.2716,62.7021,113.3550,165.1820,239.0310,172.9680,70.1347,63.3589,87.8147,72.2006,106.8310,150.6460,173.2570,127.5820,117.8280,201.3430,120.3780,199.6010,145.6200,248.6600,187.4730,95.6364,208.9000,87.5255,32.7042,63.5099,149.3460,64.3502,92.3502,274.6520
97944.3000,88206.6000,72055.5000,58708.8000,48510.4000,36663.1000,30639.5000,23840.8000,19079.7000,16042.3000,12768.7000,10029.8000,9114.4800,7672.9700,6722.8000,6709.6300,5789.4500,4903.3400,4034.4800,3439.3500,3294.8400,3637.1400,3866.7500,3254.6300,2405.1500,1905.6700,1854.4700,1951.7900,1708.6700,1364.3900,1062.9400,710.8060,526.3570,469.6780,307.5980,180.2590,123.2740,232.1220,278.4800,345.8300,296.2120,104.9860,91.4171,114.0220,107.2200,67.6296,38.9587,129.8140,198.9700,305.0180,317.1620,230.6290,131.1420,77.3533,150.0630,196.1120,183.5140,139.5380,93.7530,86.8029,116.7980,134.9570,25.9700,104.1560,164.5170,219.4900,251.6840,166.6900,70.8126,125.4330,225.1600,287.3940,320.0380,334.9100,296.4460,223.6370,204.8510,195.3360,180.7270,176.6530,215.2220,162.8580,107.1700,97.7111,93.7642,95.3593,138.4260,168.7760,185.9870,199.6050,131.7240,59.2145,134.4490,176.5810,119.3070,103.7970,147.1150,170.1190,122.8300,158.9440,288.4890,295.4630,196.1790,85.2358,136.0210,165.0760,175.1700,40.3827,77.1549,117.8340,88.8288,136.1070,217.2410,253.0600,277.5330,287.4210,284.9790,250.5360,112.9590,83.6637,176.2310,110.4160,159.5550,169.0960,274.4220,189.5530,133.4120,124.7710,153.8020,132.8600,78.8946,36.9537,34.5378,62.8381,66.6124,104.4290,123.5730,117.5920,101.4420,102.0540,74.8920,89.3460,172.7320,164.5280,129.4430,162.1660,165.0610,169.7140,113.1460,70.8102,49.2490,28.9396,16.9515,44.7558,54.8437,60.7293,37.0044,44.8926,60.7555,110.7500,46.1158,30.0057,116.6620,75.7398,93.9643,68.5302,46.3493,51.4796,20.5719,40.7103,17.5292,35.6140,22.2914,45.8158,93.2418,171.9300,188.1660,157.7230,142.0060,83.2853,78.8483,80.6011,103.0050,102.0840,123.9810,117.0020,106.4190,102.1410,108.7880,64.8926,61.2464,51.2550,84.0713,74.2934,89.9939,148.3490,199.7430,214.2770,207.8960,81.3210,55.4939,125.0740,136.6660,84.0270,86.4359,110.1540,89.4550,64.0827,73.6068,79.9036,114.6560,97.0196,99.0087,100.0870,85.0560,94.6772,120.3380,163.1490,206.5510,194.2010,167.5040,107.5260,105.6790,188.3510,226.6890,194.6130,173.0600,155.7280,97.9003,50.1076,23.2221,78.4637,96.8196,102.1670,47.1408,108.8670,237.5320,173.2440,97.5652,115.3770,163.8370,210.1880,137.6240,55.5637,20.0702,50.7322,130.3340,131.3650,137.0720,87.2911,144.7240,173.8180,117.6800,69.8121,96.1322,113.2290,91.8288,79.7314,98.0146,119.0340,133.4480,131.1010,151.9380,170.5690,166.1590,147.5000,109.6360,55.8301,59.6022,96.3018,101.7110,70.0141,42.8049,28.7632,34.4998,35.2714,49.0637,30.7009,20.7980,44.9564,45.4482,49.4417,12.4955,22.2573,67.3167,79.2007,111.9190,84.8428,91.7273,88.2678,44.1180,24.1780,67.9106,71.5615,93.6061,37.0015,19.2109,17.0687,38.8004,34.2243
97933.1000,88238.1000,71727.9000,58142.1000,48305.7000,36573.5000,30527.7000,23852.7000,19334.1000,16267.9000,12693.1000,10005.8000,9137.5400,7416.4800,6008.6700,5435.1000,4084.5400,3194.2300,3327.2600,3206.0100,3505.0400,4265.1500,4613.9100,4469.8500,3543.2000,2430.7900,2058.0200,2073.0700,1894.2100,1516.6100,1252.7800,1202.1300,1079.4200,651.0430,279.0120,109.1040,192.8890,331.3650,387.7120,380.4360,354.7990,323.8080,258.1150,187.2230,205.9850,269.3030,317.7150,333.5960,315.0840,301.9690,276.1100,245.8650,215.0160,257.3920,296.9290,267.0120,216.2570,135.0120,35.8343,98.7357,114.6280,93.1519,72.7791,116.6700,142.8780,114.4580,53.8746,59.4280,78.4122,103.9580,133.1440,131.6810,145.7220,143.1580,123.7230,95.2045,62.9801,24.7340,16.2207,28.3387,29.2898,35.4178,28.6076,33.3374,33.7585,35.2831,42.2297,26.1879,22.0730,51.6073,41.8721,46.3392,34.4034,39.4646,78.3550,82.0198,99.6043,72.7114,85.8745,38.8706,70.5287,86.0934,104.4310,85.6956,38.5351,39.2821,79.1941,55.1346,29.6703,4.3079,27.5069,31.6192,54.9214,60.0074,79.4543,82.5953,59.3730,47.9680,25.2442,22.2041,23.4096,11.9717,12.1306,39.2591,48.0313,66.5935,47.0970,95.5877,63.5672,51.1375,31.1439,44.1659,62.6322,15.5532,33.9331,86.1151,85.9054,51.4486,54.6716,59.6037,57.9059,23.5491,60.4775,105.9820,97.2431,43.7671,16.0701,18.5443,21.9749,23.8393,31.5985,7.1571,15.9342,40.2750,37.2801,42.0921,82.3654,37.0301,46.4755,59.0914,56.2674,13.9836,32.4660,77.9130,55.0030,52.4119,33.4906,50.8423,49.6260,30.9108,47.3555,76.2371,113.3630,69.8712,69.2754,33.9088,45.5105,41.9252,56.2314,76.3368,101.7120,59.0335,37.8724,42.3584,75.4160,124.9880,92.5242,85.8879,59.9817,26.7158,21.6393,58.5691,74.5852,70.1433,78.1629,94.9953,108.7720,63.7726,48.9579,55.1609,68.0643,54.0867,34.0347,17.4092,10.8030,19.9848,45.9716,50.7328,79.4219,53.0863,69.5189,24.3537,46.2816,97.3333,83.2457,80.6749,35.4923,25.0532,16.2962,26.3435,48.1366,99.0834,86.4347,81.9845,52.1498,73.0974,75.0661,82.2793,65.4663,26.5896,69.6021,117.8950,114.3960,101.0300,75.9060,62.0845,28.8074,55.0867,89.4700,53.6083,19.3822,45.2321,33.2200,64.3549,106.7330,156.8180,57.7786,78.7457,106.4320,75.8455,67.5599,30.8713,41.8063,40.1060,29.5006,63.6901,67.1780,110.5530,105.6610,99.4765,85.3007,81.0373,77.7464,70.6523,28.9261,63.2595,133.0730,79.3459,37.3016,75.0958,88.0030,82.4695,61.6732,52.1394,52.9928,54.4246,59.1446,72.0489,91.4459,104.8990,87.8844,87.9176,63.7466,46.5350,56.2571,53.0555,43.8132,44.7500,39.0652,24.2679,33.4363,64.2856,74.2485,72.5866,68.0563,51.9217,44.9109,76.2789,103.5070,89.2313
98474.4000,88719.2000,72583.8000,59170.7000,49058.6000,37058.2000,31081.3000,24485.6000,19692.5000,16697.1000,13488.5000,11217.4000,10617.3000,9554.0000,8807.0500,8723.7400,7879.0400,6927.2000,6454.1400,5420.4200,4444.4800,4654.3900,5341.8700,5740.6200,5387.6600,4488.7500,3742.0500,3704.7100,3360.2200,3013.5400,2216.6500,1975.7900,1817.2200,1347.6900,1120.6200,1030.6400,878.4320,795.7240,661.5880,540.6780,372.7370,249.7090,324.7440,490.3200,571.0790,544.0610,567.2410,622.3930,588.8840,510.2130,443.9260,414.3120,410.5320,419.2470,400.5950,320.6750,238.4320,243.7200,298.2600,293.5450,292.9600,266.5710,251.4960,226.8830,215.5830,168.6280,102.8030,80.1272,62.6992,48.8718,51.2542,48.7567,63.7586,104.0750,121.4220,113.1310,87.6271,53.2946,55.8563,23.8752,57.0729,52.8738,62.0698,82.3106,106.1170,99.3749,76.4715,58.5783,65.6674,61.6102,51.3396,20.7163,26.7233,50.4902,32.6163,26.1081,11.4903,33.2828,41.9697,59.7518,34.2620,64.9131,55.2576,64.9391,38.3503,19.0423,26.2234,30.4653,23.0888,21.3122,15.3096,28.4772,37.9155,67.8784,67.4303,55.1643,26.0669,30.7408,42.8683,24.8020,22.1200,29.9420,25.1893,57.2826,62.8712,37.1387,15.2312,26.0877,36.3452,36.2838,25.0145,35.3080,20.4067,62.2341,43.8230,49.8460,17.6187,11.2040,30.3639,40.1395,64.7905,31.6580,23.7650,21.8224,31.3947,11.5566,11.9399,15.3370,28.1823,7.3747,5.9546,22.0513,44.8711,31.4000,73.2009,42.7735,69.4229,24.1480,12.1756,46.4231,47.2785,48.9118,45.7699,13.3412,28.2557,86.2307,46.3717,68.9567,67.1337,55.7158,77.0921,25.9876,15.0927,8.4259,22.5878,20.1510,34.9192,58.2291,78.1150,77.7969,58.8675,50.0489,50.1184,56.1141,31.6809,19.3722,29.1301,21.2115,13.5645,25.2201,45.8760,42.8636,30.8864,32.1198,36.6061,36.7582,26.0426,12.3186,13.0831,17.0134,13.6925,31.5946,60.9022,50.6871,46.0785,98.2009,105.9050,87.4915,49.0214,35.6086,38.0828,37.0029,48.9408,67.2366,74.9633,88.4203,72.2669,46.4233,29.4792,18.5335,11.9033,22.7405,40.0676,91.2084,85.4362,80.6124,82.3688,91.3206,72.4827,67.5725,81.5968,67.0174,51.3575,31.9700,33.9046,31.7902,42.7490,70.9820,64.9588,62.7692,45.5811,32.7609,39.3462,58.7426,88.8002,62.2432,64.9310,28.7555,56.7832,47.4503,35.0626,46.1524,62.9365,40.8328,50.2652,77.6499,76.0575,73.8302,72.2822,49.2688,30.3002,18.1859,26.2107,28.3575,22.1150,35.6355,58.0098,101.5820,84.7767,44.1886,27.2562,51.2279,59.4251,72.0020,62.5818,42.9009,32.2984,16.6739,10.0656,24.4134,55.6384,54.0186,38.0213,18.7502,20.2583,34.0209,31.7400,25.2876,22.5382,25.5326,37.7157,58.1286,40.6799,27.8468,30.9284,53.5405,70.5376,59.0715,82.7282,131.6770
97983.3000,88336.9000,72141.9000,58613.7000,48353.1000,36478.9000,30331.5000,23503.3000,18713.5000,15607.0000,12294.0000,9912.0400,9356.2200,8260.0500,7034.8200,6352.2900,5113.9400,4435.8400,4423.6300,4197.0900,3889.2000,3311.8100,2735.9700,2610.4600,2295.5700,1384.6700,822.3950,733.4570,1337.0800,1631.1700,1370.3600,974.1360,670.2720,593.8280,226.1590,238.7370,372.1420,337.1350,395.2720,483.8160,397.1870,311.9550,336.1980,351.3850,243.9670,134.8190,211.7200,292.1000,270.6220,219.3530,173.6580,174.0210,197.9440,229.3250,214.7980,167.0020,157.5930,196.9570,227.9720,261.2030,292.7200,253.9290,205.9880,143.3970,127.6370,141.4870,168.6890,151.9680,110.4930,114.8440,137.5450,119.0520,76.5896,77.6148,110.4740,115.2820,106.0850,73.9413,32.4204,32.6492,62.6409,62.3538,33.7248,22.7303,13.6671,11.1358,24.7980,40.1608,39.5210,34.6289,23.5153,7.7413,12.1922,21.5723,26.3105,23.7447,40.5910,83.3437,95.4565,80.1825,72.8619,41.1050,26.1257,19.1363,19.1210,7.2427,20.5019,18.4454,27.1861,11.1948,13.0622,10.0152,7.2864,12.3759,12.1083,28.2324,25.0266,27.0204,26.3349,21.2027,20.5972,37.6826,38.5113,42.0123,17.6591,7.9873,19.3046,40.4547,73.4296,72.2072,60.1214,51.6642,41.8139,16.3487,6.2324,8.5846,15.4550,23.1230,21.7305,22.5228,31.3455,18.2522,18.7872,36.3385,33.5781,21.7058,17.8151,21.4362,18.4643,6.1056,12.0824,8.1283,11.6635,30.4234,20.0414,15.4528,17.0324,20.3365,20.1508,23.5566,24.2649,21.9484,23.5713,25.2768,27.2980,27.3379,16.0215,11.5130,16.1957,21.0242,20.1363,14.2896,12.3456,25.8993,17.6569,21.6040,10.5995,11.9901,32.0820,31.8301,28.9438,20.0500,22.4848,25.8066,42.8687,63.2373,56.5278,50.8910,46.5820,43.5988,15.5988,8.9814,11.3712,20.1847,39.3009,31.7412,23.6526,16.5149,23.9385,23.2330,26.0584,48.8097,42.6816,45.3521,33.4300,38.0263,27.7536,15.5929,18.2560,27.0224,31.0768,30.0697,40.1323,43.4772,48.8253,75.7581,81.3239,85.7800,39.1474,19.7151,48.2418,57.3738,39.0653,31.0123,43.0825,79.5125,59.6697,58.4537,33.7717,28.5312,34.0454,37.2016,40.1882,42.0350,11.5231,19.9529,34.1328,44.5779,43.2464,26.7088,15.4077,22.0261,24.4454,23.5486,27.0350,30.9388,16.0816,25.8089,29.0710,37.7918,38.8968,19.8669,8.1190,7.6431,17.6609,32.8072,24.8402,26.7396,49.9076,53.4554,58.2815,63.8504,65.8120,55.0742,52.1018,73.1885,84.8456,65.0598,37.7028,32.8100,62.3327,75.1676,63.2365,42.7041,28.4350,17.8537,15.9234,23.2294,21.9960,14.1291,23.1110,31.5462,39.6498,41.0658,30.9079,18.4189,37.4774,18.4795,21.4761,27.1554,36.4378,20.5310,23.4078,38.6000,51.4733,47.0885,17.7858,15.2740,45.1238,95.8835
97971.5000,88356.4000,71896.5000,58262.9000,48350.7000,36515.7000,30551.8000,24046.5000,19295.3000,16533.0000,13550.7000,11350.3000,10786.8000,8900.7700,6904.4100,6223.3400,5413.5000,4748.4900,4495.4900,4235.1800,3773.5300,3382.5700,3202.7300,2900.5500,2615.4600,2479.5000,2107.0400,1418.0800,1190.0500,1368.3300,1265.2500,1012.4800,843.8530,849.0330,852.4610,614.8970,530.9240,603.4880,484.9920,441.3920,484.3500,407.6920,384.5360,329.5260,278.8910,318.0240,287.1620,229.1570,225.5440,231.9270,253.5360,247.1320,271.6220,283.3130,288.0810,229.2120,162.1750,156.2150,211.3430,254.2520,247.8900,210.7550,137.3230,42.1582,60.2961,98.6084,119.8370,102.3160,68.6777,77.5913,138.4530,186.5380,157.6230,119.3320,91.7897,81.7754,87.5729,88.5505,76.2411,40.3442,32.9415,52.6990,46.8161,51.7921,41.0801,43.6152,45.0390,48.5894,49.8162,40.5914,37.1204,17.8571,23.2722,11.0673,10.2087,23.1735,29.6329,38.1127,48.9525,42.8231,31.3282,21.1412,21.6474,21.1092,22.8101,21.1749,17.6633,18.8508,28.3051,39.5737,51.8374,67.0450,72.2238,43.6172,23.8736,7.7004,22.3203,34.7294,41.5096,55.6508,49.6142,25.3862,14.3556,21.0336,28.0140,35.7180,46.2949,43.0445,33.6951,19.8816,32.9533,36.3172,42.2137,36.4412,10.5186,5.9783,22.3107,18.4837,16.1089,14.7179,18.0715,24.2614,30.6306,16.7740,14.6652,20.3782,23.3472,31.8734,25.1798,23.7462,21.6086,25.1762,28.6914,28.5665,35.9870,37.4437,26.6904,25.3905,11.6476,18.4584,31.4148,26.9386,16.2323,33.5633,33.5596,42.8086,28.0961,19.1345,25.3048,27.2669,21.3521,17.4806,16.9556,14.2311,18.3304,9.9554,7.8647,30.4952,31.0631,32.2013,22.9363,28.2992,22.4457,32.8701,19.5336,31.0160,29.6204,29.2797,40.2276,31.3485,29.1922,20.0694,22.3186,36.2399,37.9863,39.7095,40.1411,48.7241,32.8392,19.0176,17.2894,31.4914,23.0074,25.4937,33.0728,56.6426,45.8680,53.3408,63.8009,79.2333,49.4372,35.0419,28.7473,48.9830,44.7036,90.4666,79.6338,75.2824,71.5854,57.0624,36.1025,44.6753,40.3699,39.8473,30.2571,54.6942,57.9432,71.3115,54.5784,47.6039,44.0765,43.5905,29.7289,38.1056,37.6568,32.1515,10.2890,9.7087,20.1756,56.9632,60.7761,53.8675,40.9378,15.3510,17.8572,41.3290,65.1745,44.5436,33.8044,9.5756,10.0136,13.6193,21.7495,25.5427,23.5435,25.1846,19.4218,11.8676,25.1211,58.8962,53.9758,35.4964,18.8982,27.5422,46.4904,72.2147,99.0631,113.8600,71.9550,45.5219,10.4019,18.8917,23.3536,18.5057,20.5939,29.8628,14.6450,25.0803,34.0284,59.0690,36.3221,38.1365,15.6119,25.2979,20.7464,18.4555,25.4612,28.9358,26.6884,16.6957,17.2377,37.7836,50.8589,50.3574,45.9109,48.9368,22.7588,33.6788,83.6787,121.3600
98308.7000,88672.8000,72482.1000,59071.6000,49201.9000,37453.3000,31474.6000,24855.4000,20590.7000,17863.8000,14338.8000,11743.9000,9615.6000,6534.5500,5506.8600,6387.8600,6128.3900,5639.5400,5925.1100,5922.3900,6053.4900,5808.4700,5531.8200,4732.4100,3911.6700,3531.2600,2917.4800,2725.2200,2420.9200,2217.5800,1727.5000,1428.5400,1419.6300,1195.0500,1045.9600,952.8360,819.1800,654.0080,567.5620,600.1170,673.5590,644.1080,415.1650,210.4460,75.2721,242.8680,357.2270,371.5360,332.1860,272.2910,250.6010,275.1290,291.5620,310.4280,284.7560,234.9710,216.0610,233.9230,256.4870,252.1820,230.7990,184.9900,153.8730,169.4110,180.4570,161.1560,145.1400,123.2940,98.6386,92.0256,76.1043,85.2786,116.8470,127.3460,141.0030,138.2390,120.4220,60.7122,17.8978,23.1321,46.3709,59.1278,34.6249,12.5593,7.4059,18.0767,40.6516,67.3824,67.7232,60.0264,50.8973,49.1365,39.7960,14.8446,28.0419,47.2059,37.5702,50.3607,79.6381,55.2938,44.0810,20.7673,43.8404,41.4016,50.7252,30.9304,19.8767,10.8735,7.8257,13.3537,17.1041,24.6273,36.7662,43.5245,45.8080,32.3918,24.6653,24.5659,29.2831,36.1780,36.3451,18.5378,26.0975,26.7549,36.1736,13.3533,9.2919,20.1648,32.7171,25.3769,9.3932,16.5333,14.5422,19.2683,10.7637,15.0334,14.9937,21.7151,25.5952,18.5804,16.9106,25.5151,25.7061,17.0548,14.4939,24.1561,21.8726,15.4450,9.6133,10.3504,32.8577,53.0653,41.6654,32.4173,29.7215,36.8943,41.1508,27.6023,17.2220,13.2116,9.3403,8.6457,10.7339,30.3417,35.8210,36.2293,29.6153,29.6346,30.9380,20.1833,19.0634,29.1245,37.2610,33.0751,22.8763,7.0522,13.9605,19.3416,26.7462,33.0497,39.7122,34.0432,13.4432,10.9141,12.4045,21.7257,34.3577,41.5936,31.4763,32.1115,14.4448,17.2649,16.1943,14.3379,9.4708,28.2417,55.7607,52.4462,52.9469,27.4519,15.7739,30.4415,41.8191,54.5287,59.2052,59.5173,53.1417,37.2766,24.9895,24.5498,35.6202,49.5211,66.5062,82.8305,91.6371,94.9715,92.3758,70.0703,43.8520,38.0163,52.0295,51.9109,35.5005,38.7869,33.2538,15.3793,11.0439,16.9383,36.7625,28.9896,21.7737,10.1660,18.4366,18.4773,43.4812,59.4211,72.4231,65.2037,59.1368,42.7663,33.9094,37.7089,36.4847,36.6253,39.7300,46.9627,37.3041,22.6927,12.5431,19.9324,26.8391,22.8580,17.3583,24.1118,35.2322,50.4005,64.7563,46.3651,30.3757,33.7376,34.7780,22.5282,23.2736,42.9987,61.4544,74.5933,83.8409,68.9209,50.8846,31.8769,21.8549,46.4488,54.4062,44.4488,28.2255,22.7670,22.7960,19.8233,13.8387,12.3796,22.7939,29.4881,11.8946,11.5148,23.7763,20.9815,23.6044,15.1085,7.6861,18.5784,44.5811,48.8288,50.3900,54.9365,67.8540,59.1589,22.9119,18.2523,53.1752,114.7820
98387.9000,88613.6000,72487.6000,59016.2000,48603.9000,36410.9000,30343.8000,23656.0000,18344.2000,15194.5000,12526.8000,11969.3000,12330.8000,11380.7000,9169.7600,7326.9900,6271.9400,6358.3400,6417.0800,5913.4700,6343.5600,6000.6800,5808.0400,4623.1000,3687.1300,3000.2700,2703.6200,2645.7200,2375.3500,2219.0500,2043.4300,1784.0800,1223.4100,676.0960,296.9690,250.4550,311.0230,255.8490,337.1580,494.2920,469.9750,431.1270,385.3430,351.1710,331.1480,356.5590,370.0860,299.1080,223.2230,152.9460,121.3720,151.8630,181.0020,201.7180,189.3940,161.4660,113.0350,122.7760,152.8780,104.4140,59.8188,56.3981,134.6390,190.6650,200.0770,188.2970,156.7850,144.2080,147.4730,174.9370,213.7800,196.2390,168.4860,157.1610,127.4830,112.9940,107.5480,101.6310,79.4497,66.5465,74.3872,77.8851,57.4865,31.5657,14.5805,9.3522,9.3963,17.9347,15.9881,50.1393,51.6505,63.2264,43.4823,19.2367,24.5237,48.4320,55.2516,54.5037,52.2981,31.7114,30.6368,41.5137,48.2397,58.9833,79.8219,86.2157,56.2541,45.9231,12.6644,15.0895,16.2152,33.0152,26.7957,32.3180,26.1326,12.3258,6.0178,7.1612,6.6640,9.1352,15.2125,27.7559,27.9956,15.0476,8.1252,20.1300,17.1612,17.7304,6.4147,13.2402,30.1270,20.9717,16.9716,18.5966,28.9546,24.5888,16.9587,16.2450,22.4774,31.7264,25.9058,22.2786,30.7837,38.7042,48.3474,56.9785,46.8678,27.4475,23.4887,26.4536,28.6962,24.4338,15.2002,14.1850,16.6979,22.4783,15.7273,9.2200,21.7377,23.8314,22.9890,17.8301,27.3916,18.4693,14.4738,32.9248,35.1758,41.6258,5.1639,22.9997,36.8656,35.5057,10.9096,12.2378,37.3989,38.0283,39.6189,46.0073,60.1853,49.7384,25.0413,10.3764,28.2744,31.8604,36.9183,41.9146,58.6560,41.4072,20.0367,10.4180,10.8939,6.5376,11.0556,12.9186,12.5303,10.2448,12.7356,22.6242,33.1220,27.0101,24.6599,22.4594,43.1252,44.1913,47.2050,45.3398,50.5576,49.9541,45.3802,41.5019,32.5407,12.3797,13.8705,29.9065,45.0720,54.3046,47.1210,38.3428,33.9786,23.2673,15.5497,21.4110,34.1161,52.2440,52.4783,58.5693,57.9412,56.4598,29.2837,33.4262,67.9745,51.2834,46.2504,14.0851,22.7969,20.8054,25.2213,31.0763,38.1023,35.9416,29.6837,25.5894,20.2978,15.6748,15.1902,18.7723,24.3210,19.2227,27.8646,20.2452,23.3688,15.3875,10.8321,22.4628,35.4467,54.9662,64.5126,57.9139,43.4706,23.7743,11.3103,19.2371,28.4085,39.6196,56.7019,75.8745,83.5515,56.3082,26.3589,16.9669,36.9178,30.6649,21.7335,24.1539,28.8769,26.2329,8.8940,12.0935,20.5787,14.3380,6.6013,7.9459,19.8281,24.8662,28.3000,26.2472,39.5227,40.6050,43.3657,30.4469,27.4256,32.8057,32.4526,37.9303,48.7016,55.6129,29.1925,29.3410,57.5399,77.4253
97731.4000,87992.1000,71536.5000,57801.3000,47466.8000,35358.5000,29189.6000,22432.6000,17046.4000,13707.5000,10645.1000,9991.0500,11299.7000,11177.2000,10287.8000,8793.7000,6682.6900,5826.6900,5581.4900,5016.4800,4456.1600,4027.7100,3798.7600,3345.6800,3272.9200,2698.5000,1734.7800,946.4720,502.9150,474.5210,615.7970,698.4630,603.4560,256.2950,138.6180,139.5770,79.7295,86.9467,134.3450,157.3910,224.9110,193.0370,294.6800,253.4800,236.3740,240.9850,262.0030,202.3970,148.3820,148.9800,159.0920,157.2730,126.5510,82.8216,28.4557,33.2780,81.9771,101.5130,72.0807,38.4056,14.4785,48.0043,83.5159,117.7810,128.2800,126.8560,111.9880,76.6978,55.2560,82.2824,113.4820,111.6530,98.2767,80.4272,71.3036,83.1810,108.1090,85.8333,53.0273,27.0085,11.3044,34.0147,46.5655,49.9692,48.9647,48.9627,47.8838,69.4166,68.8917,50.3078,36.0624,16.1489,36.2125,65.7562,65.1659,39.8066,23.9437,15.6067,24.6912,39.3105,48.2704,57.1911,66.7336,58.1555,31.5949,14.8610,15.1795,16.2652,19.6816,36.7937,41.6453,46.0005,40.4964,36.2819,27.8463,21.9066,19.6794,23.5604,28.6394,27.1654,25.5010,28.2051,38.4672,47.7166,43.0995,50.4554,37.6435,21.5908,12.1773,3.1386,9.9988,8.8395,7.6000,5.9454,13.9003,25.0742,34.1230,39.1471,37.7382,43.4416,13.6046,26.3258,37.0655,52.2701,48.9100,39.0873,27.8906,31.4614,41.4471,45.7229,32.4677,28.7255,22.8976,20.7781,25.8964,23.4928,14.8372,10.1493,15.4855,4.8610,10.6316,32.4926,32.0410,20.3897,7.0139,6.9272,13.5277,23.3018,31.6417,38.0179,24.5269,28.3591,56.6438,46.6908,40.2007,13.6740,35.1729,41.0466,53.9820,42.5406,20.1043,16.7986,9.9775,7.4235,31.9403,38.0373,51.9573,50.7726,34.0388,39.1534,20.5183,15.1474,9.9416,17.4628,21.5759,16.0039,12.7494,10.7340,11.2450,13.3824,20.4398,41.9751,50.1536,68.6307,84.3222,71.0579,51.5151,41.6634,39.1841,33.9466,34.7492,43.4383,32.8236,27.7777,48.8904,80.3354,81.0879,75.3838,52.4231,21.8590,12.4475,13.0275,8.8260,15.1654,13.5528,23.9499,41.4785,75.9469,66.5867,46.0364,44.6144,55.9759,73.6113,90.9038,92.1047,43.8933,30.0796,21.4714,34.2444,43.3210,34.2456,26.2335,21.6443,23.5233,13.3534,13.2684,21.7862,20.5225,15.9541,23.8957,30.3037,26.9181,21.6543,18.7453,13.6930,13.0486,17.5290,14.0618,13.2480,28.9080,34.4326,24.2682,25.2955,50.1426,64.7380,72.3645,60.6470,37.0370,21.3781,23.5652,30.2602,27.7421,33.3506,52.3199,62.6222,68.3486,60.4246,40.7215,23.0356,10.0179,6.6222,20.0785,37.6141,35.4016,31.5264,25.0872,29.4960,45.9066,47.4766,27.6467,27.5231,38.3484,41.0643,41.8425,47.6772,35.8062,33.0385,68.2393,106.9810,170.6630
98410.2000,88661.3000,72353.6000,58819.8000,48730.7000,36675.8000,30648.4000,23990.5000,19101.6000,15899.8000,12291.4000,9620.0400,8343.1200,7374.4000,7597.8800,7746.2800,6424.8400,6492.6600,7321.3500,6654.7700,5953.2200,5015.5100,4165.7600,3266.5700,2757.9200,2427.9700,2337.6000,2282.1700,1848.6900,1531.2100,1282.2800,1173.8800,883.2750,474.1360,248.6020,306.2920,437.1770,375.5360,315.6380,360.2110,355.9700,297.4360,246.3170,254.9110,238.7480,208.4140,224.0160,206.1460,159.5280,120.4710,83.6030,79.1823,105.2470,126.0580,147.5980,145.1570,82.3936,37.1537,54.8638,104.6650,151.8260,206.3730,249.6110,255.5780,222.0980,195.4140,200.8720,234.0880,254.7760,270.2860,243.3530,172.6410,149.2370,149.6650,114.4500,83.7848,59.0148,67.1183,64.2272,81.2880,87.9988,54.5835,43.9815,9.9695,30.5010,27.1130,26.6569,29.9213,32.8999,17.1841,12.4631,18.2148,28.7782,24.2468,16.7439,19.6097,35.7939,64.3017,70.0590,78.0781,79.6259,61.8933,45.5045,32.9797,25.1885,17.6735,14.1099,20.5200,19.5521,18.8016,13.7331,32.7682,17.3975,23.8208,13.0842,18.7730,6.7935,17.8522,15.3970,7.8620,17.0105,33.4545,36.7633,18.3313,9.1090,23.6626,28.0966,22.2842,8.3013,33.3263,27.2245,21.9697,15.3509,9.7172,25.1356,36.7824,48.4519,37.9350,16.5449,11.6976,21.7691,12.3300,17.7504,9.1608,9.1657,10.3130,18.6531,21.8200,21.3915,19.9570,5.0908,5.9984,16.2609,11.5905,15.0004,16.3341,12.5743,22.8397,34.5724,18.2826,8.0296,14.0972,12.3093,5.1135,14.7678,18.9810,16.9297,7.2076,13.8907,20.5448,15.5585,16.4577,24.1414,26.3685,27.9921,14.4191,13.3107,14.1102,18.8456,7.7331,3.2459,7.7959,14.7977,33.6936,37.3731,38.0207,27.6634,19.6301,14.4122,14.6330,14.0773,17.2683,23.6161,29.4998,18.7165,16.6538,30.4458,30.8460,29.4221,19.2004,14.1046,11.3650,20.0730,24.9679,47.7171,30.8374,16.0777,17.7647,29.6681,30.2302,18.4963,6.2887,11.2105,26.2517,47.9394,82.4407,79.1595,52.9957,35.6532,21.2400,25.5551,22.3689,20.9620,19.7286,40.8661,68.2547,53.6392,43.6368,23.6699,45.9497,83.5209,124.1550,129.3550,119.1550,113.2880,101.9460,78.0287,74.2913,70.1343,61.6921,56.5880,52.7333,30.9085,30.1352,32.5188,40.4657,43.9720,28.6154,15.8059,23.5919,21.1432,25.9979,9.5427,4.5678,10.2593,32.1728,33.8221,31.2440,26.2729,22.3250,24.6739,29.9815,24.4314,39.8429,63.3747,59.7836,54.2243,42.4167,40.6577,30.3397,23.4901,21.2841,20.7047,12.4003,13.7747,16.3153,13.0382,14.8072,34.8569,55.4180,39.2255,25.2870,40.0672,53.4717,60.8893,50.1896,21.7679,19.2666,40.7205,32.3957,50.0825,34.5152,33.4225,39.4239,57.4540,60.3791,34.3996,22.2226,41.1760,86.4196
98700.1000,88939.2000,72921.2000,59557.0000,49184.3000,36919.1000,31038.6000,24600.5000,19345.3000,16592.3000,13969.9000,12320.4000,11697.7000,10980.9000,10351.0000,9622.2400,8042.5300,6818.6800,6186.7600,5786.5200,4484.7500,3661.0700,3068.0500,2550.9100,2256.0900,1750.9000,1325.8800,1290.5800,1177.0500,996.4690,990.3440,953.0280,741.9510,492.7870,386.4330,471.9250,481.8720,406.7830,270.2920,147.2950,162.8020,269.5060,316.9850,295.5580,297.0130,302.4660,337.8170,336.5940,250.9200,170.6720,141.1420,156.1950,163.4390,181.0160,184.0080,171.4050,127.9090,83.0230,33.1587,52.3457,103.9650,185.9090,263.0380,292.9230,268.0470,237.2490,202.8560,181.1630,191.9500,240.5040,261.0860,231.5540,189.7130,161.4730,133.1680,134.5540,137.8860,109.7740,76.1526,63.6562,41.6387,32.5698,46.2362,41.5893,29.3869,14.5844,7.9527,26.2954,36.8142,45.4300,41.0468,24.9426,26.6664,16.5365,10.5949,11.6444,34.2062,40.7962,56.6134,49.4467,49.8350,59.3002,66.4886,46.2336,30.3539,17.8975,3.2738,17.9656,13.1485,8.9028,20.9252,22.3787,12.1907,17.8104,29.0591,24.6071,12.4255,13.3273,10.3195,22.9404,29.1300,24.9349,33.0015,35.1306,34.0173,22.9763,14.2658,23.6359,22.6095,11.1864,20.5501,28.1549,33.7586,13.2321,7.2912,11.1556,4.4597,5.6447,15.6690,31.2386,33.8826,34.3132,36.9923,44.8378,31.1599,17.4774,11.7600,16.0726,21.3140,24.3013,10.8034,18.0501,34.4394,26.3542,25.7461,32.3146,26.8349,15.2434,13.5135,14.9015,16.4996,24.6915,30.0575,30.9399,36.8456,27.5981,12.3631,24.2948,28.2560,13.7907,22.7634,32.2734,26.6110,16.3511,23.9187,27.5003,21.2887,22.3503,31.9612,9.1197,5.6060,7.9355,6.7417,15.3722,13.0130,18.9870,29.4235,45.9193,26.5369,15.7229,12.2893,39.7573,34.5924,39.1374,19.2225,36.2678,36.8972,35.7918,23.3109,47.1760,32.3365,48.5541,19.2470,26.2759,41.7901,80.2384,50.6046,34.8461,20.5748,36.1915,63.6331,44.9247,37.2514,32.1417,32.6826,43.4186,52.9663,74.2958,60.6879,45.0302,71.3063,85.4329,99.2300,68.3874,82.1096,100.0430,92.6081,65.7421,14.5293,23.4128,44.3085,45.8350,42.9473,34.5511,25.0650,8.6656,9.0540,14.9805,22.6652,28.4237,16.0330,10.1641,12.2709,16.7284,12.0422,22.7640,31.3704,21.6853,30.9366,44.5658,35.5443,26.5118,6.8982,14.8713,30.4583,30.6426,48.6469,34.8881,34.5774,24.2771,22.0885,21.3909,28.7494,22.0650,22.3562,24.6237,30.4146,44.5659,52.6002,55.3301,48.6419,18.9750,17.0951,26.6054,40.5351,11.8979,35.4507,35.2111,37.3415,28.4070,31.9057,28.7571,22.0739,11.7452,12.5294,35.9956,37.0964,37.0875,36.2529,48.5161,36.1371,63.0615,54.9969,51.9723,46.7947,33.3167,16.0089,43.9557,81.3272,117.2860
97671.3000,88126.0000,71731.7000,58149.3000,48223.2000,36623.3000,30536.0000,23785.1000,19380.2000,16388.8000,12852.8000,10195.7000,9305.6700,7180.3500,5272.8900,5067.3400,5235.3500,6184.3000,6114.4600,5224.4300,3865.0700,2890.8800,2797.5900,2702.3400,2403.2000,2124.8700,1798.5100,1475.8900,1156.4500,920.9760,657.9460,420.0270,381.2680,524.9760,637.5110,405.8920,164.6060,138.8290,273.7400,361.0370,341.7350,255.4330,169.9600,228.1730,274.6150,276.0890,300.6840,361.5330,361.0140,360.8340,335.9210,305.0440,245.8400,220.4910,164.1340,111.0030,90.4882,68.5070,29.6102,104.6250,163.9550,215.9640,218.6180,185.6880,158.8020,139.1090,126.9940,126.3890,151.3940,166.7170,190.6600,144.9100,82.8828,70.3986,39.9024,38.0917,36.5540,49.3362,56.3898,66.8916,53.4525,39.8819,29.7190,30.7444,21.1376,37.1694,57.6401,49.0454,42.5486,32.0903,42.5624,30.5404,17.5829,24.4015,32.7794,35.9889,25.1570,10.0422,7.7810,6.8572,19.3469,26.5040,34.8567,14.7384,5.3123,5.9165,7.3908,18.4703,26.8890,26.4942,22.3254,32.1055,24.7005,34.9019,20.5526,13.2753,28.1838,45.4597,45.8009,46.9999,43.3511,49.1987,48.4268,36.6224,24.5440,11.3672,3.6981,1.9658,2.2198,8.9476,7.7145,9.8034,19.7135,46.3307,37.5454,29.1943,28.9390,42.8852,50.8724,38.3614,27.1741,19.8341,18.9623,21.0227,17.1707,40.6527,23.7447,30.4804,22.1905,21.2797,33.3809,22.0067,20.8281,18.6734,15.2410,2.3245,19.7635,24.0029,28.0978,16.4028,16.9286,27.2988,22.5856,21.3949,18.9752,16.2273,18.4482,22.3423,34.9219,32.3635,25.0712,6.2982,17.2950,26.6636,40.1145,29.4062,26.4918,14.3195,12.7901,29.3364,31.0879,34.6915,30.6749,32.6021,20.8077,13.6077,21.6693,34.4261,34.5432,36.7479,32.0412,23.6358,22.7605,15.3346,17.1961,19.1069,17.5309,18.4524,19.4282,17.1346,5.3286,9.6113,19.5775,32.4315,41.1093,38.7941,46.7302,55.6381,59.0900,67.0559,73.9254,54.3458,22.0484,12.6140,28.8006,38.7712,46.3928,52.9255,60.9845,64.4989,56.5879,69.8722,89.3294,93.4666,98.7525,87.1625,64.5068,55.4993,38.1229,14.9061,8.2054,5.6030,2.5587,12.3857,7.4566,18.4985,37.3851,36.7047,29.1519,17.4974,17.0428,14.4446,20.3926,27.7150,42.8762,52.8531,51.4832,44.4972,44.5882,50.3872,35.2026,21.8029,15.6553,11.7004,7.3759,2.9006,1.5897,4.0814,10.8842,14.6925,22.5913,23.5104,23.4908,24.9852,22.8756,23.8007,27.8757,21.0427,18.8714,21.9454,20.4764,17.9178,15.6586,9.8292,8.5580,22.3044,29.1333,32.2246,35.7623,42.5052,28.9807,21.5798,43.8566,50.1035,46.1306,38.1990,24.4677,13.6653,27.1315,41.6108,30.5550,22.9042,29.5065,24.8988,52.9718,45.6037,64.0152,62.6284,57.1957,54.6674
98354.7000,88728.3000,72416.1000,58918.1000,49125.2000,37322.3000,31466.5000,24991.2000,20389.2000,17683.4000,14638.6000,12299.8000,12038.9000,10624.4000,8869.1200,7548.7000,5098.3800,4152.2800,4742.6600,4726.0400,3798.9700,2441.3300,1648.4900,1923.2600,2467.9100,2589.3300,2116.4900,1520.4800,976.3170,691.4740,391.2300,209.7420,431.0660,485.6160,415.9350,311.9440,246.6120,198.7570,214.2150,273.8490,275.1480,228.6100,252.1070,292.3330,270.4820,251.5990,250.3020,255.7950,232.2550,216.7690,228.5460,225.7010,190.9160,169.2150,141.5620,114.5530,85.2032,74.8437,49.7643,117.2500,152.6690,181.4560,210.8530,232.3880,204.0050,138.0250,91.5526,100.4360,155.8050,180.8630,184.8280,142.1490,101.9270,87.2393,68.4988,57.9995,55.5006,44.6708,20.8930,15.9568,27.5186,50.1133,54.2943,49.3454,53.7137,41.9525,26.6618,16.6112,7.1421,23.1023,23.3428,34.0108,42.3880,51.2563,25.9348,25.0507,61.2461,59.1223,49.2782,20.1841,12.2346,17.3868,16.1915,22.7245,36.4699,36.5720,33.7197,27.2378,17.9841,15.2319,18.0989,17.7424,6.6007,14.9190,29.3705,17.5073,11.3460,14.4337,34.9203,46.6102,54.7556,62.7181,68.8922,68.5283,54.7903,45.1893,41.8892,41.9138,22.7217,11.4898,4.2285,5.4793,22.7532,23.6493,27.7398,11.8432,10.5724,12.6454,15.8052,12.5474,5.6525,8.3633,16.5643,21.6399,16.1711,20.1565,21.7175,36.1586,37.3799,35.1231,33.0804,41.3023,34.7004,28.0075,26.6460,23.6605,16.3533,17.4445,23.9269,20.6409,13.9394,5.3631,4.3965,12.3679,17.5132,18.6259,17.3568,11.2402,8.9100,18.4632,21.7056,36.1224,18.6418,18.7678,10.2012,16.0561,13.5123,12.9968,9.0030,3.7757,6.1423,10.2762,15.2487,23.9618,27.6205,23.4963,25.7515,35.5001,38.1408,26.5457,23.0152,10.1047,10.8855,13.9567,12.7124,21.4710,22.5922,26.4559,19.2635,13.9764,24.7855,26.7595,35.7615,43.8370,52.5784,55.4378,36.1997,23.8048,30.3786,25.2835,15.0680,9.3143,13.6750,20.6354,35.9093,57.6118,46.8969,41.4185,35.5384,26.5844,13.4003,18.8497,26.3371,30.5898,32.5782,47.0875,33.1237,33.0502,11.0713,18.1803,52.5287,51.2143,47.0167,29.7483,7.0019,6.6502,15.2621,25.9905,43.8140,55.3176,46.9446,43.5547,26.1756,15.3662,12.4943,9.0978,7.1769,6.7252,3.3894,10.3643,10.5987,12.4362,10.4381,7.8006,9.8307,9.9079,4.7534,3.6096,4.1330,10.1807,25.2539,30.4686,37.3171,36.2670,29.3557,32.2586,35.8283,51.3716,34.7572,36.8839,24.5863,15.7947,13.8765,8.7277,4.0689,7.7622,16.4589,24.5927,50.6935,45.4083,23.4768,10.4145,33.4583,37.7463,41.4500,40.4520,34.6108,27.5759,29.9375,37.3131,24.6247,15.3161,27.0263,44.4813,39.7007,39.6588,48.4343,53.6166,51.7985,35.8182
97742.0000,88067.0000,71986.4000,58620.0000,48429.5000,36641.6000,30362.8000,23415.0000,19061.2000,15696.6000,11688.6000,8836.8400,7190.4300,4524.5600,3198.8800,3966.9000,4404.6300,4910.5000,5064.6700,4179.7800,3158.9100,2368.0300,1440.6400,754.4710,835.2400,1009.0100,843.3010,646.4980,435.0200,238.2030,185.7950,268.7350,368.3120,359.5090,332.8140,320.8240,293.8060,273.8610,235.6280,190.0420,146.3230,130.1140,133.8140,150.8880,152.8900,176.2400,168.9710,132.0790,134.4380,169.0260,183.9270,168.7510,116.1610,89.5024,69.9139,70.7954,72.2725,80.9644,124.8860,107.0960,119.6940,101.3220,162.1380,238.8780,239.9240,191.0930,149.0420,142.7460,166.3970,212.2710,240.5500,192.7880,139.1850,165.0110,177.4730,150.3170,119.9600,93.1729,83.0418,55.3127,39.0617,38.8542,37.2808,38.7260,41.2816,40.3075,33.6794,40.6709,41.1234,50.6983,34.8324,23.3622,4.3154,13.0733,14.4109,21.9340,29.0336,35.9151,23.0671,11.7373,6.7011,14.2101,28.7686,16.6672,22.9204,20.5474,23.5941,26.1502,15.2235,10.5490,35.7357,41.1635,40.9104,30.7042,8.1953,12.9950,18.8628,19.8008,11.7471,13.2489,15.3112,20.2646,16.9875,6.5952,10.5589,19.8128,27.3333,23.9310,17.4967,12.2397,6.7104,19.6373,33.5676,27.7792,28.6175,30.7742,32.3906,12.4928,19.4443,35.3796,19.0938,22.7343,37.9734,60.4795,43.8312,27.5037,16.2526,13.5040,14.7059,12.2466,8.5989,20.6864,32.1192,35.1098,26.8481,15.0700,8.4291,16.4747,20.5510,18.2866,11.9409,14.6544,25.0428,34.2824,31.0772,27.0532,15.0057,8.4975,30.7842,37.9430,40.4050,36.2642,31.0658,19.4072,14.2494,29.6768,36.2140,36.0941,37.7075,35.8319,30.8333,33.5214,9.3536,5.9813,18.4400,20.0585,21.4842,20.0155,24.3340,35.2060,51.5853,27.5014,16.5335,22.1040,41.7012,58.7572,46.3689,39.6448,34.5372,29.9509,17.3001,34.3192,39.7340,49.0250,60.7612,72.4413,58.3340,35.9516,32.0505,43.2239,50.2977,37.9240,25.2358,34.9308,53.2331,71.9615,51.9663,38.1590,18.6892,35.8518,37.6772,31.0910,32.6638,32.9913,19.8828,32.4820,28.8131,60.7865,34.4156,34.8594,12.2070,14.1544,13.3611,18.7969,21.1804,17.0112,43.7364,31.4692,49.0090,31.5663,32.2919,11.4164,5.5190,9.5799,11.9155,23.1204,40.2336,44.6688,45.4731,41.3690,45.7527,21.6698,39.1378,19.3847,11.0399,23.1449,28.3367,31.4460,7.4675,7.3112,16.7681,25.5021,29.8906,22.1612,26.7994,33.5082,38.3717,30.2633,33.8998,44.5217,29.9142,18.3450,8.0096,13.7155,32.9190,30.9033,28.3416,37.9666,50.5814,42.8420,16.6815,32.4781,57.3657,49.0740,41.7902,33.0833,11.7876,20.5231,49.4693,36.8975,32.9670,26.8706,29.5835,46.7386,32.1759,20.0228,19.5584,30.5062,25.1862,90.4813
97787.4000,88297.6000,72144.7000,58700.2000,48637.6000,36877.9000,30998.4000,24458.0000,19855.6000,17211.4000,14126.8000,11628.7000,11054.1000,8952.1900,6512.1000,5434.1900,4404.1500,4599.1400,5177.3900,4809.1600,4543.6800,4229.5500,3964.3600,3132.2700,2572.2300,2114.5800,1751.8900,1572.3900,1287.8800,1097.5000,864.7030,753.5440,470.1760,218.7850,199.7880,195.0710,157.0680,197.6430,267.7520,272.5040,286.0000,346.1080,379.1780,413.2340,447.7510,469.0820,447.9520,387.3380,384.1210,396.5550,382.6030,325.1860,221.1690,142.4790,126.9830,118.8020,125.5760,171.8390,224.4380,186.1010,100.6590,77.7189,132.9440,196.7250,219.8930,206.7350,176.2240,121.8850,87.8228,73.2704,99.8972,120.7540,95.6753,69.2645,50.0709,36.3784,40.1378,41.7750,28.7950,25.6726,44.7459,56.0426,22.0188,19.8691,26.4665,22.5184,21.1629,53.8038,53.8382,54.8830,51.3117,20.4910,8.1781,25.3539,19.8719,37.7965,27.8487,36.1605,29.8480,14.6441,12.3589,29.0840,42.1604,38.5530,18.3422,21.2541,41.7541,47.2568,42.5808,25.4367,16.4422,21.8664,10.6604,9.9082,12.5327,20.3101,21.4533,14.5636,12.7358,16.6407,18.7569,38.6144,35.4536,21.4963,16.2437,43.1295,49.1104,50.1277,45.2091,20.0780,28.4460,55.0014,46.5062,23.9738,23.8416,23.3265,27.9227,23.3486,49.8744,41.0849,31.5323,18.7990,26.7263,39.8482,19.7639,32.0833,35.6887,40.1900,14.3985,11.4361,17.1242,13.0779,18.0974,15.8420,5.4774,20.5193,26.5779,19.9066,17.6086,30.9250,26.6809,24.7653,11.7687,14.8706,8.0768,10.0864,13.2397,3.5861,6.5620,4.0780,16.3887,22.5091,31.0923,13.7563,12.6653,32.8722,29.4270,22.5582,3.6119,23.6967,22.8370,22.0075,22.8952,20.4306,17.8619,29.0472,45.1283,35.8543,19.1088,14.6770,15.4077,19.8818,13.2070,21.7137,25.5009,38.9626,44.4273,45.8628,47.7531,53.3087,35.6203,54.4140,38.3571,41.1124,46.9793,61.5149,44.9810,28.5139,33.6127,37.7405,33.6458,14.9548,10.0750,19.5464,35.1320,56.7056,39.1705,24.5338,8.4139,18.3967,5.6377,6.6061,14.0193,24.0141,40.2273,68.9746,67.3626,82.1536,59.9433,32.2322,26.9062,34.0325,43.4299,48.6187,47.0875,34.3290,25.7223,10.5151,9.6728,19.2839,23.0118,25.4652,28.0660,28.8608,19.8271,18.8841,23.0870,11.0070,10.6677,21.3478,14.4259,9.7245,17.6583,19.1147,16.9293,12.8683,11.0777,6.7141,2.8167,2.3719,5.2244,4.0240,19.3464,27.9943,39.5117,35.8419,22.9199,13.5623,16.1189,20.7845,24.6638,26.5961,32.6774,32.6156,34.2640,34.3538,23.7223,5.0455,34.9681,34.9408,34.1382,21.1209,29.2504,22.0812,25.2485,12.4963,24.9442,23.1382,20.2589,18.9160,9.4549,7.0597,5.6684,6.9435,5.2435,13.2976,26.2372,63.2228,72.4859,81.3744
97092.0000,87389.1000,70946.4000,57287.5000,47067.5000,35140.1000,28727.9000,21580.8000,16581.2000,12549.4000,8357.0800,6649.0500,7851.3600,8739.7100,9278.5400,8688.1100,6331.9300,5510.2600,5209.9400,4464.9100,3551.8200,2770.4200,1897.5800,1483.9300,1629.9200,1331.0400,926.7110,759.4020,444.6430,421.6850,584.3320,545.2450,425.5610,315.9060,243.8090,295.2050,384.2190,234.8850,110.5080,80.8374,56.4820,31.7847,102.4020,147.2790,177.0030,193.8660,190.6470,150.7180,132.3160,152.9680,131.7160,77.8086,71.6250,94.8957,96.0110,129.5290,171.4280,189.5260,182.7070,126.9730,82.1856,129.4320,159.5650,195.1750,196.1910,142.8770,99.4743,132.3910,184.1140,189.5070,170.4890,151.2560,105.6010,89.9022,103.3440,95.0251,65.7076,37.8452,13.4709,23.3113,32.6932,32.2063,23.8274,6.8110,17.3930,20.5697,27.1940,29.8946,25.8603,21.3673,19.5773,12.7492,19.5933,30.3085,30.0236,38.6801,16.7408,10.0790,5.9749,15.5193,12.8737,18.9697,16.6871,16.8876,23.0159,27.7972,41.8066,45.8444,45.5855,31.0492,40.5529,74.8170,82.3279,69.0379,53.5443,36.9227,24.7148,26.8142,29.6578,30.6094,34.0610,14.4009,18.1476,31.5010,27.0074,12.8323,6.9157,9.7927,17.6591,24.1731,31.1313,48.4545,58.0426,65.3518,55.7550,43.7405,37.6695,38.2732,35.7669,28.8362,21.5153,19.7168,16.6207,4.2717,5.4023,12.8139,10.2777,4.3087,19.6531,16.6678,19.6102,19.2906,23.7761,18.7057,16.4915,26.4821,28.8334,27.4655,27.1553,26.7444,6.9665,13.8855,33.2374,21.6764,11.9795,10.8776,14.3562,27.8988,30.8907,32.4929,30.8615,27.9076,16.6112,14.3945,16.8391,6.2810,8.6349,13.1826,21.5799,16.1030,10.4898,25.4150,32.0370,34.1687,29.9097,18.8372,31.9498,42.5463,40.4881,40.0371,22.8184,17.6402,31.1290,43.3415,44.2545,50.6902,39.4254,29.2999,28.8524,27.9090,20.2550,30.4254,24.4797,27.4572,34.9044,50.1502,40.2325,23.9516,29.9835,32.2613,25.2398,36.4998,47.4076,51.0165,48.3395,62.6332,55.8804,32.6583,18.0354,13.7097,19.5330,28.9866,33.5890,24.0738,10.2020,37.3005,44.8770,52.6826,19.0851,15.4298,37.4940,55.0398,57.3772,51.0505,48.1798,45.3956,53.3903,57.8737,37.2790,20.0734,10.4398,11.3570,12.3005,7.1054,4.7913,9.1057,15.1062,13.6122,16.6411,21.0805,17.6244,12.7145,20.7181,23.5722,49.4570,28.8833,22.4017,39.6266,50.2429,51.4487,37.3432,46.3456,60.2420,49.9688,38.8639,23.6846,24.3605,29.4564,25.8355,25.0045,30.4189,40.0605,37.6468,35.3892,27.5017,14.1501,16.1828,6.4722,10.7657,16.8586,22.7592,13.5759,28.1374,20.1342,13.7549,19.8216,30.9597,42.7076,27.7822,11.7696,30.7528,33.5867,35.9725,17.1836,14.8760,24.7793,31.9141,63.8346,86.3647,132.7690
98153.2000,88422.8000,72474.8000,59121.2000,48595.1000,36084.9000,30134.7000,23902.2000,18760.3000,16715.3000,14914.5000,12912.1000,11569.2000,10077.0000,8966.2700,7660.2600,5855.1200,6131.1800,7406.8400,6798.5900,5577.9100,4575.2900,4121.9200,3640.0400,3254.8600,2766.9900,2234.4300,1666.7800,1195.9100,841.2270,736.0940,806.9810,865.6770,955.9860,887.2690,671.4630,532.8950,422.9430,261.4530,181.1790,204.9290,250.7810,294.3540,278.8880,266.1060,262.5390,282.8460,240.8990,174.3020,172.1230,190.5150,173.1820,132.2150,122.4780,167.9930,210.0340,233.2850,256.0590,262.8980,201.8980,104.2870,72.2318,120.0300,192.9180,223.3810,196.6140,171.0510,173.1730,154.5880,140.6600,114.7200,94.3712,84.2058,116.5810,156.7440,121.6250,79.7780,75.4693,75.1167,74.4624,77.0637,84.2557,88.9382,90.3567,75.5937,67.5320,74.1225,71.5912,75.1589,72.5636,61.8898,32.0814,34.1727,50.4881,39.5436,31.5661,28.3131,26.6043,10.8840,29.1945,29.5141,35.5953,19.4730,23.3468,36.9848,34.6659,31.2186,34.1542,25.6580,42.5582,36.5488,66.9067,48.9782,47.9677,35.0356,19.1887,15.1742,5.7462,24.6757,21.2682,24.1044,6.1284,3.7127,4.6643,3.2830,13.4648,12.4316,11.0836,13.9577,28.8593,41.4406,27.8009,22.4443,29.3908,38.5043,47.4643,37.4135,23.6805,15.6931,9.0423,12.2206,19.2496,15.3057,16.2590,21.1065,35.8860,26.4065,22.5693,5.7846,1.5790,3.4075,6.0665,3.5220,2.2003,4.8674,23.3690,17.6170,23.2073,13.7053,12.4228,25.7304,9.3462,21.2336,27.6550,26.2309,7.0909,9.5968,23.3404,35.7244,42.3655,43.3675,39.1786,32.5131,12.6631,15.8400,20.7920,28.6249,30.0117,15.5927,7.3945,13.6573,18.9938,26.5093,28.1235,27.0133,17.4481,31.5645,48.5477,31.6952,31.6344,31.0074,34.6871,7.8489,9.2093,24.9632,23.1288,20.1051,10.5986,8.3176,12.7142,10.0543,31.1907,29.3878,32.7017,13.9619,22.1384,58.8282,45.5811,31.3710,22.4752,33.7369,42.1858,29.5275,36.8229,63.3307,78.3639,82.0691,64.0250,57.5652,53.2069,63.0762,45.2394,29.5673,40.0997,49.0786,79.4364,52.3508,52.6421,20.4018,38.2394,52.2690,37.8703,27.0941,24.9389,26.8794,18.9107,7.6166,10.1404,31.4573,57.5398,44.3596,32.9815,20.4153,28.2026,25.2909,30.7068,56.5602,46.0806,55.8990,28.6005,20.5913,12.9855,17.8241,16.2896,13.9428,29.3773,35.5465,27.4666,15.0582,2.9207,2.7467,13.3706,22.3655,26.7887,32.2568,36.8987,33.8706,15.5856,9.7784,19.3780,15.6987,9.8645,10.1464,15.6788,18.6644,28.6388,28.9889,31.6047,20.6001,18.9040,21.4243,11.3511,9.8632,20.6313,30.6460,30.6316,30.9031,32.4966,34.5667,29.0318,19.2516,14.8176,32.0079,35.1290,39.0425,12.9523,15.8482,32.2129,67.0255,143.7380
98094.8000,88561.4000,72592.8000,59228.8000,48824.1000,36636.3000,30767.3000,23874.7000,18287.8000,15187.0000,12814.1000,12162.6000,12348.3000,11791.6000,10838.8000,9614.9500,7801.2000,6680.6700,5970.2000,5438.9200,4770.4300,4428.2600,4108.8600,3170.0300,2941.2500,2689.8500,2119.8500,1726.1400,1294.4700,907.7460,735.3570,680.2860,631.8110,608.5580,616.5750,566.4180,463.3810,382.8970,337.1070,266.2340,206.9400,251.8770,300.4500,293.0010,247.2220,249.6760,284.1620,286.2120,217.1180,131.4690,94.2153,85.3263,79.1541,91.7517,120.4290,194.2850,274.2970,291.1940,274.7230,223.2720,126.6570,73.4268,125.3600,185.5150,214.3380,199.4720,178.1090,169.3550,160.8210,155.5830,151.6060,165.3270,139.8540,121.2810,136.4670,103.9650,71.4665,69.0844,62.7588,50.2942,41.4114,53.1889,40.8703,14.8569,9.1130,24.1511,33.2904,26.8996,27.8235,32.2191,43.9218,29.1733,11.8967,8.8154,12.5917,24.7907,51.8206,81.4285,83.7903,82.4147,83.8564,84.7697,80.3121,62.9620,45.6038,30.9178,26.1971,30.1498,23.7722,14.5109,13.6287,13.7359,11.6715,9.4203,10.6209,10.5873,17.8219,24.7745,23.2272,22.7607,21.7029,20.7681,9.0798,8.7657,13.8380,20.1960,12.6535,13.1718,22.1733,29.4990,31.2648,13.6792,9.2867,12.4660,16.6787,18.7167,31.3451,41.1006,58.4228,39.4743,35.2525,23.7894,16.4093,17.2196,22.0079,18.4786,11.2972,21.6811,18.3699,13.8600,3.6540,7.2693,16.9230,37.0844,26.3843,17.9372,6.5989,2.5180,19.1864,24.3168,32.1386,29.7001,20.6103,18.3035,17.0826,19.4214,21.7009,24.3953,25.5366,28.4885,21.9165,9.3809,8.3322,15.4734,19.9276,20.8586,32.8990,25.0800,35.5879,14.9444,11.4210,15.8494,35.3408,16.5844,7.2618,19.6804,35.6678,22.9078,16.3208,21.8381,28.6585,24.7043,24.9764,15.2487,20.9715,13.6366,14.3439,15.5288,27.5538,26.2145,27.7051,26.2955,46.3250,41.1366,37.8893,35.7489,57.9564,55.0047,38.3253,35.0071,36.2683,36.6328,29.3506,17.2317,28.9185,43.1883,59.5057,42.8604,33.2699,24.7932,43.1951,36.5130,49.7146,29.1549,20.9305,34.2116,38.3108,40.1783,12.5838,20.8387,34.8790,56.6563,42.7925,27.9434,10.3363,8.2206,14.1443,19.5950,15.9948,6.9655,4.4232,13.0297,18.3759,22.0033,11.4447,32.7287,29.8268,31.7236,32.9833,32.7499,28.5926,30.3605,25.2568,18.1944,11.9326,16.3672,24.0587,31.0407,22.8110,17.3942,18.5855,19.7204,15.9973,7.7823,14.9538,20.8001,25.5777,35.1242,51.6967,47.8086,39.2006,28.7529,28.7669,29.8797,17.3360,5.6900,6.8937,15.5149,27.6476,30.4233,18.4855,26.0965,37.5051,35.6046,14.1029,22.0227,38.9571,38.9132,21.2431,13.3207,26.1819,41.2531,33.0184,17.9828,30.0276,55.4564,78.3064,73.3309,81.6469,115.7610
97660.5000,88228.8000,71980.6000,58515.9000,48693.7000,37057.2000,31255.3000,24710.0000,20709.2000,17777.8000,14023.4000,10067.3000,6225.9200,2765.4300,3216.5900,5244.7300,4867.7600,4655.4000,5058.2300,4246.9400,3625.1800,2974.5600,2656.4900,1948.7900,1496.3200,1366.3000,1075.4700,735.4850,449.4490,211.9760,39.2609,150.6870,308.9300,401.3860,453.0840,391.0690,205.2770,74.5719,51.3683,137.1470,228.8080,289.0020,300.2740,281.3230,257.8100,205.9570,191.2140,168.9740,104.0490,50.9533,16.9505,25.8164,55.7466,98.5903,159.5220,235.6770,267.0240,246.4760,213.8700,160.0900,100.2350,72.9681,111.6850,147.1260,171.2970,155.4950,100.4920,85.6132,72.1435,52.2303,78.7003,102.3140,105.7740,102.0800,78.7608,46.5340,46.1245,53.8549,44.3537,46.5964,72.4500,79.5780,63.7118,71.0625,55.9150,39.8270,31.7709,43.9986,27.4323,38.6563,19.2701,17.7267,18.5643,31.1283,25.7465,35.6680,57.1278,67.2171,46.5483,28.5199,12.6928,16.3337,24.2876,37.8990,46.9216,32.0855,23.0503,12.9531,10.4355,25.5772,36.7954,35.7145,35.8509,40.5197,30.8188,29.1318,17.0954,23.8605,8.9672,13.1643,14.0568,14.7261,17.9535,36.8809,34.3025,32.9836,24.8375,18.3025,22.0387,20.2035,18.7734,17.1271,20.2553,28.6010,14.9575,9.1281,23.7046,20.1789,29.7106,28.5373,33.9830,33.9009,37.4683,52.7047,55.5771,45.9627,45.5485,25.0137,25.5172,10.1845,12.9587,21.0734,20.9506,19.4829,20.6885,30.7695,12.0416,26.9913,33.3776,29.1032,17.5527,9.2623,15.8580,10.1322,14.6709,15.5669,15.2753,12.6582,4.9267,8.2137,26.6695,20.0876,20.7673,11.1609,25.3550,36.8180,37.2511,36.3452,24.4482,27.2237,53.0100,54.9528,68.7463,46.4975,44.1482,57.3266,52.6273,38.9395,21.8278,23.9470,33.3772,16.7980,20.7048,20.0169,13.7679,4.5422,6.8049,18.0803,23.6761,23.9304,31.8205,21.9560,45.8617,34.5587,27.7722,14.8535,30.9248,33.3795,38.9918,29.3752,14.2552,9.2979,4.8096,9.1343,24.5277,28.1355,28.7980,15.8913,23.5025,25.5952,34.8168,22.3035,17.5533,19.1209,35.7791,55.6668,56.3643,71.5202,40.5828,34.0465,18.7217,34.2936,36.6679,23.0965,16.8596,47.2505,48.7083,46.7373,23.6610,39.4664,52.2378,24.5551,17.3028,25.4986,21.0935,11.5994,8.3921,30.4551,32.6494,28.2307,20.5326,4.1086,27.6887,36.2162,44.5070,48.7334,39.1958,15.0947,12.0539,23.9011,32.9485,42.0848,26.0662,13.6830,38.2381,57.7555,62.2780,59.7307,43.7475,27.2749,22.9456,38.4021,54.5364,49.5100,42.8442,22.7413,29.1231,54.3966,56.7324,68.4774,46.1951,31.3700,38.5119,40.2631,41.4005,38.5339,26.4632,8.8050,14.8031,15.2459,7.9253,17.5954,20.2189,16.7054,21.8266,24.2584,22.3088,36.0537,33.6350,85.7338
98006.4000,88344.3000,72319.1000,58991.6000,48789.6000,36750.3000,30710.7000,23946.3000,19183.1000,15832.6000,12185.8000,9610.7100,8801.5200,7934.2700,7459.7900,7002.4100,5292.9300,4304.0500,4669.0000,4482.0500,4086.5700,3533.0700,3207.7100,2720.5100,2193.1900,1763.9600,1600.5000,1566.9700,1432.4200,1210.1800,1067.3600,849.1660,549.9020,360.2860,332.6240,232.6450,135.2400,112.6130,130.3100,115.4810,116.8160,97.3077,219.7050,223.7000,202.8680,163.0270,64.9433,43.0010,26.6431,70.2555,185.2820,226.1290,253.6640,236.6390,265.7680,254.9790,289.5620,366.5860,324.6480,264.7740,246.9780,275.7200,205.0790,158.4420,230.6400,175.4030,109.5550,178.8220,155.0320,104.3730,50.9567,55.7792,64.5205,137.2890,144.0400,205.5670,101.5670,80.0964,23.0913,26.5765,55.6820,142.4490,109.4450,160.5360,75.2053,123.8580,53.4970,63.1430,79.4740,38.3392,91.9681,102.8030,85.3049,98.5791,35.8754,54.0815,65.9341,62.3205,129.5660,86.9598,69.5075,32.0270,10.3944,18.8927,30.9945,28.9809,18.2768,45.6607,65.4263,44.1164,27.3847,18.4459,48.9007,71.1326,94.9047,60.5109,25.6216,34.7750,83.1753,86.9296,125.2620,62.3907,118.9920,64.2825,57.3070,13.6868,30.5928,54.2956,97.2459,83.2358,101.1670,41.8263,54.2894,23.7557,31.9409,63.0278,83.2475,134.2270,62.1945,86.6993,56.4930,70.1024,113.3860,85.0430,114.0810,93.2697,206.7570,166.6400,180.2680,114.6160,97.1692,156.6330,128.2590,177.6700,83.0005,168.1380,105.1010,161.1000,82.2233,25.2654,53.8116,145.3350,78.2931,154.8370,88.6571,115.0000,47.1189,27.8898,123.2530,83.0972,109.2220,69.0463,90.7457,139.6660,52.7743,51.8246,102.7960,91.3503,60.1569,23.2580,105.3070,120.7090,142.9590,117.1860,36.0334,43.4461,99.8527,57.7898,41.8814,93.3896,92.5839,105.4330,135.6120,124.4190,97.3860,30.2983,94.5521,72.2466,76.0547,76.8247,92.7099,46.3434,59.6935,103.2960,122.4090,146.0040,100.4260,63.2381,54.6290,62.4390,121.2110,119.4910,125.1830,64.1083,28.7867,26.2018,41.8962,46.6065,82.7198,67.5574,75.7239,29.9283,14.7142,27.2428,34.8614,86.4765,116.6820,147.6490,141.6150,99.9443,104.4510,111.4550,115.4100,70.4342,56.3652,28.2673,61.9015,113.3320,125.3630,196.2990,104.4580,157.3800,78.4394,88.6054,20.3016,21.4515,36.3545,69.1130,69.7878,150.3700,83.5400,99.4723,100.1710,108.3750,85.1377,72.7902,94.0963,122.2990,67.7725,48.8154,102.8560,117.4420,72.7343,32.6096,123.5950,147.3810,161.6080,120.2080,46.7474,45.6018,113.5930,144.3300,104.9740,73.2783,23.6651,22.4753,31.2326,65.3153,40.6097,48.7558,10.7770,16.6565,41.3847,31.3529,27.1519,20.1666,14.2102,12.4676,31.3455,52.8236,111.7860,87.3399,85.3863,34.7402,12.0209,17.6407,14.4885,21.9453,56.6716,142.5310
97659.1000,88127.4000,72152.5000,58794.4000,48536.9000,36758.6000,30650.9000,23765.5000,19395.3000,15981.9000,11718.9000,8357.0000,6658.9900,5248.1400,5696.1500,6591.0600,5255.6300,3870.3100,3275.7000,3025.6800,2963.4000,2594.4700,2326.5000,1911.0200,1791.5500,1529.5600,1300.9800,1103.6400,913.0290,700.8130,477.8320,359.1210,182.8470,85.1364,90.9085,68.8461,99.3667,105.2040,140.1000,157.5650,121.8130,67.4319,78.3880,185.5330,251.0630,242.7570,212.5020,148.2940,81.3495,70.5859,104.6170,102.8710,73.1304,96.8825,162.3700,235.1160,261.9240,258.2620,289.2630,312.2850,326.3730,330.2820,307.9810,293.2670,297.5070,328.7080,318.8070,302.8460,256.6480,193.7940,133.7600,103.7530,94.4034,50.1031,33.5363,50.1705,55.0468,48.8685,26.0762,10.5192,43.2661,46.4457,47.7890,34.4707,32.8359,48.5086,35.5336,39.6135,13.8315,28.1431,19.0501,17.8277,17.1940,8.8474,9.2855,21.2634,26.5427,19.5307,28.5192,22.6982,40.0044,23.7400,14.0598,32.7944,33.6351,31.2211,25.8416,39.8472,29.5862,25.8599,10.1068,9.8766,15.4689,34.8940,34.6047,36.0531,32.4372,34.4815,46.3492,39.5005,45.1963,28.3790,15.3457,9.3567,12.3209,17.9909,26.4706,29.1700,14.4574,6.2523,19.3867,14.6988,9.4401,10.3949,32.2158,20.4743,13.9593,23.4456,30.2601,38.7699,28.7280,18.0544,7.4882,9.5042,18.6017,19.1137,13.6797,14.8458,28.1500,37.7956,35.3410,34.5012,15.9971,25.8443,32.7787,31.4409,12.2677,16.6263,33.9874,38.4740,55.8352,57.4842,65.3395,44.5614,20.7400,11.9893,18.9592,20.2021,14.9588,10.4812,16.0821,13.6914,42.8909,51.7633,61.8069,55.4169,42.4037,16.1944,14.3942,20.5513,25.4790,26.5858,45.6729,40.5848,46.9079,50.8947,50.0530,17.3483,9.8518,19.1656,22.0145,23.3334,31.2174,35.3014,28.6117,23.8360,26.3994,24.2881,18.5449,20.6513,31.2979,48.1665,22.4285,28.6288,21.2574,47.4538,56.3981,66.6741,44.9657,50.1877,76.0620,52.1393,35.4116,15.0953,35.3810,46.1006,56.0786,67.5376,55.9609,24.0054,8.5051,9.7672,16.1606,21.9785,37.6206,40.4201,36.1256,39.6060,42.5204,35.3163,35.0815,47.0269,34.7405,18.8743,24.6365,47.2826,58.8227,69.2862,58.7613,24.9608,21.6936,15.8281,22.3053,34.5034,42.9336,46.5458,52.2301,71.7557,76.3025,62.4067,57.7970,60.8912,76.1205,51.7375,54.6639,74.8561,75.2562,96.1573,156.6590,231.3680,211.3110,145.1470,73.4332,23.0768,110.9270,122.7290,113.0260,120.3360,112.7280,94.3699,108.8100,146.9090,136.8210,121.8060,126.3560,106.1530,77.2636,45.7342,41.4005,40.4552,29.7864,31.0786,41.5292,40.1817,65.2169,51.3752,74.4091,31.1111,25.9343,36.2949,40.6942,28.5756,35.3688,63.5461,90.4041,108.6630,133.9360,125.5990,88.2113,65.1235
97590.9000,88108.2000,71735.7000,58157.9000,48323.3000,36774.1000,30676.5000,23516.5000,18959.5000,14413.0000,9736.7300,7961.4700,8567.8300,8345.4900,7962.4700,7814.6600,7017.6000,6387.6700,5123.8000,4083.8800,3141.9900,2827.7600,2789.9300,2250.8500,1942.8500,1654.0900,1250.8700,872.1470,611.3820,376.4070,194.0960,137.2140,70.1344,86.0382,92.7172,154.7190,202.6080,211.7420,133.3640,121.0120,188.8330,193.6370,176.3950,124.7180,105.0300,134.4120,109.1000,80.8500,122.9490,155.9170,158.9200,155.2070,176.3110,234.2890,292.4740,339.9400,322.2960,319.2040,340.5890,325.7650,352.2350,402.6140,368.5340,331.9790,297.4440,318.3530,307.0270,278.1420,220.1860,110.8640,44.0937,67.4730,101.8150,108.8320,87.3518,56.2910,45.2652,65.9190,85.2503,53.4679,33.2924,21.7493,11.0877,5.9208,9.4327,6.7238,6.4771,9.2375,14.1381,7.1455,30.1375,27.2049,28.8923,13.2009,19.9081,22.9724,25.5076,34.5275,39.7330,43.9752,28.4092,19.8873,13.7133,24.0376,22.2906,28.2365,8.7861,13.4147,18.6399,28.8507,45.5836,42.0711,52.6891,21.9661,22.5897,9.2898,6.9637,17.5318,32.3273,20.4629,6.5814,8.5872,29.6085,18.2492,15.9820,4.1231,8.4152,19.4801,39.7868,29.2874,39.3278,19.0384,19.7478,31.3365,49.8664,28.0278,24.9645,18.8923,13.7929,16.8513,14.3777,14.8397,31.2795,20.6861,16.8243,12.0764,19.0983,27.9097,11.6517,14.5979,16.9529,21.3309,10.5396,16.5756,14.4975,10.2532,11.4429,12.8864,8.5172,27.7635,35.0350,42.2368,57.5425,52.2228,25.2260,15.7597,17.2159,11.2188,29.8216,33.2450,44.5304,10.7156,26.9063,35.4876,26.4402,11.4519,18.4442,14.4230,8.9522,13.0776,14.6041,14.1640,30.3223,65.2577,58.0622,54.1514,46.9171,30.3488,44.0351,22.0288,23.2126,10.7737,10.5920,3.5041,21.6838,35.7191,23.5422,37.2129,12.9558,10.0361,12.9199,34.4775,46.3126,60.6065,60.3167,33.8105,15.5480,16.3831,40.7390,43.3030,43.5057,35.6405,20.6077,30.6827,63.0880,82.1644,59.5611,44.8544,23.4783,13.6200,24.1678,26.4675,34.1895,21.9712,31.0635,60.5157,54.6635,50.6950,45.1771,60.7842,59.8057,31.3985,16.1455,10.5310,8.6213,24.0765,35.1941,45.7271,38.4827,45.6634,49.0751,49.2384,48.6011,47.9750,32.3391,15.4092,8.9423,30.2773,61.9105,78.0566,93.3396,88.1243,84.6951,78.3027,68.8053,83.5094,130.2120,184.4570,237.8250,290.8700,279.8190,192.9260,110.8260,31.5562,99.1842,134.6840,131.8250,145.1130,161.0870,169.3030,195.5590,252.1470,286.5490,237.9430,166.2750,105.3490,78.7399,85.3261,77.5997,54.5593,52.2755,66.6440,61.4872,22.7141,21.1805,47.4460,57.1537,59.4523,55.9807,42.1632,38.8004,44.8303,42.2322,32.0411,41.6415,70.1234,106.0390,105.6210,87.2911,85.5064
98320.9000,88755.3000,72655.9000,59315.4000,49538.4000,37888.0000,32056.6000,25379.9000,21205.9000,17509.3000,12765.7000,9642.4300,9490.0000,9033.2800,7974.5100,7106.4100,5979.6300,5475.9100,5365.4800,4708.4100,3702.3000,3175.7600,3040.4500,2817.9300,2640.2800,2456.9700,2270.6200,1962.0800,1575.7100,1262.1300,892.5970,818.2810,657.7330,362.5400,217.2400,290.2910,351.4240,340.9670,307.2380,224.1550,150.7160,68.9911,47.1906,110.0030,167.0480,130.6090,117.6370,108.4360,112.2590,101.4580,144.3750,201.9520,210.8190,241.0210,274.9020,268.2350,257.2000,276.0500,335.5550,381.0100,425.5240,485.3010,456.5530,400.1130,428.7260,419.2190,375.8910,276.4960,232.6950,152.3650,54.2884,80.9559,146.1590,102.3910,56.8639,56.2948,63.6108,48.9075,36.6837,46.2616,69.0093,29.6472,50.6567,52.3884,38.9638,25.0759,52.8708,61.2269,75.2504,43.6282,38.2072,32.9452,35.1491,53.0795,37.9321,69.6181,41.0811,24.0849,32.3129,54.1368,52.0534,30.3482,25.6931,11.3213,28.2790,11.5394,15.6872,34.5276,50.4372,29.5837,28.6914,16.7151,9.6176,7.0056,13.1428,20.3049,10.9592,19.5806,18.3615,16.9274,30.3296,9.4500,14.5634,38.9542,56.1607,46.5059,40.5268,46.6946,62.8979,43.8354,19.7070,20.3824,20.6944,17.0808,15.2720,16.3374,5.6728,11.1010,28.7507,20.5981,21.2431,23.9568,22.8339,37.5993,17.5026,16.4324,11.4185,7.3817,15.0227,25.7489,36.7878,41.2931,32.6917,28.1673,43.7642,27.4473,59.0874,43.6605,36.1767,59.6593,33.9808,30.0030,2.8791,10.3438,12.6132,5.1245,12.9703,24.1490,27.8766,15.5054,10.2705,10.3519,17.4226,24.4153,32.2835,28.3826,27.4941,31.7136,38.0148,32.9994,20.6662,16.8173,17.9628,19.2321,21.9445,17.0037,18.9542,31.5315,36.3808,15.8425,13.4655,34.9479,24.1718,21.4004,25.2283,24.3502,13.6881,22.4352,21.8708,27.4764,34.6554,63.3742,81.6483,80.6429,82.2555,78.9719,66.2843,61.7458,38.8953,26.4807,27.8326,53.5816,80.7011,111.1850,130.9740,141.1100,95.4063,62.1434,56.4005,53.7183,51.2616,31.8374,22.7775,39.1012,52.7375,89.2112,70.2037,56.1108,21.3457,19.5051,37.1987,34.5211,27.6217,30.7575,36.6062,43.8439,38.7676,27.9095,28.5404,26.5524,30.7406,30.6436,41.3255,38.0478,32.5160,6.3168,22.0762,42.1509,54.6098,41.6584,69.3868,97.2830,125.3860,96.1342,79.6770,125.8210,188.4350,253.9260,287.4140,304.8450,271.2840,197.0200,138.8130,159.2480,203.7740,202.3030,220.6540,248.3120,242.0300,244.1580,263.6830,313.5220,344.8620,323.3840,277.0920,215.0570,157.8150,112.3900,81.0444,30.9432,19.9176,22.6452,18.9535,47.2035,61.6026,56.6646,43.4993,37.0665,42.2265,25.6463,30.0353,46.3280,32.6054,22.1176,13.9934,39.5260,50.9901,68.9607,73.7852,76.9147
98139.9000,88435.2000,72332.9000,58941.1000,48674.5000,36774.5000,30668.5000,23841.1000,19136.1000,15858.6000,12105.1000,9376.4300,8601.2900,7865.7200,7646.3800,7377.1000,5673.1300,4721.2700,4780.8600,4443.1900,4163.9900,3651.7400,3198.0000,2533.7400,2329.8500,1936.9800,1397.4600,1013.0000,700.4180,397.8080,67.1255,17.3026,30.2138,75.7890,135.7800,233.5340,277.2290,290.2910,252.1010,171.1530,147.7530,223.4050,271.3090,234.6090,144.4010,99.7129,40.5371,102.4740,157.0620,227.6970,262.9710,296.8190,345.3990,359.3570,320.1500,267.2210,253.2590,281.3220,332.0490,358.1000,407.1780,407.8190,390.0320,415.3000,399.0970,373.9980,329.2500,268.9000,198.9400,110.6330,51.8593,77.6705,141.6800,112.4680,55.7383,12.7833,46.8323,60.0964,51.3010,41.3386,27.9514,29.7255,41.6112,16.0639,29.1832,59.7422,37.7444,21.4711,22.2555,58.5423,76.1557,102.0790,94.2634,57.1920,35.8968,69.0593,90.1561,94.0694,66.6712,31.2468,53.9503,108.8060,100.8570,71.0064,45.0282,25.2916,28.8528,41.4163,55.2864,26.6437,28.1422,25.0919,48.1199,26.8920,47.5220,38.5355,48.5955,46.2449,60.7435,57.4804,46.4123,28.5538,26.5024,32.1033,28.5175,18.0941,8.7933,23.2126,40.8564,63.7270,18.7409,18.9540,62.7089,33.9155,15.8424,31.9124,38.6490,47.2388,37.1929,44.8390,46.6102,32.3517,23.1831,31.5119,51.7573,46.0118,47.0404,54.2624,39.2594,64.5774,40.4938,44.9150,14.9310,30.1768,38.4991,17.1288,9.8472,15.3058,33.6964,42.4078,43.8028,46.2616,43.4199,40.4147,35.4441,35.1694,25.8572,22.4922,12.2536,29.8792,69.6948,75.6054,82.7374,36.5439,15.9625,6.5650,15.9368,40.4436,40.5960,37.6993,61.8127,65.7503,57.2340,34.3832,29.2753,31.6020,25.0591,26.6759,20.0968,16.7972,29.8559,14.4718,16.3311,57.6833,53.9470,46.6968,41.5494,59.5070,69.2362,45.8287,28.2834,26.4945,54.9791,80.2386,77.2131,56.9818,28.7438,35.3704,22.4311,49.8984,103.9730,168.3260,176.7060,151.8150,123.9610,78.8903,28.9420,28.3819,31.2955,42.5689,64.4468,27.3619,26.3226,58.0030,75.2466,83.2023,73.9349,74.9649,16.5468,67.7679,67.5034,74.9875,58.0565,52.5979,51.2071,49.1673,50.4894,50.7325,42.9253,22.2817,7.2338,14.0276,35.9728,58.9473,48.4628,33.7085,38.6692,42.2197,41.8601,29.3376,34.6951,47.4561,51.7974,54.0092,58.0683,70.1509,94.6361,152.9790,221.7620,278.3610,261.1080,166.3210,74.4600,58.8813,149.0820,195.6260,205.0020,201.1520,188.0280,170.4020,206.9690,262.7210,335.3940,359.5370,332.1210,270.6610,195.4440,115.6530,36.2747,39.0403,45.9797,31.6754,21.3733,38.2038,74.5809,94.0302,109.8690,80.2405,40.0425,18.1794,20.1733,29.8096,24.4368,20.3817,10.9868,12.0238,17.5870,25.7490,33.9083,60.5178
98040.8000,88424.5000,72153.0000,58694.5000,48754.0000,36962.2000,31278.0000,24982.3000,20503.3000,17782.8000,13881.5000,10460.3000,8836.5400,7403.9000,7495.1700,8155.3300,6921.3700,5525.0800,4699.9200,4286.0000,3539.8700,3141.6600,3105.2100,2767.1000,2665.4000,2251.7900,1665.5700,1347.3700,1116.4900,1042.3100,869.1150,751.9780,476.9490,293.3630,298.9690,254.8850,168.1530,126.1850,59.8718,41.6972,118.0490,176.2710,174.7820,176.6210,180.3700,207.4580,191.2380,143.0980,122.7340,124.3580,164.4220,234.1030,280.5000,287.7530,262.0810,208.1870,159.8190,114.7750,166.3960,242.8570,305.7980,318.9950,269.6660,240.0580,263.7190,271.3660,267.6110,233.1330,176.1390,84.9123,76.9260,104.9530,99.2767,84.5577,87.6133,102.1640,94.3118,50.1386,28.2297,68.1167,69.8432,64.2112,59.0390,57.1334,49.4069,32.5441,59.9568,98.0107,103.4200,83.9280,66.7297,64.9917,86.3962,92.7744,75.2347,40.5177,77.9836,87.1499,48.2413,20.4830,64.3265,76.6894,89.8316,61.6862,38.6409,43.5656,49.3129,64.2568,56.4947,28.3399,25.3511,46.0639,48.2683,39.1665,25.1767,34.7930,20.3753,9.7554,5.8373,14.2140,14.7894,38.1473,31.8795,33.1084,14.3576,29.3745,31.0184,41.7760,23.2132,30.7443,52.4746,48.7686,42.2009,48.3213,66.7724,78.5548,78.3429,41.2733,30.0127,27.6539,17.1647,32.2374,59.6073,45.5947,37.1640,33.2006,37.4449,22.1445,29.6062,29.2804,46.4821,63.7340,69.4467,57.7761,43.7295,37.4836,32.8086,41.4622,29.0524,11.9483,25.9200,34.8685,39.4530,49.8769,45.2932,34.0862,23.1826,42.2283,56.3423,29.7953,26.7157,33.8752,52.8275,64.7519,82.5796,28.9955,13.4929,38.1174,33.0051,30.7812,27.6427,30.7030,42.7897,58.1619,22.6548,17.5598,49.4903,49.1014,39.7825,26.0386,8.1670,26.9347,36.5723,46.2520,45.1212,21.6862,19.0333,45.3451,32.3063,27.7914,62.5607,18.6649,24.6203,79.3091,59.9548,41.6379,25.1133,42.2797,43.3097,71.0144,84.9215,124.5900,107.0850,80.6276,88.5341,103.5100,97.3290,45.9437,23.3813,22.2822,31.1330,26.9032,35.4681,33.1262,33.7448,54.6059,78.3768,67.4932,56.3136,50.5472,37.7900,21.1399,17.8227,13.9416,6.8875,8.2673,29.9822,16.4521,4.1402,28.4174,51.2519,30.4534,73.9026,45.6879,40.3186,10.8544,30.6258,59.8337,90.7209,85.9449,70.3538,39.5132,25.9964,59.7084,96.4835,107.8750,102.3460,139.8760,185.2900,183.8900,151.5130,67.8988,80.6765,143.7640,191.4050,209.9610,181.1520,181.9330,217.7330,239.2830,285.6720,356.1920,398.2240,358.1770,318.7640,291.1590,206.8040,120.0260,25.2503,46.5368,53.5097,91.1440,133.9440,142.5000,163.4460,183.8890,222.5090,226.3960,169.0620,112.8660,88.3399,67.2457,34.6059,22.4581,27.1432,17.4549,30.3547,12.6459,30.2881,40.3510
98107.4000,88396.2000,72144.4000,58711.1000,48779.1000,36906.9000,31023.6000,24476.0000,19952.4000,16938.6000,13096.1000,9949.7300,8260.4800,6229.5800,5637.8900,6381.2400,6106.0300,6183.9400,6255.2200,5468.9500,4382.1800,3640.2900,3255.7800,2740.7500,2526.0600,2174.5100,1673.6900,1371.5200,1036.7400,816.2060,592.8230,515.9220,529.1260,558.4470,558.3650,480.7590,344.8990,216.5690,183.0220,201.6680,216.6930,280.6790,315.3760,308.2120,279.7510,293.7750,321.7700,298.4430,252.1910,208.7800,179.0740,168.8490,190.5870,185.0010,168.1050,151.0900,123.9450,84.1048,92.3645,142.2980,177.1070,202.4150,171.4310,155.8620,224.3400,267.2860,213.0810,148.7230,82.5594,39.8995,51.5251,68.1967,76.7280,83.1077,68.2258,32.5734,35.9623,43.1944,29.9168,40.5639,48.7476,45.1401,56.4141,67.0932,75.8588,79.0643,68.6268,52.2776,81.5136,109.5430,84.9409,77.3476,64.6852,55.5955,41.6831,62.5747,64.8939,40.1802,59.2842,64.4557,60.5013,88.3859,65.5520,31.8091,59.0215,78.3101,84.5551,46.7857,20.2185,15.4163,22.1149,27.0613,23.8709,23.2818,17.6152,48.8490,28.9351,30.3619,28.3849,40.9252,49.3590,47.9992,40.4463,25.1075,33.8650,27.8669,55.1448,45.7136,27.5949,13.7170,8.7300,15.9168,38.1879,38.6585,38.6542,18.8721,16.4558,11.1861,12.4951,18.2633,34.3522,20.0919,19.1576,22.8721,25.8025,24.6135,26.4581,28.9757,32.7226,30.1862,12.4059,14.7440,10.0598,11.7667,36.0984,35.7524,29.4636,27.9398,39.9079,46.7095,38.3175,27.0666,23.5801,36.2180,48.0603,29.3398,15.8411,34.8279,25.9995,13.9019,33.3057,44.6453,52.6124,69.8080,84.8407,70.1410,43.9239,31.7761,17.2843,17.3691,25.0842,36.7602,38.7304,28.4212,29.6877,17.1957,23.5279,24.2258,26.9318,57.7207,61.6576,69.0701,77.0324,75.0190,62.2565,50.9768,38.1404,30.9056,33.5379,36.1092,19.4326,27.6821,56.5003,64.3775,54.9444,47.9757,38.0990,22.4553,19.9878,42.9104,66.8655,99.9664,126.0820,120.1720,106.6820,88.7381,49.3706,21.8302,18.0277,16.6093,11.3287,17.7418,44.7564,53.1684,54.4366,67.1998,77.5110,89.8774,55.7928,23.7253,18.1474,49.9434,51.5236,40.4253,27.3839,11.8981,23.5442,38.5666,39.0893,15.9640,8.9562,12.5863,7.3735,5.2682,14.4711,29.2150,32.3724,37.7507,34.0167,32.0707,36.3375,52.9587,63.0588,42.0485,41.8722,90.7107,130.6000,149.0280,164.1830,170.6240,155.7130,67.6067,50.9722,114.8730,184.3370,210.8670,198.7880,188.5910,163.0420,135.1970,183.3000,246.8570,302.6180,330.3080,323.4030,283.2210,180.7340,91.3834,15.0208,49.8953,40.1246,80.0721,140.7390,181.5150,229.3420,248.6160,256.8390,243.2140,196.6520,140.2970,110.8150,110.7530,86.2414,58.1795,20.9380,12.2464,14.6915,36.3721,61.3759,58.4260
98031.6000,88339.4000,72316.9000,58973.0000,48712.2000,36743.6000,30664.7000,23942.7000,19165.2000,16041.0000,12619.9000,10244.5000,9757.3900,9061.3900,8229.3800,7589.1700,6206.7100,5105.2000,4780.2000,4409.0700,3630.3400,2946.4600,2541.4700,1955.1000,1463.4900,1110.5000,787.2910,660.6970,527.8520,414.3490,327.5080,343.9970,310.6770,283.9030,283.8920,231.8880,163.9540,99.1863,79.8669,87.7170,47.4440,84.1752,92.8852,112.5430,125.9710,178.4750,230.6640,243.8510,235.8200,228.9530,207.9500,247.3840,290.0480,276.0480,234.8130,170.7850,78.6403,61.7467,155.4620,240.9600,315.4160,361.9160,334.5310,275.0950,270.8370,295.7720,282.8830,241.9800,186.2650,108.0810,24.5646,70.1245,103.5670,107.5830,72.2041,69.6231,77.5102,58.2721,43.5268,41.6557,36.9896,39.2652,38.5630,52.4052,58.5060,37.4592,49.0382,72.8120,81.4768,77.4086,85.7359,70.9235,44.0038,18.1948,17.1622,31.7809,22.8424,15.8352,13.3442,33.4212,32.2300,31.1867,13.0151,12.9496,19.2415,27.2850,39.8145,20.4080,15.2519,15.1234,23.7374,19.7938,32.7692,29.2264,48.2961,26.0953,18.4454,33.1804,43.8797,43.4734,39.7379,34.0897,31.7549,47.8693,52.9866,52.4592,16.9571,6.2165,8.1485,21.9963,31.9200,39.5930,34.4995,20.5896,17.2779,26.8254,25.3629,21.0754,15.5952,19.7401,31.6582,43.5764,25.3638,11.4727,8.7500,17.8250,21.9086,27.9523,20.5651,20.9937,36.0706,32.9280,34.9867,61.5514,55.4993,47.0906,21.4146,22.3546,26.5290,13.3662,15.6532,16.9007,24.3599,36.8804,41.0870,41.5353,40.9638,24.9046,9.3856,19.1493,42.6903,37.0508,33.9797,27.8324,32.8153,20.0001,9.6535,21.9544,23.6208,17.5558,13.1280,16.2252,18.2632,33.8205,45.9137,35.1828,36.1153,5.8663,2.8979,19.7738,31.8300,34.4181,25.6316,24.6987,34.1281,26.9414,42.6585,41.0926,41.8612,46.4859,54.4120,59.1433,66.1498,49.8690,48.4994,23.0211,31.2720,40.5389,67.2106,81.9617,97.6632,120.7820,150.9590,130.6460,107.6720,92.9653,47.1361,41.0850,33.8063,19.3287,16.7171,32.3906,34.3485,30.9885,28.9395,42.0205,48.3446,13.2889,18.4443,41.6903,13.5496,22.9077,65.6921,73.7200,50.8676,33.2862,16.5901,16.9799,13.9662,13.6842,25.6183,34.8397,37.5640,40.2563,44.6650,34.5767,21.3794,10.9150,21.2033,27.1289,33.6052,40.7844,56.2616,76.1743,87.8601,99.8028,125.4930,157.3490,176.2340,183.1730,184.8260,146.3220,74.0155,74.7980,139.4500,167.7120,166.4050,193.1180,198.8040,189.6590,253.0600,323.4040,355.6680,364.9780,331.2630,281.9240,196.7810,101.8430,48.0964,65.9033,78.8500,81.1364,108.2660,150.8810,211.6880,255.0680,276.2650,273.2310,231.1490,165.8060,111.6530,84.4629,50.6677,46.4933,43.0996,47.5769,50.3135,80.1264,90.9240,83.2792
97599.7000,87971.8000,71575.7000,57985.2000,47879.7000,36026.8000,29976.9000,23310.2000,18487.4000,15456.1000,12107.2000,9583.2500,8563.3600,7208.6700,6730.4400,6866.4200,5878.1200,5476.6700,4860.5800,3947.0400,2831.4900,2203.6500,2046.4800,1733.7700,1436.4400,1144.7100,963.4270,1010.4100,966.0850,898.5620,759.2280,595.1800,380.1560,135.3470,53.7090,70.8721,68.0524,73.4853,119.4300,148.2840,122.0290,147.7460,177.3680,181.5120,226.3210,238.6490,269.7160,212.8500,142.3880,123.0290,129.0120,151.6900,154.4950,129.4550,119.7110,75.4820,44.2471,129.1120,197.3000,217.4740,274.7850,295.9820,314.3380,279.4750,308.3150,334.3020,285.5380,203.4980,150.9160,126.4240,128.5950,132.3450,135.6450,149.5180,131.3240,96.6563,95.5121,81.9120,39.1263,18.4819,23.7116,37.7596,61.2639,65.4027,65.1643,91.2320,116.9630,144.3310,164.0770,187.3170,141.1550,66.8996,49.1155,42.1759,23.3159,32.8440,36.1465,28.6808,36.0562,55.3640,51.5462,18.5648,26.8331,34.6508,41.3983,22.9153,20.1469,26.4889,26.0471,27.2122,34.4154,35.6208,28.6171,24.8828,20.4672,8.0948,10.7544,22.6683,12.0113,8.3529,24.0314,47.3642,38.4415,26.5664,23.9172,36.7029,47.9655,27.9953,20.5947,40.5677,45.4313,24.0703,23.2166,57.4044,56.0846,61.1618,29.4006,11.7400,11.2890,19.5258,4.2094,12.6695,28.4920,36.1395,24.5287,21.8793,19.2841,6.6369,11.5556,19.2127,13.3742,21.0224,18.1433,19.8574,33.5224,25.4448,28.7778,22.1539,22.2995,40.6260,18.3788,7.0074,22.6728,11.7016,15.8657,14.6982,10.4271,6.3070,14.9534,10.1147,26.3775,21.5676,11.2403,11.5685,26.0487,17.5857,12.5238,9.5809,7.8158,1.1591,5.9434,13.6072,13.7033,11.5844,13.4370,22.3800,29.0696,27.9551,20.4884,20.6915,40.9789,43.7442,30.6636,23.8072,27.8816,28.2132,25.2771,35.7545,21.5685,32.2280,26.7546,40.0966,51.0181,56.8852,42.7581,37.1631,34.9761,34.2484,17.8155,41.2022,63.8402,87.7484,117.1810,122.0840,113.6350,109.2730,72.9155,38.8141,26.5389,12.8943,16.7897,27.7010,36.7819,25.7529,30.5855,52.2322,42.7540,60.9216,41.5637,38.5831,29.1991,30.7807,34.4566,41.4124,50.5408,41.0888,27.8709,7.3998,19.6996,19.8016,10.2761,12.4018,24.1608,33.2428,41.5057,37.9211,20.3678,26.8004,63.4445,75.6261,88.8180,70.2584,44.2425,56.5130,91.5110,113.8550,125.8620,145.1200,173.6020,187.6490,168.4580,92.8330,87.0354,157.8880,210.6400,211.3640,202.9560,218.1000,224.7930,232.2750,282.2160,344.4030,362.4530,394.7270,388.7290,317.0010,217.4170,143.6300,88.3985,57.4773,65.3935,86.5159,86.0312,114.1670,191.9880,229.6150,250.7670,251.6090,227.1900,158.5350,81.8685,48.2028,38.7793,20.4410,10.6299,11.4076,25.5782,53.7231,62.8635,65.6632
98018.0000,88275.8000,71907.7000,58365.9000,48415.7000,36508.5000,30530.7000,23939.4000,19173.2000,16167.1000,12783.2000,10243.2000,9310.7100,7914.3300,7107.0200,6856.6500,5701.0200,5191.5500,5060.6300,4603.6900,4146.1700,3651.2800,3341.5800,2748.3600,2476.0500,2081.2400,1670.7200,1455.0000,1173.4100,1105.4400,938.0480,781.3480,364.4410,266.4000,441.0270,493.2870,465.1990,378.1890,255.6350,171.2680,154.6200,195.9760,204.9770,200.9480,243.2490,242.0120,204.1830,67.5669,53.3675,76.0775,37.8216,53.4848,83.7404,115.1160,142.6340,167.0380,204.4400,178.8030,179.4440,230.0860,281.1170,275.8140,256.1880,253.1760,256.1060,269.2090,211.9510,163.4210,154.0250,145.2290,147.6850,151.6320,131.8280,102.0590,96.5974,102.0020,85.5771,64.7947,34.7402,45.8244,87.4597,106.8310,93.9910,97.1323,106.4800,106.6020,116.7990,137.6260,138.6810,122.7610,94.5370,81.2019,58.9036,22.5692,18.9691,48.2167,55.8019,50.5259,52.1842,49.3982,46.3408,31.5243,37.1849,50.5491,36.9512,37.5712,44.3940,62.4332,37.4409,15.4154,23.6051,33.0236,37.3794,45.3673,54.4444,45.6757,38.4646,33.1737,48.7703,75.5486,74.7470,59.3452,52.7849,40.1462,30.6128,31.6325,37.3273,37.5706,49.0989,44.1249,19.6078,28.4142,32.5356,22.4232,12.4844,29.9113,19.4952,13.0464,12.7936,9.2908,21.9015,29.4032,37.7295,16.0174,11.8673,6.3403,17.2651,23.7980,25.2833,16.4552,22.2746,32.5575,18.4526,23.8266,45.7477,36.3655,31.2120,34.9715,36.7033,27.8120,18.8163,36.0172,48.6750,39.1037,34.7373,31.0785,39.1885,37.5102,42.9211,24.1158,28.4604,24.0732,35.4189,26.3700,14.5886,10.8103,15.9953,8.3038,2.4946,13.9127,20.5403,24.8186,24.8948,8.5470,18.4944,47.5815,38.6819,47.9610,23.3846,16.2374,5.2315,11.0670,29.7053,21.2468,25.8723,4.9561,3.2725,9.1428,6.4403,19.3178,31.8079,53.5123,55.6676,45.1840,49.1972,61.3837,74.5600,55.1929,28.2598,40.2130,62.4958,123.2510,165.1770,139.7120,121.8450,100.7760,77.3276,45.8777,25.6649,16.6199,9.4426,12.1481,29.5227,46.7810,69.2954,50.5615,39.4868,32.0009,37.0053,29.3308,24.3483,44.2379,69.7130,105.3530,99.2563,65.9120,38.7971,18.1898,28.3159,31.0556,23.7490,9.0175,25.2947,40.3914,49.2299,37.5382,34.4196,36.2331,43.3777,41.7118,44.9329,51.9645,67.4191,55.0270,56.7943,99.3175,104.5800,134.9480,181.2800,189.3630,165.7870,69.9536,86.3955,176.2750,255.1520,241.6940,224.6380,249.1710,235.8330,208.5210,237.7430,310.5340,353.0470,411.6490,394.7590,280.2670,169.4980,86.0679,45.8066,46.3271,83.4134,106.8400,127.8980,155.4340,176.4020,201.7090,219.2120,228.7750,194.9850,125.0790,65.5155,39.8323,31.6876,18.2231,17.7694,35.7393,51.3227,66.5332,77.9664,77.3372
98179.1000,88437.5000,72254.8000,58895.1000,48734.0000,36771.4000,30647.9000,23904.3000,19170.8000,16178.9000,12870.6000,10232.3000,9439.5400,8109.5300,6889.4500,6498.4000,5634.1900,5106.3500,4718.0900,4206.2300,3146.0200,2512.1100,2263.5000,1958.1200,1505.3400,1206.7300,1160.7100,1033.8900,901.6600,774.7020,714.8180,689.9840,458.5340,252.4700,136.1450,222.1220,288.0460,298.7480,145.3240,59.8468,170.1870,225.5920,217.5840,162.1170,89.0094,53.6701,133.0050,165.7270,263.2070,247.0140,132.0680,90.8226,194.5640,242.3470,243.1330,236.0780,226.8840,220.0780,166.4240,106.3120,86.6364,96.8818,125.7630,133.2600,141.2960,122.5980,123.7240,127.7240,139.0450,131.0340,97.6520,84.3684,82.4126,79.8361,83.0434,90.0644,102.8060,106.0460,76.6784,28.0361,27.2643,45.0863,42.0394,69.4943,105.0030,114.4040,136.5280,163.6460,159.9970,142.8550,113.8410,80.9682,53.1732,45.6921,47.6870,27.9026,28.9642,72.6832,76.9126,62.6604,23.2509,26.8746,42.5071,42.6755,40.0602,56.7142,58.8108,65.6006,52.0175,53.9302,41.9440,41.0830,46.9702,40.2072,16.6298,28.3080,49.9314,58.0830,33.5797,19.2551,17.6640,26.5680,53.4324,78.0279,81.2303,79.0939,43.9441,40.6571,71.4338,59.0006,26.3345,35.0241,89.0296,70.5036,64.0671,16.1633,29.5355,26.7835,30.8957,6.6505,21.8586,50.6247,48.7653,53.4498,46.3670,61.6890,44.2735,62.3498,40.2441,71.1449,46.8094,69.5412,37.3944,71.2935,34.8676,61.7382,33.8133,55.6159,42.5301,44.2576,34.6946,17.4074,23.4836,50.4061,62.1062,64.2486,58.9581,28.3766,9.8104,4.0859,12.6281,4.9219,28.3625,48.0104,84.7702,63.7270,88.6007,63.1050,59.1118,40.7062,48.8853,42.9891,84.4773,81.6882,60.0057,51.1925,40.5262,16.6093,56.4614,60.5497,90.9123,59.4007,30.8447,12.6029,18.9011,45.3804,97.3209,100.2200,86.6134,50.8810,57.2948,98.0729,115.9110,88.7064,62.6840,46.8279,40.5000,42.3694,20.5344,59.0025,72.1858,100.1000,107.2960,96.2042,88.5872,90.5009,86.7949,63.9437,77.3735,54.0233,38.7572,19.4472,15.1373,26.2051,40.1523,30.4680,34.5929,17.1368,40.4732,38.7816,81.3144,75.4340,89.9694,46.4634,26.3781,16.5696,39.3561,26.5919,21.8152,18.2087,16.6870,23.9187,40.8987,65.0432,69.5171,88.8063,63.2855,76.2424,52.4231,43.5166,15.7197,44.9760,87.3193,125.8530,115.5080,81.6018,71.6721,148.4960,218.7670,244.2260,241.1050,162.4510,58.9948,90.8146,195.0870,231.4250,217.0710,213.8650,176.3880,153.5760,247.3050,343.1850,413.1660,444.1760,384.5720,250.2370,147.9560,73.7410,50.8157,72.4401,64.6981,56.0343,98.2626,144.6730,183.6180,201.3680,214.5740,225.6560,223.9170,167.2580,92.8136,60.7024,48.2496,31.4322,23.8625,12.5008,21.1631,50.5712,47.3171,43.2834
97614.9000,88071.6000,71867.8000,58380.2000,48205.8000,36336.0000,30370.7000,23742.3000,18921.8000,16012.8000,12784.1000,10232.6000,9335.1000,8019.0700,7130.4700,6878.3000,5995.6300,5907.3900,5690.0900,4913.7900,3507.6500,2643.1900,2365.3700,2250.3200,2074.3000,1848.8400,1700.8700,1528.3500,1239.2000,1058.8700,1010.0800,947.2330,835.1850,691.5910,434.2060,246.5100,111.5310,122.2430,68.3379,52.6927,123.3090,232.6530,237.5820,202.2780,202.1180,207.5670,215.8900,152.7790,78.2871,50.7609,78.7612,126.1770,210.2770,258.3740,260.5320,261.2900,227.1540,153.2210,133.2230,135.8710,123.2160,114.9670,100.1800,94.6169,75.7238,66.7788,63.3690,61.9414,52.8039,73.4753,82.7231,37.6160,19.5317,41.3382,31.1604,19.9572,12.8964,35.8690,35.8878,65.4434,57.9829,37.5123,19.0073,24.1114,53.5013,77.3917,103.0750,88.0849,66.9010,62.1186,57.4541,34.2952,42.9986,26.6149,24.0331,21.5052,21.4414,22.6506,32.1351,22.9635,23.4399,28.7854,57.0634,43.6116,46.4425,23.2314,12.2518,5.6008,3.0352,4.9121,6.5359,11.1421,10.0228,14.2411,18.3657,13.1598,30.2468,61.3297,62.9214,37.1019,33.9157,60.9299,64.0330,59.3446,48.0775,44.6662,54.4122,73.7127,67.7537,45.0689,46.5303,58.9912,70.5626,75.9392,71.1471,60.9884,52.2522,27.2108,12.2588,24.7089,21.0898,18.5731,34.1603,30.6445,25.3781,19.2052,13.1645,23.8446,24.7931,20.8236,8.7890,8.2103,17.5600,15.0176,16.2122,16.4228,21.5911,14.8194,19.1115,26.0977,29.1017,31.1840,36.3339,26.4900,24.2594,12.8275,10.3503,15.8359,20.8578,18.2462,15.4313,7.5929,6.9107,11.5613,16.8633,8.0255,5.6345,4.2667,1.7578,5.9978,13.1287,21.7406,17.2327,21.3599,9.3645,6.5415,4.9017,4.1338,15.7996,21.7479,30.8063,43.7115,52.4654,34.2811,22.9694,27.6730,33.1784,38.4875,44.4942,40.2791,32.2466,55.2509,72.5060,59.0852,45.8941,35.3486,19.8251,5.2496,18.0552,45.2878,67.4600,97.9844,122.9650,113.5290,101.7680,96.3936,81.1813,54.4447,55.7284,21.6503,9.3615,18.7683,22.9522,22.6179,15.6500,10.9547,13.7435,35.6495,34.3903,33.6043,13.2437,36.0156,62.5336,69.8579,58.9011,41.0660,32.4234,35.3205,30.8323,28.2919,40.4195,55.1305,62.8241,52.2533,30.6346,26.6520,25.5267,31.4096,51.9816,59.5358,62.5912,63.8883,71.3890,69.0764,79.8273,95.9522,97.9898,121.6330,161.4810,186.9060,186.0500,131.9860,90.3161,114.6210,178.0700,231.2020,215.1790,189.8860,200.0830,212.7810,257.1920,331.6810,411.7130,450.4010,414.5400,310.6360,172.4590,69.6197,69.4913,110.4720,123.0380,109.3240,104.6310,145.0780,194.6060,211.1100,228.4720,237.0880,219.9900,137.6020,67.7681,55.6603,43.0744,18.4616,22.7940,38.2446,45.0188,54.3555,61.9930,62.8190
97792.3000,88170.0000,71861.4000,58359.7000,48405.8000,36502.6000,30619.4000,24086.4000,19335.6000,16391.2000,13056.0000,10521.9000,9729.2100,8407.4200,7460.1100,7162.5400,5876.5700,4658.2400,3986.5400,3557.0200,3432.2700,3648.3000,3848.7800,3458.7400,3272.2100,3008.3300,2424.7400,1834.1600,1506.0000,1106.4200,913.3500,788.9440,562.0830,383.1050,388.5130,416.3730,430.6650,459.8760,435.6560,355.0100,253.4640,156.1710,47.3707,113.4490,207.6560,248.9430,261.8550,229.4120,129.4510,54.6794,22.2799,39.9649,83.0680,150.5290,208.5600,211.3970,194.9940,163.0620,167.8260,193.1470,200.5320,186.8540,141.9490,102.7520,83.7252,91.3189,66.3059,54.6987,69.8245,80.2403,74.7157,32.1940,14.1567,33.0535,59.8659,56.8920,48.6927,52.1173,48.2553,52.2108,62.6672,68.2426,59.3898,58.0049,74.3144,80.5978,96.2119,103.4140,97.0519,76.9637,35.1456,22.6235,49.3319,67.2084,68.9673,53.8931,36.2913,54.1941,48.4379,24.6249,15.5657,14.9988,11.6726,2.2629,5.1035,16.6705,37.5064,30.2476,27.1485,31.7628,60.1386,41.8038,49.5895,8.9394,8.8369,24.8027,30.7322,15.0752,15.7999,12.3078,27.1282,26.1268,24.6274,31.5287,36.5480,41.8668,50.1691,49.6232,43.5139,53.1686,56.3188,40.3911,27.2720,26.1063,32.0320,23.3712,20.0288,33.4351,35.8907,11.8668,27.5505,40.3021,50.1961,35.3404,34.8243,40.4807,48.0313,44.5761,25.1065,15.6523,10.9906,3.6071,8.3346,17.6944,45.8135,41.3497,40.1987,33.1210,12.4651,14.9845,20.2081,26.3898,19.6486,23.9807,28.8818,42.0792,38.7036,26.5453,8.7053,16.5938,48.0551,22.2381,11.8337,20.1486,35.4904,9.6152,8.4443,22.7698,27.7698,20.0513,29.5202,13.7982,25.8638,23.0942,17.7661,50.6558,48.7729,72.1829,48.7570,49.2906,55.1539,36.9218,14.0656,8.0169,7.9380,10.6210,12.4409,13.8813,29.4142,35.2052,40.4730,27.6113,34.1354,42.8735,41.0585,38.9962,25.6754,22.4835,43.4211,61.1876,76.6832,94.3270,113.7870,145.7990,137.1250,146.0110,53.6217,42.0565,11.2093,18.5575,28.9451,34.5185,21.4648,22.5984,33.7140,49.1063,40.5476,32.2907,19.7150,11.4536,14.2102,29.6531,47.3172,59.6224,31.7842,14.6294,21.9568,62.6597,66.9743,72.7278,23.1993,76.4856,51.7162,49.8373,34.8657,17.7025,16.9862,22.8485,32.6104,37.1995,59.6593,68.2137,60.5656,30.0511,83.6999,87.6619,78.2179,175.1830,192.0260,186.7850,139.4420,111.6050,80.8446,103.8420,170.8900,192.3570,203.9410,230.1290,245.7210,278.6460,304.4850,331.9280,360.4980,411.7980,446.8150,294.8580,117.1570,58.5777,47.5358,74.2712,163.5570,117.5720,97.5716,211.7230,237.9430,226.2980,258.7820,284.6960,256.5600,201.9560,186.1020,80.4511,42.0074,166.2880,139.1280,108.4710,32.8440,30.8504,120.3090,171.0190
98002.6000,88389.5000,72426.6000,59107.4000,48873.3000,36828.3000,30854.4000,24178.4000,19366.4000,16343.5000,13017.5000,10434.7000,9591.0800,8338.2200,7446.2300,7048.7200,5799.1400,5014.6300,4747.1800,4382.5900,3570.9500,3137.0800,2754.4900,2309.0600,2501.1800,2483.6200,2045.8100,1605.1200,1174.3400,730.4030,381.2660,364.9740,332.1980,290.3320,336.8220,304.5650,241.7250,213.3760,164.2740,151.1160,198.9500,218.3190,231.6490,224.3230,259.5620,240.2860,175.6240,171.1920,130.1230,150.6290,92.4803,88.8067,121.7200,144.8590,199.1950,224.4440,209.3500,153.2180,138.3800,175.6020,197.1360,187.6810,172.9960,158.8330,143.4850,124.1540,86.1601,75.7872,79.7347,62.2363,41.1780,10.6440,19.6656,21.3096,20.2527,47.7762,64.7899,75.3919,69.3788,68.4594,69.2786,82.1571,74.6210,50.4946,41.3826,53.8291,95.9906,92.2749,100.8000,110.3610,90.3626,64.7871,53.9940,13.0639,32.2241,20.1485,14.1630,38.9621,59.1653,84.1001,87.5661,82.2138,78.2843,78.8449,80.7360,75.5350,43.2313,15.2994,27.3818,48.9741,36.3973,20.4251,15.1576,24.4074,33.1181,28.0317,19.1834,14.2415,17.1687,34.2866,47.4187,47.0547,58.8301,69.1666,65.5635,66.7685,74.6228,91.5359,106.2210,100.8710,72.3615,51.4672,51.0143,54.3486,48.1880,32.3244,33.3806,40.0857,16.4287,8.9457,7.9469,19.8281,8.4322,7.4008,32.8729,30.0458,28.6481,23.3967,17.9356,5.3357,5.7016,5.4678,8.4480,15.3425,13.2823,9.5953,23.3509,33.9000,40.5057,24.7996,13.6960,25.9748,21.1659,24.1651,25.0755,40.2692,39.7719,45.8707,13.1191,18.6803,17.9283,19.9689,9.4880,10.7082,20.8059,5.3328,12.4174,27.6795,6.2577,10.6251,46.7838,36.8569,40.1037,14.5605,5.8754,11.1898,10.9165,12.6701,16.1867,19.5649,15.4077,11.5871,8.0191,5.0755,12.0612,18.5859,26.8290,27.4572,19.2287,15.8869,17.0495,26.8403,32.8020,35.6690,41.3423,30.9958,21.4362,20.2395,20.8663,27.8693,40.2156,62.5951,94.6095,109.1140,111.0880,126.6470,85.8500,47.7637,25.8349,21.6889,34.7805,24.9207,25.0308,15.0094,18.2920,31.2435,34.5562,44.2157,30.9027,25.4018,31.5516,53.6422,80.4249,103.0380,76.5393,50.0615,36.7880,24.8705,11.5942,34.0279,39.4124,32.1673,16.7193,29.0087,24.7260,37.2763,30.6657,35.1204,51.3197,69.3956,71.4576,71.6871,66.3856,44.6783,46.3012,68.4014,96.3897,147.5020,187.3060,182.5680,153.9570,96.0370,72.6993,128.8250,201.8490,228.7350,202.0750,213.0100,220.2240,219.2970,284.2840,371.0210,428.8940,448.3040,416.4080,311.0410,165.9500,77.0534,81.5757,107.8260,116.0850,116.6240,124.2390,148.2330,201.8090,255.9710,288.9870,292.3390,221.0770,136.5040,85.7866,82.3647,87.6037,70.4018,49.0196,33.3949,47.8685,73.8575,79.6039,82.0311
97698.1000,88138.1000,72064.7000,58690.5000,48447.8000,36527.1000,30581.7000,23896.7000,19082.9000,16109.0000,12839.0000,10264.5000,9460.6800,8096.4000,7045.4000,6690.6500,5549.9000,5046.1100,5040.8800,4645.5700,4082.8900,3685.9200,3420.9200,2976.7400,2676.4300,2310.8500,1893.8900,1533.9200,1165.3700,889.3120,707.6760,662.5280,476.4240,271.3010,181.8880,156.8190,152.6130,180.6860,230.4080,245.7990,201.9630,185.3210,162.4700,144.4740,102.5080,104.6760,102.9510,211.4290,240.4530,250.4730,220.3180,113.4860,99.4858,125.0420,96.3847,46.3369,30.6416,103.9790,175.2560,168.1610,147.2190,122.6490,121.7130,138.0950,166.4970,165.9580,135.3940,145.7030,130.2740,103.6000,94.1391,72.7814,42.5290,29.5888,16.3680,8.9610,34.6209,51.1711,48.8372,45.4140,30.8429,8.6024,14.0606,30.0729,41.6421,53.1506,69.2791,86.5808,88.2479,88.5138,73.4975,45.8079,19.7651,15.6731,24.9994,35.2730,23.5036,13.2544,26.4165,46.9725,83.6543,81.7743,62.2486,44.2776,33.9086,54.5671,68.8002,57.0056,51.3501,50.4145,50.0723,31.6248,13.6824,25.7607,57.9109,55.4323,43.4072,27.1982,22.0477,31.7768,28.3446,10.2328,17.8098,31.8945,39.4579,56.4067,56.8774,55.1119,48.4460,50.2796,39.9488,27.7985,26.6032,23.4909,25.6313,35.4454,49.8042,24.5328,25.6878,28.2949,17.3251,21.0489,39.1849,62.7046,57.9961,28.6766,30.4762,42.0810,46.5712,36.6370,17.8319,11.4363,17.9801,40.6706,47.1017,34.9014,27.0232,29.0331,35.0944,39.7691,27.8736,14.8308,20.1375,12.9024,13.4150,16.1823,26.6688,20.2885,34.3241,20.2122,16.6835,11.6606,24.6393,16.8898,14.0978,6.2071,4.3279,4.8083,5.4771,12.7362,17.5129,25.3820,16.6998,16.1413,12.0431,8.5205,8.1762,20.0593,16.8928,25.7554,15.9987,13.7531,14.7362,19.6698,12.8562,8.7165,9.1156,10.1297,15.6648,19.4143,21.7225,24.4796,38.7385,49.1203,39.7693,35.3030,22.5815,14.3927,26.7828,35.8444,48.7032,70.8592,111.9550,133.4570,117.7370,125.0600,99.3224,46.7933,32.7256,5.4831,5.6528,10.9406,19.6051,24.1519,40.2086,50.0278,61.6124,66.4497,50.7208,36.1313,33.4361,50.8001,73.8693,93.7282,67.5596,36.8479,14.0102,10.6285,25.3728,22.0580,17.1868,3.9288,4.4788,4.6396,11.4089,11.1682,16.4595,27.1809,45.0057,50.1774,36.4183,28.2462,29.4703,46.3237,68.3469,85.8518,96.9551,139.8070,181.9450,178.2740,142.6910,84.2824,93.6565,132.0670,189.8610,224.1300,224.2060,213.4050,203.8170,218.1400,298.4380,389.7860,438.4970,446.1790,403.9800,304.6470,179.7470,104.9470,74.6169,71.7070,105.5210,155.0040,150.7930,138.4230,174.0780,206.5780,213.9870,184.8980,134.6710,102.0670,103.1920,109.9190,84.8136,54.8149,36.0949,44.2124,48.7838,40.7929,20.5376,29.0376
97775.9000,88220.7000,71933.9000,58382.3000,48359.3000,36427.6000,30593.5000,24057.5000,19225.5000,16297.2000,12995.4000,10465.4000,9590.1600,8203.0300,7265.3200,6943.6200,5753.2400,5039.7900,4759.3600,4314.4900,3857.4200,3490.7900,3519.6900,3092.0700,2833.1000,2541.1900,2139.0800,1726.5500,1541.1700,1460.8500,1446.2500,1388.8500,932.6340,507.8860,497.2870,501.1810,407.6540,378.0670,315.1950,222.1180,143.0010,137.8960,237.8450,356.3050,400.4700,391.7730,413.9080,406.1370,341.2760,254.1960,194.2470,144.8230,122.3740,98.4814,60.1456,70.3364,125.1140,157.8920,176.7150,156.8610,124.2630,87.4723,67.7618,53.1630,58.0430,49.5431,68.6154,79.4484,55.7124,41.4898,49.2800,75.9326,89.4615,88.1028,49.1094,14.9926,18.4338,36.1765,59.4092,89.8757,86.0062,71.4723,68.2623,57.9966,49.1921,61.1987,91.0384,117.5600,122.9490,102.1140,101.6500,69.6769,40.1851,41.7804,39.5669,41.5880,57.1487,42.9106,41.5960,36.8520,44.8804,48.7779,47.4494,38.5644,37.0084,58.6726,72.6400,67.8211,63.7176,53.5456,38.9288,31.2423,32.0168,46.5353,40.9210,44.9077,28.8823,20.6716,20.8558,10.1675,6.4505,25.0083,17.6122,12.2064,3.5301,1.1078,8.8092,18.9011,31.3820,38.1870,36.6712,16.5830,6.4074,3.6633,21.3616,31.1066,47.0865,31.1079,16.3623,10.7762,16.8071,20.6167,29.3710,37.1411,36.3027,41.1186,59.7351,59.0455,57.4428,57.4477,50.6773,39.6959,52.7379,61.3070,36.6159,23.0207,28.1392,27.8939,30.3211,40.9293,48.1067,49.6446,47.2988,32.4615,13.6640,23.4721,23.2855,18.8851,9.9220,7.2630,9.6440,41.2225,40.6482,46.4092,27.2898,13.2057,14.7918,24.7408,32.9596,46.3378,29.0678,22.8469,9.7342,15.2585,25.4600,42.4341,41.2417,45.8904,10.4015,7.6487,23.4503,19.7986,37.5558,47.4461,48.7921,45.2895,43.7773,30.7529,16.8141,13.7654,12.0600,16.6473,47.1737,67.2900,59.2745,57.8897,42.8834,41.3576,27.3567,40.9087,38.3050,65.2672,76.3478,93.5043,96.0601,108.7730,75.1100,57.4822,55.1582,60.5076,70.8620,86.4860,79.8410,82.2852,83.6166,94.7310,74.1201,83.7143,49.4923,36.6816,36.3282,42.0420,45.4047,65.3089,83.3131,54.2585,35.7769,27.3821,71.1818,74.7370,79.8812,22.2804,14.8552,38.5155,14.6723,16.7862,38.4251,25.8069,30.3299,39.7095,41.6300,42.8430,64.0837,74.9081,70.1277,104.7970,141.0690,176.9840,224.9680,245.4480,238.7510,158.5570,68.8401,79.6383,152.0410,189.6860,194.4720,204.5420,193.7700,174.8910,225.6270,302.8510,376.3880,417.5310,395.2640,287.2560,177.9060,121.4890,95.5402,72.4175,83.0236,99.9465,85.8215,83.2929,111.1500,145.9870,164.4420,159.3220,115.6990,74.1614,60.2839,51.5382,59.3147,59.8687,48.1541,13.7605,40.0384,51.1319,52.8794,24.7281
98087.9000,88412.2000,72342.2000,59020.5000,48879.3000,36777.8000,30697.0000,24018.9000,19164.3000,16114.5000,12737.6000,10329.6000,9429.8200,7961.4400,7077.0200,6726.2500,5655.7000,5579.9700,5519.1300,4735.0300,3376.7700,2337.6900,1676.6000,1647.6700,1950.1500,1947.1000,1812.6400,1667.9000,1488.9800,1246.0100,972.8180,606.1090,286.6660,299.8560,275.2430,246.4000,312.8660,393.0580,450.2910,551.9020,586.1100,512.2840,375.4130,290.5130,298.7900,400.2370,480.2650,520.5900,407.3790,241.3450,226.7660,272.0310,247.0940,159.4310,77.5731,91.6070,90.5548,103.0850,132.1310,77.4108,63.2150,135.2200,157.2180,165.7960,175.6020,199.4270,166.0390,120.0020,103.8640,68.6199,36.1261,121.0770,107.6750,126.1710,27.1784,27.7918,88.6106,62.9904,42.9734,22.0566,11.9894,27.7183,31.5272,35.2604,79.3209,40.4376,42.4258,88.1681,92.6772,122.2540,88.4689,99.2506,86.9937,60.1541,40.5770,76.1349,111.5580,150.1100,166.4490,119.9830,80.8313,26.3878,23.3282,43.8540,48.3678,53.0540,78.8342,118.1480,113.6390,65.8655,46.0669,63.0280,69.3749,90.4396,63.2596,28.8227,19.6938,20.0207,15.9230,17.3619,59.1925,63.6888,67.3505,62.5235,82.9605,42.3074,76.6190,64.0711,67.4249,27.0050,66.9902,85.8375,45.9494,50.9188,61.3909,90.7752,44.8196,111.7760,82.7155,72.7252,55.8025,72.6429,30.4766,25.0178,102.4150,105.7010,103.4310,49.2583,43.9567,88.9599,54.6093,34.4559,34.4858,56.2414,31.3114,48.7605,43.0119,44.3267,71.1688,72.8610,89.6093,96.4090,74.3519,67.3153,60.5351,52.0765,91.9390,70.5266,126.6260,78.6930,114.0220,70.6684,68.1135,83.3895,114.3720,53.9898,37.0074,41.6613,61.5331,82.5689,89.8308,101.3430,57.8529,44.6322,57.0857,69.2645,88.7958,109.0160,53.4287,75.6721,46.0927,34.3055,82.0350,51.3602,79.3239,39.0706,45.0012,45.9549,83.4710,99.4996,95.8632,54.4229,80.5379,67.1334,43.1324,68.2809,75.1520,51.1546,33.3722,63.4921,17.5389,57.8946,165.3690,179.1370,155.9930,123.0270,59.0271,43.3334,49.8612,67.1479,80.8796,65.3591,51.9867,75.5147,96.4593,119.1690,72.3746,23.2334,25.8250,37.7682,31.0106,33.4119,72.6306,64.0972,30.5897,56.2248,105.1640,103.4340,59.8537,66.9664,63.2649,62.4234,38.5678,76.7594,90.6249,56.7931,71.0241,62.4506,88.9437,77.7258,79.3968,115.7310,127.2070,129.7560,95.1063,116.2000,135.7050,118.9200,203.3810,250.8040,279.1060,166.5840,78.8858,100.3270,87.2490,98.4648,135.7080,128.9620,169.9370,226.2370,235.4670,277.2070,323.5490,341.7700,240.0650,103.1840,57.3277,30.0264,76.3523,151.6030,130.2440,103.3020,110.6120,110.4740,157.3040,186.2830,190.2020,138.9340,127.0600,140.7220,112.5550,124.8560,99.9511,75.8996,73.8485,100.4660,128.4420,73.6319,52.4154,35.8806
97752.7000,88225.5000,72161.5000,58817.9000,48750.6000,37125.0000,31047.0000,24241.8000,19955.4000,17011.3000,13641.8000,11295.5000,11017.9000,9810.6700,9092.6600,9828.5600,8832.5200,7419.5900,5424.4500,2438.0100,1558.7600,3278.4300,5168.1200,4554.4500,3493.0500,2850.0500,2318.2800,1737.0400,1208.4800,1004.0300,858.2940,812.2360,680.3110,456.9880,388.4030,338.9280,322.5410,350.5250,272.9310,183.0210,79.4962,191.8310,324.4690,325.8820,298.5360,243.5910,200.9720,157.5170,100.0450,96.7710,84.6509,76.6490,63.8829,66.3919,102.5720,137.2020,132.2980,117.9620,94.7196,63.6763,42.7451,98.3231,154.9030,207.5260,169.1120,121.2410,68.8952,18.2900,42.2770,68.9710,90.1177,92.9052,101.3580,119.4070,139.1130,150.7870,122.3750,99.3780,89.7337,79.0293,73.2328,68.4582,49.5536,25.1551,21.9514,37.4801,51.4444,67.5701,78.9849,62.1588,45.2869,14.0482,52.5143,61.0587,49.6919,25.3066,29.6701,53.3663,30.7237,18.1010,12.1830,24.4900,45.5391,55.5222,43.9033,34.4982,13.1544,18.5079,31.2804,41.9795,59.9037,62.3589,53.3650,38.6912,14.9010,19.3420,25.5329,18.0768,36.4126,68.0606,63.3317,44.8708,31.9697,36.7043,40.7868,21.1570,22.4692,36.4280,35.7247,37.2505,48.9892,51.7698,43.8987,33.4422,27.5771,31.1320,36.1568,29.9763,20.5494,30.5855,43.7227,24.6532,11.8931,22.4529,20.1676,40.0856,57.0367,68.8558,57.4190,30.9106,39.3662,45.4362,47.3772,45.6539,31.3908,12.0207,6.3179,17.1869,16.3409,14.3117,7.0837,5.2534,6.3698,16.8280,23.2537,27.9324,26.8707,17.2746,13.2054,7.7371,9.0249,19.1369,34.5151,40.7369,51.3969,45.4124,28.1170,18.7204,12.0745,16.5550,21.3427,23.1281,28.5703,33.9129,22.8527,14.8796,15.8120,20.0305,22.0085,10.5680,24.5324,43.2634,71.8679,81.8729,52.1546,41.3597,57.5185,62.4752,59.8608,53.0818,52.7911,55.8340,47.5123,45.9054,49.6439,38.8534,34.5320,41.2933,40.5867,45.3282,78.4894,111.5990,156.2860,154.0000,100.8950,82.3213,40.4631,8.3330,9.4236,18.5095,6.5550,6.1431,7.7664,13.1985,42.8870,56.9503,60.4809,62.2538,39.9891,24.5829,15.0132,12.8409,31.0770,47.5011,62.9935,60.9020,53.7138,65.8347,72.7950,69.1622,64.2263,59.4814,47.7091,33.5969,27.5492,20.0784,17.5530,15.9100,46.6470,60.4569,71.3334,79.1225,76.0383,53.0031,51.1791,88.9552,112.1340,147.8360,188.3370,201.0110,185.0940,117.3130,59.8480,67.5116,126.5450,148.7340,129.8160,154.2920,177.7680,182.7290,252.2880,344.0830,386.3800,394.4700,360.5570,263.0240,173.0560,128.2210,133.9550,144.2400,131.7640,137.7690,147.2380,163.4980,225.6530,269.1240,298.1190,301.2410,252.8880,151.7000,94.4808,114.4790,107.0650,66.5742,47.0190,55.4435,49.6670,58.6427,92.4213,116.0090
97758.3000,88111.0000,71652.3000,58045.8000,48108.7000,36331.7000,30361.8000,23770.9000,19121.9000,16137.5000,12719.7000,10073.8000,9311.6100,7860.4500,6631.7000,6112.5400,4673.7600,3613.2400,3676.0800,3546.5400,3744.5700,3427.9000,3243.5100,2609.6800,2626.8600,2625.1100,2118.3700,1544.9600,985.1900,364.7230,337.3030,447.5800,448.6710,371.3220,393.3700,245.0420,115.8840,56.3877,90.0760,133.6430,139.7160,159.1780,242.2840,256.4550,227.2430,186.5920,158.4900,102.0080,21.2732,62.0461,120.7760,162.6840,169.2710,147.3300,167.3410,221.1720,268.5450,258.3050,226.0720,151.1760,121.2270,139.7300,155.4480,198.3810,206.1570,167.6640,130.4180,77.1639,61.8233,93.8498,127.8710,109.9800,117.0390,106.2970,84.9909,123.1080,97.1012,64.0422,21.9074,49.9533,74.9085,92.7617,93.5009,77.5869,69.2504,76.8521,75.8456,88.9036,107.2020,121.8650,118.7460,71.6265,25.8817,16.0695,50.8108,44.7326,34.4948,48.0925,55.9489,60.3023,65.4465,89.9455,81.2949,52.7393,35.3273,25.3278,13.4253,17.7999,10.1120,27.9060,45.6944,44.4666,47.2924,50.8015,36.3176,15.7569,25.8442,31.0118,25.9173,28.1167,28.5206,30.1650,33.7691,44.5824,57.2871,64.8063,37.5196,28.1205,59.3611,74.8435,52.8253,34.1925,10.3998,30.7871,27.8434,23.7854,26.3717,30.9929,23.1529,19.2889,31.2509,31.3073,20.4951,22.9568,29.3184,31.9358,31.9851,35.1058,31.8638,22.7882,24.1130,31.9732,35.8565,38.7185,27.1722,13.5108,8.5441,16.3005,27.3950,25.0094,23.3841,23.1571,41.3214,37.3664,36.8236,23.5972,23.4510,28.6245,33.6125,26.3379,17.8719,17.1118,11.7913,8.3272,23.0506,35.0329,34.2656,19.1965,12.3175,14.5226,20.1987,25.3990,28.5655,32.2307,34.1237,38.8040,24.4979,17.0207,14.2253,16.4574,18.9298,23.0618,18.2706,7.8167,11.2210,26.8405,45.7958,54.6857,56.5638,60.4414,64.1021,58.7167,52.2231,39.9619,38.0185,20.8247,16.7087,22.3824,37.7421,64.0567,102.7570,127.5130,165.9960,141.6740,90.4109,75.7493,34.9451,64.3515,59.6340,56.3474,59.1105,66.3633,66.0064,64.4442,76.5044,73.3381,56.3574,42.0755,9.5457,15.7723,42.8401,43.5819,46.7753,47.3536,47.1974,59.7512,80.2866,69.9946,54.5169,38.2267,33.1716,26.0315,27.3873,42.0451,33.4471,14.4328,17.6375,32.0440,63.7628,79.4102,74.9935,74.3216,67.4247,53.6547,65.4743,102.9760,149.8230,195.7260,221.5250,219.2270,193.3880,130.0750,76.8192,118.2240,183.4460,217.2080,233.5450,244.4630,234.2600,220.8190,254.2400,344.2140,399.8700,415.4790,367.6990,251.6000,131.2990,78.0313,73.7496,76.6315,113.2100,138.4570,112.9680,135.1450,232.1030,300.6790,307.4980,285.2040,215.2700,143.5380,111.3090,113.6000,126.1040,112.9080,89.2220,67.8025,48.0546,37.1880,89.0323,123.3080
98296.8000,88532.8000,72280.8000,58825.4000,48814.5000,36850.3000,30829.9000,24194.3000,19434.3000,16391.4000,13032.9000,10498.3000,9610.9400,8248.6700,7321.9800,6934.4400,5757.3000,5247.2800,5261.0800,4901.2100,4423.7800,3943.1600,3529.9800,2865.4100,2604.6900,2424.9800,2030.2200,1459.8500,1028.8800,695.1900,735.7870,784.0310,779.9120,603.7080,362.8690,182.3160,134.2840,172.8880,202.5810,190.0550,158.8030,144.7300,172.8110,207.4220,217.8680,231.8350,237.2920,213.1550,156.9950,93.6432,84.3360,126.4410,132.5100,122.4600,94.3877,58.9796,73.8058,190.0370,268.9480,310.7750,376.7490,418.3430,423.8350,397.5120,377.6460,316.2930,261.4500,189.9840,164.6960,151.1990,92.9096,56.9492,144.1660,216.1250,241.4500,179.9930,122.1820,101.6300,103.0790,100.5910,85.1430,61.7520,30.7574,14.0548,51.5909,81.2190,124.0220,131.7980,98.0328,75.4473,74.8679,64.2224,36.7156,26.4055,25.3637,41.7652,39.6014,28.6136,23.6934,21.3464,25.0625,39.6456,52.6422,61.0102,60.3357,56.1738,52.2036,40.7618,34.0712,31.1384,27.9745,15.6447,15.3432,20.3990,16.6094,13.9177,14.2698,18.2175,27.3390,39.2080,41.5071,33.3176,23.0003,28.0885,38.5901,51.4092,56.8165,64.1323,53.8438,31.7041,22.2703,23.9403,32.2219,45.1805,54.2026,51.6791,47.6975,35.5309,37.4403,48.4328,35.5463,19.7251,22.1557,19.9776,15.0580,8.6177,12.3394,12.2475,8.5799,6.8198,18.4580,31.9835,53.5124,64.6942,39.9080,30.5174,34.4216,34.6484,22.9860,26.7545,34.7412,14.1158,16.6677,34.9083,30.7370,26.6110,18.8873,16.0786,16.8325,10.7246,9.6896,2.0838,9.2267,22.2896,46.1804,52.1251,38.2016,15.9152,14.2336,31.1782,35.5954,27.3159,23.2053,19.9639,15.5971,16.1458,22.2595,23.2802,23.5421,27.3667,33.7163,27.7342,16.8347,22.2385,18.6313,15.6538,18.1077,43.0291,44.0412,42.2250,36.5581,36.2868,31.9124,25.8511,22.8059,23.9025,31.2219,41.8590,57.1672,66.9958,84.8198,95.3401,113.3340,100.3830,66.3835,71.9909,46.3854,56.8447,42.2728,42.2346,60.6738,57.5128,50.3880,45.7760,62.7033,59.4512,34.3806,32.5670,18.4195,18.9711,30.8523,37.6358,51.6080,36.3342,16.7749,34.1247,63.4490,85.8828,90.4512,79.1320,56.5793,15.8905,31.1257,50.0798,21.8718,13.9857,26.3775,20.7011,37.7436,68.3288,75.1626,76.1969,70.5656,61.4378,63.0427,71.6021,100.9550,172.4240,217.9360,204.1440,162.7380,96.0804,98.4680,144.2640,197.3850,215.4680,196.5180,203.7780,215.9180,207.8450,267.2210,358.0120,396.2490,397.4560,355.7350,262.2740,133.5040,63.9843,71.7407,82.6519,88.2104,110.7790,116.4620,139.7760,218.6400,271.0130,265.2000,232.6590,186.6450,137.4260,80.6140,65.3754,85.4879,86.0469,86.9373,78.1098,55.4719,69.7064,99.5644,106.6460
98306.7000,88571.1000,72419.5000,58996.8000,48764.6000,36832.6000,30749.2000,24016.4000,19255.4000,16229.8000,12943.4000,10363.1000,9548.9600,8255.1200,7292.5000,6953.5500,5770.9600,5073.0500,4890.9700,4507.9800,3861.6800,3471.5600,3183.2500,2630.0700,2129.6900,1653.2700,1464.1700,1440.6600,1282.4000,1040.6900,903.0390,784.7960,616.5920,540.5470,505.3950,365.0940,219.0510,79.6348,104.9410,130.5600,124.9430,92.1418,25.9481,58.7627,121.9950,197.5470,226.7400,210.6850,216.1920,205.2090,215.7990,223.3080,241.1700,253.3770,251.0160,281.3850,313.4280,400.6050,470.8960,432.1400,441.7150,360.7250,252.5340,233.9130,232.9910,201.6020,166.0520,143.9430,67.2308,24.5788,32.4463,39.7930,65.2207,93.4885,80.9229,54.6152,45.0234,51.1964,55.5039,55.5716,52.8270,40.8949,6.7467,37.4306,51.3967,66.4327,35.2481,21.4640,42.9263,39.0420,31.1448,24.9151,18.0176,31.8783,25.7195,21.8840,21.0767,22.3816,25.5669,38.4529,28.1282,28.4678,22.9951,23.4142,38.5674,15.2098,5.8037,1.6188,2.3858,7.3686,3.5160,11.7650,13.4940,25.2600,8.4767,6.8615,17.1355,5.6350,13.8294,21.6498,16.3704,31.1327,39.6578,38.5437,30.0125,41.0566,58.6180,49.9634,37.5438,38.8009,26.5597,13.0079,25.8592,43.3964,52.6074,52.5778,51.6381,27.3381,14.1301,22.6552,26.5881,23.2855,27.3923,27.4143,16.4746,7.4088,5.6281,7.3814,11.5602,21.9940,26.5546,34.1380,31.3263,22.5151,19.5850,18.7598,18.3777,16.5973,18.2651,18.2459,17.0481,16.7846,14.7616,12.4601,13.2150,20.9071,16.8435,24.8226,12.9355,6.7999,1.6887,5.3121,15.2602,31.8089,31.3363,33.1664,31.1420,32.2030,29.2042,44.6481,27.1100,19.6062,10.9990,18.9454,23.8754,28.9147,37.0074,24.0474,17.1856,3.6243,0.7932,3.9804,2.9530,12.9626,21.0158,32.9795,28.1309,27.9328,37.6763,42.5870,45.2546,46.5776,47.3749,34.9071,23.5772,15.4446,12.7819,12.9953,41.6278,75.9063,96.6603,116.7100,141.0450,159.4050,113.3520,102.5060,41.4368,38.3839,21.6306,28.3320,31.6031,30.6634,16.3891,25.1966,44.4717,61.2080,47.2338,59.5173,40.4493,35.5088,32.1977,32.7785,25.3706,26.1398,36.3430,29.3016,15.2505,20.1556,34.9564,45.7253,54.2416,58.1287,43.3878,27.6749,19.5282,18.9591,16.0512,5.7340,18.8381,34.4974,45.9431,51.1549,49.6005,59.7781,90.7215,124.1350,135.1340,175.1510,236.1790,249.6820,231.4690,165.0260,109.6570,112.3510,166.1630,200.7990,190.5780,198.2130,216.7000,238.7810,310.5070,386.7290,447.5960,471.1310,448.0630,340.4310,207.9910,121.7900,74.5256,68.5248,79.2727,100.2080,125.6510,161.6530,225.0820,269.1690,287.4960,277.2710,205.1290,107.6830,83.2249,101.7500,87.4888,73.6742,62.3584,39.8158,30.9020,54.5279,97.1703,123.7360
97930.5000,88244.3000,71755.2000,58132.1000,48194.7000,36422.0000,30413.4000,23818.7000,19125.4000,16196.8000,12867.1000,10284.6000,9443.6000,8057.5600,7099.8500,6763.7300,5514.1100,4827.6600,4678.5100,4168.8300,3523.9600,2931.5400,2780.9700,2364.9800,2174.8900,2055.7100,1851.6800,1657.0200,1212.0500,877.9290,642.2250,586.1350,542.0870,513.6500,472.6370,432.6660,449.1070,468.9440,445.1540,337.6840,203.7010,185.8450,309.0420,344.9130,323.1460,311.5550,312.1830,299.4530,218.2080,118.7430,73.1321,91.3015,79.5769,69.5876,36.6409,90.5512,113.7610,104.4140,109.3370,167.9140,210.0250,223.7410,207.3390,209.0000,215.0250,225.5990,279.4130,311.5190,294.4220,264.1730,207.7160,100.8280,28.4101,34.2504,54.0323,72.2539,97.0800,81.9879,61.6899,38.0638,20.1345,35.0562,28.0131,23.3110,29.3918,35.9214,15.9907,14.7591,21.6660,11.7718,12.7479,7.4063,20.0547,29.5594,30.5060,44.6844,45.4668,26.0376,4.8224,21.7658,12.6824,29.5308,40.5925,42.5291,31.3303,25.2156,36.2969,43.6035,40.3755,37.6694,32.1056,26.1913,22.0474,17.5492,16.4869,26.1800,48.3570,46.6448,29.5774,16.3242,7.8909,9.5401,35.2999,42.4237,49.1993,45.0093,45.8828,23.4118,13.7646,11.2531,19.1624,36.9496,29.7767,15.3586,21.6530,20.3291,12.5656,24.0536,29.2153,28.3813,26.5956,34.2198,46.7408,37.7976,23.2624,20.9348,22.0674,20.8146,15.4251,13.7077,19.7525,27.1683,19.7269,12.5452,4.1255,15.7635,23.2477,33.4085,41.1101,35.5307,34.4246,18.8232,12.4145,26.4387,27.9672,27.5145,19.6422,15.4626,4.3239,6.7520,14.3234,9.1691,6.3804,4.1917,7.5675,10.6082,13.1480,11.1747,7.6209,7.6541,13.6470,20.7260,20.4456,15.1982,5.4187,15.8199,15.5328,14.2663,11.5262,18.7884,20.1013,28.9664,25.6158,23.5393,19.5057,8.5837,6.6793,11.5998,20.4454,30.2500,35.5445,39.9425,44.7614,35.7484,28.7700,18.2824,22.8652,33.4809,49.0168,47.0404,59.9667,73.8904,92.3602,90.8247,65.0246,51.2624,27.2264,52.9815,43.8256,34.7780,26.6467,36.2557,39.2670,22.9589,41.5665,61.3273,44.7750,30.9685,14.8936,18.2312,31.3764,57.8940,51.7697,42.8881,14.4914,32.7647,40.6711,53.8886,44.2177,36.8496,25.8154,13.8351,12.2901,31.0614,49.5765,58.2484,64.0424,38.8597,46.5561,91.3370,98.9483,92.6655,71.2118,52.6834,85.8821,120.1240,121.3420,160.0650,227.5940,233.2630,211.6950,143.0120,92.7512,129.8950,187.2080,198.1230,201.0410,248.2210,248.9520,227.3290,302.7100,399.7270,441.6120,446.7200,449.5970,359.3460,202.2500,117.1740,125.5040,116.7110,102.1070,136.7300,162.2940,181.3980,238.0520,275.3220,286.4030,251.3750,187.6510,100.7660,63.3511,99.2370,92.6128,74.8275,86.0520,85.0856,69.5613,37.1606,12.7284,63.0605
98521.9000,88707.5000,72307.9000,58749.4000,48808.4000,36891.3000,30824.4000,24144.3000,19448.3000,16383.3000,12891.9000,10264.8000,9423.3900,8009.2600,6973.7500,6578.9500,5403.8300,4663.7900,4403.5800,4055.8500,3296.5100,3029.0100,2763.3100,2552.6200,2534.0500,2474.4700,2458.3400,2694.7300,2907.6000,3258.0100,3554.8200,3278.7200,2412.9300,1473.4700,836.8900,1172.8400,1405.3400,1201.3600,504.4980,392.5590,541.7720,325.9950,224.4120,245.0350,114.0170,46.3773,136.6950,154.3450,257.1720,362.3460,358.0080,322.7900,237.2800,89.1127,48.1350,82.8303,64.2961,43.3486,58.3885,64.9742,107.4850,124.0510,131.5050,142.6250,147.0900,114.2900,51.3556,37.4585,62.7126,48.0608,61.1474,115.4260,124.3650,130.7750,92.3793,66.2277,66.4980,65.3468,62.7788,55.5565,39.4191,17.4387,13.8488,9.4594,34.5511,53.5818,72.0607,52.6733,38.3339,30.7960,32.7007,26.1331,24.6910,26.5008,30.7925,26.4532,29.1743,38.1901,44.2533,27.9012,13.8166,10.3990,8.1764,16.3489,42.6592,29.9993,20.2527,20.1317,36.8672,55.8256,50.4901,50.2974,52.2569,51.4928,46.9571,51.1442,57.1404,51.0469,38.5283,24.1939,14.0375,19.3213,25.5088,30.3640,32.6011,35.5393,30.8189,10.4101,16.2375,35.5915,35.9453,16.5359,18.2921,38.0809,42.4477,36.5337,27.8670,22.7085,23.4454,35.7184,47.9957,35.9277,18.9889,26.1591,32.2632,31.2670,28.9559,31.8672,31.1033,18.1142,9.9740,5.9089,5.8547,6.7759,9.5372,23.6220,31.8069,37.8079,23.4107,15.2513,18.9536,18.3632,4.0396,12.8241,21.8069,5.0079,9.9923,33.0817,19.5517,15.3086,7.3287,8.6072,12.0201,4.3483,6.0958,8.7465,21.3023,26.0754,30.4496,26.7361,15.1670,32.3368,38.9795,51.8146,43.0201,30.2628,38.4992,46.5504,44.5126,34.5177,30.4751,33.6485,33.9143,25.6972,16.4874,7.9727,5.8414,30.4578,47.6000,52.9679,55.0835,48.2943,51.3916,47.2167,47.6817,42.0566,32.6413,24.7711,30.7936,45.4666,69.8361,95.0054,136.8030,153.6630,105.1480,95.6707,32.6340,35.4371,31.2545,32.6289,36.9081,36.0436,31.7359,29.7206,40.0876,48.8183,67.7898,60.1059,39.2756,27.5473,21.4948,14.7842,13.4445,13.0271,16.1109,10.4328,32.7080,53.7519,42.2226,37.2783,32.1461,32.9822,45.7250,29.7331,12.9586,9.2140,10.9816,43.4679,43.4964,75.9040,66.2498,64.6541,65.1290,60.9298,54.0299,80.1799,116.4750,161.6750,217.3990,207.7830,186.0290,86.1048,63.8176,142.9280,202.2390,213.1090,172.5050,186.2620,217.1750,204.3700,248.0740,326.7620,366.8630,375.9760,330.9310,223.3710,108.2390,56.0610,60.7019,67.2513,96.7646,121.5350,116.8000,128.8760,151.3310,161.2060,148.6110,117.8680,99.4348,88.8629,80.3196,84.8853,84.7852,79.1816,78.9368,74.9218,65.6209,38.1542,10.3947,38.3651
98478.1000,88719.3000,72521.3000,59033.4000,48833.9000,36890.2000,30779.2000,24040.9000,19290.1000,16256.6000,12935.3000,10366.3000,9564.0100,8238.3500,7229.9900,6884.4300,5723.7200,4963.3200,4697.8300,4325.0900,3585.9400,3190.4400,2973.5500,2621.3800,2499.2300,2243.7800,1958.8800,1774.1900,1639.4500,1488.6700,1383.0000,1470.6800,1623.9800,1816.3700,2131.2700,2637.3700,3297.6200,3738.4100,3543.8700,3120.0700,2208.6000,825.7490,470.6220,942.4680,1144.5700,900.0800,806.4800,777.4780,567.7290,461.3160,437.1700,408.0470,364.1530,326.3960,296.9830,282.2760,308.7270,317.7930,300.3760,260.2900,215.0200,164.2890,124.4310,64.5586,51.9493,78.0373,72.4270,43.8840,62.1481,65.2696,70.8108,46.7773,25.2144,23.5981,19.5665,37.2721,37.2553,31.4361,38.5909,52.6168,63.8449,42.4509,31.3575,25.7907,24.0313,45.0323,82.3161,121.0290,152.2940,177.2600,201.9510,175.3280,108.1600,67.6860,42.9012,32.4469,20.2768,35.6789,57.0708,53.9647,51.0257,32.9368,24.8295,27.6877,21.7772,27.1842,12.9333,24.6337,11.7336,9.0626,17.1087,14.3651,16.7090,10.7822,8.6842,11.5849,14.9210,22.8608,29.9753,41.4255,39.6169,28.6811,17.3040,9.9408,26.5076,44.5143,37.1133,21.4309,19.6923,29.9535,29.1268,17.6202,21.8127,8.7738,10.4014,21.8917,8.0806,10.0490,26.4654,17.9057,13.2384,12.9434,17.0027,30.6079,35.8428,43.6001,31.5750,14.4635,14.3797,28.2184,18.7870,13.3148,1.7477,10.1196,11.7274,12.4231,9.0342,5.8920,8.4543,19.5599,44.5176,41.7970,28.3915,20.0013,29.9397,40.0339,23.5328,32.7137,48.1246,40.2246,37.2857,15.0610,11.9535,16.9476,22.8315,31.3520,35.6572,26.4508,25.7447,25.5544,19.3229,12.6133,13.1013,12.6081,28.3713,38.5542,55.6958,43.9232,22.4742,11.1815,1.8039,8.1253,13.6000,28.6922,28.5749,28.7019,25.6181,12.5938,5.4043,5.7834,13.9868,31.6192,41.2322,44.0594,43.8772,33.3891,26.1994,27.3272,28.4536,32.7410,26.6339,19.9514,21.5933,32.8295,44.4166,73.1255,56.8547,49.4578,35.9615,24.1686,25.1344,32.6895,43.0769,56.1216,74.2496,81.2145,70.4223,57.9021,11.1112,13.1294,35.2869,32.5385,29.1629,29.1735,26.7922,39.9284,41.4291,41.0369,43.5875,26.8206,12.8753,15.2243,22.5600,30.8762,26.4500,33.7557,50.6740,55.2104,61.4139,77.9724,108.2470,92.4055,80.4851,66.1525,87.7191,95.7527,77.8507,106.6090,159.5820,172.6630,163.0170,129.4510,96.7686,109.5800,158.9790,176.3020,149.7400,149.3740,164.2510,157.2300,189.0340,248.5500,283.6910,296.4650,280.0730,196.6620,81.7219,24.6278,22.3528,34.5191,80.2756,111.7480,84.1264,59.8457,53.4808,61.1965,72.7315,54.4906,18.9313,14.4505,35.0370,38.4469,31.7276,25.3734,21.1257,26.7644,19.2297,23.6232,26.0100,58.3395
98144.9000,88467.8000,71969.6000,58277.6000,48278.5000,36535.4000,30427.4000,23728.4000,19062.8000,16128.4000,12791.8000,10206.4000,9431.6700,8053.3400,7015.7500,6684.3500,5494.5200,4789.7900,4617.0900,4171.2200,3544.2100,3042.4700,2874.0500,2400.6700,2190.2100,1876.6400,1508.5000,1328.0000,1046.9000,864.4470,681.2750,591.0490,486.8780,427.9340,415.9840,338.0000,306.5140,402.0080,496.4990,631.7550,794.6840,818.0020,778.4570,652.1620,341.2380,237.2300,304.1570,492.9030,500.8500,430.1440,337.3150,247.7580,125.7420,50.5988,50.4187,54.9312,86.1797,157.3680,193.2960,207.7210,240.5810,292.2550,299.6610,254.8830,220.0140,161.9620,120.8080,118.1380,130.8800,103.3740,78.0662,13.6465,26.9284,35.9763,40.8761,50.5060,54.4520,32.4463,20.2937,13.6393,17.9742,27.3652,35.0997,38.9813,37.0593,27.2379,17.2098,11.1279,4.9429,17.6298,28.5176,46.5242,56.5513,59.7244,33.9425,43.6144,60.2335,37.1573,29.4904,49.4942,40.4843,32.2178,17.5867,15.3034,19.0258,18.0063,21.0162,19.2535,14.6626,7.5898,16.0414,22.2501,21.8112,30.9248,44.4570,35.4245,36.9426,8.5003,5.1500,6.5886,14.5951,22.5136,45.7111,39.7200,34.5145,22.2558,15.4751,20.2765,23.6952,18.9572,14.2947,20.0728,21.6286,11.2855,15.3261,21.2880,12.3604,8.3897,7.0552,7.3711,14.5632,12.4201,9.5032,4.0331,2.6454,5.6223,8.3318,21.6411,19.5474,13.3671,11.2659,22.5980,29.7704,16.5029,18.7851,20.5954,29.3784,37.2561,30.1594,17.5926,13.3333,11.5550,11.0524,12.2074,6.7616,9.5924,3.7980,12.9808,18.2142,27.4684,18.8122,21.6403,23.0946,33.3629,28.2608,42.7043,35.1093,37.2732,43.5087,60.5304,51.9859,40.6704,17.4872,11.2440,26.1722,9.2797,13.1765,34.0279,30.1147,28.8562,21.7588,31.8728,34.8571,28.6366,21.5295,21.8940,31.3326,30.4396,10.3535,11.1981,41.8369,41.7757,37.4230,44.3629,57.3858,62.8666,39.5603,37.0231,38.5599,32.1237,18.9310,20.6850,24.2815,14.2943,26.5314,62.4268,53.6495,47.6867,40.4027,27.8206,23.9223,19.1585,17.5617,28.9047,46.9476,57.5793,49.2846,36.0368,12.3058,25.3423,48.0237,43.1487,38.8583,44.0765,31.5333,36.6894,33.1238,33.9680,30.3510,18.1871,5.0453,20.8712,17.9358,14.1969,14.0255,19.8942,13.0028,10.2049,5.6957,3.3638,7.2592,27.1716,41.0857,53.5838,43.0934,49.3409,67.9350,87.6602,102.6510,112.6430,108.7670,60.1865,32.1231,68.2478,114.4610,108.7190,82.0908,92.4205,122.6870,143.9360,163.0850,193.9480,214.7540,234.5690,194.1120,115.4690,50.0915,21.4060,39.5605,72.3899,84.8967,64.5423,47.9591,60.7632,79.7395,91.2108,97.9003,61.9560,26.6726,5.4600,7.5699,16.3427,28.4956,27.1322,41.8965,59.3553,64.4405,79.8849,44.2009,75.8898
98744.1000,88949.4000,72414.2000,58720.1000,48813.0000,36913.0000,30836.9000,24184.2000,19480.4000,16445.6000,12994.4000,10430.4000,9589.7800,8184.0700,7165.1500,6742.7200,5545.5400,4889.0200,4691.2800,4205.1700,3562.0100,3018.2900,2841.3400,2358.3300,2157.4900,1817.6100,1408.8500,1223.0300,925.4680,704.8300,487.7090,381.2570,267.9430,211.7250,180.2960,79.6015,58.9188,109.6260,135.8340,118.6170,78.9776,123.8600,173.9900,236.3890,333.8760,398.6160,277.2050,100.2830,148.1570,402.4340,511.8370,473.4030,422.8540,343.8990,254.2000,144.3470,105.8370,83.8113,91.1367,131.1600,172.1880,185.7510,177.7340,173.5280,150.0510,122.8520,98.5939,124.6380,164.3500,139.2980,119.0490,45.5294,19.4203,16.0429,20.3663,37.3277,32.5237,24.3640,18.3589,20.5601,34.8081,35.4041,36.5896,19.5504,17.1375,9.6596,6.1376,28.3490,24.6771,29.3541,32.2081,28.7510,40.0656,31.1881,21.3408,12.3640,11.3945,20.8758,36.5638,32.9884,27.2928,23.0520,20.1185,17.7003,16.8721,10.7252,15.5670,11.2974,8.0463,5.1707,19.3492,18.6690,27.7327,6.8832,7.0138,22.9122,21.4719,20.4988,19.2526,22.6054,13.5977,16.0851,4.4442,7.3879,31.2365,30.3085,37.6589,26.5389,30.1199,27.6765,19.2378,21.0181,31.5811,26.0571,19.9118,12.9077,8.6106,12.3683,4.7682,7.6460,28.8565,30.7307,31.5995,23.7947,7.5586,2.8109,2.6824,7.1060,10.5489,3.1872,9.8081,22.0662,30.3998,25.8295,23.1421,24.2322,17.8080,25.8746,23.8931,20.9276,7.9952,7.8445,6.7605,3.8281,5.7329,13.5663,7.0632,1.4198,4.7544,3.9218,3.3054,5.2217,3.5197,8.7057,27.6860,24.4634,21.9340,17.4841,26.7639,31.0604,29.2968,41.1997,41.3044,39.5864,34.5963,37.9482,19.3978,18.9059,5.9809,3.9230,27.4086,37.1255,50.6795,41.0637,17.6619,7.8094,18.9482,16.4930,14.1775,12.8180,19.6465,44.4557,66.2893,62.8729,65.7258,51.4809,51.2572,56.8256,62.8488,68.7501,68.0318,46.9931,27.9886,25.1662,38.1039,52.8442,50.4194,45.7323,14.8905,21.8537,42.8773,34.9653,33.4143,40.3067,65.9915,55.9558,44.2251,25.2763,10.1947,8.2199,13.9020,22.9288,17.1279,10.7035,20.6774,24.8530,31.8129,38.1854,53.9042,47.5081,34.1554,36.2693,34.5953,28.4903,26.8421,32.4485,44.9775,58.0284,75.2486,82.3714,78.1931,59.3706,42.0005,22.6535,27.1291,32.5030,43.3122,74.3298,105.5100,107.3520,102.4090,96.5002,78.6932,50.4483,56.9411,76.3439,72.5191,60.0395,55.4927,64.4527,74.2798,82.3958,80.6928,75.9714,68.6726,49.0339,28.0633,19.0830,14.2929,22.9815,22.6275,24.2782,36.5758,41.7811,51.7495,60.6710,67.3126,51.3063,27.9376,42.1467,36.4330,24.1085,8.9614,22.5508,25.5330,29.9773,39.0847,51.1545,51.4464,85.7443
99038.6000,89186.0000,72846.1000,59269.3000,49083.1000,37107.2000,30908.6000,24127.6000,19381.2000,16307.9000,12959.2000,10424.4000,9609.0900,8288.0100,7317.4900,6942.5300,5752.1900,5024.1700,4769.2600,4327.8700,3627.2000,3124.2500,2899.2900,2423.2200,2195.6400,1880.2000,1492.5500,1233.3600,971.5010,750.4070,565.4990,477.5020,340.5200,265.9410,240.1650,151.6520,74.2159,65.7167,111.7710,161.2760,174.4600,195.7190,242.4790,254.9460,266.7390,290.2480,269.9450,240.2020,246.5500,385.5110,552.4520,696.7360,803.0130,880.9080,838.1550,755.5270,549.7550,225.0060,83.8364,124.4330,141.2900,68.2941,91.0994,184.0740,227.5710,214.6350,185.5870,172.4820,157.9840,162.6610,132.8120,77.8210,82.9634,113.6540,98.6978,76.5751,78.1710,88.1940,84.4201,69.9200,50.6383,49.0400,53.1534,32.9977,29.4502,21.9355,42.5011,43.9998,51.3705,55.8502,58.7925,32.3932,15.0239,11.9823,11.2035,16.4213,13.6655,32.7395,63.6645,52.6812,45.4446,33.6867,17.7930,27.2927,17.0384,15.6205,8.6485,14.9333,19.7450,24.8822,34.8450,26.3451,27.0476,34.0266,32.6328,34.4903,37.6994,35.8497,15.8826,11.1899,16.0915,15.4421,16.0458,22.5876,31.0370,24.9702,21.3662,5.4744,4.1770,4.8137,10.7454,11.6061,13.1223,12.0808,14.5030,18.8372,20.6701,21.3311,19.2269,15.8938,22.2167,17.8879,11.7879,15.7482,19.3632,21.6032,9.9580,11.1314,24.4215,15.5789,11.5793,1.1144,7.0813,14.7189,27.9561,27.8128,28.3397,9.0490,15.7856,26.0667,27.4573,20.2788,32.7553,34.1662,27.9814,15.7683,19.9446,23.1102,24.1279,19.2974,14.8370,13.9841,14.3075,19.2461,18.5580,20.5232,29.0665,42.9981,43.7980,30.6294,32.5939,37.3461,32.8133,29.3622,23.4868,22.8636,27.5591,30.1918,28.2754,21.4180,16.1915,13.3036,21.1684,26.9243,26.6231,23.6271,17.1330,20.1564,14.3350,12.2700,18.0945,16.7473,15.7794,20.7414,29.2547,36.1098,29.6017,19.9774,21.8347,27.8478,32.3459,30.8824,19.1726,13.1712,31.5858,56.9986,51.4313,44.4377,35.1401,32.5853,32.7083,24.5647,20.6413,20.0326,40.5481,62.8261,53.6354,62.5163,29.9899,21.5801,7.5575,8.5833,11.1498,8.3660,6.6654,6.0845,14.9112,18.2569,36.3746,29.1841,19.1406,19.2809,23.6484,30.6679,45.0136,63.0438,76.6595,76.8415,66.2930,62.0275,61.5810,62.9453,56.2917,57.1875,73.9948,85.1061,93.4380,119.7960,155.6650,161.2530,162.9330,119.5970,45.9882,39.5474,36.5851,52.6293,34.7161,23.6326,48.4185,59.2611,47.6528,27.8207,26.6055,37.0634,26.9553,27.5105,28.5995,37.1201,38.1067,36.8771,40.9523,43.8438,38.2561,34.1165,44.5438,47.5820,47.1253,23.8359,10.1942,6.9878,9.1210,23.9593,26.4014,14.9093,15.1559,24.2934,42.0587,58.0793,66.4061,98.6864
98563.1000,88811.1000,72265.4000,58520.3000,48476.0000,36733.6000,30564.4000,23775.2000,19107.5000,16155.8000,12804.1000,10197.1000,9446.2100,8113.9100,7078.0100,6731.2300,5541.5500,4832.0300,4645.6700,4192.4900,3552.9700,3047.5300,2895.6000,2421.1900,2210.6300,1885.7600,1489.2600,1283.8700,991.8860,780.0810,570.9120,468.8720,358.6840,292.5010,259.2570,174.0990,94.4369,79.5789,127.8770,178.2750,158.8380,160.5450,203.6160,195.3070,171.5830,137.3580,115.8650,79.0610,28.1642,104.9310,189.1630,297.9470,415.5180,515.1260,609.5310,708.4350,781.6960,751.5610,632.0140,487.1870,255.4720,107.6420,213.9500,311.7960,311.9770,235.8570,215.4280,252.2220,251.8100,195.9650,135.1150,83.9433,77.8333,111.6440,135.8730,149.2060,124.5380,79.8476,68.5135,66.6777,49.2641,36.0172,29.9789,34.6529,43.8106,33.3996,20.4882,14.9289,20.1173,33.3251,23.9907,32.2000,32.6236,33.0457,28.7430,14.7670,24.1780,41.6948,59.5043,32.9550,15.3872,17.9890,23.8699,25.8635,39.2517,50.0446,53.6665,51.3694,37.2493,40.9446,59.5716,57.3315,42.6032,31.7545,33.6847,45.4744,55.2007,59.6343,38.7348,15.0986,8.9733,26.2066,21.6313,13.6584,13.9563,21.2672,29.5756,4.4340,20.8453,32.1324,30.4115,17.3473,13.8932,14.6057,13.5098,17.4556,9.1393,4.4443,7.1534,5.2434,18.2814,29.2049,41.1493,31.3728,30.3504,26.4832,27.3626,35.1974,35.2052,21.7770,20.5061,15.0298,41.1317,47.3107,42.9876,39.8151,35.5400,11.8617,29.9597,39.0611,37.4223,31.5790,30.1568,19.1798,14.6328,14.4930,8.4622,8.2224,23.2124,27.0851,29.6124,30.4572,32.5003,25.9369,34.2708,47.8103,63.8472,61.3003,27.9889,12.3250,7.7946,6.9515,2.9025,15.9184,24.5813,31.4478,37.4041,39.7345,36.6799,37.2648,39.5459,47.3581,42.8879,32.2033,27.0431,27.6235,10.8436,11.1932,6.7653,25.8216,37.4538,66.4488,66.3038,60.7568,62.5894,58.2523,52.8440,46.2174,42.3224,41.4709,43.9622,39.0428,27.1498,12.7159,9.5094,38.3024,55.3134,64.9443,69.8111,58.2602,58.8370,59.1166,60.0561,38.9746,26.5578,39.8254,37.6243,45.4690,14.0621,10.8363,32.7163,32.1048,49.4996,27.9279,18.2832,10.6645,12.6656,18.5825,32.9073,29.4843,27.1022,16.3114,21.2698,43.0915,28.0966,18.3304,15.9491,21.7364,26.2067,28.1297,29.1912,33.9474,37.6094,32.9596,15.1465,19.9111,32.4524,37.4574,49.0608,69.3665,74.8699,60.3092,39.1001,17.0685,14.0621,15.3919,22.6274,36.1928,34.9677,24.9996,26.1381,34.5827,32.0036,30.9687,36.6020,26.8837,22.0775,20.0519,43.7308,50.3438,63.5693,43.6220,27.9049,32.8706,41.1283,45.1505,47.2368,44.2906,29.2106,16.5427,12.6611,9.5585,21.4044,14.5574,12.3299,8.7879,24.5580,51.3445,65.5025,114.0620
98609.9000,88729.6000,72054.7000,58335.4000,48533.0000,36735.7000,30676.6000,24048.3000,19369.1000,16374.4000,12972.8000,10412.4000,9564.1800,8158.7300,7183.0000,6799.7200,5581.2500,4921.4800,4728.5900,4234.1900,3586.1300,3053.7100,2894.0100,2391.7500,2191.5900,1898.2900,1517.3800,1310.2200,987.8360,741.2390,542.2970,458.2710,370.3720,308.7740,254.3440,121.2170,64.0378,83.0403,111.3540,136.8750,122.6200,158.3320,232.3330,237.8950,236.6450,224.0240,220.3010,159.4280,84.2095,43.4815,41.2554,54.1445,95.6652,128.8300,145.4610,149.4290,180.7300,254.5320,336.3910,427.6660,469.4310,507.8480,620.1550,684.0580,687.3370,687.9040,561.8930,326.2600,170.0800,116.4110,117.0380,149.0110,162.7590,145.2820,153.2900,166.2210,184.2840,188.1520,174.7040,149.4370,135.7750,117.6160,96.8812,72.9487,57.2271,78.8854,113.6250,115.3790,82.3944,66.8164,53.9084,40.8292,15.8440,10.5467,12.1856,7.2820,15.1893,25.6348,54.1690,53.1516,40.0285,34.1258,29.6095,13.3455,22.3650,15.0611,16.0437,9.6252,14.1697,20.9910,33.2691,38.6540,38.3850,29.0330,11.6211,26.0547,35.3759,38.2525,34.9575,28.8600,25.9043,24.5888,9.1884,11.2658,21.7752,22.8825,15.8130,3.5694,12.7617,24.0519,17.8546,22.0485,18.1985,36.4650,38.6853,32.6578,21.3092,16.2890,13.4357,20.3602,27.0535,29.9461,32.9914,35.3776,36.9006,25.2906,26.2525,18.9672,21.5762,31.4365,51.1215,51.9850,34.0813,24.3526,17.5493,22.9624,13.4368,13.1489,8.2609,10.2602,21.5630,21.5197,24.5730,12.1497,18.6525,22.8055,39.6852,50.7607,42.2604,33.0449,19.3510,13.0018,20.1589,27.8775,14.9483,19.0653,9.0106,11.0305,17.8642,22.7570,22.2720,25.6796,19.5651,28.3231,23.2057,27.2599,22.6459,10.4377,8.2447,23.4747,24.0181,31.6109,13.4711,21.4820,18.5910,25.2512,34.2134,42.7515,36.5687,30.2015,22.6796,14.8472,3.1775,3.3052,8.7736,41.5958,52.4689,53.3031,46.3302,45.7619,43.8919,39.1105,35.0536,21.3019,17.8860,32.9636,38.5507,40.1426,38.3746,31.0224,41.8023,57.2861,50.6753,46.7697,37.7416,57.6976,62.9968,87.2807,51.9773,35.6869,36.1041,55.4202,75.3732,62.8290,42.3094,28.2093,6.0470,10.2779,11.0966,19.6291,24.5731,22.9302,17.1303,7.2465,7.0782,12.4893,19.7597,15.1284,9.5086,23.5877,26.2737,32.9051,9.9746,20.0742,48.6788,34.8879,26.6349,32.6744,45.8981,58.9603,54.4151,26.4528,22.0968,19.9110,34.7496,29.3565,21.0469,7.0177,8.2129,14.4954,18.5029,14.3694,12.9729,8.2693,20.4104,39.1200,59.6072,79.0373,86.3674,91.0311,89.4606,63.0236,37.7070,51.8811,66.7174,61.3566,53.4909,40.9229,18.3498,22.8244,17.2760,12.9070,9.0075,17.2089,20.8039,14.6736,34.0667,54.0060,84.9708,123.3040
98635.2000,88758.7000,72421.2000,58910.2000,48848.8000,36933.6000,30770.6000,24047.7000,19353.1000,16265.1000,12877.6000,10322.9000,9505.2700,8201.9500,7240.3800,6853.6700,5671.8600,4930.7000,4674.4100,4269.2500,3575.4400,3123.1100,2896.0600,2436.7200,2203.6900,1884.1200,1535.9600,1297.5400,1039.6400,756.5050,570.8280,475.6000,362.1610,292.5240,224.6520,131.1550,69.9926,55.8917,39.7065,49.1212,41.8751,86.9385,145.8350,152.1230,154.9680,161.9370,184.7430,182.3770,135.1580,91.4414,71.6716,76.2171,87.4787,62.3533,50.2713,33.6279,25.9202,77.2769,109.9300,94.4701,88.4280,70.5726,38.2283,20.9360,28.9869,32.8125,27.4629,29.1326,71.9027,121.8220,178.7640,178.4710,186.5430,201.8330,169.8530,124.2560,98.6075,40.7452,12.1824,21.7703,35.9852,49.1087,64.7092,60.9015,57.7545,50.0230,64.3423,30.5674,64.5751,36.3938,27.1031,22.0271,50.8236,36.5417,42.2273,20.6084,21.2986,22.7192,36.6364,26.6766,26.6690,24.3810,49.5475,51.6898,49.2708,32.1194,27.8512,34.7006,45.0663,56.2270,46.0777,32.1031,14.3440,10.2369,21.0543,25.7986,27.2761,15.0441,7.2773,14.0050,15.1736,9.8049,14.8656,7.2278,8.9692,26.3649,25.4900,22.0303,17.4762,7.3450,13.7421,19.3878,28.8104,15.0456,23.8408,13.0436,27.5613,18.4043,33.7712,24.5016,23.5903,25.8325,29.9731,19.6442,11.6974,12.8593,14.1761,36.3270,32.4227,27.4930,18.9900,13.0565,21.3695,17.2977,33.7495,23.1610,32.5338,17.4770,21.3322,23.6403,21.0295,24.1825,35.7614,46.7506,35.4376,26.1504,20.3008,26.3599,29.7532,31.9930,35.1854,44.3644,28.8029,23.4944,14.3040,16.8853,16.5556,16.1544,25.0542,21.7850,14.3832,22.9925,19.9276,15.3409,22.1023,35.0413,55.2494,46.5769,40.7794,44.9277,57.9546,64.5263,53.3658,45.6863,40.8353,28.4283,17.3859,31.3523,43.6431,33.8954,30.4005,35.8155,39.0563,45.9709,53.5122,58.3271,32.3592,27.0899,25.9636,25.7739,8.7923,13.9553,23.3646,30.2693,55.2110,56.6357,52.0236,44.8403,48.5959,43.1535,30.3805,23.2462,20.1465,7.4551,5.9673,16.7598,23.8961,30.5961,26.0102,24.3150,28.1799,42.3912,75.6229,75.0360,49.2929,31.3693,16.7008,15.8847,35.1854,37.1783,29.7379,22.0849,23.7832,13.1109,12.1878,15.9672,10.0195,7.4326,7.6080,19.2704,16.6287,15.5990,4.3256,10.5376,23.0675,24.4010,24.8852,27.0270,23.7673,16.2874,18.8459,21.3857,24.4857,19.3832,29.8185,49.7498,32.8452,30.3432,49.1896,48.5498,43.2020,16.9780,16.0429,15.8115,17.3602,15.1419,14.6638,15.2398,29.7244,34.7250,35.6401,49.2591,57.4709,52.2459,69.0774,71.5964,59.7161,43.6903,33.5073,20.0742,9.5229,17.0571,21.5208,25.9573,29.0666,24.1114,33.9707,43.3351,66.5907,111.6150
98201.2000,88443.0000,72070.3000,58509.5000,48432.6000,36667.0000,30557.6000,23790.7000,19101.7000,16120.8000,12784.0000,10162.6000,9405.6300,8108.3100,7066.3900,6700.8300,5514.5100,4792.5200,4599.7800,4152.1100,3503.1300,3002.1500,2836.4100,2353.3500,2157.0100,1858.7100,1477.6400,1278.2800,976.6000,746.1880,550.1740,458.1200,361.1340,300.4580,272.0290,155.7560,66.1595,84.0989,123.7100,148.9170,138.5050,163.8650,213.9700,221.2780,231.5180,237.9070,246.0520,191.6400,108.9150,77.1990,77.1414,80.4531,77.1336,64.0257,45.2302,35.1951,61.0802,98.6652,103.9610,70.4622,65.2886,76.4821,81.2632,107.4540,89.3995,85.4506,129.6660,192.9270,208.1480,194.2110,120.5270,58.6264,125.1720,216.1140,286.0830,296.4320,259.1870,212.1490,147.1590,93.2482,95.1832,111.8710,90.1224,58.7567,56.7674,69.6501,87.9431,133.4680,151.9570,168.2220,124.5180,56.5301,40.3919,45.5564,39.0484,32.0202,29.3305,18.0308,20.2461,26.3847,36.9877,48.9367,42.0045,28.9967,17.5204,16.4964,23.1238,18.6303,25.0175,30.1807,40.8062,32.1940,17.7957,13.7678,18.1209,21.4707,20.9122,29.5206,24.9622,18.2102,13.1734,13.8460,27.9773,28.6798,19.9633,25.9856,45.8512,68.3001,52.8005,38.6985,59.0253,65.1069,54.7224,28.4997,14.3489,21.4567,22.0907,28.0277,44.3686,42.1293,18.5158,5.9051,30.4917,26.0806,31.0973,7.9774,3.1852,12.3255,9.4354,9.1690,12.7241,27.7767,31.9811,22.6636,10.1392,11.6661,21.8007,24.3807,14.7151,26.0075,25.0884,40.1522,40.7592,35.3941,31.1680,29.0277,15.7311,22.9137,25.4209,29.1235,22.9009,17.1094,20.4668,14.9096,29.9233,45.8930,35.8625,29.9126,29.2941,33.8713,13.8284,11.0678,13.5742,17.0388,12.2078,21.8703,20.0733,16.6993,18.0977,31.6023,49.5790,22.0885,18.9298,42.3234,38.6206,32.7033,10.3359,14.9869,24.3387,21.3582,13.6295,12.0398,26.4969,32.1906,44.0759,41.1193,37.0822,39.5661,42.2070,44.7887,48.1297,40.5681,20.3396,10.7288,28.3870,52.3588,53.2548,56.9993,43.0425,34.3105,36.2101,29.2396,26.2250,36.2766,52.8629,61.1151,42.1335,45.9186,33.2193,26.0326,6.8345,11.9373,30.5991,48.8319,41.5827,35.9517,26.3126,11.7417,11.5009,4.7021,3.9156,3.1755,5.1117,14.7348,16.9268,12.6685,13.8450,16.2510,12.8265,6.4753,7.3356,7.8075,3.3092,13.1622,11.7574,9.6102,17.3665,14.1769,25.9192,13.0869,11.6373,15.0313,20.5152,18.5449,11.1222,12.8394,21.7249,28.1135,34.2561,39.2280,33.8167,25.8446,14.1686,25.2668,43.1053,48.4477,45.4987,57.1920,48.1954,50.6676,52.8401,57.5361,46.1058,44.2710,61.1685,78.6605,101.4620,101.6690,92.5879,46.2427,19.8346,15.9638,25.9945,40.7684,60.5872,22.6707,18.2295,46.3680,74.0358,105.0180
98097.6000,88325.7000,71792.5000,58163.9000,48308.5000,36496.8000,30530.8000,23984.1000,19271.2000,16341.6000,12977.4000,10427.3000,9585.6500,8185.8100,7201.9100,6811.8100,5566.0800,4868.4000,4683.5300,4190.5100,3559.2600,3014.1600,2876.0800,2387.6000,2176.3300,1881.3700,1483.5900,1260.5700,958.8160,757.0980,560.0470,465.9430,337.9930,276.0030,268.3530,176.3800,80.5964,61.5540,105.2810,132.8550,117.5710,119.2520,141.2390,146.7850,169.5690,181.8850,211.1620,195.8860,128.9380,73.9280,38.7117,41.5416,53.0928,58.8173,54.0301,42.3865,34.4160,66.8929,101.3090,122.3180,138.0170,134.7360,72.7893,57.6377,114.9240,159.4370,184.6750,209.7070,264.4200,337.1580,366.0570,358.0260,279.8090,269.7870,334.4780,385.7560,325.1700,200.7130,89.9674,98.5867,109.5240,104.1810,98.7977,95.7127,37.3091,36.9106,40.4181,80.1157,105.6670,143.2370,141.7450,92.7950,46.8252,18.2190,22.0360,20.2361,30.9405,34.3467,33.6724,45.4364,62.2846,71.2646,58.6732,42.9851,27.9811,19.7732,24.8651,35.2032,33.0477,43.3358,56.9279,71.5570,46.0358,31.0741,31.3165,20.1625,10.8370,31.2865,34.6233,34.2391,15.1367,9.7799,16.9047,20.1242,19.3049,38.5111,63.0522,63.6460,49.1047,39.5809,32.3422,26.4853,16.0835,27.5482,28.5927,17.2936,10.9614,22.1372,24.6777,22.8443,15.0224,13.9602,17.5421,17.7049,9.0014,9.2601,16.5630,22.5836,13.7666,13.8393,36.1036,39.2137,31.9188,38.7658,42.4366,40.2246,18.3658,19.5605,13.3143,11.1152,25.3899,23.8759,16.3762,21.2653,18.3149,8.3175,27.7759,20.3542,28.2900,32.8399,32.3026,16.8931,17.5408,27.5271,23.9576,18.5371,17.8041,24.3137,17.0887,21.9237,9.4569,8.7194,18.1422,26.1344,39.6305,35.2084,24.9848,8.9349,8.8702,18.4052,28.8660,31.7080,31.8464,32.1418,14.6025,4.6863,1.7344,5.1807,13.0632,23.5833,34.5983,43.4675,42.6315,43.4855,44.7622,45.7673,30.6466,23.7293,38.0471,42.8999,44.0058,13.4207,16.2597,33.9306,23.1340,23.9759,34.7070,31.8079,23.3028,12.8426,28.9326,29.1383,34.7491,30.0300,43.2861,51.3494,56.7387,55.6027,30.6144,21.3423,36.3998,57.2818,83.4406,74.1569,57.9229,44.1572,21.9698,10.7197,13.9047,17.1606,19.6339,19.8782,15.1601,11.7556,21.0689,30.9280,21.9761,14.8030,26.8744,32.2402,33.0527,29.5780,21.1054,14.3342,28.3136,14.7418,9.5654,9.1331,8.6254,7.6519,11.3286,11.6946,12.8476,20.8792,29.9902,34.5775,22.6193,16.1615,43.1808,64.3697,52.9927,48.0119,68.6521,93.6051,121.4300,98.0476,45.1026,27.3560,25.4059,25.9409,15.0093,28.0581,35.5055,39.6275,72.9604,87.1822,88.6946,76.1120,53.5291,26.5925,16.8227,14.9486,9.0743,19.8954,28.4462,25.4401,14.1498,25.5717,77.0248,122.1820
98317.6000,88485.0000,72253.9000,58813.6000,48759.3000,36825.4000,30757.2000,24069.8000,19332.9000,16273.0000,12893.7000,10340.0000,9507.2000,8166.6000,7197.9000,6801.0000,5597.4900,4906.4400,4691.6400,4248.9200,3571.5000,3092.7900,2906.7700,2458.6400,2251.0000,1923.8800,1545.6500,1297.6800,1027.2900,774.1590,585.6200,509.9020,375.0670,308.3490,274.1990,169.5120,79.4651,32.7854,38.4663,68.4322,56.8308,51.7880,77.0947,93.7535,122.5940,149.6940,187.6790,183.7350,135.0370,85.5467,61.8892,81.5734,92.6610,85.8097,56.9771,43.0356,59.6220,85.6262,71.7610,43.4190,39.1829,62.7004,73.3859,75.3157,37.3868,26.3232,52.4373,71.4713,61.7331,36.2923,76.0634,135.6620,179.3160,206.3510,163.5360,80.6974,59.4592,136.2710,214.5740,228.0480,193.6710,140.5760,104.5770,114.7530,121.4780,107.5820,71.2167,37.7943,67.6761,120.1370,125.7190,77.8749,53.0745,41.3054,26.5277,14.7942,15.3594,11.7366,5.1884,9.1729,27.0085,36.4804,49.1074,33.2858,25.3660,23.0500,27.1604,20.2369,14.2915,17.8854,26.3996,39.1791,32.7681,36.9673,23.7368,20.7755,53.8615,37.3476,21.8190,12.3470,16.1717,32.3123,32.3613,25.9555,40.7602,56.7996,64.0583,67.0893,69.6768,55.6325,41.9991,29.5750,15.8455,22.2245,31.7981,33.5770,27.2164,20.6997,39.7799,54.6910,61.5442,28.1580,14.2166,19.4469,15.5564,29.4777,33.3599,50.1092,37.2801,16.5419,6.9057,13.6755,20.3214,19.8274,14.0933,13.9672,14.0411,12.1117,25.2297,40.0430,52.8406,50.0471,32.0100,41.4811,54.1676,39.6851,26.0259,6.8383,12.4478,17.1130,11.8635,10.7095,9.6257,7.2830,7.8043,9.8058,8.4209,8.9070,16.0243,29.1145,10.9949,17.9529,22.3756,8.0945,7.3196,28.6930,20.5348,15.1437,11.8907,12.0673,8.4397,19.3115,32.2757,32.4615,33.1686,31.6937,20.3397,10.2595,37.0500,43.2594,40.2260,25.5781,21.0412,15.9026,28.0237,22.0951,25.1784,34.1178,41.4110,23.6823,33.2089,65.8514,61.1208,42.3683,38.6411,52.1068,59.5642,60.3853,33.9323,30.3329,65.2265,63.6005,48.5813,20.8087,10.8021,33.1395,41.5232,67.1452,49.0113,41.2523,27.0793,46.9971,79.2320,66.9185,48.1075,32.8728,25.1695,16.2543,12.8845,15.1861,23.8638,10.6146,5.0328,9.3523,12.2058,14.2565,24.7297,15.3583,25.0262,29.1376,36.2517,16.2308,16.1938,3.8084,9.4551,13.5995,16.8271,10.2132,17.9726,30.2045,18.3915,9.7548,21.5821,33.5097,42.9459,33.3746,13.5578,24.6772,45.5402,61.2685,81.8994,89.6109,108.7720,144.5670,173.0430,154.5750,76.6674,26.3513,28.3057,54.8536,74.5126,81.4900,88.3315,117.5460,171.6510,214.3280,236.9610,244.7770,185.2800,102.3570,61.4905,47.4169,31.9420,27.0367,38.9040,32.9382,15.4795,21.8929,64.7519,141.9570
98003.6000,88326.8000,72105.6000,58624.1000,48459.6000,36612.5000,30529.7000,23803.1000,19060.0000,16103.6000,12861.6000,10302.6000,9501.1000,8183.5000,7187.1900,6837.8300,5639.9600,4917.4000,4710.8500,4270.5400,3599.2000,3115.1400,2932.7900,2453.5000,2241.2300,1926.2400,1542.2400,1319.5700,1049.2900,814.0770,614.4360,521.0150,378.3600,324.9820,308.2280,204.6940,113.5970,48.1358,16.5962,51.0606,41.7086,44.9065,74.1798,76.8139,87.5416,107.6830,147.4950,153.2070,114.8880,78.2415,46.2148,32.7750,45.6789,58.1075,46.4802,36.9947,40.4809,38.2130,44.5662,45.5883,67.9705,96.9920,108.0810,103.0930,92.8939,109.3380,126.2290,142.9570,143.2760,100.4680,66.0128,34.6756,31.6354,32.8493,47.8408,60.7479,83.6651,93.8384,108.1650,144.7100,175.9290,216.3780,213.2730,189.4300,171.1650,176.7200,221.1390,298.4250,305.9560,196.6470,116.6220,17.3309,68.1575,91.1016,92.3426,86.6103,68.1074,45.7044,37.8755,48.6537,26.3628,37.4043,47.9823,74.0227,49.8006,37.0368,54.7219,56.2562,51.9472,37.7742,33.2587,25.7985,22.1394,28.3047,32.8894,31.8595,22.6698,18.4207,21.5529,45.0110,64.7409,55.1827,47.4561,57.2369,63.9272,69.7353,69.0436,79.8963,78.3356,77.2434,76.3772,56.3326,33.7652,8.4092,29.7118,43.2465,43.7362,30.2121,13.2526,16.3136,23.4224,39.6674,52.5139,35.7466,23.5518,17.1592,21.3456,22.7862,34.1972,37.6496,25.2800,27.2626,36.3552,50.9726,33.1247,14.5820,6.4924,10.0974,15.5621,17.7774,21.1101,25.8321,33.8279,20.8243,13.3309,3.3050,8.9885,16.3709,31.7186,15.2186,10.3206,27.0952,33.1687,32.9283,27.8194,29.9678,40.5054,27.8838,32.0324,11.8723,13.5102,7.9583,18.0000,18.4938,19.0784,18.2417,22.8706,25.8722,20.5081,19.0618,20.4196,20.4375,8.7023,5.2318,6.8056,16.6319,28.2166,26.4922,25.1280,32.9513,48.9506,60.8770,47.8669,41.6500,41.2412,49.2778,48.8936,47.0384,43.5499,38.9161,43.9880,36.0158,23.8148,19.3572,30.2387,56.0690,51.1854,50.0288,33.1865,30.2557,30.1183,19.0735,14.9682,15.6828,27.8121,31.7542,35.2703,38.3798,26.4484,22.0784,23.7130,28.1638,38.2136,47.2572,32.6899,17.2664,8.7714,16.6917,25.0169,30.5492,33.4306,20.3979,9.0452,10.2477,9.5784,16.7562,23.5328,20.6941,31.9589,32.6176,33.9078,6.2044,3.3445,5.7973,7.6888,21.6722,13.2349,17.5755,6.5911,12.3138,24.1702,38.6532,24.4412,23.5324,26.9666,24.5319,19.7171,45.4862,69.7521,63.9925,54.5980,85.3589,127.5900,143.6850,141.2540,127.5750,84.9828,19.2018,53.3532,79.9396,85.4049,89.1672,106.5480,129.2630,177.3240,220.6220,216.6900,202.0960,176.5190,124.0580,61.5363,38.2817,32.8739,20.8427,23.7235,33.7813,49.3096,58.4503,73.6175,132.6720
97776.4000,88134.0000,71667.3000,58031.5000,48142.9000,36366.7000,30394.2000,23813.3000,19104.1000,16181.6000,12866.7000,10329.7000,9510.8900,8143.5800,7123.4700,6707.0900,5479.6600,4793.3000,4638.4300,4170.2300,3550.0200,3032.5100,2902.5000,2415.3100,2200.9000,1897.1000,1499.1600,1295.5300,999.2140,803.7480,599.5070,494.5200,379.0220,317.0100,295.2680,178.2270,81.1591,74.8361,112.4640,137.7370,122.0310,112.3350,122.8500,141.4290,169.4090,186.8090,194.5810,144.4470,76.4720,37.3904,13.9201,16.1017,30.0268,35.4187,32.0871,37.5800,47.1482,29.9995,33.8856,53.7567,111.5660,130.6530,121.4560,125.2450,149.6010,195.3670,235.3220,217.0830,170.8470,135.4630,102.5100,83.2406,54.2053,22.3788,30.9566,58.2959,43.4572,25.5021,39.4627,67.5003,47.2805,40.3592,45.7325,66.7621,112.3290,136.5470,152.4640,157.3460,183.6220,144.1330,62.5873,27.0421,98.3244,140.6160,144.0320,131.6780,114.2550,90.1248,76.1570,78.4054,62.3886,20.2410,15.7188,27.9779,37.6342,99.4379,80.1842,85.1726,16.2026,35.5291,25.6553,9.2127,22.6801,43.0481,47.1410,44.2459,29.4892,32.0149,36.4912,23.8882,15.0431,42.4326,57.1880,46.2545,21.4644,40.7232,52.7114,53.5167,59.6885,84.1236,94.3480,51.3470,32.1984,56.1690,100.4980,86.6125,67.1206,35.0751,26.4587,29.9800,9.9449,12.5805,11.3683,4.1707,17.5149,23.7927,31.8379,38.6851,50.4779,42.7049,27.9642,42.4422,60.8756,64.4426,53.6356,29.6787,40.4721,53.3405,49.2000,58.2484,47.0896,41.3466,49.6040,78.1682,53.1044,33.0161,11.0449,24.8803,29.4286,29.9831,27.6841,16.3801,41.7247,65.0077,64.8016,49.5934,52.3759,45.9924,38.2660,5.9898,11.8393,32.8491,33.8552,35.3883,20.4770,27.2067,46.2297,81.3627,61.0972,55.6830,30.3821,29.0032,35.0903,44.1196,52.7583,35.6233,18.5237,37.8537,48.6960,53.8834,12.7071,12.9241,33.2975,35.6224,35.7531,29.1152,19.8592,4.7734,22.2298,42.1689,64.5917,101.0940,147.4300,125.8710,134.4560,121.0290,78.3826,74.8367,60.0788,45.4110,35.8297,28.9742,27.9756,35.3189,44.5212,45.4361,52.5938,57.4094,38.2497,28.2726,17.9519,32.6211,55.1433,82.4249,84.5754,67.3661,50.7199,20.5716,8.6284,15.5138,24.0661,20.3883,8.4041,22.5247,33.2900,35.4031,29.6086,25.3031,19.2681,9.2732,6.0416,9.5658,20.4946,15.8245,14.0549,4.0380,12.4787,24.5318,23.9929,32.0635,23.6545,44.0369,43.1859,59.1573,60.9731,52.9703,24.7191,42.5216,63.2945,76.6070,102.5390,146.6400,190.0630,186.6530,162.2310,126.6740,95.7816,67.7159,104.9580,144.9690,113.5470,86.5274,128.5810,179.2570,212.8630,227.1020,217.3940,213.2180,194.1630,118.2290,52.2238,65.7874,52.4528,54.4800,103.8590,82.4402,36.9504,18.2966,65.7850,131.6760
98226.0000,88436.2000,72204.0000,58778.9000,48758.6000,36789.7000,30740.9000,24115.4000,19379.4000,16352.0000,12981.0000,10427.0000,9570.8900,8164.8000,7143.5600,6732.2500,5528.9700,4868.8800,4689.7300,4223.8900,3545.1400,3060.2800,2893.7100,2419.1700,2209.7700,1926.8300,1570.9200,1327.7500,1044.1500,774.1480,590.4280,533.3670,404.7880,319.4660,273.5530,169.4900,81.0870,44.8913,50.5072,60.5066,37.6757,33.4275,69.5543,90.2914,105.5410,119.5790,152.6710,195.8890,165.0010,114.3980,94.4528,87.4551,77.8773,48.4226,52.6251,38.3508,37.8499,95.6980,139.4200,160.0310,180.0480,218.7660,239.1290,223.9620,201.8640,181.0350,157.3410,149.4440,139.8620,67.1509,31.7879,66.9790,77.8632,74.6881,104.2600,119.0610,124.3260,117.5200,103.7220,80.3432,49.6969,26.4910,19.3628,51.8582,100.9990,111.9520,131.6270,112.7230,96.4070,75.5894,96.1986,70.3114,76.0136,62.7102,59.5581,65.4761,44.6438,32.5560,4.7055,21.6833,32.7656,62.0098,38.3321,47.4461,72.2542,50.7457,18.7058,36.9257,33.3114,26.1930,35.8409,37.6752,26.0245,51.1583,82.7062,64.0806,33.0993,23.3926,25.8482,19.7202,26.2348,63.6441,67.3455,65.2530,46.4662,33.1987,63.9666,82.3082,85.4028,95.2040,75.7685,36.4608,17.2892,10.8345,30.0048,38.9502,33.4684,27.2559,26.9725,48.9382,39.5715,27.0308,10.2745,4.1692,13.3573,26.4608,35.6799,50.4937,44.9076,31.3375,37.6629,49.3973,68.8492,45.9366,29.6233,31.2143,30.2007,23.5465,10.0084,13.0732,21.2475,34.3054,44.7657,33.9246,20.8719,4.9209,29.4887,30.8698,25.8548,14.7468,21.1068,31.7990,20.3952,15.7674,18.0502,17.3532,24.8309,11.0603,27.1501,21.3559,29.6406,20.4447,10.5475,15.0800,49.5105,53.2605,42.5038,28.0189,26.3184,25.0942,23.6151,30.5724,33.7527,35.6295,42.3072,16.4614,11.5933,40.9298,43.6076,45.6399,45.5964,43.3114,27.5156,15.2014,6.4468,10.1940,22.3605,40.2686,61.5257,73.2161,103.5980,122.7060,163.1780,133.8800,89.9715,75.5124,65.4761,59.2253,75.9046,66.4407,47.3908,37.1155,16.3230,19.9863,40.8368,62.9427,46.7674,39.8116,20.7858,13.2987,37.6595,56.5267,84.8572,92.6392,77.6208,66.0861,54.1735,39.1468,43.1595,77.4101,68.4577,80.8303,26.9757,10.1988,17.4664,18.8016,44.6572,57.9752,54.4724,45.8665,42.3335,34.4079,16.7966,8.3090,9.3348,13.0029,14.9458,11.9246,33.6695,54.9345,53.7145,47.8821,86.1037,137.8500,143.9430,135.3980,114.2120,115.9280,122.9720,120.2560,126.4070,151.8200,202.0920,238.2890,221.5340,177.9830,77.4746,42.5488,75.8417,94.6824,115.6630,142.7340,165.6340,183.7420,215.8680,247.6600,237.5290,223.2550,192.5790,139.1280,101.9300,109.2770,104.9310,75.1846,55.7508,53.2422,74.1494,61.3576,37.8689,95.7421
98132.1000,88409.5000,72325.1000,58961.9000,48732.6000,36780.0000,30683.2000,23949.3000,19167.6000,16194.6000,12962.7000,10410.4000,9592.3900,8266.7900,7245.4200,6859.5700,5635.6600,4881.7200,4688.5300,4251.7600,3619.4200,3114.4800,2944.6200,2468.2000,2239.9500,1930.3100,1535.8500,1262.2700,992.9210,725.8110,540.7890,459.9960,348.6170,298.3080,282.8070,215.3560,136.5000,72.7734,11.9911,57.4923,33.4721,23.7334,36.9800,38.5790,61.2569,97.6407,158.4220,177.3540,158.4040,141.8690,130.3750,129.9470,160.6190,187.9590,192.0000,173.4170,158.5580,201.4420,256.6400,310.7320,352.1990,379.5270,367.5530,363.2060,349.2590,309.2930,277.6040,233.9310,191.3180,120.1600,54.0682,18.0903,27.1067,29.8217,14.5001,20.4477,45.8369,43.6286,43.3601,36.7824,40.6046,47.5077,47.9918,43.1408,31.5438,50.0189,90.5914,114.9750,88.6973,58.6786,39.5351,13.4903,43.0673,31.4152,20.3477,12.0362,16.3898,35.5466,52.7509,65.5696,89.5433,143.8470,185.0690,198.2460,201.5730,174.3780,92.0485,35.2272,51.1673,86.9115,57.7228,35.2852,14.5173,21.5837,19.9361,41.8964,74.4923,60.4830,44.2729,52.4131,63.8168,62.1989,58.5462,59.6231,59.3876,56.8930,67.1843,93.8019,84.0504,54.6397,65.0280,70.0185,56.2959,33.4174,28.6670,29.8125,20.6732,6.4801,14.2433,23.0393,29.7918,14.3696,13.2441,16.6265,12.3296,10.0403,11.0312,10.2525,8.0264,15.0413,26.8953,27.4140,22.2344,22.4902,16.0586,5.7319,11.0826,31.5145,34.1763,36.6523,33.8501,40.3055,49.9015,43.3613,30.7402,18.1298,6.7495,6.0290,18.9363,33.7854,37.6385,35.3319,13.8161,11.8453,15.7338,19.5446,35.7375,47.8593,27.5996,18.9254,18.0715,31.9785,23.7344,26.6342,20.4101,30.1403,43.0511,40.0830,37.8785,31.0833,25.0298,36.6871,37.3694,50.1358,41.5296,29.1074,30.4565,42.3578,42.6755,42.6307,42.6281,53.7281,70.4220,59.4892,57.5146,41.5063,23.4801,23.2927,40.2688,76.9413,96.5238,121.0910,144.2180,141.2190,112.6610,120.6340,68.9561,65.9154,55.0021,61.0314,55.4779,55.6358,28.5756,26.0853,48.3341,52.3626,66.3726,74.2953,47.6152,27.1431,20.3351,33.1951,42.5786,34.0284,24.6123,14.2479,10.8160,22.0002,41.5689,31.8606,17.1785,26.8737,39.7596,42.1939,43.2316,41.7278,39.8037,49.8319,63.5956,69.2567,62.2949,45.8226,34.8037,39.7425,38.5815,33.9558,25.8038,25.1760,25.6015,29.5582,40.5796,52.7217,74.7251,102.3050,116.4750,123.9710,122.2750,123.9600,108.7020,76.8177,81.7859,126.6560,167.7240,201.2750,202.7890,186.9740,117.7330,37.3775,44.8646,72.3631,92.8522,122.0420,159.6240,166.2430,168.6880,210.5200,223.7020,215.8310,182.0930,103.3810,69.1381,91.1679,89.2038,68.8651,74.4528,54.9898,27.2387,29.8560,69.0096,116.8840
97800.6000,88156.5000,71726.0000,58168.3000,48227.8000,36433.4000,30409.7000,23805.6000,19114.7000,16230.8000,12915.9000,10321.7000,9492.6500,8105.0400,7109.0300,6748.3200,5492.2500,4755.4400,4610.4100,4169.6800,3539.8500,3023.1000,2835.8100,2342.7000,2175.6100,1891.4000,1497.6900,1296.4500,994.1910,777.8750,573.7870,474.3130,355.6140,289.6990,266.8750,169.9400,96.1234,94.2578,121.6250,152.8410,145.5010,135.2430,151.9540,160.6820,179.6460,193.5080,226.2030,227.1760,158.6720,116.4050,113.8140,115.4330,108.6260,98.7825,98.2501,60.3742,54.9982,29.7624,31.1927,82.5923,150.5820,200.2170,254.5450,275.7040,258.6710,202.7940,139.7290,139.9050,181.8670,180.7400,147.1500,121.3140,131.6760,112.7780,68.1954,28.6665,19.3916,35.6587,23.1801,26.6898,41.4907,55.4675,73.8632,77.9987,80.3593,82.9014,102.0630,119.4680,116.5720,76.1730,44.6241,23.3636,36.8323,31.9836,38.4811,36.4279,25.2012,12.5469,15.7458,22.5251,23.1489,30.5286,44.7184,46.3523,46.4766,64.2829,82.2461,79.0442,62.1109,33.1175,20.8073,31.3410,38.1149,53.1697,55.1158,43.6112,25.6525,21.4327,26.7010,30.8254,30.5257,36.5200,36.3504,16.1643,6.8708,18.9763,41.7076,66.1779,43.3400,44.7392,72.9397,65.5294,56.7566,38.8573,36.0746,25.4737,19.2864,21.0183,17.0660,15.1597,11.8132,20.8325,16.1341,29.5684,15.4919,11.8354,4.9722,19.6792,29.0749,35.4306,26.2214,8.3819,16.2052,29.1167,26.6179,28.6660,40.3864,40.3793,31.3877,27.8978,40.9739,56.5184,55.7198,39.4542,22.7947,9.9019,10.5977,17.3947,15.4604,14.8111,6.4844,19.9229,25.5168,28.3983,31.7284,16.7622,8.5745,29.9495,30.6007,45.5869,29.1812,21.8301,18.1610,23.9150,22.0686,23.9999,38.4140,38.2020,35.7322,28.6071,15.7176,5.2955,10.1049,17.7140,23.6676,36.9348,40.7918,33.4925,25.9055,18.0090,20.9568,29.8836,32.3176,20.2582,16.2927,23.6788,38.5627,45.3871,56.7351,72.3583,102.6110,110.3900,131.5130,133.2350,89.3294,101.0620,57.9845,42.1961,22.9859,25.7069,46.4030,39.8779,40.9788,27.4466,39.3032,54.1885,52.0480,55.2180,30.4028,16.8917,17.3325,25.9637,34.3257,40.7859,22.9654,17.7175,18.7398,38.1087,60.9876,47.3606,36.9901,10.9959,36.1748,29.8731,37.6272,51.5619,61.9745,51.5529,46.9407,69.0950,79.0076,65.5828,54.7100,59.3039,67.5864,77.8226,71.2116,75.6027,92.4672,88.4962,69.2019,51.2350,57.8944,82.8339,91.2981,96.8982,101.4270,116.8130,122.5910,104.6110,127.2230,185.6100,209.2620,211.3030,215.3280,204.0260,133.2980,65.9640,71.4644,77.5145,71.0457,94.6437,127.0990,133.7260,137.2120,166.7540,184.2270,185.8460,160.2010,89.2428,62.0279,74.6423,70.6547,59.1362,67.8535,66.3195,43.6767,31.0159,57.8667,106.2950
98340.7000,88561.9000,72235.5000,58749.6000,48791.2000,36834.0000,30843.9000,24228.4000,19479.7000,16469.7000,13076.1000,10475.2000,9568.9300,8155.5900,7183.3400,6772.9200,5532.2600,4830.7200,4652.2200,4187.1000,3591.7300,3048.7500,2882.4500,2398.5600,2190.5200,1886.4600,1518.5800,1326.1200,999.3300,757.1340,548.0750,451.5140,369.8340,308.9910,267.7150,169.7150,72.5991,58.1223,113.6030,149.5420,118.8540,118.6920,159.5680,177.8400,190.5660,196.0180,225.3120,212.3030,152.6610,122.0570,111.6920,129.1900,148.1540,160.9380,181.4670,190.1420,189.9720,199.1020,204.8730,241.6230,303.1500,339.1000,336.4830,339.6830,328.4270,301.4530,235.4540,174.1500,160.2970,140.6130,97.0162,68.1791,63.9603,54.2851,36.4885,32.7349,50.2508,61.0009,60.9073,73.4702,74.9342,51.3373,43.1774,45.1480,48.1753,54.7193,70.9483,80.0087,66.2242,43.6082,46.9952,37.4318,78.3933,61.6812,47.7209,41.1932,52.3070,55.6553,45.8641,41.0505,34.8657,29.3398,17.4864,21.5061,6.3401,12.0631,33.0212,26.0512,19.7987,21.6524,26.5441,36.4770,48.2892,46.5527,22.7526,21.4105,52.4564,41.3673,29.7959,24.2516,20.4146,25.9208,38.5037,39.6413,37.3584,52.0214,66.4811,79.5562,77.7354,49.6496,37.3398,45.2485,33.7695,17.1091,28.5920,40.3802,43.0453,47.4788,51.2139,44.7791,41.7371,56.7696,59.4632,53.8995,42.3229,29.5882,3.4235,23.4999,15.4665,9.5941,17.0680,20.2615,11.6316,11.4551,16.8099,7.9997,9.1141,9.8478,17.0925,7.1820,1.6052,12.9083,19.9812,29.0886,24.6748,23.3382,23.1167,11.3716,21.6484,13.1986,21.8441,14.9328,16.5072,12.8953,18.1776,27.4451,27.6285,13.1026,17.6690,18.9219,25.9838,13.0756,12.9500,17.1798,18.2761,13.3565,21.8577,41.6022,31.1643,26.2485,28.0750,36.5490,20.0928,18.2432,36.4463,42.7709,37.9478,32.3459,16.5787,17.4582,26.4458,30.5404,25.5695,20.2975,23.5709,18.8997,22.2027,46.0727,62.7367,80.7644,118.4010,141.4220,171.4350,172.0250,112.0090,106.7030,45.4111,34.7052,10.5224,25.1088,57.8771,55.3474,58.5295,42.4104,44.4901,48.9239,46.6485,52.3409,33.4786,22.5007,32.7115,56.7797,84.7711,76.9027,54.3162,41.5728,26.5189,9.2099,27.4736,26.1098,23.0526,26.5250,35.1879,37.2123,37.8935,32.1604,22.1661,20.2478,31.9023,56.7004,66.1119,63.1817,48.3048,47.5597,69.3837,107.9500,143.8090,181.2250,200.9440,178.1350,135.6840,66.8936,76.7108,147.2140,191.2720,213.4100,194.5360,214.4970,218.4880,196.7490,233.7230,291.7000,302.2690,332.5200,327.1830,276.9140,179.3120,118.4550,116.6720,114.1530,85.8917,86.9296,120.3370,129.5750,151.5870,223.0760,259.3770,260.0390,231.0640,154.4780,94.6574,85.0233,80.4356,64.0132,54.7895,43.4563,38.4005,30.2618,55.5215,158.6960
98268.4000,88505.0000,72413.7000,59026.4000,48786.1000,36806.4000,30765.0000,24084.8000,19292.3000,16291.9000,13033.1000,10484.1000,9649.8500,8310.3600,7311.2400,6932.5600,5721.2100,4954.8400,4696.6200,4262.5300,3573.9100,3089.1700,2887.6800,2414.1000,2191.1900,1874.2600,1515.2600,1275.3800,990.9870,691.0180,515.4200,450.8300,336.7020,243.0280,225.8700,169.5310,122.0390,99.0819,59.4392,46.0362,24.0893,42.9642,60.8938,55.8602,62.4107,65.6006,109.1460,149.1420,152.0790,158.3100,161.0300,209.6850,262.8380,320.9970,356.7550,331.1590,279.8940,268.1910,288.2820,297.7250,346.3790,381.1000,391.7050,457.8070,466.9920,426.3030,391.0340,313.1190,238.0590,189.6850,168.4890,135.4640,116.6630,97.3390,61.8521,67.0259,104.8580,112.1340,92.7866,69.1295,54.4994,54.4698,76.2834,80.9796,79.7350,81.8312,89.2196,91.5953,89.2340,68.7188,65.4775,29.0192,76.9076,59.7454,43.7458,40.4017,45.4855,49.0876,53.3500,83.5410,76.7567,53.1408,34.9023,9.6893,23.1272,24.7342,36.1443,31.5854,33.0501,25.2824,21.8281,48.4181,60.4787,57.6165,60.3114,77.5990,89.0789,94.9937,102.6240,121.1120,125.7730,114.1930,124.4020,129.1580,111.7060,94.7071,108.7290,122.7840,127.5290,137.3810,118.7120,84.4997,54.0335,17.7833,31.9708,39.9672,32.2129,30.2432,42.0722,17.6441,11.2586,28.4677,22.7871,18.1924,16.4155,11.5156,3.4015,9.2513,14.0926,18.2348,15.1048,13.7207,28.9409,18.1154,13.4916,25.9274,51.8322,34.5653,33.3208,21.6339,24.1032,34.0554,45.2094,27.0596,13.4499,13.3236,17.5586,12.7383,19.8943,26.9081,35.0107,10.4711,20.3729,27.3114,21.8065,19.9781,12.8165,16.8063,8.6881,21.2287,36.3083,27.9318,35.0855,22.5894,27.7514,21.5706,15.1929,11.2894,27.1914,35.3886,37.4792,19.8841,18.5320,16.3663,23.7799,33.8229,23.8098,8.3525,31.1587,40.3838,42.6910,33.5413,31.8482,26.0167,27.1075,27.9607,30.2589,41.6133,52.6010,74.4536,107.3980,122.8250,156.5980,162.4070,112.4410,75.2800,45.7572,19.0114,26.7891,27.2998,6.9825,9.3619,14.6951,6.1151,18.5787,24.4409,48.5192,55.8468,47.2200,39.4178,24.2526,38.4264,63.3633,76.1261,72.2502,58.6067,40.3312,20.2872,16.7811,16.8696,7.8502,22.4781,31.6374,36.0771,25.9170,20.2756,26.0533,29.4944,43.3917,74.3766,85.0117,77.9715,75.8048,88.8771,112.2730,137.4240,164.1690,198.6780,243.2390,260.3900,214.2690,155.3190,116.1440,207.4360,280.3630,305.7590,282.1090,266.4620,292.7480,296.1260,321.5260,432.2680,501.7100,499.5630,448.4590,346.0950,230.5950,140.0900,133.5970,140.2900,97.6271,95.4439,139.5600,159.4020,186.3110,238.1760,251.9900,242.5330,207.7290,135.9520,64.7820,41.7954,54.8639,58.0127,53.2967,67.2075,76.0523,67.3165,84.2966,137.3830
97897.4000,88254.6000,71836.8000,58243.0000,48243.9000,36463.1000,30450.0000,23815.1000,19115.8000,16206.0000,12889.8000,10304.2000,9509.3400,8115.7200,7081.9800,6718.3600,5473.6500,4734.7800,4580.8800,4135.4500,3530.6900,3026.6300,2873.7100,2374.6700,2173.7700,1883.0500,1496.0000,1295.6600,991.8600,743.3410,531.0330,440.3970,358.5770,302.9100,276.5190,181.7590,90.6230,55.8738,82.9514,122.1320,101.3570,96.1116,144.8240,167.1540,164.0590,161.7030,178.6910,181.2370,106.2910,75.1953,82.8420,127.4330,164.5570,184.5830,198.3580,160.0240,97.3438,86.8378,120.7450,144.1150,163.8010,201.6940,282.9820,400.1190,521.8290,501.5500,391.1080,269.4780,181.5820,152.6550,153.6940,161.8170,181.9160,182.4240,124.7890,103.2730,104.5860,80.7518,55.6162,46.4484,54.3637,48.0316,31.6503,18.2601,23.4675,52.6815,91.8734,111.7500,108.3550,99.7011,101.6630,62.8125,48.3870,24.3961,17.7717,30.6357,38.3302,30.2324,22.9800,42.4984,39.6780,37.3801,38.9775,33.0751,31.9633,33.8900,34.7281,14.5735,12.1692,34.6703,23.0123,16.9030,7.1219,16.8453,30.1866,44.1056,48.4702,44.2267,41.6915,51.3292,75.5892,77.8103,66.5503,65.8827,81.4984,90.7409,106.9910,116.0020,90.4315,80.8561,84.5322,75.3737,69.0436,67.2335,69.3562,60.1503,46.0844,36.8297,55.4744,75.4257,65.1888,75.0285,90.1622,68.2779,41.8778,15.5179,36.2793,44.0389,47.2986,32.4552,11.8808,5.1665,2.5054,18.4749,31.7835,42.9521,22.9163,15.1129,7.0506,10.2105,18.2599,16.0891,12.8873,25.6235,18.1842,35.9829,33.3620,36.8882,45.1075,31.6499,16.0063,5.3594,8.3507,20.2414,25.8787,35.9663,33.1659,22.3233,17.6516,16.8341,17.1713,18.6724,20.8444,22.5987,21.3024,24.0379,34.0552,36.0609,38.5894,41.8707,45.5608,37.8439,25.4928,31.4901,37.9411,32.6233,26.1188,30.5548,49.1403,54.5609,53.3188,33.1126,35.9386,38.2031,25.0033,19.6681,19.4420,20.8158,28.9449,53.1967,74.7710,93.1473,118.4330,140.2670,99.8782,89.2312,48.4607,62.5308,57.2501,43.5470,31.2334,28.3480,30.0279,11.6346,19.7301,56.5960,46.0934,43.1228,20.1636,8.9892,20.7890,30.7943,38.1846,36.3935,20.9271,17.9836,20.6045,29.7929,40.9972,23.1981,11.7318,18.6863,19.9521,18.3786,40.8925,52.9749,57.8502,59.2823,77.8260,90.3859,63.4928,37.2926,24.8113,34.1148,57.6199,75.9709,93.1495,109.7450,145.1100,121.6760,94.6678,20.9056,77.6500,111.5420,137.7210,147.3640,169.3520,181.8760,198.5930,207.5680,243.3070,319.2700,358.2220,359.9230,327.8380,260.5710,160.0700,120.5570,129.8900,95.0258,70.0062,100.6720,131.6970,153.4810,193.2100,249.2430,265.5260,260.8750,219.8960,149.7000,95.5912,62.8209,61.0467,61.5145,46.1363,40.1937,36.2643,26.8147,58.8607,138.5850
98330.6000,88610.3000,72218.2000,58629.2000,48691.9000,36781.5000,30845.1000,24241.3000,19493.7000,16481.0000,13055.5000,10446.4000,9573.0700,8157.6100,7166.6200,6773.6100,5552.3500,4843.4700,4627.2200,4157.6900,3551.0300,3023.3300,2861.3700,2361.8400,2132.4700,1832.8800,1483.4700,1275.3100,935.4670,704.9160,533.6680,431.6670,337.8070,295.8930,273.2810,169.8440,74.6768,74.5763,118.7220,159.2720,140.6230,119.7220,148.9900,161.3870,168.4490,199.9480,217.0050,196.4200,104.3200,70.9870,74.9762,78.7605,77.2827,62.2514,53.5536,80.9873,86.0275,101.6320,115.1700,101.7430,105.1020,187.7590,301.8030,384.5320,420.9290,435.5030,370.5910,201.1420,141.5430,201.0190,204.2480,169.1300,173.2260,188.2050,180.3890,145.1130,91.8954,39.7117,14.7372,26.2745,44.0499,40.1261,26.4163,29.3678,45.4944,58.7132,76.4381,91.0944,103.0880,92.5519,86.5902,41.6135,14.3795,13.6687,26.8279,45.2893,45.7309,39.6757,35.2633,25.1680,18.4662,29.7373,38.2074,40.4984,11.7382,14.7464,19.1960,7.3094,23.2545,34.3043,53.2426,54.7606,47.3662,50.4863,50.0508,49.9689,33.5019,40.6176,57.7547,49.1553,46.8413,49.5216,48.3950,59.4739,67.5546,60.9327,59.5955,69.3800,71.8335,49.4924,34.1324,50.4804,72.0131,62.5647,37.0913,37.8897,36.1901,29.9339,59.5386,60.8132,52.0511,13.0861,18.5048,15.5705,4.8706,4.5996,11.4516,48.8204,58.1941,64.9871,39.1847,18.4587,17.8164,13.8369,19.0565,24.2021,22.1781,31.8129,45.5977,51.0214,51.8262,25.6187,22.0261,57.4362,48.9780,38.9317,10.0271,35.2062,26.7796,15.8296,6.4378,10.1309,17.8083,14.0669,38.7477,32.1906,35.3529,17.9122,31.9704,34.4468,46.6358,44.4866,51.1504,54.2322,62.5242,28.3671,14.9157,15.9297,20.0175,33.7969,35.0172,22.3023,14.9975,33.4810,14.5352,28.9699,54.2391,52.0738,34.0845,44.2704,50.5268,53.7181,43.3570,36.0525,29.7994,20.1634,23.7223,15.2009,18.7363,45.5607,78.4184,103.7280,138.5210,158.9050,127.3340,105.2980,73.0396,37.6182,43.2951,37.8836,31.1974,40.7653,62.2797,49.2564,47.5123,65.4761,70.2590,73.4251,70.5933,57.5650,43.8330,38.6467,51.9860,75.5413,56.2984,39.3889,31.6795,35.1787,49.7989,32.1050,19.6145,40.8955,46.3126,40.4305,16.7976,34.9057,46.9000,44.8555,83.1655,99.7829,71.9443,67.8440,65.9602,51.4888,40.4992,80.5680,120.4000,138.5310,191.8920,183.6750,136.3270,51.0292,64.4438,117.7040,153.7390,177.1270,200.2840,221.1060,221.3630,219.3800,285.8190,373.6840,421.3980,425.4150,398.6600,310.3670,168.8400,126.3720,148.0450,151.3340,140.9720,135.4210,140.1490,158.3410,192.1040,221.6060,225.0770,205.0680,179.0250,120.3830,42.0529,33.0196,66.3183,96.6536,98.7523,66.9616,49.8731,52.3624,74.1120,151.0760
98509.1000,88742.8000,72646.5000,59259.4000,49008.0000,36977.3000,30907.2000,24187.3000,19382.9000,16353.1000,13056.3000,10478.6000,9637.1900,8316.7500,7313.9900,6909.2000,5688.6800,4937.4200,4722.7100,4293.5500,3612.6600,3108.1600,2891.8200,2415.8900,2199.1700,1897.6900,1525.6800,1259.8200,983.7340,711.6020,530.0810,409.7890,266.1180,221.6220,222.3360,153.5710,83.7218,86.1653,70.1479,78.0247,53.9747,62.0085,87.3556,91.7624,109.4250,113.6660,128.6740,147.2840,141.1950,140.3670,136.6460,131.4220,149.2220,150.7770,139.1550,130.5160,120.5470,78.1166,53.4742,76.1784,126.0650,180.2670,251.2050,344.8770,389.6710,344.1220,276.4560,172.3750,132.9040,154.0600,153.6960,107.6220,112.6610,147.1630,120.3970,86.3013,68.7846,65.7150,58.7625,61.0782,62.9411,49.5213,33.5782,27.5301,42.1864,78.5998,114.1800,118.3320,111.4300,95.8360,76.8650,31.1495,28.8047,51.1265,56.9627,47.9387,46.3004,39.5656,36.5974,43.7010,41.6643,31.3305,19.4380,36.9864,36.6704,34.6639,18.2594,11.1070,9.0631,16.1878,18.9356,28.7345,36.3277,31.9491,32.0738,15.0419,21.2697,33.9257,29.5065,31.4249,26.4779,15.2927,28.6366,41.9799,41.7894,40.3485,49.0050,57.4944,43.8072,35.0617,48.1337,50.3610,38.8968,41.1778,37.8734,29.9154,19.6601,28.9197,34.5676,16.3946,14.2367,24.0567,19.3145,14.3113,13.1880,17.4640,22.6157,27.9153,21.7139,19.1190,34.1068,36.0353,35.7146,27.3431,30.7392,24.5456,11.9142,12.4967,34.7130,36.0608,31.7283,23.9174,5.4830,8.6572,9.5245,18.5040,14.7694,20.3093,22.7991,13.8672,9.9058,24.1168,16.7047,21.4006,6.0911,2.6113,8.8991,11.1789,20.5833,8.2776,11.7771,13.2460,12.3630,30.7244,28.8809,30.2337,23.4857,49.2207,47.8077,42.2860,18.0491,18.3754,30.7084,22.3503,11.4953,13.5177,17.4241,24.9854,31.4993,34.2675,28.3008,17.6164,18.9391,22.5353,12.5275,11.3864,27.0838,50.5299,80.4806,102.1290,106.8520,113.0930,122.2510,132.5670,94.2267,64.5002,53.5447,82.8221,81.6698,52.8022,38.9867,39.4165,38.7985,38.8597,53.8732,59.1698,65.2443,80.8351,59.1296,43.1297,37.9143,54.9660,72.4514,58.6008,42.3276,31.8999,17.1625,5.9659,26.7814,30.3870,29.6182,27.4364,20.5121,3.4204,9.7200,23.6740,45.9755,60.1940,75.0202,71.8851,79.0759,82.8604,75.8088,69.2195,84.3006,116.5660,132.4530,169.0440,237.8630,240.7200,197.7670,121.3280,64.5812,106.9560,166.0390,190.5080,217.6640,242.7610,258.1230,265.5880,313.8490,386.5730,448.6820,466.1860,446.3510,367.3550,231.6360,162.3900,157.6850,131.0530,98.7090,108.5180,125.2630,143.9280,188.6630,230.2540,234.4370,216.5890,190.6990,126.4290,67.3125,52.3174,63.4930,81.3861,99.1519,88.8388,62.8650,43.0766,57.3578,108.3760
98054.4000,88438.9000,72098.3000,58533.0000,48438.7000,36633.5000,30601.6000,23887.7000,19171.9000,16226.2000,12904.8000,10257.9000,9457.6300,8085.2100,7040.7500,6688.4100,5462.2000,4740.5800,4606.0700,4160.4300,3532.0200,3017.9500,2855.5600,2360.2500,2182.4800,1903.9600,1502.2500,1281.9400,977.7090,764.6980,570.4340,472.7810,372.3160,308.1410,289.0490,203.7690,88.4042,50.1699,102.2660,143.9460,117.0740,104.6110,128.7840,145.1250,166.2390,195.0150,208.2780,185.1210,123.6830,91.3182,78.6372,78.6358,75.3084,105.7860,128.2940,149.3240,139.9450,113.3320,113.6630,158.4360,221.2480,266.4940,306.6230,353.2650,418.0220,370.0920,264.0990,207.4390,197.8760,205.0090,178.1680,123.7120,90.9832,90.6066,67.3974,36.7625,40.0265,50.2671,59.5363,62.7921,54.1168,41.4532,36.3069,45.3584,75.8198,110.7300,129.2410,152.4690,150.3650,133.4370,89.1202,49.4585,45.5238,38.1787,35.1254,39.4959,40.1464,32.9981,25.5849,41.4241,52.3569,52.3060,36.9575,18.4727,17.6727,20.5977,12.0696,8.9258,23.5922,39.2665,50.2941,60.5293,61.9511,55.5198,35.4562,32.9068,27.9750,16.6417,24.4236,43.3665,45.4363,39.8502,47.7883,53.1441,50.8867,44.4740,42.3420,44.8171,38.0001,29.6942,35.8184,38.4797,31.6350,35.9294,36.5516,25.7394,25.1518,43.4694,51.9219,50.9207,32.0951,12.1412,11.4361,29.1502,37.6517,16.8719,10.2884,16.6319,15.0965,18.8907,19.4929,17.5155,8.5466,9.6406,13.8220,23.2990,18.3251,12.0544,11.9375,18.6005,15.4935,15.1843,11.9941,19.8229,20.6987,14.6207,20.8101,32.2041,31.4561,32.6976,14.8075,6.4010,14.1440,7.9236,18.3136,17.3838,26.6672,21.0566,14.0978,10.4406,6.0340,4.0227,11.3999,20.5721,29.8294,32.0726,20.1143,25.6791,34.7851,36.5345,31.7782,22.4744,22.4980,36.0991,41.8950,26.3356,21.3200,30.1152,28.2549,25.8348,25.4554,30.5040,22.4862,19.6240,22.1922,29.7789,34.6903,50.5647,64.4919,85.0063,108.8470,115.9160,125.4500,118.6550,76.2499,58.9919,27.7831,60.8250,49.2484,38.4565,32.4875,36.1280,41.1238,49.7078,56.6171,59.1194,49.5215,55.1252,26.6597,18.6773,33.8692,45.5446,56.8907,44.3039,49.7023,51.4312,34.4141,16.2135,17.8823,24.9627,29.1330,20.1062,5.3563,19.0243,23.1785,30.6817,37.5965,40.6381,47.9907,66.8585,60.1033,47.6543,41.3721,44.3503,62.6124,88.3349,114.6890,149.4200,210.2800,215.4730,175.8430,105.4460,54.6521,98.2147,152.3640,176.3080,192.9130,212.5260,225.1650,209.2660,257.2730,343.0360,395.1730,411.7400,398.8970,322.0250,163.0480,81.1523,83.8404,98.3201,114.3340,120.3810,126.6300,151.0410,179.4180,214.1970,227.0110,217.0010,177.8720,96.0867,54.8800,61.5366,74.5084,82.0100,82.3826,65.6029,45.6542,39.5165,69.5443,142.8710
98345.3000,88649.8000,72207.3000,58550.4000,48624.0000,36734.7000,30782.7000,24196.5000,19468.0000,16499.1000,13073.5000,10451.9000,9583.4600,8173.1700,7179.8400,6784.8300,5555.6400,4848.0100,4661.0600,4207.7600,3591.4300,3057.9200,2858.3900,2375.5300,2206.4500,1901.3700,1502.2400,1284.0800,971.0700,734.5260,546.8040,464.2030,375.3570,310.5110,265.1750,156.0780,97.1793,64.5331,80.1280,142.3380,104.4010,78.5986,145.5660,171.1300,167.0670,174.6390,185.4100,174.1470,126.9660,94.7000,85.2401,87.6666,111.4180,140.8030,149.7400,161.5300,151.8570,140.5070,134.3350,179.3030,243.6960,292.5800,331.1540,392.0680,424.5540,356.7340,262.3790,227.0460,210.2460,205.9610,170.8060,96.9983,77.4625,82.7941,60.5273,56.3543,54.6598,57.2081,72.7919,66.1898,47.7235,23.9974,41.6963,53.1449,52.9979,77.8590,115.6220,138.6090,140.8000,138.0310,114.3890,55.4203,24.5407,18.2029,25.7032,49.2451,30.3004,19.1237,62.3378,64.6013,60.7805,42.5468,55.7921,47.1437,38.9623,33.7430,49.0129,27.5424,44.9934,35.4628,11.4822,15.8697,26.9857,30.9069,29.6611,28.4507,31.6055,21.0132,29.1335,63.1159,55.4954,41.2526,38.0272,42.6385,12.8746,51.4637,75.4956,98.4841,75.7047,43.9921,54.3285,69.9564,44.9332,35.1671,61.0636,61.6635,54.2083,33.1077,37.2060,57.2460,57.3567,20.6924,32.7022,62.6514,51.0933,32.4539,27.1319,8.2261,10.7061,16.7522,17.9106,18.5657,21.7397,21.5933,34.6000,39.0485,29.3697,23.1521,24.1606,34.3938,50.2843,54.2470,21.5518,7.6642,42.8597,26.3544,13.6548,36.3882,35.1677,41.6615,26.5472,31.2074,33.1273,42.8391,20.4554,12.8437,18.6014,9.4737,9.0644,19.1830,15.6552,33.7738,40.2512,44.7374,27.1200,28.4265,36.1312,31.6887,35.7117,44.3417,39.2371,21.7585,23.2766,37.6708,43.1759,22.2069,36.3464,53.5294,34.4519,28.3401,42.0399,56.9967,65.1394,58.9136,80.4471,57.6794,47.3962,42.1281,67.6726,79.7478,73.4093,76.1810,86.7564,110.7580,87.6900,99.5666,79.8277,64.4557,35.1452,45.2825,22.4116,36.8224,28.1337,35.4499,53.0974,56.4367,64.8838,72.4131,58.7377,47.4496,41.3007,48.5586,72.3359,108.2280,85.4422,58.0598,38.3126,43.9845,52.1820,42.7550,30.2667,22.0391,25.1652,49.0660,35.9628,74.5095,66.6344,69.5753,79.4956,82.8438,63.3677,48.5153,47.6918,57.5164,82.7728,113.4290,143.7000,172.6380,214.9260,224.6410,194.8680,138.5850,57.1216,101.9020,158.5410,176.2120,173.0650,192.9150,223.1610,246.9110,273.0430,333.2300,387.9470,376.3790,325.0220,247.7410,153.5570,95.4151,122.2500,147.6080,124.0810,135.7150,170.0240,174.8830,209.3570,274.7260,291.6430,265.8040,207.8340,89.6265,48.3076,76.7971,69.3283,53.9432,86.6738,106.3730,74.8194,53.6500,85.9491,148.2970
98563.7000,88806.3000,72633.3000,59187.1000,49028.7000,37029.5000,30956.7000,24213.8000,19444.9000,16340.3000,12968.0000,10389.5000,9547.4400,8211.1300,7226.0800,6830.2700,5617.3800,4851.1300,4622.0100,4221.5300,3535.4600,3069.6000,2847.6100,2396.5300,2194.9000,1902.6100,1555.5300,1309.3600,1039.9000,743.4240,556.5590,473.9790,354.6180,303.6710,295.9800,197.5920,106.2670,58.0045,25.4811,36.7363,18.9128,43.8777,96.7460,97.5214,98.8357,112.3570,164.6380,184.4110,148.6660,135.8730,125.8420,140.3930,153.2610,158.7800,154.0960,153.5830,135.6270,101.1630,90.7013,126.3260,181.6300,242.8120,316.1390,405.2560,447.9200,360.4220,265.0760,176.7560,156.3660,180.5800,176.9530,120.4080,81.8288,87.5777,78.2282,53.0737,26.8901,24.3823,52.2520,51.7675,43.3569,25.8226,31.6533,27.1866,32.1906,70.8772,94.3196,104.5220,114.2620,138.3500,119.6320,71.2919,57.3408,48.1024,40.2478,23.0003,19.9077,16.3793,6.9139,21.7515,34.5453,59.4293,45.1726,30.5073,42.0118,45.5555,42.8184,20.6201,22.7625,22.5181,7.4148,12.1571,22.8955,35.9428,33.5240,21.2733,17.4928,28.4183,41.3164,34.5583,22.0704,37.4756,43.6894,35.6395,31.4656,55.6192,77.5611,68.3816,61.6777,59.8807,60.3422,64.9834,53.0721,36.1786,9.9456,22.9423,28.6223,34.8485,48.4790,61.5360,58.5989,39.4022,26.4555,15.0769,9.7841,11.1445,9.7403,12.6855,20.1060,37.4392,22.0603,23.8404,10.9036,18.3858,18.2648,20.7979,13.5983,11.4923,23.3934,27.0551,24.5721,4.0470,17.5656,32.3545,6.6760,19.4313,39.0470,27.3006,23.8206,31.0486,40.3389,17.9907,61.4843,45.0884,41.1680,18.3464,16.7621,10.4049,8.6395,10.3445,11.3568,10.2673,5.2138,11.3737,16.9154,21.1300,24.2184,20.1143,26.5607,29.1246,29.3306,23.9091,33.4877,43.6920,28.3392,17.7915,27.9020,42.6454,46.3303,43.7281,34.1798,31.6436,21.5230,17.7723,16.2533,26.9830,26.1041,36.2032,53.1129,82.8982,102.8100,112.3010,122.5490,128.8680,70.5282,41.0477,14.9759,25.0327,30.3009,39.5004,36.5713,28.5756,25.7187,33.8206,49.0135,39.8876,28.6547,36.1714,29.8623,27.4598,12.4965,34.7594,63.3089,66.6982,62.9162,60.0059,42.8694,16.8664,37.1460,31.7770,27.6580,6.3236,10.2952,24.8348,34.4222,37.0516,32.7596,34.4481,49.1713,70.1244,71.6535,55.1519,52.3808,66.1096,73.0474,78.5557,108.2610,169.1080,241.0450,254.4870,216.2180,148.1850,62.6995,95.4149,152.1480,179.3500,181.2160,185.9540,206.0150,197.0400,230.4170,327.6390,383.2740,377.9320,340.7740,282.7030,162.6720,96.1165,114.0720,134.0240,128.5540,123.6550,145.5670,194.7070,244.0820,273.2570,257.0000,233.0360,188.6300,114.2870,60.5916,79.5415,103.7680,77.7773,70.3051,95.9798,74.9852,43.6494,64.3860,125.6320
98287.7000,88652.4000,72388.4000,58842.0000,48664.7000,36810.6000,30736.4000,23948.5000,19211.7000,16196.9000,12861.2000,10228.5000,9425.5100,8055.9000,7033.9200,6687.2900,5445.2300,4702.7300,4564.6800,4122.6500,3495.3500,2963.5100,2802.2800,2343.4400,2168.8500,1871.5100,1467.4900,1238.8600,941.5380,728.0020,536.8460,442.1060,361.1270,298.8200,263.7150,170.6570,67.0121,47.5113,111.8240,154.7290,120.9050,108.9320,134.7010,134.9510,147.3310,169.5740,184.8580,171.2750,126.7240,97.6814,88.2580,91.7238,110.5410,121.2120,126.2610,136.9710,118.2860,91.4635,82.8455,114.4030,167.4820,211.7410,286.5360,370.3390,405.0260,321.6170,230.1650,154.0340,151.2190,163.3760,154.5930,125.2570,86.9221,76.0030,75.1341,66.7456,51.8249,27.6143,33.1665,48.1927,46.1461,28.9765,28.5804,26.7338,28.0958,59.1153,99.8728,106.9470,103.4240,103.4900,78.1252,63.5655,51.3201,41.6638,25.7400,15.6628,13.3315,15.1526,5.7912,12.5637,27.3866,25.1739,15.8477,30.6381,35.8631,34.3701,22.4891,14.3370,12.8443,8.4774,11.4033,16.2487,23.4221,29.1315,30.0501,14.2013,24.1075,48.5990,40.4539,24.8425,24.8945,24.3123,29.1667,42.3044,49.9643,50.8052,61.4043,70.5680,71.2008,54.2883,41.4591,44.5220,52.1466,42.6732,27.2576,27.2126,27.2654,23.7377,26.7713,38.0890,38.6400,23.1424,16.9988,24.6499,28.2961,16.7916,9.4238,19.9051,19.3425,18.6815,5.9025,9.0921,19.7664,7.7922,15.2714,22.0645,15.6140,8.7447,6.7229,18.7425,16.6992,37.6699,23.0354,25.2774,6.1053,3.2098,10.0327,22.4736,14.4188,24.1768,11.5585,15.9885,22.8435,10.1035,28.5089,22.2032,33.9808,21.9327,13.0984,17.6225,47.2966,58.9458,57.1244,62.0012,45.7935,25.0780,20.7620,14.0460,7.7279,41.2459,50.9104,66.7633,52.9672,31.9019,22.4631,26.6824,25.9440,18.4089,21.3599,29.7985,34.6607,34.3478,30.7975,15.4702,17.3107,27.1398,45.3348,52.1398,57.4841,76.4688,111.4470,133.1880,162.8440,154.8050,77.8606,60.8352,20.2828,27.4291,17.9095,33.1928,48.2415,41.6885,36.2127,33.8022,44.6227,45.7787,34.3139,32.1951,17.9813,13.9094,29.8497,43.0279,52.9922,54.7132,48.7683,36.0116,18.8892,25.3180,45.4608,47.4734,48.1226,31.3533,18.5453,14.8895,13.0058,17.9963,48.0424,51.8435,56.2645,55.0326,52.6944,57.2129,61.7048,66.0245,70.5146,78.0168,103.7190,156.7400,230.6100,248.2410,216.0680,160.9070,67.5570,76.4218,141.3360,172.5290,188.4290,212.2900,239.6680,230.4330,243.9430,305.0570,357.0000,356.1710,319.7310,262.0400,165.3880,113.2400,136.1060,167.6060,137.8210,103.3020,124.6600,149.9880,185.6970,246.7910,260.6120,244.6150,200.2620,119.2070,69.6309,73.8189,68.4187,64.6922,84.9342,72.5713,53.7370,57.7299,69.2629,130.6320
98243.1000,88569.4000,72126.1000,58493.5000,48540.7000,36663.1000,30718.9000,24137.7000,19395.7000,16406.3000,13012.5000,10450.2000,9621.3600,8201.5400,7177.7300,6784.7000,5539.3900,4845.6200,4692.9500,4210.8900,3559.6800,3008.0400,2843.8300,2375.4700,2199.9000,1905.3300,1495.4300,1271.5500,960.5750,727.7390,536.8560,452.3360,359.9560,289.8860,264.6120,168.0670,64.5842,65.3328,118.5060,139.3340,111.1900,113.2390,148.0780,146.3990,149.3860,172.6770,184.7600,168.4320,94.9247,60.5560,52.3813,67.9548,90.6848,109.2330,131.0870,149.4150,157.9970,135.4320,110.5950,121.5410,173.9860,241.3530,327.0040,421.5670,440.7640,345.9130,256.6450,165.2300,128.0480,146.0650,141.6870,96.7549,76.2639,75.6206,55.0041,30.3188,16.1861,38.4847,64.7978,61.5079,50.0920,24.8503,15.3876,29.0586,46.7196,63.6324,83.1327,102.3290,98.4593,108.6940,95.3841,65.5824,58.7479,60.1862,56.5169,31.5764,24.1765,26.9284,36.3453,15.1678,40.1071,24.0146,23.9383,15.4281,24.3703,30.9215,18.4390,9.1227,24.4488,22.2154,28.0300,13.1111,12.4452,10.4372,18.8495,4.1117,16.3927,35.8258,34.7446,26.3239,46.8704,52.0959,41.7945,22.2721,33.4257,45.2439,64.0709,84.0490,80.4213,40.4683,30.5460,44.7304,32.5039,28.6304,41.3938,43.1466,39.9592,41.4106,48.4672,46.0443,27.5054,16.5483,15.9506,14.0047,16.0180,11.1180,12.0518,27.8834,21.4036,33.0789,15.5968,25.7540,17.2148,11.0195,38.9892,25.2191,34.3225,17.2353,24.9800,22.2030,15.2741,11.6860,22.9671,17.5870,11.8567,9.2271,13.5850,27.9938,26.2893,19.5622,9.3847,19.7685,22.1582,19.9328,18.7420,15.5505,15.0003,15.3201,15.4571,13.2030,22.4392,22.4208,23.9029,22.0743,14.8215,21.6907,34.7607,29.8493,27.0107,9.2256,3.8211,11.4146,19.6908,30.8770,29.5089,18.6865,15.7055,17.2917,18.6182,23.7030,26.7737,24.2450,10.2172,15.1829,21.8633,9.7355,26.0542,51.1987,53.8422,61.7322,94.7645,111.2220,139.0540,142.6630,93.9898,57.0057,25.2526,17.0356,19.5844,24.5190,29.1555,36.1787,42.0423,50.7400,61.8571,55.4051,57.9972,42.6136,20.5601,27.5619,44.6063,50.2726,49.8958,41.3029,41.6324,23.0712,14.0478,42.8110,66.8015,51.8773,37.6798,9.6014,19.2607,17.2258,12.6178,28.1489,32.8160,31.5072,40.9791,58.3028,67.0403,72.2367,66.1834,57.9415,64.8670,90.0682,119.5680,160.8420,219.2120,236.0150,196.1940,140.4260,66.4988,79.8785,128.7500,145.9610,161.9890,182.2610,196.6870,208.6060,261.5160,340.7130,378.1490,364.0850,320.7300,280.0180,198.8590,122.4380,98.2964,103.2570,111.1080,117.4620,127.1280,169.6890,217.1250,229.7230,222.7770,223.3670,197.5650,114.3480,63.7263,73.7071,62.3178,64.0656,102.3560,108.2420,66.8625,55.8608,101.8840,151.5840
98457.5000,88714.7000,72515.0000,59062.8000,48966.6000,36974.1000,30915.4000,24205.1000,19441.2000,16337.7000,12948.9000,10391.8000,9538.4300,8178.4800,7206.5600,6818.1900,5619.2100,4907.5100,4686.7400,4261.0400,3552.8900,3066.2900,2839.5000,2400.8400,2206.2600,1897.7900,1541.1100,1294.8400,1027.1100,748.4090,561.7250,485.4710,373.0450,314.1710,289.5890,203.5890,118.4190,69.2972,30.5351,45.5195,32.5643,45.5798,78.0953,94.5767,114.1140,135.3840,168.7620,171.1830,143.6480,131.7450,95.7488,73.7163,91.4993,89.9884,96.3578,105.5370,147.3730,149.0600,135.3950,150.6300,188.3160,256.2340,325.2260,422.0700,442.2770,367.3030,271.1710,181.3810,174.3140,208.0950,196.7340,131.8210,123.5620,122.1330,86.9761,57.4406,36.6465,28.6279,45.2689,50.3551,42.5581,19.4648,20.7990,34.6139,43.6532,46.3700,60.6495,95.0606,87.5234,98.3292,81.2576,66.0334,72.5863,69.7769,51.2581,35.9377,32.5121,27.3086,25.3411,8.0793,28.9475,24.1213,28.7216,44.9461,54.7100,53.5170,26.1836,10.0553,5.9543,3.7940,5.5407,11.3719,10.9316,5.6828,8.6573,11.5158,19.7829,19.0384,10.9726,15.9305,29.1786,39.0074,44.9701,41.3400,33.4845,36.2042,56.4257,75.8899,72.7201,52.1921,37.2368,34.0923,22.2363,11.9494,17.3001,32.1006,43.4665,42.5753,38.6265,34.8850,45.1472,42.2341,12.0734,11.6506,27.5104,22.5906,26.2113,28.5709,23.4944,17.7842,16.8191,14.8187,36.4562,32.2296,27.3875,15.4767,21.7385,14.8015,5.8663,7.4688,13.3994,15.9229,19.1116,38.4380,39.9610,40.1448,14.2978,34.6695,34.8625,41.9400,52.6827,45.1199,19.3888,6.5400,14.6230,25.9585,27.9333,35.5663,8.9501,18.7421,29.3594,33.8456,26.7220,27.2734,19.5444,22.2159,34.3558,31.8180,33.7750,44.3803,55.3953,34.3385,27.8521,38.9899,26.8128,23.8309,32.3020,32.5789,38.6035,51.1366,60.6107,65.2573,57.4942,34.5164,25.4833,15.3012,26.0561,45.2880,62.2655,78.4755,108.1330,118.6710,141.2050,141.2860,95.7004,68.8189,34.2788,26.7895,13.6620,12.3145,27.8974,36.1986,41.8105,32.3702,23.4093,27.3948,28.3026,39.8483,25.5361,21.4860,22.2216,24.3205,32.4825,61.7264,72.0149,39.1704,23.0920,23.6739,27.9141,32.7589,28.2561,22.6439,16.3602,14.0003,5.0579,18.2206,26.0708,36.1999,49.2822,71.5052,67.1380,46.3698,36.4689,43.0669,62.6727,79.8275,106.3620,151.0500,224.3320,237.7330,197.1950,134.5180,63.3073,97.1916,159.6990,185.6610,175.0980,192.2760,230.8690,233.5380,254.8500,316.9880,363.0710,361.3770,335.8050,293.8560,191.4840,123.9640,131.5720,141.5720,112.3650,121.5780,167.8550,181.9990,217.0080,271.2670,267.0340,234.2430,173.2900,99.2705,66.2153,80.1347,92.3109,93.7431,82.2501,63.6478,59.5464,64.3304,97.0538,174.4780
98207.8000,88565.5000,72414.5000,58954.4000,48710.1000,36804.1000,30708.6000,23935.2000,19180.3000,16178.5000,12887.6000,10284.0000,9481.2700,8135.7300,7124.7900,6793.5400,5580.9000,4837.8400,4664.4900,4229.5500,3569.1100,3063.9800,2917.1300,2466.7500,2246.3100,1924.9700,1564.9400,1355.5000,1050.3500,772.0330,562.4180,505.1380,375.0630,289.0730,295.2210,211.8100,96.7046,35.8940,66.4004,106.5530,97.2483,95.8562,103.4810,104.0540,113.4600,148.8760,204.2970,186.9790,136.8290,135.6000,140.3350,159.0170,133.7200,115.2360,92.9054,87.2131,59.1592,51.4069,42.0869,36.7089,58.9404,114.9460,210.5380,311.1900,348.8500,354.0700,309.4780,217.6790,175.0180,175.5150,166.1570,170.2280,179.2200,161.0270,127.3170,93.5394,80.0435,24.0858,42.1656,69.3109,69.1181,30.5167,23.5622,35.8826,35.2523,58.7258,106.8470,101.0810,95.8763,73.1848,57.5515,48.0872,54.0297,46.8494,44.4171,39.7126,38.2644,35.6404,38.8231,34.6577,19.3165,34.8748,36.0763,47.7405,48.2932,26.7966,17.9949,17.9899,36.2707,44.1840,37.8909,34.3803,27.0229,8.0044,28.4274,37.5000,33.8952,14.9272,30.2677,52.3854,40.3294,31.2216,24.4086,17.9693,10.4816,32.6179,43.8794,46.3108,33.9552,33.0593,47.8418,48.4428,35.5099,29.1449,24.2959,26.6868,41.4966,62.8666,55.2636,45.1353,40.1526,54.3857,53.5210,42.4557,30.8834,16.3927,17.8695,35.1787,14.9660,11.8268,55.6917,46.8011,39.4170,17.2671,32.4586,56.0441,30.4194,26.9227,8.8890,19.5676,29.9344,39.7125,38.8867,41.5827,51.7994,59.7522,66.4869,20.0336,31.7892,43.1303,37.1326,16.8428,9.0291,26.2091,37.4691,49.4554,35.6923,40.7215,31.0490,19.0205,26.4199,13.2800,24.6312,12.4037,17.6729,25.3962,20.8913,53.8790,35.2712,30.8639,7.0223,14.0273,22.9452,31.6281,38.2493,24.4458,15.3757,14.0643,14.4269,27.0733,36.6154,42.5573,26.5404,22.6958,23.9935,24.9406,27.7731,54.7868,54.4956,44.7600,58.7608,79.7946,97.5831,120.1130,96.6149,55.1982,25.3622,70.8222,27.3986,13.6310,47.8053,38.6708,31.7230,15.6435,48.6404,46.8002,36.1686,20.6359,37.4323,49.0170,39.6264,29.8895,44.4561,85.5755,82.8787,58.8101,19.5049,19.3661,17.3818,21.0190,23.3186,37.0728,29.1847,63.0892,61.4216,54.1714,53.4816,70.0951,95.6638,85.8784,83.5486,114.6170,109.2350,94.3569,77.6603,110.4170,159.3190,191.1300,228.9510,236.2890,198.3050,146.6940,70.9629,112.1670,190.7040,235.9520,232.6820,207.7560,226.5140,225.4950,227.5540,291.2030,342.3240,337.1640,297.3250,261.0050,180.0220,126.0260,146.1420,168.9470,143.4090,119.5720,136.8470,194.7360,265.1860,278.0820,261.5260,223.0870,190.7540,153.9200,87.8810,44.7315,63.4902,85.3449,58.4937,28.8433,28.8732,29.6989,49.2157,108.5000
97956.1000,88330.8000,71899.1000,58275.5000,48331.0000,36510.3000,30526.8000,23909.8000,19185.7000,16250.5000,12919.1000,10326.3000,9467.8000,8088.1900,7115.9100,6758.5300,5531.6600,4815.2800,4625.5400,4160.6000,3510.2600,2999.0700,2848.7400,2366.1300,2178.8300,1889.2200,1504.8200,1302.2500,995.1170,759.0110,562.4770,477.1450,363.8370,299.6100,289.0710,189.5050,91.4936,53.6967,79.1978,126.2080,119.7870,124.4480,163.2160,155.2480,172.6190,187.6970,234.0510,200.8940,129.1980,114.4400,124.8030,141.1380,145.4530,149.4380,124.1990,88.4665,59.8853,33.9151,53.7140,42.4925,45.3474,144.2480,244.7840,288.4990,309.0970,321.1520,269.3260,178.6850,154.0970,182.5080,189.8510,188.0490,183.7810,153.9450,122.3700,75.3077,54.0767,41.6555,33.4763,35.0497,31.9700,14.3756,11.9335,24.5887,16.4401,18.9684,47.7404,66.8348,58.2147,58.9258,62.0484,52.0273,80.6035,64.4834,55.5651,44.2497,25.0365,13.0892,21.3378,29.1235,43.5976,42.0056,32.5601,26.4258,22.6616,22.6347,31.2914,20.7992,16.1832,18.8310,41.2160,43.1963,32.6950,22.8426,22.9245,15.8686,16.1549,37.0932,42.4042,34.5887,50.4851,60.7538,56.7343,47.6754,52.9688,68.6827,86.0674,90.1691,78.8055,75.1665,77.1052,65.8680,45.9006,25.7040,10.8274,23.0807,46.1007,55.9052,61.6303,56.3227,33.7980,12.2539,6.4114,13.4234,26.0485,29.3011,12.8096,12.8265,33.3518,27.9325,31.1754,12.4433,23.8945,22.6239,26.7133,36.8095,38.0323,35.8760,39.5700,26.8542,26.0379,24.5130,9.1617,3.5822,4.0479,22.2069,21.1315,35.7359,17.8615,9.4120,4.0942,5.4731,15.5040,18.1424,19.5223,11.7217,18.9692,20.5076,27.7446,8.5563,13.9236,42.2418,40.0115,45.1558,31.1931,17.0597,16.0624,22.5131,24.7175,35.3221,43.9887,53.3749,33.6904,12.8805,23.8410,40.9794,37.7348,31.2929,27.6783,25.3226,26.3975,30.8835,36.5586,39.8920,20.7832,21.1490,19.4137,20.5059,40.8219,73.6966,80.9974,89.2621,104.7080,122.6390,71.8040,56.6808,25.7008,45.2995,40.3282,27.8173,23.1970,26.3262,28.1712,23.1645,38.3353,56.7941,51.0105,55.8777,35.6107,31.3661,32.4147,47.9192,67.2722,79.7879,44.1966,36.1976,45.3071,30.1241,19.8611,37.7450,49.6527,21.6345,10.7534,4.8932,16.7245,26.9106,34.3122,21.5580,32.7146,61.1893,61.4826,61.8933,69.9272,83.6335,87.4673,98.1449,106.7150,141.5060,231.1010,251.7740,204.9440,127.4250,63.9400,128.9540,189.9560,212.4920,205.7740,208.2070,235.0280,250.9670,262.2840,321.8560,395.3530,396.4200,358.9310,287.8800,189.1220,120.5210,126.9800,155.4060,151.0500,145.5790,149.3910,173.4100,234.0550,261.8300,253.0320,219.4330,173.6390,106.5590,61.5964,78.1811,75.0627,42.5682,51.0148,50.9909,28.1183,47.3212,103.3030,170.1980
98355.4000,88594.1000,72347.5000,58887.3000,48833.6000,36850.2000,30797.8000,24153.7000,19420.6000,16364.0000,12930.9000,10352.8000,9519.9600,8154.0900,7152.8300,6750.8600,5557.7500,4867.4900,4666.0100,4233.1400,3559.8800,3073.4800,2871.4300,2419.4300,2226.4400,1944.2700,1587.1300,1323.3100,1042.7600,777.7890,588.9580,514.7260,392.2250,314.4840,267.8320,202.5140,136.2430,66.0055,28.3333,60.7519,46.2727,48.2886,83.6718,108.3340,128.2210,156.9760,196.5220,216.4250,212.8170,209.7780,197.4150,199.5470,182.7410,171.5680,150.2120,85.9835,39.1713,53.0628,80.4752,97.4772,99.4937,142.9360,239.3820,304.7680,347.3710,346.8520,281.9290,177.1060,148.3170,186.1180,178.6540,172.9630,170.4750,161.4080,118.2540,77.7392,71.3731,56.9020,30.6324,13.9389,12.0207,19.6213,32.2495,32.4897,29.0975,45.8174,63.3943,76.7556,90.9984,120.8940,127.9790,75.4294,62.2325,19.1465,15.1957,16.3088,22.2172,12.1646,26.1734,40.8730,57.0857,74.8007,73.1119,51.6750,34.5591,26.4734,40.0864,40.8294,14.5760,22.8230,25.5897,27.9072,28.1765,26.7144,42.0969,19.5900,15.5586,38.0168,35.8592,21.3552,16.1252,18.6978,11.6274,31.8290,56.2867,63.2037,61.0919,67.2084,69.8884,46.6641,50.5374,48.6406,32.5049,25.3165,29.6857,29.8366,27.3352,14.1226,23.7530,38.0045,41.4055,32.4244,44.4190,36.3722,25.1823,10.4534,14.8217,11.5183,12.6814,12.5339,26.6261,19.9887,16.6039,14.3468,28.3232,22.7458,26.6988,17.7087,19.4418,24.7869,26.2064,22.2802,21.8127,21.5723,18.9149,16.1744,23.1903,20.8084,25.5017,29.9989,26.6819,18.1565,5.3406,8.2252,15.7622,22.8332,12.9693,4.9476,12.2657,3.6610,5.9095,17.1345,7.6380,5.5261,15.8229,30.4903,51.4468,50.2240,44.6020,30.8461,35.6699,38.2131,18.0695,20.2032,31.6487,26.4644,35.7445,49.9216,53.4674,51.0843,40.5937,40.1114,37.2537,27.1813,19.9743,10.5047,17.5494,32.3479,47.7011,50.9456,71.5735,98.1303,116.4430,138.7340,90.9050,56.0511,19.2054,21.5627,22.4872,23.3060,18.3235,11.7502,27.5382,42.3717,54.1758,60.8402,50.1825,62.3091,35.6520,23.2297,19.6953,38.1267,55.9442,48.8418,46.4071,42.8238,23.6185,12.2223,35.3078,32.6222,36.1731,39.5244,38.8740,16.8170,8.0364,9.9513,21.6301,36.4813,47.5175,70.0143,85.7325,79.9312,76.1141,80.5513,80.9354,90.0563,112.4100,157.9360,234.8060,249.1500,206.8700,148.5320,85.4573,127.5700,203.2830,236.9100,210.0630,221.9540,257.6750,244.8080,287.1270,355.6110,388.8700,392.6100,362.4660,306.4410,189.0290,145.6580,146.8880,149.9500,162.6390,168.5300,178.4170,204.0320,241.1960,253.4740,256.9460,233.3610,178.1650,98.1494,35.0443,41.3299,53.8755,50.7320,56.5156,51.9441,50.6532,61.4072,91.5977,159.8060
98374.5000,88661.8000,72555.5000,59147.2000,48851.2000,36858.7000,30765.3000,24029.1000,19230.6000,16218.8000,12958.8000,10394.1000,9566.5200,8231.4100,7238.5500,6896.9400,5683.2100,4945.0900,4740.0000,4280.7600,3602.7800,3074.8000,2894.9600,2432.9200,2239.7000,1908.7000,1495.3800,1277.9100,1019.9400,746.7060,538.5220,450.5940,347.2750,291.7650,288.4740,212.8750,116.1000,43.8038,23.1687,42.3468,50.6352,72.6059,112.5080,138.7740,158.3460,191.9880,234.9170,244.9440,217.4490,204.9310,191.6350,209.7440,210.3220,197.6030,164.7710,115.7930,92.1731,124.6370,162.7370,163.7860,153.2850,154.2420,208.3590,266.8390,314.2800,342.9290,303.1390,202.8580,140.1400,155.1050,169.9720,188.4810,180.1060,157.0280,103.8830,58.6772,48.9750,51.1841,27.1971,25.3943,57.5557,62.0134,45.7822,49.4796,34.9587,25.8754,76.0726,110.0560,124.9110,132.2960,112.8630,66.0578,32.0798,15.1724,14.5465,28.5617,29.1762,19.1083,26.6654,45.9225,59.3313,51.6006,48.2599,51.5198,39.2066,31.0158,29.7370,35.3184,15.4846,13.2510,17.3103,39.2890,32.8146,40.1277,20.7657,6.1957,9.3000,19.2978,27.5088,34.2213,42.4365,37.4339,29.6411,28.5453,35.5200,42.0847,47.1145,45.4650,55.7560,69.1685,47.5918,26.2762,18.3596,15.7184,13.1591,25.1266,30.6361,29.8965,24.7240,18.6432,17.7619,21.0259,16.9098,11.8675,17.3491,19.0115,11.8965,7.3010,6.3513,13.6795,20.9438,30.5892,24.8994,24.4096,27.4177,27.3689,20.9795,17.1631,6.5021,9.2880,16.1620,12.5514,23.5699,26.7919,36.4794,18.4579,16.0519,10.1749,16.5025,16.0016,13.7313,2.4541,1.7146,2.2681,5.9962,9.9364,7.6310,4.8557,7.8751,9.6625,20.8313,10.7209,6.4466,2.2017,2.5958,10.0457,6.5073,7.1818,27.2058,31.1553,34.5760,19.8119,17.2443,8.4552,10.3707,24.2268,17.9695,18.5864,26.6743,32.0029,35.3124,43.0390,35.3142,26.4887,33.7745,19.7976,17.6804,22.0770,31.8531,53.8609,81.2121,96.4077,118.0360,138.8650,100.1480,51.6643,8.2101,38.9259,29.0571,32.5595,37.2707,36.8642,17.2012,33.0524,67.4014,73.1899,57.4045,49.7252,33.5612,36.9924,43.5174,50.0148,57.4843,60.1459,48.4848,41.7410,31.8337,18.3723,25.8221,40.6209,53.2926,32.9252,19.0647,22.4448,18.0971,15.3870,20.9893,34.1642,45.5632,70.4010,75.3357,72.3754,75.6634,86.4287,84.9745,88.7851,118.1670,161.4300,224.0550,250.3300,200.3310,146.0140,90.8792,142.9120,212.5390,245.6150,235.2360,204.3570,213.0730,235.7130,262.5110,317.4050,382.8460,389.5620,359.9940,280.4670,158.8050,113.5090,150.9970,182.0180,165.3450,144.0070,160.9950,194.6380,232.0310,262.7290,271.9190,254.1550,188.7750,110.0200,57.5597,51.3172,54.8449,33.3835,35.4059,41.8547,20.4924,48.6484,116.3560,166.2240
97883.9000,88256.7000,71826.5000,58206.4000,48207.3000,36414.2000,30440.3000,23821.1000,19095.6000,16162.4000,12844.1000,10267.1000,9455.9600,8088.0400,7080.5500,6721.1000,5508.8800,4810.8700,4623.0000,4156.2700,3512.0000,3002.9800,2832.7200,2348.7600,2164.1000,1854.1400,1457.8300,1266.3600,975.9890,751.1760,558.6830,484.1090,395.8720,315.0240,272.7890,168.7980,82.7953,74.8174,118.3270,140.3740,109.7090,98.7122,137.3800,152.3520,171.5180,191.7410,229.0260,227.7770,182.5030,158.9020,158.2670,177.5760,192.2200,195.9040,170.3570,107.3680,69.7428,87.0884,99.8237,112.7370,121.8760,152.8270,252.2110,322.5490,381.7900,371.8530,303.9870,203.7380,144.4530,166.3950,185.4240,198.1060,200.9030,188.5740,134.6360,72.2428,55.8009,37.5042,38.1362,65.3687,82.1915,77.6066,68.9785,49.6322,33.5923,24.7704,45.7726,93.5242,117.5640,150.5450,120.9160,49.5082,18.9258,27.8329,23.5980,22.9352,21.5266,19.9398,19.5889,25.5886,32.6794,51.9976,76.9673,71.5902,55.3421,43.0936,30.8955,25.4795,28.1479,32.2341,12.6854,7.4574,24.2768,12.4589,22.1725,24.9489,30.5414,42.1554,49.8120,49.2926,49.3560,50.2519,47.9354,42.8022,38.2850,49.4816,72.9340,82.3193,51.7368,37.2095,57.6454,61.9620,42.7924,39.2455,55.0085,50.9247,39.5316,36.1998,56.0770,71.0119,43.9738,16.4996,5.5202,8.0311,7.6436,18.6440,34.8943,16.7651,17.6261,46.1168,35.8769,26.8334,26.6810,32.0955,9.0901,9.6518,31.3263,31.6789,46.2177,36.3543,37.0541,42.0438,50.4426,31.1292,16.7987,7.7638,11.4900,26.7502,54.5028,48.3842,42.4309,19.2477,21.3409,22.3596,20.0990,23.9803,23.2801,21.7198,13.3886,12.5186,26.4952,37.7290,36.8730,35.8567,22.1306,16.1132,15.7754,24.8636,46.4540,52.4489,61.7560,38.3340,12.3436,8.2723,9.5529,7.5451,22.0853,36.6831,37.0050,38.4201,37.2567,25.6641,17.2273,23.8379,31.3852,60.5093,55.5241,54.5402,49.3843,71.5269,113.5540,113.5330,131.6050,132.1730,85.0482,68.7792,40.6455,42.2690,45.5780,40.4981,39.5742,40.2875,41.1926,28.2897,25.6278,37.0341,39.3086,52.0603,35.2255,33.4968,35.7908,46.0440,51.5428,67.7522,67.7111,51.6807,32.6229,14.8056,28.4166,37.3055,39.6874,11.5138,18.8548,37.4196,18.3284,12.3236,5.4755,16.6403,30.4352,45.6947,52.5618,67.5220,69.3146,64.1332,65.1521,89.3567,118.7690,146.0470,213.9670,240.2230,203.0220,153.7690,103.3470,126.9570,178.9230,205.4860,198.3660,210.1530,247.3700,235.5590,251.2520,333.4920,391.2180,392.7930,358.7410,286.3840,155.3860,116.7260,160.3800,181.1320,162.5180,150.9080,184.0340,218.6490,242.2240,262.9220,271.1420,253.2810,185.6010,100.9530,41.9886,28.2895,42.5346,51.6347,41.3422,25.0692,30.0298,47.3672,78.3228,138.2910
98450.0000,88682.4000,72338.3000,58815.9000,48832.2000,36866.1000,30881.6000,24258.7000,19505.7000,16426.7000,13003.2000,10434.6000,9555.0500,8162.6700,7192.7400,6778.2500,5550.6400,4864.5900,4681.9100,4219.7100,3585.9300,3040.8800,2846.7600,2375.9800,2192.8300,1873.7300,1480.4500,1276.6700,968.4410,731.0140,525.8470,434.5580,345.4710,283.6840,251.3070,137.3560,53.4660,85.5498,129.3410,151.5000,145.9660,131.7410,165.2530,209.5790,222.6950,226.3700,234.7160,210.1690,134.3710,94.6622,75.1375,80.7818,74.6866,77.1098,76.4819,59.9784,68.3717,76.7592,75.7944,85.3629,134.3620,201.2770,292.6780,387.1970,421.6630,421.8310,349.4530,206.9220,172.5620,214.0610,209.0260,198.4720,185.3820,162.1230,125.2910,83.0827,68.2889,66.1077,61.1259,58.8159,57.2461,47.4820,40.0819,34.4771,15.9749,15.7556,62.4536,93.5582,96.5108,99.7471,94.7600,77.6623,50.0775,26.9536,14.9761,19.2408,18.8692,13.1823,16.9841,36.0580,52.0886,61.9321,69.4470,65.0606,55.5206,48.1069,41.9272,30.0778,22.3884,14.1782,20.5711,15.2829,17.3678,16.9676,16.4747,8.3636,11.8529,18.8316,27.4994,34.1778,33.1797,32.2837,26.8865,22.9373,21.2997,47.8052,49.8241,54.5094,52.3666,66.1242,66.5709,57.2659,52.0008,47.0604,35.9186,26.3421,28.7551,38.5264,47.5662,48.7199,40.7764,32.5253,15.9775,15.0928,12.0513,18.8258,27.6150,29.9180,15.3761,12.3497,17.6285,20.4907,26.3368,29.6498,34.0956,30.1660,18.5869,16.8634,6.2719,4.7632,5.3654,11.5979,30.1888,37.6372,49.3029,52.2511,34.9580,29.5369,18.5904,9.0180,10.6633,12.4265,15.1303,26.4675,31.5801,27.5593,27.7638,27.7859,30.1166,26.9501,26.3118,25.8133,17.9299,12.9656,3.9708,8.4327,21.7899,27.9004,25.9324,25.5932,25.7032,17.1197,13.1633,20.1539,18.0860,23.3968,34.2573,35.7392,30.9363,14.3388,4.2402,3.3175,8.7216,4.0844,10.2346,17.7111,30.8029,49.4236,67.8062,81.5251,94.2793,100.7150,113.9980,121.2630,79.3425,82.9144,49.9574,65.4739,39.9092,23.7192,30.0506,26.8998,23.8249,34.3177,54.1526,63.5592,48.1158,37.3935,26.5093,12.3492,28.2085,51.2109,62.2839,70.1011,45.4219,24.6095,11.4450,28.3748,63.5378,52.0509,41.6745,17.7589,32.3335,45.9388,20.3931,7.1905,8.5327,24.9162,47.8452,70.1678,63.5704,57.7754,59.5210,68.6722,75.0888,93.3704,109.2580,144.6650,220.0980,233.5400,190.1660,117.9440,75.7368,106.2580,163.6970,190.9540,193.8320,203.5860,227.7380,232.0070,279.1770,357.6940,395.7390,387.2310,346.1930,268.2600,137.4450,100.1750,147.2340,158.3660,142.9420,153.3470,168.8650,186.3540,236.3520,271.3780,262.3450,230.2340,186.2350,126.0630,49.1484,39.7494,57.3666,52.8819,60.2001,48.2254,30.0196,55.7175,102.6910,155.9490
98403.3000,88652.8000,72542.6000,59158.5000,48883.2000,36872.2000,30777.7000,24064.0000,19281.7000,16213.3000,12916.9000,10377.8000,9556.2100,8238.8400,7251.7500,6873.8700,5666.1100,4935.1600,4724.3100,4286.7700,3596.1200,3097.7700,2886.8400,2405.4500,2185.1800,1886.8300,1512.2400,1263.7800,996.9360,732.8180,544.4880,453.9540,341.6340,287.5060,263.2370,176.0070,90.4930,63.6946,47.4224,73.3678,57.5093,71.2491,109.1260,125.4480,145.1950,164.2680,189.2610,158.3700,100.1460,72.6682,61.2416,57.0495,53.2113,62.9553,82.0559,136.0380,142.9090,114.0200,97.1175,106.7420,166.3680,246.0080,333.5180,431.7580,503.2520,464.4480,357.3340,277.1340,235.6340,242.8780,230.5660,168.4050,125.3780,109.8310,71.6901,46.0967,59.4419,70.1471,68.8668,66.3841,63.7365,58.6445,57.8295,48.7579,54.1794,72.4989,85.5261,102.8190,100.4990,87.6239,64.6530,31.8476,10.1584,22.4923,40.1265,42.9275,39.3145,40.3190,40.0228,40.2396,42.0991,37.6158,31.8370,35.2934,32.9541,29.6281,34.8355,40.8170,51.5716,50.2878,38.5628,45.1034,32.9367,33.4919,35.5898,36.4388,32.2273,29.0533,29.6624,30.9679,24.3922,20.4957,27.9896,31.6361,24.4537,31.6576,55.2797,70.8330,49.4843,44.6308,56.1465,50.0050,43.4646,37.7391,37.3987,35.0999,31.9697,24.6146,36.1015,54.9679,46.2977,37.5642,35.9264,28.8600,20.9614,7.3601,4.1885,9.1137,14.7169,25.6525,15.6358,21.1182,17.1586,32.4569,30.3723,34.9957,32.2775,23.4118,37.4746,39.0756,33.8991,16.9255,25.9562,24.8701,18.0938,12.7389,10.4751,12.2890,16.9764,22.4768,13.0983,21.2477,24.4412,31.1889,38.1277,35.2864,17.3694,6.9320,8.9182,10.7504,10.4154,9.5519,6.9905,6.7872,4.4086,5.5686,4.4685,8.7987,15.2691,15.2017,12.9773,11.1696,10.2100,8.6902,17.6185,32.6868,39.0997,38.4925,30.3244,16.7400,20.1659,27.7672,34.0734,27.4672,16.8353,9.5918,10.1626,13.2450,34.8287,50.0721,71.3966,94.4380,123.8320,145.4200,94.3932,73.0271,42.8323,33.3822,40.3768,42.2913,38.5797,33.4324,28.1609,27.0551,29.9064,41.4034,39.3060,58.9330,46.7068,30.5991,18.4193,42.8765,71.7934,74.2225,53.9894,37.8263,24.4545,26.3578,34.2697,38.1779,36.0600,30.0979,21.3289,22.4497,18.2576,8.9860,13.8397,25.3761,34.6586,53.8465,59.9000,65.8853,74.7146,81.5844,85.1617,94.6855,103.1710,138.0560,224.2490,236.7970,184.0500,116.3410,95.2235,145.5020,195.2440,214.6450,201.1450,200.5310,220.6010,216.3610,254.6500,342.1070,395.5230,389.6350,349.6080,294.6580,183.0330,131.9270,147.3180,148.6420,135.1960,146.1470,163.5640,176.5910,211.2560,254.4130,257.9350,237.2590,180.2680,99.3728,64.7925,65.6070,44.5435,40.6234,62.9624,54.1070,33.2718,34.5957,68.3975,134.7220
97939.8000,88318.4000,71900.3000,58283.6000,48254.2000,36457.5000,30431.9000,23793.5000,19085.2000,16149.5000,12849.9000,10282.3000,9467.5100,8072.8800,7059.5200,6706.5500,5475.6700,4769.5200,4624.6900,4172.6100,3550.7500,3032.4300,2868.7300,2394.4200,2196.0000,1882.3400,1497.7100,1291.2500,990.5430,772.8180,578.3620,487.8620,386.9910,328.3390,302.6050,185.9050,83.7433,47.2556,87.9869,138.7230,116.8710,104.9820,151.0450,176.0540,192.0220,205.5310,237.9920,213.5320,143.6340,113.2720,116.6410,138.8590,126.6020,139.5220,153.4280,141.8870,97.9204,76.3754,122.2130,176.9690,200.6140,233.3890,259.2460,282.5370,312.9820,328.6200,308.8770,282.9360,211.7360,129.2200,84.1080,96.9797,128.4830,127.4080,79.3189,46.5595,38.7624,60.5677,39.1859,21.2920,47.2045,52.5569,48.5969,33.2089,36.4025,37.4351,68.4540,79.1161,74.4672,69.0528,51.3535,32.2253,28.1006,19.6073,12.6434,8.3819,16.7788,20.2101,44.2221,49.8756,48.8626,50.4668,51.1944,40.9185,28.7439,24.5071,19.3064,12.9048,3.1889,8.6081,14.7075,20.6244,28.9284,28.3403,8.9757,8.2726,17.3002,25.7109,43.9326,52.6547,47.1206,43.0880,37.7526,34.1084,28.3027,35.9782,53.3206,66.4262,64.6545,55.7759,51.6285,49.8513,38.4612,24.8543,6.5760,15.3484,30.3240,35.9659,37.7841,33.3087,33.6777,25.4075,9.8836,4.9398,9.1671,14.0620,10.1517,7.1142,11.0589,11.8409,12.9010,11.4769,9.1129,10.7635,19.6218,14.4999,10.3746,12.5470,23.7252,23.4524,14.9474,10.6426,16.2479,23.4064,17.8704,10.7103,15.3052,19.6578,14.6097,11.6646,4.9144,16.7570,17.1775,15.3867,17.4678,19.7214,18.0129,5.0289,5.1005,11.4000,10.2481,17.8406,27.5223,28.5768,33.5563,24.5490,14.8075,20.9804,33.2615,33.6061,31.2786,24.2310,14.3373,18.6735,38.3476,49.4670,38.9547,29.2690,26.6852,38.6327,51.4626,59.5122,48.0864,32.4667,23.7586,28.4205,32.5280,51.3129,55.9450,65.0116,103.0090,128.0470,163.9430,157.2110,93.1686,71.9753,38.9094,49.0299,49.8561,41.6822,36.2331,37.5514,43.2234,53.9843,64.9633,65.2194,57.0455,67.9208,35.8009,21.6278,30.7644,52.0388,81.6301,68.5693,43.7244,27.1261,17.9819,16.9848,39.8441,33.6417,25.1069,25.5389,34.9919,38.0024,33.2598,22.1897,9.9807,18.8597,36.0749,42.5320,45.6352,47.2048,44.0785,43.5959,48.0639,59.2724,80.2201,115.9140,169.4460,179.2040,140.2750,81.0697,76.6277,147.8070,195.3640,210.8060,198.2500,194.0850,216.7170,215.4270,238.2700,331.5750,404.1770,402.0110,359.7370,271.6630,169.1490,118.3490,127.6830,141.6570,141.6150,162.3120,169.8230,166.7940,213.1830,248.3330,248.3150,224.0200,187.5190,120.3250,43.0072,51.2241,73.6089,47.9186,51.5189,57.3139,30.7730,21.8815,57.7930,115.1520
98338.3000,88620.8000,72200.5000,58613.0000,48663.4000,36741.1000,30779.6000,24167.6000,19407.3000,16387.5000,13010.5000,10429.4000,9545.4900,8145.9500,7154.2700,6742.5000,5518.8600,4846.9500,4671.0300,4192.1900,3579.0100,3036.8700,2863.6100,2375.8000,2177.3100,1870.4200,1480.8800,1283.9500,969.6340,745.7010,539.3160,436.2050,351.5890,304.7070,277.7570,168.5170,61.5400,68.4088,129.4650,160.9090,127.3880,116.8480,139.4760,140.9110,151.0650,159.1030,178.8440,168.7480,148.0770,147.8710,146.5460,137.2980,134.1490,141.1230,149.4470,150.2610,146.5010,89.5297,51.4798,67.3865,85.3110,108.6050,128.3780,180.6380,225.2000,213.0170,178.9410,137.4060,123.0680,135.3710,156.7830,176.6220,167.2820,147.3060,114.6490,69.0885,14.6006,71.1367,89.3129,101.2290,102.2290,102.3880,87.3612,73.5182,50.0812,44.4548,79.2073,99.7246,89.5644,73.3433,62.3701,26.1898,62.7251,60.9885,54.6336,46.1255,40.0461,52.2444,72.5915,74.5231,57.7940,41.6694,33.3719,15.8923,15.4717,17.8671,18.5644,19.4380,19.1440,16.1211,13.3785,11.1547,9.5457,11.3668,21.0435,28.7722,33.4431,36.7502,42.5343,31.4956,32.2616,50.8551,45.4308,34.3442,38.0636,45.0366,45.5736,51.6623,63.9750,51.8427,50.2236,53.3180,31.9897,20.7003,34.7496,28.4278,26.3719,44.0405,54.3946,59.4066,52.2843,36.3441,21.7191,13.5102,11.5664,13.2716,11.2870,13.8831,22.4947,35.1252,24.0160,21.6411,27.2482,38.7727,23.8903,15.0307,28.1314,23.6960,14.7217,23.3643,29.1904,30.2490,14.1546,10.3100,11.0401,11.3397,17.8512,17.6205,15.9751,16.4361,25.9996,21.6202,33.3040,25.3383,13.6412,19.1463,29.2068,42.6211,34.8515,22.8685,19.9470,30.9095,27.7231,29.5162,31.6790,40.6074,34.5436,28.5158,21.7728,16.1995,4.2180,9.5684,20.1425,29.4181,42.0041,43.8733,37.8642,37.0445,37.2422,38.9053,26.8541,26.4700,40.6895,30.3073,38.4047,24.9529,31.4876,30.6031,37.7725,65.5649,101.4170,117.3090,145.6020,153.0380,103.9060,72.8163,36.5550,23.0925,11.9007,20.4784,38.8376,33.7236,33.8080,42.8700,61.5989,53.9302,49.8490,56.4394,45.4319,34.1726,22.2795,42.0948,65.9119,89.3420,84.9549,54.5988,39.6889,10.7518,38.8370,31.6345,22.3039,17.2100,22.5429,28.7254,7.8145,5.7366,10.4920,18.7212,36.7794,57.0705,63.2570,58.4990,45.4598,35.6057,61.9581,91.0290,106.3520,140.8140,204.4000,209.3070,168.3330,98.3666,54.7527,108.6320,159.6850,179.1660,194.1390,200.0680,208.7790,218.2710,253.1800,314.7360,372.6920,371.3470,340.8660,274.6180,177.5080,157.0530,165.6060,147.9280,153.9430,172.6130,166.6180,177.1240,214.6540,249.8580,249.0380,222.1280,166.6020,96.0556,73.8215,73.3572,66.2593,59.9979,69.6731,73.8316,46.2123,36.3170,78.0601,127.0320
98445.0000,88711.2000,72583.8000,59140.0000,48921.7000,36917.2000,30844.0000,24114.4000,19313.0000,16286.6000,12991.3000,10457.9000,9630.7200,8296.2600,7284.8100,6869.5200,5672.9800,4963.9300,4723.1300,4269.2900,3600.6100,3100.4500,2891.1900,2401.6800,2195.9900,1885.8000,1500.6200,1271.6800,1000.0300,735.9610,548.0670,461.2780,340.5980,256.5220,225.7460,159.0450,94.5551,71.0216,51.9051,65.8970,57.3669,59.5902,86.0629,101.4610,126.8730,158.3880,209.4370,202.2440,153.7780,130.1450,109.5190,119.4890,131.2350,136.5080,113.0050,73.2012,40.8885,19.1550,33.9406,63.5241,91.0641,127.8260,159.5900,186.6250,194.6550,211.8170,227.3920,213.5950,186.1850,166.8250,132.2310,110.8630,124.8150,152.1860,144.0270,84.5311,77.9305,49.2439,77.3927,57.0647,43.2158,65.5292,76.6511,73.7173,70.8887,62.9812,68.2932,85.2277,80.4294,76.7557,66.7463,47.7354,33.8279,30.9393,40.1235,51.0736,55.5269,32.2950,17.3646,15.5857,16.2100,38.5226,62.0425,53.8883,47.0307,23.3021,24.3496,33.8704,35.0696,32.0000,18.8827,7.9158,10.5818,9.2203,4.1337,0.8576,10.8798,21.8580,35.0226,31.9596,25.3738,20.1902,20.5571,19.4152,27.8748,40.7133,51.0614,54.4152,63.2707,53.8512,37.0287,40.3881,43.4060,36.1086,27.9771,16.9450,17.6713,25.0351,35.5256,44.5127,53.7429,39.8414,23.2041,29.7657,30.1705,23.9932,10.2186,16.1130,24.4335,7.7486,5.9149,6.4998,12.4402,9.8059,10.0908,14.9021,25.6416,39.5918,37.8591,35.2871,34.1272,33.9562,15.2082,5.5591,6.9565,21.7035,16.0819,23.5244,5.0731,5.5872,7.5556,10.1864,14.9664,11.2787,9.8970,11.8315,16.3102,21.2214,20.5332,26.4650,17.7549,24.1928,20.7110,19.0856,25.8574,34.2706,36.2654,33.3702,26.6341,16.4294,23.3336,23.2404,21.2199,36.6854,36.5236,30.4903,18.8050,9.8916,6.0652,13.9800,24.3624,29.4851,35.4973,31.7021,33.2128,19.0357,16.0650,26.3251,42.8624,62.1518,63.2187,70.6742,86.8213,118.2090,87.8538,81.1137,43.5726,52.1376,30.5612,21.4609,8.3694,13.3267,15.3868,13.2329,26.9131,43.5123,42.9208,60.0172,35.2707,21.5913,18.8126,39.8355,53.9514,66.2961,73.1924,48.3694,36.7229,20.8239,45.5637,32.5377,18.0421,17.3526,24.4009,29.9734,6.1072,28.1500,31.1631,43.8645,63.0670,87.2859,86.8420,83.4184,74.7481,66.8778,78.5557,104.7390,119.4470,149.0720,234.0570,234.1270,173.2400,94.0002,98.1474,158.2370,216.4770,241.7140,207.0880,182.9210,211.9230,211.8920,243.3390,347.9900,420.1400,417.8370,376.8460,303.6330,187.0750,141.0540,155.3160,162.4310,158.0210,162.4230,173.8010,191.1470,223.4110,244.7930,253.5450,236.6480,194.4360,118.6950,72.9348,69.1884,57.6832,64.5222,81.0895,57.1142,40.3142,41.8320,48.2936,99.6630
98033.8000,88426.1000,72098.8000,58530.1000,48412.2000,36584.8000,30526.9000,23825.5000,19110.0000,16147.7000,12825.4000,10236.6000,9470.3300,8088.8300,7011.9000,6669.4900,5473.9900,4759.0900,4606.4100,4156.8500,3524.5200,3006.9800,2841.5200,2355.3300,2169.6300,1879.2700,1488.1300,1285.3800,983.0930,752.3800,559.5800,478.2730,379.3980,285.5410,247.3530,168.9910,88.5474,41.6045,78.2445,138.2320,128.7110,125.7490,173.5770,189.0250,182.7140,169.7470,164.3690,133.8940,74.1235,39.2941,47.6740,61.4018,72.6873,91.2191,99.7518,110.3590,114.8790,86.3999,52.8441,70.0870,117.0940,149.2660,166.6530,164.8930,171.9430,195.1940,224.9530,214.3610,184.9440,159.3350,114.3030,87.0657,118.0570,133.3170,145.6470,88.7278,29.8423,35.3262,57.6749,46.2995,40.5855,62.1758,85.6596,99.0781,110.8520,127.4920,145.5650,145.5830,120.9710,96.6949,67.0403,13.9159,48.6334,66.3439,69.6534,50.3912,30.1738,29.4696,63.7281,74.6354,89.1298,74.2553,57.2559,46.0699,32.1045,18.2050,21.0914,27.1308,28.3692,18.5494,17.0770,19.7279,23.3488,27.5152,29.1498,25.5241,36.6393,58.2121,59.7418,44.8429,29.4537,23.8622,23.4464,16.1999,31.5920,49.5863,69.2117,81.6424,68.6882,44.9799,41.0147,49.0385,51.6315,49.7712,48.9687,49.7460,43.5234,28.9415,35.9682,48.2752,30.6218,13.7882,21.5329,29.3984,22.4106,22.2415,27.3301,26.4215,17.1784,5.5051,15.6078,25.6329,24.8674,11.6013,18.3228,19.6961,29.2398,6.9943,6.6973,27.3101,21.9663,26.9234,15.3752,18.8301,18.3030,14.6805,11.2750,10.1606,17.7820,8.8423,29.9161,30.2026,47.6425,26.5211,15.8358,3.9340,14.7901,17.2694,13.8027,3.4729,10.5120,11.7306,22.2059,33.5399,43.7399,29.3303,17.8771,9.0084,13.5429,22.0844,32.2115,27.7080,21.8352,26.8886,28.1015,21.9238,23.9006,33.9475,42.6012,30.2353,15.6056,24.7337,40.0310,35.3042,25.1005,14.3764,16.6723,28.1050,54.6008,78.4042,103.4420,119.7510,142.7340,132.5190,88.0304,56.9962,30.7731,22.1500,21.2152,18.9579,13.7242,12.4151,25.8927,34.7174,50.6441,52.5056,40.0682,52.5974,32.3083,20.6359,19.8959,32.9956,42.4136,42.4418,54.7557,35.2094,15.3506,21.2790,26.6650,37.3411,37.5432,34.6940,9.7690,29.0306,33.6109,28.5931,24.1088,26.8363,49.7340,76.4429,65.1817,50.5007,47.2095,59.4602,75.0491,89.1536,112.8840,151.0280,218.3450,231.3990,186.8820,113.5790,68.7826,136.3060,198.1250,225.3380,209.6730,188.0700,207.8890,222.1430,257.7570,353.6080,425.4360,423.0080,383.3710,290.2490,158.1110,117.8040,134.2140,135.9200,149.5320,171.0510,175.0510,194.4420,245.4530,270.9320,266.6630,238.0650,189.7530,109.8640,59.0997,70.5738,74.9226,79.0138,103.5010,99.0057,76.0649,48.9047,54.0713,106.8450
98178.7000,88509.9000,72092.7000,58457.2000,48516.5000,36638.4000,30684.7000,24087.0000,19346.5000,16375.1000,12981.0000,10419.0000,9591.4300,8174.3400,7135.3400,6730.6600,5502.6800,4810.5800,4652.7900,4188.5600,3576.9600,3041.1700,2866.8300,2386.1800,2197.6000,1882.8600,1485.3300,1251.8300,946.1840,715.8090,525.8870,442.6350,340.1410,280.4510,245.1460,148.3690,73.6676,49.4987,91.8413,143.7070,131.8700,118.4680,128.5170,131.1860,137.9510,141.8980,132.5070,99.5591,41.8993,56.1705,76.8871,103.1140,136.4590,160.3780,178.1110,188.7400,177.1870,141.4220,115.1510,117.3440,140.0660,174.9040,197.2810,203.4310,205.2960,255.8250,299.5270,291.9870,230.8300,164.9500,121.2670,112.1190,126.3200,130.4850,137.9940,84.3442,57.8163,48.1639,64.1782,60.8036,73.3469,90.2273,101.4210,98.7992,91.7275,97.3673,113.3100,113.0270,89.7096,60.9690,30.9273,38.7195,103.7250,114.4060,126.9490,100.2000,59.7721,46.4170,51.5556,46.5066,41.7144,39.3039,42.5353,20.9103,9.3290,17.0018,23.0249,26.8632,15.0445,14.7234,19.2641,25.9375,32.7094,30.5037,10.2835,4.3316,8.7093,19.7375,45.4472,48.6093,34.9176,21.3998,26.7846,35.9749,44.7558,48.3400,53.9771,44.3531,26.1749,27.0312,45.4055,40.8237,32.6586,45.1107,51.0866,50.0799,27.1772,10.0381,19.5385,34.7983,49.9244,52.3825,36.0766,42.0353,25.5239,25.0776,21.5263,11.3824,17.1023,15.2203,21.8072,11.1700,19.7723,39.7558,40.0155,28.9623,19.4570,12.0354,20.6244,28.3209,33.0758,30.6009,23.5957,21.5819,14.8696,10.5667,17.7233,27.1013,33.4634,24.1285,18.5309,9.1239,22.4458,32.7973,23.6876,22.3797,11.9164,13.3832,23.9461,47.2752,41.8941,38.8632,11.9536,13.6191,24.2176,17.0351,7.1868,4.2340,13.3224,26.1038,24.7281,24.5567,18.8142,35.4600,57.9719,46.5038,38.6586,29.0842,43.6831,36.2877,22.9823,19.5797,37.0627,25.1243,19.9488,20.8501,23.6490,37.6792,61.0598,83.4283,90.7794,102.1010,121.6990,152.7290,126.0900,107.9950,76.5695,31.9671,19.3998,11.9275,22.0885,20.4823,26.2718,39.7438,67.0411,71.5279,64.3059,76.5285,53.5022,33.6751,19.5221,34.6452,51.1536,60.6627,53.7959,32.4749,16.4720,7.3951,14.7775,23.1987,26.3216,27.6766,14.1218,8.8283,9.1271,16.1889,21.4093,30.7316,44.5529,53.7036,45.8210,53.4684,65.5229,74.2145,80.5006,105.4990,134.1020,157.9410,213.2360,217.9090,168.9200,89.5363,64.9094,154.7190,209.9940,229.0940,209.4990,205.4660,233.3790,243.4480,276.9250,364.0430,425.1930,421.7090,381.8600,308.8750,194.5630,126.7160,118.9220,115.5240,129.0930,166.2220,177.1880,186.7530,232.9020,269.1850,270.2670,243.7720,184.9840,100.3080,78.1268,106.1280,117.7980,112.8500,121.8350,117.4230,80.0709,53.7039,83.2876,125.7140
98335.7000,88624.2000,72484.5000,59040.9000,48869.8000,36875.7000,30817.8000,24115.4000,19346.6000,16266.1000,12920.0000,10353.8000,9504.4300,8163.3600,7167.6800,6766.0700,5567.8500,4848.1300,4646.3100,4233.9200,3550.3600,3078.3900,2854.3600,2406.2500,2221.2300,1928.0600,1562.0000,1297.4600,1035.1500,737.4840,555.8950,458.4300,333.9080,267.1380,243.2450,173.1380,98.2890,71.7152,35.2127,39.5275,34.7224,58.5006,78.8911,78.0904,88.4617,90.2733,112.2390,126.6840,118.8840,161.2220,153.4970,137.0340,136.4070,142.8370,171.9320,202.8590,204.5720,149.5370,107.5420,130.9990,176.0500,204.6940,246.0290,254.3660,286.6210,290.2330,284.3240,250.5140,216.4890,180.5700,154.3340,116.4610,102.8550,114.4180,120.6210,62.6710,67.3820,58.5053,71.2263,65.1935,58.9092,62.3453,60.7489,67.5629,91.8720,109.3600,126.8840,127.4640,116.9760,83.4520,48.0168,18.3200,82.0093,86.4479,79.1127,70.0692,71.6916,63.5741,45.7968,58.6110,60.0191,43.5769,31.2941,19.4163,17.2136,19.9076,13.3609,15.0855,25.8626,38.9652,49.1998,36.4481,26.0395,7.6592,13.5802,21.2809,32.0560,46.4816,43.4993,39.4772,48.0109,47.3175,39.9223,29.6992,37.9216,52.2613,66.8451,84.7373,76.0166,52.3737,44.4300,47.5803,44.2094,32.5656,19.0586,29.0602,37.3802,17.1115,24.5330,53.7847,46.0009,31.0160,21.7270,16.5315,8.2288,3.5238,2.4873,0.4618,1.9015,7.4654,5.5529,9.9840,10.5345,18.2042,21.5539,21.6304,14.6825,7.1474,21.9008,23.3597,24.9090,24.3713,28.8178,16.1155,6.2648,5.2245,9.4532,12.8076,25.1156,20.1355,15.5559,16.0260,26.5704,29.3318,17.9893,11.0691,8.6563,16.8600,17.9515,31.5848,25.0059,22.0710,16.2587,17.5736,19.7762,15.4441,11.9166,11.6221,18.6297,26.7559,34.0695,26.5331,25.6333,41.6612,41.8534,36.8727,31.2779,36.6415,37.7479,15.9965,8.1266,16.5120,29.7991,30.6450,25.4658,23.6795,20.0003,26.5191,31.2801,51.0599,86.9777,111.1850,139.8390,132.4500,91.9664,60.7633,39.6990,32.4047,45.9421,34.8520,27.8383,18.0742,17.3899,26.0792,46.8644,45.2789,38.3930,37.9182,26.1545,19.9128,17.2564,27.8194,40.7372,48.9268,49.6969,43.8464,28.0041,18.7465,30.2738,33.3849,27.0275,13.9661,11.8473,16.2903,16.6319,8.9589,22.9125,33.5567,45.3088,55.9427,61.3033,51.0514,44.2492,63.3983,89.3057,106.1840,120.3440,165.3270,227.7900,219.1350,173.3410,109.3380,85.3239,130.6100,173.1560,189.5590,177.1090,192.2330,211.8220,195.1740,242.8270,352.1600,416.1560,415.3030,381.0010,301.5570,165.9260,109.5460,132.7930,135.7490,135.0510,164.5820,191.0370,213.0670,248.8460,272.6400,273.2670,247.3930,184.9800,104.1700,70.4366,74.6099,75.4880,94.8627,108.5380,86.1283,73.4959,70.4620,74.6181,110.3470
98063.3000,88439.3000,72211.8000,58702.3000,48519.1000,36674.1000,30588.1000,23838.9000,19122.1000,16117.5000,12800.3000,10189.2000,9407.0400,8056.6400,6993.3300,6627.9800,5418.1700,4702.7900,4575.9400,4131.0200,3496.8000,2973.4900,2801.8700,2311.2000,2138.7800,1871.2900,1472.7900,1251.7800,952.5540,731.4970,527.8930,430.6970,334.8890,268.8260,225.4620,131.5740,60.2547,59.2736,116.5510,161.3530,144.4420,142.7500,153.5690,144.1610,156.3600,170.2790,159.3300,111.1990,35.4475,70.1332,91.1859,102.6790,108.1030,127.5360,164.2620,190.1930,180.3520,155.0840,140.7060,163.0700,193.2820,231.6530,246.3620,295.4240,314.7530,309.7040,286.5370,255.9890,212.2630,196.2230,156.0180,133.2790,119.5690,133.2130,132.6140,61.5783,59.6181,45.7980,63.3965,66.1807,66.0583,85.2322,108.4460,105.1990,95.1294,95.0009,105.3940,111.3400,108.0510,77.8407,38.9347,45.9109,89.7482,86.7624,72.7948,54.8297,45.0148,27.6705,28.8476,31.4858,23.1589,14.8498,11.2255,6.1935,11.6525,11.6062,17.5068,31.2377,37.5241,37.9800,36.1408,25.1217,20.9313,20.2992,19.6585,15.8060,15.3889,28.4563,37.1043,23.8413,16.4890,34.2302,45.5709,41.8917,24.8429,43.2502,68.2454,82.7694,51.4334,33.0187,32.3911,31.6272,36.7082,43.1023,49.9071,54.0206,52.9043,20.4025,16.1488,40.4489,43.2992,20.4127,11.6340,21.7326,22.8916,23.7428,22.7881,11.4715,13.2903,29.1160,17.0908,24.9177,8.7895,11.2447,15.8096,14.4738,33.1968,22.0322,24.4975,10.6571,7.6783,8.6216,12.2820,13.0185,17.3710,17.8617,25.2043,13.2693,13.0093,7.0217,15.4478,11.4977,10.8618,13.9221,14.8770,34.4027,27.1639,29.7076,22.1689,31.6324,28.3210,27.3114,25.7833,39.5298,29.7317,19.4594,3.3969,8.2544,6.7463,14.7288,21.1388,27.6455,10.5765,14.7326,38.6257,40.5044,37.1097,29.6430,26.7148,22.8581,13.4494,16.6039,26.2647,23.7733,9.8279,8.0472,17.7159,35.6161,61.7686,79.8216,96.1936,111.3000,139.1320,160.5450,123.0150,98.1926,76.2591,33.6768,18.3522,19.4245,25.6944,18.7928,13.9882,19.0639,33.5786,41.0265,26.7210,23.7423,29.3021,8.6183,10.7725,67.7609,71.5115,90.4035,72.7915,56.5110,34.4441,18.4207,15.1730,22.5673,28.1654,33.9359,30.2279,15.2535,13.1733,27.2820,38.2594,47.3411,62.1827,82.0638,81.8816,63.4184,55.6501,67.9746,89.6702,101.3720,120.1440,153.2550,197.6830,206.1060,171.0750,112.5480,61.7648,130.2160,190.1250,215.5070,187.0680,171.2260,203.5260,204.5770,218.8330,321.8740,408.4770,411.4470,379.7380,295.4420,171.5810,85.2739,103.2410,141.0120,142.2650,153.0790,177.0140,192.8380,234.5180,276.2600,279.1170,254.6210,197.7170,121.9790,67.7933,72.6357,78.4939,75.4781,98.0944,96.5262,68.5797,58.6317,92.7674,150.0500
98079.9000,88416.8000,71934.0000,58339.7000,48439.0000,36565.6000,30600.0000,24045.1000,19316.9000,16366.4000,13001.0000,10417.5000,9542.8500,8126.2700,7138.9300,6743.5300,5488.3000,4810.5000,4669.3700,4187.4400,3592.5400,3035.4500,2841.0100,2359.9500,2180.6500,1856.7200,1462.0400,1287.8500,971.4280,729.0290,544.2670,472.0820,368.4710,271.2900,243.0010,173.6170,87.8965,55.2177,106.7630,165.5030,130.8560,118.6050,172.5020,197.2240,208.7040,210.7350,205.6680,149.7200,81.0399,31.1273,35.7100,59.7417,87.8662,91.7785,122.0560,161.5580,158.2700,122.5470,95.5814,109.6790,163.9620,198.9800,246.6650,281.5810,298.1740,266.6650,224.4210,188.5300,177.1110,165.7280,159.4290,141.1360,120.5350,136.1960,126.8480,52.3303,49.2129,79.0314,88.9445,77.9125,100.6770,109.8360,105.8110,100.4220,111.5330,119.3070,125.4170,140.6310,136.4950,99.6387,57.9816,32.7849,48.8247,76.2907,87.5588,78.3883,28.1966,24.6273,53.6812,63.5492,55.5750,58.8006,30.5098,18.7784,31.1683,35.6142,60.5161,31.9338,21.3270,10.5269,15.2813,38.7986,33.3442,39.5542,23.4065,19.2844,26.9046,56.9055,71.7873,49.3455,28.0911,32.1856,36.2567,30.8878,20.2223,34.3183,40.6306,41.5452,47.9734,37.6497,33.0806,49.1516,44.8661,39.4594,41.4188,42.4673,31.0533,10.1105,21.8950,39.4382,38.3036,24.9728,22.5825,6.4259,11.9165,21.1152,32.5070,18.0925,24.3689,18.5314,29.4952,15.8950,11.5928,10.7673,15.3586,18.7074,29.2859,39.6499,59.5308,47.0115,33.4165,25.9719,17.3969,12.9257,19.9463,10.4431,24.0257,18.6716,21.2495,25.1494,25.7032,10.7525,24.4148,53.6206,48.5796,46.9285,31.6353,29.8477,18.9232,14.5494,12.0030,17.9157,19.6697,23.7560,16.2732,12.9891,11.0368,4.0125,15.9994,23.6331,33.6529,35.9934,35.4756,30.3136,28.1794,29.5574,31.8919,37.0955,50.8608,48.2062,28.5994,34.8877,40.5155,37.3650,16.1590,15.8903,34.1441,56.6359,72.7641,69.8082,96.1883,122.0100,158.0760,165.6730,111.9290,82.6661,32.7194,22.0585,20.9126,23.4132,9.0771,10.8123,12.5228,9.2219,23.5228,45.6244,42.7645,60.4058,51.5162,37.5583,34.8724,46.9051,61.9213,51.0184,46.9904,37.0800,27.5368,34.5179,31.9815,27.0617,37.0606,39.1555,30.5806,10.0937,6.5106,9.9120,23.8002,44.7647,61.3622,78.6945,71.0384,47.6601,39.7299,55.9892,68.8016,75.1139,89.1133,130.4510,177.9050,174.3240,136.7510,74.1578,62.9297,142.8440,199.8540,227.3070,236.1060,218.0400,213.8710,228.1180,272.5180,346.2700,402.1260,396.8090,356.3890,274.9910,155.0610,105.6210,116.8380,133.2950,149.1400,156.1200,154.4740,185.4920,244.7840,285.3480,285.6810,261.6620,211.2750,119.1880,81.2674,93.3448,96.4614,103.8850,106.5840,89.7433,81.3380,75.7752,98.5028,146.0430
98356.1000,88610.0000,72415.8000,58995.4000,48912.6000,36924.2000,30848.9000,24136.0000,19384.9000,16317.5000,12920.3000,10341.6000,9502.0500,8152.7700,7165.2300,6768.4700,5567.6600,4867.8500,4678.6400,4267.5300,3587.2700,3116.3200,2855.4800,2384.5600,2201.1700,1913.5900,1553.8900,1302.6600,1044.2700,761.2730,578.3120,469.0780,327.5470,251.6900,240.2880,176.5370,96.7615,54.7856,32.5015,74.2352,43.7020,23.0329,67.1157,99.6001,115.8410,136.2030,176.1220,179.7470,141.5930,120.9580,94.4247,79.9124,63.9359,61.5447,46.3189,71.2994,136.6150,132.0240,112.2990,107.9180,145.3870,199.9370,237.6860,316.5330,358.1570,304.0380,241.3410,171.6600,152.2210,157.2720,147.3690,131.8880,127.5360,130.8840,103.2680,83.4913,46.2869,62.8720,52.4224,42.4727,50.8208,60.5099,70.1264,69.0331,79.4179,93.6323,114.3440,127.3410,135.9230,118.6260,86.3470,47.7930,61.5830,85.8288,100.9760,74.5115,34.8259,21.6864,33.1657,46.8805,43.7526,32.4411,21.7099,14.6687,7.3388,23.0069,20.3837,27.7866,54.7690,80.8532,82.7785,67.5602,61.3379,49.3126,36.6962,34.6870,38.1876,29.4004,26.5218,43.5967,40.0646,21.5476,27.7474,51.3976,53.1615,46.8636,38.4219,41.4711,44.2330,34.1515,33.2773,50.4271,57.0502,56.9231,63.6311,53.5995,42.8752,52.9819,61.3443,58.7783,41.2971,38.1087,24.1156,15.3050,13.0508,23.4552,12.9494,8.3319,20.4642,37.2627,32.7086,30.2455,56.9038,49.4008,49.1339,7.8476,21.3807,34.9757,20.5516,19.5046,22.0655,30.6577,34.2322,33.2103,22.8809,10.3147,5.5187,12.5334,18.9290,19.3161,13.0689,11.1120,13.5258,20.4705,31.6908,48.6078,33.8800,17.1455,23.8668,24.9450,25.7213,20.5078,47.9502,31.9798,31.9985,20.0060,36.7666,29.8524,40.0604,50.4986,61.8324,34.3155,29.6109,35.8227,29.7660,31.2134,39.7099,46.6401,13.5672,19.5322,47.6296,60.5052,42.9753,32.3813,29.4772,42.4492,50.8687,54.4502,72.8959,99.3702,116.8280,107.3830,116.6210,116.0480,78.6895,74.8752,52.9210,53.2981,38.4249,30.2415,25.6475,23.0026,40.5006,53.0409,58.1156,72.8714,40.8736,73.7549,48.2134,40.9950,31.8349,38.6280,50.8474,79.3148,73.3399,49.0563,23.2869,6.7895,10.2167,16.3728,15.9978,37.6663,47.5400,40.6250,27.1984,5.3672,40.0812,60.6727,88.2911,84.1632,69.2693,61.3828,51.2273,65.8409,90.0855,102.6360,112.1760,150.0740,204.6660,191.7510,136.7830,81.2782,79.8501,126.1180,175.4740,213.3210,233.1350,212.3050,204.7720,197.2680,238.7260,354.8690,416.9480,406.0670,364.9110,297.4050,189.6480,104.1850,95.7481,104.6510,111.8180,137.9400,152.8830,166.0680,217.6980,258.6560,245.3860,205.4420,150.5950,89.3682,63.9216,102.8670,130.1900,106.5400,100.2300,105.8730,78.2640,53.0579,79.7629,136.3430
98053.4000,88440.8000,72297.7000,58867.7000,48640.7000,36754.9000,30689.7000,23925.3000,19186.4000,16169.7000,12830.2000,10179.3000,9399.4500,8042.9300,6968.0800,6635.7300,5454.9900,4746.6800,4591.6400,4137.9900,3531.5000,3021.0800,2862.2400,2351.7600,2142.5800,1868.1100,1488.9700,1285.4600,984.4680,746.0300,532.5010,443.9430,336.0260,259.6910,240.6230,150.1010,53.7919,48.3537,104.0750,137.5420,111.0620,125.7580,186.2460,200.1180,201.1270,215.5720,215.6300,185.6570,108.4950,43.4303,12.6615,18.3809,25.3858,35.8520,56.5036,92.2390,113.4860,109.1840,95.0606,82.7229,110.6650,164.5640,239.9380,338.6060,372.4480,332.1660,263.7920,210.0000,175.7770,189.2570,214.1180,200.1850,178.8640,165.7810,119.5500,106.8970,42.4657,81.3035,53.9439,52.3731,85.7310,93.8033,98.5745,99.8743,114.7430,108.8630,113.7670,128.2680,137.7660,142.5610,113.6740,70.2522,61.5597,93.1357,107.8680,86.2067,61.3888,61.5817,57.3561,52.3994,54.4779,50.6275,47.1842,16.7483,22.4016,24.9583,26.8105,20.8840,28.2071,22.5905,28.6288,41.4556,41.1300,53.4056,40.9875,25.9524,17.0733,45.0523,28.8336,19.3263,28.2397,27.3951,21.3076,21.8021,24.5315,28.4244,40.8557,57.3310,63.4019,43.3212,28.7339,35.8442,36.4453,31.9550,25.8989,36.8575,41.8717,19.3918,8.1171,11.0172,18.4941,20.9828,29.8047,27.9706,20.5924,15.2283,5.1649,7.7673,10.2669,6.1704,13.4938,27.5681,39.3072,37.2373,31.0160,21.2682,5.7800,13.7552,21.6424,25.5584,24.8635,12.5615,18.7355,20.5868,21.7272,14.6888,33.4115,27.3346,28.3013,32.8315,45.3459,40.4090,26.0614,24.1913,13.1174,21.8786,10.6462,6.5794,32.1336,49.0708,60.9282,70.1737,51.9742,32.2423,20.7365,18.0058,25.1374,34.8834,58.4268,43.6427,44.7514,26.3500,11.3587,13.5831,30.3859,36.1718,37.6600,29.6426,17.8337,9.0952,20.2042,44.4510,62.3634,47.3110,33.4978,20.9494,16.2904,18.0851,27.5362,45.1248,83.7221,101.8300,128.5340,128.8270,90.8189,94.1574,63.4882,50.5559,38.6234,22.9519,17.8508,17.4532,23.5040,27.6625,32.0639,38.7062,26.9778,52.3554,39.3604,31.8625,15.1185,32.9939,53.1253,61.7257,50.3205,26.8402,17.2417,30.0969,21.9587,15.3117,28.6912,32.5731,34.0047,31.6140,21.8196,15.2698,29.4505,48.4242,69.8454,88.6857,70.1881,69.3730,77.7834,78.5875,64.0640,71.0668,108.8460,152.3150,218.7430,224.4010,173.7650,99.7026,72.6197,120.4470,177.8470,208.3660,200.6420,184.4660,208.7010,196.3460,218.5950,326.5200,395.9680,400.4430,370.4130,296.9220,167.6680,121.0620,134.8530,109.9010,113.5410,162.9630,185.3540,205.5220,243.4410,263.5180,272.4200,260.8500,235.0420,144.6800,85.7620,81.4589,62.6036,60.0155,62.7583,51.9163,72.8258,78.9503,71.7584,126.2620
97915.4000,88295.9000,71862.2000,58233.8000,48282.4000,36466.8000,30521.8000,23925.9000,19203.4000,16241.4000,12877.6000,10313.6000,9501.7700,8096.8500,7074.6600,6704.7200,5473.0300,4764.5000,4611.9300,4154.3100,3520.0200,3003.2100,2846.0100,2355.9800,2165.3300,1891.8500,1505.4100,1288.9700,988.4390,765.8420,563.3000,472.0880,366.0590,296.7430,269.4260,167.0430,83.0932,77.1941,118.7990,147.9170,108.8590,117.1910,182.0580,194.4190,203.4350,212.4160,223.9900,185.3640,101.5360,53.0679,33.0240,23.0040,34.6697,41.8517,31.8217,55.1573,90.3185,110.0500,109.2700,101.3000,121.6800,153.7990,219.7150,314.1440,352.7920,353.3360,325.0780,232.6140,154.3050,150.7320,155.2880,148.1150,156.0360,131.5900,107.2430,28.9006,32.2784,36.9354,63.9965,62.4768,59.0325,74.2695,87.1700,65.0131,46.8326,66.3075,82.7325,110.4200,150.9500,124.3030,93.9420,15.5017,77.8130,86.0642,77.9262,53.4357,44.2371,41.2864,64.5957,73.3012,55.9918,43.3580,40.2798,44.5599,17.7419,7.0202,21.1089,20.7122,29.8700,14.5232,15.7126,8.3716,11.1171,13.5885,13.4417,8.6837,21.0935,41.4060,60.5197,59.5882,42.9811,35.7742,43.0331,50.2538,61.5902,73.8529,66.8826,46.7898,79.7806,92.5177,50.1867,36.4075,47.5473,47.2000,38.2749,37.5298,51.2321,72.0196,79.8885,51.1303,33.4456,27.3259,17.2372,17.0788,25.8781,27.0567,20.3972,11.6389,21.0858,27.5859,23.6287,22.6481,7.5897,4.4021,15.5228,14.8307,12.4148,9.6573,18.5574,29.7832,12.7494,10.2358,16.0320,11.5543,13.3082,12.4596,11.2328,26.9978,29.3190,28.4832,39.5620,21.1953,33.5917,13.1800,16.6092,25.7278,21.1484,15.5979,13.6218,13.7752,14.8493,16.0348,32.3700,37.4644,36.0275,27.5072,12.2302,13.6441,30.8573,24.6474,26.1202,12.6944,13.0376,28.4901,58.3438,53.2827,44.9504,29.9589,8.8004,12.9827,27.7475,48.0821,63.8842,39.2983,22.9368,28.2968,44.1362,42.2475,75.1682,59.4088,49.4495,84.3278,122.5290,182.7990,127.3170,119.6960,73.8944,48.3445,41.2177,51.7695,55.0569,57.9201,12.1058,45.6097,61.8579,43.5322,60.5699,27.9976,36.6414,54.6867,53.5234,38.5996,32.5575,39.7390,56.1662,64.7843,26.6498,17.1342,74.8319,50.5185,29.5650,21.3777,25.3613,20.0724,7.3041,6.7046,51.5196,62.7043,92.6786,37.0309,30.7842,95.8963,72.3318,46.5922,85.4068,131.0640,135.7520,136.4630,207.3920,207.3620,171.1500,110.1510,36.7215,147.4810,204.2110,221.8630,202.2690,208.6480,165.6120,158.2120,282.5100,387.6130,408.5850,395.0700,352.2530,275.2100,170.3080,141.1800,92.9325,112.2950,213.1740,183.9300,118.2950,211.2900,276.1390,247.4710,240.1250,223.8100,217.8350,122.2480,52.1089,61.1233,68.8069,97.4103,106.7340,64.0840,85.7449,83.1004,49.5049,105.3930
98325.4000,88585.8000,72320.0000,58859.2000,48841.5000,36857.0000,30834.2000,24189.4000,19443.9000,16358.3000,12925.0000,10337.0000,9469.5900,8112.4400,7147.1200,6748.1200,5534.3900,4836.8600,4655.0300,4220.8000,3549.3100,3051.6600,2843.5400,2382.1300,2209.6400,1942.1800,1566.7300,1314.8600,1042.8600,804.0630,611.9320,517.9840,369.9700,308.4860,299.1500,203.3560,101.2420,48.7786,51.4039,98.2230,87.3133,87.5464,103.1240,114.8250,133.0540,167.8800,209.6800,202.6190,155.3280,115.0300,80.2743,77.5303,88.5579,76.8292,47.5530,40.6507,54.9810,81.0741,103.7900,93.7085,101.5910,151.2290,238.0200,323.2290,360.9510,390.4630,338.4930,224.7510,150.9640,155.8200,163.3260,141.5380,116.2930,103.1400,77.2370,15.6762,22.9075,24.2651,42.2382,50.8863,48.6953,35.5825,24.0805,28.5074,55.5077,94.5422,125.3220,124.6290,109.0090,98.2562,78.7827,32.0279,17.6516,11.1331,10.0341,33.7610,42.8784,56.7075,68.1149,65.1684,66.2939,70.7635,91.5482,95.9887,71.9157,63.1356,61.0647,48.0942,32.4672,39.4003,34.4624,28.3336,11.4135,32.9471,48.8072,44.8671,40.3646,25.6067,27.6070,40.1452,42.4173,36.8635,24.6620,14.8488,30.9065,47.4250,61.5852,69.8371,67.2857,60.4383,52.5923,47.4194,40.7560,39.5171,42.3733,40.0844,8.7729,22.0540,38.4974,40.4739,22.9301,21.9947,27.2560,26.0980,25.4442,21.5289,23.1481,38.4039,44.5150,41.0906,41.9777,40.7487,33.0821,32.2550,38.0781,39.1008,35.8927,23.1087,17.7444,10.5496,10.7539,8.2469,14.0740,20.6122,30.2809,31.8129,26.1922,21.7510,27.8434,38.6119,48.2927,32.8515,16.6823,9.2051,6.9863,12.5988,12.0321,23.5029,26.8268,30.3121,21.0491,21.1096,25.1455,28.2587,26.5251,20.6410,9.7059,11.9847,16.5117,15.7478,15.3251,8.9610,14.3743,41.9937,51.8970,40.8763,46.6799,59.8936,76.7517,32.0732,28.6138,37.8107,55.4709,48.3078,36.7976,28.4503,24.8617,20.1332,4.2982,25.9528,47.5279,73.6483,109.0540,142.4510,118.0380,88.9830,68.0313,21.5675,25.7645,31.9347,15.1945,24.8067,28.2992,32.9793,42.4694,51.0090,43.0391,43.4995,40.2509,17.2856,14.3307,58.2792,72.9562,91.4713,71.4205,48.5431,29.3856,23.4662,31.2120,39.2140,46.5111,52.1005,36.8381,36.1489,34.8251,55.1973,74.3882,77.4903,84.3431,92.0059,95.2441,96.9758,93.2998,85.4330,73.3765,83.1331,119.7840,149.5120,188.2520,200.1350,161.0450,94.7162,49.9241,124.4010,180.2020,206.2760,223.1030,224.4630,243.3390,231.0340,244.7060,337.6120,406.7470,406.9860,370.2980,278.5480,138.7140,116.4910,157.4070,140.8720,127.5630,159.3460,168.2910,171.1300,219.7070,271.0150,268.7720,245.3840,206.8220,136.1950,86.0620,70.6255,61.4824,70.4225,95.8603,97.8628,92.6233,86.0804,83.0229,117.6090
98234.3000,88567.1000,72472.3000,59083.6000,48798.7000,36804.8000,30758.8000,24058.0000,19256.7000,16221.9000,12943.5000,10386.2000,9571.7100,8237.5400,7216.0600,6856.8800,5648.5300,4912.2900,4724.0500,4277.1000,3638.1400,3111.9700,2912.6200,2420.0400,2225.1200,1921.2500,1518.1700,1285.0900,1015.8400,774.9760,575.4450,476.8760,349.4380,281.5430,259.4590,216.0030,147.1600,73.2628,15.4497,64.6311,45.0201,25.4859,58.8905,92.7919,115.4160,142.0930,190.1000,205.5940,147.4030,101.4510,67.2193,78.4177,96.1029,94.6565,74.2566,42.6409,47.2011,85.3541,118.2830,140.8460,152.4350,168.7570,238.2750,328.9660,396.3340,434.5800,381.8860,255.7930,149.6210,123.0300,140.7380,146.3190,139.0540,137.0380,92.9658,22.6446,10.2730,19.4736,5.0405,16.4193,32.9498,43.2308,46.2355,17.8883,26.7147,59.6361,95.8698,121.5280,132.7870,122.8250,121.6800,66.4835,29.2947,27.3583,24.9907,29.6766,9.8634,9.1415,6.8562,22.4350,28.4445,43.5130,43.0673,36.8089,28.4557,22.8074,20.6425,25.6206,18.9796,14.8117,14.0087,28.6782,22.3743,37.7612,7.5809,16.3010,29.5444,22.3681,31.2595,58.1188,56.0388,46.8074,35.4828,32.9088,46.3668,64.5432,78.4919,88.1134,88.2066,69.0786,58.1310,61.0013,48.7740,32.9358,33.6312,45.9391,15.0338,32.2016,37.0409,36.1154,14.0201,5.4005,3.9301,15.8477,12.7437,30.5804,23.7783,31.1866,15.2082,13.8668,40.5572,18.4512,8.8781,27.2686,27.2353,26.8124,24.2550,21.3844,9.4550,8.2943,15.8871,32.9989,52.1274,40.2499,37.1392,17.7534,12.6188,14.3749,23.7057,11.8180,40.8366,34.6881,46.4304,27.9174,12.9567,8.6427,8.5863,10.8717,19.8161,17.4658,13.4893,8.1630,9.5314,8.6936,12.5823,24.6892,35.6485,28.8648,20.8241,26.8834,6.8778,14.0185,28.7659,13.3132,29.3934,49.9545,49.9384,40.6308,19.9260,15.4527,35.8008,60.2291,65.3832,55.0056,34.3492,20.3497,8.9810,11.3043,27.0343,71.2422,110.8790,126.0020,151.4280,144.1390,91.0911,50.5316,22.5348,63.4710,64.5161,55.4642,20.6107,17.2221,28.1327,33.5618,57.6964,83.8955,69.0245,68.6580,38.7478,34.7223,30.3151,32.8910,42.4826,58.8889,54.9065,30.5253,16.3725,24.5729,45.4967,39.1136,25.5049,24.7845,37.8707,43.8390,21.3643,16.1825,26.7095,17.4435,19.9831,49.0085,55.4930,49.0557,38.2313,39.8931,55.9826,78.7836,96.5020,120.7390,193.0820,211.8120,169.2000,97.4157,66.3592,116.2500,175.4160,202.3580,194.0490,200.1870,228.0370,198.0380,238.2460,360.7480,416.2580,408.7220,368.2250,284.4040,141.4770,110.2990,173.2450,194.9530,162.9790,147.6830,164.1910,178.9090,214.7290,264.8910,272.9580,258.5080,223.0040,138.3700,66.5039,48.1693,43.9220,51.0542,59.7973,54.3145,69.8157,69.3161,57.7198,109.5920
97809.2000,88195.4000,71802.7000,58222.4000,48212.4000,36396.4000,30439.1000,23856.1000,19135.6000,16205.2000,12891.1000,10290.2000,9464.5300,8069.7400,7026.9400,6661.8700,5446.7400,4732.2400,4577.2500,4128.8800,3500.8100,2989.2600,2828.0000,2355.8200,2150.8900,1850.9800,1492.4100,1286.9800,982.1870,747.7710,568.8670,501.7030,368.0570,279.3950,259.1190,187.9360,119.6170,56.5307,61.4290,125.3200,121.0480,117.9710,136.6180,147.3020,183.7260,210.9310,246.2060,232.6250,184.7310,150.8670,125.4590,128.2950,131.1260,136.3540,118.7500,93.9103,101.7910,124.7900,132.5800,145.8000,151.3910,163.7350,217.0830,302.4480,379.4470,393.0740,340.2070,255.6070,160.7870,111.1860,115.0180,131.8110,133.0940,125.5870,57.5742,48.7332,54.8928,72.9108,41.5082,14.5015,13.6629,32.8730,31.7987,20.1577,29.7170,61.0470,91.6762,126.5150,141.9610,144.4830,128.5340,74.7124,40.5718,19.1202,7.6767,7.2267,20.5691,19.9036,40.8993,38.4997,35.0212,39.3261,37.1288,31.1404,30.9212,30.1189,30.3545,28.6010,30.2812,26.0918,20.4302,16.7317,14.4094,4.7645,8.6369,26.5885,31.3074,39.6579,34.1551,23.6501,31.9647,43.3140,31.3611,25.7787,46.3998,58.1994,69.4097,75.8548,73.6840,47.6152,41.2635,49.4032,43.8336,30.2157,9.3684,14.3528,23.0977,27.0996,15.4543,15.9072,27.7855,17.8410,11.9772,6.0672,4.3124,8.7167,9.2680,18.1768,13.6226,10.5763,11.3419,18.5135,25.5233,23.2833,20.9669,17.0490,11.5743,10.5633,12.0598,34.2432,40.2755,32.7474,22.1418,20.4173,31.2160,24.6822,18.2603,10.1871,19.2116,19.1047,16.6186,31.2601,23.2423,28.5350,29.5030,32.2219,15.8794,11.3278,15.7760,17.5171,18.4099,12.4706,8.8212,13.8795,17.7070,18.3900,12.3073,14.9048,27.7881,35.3684,39.9256,40.2690,31.7987,28.3318,23.8387,28.0318,36.2652,42.7815,43.6208,16.6524,20.7557,16.8026,23.1277,13.5434,10.4327,9.7011,27.3911,31.8030,53.7064,55.0812,86.0186,114.9780,138.2770,137.5290,83.0489,52.4924,37.4736,16.8128,28.1810,22.4944,8.0897,16.6245,10.3997,10.2829,20.9138,52.2981,53.5391,80.1373,71.9978,44.2750,19.5360,31.3747,49.1249,62.0720,59.9876,46.3843,22.4098,15.7588,35.8879,33.7983,23.5636,17.2936,21.2923,20.0673,11.5039,23.9967,28.9773,34.0012,53.9875,75.7897,54.6225,35.5308,33.4635,49.0522,68.9904,85.6472,117.3930,148.8320,188.0880,214.3390,186.7180,131.9030,61.5104,132.6660,195.7490,218.3140,198.4410,198.6470,224.8370,227.1340,268.1500,361.3040,425.9430,421.5570,384.6920,290.4440,149.6670,100.1600,116.0580,123.8760,130.7490,145.8450,161.8870,190.9150,233.5750,270.3160,266.4790,245.1150,207.9330,130.7930,53.1626,48.6241,76.6649,73.1361,65.6939,81.2741,69.9144,45.9960,76.5858,147.6140
98218.0000,88510.5000,72262.8000,58787.8000,48777.4000,36795.3000,30857.2000,24263.5000,19491.2000,16460.6000,13051.1000,10469.6000,9594.0600,8172.3600,7151.6400,6729.3300,5505.8600,4826.6400,4671.5600,4208.7300,3600.5300,3050.3200,2865.9700,2387.9600,2202.1600,1903.9700,1507.9800,1284.3700,973.7940,730.4070,514.2710,421.1120,341.4540,280.8370,231.0320,130.7990,56.5512,56.3345,106.7040,143.9590,129.4580,134.3200,166.9490,170.5270,169.8380,166.1330,182.0070,159.5600,94.1387,68.4921,55.6651,67.4916,100.4010,136.4020,157.9680,143.8480,105.5500,94.2583,132.7820,166.5100,213.7500,237.6410,279.4020,375.3240,466.9040,462.1380,409.1780,340.2370,234.7260,171.9540,166.1510,143.3150,134.2360,140.1950,83.9511,50.6776,53.8642,53.7705,48.9423,28.3266,17.9101,16.5755,18.9507,30.7509,45.8660,64.5748,82.5867,100.3800,101.3780,98.8682,90.6919,64.5333,41.1402,43.1312,20.5107,17.2908,8.2718,17.1765,33.4052,37.6183,34.6210,34.9997,26.7339,35.1043,37.8001,37.0907,30.6244,28.0774,20.6695,15.8516,12.1363,17.1066,17.4217,19.1269,6.8890,13.5209,25.8620,33.5771,34.4567,24.9691,21.7952,33.2313,37.2411,29.6300,35.9351,61.4886,83.5555,94.4219,74.2917,50.0838,46.3437,46.6836,33.1321,14.1701,17.9753,20.5355,15.5819,26.9239,34.1080,37.9592,8.8631,12.4386,30.5781,16.0353,16.8802,12.1443,16.9173,13.4088,16.9270,29.3223,26.5663,19.1524,4.4754,15.0150,19.8977,19.0989,11.2536,8.0223,9.5469,16.2754,31.7234,34.6598,36.7851,36.7637,36.0790,16.4724,10.8812,14.7474,10.1697,10.8523,9.0863,19.6933,26.9770,41.7514,33.0555,24.9408,13.1007,4.0198,9.3484,10.9695,6.6695,3.2573,10.6702,8.1836,17.3055,21.7541,27.9991,37.1961,41.4808,34.4898,28.2037,20.0415,21.6438,22.9862,15.6034,25.7202,31.3176,37.5786,13.7628,42.5420,36.3442,43.3868,33.3744,30.3915,28.1928,18.5913,20.7174,18.0193,27.3625,40.8920,74.5435,86.7453,117.6290,132.2700,105.0440,88.8818,66.9509,24.3023,25.8732,12.5951,7.4192,19.4574,31.1212,31.2111,17.1537,33.6778,42.0428,61.3042,44.8372,26.5416,35.0077,48.1931,63.2658,62.3239,44.2274,35.5652,32.5094,21.8728,18.2254,18.0883,15.7609,15.1780,20.7742,21.3630,21.8377,22.9361,14.6547,26.3447,48.2451,47.6207,48.8687,62.1280,60.8144,66.6843,75.5567,89.8097,108.6220,147.5180,202.4980,203.8220,159.0710,113.4150,89.8087,143.3060,195.6800,211.8160,210.9100,193.9580,191.3810,209.2970,268.4130,373.7290,450.9950,444.2130,405.1990,301.8940,145.3220,103.8530,144.8050,147.9460,141.7200,154.3580,162.1710,172.0690,209.7250,256.1600,249.4330,220.8620,182.1530,128.9350,79.5009,79.0564,107.8320,93.7092,68.0758,66.2916,50.5201,39.3887,53.7427,99.8935
98178.7000,88514.7000,72460.9000,59116.1000,48837.6000,36799.0000,30747.7000,24054.1000,19238.2000,16226.0000,12967.4000,10417.4000,9581.1700,8273.3600,7268.0400,6853.6000,5638.1400,4915.1700,4713.8800,4273.7800,3596.6100,3098.7600,2882.2700,2389.9200,2161.1800,1867.0200,1501.3000,1252.8500,984.2130,706.6480,527.4900,449.5340,349.0860,257.6900,207.1470,147.3020,92.4933,67.5252,52.6361,52.6355,45.6461,28.0602,38.6278,44.5235,50.5759,69.1801,124.7080,159.2040,146.2110,132.2830,118.9050,141.5460,182.5920,214.5860,216.6790,179.0820,161.0150,171.3620,198.8620,223.6360,254.2930,260.8860,301.0800,379.4240,460.1430,460.9780,404.8200,338.4350,241.3800,193.8090,146.4410,129.0190,159.5180,142.3520,84.6989,38.1519,28.3324,63.2212,66.3479,62.3419,44.3533,37.2792,31.3504,21.5256,23.3109,53.9162,97.0899,107.2870,91.0362,87.8406,94.0105,78.3155,57.4518,47.2616,42.6472,20.5278,13.1074,18.1972,30.3376,39.3877,35.7559,38.4919,39.3276,41.8586,51.2664,60.5692,73.1365,45.3710,32.2396,18.5035,26.0244,47.8608,50.4288,44.7907,39.6338,26.0131,22.6718,27.8370,32.1105,21.8369,15.7350,18.6876,41.9926,65.4783,85.9739,94.5238,104.2700,107.5100,93.6942,48.8712,25.5320,54.7043,62.9364,41.2307,35.5594,40.8086,36.2368,23.2974,34.6156,37.1074,18.9945,28.0313,22.0030,12.9295,7.0053,14.7685,31.8910,38.7038,26.6921,12.9863,13.6468,6.3093,7.7190,11.9209,15.8633,26.2652,17.6150,9.3746,13.3774,17.4428,18.8288,16.7348,25.7092,25.9429,17.9850,12.1093,11.0367,11.1034,10.4017,12.8158,23.1949,20.0564,24.4390,23.4729,15.1949,21.7637,11.5416,18.6971,9.8966,19.7991,21.3684,35.8039,41.2657,30.3390,22.7444,11.8076,4.9920,10.4390,15.0381,17.8315,25.3836,39.8670,44.0479,20.0597,20.1366,49.5355,43.7886,37.5586,11.2560,5.8371,9.0296,12.4699,21.7501,24.2203,28.1411,31.9780,35.4714,24.8377,31.9036,52.9640,93.3042,104.0060,124.7600,144.3770,108.5060,80.1472,54.8486,14.6525,29.3126,34.4525,18.8457,16.4732,33.4843,32.3732,21.3736,30.2303,42.2749,54.5995,35.2114,28.8496,24.8021,28.1593,22.8671,18.9514,26.2145,32.6526,16.5856,10.8819,40.7195,40.6468,25.5808,24.8829,34.5742,29.4086,17.0581,43.6479,52.4686,59.7809,83.4449,106.2290,85.2912,72.3974,68.5975,66.7570,86.7667,107.6570,129.9530,156.2870,218.5160,232.7020,180.4610,117.5490,71.5117,135.8070,188.6850,203.8130,197.8560,193.5820,201.9520,210.1840,263.2130,363.9470,434.5470,433.4090,407.2810,336.1600,177.9660,97.1225,113.8010,106.8550,97.1014,123.7620,158.6650,174.3000,192.8260,244.0140,270.0520,258.5080,216.5610,119.4990,52.6403,80.7338,109.2190,90.0486,97.3932,131.2350,112.8070,63.5199,41.6628,104.7600
97606.5000,88087.8000,71796.9000,58269.0000,48188.1000,36362.2000,30412.4000,23788.6000,19034.0000,16144.2000,12895.6000,10295.4000,9476.1800,8096.3000,7034.7500,6661.7600,5429.6200,4687.9900,4558.4300,4133.5700,3519.5400,3000.4300,2805.5900,2325.8700,2162.8500,1886.8000,1516.6500,1321.6900,1021.2000,778.8770,566.7550,490.5080,373.0370,286.4360,286.4340,239.8100,144.7770,57.5756,47.0378,93.4848,78.4729,66.4426,109.2310,120.0350,123.9080,130.2640,169.0050,183.6730,146.2710,134.3440,139.9050,149.8250,149.5440,182.6630,234.1400,237.4020,206.4450,173.2630,194.7940,247.3170,276.8810,307.5440,362.3160,444.5590,474.5090,454.8620,409.7360,316.2720,240.2770,211.2450,178.9960,133.0000,133.9440,115.9030,72.2318,29.9894,95.7004,87.3433,72.6577,46.2840,42.4858,32.5155,29.3215,36.6859,53.3426,63.2488,71.2295,71.3590,72.1467,66.2513,104.9290,84.4090,85.6809,59.3595,24.9537,12.1395,20.0541,46.1553,59.4638,54.1100,53.7606,40.7085,41.3612,51.2584,48.0276,42.4416,38.6957,31.4852,20.4374,17.6188,13.8939,33.9465,47.9152,61.6487,71.1535,32.1324,13.1699,29.6398,24.3905,22.4278,17.9923,43.0394,57.1141,65.8869,71.8682,64.5311,55.2539,59.4250,86.0004,97.4798,69.3178,45.6316,37.2226,40.8921,38.6134,34.6598,21.8691,27.7562,38.5565,27.1757,20.7050,17.4604,17.8876,20.0080,22.2116,8.5650,10.5255,25.0120,26.2778,29.0236,29.9072,28.4264,17.4644,20.4228,29.2216,16.7259,8.2161,7.7099,6.5505,20.1650,33.1681,25.7615,16.6151,15.8108,23.8527,34.1619,30.3272,26.7336,5.5626,14.7785,7.1084,9.1529,21.2646,22.8911,21.4621,8.0937,20.9025,30.5932,32.6100,33.7230,40.3763,35.4592,30.0476,24.1949,18.4085,12.2645,20.7061,41.1466,58.5547,54.9220,59.8059,41.0520,34.0894,43.1578,41.1089,42.0025,49.5142,57.5410,46.9617,20.5286,17.8843,26.9478,51.2384,48.4190,37.6834,33.1599,33.3419,36.1241,39.6429,66.7354,96.8854,116.6010,146.2370,159.6080,112.9980,76.5050,46.8298,17.4625,24.3515,19.8230,25.8957,37.4198,47.9657,38.4928,24.7944,32.9290,44.0519,66.3748,63.7668,41.9044,34.8596,32.1293,35.9323,42.9919,52.3264,37.0442,25.1147,31.6485,32.7206,36.2513,33.6420,23.3502,20.0968,29.2979,28.0234,26.8702,47.1846,60.6536,76.8069,94.7587,89.2879,84.6906,81.1954,71.4988,71.1113,98.1321,130.5080,161.6780,205.9140,200.3020,150.1110,103.1070,68.8951,126.0470,178.4760,197.8760,195.6720,187.2560,185.8650,188.2740,234.3770,322.6300,398.3020,393.2260,365.2870,280.4020,130.7420,55.2317,93.8144,128.7350,125.0950,140.1950,141.7920,154.9060,219.6910,264.8380,257.0430,241.5360,209.3920,145.2750,84.6651,67.0351,62.8505,55.1612,57.6359,53.6236,45.2760,35.9184,55.1673,127.2730
98000.2000,88356.6000,72097.0000,58624.2000,48620.2000,36643.2000,30731.4000,24172.6000,19390.0000,16414.8000,13041.8000,10477.7000,9604.3200,8144.2200,7125.4200,6734.1900,5491.4600,4800.6300,4639.8800,4166.0400,3565.3500,3019.5000,2838.4800,2360.5200,2172.0800,1865.1900,1489.6500,1298.0300,978.9300,749.3140,546.7230,451.4690,327.3420,268.2740,260.6660,174.6780,70.5299,50.5877,98.9786,138.6570,120.3820,102.5540,143.1800,161.9220,155.0160,155.5800,172.8620,169.3320,103.5730,88.5307,68.3090,78.8484,96.2740,148.4910,181.7200,176.4850,152.7510,140.3850,179.6930,223.2980,275.5340,301.9020,345.7710,429.0180,456.5210,438.1110,387.6880,304.8690,251.9090,234.9670,178.6490,114.6050,119.9930,104.2840,95.5399,46.0659,95.6131,98.9121,92.8741,71.9019,63.4519,40.6816,32.3029,54.3003,69.8286,84.3287,78.8244,85.5781,87.8994,89.4003,96.2588,68.9506,51.0347,27.1449,8.3223,14.9609,19.9985,21.7908,18.8926,14.4887,25.7732,41.2230,44.2612,49.5055,53.0078,56.9514,45.2759,36.4330,46.6465,34.5300,18.8839,11.5919,10.9004,13.4072,20.0056,32.8219,25.2038,24.6122,22.6498,24.1612,28.0348,41.5704,50.8203,50.8701,49.9841,57.3180,68.8958,77.8145,93.2815,85.8293,70.3026,54.5604,29.6914,26.4003,45.6214,42.5112,29.1609,23.0544,34.3657,43.2463,42.6206,18.8140,21.2407,40.1080,28.0258,21.1834,12.0517,13.7306,25.9035,32.1398,25.3788,23.2424,8.4342,18.2114,26.4340,17.9568,12.7129,9.2493,5.8843,14.6945,14.9275,15.7262,23.8063,36.7612,19.3645,8.6270,21.1065,20.5536,14.0834,8.8965,15.9244,20.3887,22.7924,24.2376,16.1862,31.6108,44.2794,50.5337,47.9866,33.0658,31.3769,37.2430,43.5280,38.5763,31.9238,33.8668,20.6798,24.2615,28.9687,52.5789,61.0529,68.6373,31.4554,38.2865,55.1547,46.1667,37.5551,36.0664,33.8845,8.9918,18.4431,36.6267,38.1526,28.2764,29.1269,27.8126,32.3764,22.1223,26.5846,44.3670,78.9254,95.9446,124.8860,156.8360,129.9970,109.4460,75.2970,18.1614,12.8305,27.1907,29.0867,24.9377,19.7971,18.3553,34.5621,58.1083,46.5553,49.1306,45.5363,31.4308,25.6171,36.1432,53.6187,57.6563,34.1250,21.3065,13.4890,14.7993,36.5929,21.4185,14.3038,29.2969,27.9983,15.3572,13.0332,12.1927,10.8952,37.8618,55.1065,73.6047,58.9035,49.1031,66.0962,84.7760,101.7190,133.6960,160.9350,184.4770,224.5720,237.8960,181.5380,119.4310,94.4381,156.3300,196.4060,203.8780,204.1390,214.6880,222.2350,239.0560,280.7400,349.7350,430.3050,434.5400,399.9520,318.6990,184.2070,101.4630,104.7830,112.3620,114.7250,149.4040,177.0190,181.1510,216.3650,249.4780,232.5670,213.1990,175.9630,110.9070,60.0759,62.3766,70.7943,78.5843,89.2834,75.4994,60.5623,41.1776,47.6565,114.9360
98078.4000,88444.0000,72472.7000,59147.2000,48849.3000,36776.5000,30807.6000,24151.5000,19304.2000,16283.6000,12998.1000,10454.0000,9618.2300,8273.2200,7262.2100,6868.9000,5647.0300,4918.9800,4713.9000,4269.0600,3602.9500,3098.8300,2885.8500,2409.9400,2215.9200,1900.3100,1507.6700,1261.2900,1000.4800,725.7430,547.6530,453.3810,335.2900,253.6290,227.7290,184.4350,120.4420,79.9525,36.8682,33.5754,32.8352,55.2513,89.3799,99.0848,98.6732,104.7090,133.2510,140.3830,118.8530,110.1680,89.3457,100.0960,111.1130,137.8580,185.3360,187.9920,170.2600,138.9140,160.2500,214.5500,268.0380,292.3480,325.6610,405.2660,484.2520,475.1880,418.2800,356.2360,255.9320,190.8410,143.8380,119.1670,155.4080,168.6480,97.2188,36.2638,73.2380,73.9794,64.1888,24.8422,29.2789,29.0979,26.3184,26.8671,42.1986,46.4411,77.6689,91.0220,90.8964,96.4814,113.2900,82.1301,66.9181,42.9059,16.8153,20.3023,30.3905,49.0025,57.3813,50.4861,48.2508,40.5443,45.2274,67.8972,67.7376,62.5698,47.7914,42.1613,49.5380,45.6769,31.6144,21.8513,22.0987,22.1506,20.5856,11.0542,18.3269,31.9767,32.1774,37.8429,25.5837,21.7097,40.7381,59.7107,55.5318,50.4615,53.9532,71.2027,75.4500,60.1822,69.4870,66.6818,42.1114,19.3994,38.4506,39.1871,33.4994,28.7876,40.3787,43.1731,32.2313,26.1236,12.9684,10.7991,13.5614,8.3090,21.8576,20.8182,37.0228,24.4515,33.7369,39.8220,28.6137,28.3837,7.9620,10.7804,18.8508,9.6111,15.1747,8.9294,6.3333,20.4466,28.6024,38.9813,33.7153,18.6296,8.9192,18.3740,21.6240,24.6364,28.0355,32.7005,21.0102,23.4034,20.6570,26.2052,43.1624,39.6710,32.1205,20.0030,3.1376,4.4076,8.6448,12.6373,16.8512,19.1195,17.5422,20.9878,22.5707,16.6856,19.2313,3.8089,16.0187,22.1996,24.7977,34.3677,43.4904,40.8055,28.9586,10.3454,18.2268,32.8911,46.6680,32.5597,15.7213,26.3724,42.9995,36.0577,23.1146,38.9172,71.7155,95.0000,125.3690,163.8210,137.2790,88.8416,50.7930,20.9345,16.2181,12.6956,11.3911,3.7436,10.3795,20.6088,29.9185,48.6304,71.6415,76.1975,78.2861,61.6321,72.1226,77.0187,78.7249,79.9439,75.5469,44.7783,19.5411,18.0309,32.4093,32.0475,26.5346,17.9062,17.2333,21.6100,5.6267,22.8018,28.6406,33.6808,41.0267,47.1085,44.1617,46.5339,50.1879,61.7668,93.6461,120.4450,146.5090,189.2130,256.9160,263.9940,185.0780,111.8990,79.2292,153.6630,197.9200,215.5610,200.4480,205.4700,224.7490,224.7640,270.9120,372.2130,437.3920,417.2220,377.3150,305.9760,193.9510,104.1440,88.9402,99.1239,108.0680,138.8190,167.9230,172.9850,204.2040,242.0290,233.6520,207.8250,174.4740,104.8930,39.7864,60.9277,88.9769,77.4984,72.0258,59.6182,41.4682,34.1774,52.7061,122.0780
97588.7000,88110.2000,71964.9000,58524.2000,48337.4000,36445.8000,30496.0000,23855.5000,19081.5000,16140.0000,12862.8000,10261.6000,9452.6000,8063.8900,6999.8100,6668.4000,5464.1900,4743.4600,4604.4300,4151.5500,3503.7300,2971.2900,2818.8600,2352.6200,2172.4500,1891.1900,1509.5200,1295.1100,984.2960,754.5810,569.6430,486.0680,376.7680,292.5390,261.4110,181.7830,108.5610,82.1667,112.6810,145.6640,105.2410,79.3794,125.9760,148.4960,152.5790,156.3910,183.0440,220.7240,189.5290,166.6740,149.1480,154.0450,184.9470,223.3230,263.5980,273.5880,253.9970,249.3740,258.8160,284.8400,312.3730,347.2470,430.9420,505.1370,522.3550,494.8980,475.7880,398.7830,319.4190,282.0100,214.1140,136.5450,119.4540,122.7520,98.7441,46.1590,42.8510,64.9744,81.2685,75.6632,40.9319,31.7887,41.2737,41.3004,28.4336,28.7353,49.1034,74.3607,85.5127,92.4727,101.0070,54.4933,45.0711,17.2860,5.1741,6.7975,22.9236,10.5593,20.7860,25.6317,29.3466,26.5726,15.3878,14.5573,52.4843,51.7287,53.4218,17.6923,27.0163,21.2860,22.9679,15.0947,33.4242,54.2215,52.3670,34.6905,10.6874,21.4962,40.3989,35.9781,18.2464,38.8849,83.6056,81.7739,78.2126,77.5313,71.0728,76.2415,91.7028,76.3356,57.8165,44.0737,25.4720,39.4537,49.0403,42.1948,11.1904,34.5402,46.9606,47.7304,44.2288,40.3575,22.4766,20.7021,16.7051,16.3151,21.6896,8.4408,8.2507,28.2646,29.8103,28.1151,20.5805,37.7308,37.5615,21.1429,15.5887,27.9372,37.2825,40.2575,44.9359,50.7804,55.1113,31.6693,13.8373,14.9491,12.3337,11.9145,44.2936,54.8382,42.1087,33.7654,26.3210,10.7651,18.6729,40.2962,32.3957,21.1912,18.2957,23.5903,11.4863,11.5406,24.3808,28.6774,28.0408,28.1547,27.9898,17.5828,9.7244,17.5118,25.3225,18.8580,15.8569,19.8182,17.3411,13.6976,17.9319,25.9303,31.1421,30.1056,18.0169,13.0982,18.5985,19.2891,13.5114,5.1642,11.9880,29.2381,44.3097,45.5263,66.2247,84.8990,107.7680,125.7000,98.9548,78.9357,63.3689,45.8289,41.1956,45.7053,41.5061,30.7427,20.2282,18.9102,32.5690,50.1417,51.6471,30.9142,29.0113,15.1478,6.3777,30.4729,43.9004,60.2535,48.8881,33.5560,14.9455,17.6798,56.1471,58.5304,40.1691,25.8943,26.3651,31.5478,21.1297,22.2524,36.8867,43.5049,47.8072,46.1608,76.5623,97.3306,80.5018,61.2371,72.4938,103.5060,121.2000,138.3770,208.4970,241.3230,178.9770,111.3980,58.6310,148.3870,209.6750,240.2790,214.9590,162.5370,156.2460,171.9620,251.8070,372.8620,426.4030,410.2250,372.2360,298.3280,165.6290,89.4094,89.5302,103.4330,130.0370,158.5420,178.5190,190.3760,191.5190,210.3500,211.7360,210.2100,179.3090,113.5210,55.4779,68.4108,91.6033,66.5117,68.4917,90.9887,66.6772,51.9483,75.5059,128.0000
97740.6000,88176.6000,71940.1000,58480.3000,48463.3000,36490.3000,30646.1000,24153.1000,19358.8000,16385.8000,13027.6000,10456.2000,9585.8100,8162.4500,7132.5700,6738.6500,5515.1300,4835.0500,4681.5400,4200.5500,3559.8000,3006.3200,2849.7700,2381.8100,2186.2300,1894.1800,1521.3300,1303.2800,986.0200,741.9160,534.4270,447.8770,335.0710,258.1180,222.1140,153.8630,84.2833,48.1834,96.4090,148.9650,137.4220,144.9670,186.2470,198.9750,190.9710,177.9180,153.7830,104.0140,38.2054,65.6147,77.6479,84.0335,97.5853,126.1560,166.3750,211.9300,220.1030,213.3230,232.7960,270.8490,333.4790,410.5770,472.1250,489.8490,535.7970,517.6520,443.9730,371.2520,342.0020,321.3940,276.1090,233.5900,182.9740,171.1390,124.8830,56.4224,43.2621,64.1560,81.0053,90.4519,78.8194,69.9446,67.7998,74.8936,76.3279,100.6670,134.2530,127.7510,109.2050,86.6888,64.4419,17.7156,31.8245,42.6486,52.8000,64.9607,71.6346,65.4200,64.8635,57.6997,47.8291,42.5610,52.9660,50.8486,24.6857,24.3302,24.1680,26.4581,9.5669,9.4455,26.3242,33.9792,34.3535,20.6083,16.6984,30.8018,48.8315,59.9906,41.1500,24.8596,39.7848,57.3402,54.9192,44.9909,46.0221,61.8358,68.1360,59.7928,54.9935,41.1495,24.3713,13.1829,7.1631,20.9783,49.3921,51.1126,43.8250,38.2689,45.1497,55.5720,43.2538,33.4858,22.0636,12.2755,18.7775,15.3932,13.5167,32.4207,49.8209,50.7199,30.4680,21.0848,11.6183,16.2676,11.7044,13.4083,13.7283,15.6136,6.8979,19.2042,41.1167,35.0898,39.1819,39.6193,39.3641,22.5861,17.1808,27.5833,31.4254,34.1104,43.1648,29.2435,24.7512,9.3264,13.2869,9.3702,6.1287,18.5766,18.0709,22.2622,11.7466,6.8548,6.6960,15.1801,27.6937,21.5308,27.8774,42.4196,52.1744,62.0461,67.5277,41.1304,24.4956,45.8314,45.9613,38.0827,41.0798,50.1590,45.4742,32.0347,25.8084,21.1576,43.5591,46.7768,22.4463,16.9557,18.9191,11.0277,9.4157,18.0329,56.9636,83.6866,99.9783,106.1110,78.1894,54.1719,47.9177,21.9967,20.2296,8.2329,14.3380,26.1332,34.4945,41.8818,45.4814,37.2334,29.1913,22.2106,15.0737,4.5370,7.3821,19.7307,27.3153,34.2062,44.6679,52.0681,29.1139,17.1146,33.4907,33.8574,26.7020,16.4219,19.0463,25.6790,26.1333,35.7177,36.5638,46.2029,59.3797,63.5790,45.8453,57.4617,65.5703,59.1287,71.9067,94.5903,108.4830,141.7490,210.0970,217.6260,154.6200,104.1650,60.5837,109.6820,173.4390,199.3730,169.3620,146.0640,170.7640,161.2880,212.2870,324.0720,370.7340,360.0670,330.3270,260.3280,124.6530,87.3414,124.0100,121.1290,117.2740,131.9910,143.0250,174.0060,217.9760,242.8900,231.5770,224.3290,190.6810,123.0110,61.5337,69.3263,101.4430,112.6090,100.1940,64.6908,62.8015,74.8026,78.4714,151.9250
97946.9000,88354.3000,72409.9000,59134.7000,48858.3000,36764.5000,30819.9000,24195.8000,19362.6000,16286.7000,12965.6000,10422.0000,9564.8500,8198.2500,7203.0600,6838.6600,5647.4400,4897.9400,4668.2900,4263.0400,3583.8800,3112.0600,2888.7700,2438.7400,2242.6800,1954.6700,1591.3800,1328.9500,1078.3800,802.4660,616.6910,469.6190,319.5350,266.1700,233.4250,133.8710,56.8453,24.6344,47.3720,69.5212,24.2230,30.9399,84.4738,100.0470,120.4130,120.8190,140.2090,135.1270,113.3290,141.8120,130.5550,127.2380,147.6380,172.8010,215.1860,235.8670,244.7340,221.5180,230.8960,298.4080,357.8360,391.8840,459.6960,555.1940,589.8030,617.3630,534.5060,407.3220,343.0350,315.1910,251.3500,212.4550,185.2510,170.1120,124.6320,30.6371,47.4535,79.8261,92.5099,96.3418,81.9824,60.2312,48.2054,43.6736,48.4655,62.0803,83.0991,83.5518,71.6898,66.7128,55.1560,47.1893,39.9865,33.3937,27.8640,25.8351,25.9632,35.0319,39.7085,17.7860,12.4342,46.3761,52.2107,49.9831,49.3173,45.6896,24.1046,13.5971,29.1881,40.8580,38.0285,36.6243,18.2888,10.8264,33.3892,27.7507,27.1046,26.8750,47.3534,44.1164,67.8299,84.8869,77.6886,65.4915,49.5764,52.0289,60.2527,74.2213,73.2503,63.4176,60.2820,54.4440,39.7117,18.7376,11.4486,27.9936,34.4655,35.6561,41.2990,51.3639,49.2924,23.4241,13.4035,16.8249,15.6841,19.7891,32.4153,34.5437,15.0860,12.3027,12.4728,19.3185,38.9850,45.5116,51.9820,44.9936,13.2781,5.9245,13.2695,14.2646,42.2865,53.9624,50.9023,38.4034,10.2161,14.5181,29.9749,50.0711,33.1653,14.8418,18.6490,24.6628,21.9639,16.0661,5.9767,19.7872,25.9719,23.2195,24.7497,43.8035,55.1759,44.5961,33.4870,23.9647,10.0244,6.7729,6.2368,14.4597,35.4322,47.8621,59.1108,61.6608,42.2138,23.6149,9.4557,16.9180,16.5859,9.0591,17.3359,37.5650,47.9977,56.5730,40.0948,29.1821,28.0174,27.1583,29.5677,45.4038,49.6300,84.6897,97.7256,108.2880,126.6650,162.8710,131.5220,116.3870,95.7453,43.7195,28.9294,15.7663,36.9279,31.0669,46.5052,20.4644,18.5511,32.2336,29.7210,51.5098,45.3342,31.7000,17.7348,23.9809,46.1696,67.7102,61.4907,56.1326,55.4683,38.5639,19.8054,11.2687,11.2592,16.2290,19.1111,26.2038,40.5784,33.6374,63.2258,62.4775,76.9699,91.8890,86.9490,74.6166,71.7962,70.1002,69.8274,79.5440,112.7860,169.5500,226.0440,225.7490,161.9610,100.9920,31.0783,140.2820,185.7590,191.5820,162.8880,172.6780,210.8200,198.3560,219.9460,322.3800,395.3670,393.3290,355.6060,278.0270,131.6610,65.9193,105.8010,134.5710,128.0410,141.2890,173.8170,203.0310,237.0580,263.3800,257.0480,242.9990,212.3550,132.2020,76.4679,82.5095,74.0296,64.6085,89.7496,79.4521,42.1068,37.1085,80.4316,136.7470
97675.7000,88204.5000,72203.3000,58848.2000,48546.9000,36590.5000,30673.2000,23984.2000,19163.4000,16178.6000,12901.0000,10259.0000,9436.8900,8076.7800,7012.3700,6663.1000,5458.7800,4728.2400,4574.4200,4122.0700,3503.8800,2974.8800,2822.5100,2349.4700,2177.9100,1896.6200,1486.1500,1264.6600,966.6310,734.3040,527.4040,431.4150,362.2880,306.8950,267.4280,174.4620,92.7943,82.9716,126.3880,156.4590,112.3320,112.0270,172.5850,182.9100,179.7510,170.8510,190.9190,169.4450,109.8470,93.4178,105.0730,142.1090,176.4560,206.3900,225.8430,235.2170,247.6370,222.8160,222.4620,275.9470,329.0540,368.6330,429.0660,492.7900,515.7800,494.4990,401.7400,317.5420,298.2680,261.6780,197.7740,139.0210,128.7470,132.0480,102.4240,51.0270,29.8221,62.0088,108.1640,121.1450,90.1762,71.8361,66.6577,64.6997,60.6554,61.9793,80.5264,108.1370,111.1540,108.0020,89.3857,42.1627,17.9215,18.7566,23.1694,16.9807,17.8866,29.7679,30.2777,31.5125,46.2965,64.2045,55.9743,45.7952,44.2102,39.5810,49.0873,51.0460,52.9742,18.1324,12.0818,29.6934,15.0500,33.5296,24.2870,19.8818,21.5819,48.4536,44.5265,18.2411,19.6612,40.9892,40.2386,46.7547,52.5127,60.3885,54.1915,41.4745,47.0517,51.4672,39.6167,28.1326,22.1905,16.1736,34.7790,35.6978,25.4090,17.4003,13.1861,10.7931,12.1697,18.5394,13.3996,12.6092,16.3475,26.4274,15.5737,16.6055,9.7749,16.8526,22.0878,26.4498,23.7362,17.7179,14.2707,18.2179,20.8835,31.3631,47.9726,43.2624,31.7569,20.7917,31.5303,44.6994,25.9532,9.8087,9.8507,15.2269,28.1593,20.3271,16.3000,13.7079,13.6218,15.6981,21.2869,38.6851,24.8798,20.7002,9.1079,10.1726,7.7816,21.3032,33.0044,22.5614,21.8181,28.1348,42.0624,32.1017,29.9829,31.8956,40.2522,27.5080,11.7426,18.7434,40.0494,43.8196,42.4570,38.8054,40.7379,36.2250,17.8549,14.4119,16.9959,8.1291,8.7032,21.4156,16.1501,10.7164,6.6277,22.4798,67.6709,90.1308,117.0990,134.7490,103.6880,76.4724,51.2576,23.8271,11.1648,15.6368,21.3658,10.7702,21.8714,33.2239,28.2914,40.4527,46.9712,41.9705,34.7704,18.0798,26.2308,39.0672,54.4164,60.7330,65.6827,59.6575,42.0870,21.2288,2.9849,6.2571,12.7732,26.2591,32.5618,33.3054,25.1097,5.9973,16.2270,29.5212,48.1716,54.2246,49.1439,60.6217,59.3835,57.4914,72.6861,96.8837,116.4400,140.7500,206.5600,218.8800,161.4690,113.1490,62.7505,95.8392,156.2360,185.6840,176.1400,154.7680,178.7510,201.4220,244.5800,326.1900,400.2770,411.2290,374.4050,295.1690,149.7280,73.7019,108.0160,134.8210,129.1290,148.1820,170.5650,188.6030,234.5690,265.7290,252.5250,233.7890,193.6130,134.7930,74.7116,81.3073,97.6601,105.2440,122.7850,94.5978,55.7078,45.4649,69.5224,128.9890
97829.9000,88321.9000,72050.5000,58553.9000,48514.3000,36520.0000,30709.9000,24217.3000,19394.7000,16445.0000,13085.2000,10486.4000,9604.7500,8194.5000,7170.6300,6760.5600,5522.0000,4835.2500,4674.6100,4189.5000,3569.6300,3016.7400,2842.1200,2355.5800,2160.7000,1847.0500,1454.9100,1270.4900,965.5560,716.8120,501.6780,412.9200,321.0340,267.3730,237.4950,134.6300,66.1695,83.5604,132.8500,175.7690,165.0680,162.9550,187.5000,190.9240,202.5190,227.6800,232.3290,196.2490,106.0590,47.3109,29.4732,21.4667,22.1793,56.4507,103.8060,148.0230,176.5650,156.7690,165.5380,211.1360,242.4190,320.3560,386.7730,473.9510,480.1570,411.1220,307.5360,247.2980,260.2450,269.9060,276.7430,215.9900,172.7070,144.3070,93.6097,53.5550,33.1096,27.0303,35.7418,40.6158,36.7411,30.9118,40.7817,53.8094,61.4165,62.6800,68.0763,87.5227,95.2318,96.0428,95.7199,60.2999,43.3734,29.2130,10.8277,22.7636,58.8088,49.4626,40.1406,13.6624,22.5085,34.6001,11.3656,6.3526,9.0966,13.0590,27.2290,30.4369,19.4314,16.7930,15.0810,23.7679,33.9649,48.3313,26.5008,12.4748,30.9424,47.7720,57.4606,57.4453,54.7587,64.5159,62.1338,62.4472,61.8462,63.5549,57.2171,37.7675,32.9632,49.1781,52.9452,35.8385,32.3133,40.3115,37.8696,37.4631,44.8141,54.1892,51.2483,49.4415,44.0824,21.1269,14.5404,33.0044,37.7859,38.7367,42.4375,30.4031,16.4270,10.5118,16.7363,26.5492,34.6897,54.9749,48.6374,50.8637,15.1057,25.3967,18.9878,19.0472,20.6786,24.4086,29.2622,35.2245,22.9015,11.3244,19.9366,18.8421,11.9639,6.3501,7.0973,6.8022,10.4825,12.6942,12.4085,7.8734,9.6404,10.7460,20.7215,22.9201,42.4316,25.4669,13.9027,20.5753,28.4750,29.0691,30.4892,33.4264,30.3090,37.6460,44.8838,24.3327,22.0469,48.1331,45.1885,36.2002,21.6289,23.6416,24.5588,15.4379,24.0155,32.5811,43.8837,60.2171,63.9115,51.3848,39.1504,35.6674,26.4234,56.5006,61.4713,76.8331,104.0710,149.1160,121.2480,103.3170,61.9337,22.1958,4.7992,7.7473,34.6876,33.6186,28.3634,22.6442,30.5207,45.6023,33.5692,41.8125,41.7105,37.0653,32.9528,25.0957,31.5118,50.8939,62.4168,45.3368,39.9660,22.0368,24.5075,32.3373,28.0324,24.6340,20.3976,21.7611,22.7150,41.1534,45.3353,43.3399,50.7605,60.3590,67.3093,58.0272,54.2134,63.0656,76.9960,95.0839,106.9290,138.4490,203.6140,226.1850,155.4470,87.4252,44.6450,130.7570,182.0580,204.0220,192.9960,180.5300,188.1600,194.3340,254.2770,349.9680,394.9260,373.3780,338.2200,264.1210,124.7620,64.8227,99.3131,114.7670,124.7110,160.4140,173.9880,191.0080,242.9620,284.3700,286.5170,265.1360,219.0370,140.8130,76.0936,84.8346,91.1505,77.7464,88.0320,92.3800,79.5567,84.5068,116.9070,195.6600
98092.6000,88471.2000,72507.2000,59227.5000,48994.7000,36880.6000,30996.8000,24382.9000,19542.2000,16453.8000,13039.0000,10414.8000,9552.6700,8198.5000,7189.6300,6780.1300,5566.0900,4825.5700,4623.9600,4218.0200,3562.6400,3086.4400,2848.0400,2380.5700,2207.6900,1937.7100,1577.0600,1314.4700,1046.6000,771.7410,588.5020,491.6130,369.4780,325.1570,284.5500,194.1250,128.5080,83.8461,57.4620,41.3346,28.5743,48.9925,89.1140,83.3171,99.8746,133.7450,199.7590,200.0410,189.2170,178.7700,164.5440,147.9530,149.8560,157.3840,169.0530,159.7400,141.9760,106.6600,91.9592,139.2510,181.6460,235.6240,323.0750,436.0760,466.0260,394.1060,307.3050,176.6400,136.8280,168.3680,183.9620,157.8150,135.2100,99.4447,67.9471,49.5948,46.0985,34.7563,10.9046,25.4074,44.3312,52.0442,51.1743,50.8309,54.6125,75.2217,108.5620,125.7430,116.9920,102.5930,103.2270,63.7160,50.8460,43.9438,33.4516,22.2889,38.0207,55.9445,59.7572,50.3641,25.3728,12.6257,15.6708,25.8058,14.5667,16.3630,34.0856,27.9686,16.5106,15.2179,21.9212,27.6432,31.6197,36.6824,40.1567,37.8753,31.1558,29.9534,20.8623,24.9633,43.7791,43.8095,37.1963,16.7240,13.9114,21.5853,19.9871,25.7836,49.2136,67.2700,51.9290,35.1909,17.5986,18.1662,44.9745,40.8656,31.3378,26.5302,43.3718,58.4754,49.2607,34.1948,41.2657,49.7260,46.0706,42.8672,38.0482,29.0550,30.4385,42.0911,33.7733,27.3312,30.4076,40.0392,36.4573,15.9077,12.8207,18.6097,42.1366,50.7687,42.3281,37.0608,39.1438,48.2087,43.4070,22.3669,12.9799,15.7923,19.5576,17.6484,14.1053,4.7859,3.3880,5.0999,12.4237,21.4312,32.4024,22.0741,20.6341,5.3848,3.9832,6.5462,22.1492,10.9966,11.0352,19.3692,13.2227,17.8378,27.1944,38.9087,17.5363,15.3233,36.3094,41.1195,40.4940,48.6408,53.0919,60.0567,45.2917,25.3794,36.2213,56.9310,75.9910,69.8241,39.8766,18.7142,17.6109,25.3514,22.0586,63.8991,93.2435,99.6146,118.2980,126.4300,106.8770,66.1323,51.3841,18.8776,25.0193,18.0173,39.2544,42.0352,41.3418,27.5124,47.1071,84.4991,67.1990,65.9336,47.7914,27.2609,8.4339,25.2990,40.4572,51.0367,39.8673,40.1690,36.4998,34.5216,22.1285,14.6724,15.1753,9.1386,5.9994,9.1418,20.5682,37.8115,50.1041,59.6102,66.6536,61.5738,44.0833,40.1356,49.9241,60.5421,77.7213,97.0520,118.8140,152.6190,201.3350,211.8210,150.2110,84.6347,40.2693,141.4940,192.1890,206.6790,189.9500,159.5100,146.1430,153.0710,224.0320,325.2530,374.5970,375.7750,341.3980,268.9770,113.6370,65.5620,107.0300,126.8470,124.6720,145.6580,158.7790,177.0890,233.3810,278.8690,267.7260,243.9320,199.8290,149.8990,83.3773,76.7241,95.5722,65.0787,60.8586,89.0028,69.3497,65.7122,123.5940,202.5840
97936.2000,88425.2000,72449.4000,59143.9000,48811.8000,36787.0000,30845.2000,24150.2000,19316.7000,16268.7000,12950.8000,10323.9000,9490.6800,8159.9400,7161.8500,6817.1100,5597.4300,4870.2900,4708.5400,4270.9500,3620.7000,3112.2000,2916.9900,2430.7100,2234.2800,1949.1200,1577.9500,1347.2600,1056.7800,791.6220,581.6940,516.5670,410.1520,345.0020,300.9160,209.5170,144.4950,75.1946,65.7173,111.5600,94.1891,102.4820,154.9680,165.8420,167.0420,186.9290,222.5410,221.1510,153.9850,85.5230,60.2011,77.1526,78.1980,71.2020,53.1193,38.8786,51.5717,49.5249,64.2634,90.6887,132.1020,197.6890,282.8820,380.3310,391.4860,318.4350,232.4010,124.0420,118.8800,173.9520,189.0270,142.4910,127.0660,115.5540,75.0173,33.7874,18.2394,25.3358,48.1692,65.8623,69.6616,65.6931,53.6360,47.0904,40.9443,44.3467,80.4006,111.8860,101.7530,88.8815,65.8492,29.3392,11.8326,18.2197,22.4255,23.5790,23.9582,24.8072,20.6918,13.9768,20.0549,25.8483,21.8081,7.2033,20.8230,28.3889,34.0034,21.9006,15.1121,11.8983,12.8114,26.4890,26.1506,40.3396,17.9170,18.4376,22.2281,18.7045,17.7810,34.2201,26.9593,16.3222,12.7711,15.9872,25.8342,41.9121,54.3565,57.1863,47.6013,43.2723,49.6808,44.0715,30.8223,15.8174,19.3970,21.7445,19.8145,22.9385,25.7660,32.4159,49.7686,47.4518,35.4971,27.3266,28.2038,35.1402,26.0786,16.3020,20.4951,23.8836,26.1033,31.1305,30.6041,27.5322,29.1112,28.1724,10.1696,15.6585,31.2311,23.1939,17.0421,13.6666,22.0890,18.0764,19.6490,21.3408,12.9770,9.4844,5.9461,11.7477,17.7686,8.7157,3.1147,10.2296,14.3266,14.1118,10.5802,12.0952,22.5582,15.4242,23.3181,12.8422,10.6557,5.9550,1.8759,2.5250,1.1047,1.0363,12.2026,22.2521,37.5007,41.0961,34.8451,38.4539,39.8287,39.0425,38.2374,41.1599,32.1769,15.4512,9.1902,18.2484,42.7640,40.9281,24.2165,6.1027,9.3203,27.8969,25.8303,50.5544,71.5067,93.2695,125.5220,166.9830,130.9840,113.9930,79.1142,30.1003,14.7388,29.6508,41.6385,64.5501,38.7719,29.6689,18.3647,36.1238,44.9071,32.1179,18.9834,11.0415,30.8923,39.8465,47.9314,59.0049,69.5731,50.0703,29.5505,10.0494,23.2441,14.6897,14.2537,22.4345,22.3735,20.3275,19.9666,20.2480,10.5704,31.5736,58.4639,60.0487,38.4412,41.9563,58.7627,67.2267,82.1575,107.2520,137.4170,172.5910,215.9090,223.3220,184.3550,129.2650,38.2196,112.2080,176.1310,199.1980,179.9180,162.3670,179.5180,175.9300,223.2330,345.0580,426.7600,421.2330,381.3920,298.2970,147.1720,85.3972,116.2760,119.3810,113.4380,138.7670,161.5440,175.9670,208.8410,241.1620,244.0690,234.6750,200.5840,130.8870,64.4037,77.5401,90.0233,69.2725,84.3666,91.6237,56.7285,69.0960,119.8030,181.6720
97775.7000,88278.3000,72027.9000,58503.7000,48444.3000,36523.9000,30689.2000,24127.2000,19327.5000,16378.8000,13026.5000,10406.5000,9544.1200,8118.3700,7105.8100,6748.7600,5504.5800,4798.4100,4654.7500,4187.5100,3546.9200,3012.8000,2845.8500,2359.6600,2182.2200,1907.6700,1527.4500,1319.1000,1002.7000,783.1690,581.8110,482.7360,353.6150,295.3130,280.4380,177.4640,82.2021,61.8361,108.0180,158.5540,147.7050,149.6420,177.9690,188.5140,207.9280,209.0060,208.6730,179.3740,121.3700,67.0191,48.2854,55.8246,62.3081,74.4843,82.4354,79.1206,89.8339,70.8859,77.4997,129.1980,161.6850,201.1020,268.5780,359.5940,350.7310,268.6730,182.8750,112.0210,101.0330,135.6520,155.2820,128.9300,113.0900,95.1134,56.8391,37.0014,54.9090,50.1615,45.7640,68.9650,76.5872,70.1935,62.7016,68.4099,81.9331,89.5046,120.0490,139.7090,121.1760,101.3660,81.5908,31.8871,53.4077,45.4989,52.2727,27.5015,15.4967,13.3071,4.4693,9.1646,20.5964,25.0467,8.6509,9.4458,25.6729,19.7815,18.0512,7.4933,4.0745,10.1127,27.6405,18.6812,30.3573,14.1771,16.6465,33.1341,41.3118,82.0968,60.4923,44.0118,27.3936,27.2224,29.8817,12.1979,33.8526,45.0502,53.3751,46.6207,26.4090,31.7364,42.8697,46.6281,43.2692,43.1285,42.4583,35.1846,22.5921,30.3461,46.3043,58.3166,66.6810,51.3615,38.0680,25.8185,24.9070,32.9132,24.2369,26.9462,15.8811,22.2376,36.2196,20.8169,9.8468,22.3310,33.0614,34.6487,28.5449,18.4586,13.3258,31.9922,38.3326,33.8361,18.6531,16.6264,31.8214,40.7464,20.1384,30.0123,64.2535,55.6282,49.3976,26.8458,24.5987,24.4650,34.8919,36.2024,51.5304,36.8392,24.9824,25.6995,19.6086,22.2060,25.3595,24.1485,10.1216,10.7838,14.0704,9.6581,12.9943,21.6075,25.9036,27.2739,40.5864,43.9578,32.3770,35.4201,38.0112,40.5574,21.4122,12.0186,18.6366,26.5812,34.7025,24.3060,8.6501,4.5385,8.5132,16.1387,36.9852,49.1304,51.6925,66.8346,82.6502,115.2130,94.1147,63.3998,45.4188,15.7472,18.8634,24.2924,46.9223,50.6676,50.0070,39.4866,42.5969,49.4221,37.3915,27.5250,29.1913,15.5448,20.5955,69.2849,60.2409,90.5940,57.7906,39.0366,31.2772,27.1271,11.0825,2.7309,10.6772,24.9561,33.5704,43.5781,36.2119,21.5829,18.5434,21.6735,36.0244,67.6746,77.1893,61.1337,48.6135,45.5104,66.1389,88.8617,113.5300,140.4080,179.7810,186.1750,145.7220,97.2320,41.0301,110.2920,181.6440,211.4220,206.1400,191.8230,201.3950,202.6000,257.5340,368.2010,419.7870,406.1010,386.8700,323.3280,167.5320,76.5780,112.5650,136.2440,141.9440,166.8470,169.2280,173.8500,221.2990,271.7140,288.0080,272.3910,226.3010,122.5230,75.3873,92.4373,86.3397,68.6174,57.2616,34.1741,34.1867,57.0335,100.0230,167.8200
98119.8000,88495.5000,72451.7000,59132.9000,49018.8000,36941.5000,31052.8000,24423.4000,19599.5000,16492.5000,13042.1000,10427.1000,9555.2200,8172.4300,7172.5500,6776.4700,5578.4900,4873.7000,4667.8600,4240.1100,3573.1800,3086.7400,2859.1100,2381.7800,2200.7600,1936.9700,1588.9500,1342.7800,1054.7100,802.0290,615.9630,526.3560,375.4060,286.4730,240.2780,162.7230,96.8347,64.5540,51.8145,98.8754,79.9255,55.3136,94.6272,124.2470,128.2320,138.1370,152.1200,171.0930,164.0600,146.7290,131.8750,105.1240,122.4210,159.9520,158.2470,137.9200,128.5440,117.1980,135.5790,175.7910,213.6140,251.7540,316.9100,375.4430,365.9980,279.3120,182.5870,76.8101,110.7950,155.1560,172.9880,146.7170,119.0500,92.5383,44.8541,30.3325,38.9579,53.6655,69.4655,88.3130,77.6287,60.6272,49.7189,56.3799,50.3548,50.3116,81.3321,106.2850,107.6120,99.5677,92.6778,73.4221,35.2382,22.1199,19.4161,27.5863,16.5060,29.2691,42.0918,42.8138,17.1401,29.3097,52.4950,39.3716,49.6850,91.6942,79.2299,64.8763,40.1361,41.4089,31.1476,23.4934,43.5622,27.0159,17.8374,49.2213,65.3677,64.4807,53.4523,53.6127,67.1477,66.4704,57.9493,56.3226,60.2388,73.7647,77.0816,63.1729,42.2381,38.1748,58.4165,71.4537,62.3297,61.4093,76.1799,80.9094,83.6656,69.8536,79.9504,99.9187,70.5458,48.0847,47.7445,36.4495,36.4162,30.3961,30.0007,20.7308,21.6711,14.4165,17.6592,20.0050,14.5729,25.1562,32.7319,41.1327,20.2232,43.2514,60.8598,66.8488,75.7425,67.8974,62.1081,71.7376,62.0858,50.2648,45.1306,41.3533,49.3113,61.4286,41.8644,28.4199,27.7175,48.0060,53.7046,28.1436,18.7538,35.2787,39.0308,52.1507,73.9003,78.0692,70.7388,52.3792,34.9614,28.9512,31.0814,22.1642,39.2543,56.2187,71.3744,78.6624,72.6714,65.5979,73.3786,74.3063,67.4433,46.3460,36.7299,12.4375,22.0874,40.4500,45.3378,39.8567,31.6546,29.1748,11.0993,19.3084,17.5527,32.8355,58.4473,78.6208,102.7060,114.0350,82.8262,52.6514,31.7921,21.0680,34.2909,30.3533,24.8305,12.6970,5.1908,15.2282,30.8319,58.4366,54.7897,43.0889,36.1512,16.3716,18.8240,6.3166,26.4246,39.5471,60.1656,41.6281,29.1530,9.2588,8.8805,12.0180,20.0358,32.5074,43.7929,48.8007,25.0262,29.7131,31.3230,49.7883,64.9637,71.8900,49.1765,45.8843,56.2773,63.9920,79.4661,100.6980,123.8460,163.0280,210.3430,206.6150,142.6420,85.0532,76.2933,151.5390,194.6300,220.7260,214.0340,197.4030,184.9950,203.7270,296.6550,397.6620,444.5690,441.7480,413.5750,338.9190,174.2980,79.8890,94.3253,110.5680,116.7950,156.2160,197.2330,216.9830,250.9690,289.1070,274.5440,258.6230,222.6380,153.7200,70.1373,64.8040,86.6526,61.3494,60.9660,78.2758,46.1692,25.5724,61.6993,93.0965
98112.6000,88525.9000,72598.5000,59322.6000,48972.9000,36891.2000,30964.3000,24277.8000,19405.5000,16353.5000,13035.0000,10421.2000,9562.3800,8234.6200,7268.5500,6908.7100,5667.1900,4945.3100,4768.0300,4303.8800,3633.7800,3093.3100,2888.4000,2395.2700,2213.6700,1945.6600,1564.0300,1298.1300,1001.6900,733.2760,548.8900,453.8520,318.9920,263.1310,233.6840,144.9750,74.3793,28.1008,18.7480,51.9941,35.6552,52.1320,108.5670,122.6800,138.2320,158.6480,201.6430,210.0960,160.3190,112.8760,74.6563,39.0551,27.7341,34.2463,52.0097,64.2155,106.9050,109.5140,109.8090,138.0380,192.7590,256.3730,349.6660,449.6100,436.4300,345.7070,242.1380,142.5110,139.9620,190.1020,199.2480,145.3400,132.3440,111.3170,59.1059,14.8699,29.8299,22.2022,30.8578,66.2510,84.6415,80.5783,74.7101,68.7257,71.6090,59.6544,80.4937,129.5070,121.6050,107.9390,78.3851,54.7129,18.0960,25.0968,36.4570,30.7383,18.0022,8.8197,10.9700,2.2647,3.3378,8.6083,25.7338,40.0611,50.6449,41.5720,41.8217,36.8853,32.3040,42.2845,41.5146,34.4814,23.2458,25.4674,14.1455,8.5715,7.9313,16.2856,31.5524,33.7766,31.4207,27.8468,23.8797,12.4251,18.5225,27.7264,37.1139,51.5990,54.9735,34.0284,34.7490,29.4698,16.1763,36.4218,43.3295,44.8102,16.6753,8.2838,11.1058,12.2620,17.4760,12.1534,15.0895,18.3656,26.5591,16.6036,11.4388,6.7459,2.5199,15.8759,11.7377,13.4834,16.0203,20.7826,3.5312,6.3730,16.4238,29.9683,55.3288,48.4717,34.6749,29.4346,31.8308,19.4555,5.9310,10.3651,4.7954,11.6886,35.8635,31.7708,29.0970,13.0604,8.0658,10.8507,3.7026,2.8818,4.9789,9.4435,18.1392,20.5354,20.8005,25.3997,23.2334,14.3844,7.3180,8.4281,20.6680,21.3158,20.6646,23.9167,26.2101,17.4450,12.8223,24.6440,12.3184,10.5847,26.0480,49.4659,46.6804,39.8301,31.8534,26.0605,31.0561,38.6796,31.9615,26.8053,32.6875,29.8330,46.3701,53.2434,72.9396,94.7291,112.3440,123.1860,79.4426,55.8201,43.0188,21.8690,24.4428,12.4344,23.9551,31.6167,26.3138,14.0805,11.1273,19.4444,21.7283,20.2405,28.8067,24.4480,18.9487,14.9546,29.6508,48.4904,52.9663,41.6683,26.8287,23.8713,25.2556,55.5980,57.1662,51.4165,41.4628,30.5074,10.4814,17.4132,17.6061,25.4970,40.9702,64.6315,66.6202,68.9301,63.9266,53.5519,42.9067,74.2922,108.4680,149.4870,202.2690,243.6890,197.1140,130.8490,49.5543,106.4730,162.5160,186.9870,174.9280,156.7720,169.0900,187.4200,243.4520,360.5020,435.9960,428.0120,385.5040,302.2540,160.5220,101.9620,142.0760,142.0490,124.0150,147.7650,174.2340,197.3120,236.3130,263.0530,262.7060,254.9900,220.6620,142.7510,76.7615,80.0123,95.6978,101.3120,77.0497,46.6831,62.8371,89.4839,113.3910,166.5000
97752.1000,88228.7000,71964.5000,58503.7000,48440.7000,36525.5000,30689.3000,24137.4000,19360.2000,16374.4000,12966.6000,10315.8000,9485.2700,8099.9700,7104.5700,6789.9200,5558.6200,4799.1200,4609.1300,4164.6300,3536.6300,3016.8300,2825.6700,2345.0500,2204.5100,1946.8200,1557.0500,1352.4200,1040.7300,785.0270,562.5970,474.4610,371.7180,302.3910,279.7790,200.3060,123.8280,97.1196,116.3820,154.8470,149.2350,143.5210,168.6430,183.2690,204.7560,214.1700,232.1130,213.6260,145.1600,95.8554,74.6238,87.9412,118.1610,138.1260,147.1450,128.7990,105.4100,64.5749,42.0267,33.2416,51.2003,101.1770,226.7500,303.4440,303.7330,333.1830,268.0350,127.6120,56.1867,100.0920,113.3120,103.8090,103.7070,85.8019,46.7936,21.6220,28.7713,28.4081,18.4914,19.4431,24.6725,25.8311,25.3801,36.8201,45.8390,58.3540,89.6084,111.9710,110.9660,106.0150,99.1768,51.9792,38.2559,24.8569,15.8722,14.1496,13.7549,26.4991,43.0400,45.9089,32.3295,23.2117,9.2233,8.3834,12.5720,11.2184,4.8785,9.7066,14.3537,19.9082,35.2556,42.2132,34.6253,24.8691,9.7541,19.1155,33.0510,48.6140,48.9290,40.8110,47.4807,49.5096,42.7209,19.1459,23.5091,40.1825,47.8032,57.5902,51.6935,25.7304,21.2830,29.6318,19.2482,14.3113,20.7087,25.9352,31.1314,37.2428,30.1503,30.4763,35.7140,20.4912,4.9589,27.6726,25.0482,24.2951,18.5250,19.4200,13.0349,3.5762,20.8539,21.0103,25.5380,33.8756,32.7652,20.0069,19.6011,25.0617,37.9915,28.1389,22.7912,11.5406,16.8218,17.8540,15.9444,30.5779,23.1607,15.8206,12.3444,19.0018,10.2812,11.2313,11.5889,6.7503,14.3702,8.4400,9.3501,10.2115,15.8985,20.3141,18.4517,18.0598,10.4797,2.5192,3.0513,3.0715,14.5175,15.3165,9.0806,18.4744,27.2696,35.1234,24.4907,26.1073,28.4538,31.5597,34.7796,32.2465,21.2708,15.2251,14.4213,17.9946,34.7593,30.0488,27.7378,27.8438,19.1641,24.0143,13.0300,31.2920,85.7040,99.2737,119.8440,123.7350,92.9857,71.4000,58.5883,23.0400,21.7900,10.7568,29.1989,37.0327,37.5056,26.6293,32.0472,56.0702,57.3921,50.3919,42.5212,22.9696,24.8273,39.0041,38.3262,34.7755,23.5255,23.0288,13.3849,19.1145,40.3650,38.0309,29.8038,19.4534,9.8953,13.0259,22.8980,27.3735,33.7739,46.1286,62.4083,86.9788,93.5659,73.9426,58.3083,56.9209,69.6964,84.1949,100.5440,131.1680,186.7740,201.6670,145.6110,92.3198,45.8750,114.2750,173.4020,194.9110,180.2030,166.1960,175.0870,183.6900,240.7250,349.3330,428.2220,435.4580,393.2980,309.5780,157.4250,82.5958,112.8540,143.6610,138.2480,153.6830,200.4250,230.6080,255.7310,293.7000,287.8930,269.8080,230.5420,147.7950,78.5251,71.2071,77.5017,78.6676,83.6769,64.7070,34.5069,29.2689,76.4652,152.5950
98200.8000,88581.8000,72484.8000,59122.9000,49028.6000,36942.2000,31090.6000,24498.6000,19673.1000,16578.1000,13101.3000,10455.1000,9553.0500,8147.4400,7176.5300,6788.9800,5551.9500,4854.4800,4673.1300,4197.1200,3573.9900,3030.2300,2856.4400,2364.7500,2163.2300,1868.8400,1487.9700,1291.1500,976.8700,757.7220,553.3820,452.4530,339.2970,269.0830,241.5860,152.9580,67.0232,66.6817,107.5880,133.9980,116.5680,120.9100,162.6720,181.6570,179.1520,174.2610,191.1460,186.0900,145.3410,138.0450,113.1650,107.5920,112.7660,121.9770,127.7220,119.8860,107.9490,66.9493,20.6823,20.5043,31.5622,95.2447,208.6380,299.6370,350.1740,404.7380,320.3540,164.9620,71.0150,67.9935,101.8150,105.0720,101.6110,82.1829,49.2552,37.4744,50.7667,51.4715,16.5275,24.1686,22.5123,25.0803,32.8832,34.4241,21.5732,46.4162,88.3702,100.8000,98.2932,90.6136,92.3857,34.5258,56.1745,39.5225,37.6891,26.1782,19.3119,33.5998,64.5411,67.1085,57.0254,55.3181,46.9119,25.5853,12.6963,6.2544,12.0855,17.0654,26.7733,17.1917,14.1763,24.1182,22.3162,21.1806,12.1305,21.9018,28.1641,30.8941,28.4873,22.7704,17.1253,24.2875,32.0333,28.1977,24.9689,35.0480,46.8271,43.3585,32.1092,51.2034,63.2651,43.0896,24.1894,17.7895,16.3332,14.3292,10.6032,11.8463,33.6261,45.0015,46.7629,16.5571,7.1389,7.0103,10.2558,24.1202,29.2870,38.8023,22.3411,7.9461,12.2523,12.4815,8.6295,18.1709,26.9883,20.6852,11.2210,18.3946,28.4116,28.2898,25.6842,24.9276,20.4619,16.4135,24.3980,16.7203,15.8849,37.0488,40.2013,35.4771,24.0131,4.1988,18.7766,27.6412,30.2551,16.0736,13.9940,14.9175,7.4855,19.4417,39.3250,33.6374,28.7749,10.2349,4.3664,3.5007,4.0305,3.5053,9.6491,23.5850,38.3760,49.5048,31.1243,22.5704,28.8778,30.7710,32.3966,32.3253,31.5661,17.8707,33.0025,43.4123,59.2149,45.8854,29.6229,20.2608,16.9886,23.0034,23.2154,33.7526,55.8122,69.2591,78.2222,104.3320,84.3691,70.1609,65.2605,50.4894,62.4954,38.5268,27.2136,23.9161,25.2823,22.8545,29.4975,46.5327,35.6123,27.3554,11.2388,14.6430,33.5473,42.0507,47.2482,52.6056,57.3546,49.6248,23.7949,7.3605,40.7525,26.4709,16.1756,10.1895,8.8890,4.9011,10.1097,12.9941,23.1243,31.1439,45.3567,64.4577,78.1909,60.9360,58.0548,60.9388,69.2864,74.7527,96.1935,145.3460,199.5430,213.4390,165.6000,108.7660,49.3860,116.9000,164.4600,184.1150,167.4130,166.2730,180.3090,190.1710,253.3900,372.2240,442.3130,430.7380,389.1960,311.5130,184.4650,87.1027,98.6168,151.8600,158.4100,161.8320,184.4800,203.8520,260.9170,304.5150,287.2570,247.2860,217.8860,161.9730,72.0572,52.6648,74.3871,72.7210,83.9822,91.9427,60.1420,43.6413,80.6134,138.9000
98149.5000,88584.2000,72682.9000,59425.6000,49080.0000,36970.4000,31051.6000,24337.8000,19451.2000,16374.8000,13065.8000,10447.9000,9579.5000,8255.7400,7270.4200,6905.5200,5694.1800,4947.9000,4735.1300,4301.1700,3612.1500,3106.3700,2875.0100,2391.4200,2186.4900,1885.5300,1511.5600,1276.7400,1016.7300,747.6420,566.2240,451.8780,324.8510,269.1910,237.1220,158.5540,96.4019,84.3466,70.9620,95.4827,72.3519,73.2810,125.1830,144.3180,148.6240,155.0090,186.2610,186.5880,126.0690,94.8521,63.7522,69.1216,87.3698,108.7050,123.1080,111.2820,114.0670,72.6142,60.3137,67.5493,90.8855,151.0040,257.0710,367.8760,355.3090,298.3260,231.6580,104.5190,81.2827,130.9310,139.9830,121.1780,134.6680,98.9458,61.6490,17.2279,30.9424,30.2047,47.4959,48.4928,40.8243,39.1442,48.2575,48.0289,45.1994,44.5533,60.9148,90.5876,101.9220,107.0520,113.2630,89.3181,60.9284,58.4881,45.8588,30.4917,30.7428,36.5546,54.1719,51.2011,31.3623,19.6868,10.5962,6.7569,21.2690,24.5722,28.4246,23.0245,6.8953,12.5424,33.3410,24.5163,16.0691,6.8976,11.2637,18.4690,27.9049,41.9557,47.0149,29.3892,20.1330,25.8731,25.7986,24.4076,37.8869,49.9383,56.5376,46.4457,37.8137,32.0580,22.5723,21.1405,19.6707,17.2305,25.3087,28.9875,26.6291,18.4567,27.4596,45.6217,31.4670,34.8831,23.7047,43.7840,30.1905,22.5627,25.6483,12.8580,18.1020,8.1173,12.5966,21.5019,28.7889,33.8024,29.5644,16.8697,3.1498,11.9203,18.1196,23.5777,10.7741,11.0132,18.1467,23.8274,19.1201,10.8564,5.9563,17.0351,18.6069,16.0051,16.6283,24.3257,11.2285,18.7784,11.6623,3.5002,10.6770,19.4035,10.4977,18.5960,30.3379,21.6144,19.4995,23.9960,24.8133,23.6774,27.4023,25.4773,15.5818,15.9278,28.5378,9.8625,14.5925,32.6079,24.9986,15.2803,21.0492,26.9491,30.2196,15.2345,14.5000,29.8758,42.4086,26.8989,15.2156,27.0377,21.7763,29.5043,23.3160,46.5622,52.3073,62.6149,81.8599,108.5530,90.3577,83.9420,66.2390,34.4859,25.5352,7.8221,16.7484,34.7236,34.4384,34.1690,31.8937,36.5065,29.4575,28.1623,25.2214,23.7185,27.4861,28.5058,17.2982,31.5170,62.9511,54.2118,21.9573,16.7266,48.1645,38.8782,26.7298,13.2616,11.6844,7.8311,15.2146,17.8697,15.5398,29.5949,52.8076,76.9882,75.6481,68.8270,57.0093,49.5072,62.6926,104.2750,138.8470,167.7310,211.9430,239.9320,195.3390,136.1400,72.7188,106.2860,160.6790,190.1120,179.8530,170.6170,193.2080,200.1470,243.4790,352.4540,433.9450,431.0250,387.4390,300.8970,162.9810,108.7150,145.9440,156.9030,137.2420,155.0910,189.0150,204.1070,235.3270,270.0230,265.2660,237.5530,198.7650,127.2350,80.0527,78.0932,82.8932,80.4690,71.9184,55.1399,39.1508,37.1797,71.6207,131.0240
97712.2000,88270.3000,72083.4000,58605.8000,48470.0000,36559.5000,30699.8000,24070.0000,19273.2000,16297.2000,12920.0000,10271.8000,9458.8000,8054.1700,7028.3500,6734.1300,5521.7700,4790.2300,4611.8500,4148.0900,3510.7400,2997.5900,2853.6500,2367.0100,2166.0400,1873.1200,1494.9200,1292.6000,984.0560,774.9090,588.9830,491.5850,372.4410,305.3160,290.0530,196.5070,95.8568,80.4114,121.4000,163.2830,160.6960,159.7880,189.7670,205.7670,220.6150,217.6660,212.7510,189.5530,133.9410,74.7137,46.5961,51.1504,58.6135,75.3856,69.8172,75.2677,92.8676,72.9128,63.1335,67.1723,95.5928,156.5120,253.0380,351.8000,357.3280,298.6300,243.8910,105.3570,81.3746,148.0240,178.2700,164.9080,154.8870,112.7380,63.7438,23.8914,31.4935,27.3823,49.9354,65.8625,62.2405,32.0520,32.2459,46.7905,48.9685,70.7138,101.8590,106.3340,95.5524,85.6559,73.7250,49.7674,37.8686,42.3282,33.0208,21.0252,27.4516,42.5869,55.8844,43.4836,26.0903,35.6081,36.2727,38.9198,33.0037,32.4413,27.2057,27.0254,7.0629,1.5989,3.3320,15.4856,21.7387,27.2463,27.8544,12.1069,12.6095,34.6581,48.1650,30.2242,22.9927,33.5337,38.5371,39.4644,39.8716,49.1043,65.0087,61.0853,38.3361,28.4848,32.4606,29.5100,25.4066,29.1231,35.0019,46.3918,61.4873,59.7544,39.3438,41.9674,41.4115,31.2832,22.1117,12.9674,7.0987,20.7233,28.2067,33.4532,28.7315,17.2643,21.8775,31.3249,51.2637,45.0198,29.0987,24.5068,19.8527,4.4139,38.2281,42.1918,46.3023,22.9217,18.8295,40.0281,50.9100,33.2855,21.4287,3.1980,18.6169,32.6671,38.0290,41.6696,24.1925,13.4600,6.0601,20.7509,11.0720,14.8552,7.2859,16.6380,25.6985,25.6169,18.7246,16.1891,18.3106,25.3757,28.1100,12.1327,20.7594,44.2592,51.8689,49.4508,18.3736,6.6942,16.0792,17.6669,17.7671,16.5879,13.7495,26.6571,38.4896,36.7362,39.7982,37.1559,21.4443,9.9643,26.4574,33.1538,16.5884,17.0979,48.5348,62.5119,86.2406,112.2590,105.9600,89.0312,87.9905,38.9853,40.2126,17.9631,16.9861,40.9313,36.0432,38.1110,43.9929,58.3578,48.2136,34.6764,34.1082,13.4814,16.3464,46.4485,55.5899,57.4509,42.7391,41.3195,24.3403,10.7513,23.5778,35.8342,29.2105,22.3713,5.8563,6.6828,14.3937,21.9398,25.8508,17.1662,22.5166,43.9221,39.2226,36.8793,42.7289,43.4045,53.7952,82.1968,111.1040,158.4660,214.9490,223.3900,167.6400,112.2130,80.1152,133.2850,180.0410,201.1660,195.2940,176.7200,179.7220,197.6540,266.8220,368.3990,423.8350,423.1890,384.0890,300.1910,138.6550,83.2448,133.1330,152.8450,144.2360,159.8930,186.6660,201.1850,232.4550,266.8870,261.0370,241.5370,209.3140,125.3440,72.1881,96.2331,99.7235,63.8634,70.1887,73.6152,45.8688,31.2586,70.0252,141.9200
98167.0000,88587.2000,72410.1000,58980.4000,48915.8000,36852.5000,31058.1000,24499.0000,19658.3000,16595.7000,13133.7000,10489.1000,9584.7700,8156.5700,7176.6800,6805.6000,5564.8800,4869.5900,4704.2300,4227.6400,3591.5700,3044.2000,2856.9800,2361.9900,2177.7000,1882.8800,1479.5000,1273.0100,968.5730,773.4610,582.2090,478.9420,370.4660,309.9210,276.7410,177.4570,100.7000,72.9435,104.4200,162.7990,170.4490,169.1690,190.1880,193.3010,205.2790,204.3160,206.1870,182.4310,134.3700,101.7330,93.3492,83.5128,71.0260,68.8204,91.2682,111.2860,136.2510,116.4260,90.4402,103.4550,144.5650,195.3630,266.3320,348.8590,374.7670,314.9960,241.1660,116.6990,79.9918,129.7920,145.8580,100.4400,83.8613,77.6617,39.4641,18.7465,60.5413,52.7507,47.1458,60.7952,65.5929,66.0569,53.0003,42.2659,36.2850,27.0362,38.0847,72.5210,77.5857,89.5910,86.8871,76.9726,69.5050,70.8193,39.4501,22.2132,21.7295,33.3475,41.7947,45.8172,41.2579,28.4032,17.9834,5.1178,7.3592,13.6862,17.9986,14.0238,18.2342,21.4086,24.6643,18.8865,15.9617,11.5459,8.6369,24.1083,42.6555,49.9183,44.0008,32.0992,24.3245,34.3700,45.7612,49.3420,45.8945,47.0811,53.3002,53.8882,33.8329,17.7855,32.9217,41.9477,38.1943,24.1599,23.0654,30.0015,16.1625,8.0491,15.1262,22.5898,23.6135,11.0699,20.2679,38.5203,33.1868,30.2172,28.4017,11.3552,26.5934,29.9500,41.3803,33.1688,22.7432,27.8593,15.1864,26.4131,14.9456,14.4040,2.3055,8.7857,19.8752,30.2000,28.8041,29.8505,15.3553,8.6409,23.6242,33.5927,25.9110,23.2366,21.7116,17.8953,9.7125,23.5375,41.1101,35.3746,29.2296,25.3969,13.7193,3.9968,4.5566,5.0769,9.4765,12.9046,11.8976,12.4878,8.6420,9.7956,17.2830,33.2548,48.4712,51.7908,38.0485,35.6230,31.0108,24.9079,21.0922,18.0616,14.8728,12.3656,6.8034,17.7573,33.2495,41.2117,35.8746,22.9554,12.2629,8.3110,14.9879,28.9363,44.8589,63.6812,91.3489,120.5400,85.9245,62.7517,27.6787,4.8407,5.0096,5.4617,11.0367,31.3587,35.8512,35.0387,34.7172,64.9078,73.3922,60.1503,45.5983,21.5626,14.9413,11.0803,16.7995,26.5209,36.1190,28.9950,17.9274,18.9070,39.8898,32.4828,27.1147,34.8955,39.0336,39.7164,17.3317,7.7934,14.4924,13.6714,41.9256,66.3288,83.1998,67.9118,54.9301,53.5038,76.5661,104.4780,124.7450,165.1930,223.4950,244.4390,195.6890,137.4430,83.4735,104.0600,160.4300,201.6530,206.7010,210.0420,201.7460,185.3020,247.8960,362.3440,421.4390,423.6510,388.4300,308.3790,147.4520,91.6630,136.9710,138.5240,125.6350,148.5470,176.4290,194.6500,234.3440,271.1930,255.9620,218.6740,178.9680,123.2050,78.6572,72.9263,82.8876,85.6070,86.2231,77.0713,60.0529,51.9860,72.6536,128.5080
98330.6000,88717.2000,72772.2000,59492.4000,49173.6000,37023.1000,31132.9000,24476.2000,19589.5000,16502.0000,13146.9000,10519.1000,9643.4000,8308.6100,7312.8800,6933.2600,5730.2600,4974.5400,4726.7700,4297.3300,3610.1700,3106.8100,2859.7000,2388.9600,2188.5400,1860.8500,1481.9700,1244.3600,982.7480,707.2360,529.0510,410.9400,271.3690,195.5390,186.8580,136.9820,82.9994,103.5720,105.3540,123.3890,95.6754,99.9145,146.5510,158.9110,156.9460,154.7490,172.6030,147.1810,88.4101,71.5733,55.0909,34.7938,26.2229,52.8223,79.4889,99.7695,101.7640,68.3691,65.8799,107.1190,132.2870,178.8780,259.8900,337.0210,386.3190,290.3620,181.4750,109.1620,115.9800,138.8260,136.8450,95.3292,52.9108,50.1794,54.2852,39.8554,24.5358,42.5098,78.9414,86.1810,77.6356,67.2042,60.6788,38.3725,27.4330,52.7136,84.4903,103.1550,100.2180,92.1250,70.4137,35.8133,16.2646,11.7669,23.1197,31.1709,40.7045,24.5322,22.4010,13.0017,10.6305,10.5095,18.1542,39.6394,39.2587,36.4956,25.5123,32.0415,39.7223,27.6900,24.9899,26.1062,33.2762,29.0926,30.1917,41.2476,53.2168,60.1411,49.5883,45.8141,39.8303,39.4230,48.8583,53.0019,57.0509,53.6658,54.9424,41.9339,37.0055,51.4201,47.4453,31.5133,20.1925,15.8039,52.2022,51.1348,43.0264,20.2283,25.0960,41.1690,53.2565,27.6893,12.3608,21.0540,18.3170,8.0184,13.9887,23.3685,18.4725,15.4696,13.6791,10.7891,19.8593,8.4296,14.1812,16.4161,14.8161,9.6568,6.9046,12.3992,14.8824,16.7427,6.7454,10.9303,19.1376,11.3546,9.1644,7.1553,7.9793,21.7803,23.0158,21.3862,21.1940,18.1956,12.9173,12.3959,19.0422,21.8434,20.9463,18.7351,20.9424,31.8334,34.7939,24.5764,18.2669,27.9681,24.7932,40.9662,18.9628,12.4625,22.8800,28.1453,27.5671,24.7878,43.7907,57.7575,51.7197,51.8098,31.9176,6.3747,14.5794,28.5054,41.8260,40.9357,16.4333,24.5039,56.4484,42.9976,27.5529,14.0034,49.4838,75.1740,101.4590,123.8020,93.2195,67.9296,56.8274,24.7303,34.4002,16.4936,18.5846,34.0086,37.6990,42.4244,56.4493,78.4685,62.8886,46.0003,38.3952,20.0130,25.5299,7.6040,17.7028,44.6095,49.9883,29.4988,18.5924,20.6562,50.5306,58.3121,55.9310,37.6775,20.0400,21.8544,11.7070,4.7466,8.1232,26.6956,47.6632,74.0982,76.1676,68.7459,66.4440,59.1664,64.1470,88.3961,112.9730,155.0420,210.6650,232.8600,185.4480,127.9340,85.6534,121.2030,167.1410,195.0960,194.5390,198.5160,209.4950,212.6820,266.2330,353.4870,404.4720,409.4200,383.2790,314.5400,159.5970,69.9772,105.8130,123.2890,105.2960,122.4590,149.8530,176.9740,212.1910,246.2130,257.5140,242.1690,202.9600,134.8310,85.6255,84.5798,96.9288,81.7716,49.8090,33.8690,40.4044,47.9602,84.3177,153.5790
