53084.7000,48198.1000,25882.4000,28006.7000,43332.5000,36362.0000,26341.7000,22636.6000,21891.0000,17629.9000,13742.0000,10649.5000,9377.6800,8803.0200,7127.7900,6528.8800,6711.2400,4878.8500,3603.6700,3686.0800,3333.6000,2815.6700,2321.5500,2119.8600,1692.4200,1611.8100,1485.3500,1197.0600,1136.2200,995.4700,805.5960,718.1740,586.0880,461.5650,451.0920,510.9240,557.7810,614.0020,748.2980,871.3230,805.9210,591.1540,398.4250,329.5580,462.4520,551.2350,589.3200,464.7220,339.1960,349.0570,399.2550,402.4250,388.1580,327.1920,265.1720,212.8440,149.3370,127.4630,147.1590,175.3440,179.8410,138.4530,105.1920,109.0710,87.4732,63.8821,147.9930,237.6870,247.5150,245.8130,226.5620,270.6040,297.8190,210.4420,199.0890,108.7480,187.9340,213.9690,240.1680,223.8150,221.5990,133.2980,40.1658,25.2033,64.2493,122.3120,186.7720,186.4890,150.4320,121.2670,84.5173,56.3535,30.8688,14.8631,10.0088,23.4136,44.8776,62.3677,58.1924,59.4352,59.9155,62.8835,87.1762,111.3060,127.3690,136.7470,136.6430,149.2260,190.0530,188.7090,139.6670,123.5480,179.7030,219.7880,244.2680,206.6000,157.1330,107.8760,127.1300,114.4160,129.7860,140.7060,145.9400,169.7060,164.1600,136.2730,114.7130,92.7484,83.3534,39.6684,63.5966,132.5120,193.9760,227.1300,223.4010,171.2450,115.4310,70.6482,86.0467,111.1220,138.5380,136.8050,122.1450,117.1670,92.3314,90.6359,171.7760,255.0570,252.5780,222.8010,189.2100,148.5150,68.2074,77.4175,145.9890,200.6000,193.0370,182.0930,173.7310,192.7740,218.7140,229.6830,202.8160,165.4090,138.0280,130.5930,159.9980,211.4940,228.0500,212.0120,196.1220,167.3760,163.7230,143.2020,142.1290,140.2980,126.2200,91.5005,56.2552,20.6992,14.0924,12.8306,34.3052,51.9191,85.2100,71.7768,60.2519,46.6671,18.1891,23.5987,46.4575,58.4370,68.4982,93.8474,112.2370,134.3410,156.4810,180.3400,180.8470,137.4130,95.3750,80.8559,91.6552,113.6090,124.8950,125.5880,119.6380,101.3240,71.3357,50.4133,40.8649,54.9124,78.7396,77.8760,61.3209,44.9482,70.0223,89.9254,89.0961,94.9674,115.2750,134.4650,83.6078,56.3190,10.4974,25.4850,26.0034,25.1644,20.3489,3.5856,17.0635,27.2285,32.6438,41.9466,61.6842,68.5109,50.7170,51.0152,76.9219,87.9975,93.8275,76.6332,38.1716,11.0884,11.7644,17.7970,16.6547,18.7283,40.3123,58.0619,72.7940,58.0237,50.5700,65.2285,74.8105,92.0397,110.4280,116.8210,122.7700,110.0350,74.6355,48.1528,73.3823,95.1468,106.0160,78.0445,25.4084,26.8990,60.3360,61.9308,49.3452,42.0094,42.1356,39.0097,30.5765,30.2031,18.5184,18.8835,41.5958,53.5975,48.0353,43.7741,43.9537,51.3481,41.3923,35.7435,40.1145,33.7045,37.6673,50.9898,49.1594,41.6237,29.4977,8.3940,21.7153,33.9072,40.3251,35.8745,37.5431,26.4633
52598.5000,48093.9000,25681.2000,27657.2000,43044.4000,35911.6000,25777.8000,22218.4000,21470.5000,17206.1000,13468.1000,10552.8000,9234.5200,8721.3300,7088.2000,6417.7200,6640.0200,4842.2000,3572.2900,3684.9700,3334.7200,2793.4700,2286.9500,2074.2500,1654.1000,1577.2500,1428.0400,1110.4300,1052.3300,928.4240,727.7780,645.2390,528.9440,426.3960,425.1000,465.2470,482.9710,510.4260,608.5450,718.1770,680.2040,490.6700,323.6930,266.2010,421.4120,496.8250,535.3520,441.6520,336.2530,332.8210,381.2140,386.9840,378.6830,343.0790,297.4540,236.5990,168.2880,129.9610,122.3290,142.2550,147.5460,123.0500,66.6985,49.5315,83.7443,85.9953,124.4070,200.2360,215.6460,212.9030,209.4540,266.9310,292.0890,180.2280,151.4440,79.8205,172.2680,198.7930,216.8280,201.5770,182.8800,98.7687,27.4031,54.5770,105.8560,163.0030,201.6160,185.9720,154.2000,126.6920,95.6884,59.1132,25.3224,25.5332,38.2548,50.8290,70.3956,63.8376,52.3648,54.1989,75.3937,92.1306,97.4103,115.2690,128.6570,145.1040,147.1510,167.9200,212.1870,212.2470,166.4500,136.6770,158.7660,187.9440,204.4280,201.8830,167.4020,109.9230,133.3190,119.3870,143.8590,156.5110,149.7000,161.3180,163.8750,131.1970,101.9350,89.9835,97.0458,60.8554,57.7194,115.6400,179.4260,229.3380,232.4810,182.0620,128.5090,59.2081,66.4198,120.6640,148.2850,157.6800,144.9460,138.0340,116.8410,116.7780,173.0120,244.5500,266.1910,237.9410,190.4180,138.9890,85.2502,100.4880,151.7630,187.4730,168.5680,152.6660,163.5800,181.1010,216.5720,214.7830,181.3030,148.0270,115.3690,111.4110,146.0290,197.5800,215.9060,199.7690,189.4830,169.3710,158.6970,132.9190,129.6750,137.4620,105.0190,65.4421,39.6140,17.7135,10.5559,27.0589,65.9263,75.1582,109.7820,76.1665,60.1925,37.5601,9.7548,23.6763,47.6914,65.0812,71.5612,81.4455,87.1601,114.8280,149.6510,192.0090,186.3100,132.3360,113.6030,109.6080,103.5650,112.3510,126.7400,122.9970,114.6430,127.8160,110.6980,60.5243,33.8967,61.9479,86.0668,87.4565,75.5859,69.5580,97.4467,104.9100,100.9890,129.5500,147.1180,166.6180,76.7075,37.5701,23.0818,29.6236,36.5746,39.1690,36.2468,25.8164,22.6976,16.7209,16.4294,39.6713,69.0059,84.3428,54.8855,42.1852,58.9853,63.4934,62.4052,51.5539,27.6330,48.8712,46.9127,51.1290,23.9183,39.9640,49.7787,65.2766,71.1486,58.5723,38.0057,58.4550,76.2975,93.8875,106.2650,97.6616,108.8320,101.8210,69.1786,40.7880,71.6947,94.2034,102.6890,77.2966,25.0092,17.3152,35.7137,50.7814,53.4651,41.0029,37.0912,33.4332,30.9501,37.5900,35.5060,33.9922,37.0037,45.8412,59.1622,67.6058,70.5400,66.3416,51.9798,39.9036,41.0599,40.4662,34.1898,25.2745,15.5360,20.4956,26.9813,23.3000,12.1910,40.1590,53.0739,61.6797,66.0470,67.5891
52637.5000,47948.0000,25361.2000,26991.0000,42253.4000,35566.6000,25783.2000,22177.8000,21437.7000,17303.0000,13545.6000,10528.6000,9224.3600,8676.8500,6967.3700,6348.4800,6563.3800,4724.2100,3515.9800,3676.5000,3285.4200,2769.7400,2240.8100,2070.8900,1684.2600,1591.4300,1444.3900,1142.4100,1093.4000,984.9470,761.4740,680.2070,578.9430,481.0620,483.8040,510.5080,546.2800,576.3460,658.9820,777.7650,753.5690,574.4810,392.3440,317.5030,444.3820,529.8500,567.3410,474.9460,346.7260,333.6300,396.1270,382.5710,352.3070,300.8630,257.3480,207.6250,145.7240,100.8430,101.2310,123.2750,129.7690,106.1230,63.8154,45.4464,59.5956,62.6186,122.1850,208.7510,220.4920,214.0110,196.1770,247.6060,292.0170,189.1070,181.6610,105.8620,191.8110,207.9660,215.0940,192.2220,160.8870,72.1251,36.2806,74.6186,119.1770,165.2840,208.7140,202.5710,168.0040,133.7600,92.8806,42.5936,12.7889,23.7398,41.4487,55.2529,62.1232,61.6050,61.9684,66.9274,82.5527,94.3600,103.5110,124.2250,140.9780,168.7130,169.1910,169.5710,221.0360,229.5210,172.0460,142.8380,182.0920,217.0700,222.7060,205.3430,179.0880,122.7770,143.1570,108.7610,121.5650,119.8300,126.3500,145.6500,133.5410,102.8410,78.4223,75.3319,69.0915,37.5693,81.0631,140.8070,187.7180,228.5670,231.2720,176.7440,115.3830,58.4640,93.8385,148.4450,173.1860,169.8710,148.9580,142.6720,131.7500,132.7630,187.0190,261.8890,275.7970,246.7890,201.0890,151.4430,89.5080,96.6827,145.8100,190.7490,183.2890,162.1640,159.8100,180.8710,223.4890,236.9670,201.3840,166.4980,121.9120,117.1590,157.8640,213.3440,224.8940,197.9050,188.9890,169.6690,155.9750,133.2240,130.9220,133.9360,108.1110,67.4607,35.1988,10.6401,15.3907,14.5462,64.4469,63.0687,93.5056,68.3057,56.4577,45.0543,19.3402,18.7361,42.0525,54.2413,58.7022,74.3321,97.8818,139.1820,169.7220,196.7980,174.0670,136.2470,117.8260,99.2557,97.3534,125.2420,139.6340,134.8570,115.4490,117.5060,97.0063,55.4916,43.3817,67.4888,79.1141,80.3145,71.8145,73.4470,86.2264,103.9660,118.8650,120.8280,135.2650,128.9350,68.3302,35.6989,12.5108,37.9152,41.2544,35.8050,24.3549,10.2891,17.3766,24.6692,37.7786,55.2317,75.3256,77.1147,51.2765,36.4571,63.0370,75.1460,76.3587,54.4805,17.8838,38.8541,47.0860,49.7017,32.8812,24.9295,35.2585,45.5018,41.2680,49.5062,30.5385,57.6577,70.5606,92.5533,114.9320,120.6720,119.7100,109.1950,77.9045,51.0374,69.9094,88.1772,89.3380,64.5162,22.0074,20.5061,50.2617,62.9932,44.5453,35.3131,31.9950,40.1384,31.1771,35.2652,26.7087,15.3749,35.0847,63.7262,58.1362,51.8827,48.5489,56.6589,60.7147,50.6769,41.1385,39.7658,41.3922,42.7842,40.4353,36.0700,24.3404,17.4828,19.2286,14.1961,24.9090,42.4231,38.3866,22.3021
53319.6000,48363.3000,25826.0000,27676.2000,43070.7000,36321.1000,26260.9000,22419.8000,21723.4000,17494.0000,13683.7000,10648.2000,9391.5700,8813.4200,7080.7000,6427.3100,6612.4000,4844.8400,3636.3000,3719.9200,3355.4500,2782.2000,2282.6600,2069.3200,1643.5700,1557.4900,1427.7200,1119.2900,1055.8100,939.8750,728.0180,632.7020,529.1060,437.1250,439.7700,457.1490,503.1140,562.7150,663.5250,801.2380,771.7750,563.9060,365.3250,275.9570,407.6610,487.9050,520.2020,440.4500,324.8470,297.9600,343.3200,352.4410,347.5350,314.0410,272.2570,218.4860,153.3730,123.1650,123.8480,143.8980,138.8260,113.7140,69.1624,56.3882,86.7227,83.4912,118.9650,200.0820,213.3750,208.0850,172.1470,225.1350,287.9550,185.3720,188.6090,104.9960,197.2600,193.2060,226.9560,223.9790,202.7050,113.4080,26.4262,59.8143,113.8640,172.9020,200.6100,183.9560,151.7980,121.5760,74.9123,29.3545,14.2442,13.5061,36.4440,53.9689,71.4941,73.7313,67.5574,69.0761,75.3145,91.0287,108.1040,120.9320,131.8330,153.9380,155.3350,156.8720,208.2100,212.6430,155.0580,122.2490,162.0870,195.0600,216.3170,214.0510,174.7460,112.5870,127.5350,110.1930,132.6400,140.4030,129.8200,148.2490,151.4750,123.8710,98.8794,80.6982,72.1624,40.0267,60.5119,126.5520,197.8010,233.9910,210.3890,167.8280,117.3350,58.8531,77.2722,153.5580,180.8600,165.9320,128.9180,130.6090,127.9640,131.6350,193.1950,267.5710,268.0130,226.6570,177.4050,135.2260,80.4749,96.4054,160.3090,208.6160,197.0300,179.7660,165.5130,176.4970,201.7160,224.8230,194.1100,158.0940,121.1380,128.3110,167.0220,221.2170,241.6590,214.8470,194.7540,167.3450,158.8180,140.6200,140.3820,133.4950,111.6690,74.8002,42.2650,11.5213,6.4568,14.7891,69.2107,82.0601,129.8110,102.7620,77.4364,50.2913,23.4898,31.5160,42.6496,43.4363,57.9104,73.0491,91.4485,131.1140,159.2770,185.7070,185.1230,152.8240,104.6540,89.7065,109.7670,132.1570,142.4800,142.6490,132.6460,107.2570,82.1954,63.1131,55.3031,55.4669,72.4857,83.0763,88.6677,75.0882,77.3383,87.6189,95.2186,120.9070,140.7360,159.1860,77.7534,53.9952,12.2786,19.2685,24.1857,25.3428,25.8345,4.3442,17.3101,20.4958,16.1774,34.4439,61.4026,67.6943,37.2799,35.8136,63.7219,63.8857,58.6303,34.2125,22.5937,40.2143,43.3899,38.1500,22.3058,22.4811,43.7166,60.9983,65.4216,63.6180,52.8737,79.8733,78.9991,87.5068,97.1527,111.7770,126.9700,110.4950,76.7253,62.5765,76.7816,89.6072,89.3210,65.9515,21.7945,17.4082,40.5622,50.9099,46.3198,34.9612,38.9001,31.6416,37.8294,52.5012,43.4463,27.5342,50.6551,56.8538,47.4947,40.1635,45.3534,50.8209,56.5704,64.1002,61.1630,46.0786,39.5902,48.9983,52.5736,51.1090,42.2845,23.4485,13.0417,23.9586,34.2084,29.7128,29.8612,31.5348
53085.2000,48482.1000,25961.2000,27842.4000,43273.1000,36174.0000,25972.4000,22365.5000,21634.5000,17303.5000,13545.5000,10643.7000,9358.9200,8830.7700,7164.4900,6466.5700,6678.5500,4904.3100,3670.4700,3766.9400,3371.0800,2790.8100,2245.4200,2048.4000,1640.0800,1530.9100,1381.4200,1070.3700,998.0780,868.4470,649.3870,575.9100,483.9060,393.5560,405.4890,431.6080,463.1130,539.9430,635.0390,761.3640,746.6860,536.6690,328.0710,262.6210,419.8910,503.9000,527.6130,441.2950,300.3110,277.3620,338.5630,332.3660,319.0810,290.8610,273.3570,227.4540,169.4150,124.3830,126.4290,142.8670,144.3240,127.1340,87.9791,70.0312,83.5284,85.1310,137.3920,204.9840,211.9700,203.0400,188.0960,239.3910,281.8320,188.9220,179.0870,106.5160,192.5850,215.7820,229.7490,213.7340,198.8510,107.6800,29.5254,51.8505,98.3810,143.9770,187.8820,177.2210,145.0600,117.8340,85.2168,40.0230,14.4967,14.9147,35.1620,54.4004,77.7946,73.7061,65.9332,65.9047,75.3355,91.3954,118.3180,137.3100,148.1430,171.3990,183.0570,181.2140,204.5810,221.8350,184.7770,157.1120,176.9590,215.0300,237.2400,228.0080,180.9230,124.6740,124.8910,98.4577,116.4610,129.1010,135.2840,156.2500,149.5150,119.8800,96.1171,84.2631,70.0983,45.0475,79.9688,131.3410,177.1220,215.3640,219.6200,176.9870,119.5090,54.9059,93.4982,148.4500,170.3260,172.7550,164.2940,155.8240,130.6720,138.7840,188.0520,236.4930,247.8400,229.4920,189.6720,133.1800,61.4836,90.4454,151.6140,199.3840,199.1030,171.6310,154.0800,169.5900,211.8220,242.0640,201.8830,166.5400,125.7590,129.9770,168.2480,194.6380,205.0960,202.7340,193.9610,172.6200,147.3820,128.2950,131.1720,131.3130,106.3160,69.1686,41.2686,16.2780,8.2363,28.7187,68.4908,86.2325,123.3570,106.8770,80.2514,55.8914,33.3265,46.3696,48.1361,40.8113,58.2315,71.2139,87.0555,129.6780,159.4580,188.6410,174.2920,133.7790,108.9450,93.7735,89.8280,108.4470,121.0420,117.7690,105.2570,97.9081,76.6613,47.1930,37.5099,58.9295,90.3309,93.6677,90.4005,79.1346,90.1332,112.7320,121.1950,123.4790,137.7920,146.3190,76.3863,64.6068,20.6412,33.4164,23.0744,28.1041,24.3039,12.6535,23.7847,30.3527,36.2917,44.7080,66.1967,65.8122,43.4815,50.3566,73.8295,75.0040,71.1293,56.5541,27.2709,55.9488,48.9980,47.7800,18.4085,17.6504,34.4378,47.3755,55.6980,57.3800,42.9373,78.2030,83.6624,95.1300,106.7860,123.1470,135.2560,111.8160,79.2573,54.7933,58.1593,80.8051,89.8177,61.2295,19.0746,33.6467,57.8108,60.6211,57.2945,47.4071,44.9976,40.7434,36.5012,44.1939,27.9570,24.5452,40.0163,52.9742,59.5899,61.2485,54.2131,48.4132,64.0013,73.6144,51.6490,31.3055,30.1285,42.1729,43.6473,38.0860,29.2352,25.9977,19.9914,9.0850,20.6451,31.1686,31.9801,34.6238
52767.4000,48180.0000,25429.5000,26906.0000,42278.7000,35595.2000,25663.4000,22029.4000,21338.5000,17202.0000,13497.6000,10485.9000,9178.7000,8699.0900,6999.8700,6303.3100,6532.7600,4752.3100,3549.8700,3679.6800,3282.5200,2721.7500,2198.2200,2046.2800,1666.7200,1570.6700,1430.7400,1121.4000,1062.4900,963.1700,745.8750,665.0970,552.5090,457.5210,481.3840,511.0540,538.2880,578.3320,687.4790,796.7950,741.4010,551.6170,365.9630,291.3660,440.8460,538.1090,569.6650,468.3830,337.2900,330.5210,390.3240,370.6010,337.5960,293.9030,255.6190,192.0260,130.7030,93.1770,93.7949,104.5460,105.9600,101.6980,71.0377,42.9647,54.0358,79.7352,139.4950,190.4970,195.1310,190.8610,180.4060,242.5890,287.5310,189.3510,188.1430,108.9340,194.0280,205.2810,227.9430,218.3750,198.5170,100.6620,30.9138,54.7467,85.9136,126.0430,184.6140,175.7370,141.9880,110.1590,74.9387,26.9466,11.7780,23.8126,33.6235,42.6456,56.0569,66.4550,60.0939,62.0270,74.7899,94.0325,104.1450,116.8050,125.3440,145.5960,149.5530,171.0200,221.5820,225.4830,175.4810,144.6140,171.1410,206.9270,222.2040,203.0000,172.5600,119.2460,135.2790,103.0150,120.3420,133.1280,148.9370,162.4380,153.1430,126.2930,103.1200,83.0513,75.8567,35.8481,64.8774,130.5040,192.4390,235.5720,232.0330,177.9320,117.7310,50.4264,89.2067,148.2930,168.6090,157.7110,139.7340,162.2720,137.3810,122.7310,193.4400,235.7900,216.1280,209.2520,173.8260,136.9830,69.2428,85.1893,144.1480,196.7350,194.4880,156.2600,155.4750,177.2690,231.1340,239.1420,199.4270,165.8910,127.8880,125.3360,161.7660,208.5400,238.3670,243.3150,222.9460,192.5660,157.3540,134.2040,130.9620,120.3090,86.8928,57.8151,34.8984,17.2947,9.7498,40.4615,82.9635,103.2400,152.5120,121.9150,92.3577,63.1800,39.6296,33.4495,40.8702,55.1391,64.4957,76.9352,93.1818,126.9470,158.5520,195.2850,195.0310,138.8830,98.8595,97.3424,114.7490,127.7680,135.0720,127.6480,127.7190,128.8590,100.7510,62.7146,51.9720,78.9277,109.8680,113.3790,99.9219,70.9232,90.2337,110.9840,115.5740,121.6980,142.8110,141.2940,77.0471,42.2453,5.7459,21.5335,25.1054,23.3337,16.1889,6.8430,7.5818,14.7405,25.7218,40.3844,62.3081,73.8516,43.8285,29.3015,65.5229,72.5969,80.2048,64.6813,32.5932,59.1932,48.9413,51.5682,31.7170,9.7307,34.9630,54.6358,74.8002,57.5353,46.0403,60.7908,71.2099,88.0825,108.2570,124.2470,115.5590,90.6490,69.5831,53.7577,60.8747,86.1833,99.9188,71.4122,28.7302,43.1289,65.2080,62.0672,52.2699,43.7335,40.2205,38.2760,40.0849,36.9238,16.5776,21.3948,35.4417,40.2250,43.9852,42.1318,39.5439,37.4598,38.4997,36.3280,31.1178,27.2625,29.9242,33.6549,36.2523,38.5983,36.2311,26.1945,10.0240,25.1331,37.8310,36.8119,28.9541,31.7089
53529.7000,48577.6000,25892.5000,27553.2000,42968.2000,36313.6000,26272.9000,22468.6000,21798.6000,17580.5000,13746.1000,10684.1000,9447.7400,8878.7500,7140.7400,6488.9800,6674.7300,4903.8900,3713.0300,3787.7800,3385.4200,2804.3800,2273.9900,2101.4700,1710.6300,1608.6600,1457.8300,1141.0500,1076.7000,966.8770,757.3370,679.7220,553.5090,440.7050,441.9020,490.7450,504.3660,543.6370,658.4770,752.3130,716.5000,534.7020,335.0710,229.1610,379.6810,487.7810,543.3150,469.5870,354.2760,352.7540,425.8900,430.0760,413.3410,348.9320,292.9070,240.2960,169.5010,126.6010,110.2610,127.9470,137.1250,118.8270,69.4965,45.8679,45.6283,49.1287,132.3670,205.8390,204.5550,194.6710,181.2890,233.5770,271.9680,173.1120,171.4120,102.2230,181.6570,211.2650,249.9190,225.4070,197.1060,99.4607,22.1224,53.2004,95.8260,140.9460,182.1350,180.2720,138.1200,100.4510,52.1144,18.1507,15.3388,26.8006,29.9049,27.5582,44.2403,53.3751,51.5873,61.0379,89.2021,127.5570,128.1580,134.3230,141.6970,168.3530,171.1370,173.6790,217.3740,230.4320,190.8980,169.9870,183.4780,218.8670,234.9660,225.3350,179.7420,133.6130,134.0830,109.9490,124.2770,135.4480,130.6310,148.9820,138.9810,106.6140,82.8843,85.1802,77.5706,36.4669,84.4360,152.2360,211.7270,235.1950,219.4430,182.3840,130.6560,78.7027,83.5211,156.0090,189.3780,180.8620,152.9620,153.5420,144.1770,146.4700,197.7620,249.4120,246.5780,223.9410,185.2740,134.4420,70.3022,80.2638,141.4200,188.7960,182.2590,156.2240,145.1210,163.5060,209.8320,240.3910,200.9400,165.3240,112.0030,123.8720,174.0100,221.7580,238.1330,213.2390,202.0080,184.1350,166.3970,138.9940,130.2530,136.4540,118.7120,83.6961,50.0676,21.6402,17.5696,21.0940,63.7468,93.4085,147.4420,122.8130,92.4684,68.4747,34.9163,26.5592,46.8004,55.8064,62.0515,82.9038,92.4301,123.8310,153.6340,189.8560,184.0220,149.6270,131.3870,113.6170,126.3460,141.8280,147.6810,133.7360,132.1460,131.4070,98.7141,64.6245,40.5282,48.6273,85.4020,92.0148,85.1291,55.0374,63.1387,85.3284,94.6988,103.3310,115.3750,122.2970,63.2141,41.9567,6.4025,16.0955,18.5386,27.0284,28.1593,24.4813,14.0875,9.3943,13.8933,34.7374,61.7548,78.7420,50.6488,31.2947,55.5022,72.6217,79.3914,68.8240,28.2721,48.9773,41.2403,58.1720,32.6433,41.1667,34.2565,36.9575,38.0674,48.8352,39.6955,87.4505,98.6359,116.3170,135.1090,147.2600,134.1610,110.9210,81.4896,64.4185,63.7387,76.8354,81.9002,59.8017,16.4832,28.2631,58.3919,69.4400,60.7797,47.6861,38.2467,33.3168,32.1873,41.4894,39.2494,22.7000,35.9180,51.3690,49.2657,50.9760,53.9262,62.9703,56.8629,39.5948,30.3773,40.9013,47.9230,35.2669,20.4227,23.1966,24.6851,17.9956,20.2453,23.3361,19.0512,28.7030,44.6836,34.8342
53328.8000,48685.2000,26187.7000,27969.8000,43398.6000,36380.3000,26098.8000,22407.4000,21732.9000,17401.7000,13642.7000,10652.8000,9355.5600,8846.7600,7197.2700,6498.0900,6678.6500,4923.9100,3703.0700,3764.6000,3375.2700,2748.1900,2220.6700,2015.6300,1629.1700,1542.6000,1385.6800,1075.0300,1013.7000,884.3050,666.7090,598.2310,494.5320,386.0160,407.0200,441.4810,479.8820,517.6550,602.8890,723.8430,678.5480,477.0450,299.5470,275.6880,432.7970,525.4920,558.9100,473.6580,321.7390,313.4780,387.0540,370.1060,344.4060,301.7540,278.2900,223.5680,165.5180,125.2420,130.6830,146.0060,163.6050,158.0580,108.0520,80.9402,85.7957,69.2930,119.3870,198.6230,207.3850,199.6840,175.0550,233.8600,282.5620,179.5080,181.6010,108.7640,185.0420,210.0240,230.9780,201.5970,184.2330,85.4906,35.5241,59.7314,96.9011,136.5560,172.1070,167.8820,134.0100,102.7010,58.0965,21.9634,5.2642,22.6700,35.9603,47.2359,53.4813,59.0602,55.2034,57.8610,61.2236,83.3526,111.7850,129.1630,139.1140,156.1590,162.6180,172.8350,202.4340,207.8640,169.7740,155.5970,185.1620,217.3600,232.3990,214.6220,174.9150,113.6240,122.6150,94.7112,113.6380,125.4140,131.4850,152.0320,155.2280,129.4500,101.7490,83.8140,89.4796,42.5825,54.8090,122.0570,193.3800,229.6520,216.7800,173.4170,123.9000,58.8676,69.0669,139.5020,169.1710,164.7320,134.3050,127.8450,126.9320,134.4920,189.8630,253.2440,261.9740,243.0450,200.5630,152.6340,75.0338,93.4055,158.4280,201.8380,182.5550,168.1900,169.7320,186.5150,223.8640,239.7230,197.6220,158.3050,110.2290,125.8660,176.0280,221.3850,230.0520,207.8950,198.5340,178.8760,167.5760,144.9330,134.0980,131.7680,110.8100,73.3623,41.6381,17.5715,9.8956,39.7752,80.9328,98.9927,132.2600,110.0240,76.9750,60.0476,38.2320,34.1138,44.9364,53.2932,57.0061,65.1046,83.4980,121.4360,156.7360,194.3340,190.7610,149.1050,116.9890,102.4920,104.9260,123.9900,138.9850,137.3270,125.8430,116.3190,101.4110,71.0208,45.4178,57.0585,78.7783,80.8177,67.5156,60.7937,76.8061,79.1516,92.2196,123.0880,135.6270,153.3090,71.7252,59.0076,26.4192,36.3884,24.4443,19.8470,17.5930,12.6088,19.8331,27.8140,26.9916,32.4865,58.4738,70.7852,42.6828,30.8531,55.6012,61.5843,64.9812,58.9925,29.5604,60.4162,53.7798,58.7650,34.6581,17.8871,25.3316,39.1663,45.6803,33.3307,30.2182,54.2015,79.7216,97.6487,113.9790,116.7060,124.0800,111.1860,80.8433,50.0545,53.8046,79.4476,90.5518,58.8058,22.3805,36.2434,60.2997,59.8802,56.0827,42.2604,30.6969,18.6029,13.1852,18.1609,10.2704,19.0828,38.6448,46.6637,55.3787,61.7723,62.7109,65.7547,61.2452,57.6011,54.1709,43.8270,41.8579,47.2177,41.2925,27.5261,17.5986,14.2537,15.0109,30.1004,41.3687,44.9112,48.0939,45.8465
52864.9000,48419.5000,25685.9000,27033.6000,42379.5000,35678.7000,25684.3000,22052.3000,21377.7000,17227.6000,13555.4000,10529.8000,9168.1900,8694.8100,7007.2000,6297.5700,6530.1100,4765.9700,3590.5400,3723.3600,3316.0700,2728.6900,2198.1800,2049.0700,1685.1600,1589.8800,1443.3500,1150.9000,1099.6100,982.0320,758.4100,681.4200,570.1820,464.3300,464.6840,514.3280,527.6490,529.0540,616.1650,718.7290,684.0960,496.4230,331.2220,269.6580,438.0240,539.8920,585.4160,495.1990,367.2830,352.6240,406.0120,403.1510,383.4720,344.2360,286.9770,225.0990,165.8120,130.6490,127.8630,138.4840,139.6700,120.8450,82.5522,68.0429,73.7165,58.4238,103.9860,175.9650,189.6130,184.3160,147.1430,196.1370,258.4810,175.8980,210.2150,131.4100,206.0140,206.1920,221.5620,206.2650,192.3600,111.5570,41.7771,64.5389,102.7780,124.4820,153.8140,161.2600,128.6390,98.5367,72.2713,56.9410,18.9476,33.8809,39.1836,31.0673,40.7663,65.6678,52.5215,51.9376,59.6889,101.2290,114.1890,118.4170,127.1990,155.0430,164.5660,171.2740,224.5040,240.2660,195.2490,164.7490,184.1510,224.1390,245.6090,234.6490,195.2420,132.0980,140.4270,105.3880,123.5850,129.2960,126.0960,152.6250,163.5990,130.4110,99.4526,83.0705,79.3980,54.6797,85.5312,154.0680,212.0580,251.8040,246.9760,190.5980,131.2600,69.2053,80.2861,142.3960,174.3830,174.3680,150.4840,139.2110,130.1870,147.4690,189.5960,236.5410,252.8720,227.3060,180.4160,137.9450,87.6327,95.0869,153.0780,199.5370,197.3020,176.0110,160.3880,168.6930,197.8150,211.6730,182.6070,155.1180,120.7180,118.4080,161.7020,214.7270,214.7440,192.3350,189.9200,170.6930,134.8910,108.6000,134.4040,144.9110,112.1430,73.9896,43.7671,17.3182,25.5731,51.2754,93.6164,101.6600,134.2530,94.1994,63.7627,41.3950,25.6306,23.9710,35.3626,43.2736,42.1115,58.4770,87.0164,120.1860,148.1510,179.3130,181.3760,138.0370,100.1040,91.1988,105.5430,121.4460,128.6150,123.5980,123.1910,110.5380,73.4347,48.3995,43.5311,51.9803,69.6266,73.2172,68.9210,62.0743,69.2826,78.3637,95.3628,111.0090,125.2430,133.4680,76.4733,52.3003,13.1696,39.0100,29.0442,21.6450,13.8709,13.0898,15.6857,11.8209,25.8292,53.3766,84.7713,81.4456,47.9693,30.9801,47.7516,62.3754,73.8851,74.3158,41.2389,70.0962,55.6314,63.0655,35.8479,30.0732,31.1548,42.2540,51.3411,54.3582,42.0882,62.0849,61.5598,77.8534,98.5810,108.1480,97.5025,86.3006,63.5513,40.9874,51.7076,69.8148,73.9689,48.7563,17.6508,12.5474,26.6163,35.3965,36.8522,35.3991,26.5993,32.8993,36.9307,44.9347,22.1020,18.9544,48.5651,58.9183,55.9761,47.8120,48.1677,58.2088,59.3739,52.9755,44.1958,42.4101,47.6729,49.3813,47.2535,38.4841,24.3302,12.2526,13.2154,24.2937,39.1703,54.8095,44.3803,34.1536
53560.9000,48630.3000,25922.1000,27390.7000,42687.9000,36154.3000,26268.6000,22477.1000,21788.0000,17597.3000,13800.7000,10685.6000,9399.5300,8863.3000,7114.5400,6433.0100,6622.3700,4861.8500,3705.4700,3798.1600,3378.7300,2799.5300,2256.0600,2096.1100,1715.6500,1591.7700,1455.6700,1180.1600,1108.2500,986.4980,761.1430,677.9220,558.1830,445.8840,454.0070,503.7530,542.8970,552.9720,651.2530,781.9340,742.1190,547.6720,374.3510,272.9070,416.5070,543.9790,607.1610,524.6000,385.4970,366.8350,418.0200,411.8840,386.0350,349.8940,294.1450,217.8950,144.9260,100.4660,99.2106,121.6940,129.9190,122.1420,92.5868,66.7765,79.5888,78.4621,102.8190,163.1190,185.3080,181.8700,154.2660,213.8020,279.7550,192.5680,191.3890,103.9380,177.0480,190.2410,218.7860,203.3170,191.0820,95.0101,49.1534,75.0589,116.3780,158.8000,199.4480,187.3180,141.2460,100.0920,66.2107,44.5963,11.6848,30.2516,47.3211,60.8355,66.9991,58.7964,44.0015,42.1747,51.9908,84.2862,107.0530,118.4740,130.1050,152.0790,161.3100,171.3910,218.1270,231.4480,193.7630,168.4380,186.0530,226.4610,254.6190,257.8310,204.5320,125.5300,115.3200,86.3537,109.8130,123.0320,127.3720,160.3770,159.5760,131.3700,107.4390,97.6757,76.3446,53.0227,94.2683,150.8040,207.1810,247.0340,237.6270,186.3970,128.0150,61.5250,74.4877,138.0210,165.1670,179.7040,153.4440,146.8160,148.3970,153.5910,195.8210,251.5940,260.7970,238.6870,194.1590,154.9390,89.1299,90.7184,155.3790,204.9370,194.2690,178.8300,180.7790,195.1150,225.8710,233.9310,194.0540,152.0180,111.7680,131.9310,183.1880,232.0290,239.8460,215.5550,203.0060,180.6420,156.9730,126.2010,135.8870,160.7760,139.6760,87.7641,53.1386,13.6135,5.3099,28.6346,79.5898,95.5725,138.1790,113.8760,86.1356,70.2619,39.2551,32.5364,57.6775,63.5980,57.9356,74.6084,88.2083,110.0100,147.2660,194.9070,206.7170,142.8150,104.0500,108.4820,122.3960,131.7310,142.5160,136.6490,116.6480,111.6340,97.2756,59.7431,37.5424,55.5212,70.6475,70.2581,58.5925,59.8251,74.2969,81.5477,95.8945,116.6800,134.5040,153.6210,83.8511,64.9089,11.0230,21.8142,22.0215,25.8176,30.9738,15.6296,10.8529,6.2814,19.6023,37.2588,56.6581,53.1259,30.2115,40.6655,83.4182,91.6227,82.6446,60.5568,16.5934,40.4713,50.3872,63.4529,49.7653,21.7081,29.6403,49.2832,48.3811,35.4769,28.5561,49.8945,70.2911,89.5353,108.6070,115.8030,115.4590,101.0300,67.9326,40.9028,65.2024,86.1789,92.6005,57.7726,18.0152,35.5050,65.1329,84.3843,59.0902,35.3956,16.5248,15.0968,22.5281,30.8300,26.7288,31.9066,40.2763,48.5433,54.4531,61.2645,60.3929,51.7881,44.5361,56.5750,59.8741,42.3025,44.3813,47.1582,37.2084,35.1415,39.5031,33.8305,16.6204,31.6170,46.5956,47.4199,50.6550,61.7273
53645.3000,48897.9000,26302.7000,27919.6000,43360.5000,36513.6000,26211.8000,22410.8000,21765.7000,17432.2000,13672.6000,10691.7000,9416.1200,8893.9600,7231.3300,6499.0200,6659.6800,4942.9200,3722.5200,3757.4600,3380.2100,2755.3300,2231.2100,2026.3000,1642.0800,1543.0100,1370.7200,1060.8600,997.7400,863.8950,643.4810,568.3330,463.8530,368.6790,405.6780,443.5820,449.4190,517.8850,646.5380,768.3240,731.5450,533.0190,309.7590,245.9470,451.1960,561.0110,589.3290,509.2540,340.2420,276.6990,332.9690,333.4810,304.0880,278.6270,247.0840,189.0740,143.7790,97.4956,86.0204,125.8190,151.2700,131.1080,88.3627,69.3089,65.7582,57.5535,105.1250,158.6630,172.1570,170.6090,157.0930,197.6890,261.2280,171.9520,185.1940,109.3710,186.4010,193.6110,222.3430,188.7060,156.1730,43.6568,44.7401,95.8977,140.4940,199.1020,216.5730,195.2590,159.8070,122.4560,78.3137,34.6586,11.2349,33.6568,44.6272,51.3185,56.3164,62.5752,56.9657,48.8221,65.2865,76.7792,83.1921,104.8140,127.2630,153.0160,160.9950,154.9120,189.2050,199.5990,160.9190,148.8650,194.0860,235.5990,259.1530,244.9660,196.3330,120.0900,117.8890,88.8090,114.4530,131.4400,136.9470,164.3220,173.7040,150.6510,128.2430,102.5190,77.4268,45.1058,86.8344,140.7580,186.8890,234.7520,235.3620,179.6030,120.9210,63.1378,74.1112,127.4730,152.4180,156.4980,125.4130,126.6510,137.5520,151.4120,206.7290,272.7850,277.2490,239.2620,187.0940,142.1790,80.8487,98.6516,159.4920,199.3570,172.3450,152.6330,153.0810,168.0160,202.3470,228.6040,194.0100,155.2730,105.8880,119.2820,173.5020,228.6880,231.0250,205.8070,195.1280,173.7160,149.6110,125.3200,135.0030,151.2950,135.5250,92.9430,61.4657,27.9118,19.4883,23.5385,75.3526,92.7300,141.4860,125.6090,96.1387,80.2752,49.7417,38.9186,48.8352,52.8239,57.7197,73.7936,102.7920,146.8760,176.4070,203.7150,187.8160,145.0880,116.5610,110.6470,134.5850,150.8670,153.7080,133.8480,119.8490,123.0520,83.4666,43.7987,48.0549,66.3901,75.0614,69.8166,63.5186,62.8516,85.4590,104.0130,110.5910,111.9670,113.1880,119.5930,63.7810,51.7759,18.2881,37.8196,33.1457,33.3751,29.4571,18.1377,20.5930,29.4493,25.9799,32.1976,58.4366,65.7138,37.8474,23.0245,59.9485,79.3285,84.6757,75.7844,31.5983,55.7349,45.4346,52.5471,27.2047,35.7130,42.2266,53.4218,53.9956,46.0927,34.2225,68.8740,74.5175,85.5357,92.0879,108.9980,126.8110,112.8430,81.0479,51.5295,50.8597,68.6847,71.4297,48.4786,14.1068,29.9140,59.5143,76.3294,51.7611,30.3353,17.2951,14.9128,25.7925,36.5773,26.7614,27.0843,58.7944,68.9689,60.6660,52.4157,56.5872,69.1023,64.2905,54.4075,48.9997,36.6193,22.2758,31.3484,32.5594,23.9257,12.8321,21.1023,23.0899,29.4940,39.4380,45.4731,41.0756,39.1389
53013.9000,48653.1000,25836.6000,27088.2000,42482.5000,35748.7000,25652.2000,22039.7000,21388.5000,17181.3000,13511.4000,10524.3000,9190.1300,8721.6200,7033.6600,6317.7400,6581.2500,4832.9300,3617.4900,3729.7700,3338.2600,2737.1200,2201.0500,2049.6200,1687.2000,1575.5900,1412.7600,1117.3700,1062.9700,942.7710,717.3990,621.7980,521.0880,417.9460,448.9700,506.7490,530.5940,625.1410,845.8230,1019.2000,994.1870,760.4580,473.1750,290.1860,428.3760,587.7580,637.0150,569.0860,378.7010,341.8330,414.3890,399.9900,340.7380,288.3330,239.4120,144.3690,81.7819,53.5802,56.7373,86.4778,114.7380,120.9000,89.6193,52.6275,37.6557,31.0540,88.0201,167.9080,178.5060,173.9480,151.1000,188.4220,236.2040,157.0830,167.2500,117.3650,197.9310,219.5020,225.7020,194.5550,156.4600,64.7859,56.2391,92.8803,135.2860,178.5030,211.9530,190.9300,143.4540,107.2860,72.0324,29.9552,31.4948,61.3624,72.1334,59.1763,50.1214,68.8909,72.0719,58.5709,58.6357,70.1838,94.6949,116.9330,136.9640,151.4580,151.0880,152.8550,190.5250,202.0110,169.5520,163.7640,207.0320,249.4700,270.0380,254.2280,211.1220,126.5400,108.9650,72.9673,106.3400,129.3770,146.7010,171.4810,175.4650,149.8320,129.8900,99.8198,81.7364,44.6602,79.2053,135.3820,185.1360,240.7840,241.6050,183.8400,123.9020,62.5840,78.6663,138.3380,164.1220,163.2050,141.7890,118.6020,106.4840,143.8570,212.7020,268.9700,267.3560,240.1330,196.6170,148.4440,74.7560,91.6994,156.2810,199.9470,188.9780,171.7280,176.8300,196.5970,240.2000,246.9580,205.3840,167.8550,123.9460,123.1540,166.3290,213.3530,223.9720,210.3380,203.5200,184.2550,154.0990,119.7200,121.8150,149.4030,136.6040,86.3315,52.2770,8.7232,5.8770,30.4274,71.0824,91.3845,130.0230,109.2670,89.4201,76.8558,60.7737,47.3383,43.9839,48.7582,52.5099,59.9332,91.1453,138.9210,173.4010,203.0480,189.4990,138.8130,107.4260,106.8270,107.6290,122.7050,138.7580,138.8670,110.7030,117.2460,106.8390,46.9077,33.7323,66.7584,62.6448,63.1124,74.3644,78.3143,66.4404,79.3926,108.1400,116.4640,125.7700,123.4630,58.4027,35.8897,15.3198,27.7990,34.5552,38.4829,38.7786,32.0346,24.4349,24.8745,24.5247,26.0643,50.4190,75.1265,46.9210,26.1760,53.3036,62.8228,63.8305,52.7393,29.6122,54.7238,51.6184,59.7885,40.5841,20.7572,27.2323,40.9661,44.2147,31.1780,32.4166,46.8073,65.2664,86.9212,108.6230,110.6680,118.1070,119.3540,83.6425,41.8705,63.4812,85.2582,89.2509,55.2522,23.5962,40.4414,63.3912,63.8276,58.3707,45.6159,35.0116,24.4591,18.3290,25.1481,24.5283,24.8420,33.3916,43.2999,43.2158,39.5246,37.2306,47.6778,60.3866,47.4394,34.7861,37.5650,46.6665,49.4538,35.0054,21.2841,29.8384,30.3987,25.3422,38.6107,54.4681,58.3544,55.6752,52.4338
53586.0000,48799.6000,25906.0000,27152.5000,42480.4000,36066.5000,26206.2000,22402.2000,21727.4000,17599.3000,13811.9000,10702.1000,9402.6300,8839.0400,7100.2800,6462.4500,6659.8600,4865.9900,3689.2800,3782.5800,3343.4900,2778.0300,2205.3100,2036.7800,1691.1300,1552.3900,1387.4500,1128.8100,1046.9800,887.1900,683.9760,567.4240,485.2550,409.5600,442.1780,491.9070,531.9060,624.1160,808.8810,950.8820,929.9110,720.4190,448.2810,297.6250,463.3710,612.8280,593.2040,520.2090,338.9860,303.9340,357.2200,339.1110,269.4600,215.9560,185.6420,131.1160,111.9410,91.3432,66.0494,80.4388,121.7720,131.6890,94.0897,47.3016,37.7438,39.0017,87.7541,150.7880,165.1680,167.1860,146.6510,184.5090,235.8620,157.1200,163.8490,99.4173,186.0230,184.6150,213.7360,199.8500,181.3420,77.7509,61.0110,88.2400,126.7550,170.4920,204.4890,192.0510,148.2140,104.7100,53.7524,8.0165,36.7296,50.1783,50.1786,44.0537,47.0621,61.9412,59.2348,43.2959,45.1212,60.0497,100.1190,125.8680,147.2770,163.3390,173.7480,164.7240,188.4930,203.0220,178.0510,178.7590,212.8280,254.1610,274.1440,267.3620,218.7100,132.6630,109.9540,75.0012,110.5850,124.1400,129.9320,160.7760,159.6080,132.0900,112.0970,90.3007,69.2797,34.5452,75.4752,140.3150,205.2800,253.7780,231.9420,175.4210,113.4780,65.1880,90.1907,150.1650,177.0600,180.4070,154.6380,129.4200,119.8820,134.3920,190.2060,255.7480,260.5020,227.9690,175.3990,143.7040,100.4610,112.7030,171.3310,218.5210,214.4810,187.5630,183.2760,194.4530,234.1250,233.8770,187.1480,152.5690,110.9010,115.9800,161.7550,210.9540,221.2300,201.9340,196.0170,181.8810,156.6080,133.7530,124.9540,125.3240,109.4560,75.2446,52.6085,13.7949,22.5062,37.1620,69.4710,90.4927,131.2190,116.7000,92.7369,83.5294,60.0303,42.7764,53.3097,59.5787,63.6205,77.9100,92.2859,131.4120,172.3360,215.8070,198.6820,145.5920,116.5580,106.0020,117.7190,139.3290,150.2270,141.9070,126.1810,113.5800,94.1871,73.3451,67.6873,79.4368,91.8013,94.3989,86.9778,82.6867,94.0290,101.2830,101.6420,114.6240,125.3310,136.4610,72.6333,38.3884,10.1616,30.7913,27.0008,20.9873,18.2300,30.7096,40.5279,40.6219,23.3835,24.2363,53.6357,79.1110,58.2512,39.1068,62.0194,76.9806,87.6704,75.8719,33.3715,61.3000,48.5889,61.3145,27.8025,39.1108,44.9731,57.3045,56.8948,36.8711,24.1414,46.5228,74.2810,92.8068,108.6810,100.3690,107.3800,98.2050,67.2857,47.6706,66.8074,76.4324,67.9245,32.4863,18.5592,46.6557,74.9887,86.7176,68.3602,44.8831,23.2191,2.8167,9.3540,8.9615,9.0787,12.6716,24.4751,32.2905,41.4057,50.7432,54.4829,49.9378,50.4043,53.5296,35.1892,29.5734,37.3170,41.7277,41.2202,36.3730,24.3683,15.1447,15.4230,21.1404,37.7571,51.2021,41.8256,17.4272
53773.6000,49021.7000,26269.3000,27775.3000,43269.2000,36522.0000,26171.0000,22250.2000,21631.7000,17351.5000,13618.7000,10623.4000,9360.7100,8828.0600,7129.3900,6443.5700,6644.2700,4909.9100,3678.9900,3713.6700,3340.5900,2709.2100,2204.1000,2021.8900,1630.5400,1513.4200,1347.6400,1059.5800,981.2460,828.1010,617.5630,531.8700,420.9170,320.0910,369.0820,427.5060,455.1470,568.6670,723.4940,852.3030,846.8490,652.8850,407.1940,278.7970,448.5990,595.8410,559.6800,474.9310,282.3060,235.5550,284.8890,269.8350,210.0100,166.5390,154.9950,113.6090,119.2220,96.3602,74.5953,89.7595,110.7910,109.6190,74.8122,46.9703,60.8982,62.5242,114.6130,193.3430,206.6460,201.4000,164.7480,200.5490,248.9770,163.6140,150.5050,91.9341,184.8480,206.0610,217.8640,188.5800,167.0120,61.3040,57.3490,87.4010,122.6970,168.0340,207.0760,186.7980,139.7880,97.3141,56.5354,19.3589,63.6133,74.1838,75.6627,64.5166,61.7965,62.6380,52.1867,53.2931,61.6982,92.3426,103.8910,123.6870,145.9600,170.0580,156.3740,149.3400,207.6390,229.7580,185.4170,165.3850,211.3170,260.7310,281.8730,278.2130,230.2810,131.4130,105.6280,62.9794,93.7568,117.2560,128.2300,142.8200,150.6210,138.8740,127.0690,97.3568,66.9814,36.2016,64.7930,126.2340,188.4230,234.8380,221.8530,176.4530,118.2200,66.7501,88.3959,153.2390,176.7090,171.9850,141.4040,148.7270,151.0600,144.8400,201.9530,274.6350,263.4320,232.0880,187.8530,158.7230,90.2191,98.3012,168.1590,216.0510,197.6310,182.4360,186.6950,202.7240,236.7660,238.0240,191.2130,148.3960,117.1690,139.8280,188.3570,230.4980,239.9280,215.0410,194.1270,173.4950,154.3180,134.2260,118.7090,122.6270,112.4790,79.3030,50.9519,23.5429,6.8822,21.2033,55.0087,77.6672,123.4480,116.6340,99.0959,83.6596,60.6608,58.1330,60.7283,54.4259,66.4488,93.6543,119.3390,154.2610,191.5170,223.9790,218.5670,182.3060,138.6450,111.1250,109.2420,130.5340,147.5170,149.1020,133.6340,111.3970,95.2637,63.3067,48.6500,69.7508,83.1630,79.3394,81.6291,86.5621,97.4396,94.5029,96.5159,107.4450,112.6960,122.9750,62.8233,53.7336,15.8541,23.1946,12.9381,10.7977,15.3233,21.3925,23.5068,22.0660,25.3635,38.0791,55.2276,54.1644,34.1660,28.3005,57.1396,69.8913,76.4684,67.0096,33.3260,58.7125,55.6894,59.7362,36.3479,33.4653,35.0018,51.4056,50.8517,38.3761,38.5448,57.2002,83.0304,103.7780,123.5800,122.7420,124.7010,105.0920,69.3090,56.1326,67.7909,78.5318,74.4705,51.5772,17.0472,39.9197,69.2541,75.0321,58.1644,40.8610,29.7941,31.6481,28.3779,42.0242,26.8684,25.5792,47.1389,50.1809,51.0009,55.5811,61.0559,63.0587,64.5195,58.4480,45.8598,49.3938,61.4140,53.8705,40.5472,43.2140,46.2641,36.0572,17.1062,34.0382,48.2566,51.9255,58.1306,42.6097
53153.9000,48806.8000,25944.1000,27197.8000,42647.6000,35867.0000,25616.0000,21900.0000,21258.5000,17075.3000,13439.4000,10520.9000,9218.7800,8761.6100,7086.8900,6363.5900,6620.3600,4874.2100,3643.8900,3735.0400,3349.8900,2737.5500,2202.9200,2024.8300,1658.8000,1557.6100,1403.4800,1110.4000,1028.2000,876.0780,637.9570,535.1050,402.5890,287.9160,301.9500,356.4330,419.6200,566.4550,701.6350,858.1550,871.6660,686.1420,424.5140,241.7050,385.0800,568.6500,544.9630,469.9860,278.9060,206.1960,280.6600,313.7850,254.7530,211.1290,181.8650,135.0380,108.7990,80.4205,47.0538,58.7787,79.1111,98.6135,79.9898,47.8326,10.5414,34.9190,110.6170,181.6080,179.2960,166.5350,156.7880,216.7280,263.6080,172.9740,135.6390,66.4021,141.8760,170.4560,203.6950,178.4640,178.2300,76.3891,64.2125,77.9172,112.4150,149.6430,185.2660,164.3750,124.7970,94.6940,78.8539,44.9397,89.5792,86.1792,75.2936,61.2708,53.8732,48.7338,33.7415,38.9383,46.1765,82.6519,116.5970,131.4350,148.5480,159.7230,172.0350,172.8350,188.6050,190.8830,166.9850,169.9540,213.5730,256.8730,271.2360,265.6810,233.3700,140.2930,119.5790,68.7101,105.7380,110.9170,116.6870,146.3490,150.2630,128.1970,114.8640,101.9640,85.6943,38.6989,72.2684,137.8550,189.3920,231.2720,233.6480,176.5370,111.1480,65.6038,86.1067,138.6390,160.7620,179.5740,152.1410,145.2360,145.3330,152.3590,200.1380,260.0400,270.0000,240.8790,193.8860,142.8710,79.6215,98.2143,162.5800,205.2060,181.8880,165.1560,169.7520,188.2650,225.8780,236.4790,193.5670,153.2750,116.3190,137.6520,188.2780,227.4040,229.4980,212.2550,211.2600,194.6480,168.0500,120.5070,117.5030,140.7100,108.2160,65.9444,35.6006,21.8855,17.4144,26.1845,62.2393,90.3106,148.5760,129.7850,104.0350,71.9433,46.1655,52.3370,61.1322,56.1377,41.1975,57.7523,107.3220,150.8980,184.5950,215.4270,203.6480,146.4480,114.5390,113.0310,124.2840,143.3290,156.8020,151.4600,135.8830,134.1830,112.6610,67.6741,63.0760,94.2262,105.3260,102.4100,90.4788,90.7602,104.0000,110.3960,101.6620,103.0500,101.2740,111.6890,58.2612,47.3390,14.7606,25.1427,17.2668,24.0993,29.0407,30.2792,31.3690,29.5076,31.6762,45.6268,64.7782,81.5222,67.1311,42.0324,49.0435,64.9660,74.7063,59.3710,21.8042,41.2112,48.6137,56.0896,47.4136,35.0206,46.5960,62.8936,62.3185,54.8998,36.3823,60.1275,69.4327,84.6567,99.0655,103.7440,112.8970,105.5730,78.3050,58.7088,56.0968,61.6155,54.9586,22.9687,28.2248,57.4592,80.8538,81.4378,60.7276,43.9949,30.7839,25.5161,13.6361,31.9425,21.0078,11.4299,22.9118,31.7851,33.1213,41.1903,48.0785,55.9279,49.6907,40.5351,47.6832,50.6552,43.8108,35.5297,30.0246,26.5063,22.8420,11.5804,12.9728,23.8553,35.9927,46.8574,48.9354,25.1062
53404.6000,48763.0000,25780.7000,26876.0000,42230.9000,35827.4000,25891.0000,22071.1000,21405.1000,17298.1000,13586.9000,10562.9000,9274.5900,8754.2100,7034.4800,6351.9200,6569.4000,4808.6600,3604.1400,3695.0100,3290.1200,2718.3800,2155.7900,2003.6600,1679.3300,1556.9000,1399.0800,1124.8800,1038.8500,881.5670,649.1940,517.1520,401.1870,292.0150,329.1810,367.6210,424.6550,599.0390,779.0990,935.2690,941.6950,749.0330,459.4740,274.9340,432.6310,664.2280,630.3560,518.6020,322.4390,264.1210,310.2670,308.5140,247.8120,164.6430,149.6360,111.4640,169.5410,156.1300,112.5720,134.2170,167.5880,155.4270,121.1700,65.5482,19.3207,18.4888,84.1708,161.6180,173.7250,167.4640,134.8400,182.1830,255.5190,167.1950,135.1240,67.7149,140.9130,178.5060,210.7550,178.2570,168.9870,66.2670,77.5285,103.4620,142.8530,179.1220,202.3290,163.0490,113.5740,72.7777,47.5738,41.2617,90.3233,105.0750,92.9768,66.7436,37.5132,47.8839,44.4926,32.7388,32.6942,62.0196,91.8321,108.7780,131.9460,157.9760,177.4280,167.2180,187.2470,206.1710,183.9070,170.7300,207.2310,258.8210,284.4960,280.9800,239.1610,141.4280,99.0325,43.5169,77.1798,93.5009,111.5550,132.1990,132.2450,110.0350,91.2239,79.5396,67.5857,42.8313,89.1817,155.5810,213.7970,249.5790,248.0590,189.8620,119.6530,64.1634,89.9931,149.5450,171.6010,187.4280,154.4860,138.9480,142.9540,153.8250,204.8220,270.2320,276.7380,245.3660,194.6800,154.8000,94.9468,99.9731,146.0610,177.1600,160.6040,150.3950,157.7510,176.8300,220.9350,229.7610,183.3030,144.2690,99.7602,125.8470,184.8880,221.4800,202.0470,186.2080,193.6470,177.9850,156.4400,137.3350,140.6850,132.9550,113.8290,84.9047,56.5239,28.7772,14.6097,19.8178,65.9044,103.3680,152.1260,120.1570,103.6490,82.5554,74.1653,65.2184,59.4562,59.5674,53.7613,58.4610,90.6635,141.8520,181.9180,221.4920,223.6540,175.0770,133.0370,131.9660,143.9020,145.7790,157.5370,147.6910,127.8340,122.0000,113.2630,79.2228,65.4957,79.7649,100.0180,107.1180,109.1790,94.8347,79.9243,92.4096,99.3667,107.6460,108.6030,126.7180,63.6086,54.0758,23.7887,34.6928,31.6289,39.1233,32.8959,30.0717,35.4655,37.9679,38.0175,55.3080,86.8572,95.1012,64.9490,42.6517,66.5402,79.4941,86.3062,58.6114,23.5528,45.9671,58.0341,72.1668,63.4321,15.8944,26.7256,54.8389,56.4833,36.6274,34.4160,54.6433,81.6659,99.2458,116.2070,124.6540,136.5670,111.4350,76.2241,57.2312,71.7367,78.8105,75.8557,35.4618,33.7995,53.4691,80.5865,69.8144,53.0841,37.5897,25.9987,9.1888,18.2192,16.4738,15.1062,7.7260,16.9216,53.4659,62.9604,57.0946,49.2394,53.4874,65.9076,59.3954,47.5319,46.5440,39.8623,34.5347,39.8563,39.5007,31.5732,21.5651,9.0784,26.2880,43.6253,55.5740,51.6365,43.8498
53782.8000,49020.4000,26273.4000,27722.6000,43172.1000,36503.0000,26209.7000,22265.6000,21647.0000,17431.1000,13672.2000,10618.4000,9361.7800,8839.1000,7121.6000,6436.0800,6647.0000,4907.3800,3663.3800,3692.4900,3320.9300,2698.1300,2176.7400,1962.4400,1573.2300,1453.4000,1275.4900,986.2360,910.0170,752.4890,516.6270,378.4330,223.2330,128.6680,214.9950,264.7980,377.8220,604.4770,769.7640,823.7050,807.1850,631.3320,387.5710,272.8940,479.0760,707.6890,607.8190,422.0840,233.1250,232.3830,278.0170,267.4390,184.0990,80.6882,98.1165,146.9180,224.9950,209.9630,153.4010,145.2470,169.5830,154.9770,109.5540,40.8183,34.5223,53.7192,121.4120,183.7850,191.9960,183.1050,176.6640,212.0570,248.1490,167.4490,93.2184,40.6627,116.6250,154.7780,196.1680,174.5590,170.1790,66.2826,86.6915,108.1280,145.0900,178.3260,200.9350,166.9920,116.1430,82.2006,63.4260,68.7537,113.2760,135.7530,122.8960,101.3890,57.9115,41.8861,51.2027,58.9580,46.5320,43.1346,75.4202,102.7330,136.7440,172.5800,191.5240,171.5260,177.0900,185.1040,171.1180,172.2690,206.7270,246.7910,252.2680,248.0450,231.1590,133.3050,113.1050,65.1132,105.6820,115.5460,133.8590,146.6870,147.7530,125.4190,103.2600,76.0150,65.2683,43.9748,67.6367,132.7970,198.0860,252.7640,252.5760,192.6430,129.7880,58.0129,65.8452,132.0270,155.8070,155.6900,122.9750,118.7820,107.7570,122.8130,206.7360,268.1910,257.5460,229.1630,178.0990,130.5500,78.4993,111.1180,164.9000,195.1510,177.7600,159.7190,164.1260,177.4900,209.6320,206.7780,169.1740,132.8450,94.8492,109.3290,154.0490,196.1400,202.9700,195.1550,191.2640,171.0330,157.8490,128.8620,124.3380,136.4340,129.4680,102.0030,75.3287,49.0638,24.6193,16.4673,43.2801,83.9395,122.7000,113.4490,103.5970,86.5197,79.1994,82.1189,72.6327,60.4347,65.4072,77.2722,105.0360,151.8050,193.6870,227.4070,209.9200,172.7230,154.8520,146.2360,147.2590,156.6220,172.3110,169.5210,138.4060,120.6230,117.5840,89.1198,81.3735,96.9899,96.2614,90.7190,80.1934,82.5944,106.0310,109.0970,97.2136,113.7150,113.5570,123.8590,56.1120,37.6108,21.5492,31.5116,28.7099,41.1807,41.6861,33.5483,20.5885,27.7116,40.9533,49.8422,68.5489,84.3684,64.4599,45.1725,62.8510,71.9341,72.8326,41.5893,20.2375,46.4935,61.6430,75.9655,54.8939,15.1365,23.4397,40.8813,38.6832,30.1320,18.7598,43.3086,65.9658,92.9822,116.5570,121.6300,115.3920,97.7598,69.7748,52.3312,63.2129,73.3858,66.6950,38.8462,16.5855,49.0259,86.9499,102.1580,72.8130,60.8743,43.7909,34.3581,12.0738,11.2086,5.9424,12.5983,25.9786,41.3214,46.5874,46.0915,42.9012,43.2625,50.9386,55.0966,39.8529,29.3328,30.5664,27.7630,22.5881,14.9944,6.0395,16.0849,32.0470,50.0509,59.7291,63.9271,56.8121,48.3284
53133.4000,48802.5000,26119.8000,27486.7000,42853.9000,35987.0000,25772.9000,22085.6000,21405.6000,17146.2000,13484.9000,10546.4000,9217.9900,8750.3100,7096.1700,6371.2400,6610.2600,4863.5800,3608.3700,3675.7600,3297.9800,2699.6700,2168.1300,1975.0200,1596.8100,1479.8600,1284.7400,981.5050,906.2570,730.7310,494.1010,349.8680,183.6320,66.2564,180.3070,237.3260,365.5200,601.8930,754.4870,794.6740,761.9800,603.2350,377.0890,304.0780,504.2220,715.6120,598.3290,385.1530,214.4340,240.0060,278.0920,280.5420,220.5540,101.3250,92.8906,140.9810,212.8470,205.5630,168.5810,171.0740,192.3960,174.4800,131.9540,63.2922,26.2914,44.2049,91.4802,168.4430,178.6400,168.1710,150.7120,201.3390,250.0760,167.4340,94.9352,39.7579,116.0460,156.7850,180.2540,161.0180,154.5180,55.2166,86.0677,95.2016,127.7830,156.6970,181.0170,154.3340,108.8180,79.3671,81.5465,73.8583,129.9900,138.6930,111.1350,83.4406,54.3310,45.7053,49.7424,57.8060,42.7559,40.6703,69.0760,103.1510,138.5440,174.8230,184.1610,176.9370,197.5770,200.3220,180.6190,179.6500,211.8150,254.1800,270.9330,273.0930,238.0510,148.7410,93.7999,46.7161,91.1268,104.2770,114.3830,149.3320,152.9820,132.5290,104.8320,81.9620,62.7234,22.5141,62.4745,116.0190,162.7280,208.8770,220.6640,171.4210,116.6470,42.8997,59.1424,118.0260,136.8960,143.8560,115.6140,112.2360,120.6060,138.5780,193.1870,253.6260,270.7540,247.4860,203.4440,146.0140,81.9753,89.1652,132.8200,170.6160,150.1350,134.8710,151.4560,171.8930,209.8070,206.7160,169.7040,135.7460,100.1130,114.4490,160.1120,194.7620,202.9140,206.6380,211.4290,198.0230,174.8420,131.9690,120.5660,135.5030,117.6060,81.0923,53.4588,37.9505,31.8050,25.5121,58.5413,113.0210,146.8990,121.7720,104.6820,83.8881,78.9704,85.7346,83.5125,65.9116,56.7722,60.7637,88.2284,142.9210,187.2640,229.2560,218.3920,174.7380,143.8060,126.7230,135.1170,155.8640,166.1290,149.9660,131.2900,132.5810,113.6850,72.9522,59.5167,80.7792,104.1460,105.6260,94.7710,83.5848,90.0952,100.6620,106.2960,116.6020,112.7810,112.3960,49.6407,21.9568,24.0464,31.1445,37.2711,45.4817,42.7421,41.8977,50.0426,53.0719,49.5580,57.2301,85.4438,102.3290,78.3884,60.6936,71.3227,80.8284,84.7681,65.6539,18.9032,37.2106,42.9324,51.8259,36.7138,20.4736,25.5688,41.4369,40.0045,30.2046,27.5649,52.6609,68.9434,89.1893,109.0460,119.3220,124.5070,112.1260,82.8508,57.3969,62.1799,72.1773,66.7767,16.0464,39.5258,56.3245,73.3468,80.7229,67.0422,38.1282,16.5137,9.0918,7.1525,16.9302,23.2983,16.0524,26.7916,46.1499,43.1784,40.7614,52.6546,72.7499,88.2164,59.1354,29.6292,16.5374,23.2284,38.7062,33.8612,21.6939,10.7812,17.7768,18.5223,37.3133,53.4447,62.0193,47.9544,30.4794
53105.4000,48607.5000,25749.8000,26819.9000,42093.5000,35647.6000,25723.2000,21979.6000,21315.5000,17267.7000,13559.4000,10533.7000,9244.4700,8747.2600,7021.8000,6328.7000,6568.3300,4795.8100,3586.8000,3696.3800,3285.8800,2706.5900,2144.0400,1995.7900,1657.6200,1519.9900,1338.4500,1071.7300,989.7710,816.5240,589.5780,472.7390,337.1760,212.5940,231.1420,246.9210,300.1130,465.0740,639.9540,724.5840,705.6080,541.5760,323.0210,253.5160,453.5500,652.4320,571.6500,439.8910,246.3250,212.6740,287.0370,295.3290,234.6520,133.7280,90.2567,98.2999,190.8420,182.0670,144.8130,143.1180,167.5040,167.5430,135.8010,71.4536,18.2031,22.1001,87.7266,161.3730,172.2170,167.0450,152.6680,196.5340,250.9920,179.2140,111.4850,49.5690,101.7310,139.0040,167.6540,141.3230,131.6250,55.5787,63.1164,99.9844,137.4390,169.2960,187.4780,156.4030,114.7900,84.6309,81.5564,64.8339,124.6080,129.8980,98.7978,74.0880,39.5892,37.9433,47.8008,40.8462,26.6658,30.7395,60.1544,97.6778,134.0050,184.5310,196.4760,171.9310,195.7070,208.1660,192.7080,185.4500,201.3850,250.1080,266.7470,276.3640,255.2750,168.1020,125.7090,61.5705,82.0536,90.6724,95.0710,125.2770,136.1720,119.1580,98.2798,80.3445,75.9261,28.6436,60.5443,121.5620,175.0180,208.5480,218.9840,176.7740,119.6800,39.6113,83.3521,140.5840,154.3360,163.1550,149.9720,133.3410,105.9560,127.8960,194.7700,253.5320,258.1850,221.1220,167.3870,135.3380,96.8737,112.2470,171.4080,210.7170,182.2260,159.6800,167.1170,180.1480,211.3070,217.0060,184.4950,149.9330,111.0930,120.8990,171.3030,209.3650,196.7830,192.1630,203.2490,186.8490,155.1420,119.1760,125.0230,136.3330,118.2070,85.8094,58.5360,25.9440,6.1359,28.3319,63.2277,103.2590,151.8420,134.9800,123.6670,105.7090,80.2048,73.5623,77.3778,61.3860,50.0725,63.4207,95.4721,136.6430,177.4760,218.8410,217.3940,165.2660,135.9910,130.8760,135.5510,144.5600,156.1120,147.8300,129.1760,119.4050,96.7062,68.4773,72.5378,90.1496,103.2510,105.7730,102.4490,98.7560,97.2036,96.7667,95.2380,117.5740,121.1150,148.0680,67.3288,62.3836,23.0114,17.2139,9.2936,19.8096,28.1202,27.9324,27.1886,26.2007,31.1175,44.1615,68.3617,75.9662,53.7081,39.4867,49.7319,60.1524,69.5280,72.0061,48.8271,84.5841,76.5281,74.5781,45.2013,36.1285,44.1560,60.7260,42.6556,36.8245,28.4290,56.7703,71.3802,92.8424,116.6340,125.7340,120.6500,107.8300,83.6665,72.0515,74.2964,76.5813,60.2563,19.8422,22.9492,49.0160,70.2852,75.6600,71.2141,54.8196,34.4176,12.8156,20.2644,18.6971,10.2051,8.7757,34.5165,63.0394,59.9897,50.2274,37.1624,48.6578,59.9952,53.8750,35.0032,25.2837,36.1102,33.0000,22.9326,32.9092,33.4985,25.3217,18.9231,31.4042,47.0231,57.2066,58.0784,50.0852
53607.9000,48813.3000,26154.5000,27628.1000,42993.2000,36349.7000,26164.4000,22308.2000,21692.6000,17506.0000,13697.3000,10580.7000,9351.8800,8853.4500,7128.4700,6424.4300,6624.4100,4892.7100,3677.5100,3722.9100,3344.3000,2749.1800,2224.8700,2035.1100,1668.0300,1569.4900,1412.5600,1124.6900,1033.2300,859.1660,641.6910,522.5120,367.7620,241.1230,242.8550,279.4960,322.3900,430.3290,516.4310,622.2860,603.3790,451.9220,251.4480,193.2350,418.5870,591.9840,523.7170,408.1530,204.1020,168.7050,230.6260,239.7770,192.1310,139.2980,167.8940,125.8520,145.6400,110.4530,94.3105,104.5200,112.7930,119.3460,92.6583,53.3853,11.8522,27.5014,114.3750,194.8910,194.4460,183.3590,163.3210,210.3730,263.9140,187.4540,132.6590,51.3230,123.1290,136.6110,173.8860,155.4720,141.1040,39.2327,48.7872,79.8707,113.9930,163.4810,181.5990,153.1310,113.6030,91.5425,65.7854,56.9137,91.2344,104.2310,82.5901,61.8851,32.0336,38.8006,49.1036,37.7230,30.7140,47.1279,84.5784,113.6150,143.3460,173.2890,175.9300,159.7980,186.2460,209.5340,193.5040,171.7220,187.3410,236.0790,257.1310,254.7740,232.6460,162.2300,135.9910,86.8733,83.6830,96.7129,105.0140,126.8010,123.4810,100.6850,86.1116,78.7168,73.9819,39.3875,50.4888,110.3470,170.0240,215.6460,218.8400,175.3470,120.2800,65.6635,65.6765,138.4190,164.1150,182.3770,159.4340,163.4840,147.5410,135.7900,171.0040,228.4340,253.6080,226.1990,178.6720,129.7010,82.9782,96.4625,147.9090,185.8580,162.4850,149.8430,163.0970,183.6620,219.2620,232.1320,199.2560,160.9070,120.4290,128.4580,176.1760,219.1950,229.7690,218.9150,198.5090,174.4910,159.0680,148.3130,133.6960,129.0070,116.6680,77.5625,48.3228,30.1950,18.0708,26.5101,64.0350,99.0890,139.4180,120.6140,108.6160,90.3016,74.9623,70.8632,58.7521,46.7556,44.7016,53.6069,85.3227,132.4230,169.1810,201.7100,192.1500,155.8880,126.7140,105.9400,102.3280,122.5840,132.7950,126.5070,121.9300,116.9300,91.9680,67.3794,69.5176,89.9504,107.8530,104.6910,91.8913,75.9241,91.2031,116.5420,109.9880,105.9780,101.9020,112.5170,64.2912,53.0497,26.5748,36.5825,22.1622,29.6258,52.7635,44.1542,34.5896,24.0732,38.5865,57.2375,83.6737,93.1425,57.3862,35.8193,66.1514,78.0044,85.7092,57.7676,32.0797,52.8762,61.3111,67.5464,49.0167,38.4444,39.0959,51.4437,57.1087,53.5521,32.8773,50.0510,66.8410,93.1973,123.9020,141.5110,140.8630,120.5010,88.4502,76.6274,89.1903,97.1106,77.7575,32.9923,14.4060,32.4449,55.3781,59.7010,48.9004,41.1662,46.6044,38.4865,51.3982,37.9514,23.6235,26.3478,32.4110,45.7744,52.7938,54.1491,49.9713,56.6507,69.4428,55.4648,36.0071,39.5813,35.3089,23.7355,29.0407,38.3109,39.6991,24.6750,13.5976,22.3910,31.1813,24.4763,16.9501,10.4337
53210.2000,48858.6000,26258.3000,27675.3000,43088.9000,36216.5000,25823.4000,22003.6000,21348.6000,17170.1000,13476.1000,10598.0000,9356.4300,8877.4000,7217.9900,6487.1100,6699.0600,4953.0800,3724.1500,3783.4100,3376.1300,2758.1100,2201.8200,2011.2800,1642.3400,1531.2700,1365.5500,1063.7300,976.1570,818.5790,581.1040,482.4250,376.4330,286.6070,319.8080,383.6110,441.2960,561.2330,684.8010,800.6850,794.1520,597.4100,347.0970,271.2820,509.9450,685.2370,627.6590,509.8080,289.1730,237.9030,300.9000,274.3060,195.6760,131.4770,140.8840,114.5330,163.1690,136.4710,98.1523,92.4629,117.3050,140.4760,101.7660,46.7681,45.5339,41.7936,107.3390,195.9880,196.3460,180.6590,178.8540,246.2560,300.1030,208.8370,143.0140,72.1414,139.4390,168.5150,184.8840,161.7590,150.5840,59.7158,58.7739,81.5597,118.0250,160.3210,185.1370,150.1710,110.3050,81.5500,69.4814,62.4913,115.8370,109.3990,104.0770,71.0821,36.8327,33.8739,27.6125,33.9164,45.0169,69.5178,98.1984,115.9140,141.9180,184.3750,193.2170,162.2820,177.3470,192.1600,176.4390,163.3480,183.6180,233.4550,258.3530,245.7970,206.1480,140.0050,134.9850,96.8148,104.0810,102.4350,102.4690,133.5020,130.6700,118.1290,104.4180,99.4921,83.4003,37.7781,54.5402,118.4220,184.7010,217.1980,215.3360,181.1050,130.3520,64.0386,66.3331,132.6300,157.1070,170.5330,153.3480,163.6080,155.3310,144.6660,186.0470,241.1320,243.5650,222.8810,187.1260,148.5970,81.6107,78.4702,141.0230,190.2210,178.0410,164.2470,160.1860,176.4720,205.9940,232.8050,191.3670,146.5000,112.6640,133.2930,171.3250,225.3420,249.6650,222.8020,201.2640,175.4230,161.2260,138.2690,137.7050,142.9960,121.6220,81.8679,49.7884,22.1638,15.2038,29.6218,66.4899,109.2090,147.0670,125.5200,116.1010,106.5940,83.3721,60.5491,50.6622,34.1218,35.8702,60.0879,79.6567,129.9050,167.5490,206.0100,190.8990,155.7280,127.8140,108.5090,105.0060,113.3280,123.2710,120.4820,121.1330,112.1290,85.9108,60.0756,60.4806,79.6998,100.4920,101.6330,99.7339,86.9487,86.0828,99.8483,108.1620,113.9720,105.4050,101.8000,38.9132,26.0169,21.2191,24.5790,31.2452,38.1448,33.4748,31.6411,33.4026,40.6807,45.8382,56.0236,73.1750,88.7917,62.2882,31.9493,51.4522,76.0715,85.7167,74.0870,33.5089,57.3071,48.4437,50.0277,21.3336,22.0566,42.1438,57.3721,56.0121,55.6297,45.4910,64.7571,74.8722,94.0161,116.8870,127.9950,122.6870,106.8810,82.4073,64.0100,61.9833,68.1118,62.2520,18.1094,28.2776,40.4069,53.9671,63.9582,69.9056,49.7395,45.1896,25.8349,31.0678,35.5838,16.6820,10.3630,35.8151,40.1444,38.9384,46.2522,52.4728,51.8021,49.1179,53.2930,31.4275,28.3593,47.9273,44.1219,44.8590,47.2390,45.3725,16.2642,7.5915,15.6785,29.7060,41.1291,27.3343,8.3458
52832.8000,48464.5000,25693.7000,26804.8000,42061.5000,35514.7000,25547.8000,21859.8000,21186.2000,17140.9000,13454.9000,10463.8000,9170.3800,8702.7900,7006.3800,6295.7300,6539.6000,4774.3200,3556.6500,3665.3700,3259.8900,2685.1200,2129.2700,1992.1000,1661.1300,1531.8500,1377.5400,1118.6500,1039.5100,882.8060,667.8300,546.7520,429.7740,310.3780,323.4090,369.4300,415.3060,565.8310,702.6230,855.9060,865.3470,691.4360,411.1750,256.8850,451.3210,682.0520,648.5780,532.2370,336.6780,270.7680,309.4110,299.1980,225.3720,134.1710,108.6780,96.1742,190.5260,178.9290,137.9820,131.2360,135.6400,131.2290,100.0220,42.3343,20.1328,34.1429,103.9210,186.8840,194.0920,181.7120,187.1430,244.5100,285.1490,192.3630,105.8580,46.2721,129.3360,175.1690,198.5990,169.7080,149.7410,42.0255,62.3725,80.9962,121.6340,159.6100,189.9620,154.8310,109.6880,87.8440,76.6392,77.0245,124.3320,126.1100,98.3893,76.7422,42.8995,43.0666,42.1639,28.3835,26.1994,46.6755,88.2669,124.3670,155.6760,193.4990,191.9700,172.0110,196.8680,198.0580,178.0210,178.4620,193.9570,232.3610,242.4080,255.2570,228.9820,145.9140,138.0810,95.2835,112.8780,121.2220,108.0350,119.6040,123.3050,112.2910,96.2027,83.7186,72.0734,48.6037,66.7893,123.0050,180.8820,232.2680,239.7090,185.9410,129.7230,62.9491,55.5807,119.0540,149.8840,170.4060,150.8990,144.0080,124.0960,106.8880,146.2730,215.4960,238.4470,210.4320,171.6460,128.4740,76.4797,67.5778,111.5530,155.1120,150.9940,142.8130,147.8630,168.9380,205.7080,215.7740,189.2510,158.4570,130.1270,123.3980,158.3020,210.2370,215.1030,197.7940,196.3820,179.0110,168.1650,141.5790,126.0330,133.0130,129.6060,92.3354,59.2566,20.3046,11.7422,18.9477,56.0442,92.3686,144.3650,127.4930,120.8840,112.1440,87.8104,61.5929,60.5512,57.4000,45.6467,53.4631,91.5967,144.3450,182.7940,219.5780,210.1260,169.1110,137.6290,112.2830,104.4790,129.9830,142.3680,141.5490,135.1510,126.6200,97.7885,79.0006,88.3645,101.6360,113.8220,108.5410,104.0110,102.0500,119.4660,117.6400,119.6790,142.1530,135.0660,131.7030,40.4922,33.5587,48.0628,38.2923,23.6340,38.3754,38.9724,35.1824,37.5829,41.1614,44.5683,57.9130,71.8035,68.9569,52.2907,46.6112,68.1849,75.9512,80.9885,69.5219,34.0229,68.1260,60.6693,59.8391,29.5824,22.8415,40.8409,58.0886,57.5509,50.2636,33.9250,65.8020,77.3223,96.5971,111.9650,121.1050,122.9040,111.0450,86.8564,71.9003,66.9265,68.2200,57.4992,14.3529,38.9990,61.6933,82.7629,78.2085,59.8072,44.0832,30.8632,17.6947,20.5016,16.7849,7.9061,9.5547,23.3255,34.3411,43.4572,45.9291,54.1023,58.2021,64.1480,60.0304,47.2087,41.1153,47.9603,45.9190,34.2593,24.6592,27.1104,24.6094,6.7165,35.3658,45.2551,47.7972,38.0532,33.0692
53394.8000,48628.8000,26089.0000,27525.7000,42754.3000,36186.6000,26188.4000,22350.2000,21664.3000,17530.8000,13713.3000,10633.3000,9379.3200,8842.8300,7155.3800,6484.6900,6660.6900,4900.1000,3682.8300,3740.8000,3340.1800,2764.8500,2201.7500,2008.5600,1639.9100,1495.9100,1307.7600,1030.3500,944.7650,766.4630,528.5730,411.1820,275.8730,146.2990,218.5280,277.6520,370.7930,591.1320,771.7060,847.4790,833.4880,638.5940,334.5690,209.9860,440.9510,698.8220,627.2810,449.4900,264.3590,229.2020,272.8840,272.4070,205.3500,109.0510,93.4019,124.8920,204.8140,202.0940,163.5070,154.6600,156.2740,152.1110,119.8330,58.3430,20.6916,36.0570,89.5799,168.0690,181.6050,173.5120,147.6270,194.0780,261.0760,163.6620,122.0160,65.5984,137.0640,159.4090,194.9620,168.1090,159.3280,63.7213,71.5542,94.7663,131.1730,165.7480,194.3080,160.1770,114.5370,86.4037,82.5211,74.2799,124.2510,145.8250,118.6510,94.7697,62.4407,51.8173,49.0559,53.5788,60.4508,49.7275,81.5549,94.5533,121.7790,155.7210,177.1440,168.4160,182.1900,186.2360,161.9720,143.2800,177.0840,219.9660,247.6100,244.8600,214.2760,140.9290,110.6940,68.3190,105.1940,112.7420,122.8250,138.1160,133.3110,113.6760,101.9830,80.1347,66.3594,29.5577,55.8947,115.9230,184.1670,228.3060,230.4530,180.8630,123.7150,40.8251,71.6623,134.5960,150.8100,157.0430,123.5870,109.8540,117.0110,133.8870,184.9310,250.8480,263.5870,229.1880,174.9470,134.2660,98.0267,114.2050,147.0020,177.6530,172.1430,155.4870,158.0510,176.3650,217.8930,231.6000,186.0640,146.3460,95.6024,107.1760,151.1450,188.7360,206.9490,201.1540,191.2380,173.5150,160.5770,139.4870,132.9250,141.8270,125.2860,90.3032,59.6544,42.4039,26.8677,39.7715,72.7361,121.9770,158.1200,139.3450,122.9810,106.0130,94.1309,85.2718,79.3708,86.6142,81.7675,73.4077,94.5605,137.9730,178.6390,213.8850,233.6200,198.7250,144.0660,110.3070,112.3370,150.2270,165.3580,158.1210,140.4800,136.1320,118.3650,89.5966,75.6470,86.0933,103.4460,103.0880,90.3627,83.9794,98.7617,105.7430,108.5250,113.5670,101.9010,92.5460,31.0878,38.5679,35.5948,41.7611,32.8202,47.5218,49.9086,45.9540,50.9828,59.8378,57.0047,46.2035,66.1262,79.6273,51.8741,40.2319,61.5216,65.8945,65.5529,54.3511,35.1181,80.8851,83.7557,82.4647,53.7972,14.7738,32.1173,59.4816,73.0846,48.7543,33.7213,46.0731,76.8998,103.4700,130.5330,132.0160,129.1110,113.2080,82.5653,74.4839,93.5640,103.1240,82.9510,20.2460,27.5521,53.7736,75.7968,87.6548,73.1822,49.7247,27.6963,9.9785,7.0710,6.5931,7.6601,11.6538,24.5934,45.5587,52.3495,47.0661,54.0696,64.0305,68.6444,46.7461,33.0724,33.8528,36.4390,45.1878,40.8116,27.8942,21.7234,19.2254,19.0917,39.9466,50.7112,52.4994,38.4411,25.3895
53139.4000,48686.2000,26229.4000,27891.5000,43234.9000,36235.7000,25947.8000,22254.2000,21560.9000,17310.2000,13534.7000,10583.8000,9319.1400,8813.2500,7163.7300,6458.2300,6685.7000,4950.8600,3678.5400,3710.5800,3326.8800,2726.6700,2164.2000,1958.8600,1597.8600,1470.0500,1290.7900,1000.0900,902.6020,715.0600,476.5790,354.8350,220.7460,141.0870,260.1730,324.8780,451.6460,686.9770,859.6010,918.5550,909.3500,719.1980,397.5230,262.4280,510.1380,779.3020,700.2020,500.4350,294.7450,277.7590,313.9170,306.6930,237.4200,137.0990,64.5089,138.4740,252.6140,247.6520,189.3410,174.4550,184.8300,173.7230,124.7530,62.1170,51.5933,46.4741,90.6452,176.1460,195.0200,189.0910,169.8150,199.3150,259.6740,196.5920,105.6680,40.0493,120.1050,152.4960,189.7750,170.2770,170.1200,75.7842,68.5855,86.6734,114.4590,142.0860,163.0760,147.1480,110.4840,106.2340,92.1460,87.4825,129.3440,151.2270,111.5460,80.3644,41.3877,45.4025,53.4103,53.6853,50.0217,41.8863,67.9969,91.9962,127.0430,167.8500,191.4730,168.4470,185.2660,200.1320,165.6950,148.2090,190.4410,231.1940,246.6350,241.2910,214.0310,129.4800,116.1790,75.2554,117.6720,115.0010,117.3100,151.5950,148.7550,120.5830,90.7368,82.6816,78.0903,26.7517,69.9464,127.4900,173.3120,217.4640,231.8210,176.1490,116.2500,44.6762,61.0557,123.6080,144.6150,157.8020,127.2960,108.9810,121.7900,153.7420,188.4130,238.4150,275.8190,255.9120,208.4060,160.4570,100.9350,98.9403,136.8870,177.1130,176.8880,164.3250,161.1510,178.3270,219.7040,225.6400,169.6590,129.5640,97.2111,118.7960,157.3890,182.2160,185.5480,192.8090,194.0640,177.2050,154.2410,132.4090,116.0860,114.2080,112.6770,79.6461,46.0169,25.9650,20.6124,41.2408,89.2592,119.0550,159.8320,126.9810,94.8784,82.6170,72.0992,78.2530,82.2585,51.2584,41.6029,69.8014,92.4734,143.4830,184.4150,232.6070,229.9650,174.8540,131.9290,115.8160,124.4380,148.0050,155.6250,142.1160,120.0630,119.9520,115.0510,83.0213,74.2918,87.6203,95.3334,92.5757,86.8946,80.5681,87.0731,104.1820,115.6180,113.2450,98.7976,92.3199,32.2877,46.0154,35.1611,40.0178,23.3413,34.2377,48.1985,44.3465,44.4922,49.7801,48.3116,40.1121,68.2579,100.0570,68.2500,49.4537,69.9668,75.4184,73.3784,56.6401,36.7618,68.3929,61.6392,51.1138,19.3944,23.3107,39.6218,47.8542,50.0779,39.8017,19.4091,41.5003,71.8773,99.5699,126.2940,130.4070,138.5210,128.8030,97.7101,70.2782,76.0713,89.2887,79.1649,39.0256,13.9959,31.6709,53.5968,81.3713,65.2051,39.0014,24.0673,12.6947,25.1211,27.4757,12.8806,11.6626,24.5088,45.8749,64.3324,65.4135,66.9291,65.5852,69.3058,58.4426,45.4657,49.9789,39.4470,29.5355,43.1588,43.5713,34.8548,12.7251,5.5298,26.7046,40.1052,47.7157,36.5036,15.5721
52617.6000,48360.6000,25731.6000,26957.6000,42166.4000,35481.8000,25491.0000,21856.0000,21164.3000,17111.6000,13420.2000,10418.5000,9125.7900,8691.2900,6990.3600,6249.9000,6527.6800,4778.3000,3547.2500,3659.2700,3252.5700,2687.2200,2133.3100,1992.2300,1652.4400,1511.3000,1360.0900,1097.4500,1015.9700,852.5180,615.2540,483.8480,356.9880,240.1860,304.9420,335.7170,375.1400,553.5850,781.5390,916.7570,934.1970,747.7860,429.9280,249.7020,442.6600,696.2240,637.9970,509.2320,317.7420,255.7870,303.3140,297.3790,218.0290,122.8840,80.6626,103.7170,205.0360,221.8820,182.5520,145.7980,132.1570,134.3690,104.0670,60.3874,52.0727,43.3312,73.5254,158.5970,172.7290,169.8740,149.9460,205.7380,268.4840,184.1900,144.9840,66.9365,118.6090,144.4950,172.8020,149.4690,147.0690,62.5555,62.1849,81.0846,116.7340,151.4730,188.5370,155.0500,110.3500,94.2849,95.0279,83.0157,127.8540,131.3200,103.2160,79.7350,55.0137,59.5613,71.3096,60.5120,50.1366,54.0802,80.8863,108.5290,134.8350,167.8270,185.3960,170.0640,186.3630,202.5850,180.1750,163.6530,183.8560,227.5740,254.0140,257.3790,225.9160,146.5250,124.2610,73.4508,95.5290,96.0551,99.9079,137.0050,140.1770,115.4270,78.1849,62.1672,62.3051,34.0237,70.0668,129.8660,189.1840,229.8320,221.7360,167.7370,109.8630,42.4998,65.9821,130.8790,151.9750,162.3970,141.7280,143.3000,133.6980,125.6760,201.1790,294.4290,287.3600,243.2540,196.2700,171.3370,111.4980,81.4244,121.6280,167.7640,155.7380,145.8740,154.1010,175.8770,214.2660,229.3580,191.4410,153.0060,115.4580,120.3150,155.3740,195.6110,206.9120,194.4810,192.9590,175.1200,158.1270,125.1810,120.3460,129.4630,107.1930,69.7558,40.7289,16.9934,8.4249,37.7054,84.4929,108.7760,146.5690,123.8980,102.9950,97.8210,93.9166,87.6522,68.4032,48.8642,53.7471,62.9155,89.6216,148.8050,187.6010,220.7000,200.5120,166.0910,132.1630,101.5020,105.9540,142.6660,152.5480,140.7990,129.7620,117.0080,92.2530,85.2661,90.9937,91.0635,92.2550,92.8393,93.7754,94.7033,93.7419,100.7720,113.5230,116.7420,109.7290,107.0970,57.6299,29.1608,14.8453,34.5002,27.4118,22.7421,26.9842,27.6115,23.4737,21.7036,39.7273,56.2377,64.0510,63.7422,57.0899,46.8337,67.8773,77.8284,75.4229,58.0648,24.8643,58.2163,62.0897,62.3174,28.8210,26.0416,42.9586,58.6067,66.5263,56.2514,46.8530,55.0129,68.8003,91.4725,118.7060,126.5450,116.6950,101.1280,77.5613,66.7852,66.3659,67.9905,69.9412,31.3902,45.4368,61.8585,84.0948,78.9504,73.7378,56.1114,42.7953,23.0685,9.7140,15.4077,9.0528,10.4983,31.7705,41.4351,54.2330,58.6370,57.9657,53.4759,46.1389,40.8943,52.0339,58.6796,43.9670,35.5304,31.8472,30.7154,30.2768,23.1301,9.5768,38.1261,46.3013,46.7695,36.1717,22.9167
53209.7000,48532.6000,25915.8000,27309.5000,42555.6000,36007.1000,26024.6000,22175.6000,21476.9000,17439.1000,13647.2000,10604.4000,9347.9500,8810.5400,7103.4200,6431.4800,6645.4600,4905.3700,3704.8300,3750.6900,3331.7100,2767.9500,2194.7800,2030.2900,1692.4400,1553.0000,1371.1700,1108.1700,1033.0500,846.7740,596.9070,479.7140,359.3470,242.7480,272.9310,283.2820,334.3800,525.4860,727.4390,844.2100,845.0480,672.8610,384.7820,227.7490,434.2280,703.9920,648.8990,534.4530,316.7200,237.8850,283.3740,281.0860,214.6320,132.6700,115.2210,99.8734,179.1300,171.2520,137.9770,134.6100,133.5960,125.1810,88.1057,46.0521,38.6429,36.9435,98.4001,174.5440,192.3150,191.7680,179.1730,216.6990,279.5280,213.2380,145.2060,67.9647,133.7620,156.7300,191.1550,171.7720,172.1460,55.5056,63.4364,62.7947,90.3540,133.8130,191.3060,170.1090,124.8760,108.4180,91.1779,71.2366,99.3895,111.7910,87.1509,73.3244,36.8715,28.8508,36.2263,47.7630,50.7179,66.9704,86.4781,105.4950,137.0040,173.5030,190.7680,165.6640,178.5170,185.6110,160.6790,145.7500,172.9800,214.4040,237.4810,245.0910,211.9840,130.0000,121.6260,78.8044,99.3264,109.8330,110.8830,126.7680,120.3470,106.5100,90.1970,91.9599,73.1847,49.1071,80.4494,138.1570,194.8480,229.4120,215.9610,168.9600,113.3130,45.0918,70.4755,139.7700,163.0230,174.7050,150.3420,145.5490,153.8690,155.7960,188.0350,266.8890,295.9350,256.4390,207.3390,163.9180,109.1590,89.3054,119.7580,160.0910,159.9170,153.3190,164.9770,183.7050,222.8470,220.0030,171.6820,130.7060,95.5690,109.2080,151.1710,190.2260,185.4990,186.0090,191.4130,170.1470,156.4450,133.6460,139.3670,130.2250,110.5910,86.4611,55.6008,23.5705,15.8069,34.2040,86.7224,118.7880,175.9200,142.7690,115.5160,99.0515,87.1372,71.2298,59.3715,46.8095,47.0411,64.4290,91.9660,141.8490,179.2450,214.6300,199.5420,163.1340,144.6980,122.3690,114.4940,143.6780,160.3330,159.4140,136.4200,121.6650,102.8460,69.7618,73.7491,95.6311,101.0430,97.5695,98.6281,91.2943,75.9849,85.9411,121.4770,132.8250,119.8670,114.1240,43.8061,29.8010,23.1152,20.9606,8.8762,17.3267,26.4642,20.8963,21.4817,27.1614,26.2499,33.1956,57.8121,73.2344,38.5761,31.2516,56.9190,60.6165,55.6326,52.9688,23.2642,67.0859,63.2143,66.2140,37.1417,15.9405,29.7740,46.9223,52.2689,50.4045,39.0374,59.0475,69.5822,82.5076,94.8858,106.9680,131.8610,118.4470,85.2858,58.8553,65.3899,75.8105,77.1802,21.8280,44.2078,54.6804,64.1162,60.4022,56.4710,33.8441,17.8409,7.0453,20.6673,24.9566,10.2974,15.8450,37.8835,37.1564,45.2079,57.2782,64.4966,65.0623,60.9790,48.6688,36.7038,41.9118,42.3602,34.3268,30.7876,26.5670,21.3287,12.4043,10.8855,29.5515,37.3857,38.9330,23.9519,15.8149
53077.7000,48578.9000,26230.0000,27963.9000,43273.7000,36279.1000,25989.7000,22270.5000,21581.0000,17368.7000,13554.2000,10582.4000,9355.4700,8839.3100,7158.2300,6454.7500,6682.2400,4956.4200,3703.5700,3731.0900,3342.8000,2758.4900,2189.2400,1976.0200,1616.2200,1481.7200,1282.3200,992.2600,909.2910,733.9010,495.1310,360.8930,233.8770,165.2240,289.7170,356.6170,455.4510,689.3200,885.3690,965.8500,959.9990,783.2470,463.7900,279.5890,507.9980,800.9310,724.1560,538.0320,338.4620,282.3200,343.3080,340.2090,248.9460,127.8620,80.7921,120.5210,228.7190,230.2880,194.0410,185.8810,165.3250,154.2720,114.1320,67.6046,41.2070,46.1209,76.4348,156.8790,186.9110,187.0280,182.0180,223.7070,278.6020,198.0880,109.3000,43.0024,121.9270,149.0160,168.1090,151.8870,146.8500,57.8399,69.9875,78.3892,105.1430,137.5670,170.9620,169.0810,134.1350,115.0340,95.7012,74.8488,112.3020,126.2390,99.3911,78.2319,44.7157,34.7081,34.9698,43.2885,45.4923,54.6409,88.7165,119.2140,144.7420,179.0000,196.5880,189.1370,194.5670,198.5270,179.8750,166.8450,192.9130,236.8110,264.2980,256.3320,229.5060,148.0590,125.2820,63.8014,98.9767,96.0181,104.3400,129.2020,132.5720,110.8510,88.4593,77.4049,76.5310,39.6405,64.2274,123.1730,166.8780,205.8790,215.9320,164.7210,108.9350,33.1976,65.4412,126.0350,150.3410,161.5880,141.0370,123.6570,123.4020,152.2540,213.6130,283.5920,290.7100,253.5110,204.0600,168.8260,107.9540,99.7373,142.9150,185.8200,173.4390,163.9320,180.4550,203.5420,247.5560,253.1410,197.3560,150.6390,109.1800,126.6320,165.5710,193.3100,209.6400,205.1840,207.3820,195.7970,187.4050,147.7180,123.3540,143.6220,121.2750,81.8772,57.5480,49.7907,39.2197,28.5760,79.4914,123.2040,183.4570,168.0790,145.4090,126.6910,96.3334,84.4296,76.0087,49.8599,49.5042,76.3870,104.0380,152.7960,189.3560,229.2760,229.9410,180.7410,127.0350,106.3320,116.3570,137.1350,144.6350,143.5580,141.2590,131.5560,110.2820,81.3581,66.4008,80.7444,98.7525,96.8275,87.3492,79.4777,88.9698,106.8080,124.7830,124.3990,117.7200,110.1080,52.3673,36.3605,16.8380,31.3320,35.1702,28.8499,22.0102,26.6407,29.7241,31.9729,43.7436,64.9816,84.8225,79.3304,61.4566,57.3614,74.4077,85.4337,80.1404,68.7402,14.7647,50.6091,57.3774,61.4066,35.7483,9.3440,23.3506,43.5766,58.8311,59.2626,40.6175,68.7072,73.8202,91.9192,101.0990,117.0220,141.4360,126.2890,93.9753,67.2407,72.6367,83.9143,75.0825,21.8301,29.4579,40.9364,55.2029,70.2985,70.5287,45.8133,38.1511,27.0680,31.8386,42.5411,32.9853,15.4496,28.3170,71.1298,73.7325,66.5754,53.1845,47.9678,49.9962,52.0048,48.7249,40.7115,36.7728,38.7150,31.2726,19.7409,15.2662,11.4659,7.7542,46.0525,55.0846,61.8697,42.1506,22.4345
52435.5000,48216.4000,25707.2000,27080.5000,42270.8000,35441.9000,25440.5000,21864.4000,21118.1000,17036.1000,13350.4000,10432.0000,9113.1500,8658.4900,7007.5600,6286.8800,6577.1000,4832.5700,3595.6700,3696.1300,3294.1700,2700.0700,2133.3200,1939.8100,1587.9600,1488.4500,1316.3600,991.7530,897.0950,718.2450,459.2200,341.2170,204.2570,97.7184,220.2520,276.6910,395.5720,670.4230,885.7950,955.1880,941.8380,775.4500,457.7850,266.2790,450.9850,717.6300,662.6520,463.2390,283.0640,256.7490,277.3070,288.9610,227.0050,115.3160,101.5330,149.9740,227.1440,232.1040,179.5610,169.1540,158.6440,133.9310,89.1782,46.9942,29.0593,36.1969,91.9653,175.0200,189.0500,180.7730,178.9510,228.2780,265.9720,171.0030,103.8390,39.4592,110.5100,127.7160,165.1950,150.4730,155.8240,76.6267,68.6487,94.3397,125.0940,153.2950,169.3370,146.3020,113.5710,92.8278,90.1988,80.1654,119.6170,143.1900,112.4490,90.9216,67.3005,59.5172,46.7742,43.0992,43.0201,48.9024,73.1107,97.7109,125.7620,162.4830,182.9420,173.0710,186.1670,197.7950,176.8670,173.4670,204.2650,243.7380,258.7630,258.0710,235.4880,152.6820,118.9100,68.0717,106.3510,114.6190,112.2650,131.9860,134.8270,113.7130,85.2546,65.8383,58.5460,38.3772,57.2049,97.0728,138.3190,199.6260,214.6510,156.9850,97.9772,36.5548,68.9803,122.9350,139.8320,149.7460,117.0830,108.6290,119.9240,124.9650,178.9440,265.0400,282.0770,237.8000,181.2910,128.0670,78.2620,103.2020,160.3660,199.1070,187.5080,152.7390,149.6680,167.3350,213.2040,225.1570,178.2650,138.9550,98.7360,108.5140,149.8740,191.2280,193.7250,192.3480,195.5250,176.4460,163.9380,139.7070,132.4760,126.9790,111.2250,84.0819,55.5427,23.9095,13.9299,12.4451,64.3082,99.2771,171.7680,150.4640,115.3200,94.7550,86.1831,83.4546,72.3375,67.6039,68.6242,72.7335,90.7422,135.7610,176.9250,225.6230,240.7730,185.8480,129.5990,112.8550,127.6100,147.6250,150.8640,144.8790,138.6700,132.5070,107.8690,83.7901,91.1931,115.2600,122.8640,116.0230,100.8160,101.0310,108.5730,107.4870,123.6340,139.7290,145.4650,142.4580,70.1740,40.3092,15.9232,30.7778,22.4745,32.9752,34.2697,27.2771,37.4443,50.0979,53.3203,47.8145,68.1166,97.1163,71.0394,40.2347,66.3333,84.6004,101.4530,70.3296,42.1827,58.4310,62.0660,58.6789,37.0140,12.5543,24.1461,38.1780,55.6096,61.1461,38.1062,58.0769,77.3478,103.1440,131.9060,134.9500,131.3700,117.4230,91.8604,72.8430,67.2187,68.6219,58.5996,28.1018,34.3033,45.7574,66.3114,66.4900,64.7545,45.5253,49.0955,23.4160,38.3616,19.5947,8.5663,12.8649,37.6412,56.1495,52.7539,52.6351,59.3094,69.7203,70.3380,51.2989,30.4365,16.3123,16.1084,28.7912,34.5780,27.6381,17.8627,12.8715,30.1427,46.5617,54.7696,56.9774,60.6840,53.7420
52989.8000,48375.4000,25800.4000,27193.5000,42348.5000,35816.2000,26007.4000,22267.2000,21528.2000,17518.8000,13689.6000,10609.0000,9321.6300,8762.4800,7048.1100,6399.0700,6638.4400,4874.5800,3673.0100,3734.2700,3279.4300,2741.3500,2177.2100,1963.1900,1637.4000,1473.0600,1294.2600,1056.9900,969.8750,767.7400,543.3730,395.5540,244.6620,181.0190,277.3180,352.2880,499.2170,776.0580,992.3200,1103.4300,1122.4100,911.4590,546.6030,313.6850,495.3430,778.4990,738.3430,544.0210,350.1630,310.1840,328.2880,333.2260,264.6100,146.6670,69.2055,156.5760,263.3480,278.0260,239.5840,224.3230,199.9390,176.1470,124.2710,54.0399,40.0850,43.5882,103.2040,187.0550,190.5660,176.7230,152.0590,202.0160,251.3390,174.9020,116.1890,53.2728,114.4560,141.3430,168.7500,144.4670,141.3560,60.3935,64.6661,91.7743,128.1330,158.8430,180.4320,148.5120,110.6420,94.0234,94.4724,90.6874,125.4770,151.6260,110.4980,84.7129,64.0912,62.5777,41.5720,24.5346,31.7148,51.5580,81.3280,104.9080,133.4470,178.9400,197.4350,174.0070,194.3990,197.7730,174.3190,183.8350,220.7300,259.3540,269.7390,265.2190,233.1980,143.3990,110.7010,58.8754,94.0983,108.0240,110.7740,131.3270,137.1230,116.7540,88.5414,71.7595,66.5485,35.3024,56.0412,106.3920,156.6460,223.0850,233.3520,175.6110,118.2710,39.2559,60.1596,116.1690,132.0570,138.4880,114.9560,102.0120,98.9715,126.2320,187.2370,249.8170,265.3870,229.3640,176.7070,129.6580,79.2388,93.7935,143.8230,169.9900,156.3150,157.9870,158.8410,170.1830,201.7050,229.8490,185.3230,143.5690,89.2206,98.7272,140.2480,187.6320,207.4320,196.2460,191.3840,175.0400,174.8290,151.5950,131.8050,129.6020,104.3790,73.1657,50.8682,37.0118,30.1369,41.2512,93.7334,118.1820,170.0950,133.9870,99.4629,84.9959,78.1879,71.1226,67.6434,77.8706,71.3061,77.6473,109.4000,150.0390,186.0390,225.7190,241.3950,203.4860,154.2420,115.8060,102.8600,128.9290,139.8360,129.4600,119.3650,121.2600,105.4350,75.9183,76.6991,104.0200,117.4690,109.1020,100.2080,91.1755,105.4700,118.2710,122.7300,119.6830,105.5580,101.7770,42.8110,52.1456,32.9048,40.1452,22.0544,26.6052,29.9429,22.7443,27.2681,40.2805,48.7039,56.9156,74.8834,93.0118,67.4358,43.4055,63.3262,71.9828,77.4476,52.1014,30.1530,53.1015,62.3550,56.2819,35.9380,17.1553,38.7786,55.5363,62.5072,59.7086,38.7230,67.8372,77.5426,96.2442,110.0340,124.4790,139.3820,124.7140,94.4421,69.1511,63.8747,67.6726,65.6953,36.1092,20.6289,40.1874,64.0665,67.3972,63.9080,52.5922,52.9068,34.1358,32.3839,32.3151,24.6625,16.5288,37.7714,72.0096,76.3483,71.6055,66.5670,73.4150,80.9487,59.1283,35.5159,40.5245,39.7395,33.7129,40.8846,41.3793,33.4637,17.9708,10.9334,26.2022,39.4171,48.1616,27.0115,16.9852
53103.1000,48499.3000,26113.6000,27861.4000,43151.1000,36236.9000,26037.3000,22284.5000,21579.8000,17388.5000,13577.7000,10559.0000,9267.6500,8746.2900,7118.7600,6399.7500,6606.3700,4917.6700,3669.7900,3670.6700,3286.7100,2692.2900,2153.9500,1961.6400,1590.1700,1458.1300,1287.2000,1001.9600,899.5040,721.2950,490.7990,353.7650,219.2550,187.9980,318.3280,393.0470,564.0160,865.3570,1076.7000,1153.4200,1143.0900,895.1710,501.9890,316.5920,539.7500,795.1490,725.5590,527.7770,317.1240,299.2780,339.5370,338.1540,260.7230,125.7160,95.9419,153.7480,252.6850,256.5390,218.1440,192.9030,189.4540,176.0720,127.1370,55.3645,37.7973,36.9061,106.2200,175.1040,178.1030,163.2680,172.8190,214.7040,254.9540,185.2550,106.5770,51.0663,127.3970,152.6940,175.9300,160.6130,174.5840,94.0440,93.9322,92.1769,107.2570,128.5740,162.2130,147.9310,101.5800,93.5280,82.8124,90.0622,130.3940,143.9520,106.7040,84.7678,67.8514,59.6636,40.7648,31.6353,33.6558,42.3330,75.5508,103.3830,130.5580,169.5690,187.7380,165.7390,170.6100,178.7410,160.2000,153.4580,188.6510,231.1890,243.0340,238.7080,230.3570,152.5340,132.6490,73.5167,100.3080,110.6750,103.8700,108.5270,119.1210,104.9960,91.1506,69.8774,63.3510,25.7085,67.0888,124.2810,173.4530,217.0920,225.6390,171.8800,113.5410,52.9738,61.1587,124.0690,147.6220,162.9430,134.3030,114.9460,111.0840,149.3390,218.5170,273.7780,284.4100,255.0490,198.8720,162.3310,116.1810,131.6530,178.7930,218.3180,206.2420,176.7990,164.9170,171.3380,200.4240,216.3450,167.1720,125.8410,92.4191,111.4150,150.5350,183.5990,188.1100,178.8650,180.1160,163.8940,159.7290,128.1110,123.3070,143.9730,117.8010,69.3262,38.8063,23.0526,13.8346,32.5538,80.4677,109.0770,156.2690,134.6810,99.6358,89.6884,82.9714,78.5073,73.1765,67.7790,45.1050,46.2612,99.4566,156.7260,196.9900,240.8740,238.8530,185.1080,146.8200,128.2520,112.2740,127.2220,145.2070,143.9860,136.5540,129.8260,112.1060,74.7611,66.2017,93.1362,97.4020,84.8534,84.1837,87.3136,96.9182,93.9165,110.9960,124.6660,117.0380,127.0880,58.9375,59.8610,25.0590,31.3531,20.0350,26.8565,39.4288,35.6770,30.6587,30.6916,43.9419,54.2972,77.3516,107.3390,76.3008,42.6313,57.9220,70.5472,78.2731,67.3360,39.1739,74.4912,74.3670,72.0798,42.8977,26.8837,40.5894,58.2960,60.2168,58.6564,40.5163,59.1645,69.6163,88.4271,108.9240,110.0860,117.9560,112.9380,81.5537,46.3372,60.2416,78.2529,77.4088,42.3440,25.0277,50.9584,83.4923,91.5471,76.9651,60.0668,47.8158,33.3203,21.7684,21.8039,7.3030,7.3168,23.1909,46.2699,62.0944,62.5020,66.8148,67.8027,62.1617,45.1545,42.8478,40.9649,30.6985,34.5354,38.9281,31.5143,20.7525,13.7362,19.0728,46.2659,60.9150,66.2127,44.5513,28.1662
52502.2000,48297.9000,25784.0000,27213.5000,42460.6000,35566.8000,25424.9000,21800.3000,21088.2000,16997.8000,13311.1000,10407.9000,9127.9400,8674.0800,7019.4100,6291.8700,6589.3100,4885.5500,3630.6700,3680.2900,3291.1400,2709.6800,2151.1800,1983.8600,1639.8400,1509.5300,1330.2700,1046.7800,963.8430,787.8750,543.0500,407.5240,282.6650,193.3560,295.1040,381.0240,513.4590,773.5610,1003.6000,1117.6600,1089.6100,817.7240,451.3560,258.0780,466.9970,739.1810,653.3000,480.5080,295.6730,232.1700,297.3010,304.3060,219.1320,114.1350,124.5310,139.5250,208.5350,219.7070,173.7710,151.0400,141.0070,138.9540,110.0310,65.9405,30.2913,22.2672,69.7935,150.0570,158.8440,152.2410,139.4260,183.2210,224.2520,151.8660,113.5220,65.7885,139.8170,164.8200,188.9640,161.1110,163.9920,60.1239,79.2951,75.4268,99.5146,129.2700,161.6190,151.5440,121.5590,110.1360,105.4760,84.7551,121.9180,130.6000,105.6530,86.3409,54.7332,43.0553,41.0033,33.4369,28.4282,43.3439,70.4911,100.1810,128.9230,164.7950,184.1030,184.1930,198.1530,197.6770,179.8810,175.1760,197.1620,239.2480,259.8120,256.2260,230.1830,153.3090,116.3730,67.7887,83.7753,100.8000,106.1890,126.9930,123.5810,98.6428,64.6446,63.3337,69.3782,34.2785,75.3525,139.4110,199.5230,235.6910,247.6800,200.5210,136.9790,70.4392,79.2160,131.3060,154.4570,163.4860,143.2850,140.5350,129.3210,131.2860,192.8260,266.6730,275.4780,248.4130,204.1560,170.1900,104.9840,96.6481,139.3090,166.7700,146.1600,150.1250,163.5570,177.4280,202.6840,212.4300,177.6740,140.4620,99.7439,102.6000,147.7680,203.6230,207.6630,185.2380,187.0320,169.5680,157.7990,127.8250,122.8620,124.0640,110.0780,78.4229,48.9398,23.5966,11.7964,27.1512,80.6280,105.5310,156.5670,142.6280,114.6710,101.2510,76.4111,78.0368,89.0688,60.6223,36.5835,54.4365,89.4255,141.0400,181.2710,223.6420,218.6660,177.8600,140.4710,117.6300,117.1050,132.9140,141.4540,140.7320,138.4890,128.9800,101.8640,76.9007,76.6964,87.7357,101.7880,100.1530,92.7667,71.0947,76.6257,110.8220,115.8500,110.8560,104.4280,115.6610,48.7531,56.5173,28.5489,28.7487,30.4102,42.2979,42.4845,39.2609,35.7409,30.1073,47.4160,71.6166,87.8468,87.0912,60.7862,46.6569,71.4258,78.6978,83.2611,57.3213,44.2228,76.5953,76.7928,71.6821,39.0708,23.3877,43.5502,59.7218,54.4493,46.6976,30.2297,47.3191,55.5369,74.8643,97.3908,116.1640,133.6050,123.1480,91.8613,61.5475,63.8460,72.4677,57.3748,31.1050,16.2290,39.6943,71.3272,80.4211,59.2295,44.0353,39.0865,21.3733,24.7018,7.0199,10.0436,22.4600,27.3427,49.7391,62.5288,59.5318,56.3172,58.7896,62.5814,58.5677,53.3327,41.0494,30.1266,35.3860,36.8328,29.3983,11.6141,7.9324,23.0080,47.2096,58.0033,61.8667,46.7052,31.2143
52835.5000,48299.8000,25588.6000,26806.3000,41999.2000,35536.0000,25673.6000,21903.9000,21205.3000,17252.7000,13525.7000,10499.7000,9212.1500,8705.7900,6987.3300,6296.1400,6559.7100,4820.0400,3596.5600,3666.7400,3258.9700,2708.7100,2141.0400,1977.0000,1632.6100,1485.8500,1320.7000,1080.0800,1001.4500,816.2270,597.9130,469.0610,331.9710,258.0940,354.2060,431.3320,535.6730,788.4830,1047.9200,1187.3600,1169.4700,903.5210,527.5740,294.7280,464.7840,753.8180,697.1310,532.1120,346.7080,287.7120,350.7340,342.8270,257.4750,141.2910,119.1030,143.9310,240.8000,241.4640,200.3130,193.9360,193.3210,181.1500,136.6340,74.8304,46.6171,35.0091,66.1683,149.2610,155.5370,147.0920,155.3590,206.8320,236.9020,170.3230,101.5050,59.1266,139.1090,170.3430,186.6700,168.0370,174.1340,91.7892,82.1797,94.6596,115.4200,137.8060,154.9020,134.9130,104.3200,89.6404,92.0569,82.8367,118.2300,135.8220,105.3120,85.4985,63.1227,62.3291,48.7725,26.8031,29.4184,45.2643,84.4695,105.5040,132.5240,166.9280,175.3880,156.9700,178.0100,183.7440,157.4380,149.3180,188.9840,230.8450,251.4650,246.7970,212.0600,126.5430,118.2410,78.5323,111.8870,124.0780,130.8490,144.5660,138.6890,110.5180,92.7405,83.7639,73.7736,42.5274,65.5801,127.8490,190.5620,248.3510,241.5890,180.1180,117.5760,54.8794,71.3776,117.0880,137.1160,154.1050,132.8970,110.2130,115.5720,131.5110,169.6180,247.3920,285.1090,246.3450,190.3820,163.3790,116.7780,89.1811,116.8020,159.1050,161.8240,161.7540,169.5210,179.0660,204.1850,211.7630,183.0950,150.8650,114.0080,108.5420,148.0230,193.4250,198.0470,172.6270,167.6410,157.3070,160.3360,139.2100,117.9660,111.6380,91.3819,61.8703,33.8882,16.5375,14.9682,23.2843,77.9671,108.7160,175.2590,157.3720,114.9700,102.8370,94.8770,95.1850,90.8712,81.4487,70.9238,71.7204,99.3053,160.4910,203.7460,237.0700,213.6850,190.8220,181.7400,150.0740,118.2370,135.5720,160.7840,168.4350,152.1080,125.9430,112.6590,103.9600,100.9950,113.3340,131.3750,125.2060,115.0560,103.4430,115.3740,127.3360,141.0810,133.7830,115.8760,91.0276,32.1393,28.5437,21.9166,28.8601,29.7863,32.0480,37.8981,33.9753,32.9541,40.9075,50.7971,57.8471,75.4593,97.7966,75.8429,41.4824,49.7271,73.7696,70.3850,62.2609,34.7018,75.3117,74.1001,73.8422,33.8783,26.0577,49.4162,64.9236,64.2923,66.0319,48.1085,58.7136,64.1213,80.1402,101.4660,113.2250,118.6780,107.6420,78.9360,49.2175,53.3711,66.2807,62.0633,19.5562,24.0160,47.0619,67.0146,80.3474,73.5207,55.4698,40.5644,19.0014,13.8519,9.7132,7.8692,13.3114,30.8759,51.6368,52.3122,47.3475,62.8730,77.2600,80.2231,54.5312,62.3523,63.7365,42.6910,44.9496,48.2635,43.1098,18.4041,8.8850,7.0673,38.4868,48.0000,53.2809,44.9026,42.1113
53393.8000,48719.7000,26105.5000,27609.2000,42939.2000,36243.9000,26070.2000,22222.4000,21575.4000,17414.4000,13635.2000,10561.4000,9282.6600,8762.4800,7073.5500,6379.8800,6611.9600,4907.4600,3662.6600,3680.5300,3304.6500,2706.5700,2156.3300,1944.9700,1591.3700,1473.2800,1296.5300,987.5530,875.8250,719.2590,488.6860,349.4240,195.2310,144.4250,284.6790,360.0570,520.0350,818.6260,1017.9400,1096.9500,1091.2900,839.4220,460.9320,272.5080,488.0650,765.3460,706.8070,499.1860,310.7550,294.6410,311.9320,315.4280,243.1260,127.8350,90.1732,168.8670,263.6500,280.9730,236.4230,213.7560,206.8470,192.7950,151.0010,80.7401,22.4518,18.6279,78.8589,165.6650,171.9200,161.1260,139.6470,184.8850,235.3020,154.1880,128.6120,69.0192,127.8450,160.2210,195.6190,160.1910,157.8220,54.6655,66.6514,78.6800,113.2900,143.7200,166.3760,148.4880,116.1270,106.5760,101.0900,95.7168,128.9450,147.2400,104.3770,83.2685,71.0321,67.8312,47.6179,29.0842,26.3212,27.7533,56.8656,84.3236,113.4840,154.5790,175.8590,155.5950,180.5590,198.5210,168.5230,172.6520,216.8800,255.0170,266.2370,264.5850,232.3920,142.8270,106.4970,61.8259,99.4473,120.7150,119.8310,133.1630,136.7460,115.9680,94.8738,73.9671,55.5851,32.3475,70.9277,126.6720,183.0880,233.7510,216.2780,156.6690,95.1283,22.5458,98.8607,145.0460,148.0140,147.5360,128.7530,112.8430,116.1150,153.5060,215.2530,276.2320,294.1870,258.2440,200.3910,161.6770,106.2070,100.6940,137.7120,170.1480,175.9210,158.9780,144.1020,149.9770,192.2490,214.0020,152.3880,118.0310,94.0750,99.3944,120.7480,166.6290,185.2510,165.8730,173.3120,167.9720,158.4490,128.8230,122.1110,139.7960,117.7970,79.7155,53.4739,36.5969,24.6233,25.3484,76.9767,106.4210,150.3100,135.2540,108.0340,95.6475,83.6481,81.2635,85.2080,69.0611,49.9876,64.1456,96.9576,145.5170,189.7440,240.8640,244.5010,191.6380,161.1330,131.7560,102.0730,130.7660,150.8920,144.4230,128.6550,141.7700,114.0670,65.2950,75.6937,106.8480,120.7530,114.3140,94.9357,75.2424,97.2399,128.1410,140.2270,137.6230,132.6570,121.6890,44.1976,51.5534,34.2706,38.2374,39.3450,37.7550,32.5554,35.9747,36.1014,34.6666,38.5122,64.5095,98.4531,122.4380,66.1841,33.3258,83.1989,94.6335,95.1050,69.9213,34.2996,70.6578,64.1538,62.9517,17.2822,24.7764,42.9339,54.2471,70.5322,56.6049,31.7426,33.6167,52.5302,79.1515,108.9220,118.8690,126.9060,112.0140,80.0383,53.9096,65.1277,72.6226,58.8515,37.4316,13.6637,27.6851,55.3149,68.9772,58.8165,44.2320,44.7629,29.6357,34.9078,31.4236,14.7041,11.1431,31.9272,50.0260,63.6771,65.8211,62.0445,57.3711,65.4228,66.8502,45.7192,41.0646,46.4537,44.0273,40.0764,41.1170,35.4125,19.9145,10.4211,24.3557,36.7686,45.4179,54.0458,48.3036
52950.4000,48647.7000,25979.0000,27295.6000,42640.0000,35803.6000,25560.3000,21873.7000,21222.7000,17079.4000,13443.2000,10503.4000,9153.6600,8694.2400,7043.4600,6303.7300,6604.1800,4908.6000,3622.6100,3649.1500,3277.7300,2694.5200,2144.8900,1931.9000,1558.9100,1429.1100,1213.1900,920.8060,860.9680,670.3610,419.7320,287.3580,141.3500,121.2630,292.5060,370.5530,538.6150,852.3420,1097.0400,1141.4000,1089.1900,846.2850,521.3700,326.0040,486.9650,756.6670,713.4780,497.4030,334.5860,313.4870,342.1830,339.6610,266.7310,130.8850,78.5851,178.8370,275.0790,290.7640,242.7200,222.9440,220.7420,196.9140,145.3690,67.3339,22.8832,39.5422,101.3310,175.3370,182.1460,173.5400,166.2490,206.8000,227.8800,149.8340,93.4826,46.8392,121.3140,151.7380,186.1510,166.3870,183.3450,94.4335,100.5650,97.3265,112.7000,133.9700,159.8300,142.3320,100.6790,75.8678,76.4007,92.6392,122.0200,159.1650,111.8520,85.7228,69.3239,61.8214,41.3033,21.6996,12.8285,16.1254,41.6266,78.0906,113.4250,155.2390,178.1630,173.4990,184.4870,179.0300,162.6850,183.2340,229.8420,267.3300,282.2960,269.9230,225.8070,140.0920,96.3695,56.7581,119.3530,121.4410,122.5580,159.5000,164.1970,144.4730,114.7600,100.2080,93.6151,35.0119,39.9292,94.6651,150.2300,196.3730,200.0290,155.0630,108.1960,40.1974,52.9001,120.4050,134.5430,140.6290,112.2950,102.2670,106.4160,136.0890,210.0260,282.4410,287.4310,246.1800,189.2940,140.4800,90.2539,102.7250,144.3790,172.9830,167.3180,157.6970,162.9630,173.3940,209.6780,216.6980,161.2170,119.3290,90.9684,112.0140,146.1400,173.2410,187.5150,183.8210,178.5210,167.1500,165.2690,149.7460,124.4810,128.3000,115.7760,82.5630,60.9496,42.4168,36.4033,40.1520,83.4394,96.2528,137.1850,120.7190,93.8361,87.0450,86.0243,86.5703,76.7159,64.6809,49.8852,49.6405,88.2245,143.7130,185.3410,228.4550,232.4620,192.6970,161.2510,136.6870,111.4510,121.2000,138.2210,132.6650,124.2650,127.7430,108.9530,72.4374,81.5521,110.8290,114.4450,104.2040,93.8404,87.2864,101.8140,117.0330,127.6390,133.5330,123.3250,121.6200,53.1173,36.3766,23.7090,33.8893,31.2939,41.6482,41.0537,31.5874,14.1423,35.5065,50.2683,57.2360,78.6558,100.2210,62.6907,35.2598,63.9784,77.7638,77.1627,64.8719,37.4433,74.2318,66.1614,62.8610,29.2361,23.4177,51.2828,73.7238,72.1162,51.8747,32.6398,41.5792,56.7217,79.0859,103.5670,115.4360,116.7360,98.5559,69.2988,47.4845,55.6299,66.7966,60.6043,23.8967,33.4764,58.3856,78.9009,73.7856,58.1372,38.5533,25.2778,16.9665,26.8618,37.8973,19.6762,11.8874,31.7042,50.6098,60.5106,62.3472,58.6584,63.2651,74.2540,62.4863,43.5267,44.6986,33.2353,17.7539,15.6161,21.8527,15.9400,14.4844,26.8581,38.7330,54.7901,66.7909,67.6224,66.8514
53066.5000,48604.6000,25752.8000,26679.9000,41900.7000,35511.4000,25587.1000,21861.3000,21232.7000,17223.1000,13542.0000,10480.0000,9164.1800,8687.9400,6966.3300,6256.2500,6545.8600,4829.0100,3606.1400,3668.9800,3257.1600,2684.6700,2112.8600,1951.8000,1611.9000,1463.0800,1263.5300,1003.0000,953.7500,765.5640,512.5690,378.3850,240.2130,130.5080,250.2060,304.8140,435.5440,737.9880,950.6900,1029.1000,1027.9500,827.1570,489.9900,280.7900,459.5230,720.2390,679.2000,501.4800,338.9480,319.7710,346.6080,353.3990,285.5760,166.0610,56.8376,125.3580,244.4360,275.9560,239.3280,236.3330,221.5840,194.6900,143.0920,85.1487,33.0966,24.7761,82.9207,152.6230,169.8830,168.1200,144.1330,180.3580,230.8960,162.7720,109.7410,57.0257,125.2970,157.1580,182.1630,159.4620,163.8910,78.3150,78.9584,85.1168,105.0410,130.1300,153.3630,141.0550,114.0220,96.0963,96.8851,83.5586,112.4620,125.9230,85.0549,64.5526,59.0499,61.7476,27.8076,14.9267,31.3612,34.1339,67.7035,91.7468,120.4660,166.6300,198.6260,181.7230,192.9720,205.9000,185.5540,179.8880,216.9450,265.6490,289.0580,291.0550,261.8320,165.5210,113.8050,46.7100,92.3269,100.7300,95.7550,118.3270,124.5600,106.6040,77.6787,72.2545,69.3717,21.6014,70.8070,121.2020,164.2510,217.1060,216.5490,162.4740,106.5100,46.9382,58.5242,131.7680,151.6510,157.3700,139.2040,129.5640,133.4470,148.6840,203.9660,289.5290,312.1330,267.6840,208.3780,177.8070,119.2320,106.6730,142.8880,167.8530,153.6020,156.8650,162.2300,172.7180,202.5040,209.8970,165.9120,130.7140,84.9232,88.7043,131.1370,178.2000,179.0360,176.4940,187.5520,176.1760,159.9150,134.7060,119.7090,113.1340,106.3690,86.4348,66.2045,41.5042,20.8722,43.7606,92.4175,101.5120,142.1410,124.2960,93.1051,77.7931,61.3208,48.8723,53.4959,55.3263,45.4202,55.3644,102.8760,155.7090,187.9600,216.8460,210.5910,174.8530,141.1590,124.2900,113.5390,120.9270,132.5540,145.2930,139.6850,132.2150,113.1770,88.9698,102.9510,117.3480,115.8090,109.5180,109.7540,102.3950,106.1200,126.6740,130.9170,129.5750,129.0450,132.6680,57.8563,48.6849,23.3267,28.6516,27.2181,31.8276,34.2554,34.2377,31.9278,27.0978,42.2630,65.6139,86.1953,85.8506,56.8796,40.3589,75.2602,88.7495,92.8287,65.9948,24.6080,49.3861,59.3676,59.8881,41.3529,19.6883,34.1543,52.6255,68.8089,79.0595,58.7471,76.9112,75.6485,88.0668,102.5480,107.0630,106.2400,101.6390,80.6728,55.7182,44.7403,63.5787,69.3593,39.8086,14.9788,37.4787,62.8219,74.0301,61.9779,48.7308,44.2165,44.8088,35.4505,35.0858,21.6785,23.5553,45.5251,76.0806,83.1645,77.1989,71.5739,75.1087,84.3363,82.0220,61.6620,48.1416,51.0951,45.3028,33.7186,22.5166,24.7195,19.0883,16.3906,34.3027,44.7215,49.1564,49.3411,37.8857
53686.0000,48966.9000,26209.6000,27472.0000,42774.8000,36244.7000,26144.1000,22247.3000,21598.7000,17441.2000,13679.8000,10614.7000,9342.2800,8811.5900,7097.8900,6409.2900,6637.3600,4933.4400,3706.9800,3720.8800,3339.8400,2726.9500,2178.8700,1963.0100,1600.5700,1474.7100,1288.9000,995.2060,903.3450,729.8640,478.1190,358.3390,222.4900,122.8600,233.3670,304.0360,447.1260,704.9800,869.8150,935.8880,938.2540,751.3610,429.7980,255.5220,462.3150,731.2110,657.1200,454.9700,284.0100,284.6080,306.6070,294.2390,227.4380,111.5160,97.8550,148.6710,230.3840,220.1790,203.4320,199.6900,182.6450,169.8410,132.3970,74.5158,21.6688,23.2091,70.5371,157.3640,171.8710,165.6180,147.4570,180.7470,225.8790,164.2830,93.6127,46.7372,127.5590,167.8310,192.9920,169.8880,160.0180,65.9899,64.1226,81.5481,108.8560,135.0880,152.8410,141.6700,112.8760,107.4640,102.8250,88.1555,128.9260,139.3490,117.5560,98.6815,75.5348,66.0560,64.1969,43.9617,30.3324,35.6684,70.0084,105.8670,132.7740,169.5710,185.4180,179.6010,200.6540,204.8970,183.3360,189.3970,221.6770,264.0400,283.0300,291.3380,254.6270,158.4470,112.5480,61.5494,98.4220,121.4680,108.2710,118.4360,132.5860,114.0980,85.0272,76.5753,82.6131,43.8117,57.3346,117.9700,171.3250,220.9720,224.9200,170.6510,108.0660,42.4222,76.4365,127.1890,139.6080,148.3350,137.4170,128.0210,132.3920,171.5000,238.5140,288.7290,288.6790,256.1850,215.7380,186.1200,134.5360,115.2210,153.9040,197.5580,174.1620,155.7910,167.8210,181.1160,219.3520,230.9210,174.8630,131.4900,104.0820,128.3880,170.7770,209.7950,211.3640,186.5440,184.9730,173.5100,165.1010,147.3570,130.2500,122.4490,120.3030,103.2070,77.7095,48.6433,26.6192,29.7170,93.0963,123.6840,178.1310,153.1340,111.5350,93.7879,79.8939,80.0981,72.0211,62.2172,59.7621,64.2244,92.5324,146.0860,180.8450,216.3010,212.3320,181.6930,156.7330,121.2320,102.3110,133.7090,148.0290,143.4770,129.8550,133.5550,118.6550,74.3246,73.0838,121.5190,133.5790,118.7630,86.3705,81.2077,110.7510,123.3960,125.7260,124.3700,122.0240,120.7110,63.7936,52.7794,18.2871,31.8572,9.4386,20.1222,45.2785,37.5267,34.6439,40.5546,52.3013,60.9767,84.0490,96.3422,60.1933,40.8089,64.0881,71.9471,76.2804,65.3916,31.3104,62.9092,58.4435,53.1515,32.4991,20.8197,41.8629,65.2695,73.0593,45.1949,27.5495,32.3764,61.4506,87.0486,112.9900,114.9450,115.1440,99.0296,72.4726,64.8036,70.0029,65.5590,57.8883,33.9854,21.7264,47.4465,75.7154,86.2958,69.2932,46.0804,27.0360,11.8046,17.1811,27.1433,18.3672,12.8147,38.5953,57.9027,50.4888,52.7588,69.1685,79.8254,73.7277,67.4951,65.4154,47.6653,36.2455,43.4575,46.4427,45.0634,36.9545,24.3034,5.5018,26.6947,39.6662,44.9232,36.3459,23.2575
53198.3000,48885.0000,26300.8000,27684.1000,43034.5000,36168.9000,25844.4000,22068.5000,21405.2000,17239.0000,13529.4000,10590.6000,9323.0800,8854.6400,7189.6100,6451.5800,6696.6000,4976.8900,3726.7900,3746.6900,3336.6100,2746.2400,2167.0500,1943.8000,1577.8400,1446.7700,1246.7100,964.1780,891.6960,702.9330,457.7580,318.7020,191.5820,169.3160,296.7350,365.8620,508.0950,759.5160,954.6590,1028.4400,1029.3200,815.0480,466.5650,282.6100,508.3550,786.9100,703.8260,507.7310,307.1600,288.5150,328.0250,319.8880,256.7090,132.1510,89.9857,143.0340,247.3650,257.9920,221.9470,206.7780,195.6430,181.9990,138.1240,72.4155,25.1551,28.6393,90.0093,177.4660,194.5780,190.3380,163.8520,191.7640,229.2700,156.3340,114.9190,69.8156,161.0030,189.2760,200.8640,180.9370,177.1160,81.9506,74.7878,75.6851,104.5760,133.5610,165.0200,139.0730,98.9800,80.6862,84.9105,82.7952,138.0670,156.7670,125.8860,103.1810,70.8985,72.7421,63.8099,46.2221,42.4795,62.1862,92.8812,114.1620,136.0020,162.8950,177.9710,183.7580,202.9730,206.7470,188.3370,183.8150,217.0470,266.4030,302.4840,296.2100,251.6240,159.6650,100.9100,39.3768,86.4406,108.3830,122.2780,136.1860,139.8670,118.6380,88.3466,88.7139,98.2765,36.5602,74.5818,145.1020,195.8600,236.7070,248.8170,195.1140,130.4390,62.9572,85.3239,130.7260,150.8950,156.5920,131.0670,122.3160,130.7590,155.8200,205.5630,253.6580,270.0190,256.0210,218.8660,181.9890,125.4920,123.4490,161.1360,194.2100,172.4050,148.1140,156.3930,169.5740,214.2090,225.7130,168.4970,129.6270,99.3354,116.3080,153.8750,182.3810,180.4830,163.8510,169.7710,161.0200,150.3370,124.4890,114.4900,127.4340,101.3770,66.6241,47.9393,38.0261,30.8233,44.4465,84.2038,102.1690,152.1420,148.4550,107.6600,91.3815,72.8489,64.1824,57.8498,60.0457,56.1604,56.9341,91.6699,146.6540,184.0250,224.7270,221.9020,160.0600,122.8250,113.3330,107.4310,123.2060,131.0530,135.9240,126.8490,128.5400,96.8778,68.0782,99.5922,130.9510,136.3890,123.7800,107.9960,96.4963,129.1070,151.8830,131.2630,137.0570,133.3410,147.0970,70.3001,53.0569,20.3924,33.7779,26.1007,28.7127,35.0284,37.2594,36.7391,46.1901,57.6061,69.0243,89.4626,111.1840,84.5944,56.4603,70.3054,82.7566,88.0880,67.0627,40.7019,49.7252,54.2756,54.0673,29.5864,23.1659,42.9556,59.8362,62.3829,52.4462,38.0097,42.2380,58.2612,80.1917,106.4690,109.8750,112.4430,106.1840,75.5319,48.9038,60.7758,74.5891,70.1006,35.3173,23.4021,49.1214,75.1394,79.5540,72.0327,56.7873,46.0602,33.6625,28.9244,38.1180,16.9127,15.1973,34.6872,51.3840,60.1191,68.5356,73.7732,72.6951,62.5593,51.3947,40.4323,35.8692,39.6263,41.5809,36.7110,25.4919,10.8537,6.8966,13.4617,33.4923,41.2001,43.6034,31.7739,13.4318
52885.0000,48553.6000,25767.9000,26765.5000,41974.1000,35475.9000,25535.3000,21843.3000,21172.3000,17146.2000,13471.7000,10453.2000,9146.2900,8698.3900,6994.4000,6267.3300,6553.6800,4821.9100,3577.3100,3637.6800,3233.4300,2673.7800,2104.4300,1922.2300,1585.5600,1457.4500,1267.9400,996.1410,934.8600,756.5640,522.8900,389.1540,251.4830,188.9300,283.5320,341.4610,471.5060,766.1570,975.3210,1056.3300,1076.9500,881.7510,523.9600,277.7100,461.1800,776.2550,738.0840,539.5570,324.8270,305.0070,353.5380,361.4710,277.4500,151.6580,65.0076,128.5590,249.6670,263.7450,225.3150,224.3170,216.1150,201.5420,160.3870,89.1266,16.4990,26.4518,94.8924,168.7780,189.0830,188.7230,168.0750,182.8300,230.8940,177.5300,107.1190,49.2818,128.2870,155.0500,180.4070,159.4100,155.9650,70.4804,68.3708,94.7602,126.0440,154.3720,172.8550,154.7090,118.8990,101.9210,86.7719,75.5982,110.4700,128.0980,95.2800,75.9040,57.9728,64.7183,47.7052,30.8293,28.1797,46.3831,74.0490,109.9200,145.0470,186.1320,197.1290,173.4580,203.8520,233.1170,202.0560,188.7920,232.8470,284.7330,307.6830,294.6990,258.4490,162.7760,106.1440,46.9391,113.5550,119.8990,116.5480,140.5020,152.4310,134.3960,115.6420,96.3936,75.3821,35.3759,76.7601,143.1770,205.6790,265.6090,244.4390,179.0430,117.3610,67.0610,66.7438,126.9860,148.7280,152.4430,123.9040,131.2400,149.6810,155.8760,210.3720,279.2960,278.4350,241.9400,198.9740,165.7240,121.5990,119.2200,156.9110,181.7620,147.8330,140.0370,159.6190,170.1360,208.6880,210.3800,152.5790,115.3880,95.4230,117.0070,149.3820,174.9380,181.9970,169.1750,177.3990,172.0020,166.5460,134.8710,113.9830,129.7670,118.7400,84.7365,64.6734,48.9189,51.5709,25.0543,83.3661,97.8982,165.1610,150.1950,121.8740,101.7070,89.5108,84.9402,78.5464,66.9921,61.0723,80.6071,111.1570,154.6230,187.7380,219.1490,209.2020,183.2540,171.3110,133.8070,119.5920,144.8800,152.2760,135.5380,126.9820,139.3190,108.3730,77.8967,98.6579,113.5480,119.3090,117.0010,109.3520,94.9996,94.1495,116.6220,131.9290,134.5240,127.1140,123.8540,53.5262,30.6120,4.6940,14.8268,28.2758,44.6094,35.9098,27.6762,22.1041,27.8031,45.6081,62.3887,81.4601,95.1543,72.2756,48.0382,62.6082,79.7538,87.5194,73.8453,37.3789,51.0721,55.5771,59.9673,42.1410,29.7914,37.8340,59.3998,65.4439,64.0803,51.9436,65.3627,76.0431,85.7875,102.1740,99.0224,94.9542,85.1211,62.0206,49.0574,55.9818,65.7172,64.4224,55.3920,21.2481,50.1752,88.9461,94.0920,75.6271,58.0415,44.8573,31.7280,13.9324,22.3546,8.5952,15.4321,42.3422,42.3502,41.8991,47.2370,53.4584,62.4883,77.6998,77.3013,35.7189,24.4732,42.8958,39.1986,26.4007,17.3833,21.8674,27.2329,30.4825,46.2516,60.5029,66.6351,54.6462,41.2830
53624.1000,48892.6000,26153.5000,27384.4000,42608.4000,36124.0000,26179.8000,22376.5000,21710.5000,17622.0000,13825.9000,10689.1000,9380.3400,8864.3200,7157.4600,6448.0600,6669.3900,4965.9900,3744.9200,3755.1300,3350.6300,2760.5500,2183.6500,1968.8000,1618.3400,1493.7700,1285.1500,970.6930,891.8430,708.0520,445.3940,311.7860,161.2460,76.5009,230.3040,314.2680,471.8200,766.7970,1001.0300,1056.7400,1018.8900,809.1670,439.5310,272.6440,469.5280,745.0860,686.6900,460.3280,297.3100,289.3890,325.3970,329.7960,281.9590,162.3180,80.2858,134.2720,221.4600,239.3930,220.5710,215.1450,212.1600,204.6150,173.0600,110.7220,39.0572,26.3438,93.9820,171.8260,181.7110,170.4570,150.7730,178.5900,219.8060,144.4750,90.2787,57.5628,138.5260,168.2970,188.6220,168.1940,171.7600,83.9278,93.4942,92.2892,109.6110,131.8880,158.1530,147.2180,115.5160,96.9948,101.5190,85.8340,113.8320,126.5290,92.8053,73.6294,62.8746,57.2215,36.0582,11.4470,9.8815,33.0944,82.0385,114.9580,144.8960,171.7680,200.3010,194.2660,200.1800,215.0780,198.2070,195.2610,232.9780,280.1600,302.9200,290.6450,249.1980,156.1240,88.9132,38.0955,105.7030,119.5200,114.5950,135.6680,144.2100,122.7200,88.7368,80.9105,75.9293,42.4211,79.2893,139.9960,188.4090,249.2260,251.1840,182.2250,114.0520,49.3692,82.3853,140.8510,156.6790,149.9980,120.8850,110.5650,107.3590,138.9990,207.2110,274.7470,285.7630,243.6500,204.2760,166.8530,125.5960,118.6080,166.4860,201.7780,166.6150,143.0630,157.0580,163.4350,195.6630,191.1190,142.4150,107.6390,76.7521,94.5130,138.5290,166.8430,152.8840,151.5260,167.3320,161.2490,146.5630,121.1180,111.7500,129.9630,126.8410,86.4830,61.6063,39.9887,40.6835,9.5422,55.3006,82.3013,129.7430,144.8220,117.1960,99.9615,72.9682,76.2193,82.2577,71.5653,66.5272,71.1454,101.5960,154.9830,186.7960,217.8350,222.7150,190.3010,146.0810,131.7180,149.0810,156.1900,159.8750,158.2910,153.8530,132.4290,109.7650,82.2002,73.5234,91.6938,108.6920,107.7950,109.3710,97.5955,98.9254,118.5890,128.5940,134.2710,130.1510,142.1810,79.5314,43.4087,8.8371,17.3370,26.2844,35.5349,27.0228,25.9498,27.6423,19.1489,35.2604,60.4524,80.6213,75.2626,44.8235,28.0715,81.2618,103.4750,99.1485,70.7017,29.0683,53.5632,67.9380,63.0579,39.0103,24.6279,46.3611,60.2484,52.8018,38.7720,17.1256,22.0462,43.3569,73.9567,106.9890,123.0890,124.9040,111.7940,78.2217,36.1847,56.4921,74.5730,72.4397,31.5029,32.4543,64.7046,91.1860,85.6432,69.5506,53.9708,39.0656,23.3414,23.9731,29.5978,22.1631,25.8232,28.3609,68.6692,60.3390,54.6815,54.8471,68.4242,69.6866,55.1075,46.4621,38.7997,28.2407,22.4273,23.2038,23.1951,17.2118,9.9669,23.0258,32.8836,39.6053,43.8393,55.4861,62.8031
53388.3000,48957.2000,26352.4000,27693.5000,43007.4000,36188.8000,25910.0000,22168.8000,21527.2000,17305.6000,13582.8000,10591.7000,9295.4300,8801.1600,7139.6200,6422.6200,6663.6700,4971.4700,3733.4700,3740.5500,3345.3600,2711.3100,2138.0600,1916.0600,1565.3800,1424.5100,1201.4300,908.7420,830.0620,647.6660,397.7360,261.6080,121.2300,109.0810,267.6020,349.3430,505.4500,790.8120,1032.9900,1089.5900,1045.4600,822.1220,453.7350,309.9960,529.3780,830.0380,764.0010,513.5940,345.3350,345.6520,367.1270,356.8580,292.4360,179.8380,70.5794,162.6680,273.7110,289.0140,249.4020,234.6510,238.0940,214.1850,156.4030,76.4012,38.0443,33.3233,77.5387,179.8390,202.0820,192.9730,170.6090,184.9210,219.1770,159.4180,77.0387,40.4835,124.1790,145.2250,175.1700,162.8490,184.0470,98.0501,100.0310,93.5000,110.9090,130.4020,157.0290,140.4230,100.3330,79.2005,85.3435,78.6119,122.9960,150.7060,126.9360,107.3540,80.9301,69.0322,58.4401,25.1044,16.1550,14.0335,60.4118,89.7012,120.6300,153.7110,184.5250,179.7930,200.7190,220.0850,198.4920,204.6270,246.3860,293.2650,321.7350,329.4160,283.0440,179.5290,96.5661,30.2130,100.4090,102.6810,98.6904,134.0930,148.1820,133.4040,87.5388,68.6837,72.4534,19.8677,64.0986,119.3230,164.1210,216.5950,225.8210,162.9560,98.6449,43.5512,81.6807,132.2840,143.0730,148.6700,135.8730,136.9130,120.7750,127.6480,210.4600,286.9450,281.1880,247.7790,214.5460,181.2530,129.5960,122.0270,159.6490,191.4750,187.9730,180.2070,174.2680,176.4530,207.2150,223.4540,172.6180,138.2490,105.2440,104.2630,132.8990,157.4290,167.2790,170.6480,184.9560,175.6330,166.4770,131.5940,115.7070,128.0900,119.1740,87.1405,58.0692,37.8726,23.5077,14.9285,51.8934,83.8325,137.4850,124.6550,102.8690,99.7611,96.1256,86.3504,83.3114,79.5428,58.6092,55.0370,91.1937,150.9680,190.3760,232.1240,227.5230,184.5420,157.1440,134.2060,124.2040,137.8320,148.6470,144.3630,138.4400,134.3540,106.1560,72.4227,69.8192,85.4574,96.2023,89.2667,81.5739,79.8410,97.4573,95.9009,98.0599,119.4280,126.6880,140.0010,78.5816,45.4221,14.3176,12.3918,12.1410,23.5556,33.3257,28.1421,21.2022,27.9437,43.0772,61.8233,89.9495,94.6942,47.7286,30.6306,71.5508,73.7997,79.2795,69.1018,53.6866,93.8011,85.0215,79.1353,46.4907,18.9766,41.1642,62.2770,61.7589,46.6797,29.2930,46.8815,62.8034,89.5660,118.1730,132.5670,129.6270,114.9700,84.1258,42.1836,53.0316,71.4532,70.4590,25.8877,23.1142,46.4397,64.5211,66.2245,62.9768,56.4322,42.1022,37.3546,19.4569,25.6496,12.5249,17.0376,43.7465,67.3873,69.4577,64.0713,63.0802,66.7261,62.4619,49.9709,54.8565,46.5495,32.4493,45.1520,60.6384,53.2895,36.1260,19.0025,26.6165,35.8416,44.4000,52.0443,61.1591,61.9795
52818.6000,48572.7000,25775.2000,26759.3000,41974.9000,35416.2000,25450.9000,21810.7000,21143.7000,17113.6000,13465.7000,10458.1000,9105.1900,8653.2800,6967.2600,6243.6600,6562.1400,4848.6400,3602.3700,3664.7600,3264.2900,2688.8000,2125.0500,1945.9000,1601.9100,1486.2800,1301.0800,1003.6100,937.6090,762.6020,500.5640,377.9050,237.8960,109.1220,191.3030,241.9910,382.1740,672.3300,867.2690,926.4370,917.1640,715.2010,359.8400,198.8380,410.4450,706.5950,662.1140,467.4610,287.2770,271.7690,303.9330,304.4860,261.3840,182.2880,63.6157,102.4320,201.9250,226.3990,204.6640,203.3500,196.2690,182.0690,138.5220,74.9814,38.6871,30.1752,52.1281,147.7680,178.5820,181.3600,158.0030,171.0990,214.7920,151.5530,116.4000,69.9537,148.9700,164.6880,192.0660,166.1980,172.1910,74.8565,85.7141,84.3753,110.5720,137.7950,164.9060,141.0840,108.3990,86.9608,87.9196,74.9524,113.3430,136.2690,115.7560,100.0300,74.5761,61.4415,45.8955,33.2067,29.2673,40.7002,76.2251,105.8220,138.5140,174.0500,200.4120,191.3100,192.4190,203.3540,198.3650,207.9550,235.7200,280.8340,303.9410,311.5260,273.3280,176.4800,103.6800,44.6917,110.0840,109.3360,107.6670,152.2230,158.5060,136.3410,114.3200,104.9070,90.2505,41.5691,57.4298,104.9690,162.1780,220.1010,213.0000,162.0780,106.3080,49.9776,77.3380,145.8660,165.9050,156.8640,123.6910,127.2190,126.0810,131.2490,187.4940,249.6970,254.5730,229.2420,188.4800,159.0270,108.5560,102.8510,143.0810,181.2900,175.5450,161.7240,168.4210,179.5840,212.8500,215.1260,162.9950,121.1920,83.6790,102.8360,140.4660,158.6350,159.1080,162.0820,170.4970,160.9780,145.7310,114.2300,109.8780,110.6940,81.4778,59.6742,50.2484,47.2099,50.1866,31.6476,87.1486,95.1385,141.6180,127.6050,105.6780,94.7632,83.7014,81.2578,76.5089,69.2738,66.2679,87.8683,124.5090,163.5990,193.4390,230.9620,236.0490,177.4200,138.7550,122.2380,125.2960,143.7000,148.4340,154.3830,149.0040,137.5930,96.0680,77.4795,102.1460,109.9050,111.2610,105.6530,102.9270,89.7436,95.6091,119.6190,122.8710,126.8910,127.8730,147.7390,81.7633,54.2674,6.8521,13.7316,9.8126,24.1294,33.4294,32.1489,27.6910,34.9215,44.3111,52.1419,79.6633,109.1120,73.5357,40.3457,65.5843,82.3618,93.2860,80.5668,39.7478,60.4497,61.5961,59.2753,43.8148,22.2915,38.2936,57.4507,61.3656,69.0206,53.2281,70.2558,64.1168,77.1295,94.6103,102.2270,89.5593,88.8479,71.2879,42.9289,34.5452,53.4145,57.6061,13.7331,26.2137,46.6653,61.2643,71.4497,58.9188,37.3087,21.4010,19.4021,26.3014,32.2473,19.2394,22.0165,44.6071,63.0317,69.6649,74.7295,73.9738,79.2812,75.0718,71.6955,56.0045,38.5333,35.7862,33.8947,28.2362,27.8376,28.8244,22.9997,15.0023,16.1971,37.9619,54.0455,49.4878,27.3156
53390.3000,48708.7000,25946.9000,27164.2000,42416.6000,35966.0000,26039.1000,22237.3000,21559.1000,17497.4000,13708.1000,10620.5000,9322.7800,8795.9900,7096.8300,6397.0600,6640.1500,4926.5200,3700.9100,3753.3900,3351.8900,2785.5000,2188.5900,1996.0900,1675.5100,1546.7500,1340.4600,1036.5800,939.5230,765.1720,536.1060,399.9050,269.3370,177.2300,240.8340,270.3240,397.3130,668.4460,868.7210,962.8320,956.4830,719.2870,370.4590,191.7570,410.1030,728.1080,657.7460,468.9000,275.6370,254.6990,315.3510,328.1500,273.7230,158.3180,81.0647,97.1151,195.9720,209.5040,197.7860,197.7720,185.0870,178.9850,144.2490,88.5862,24.1420,15.5227,83.5905,162.5570,175.0840,165.4670,153.6830,173.3460,209.0360,155.3650,108.7180,76.6865,135.7580,157.5500,177.5510,149.2390,137.4150,47.2749,94.8576,112.9410,145.6550,175.6740,198.1610,159.1630,113.0860,83.0685,81.0250,71.3689,127.5420,140.9300,111.4990,86.1289,51.5712,52.6286,53.2937,43.8513,39.6081,64.4098,100.3780,129.4120,159.6460,192.3690,199.1770,177.5630,186.8850,207.5860,200.8780,217.3140,251.3140,294.6570,309.6300,299.5160,259.3550,165.6740,92.0675,45.8579,97.7947,115.9410,95.7356,130.0670,152.0610,132.0100,98.7693,97.9087,103.2370,27.5411,69.9502,129.7280,164.6820,199.8760,217.5350,169.6130,109.9310,37.1416,80.1790,153.5810,175.3160,185.0470,148.4400,131.3590,122.6190,136.8830,208.6990,267.7380,257.2920,234.1300,204.4820,169.3290,117.4620,116.9390,152.3180,176.4870,167.0910,159.4540,159.6680,166.6870,199.1840,212.7540,169.3330,132.4770,95.4427,102.1550,137.0040,173.5870,185.5550,186.1800,180.8590,161.9060,159.7550,146.2480,133.4630,125.0320,105.6290,77.6458,54.1130,27.7400,29.6605,20.4584,65.9465,70.6470,132.9000,122.8720,96.4798,94.2666,99.8520,115.4070,101.5880,73.1278,58.6862,64.2587,104.1200,152.9350,189.4450,219.6330,227.7500,204.3690,166.5530,140.9130,128.8840,134.2560,147.1990,145.8840,147.0470,143.2360,111.8200,80.5795,88.8637,103.3340,109.0120,102.4090,95.8501,87.7921,102.6850,116.2730,120.8930,142.0100,149.8340,169.5460,88.1638,49.6684,28.4970,29.5345,12.8297,22.9724,30.7513,37.6943,39.4548,21.0258,24.9373,50.5388,75.4663,97.2954,82.7212,54.2961,71.9548,94.1153,101.8970,73.6247,29.8436,39.5240,50.4522,52.5406,41.7592,20.8908,46.6776,68.8028,67.0965,71.5874,54.3755,72.6078,71.8796,83.8979,97.2023,108.6150,126.4920,109.1390,69.8736,37.1480,65.0380,79.0444,75.3385,54.9756,39.3516,59.7913,83.9225,86.3506,75.9163,52.5413,29.8916,4.3116,18.0171,22.7027,16.5061,9.5980,28.6271,49.5352,53.2523,55.7968,57.1081,71.8758,79.9531,65.9646,52.0463,39.5037,22.1984,23.5877,39.4044,43.4021,38.7485,24.6034,12.9969,29.3811,45.5831,57.4031,65.3763,62.5893
53345.4000,48835.0000,26252.2000,27763.6000,43114.5000,36247.1000,25952.7000,22193.2000,21538.3000,17353.6000,13590.8000,10605.6000,9326.9000,8815.8800,7144.5800,6420.1200,6655.0000,4955.6800,3701.2800,3718.9500,3336.8300,2729.9300,2164.4800,1938.2500,1571.5700,1438.4300,1244.4700,954.7790,868.9940,694.5890,467.9620,344.5480,214.6440,141.6640,248.0140,284.4680,396.0110,652.7320,829.4920,896.4080,888.6860,670.8440,325.9800,225.1530,491.4310,781.6860,700.7990,497.1950,301.5760,285.5190,324.2480,312.6340,260.1260,157.8640,85.7627,124.7710,223.3290,231.9090,199.2710,199.2630,216.7900,197.9920,146.1140,65.7964,34.3869,29.4764,91.2466,177.6120,188.6410,176.6050,170.5430,201.8080,236.4760,152.3040,110.6390,62.6714,134.7870,154.0550,199.4180,176.6710,160.2690,61.1179,83.6276,103.7500,131.9340,160.6610,179.7270,156.1330,116.4530,84.9593,75.3934,56.6066,107.9540,126.3990,114.5080,102.5520,86.3182,68.0673,43.7387,37.0169,29.1727,49.2706,74.0777,108.8950,143.6780,183.5800,196.3310,177.1710,186.4100,203.1350,193.1150,200.8520,236.8840,284.1350,306.6040,302.0070,260.8540,171.5800,102.2620,59.4957,107.9090,130.7930,119.0080,140.6340,154.0660,136.3330,107.0800,92.2092,92.3092,48.5719,56.6929,117.2190,174.4860,211.4290,212.2300,164.6880,109.9490,42.5936,64.6028,126.2160,149.1550,164.2050,134.6910,114.5080,117.6820,143.3150,196.3320,247.5300,249.6410,222.0240,179.9760,150.1810,99.5389,100.5690,153.4960,193.2360,178.0890,161.0070,162.7880,173.0220,203.6760,214.8000,168.2630,128.3730,88.1730,96.5194,126.0540,157.1640,180.4690,195.7100,192.2970,172.4820,168.6990,155.0060,137.3050,119.6010,100.8090,77.0034,57.5653,49.4716,51.5319,23.2668,66.8597,76.8909,134.1440,130.6440,106.0950,96.4750,71.9273,66.6935,83.9313,61.0292,48.4811,86.4280,118.8310,157.9470,186.5940,215.6190,209.1200,186.2750,163.5690,131.4830,131.2100,143.9590,143.3590,143.4660,143.7740,147.3320,112.7110,78.9112,88.4116,117.9310,130.2010,118.9690,112.8010,101.5420,107.5600,110.2000,128.8040,150.6320,142.3650,140.0160,63.3732,26.5580,23.0957,13.2197,14.0361,36.4048,35.1496,30.2307,21.0530,22.6279,38.8525,61.7121,82.2766,84.1301,72.5375,60.0840,59.1963,72.3206,84.3339,82.3871,44.8457,66.4995,61.3622,57.5355,45.7549,16.7088,49.4155,82.3469,82.7072,61.5420,43.2144,53.3939,57.3916,74.0588,93.8012,109.8760,117.5900,103.1300,75.2283,46.5299,42.1106,57.6893,60.7374,39.5863,27.5337,52.5898,76.9759,72.8016,67.9098,53.8019,32.8283,12.3390,7.7585,19.8298,16.3135,9.8180,29.7183,49.2389,50.1558,46.5120,47.7611,62.0855,82.1308,82.1670,61.8629,47.5130,30.2129,28.6309,45.0410,44.0863,31.1488,10.8279,25.6673,35.7552,50.5831,62.8849,70.9853,66.2644
52668.2000,48492.4000,25826.4000,26982.6000,42179.9000,35462.3000,25466.4000,21880.0000,21169.5000,17099.5000,13420.1000,10469.1000,9142.2500,8689.8900,7016.7700,6273.1300,6576.8900,4855.6200,3582.5800,3659.4800,3286.7600,2718.2100,2151.0400,1939.6100,1599.8800,1501.9500,1301.4500,987.0800,928.8520,772.4890,523.1090,411.9710,269.4210,131.0540,197.2440,236.1470,329.3590,561.3500,724.8640,794.2380,802.4580,634.2410,298.7610,177.0210,430.8300,710.5810,614.6550,432.0980,248.2390,175.4210,233.4830,263.9930,225.7050,133.2940,120.7470,122.9910,190.8130,204.9330,179.9500,179.4900,183.0540,173.1870,137.3960,76.3037,23.8027,19.5375,91.2235,184.6350,184.6220,163.0880,150.5200,201.1210,257.9720,176.9410,99.6489,49.1240,129.2530,142.6950,174.5000,152.7690,147.9920,64.2790,87.9706,126.9830,168.7350,195.7060,194.2810,136.2920,98.9853,65.3689,53.7849,41.6612,101.3990,128.4960,115.3410,100.9440,93.3222,87.0415,47.6806,27.2389,26.3667,57.6603,87.4594,122.6240,156.2230,198.2740,201.5300,178.1670,210.9150,223.7000,182.6700,172.8330,231.2130,278.4630,292.5490,287.0110,266.4590,162.8410,110.8100,45.6913,93.0896,95.0945,113.9740,141.8460,147.8300,131.3490,112.0820,97.6685,85.4501,25.4138,55.0029,117.9450,183.4620,252.8240,243.7280,168.9350,101.0230,39.2420,75.3860,136.5890,163.5110,175.5220,144.0360,131.0180,143.6690,156.5110,199.6200,261.6410,271.3190,242.1570,200.1930,171.5220,105.1900,89.0651,149.7040,199.7570,177.9900,160.1360,169.0600,186.1400,224.0390,238.8350,187.5890,142.5070,103.7340,120.2920,158.7110,188.8940,194.4520,179.6800,171.7540,157.1420,148.9560,128.8670,106.1650,115.0330,115.4580,74.6560,43.7391,25.4501,38.8658,22.4043,93.4343,97.0997,156.5810,153.0470,110.8050,92.4355,74.0247,88.2190,90.9301,65.7747,55.1092,61.8565,86.7324,142.7550,187.1430,232.7940,225.7870,166.2020,126.2530,111.8780,106.7930,132.2770,144.8240,150.5700,135.6100,123.2990,106.4920,78.4164,75.6082,95.4680,109.8880,105.6230,91.7579,76.4913,97.3074,106.0230,90.2337,105.4980,121.8680,154.9780,100.9630,55.4792,27.0386,11.9497,28.2180,43.0860,47.1074,42.9547,33.6139,12.8119,20.9720,44.4524,63.1405,74.7432,50.6672,27.2620,67.8322,83.8039,96.7920,68.5997,47.0405,65.7115,63.1956,64.8381,34.9803,27.8532,53.0736,67.9272,57.7234,64.5832,49.5451,73.7650,62.1792,78.2499,99.1878,134.6380,138.6410,107.2200,79.5757,57.5786,57.4729,64.9143,68.0265,47.1245,28.0667,54.6687,84.1247,78.9756,68.4169,53.5721,39.6664,20.4865,8.1163,9.2742,15.4020,23.1206,34.8229,36.4946,46.8523,51.1034,49.9525,50.6345,56.3773,47.4941,34.5665,49.3317,42.4143,29.3808,49.9684,52.2696,43.9652,24.6153,17.4696,17.1918,32.6528,41.9459,31.4270,28.3295
53245.0000,48625.2000,25894.2000,27100.9000,42259.4000,35769.7000,25970.1000,22282.2000,21563.2000,17540.9000,13723.4000,10629.4000,9356.0500,8843.2500,7093.2300,6389.8700,6659.8400,4916.3000,3692.5800,3754.9300,3323.5300,2758.3800,2147.5500,1952.2500,1628.9700,1494.6400,1307.1000,1032.1700,954.1230,781.1190,548.0850,428.1370,300.5080,174.4340,189.3570,220.4720,300.2540,500.3200,678.0490,770.0020,778.0600,588.9620,271.3560,162.0520,418.7880,687.6410,585.1850,439.7990,260.8060,202.2640,262.4680,284.3220,234.7340,141.6710,129.4910,106.8750,165.1420,160.5380,136.4440,148.9800,158.3460,149.0480,114.0900,67.5636,34.4908,28.0299,66.1393,159.0240,173.1350,159.9460,152.7030,193.1410,245.2030,165.1600,96.2666,56.9457,140.0600,184.4480,225.3180,186.7060,175.5300,64.6443,92.4723,109.0140,140.9150,169.4510,186.6480,146.2320,103.0320,72.3425,75.6320,59.2465,118.2730,127.7510,109.3180,92.5635,68.3452,51.0071,41.4669,47.9718,42.9958,64.6919,77.7607,99.4041,125.1750,167.3480,191.9540,178.4930,191.2880,203.8020,191.4370,200.8880,226.0730,265.9900,274.5800,266.8270,238.4290,148.7760,95.6555,43.2053,101.7610,116.3810,112.6630,133.0960,149.2860,132.7290,103.5410,85.3066,82.2054,31.7842,64.4228,123.6820,166.5130,211.4580,215.6120,156.0400,96.0912,39.4931,73.8827,144.8470,166.5100,168.1360,124.1880,120.3710,124.4310,133.7380,191.6390,250.6820,254.5530,222.8620,176.3360,143.2830,98.4429,101.5180,160.1650,206.1970,196.4950,167.4260,161.7270,166.3480,201.4570,212.4930,153.6750,112.6560,83.4952,105.9570,135.5230,163.8380,181.1410,182.8680,184.3690,167.6770,156.7460,133.0680,121.1090,109.3840,93.4044,72.2631,49.2230,23.1061,14.4942,9.0543,61.1029,69.2681,111.8570,111.2140,91.5724,81.9703,67.1733,64.1240,80.6013,65.7517,41.3628,48.7109,80.5904,122.0500,158.0480,199.7210,204.1050,155.3420,119.8820,114.3050,127.3430,141.2980,150.6730,141.7130,139.1130,140.8890,128.7420,96.4142,77.5962,88.1758,113.1420,121.5750,119.0880,87.6531,73.9646,93.7417,121.4780,135.6320,151.7650,158.8490,92.5829,48.5610,12.6039,20.2016,16.1625,30.3964,37.3693,35.4143,27.8239,33.7398,37.5806,46.9515,77.4275,95.5325,66.9443,36.8133,43.2563,62.9412,76.7381,66.3344,50.5931,74.7138,66.5526,60.6322,46.0658,32.4191,36.2261,59.3159,78.3687,60.2113,40.3897,46.3448,55.8638,72.1752,89.9991,99.0241,115.6470,109.3010,78.3697,41.2951,50.5064,67.4863,66.7746,38.2487,25.4463,54.7914,90.3650,76.6299,52.5419,46.7254,40.5446,39.0255,17.9268,16.9314,10.1823,26.4138,56.1544,61.2887,55.8955,58.8875,63.5132,69.4575,72.3574,74.7166,58.3221,48.7495,53.0622,52.5122,51.9251,48.8368,43.7375,25.0586,10.1635,27.8187,45.4640,59.8659,64.2222,54.4654
53368.1000,48804.8000,26269.9000,27730.7000,43000.0000,36240.1000,26071.3000,22270.9000,21586.9000,17382.3000,13623.8000,10606.7000,9301.0400,8794.1900,7117.5700,6371.3300,6599.4600,4911.4900,3657.4100,3682.6200,3319.4000,2699.8300,2159.9700,1939.6600,1572.2800,1458.6800,1286.9300,1000.4700,919.7470,751.2990,508.5320,396.0170,268.7310,158.9850,243.5100,282.5460,359.8870,583.8010,775.2420,869.3100,850.8690,623.6970,291.3260,186.6690,452.4220,711.7170,612.5770,448.1490,257.4090,185.7960,237.4490,229.4480,159.5870,66.3529,114.1930,153.5840,212.2490,206.6760,175.9100,171.0790,175.6960,154.8000,117.4370,62.7574,40.7765,39.2447,98.4186,179.0630,194.1140,183.5630,167.1780,199.8680,260.9560,187.1260,127.7120,66.8746,146.1030,165.3420,205.5790,181.9360,164.1780,60.2641,82.2511,103.2910,136.1400,170.2360,197.3760,175.4000,124.1570,82.1922,65.6583,63.6581,127.1500,126.6180,106.2940,91.9614,79.0158,71.4726,59.7510,56.0579,40.2360,44.6750,62.0062,98.6511,133.3560,174.2000,176.2450,157.9880,177.9220,198.3660,189.3550,193.6090,217.1030,262.6180,286.3690,289.0880,255.2790,166.9060,124.9870,65.4088,96.8264,101.1510,109.0490,140.7870,149.8040,129.8710,106.3590,72.0493,57.4327,45.3508,69.6444,131.3650,193.0550,238.1080,220.9870,156.1560,90.3285,47.1941,98.5355,160.5880,175.4070,171.9730,141.3740,147.7020,137.2150,133.9600,185.9140,239.8470,246.1110,227.3410,189.0100,157.7700,87.8333,82.9999,141.9060,182.3990,163.5010,146.4350,150.9670,159.4370,189.1010,192.7870,159.0730,126.2990,94.4859,106.4170,154.6210,195.5430,182.1020,183.5430,192.8470,175.9320,144.4190,109.5810,116.3580,134.5670,115.9660,84.8637,62.5353,43.7629,30.5016,12.6599,57.2682,71.7258,122.2200,113.6780,87.7728,79.6182,70.5806,63.7425,72.1957,72.8642,50.0529,48.3764,89.2324,134.9710,167.4040,195.0130,186.8360,159.9700,139.6410,121.5370,110.0760,116.4030,128.4030,120.3210,110.3930,108.6940,105.4750,91.2875,85.3953,85.5305,91.1108,92.3312,99.2576,92.1803,87.2784,105.5580,120.2860,122.9490,120.6830,135.1200,92.5409,51.1514,17.4793,17.8103,13.0644,16.1393,17.0408,12.5014,22.2838,33.5250,37.1766,43.0348,68.5837,81.3418,57.6218,44.6282,53.1166,58.2940,59.8180,61.3698,30.4439,71.1217,67.3988,60.0219,32.5002,24.8563,51.7035,71.6567,65.9179,52.2299,35.6841,44.6328,54.3627,77.1252,104.2540,121.0900,114.6900,99.3871,70.2473,36.5420,47.6412,65.8321,68.8745,44.5592,18.1966,39.0479,66.6974,77.9074,71.6378,55.6825,47.7121,37.1926,23.6232,28.3714,13.5585,20.3650,51.1783,57.6554,52.4672,57.4057,64.3278,74.2564,79.1314,79.5075,61.1104,47.9925,48.0493,49.1317,50.7296,47.3637,41.2670,19.6977,7.7932,19.5312,38.4359,54.7779,55.2737,31.7522
52707.0000,48538.5000,25894.9000,27115.3000,42390.8000,35603.7000,25446.4000,21801.3000,21124.6000,17025.6000,13378.2000,10450.0000,9123.8700,8700.6400,7052.0700,6253.8800,6527.8100,4855.5400,3609.9400,3652.7600,3274.4700,2689.2400,2149.6500,1952.3800,1590.9100,1486.0500,1292.9200,983.5980,918.1270,756.8580,514.1160,403.0180,274.3860,148.7110,189.9850,234.0650,334.1810,542.0300,702.2970,781.2240,774.7390,589.9690,257.6050,152.1030,415.9190,678.2030,566.3330,430.2340,213.4150,139.4960,201.3840,198.1930,139.5340,96.0724,146.9530,145.1920,184.7840,155.5810,120.0940,132.2450,144.3400,129.7490,94.8919,35.4641,29.1603,30.6124,77.8127,163.8300,182.5670,174.2630,169.5650,196.3720,244.6810,169.7850,118.8640,72.6247,153.9290,184.3710,224.6430,187.6700,162.7480,49.0994,68.1838,103.0570,143.0500,177.2240,189.8010,160.3980,118.3210,83.0922,69.9802,62.6006,122.0160,137.3120,118.8890,103.8160,93.2822,93.2076,66.6338,50.6740,47.0663,70.0601,93.7118,110.0750,132.7700,162.6270,179.9250,161.4730,178.6090,198.1730,184.3760,195.3950,226.4450,267.4180,291.7220,303.1710,254.1860,152.1450,81.3942,32.9180,88.2958,112.3260,100.1240,117.0530,139.1150,124.1400,103.1910,91.7098,89.6358,44.4203,65.3145,115.3960,159.3620,206.3410,207.0560,149.6310,88.2998,45.5482,79.2481,143.4700,178.8370,194.1150,162.4080,152.7360,160.0910,153.7630,181.1570,237.6110,243.4790,219.5080,175.1410,145.6560,85.7126,89.2028,140.2310,163.8260,145.8810,144.9190,152.4830,161.4860,196.2730,205.2480,157.4440,119.6700,92.9605,111.9830,151.7820,189.9330,191.2380,183.7060,176.6910,159.9240,165.0410,156.5420,131.9480,122.6550,116.0400,80.1840,57.0948,48.1867,61.2232,23.0155,81.1368,88.6059,127.3660,125.1610,110.0110,97.2983,75.0506,70.1182,81.5693,66.7810,54.1957,72.5572,105.4490,149.9400,182.4920,220.0350,222.0720,170.7820,133.4480,125.7440,132.9410,141.8120,150.2950,144.4710,137.1350,131.1950,124.8840,98.2364,76.0123,95.7720,116.0740,111.7410,91.3484,83.8943,92.2289,95.8245,117.5430,139.2840,136.8670,144.8880,85.2232,43.1620,12.5344,18.6085,23.8847,26.8955,30.9810,29.2766,9.5627,15.7962,21.1865,34.4620,66.3078,86.0203,56.8670,42.6017,59.0762,75.9678,85.5216,86.6999,41.8425,67.2917,54.5123,47.8979,25.5536,23.8545,47.1376,64.0301,58.9349,52.3633,34.6247,51.5842,60.3028,79.4590,100.7040,113.2320,116.5870,98.3426,63.8803,28.9520,56.5198,71.0832,68.6394,35.2778,27.4927,62.7589,92.6639,95.0658,71.5688,57.7089,43.6002,32.4335,8.0224,17.9673,7.0985,16.4159,45.3291,60.5341,66.1918,69.0011,65.0117,47.8995,42.3719,53.9392,42.5098,26.1205,28.7620,31.6793,30.0293,29.0631,21.4939,7.7690,22.2092,39.6141,50.7312,56.7537,47.5573,45.6166
52971.7000,48500.0000,25733.5000,26823.7000,41954.1000,35515.7000,25753.2000,22079.7000,21359.8000,17343.0000,13583.1000,10521.3000,9208.6100,8703.2200,6995.5600,6278.9700,6528.4000,4808.2200,3604.9100,3687.2300,3280.9700,2701.8800,2118.0500,1931.7300,1619.1000,1502.2800,1320.9800,1055.1500,982.6920,796.0590,554.4270,444.3600,326.6000,203.3770,235.7710,232.3070,285.9280,492.0740,673.1860,765.5340,770.8100,592.7280,278.1970,173.4150,435.6270,702.6610,605.2950,452.5670,258.6190,189.3540,255.1140,267.2070,203.1420,110.3640,100.0960,115.6610,180.6570,189.0560,165.0320,158.5050,168.9390,169.3850,142.1400,84.9878,14.2375,22.0565,99.1516,181.0460,179.0610,154.0990,147.3850,193.6920,242.6400,165.2750,104.9360,73.2386,165.1490,187.1510,215.3860,193.3980,172.3900,73.1064,83.2728,105.6040,135.5480,166.3510,182.2990,157.1610,127.0400,98.3539,86.0577,50.3593,95.7367,107.3670,98.9687,89.9981,65.1960,77.0541,90.9148,63.8503,54.0103,63.9139,99.0951,115.9280,140.4920,171.5040,189.4050,169.8190,187.6930,208.8410,196.1560,200.2020,228.2860,279.2170,300.1520,295.5380,253.5280,165.8670,95.3117,37.9483,78.1776,89.0374,93.7788,123.4990,137.8080,122.4030,108.9190,92.1901,81.4864,47.6355,67.6241,123.5980,177.8310,226.1000,228.6280,169.2960,100.0660,58.5908,106.1890,164.9890,182.8450,190.6220,161.2260,157.3130,164.0800,148.5840,166.6520,222.1100,232.5460,220.8050,184.6560,152.8530,89.0502,101.0020,149.8530,172.9440,165.0090,160.4600,162.2510,172.6090,211.2870,228.7020,177.2970,135.8550,99.7541,118.0910,164.6730,193.8150,181.2450,168.4160,178.4240,169.4940,171.9700,147.2860,119.3530,117.6150,108.9640,85.6057,62.3043,52.1511,42.1410,16.3479,72.2331,103.0420,174.4100,158.1550,118.8850,102.2430,89.0338,78.2275,60.7675,49.7352,54.0132,74.1699,103.8070,149.6720,176.8280,209.1580,203.0590,177.7740,159.2960,127.6750,123.0500,145.4020,155.0860,155.0120,153.6730,150.1010,124.5720,100.5550,91.4375,103.1740,119.4430,117.4480,99.6237,80.2923,88.8381,106.3280,125.3280,138.6690,134.5690,145.0890,86.4858,47.8770,19.9562,10.2519,19.0386,23.5987,18.4183,10.3079,19.1810,23.3032,32.4516,57.3531,86.0321,93.0797,63.3698,58.9735,82.1569,83.4378,77.8352,52.1180,28.2282,56.2429,64.4037,61.8112,29.5852,27.5834,44.7550,51.8156,49.0948,60.5612,43.8110,68.9708,74.1244,91.0812,110.5210,119.2650,113.7150,96.2106,71.2493,54.4708,54.0336,67.4617,70.2912,46.5104,23.2602,38.4409,51.7966,56.9692,68.8822,65.3516,52.3027,42.2030,24.7910,18.8997,9.9702,10.4470,32.5489,46.0636,47.6868,52.2618,62.6985,70.0535,62.8839,48.5712,50.2292,50.4661,34.8181,28.1858,43.7131,49.0300,46.3788,33.8338,23.4694,45.2131,53.6530,60.3828,52.4553,33.2816
53274.4000,48718.8000,26211.4000,27692.1000,42932.0000,36220.0000,26082.6000,22200.1000,21495.6000,17370.3000,13599.7000,10567.8000,9277.2200,8760.6600,7075.9900,6341.6200,6558.4700,4890.5100,3688.9900,3709.3000,3333.7600,2721.8500,2176.5400,1945.9900,1594.0900,1489.3900,1288.6400,985.9700,918.6020,780.6340,552.7720,428.0690,277.4020,160.2180,212.2090,243.1480,296.5700,471.7600,632.2330,701.7920,669.9950,476.2550,213.6670,219.3560,500.6570,699.1080,541.1410,395.3970,191.1370,185.2800,242.2790,233.4200,164.5780,97.2487,136.4700,142.8820,183.7040,166.6410,108.2220,108.1920,140.4340,147.5070,108.7130,57.0415,24.3261,28.8227,80.3260,179.0110,191.1810,174.8240,157.4090,197.1600,260.6870,184.9450,104.9110,52.5051,137.0120,159.3110,213.2380,194.2750,177.2220,63.5663,51.4732,77.3378,122.5830,169.1800,201.3050,167.0720,120.5910,82.9014,60.3879,43.2423,94.6243,106.2650,94.4654,86.6233,75.4414,84.4591,77.6853,58.9288,52.5718,62.6418,93.9122,124.3160,147.2720,179.0760,177.0200,160.3150,181.5800,196.6480,189.9930,199.5200,215.3930,259.0750,285.0790,276.5860,233.7190,153.7920,123.6310,66.4461,118.0290,109.5460,100.4770,130.3440,150.4580,136.9560,122.9680,95.6726,83.5189,48.3464,69.9285,125.5110,180.0040,226.8860,234.9430,181.3150,117.7440,53.2503,82.8820,148.4770,171.2190,187.8390,156.9720,153.5970,159.3670,157.4920,193.9290,252.3640,256.3290,224.9490,189.0880,158.5850,118.1850,111.8470,161.5260,203.9600,191.7330,166.4460,171.0170,177.8160,221.7470,234.4830,169.8880,126.1800,95.3969,112.6040,145.8600,164.3510,169.8760,166.8610,165.6630,150.3470,141.0950,119.2030,118.5140,124.4630,101.5390,75.5576,60.4846,55.9718,49.2612,15.5902,64.4727,91.6680,159.8580,154.1290,117.7800,106.2440,96.6390,83.1601,75.1771,68.5205,41.8930,61.5870,110.1030,131.4370,157.9920,191.8150,205.6470,153.5470,137.5600,131.1030,119.3190,135.9270,151.9570,152.8280,134.0170,133.8840,123.6910,87.6967,78.4182,96.6335,118.9770,123.9980,114.9660,82.0749,87.2818,115.0920,124.2830,136.2170,141.1010,158.4130,103.3040,54.6833,13.5947,29.4027,28.5298,19.2191,7.9584,12.3261,16.6942,26.9238,43.9919,62.3259,92.0315,94.2578,63.6309,44.7650,59.3633,73.0257,84.1729,81.4893,37.8790,58.6556,50.5927,48.2280,36.5274,18.6758,37.5536,65.2431,83.6676,66.2921,51.3838,66.3308,80.1210,100.3300,122.8750,124.4390,125.0030,117.2370,85.7715,49.5031,62.9061,87.0355,92.7272,62.1435,26.1466,30.8521,53.6195,69.5005,74.8211,60.1223,41.8907,23.5275,3.1596,14.3002,7.9223,12.3362,34.8506,32.4128,36.6300,47.4247,52.3245,42.8048,53.4943,59.6014,34.2933,41.1029,55.1393,55.2358,61.5995,64.7978,63.2705,37.8617,16.2562,34.8903,43.1343,57.3536,50.9525,53.1975
52622.6000,48498.2000,26031.6000,27385.1000,42592.6000,35692.7000,25512.8000,21885.5000,21173.9000,17039.7000,13348.7000,10459.8000,9161.5400,8699.5500,7045.7100,6272.9500,6556.3500,4884.8400,3639.6900,3695.3600,3327.1200,2716.0100,2169.5900,1960.4400,1604.6700,1508.4000,1316.6400,1012.2600,963.3210,820.8000,601.1220,504.7760,385.1870,258.9730,253.6710,264.8530,233.7850,265.7510,348.5730,406.7180,369.9000,225.7800,126.0450,255.0930,518.0100,574.6070,475.2480,381.1660,185.1710,141.0430,199.9180,200.3400,177.2520,175.6590,208.5140,180.3010,137.8950,92.9155,83.0334,103.2690,109.9700,109.1080,68.8733,36.7783,52.7990,64.5285,126.6400,208.4440,209.3710,183.1690,189.4800,243.5810,302.7330,199.8920,135.3270,75.1364,178.8570,195.4590,233.0050,220.7290,189.2430,80.3472,39.4931,86.2570,134.3050,184.8710,205.8840,171.9990,131.4490,94.1610,50.0345,10.0615,46.8272,64.9593,73.5197,60.8201,64.0438,89.7759,79.8751,73.5205,65.8041,87.9331,123.4950,146.7420,163.5770,183.6270,187.4250,180.4660,206.6560,224.2820,205.4540,194.4640,202.4440,247.5910,273.2040,268.5760,220.6420,142.7570,111.1860,80.6047,88.7715,115.4260,126.0960,142.2900,134.1840,117.9890,101.6460,105.0470,90.0346,57.8894,77.0645,133.1320,201.7960,261.4430,253.6670,196.2980,130.7550,76.9371,92.3227,150.1470,180.7940,193.7810,173.1480,183.1410,172.8840,140.7540,166.8870,222.3230,234.0950,225.4180,186.3010,156.7650,92.0076,96.0956,157.1860,194.1030,183.4430,182.0350,183.8700,185.5510,210.4970,219.2500,166.0630,124.3530,111.2960,133.6730,159.3680,189.3850,213.4420,188.5820,172.3660,157.3120,163.3900,148.7200,130.1220,117.7490,92.9896,61.1557,38.5418,12.3513,11.1695,10.9204,69.5105,75.6450,130.6260,120.4750,95.0667,88.3684,62.9893,33.9465,36.4925,46.5297,39.0304,53.9351,94.1690,129.9920,152.4520,175.6000,176.8930,152.2850,129.4720,111.8910,99.9708,101.7890,111.1200,118.1850,115.1240,115.9920,113.7610,77.9567,57.8334,83.6501,102.2890,102.8720,94.7854,87.6968,84.6445,93.4058,111.5370,125.0790,137.0230,149.2830,87.5610,57.2545,14.7576,7.2006,9.7433,8.1622,7.2039,5.0197,2.6660,17.6778,33.7514,51.1548,71.9672,81.7467,54.1797,34.4936,65.5197,83.4337,102.4120,83.7640,55.8097,67.4991,56.4387,43.4353,20.1575,34.8298,55.6637,67.5308,58.4743,62.0375,43.5237,63.5695,70.9896,97.3685,117.1630,137.1920,141.4670,125.7630,95.7555,51.7047,46.4782,77.4944,92.3893,66.9463,21.3751,32.3002,51.7377,58.1117,57.5094,48.4602,26.2612,16.4590,26.6633,19.9625,17.6368,37.7323,42.3783,46.1388,58.2538,68.2032,69.2325,75.6850,88.4601,74.2087,53.0908,47.2968,48.2731,59.7039,64.3936,58.9488,33.3381,28.3243,23.7473,28.4176,33.6716,51.2240,38.6480,28.3239
52686.9000,48370.0000,25696.4000,26724.7000,41813.6000,35366.2000,25587.0000,21937.4000,21225.5000,17245.6000,13515.6000,10456.1000,9147.4200,8699.1600,7002.6600,6237.5400,6507.6200,4824.2200,3610.3100,3677.8100,3293.9400,2716.0100,2162.3200,1968.0200,1628.7100,1530.3500,1356.4600,1093.9400,1048.3200,895.7190,709.7110,619.6680,503.8500,389.4040,342.1660,388.1520,398.0820,314.3950,206.2410,223.5980,218.6800,307.3390,443.1260,536.2300,530.0300,537.5390,485.9710,374.6090,300.8730,268.8480,280.7620,304.1230,322.5930,309.4360,284.5000,241.6290,206.8330,178.0180,185.4290,187.9590,197.0800,195.2810,156.4140,133.0170,131.4810,108.1990,121.2990,179.8990,211.5100,224.3660,237.1200,296.2470,325.0530,219.0580,180.6610,72.2070,159.7220,172.3200,203.4020,204.9570,215.5270,143.4290,56.0608,22.4325,46.3188,98.2328,152.4900,148.7950,128.1220,115.1060,104.3790,87.2859,60.0857,43.3146,35.3077,28.4709,62.5365,76.0526,83.1879,86.8778,78.9966,95.7528,131.1530,159.1480,174.0070,198.1960,215.0910,225.3640,246.6570,252.2510,211.0700,182.0460,194.5390,226.0000,230.5710,207.2340,182.9670,114.0830,147.4420,126.9720,155.8290,170.0160,165.3670,173.7790,171.4410,146.2900,121.4930,122.2170,109.8820,65.2103,90.7597,146.4310,195.7050,241.8460,237.8230,186.0630,132.4530,83.4353,65.7422,124.6160,162.0240,175.1170,158.4350,147.3860,117.5810,110.4000,160.4040,218.5070,244.2530,232.2000,189.6210,141.8080,72.8565,94.8255,156.8340,204.9340,178.4230,148.0880,160.2300,171.2110,211.2840,221.2680,178.3910,142.0940,131.6460,152.4350,183.5720,206.3780,223.8620,217.2050,202.5170,177.9860,175.8290,148.7420,146.7770,155.0370,124.4710,88.0445,65.6603,45.2671,29.5439,27.5542,67.7729,97.9025,151.9570,112.5840,82.9329,44.5938,23.2760,21.4541,36.4788,58.7774,62.8756,67.9330,87.4853,118.6750,143.2970,166.1400,173.7340,160.1430,141.8690,110.3490,103.3320,114.0030,117.0700,113.7210,110.3180,102.5270,75.4540,54.8059,57.2639,79.8154,99.4638,91.6689,74.1792,59.6757,79.9042,97.8987,114.6450,131.4510,136.5300,150.6690,88.8064,68.3189,28.3879,11.4607,25.9123,34.5612,21.4377,17.0896,18.7059,27.6692,28.8987,42.4331,55.3845,69.1880,39.1177,28.4749,55.5331,60.0669,70.6891,65.9616,53.4350,75.0315,63.1227,53.4051,40.4626,33.2499,47.0667,64.9880,66.7130,50.5976,31.9775,51.4209,60.2166,75.6333,92.0374,120.0470,137.8250,105.9630,69.5665,37.1826,53.5365,71.6406,75.7765,55.7062,20.7783,22.1214,42.8495,56.2691,59.9622,49.3769,33.0866,26.5267,18.0837,38.3839,30.8614,24.9577,47.4206,63.4687,67.1672,63.0226,52.5522,47.6781,64.7917,67.1121,42.0495,33.2101,35.6098,32.4680,40.2845,51.9953,63.1727,37.8419,18.2097,23.0626,26.6423,40.2268,33.1763,29.0460
53342.2000,48701.4000,26132.9000,27454.8000,42665.0000,36115.9000,26043.7000,22144.9000,21472.0000,17363.7000,13592.2000,10536.8000,9293.6700,8794.5900,7073.0700,6338.5900,6556.9900,4863.6900,3657.4700,3692.6100,3306.7400,2681.7900,2137.8700,1914.5800,1549.5100,1438.3400,1249.5500,973.3740,913.0350,731.0170,524.0430,379.0610,268.7760,164.0410,133.5170,252.4690,497.2800,951.3890,1355.9900,1444.8900,1536.6700,1335.4200,881.3750,551.0690,386.9310,298.9900,259.9710,299.8940,332.6920,372.1570,385.5660,381.6270,338.9030,258.6970,180.0000,181.1160,217.4940,231.0290,244.3520,300.3440,328.4100,314.1070,262.7190,225.7420,183.4240,136.6920,33.8140,99.4859,144.5200,174.0490,168.0530,185.3800,205.9660,170.7120,143.8130,80.7264,93.4628,136.5250,180.9460,197.5860,226.9430,159.5530,109.3480,98.9030,89.4813,57.1874,74.5940,61.3643,97.0582,127.3730,127.2250,137.9310,157.2550,152.8620,110.4020,75.8860,65.5877,42.2157,78.3195,93.2710,106.7510,117.1070,126.2670,140.2130,187.9520,225.6500,231.6070,228.2690,241.5490,206.5650,165.4740,154.4720,198.6070,220.4330,232.5100,222.4880,168.9710,66.2555,116.3330,145.4650,214.8910,221.8600,197.9320,211.0610,201.8110,175.5920,142.4850,139.5560,121.9290,81.5947,98.9656,150.8150,202.8660,226.6820,227.1830,197.2750,140.5000,87.4636,84.1908,150.6740,182.1650,179.6790,140.2990,120.4980,106.1210,90.6245,139.9280,219.1520,225.4430,190.5530,146.7340,106.5550,48.0889,91.2933,137.0760,165.3290,150.6460,152.8770,162.5110,181.3890,224.0570,244.4880,196.1570,150.3990,126.3590,162.1700,214.1020,242.5000,228.0890,200.5890,202.4020,188.1120,184.0290,157.7460,138.1310,137.3040,112.4720,68.7882,44.7275,47.5758,36.4221,38.3349,77.5171,105.9030,140.6480,121.9580,87.3233,64.1971,41.0186,43.8309,62.0754,85.0874,81.9887,69.5029,96.4704,140.3590,167.6590,195.3580,210.7620,184.6030,142.2010,125.0620,129.8720,141.5150,139.1200,125.7350,103.5190,102.2110,89.8201,52.7244,59.1769,92.4943,102.3700,99.7950,88.2579,81.9724,81.4244,102.2940,118.7800,115.2760,97.2855,112.4720,59.0835,82.3955,43.5439,28.9896,23.1567,25.1414,21.2190,15.0411,10.6615,8.2713,25.1420,34.9848,50.7801,46.9679,20.7737,11.6620,45.3488,55.1916,69.2112,63.0018,59.8175,81.1815,78.4775,63.8448,38.3860,20.7246,36.9923,45.7880,49.8477,63.9180,36.3052,59.6555,64.1847,88.1674,117.7870,137.5920,128.3230,103.5920,70.4616,25.9622,45.0529,67.2588,74.7466,48.9318,13.1590,36.1511,61.1837,69.7203,61.9550,53.5852,42.7151,26.9437,10.3386,35.9587,37.9072,29.9929,10.1097,16.2953,20.9785,26.0094,33.9951,42.3964,39.7448,39.0439,37.8711,37.9526,40.1676,38.8579,34.0065,20.5651,17.6391,27.3242,32.6842,49.4870,35.3891,29.6777,19.5770,16.7580
53186.5000,48937.0000,26389.1000,27644.6000,42914.5000,36076.0000,25762.7000,22014.9000,21354.8000,17224.4000,13525.6000,10590.6000,9307.7200,8855.6000,7220.5900,6454.1900,6677.0200,4975.4800,3754.6100,3813.6700,3417.1600,2813.1800,2239.1300,2036.1400,1681.6800,1564.3700,1408.4500,1158.4000,1100.0500,921.4000,702.1040,636.1680,544.7310,509.9420,674.0620,887.3080,1155.6200,1478.3300,1948.0000,2186.0900,1779.2200,1270.5500,980.7260,821.2980,744.6400,440.7070,113.1710,92.2999,169.2220,200.6510,274.6270,292.2150,224.9020,198.7480,172.4460,140.0080,138.1930,128.8000,124.5320,162.0230,214.3370,218.3110,171.8020,124.5270,77.9576,55.6001,113.4860,177.4180,171.6880,155.4890,138.4840,167.3340,231.7260,156.0210,174.0560,119.0660,200.0670,235.2660,245.3470,243.1370,254.3640,161.1040,95.0802,83.2478,77.8304,91.7133,110.7950,100.0410,79.6039,58.0147,36.0821,18.4411,17.0516,46.6114,69.9091,86.1567,63.7472,46.2006,37.6793,35.2512,42.2445,55.4727,60.0078,71.9694,96.9837,127.3880,143.6370,142.6480,154.2600,156.6270,155.4710,196.2170,253.3360,271.5530,278.8850,265.3400,209.1200,98.2009,80.0114,105.1150,181.7890,182.9720,155.0480,145.1930,144.1270,116.0520,99.2292,97.4735,86.4622,56.2961,75.5623,127.3370,181.5340,231.1630,247.3960,210.4200,152.8170,95.3249,77.2394,113.5220,138.6730,143.2100,127.0650,129.6960,127.0330,128.6240,173.6170,228.3420,231.3520,197.8220,153.8280,122.5100,76.0243,77.8274,125.5100,174.1980,175.9880,149.1340,145.7730,166.6430,229.7050,237.9110,183.5680,150.6440,116.1180,132.1050,171.0910,180.4380,162.4330,142.1670,146.1450,133.9380,125.6070,107.1240,111.5800,109.0290,89.8173,78.1916,62.2720,46.4614,33.0224,26.3480,26.6003,55.6716,131.8260,125.8030,113.3040,85.6490,59.6635,50.0295,61.0851,74.4372,64.4618,71.7033,93.8975,129.2970,160.1910,199.0410,204.0890,161.6120,144.0640,134.9450,140.3000,144.0260,142.5120,127.5870,118.4740,110.4840,87.4468,62.9925,65.3757,96.1693,113.0230,106.8670,101.3880,106.3620,118.1660,117.0790,115.7070,112.9480,91.4016,91.6343,41.9077,71.5009,46.7465,33.8976,26.2680,43.0097,60.5177,67.7080,49.5452,36.5780,53.6898,71.5035,91.4217,81.8712,34.7057,14.6517,50.5161,53.8137,70.6991,61.7641,67.3919,81.1676,73.2631,56.1942,37.7388,37.5259,59.6088,74.0561,78.7497,70.1132,34.7438,63.3965,71.0602,94.1986,104.0910,111.4800,106.9170,81.7714,47.5250,18.7487,60.1975,68.0746,63.9678,42.6695,21.8746,30.4803,54.8627,78.0205,60.7457,47.7895,37.4497,37.3153,12.0096,15.0842,5.2634,12.1016,11.5379,16.2414,37.4320,38.5617,32.2971,28.6975,38.7358,50.9386,49.9367,35.4885,29.0023,37.2495,38.0890,34.2914,22.0446,5.8113,4.0562,11.9166,26.6463,23.1182,26.4032,18.7994
52844.8000,48583.3000,25858.5000,26746.0000,41909.6000,35413.6000,25411.4000,21719.2000,21063.0000,17043.8000,13387.5000,10421.5000,9155.3200,8741.6900,7051.8800,6270.7600,6530.1800,4852.7400,3651.0200,3715.1200,3351.7600,2756.8100,2257.7400,2102.8900,1768.3900,1716.6200,1568.6100,1341.2200,1359.0800,1217.2700,1071.7600,1048.6600,1001.1300,991.8310,1146.5500,1398.3400,1702.6900,2052.6800,2289.3800,2135.0300,1880.9700,1568.0700,1245.3900,1185.1600,968.9080,518.5240,263.1870,343.4220,444.9020,481.1440,487.2830,460.7190,401.3240,235.9930,143.3490,181.1860,198.9800,197.7970,203.0880,223.7450,228.5910,179.3810,105.5540,47.1049,49.5694,78.6972,150.5720,239.6670,248.1260,240.2210,199.4610,236.9040,266.6510,164.9320,163.3780,105.1070,194.3740,195.2360,207.5570,218.0770,235.8480,148.1540,116.5430,103.3370,121.7410,117.6250,146.6430,92.7227,45.6325,19.2359,11.0193,12.8568,53.3122,63.8132,62.3376,49.0075,14.0028,10.4843,18.4704,11.7192,9.4668,19.1139,51.6026,89.1943,129.3850,170.8960,204.1990,199.1690,207.2830,231.2940,219.5380,246.5060,296.7190,331.5970,341.8540,310.0320,233.8070,120.9990,80.8579,73.7541,132.6290,124.9940,105.6640,128.3420,140.2020,133.5000,132.9530,139.8600,125.8410,74.7009,100.6530,166.4350,234.2010,275.0360,280.5910,244.6520,190.3420,98.4096,58.0810,124.1890,160.1740,166.3240,154.4230,131.3940,102.5020,106.1020,152.0650,193.7340,192.9070,176.9520,150.8690,107.9020,54.9370,110.0630,146.1900,171.1310,156.8910,134.1150,107.6810,98.7643,118.2620,131.6680,114.4190,103.3240,84.3397,104.3060,141.2740,155.8450,151.3510,144.7650,153.7420,165.8980,163.2720,152.0010,147.6370,122.2370,75.6182,38.9291,15.4670,10.3914,9.6384,27.5758,68.1787,69.4031,107.8980,89.7700,83.8655,73.7096,48.3046,34.8674,53.7943,75.4198,67.2586,59.5728,76.6831,126.0500,159.5190,191.8510,189.8110,175.5040,175.9230,137.3670,104.6310,117.4710,126.3730,133.6300,119.3510,115.6350,99.5599,86.6103,99.9572,109.1170,111.7970,108.3870,112.3410,105.1420,114.6740,127.6960,128.4390,121.1080,100.1740,90.3290,26.4065,48.7395,29.4125,21.1852,30.1650,48.9891,66.7355,61.6960,36.8286,37.9986,55.7938,59.3683,55.8433,41.4211,14.8701,14.1721,45.7126,58.6180,43.8579,55.0772,45.3322,76.6951,66.4623,48.9046,37.2342,55.7762,72.2130,75.9949,59.8085,51.0438,30.2658,53.5232,63.3916,82.7306,102.5500,114.0310,115.9260,94.1172,57.6027,19.5278,53.7640,63.1301,60.1546,31.9836,19.4193,41.5954,57.8732,53.4817,40.6158,32.8554,18.2215,23.7125,30.3645,47.3136,42.0397,23.3124,10.8895,28.7866,33.8585,37.6076,48.9261,56.0641,59.1641,61.7646,43.2811,22.3047,35.2913,45.5885,39.9594,35.2271,37.2755,34.6535,26.6738,38.0311,37.2552,30.8790,20.5909,11.0681
53539.1000,48905.5000,26147.3000,27284.7000,42532.0000,36107.3000,26077.8000,22153.4000,21490.0000,17410.7000,13651.7000,10604.1000,9369.8700,8885.3200,7188.8200,6460.4400,6672.5700,4985.8400,3754.5600,3755.6700,3407.8500,2807.2000,2326.5100,2121.5800,1735.9500,1703.5500,1543.0800,1297.1500,1315.8700,1155.1700,1090.9400,983.1220,1040.6300,1050.7300,1106.9000,1412.1900,1760.0600,2085.2400,2177.1400,2139.4200,1994.2000,1551.0600,1275.9900,1216.4400,1002.7700,599.3270,315.5420,409.1220,519.2960,572.3130,559.8240,559.0750,466.1910,297.2040,264.4950,328.8510,318.3690,288.3730,254.7230,221.9160,226.3640,199.8170,121.2030,61.8395,61.8696,98.8341,186.6800,251.3890,263.1270,258.5380,218.7680,219.4780,229.1710,151.4530,161.9920,94.3002,160.9080,136.8790,151.3210,168.4400,207.2460,142.1640,125.9520,127.9970,125.9270,135.6860,148.8480,124.3530,87.8187,59.7202,28.4132,18.8621,12.3993,37.2194,37.9679,26.7468,21.0796,29.1753,40.2903,35.8110,34.3190,55.2310,83.9471,124.4700,170.6240,221.1320,254.6400,237.7900,247.2210,273.3350,265.6160,271.9010,279.4050,329.1880,347.7700,317.3190,235.1770,128.2130,86.0749,71.6271,137.7330,127.9710,122.0100,155.5950,160.2430,135.5030,120.9940,125.2570,112.8460,64.8910,95.8869,169.0480,231.9680,263.4350,264.1610,221.2610,168.9160,78.5722,42.9905,124.0050,158.2990,179.4410,152.2410,133.9950,133.2870,129.8780,161.5160,224.6650,237.0780,202.7830,163.7000,120.6480,79.2178,124.6870,169.4040,201.5730,183.8610,154.6670,123.6650,106.1170,114.1060,127.2900,109.6080,99.6573,84.2789,105.2790,146.2100,172.6280,171.6470,160.9160,177.1430,184.7380,188.2300,171.6260,159.5040,144.9470,104.4610,55.0460,21.9429,27.5259,21.5367,12.1799,47.9853,64.3836,104.6200,82.0274,72.4245,61.2140,42.5127,31.8924,63.6444,84.0390,64.8381,74.6199,102.1640,128.9150,155.4750,189.6620,215.1990,193.2280,159.5240,127.5600,108.8610,117.6270,123.0940,125.3420,109.0610,109.8720,99.8494,69.0625,70.8006,86.8901,101.7630,112.4350,108.6800,90.0485,100.9320,131.9750,120.5250,107.2110,92.0484,96.2008,36.9231,58.8187,33.1163,32.1378,43.2140,54.0982,52.9549,51.8038,41.3180,40.9195,56.3048,60.9634,61.8346,51.6942,24.6869,18.2559,56.2911,74.4264,57.7569,59.4545,64.2226,83.7755,78.7093,68.8171,66.5074,66.4682,70.3350,69.5144,76.5542,78.7452,49.4289,57.2384,51.9137,73.8030,103.0410,131.0130,121.5410,86.7172,46.7024,37.3023,74.2838,84.9046,82.5686,45.0153,19.8569,37.4596,52.0937,54.1444,39.2754,17.7337,12.2260,27.0834,48.4877,62.3766,45.3495,41.1209,50.4748,46.9619,49.6200,62.7297,69.2091,63.4553,60.3165,72.4951,70.4721,56.8970,55.6196,50.4155,47.3487,47.8108,47.4379,27.2357,30.1024,29.8574,31.6082,30.4439,30.8490,13.8426
53234.4000,48933.3000,26326.4000,27606.2000,42945.6000,36148.8000,25798.1000,21975.9000,21325.2000,17141.7000,13458.5000,10565.6000,9315.6000,8871.1300,7223.8700,6426.8700,6669.0700,5010.5500,3710.0300,3703.0200,3390.2700,2770.4600,2302.9700,2081.7900,1665.0000,1619.0600,1476.8200,1261.5500,1282.3800,1118.3100,1039.1300,955.4830,1025.1600,1009.3600,1043.6900,1362.1900,1715.2900,2049.8400,2193.9100,2141.3600,1962.4900,1476.9300,1214.3200,1203.7300,1021.4600,628.4710,379.1720,389.5940,480.6250,535.8380,521.7240,516.6420,415.4830,223.7600,189.6900,270.0780,263.3170,245.4140,235.9140,226.7570,220.7470,205.0470,138.3260,79.1161,61.3084,84.6461,172.3720,240.3170,252.0950,254.6560,234.9590,239.0650,236.8070,168.6730,149.2690,59.1198,144.4540,133.1670,139.6660,154.3820,180.1970,131.3990,123.4620,135.7700,132.6340,143.5320,155.2130,106.6220,67.0647,47.5971,39.6876,34.3727,27.5503,39.5765,40.1478,15.0743,25.5132,43.9971,51.8871,43.6487,39.7265,54.2486,74.9713,107.5500,156.0170,207.3760,242.5080,230.3120,237.7290,252.1870,249.5890,276.3480,288.0950,331.1800,346.9300,331.2110,245.8950,127.3220,49.3448,53.6262,108.5100,121.3530,112.7760,133.4420,151.1200,136.8070,122.5920,125.4820,112.2500,70.3563,102.5640,166.0460,226.4200,275.1580,269.1730,214.6630,158.7010,72.3208,47.4223,129.7670,162.6690,176.0050,149.8570,141.4070,125.4760,134.5410,185.1920,226.2150,231.9370,209.9810,161.5160,122.4670,69.0597,105.4810,151.5350,187.9830,171.5930,130.9980,109.0680,99.3842,123.1430,136.7010,107.4690,92.0583,68.2842,96.4157,138.7230,153.8590,161.2780,173.6050,182.7000,174.2410,175.1610,159.2330,158.1000,153.5620,112.0880,65.1386,26.8403,10.5359,12.2752,21.6594,66.3279,79.3305,121.0150,93.8609,67.2100,43.4064,26.3472,30.9286,45.9589,52.9547,52.5855,60.0771,69.3034,108.4850,149.2390,179.1010,185.3180,163.1100,154.4820,119.0620,104.2960,125.1800,128.9740,131.5440,121.7710,119.7760,90.2896,59.8281,76.9164,103.7950,111.8500,105.0330,102.3520,89.6287,100.7200,118.4150,116.8940,116.9820,102.2140,98.5222,32.6268,62.1872,44.0237,42.3327,31.2042,42.7442,54.3100,47.7711,37.2463,39.2140,52.1960,64.1986,75.3701,74.8866,39.1250,18.3298,45.8045,59.7001,52.7105,43.3121,37.8696,64.6068,76.6745,61.9804,32.9049,45.9534,70.5306,81.2348,57.8278,40.6811,22.6429,42.2980,53.8249,73.3758,93.1002,108.6710,114.7380,90.4998,49.1010,20.6042,78.0444,77.9389,68.6254,28.1561,15.8945,25.4551,37.8272,46.3818,35.0548,16.1276,19.9921,27.2911,40.2852,62.2461,55.5951,45.5870,45.1609,42.9191,46.0484,51.8102,54.1274,48.3147,57.2941,69.7179,50.4284,31.2956,29.3106,37.6102,38.3949,32.9189,21.3503,10.1075,6.2226,14.9259,22.4318,23.2227,11.2792,12.8060
52880.3000,48680.9000,25918.1000,26698.8000,41888.6000,35425.8000,25338.1000,21559.5000,20931.6000,16914.0000,13327.5000,10385.6000,9103.1100,8708.2300,7023.4800,6246.3500,6551.3100,4874.2700,3629.3400,3704.0800,3368.9200,2786.0800,2285.8400,2106.4300,1767.4600,1737.4200,1586.3400,1339.2100,1371.7600,1234.8500,1093.8300,1079.0000,1024.4300,1013.0800,1141.2800,1385.5900,1666.9100,2012.7400,2306.9100,2209.5000,1915.4300,1528.8100,1220.8000,1182.8200,1084.5400,685.7530,412.8930,414.4740,469.2930,455.8480,477.7170,457.3210,417.4320,242.4720,123.4280,122.1780,154.7790,173.9310,193.1170,209.1990,210.5000,186.1060,128.4760,68.9936,17.3923,53.3652,153.4430,243.3950,250.2400,244.9840,203.4000,231.3480,259.3200,171.6670,152.0680,87.0457,200.3590,212.3940,221.0020,228.4160,245.0180,160.0740,120.3190,112.9220,128.9570,146.5340,182.0790,130.9490,68.3960,37.3567,19.2279,15.4740,69.8187,98.2019,91.1751,73.1464,22.9529,18.4204,28.4556,22.2529,18.5500,14.7180,15.2836,50.7937,85.2177,128.0830,158.4060,166.3980,186.5140,212.7330,215.7220,251.5980,285.2990,313.7630,311.4100,294.8520,240.5930,121.0410,88.0855,97.1892,160.8340,149.1660,125.5710,134.8600,149.1910,127.0690,109.6790,100.7970,92.0988,76.1719,104.6400,151.8870,212.4260,284.6230,299.4350,244.2940,180.4800,104.2320,55.7898,124.8440,166.3220,195.8060,176.3450,160.6930,139.1990,126.7800,171.9680,236.3320,231.6510,201.6600,165.1600,140.7550,77.9842,76.5084,128.8970,169.8450,152.0660,119.8800,110.4260,117.8220,166.4720,167.3410,126.8910,108.2130,106.9860,135.2110,153.0490,161.5640,172.1160,155.7730,155.6810,150.1320,151.0740,132.7230,131.5180,131.2560,111.1580,71.7540,44.3859,8.2645,7.0464,23.4127,79.6011,79.4371,126.1330,91.2396,78.6624,56.8250,28.4915,22.0279,33.7008,39.3644,35.5770,51.2945,87.5649,123.7620,150.9650,179.6930,190.2740,166.3130,166.2580,148.8210,118.8470,117.3980,130.7690,147.1390,136.2900,124.1000,105.9250,83.1556,82.1220,94.9802,110.1370,106.9750,109.1730,102.0380,117.3000,120.9680,119.8270,119.9600,99.6070,92.5013,36.5233,44.0015,22.2941,17.7478,35.5975,42.8791,42.2043,30.6063,29.8271,48.5399,63.6055,64.1814,66.9704,63.1726,32.0213,16.4394,48.3508,60.5662,56.4959,57.6258,56.8329,90.3309,83.3683,61.3267,29.5998,45.9440,63.2205,66.2699,59.2382,53.8553,29.6049,48.3887,62.2451,85.1736,99.7788,95.1778,100.5730,88.2450,49.2253,19.9467,72.9502,80.8416,71.7308,40.4113,22.7671,48.1925,65.4234,64.7371,57.5364,31.3976,28.9844,22.8763,34.5335,44.4932,55.1620,34.3384,19.2801,38.7052,48.6303,46.0628,43.1957,46.1278,56.9419,62.0291,49.9823,43.0058,44.6752,41.6055,42.3251,43.4766,44.3074,28.3653,17.5036,27.0729,27.7234,29.0444,21.0628,8.9095
53576.8000,48914.8000,26056.8000,27046.3000,42303.9000,35979.5000,25970.1000,22061.0000,21438.7000,17391.6000,13656.6000,10594.3000,9363.2700,8883.0500,7173.0000,6458.3100,6698.0700,5015.6800,3794.5900,3809.0200,3441.9900,2893.3200,2352.8100,2171.7100,1837.4200,1748.2900,1599.0900,1347.5000,1319.7500,1190.7200,942.6220,880.8070,859.1010,839.8800,940.4710,1076.6000,1367.4000,1673.8200,2110.4900,2231.7100,1781.1100,1335.4100,1017.4100,958.4550,998.3270,770.2590,463.3720,345.6700,304.6010,284.2980,338.2480,322.7150,286.0790,220.2690,137.9350,96.3232,77.6062,64.2316,101.6250,167.1840,213.1580,217.1990,181.2080,138.5180,83.0151,40.8959,115.2890,180.9680,186.4920,178.9570,163.0310,201.0510,250.3920,169.7910,150.6850,88.5082,196.0340,232.5990,252.2190,262.2680,267.4610,156.0430,95.7145,86.9667,97.1694,112.1200,138.5120,122.2260,79.5113,49.5498,25.3336,21.9820,14.1494,61.7866,63.4251,71.5412,42.7922,15.1685,9.5637,10.8323,7.4317,35.0335,62.9062,82.8088,109.0020,126.6440,147.1290,156.9090,166.0800,159.9970,150.0160,196.5470,257.7440,285.6250,280.4660,245.4400,201.4650,99.9825,103.1430,115.9680,177.0930,166.0030,147.8260,138.7940,134.6610,108.5610,87.4626,93.2555,91.3121,47.2979,71.7992,123.8530,167.7130,235.2440,255.6230,212.6380,156.9200,105.7510,57.0492,118.0380,151.1600,169.9340,155.3330,153.3840,133.0140,128.0880,175.7080,245.0930,261.1070,232.0900,186.5990,157.5410,89.0714,76.0823,122.0290,145.0580,118.7520,132.4970,136.4350,161.7570,182.4150,180.3620,151.5100,130.8910,107.2940,116.4360,145.0270,151.2270,144.9820,121.2640,116.5500,112.0390,109.3520,99.7688,105.0900,119.7980,89.4921,50.7339,25.6585,14.8583,13.8686,17.6308,41.0113,66.4199,118.8440,124.1080,104.2690,89.3885,61.4877,64.2841,86.0350,77.4219,61.5739,66.8312,81.5004,122.3040,156.3350,192.2020,205.3080,175.6690,146.2140,134.6870,137.9620,143.7100,142.2800,145.4730,137.6950,136.5080,113.4390,83.2180,79.6254,87.1358,106.1590,113.8520,108.4380,90.5142,101.8600,118.7350,112.9420,105.0150,102.5470,104.3910,49.8623,57.0822,23.8422,8.9358,45.3349,41.0570,44.0561,46.4997,40.9341,27.1276,50.3133,69.2885,75.1013,61.0667,17.6188,22.9952,63.7489,52.7755,66.9475,44.9892,55.4974,65.3507,62.5008,48.9671,25.3373,31.3448,54.6088,70.8105,58.7090,38.9569,30.9349,73.0063,87.5596,116.2510,106.0680,101.2700,113.4490,84.1603,48.0040,18.9773,64.0424,68.4539,64.6576,30.0803,22.0383,40.1714,53.2004,52.7057,40.8533,31.3806,23.6607,22.3391,20.6527,32.4599,26.7072,14.2196,21.2026,36.2319,42.7904,39.6144,39.4803,40.5391,46.7473,41.7808,31.0340,26.0498,26.8858,31.6301,30.2907,28.3622,28.2399,23.1241,26.0519,31.2538,33.9881,36.6326,36.7188,22.5245
53559.1000,49047.2000,26408.4000,27645.7000,42965.6000,36273.7000,25961.1000,22115.7000,21511.6000,17295.7000,13583.7000,10569.1000,9318.1100,8871.5900,7215.3000,6448.0800,6662.1800,4997.8300,3771.8700,3792.8300,3421.8200,2833.6200,2267.5800,2062.5700,1731.7500,1618.0900,1448.1100,1187.2600,1120.3000,950.0070,729.7910,629.6030,525.7800,547.0650,714.5000,873.8660,1153.8800,1450.4000,1871.2200,2106.6700,1691.2800,1061.7500,764.0080,844.3530,849.0290,712.4200,437.2780,245.5060,156.3540,150.8630,202.9310,228.2250,135.6900,65.2227,88.9985,148.9230,185.9530,149.0650,129.6860,166.5000,209.8670,238.4810,210.3670,161.7830,90.9439,56.9691,57.2958,153.3540,173.3940,172.1540,131.7650,150.5300,194.7740,141.4380,114.6370,84.4517,176.1710,231.5200,270.5110,247.5510,265.5890,167.9050,81.4308,77.7910,81.5926,97.0113,115.9510,87.3491,52.3008,24.2504,11.9829,29.9193,46.5059,61.9946,70.6440,84.1470,65.1877,27.4624,13.2006,13.3026,31.6755,49.3562,70.3138,89.3236,126.6200,162.5320,173.5510,158.4450,171.5880,179.9910,162.1340,167.4410,226.4140,272.6020,291.9810,263.0320,216.2480,121.4780,98.8810,75.6313,147.3360,184.5950,167.5190,145.6370,135.6540,120.4650,90.1045,81.8604,94.0369,42.4594,36.9459,86.4085,128.5520,172.9900,199.4360,166.2070,120.9200,51.4042,49.3429,111.0300,128.0730,137.8950,127.3960,126.3380,112.6810,134.4680,206.0140,256.4620,252.6500,217.7280,164.4140,128.8580,72.1462,89.8595,141.4500,184.7060,165.5880,140.3150,138.4520,155.2470,207.8730,225.6990,173.3420,141.0730,107.0200,129.9710,175.1680,197.0280,182.0010,156.5790,146.2040,143.9060,128.7760,95.6350,88.4443,103.5460,90.1349,60.4843,44.8121,47.1930,51.1062,15.8668,58.0334,87.7327,153.8120,143.9390,117.5890,98.0471,79.3995,61.7278,53.8159,64.1935,67.3294,76.8566,95.8032,118.3140,146.2440,182.2030,204.1360,160.5230,138.6410,135.9110,126.1060,127.1540,128.8380,130.5780,116.3040,122.6790,111.6840,73.9454,72.6375,92.8241,100.8820,105.0010,105.9080,97.4429,94.7024,113.9330,121.2610,105.3320,110.0740,109.6350,60.3330,73.4000,28.3629,23.3935,32.5277,40.7902,49.1133,54.4060,38.2879,27.3902,38.9884,54.6117,68.4730,77.4650,50.2728,29.5183,55.3428,68.1278,90.1136,72.0304,53.3019,59.6728,49.3685,44.5682,26.6599,53.0917,53.5351,53.2622,47.3643,40.3090,41.6642,75.8636,91.1595,105.2060,115.8510,131.7240,126.9000,98.7747,61.0858,29.7753,67.3089,82.7121,83.0482,50.6065,18.3395,35.7628,48.4893,56.7387,47.3665,38.1400,25.2368,30.1519,21.1606,24.9022,10.6124,13.0528,22.7629,29.2640,44.3239,50.3143,44.5189,37.1469,37.4756,46.3017,41.7807,31.1897,31.5846,32.7102,27.3099,21.0877,15.0217,9.3425,21.1901,32.3420,32.1665,29.8553,22.3640,16.5893
52925.0000,48755.1000,26044.8000,26893.2000,42062.7000,35487.5000,25435.4000,21774.0000,21129.3000,17026.2000,13436.1000,10445.4000,9085.3500,8690.5100,7039.9700,6262.3000,6548.6200,4857.0900,3622.9400,3699.7300,3319.9900,2782.2100,2226.6400,2068.1500,1736.5400,1617.8400,1446.6700,1193.7400,1141.2100,956.2990,732.2530,638.6110,507.0330,478.0130,627.6130,770.8140,1059.2000,1482.3000,1886.2400,2174.7900,1839.1700,1196.3100,824.9010,835.7870,846.2110,726.0020,470.0670,260.8490,126.9980,126.1260,197.2510,230.6940,169.7280,84.4360,107.3820,116.0860,173.9140,141.4270,115.1870,132.7580,172.6140,200.6120,175.6640,136.9370,82.8574,68.6729,91.1219,181.1690,192.3200,191.9600,144.2660,146.9220,183.0700,148.7880,115.8430,88.1072,139.8640,203.9930,241.2380,222.5200,243.5630,164.4910,84.4832,84.6659,88.8309,99.0031,123.1780,88.4371,36.6728,15.1936,38.6240,49.3153,68.5214,87.0051,92.5712,92.7205,73.6063,42.0246,20.4003,13.2599,5.3908,24.3202,45.3108,69.2379,108.0960,142.8650,146.7850,148.5200,174.5160,167.0410,142.6430,165.3470,239.8870,279.7550,292.1050,260.9320,206.7310,110.4900,92.1263,84.1171,155.6470,183.8300,170.1990,152.9450,144.9250,132.4650,105.6870,87.1436,95.2531,54.7875,41.0689,91.2930,134.3890,157.5290,165.8260,143.9790,110.4420,56.9504,33.4675,95.3993,123.4930,136.9020,131.6320,133.6010,115.6650,118.6990,189.1050,241.8060,235.9630,210.0610,159.6910,115.7950,59.1221,105.9660,148.9520,178.0790,153.1490,136.0670,153.7860,173.6620,228.6430,224.2650,175.6350,143.1420,107.7590,127.7020,181.2500,218.6140,196.3780,152.7500,137.3070,133.4150,132.2670,111.5210,109.0940,114.3160,98.4726,72.8316,57.5593,56.5389,55.3835,33.3701,50.5210,91.7190,165.8220,145.0020,113.0990,100.5340,82.1762,56.3202,61.6371,79.5304,78.3303,79.2165,88.4894,130.6900,165.7460,195.4910,194.5690,163.8870,140.9290,110.2070,106.3480,116.9240,113.1490,111.7340,102.8430,109.0690,95.1951,70.8022,75.2009,99.5902,106.0790,103.8170,104.2040,101.0500,108.7140,119.6040,132.4990,119.2650,121.3210,106.1170,52.7034,51.7906,14.2704,21.2542,27.9475,42.4187,35.6103,34.6303,25.6329,24.6402,37.8041,52.4067,60.9310,72.4275,40.9684,28.0452,57.5815,72.9727,99.4265,76.3923,58.3242,57.2848,40.2323,21.6830,21.4653,66.9238,74.1248,75.6186,73.8856,49.6394,30.4904,48.3686,68.3895,93.7820,111.3210,110.5870,112.1010,86.8323,46.1781,39.5672,87.4363,92.6944,81.8188,51.6871,18.2760,21.4132,41.7123,46.2863,46.6552,44.6035,38.1105,30.5041,18.9756,19.3205,23.3469,18.9033,10.3492,18.3383,30.3699,30.8787,30.4572,28.1712,31.7133,30.6526,16.7133,15.9014,28.3237,32.3892,34.5944,29.0890,20.7967,3.9615,5.3855,17.9121,27.5336,34.4911,28.3041,18.9322
53411.0000,48880.0000,26099.4000,26989.1000,42165.3000,35886.0000,25958.1000,22063.3000,21410.1000,17408.7000,13680.2000,10617.8000,9341.3400,8840.8800,7146.3800,6441.2700,6658.5400,4943.2000,3750.6500,3798.2200,3380.5500,2849.0800,2270.8200,2098.0400,1798.2800,1679.1900,1518.9100,1286.8000,1234.9600,1066.9800,870.0020,786.2200,690.6810,665.1850,830.0090,1050.7200,1248.7700,1601.9500,2032.6500,2238.1500,1812.7200,1248.0500,1041.1300,1007.9100,952.5150,703.1110,372.5510,248.7700,209.2890,197.0780,260.6200,266.4850,187.0470,143.2430,119.6690,116.4450,134.5610,99.6687,97.5728,138.2530,192.8500,214.5260,174.0810,123.9850,60.8543,37.8508,101.9320,190.6140,205.2310,203.8970,169.8330,202.9440,256.1720,181.7000,150.1290,78.1878,153.9060,202.8260,239.7060,240.4320,255.2080,155.2240,93.3882,87.3805,94.8630,113.3570,142.2140,126.4630,80.5383,49.0887,43.8362,40.9040,51.4487,84.0203,97.2765,109.8900,77.9051,30.0630,12.7247,12.7573,19.9761,39.8936,60.8663,87.3254,117.6500,158.6350,172.8670,161.2080,169.5870,167.4830,161.2500,205.8810,271.8370,312.1450,326.8960,314.5370,259.8880,148.3380,103.1240,67.4166,136.3060,142.4900,124.2630,119.8030,124.0910,103.5370,95.3872,102.3180,93.5575,52.8510,82.8684,132.4520,160.9170,206.8710,233.0920,193.3310,137.7910,77.3078,56.6963,126.7800,156.7040,175.4250,166.3410,165.5450,137.6650,136.0190,192.3120,255.2950,260.9840,214.7780,155.1760,117.0940,70.1876,95.5020,137.5070,164.5750,133.0600,123.3060,134.1010,146.9990,194.1310,196.8860,153.5650,127.8710,101.2170,128.3080,176.8780,186.9750,158.0320,135.7040,138.2860,129.4240,136.5100,127.4690,122.4200,116.8050,108.5870,77.7661,50.1856,33.4137,26.4396,6.9434,54.5480,76.5214,116.9700,107.0480,85.7683,75.0399,46.6453,38.6530,61.9218,71.9924,75.8734,84.4114,98.5442,138.8750,160.7810,180.8620,186.5050,189.1290,170.7460,126.8030,109.3940,116.9430,118.1130,101.8590,89.2120,100.8200,91.5475,64.9095,72.4185,103.6930,123.2630,124.5030,119.3180,102.3880,104.4690,122.5400,136.7490,126.9820,114.8040,100.1760,42.0404,54.1054,32.9855,33.3368,12.9634,21.4579,22.7310,34.3775,15.0120,15.6991,45.9626,56.8538,73.7816,68.8431,39.0725,21.7548,50.0336,63.1969,79.0049,62.9804,43.8798,47.6249,48.0751,22.9268,8.6876,52.5368,57.1624,65.4627,60.4049,53.8575,34.7528,67.7960,77.3870,94.7587,104.6330,110.6500,105.6960,80.6662,49.1218,24.3086,64.5932,81.6399,84.8310,46.5756,20.0943,37.2843,59.2170,75.4100,60.7412,40.7651,31.0979,34.9560,28.6666,33.8468,32.2065,38.2668,38.7631,35.9364,47.0471,51.8163,48.9282,41.9545,43.2210,42.7506,33.3720,37.5942,43.8548,45.5031,44.5341,39.5241,30.2117,19.5523,10.2195,8.0190,15.0115,20.8014,24.9393,24.4883
53477.8000,49000.1000,26374.4000,27653.2000,43005.2000,36330.8000,25935.0000,21967.2000,21362.3000,17200.2000,13483.6000,10509.5000,9303.6000,8840.7800,7161.9900,6407.4000,6640.3700,4989.5400,3745.2400,3750.0600,3419.6700,2806.0400,2308.4800,2107.8800,1748.6800,1686.4300,1547.8400,1288.1900,1253.8700,1093.6100,871.4200,851.1960,827.4590,797.1720,902.7890,1052.5600,1358.5800,1658.3800,2027.1700,2017.1100,1588.7100,1262.6700,1010.6100,1031.3100,986.6730,630.1320,303.6970,235.3570,245.6980,258.2990,312.9960,298.5740,272.9080,218.7480,153.0880,123.8470,102.6120,92.4954,126.8620,186.1790,235.6310,236.3470,174.4430,104.5390,28.9314,32.9901,118.3860,214.3720,227.7920,228.2650,199.1340,247.1180,296.6860,219.9570,177.2920,81.3721,171.9000,204.6360,229.7570,243.3350,256.0330,158.0930,101.4860,97.5320,111.5410,139.2020,163.0800,134.1100,96.8742,70.2159,49.5503,26.6874,36.0172,98.8331,109.6910,121.3900,58.8357,23.2360,36.0866,33.2445,8.7606,15.9953,34.5713,60.3253,88.1087,112.8060,111.7770,117.2830,155.9530,177.8050,174.4830,214.0580,254.4170,290.5610,303.6230,299.7260,239.9920,129.7890,78.0105,52.3407,107.8540,129.4450,115.7450,102.9170,106.2570,95.6499,86.0694,88.9891,72.6958,53.5724,92.5726,153.9250,208.9550,256.5960,273.9090,235.6360,180.9640,99.3527,40.4393,109.5940,148.2540,176.6790,171.3470,167.6690,133.3350,128.8500,188.1580,250.2480,263.8220,239.6800,193.1230,141.1620,72.1899,76.7926,128.6260,163.1380,156.2760,151.1610,150.1020,160.1670,196.5550,193.7290,148.5730,118.3980,112.2840,144.4470,177.1720,191.9070,179.2140,137.6340,133.4990,143.6750,149.2030,142.7950,148.0800,137.3160,91.1905,55.3456,37.4862,31.6149,29.6612,16.9086,60.2881,81.2728,121.9250,112.1380,95.7283,79.2825,44.5837,44.5236,55.0231,55.3164,76.5456,84.4546,84.6644,118.1860,146.7220,177.7440,182.3440,167.2320,159.7070,137.7480,121.0220,110.0490,114.1370,107.5100,111.8440,117.1210,90.8733,71.0754,68.9523,78.0995,98.5144,94.0977,84.1387,72.8101,94.4179,114.8050,118.0970,108.7680,103.0620,98.9769,54.8778,72.4983,36.6832,25.7864,25.1487,33.5816,38.8917,41.7198,36.3905,25.3017,26.7119,42.8066,58.9930,75.7910,36.3565,17.0249,49.6119,54.3483,70.8685,45.5600,29.7845,31.4846,33.2499,21.3888,14.0715,38.7460,52.4139,60.8547,64.1429,55.1624,37.5528,59.5741,66.1608,87.1795,85.1959,83.8424,100.8970,78.6529,41.9155,23.8885,64.5324,71.7763,67.1421,39.5858,48.3038,56.5917,72.3942,52.9755,34.5669,31.0503,22.2510,22.6378,21.2246,25.0313,26.9306,19.0604,15.2501,25.2791,34.2913,38.4725,37.7670,43.2279,47.6081,45.6302,32.4432,48.0834,57.2460,35.7730,40.2377,45.0719,43.7073,18.3091,14.8076,21.8330,28.4366,33.6543,22.0701,13.5477
52742.5000,48595.3000,25894.2000,27034.1000,42361.2000,35593.8000,25292.5000,21571.8000,20942.1000,16866.7000,13251.1000,10369.4000,9112.6400,8717.6600,7092.6600,6321.3700,6613.6500,4953.9800,3690.2300,3728.0000,3394.0600,2817.4900,2314.1800,2144.5200,1789.7800,1722.7700,1585.3500,1324.0800,1291.8800,1139.5900,932.0950,907.6690,862.8330,800.1460,863.9950,1063.4200,1316.7600,1617.3400,1978.9400,1985.9300,1595.3300,1204.6400,947.7630,1027.7600,1039.5100,722.2020,391.5330,279.5050,264.6290,274.5820,331.8350,344.1880,331.6820,262.0420,179.7300,131.6590,97.6550,82.1038,103.3870,143.7800,170.8350,170.5730,126.0810,79.3899,24.6779,28.4053,114.7720,188.3660,184.7940,175.3710,161.0660,217.1840,269.7550,190.8860,181.6600,101.9090,199.8090,231.9460,246.4990,252.3970,250.1610,145.0200,80.3348,91.4276,109.5190,143.3220,166.7150,145.0750,103.0550,76.1433,51.0019,34.8641,22.5356,59.1920,80.8364,98.2545,68.7533,30.1970,9.9218,4.1178,10.2056,34.9698,51.0007,69.5488,102.5340,140.7100,136.7550,133.8180,187.5500,195.7280,177.6080,224.8650,264.2720,290.3820,281.5270,256.4470,199.6810,109.1430,89.0385,74.7273,144.2260,142.9970,116.1360,127.8930,131.1600,106.7520,82.1792,80.2993,71.0673,46.7341,77.7713,139.4410,199.8090,245.1840,246.5230,215.5000,165.0890,95.8958,46.0837,117.6070,154.1360,182.9530,180.0740,173.5590,139.9830,124.9150,169.1760,238.7300,245.7690,208.6630,164.9930,115.2750,52.3170,71.0370,118.1920,155.0230,143.7840,118.4800,117.3300,131.8560,186.6480,191.5910,152.4900,132.3290,109.8770,128.6950,174.6290,187.4280,167.7580,143.4900,142.3390,135.9340,139.9580,125.0380,135.7380,152.8220,118.1890,66.1501,33.9449,29.4111,27.3780,13.7643,51.4470,74.4961,138.3240,114.7220,99.7433,71.9111,42.1129,32.8974,47.4832,59.7684,59.3843,75.0228,95.4968,125.3540,149.6370,176.6500,188.2640,176.0790,158.7290,126.9470,118.4420,114.8720,111.2860,109.0480,116.8120,128.2850,105.2840,83.2936,69.4250,84.0258,118.4660,116.7730,109.6400,86.8102,104.9770,134.4530,137.8510,121.0830,96.7063,83.7819,47.6503,70.9938,60.1421,41.3738,20.6036,22.0798,23.4511,30.0232,17.0394,14.5835,46.8320,55.6796,59.7031,54.5007,27.1038,14.2270,34.2416,55.3741,77.3879,86.5535,67.0721,70.3001,40.9637,20.6161,23.4346,47.4951,59.8750,62.8623,59.5655,33.6104,18.3147,39.3872,66.3129,90.7723,100.5600,110.6280,124.1310,99.3575,68.9462,19.3626,43.5035,60.6782,71.5362,39.7617,52.8906,50.0925,52.0265,50.6995,57.0139,51.6236,28.4017,31.2299,26.9768,42.2096,28.3367,20.5765,27.4044,26.3203,25.5102,29.4014,27.7905,27.9137,38.2868,45.7156,31.6153,27.7573,38.3825,37.1168,30.1682,32.1234,31.5888,25.2425,6.4728,7.5516,5.9874,14.6213,17.7774,5.6415
52922.2000,48519.3000,25715.0000,26742.4000,41942.0000,35530.1000,25656.7000,21935.3000,21258.9000,17275.1000,13527.8000,10463.4000,9184.8000,8718.3900,7037.0300,6323.6600,6585.7000,4878.7600,3664.4900,3735.0900,3352.6600,2803.8000,2249.0000,2093.1200,1781.0500,1682.5000,1525.5500,1276.0700,1224.5700,1058.7700,822.5300,736.4820,696.9090,650.2770,728.3700,861.9170,999.4180,1335.6100,1723.9700,1929.1800,1531.4600,996.9880,723.4490,813.8480,840.7820,725.6580,454.3720,267.7320,151.5980,107.8050,168.1640,205.1870,147.5820,115.6050,127.1370,134.0210,159.3920,132.7120,114.5060,162.2360,202.6610,205.8880,173.2600,129.3270,68.8144,29.4161,102.6500,183.0470,190.2070,184.5670,134.9910,163.8640,222.2680,167.8760,127.4060,79.8935,147.1340,204.7650,231.5500,225.7410,238.3070,164.9620,108.9290,126.1260,117.6750,134.7500,151.0980,126.8660,69.8142,41.4916,51.1744,47.9329,50.5407,72.2164,87.4674,99.2158,87.4714,50.2487,24.0151,9.3168,15.7722,45.1137,55.6593,67.2201,90.4266,114.0770,121.5500,111.4370,125.2280,139.9990,128.6700,155.2640,222.9680,249.7110,263.3720,221.9340,172.5570,95.0482,124.0170,118.6060,176.3250,189.5370,170.2290,154.2440,148.7970,126.6250,113.7520,96.6986,78.8048,29.3923,52.4628,100.6580,132.9840,164.6250,173.9350,150.3200,112.5230,62.2707,41.0899,126.7320,148.4990,159.2380,152.5500,149.7080,126.4850,146.6360,209.7080,259.7540,274.1470,240.4990,185.8660,130.6770,69.2495,82.9030,133.4180,172.5710,154.1690,136.9950,142.4050,156.2610,203.4120,212.3190,164.3980,135.3170,109.7720,140.4870,191.3720,197.8800,173.7240,153.4360,133.9560,128.4810,115.3670,110.8510,110.3710,103.4940,86.9613,57.6533,44.7940,57.0214,62.4526,34.8975,45.7073,76.8405,139.1240,137.0990,113.0690,99.9113,68.8931,49.7863,65.5953,78.7872,76.1776,89.1002,110.0740,141.7500,168.0270,198.7160,204.6290,179.6760,177.2330,156.9870,141.7730,135.9820,141.7490,138.5670,134.0940,132.7010,116.9840,84.6831,73.2022,104.3590,124.9110,117.6000,117.5170,110.2620,124.4900,133.9070,138.0930,125.2110,108.5800,98.5106,41.9422,63.4790,31.0709,29.7056,28.8986,43.2226,50.9725,45.8220,34.4533,32.5375,44.3256,64.5202,74.6959,87.7883,59.8062,37.0933,40.7047,60.2242,78.8858,96.0381,57.2745,71.3006,30.5720,25.2260,35.6823,50.8476,55.9191,56.9665,52.0834,28.8645,17.7088,44.6142,77.5307,110.5420,127.5820,111.2100,97.5209,77.6862,46.4437,25.6928,69.5701,79.6666,76.7752,42.2603,15.4123,33.8697,47.4390,61.5411,49.8479,42.5681,34.3877,34.4873,18.1699,17.3019,9.4882,6.2473,17.3110,35.7803,38.8270,30.9650,31.2169,44.2569,53.5329,51.7089,22.9810,21.6959,41.4437,47.9821,44.8459,34.3272,23.3828,12.0390,6.0004,26.8754,32.8904,34.6129,15.4035,7.8756
53236.1000,48677.2000,26162.6000,27598.9000,42816.8000,36119.6000,26007.2000,22203.8000,21530.4000,17414.2000,13618.0000,10531.0000,9263.9700,8783.5300,7127.6200,6401.1000,6626.0600,4946.9800,3682.9400,3677.8900,3321.6900,2761.9600,2212.6800,1988.0400,1646.9900,1539.5800,1350.5900,1079.6000,1011.2200,814.3080,562.3740,451.6070,322.8350,293.5640,449.4430,575.6040,788.3110,1150.9800,1465.1700,1733.0400,1551.9700,866.3280,414.1760,537.3240,716.8050,622.5480,458.6440,234.8640,44.1183,160.4300,233.7980,262.3500,251.5950,173.5440,106.7860,163.6370,218.1020,207.6220,205.7780,226.4930,246.8420,267.0070,232.2450,170.3300,116.6760,66.6961,50.6457,167.2680,191.3960,196.6360,146.9590,152.9490,169.4020,127.1100,61.0274,31.9098,115.6540,177.0820,225.3710,218.1350,237.2070,170.3620,84.3171,93.0157,92.0822,110.9890,119.1360,85.9591,37.8373,31.7107,52.6022,86.3451,123.4700,155.7410,143.2690,130.4480,84.4607,46.1713,11.5539,13.8962,20.7404,41.6117,65.3387,91.2795,98.7429,136.7270,158.0600,137.2560,146.8240,156.3830,130.6340,106.2000,151.9610,195.3540,215.9310,200.1490,179.7570,119.3400,146.9410,132.5060,167.8150,183.0830,158.7540,166.4900,166.8130,144.0160,129.3730,115.6470,112.7960,72.8299,60.0837,104.5190,151.4410,194.1710,209.1470,185.6200,154.6550,89.4632,18.9403,83.3731,113.5490,131.3510,112.7630,103.5090,108.3330,127.7000,171.4830,233.4630,246.2070,204.9050,159.8140,104.9270,22.6856,88.3527,118.6560,159.2260,141.1230,122.8690,127.4200,142.4870,185.9280,214.5480,181.4790,151.3800,113.2270,133.7570,196.3540,241.5430,227.9210,195.3600,169.9830,169.0600,152.1260,120.8650,120.9400,148.2170,113.1880,65.8974,56.3204,62.9025,63.9473,26.8383,40.5815,80.5593,129.8860,127.6110,102.1430,87.0351,68.2146,61.8878,65.1262,71.0553,79.2486,93.9143,114.9230,152.7540,187.6210,213.4370,216.8980,172.5500,148.9900,139.2080,128.3580,132.7660,130.9230,131.3340,114.6870,116.2600,104.8640,78.6071,75.2341,92.3638,114.6950,117.6600,110.1730,99.5097,115.4690,147.3300,151.5160,133.8570,113.1170,114.6990,52.6858,75.2301,37.0197,23.5167,15.9990,21.0928,28.5882,41.6485,47.3487,26.3056,41.4204,71.6367,84.9212,88.0611,44.5082,31.3108,61.0519,76.5799,88.4754,87.0199,44.9545,61.2906,33.6196,37.1344,14.4247,40.4566,54.4879,58.7560,58.6366,35.3740,13.4399,42.5700,67.4224,97.5658,110.1570,118.4640,116.4320,90.0984,57.6143,26.7802,44.9173,61.4732,72.7841,52.3260,25.8647,25.3449,29.9840,29.4886,23.1912,19.4807,23.9977,21.7013,20.3667,20.7697,23.5215,24.2277,32.6324,33.9802,20.6280,20.5891,30.3491,33.0342,32.0192,31.8175,17.7008,13.8417,15.1240,23.1755,24.2672,22.8108,13.1200,5.1137,29.3797,30.2341,28.2783,25.0576,25.0960,7.2923
52607.0000,48492.0000,26021.4000,27360.0000,42554.8000,35664.1000,25509.4000,21890.7000,21175.9000,17059.1000,13374.9000,10450.7000,9112.8600,8656.6900,7048.2900,6292.1700,6562.9600,4885.1800,3622.4200,3654.7800,3275.2900,2686.3800,2119.9000,1900.3500,1547.4300,1430.9100,1237.9000,932.4680,846.2820,652.3090,390.6180,248.5650,118.9080,152.9910,350.4130,501.2070,788.9400,1284.2100,1643.8900,1645.1100,1652.5400,1017.4100,368.3910,358.5940,671.2070,646.9450,403.6670,181.8150,120.5070,290.4940,373.3570,417.7510,405.4970,323.5800,257.0940,260.3370,316.9530,302.8570,279.9590,304.1180,327.6540,312.7980,257.5000,226.4270,170.1490,96.5226,55.6712,169.8460,220.6930,249.6780,234.0020,215.9570,192.4300,115.9830,63.4989,67.7473,110.9480,134.8090,197.2420,200.5200,222.1050,149.0640,80.9646,61.3933,74.5833,72.2419,96.6768,69.0070,82.2453,107.4340,124.0100,155.0510,196.2810,204.8650,163.3380,129.2260,101.2740,77.2280,28.7581,59.5723,75.6391,105.6160,129.3970,150.5840,170.3580,210.1070,208.0120,178.6210,191.4180,186.9830,143.8490,106.8320,148.6950,184.6630,200.3820,181.9160,155.9810,93.1085,127.3560,133.6910,181.1270,211.8420,198.1040,195.0790,193.1420,163.0780,144.9290,126.6330,124.1540,73.7292,77.2432,139.1910,176.0520,214.6830,225.1590,189.6610,150.1690,87.3916,32.5818,104.6970,134.3240,122.8450,93.2191,99.7475,107.3000,129.0830,177.5310,232.7490,252.1460,214.8830,171.4500,111.6160,36.1417,58.0400,94.9539,127.6770,101.2860,100.9750,137.3190,155.8710,202.8310,207.9700,171.9500,138.0610,133.8360,163.4330,205.5760,233.7620,242.7290,219.7780,207.9390,193.7200,179.5220,160.1970,149.6260,153.7430,112.3280,72.7291,53.9598,51.1545,46.5551,34.3842,58.9970,100.3970,160.4060,135.5130,95.1838,74.7217,73.1129,71.5392,80.5914,82.1048,76.5403,98.2531,119.4880,153.3890,194.6860,221.1420,223.5220,179.1860,153.0260,140.5500,140.4290,149.1280,142.3300,137.6000,120.4620,100.7760,86.0939,71.4790,60.5604,82.1701,110.6890,107.8150,97.3484,90.7720,104.3590,135.9370,145.4850,129.3620,123.8570,126.5670,77.2960,61.1311,25.5520,10.6434,10.3400,13.6013,11.3173,12.0310,14.9222,22.1343,34.3120,49.6642,66.8259,82.4233,50.7989,28.9287,42.1527,58.7056,76.6100,80.2383,52.4212,68.2073,44.8654,39.8894,16.4254,30.9574,43.5707,52.4553,54.6291,29.4021,32.1265,41.3991,60.7164,84.5149,108.3050,123.8930,142.0790,113.4920,66.4472,28.6533,84.1385,98.2608,99.0152,50.3472,24.4076,31.7808,52.3093,61.6137,62.2368,46.3421,31.8052,17.5089,9.0212,7.9537,16.5825,15.7245,14.4473,17.7250,24.2142,27.4805,32.6959,33.1761,18.9504,15.7760,28.9987,29.6549,23.5236,19.9660,22.0751,20.7910,15.6422,2.4467,10.3966,27.9658,44.7992,66.4079,66.1379,39.7624
52654.3000,48309.2000,25697.1000,26713.7000,41715.5000,35264.1000,25581.1000,22061.5000,21357.3000,17361.2000,13592.5000,10500.9000,9174.3300,8683.2300,6950.4200,6212.2700,6515.5300,4831.7000,3599.2400,3640.8300,3245.7600,2718.0300,2133.9400,1914.3300,1576.3500,1440.0100,1222.0800,952.6510,864.7160,673.1020,474.4260,367.3460,223.2730,101.1290,131.8690,266.7290,535.1030,959.6770,1264.3500,1238.7600,1215.8800,789.1800,222.9040,152.7040,417.0310,432.8580,307.3530,359.7770,314.9620,403.8170,463.6920,494.8430,475.7510,389.7460,326.5250,299.6280,320.5650,292.0380,248.3290,253.3230,276.8070,293.6590,275.1780,247.7530,204.9120,168.9770,82.6864,56.1734,112.4910,163.5110,191.3540,213.1800,199.1690,204.1050,212.1860,163.0900,178.7850,225.2750,261.6330,230.5760,252.6800,180.0450,117.0050,73.6266,32.2782,81.2580,143.6700,171.5130,156.6340,115.7100,139.3050,150.8430,117.3190,94.4628,77.4922,62.4476,32.8200,14.5709,27.4986,19.4970,29.1208,94.5227,139.5190,176.4250,223.1890,251.3020,243.5530,233.8840,249.6610,226.5460,170.1470,120.6160,157.0060,195.7500,215.7100,197.0090,146.5450,136.2490,164.3940,170.4020,204.5720,250.1130,266.7900,247.0930,232.6340,209.4630,167.3070,117.7240,91.9589,98.4382,117.1900,136.0400,180.8170,236.6710,214.4710,158.4200,113.7370,61.9192,26.2134,107.9850,133.0780,147.4950,112.0820,104.4930,130.0720,129.7360,122.8140,169.1580,227.2730,220.7720,213.3370,149.8260,27.9573,37.4664,52.6882,17.4905,34.8991,86.8292,92.6946,94.0223,121.5690,157.8640,144.8690,124.5790,110.2170,182.3850,267.5750,267.0250,249.0410,262.8130,268.5760,254.6530,204.3720,151.4100,152.7610,194.6090,164.9830,81.1516,62.1002,92.3057,63.0427,39.5688,131.3520,145.9890,154.5000,124.0560,74.1326,80.0846,39.4039,28.0543,14.2765,13.6080,66.7817,70.9175,48.5340,83.9571,149.2080,183.0840,197.6800,181.2930,125.5840,72.6605,98.6456,138.1270,133.9360,108.7620,81.3620,100.5990,82.4754,32.6164,56.2123,124.6930,124.0230,102.9010,94.3706,116.3910,156.3880,203.5600,196.9730,178.7380,144.6030,115.5060,19.9330,49.7421,67.4268,85.0907,87.8406,71.8702,66.9070,31.2525,12.8874,11.5137,41.3169,79.2496,130.6650,125.0720,84.1577,80.7331,107.6370,121.8720,138.0780,119.0870,79.5068,81.3571,77.6200,66.0726,59.8454,42.8797,67.9522,97.5547,73.0413,61.8889,64.3640,89.4357,83.6002,88.2837,100.5290,122.1000,115.9700,87.8047,69.7790,56.8062,50.3226,39.2534,26.6664,31.4749,25.4697,47.2671,37.0983,55.0796,25.8543,60.3571,68.2306,78.9550,79.0902,49.3333,42.2549,53.4407,38.8088,28.0583,30.7294,33.7716,21.1487,69.2500,58.3643,52.1713,55.9405,81.8905,84.7523,81.5283,69.3624,59.0432,24.0628,17.0983,24.3717,37.8271,46.4051,37.7916,35.4452,34.9500
53320.1000,48737.7000,26130.8000,27446.6000,42655.7000,36067.2000,26023.1000,22205.6000,21530.8000,17411.7000,13629.6000,10536.7000,9241.2100,8747.2800,7089.3000,6361.8900,6574.8200,4890.3400,3652.6900,3666.1200,3298.4600,2709.6000,2186.7500,1982.5000,1607.5800,1505.6900,1317.1600,1025.9800,977.6340,815.3250,627.7830,487.2530,381.0830,226.6980,96.7281,94.9817,117.3140,349.7790,522.2030,530.2970,581.9320,362.9260,167.8030,144.2690,217.8600,287.7070,429.9130,521.4060,560.8820,604.1740,626.2250,652.5470,628.0120,541.3020,474.6410,429.5140,381.5470,304.6220,260.9600,277.7410,325.0140,337.4810,305.5580,280.9330,249.4360,169.7470,119.2020,199.0390,255.0960,271.7970,226.2190,191.5930,153.7010,70.6084,75.0616,116.9870,169.3410,198.0750,254.9920,241.6820,261.4560,172.3760,88.5979,83.6813,94.6731,111.2490,149.4610,127.9530,101.2040,94.6494,84.1601,85.3725,78.7893,62.2078,46.5909,20.9731,15.3080,25.2168,32.9752,59.8805,114.4410,149.8130,150.2040,154.5870,170.6530,176.4490,167.3470,157.7280,177.1310,186.3290,154.3190,128.3800,157.4960,189.1970,207.1580,188.6990,151.1740,105.0420,134.9950,130.7680,157.6410,172.3530,167.2430,184.0360,173.9870,144.6290,132.4020,126.6740,115.5330,46.4285,46.5796,113.3140,183.2460,223.0860,211.0200,177.3380,140.5130,88.9319,20.5823,82.0879,115.4630,134.0060,120.8710,124.7360,121.3620,146.9790,204.1750,242.6200,238.8830,219.8710,186.0680,138.6780,52.3115,48.4601,86.4693,109.7500,101.4500,103.7140,119.8750,136.5970,179.4190,205.2270,182.2330,153.1200,146.2850,173.6580,219.6250,239.9000,220.0060,190.2360,166.3380,142.5630,117.5170,98.1042,90.1805,100.0020,71.7573,53.7975,25.5953,29.4754,37.8967,78.5291,102.8280,114.0880,141.5780,107.6140,78.2716,59.6417,47.4568,41.7038,42.3183,52.5694,58.6730,72.2377,91.9915,119.6670,152.1130,185.8240,205.9280,168.5340,122.4270,105.9110,117.1020,124.8770,118.4860,120.3560,119.4700,123.2710,85.2414,52.2907,64.4498,85.1185,105.5130,112.9000,104.1830,95.3824,109.7880,143.4550,141.5240,122.5090,112.2070,110.7070,56.6612,54.0095,24.8438,17.4113,23.0151,28.7827,40.5400,43.7520,32.2216,19.8620,20.3479,33.5546,52.5078,48.9261,38.4307,23.7392,39.0618,60.0883,78.6230,70.0866,38.1184,42.3860,33.9499,36.8200,27.0366,32.3901,37.0070,40.3682,39.8046,34.5227,39.4189,68.7776,83.7305,101.0440,119.4520,132.2900,135.8530,112.6600,69.8392,34.2418,60.2336,69.4840,62.9138,39.1365,19.2407,24.9018,40.5823,47.4919,54.9035,41.3954,43.7998,27.2617,24.2776,21.1531,8.6567,16.3313,45.4930,51.7917,43.1155,35.5487,37.8449,48.7264,49.1752,48.7020,53.6862,55.9565,47.6856,38.2029,37.3954,46.3436,50.0632,29.9875,16.1035,15.5731,14.1357,20.5952,14.1402,9.0515
52969.1000,48771.5000,26267.5000,27611.8000,42876.3000,35996.4000,25749.4000,22068.6000,21383.5000,17246.7000,13523.1000,10568.8000,9267.7500,8829.8300,7192.1300,6384.0200,6640.8900,4966.0800,3678.1200,3699.6300,3330.0100,2717.3100,2162.6100,1938.3500,1570.8500,1479.1500,1276.9000,982.1340,970.8890,835.0080,686.8460,559.8660,519.7530,407.3530,333.5800,411.4260,467.2820,412.4710,351.0600,290.3830,243.5910,242.6080,199.3850,59.1576,124.4010,299.4540,508.1720,621.7260,609.3450,618.1890,639.9010,674.8970,652.6890,551.5590,494.8880,444.8830,373.7680,307.8900,272.9300,286.4450,315.4040,338.2840,286.2190,245.7800,231.6130,176.8330,161.5470,229.0140,271.1800,273.8280,238.0360,211.9340,153.2170,56.3706,81.9929,138.8000,188.0090,206.8370,235.3130,200.5830,206.8020,110.3670,72.2259,67.6430,103.6520,105.8190,136.9240,85.0448,42.8480,21.2448,11.8048,30.3661,52.5739,61.2607,60.8831,59.8771,35.1488,36.0498,30.1792,9.8579,28.4044,73.4338,121.5750,143.8510,174.7460,192.8180,186.2850,151.7800,150.8290,147.6030,122.8300,130.8150,182.9210,206.2980,206.8740,191.4160,170.7960,108.1490,149.0890,135.9720,164.5260,176.8760,164.7930,164.0500,164.5800,157.0670,145.8540,132.1270,117.1030,53.8136,66.8177,134.4670,184.7870,217.3670,205.0840,157.9290,109.9230,48.7576,51.2614,119.4650,145.2160,154.1950,149.9000,158.5330,163.8990,187.3490,244.0600,280.5990,271.3320,245.6360,198.7870,149.0290,73.6325,65.3436,99.6522,115.2490,91.0089,80.8102,90.5276,103.7860,143.3940,177.5510,152.5360,126.0350,103.4810,112.3420,149.6620,189.3600,205.5340,177.2030,136.2580,109.1730,82.1742,74.8350,78.8468,87.2204,62.8869,58.9454,49.2266,42.5847,50.5974,60.2201,82.1764,70.6085,100.9510,75.2205,63.1314,45.1223,20.4233,22.9885,36.5987,39.1069,55.5245,78.2718,87.8871,132.0090,167.5550,206.6120,202.6730,189.1290,183.4860,137.4330,106.4080,120.7750,129.2680,138.6660,126.4980,108.8750,84.5038,40.0142,33.6881,84.0610,111.2770,95.4467,87.8152,104.1730,124.6150,136.0830,142.1260,143.8820,125.5430,114.8340,37.8714,38.8008,31.3258,27.0667,9.4974,19.0197,46.2653,68.8490,60.7809,50.9896,36.2183,61.0543,97.3364,102.8400,75.5029,63.8478,94.5755,109.0750,121.9820,73.0164,38.7494,39.7422,46.9105,60.7880,56.4851,29.3560,32.6561,44.4641,49.1557,50.2236,43.0903,68.4084,73.7082,86.5315,101.8940,121.9350,142.1870,115.4540,74.8356,30.4666,35.9667,46.9181,40.4127,20.4895,11.1929,22.6993,29.3715,35.0108,31.2498,22.8592,22.6795,31.7405,47.0225,54.2127,48.9909,21.3863,24.5348,47.2885,61.3415,67.3381,69.6830,70.7929,76.3405,82.5439,61.6945,42.0054,36.9794,40.6143,43.6409,49.0189,41.9402,35.5922,30.2065,46.1775,35.0155,41.6317,29.1454,14.4442
52632.0000,48463.6000,25742.0000,26679.8000,41793.2000,35315.8000,25455.3000,21821.2000,21139.6000,17189.1000,13487.4000,10434.0000,9126.4700,8712.1000,7018.0000,6229.1500,6511.2800,4832.6800,3606.3000,3668.8900,3293.6900,2709.2000,2173.8600,1981.0800,1654.3400,1607.2400,1432.5100,1153.7100,1138.1200,973.8760,822.4580,738.4950,679.4440,608.2750,574.6780,672.6180,733.3360,733.8020,724.7230,710.6400,649.0380,582.3260,442.8210,230.2030,119.7490,291.2720,564.1030,740.3900,712.2660,647.1510,673.8210,677.8970,649.2240,549.0710,479.9550,424.6700,334.2690,247.9530,198.1940,204.4720,221.5960,232.4310,190.3500,152.4810,154.4310,137.1850,164.0340,225.0870,232.5970,217.7510,213.5700,241.3820,214.4540,119.2240,154.6170,147.9450,192.9860,186.5420,214.8830,186.8480,186.7930,111.1450,77.9565,98.3634,106.0430,100.4470,100.7230,69.5858,28.9171,32.2430,37.4526,59.3215,94.3870,112.7130,83.9053,66.7915,28.7922,24.8886,31.0035,19.2810,12.8786,77.6020,117.6170,136.5830,162.5190,185.7170,181.6960,133.2460,131.7860,144.0760,106.8040,98.7014,172.8850,202.3800,227.1880,199.0280,147.3520,95.3861,139.6860,141.0030,166.6880,170.9630,158.7890,160.8170,152.1130,132.2060,112.7970,111.3600,95.0839,54.4760,86.8167,158.1060,212.1700,221.8950,204.3550,166.8020,125.9740,55.9084,32.6660,90.7156,114.3440,124.2830,114.1790,117.6660,128.4440,145.3120,189.0360,234.0690,243.2890,226.6470,187.6000,157.8300,98.1922,77.5298,105.1270,133.8510,130.4120,111.9270,97.0574,112.4490,149.8040,193.6540,162.6890,129.6230,106.9620,128.3760,172.8140,220.0150,236.7730,210.9240,171.2750,153.7320,124.7360,105.3430,103.0310,110.6860,86.3942,58.4341,23.8092,6.4267,8.2823,22.2090,56.4244,86.9499,137.6710,121.9350,101.4800,77.5390,55.3942,43.6049,62.2094,84.7145,87.3181,117.4080,162.2700,192.7870,214.0380,242.2350,258.1990,225.6460,196.6050,157.8860,135.6320,156.1250,170.2830,174.7400,149.8460,128.1100,99.6878,55.2170,50.9739,86.5491,109.8430,102.1280,81.1490,78.7435,91.6451,112.0740,126.4220,109.9210,77.0068,69.3270,25.2809,65.3251,43.8239,40.0573,18.4095,28.9208,36.9715,41.2967,46.8072,38.7054,27.7419,41.0059,66.8143,69.5816,39.7268,33.8988,65.4426,72.0762,78.5347,60.5911,36.2793,67.2744,69.0656,74.8301,47.4215,24.9095,29.7805,43.5766,41.7008,38.5810,34.1245,53.9442,62.6710,84.5772,110.3150,126.0100,113.0610,87.5695,56.2442,37.4329,59.7886,70.2676,55.5568,12.3477,29.7306,46.3148,58.3068,56.6357,48.0270,49.2393,49.2978,53.7523,34.1081,29.4497,29.4493,36.1002,39.1900,59.3244,72.8727,69.4121,76.6465,84.5524,93.4791,65.1446,34.1167,37.1846,46.5719,43.6262,49.9817,55.9451,59.0106,38.6249,21.0677,36.4383,43.7596,48.2119,36.1786,11.0610
53282.9000,48677.9000,26083.2000,27375.9000,42517.1000,35986.0000,26085.1000,22320.5000,21638.0000,17634.2000,13816.3000,10636.2000,9332.1100,8860.5600,7181.8400,6465.2500,6697.1900,5000.6300,3768.5300,3789.2500,3432.4000,2856.9500,2327.8900,2097.4400,1739.3200,1684.2200,1502.4600,1234.1000,1230.5700,1075.9500,920.8830,852.9550,753.9310,702.7950,729.0330,839.2370,944.8850,1050.6000,1222.7900,1364.5800,1315.3700,1171.5900,933.2700,594.9190,204.0760,283.7060,601.8300,816.7730,772.4070,699.0640,663.1320,659.0910,628.3440,535.6120,451.5200,363.2340,241.0770,161.2660,107.4720,103.6720,108.7970,110.7310,83.0093,92.1366,137.3410,142.4640,178.3630,240.2080,232.4030,206.9330,207.5980,245.4930,234.2380,124.9110,139.0890,98.4553,152.2000,160.0790,187.6980,170.2260,203.7080,136.8850,100.0260,90.0090,102.4430,87.6561,118.6960,72.9322,65.2109,59.1682,76.8309,91.1841,102.1980,113.0250,74.3547,49.9197,40.9373,43.0529,71.5692,73.3893,57.3654,79.7266,118.5990,148.2580,188.2830,234.2340,246.7360,200.1690,174.5090,159.7210,124.5300,103.0870,137.7450,176.0930,214.1240,222.7110,172.9450,121.9950,133.4330,124.8270,137.9690,152.3280,140.1550,137.6260,124.1300,107.5330,100.0970,106.3910,107.9520,77.4104,58.6720,105.7280,183.9330,238.9370,228.4660,197.2780,143.2830,78.6913,16.5032,67.7279,99.6342,118.1030,93.0960,75.8678,85.2373,117.5590,167.5560,212.5580,234.5270,221.5720,190.5770,157.6960,109.4050,110.6590,149.1180,174.3640,143.4280,114.8270,115.2060,126.0490,160.9380,184.9980,139.4760,103.3940,75.0302,108.7000,157.3600,213.4430,233.4190,209.5920,187.3090,174.7070,148.7820,120.7010,127.0700,148.6170,121.7550,84.6047,39.0936,34.0108,44.3053,19.7195,50.2727,105.3860,161.2750,143.4320,118.6780,78.1625,52.5874,63.3251,64.0884,65.5600,99.3684,137.4040,144.3310,171.7240,195.8480,227.9450,232.2300,215.4470,206.5420,157.3940,141.4050,157.7310,155.4860,154.2310,148.5390,147.8760,98.6769,50.1788,54.5640,88.1337,106.7070,101.7870,87.6159,90.5817,90.9180,103.3790,119.6230,119.3630,92.4734,96.6581,42.6173,66.5592,33.5837,21.2433,18.4577,37.0285,55.6894,70.9612,59.5438,43.0487,46.4869,70.0419,96.4687,98.9558,53.9063,36.6225,80.7788,94.5550,100.5400,82.9888,42.6877,70.4600,58.1550,59.9552,34.4455,22.3725,30.4631,39.3237,39.0694,34.6152,20.5043,40.5488,56.0807,73.6538,90.3170,105.5510,123.0810,103.4790,68.4274,37.5921,49.9615,63.2703,63.0656,42.9811,27.6954,41.7863,61.1247,47.5578,39.6505,52.8056,36.5761,39.7914,21.2055,24.8559,17.7239,16.6714,27.4219,40.4809,43.8579,49.9773,54.1823,59.7495,48.0278,34.2170,29.9030,27.9127,18.3178,14.6546,32.6944,38.4615,40.7663,21.8707,14.7265,19.2400,24.6706,28.8238,24.9308,10.9822
52974.5000,48662.1000,26292.8000,27787.4000,42966.0000,36028.0000,25835.7000,22186.6000,21482.1000,17329.9000,13573.2000,10590.9000,9279.4300,8816.9000,7187.7000,6417.3000,6673.9500,4999.5600,3717.8100,3748.9400,3410.3000,2821.9400,2280.0700,2055.7700,1698.7300,1612.9300,1429.7800,1145.4900,1118.3100,988.9360,774.8570,728.2730,662.2950,575.9940,608.5270,713.7680,819.9100,894.0480,1123.8600,1335.9600,1317.8200,1138.9300,899.0020,601.5740,175.8400,358.0570,591.8540,740.6060,684.1850,566.7820,558.6350,511.9100,443.3540,377.4460,331.6440,285.1650,178.1740,126.6420,83.8368,54.9556,25.7721,11.3212,30.0962,67.4641,100.8180,106.7690,157.6320,213.5820,207.7330,189.1450,193.8600,235.2830,249.3230,154.3740,177.2170,98.1967,146.4080,132.3810,178.2450,176.2250,205.0240,125.0780,56.3291,35.2747,39.6470,74.9234,111.9040,94.7620,89.6888,86.1574,100.2330,98.1750,76.5546,73.7643,53.6876,40.1694,69.3228,67.7384,89.2357,79.4522,70.3315,97.3596,140.8270,187.1450,221.2450,260.2100,267.2010,234.6230,225.6750,208.5160,173.9910,132.3960,154.7760,195.5020,224.7300,216.5880,182.8460,121.5460,129.2850,100.8580,110.1500,119.5690,134.5610,151.2640,127.3870,92.3367,92.5979,118.2880,129.9780,82.9127,75.7166,137.1380,191.9740,237.7980,243.3340,209.7240,158.4670,83.7525,38.4056,91.0983,134.1860,145.9630,116.9180,101.6660,102.8020,109.0540,138.7010,198.8620,238.7710,215.4840,169.5750,143.6660,106.3970,108.0410,154.9740,203.2380,173.0320,142.9770,130.8460,136.9870,155.9750,190.5480,158.3410,124.3810,79.9158,105.4840,157.4830,205.6350,238.5910,219.7500,194.1830,186.4510,173.9640,158.3650,146.5530,149.1410,122.0480,85.4646,57.9529,42.1705,36.3688,20.9514,44.3949,86.9865,156.7260,153.7510,120.5430,89.1466,47.6490,37.2818,52.8366,78.7609,90.7800,108.8720,134.9430,165.6470,180.3410,201.1550,201.3290,186.3820,175.2670,140.3420,125.9980,124.5420,125.2830,136.6640,134.6460,107.6130,75.2901,52.7579,36.1758,60.6071,95.2859,95.3428,83.7985,81.0737,72.5711,73.1871,86.6792,82.1479,66.9790,74.2029,40.3446,55.1790,26.2880,14.7302,14.4265,22.7304,32.3378,37.7661,49.7136,51.0398,51.2558,51.7467,78.4694,102.8210,66.3711,43.5406,82.9931,98.5544,114.9070,91.6951,42.1242,56.7548,42.8644,54.3156,36.5620,35.4818,40.3578,43.9351,45.6369,35.9079,28.6374,57.0580,69.7441,86.2075,102.5690,129.1240,149.5560,116.7230,70.7438,44.9127,77.8705,86.3146,79.0741,25.6204,23.2373,39.9461,50.6883,60.4924,71.5276,51.1748,31.5722,21.6367,15.2938,7.6437,4.7992,9.0806,20.0078,35.3456,48.2928,51.5809,50.3742,54.4312,72.5081,65.5891,29.9186,23.7601,38.9473,37.9811,39.5685,41.8952,42.2122,29.9140,13.9350,23.1813,23.5518,29.1159,18.0984,5.9784
52421.8000,48304.4000,25759.4000,26905.2000,41961.4000,35282.9000,25480.8000,21993.0000,21257.2000,17275.9000,13568.0000,10505.4000,9106.0500,8681.9600,7036.8400,6262.8800,6565.8200,4887.7700,3633.7800,3697.1200,3341.5700,2791.3300,2243.5500,2053.0900,1727.5000,1639.5000,1471.5100,1213.6600,1175.7400,1034.3600,804.0490,754.4870,694.8950,612.2340,644.8330,713.8750,824.2630,908.1800,1082.1800,1248.1800,1265.8500,1154.9200,965.9350,690.6630,252.5580,332.2430,593.6320,737.4030,687.8670,549.7900,520.7740,502.5380,416.5010,329.4250,275.4880,215.9250,122.2040,95.9540,85.2856,72.4644,56.4863,49.2338,58.1322,56.9618,77.8780,96.2444,149.4400,213.4420,209.7310,189.1040,199.9010,256.6410,284.9360,170.7820,164.0400,85.3381,138.1670,153.2670,188.7710,182.0940,195.0100,127.2670,48.5436,37.5562,48.7048,91.0239,133.8870,119.3660,107.6530,98.5319,100.2570,96.5781,71.3479,70.3909,48.5279,42.6239,74.4382,78.2702,93.7614,88.4038,76.1294,98.8808,138.8550,182.9770,218.3740,266.2200,288.7820,270.9470,261.6030,248.3210,202.9530,152.0730,175.5710,219.0260,244.3050,228.0590,199.9550,128.9690,138.8290,103.6940,123.8820,138.3540,147.7620,156.5380,139.1780,116.7030,107.8410,126.3020,126.6880,100.6570,102.2720,145.7370,201.5180,259.0350,258.7770,222.4340,165.9540,86.7988,36.8470,82.8933,126.9670,145.9420,126.0800,101.5400,80.0900,73.6435,127.6580,196.1230,216.8930,200.5800,159.0630,133.9180,100.8510,106.8430,141.3530,190.6110,175.8350,138.7870,149.6460,167.5520,202.8290,181.4550,151.7940,126.4880,102.8340,93.7305,129.1200,188.9550,212.4060,203.6820,203.1200,195.3830,193.1100,176.6050,156.4370,158.4830,123.6230,76.6200,39.8619,38.2239,36.2601,28.3319,63.2404,103.4820,165.6590,162.6730,114.3230,88.2885,36.6779,34.9705,59.9681,79.8608,85.9597,116.8650,145.7660,169.5170,183.7250,206.3840,211.4570,198.8530,184.6620,140.9060,125.4740,133.5150,128.3860,134.6680,130.5520,129.1770,89.3807,50.3555,50.9276,77.6015,107.6590,119.7990,112.6280,112.1340,110.4940,112.1410,112.4880,113.0440,100.0010,107.5450,45.0144,42.1935,13.6573,10.7537,18.5742,24.2899,36.0781,54.1443,44.1724,35.4974,34.9810,51.3626,74.1288,95.0724,60.1339,27.8175,58.8538,94.6317,102.1750,98.3377,50.8731,64.4914,48.6619,40.0896,29.9981,32.8032,55.1981,62.0200,54.9411,26.2561,17.4920,42.4922,71.5333,90.9433,105.6260,113.4320,125.3860,113.7270,72.6938,37.7114,76.6415,88.6727,79.9779,16.5969,39.4060,59.0862,65.1685,63.5298,67.2887,62.8802,36.5388,15.5384,25.4228,37.8102,30.6931,17.6052,12.6925,39.6066,46.1782,43.0193,37.0814,47.1606,50.7310,45.6374,45.2104,32.3408,24.7506,39.7025,44.2204,43.1912,39.4624,43.3578,18.0485,45.8654,46.1292,61.2242,37.9817,17.3269
53057.4000,48479.7000,25957.0000,27267.5000,42316.2000,35762.8000,25999.4000,22335.2000,21587.0000,17601.2000,13765.5000,10653.7000,9349.1700,8854.1400,7167.8400,6427.2000,6653.6300,4955.4900,3742.1300,3797.1300,3416.1500,2848.2100,2276.6100,2068.0900,1739.6400,1642.9700,1435.5300,1159.1300,1144.7700,1007.9500,777.1640,720.8810,650.0750,558.5870,575.6610,631.3270,691.7400,759.2430,909.7370,1052.2700,1075.6400,1014.8300,858.4290,627.5850,241.1810,290.7380,527.4040,659.3930,624.1260,511.5190,488.1080,467.7390,382.6260,299.1300,244.1330,187.8360,104.5900,79.7183,92.4400,100.9750,97.0316,92.2718,99.2530,92.4716,82.3445,105.8990,159.8060,216.5150,207.2520,194.0480,208.8770,262.3830,288.7490,169.2310,152.6490,76.6965,138.4960,154.7340,189.6820,173.8660,169.9540,87.6565,21.3029,39.9768,78.9696,130.4440,173.5310,158.2980,127.0340,106.4130,86.9985,73.4758,40.6139,31.0244,14.5727,31.8224,57.8689,75.3866,92.0617,100.6510,96.0152,108.1450,140.4840,178.2170,217.4890,257.7000,282.5840,270.9370,251.6040,242.9620,201.1210,145.7460,151.5600,183.5000,209.9560,195.7310,163.7100,103.2460,131.1910,119.1360,145.8760,156.9530,141.9960,146.0290,138.0700,123.1770,111.0290,128.5760,136.4530,92.0975,81.3425,145.1950,203.9550,246.7130,243.0420,204.8310,148.5950,77.6730,34.8327,105.4360,145.7980,146.1050,117.7280,108.7900,77.8913,80.5131,139.8740,189.1500,195.0160,176.4650,147.8330,125.0970,83.0303,91.1911,149.5710,191.5940,174.2650,154.8680,148.4760,161.4040,190.0130,211.3850,176.0040,142.1730,104.4750,105.5320,142.1100,206.0970,240.3830,231.0240,221.3310,203.9130,199.0480,185.9850,174.8130,170.0960,134.1150,90.7361,59.7085,49.2627,33.7876,20.4486,61.1545,94.8553,148.0680,144.5400,115.1590,102.5040,60.3492,25.2381,30.6709,50.8592,69.8187,96.0922,120.1080,161.5740,183.7850,207.3660,199.1200,178.7360,177.1370,148.0590,122.0970,123.1560,133.6150,141.5610,128.2270,117.1340,93.1216,63.0669,64.3248,89.8818,103.3750,94.1510,81.0250,79.5085,89.7788,98.2546,102.6530,112.7790,108.7560,117.7030,52.8247,43.6900,9.9520,11.8177,18.9222,28.1073,35.7002,46.9331,41.1880,42.1538,55.8485,70.7443,90.6770,98.9058,42.7383,27.8475,91.8127,100.3330,104.0140,80.6572,42.3017,55.1910,45.6412,45.5832,27.5489,56.6325,54.7964,53.3252,37.5455,24.6584,20.3330,51.3892,71.3494,94.7427,117.2340,132.2890,136.0130,116.9770,76.7498,42.8608,63.6775,76.6181,71.0910,30.4970,26.6353,54.7700,76.0398,78.6605,71.7321,55.9781,33.2560,22.5571,23.9976,36.4681,23.0068,11.6657,30.8805,43.9956,42.5939,47.0484,54.0367,54.8367,36.4357,37.9098,39.6925,31.5332,32.6534,32.5684,38.7051,42.3505,40.1397,24.3190,17.6885,5.7206,27.9346,35.6701,45.1288,23.7537
53040.9000,48649.4000,26285.2000,27906.4000,43133.4000,36179.8000,25989.4000,22321.3000,21620.9000,17511.4000,13701.9000,10646.4000,9330.5800,8863.3200,7228.0700,6442.4800,6664.9900,5008.1400,3754.4000,3767.6900,3413.5000,2806.1300,2243.2300,2007.2000,1675.2800,1584.8700,1389.4100,1106.4900,1064.6400,935.9800,729.0970,663.9860,559.2530,467.7750,504.9480,582.4710,630.4250,628.9780,724.1430,829.7340,865.3230,836.4080,713.2590,525.4920,202.5150,370.0400,530.2230,643.6250,583.5720,469.0930,459.0940,426.8100,345.6460,270.4980,234.1940,195.5690,127.8470,106.4370,110.5810,110.7990,83.8739,60.2502,61.2917,63.0040,91.6622,109.6980,159.2550,235.4610,223.4630,198.9560,208.4900,274.2170,299.7940,168.6910,121.4660,50.5058,106.5780,139.4880,179.7300,170.2010,176.1110,107.6630,40.5751,58.9399,84.1964,129.3430,162.8120,142.4590,116.8940,102.1470,86.2604,77.9495,60.5994,36.5189,18.9101,11.5162,43.9016,71.3356,93.3268,105.6020,90.2532,104.6080,152.5050,185.7700,213.2390,250.2470,274.0240,258.1690,240.8920,230.0140,185.6150,135.9450,152.6100,183.8340,220.9220,220.2540,162.3660,85.4897,99.6597,102.4510,139.7150,161.2220,153.8210,160.9160,148.8230,124.5880,113.1030,131.9690,136.5200,92.8348,83.1198,148.4670,207.3130,237.6870,241.5050,211.1610,168.1910,87.7591,31.4922,71.4949,115.0720,140.8330,109.4100,83.5305,87.3064,106.0120,161.3290,211.8860,206.5700,185.1280,159.4490,142.4220,106.5310,100.1130,141.2760,193.5820,184.2390,149.7930,131.6190,147.6350,187.7120,213.1500,161.7900,123.3340,98.5221,114.1560,141.3480,188.2900,219.4220,211.7540,210.1680,193.4360,200.4240,184.6290,177.1730,168.6990,137.8430,96.1813,63.9619,54.7432,44.5900,21.4063,73.9514,112.0790,170.2160,149.4400,103.0240,83.9963,48.1515,22.6180,24.8644,43.8562,71.6179,101.7590,123.3470,166.6760,202.5920,227.9230,222.6420,189.1260,184.8240,155.7930,128.7290,129.4950,137.0020,145.7370,132.6920,119.2760,93.4033,72.4948,60.2777,71.5643,110.1470,110.9300,94.5354,82.9704,91.6441,101.6470,89.7844,94.9606,86.5072,109.2880,56.5711,68.7817,36.8389,25.4098,16.5552,18.9555,30.5923,49.8564,50.4083,33.9959,27.8646,47.6061,72.0905,83.8255,39.6037,33.6092,79.0674,88.5735,90.5076,80.4715,41.0328,59.6065,51.1864,43.9677,28.4002,16.5967,42.4040,56.3062,57.9751,54.5869,36.2866,60.1994,67.3466,82.9288,98.3310,115.3830,125.1490,102.0360,61.4760,25.4629,62.4682,68.8455,55.5715,17.4137,33.0563,53.8041,65.4111,66.4494,60.0307,53.0202,38.2428,32.3252,15.3623,31.0624,26.0829,12.4165,11.2977,36.6944,50.0338,53.4446,52.9980,54.2865,52.8322,56.6698,52.2158,32.4651,15.4294,14.3299,28.2022,30.9907,29.1210,22.1586,11.1760,31.3787,41.6496,49.5146,45.1376,26.2683
52395.7000,48332.6000,25868.5000,27071.6000,42136.1000,35340.5000,25404.0000,21907.1000,21172.2000,17152.8000,13443.9000,10433.7000,9088.1100,8684.6900,7041.2200,6247.0700,6550.5600,4885.8100,3649.5900,3718.5400,3355.4500,2785.0100,2232.8600,2023.7900,1698.1200,1636.5000,1453.8800,1166.2000,1140.0100,997.8300,796.1250,744.2500,649.3150,529.8640,521.9310,621.9960,625.4550,624.7340,711.8170,828.2490,883.0500,831.0850,719.9420,579.9320,215.7320,333.1060,486.2840,623.0280,572.6430,472.1910,465.4020,424.5640,370.0450,312.9920,279.7820,248.6520,162.9270,112.7510,94.0710,79.9780,54.3712,42.0219,48.5431,57.4652,86.9736,103.8910,153.0750,223.6950,217.7110,197.0020,216.3570,279.4320,297.0010,173.0380,158.2520,82.5930,137.3680,145.8720,179.1640,169.7840,177.9490,103.2970,43.9539,37.5902,61.7933,94.1265,145.6600,131.4180,108.5400,101.8620,101.9190,94.5355,78.2035,63.5445,46.8526,15.8290,54.3616,77.4459,107.8040,111.8550,100.6560,126.2250,157.3890,194.4510,219.7870,271.2330,294.3610,288.4700,278.4490,233.3580,187.6650,144.9740,162.5620,202.0660,236.5820,228.6940,179.4750,116.7020,99.3124,82.5665,102.8810,127.0120,141.8440,144.5440,126.9530,111.9400,107.7220,126.5440,127.6630,93.4625,78.9752,136.3960,199.1160,234.9720,235.2140,201.9450,155.8520,84.1220,35.6538,77.2976,117.2370,128.7580,96.2153,79.8760,83.9833,99.6677,145.2270,198.9940,221.1760,207.1770,172.6560,149.6440,104.1290,98.3458,136.7280,183.3140,168.5290,144.8460,148.3760,162.7700,190.9550,199.2120,164.3850,132.2820,97.1341,88.1166,127.3470,194.7620,223.4810,199.8750,195.5310,186.8320,201.0300,190.7790,164.0610,160.5170,142.7620,86.9626,49.0344,47.8035,47.0316,12.3568,74.2166,96.3820,145.2120,118.5620,83.5836,58.7862,18.7579,20.9408,40.8274,56.8666,65.1955,88.9371,115.6680,152.9890,190.4490,221.5990,231.1890,202.2920,180.5630,149.9930,127.6650,138.4660,150.9410,152.8200,126.7470,114.0000,106.4430,74.6102,64.7846,96.3966,110.6910,99.3015,86.1439,84.5719,91.6391,105.2720,111.6350,111.2570,104.7650,119.4050,63.1475,64.8559,22.9077,12.9557,15.0657,23.9386,28.5407,30.2283,40.1881,39.1907,35.2452,47.7750,78.5729,89.6969,44.7416,28.8141,75.1163,76.7596,81.1103,55.3817,30.4353,51.9794,55.3843,49.0718,27.7802,19.0825,39.1605,53.8642,54.3130,42.7340,39.2651,65.6557,80.4219,97.5546,116.2540,138.3250,152.4220,122.6860,84.3086,38.0343,41.6472,60.9355,63.1750,32.3555,22.4179,40.5503,56.7678,60.1700,61.5942,55.9079,43.3318,34.8911,17.6172,24.2893,14.3672,19.3686,28.8995,51.2178,41.6421,40.2394,54.7411,64.2412,58.5673,50.3753,51.5832,42.0476,35.1142,46.9048,59.0073,52.5552,38.8681,17.4368,10.6311,20.2724,33.2986,51.4566,37.1633,16.8271
52963.3000,48461.5000,25968.3000,27198.4000,42179.8000,35646.2000,25966.3000,22384.5000,21624.6000,17654.7000,13803.5000,10672.7000,9338.2900,8822.9500,7115.9900,6376.7300,6627.9000,4933.0100,3736.1100,3794.9500,3378.9700,2817.7300,2218.9700,2033.2200,1721.4800,1613.0600,1423.9900,1169.0400,1150.4100,1012.1100,792.7580,735.7870,643.7880,537.2760,550.8570,640.4160,639.3540,655.3390,692.1580,777.2770,868.3190,831.4540,727.0030,553.1350,128.5690,400.0270,537.3720,648.0330,574.6730,464.9670,440.4110,390.3090,340.9120,291.9200,268.9520,250.6440,168.2640,133.0310,98.8258,69.4923,48.8441,30.2407,40.2198,53.6490,102.9100,117.0350,167.1620,232.1390,228.6960,207.4420,207.5210,254.9520,273.8150,163.8150,151.2920,80.6890,127.5270,146.9260,182.3750,176.5350,181.6590,133.5500,63.8546,61.2963,60.1121,83.0963,115.2950,112.4980,105.8660,118.3520,126.2910,117.0480,95.1057,86.2060,50.2595,11.0370,25.6851,54.1767,92.5563,115.4540,92.2938,102.3430,145.5820,187.2560,217.4410,258.2230,283.7580,269.9390,261.3520,229.8450,192.8290,151.0890,166.3850,208.2950,238.5860,230.3280,184.5600,116.5380,107.9360,86.4397,111.7820,132.9930,137.6690,149.6310,144.9800,128.7120,121.9160,137.5780,141.0550,101.1620,94.1737,138.2000,185.9320,245.5900,255.3160,221.7950,175.5000,105.5490,42.6514,77.0017,125.3080,144.8640,122.6370,92.4655,69.2424,68.4572,120.6530,191.7150,212.9300,199.9640,180.9370,159.5990,105.5160,90.9091,133.5500,186.4670,179.9080,154.1280,144.3900,157.8770,183.2910,197.4840,164.8710,124.3810,92.9446,108.8320,173.1120,232.3610,254.5360,245.1700,226.3150,203.0460,192.3670,181.7450,176.0620,172.2470,138.4130,95.4861,61.9981,38.5408,30.7488,10.2241,54.2950,87.1309,135.9880,126.5380,88.9800,63.9886,35.0604,48.5263,73.1313,91.4798,95.4664,119.7220,154.7160,186.1680,199.4200,222.3920,226.2360,211.3130,194.3780,146.6570,119.4410,136.6150,147.6900,148.1760,127.2430,129.0650,107.5070,58.2326,61.7431,90.0973,96.1795,100.3580,91.0936,89.7831,87.4552,97.2252,104.2920,108.0540,100.5410,116.2870,66.2635,48.5289,16.1304,14.1881,27.3195,24.6955,28.3146,38.1212,47.1366,32.8545,28.0834,54.1238,76.3122,86.2576,43.9953,41.0259,73.0354,69.5870,60.7645,52.7849,36.8887,81.7296,77.8242,63.1014,32.4406,24.9202,53.1096,75.5517,80.5620,52.0808,29.3218,19.7589,42.6109,66.6901,95.1785,110.6970,118.7910,96.3541,57.6887,39.2497,69.9016,75.8565,64.9089,34.9391,21.7560,51.0227,75.2089,69.5721,61.5998,55.9177,33.3939,14.8360,21.8969,19.4166,11.9513,6.6198,17.3714,41.4185,50.1951,49.8806,56.5953,58.3742,65.8876,68.0833,56.2850,36.1940,34.2839,41.2774,41.5849,40.2815,34.5860,24.0173,4.2080,23.7552,34.4704,41.3334,35.3459,39.0523
53179.2000,48692.5000,26301.4000,27803.1000,42961.0000,36150.1000,26038.8000,22318.2000,21630.6000,17502.1000,13696.9000,10586.3000,9272.4900,8804.4500,7152.6500,6384.3600,6598.8800,4934.7200,3682.2400,3702.8500,3370.7600,2754.6700,2229.4200,1981.4700,1627.7000,1564.9100,1388.8700,1108.3100,1090.9800,946.9210,757.1970,663.3600,561.5720,465.3590,453.8820,551.0910,558.9430,548.7330,590.0500,676.6700,756.5990,728.5890,648.0100,509.7800,146.5230,398.4370,486.9520,590.7690,522.0100,425.5610,421.1150,381.5460,329.7280,296.4720,281.5710,262.8450,208.1420,176.0390,136.1930,89.3783,61.8640,43.0429,31.3304,70.2078,112.8310,121.8600,197.1950,267.3320,250.6380,218.8310,228.8610,289.3760,298.3770,176.7980,175.4280,94.7822,127.6480,143.1820,217.6150,209.0690,215.7790,118.4110,46.1264,38.8170,60.1285,95.2941,133.5660,119.4830,114.2040,132.6540,145.4850,126.4220,106.0100,98.5049,66.5084,32.8216,20.0927,34.5381,80.7314,93.1900,77.9990,104.9480,152.4790,192.0230,224.3200,258.8890,282.2370,256.7610,254.0220,245.9880,213.5350,171.3730,171.5300,207.3320,225.0780,221.3350,190.2860,123.5090,107.0400,86.0782,108.4410,135.5800,138.8810,130.8150,124.6930,133.7830,129.9220,143.6710,135.0930,86.3212,82.1888,146.1000,196.3760,241.4570,251.1350,218.7830,169.2030,92.0819,31.0824,83.0442,127.3310,145.2180,135.4930,114.6280,78.6811,72.2969,124.8740,201.0910,225.6810,196.3550,158.3700,140.3510,104.2640,87.3359,119.2110,153.5720,135.4170,116.1780,123.2830,143.7910,180.6740,200.0590,161.7180,122.0610,78.9341,95.6053,154.4160,210.9660,231.8570,212.7620,196.9870,179.4000,165.3800,151.6540,159.0710,162.0300,119.2430,78.7026,58.1142,46.2460,41.2643,9.7004,64.0216,87.1124,145.9010,134.0680,96.6682,67.9108,24.7350,35.8939,58.5991,73.6247,86.7914,118.0470,160.0390,190.9010,200.5720,211.0040,214.9200,207.0130,179.4740,135.6680,114.7850,116.3680,124.5930,135.4690,131.0910,119.7710,86.4222,51.7885,50.8319,79.8283,105.9290,108.4130,95.8068,92.7552,92.2913,106.3970,115.2870,118.5010,103.1390,104.5790,47.1276,54.7523,27.0692,19.5736,11.1910,25.8294,44.5513,70.2130,67.3841,49.0615,42.4633,52.9347,73.1380,86.7535,54.5690,42.1678,89.7715,99.1135,99.7616,79.6307,44.4223,60.0296,58.5520,48.5797,23.6792,28.7757,40.2898,50.5808,59.1520,52.8391,32.9259,46.8832,59.7821,84.7693,111.1310,120.0190,121.0990,122.9040,84.2666,54.8797,85.8271,96.3770,85.4270,33.3317,26.8521,48.4342,63.8322,59.9994,57.0850,51.2801,35.3689,18.8188,3.6871,15.2468,10.0902,7.6922,23.9489,36.0926,42.8314,47.6651,53.7372,58.7947,58.1437,50.2815,47.5128,36.5908,21.1292,27.7479,31.9125,30.5554,16.0185,17.4872,15.8610,26.7524,20.7859,17.1319,12.3314,6.4017
52590.6000,48483.7000,25961.3000,27183.7000,42296.8000,35477.0000,25498.3000,22021.8000,21319.6000,17250.4000,13537.6000,10487.9000,9112.8900,8710.9400,7095.2200,6276.1800,6540.4000,4911.8600,3686.2800,3718.1800,3359.0600,2763.6200,2231.7000,2009.0900,1649.1500,1580.1500,1409.8800,1124.6600,1108.0800,981.5230,790.8630,703.0250,577.8080,480.0150,474.0030,551.5330,547.2520,529.3940,578.6420,699.0330,800.3200,776.6450,693.9450,530.0990,123.4380,362.4600,481.4410,645.1720,563.6300,460.8830,470.9520,455.7360,413.9380,351.7610,319.0520,294.4900,199.9440,134.9980,83.6105,54.9650,35.6326,37.3959,47.0684,70.7639,108.7920,122.8820,167.2660,237.8110,227.5010,201.0000,203.7090,259.7640,272.9000,167.8940,183.4350,109.4250,140.6680,141.9480,194.2840,198.4950,210.1200,146.4040,63.2869,39.9300,40.8380,63.8112,112.8920,117.6290,123.9560,144.2950,148.5960,136.1730,121.5330,119.4610,77.6450,20.0766,28.2320,60.8022,91.6860,90.8904,77.8997,96.6544,144.2420,197.6090,233.6790,273.6600,282.3450,255.1510,257.3570,243.2790,200.0060,154.5910,173.6100,212.8520,232.1390,226.7350,195.2690,119.9500,89.9029,66.8449,90.1027,130.0100,136.3160,131.8500,131.4360,122.3560,115.0860,129.9480,141.0280,105.1190,84.5657,134.3830,197.1620,250.6410,255.8890,222.2870,173.3600,92.5723,44.2908,90.9772,138.3470,155.7570,124.3500,90.8157,88.7402,89.2287,136.0990,222.8230,240.4220,216.4060,182.7810,169.4200,113.5410,76.6847,119.7010,168.0890,146.1420,132.3190,140.6250,154.1920,179.9490,199.0310,157.1540,114.8020,75.4873,97.1340,153.4190,204.9900,230.6460,215.4370,199.1830,181.1240,184.6590,179.4490,171.6800,161.8870,128.2120,87.4066,58.9876,41.9964,33.2374,16.2422,64.8139,108.5370,167.3020,155.7670,103.5010,71.8299,53.1968,56.7908,59.2805,73.4627,92.2147,116.8950,142.6290,169.9110,185.4630,210.3970,214.9710,196.2160,190.2030,156.6530,129.1400,129.3960,134.7930,148.1060,138.9030,139.3740,124.9980,66.7600,36.4839,72.8174,95.5268,93.9481,88.7972,96.3560,98.4666,100.0620,104.4110,108.2560,99.6573,113.7140,61.6070,55.3188,14.8131,9.8028,31.1525,31.1256,36.4076,51.2171,67.3845,45.0442,23.8618,42.0228,63.8192,75.2535,28.8273,32.3189,78.1722,75.0382,65.2927,57.2100,38.8392,91.3206,91.3633,85.4609,39.8968,38.9399,44.7099,50.9978,40.1246,42.5572,27.5853,49.9177,62.3133,81.4116,100.6170,116.1280,115.4030,91.7127,61.5192,45.9689,60.3165,66.4083,56.6935,23.8484,44.8729,65.4913,72.2431,62.5418,74.8011,65.7704,43.7376,23.7029,12.7461,11.1213,12.5462,19.5070,16.4319,25.8345,39.2885,54.1374,54.8705,51.4602,44.8533,44.8157,33.7474,34.2897,39.0992,28.1651,13.4522,18.6607,25.7419,27.3636,14.4394,22.5586,24.5540,26.8283,31.3685,15.7898
52945.8000,48458.9000,25724.3000,26741.8000,41808.8000,35422.2000,25720.6000,22097.4000,21400.7000,17428.0000,13658.1000,10522.2000,9206.6300,8746.4500,7033.4400,6286.5600,6554.2900,4876.4700,3679.2500,3738.3500,3363.6500,2800.1900,2249.0300,2027.2600,1692.4900,1619.8500,1442.2000,1175.9200,1143.9300,999.2580,799.1880,743.6050,640.8920,536.9040,531.8430,598.4620,599.2370,571.9270,579.5600,677.1540,802.4180,788.8730,707.0990,520.2710,84.0159,382.2420,498.2590,666.4780,569.5240,451.1350,415.7480,387.7020,348.4270,280.1540,253.9400,250.8040,204.8670,162.4620,116.4010,85.4568,77.8605,75.7903,49.6572,69.2936,115.4520,109.1330,146.6280,211.0010,211.1480,190.6940,211.2800,257.5500,260.9960,145.0940,166.3100,113.5090,158.9720,182.2070,241.5470,228.1110,213.7580,139.2440,51.2901,49.5108,51.4920,79.9259,102.2750,101.6520,95.4813,113.8340,129.8930,119.8380,106.7530,94.3526,55.7029,19.4158,17.7569,45.0423,76.2534,79.1089,73.7845,100.6280,146.7830,191.9580,227.9410,269.5770,288.4470,248.8770,234.7050,226.2460,188.1870,136.0780,160.0530,202.3180,228.3720,214.9330,179.6260,112.0020,95.1802,75.0933,98.1795,128.1240,136.6760,140.7370,135.4140,124.0230,116.6200,129.7970,132.6070,85.9425,76.6401,140.6120,196.5600,235.8660,244.8640,214.5370,176.5100,99.4932,38.5839,91.7121,138.8420,150.6130,110.5470,82.6834,68.1786,72.8074,132.8700,206.2440,231.4220,211.4540,173.5230,156.8570,115.2040,81.7999,105.9100,153.8230,144.4520,119.7580,118.7830,138.2510,174.7470,197.5290,159.0470,120.6200,68.8517,80.2480,137.8940,195.1080,218.8450,199.5930,189.5540,175.2780,171.3800,154.7480,143.3100,145.4030,121.1030,85.2199,57.5503,33.3110,24.2219,11.4241,73.1380,109.5950,170.8700,148.3800,100.8190,73.6807,46.5382,53.0138,76.7662,91.5545,76.7618,91.5358,128.2370,162.9210,184.9990,208.9160,209.7520,181.6840,170.2440,150.1730,139.3940,144.5630,135.8270,147.3500,145.9560,150.3250,111.4210,68.0862,65.1120,78.1533,84.5776,96.3307,98.6664,101.3550,95.2482,95.4585,115.9090,118.2150,103.7840,114.2620,63.9893,56.8668,10.1457,14.1503,49.1551,46.2763,45.3434,49.8771,52.6568,37.3561,20.4525,36.8467,63.7403,86.2793,50.6574,36.4819,72.9135,84.1722,90.9138,70.4580,32.6203,52.3704,55.4506,62.9186,52.9205,25.6993,31.5050,31.7295,36.0278,29.8571,35.0442,61.2731,72.9579,88.9497,105.2460,133.0080,149.6750,124.3380,83.6094,48.8828,51.8304,65.6100,62.4175,21.2599,24.7978,39.3390,44.2018,36.4467,39.3568,35.7720,17.5813,15.8936,30.8478,30.2011,19.3457,9.5196,22.0291,38.8850,39.8054,50.3275,66.9579,77.7043,63.6208,43.7285,36.7626,37.3203,43.6740,38.0895,34.9699,38.0811,41.6412,31.7650,10.9626,14.1659,27.4583,39.9248,52.6065,30.9715
53402.7000,48799.6000,26167.6000,27481.0000,42698.5000,36100.3000,26076.5000,22339.3000,21708.4000,17598.2000,13797.7000,10575.7000,9230.5100,8779.4000,7140.9200,6378.6900,6577.3500,4927.1400,3712.8400,3730.7300,3381.7000,2754.6100,2227.0700,1992.8000,1650.1600,1585.9200,1401.0100,1128.7200,1107.8400,947.6940,774.5810,656.9310,547.7290,450.4320,420.5080,457.3890,458.9320,383.0420,345.3130,414.5200,511.7430,553.8780,559.1660,534.5070,240.6410,445.4810,408.2670,560.5370,479.0020,394.9260,376.4000,389.1370,388.6310,356.2200,346.2340,325.3490,263.9010,210.5810,162.1930,107.2450,89.9120,102.2110,83.7656,83.6556,128.4280,129.1890,157.8110,223.5910,218.3980,193.6600,204.4280,248.2230,262.3420,155.1390,176.0040,118.7350,156.2460,156.9180,201.8940,194.7100,180.4960,119.1830,47.5386,65.1224,71.8413,87.4482,100.9040,103.2490,88.4039,81.4925,77.1656,64.9306,54.1096,41.3688,18.9528,14.6212,21.7389,30.5125,59.9599,58.3080,51.0200,88.4979,149.1820,188.2050,216.0290,240.2580,261.3880,250.1750,239.2020,212.8330,179.0540,140.2590,152.5470,185.5860,197.9860,191.6010,172.8580,113.9060,106.6890,83.2590,102.5480,119.2720,124.3560,135.8750,132.2030,124.0080,114.7230,131.3790,138.1460,87.2707,57.8973,110.0900,176.2070,236.1540,242.7190,210.0850,161.3430,87.4598,32.2925,89.2712,131.6220,138.5600,104.3660,87.1280,66.7860,72.6557,141.4550,212.7130,239.6710,220.6220,182.8410,153.9640,108.6910,72.3495,99.8995,154.9470,154.9640,141.2310,144.0560,155.1100,171.0430,185.6780,159.7880,122.3420,76.2654,94.9248,153.9400,201.0970,215.5400,204.6080,185.9430,166.4720,155.7670,143.5170,140.2750,153.4460,131.6700,87.2727,57.8341,40.9717,27.5156,21.3308,80.6213,123.0900,182.7930,172.7570,117.9350,84.1798,56.0338,65.1955,83.4454,102.8210,100.8100,106.6190,139.4540,177.0070,194.1660,221.8120,228.1830,204.2650,179.1490,138.3960,119.8960,131.7160,138.8020,145.9120,135.0890,135.7540,108.8530,65.0721,53.5272,73.2624,93.4795,96.7030,84.0651,78.6374,81.0107,96.5929,98.3913,103.4710,101.3010,123.7280,63.0402,59.6407,14.7429,28.9828,42.8742,48.5424,55.3072,76.3215,69.2682,51.7908,41.4051,60.0468,82.6514,78.9004,40.0565,29.1311,73.3853,75.7707,72.6130,41.8089,31.8495,56.7304,69.2893,65.4151,37.1595,25.8111,40.3771,53.9174,58.3448,43.9395,32.7353,33.8201,47.7784,75.1692,106.9290,127.7960,126.3260,112.4180,78.1538,50.0434,55.9987,69.3524,65.7402,35.2102,22.5066,45.1244,64.3312,63.9254,62.5227,55.4181,38.8969,23.2555,11.0291,6.5153,4.5251,10.1662,33.6705,48.6289,47.9315,48.6281,49.1877,46.7992,52.7967,64.8867,56.5105,33.4176,29.8169,42.7567,39.6552,34.5214,28.4862,29.5984,14.9709,29.0506,30.3723,33.9705,34.9566,26.2028
52911.6000,48699.7000,26012.2000,27116.8000,42344.2000,35627.6000,25531.9000,21953.5000,21328.9000,17220.4000,13558.8000,10500.7000,9130.4200,8732.8800,7111.3400,6307.3900,6574.6000,4945.9900,3696.5200,3702.8800,3366.5100,2788.5200,2274.3500,2032.6200,1664.4200,1604.2700,1415.9400,1129.1700,1094.3100,926.0010,747.5240,647.8290,513.9530,403.6280,388.9930,463.0120,454.9680,454.1500,512.4780,615.7100,696.5000,684.4880,641.3540,567.4640,236.8070,420.9850,407.3580,508.9370,452.3950,363.6820,371.1700,364.5420,339.2280,306.5360,292.2420,281.1940,207.0270,154.4380,112.6480,72.4452,32.6517,21.3258,35.8400,72.3046,108.8470,104.8360,143.3960,206.4080,194.7060,169.6540,173.9950,219.9290,258.2770,160.0180,175.4330,109.4330,141.6210,155.6600,204.3800,193.9560,181.6670,116.8810,40.2373,50.7234,70.3946,99.4462,137.6860,125.3120,105.4830,97.7683,96.5935,80.4924,58.1157,42.0145,22.6425,11.5475,19.3193,44.8852,73.9335,81.7996,78.7126,117.3090,170.9030,204.7470,221.7440,258.1080,276.5130,261.9390,256.8620,243.6960,197.4850,155.0790,167.4550,199.9070,212.8960,209.1640,183.9320,120.8620,115.4450,104.3570,108.8750,137.7760,137.3720,133.8760,119.5900,106.2960,111.4280,122.3060,123.4830,85.3541,93.7670,150.9230,198.6790,250.3570,256.4700,219.7570,174.9180,99.3598,42.3937,97.5961,145.7590,156.4370,133.0410,105.9010,76.9896,74.5806,110.5260,174.8220,219.5300,204.9060,166.3640,141.2680,96.4055,90.8840,135.9300,182.7690,169.4950,142.8090,137.8280,147.3200,175.0550,194.3440,151.5400,116.0600,78.5891,92.2275,128.0910,178.6280,205.8440,186.6100,175.1240,162.0470,166.9310,158.6340,150.6650,151.2420,122.8300,81.6962,52.6862,46.1994,37.8702,14.5437,92.3832,126.4620,179.7850,156.9530,102.1040,64.6841,41.6134,54.3943,70.0421,79.5371,78.8215,95.4360,124.8470,161.1830,182.6700,206.9290,207.7850,187.8000,160.9690,124.5850,122.5710,129.5630,120.3670,131.7840,139.1290,141.2940,96.8677,63.2353,58.4854,80.6125,112.1350,111.0070,94.7611,89.2094,94.8486,116.2540,120.2850,112.8340,99.1874,112.4610,58.9450,60.3973,18.9581,10.0360,13.3415,20.6533,28.1500,43.3575,58.8944,51.6195,42.2026,49.3801,78.3294,97.1332,56.9049,35.5776,73.8537,93.8981,102.0560,94.1442,55.3994,78.3905,66.3948,51.5641,24.4814,28.3371,49.5762,63.9658,68.3484,61.2032,34.5887,46.5512,53.0408,72.4008,93.9788,116.8140,137.8730,122.1900,85.2441,55.3357,55.9435,68.9717,64.5502,30.7140,35.4405,55.3282,78.1995,77.0262,57.9084,39.3310,18.7528,7.5193,14.3142,21.5959,29.8052,24.3767,28.5119,48.4202,54.1076,58.0240,63.6414,69.0493,61.9897,52.1730,34.9432,24.2695,36.2823,42.9517,37.5447,30.3635,25.8853,19.8880,10.2143,24.1664,32.1591,42.9109,45.8888,31.9449
53046.1000,48634.9000,25840.7000,26534.4000,41616.5000,35313.3000,25496.7000,21893.4000,21296.3000,17308.7000,13617.8000,10460.0000,9121.7600,8715.8100,7032.0600,6253.6900,6506.1100,4828.0200,3620.9400,3696.7900,3323.0400,2751.7900,2198.8400,2013.8200,1692.8400,1596.7500,1413.2300,1152.6000,1133.4700,988.8260,736.3310,656.6510,566.1270,466.5740,479.0460,507.3360,544.6840,619.4450,750.8370,938.8370,1021.2200,969.6470,804.6810,589.8140,264.6290,398.0300,517.6480,603.0480,521.7870,412.2910,398.6460,372.6030,314.5850,268.1040,222.3550,174.9670,109.8490,101.8100,115.2230,122.2640,109.0180,93.4969,88.1743,69.9375,65.1622,75.4029,129.3020,202.0000,192.1160,162.9720,157.0370,200.4680,254.0160,172.3860,124.3790,71.1059,102.6910,128.2010,176.8940,173.9560,152.2650,82.4797,21.1894,44.0261,74.1169,110.5660,165.5690,162.7140,122.6460,95.4190,70.2556,60.1158,31.5016,14.6027,23.0253,33.1761,54.0188,78.6984,97.1688,106.1160,90.1842,100.4340,155.2560,208.4220,239.1270,264.3250,268.2200,252.4650,264.8310,269.7640,219.5460,188.2380,202.6600,234.9200,250.4410,239.7320,198.3610,123.7780,98.3831,78.2154,100.2750,129.4300,128.5990,131.0730,129.5720,116.4930,100.2460,113.5110,121.1240,86.7495,95.1670,164.3830,216.7340,255.1560,264.3300,217.4800,168.1230,85.2150,60.1874,119.7980,171.4110,198.6720,180.4920,150.1310,130.5690,99.0122,115.0450,190.8310,220.8370,213.4100,183.7600,161.9500,102.6190,86.0958,129.1950,176.9660,177.8840,150.5560,141.4820,145.4410,175.3680,184.2450,136.3520,104.2280,83.0794,96.4498,139.3610,203.4800,225.8930,204.9310,202.1020,189.0500,194.0370,182.9080,166.3700,163.8200,152.0650,104.4530,66.5447,49.1785,46.8939,20.1537,62.2460,106.3230,161.2700,160.9940,123.0750,95.9460,60.4229,55.1438,63.6610,63.1027,78.8017,100.0700,118.7180,159.7930,185.7350,214.7630,221.3500,201.2230,181.0880,151.6480,123.1640,107.0680,116.3190,139.2570,147.0610,141.5110,105.2520,66.7101,58.5341,77.4700,95.4150,99.7530,90.4196,92.5501,97.3287,117.9640,125.3100,109.6310,102.6860,109.1580,71.7116,57.4291,23.4795,14.9976,39.2551,40.1209,47.7290,53.5920,58.9351,47.9879,45.2920,60.5649,90.2585,102.1740,49.9785,31.6002,77.8918,83.5238,75.7487,52.8533,23.6695,64.1340,76.6039,82.7827,67.1862,12.7940,36.8845,55.3278,68.8044,44.8010,28.8532,34.4375,47.1067,71.6639,100.8770,132.3360,141.3250,112.1530,67.7687,48.2383,86.1562,92.6102,77.0885,22.9991,32.0183,59.6260,77.2906,79.6286,71.6814,47.4835,21.6718,10.1033,19.7911,37.4017,35.0147,19.8672,28.2275,60.0986,56.0168,59.1694,58.4826,62.7497,55.2653,54.0475,37.9349,22.9531,27.7681,39.3740,41.1602,37.3118,30.0853,22.5452,7.7386,25.9603,31.1047,37.5108,35.7339,25.8364
53810.6000,49117.7000,26181.7000,27148.4000,42434.6000,36072.1000,26050.9000,22240.4000,21674.3000,17559.2000,13822.7000,10598.4000,9256.2900,8816.7600,7144.1800,6375.5200,6587.7600,4930.8300,3709.5400,3733.7500,3383.2400,2767.1600,2235.2600,2012.7700,1663.5900,1572.3900,1372.9900,1078.8900,1028.4900,869.8190,640.8180,542.3040,416.6020,284.3380,294.1290,341.5500,363.0020,473.2840,611.7410,751.1740,800.8700,787.9110,658.5380,430.2310,283.1780,364.4040,542.2000,513.7940,441.2570,319.4580,304.1910,314.0950,256.0210,188.5700,139.7310,131.8990,98.0163,124.9220,137.6520,168.5630,186.4140,161.5180,143.2280,98.9344,61.6849,75.4302,119.0450,175.4740,164.9760,136.3040,139.8400,195.6320,252.1090,159.6730,94.1787,42.4108,96.5627,126.2110,175.9240,165.8040,152.4860,76.0070,54.3238,76.4236,107.0600,140.6980,172.1610,156.7010,126.1000,101.6810,80.8405,49.7002,14.4915,21.4290,46.1096,42.5933,48.1800,86.4214,97.7123,108.6840,102.8890,114.0870,139.0450,165.4210,208.9920,241.0140,257.3550,209.7950,206.7400,235.2270,200.1300,193.4000,210.6910,231.4380,238.5520,234.2640,194.9180,107.1190,107.8460,85.7702,114.3600,125.2630,126.9660,143.8170,123.7520,101.5560,109.0940,116.6180,122.4420,98.9533,125.0480,184.1990,243.7620,286.4150,290.7190,240.8800,184.6930,90.6245,47.3517,121.1340,166.9070,201.2940,190.0370,165.0020,126.8900,103.7340,156.0540,237.5910,258.0270,240.5860,201.4230,165.4970,98.7359,92.6393,143.5010,187.7920,184.6460,166.7880,157.2430,156.6570,177.6350,187.1180,142.8840,109.8730,81.8584,101.3520,143.7790,183.3990,197.1680,191.7460,185.4920,170.5130,184.0170,186.1650,177.8610,165.1990,137.3660,94.0360,58.7678,46.9823,40.2897,18.8636,72.8735,117.4980,175.5610,172.6060,129.5100,101.7890,79.1379,76.3832,85.9330,91.6180,95.5885,101.1310,117.4200,157.7940,188.7520,219.9070,222.1210,195.6610,186.8680,163.2510,131.5180,110.9060,115.7050,137.2950,141.1880,134.9800,103.2480,60.2669,44.5726,71.6584,102.1830,102.7580,97.0885,95.2618,110.8200,126.0410,131.3870,131.2280,124.2920,117.3220,45.8280,37.8648,22.4665,23.5136,9.8576,14.1762,32.1444,52.4021,63.8940,62.4074,60.5069,56.4529,74.9445,92.1378,57.5639,38.8227,71.1332,77.3997,71.6303,51.9912,24.1998,55.0397,52.8570,45.5062,17.9695,26.0994,47.5802,62.6832,61.6744,41.4869,21.5107,33.7836,47.5473,68.0524,89.3903,116.9980,131.1180,104.6120,65.1080,56.3720,79.6238,84.2979,69.2499,24.6638,24.9218,47.1349,59.5406,53.3669,55.1391,51.7375,28.4231,21.0689,32.9615,39.5539,29.0369,15.7179,22.2151,43.3915,52.4315,53.5486,46.4605,40.4018,47.9966,39.2380,23.1444,37.0677,38.9088,29.0826,34.4689,32.2165,26.1699,6.8544,26.6921,44.0030,50.7357,51.7297,37.5826,25.7667
53670.4000,49356.6000,26463.4000,27412.3000,42715.0000,36030.9000,25792.4000,22137.4000,21566.8000,17385.8000,13715.4000,10637.9000,9276.5800,8869.5600,7251.6400,6459.1600,6694.3500,5017.9600,3751.0600,3779.9600,3417.7400,2802.8200,2230.1500,1976.0600,1610.7000,1499.1800,1298.7100,1005.5800,950.4190,796.8940,562.1570,462.2810,346.1390,235.7260,256.3320,301.3670,322.9780,431.5780,536.7150,672.3920,717.6200,732.3870,624.2870,385.9810,282.4350,390.7960,560.7130,500.2400,412.6040,323.1750,300.3740,307.8850,271.2770,205.1670,110.1010,98.4503,93.5670,147.1270,173.9920,199.5310,203.9260,187.4950,158.1190,120.7670,62.8257,74.0829,131.6380,185.9020,167.4930,136.1540,151.9870,206.9190,243.8730,166.3510,74.0779,40.9238,111.0280,141.0320,179.4380,167.9260,156.1660,72.8093,52.9602,74.8385,109.6760,145.8060,172.3990,169.7590,143.5870,113.5080,72.3941,35.8628,21.4818,36.9843,67.0715,84.8063,85.9934,99.3591,107.4180,116.7130,120.7080,135.7680,152.2380,179.6600,216.3990,238.0700,241.6560,208.4740,220.9190,242.3690,204.5700,193.0220,198.3310,216.1290,224.2040,218.1740,178.4260,93.4089,98.1329,78.4566,109.2870,134.5740,150.3700,143.5430,123.0460,99.1759,97.2778,107.2250,109.3900,67.0450,94.9132,159.0560,211.9310,265.6490,285.8630,231.4590,169.7570,81.0005,57.5930,137.8410,178.6640,208.7880,197.3430,171.9540,135.7530,111.9220,149.1850,226.6330,247.7020,236.4430,204.3310,184.8390,114.5910,97.5375,142.2780,186.4760,188.0280,168.1750,161.0720,165.2750,196.8780,209.9260,163.2820,131.1580,96.7008,94.9435,128.9560,180.3260,204.3840,183.4340,184.7150,182.6530,195.4310,178.7010,172.6250,185.3970,159.7940,113.6460,73.5460,52.7453,37.7550,30.9170,76.4439,115.7310,161.3750,156.3510,118.9900,90.1421,57.3229,49.2117,66.7109,67.9022,60.1416,89.5506,125.2230,153.9930,179.3530,209.1590,216.6790,187.3170,167.1230,151.0590,137.9330,117.6450,114.6340,115.9720,124.0390,143.5280,116.1200,71.2999,60.3975,64.7193,82.5015,88.3591,82.4341,93.0438,120.3790,133.0980,100.9910,103.6540,96.9565,110.2830,44.4171,47.5784,16.6960,7.5450,18.9157,35.5719,56.3078,71.8553,57.4987,44.8773,49.5131,65.0006,80.5004,91.2198,61.7143,27.1593,56.0765,85.2691,82.8447,66.2515,35.9565,66.3103,71.9621,64.6380,38.6324,19.6376,35.4366,49.2227,57.5209,46.7881,20.3907,32.4016,51.3655,76.9684,103.6600,132.6970,156.0860,132.3500,87.7014,63.6176,74.4931,76.5054,58.8005,16.9035,28.7761,51.3353,64.5003,75.1109,75.4673,57.5885,34.7531,18.1526,13.2740,32.7857,21.4691,12.0284,27.1197,53.9093,64.8250,66.0100,60.9597,62.4350,57.0629,45.0517,48.7994,49.7958,41.1391,44.0065,43.2005,40.4679,33.8113,33.5532,26.8031,23.4489,30.4879,37.4153,33.3862,11.5960
53396.7000,49065.4000,26199.5000,26619.5000,41710.8000,35462.6000,25525.3000,21842.8000,21295.2000,17265.2000,13646.8000,10502.4000,9151.9600,8777.9600,7077.5600,6286.5200,6574.8400,4894.5600,3637.4900,3685.0700,3332.9900,2764.0900,2221.2200,2008.3100,1671.3400,1587.2600,1411.1100,1123.5700,1067.5400,930.4230,711.5550,622.3270,493.8180,374.1030,370.4950,403.8090,390.5110,372.7660,416.2620,513.1420,571.3830,611.4210,552.2410,489.7490,319.7290,412.1440,509.9090,473.9890,427.3640,315.1220,289.9290,270.7620,251.2530,218.0880,183.0450,151.7830,98.0803,116.1440,141.9920,147.5150,144.1200,142.0530,130.7280,112.4530,62.8193,77.2277,130.6190,197.9910,171.4810,133.5400,130.9580,191.8730,253.5250,166.7800,97.1203,42.0055,105.6100,127.0490,172.4600,171.5650,172.1130,99.6241,52.1905,57.8670,82.1105,116.6060,156.6360,139.8420,120.0080,108.2000,110.2250,73.2124,24.3561,11.9533,34.8777,59.1333,78.6438,98.3847,112.0930,124.2370,116.8020,136.9430,169.4090,186.1240,221.7530,248.0340,255.9230,227.5690,240.7540,255.8770,210.4120,191.0100,201.1270,221.2130,229.9540,224.9540,187.8060,107.0210,103.3410,81.3009,110.9520,126.7390,137.6620,149.9930,122.7960,99.6348,112.3490,122.6870,105.6070,75.7450,102.9770,144.8820,210.6530,278.1670,266.6040,215.4230,161.5990,79.7726,59.0242,138.5850,179.9050,191.6100,181.1530,149.5060,105.0560,98.7808,135.6680,191.1770,230.1570,224.8060,187.5650,154.1600,98.7331,98.9183,142.7470,184.3060,181.7820,170.1700,163.7330,164.0430,178.1470,187.2290,155.0360,124.4490,80.6282,81.9032,127.6990,176.6880,186.3150,178.5570,177.3040,163.2710,166.2380,160.0770,159.2530,145.3840,115.5440,82.9569,57.5863,42.0740,26.8741,30.4954,96.6917,129.5330,173.6520,144.1230,96.6825,70.8197,53.1935,53.7877,61.2078,54.6491,55.9663,85.7270,118.0960,149.2470,173.7660,201.4380,210.2920,183.6270,152.3230,126.5310,106.7030,99.1330,103.4720,117.1830,117.7700,120.1660,103.1250,70.6863,67.4553,90.1401,95.0638,92.2548,87.7818,94.8788,106.0630,117.5150,114.8380,107.6820,104.9670,111.2850,56.6803,34.4671,19.7771,22.7168,40.4168,33.6227,44.6533,67.2929,71.6572,64.7423,47.7260,39.4114,68.3482,94.6841,57.0888,29.0314,44.7585,61.7878,59.8823,44.5449,32.3709,61.1692,69.8123,65.2022,47.5233,28.3102,52.0599,73.2148,75.9463,54.2389,40.7367,61.1811,79.7247,94.8663,107.1940,117.0680,139.7560,115.9230,72.3093,60.0913,77.5105,81.8310,66.4074,23.4700,33.6239,59.3470,74.1708,76.7876,83.0675,70.5961,45.0536,23.6054,12.4969,16.7610,15.4118,11.0444,21.8596,48.3676,46.6840,40.8675,43.0538,56.5229,60.3783,51.0412,46.0247,49.6832,57.4844,59.6936,56.2100,48.3778,38.7244,27.0994,10.3002,23.4759,26.5292,30.2818,27.5392,30.1663
54115.9000,49396.5000,26453.0000,27134.1000,42357.5000,36152.0000,26154.5000,22280.3000,21726.6000,17610.9000,13888.5000,10668.7000,9340.0300,8890.6100,7195.6900,6478.0400,6725.2600,5032.6400,3802.1500,3820.5300,3451.8700,2857.1200,2307.9300,2085.9800,1736.1700,1646.8200,1452.0800,1174.5800,1130.7300,958.6300,750.1250,650.2680,511.4220,396.1370,355.5350,417.8650,401.0790,344.2390,361.1240,446.4290,530.0770,580.7620,529.0900,542.5890,313.7290,410.9110,430.2440,480.9920,441.8270,326.1910,308.8090,306.4710,279.0300,248.1500,244.6200,231.4820,162.1690,119.3150,108.5680,106.5790,93.8529,92.1238,86.2348,82.3850,45.6773,60.5021,115.7910,188.2850,169.3430,139.1530,139.4520,193.9930,256.8640,188.2740,135.0080,80.7930,116.3630,134.8500,180.3990,181.0100,181.9000,109.6110,29.6000,36.3186,65.3628,112.6530,155.3330,139.5660,122.0720,117.9140,118.2350,101.6650,64.8921,34.8113,12.9422,35.9995,51.6973,79.0106,104.4810,118.0910,104.8240,126.8890,160.9750,187.1620,230.7050,267.2540,279.5270,252.3130,261.2450,277.7180,233.4020,200.7550,210.3100,241.0070,262.1600,242.5420,192.2150,108.8390,91.3554,68.4580,104.1070,129.5870,142.8330,150.3560,137.8840,117.9720,107.9620,119.1140,118.6770,93.7224,110.5030,169.7290,222.4690,258.8130,260.7230,222.4710,176.7950,94.2091,45.0641,116.4550,163.8990,189.3860,180.0170,160.5290,127.1910,107.1540,141.5900,212.5020,245.6050,231.5290,197.2150,171.0690,112.4730,83.6018,131.8320,185.4760,176.9720,160.1320,150.0440,152.6250,164.8150,178.1270,150.1070,122.4370,83.5879,93.6719,141.1660,196.4820,214.6920,194.3270,191.0860,184.2280,184.7980,178.0770,176.3550,176.9780,145.9130,107.3140,74.7498,60.9280,40.6832,27.6541,74.0807,113.9890,163.9570,166.2170,121.8220,92.7349,53.5550,47.9539,53.6012,48.4673,55.6082,77.8776,113.7330,151.8810,174.6360,198.9170,212.5130,190.5260,155.7500,126.7010,103.7760,96.9871,110.7740,126.5270,126.8900,116.9080,86.3321,49.3098,48.3333,79.9365,93.8700,82.2180,69.3018,76.2527,86.0104,95.9303,96.7502,97.6098,92.8454,104.9800,51.7044,50.6014,11.1459,7.5520,21.4099,27.9089,38.0294,52.5127,58.4345,51.6781,49.5629,62.9326,88.3240,95.7523,64.7025,40.2758,58.1278,81.2435,77.8396,72.2147,37.9104,84.2565,85.6367,87.3163,51.3840,41.4924,47.0566,67.8369,70.8478,66.4229,43.4549,58.0546,58.5973,72.7172,88.6710,112.6130,139.9300,121.8140,77.9735,46.1477,76.3942,85.5067,73.7551,25.2751,30.9458,57.2074,75.2902,60.8660,62.8806,64.8695,43.8868,28.6729,18.6545,20.2482,18.4905,13.6070,26.4354,55.3846,63.7404,67.7418,66.7004,71.3604,66.7185,64.0523,54.8182,50.6440,65.0865,71.0380,65.2383,53.5118,41.4901,27.2343,12.5373,10.6458,22.6182,34.3395,31.2314,19.3780
53864.4000,49459.3000,26572.9000,27571.5000,42870.4000,36180.2000,25865.4000,22120.8000,21570.5000,17328.7000,13671.5000,10608.0000,9284.7800,8887.0400,7258.0900,6474.0000,6731.7200,5070.3300,3772.1500,3768.7100,3437.9400,2809.6900,2278.4700,2038.4400,1666.1200,1573.8500,1376.2000,1096.2200,1065.5800,893.9000,685.8540,590.7300,464.9520,340.5180,301.7530,352.8830,329.1490,297.4700,340.4160,429.0420,502.3440,561.0840,499.4230,460.8710,260.1320,395.4130,444.5050,424.5330,364.8500,267.6170,288.3030,276.2320,217.5310,187.1420,191.0240,198.8420,140.3900,134.0240,130.8350,148.9610,130.6400,109.5540,83.9278,65.8204,45.4253,58.5809,125.1000,204.6310,179.2400,143.1930,166.9020,241.5260,278.4640,163.3930,109.6270,43.5346,97.1512,122.4590,175.5790,173.8230,186.0110,100.9540,53.3600,39.5550,60.9684,94.3122,136.1130,131.3690,119.6680,114.4190,109.5350,86.1253,49.3532,22.5061,23.0657,53.4740,67.7116,82.3001,101.3170,114.9350,108.0260,110.2890,144.5060,186.9180,224.9110,252.9020,255.2620,244.5780,271.0750,285.8160,231.2770,208.4050,232.9960,259.5560,268.3740,252.1610,209.1550,119.1820,86.7047,65.3702,110.4220,142.1450,160.6040,174.1840,157.0670,128.3060,120.4470,139.1790,135.1290,96.4862,104.6570,163.1260,223.3260,277.5690,273.1980,223.5970,175.1970,96.4777,46.2100,113.8400,161.0920,178.8900,162.8970,132.8060,104.7520,114.6910,156.6180,209.4900,240.0710,227.0220,186.7450,160.4790,103.7550,88.8165,132.2040,178.9810,174.3810,157.7860,148.4110,151.3920,169.6010,189.9760,153.6140,120.0200,74.2148,93.2941,139.7410,183.2660,211.6500,204.4670,192.8570,177.9970,183.1180,173.6760,166.2260,172.5920,153.3470,109.5680,78.4233,63.6325,48.6495,29.6466,78.4803,118.6900,164.8890,158.1740,103.9340,66.0113,37.5850,52.9890,62.3942,61.2615,76.2901,100.8490,113.4960,147.9710,184.3540,206.7100,205.2070,179.6860,176.8960,142.1080,109.0560,113.2450,129.2070,142.1270,137.4470,145.8990,123.7050,76.8251,56.5293,61.4955,75.6715,82.4429,75.1705,76.9362,88.6617,109.8770,112.4040,111.1250,102.6620,107.2440,49.0028,29.2455,14.1901,18.9829,26.1622,30.5135,43.6693,67.5696,60.6312,49.6919,37.3922,60.3771,99.0078,119.0490,62.7641,29.5087,65.8100,88.7098,78.8758,65.9286,26.4927,67.2892,71.9337,76.1821,46.0282,45.5309,43.9608,57.0687,42.6392,47.7897,31.9119,59.8362,59.3936,75.9181,95.0183,122.3380,122.9600,101.6740,64.7224,36.7743,67.1678,73.3177,57.4797,18.5715,42.7228,64.3992,76.3611,82.1060,80.8843,72.7914,53.2767,31.9418,8.5679,28.3160,30.1315,25.9169,9.2716,41.4901,52.2056,60.8101,63.9380,59.3775,53.1229,60.4395,48.0970,45.0247,62.4002,56.7208,42.7427,21.9483,28.7904,36.2601,26.9119,35.4083,28.9172,30.1284,31.5632,32.7550
53377.2000,49192.3000,26380.2000,26804.1000,41845.5000,35517.0000,25540.6000,21830.1000,21244.9000,17162.8000,13579.8000,10471.6000,9082.6700,8728.8200,7065.1100,6245.7800,6543.4300,4889.3600,3652.1300,3708.0300,3342.8700,2764.9900,2216.2500,2026.1600,1691.8700,1594.4500,1406.0700,1131.0300,1096.5200,940.9010,702.3200,616.7330,510.5480,378.4330,360.3350,388.8620,394.4180,380.8370,424.4200,516.7330,550.7530,595.5160,576.3380,480.7970,344.3930,248.2340,405.4230,415.6350,388.3260,294.2420,293.1650,303.2380,276.7590,221.7900,169.8520,130.8260,80.3947,109.4300,147.1310,177.6510,179.4380,159.9620,133.9540,97.9784,59.8435,73.7002,129.8280,175.9100,155.0500,117.6150,134.2550,196.1010,259.5780,177.1660,107.2630,51.8231,110.2640,123.9540,153.5650,144.5010,143.2450,71.7531,60.7201,78.4094,112.2400,150.1020,190.9950,173.6650,137.7080,109.7600,87.6257,75.1418,29.7256,24.2604,69.7495,88.4834,80.2159,94.9226,106.7970,115.4710,96.4664,111.4580,141.6960,165.7890,208.3300,238.6450,243.4520,217.3770,243.3190,270.7980,236.0340,229.7490,243.4890,266.6780,278.4980,266.8170,217.7800,124.2950,85.8372,55.3355,107.4700,124.2690,144.9140,171.3790,153.0820,111.4610,91.4409,108.3240,114.7400,88.5559,120.4710,182.5200,244.3490,296.5420,293.5810,236.7500,175.0230,79.8403,62.7877,142.5370,182.9490,208.4010,198.6970,176.7170,144.5830,137.2940,177.3390,224.4110,232.5420,220.2030,188.4970,153.9060,102.8530,89.2218,126.8330,178.4960,174.8460,152.6200,161.7610,175.4540,207.0840,193.6030,152.3200,120.2020,84.6963,88.8002,131.1740,177.8350,187.5260,193.1660,199.1020,185.6020,177.5490,157.5370,146.0800,150.8750,146.5820,106.3160,64.9795,51.9373,45.7537,33.4356,68.3045,110.1960,161.7010,161.8780,108.1070,71.8687,39.1117,47.4251,61.2763,68.0537,63.3401,79.5833,135.9980,178.2790,194.7490,206.8780,200.0850,179.7740,167.5310,141.3760,119.4710,112.0490,116.5440,133.7040,135.5240,138.4470,116.6560,75.1638,49.6829,61.0691,79.6133,78.2689,75.1761,85.8804,110.7890,126.5060,114.2410,111.2030,104.7390,106.5380,56.3176,20.6541,18.9396,16.0874,29.3027,26.9513,41.5627,58.2333,62.7247,53.4004,44.8662,59.6225,85.4098,91.8379,59.4719,30.4800,45.8627,71.6548,64.6082,56.3649,27.9957,62.9450,75.1105,77.3189,62.9944,34.3585,39.2903,48.1705,38.6556,36.4157,22.4660,61.9879,77.1286,95.9348,113.2730,127.3000,130.0500,108.3650,72.7023,61.7269,80.2639,86.1139,72.1644,20.4307,35.5940,59.0043,71.1491,73.3457,78.3005,61.7865,40.6946,21.2840,6.9267,19.7582,18.5288,9.5907,21.8436,51.9127,66.3447,66.2004,57.9118,53.4728,54.9792,52.6936,44.5397,39.6674,42.3893,40.9021,36.5876,32.4193,27.3214,17.1145,8.5542,23.7910,41.3775,48.2765,51.5293,37.2024
53963.0000,49345.7000,26438.4000,27095.6000,42257.4000,36063.9000,26161.0000,22326.6000,21734.1000,17656.7000,13897.8000,10674.2000,9356.9100,8897.9300,7189.6400,6457.5000,6692.6700,5014.1700,3794.7500,3793.1100,3410.5700,2834.0800,2274.5700,2048.1400,1698.7000,1596.0000,1406.1800,1127.2400,1067.7000,890.2120,652.4290,556.6260,436.7670,287.4980,248.9420,250.6000,229.5920,245.7390,343.7590,437.5960,476.3450,542.2050,552.2110,374.4290,325.3040,206.7310,424.1740,390.6700,352.6140,306.3300,288.9610,295.4620,268.3640,227.6040,142.7040,91.1110,36.4125,73.6017,120.9760,170.8740,195.9250,195.0380,176.8450,127.3420,59.1401,60.2133,122.0700,171.5340,142.3460,101.4650,101.0550,164.1570,231.9430,167.6610,73.5063,23.1237,84.6216,98.8852,139.6650,136.7090,156.2590,84.8903,85.2591,102.8020,123.2770,148.2770,163.7830,144.2580,121.0710,100.2200,86.3874,53.8500,12.9739,28.2253,58.8011,77.4474,76.0184,73.6302,74.4313,88.6746,101.3680,107.0540,131.8590,169.3110,196.2810,216.5660,214.1980,193.9470,206.4620,229.5830,212.4050,217.6080,242.3220,253.0170,250.2000,253.2280,215.2420,111.7270,83.4490,67.0895,117.1790,149.7580,159.2690,171.1660,159.8570,124.3350,103.6390,116.6560,117.8520,88.1597,113.0540,174.7630,229.1350,275.8180,285.8040,229.4960,166.6280,66.0948,57.4430,142.1520,173.7440,201.7220,189.1100,183.3980,154.1240,137.2020,178.5610,243.5820,263.1210,250.4470,210.4800,177.9570,106.0630,100.4480,150.0060,190.4040,184.3030,169.3280,157.8930,157.4230,171.8500,180.3690,151.7530,124.4590,88.7681,96.3964,143.2880,193.5190,210.8910,204.4220,200.4790,188.8240,205.3710,199.8520,169.5330,162.1510,163.3040,117.6750,85.2479,77.7982,65.7860,33.9124,83.1115,129.9750,180.0210,165.3760,120.8510,88.4536,71.0937,70.9281,82.0006,87.8986,83.1633,98.2844,137.5010,175.5530,194.7520,212.4450,210.0330,185.6680,172.0520,162.0360,151.3720,130.8390,129.0290,140.4600,142.2450,149.4720,138.3630,90.4812,73.4503,103.8020,107.0530,93.2128,92.2570,91.3962,99.1164,102.5390,113.9620,117.1370,104.7730,100.4620,45.2056,34.0218,11.8309,19.8378,14.8161,26.9810,50.1321,69.3406,68.8958,61.2557,57.6996,60.1761,81.8483,99.7813,62.3463,30.2992,59.2918,84.4333,74.7560,59.4726,22.0186,56.9428,71.2008,79.4843,64.2547,13.9343,27.9876,49.0443,57.6815,44.4347,40.8763,58.7837,74.8659,94.3740,114.8270,128.5190,135.9190,115.8530,72.4042,54.9693,80.9732,87.5085,74.0602,29.0214,30.9256,60.0498,79.0224,73.5447,64.6166,51.7451,35.7670,19.2688,7.3022,31.1532,28.9998,30.0109,14.5588,35.3016,41.0206,45.5089,48.9457,47.3827,46.1644,45.9396,35.2070,35.9344,45.5469,36.6560,26.0403,20.4264,25.8960,24.2729,31.1526,40.9619,49.8424,53.7662,53.8748,37.6929
53990.6000,49556.7000,26652.7000,27627.7000,42975.3000,36403.8000,26174.4000,22387.7000,21819.6000,17610.4000,13880.9000,10699.3000,9337.2400,8913.7000,7274.4000,6496.1500,6735.9900,5081.3000,3809.0100,3786.6100,3429.5300,2804.2000,2252.5100,2012.9600,1652.1900,1541.5900,1330.2000,1038.9100,981.3640,814.5700,588.8710,479.8450,362.5910,236.7880,213.3230,216.0570,203.9610,270.0860,351.9260,445.5250,474.6660,542.8190,525.1620,310.5430,286.2650,304.8560,483.0570,408.9140,356.1910,305.4300,298.9220,275.8820,231.0950,200.7210,109.1760,91.5707,91.7045,130.6000,162.5670,204.3710,209.3890,192.4390,158.3210,111.3100,45.7462,33.5195,91.2832,165.7950,166.6710,140.6240,110.3210,169.5940,242.9630,170.2710,91.6461,38.9001,111.1060,124.3700,155.5690,145.6810,152.9270,85.2856,69.8619,89.8894,117.0710,148.1690,172.5380,163.3850,142.6110,120.5730,103.6750,78.4389,23.8921,33.0965,81.4586,91.4495,81.2720,101.9150,110.2510,118.8040,115.8780,126.0660,132.9350,162.3750,199.1280,220.1280,218.3120,213.1930,235.0460,247.7490,233.6490,235.9860,251.5220,271.4810,282.2310,269.9610,211.7680,120.0470,61.2612,36.6725,83.7264,118.7750,141.3190,162.1260,149.0440,112.6000,98.4461,109.5420,112.3140,98.5237,131.5850,184.0290,239.6500,286.4510,275.3710,224.3960,162.2800,77.1287,74.9906,162.5480,198.9720,215.1680,192.6770,170.7680,165.3220,156.0370,165.8820,233.7540,271.2170,252.9740,211.5720,187.3550,124.6500,99.6802,146.2550,203.1660,201.5240,170.9510,162.0050,165.3770,188.5340,189.0210,151.3300,123.1400,98.2578,105.3690,147.8220,202.8720,221.0300,208.3670,210.5580,201.4700,196.4640,182.3760,176.4490,179.8490,151.0430,103.3120,82.5732,71.9833,52.2487,26.0736,85.7286,126.5340,170.9940,174.6760,119.4970,82.0640,50.9902,52.0971,58.3123,55.0803,70.2970,88.3041,112.8990,150.8910,173.8550,196.4000,205.8230,184.3610,156.7510,140.2440,125.8350,100.4870,102.6670,125.9500,138.1730,142.2040,114.2700,74.8776,54.2626,65.7921,90.1127,92.5299,87.1154,84.7832,101.1460,114.3200,116.7660,124.3370,114.1670,109.0920,44.0581,14.5003,16.7515,15.7072,8.4446,12.1823,33.6831,54.9377,60.4564,56.2082,52.8343,59.3078,86.6615,118.4390,79.0686,40.9292,63.7842,91.6748,90.6156,83.4913,38.6027,67.7916,55.6239,56.5700,38.2780,24.1018,42.5807,51.5356,47.2710,28.7334,17.0803,42.8228,68.3971,88.9608,106.4480,129.5180,146.9820,114.7330,79.0718,72.9103,84.3829,91.5474,82.4715,32.9267,34.9076,50.7465,61.2050,60.7210,69.5849,46.7546,19.2934,16.3106,34.6701,40.3880,31.2196,19.5026,16.8783,28.5843,43.1922,50.3794,57.1099,62.5178,68.4608,64.3622,50.9463,39.0459,38.6083,47.6125,44.2448,34.5338,13.7188,8.5470,9.3753,34.4894,47.6424,45.6068,37.6184,17.1473
53356.5000,49234.4000,26386.7000,26963.0000,42109.1000,35649.7000,25619.8000,21995.5000,21424.9000,17336.7000,13707.3000,10518.3000,9094.9500,8740.5800,7082.1200,6286.4200,6607.3700,4937.3000,3667.3000,3707.6200,3354.8300,2791.2800,2256.7700,2030.5200,1666.2000,1593.9200,1407.2100,1119.1700,1089.6500,921.3640,710.7380,637.6080,505.9000,375.5950,311.8510,359.4740,316.8790,263.1390,295.5120,341.7440,375.8760,462.0590,473.3030,462.4000,370.4550,294.8860,392.1110,359.8530,343.3060,276.6010,273.9100,263.9840,222.5660,193.6150,167.2760,160.3580,107.5930,115.7140,141.8340,159.9490,139.1980,119.3880,93.6860,70.4884,31.7978,58.6772,107.2740,166.7870,159.2640,131.2740,116.0710,178.5700,254.9880,186.3000,117.7260,55.5276,101.9100,113.5070,154.2240,148.8870,152.9290,82.6981,55.1775,65.8000,90.9720,121.3900,151.8700,144.1680,135.0180,129.7570,130.4110,95.0314,41.8302,19.7796,40.1623,53.9528,55.1924,73.1856,89.2936,106.0660,107.7550,116.8650,139.6660,177.3210,220.9640,248.3660,248.7840,227.2520,256.1720,277.8780,235.4720,221.2210,231.5990,258.4990,272.0400,253.1610,207.5710,131.1520,85.9808,59.7102,102.5810,127.3470,142.2600,166.5240,161.7570,141.6330,123.5310,136.3660,136.4690,109.3250,106.3730,160.9040,227.8420,281.0600,291.8580,236.8850,170.4140,64.0230,81.8857,162.2280,198.2580,218.8470,209.1660,178.5050,140.9550,137.1030,172.3210,223.7880,249.1300,235.3110,197.0630,171.3780,122.9210,94.2489,129.3160,188.1620,181.1600,162.0030,168.8680,176.8480,193.1230,177.6690,138.8410,105.1170,78.2945,94.0546,137.0680,193.9760,227.6280,213.1230,196.9780,179.6430,193.2350,189.8200,181.2340,181.2220,175.1920,137.1510,92.5233,73.5389,64.2752,40.0723,70.8164,121.9420,182.9620,169.2980,123.5310,90.4145,56.6419,56.4579,78.9242,84.8237,68.1440,79.6327,123.8720,165.7580,189.7370,213.7220,210.8550,179.9180,168.0300,155.4820,129.7240,105.0850,108.3840,128.6860,129.2160,139.2270,125.9310,84.3953,64.8908,74.2876,86.3956,97.9935,102.2370,103.0800,107.1300,107.5760,114.0780,116.4770,106.1530,99.1421,44.5276,16.4567,25.8354,21.5414,33.7787,25.6627,41.2492,56.7364,60.0050,48.1399,33.7473,52.1878,83.0959,98.9104,54.3005,34.8093,76.8242,89.3279,78.6811,63.4243,36.6135,68.8398,68.9710,61.8774,38.4313,19.9445,39.6936,56.9649,61.3483,61.4889,44.4205,61.1825,62.5269,79.9577,100.8420,122.0480,126.9440,107.7640,76.3458,65.4307,85.0949,89.6886,74.2023,27.6221,29.3093,49.7453,59.2318,55.7314,59.4379,48.4878,30.3571,20.7995,16.2606,40.5261,30.5576,15.2697,24.8947,53.4746,68.3187,69.5174,62.0971,57.4802,60.5562,55.1562,44.6146,45.2547,47.6948,39.2909,36.2446,30.2421,25.3150,5.9924,6.6499,12.6344,30.7900,42.2494,54.3536,46.0346
53911.3000,49338.6000,26387.7000,27025.4000,42078.4000,35779.6000,26115.8000,22671.0000,22065.3000,18094.9000,14249.0000,10804.6000,9266.2500,8784.3000,7158.6200,6456.9300,6696.0200,4928.4500,3640.9900,3729.5900,3339.9200,2993.0100,2463.2500,2233.2800,1862.6600,1686.3400,1512.3600,1276.1500,1208.8100,1022.1700,766.5810,697.1860,582.5670,440.2510,406.6720,464.0770,425.0210,362.5220,371.0360,401.8920,444.0720,536.2710,536.2400,524.1260,402.0650,291.9390,394.8280,361.8780,346.2440,267.9830,263.7650,251.1850,205.5570,180.5330,179.5720,181.9390,143.0980,151.4370,168.6970,189.8360,176.4450,141.6950,105.2020,68.4379,35.8327,65.7447,126.8750,189.3460,181.8330,155.1860,138.4100,187.6230,261.4830,186.6640,131.8550,74.5289,111.3950,138.0330,176.7020,165.0160,165.4350,97.9481,54.0496,64.5013,74.8845,90.3590,103.3480,116.2340,125.9780,109.6920,114.0470,89.7793,51.4243,26.5140,9.1425,25.5477,37.9120,66.4563,90.5196,109.8330,99.1406,116.1430,143.4060,165.7280,207.2340,244.0720,259.9160,249.6370,274.6410,288.4840,241.3840,204.2690,209.0000,244.8130,273.9180,267.3520,211.8010,128.1660,80.7192,53.5117,80.9759,112.8890,122.8600,135.1110,135.5490,126.1280,115.5010,128.7880,130.1200,90.2063,102.5070,168.6150,226.7750,272.8100,278.0220,232.7950,180.6860,111.7030,64.6662,122.3580,177.0740,206.9160,191.1410,147.9130,89.8897,74.4106,118.2990,166.7510,213.8730,219.6450,192.4100,159.6770,114.7970,106.0810,134.5060,176.8390,168.5580,140.6490,138.5670,147.2670,176.9710,178.1920,146.1490,122.5900,81.9153,91.2779,145.0490,203.3230,213.8860,196.5640,190.2010,180.4770,170.0390,159.4870,161.9950,170.3540,173.8610,140.6180,97.8811,75.4134,58.5246,39.1518,84.4196,132.7020,192.3690,172.7540,116.7920,80.8893,52.7312,63.3694,78.3031,72.1180,79.7177,100.8660,116.5130,157.3860,183.6140,216.4490,216.6370,190.8710,175.4570,147.4640,113.5900,92.7515,93.8692,109.9900,116.3870,123.6280,111.3460,82.4298,60.3562,68.0066,93.8574,89.3108,76.0376,81.6813,103.7860,125.9370,106.6350,99.2981,93.4413,98.9604,51.6983,29.2450,19.5174,20.0288,22.4414,23.2073,46.0660,67.0061,67.8545,57.3625,48.2894,66.7932,94.5343,91.0368,55.5030,36.8364,61.0370,77.0808,76.4291,68.2755,33.8974,65.3887,66.0502,62.7379,45.1025,24.2596,44.7091,56.9396,61.7380,42.1089,17.6184,24.0645,50.2205,79.0933,108.3790,124.1590,129.1740,110.6980,73.4247,53.2530,72.4004,79.8804,68.3938,22.9130,21.9377,39.8333,48.7920,45.2182,47.8326,44.8227,22.0378,9.2255,20.1186,28.0351,25.4455,16.8245,29.8324,62.1720,70.5645,70.7860,75.3954,82.4634,87.5077,79.8710,62.0950,60.1596,62.8145,51.1926,35.0532,26.3348,22.2093,14.2501,6.0878,20.9815,25.2297,28.9771,18.0414,7.5507
53936.0000,49364.7000,26411.6000,27450.9000,42466.9000,35514.9000,25485.3000,22435.6000,21916.5000,18626.3000,14780.1000,11333.8000,9321.5400,8493.4600,6849.4500,6215.3700,6484.5500,4898.4500,3898.0900,3931.1700,3428.6100,3010.0900,2502.9800,2297.9000,1858.3300,1640.7800,1484.6800,1254.6300,1174.7900,986.3060,718.3340,629.2930,529.9100,396.4840,357.7890,355.6620,361.1020,360.8660,415.5830,488.2730,539.5150,597.5380,574.9130,458.1070,339.6980,166.2900,342.4260,361.3090,354.2440,285.0240,274.3460,272.7440,240.4870,188.4310,145.6540,113.4390,87.6433,103.7380,140.6510,159.0360,150.8080,144.9640,134.7690,133.3500,96.5837,108.5510,163.7500,211.4280,176.3580,137.7810,114.0370,150.9650,218.1970,148.0250,167.3700,107.2230,110.0830,96.8761,136.9870,123.7490,105.0780,53.5108,36.9378,37.8759,43.8076,44.7960,30.4344,25.6081,64.5417,85.4027,89.3470,90.7111,57.2916,44.0732,46.2974,44.3283,39.3451,46.4095,62.3346,95.5386,136.1260,165.2630,164.8490,177.4360,222.6180,252.6830,271.4100,251.2740,243.5370,253.8520,218.6690,205.9280,221.0930,234.4850,249.4960,244.4190,194.3550,95.2189,32.9023,35.8791,82.1146,121.3570,130.1570,134.4030,130.8480,106.4200,96.5573,108.4890,124.2740,104.2160,123.2530,179.7940,243.4330,291.3860,294.3700,252.6420,192.9810,122.6080,87.1869,148.9770,202.5480,215.7380,190.4580,168.8210,134.9450,71.1072,51.0310,95.9744,144.2360,161.4870,152.3870,123.3590,97.5683,110.7120,147.1280,182.8920,149.6600,117.0900,122.3530,141.6140,190.0030,191.2690,155.6850,135.4600,91.3716,88.6851,141.7290,207.4880,224.3320,207.0100,203.7700,200.7550,178.6460,127.6980,124.9150,157.4640,157.0640,142.3850,120.1720,81.9778,51.6192,67.1123,104.1870,142.9230,184.9610,159.5210,105.0420,69.7675,46.0139,40.9395,47.1380,56.6460,63.2879,86.8805,109.8960,136.3900,156.2790,178.1190,189.6210,190.9030,190.9410,157.4080,114.9410,92.3926,87.0792,89.2478,111.3990,135.6400,125.9790,92.5937,87.8125,93.8570,99.6431,103.3510,100.7500,92.6113,97.4207,100.2040,102.7930,109.2870,100.2380,104.7060,39.3053,44.8453,35.7428,38.4679,13.6257,15.8785,46.7000,50.8948,49.1485,49.1379,59.2622,76.5609,105.4360,119.8620,83.4573,54.5799,69.7672,86.4265,95.1304,83.5706,40.0044,55.6844,55.3692,62.5806,55.9681,18.2532,36.1196,38.0636,45.0064,31.6720,22.3193,22.2282,49.9905,73.8241,99.2631,129.0340,140.7430,103.2250,58.3643,63.3514,84.0894,83.6116,70.0422,27.5057,35.1688,41.8211,51.8011,42.8616,40.0265,27.6262,16.5387,16.3308,31.8286,35.1211,22.7808,23.3381,40.9474,47.0536,55.7487,62.0215,64.0551,56.9058,63.0955,72.8374,63.1192,51.0999,60.2073,62.5567,44.8199,21.4056,14.4121,11.7959,13.2564,44.2241,55.2940,60.7539,55.5480,42.3213
53168.2000,49067.8000,26041.0000,26544.9000,41471.5000,34489.3000,24116.5000,20923.2000,20364.4000,17587.8000,14009.6000,11426.9000,9758.6700,8877.0500,6977.5800,6238.7800,6705.4800,5320.6100,4363.5200,4115.2000,3567.8500,2852.0000,2331.9000,2137.9700,1765.9100,1718.9200,1524.3200,1134.4900,1057.4700,910.6120,663.8100,577.1110,468.2180,313.7500,283.4480,287.2560,284.8490,410.3750,554.2840,687.1920,727.1270,745.4790,679.5030,448.7410,214.8670,150.2510,358.4810,385.4630,358.3070,336.8340,317.0280,276.8980,197.9390,129.3780,52.1216,50.8490,89.9679,125.8110,189.3210,268.2020,300.9170,303.5780,293.9840,256.0670,169.0580,142.3330,113.4520,145.7210,93.3006,70.4319,80.2187,118.6510,173.9400,132.5500,127.1000,85.7134,54.4629,44.0749,55.2908,57.8518,53.2911,13.9231,43.7992,76.6742,98.8056,127.6300,139.8530,109.0920,74.4379,43.9496,61.1251,64.6798,73.4057,98.4071,96.2257,76.2686,52.6944,40.4812,60.0208,81.6817,109.5690,146.7260,167.7770,150.7660,164.1300,178.5870,208.0890,218.4830,226.7530,226.4570,193.3080,193.5070,218.6280,227.8420,238.4690,245.2870,208.6400,102.8230,59.1038,51.8222,92.6214,114.1320,120.5920,116.0700,111.1730,99.4317,104.2550,129.4970,147.6750,141.1300,150.1520,196.9200,238.0960,277.1250,290.4870,249.2110,180.1910,127.7020,135.1990,195.6390,246.7140,245.3730,238.1940,242.9740,210.8200,163.8960,113.3930,50.4429,69.2529,116.6920,106.6800,77.9863,57.3648,114.8180,162.2210,201.2050,181.4640,139.8200,115.7790,111.4590,152.7150,189.4500,159.8370,144.5410,110.9970,119.6520,150.5850,197.7770,222.4240,215.4750,194.8080,194.0440,165.0790,114.9330,86.0608,83.3415,102.3290,103.9920,76.3197,71.2922,75.3471,91.4016,133.0560,165.0180,191.4950,156.9990,91.8802,46.0451,23.7930,35.1739,36.7878,31.8014,45.7598,69.1618,91.3186,128.3130,149.4590,166.3780,167.8500,160.1360,169.9780,167.3780,147.6410,115.0480,99.6651,93.4078,103.4840,117.1240,119.9040,103.1340,86.8153,80.9204,85.7409,84.9387,84.6228,79.2042,83.4571,87.9549,84.4070,94.0587,96.5824,110.9560,57.6447,23.8102,20.7586,19.2286,15.5329,16.0626,38.4080,55.3471,53.6755,46.3872,43.4678,66.5032,100.7200,133.3540,113.8500,71.7007,66.8869,78.9787,88.8253,65.3953,25.9052,40.8864,51.4078,52.9424,49.6314,9.8387,27.5670,35.9063,40.7969,39.9239,27.6362,20.6600,35.4828,59.5051,85.5373,115.8790,117.9520,86.4213,64.6762,78.1481,90.8304,95.3500,89.0025,58.0086,36.7891,40.8430,55.7641,40.1991,45.1153,60.4549,34.2358,34.4560,29.2410,30.7976,14.8218,14.0627,26.2253,54.7735,57.8303,46.4210,48.6169,59.7539,66.8611,61.6915,61.0258,52.2061,49.9211,59.3578,50.0157,41.5024,23.4123,21.5109,41.8103,50.6456,51.5712,51.6833,50.4092,30.8084
53321.1000,48908.8000,25874.6000,26222.4000,41047.1000,34458.9000,24306.7000,20911.0000,20336.5000,17626.5000,13975.3000,11373.1000,9851.7200,8940.2400,6983.6600,6271.3400,6675.1200,5237.6300,4202.4300,3858.2100,3272.0300,2663.5300,2254.6000,2095.2500,1762.9300,1617.1400,1377.0700,1068.5900,1029.2600,869.4950,654.8980,530.7230,402.3110,269.6670,259.9750,258.7520,300.0980,477.3760,658.3060,738.2040,840.5660,876.0650,824.2410,542.5410,244.2210,232.2760,425.6960,477.1370,463.1750,439.7610,415.0100,366.4530,291.2690,191.5140,109.7410,111.5190,149.7590,174.0900,225.4510,307.4570,359.6760,356.0180,333.2530,291.6440,208.4840,154.0050,119.0180,137.5520,99.4639,73.0669,68.4789,96.3130,145.4340,113.1710,92.6781,60.7101,47.4789,54.1954,80.9033,78.3277,69.4310,19.5243,37.1623,67.4782,92.0271,125.6080,121.7920,77.0717,48.8840,75.0683,89.7049,97.5709,93.2267,98.0016,93.1999,82.3934,57.8378,40.1319,54.5083,76.4790,97.5971,121.8350,138.7440,128.6240,138.8240,151.0490,186.3840,203.4820,211.1160,203.4000,174.9310,181.8630,227.1730,237.9410,257.9810,255.0830,208.9780,110.7300,68.0100,58.2118,118.1820,124.9000,129.6590,139.0660,133.7360,103.7770,85.1014,96.1771,119.1340,115.4770,123.1160,162.8990,200.6690,235.1200,247.5870,207.3930,142.5440,92.1733,110.7070,179.4710,219.9970,225.1930,219.1680,221.5940,190.0600,137.2500,96.8636,73.2953,88.6865,117.2080,108.8190,80.1358,79.7394,123.2950,164.6990,190.4310,160.7100,126.8910,111.8530,122.3020,170.4060,212.0630,191.4340,176.9950,135.1170,139.7710,173.0710,201.1010,228.5630,225.4460,199.0320,189.8520,168.7240,123.4730,83.0224,95.2576,104.6320,79.1868,70.6425,86.2822,82.1123,96.5518,140.9830,167.3900,183.6180,134.9040,78.7392,44.7456,33.3700,37.9520,48.2749,57.0383,46.6385,53.7484,108.6410,149.4120,165.2250,181.4360,189.7160,176.8050,165.9740,158.0920,154.5150,133.9340,121.2970,92.6399,82.8635,97.2010,97.6943,88.8053,84.5583,86.6505,92.8799,78.8892,67.3527,63.6311,82.7479,88.3955,81.7969,89.4643,95.7401,106.6150,64.4314,42.8321,25.0096,24.8127,27.6175,28.2664,44.4734,52.5314,41.7390,34.6025,41.2508,76.7411,117.2630,152.2230,116.4850,75.0654,82.1504,92.4899,99.0936,79.1686,38.7196,54.2854,51.3272,61.8438,39.4642,27.1336,34.1003,41.6576,44.8013,40.2588,30.7376,21.8051,45.5748,64.4400,86.7373,103.0440,106.1450,85.0355,65.9439,72.8614,89.8919,92.9607,80.0174,22.8792,32.3898,38.7870,44.9173,37.0825,31.6930,27.9174,19.1481,7.8515,6.5796,15.8687,12.4092,12.9059,33.1456,54.5746,52.5808,56.6161,62.0504,65.5630,61.3821,63.5553,68.9900,52.6800,41.4758,46.3574,39.4377,38.0733,24.1940,30.6734,48.1766,64.6440,57.7504,52.4492,43.4757,34.6663
53566.5000,49025.9000,26069.1000,26990.4000,41977.4000,35033.5000,24686.0000,21348.0000,20792.9000,18024.7000,14312.8000,11548.9000,9826.2600,8848.3400,6987.6900,6314.9000,6710.3200,5269.0100,4170.8700,3833.0400,3296.7900,2756.8500,2290.7100,2098.2800,1750.9500,1614.4600,1401.3100,1080.2800,989.0260,829.8900,628.4520,492.8040,357.0030,211.4750,225.8310,254.8960,319.2640,510.4030,679.3940,807.5200,870.9780,861.1180,801.9650,534.9960,235.4990,245.7810,447.7270,479.6270,442.4260,445.1990,397.5810,365.1760,291.0270,179.1710,83.0020,118.3510,162.6930,167.1070,237.5710,330.5440,344.0070,316.7650,278.4340,231.3390,172.8060,155.6890,126.7780,165.1880,102.1320,83.2435,72.0639,112.4360,165.9720,139.2200,129.4560,90.4951,45.8607,44.5651,72.9193,74.8975,81.2506,39.9568,14.3467,30.0376,59.8947,97.9064,88.3893,58.2561,46.0540,69.5610,82.5961,87.0906,71.0522,66.9377,78.9424,55.8460,29.5398,18.2456,46.0377,65.9521,84.1793,106.0300,106.9340,119.6310,150.2780,171.7490,191.8400,199.1040,211.3820,212.1320,184.1350,188.3990,235.7860,251.8040,269.9540,260.5130,197.3690,96.3685,47.5860,52.7233,100.6370,120.4290,120.0690,129.8730,134.1640,107.9580,86.4745,92.0262,119.8030,121.2690,116.6140,146.7430,188.5980,231.9350,257.3060,227.3120,166.8710,111.0420,97.1476,141.3440,183.0550,198.2730,199.0570,181.1330,164.8280,132.0340,79.2420,77.0520,128.3280,150.5090,130.5300,97.6992,83.8456,119.3630,158.9740,182.9700,156.9060,114.8750,95.4770,111.4260,162.4550,186.1860,159.6200,148.2590,121.3760,112.7280,150.8830,225.2350,248.0090,230.7550,205.3070,201.0340,164.4110,121.9760,109.7740,108.6070,121.7420,121.2600,92.6430,79.9810,76.8601,98.0643,129.8000,151.9960,157.0530,114.4160,72.1034,39.7480,24.3798,42.7553,47.9379,53.7483,57.2796,78.4127,110.9580,148.4820,163.4160,179.9370,182.8320,174.6350,163.8230,149.6450,137.8010,106.4560,90.9282,91.7192,115.6510,133.1830,136.2430,107.9660,82.2771,84.5871,98.6711,100.7120,96.6130,94.7984,102.5380,95.4590,79.8490,91.8616,94.3508,121.1870,68.3754,48.5986,11.0899,20.1491,39.1074,38.1704,44.1858,46.6903,53.1175,48.3028,48.5735,64.0471,92.8879,113.4510,89.5612,61.4716,67.5711,83.5279,93.7566,82.1676,37.2342,36.5738,37.9038,32.0743,34.9193,35.6190,51.8886,55.4124,53.8590,56.5940,49.9887,20.1054,43.4208,65.0375,90.9262,108.3850,113.8980,99.1543,73.2116,61.8610,76.6056,86.2821,83.3024,34.4045,43.4928,39.9526,44.4561,41.5038,35.5553,27.1613,9.8193,18.6242,41.7398,48.3230,34.6932,15.8641,18.3432,56.6947,61.0452,53.8320,51.7156,54.0108,61.1443,62.4324,52.0927,43.4612,51.5912,47.4789,38.3377,30.2117,29.3351,28.1493,43.2264,45.2402,47.9233,48.9236,43.2144,27.7226
53009.4000,48835.3000,25899.1000,26804.4000,41696.1000,34520.3000,24367.1000,21429.8000,20821.9000,18018.9000,14336.9000,11489.6000,9599.8300,8676.4300,6938.6100,6337.0300,6825.0600,5353.7900,4239.9800,3967.2900,3446.9700,3033.2000,2551.9900,2314.4200,1860.7200,1679.2200,1489.2900,1215.8000,1150.4600,961.2900,716.7610,569.2030,452.9120,318.5160,296.4130,302.1080,310.2840,437.6550,607.4080,713.2740,739.5790,782.4180,770.0630,511.8080,231.5680,157.0170,397.7500,427.7510,408.1660,351.3790,344.3760,293.6440,199.3030,115.6760,39.1614,76.4570,146.2860,170.2620,225.5120,289.5630,308.4040,289.9640,257.4550,199.8290,129.5000,113.9740,115.4680,154.6530,111.9470,89.8818,83.9323,114.2080,170.9030,140.2330,135.5760,98.2167,72.6248,65.8831,92.6284,95.7916,77.0719,40.1074,15.5957,30.2264,49.4705,70.0763,57.4440,35.3130,58.4516,87.5200,102.8540,115.9250,109.2310,84.1944,76.7174,63.3499,39.6973,21.6288,57.9594,80.6139,107.3580,123.2020,124.8810,151.2090,190.5310,214.4130,218.7010,210.1230,231.3770,231.2680,191.6350,200.5580,259.0650,278.7670,289.0090,272.9210,217.2630,118.3640,46.0398,30.7252,74.1188,100.3570,119.4160,120.0360,113.4650,88.6726,74.8404,87.7625,98.0984,94.8568,122.1740,164.1610,203.7420,255.6060,257.4260,215.4880,157.3900,109.6970,89.2500,153.7640,201.6940,220.8760,219.9160,191.3420,144.0850,104.4730,88.7796,117.5700,169.5040,184.8170,160.0420,131.6180,89.6859,109.1690,153.1220,192.3540,175.2060,133.3370,111.8540,118.6830,168.6180,198.2270,171.5640,158.5460,122.9130,122.9700,168.3240,230.9580,260.8440,246.0360,216.3730,209.6130,181.0000,130.6670,116.4730,132.8550,118.3040,99.3019,89.9300,72.6223,66.9334,91.4830,109.1880,132.8200,156.1250,136.3970,80.0985,42.4106,26.5142,37.6914,47.3889,52.2222,61.4834,88.6149,129.1240,160.7760,173.7730,189.0380,182.7920,173.4380,190.4760,174.0740,141.5870,107.4940,99.7347,110.2020,124.9320,139.1510,130.3440,94.3234,72.6722,82.7596,94.0940,94.8909,89.5925,89.3507,91.5170,89.6739,92.6339,96.4859,92.4362,111.5360,67.2093,61.9343,17.8816,7.6163,28.1043,25.4983,29.8861,27.6756,25.0105,17.6343,34.1620,63.8767,94.7726,115.8540,80.8965,39.0106,42.4928,77.1221,76.9371,74.0088,32.3037,59.1260,61.2315,63.3327,47.2424,17.0256,37.6586,51.4173,58.9453,45.1850,30.2899,29.4410,58.7307,77.6974,102.6650,108.1140,116.6130,104.6070,67.0070,48.7967,77.8207,83.1977,77.2250,24.0716,36.4485,43.9225,52.8344,46.8755,40.7190,31.2043,11.7525,13.7503,28.0888,32.1226,14.5533,13.2831,30.3702,43.1376,54.1837,54.8360,55.5818,54.0173,62.5938,67.2804,52.8861,39.2802,46.3470,42.5590,36.2983,19.3182,12.0049,15.4093,30.2787,39.4771,44.4327,48.9827,45.4824,26.9998
52924.9000,48624.7000,25648.2000,26244.9000,40955.3000,34188.8000,24471.4000,21600.3000,20988.9000,18301.5000,14530.9000,11496.1000,9607.2600,8678.3600,6907.6000,6350.1900,6830.2700,5334.5400,4277.9400,4067.0500,3548.6900,3179.4700,2658.9800,2389.2900,1931.2400,1788.1000,1626.5800,1333.2600,1251.6400,1079.3200,857.3230,724.7610,613.5120,472.2890,455.3260,427.1100,390.2000,399.8290,516.3720,585.0430,655.3950,738.8050,727.8150,532.4210,299.5980,117.0160,365.9050,419.6350,403.1890,354.5960,331.6680,279.8970,202.3220,129.3670,54.9566,42.2459,88.0004,133.4800,202.9130,264.1400,277.2670,260.8350,238.5550,191.7780,139.6150,129.0670,145.4400,178.8940,134.6750,108.1420,102.2530,133.1230,184.2290,137.6380,134.6580,97.1929,88.2362,85.8269,115.2920,109.4450,88.7236,42.8833,20.0259,35.6980,57.7871,80.5564,72.7860,55.1986,77.4885,106.2830,125.7860,124.7080,114.1780,100.9280,79.5190,61.8971,40.5673,38.8346,64.8475,89.4852,108.2550,131.6090,146.9800,156.5110,193.6610,221.0700,238.8250,205.8110,214.3290,232.7400,196.5050,200.8900,225.0370,246.4810,257.7160,264.9700,208.4930,110.9650,40.3741,20.4944,62.6145,105.3290,124.4080,124.8750,110.9010,79.8138,85.8170,107.7060,128.9830,116.6430,127.3900,176.7080,204.5990,244.9570,280.2110,246.6770,193.2610,106.8610,64.2442,134.4840,189.1900,216.0780,192.4310,161.3320,153.3040,120.6780,70.9820,100.3700,172.7090,184.6110,157.3880,129.7220,94.5928,118.0320,165.9930,191.9530,155.6870,122.3780,106.3110,116.4270,150.7940,176.0900,165.7580,157.0630,124.2320,107.9830,160.0630,226.3620,239.0800,221.9820,191.8940,185.6170,157.9460,132.7660,121.5700,129.0950,131.9170,109.4870,93.5116,97.8839,88.7561,84.4238,107.4340,140.4650,171.1230,138.4580,86.1271,46.6789,20.8329,47.6849,62.7548,72.9778,77.6218,94.6950,130.3730,163.2130,172.8970,192.0910,199.0270,205.8560,194.4200,159.4910,134.5770,108.1920,100.4040,114.8390,139.6230,158.1980,141.6300,97.8540,80.5274,91.5593,98.6820,97.1914,91.5528,88.1151,99.2273,120.2120,113.3920,93.6607,91.6719,94.6130,53.0409,35.7072,12.1154,23.3757,40.3366,32.3266,32.8146,39.4642,49.4900,35.9020,35.3343,60.4662,92.1209,108.8470,59.9191,25.5476,45.6192,67.7910,63.6083,59.5533,37.3797,71.3297,71.7731,60.7508,36.9381,45.6794,61.5094,71.5342,73.6604,69.0773,41.6390,21.1438,33.0342,63.4126,96.2566,123.8840,107.4760,83.5350,66.9228,58.8378,72.2695,78.2377,71.0046,13.0030,36.1228,49.9863,50.1374,50.1274,58.9402,46.2830,25.8801,10.2207,14.0313,33.8494,22.5325,16.8524,47.3039,64.1282,57.6244,56.4498,56.5982,62.0290,60.7225,58.6252,53.6378,37.9202,28.2431,33.0587,33.7739,33.9123,27.9345,23.0353,33.2993,35.8413,32.9759,33.0187,31.7226,28.3481
53389.9000,48776.2000,25973.3000,27018.9000,41832.4000,34918.4000,24969.4000,21895.4000,21304.2000,18478.6000,14636.0000,11552.3000,9707.2900,8738.3300,6983.8800,6475.4800,6942.5000,5482.0500,4406.6700,4122.7400,3646.0700,3223.1200,2679.4700,2384.7300,1896.5800,1780.3000,1601.4100,1283.5600,1223.2600,1054.2700,777.2410,658.2260,538.7860,392.1700,355.8410,337.0780,294.4840,358.3450,459.6360,599.5710,655.9250,703.7100,658.5820,443.3520,246.1390,140.1920,360.7430,374.6460,349.2230,317.4170,285.4880,247.4390,184.5740,120.0520,63.6606,58.9858,106.9090,131.8560,202.4840,270.9820,271.3530,256.9110,237.6460,198.9730,138.3870,131.4510,134.4920,178.8640,126.4130,89.3121,77.2834,107.2640,164.4490,119.9610,142.0670,105.5390,91.3068,92.4739,120.1750,108.8000,91.1538,56.7204,10.0114,17.5445,37.2690,57.8927,47.2414,37.6448,62.1111,85.7938,101.7090,103.5500,88.2790,82.7932,81.8689,54.6745,26.3614,61.5835,91.6868,109.1980,109.9290,141.0500,163.7000,161.1300,191.2080,215.2410,244.2550,235.8280,220.6300,224.7370,219.3500,222.8820,243.6860,258.6560,265.5640,253.2700,214.6570,130.6790,74.7990,36.0200,89.6198,85.6631,105.9050,138.7770,123.9740,92.3876,73.3065,94.3897,109.6630,91.8484,100.6630,144.8460,197.9760,251.3930,274.6930,234.0640,176.7230,85.2521,69.3185,127.2460,170.1770,195.2600,190.8600,154.8050,132.8220,101.0770,85.3589,137.5930,195.9840,197.5640,163.0420,127.4640,89.1615,105.1480,144.0380,181.6370,156.2110,115.9500,102.3670,122.9040,182.3930,205.1800,180.4120,170.3300,134.0920,124.5200,168.4770,222.1880,230.4460,218.5630,199.8150,202.9220,178.0680,150.5570,145.1930,153.1890,150.3770,121.3010,98.1532,97.2258,96.0667,91.1267,110.7830,139.2710,169.2330,140.9170,90.3141,53.2970,21.8960,30.9348,43.6443,52.8533,68.8624,91.8163,113.3380,143.8810,162.8730,188.3840,197.8130,199.2160,196.8480,166.4100,142.0620,117.3290,112.6760,112.8510,127.4450,150.3650,146.0710,107.8170,79.0587,80.6463,95.4642,102.9130,99.5826,90.5301,90.9512,90.4434,100.7640,103.6470,104.5670,107.5880,59.7659,62.2763,32.9716,21.3368,22.4615,31.9426,43.6146,34.5987,44.8863,57.8712,55.0823,54.5848,79.0341,120.9240,80.8380,48.6241,72.3935,80.3833,78.9877,63.1985,31.2143,63.0736,60.3623,63.4131,31.7643,22.7698,27.1502,38.5258,45.4677,43.9525,19.9989,17.9214,41.3460,71.4882,102.8070,123.2600,131.4790,106.8840,66.7333,58.1781,81.6001,87.5576,77.1096,19.0858,49.6445,55.1999,59.3234,45.9861,47.0792,34.2234,14.1922,6.0136,15.7602,16.2154,18.8836,25.6821,33.0721,41.6216,52.8856,61.0010,67.3770,68.8563,64.1269,50.8591,49.6788,41.5469,29.7980,32.0494,33.3303,33.5773,17.1587,21.2320,32.0388,43.1939,29.6211,28.0314,27.5301,26.2288
53009.4000,48766.0000,26098.4000,27247.8000,42060.5000,34799.0000,24719.3000,21830.6000,21195.0000,18329.5000,14535.4000,11553.3000,9664.3400,8748.7200,7092.0900,6556.0100,7021.5600,5553.5600,4490.3900,4228.7200,3713.3100,3250.7200,2655.1500,2347.0300,1870.4600,1741.3300,1549.4400,1226.0300,1138.6500,945.0810,687.2210,546.7750,421.9570,297.9100,300.4510,308.4040,298.9930,420.3140,598.4660,692.4280,712.0620,738.6080,754.2060,540.9400,265.6400,173.0700,356.4720,430.0750,433.8610,417.8910,404.3290,345.4170,258.7970,152.6200,65.3528,112.7920,180.1050,187.9260,232.6740,312.3840,338.4740,314.4710,270.9590,209.1500,140.8110,119.2820,106.5600,157.3690,120.3070,100.9580,79.9735,103.3950,152.8330,117.1620,108.0440,81.4294,75.6538,93.8962,129.8820,119.1650,119.3370,67.6100,22.6830,19.1813,36.5484,47.2590,49.8824,41.8992,69.2809,103.4950,115.8490,111.0570,76.6713,56.5153,31.0285,14.4767,22.3717,51.3798,76.1675,79.4877,92.8259,113.0390,145.2820,163.0850,191.0430,217.1980,242.5030,231.6900,225.9900,221.9040,190.2410,203.8720,235.1130,250.7230,256.1660,263.6250,230.3440,124.3040,80.6737,52.2290,95.1572,96.1734,104.8850,138.6910,145.4540,121.3390,88.5217,87.8693,103.1790,86.2926,83.9454,119.7030,177.6590,247.9610,265.8430,218.3300,160.0660,86.0163,70.4067,136.6650,175.2580,191.4280,186.4180,160.1880,111.1600,92.6965,114.5330,153.4160,191.0880,195.5250,176.3770,144.1720,108.5480,118.6170,153.5010,191.8890,172.3950,130.3950,106.1780,113.8250,147.7570,175.1050,161.6470,149.5450,112.3590,112.4470,174.7160,224.6350,213.8620,192.6150,181.1490,175.5920,155.3440,129.8110,137.7220,144.2600,133.1690,120.6730,108.3860,104.7480,101.1760,103.7900,122.4020,150.9440,166.6050,120.3160,74.5376,45.4265,37.1098,55.9175,65.7488,70.2311,71.7883,93.1355,116.1130,145.2330,164.6500,189.5130,196.2220,188.2030,181.3070,154.1650,138.3190,116.6980,107.0180,110.3610,127.5030,140.7530,134.9600,119.5870,104.3210,104.5050,123.8950,127.2820,119.3180,101.0690,104.5270,114.9390,103.5200,90.6052,91.2324,104.0780,64.7623,65.1652,31.3917,18.1557,26.2923,32.3317,40.0631,42.0800,43.1808,50.1835,57.7055,70.7782,85.6082,98.5396,74.1116,47.4102,55.7848,66.6869,66.4915,56.9796,31.9253,62.9527,72.8895,68.8924,49.3868,49.6986,66.2390,77.9238,70.1333,50.4863,37.3318,30.5573,55.4144,76.7685,98.8259,108.1050,113.3790,92.2194,62.7777,64.2616,81.1342,85.0843,70.7696,17.8261,38.5428,51.2380,64.6717,72.4421,66.7034,55.4331,36.1666,32.7890,23.0599,52.7520,29.2196,21.0971,35.4912,53.9924,47.2106,40.5587,49.7683,62.2461,69.0934,54.5981,31.3567,29.7091,36.7192,33.3218,25.8385,20.4871,13.7857,20.8443,29.8354,51.0673,56.4682,47.5973,34.5299,22.9670
52562.2000,48311.0000,25503.4000,26327.2000,40989.7000,34061.1000,24374.7000,21603.3000,20953.0000,18217.4000,14441.1000,11411.5000,9520.1900,8617.7600,6901.8800,6367.4000,6866.6000,5378.6100,4320.4800,4119.8200,3617.2200,3184.3600,2588.1100,2306.8800,1870.0000,1743.3900,1561.1800,1265.7400,1173.1600,961.1790,706.4600,557.6710,429.6250,271.0700,212.7100,179.7420,241.7570,465.3600,649.1340,755.1290,784.9540,743.3750,731.1930,601.3590,364.7000,244.3930,317.1710,420.5220,475.1480,485.5390,462.0350,423.3720,332.7390,233.7630,133.7990,165.7140,243.3460,249.9880,248.3600,303.3930,356.6220,347.3940,309.0390,249.1580,179.7250,155.4910,107.5890,141.8290,87.1494,72.3971,46.1370,69.4700,115.5820,79.6457,94.1819,56.0919,61.4872,67.4061,117.0830,110.5030,131.5050,78.3141,42.7341,29.1077,25.5312,38.8240,19.5981,19.8634,65.4991,79.1980,86.2102,80.8399,59.0677,30.0254,16.7122,18.3190,37.0692,59.6201,86.0852,71.8459,73.5807,88.2693,108.7980,117.2150,154.9540,190.5650,244.2630,242.7100,227.6750,228.9610,188.9820,197.1340,249.8890,273.1610,287.0910,281.1370,236.5210,135.0100,61.0241,26.8214,83.8604,107.5310,118.7870,138.2090,131.8740,103.8160,80.5490,85.3045,79.2257,60.8965,93.8171,138.7890,184.7690,241.9350,254.8700,203.1720,146.4600,68.8519,56.7470,120.9530,147.0580,147.6830,132.9010,152.5530,130.4370,86.1350,100.0850,148.3800,197.2230,208.2960,170.5350,126.7130,87.8316,118.7250,159.3300,191.0360,167.3240,115.9070,97.1204,111.1110,157.6990,173.3910,159.3090,149.7170,120.4080,114.9520,171.1440,221.7620,217.0330,201.6130,181.7660,170.3870,144.4640,123.0840,125.9960,138.9090,129.8950,102.6200,97.9177,98.7913,94.8588,94.8793,102.5640,117.7050,125.9500,106.4880,61.2683,32.5507,26.3064,43.2322,57.5908,76.9337,69.7489,65.1728,107.4570,144.2450,160.9200,184.9290,196.9990,185.9300,175.1310,161.1380,141.4270,108.3640,99.2100,109.4070,124.9800,135.7700,121.7900,87.3348,78.4957,97.7597,106.4560,105.1120,97.9744,89.9737,89.6073,94.4389,96.4158,86.1559,80.4736,88.6321,53.3216,72.8938,35.6549,21.4201,12.0740,23.4186,35.1333,50.0131,61.2543,60.6380,63.5066,78.3616,96.1447,104.3020,76.3550,58.1900,65.0842,65.5789,65.2040,67.1610,52.2791,74.6195,70.5444,47.1133,16.5607,35.8523,51.8066,57.6809,57.5802,47.2972,28.3565,23.0561,46.5130,72.5041,97.2130,113.9240,124.5890,101.7890,78.1732,75.8524,82.8721,78.9348,67.0313,31.5335,39.7275,47.2385,60.5141,56.3486,52.7684,38.0790,15.6778,10.2806,21.3570,32.4665,34.5056,17.2298,29.3384,65.8869,68.9391,59.1235,54.8020,58.1369,66.4309,68.7444,54.6090,47.3020,46.5680,38.5840,32.5035,26.6638,22.4837,10.4420,16.0900,27.8318,31.2049,27.4975,25.6396,24.8236
53219.2000,48587.8000,25835.1000,26938.1000,41690.5000,34757.0000,24914.5000,21910.1000,21276.1000,18514.2000,14645.1000,11596.8000,9775.0000,8809.1800,7090.0900,6579.8400,7012.8200,5552.3000,4485.9300,4175.7300,3677.2700,3212.7000,2637.3700,2308.2100,1830.3800,1703.8800,1495.8900,1150.3500,1035.8200,838.5400,587.7880,458.5930,288.4820,104.4790,82.8437,155.3630,337.6810,609.0570,805.9280,847.0040,867.8800,859.4320,798.6280,608.0240,355.7430,302.9240,395.0950,468.6580,537.3960,553.5390,511.6950,431.8120,370.2450,250.7080,168.2510,214.0260,260.9760,266.7350,288.5090,328.1520,361.3340,345.4150,303.7530,251.2180,179.6520,139.5630,88.0120,123.2340,87.0072,80.1057,45.9756,63.7926,98.5829,72.7716,66.4193,47.4599,41.4158,71.3282,97.0476,92.6944,112.4350,86.9433,60.9314,62.1236,35.1484,25.7643,14.0967,32.6926,67.4850,70.9684,71.7504,83.7497,65.1881,47.1244,27.9223,15.7458,35.0737,54.8097,87.6852,84.8436,74.9287,90.0845,90.7386,98.2923,136.5640,171.0520,220.8510,237.7870,227.7690,199.5170,160.9100,192.1470,250.2730,262.9910,276.0070,281.5220,255.5270,146.7150,62.4018,33.1482,92.3812,105.0100,119.6620,146.6300,144.0930,118.4720,83.3458,82.4591,86.9974,75.1516,99.1293,141.3940,172.3990,228.4580,260.2580,216.9270,164.2700,94.5625,47.7633,98.2559,134.4320,160.9000,152.9110,150.4850,124.7220,100.1280,116.3560,162.7190,209.9190,208.5760,174.6860,140.4240,109.7630,125.0130,158.6980,197.7030,167.0710,121.8930,115.2260,128.3850,168.3790,182.2290,163.2600,149.8230,116.5340,116.5460,169.6020,216.8370,223.6820,211.2130,199.3230,184.2640,153.4320,124.9710,130.2560,137.6810,137.9370,127.6120,103.6330,100.1280,98.8468,89.7299,101.7080,121.4250,140.6120,106.4230,58.2533,25.6284,19.4035,44.7054,60.0022,74.3596,85.5602,92.7945,117.6860,154.2290,181.0180,202.5220,205.7470,191.1790,203.7840,188.4790,152.9930,121.7510,114.1010,110.7580,118.3250,138.9550,128.0630,81.2818,76.6827,94.9518,96.6163,100.8250,97.6160,102.8470,107.2770,105.3280,92.9665,86.9839,77.3725,88.0596,49.0123,63.2573,30.9285,28.8293,23.3615,35.8789,52.7669,48.2579,51.8055,66.6517,74.7028,86.8503,100.3350,106.9700,76.5711,64.9279,87.4139,86.2735,82.5426,64.2487,39.6748,65.4450,68.8442,50.8882,21.1134,46.5010,64.5141,75.2752,62.5823,56.3894,34.9714,26.5579,33.6638,59.9920,89.3983,113.2160,103.7970,79.7857,55.7178,55.8929,65.5261,66.3922,50.4787,21.1597,54.0183,69.5577,74.9207,74.7239,73.5578,65.4295,33.2665,24.7850,25.7001,20.3281,23.5774,24.3525,27.3178,51.2339,58.4561,46.9176,39.5502,52.8070,65.3801,59.5712,46.8752,48.1040,34.9397,19.3163,19.8880,18.0331,18.9655,12.4546,24.3465,38.3690,44.4233,40.7051,34.0465,25.1227
53025.5000,48644.3000,26099.6000,27320.5000,42114.5000,34881.6000,24770.5000,21837.7000,21228.0000,18311.8000,14511.0000,11504.6000,9630.2800,8721.5700,7107.6100,6596.8200,7056.6900,5588.9000,4474.0800,4202.4200,3737.6600,3217.8900,2633.3800,2288.2700,1828.4200,1717.0100,1488.8300,1131.1800,1031.7800,838.5810,588.1030,462.3100,325.1690,170.0580,159.8920,158.5900,239.6790,471.1220,663.8560,756.0290,770.9650,799.2470,765.1530,515.3950,250.7560,295.0350,466.7360,487.9740,494.3380,483.2780,468.1890,410.3990,352.2920,250.2450,161.1030,200.0060,253.9400,267.9060,306.4230,365.5800,393.2120,361.6290,298.7490,230.7370,159.6620,134.3060,62.9865,114.5280,88.0901,77.5987,52.8482,74.8480,116.9960,101.1450,87.5678,78.3482,62.5016,83.0259,110.4090,92.8583,97.2606,73.3728,47.4249,66.3974,51.7286,50.7817,29.5521,36.1747,71.8319,73.8676,76.4204,73.8656,59.4617,33.3614,35.3656,22.5839,27.9067,40.8194,64.3681,64.3872,72.5738,81.6785,87.4647,112.3270,171.6710,208.0440,254.8580,239.6160,213.2740,206.1930,187.1620,206.5030,259.3960,278.5520,295.5340,301.9260,252.5010,143.4810,61.0198,28.3176,69.4866,81.5743,101.6480,119.7440,116.3160,95.4701,66.9740,66.8681,78.6384,86.9314,116.9400,160.1450,194.4110,236.9230,266.4740,233.6510,181.6040,101.2850,58.7332,123.7230,165.8480,176.8770,167.3800,172.2650,146.8420,96.9022,101.5230,170.5810,234.4160,234.1520,192.1020,154.5830,109.9190,121.4700,162.9800,204.5060,181.3070,141.6890,120.8190,134.4440,175.6120,191.8310,161.8730,143.3930,112.6330,121.5130,175.2980,226.7250,231.8310,209.4720,197.1440,181.3590,159.0220,133.8300,146.2550,155.6930,143.3250,125.2190,105.2850,100.8900,94.6292,85.9965,97.7305,110.0950,118.1100,95.8133,62.9467,45.6338,14.1938,51.8698,44.0411,53.0862,41.7876,59.0066,93.8501,131.8970,164.6720,191.3130,203.2630,185.7810,179.5960,163.1440,145.9750,127.3380,117.6590,118.9740,131.8700,150.5610,143.5400,106.4530,89.9194,102.8980,115.0820,110.7160,100.9650,99.8242,106.3760,101.2160,86.4592,85.0763,77.5556,89.8048,43.5772,51.1547,15.0704,6.3294,21.2963,28.4333,34.0548,37.8336,50.2325,56.0779,58.9082,77.2617,103.3580,127.4660,82.8446,41.2664,52.6934,70.9064,79.8912,59.1578,34.6188,55.8378,55.7246,46.4542,20.9848,24.8006,45.8040,61.4892,67.2296,52.0440,28.4221,30.8138,51.0201,75.9667,107.2310,121.7560,112.4530,92.6078,63.3638,45.3888,55.7090,63.0952,60.7507,16.2419,51.7522,61.9701,74.5542,78.4986,73.8267,56.6925,35.4333,17.6377,3.1825,9.2940,4.6650,14.9540,41.7225,59.3568,54.0953,51.0647,57.0994,58.5744,56.7168,60.7283,52.0751,27.9764,28.8296,31.4570,24.8779,8.3859,4.4299,10.8717,27.8844,33.2964,31.9397,29.8093,24.8102,14.1392
52620.5000,48377.6000,25589.7000,26424.0000,41139.4000,34178.6000,24381.0000,21597.1000,21000.9000,18208.8000,14458.1000,11385.8000,9491.1400,8637.2800,6970.5300,6456.3200,6975.2100,5493.3000,4394.7000,4159.8600,3686.7200,3164.8900,2600.0300,2305.3000,1866.0400,1770.8600,1580.4900,1251.5200,1183.4000,1021.9600,783.0480,676.0870,577.3270,430.8900,385.5930,352.4800,305.2730,321.8630,437.2150,531.4710,589.9080,674.8300,649.8750,425.1850,264.2670,223.4720,424.2330,422.4760,359.2030,299.4150,284.4710,277.7040,224.3540,130.1840,51.3684,77.6220,156.5380,205.1510,264.2680,305.2120,315.2040,297.6590,263.3760,199.9930,138.6840,125.3840,105.0530,149.6830,105.9830,84.8678,56.9816,102.0470,174.6800,134.7200,127.7220,84.8876,74.0694,80.2653,118.1710,115.9010,121.1630,72.4937,24.8324,24.6651,43.0235,69.8683,67.3390,53.4851,76.0592,95.3461,102.6850,106.5820,103.6810,82.6078,64.3078,37.3232,34.5328,81.2637,93.7656,94.6883,93.0758,122.5440,148.2180,159.8760,196.1800,220.6490,251.3040,236.9660,231.5910,228.5560,188.9830,186.2550,211.7610,236.3900,256.8670,248.2190,188.8020,107.4710,51.7099,26.0565,71.2036,83.7709,102.7970,123.5510,113.7720,89.5097,80.6967,98.6405,104.0360,93.3891,105.5490,144.3260,188.7120,247.2040,269.1790,234.7100,189.6920,107.7340,57.3120,113.2640,168.2390,195.4040,176.8040,146.2340,126.4270,93.0690,86.3541,146.1270,206.4880,213.2250,185.3460,159.9670,105.7630,96.4371,139.6590,202.1830,196.6390,151.5770,136.7750,144.4870,195.7230,216.3550,193.6760,180.3590,144.4320,144.3010,187.6390,237.2740,262.4260,252.2690,232.7160,213.7010,176.4990,148.9400,153.9800,157.4420,156.0130,139.0480,109.8590,107.4410,100.8930,93.9735,104.3700,125.5070,138.4950,111.0580,77.1283,62.6308,11.2506,34.0231,39.8383,40.9577,39.3627,62.2667,77.2930,110.8560,143.6170,175.8030,189.2850,180.9250,190.2750,173.1930,137.7440,110.1210,102.1160,110.9300,120.4160,134.1440,116.2550,90.6806,82.2342,87.4876,102.2220,100.5670,90.4146,74.0043,83.3373,99.7638,100.1800,97.9198,99.5180,115.1910,66.6563,74.1130,34.0357,17.3242,17.2206,28.5922,41.8956,41.9866,35.3807,47.3566,74.1333,91.5778,107.7960,107.9990,79.4473,44.6030,51.5276,83.2878,76.9769,77.0614,31.2287,75.4042,71.7958,72.5676,45.4360,12.8690,27.6400,42.2542,35.6711,36.2031,31.5946,42.6398,64.6505,88.0372,117.3390,131.9110,123.9230,105.1120,67.7085,48.4468,79.9999,84.2501,73.8491,14.3675,42.3107,59.8341,72.5681,62.4859,64.0283,65.0674,43.4669,26.9959,14.4595,4.5567,9.9031,14.3760,35.4171,63.5220,46.8240,40.9558,49.1994,55.5651,57.4425,66.2515,57.9786,28.5768,23.1884,30.5314,25.4664,16.5425,12.2264,16.5499,30.5467,27.6782,24.1587,20.2571,19.6495,16.4211
53433.3000,48758.7000,25865.6000,26795.8000,41570.5000,34788.5000,25075.6000,22125.9000,21534.3000,18636.3000,14765.9000,11540.1000,9678.1300,8779.4100,7085.7300,6618.8800,7124.6500,5668.8500,4571.9600,4266.5100,3796.0400,3255.1700,2694.2200,2395.5800,1942.3600,1837.4500,1657.3600,1321.0400,1224.3600,1067.1000,827.8800,764.1330,633.0900,494.1820,435.1290,453.7270,415.5470,378.4330,394.6320,435.2120,477.0070,517.7250,487.5570,477.4570,278.2880,320.8130,345.3090,395.2660,344.1460,246.6990,241.2030,230.6490,195.1740,169.4990,178.8400,175.3540,160.7410,180.4270,195.6570,210.9250,206.3560,190.4070,175.6900,127.2400,79.0942,81.3470,119.0070,176.7690,141.1570,112.8560,84.6898,128.0120,206.2090,139.5220,167.6040,104.0790,108.4850,113.6220,168.1760,156.4730,145.9110,88.7374,36.6302,40.9614,67.5907,97.8673,88.0932,71.3775,81.9945,109.7300,142.3470,159.3650,165.0970,152.5030,124.0820,93.6289,51.0098,40.6079,71.1172,99.2549,116.3250,149.4670,180.4070,184.6660,216.8000,245.7280,276.4540,273.2420,267.7610,251.5740,198.5040,187.8450,216.9030,237.7910,243.7990,230.6330,185.2240,102.4390,65.1998,48.8045,90.3713,122.9750,124.7560,132.9470,131.8530,104.0380,94.0888,117.1630,134.7870,99.1778,92.3393,144.8920,191.9550,245.9130,253.1100,216.2110,179.0700,106.8070,59.4072,96.4726,150.6420,170.0070,142.5320,109.7840,85.3874,57.0232,64.9053,119.8200,176.0780,186.8790,161.3580,128.8630,81.4807,94.6027,144.4680,189.9180,168.2730,129.5220,123.4270,132.1300,178.2520,217.5150,197.7630,188.2630,136.9800,128.8300,183.5370,235.5940,247.5560,237.3250,211.2340,204.8620,169.6030,142.0970,141.3390,157.0660,155.7850,122.3190,97.4279,98.3724,92.1203,81.7302,84.7687,108.0090,148.4200,118.0060,74.6707,51.7556,14.6819,35.8676,35.1783,39.7752,27.8774,47.3959,93.2639,129.7950,158.9490,190.4630,212.4530,200.0260,183.5760,156.3800,121.0550,98.1738,96.0733,106.8290,120.1750,136.7150,127.1040,80.8352,62.1204,88.0064,108.3820,94.3528,76.6272,71.9518,79.1161,94.5670,102.0900,93.2614,105.3480,120.7990,84.6578,92.8091,43.5291,20.1435,38.3864,41.7512,46.9657,34.3171,43.7443,56.2101,64.3893,82.0046,103.4330,116.4930,78.8706,56.7484,83.0088,91.9296,98.0556,76.2942,46.6162,56.0137,60.2619,43.1244,33.5038,39.7292,60.6141,69.0282,69.7056,56.8350,23.0076,26.9011,53.9849,78.8955,105.7790,137.8260,139.0900,107.3970,75.5256,65.1464,79.8531,85.7644,70.0353,12.2026,38.1641,54.0727,62.1331,63.3956,66.0935,45.9342,29.7663,16.5829,13.9666,21.5248,9.5477,18.0366,47.5119,59.8052,49.8355,48.6027,49.2380,49.7800,59.0444,68.2620,59.9666,52.4666,44.6295,37.3829,28.7680,24.0775,9.0504,5.7814,10.6122,36.3102,31.6836,29.6554,8.0639,12.7855
53532.1000,49017.5000,26260.6000,27316.7000,42210.1000,35142.4000,24996.7000,21938.5000,21382.3000,18367.8000,14590.1000,11554.7000,9721.9400,8828.4600,7176.3700,6666.0600,7125.2500,5680.8000,4564.6900,4235.2900,3783.4700,3229.9900,2702.2800,2385.2700,1890.4000,1786.1900,1583.7800,1230.4800,1146.3200,981.2360,756.1070,695.1870,584.4260,462.2360,399.6050,430.3510,416.2310,347.0310,309.7930,334.7210,388.2840,426.9470,419.2830,466.3880,292.1660,380.1320,375.7540,382.4120,326.4280,223.2650,211.7080,186.2260,151.9670,137.3330,169.1420,184.2650,184.5400,207.2630,233.2740,227.3260,187.6000,164.4550,137.6870,102.5430,49.5672,49.6466,93.6004,155.5310,134.4520,111.2640,80.7220,111.1440,177.8970,133.7540,167.7550,132.9350,132.3710,140.4880,164.5530,159.3450,154.4550,116.3650,43.9519,32.9876,71.2890,90.3641,73.8485,54.1820,69.5683,100.1620,139.5190,176.6600,186.8790,150.7940,119.1410,87.4950,53.4118,45.4510,69.9538,91.8909,117.1940,166.3310,186.6950,187.0140,225.8520,256.6700,287.7850,268.8240,259.6510,268.0860,222.1070,201.2600,221.5210,249.5790,264.8610,247.2360,196.9490,110.9860,60.0674,32.4015,73.3366,104.5390,110.6280,115.4850,119.5240,108.2900,99.0930,119.0090,131.3140,102.8170,84.0713,122.7490,177.5300,235.0540,243.0410,203.8110,163.0910,81.1042,57.0049,110.5320,155.2260,165.4750,155.5780,131.5870,88.7639,53.6771,73.8899,140.6270,199.0350,199.9440,170.3710,134.1260,90.3697,101.3580,151.5570,196.0730,173.9910,136.0980,124.9560,130.4180,168.6300,188.6990,168.0210,156.7300,119.9050,120.0940,185.7310,247.1140,237.9450,220.7070,205.7530,206.0110,174.8370,142.7260,143.2950,150.6980,137.3460,114.3100,101.1720,98.6486,94.7874,92.7229,114.2040,137.4370,157.2050,108.6770,58.7959,22.3361,16.2166,43.8672,50.6712,51.1963,42.0431,79.2197,119.7700,139.8800,171.4690,200.8110,218.5460,207.3210,203.3880,164.3360,114.3580,92.4903,101.1670,121.0810,133.1250,135.3210,108.3090,79.1407,74.9562,93.5868,107.4020,101.5760,85.0904,81.7504,85.9311,103.8490,97.3400,81.3118,91.0502,110.9820,77.9984,76.3698,36.4561,26.7529,38.0592,30.0344,27.4324,29.4923,53.0900,63.2253,57.4991,62.7526,81.0437,109.6600,69.5410,34.2758,56.9839,77.6539,77.0620,70.6625,39.1827,55.9034,46.9562,37.5138,18.7486,20.4802,38.6932,48.4078,46.4697,39.1874,39.6318,9.1082,48.3954,78.3541,99.4728,98.5577,112.3450,108.3120,79.2869,68.3796,82.0044,89.7399,70.9131,15.7935,23.7720,38.9402,46.9655,39.6787,36.6606,35.3161,25.5005,18.9532,13.8820,16.6006,17.4030,13.4426,33.1519,60.4567,58.0478,54.7277,51.3888,49.5671,35.5565,35.6856,43.3379,33.2994,17.8828,9.1820,23.0043,29.1358,22.4928,6.9676,26.8666,34.9654,43.0197,39.4337,22.8245,16.6983
52913.5000,48723.7000,25839.7000,26474.7000,41233.0000,34308.3000,24412.4000,21546.3000,20979.2000,18093.0000,14416.5000,11359.8000,9470.9100,8672.4300,7014.7500,6473.0800,6997.6500,5535.3900,4424.5700,4165.7400,3712.3100,3189.1500,2653.0800,2362.9800,1912.7200,1834.9500,1640.7000,1285.5700,1211.1200,1054.1300,800.9910,731.4520,619.0000,467.1890,403.3120,432.6560,389.1820,333.2470,374.9930,459.3110,499.1780,563.1520,547.1220,479.0560,352.2540,209.5620,356.6800,363.6890,344.0250,255.1370,242.5980,229.0800,190.6550,139.0790,113.2740,103.0090,128.3920,171.4000,221.3770,257.8480,255.7670,237.9130,211.7440,162.6240,105.5040,90.2928,113.5630,172.6150,134.8970,112.3470,52.5241,88.8924,169.1420,132.0130,154.7100,124.6430,114.1780,122.5600,148.2880,140.4660,129.5270,83.7003,19.4063,36.6105,79.1743,104.8920,89.7296,70.2883,85.1207,115.5350,141.9970,151.7020,142.2660,126.8880,107.2850,78.3296,47.8755,42.4484,68.6048,88.0591,92.5535,124.1600,162.1180,176.4090,203.5020,225.4810,255.3940,245.1280,240.3940,241.1120,198.4880,194.1100,223.7070,252.1400,259.2940,245.7260,207.6570,125.0480,66.3996,30.4606,83.6575,110.4060,107.9900,108.6280,114.3290,95.9149,87.9040,108.6720,123.4320,99.8221,92.1435,150.3390,199.0630,235.0660,258.8880,228.0730,184.8830,92.0121,54.8595,123.7890,178.7520,203.2740,169.9530,139.5270,119.3630,68.9156,72.9683,161.4070,224.5610,217.2610,189.4080,141.3730,81.4322,76.3760,126.1660,186.0000,172.5240,135.8180,131.1640,149.9180,201.5470,214.9000,192.3780,179.4480,148.8550,153.2040,198.8850,243.0010,255.1450,240.0260,213.6570,202.6340,171.5970,145.5760,140.8660,151.8510,142.9260,115.7480,102.0410,103.6340,86.8052,73.0424,92.3132,123.6910,153.0130,123.2670,69.5706,47.8764,12.2483,50.2345,50.3732,59.0651,59.6768,77.8365,110.8940,143.0860,163.9800,188.6560,200.3630,198.2980,191.0700,158.6280,119.4570,88.7959,90.7992,110.6870,131.5600,137.1140,106.2190,69.4464,70.8538,94.7887,111.0670,110.6060,99.9432,83.4648,81.3150,85.9724,87.5836,93.5972,107.7730,133.5970,83.7326,81.4231,22.6543,15.4483,24.2853,24.3000,22.9856,29.5743,38.5461,49.7106,65.9088,84.2139,108.1900,126.9650,87.0720,44.5286,51.6327,80.4535,78.8483,73.8265,34.5864,54.1442,54.4676,54.1564,37.9273,23.8407,45.5387,58.3601,62.2343,47.3006,30.7297,27.7610,59.7896,85.2194,111.0560,106.7840,104.8620,94.9175,69.2696,69.6742,90.0669,103.8190,92.0920,30.9405,48.9957,55.8313,76.7980,57.0591,35.9143,28.0859,22.7408,25.6652,20.7976,25.7262,7.8405,20.7737,53.2326,64.2809,65.6458,64.9562,61.3797,58.1788,58.4112,56.7522,40.1172,32.8570,27.7107,21.3692,21.0025,18.7661,15.3836,8.7004,15.1079,26.1532,26.3052,24.0911,15.5316,10.3093
53489.8000,48835.2000,25895.1000,26541.7000,41244.5000,34590.3000,24884.7000,21901.8000,21333.3000,18527.2000,14714.3000,11548.5000,9701.6800,8797.0600,7079.7200,6601.8800,7062.9000,5561.1900,4479.4700,4193.2600,3682.5300,3187.3000,2595.3600,2314.2700,1888.9700,1761.8200,1569.4800,1257.5400,1155.6200,973.2210,740.8580,619.0780,514.4660,375.0430,326.1580,288.8830,250.6170,330.8210,468.4870,579.4960,597.6680,624.6370,647.3570,459.2920,208.5470,135.2190,395.4940,408.9440,369.2440,338.9740,329.8670,308.5180,241.2850,162.6100,85.2331,135.3540,213.3130,241.5230,278.1860,335.2760,365.3230,346.9720,304.9770,230.7330,142.2350,112.9610,84.5917,133.0240,105.7040,94.7730,48.4365,55.7017,105.7480,88.4819,91.5313,68.5031,67.5402,84.1282,125.1260,104.3720,111.4150,55.5359,34.5649,23.7766,29.0559,38.4571,43.4799,49.7036,73.5485,84.3747,92.1639,99.1239,80.1516,38.7293,15.6995,7.4775,14.7803,49.5131,69.8929,77.5460,92.7731,117.6730,132.4590,146.3260,190.0930,225.2780,268.0780,244.9640,229.2120,229.9960,193.6470,209.6970,249.3940,271.9810,275.1850,278.4350,240.5040,135.1010,62.4619,35.6251,88.0524,99.2700,107.6650,129.8720,127.9400,101.6700,71.4902,86.1457,107.1010,97.9185,112.0340,162.4470,204.6830,242.3510,266.5990,234.2090,184.4410,95.8681,55.0993,120.2570,165.8370,182.7260,175.7440,163.7080,133.6820,90.6353,109.2430,189.2550,241.5240,239.0910,206.9500,166.5410,100.3960,93.6268,147.0140,190.1420,161.3990,142.4740,135.6110,156.5020,191.5540,217.3490,195.0680,175.9490,143.9760,145.1950,196.6820,251.4150,258.3950,233.7880,209.6760,195.6200,165.8380,137.1570,131.6690,153.7480,168.0890,124.8580,94.4157,114.8840,113.8670,98.2284,109.8030,130.6740,145.6330,122.0330,84.3537,58.5639,20.2688,24.0633,38.8942,48.1406,46.5856,72.2815,99.1521,133.3970,165.6510,191.4790,193.9920,170.4950,171.7960,150.3780,131.9970,116.3700,108.8100,107.7970,116.8160,131.6180,120.3360,92.6828,87.2086,105.8120,122.6830,116.6860,106.3640,87.7491,85.3726,87.8168,85.4236,82.4268,84.0746,100.7760,63.9705,75.8040,37.7383,17.1422,17.9416,26.4068,34.0118,43.8314,61.2853,61.0968,61.7883,78.5100,104.9880,131.4700,91.6502,55.5077,55.5782,58.6811,59.7711,52.5863,34.8495,63.0100,59.6675,48.7764,26.3755,22.4808,51.9776,67.0266,64.2375,30.0485,9.5218,19.9299,44.6025,71.7992,101.6430,117.6630,117.6390,99.4436,67.7313,61.0943,81.3380,93.4857,81.2937,22.4015,34.2941,47.5690,59.2683,56.0580,53.7875,41.8735,24.2572,18.2308,19.5487,24.2408,7.9075,15.2800,40.6772,56.5210,63.9158,65.6043,66.6889,66.4111,73.7323,70.7172,52.3188,39.7150,44.6531,46.9158,36.6714,23.9320,8.6955,6.4663,15.0040,28.6377,38.5624,40.2908,38.7153,32.6121
53716.3000,49135.8000,26176.3000,27111.8000,42044.6000,35073.9000,24944.8000,21886.9000,21372.0000,18358.2000,14568.4000,11465.4000,9643.2400,8755.3900,7100.4200,6610.8000,7069.3700,5613.6800,4457.4800,4120.1700,3699.3100,3127.7300,2605.7600,2245.3700,1774.2700,1696.5600,1473.9700,1088.6100,988.6340,830.1540,596.1070,493.8450,361.5290,204.7570,151.3640,132.4730,192.9930,394.9050,568.0900,658.9550,686.1730,672.0470,651.0260,442.1730,192.6660,218.6990,409.4340,454.4160,452.3090,436.7600,431.8420,386.7990,321.6370,218.6200,155.4430,198.7900,254.8740,275.7910,303.4730,351.5630,379.2010,356.4750,301.2590,225.7120,138.7430,112.4590,58.5806,124.5680,110.0740,109.4380,62.4466,60.5373,92.9238,78.9782,91.6764,71.2329,65.9655,68.7328,98.5141,100.3180,120.0610,90.7537,57.2955,48.6489,40.0200,41.7177,32.9364,38.0218,86.4801,87.4814,75.7978,58.6615,44.0246,13.8332,27.1169,40.4527,40.5685,60.4221,85.5205,83.3980,88.3394,101.5910,115.1240,128.6770,167.7000,201.3960,246.6380,237.9590,209.1990,192.2650,167.9430,192.8130,246.3010,262.4890,261.1690,254.3200,221.5080,125.9910,65.0034,38.1642,91.5357,90.0195,108.1220,148.8190,135.9170,107.5260,67.5175,73.3070,70.3274,67.7262,98.1916,127.1240,164.9710,235.9420,246.0880,205.8570,160.3870,103.0850,61.5877,104.7960,148.2890,163.5870,171.7100,151.6180,103.2380,75.3653,99.7235,171.5610,230.9270,221.8360,182.1590,137.1770,83.6903,95.3048,141.3340,182.7660,162.0440,131.0390,116.9290,133.8770,178.4500,201.7170,177.9420,161.0940,130.3320,133.4790,187.1740,241.5110,250.5810,227.3650,204.2750,193.6610,163.5800,137.0400,145.0730,146.2690,113.6320,101.3110,110.3990,105.3650,94.0110,87.1632,103.5550,121.0860,139.9620,124.4660,87.2216,58.2819,23.0830,28.4602,51.2142,71.3843,62.2164,62.7952,98.3691,145.6180,172.8860,196.0500,201.5750,195.7230,192.6990,150.9490,127.8710,132.1770,126.1900,129.3640,133.5630,149.5140,133.9110,99.9915,92.6386,115.6910,131.4550,113.5120,103.2950,93.0950,110.7560,108.0360,100.6930,109.6530,108.1490,114.3000,49.7908,45.8593,8.9034,3.7483,18.5689,23.9751,29.2164,37.6177,30.5555,39.6983,65.5541,81.4232,99.2023,108.6210,79.7442,40.5444,38.0568,66.7389,71.6766,56.7134,32.6159,51.2267,56.6821,50.0861,31.3334,23.9169,43.8570,58.5449,72.1774,65.7210,33.3957,41.3622,54.6735,81.8918,112.4810,121.7820,109.6760,97.2692,72.1416,54.9633,57.3594,62.7900,59.2009,20.1322,37.3345,48.4762,58.3310,62.7678,61.6650,51.2197,23.4215,11.1395,21.9389,18.1627,11.6495,7.8920,21.4361,49.8172,48.3314,39.8702,50.5817,65.1218,70.7720,55.5989,50.9533,48.1346,32.9636,23.6597,20.7032,21.2911,15.9586,21.8833,36.9819,59.1585,57.3067,48.5708,37.3138,33.2400
53175.6000,49039.3000,26073.5000,26598.9000,41409.3000,34457.5000,24458.2000,21597.0000,21048.2000,18086.6000,14402.4000,11365.6000,9486.5800,8692.7000,7081.8500,6531.8200,7024.1800,5568.2300,4441.9100,4160.2800,3703.2200,3124.1300,2579.6600,2290.6500,1848.7500,1745.2100,1527.3700,1161.4000,1051.7700,895.3780,681.3250,585.1050,452.3570,283.5210,241.4280,208.9340,172.0300,311.5430,466.0210,539.5190,588.7410,630.5490,590.0420,327.4380,198.2050,194.1810,382.7720,380.3490,342.2390,340.2960,307.1900,262.7750,193.2030,120.9470,63.2518,119.2410,191.0920,205.9580,248.8860,313.2260,331.2010,315.5680,281.5630,226.8390,145.5890,113.2340,76.7511,124.3120,104.0300,109.3230,68.7289,59.8306,102.7820,100.3630,114.2510,88.6387,67.6059,72.5518,116.1310,98.6288,110.7560,68.3659,48.8767,53.8173,57.3721,72.4924,62.8885,46.2969,70.8240,82.6037,82.7866,78.5867,63.0732,28.2425,28.5411,48.7221,52.5438,66.7844,77.2784,82.2351,93.0233,101.5450,108.6520,144.6150,189.0020,219.0800,243.3320,233.4720,230.0600,221.5610,190.9530,211.1100,255.3270,278.9730,286.3110,270.5400,214.2580,129.0590,56.3481,23.7394,74.9984,109.9400,111.0320,124.2270,125.7360,105.2530,73.4352,87.8235,99.4123,81.6577,91.9391,138.8360,188.7320,243.8990,260.3370,226.9270,183.9920,104.5720,47.1423,123.0800,176.1750,198.4950,181.8630,159.4910,128.4240,74.1760,76.2485,157.0390,211.7630,208.7680,175.5570,150.1060,101.8850,110.6990,158.0290,190.6930,182.5940,167.1530,153.9030,163.8930,195.5350,212.1300,178.7340,155.9590,146.6870,164.1600,212.8290,259.4190,271.7160,244.9200,212.0840,200.0890,162.7220,129.9390,130.8890,127.8640,120.3680,120.6060,91.4195,77.9352,84.9081,88.7284,96.5450,114.4950,135.1340,112.4360,77.4600,61.6816,31.9411,31.3416,37.1761,63.4065,41.0474,43.3081,90.5000,130.3480,154.1880,170.3630,186.2540,200.7330,204.2730,173.2870,136.8330,111.9850,112.4840,118.1070,129.7310,152.3430,142.9270,88.1612,67.0405,96.7714,111.3000,97.2766,85.8294,78.9258,97.5457,115.7480,102.7600,99.4354,115.9960,145.7500,84.2452,84.4085,16.4836,11.5254,31.3514,26.5668,29.9301,45.1773,63.1124,61.1280,64.0208,80.9239,103.0500,111.3960,72.3806,41.8583,62.1749,80.4275,88.3656,76.7550,39.6299,66.3468,62.4648,57.7041,32.5850,20.8258,34.9127,50.0990,54.0172,41.5600,22.4475,35.8773,59.4227,85.5177,113.1320,127.4110,112.8860,79.2888,56.1304,72.1752,90.4891,101.3770,88.0835,28.9197,43.5939,47.9911,63.1862,63.7651,44.6086,26.9235,14.4723,12.0251,16.9082,27.0018,11.5759,15.3605,39.5648,63.6661,71.0678,64.5180,53.8340,50.2107,63.9606,72.0664,48.4655,39.5230,36.3769,28.2755,34.5702,32.3886,32.7191,10.6229,20.0429,14.0486,30.6556,37.0968,36.1689,14.1080
53476.2000,48988.7000,25978.9000,26347.3000,41029.8000,34445.4000,24763.8000,21845.0000,21298.6000,18444.3000,14658.0000,11461.6000,9608.6200,8773.3100,7068.4300,6543.0500,7023.1900,5556.1800,4473.7200,4186.5400,3708.1300,3166.5900,2617.8500,2335.3400,1918.0400,1836.5900,1622.2000,1274.5100,1196.7900,1038.2500,806.1860,711.5220,611.1230,474.2540,426.4230,408.0690,363.2600,373.4420,474.7700,557.4440,637.6200,703.4640,641.2290,442.9040,286.0440,200.3550,375.3710,397.7680,361.4860,322.9200,296.2900,252.7040,170.7770,96.2428,36.6241,81.0176,164.3310,213.6160,247.6670,292.4020,309.2930,294.5800,267.3710,210.3320,133.0240,106.2080,114.5220,164.4910,125.4000,102.3080,62.7141,94.9001,164.1830,125.0660,145.8010,103.2100,95.6746,102.7440,147.2420,138.4840,141.5620,99.6671,35.3418,43.7816,53.5620,75.9618,63.1375,58.2819,74.2995,89.2387,95.5260,104.8460,101.1460,77.3107,70.0934,57.4793,39.4386,56.9784,81.2080,90.0746,101.2380,121.8550,151.1030,170.2710,196.4630,213.7500,240.2240,246.2370,247.3350,239.7660,204.0490,202.2380,220.5440,246.9070,271.3080,256.6650,192.6900,113.7350,62.9461,33.8490,82.9942,93.3349,114.9130,141.2730,124.5070,90.7213,83.2839,108.2720,135.8260,122.0670,114.2300,148.6470,188.5240,236.8750,257.5850,227.1950,186.8810,105.5900,63.3852,101.6910,153.9190,173.2910,165.0660,137.0340,94.4635,61.5086,88.1594,168.4400,228.6760,220.4740,187.3740,134.0340,80.3310,93.5374,145.0210,196.5380,186.7930,148.6380,137.2020,146.4010,191.8780,203.2270,176.0270,160.7580,140.4030,147.9450,201.8470,257.0130,265.1100,237.4570,224.4270,206.2720,178.1250,136.3350,142.8680,161.5640,137.9400,106.6320,105.6390,108.8590,94.1541,83.1195,91.3331,108.1730,121.1160,100.3720,63.1164,57.6891,34.7935,18.5613,13.7526,37.6511,36.1324,38.0581,69.1949,121.7360,158.8730,195.9510,199.1320,183.0130,191.8580,171.5630,138.9670,109.9470,104.9880,111.8840,131.2020,151.6620,122.1190,66.7972,75.1917,103.3430,106.5470,113.6470,105.7800,91.8774,81.6032,91.8306,103.6800,96.4052,104.9790,123.0810,80.7805,93.5621,41.1860,23.7907,26.8914,35.0389,38.7402,44.9715,63.4612,67.1749,70.4019,88.2914,107.3290,108.7910,63.4841,40.1671,70.4415,77.9671,72.8500,45.7405,18.7494,30.6542,40.0489,30.4175,18.6562,33.3510,62.4497,77.4074,82.5378,62.3603,15.5387,29.0474,61.3015,92.1004,114.9570,125.7310,137.7130,122.9270,88.2001,65.8669,83.0817,93.8840,66.2595,15.1608,21.3880,41.6960,52.0384,49.5292,49.7876,38.0088,29.1246,3.6855,4.0488,11.6665,20.6491,16.6675,25.2964,57.0232,60.0910,58.1757,62.2462,66.2305,57.1474,55.5799,66.6416,52.9301,27.3204,16.0557,40.9619,39.2063,29.8083,8.0722,5.5297,23.9769,34.2549,41.4270,37.5349,33.7601
53950.0000,49329.7000,26280.7000,27053.0000,41979.2000,35197.6000,25232.5000,22158.3000,21646.8000,18576.7000,14760.0000,11485.5000,9614.7200,8779.2300,7145.0800,6654.9000,7112.7500,5662.8700,4526.0200,4176.7800,3747.1000,3158.1300,2648.8400,2311.2200,1855.1200,1804.6800,1617.8300,1252.4200,1163.1500,997.3870,761.3330,691.2600,565.9420,404.3080,359.4780,367.5460,350.3270,335.8120,410.6830,506.0690,590.7420,643.6230,574.5400,429.7920,296.7970,257.1490,403.9410,387.1370,336.7240,246.1390,224.1370,185.8300,123.0260,65.8534,107.9310,139.3330,195.1110,212.9070,261.2970,304.2820,294.2160,260.7530,219.3110,154.2150,106.4430,99.9079,124.8740,159.5630,114.1880,81.6167,55.6856,96.5597,157.9790,131.6690,141.4330,121.0770,99.2379,108.1110,138.2000,128.8200,122.9880,78.1797,17.8999,23.2437,46.9098,75.6832,66.3191,48.8986,77.0951,103.6410,116.4680,120.3700,111.7080,86.7967,73.3708,58.3156,39.5806,42.8624,79.0753,100.7670,122.3550,133.4010,141.2810,166.7540,206.3290,232.9120,255.2910,245.8840,256.1640,257.7410,214.2920,203.4980,220.3070,248.3330,269.1720,279.2830,233.9890,141.6070,77.7878,25.9127,73.7912,73.8816,82.2569,116.9610,108.2890,78.9013,63.1684,95.9888,117.7480,91.9233,81.9964,127.4370,175.0490,225.1910,252.1190,217.8220,173.6260,89.0200,57.1325,113.9200,162.6200,177.7690,155.4350,129.6610,82.1405,49.2336,98.8803,179.3360,222.6990,208.1700,173.7090,117.3360,68.5399,82.9771,132.0970,189.9770,176.0190,135.2120,130.9540,144.8480,183.6580,194.5900,177.3540,166.2430,126.0440,117.3420,169.7950,228.1150,257.6980,244.8720,228.2510,203.6300,175.3230,143.2200,145.4680,156.3740,139.3880,117.3910,107.7300,97.4621,83.0472,77.2426,86.9832,106.7480,125.0300,101.2960,59.5388,46.3038,24.6453,18.3823,17.7530,38.8796,30.8186,34.7405,65.3069,110.9650,147.6010,179.0580,187.4730,184.3120,204.1560,167.2760,111.5290,97.8561,109.2520,124.4930,138.6100,153.2370,134.6750,88.0246,70.5889,84.0410,96.4167,93.9466,82.3350,82.8033,86.8892,87.9229,81.2609,88.4237,93.1045,122.2080,73.1288,76.9781,22.1617,8.7654,22.2916,25.9925,30.8547,39.9719,50.8551,46.5944,49.3284,69.1733,97.1873,111.5900,64.9736,39.4348,63.3819,81.0434,78.1364,67.0250,21.5547,32.1244,19.8718,13.2671,5.6612,29.4471,62.8907,74.0845,78.9147,58.3067,25.8247,21.6405,58.8594,96.8616,111.7590,113.0240,135.2460,120.5610,79.3220,49.3160,85.3705,99.7720,79.5096,24.7433,24.6304,48.8328,66.5362,64.8631,56.5957,46.4065,32.8377,17.6943,2.9949,4.0117,11.7901,22.8522,47.2191,82.2022,85.3847,72.2901,52.1659,55.3436,75.0940,71.4638,53.4110,48.9402,35.7230,22.5842,21.1560,24.0483,18.5020,6.9046,19.7527,37.5249,45.0677,49.1689,33.5744,28.4344
53387.9000,49210.2000,26187.9000,26802.2000,41694.0000,34735.9000,24738.4000,21878.6000,21340.5000,18262.9000,14535.5000,11407.6000,9506.1400,8726.0400,7136.2700,6597.0500,7115.3800,5666.3400,4480.8000,4161.4300,3736.4200,3148.5000,2619.2500,2303.3300,1862.9700,1797.0200,1576.0200,1202.6500,1126.5300,964.9310,727.1410,654.2160,512.7420,344.6680,297.6380,288.4400,246.6480,239.3390,319.1920,421.0440,509.6810,593.1600,573.8850,385.2970,297.0510,169.2060,352.1440,331.9170,305.8490,264.0230,225.2160,172.9340,127.3630,71.3894,62.3849,116.2130,178.2360,195.4310,244.5650,293.7520,299.5590,277.9860,245.6970,184.9540,107.4480,93.6641,106.7000,164.8240,126.2600,101.2460,50.8291,78.2383,143.0960,111.1660,121.0310,102.7220,93.8907,112.4690,147.5540,118.5720,110.7030,66.2746,48.0405,44.9271,44.3124,48.9088,50.9135,55.2303,71.0921,80.9782,84.8459,86.1899,60.3346,34.8776,42.1503,34.4455,24.4688,59.9593,78.3728,85.7785,81.1616,98.9776,130.1680,155.1810,193.5740,223.3900,255.7900,235.4010,228.2850,235.0450,204.1880,218.8000,241.5570,266.7870,271.5520,270.9290,225.9330,139.1080,69.6227,41.5926,70.8322,118.1590,110.8220,104.0380,102.3520,78.6935,71.1278,100.0250,124.1180,100.7330,88.2596,131.8760,184.4390,240.1680,252.4760,218.9240,180.2050,111.5880,42.5928,108.1790,161.5440,183.4670,159.4060,132.7310,93.5112,64.9400,108.7910,193.7410,241.6960,227.1450,190.3610,131.7160,70.7059,91.1580,147.1560,190.8310,172.3850,140.2540,132.2060,144.7020,185.4330,206.4190,190.6660,176.0480,136.1020,123.9690,179.1890,255.4230,267.9040,237.6980,222.5260,196.8110,164.0320,130.9760,137.4520,145.7980,128.7200,119.1890,111.2950,99.1927,88.5909,83.7319,105.5880,129.8350,151.3930,117.9590,76.1351,50.9884,25.7289,26.2726,34.9883,52.4031,36.4980,48.1821,93.8990,131.4430,161.4750,192.9460,211.2500,198.8700,189.9890,167.0930,139.8570,120.3600,121.1560,137.8230,146.9430,158.0440,140.5900,98.2289,79.9284,95.5038,105.4230,87.2334,68.6855,57.7229,68.9051,74.6885,79.9195,87.2891,89.9219,102.2770,64.7250,69.4799,42.4025,26.7927,20.1819,16.8924,19.8911,19.2324,28.3145,47.9207,58.0257,71.1008,87.0148,101.8180,70.2876,47.1049,68.7796,72.4914,65.6418,49.7469,28.2043,62.8365,70.7109,67.7936,39.5612,14.1425,28.0757,46.3455,60.2165,58.2644,16.6693,38.9260,60.2756,88.1661,107.1450,98.2313,92.2572,79.9831,51.5874,59.0796,86.3261,87.4765,74.6506,13.8556,47.0570,69.0809,81.1118,70.4469,64.6926,42.0753,23.6388,7.1314,5.8628,13.1182,6.6895,8.5813,22.5113,43.0518,66.2599,66.3127,56.8608,55.2164,69.3475,72.3967,67.7908,59.6488,40.9950,26.7051,26.9016,27.3951,16.6625,5.6054,8.8732,18.0919,30.8084,41.7646,43.6275,41.3280
53359.8000,48969.4000,25935.3000,26232.0000,40886.3000,34286.8000,24651.2000,21813.9000,21267.3000,18382.3000,14615.2000,11412.6000,9546.3100,8737.4100,7035.0500,6506.3700,7017.1100,5534.5400,4412.2700,4138.3800,3672.0100,3124.0200,2567.9000,2271.3800,1853.1800,1768.4400,1540.4500,1178.5700,1092.5200,921.7190,687.5820,572.6830,447.8310,290.0710,234.5060,184.9530,161.3160,330.1010,469.7460,572.7810,637.7800,671.3520,671.2790,495.1360,246.1590,163.4460,297.3360,379.8750,420.3610,426.8450,406.6380,362.8570,314.8500,230.6570,160.3390,213.3320,273.6970,278.1270,300.2340,344.7390,380.4940,366.7800,318.7450,249.4030,169.7340,130.6650,60.1279,98.2116,78.6522,81.9144,47.3795,47.9772,88.0325,82.9564,101.7850,86.5433,72.7842,85.9513,113.2780,86.3634,100.2760,68.5656,55.7442,57.4146,40.8505,26.5690,16.6313,21.1110,43.9475,48.8787,57.2830,68.2559,53.9799,43.8785,36.9620,36.6832,45.5269,74.1133,81.1629,64.5277,61.8291,66.4278,81.9402,109.6100,157.2020,195.3140,242.3980,242.5570,232.8540,218.8420,184.5230,203.6840,250.1110,280.1250,286.6080,278.5900,250.4820,158.7340,93.3518,32.7955,88.4125,104.0820,120.0620,139.3040,138.6980,117.1460,79.1406,82.1981,100.4130,80.9874,78.5676,129.3650,184.8280,233.7410,245.4610,195.7600,142.7410,68.3293,50.8226,120.2520,155.9750,181.3890,163.1030,163.8410,144.3520,93.7810,116.4070,211.8230,273.4700,249.9820,197.6140,144.3280,103.5640,112.8940,149.9160,199.7160,180.4420,134.6570,115.1500,119.4620,159.0670,193.9710,186.5440,169.4320,138.7560,139.7760,193.4740,245.4040,265.6100,253.3940,238.5630,212.5690,174.4100,134.6620,135.6870,150.3630,130.2040,104.2780,101.1560,97.8520,88.1119,81.8857,92.5615,112.2060,126.9730,100.5070,62.5442,45.2709,18.0858,20.1532,20.2992,24.5700,25.7078,57.1972,101.0550,146.1990,171.8540,202.3690,210.0990,203.9410,196.5130,166.0320,146.5140,128.6980,121.6970,113.1840,125.5040,149.0290,126.1720,69.8341,71.3223,114.1740,118.8980,100.3430,88.6569,72.7884,72.5769,75.2416,76.9830,68.3945,77.7653,85.0425,64.0259,70.9634,40.9023,20.8030,13.5481,26.9230,37.2772,51.5526,47.9959,51.1401,65.7469,81.0769,99.0703,122.1730,98.7667,52.9934,66.5485,95.0773,100.3010,79.6088,35.7838,56.2818,54.4740,52.7932,38.1573,20.4761,41.4996,51.7207,53.8766,40.0491,18.9989,39.6043,51.1120,70.1261,88.9877,112.2200,122.3630,97.3857,61.1794,70.5276,98.4747,110.8560,91.9584,25.8942,43.3882,55.0696,71.2242,66.8582,54.3129,53.0251,34.3410,25.4234,17.1553,36.6420,24.0701,24.2763,34.2043,67.1493,57.6049,47.1254,47.4329,58.6438,69.2189,75.4556,61.5077,39.4054,47.7306,50.0273,35.3637,14.4722,10.2121,9.3624,10.0137,24.4040,33.4365,37.9272,35.2511,29.8733
53868.4000,49173.7000,26142.6000,26903.3000,41769.2000,35023.9000,25127.5000,22069.2000,21543.2000,18545.4000,14729.8000,11470.1000,9599.6900,8758.9200,7108.9300,6592.5900,7037.7700,5576.6300,4438.1900,4114.7800,3675.1900,3098.1600,2573.3700,2239.3000,1781.9600,1710.6200,1487.5600,1102.0000,994.5570,804.2870,586.9840,457.5320,322.9520,163.1670,56.3638,132.3050,301.7610,528.5000,694.4840,754.0110,770.6960,776.6840,773.1210,643.4710,426.8210,308.5710,360.9850,489.8360,589.4660,612.2770,557.9660,521.9220,421.5710,336.2420,236.3430,262.5690,313.5190,304.2520,294.3300,318.6250,360.3590,348.7830,280.1250,209.3470,126.9180,91.0807,47.0015,103.7400,110.0330,115.6880,65.2092,58.5121,92.6097,78.2396,84.1701,44.7766,40.0994,47.9787,102.4960,101.9990,143.0310,112.7430,78.3540,63.3511,24.5196,16.4804,19.8783,14.8588,40.9187,43.3117,77.0389,100.6970,100.3910,108.4800,95.0177,73.7418,75.0721,71.5365,76.2564,37.9064,50.3678,57.6645,59.9085,61.0796,109.1070,169.6270,226.3010,249.9780,236.9060,215.2930,178.3300,193.7720,251.1780,268.2350,281.4280,279.2050,253.4440,133.3970,66.8973,48.4104,89.1224,98.0716,115.2650,144.7420,157.4580,137.6000,109.2510,96.9394,100.1830,55.0070,64.5167,116.0270,170.0670,218.1620,225.0460,184.1890,135.3500,61.4408,48.5838,105.1570,129.8340,153.1400,142.6810,129.0430,114.7250,104.6370,146.0080,227.3060,263.4490,239.9820,196.8670,156.4330,97.5958,108.7030,170.1570,212.2150,176.5730,124.7530,97.3748,105.9520,141.6390,175.1960,159.2490,143.1450,115.2800,126.3060,182.5970,240.6250,243.1790,229.0890,238.8840,219.9080,187.8270,146.9630,146.3270,140.7810,124.6400,113.9740,99.4434,89.3742,81.1841,85.4045,104.9560,126.2500,137.6300,110.4710,83.7767,59.2497,34.7214,27.5238,48.4774,63.7694,56.7755,71.9346,99.1922,147.6160,191.5320,217.7860,216.7780,192.1820,198.9260,169.6950,146.2520,136.0970,131.6290,139.9430,137.6150,137.9640,102.2710,76.3388,81.3271,111.7450,126.7930,110.4080,99.2271,99.0088,104.5290,90.5264,92.3306,92.5140,94.6553,95.7489,64.6788,65.9494,28.0835,11.3090,19.6526,32.9642,37.0492,40.5385,46.7963,62.8982,75.8186,87.2404,104.8850,115.9280,86.4799,61.5149,77.8396,88.3394,98.0697,80.5782,39.4348,53.5901,48.0228,43.1014,28.9803,9.2675,23.6412,34.7917,39.4017,38.8198,22.5500,24.0669,46.7491,72.7618,97.8286,110.0810,119.3050,100.9390,61.6020,57.7083,95.9557,102.0170,98.0967,40.2887,41.5329,48.2997,64.0658,73.7779,75.5026,57.2596,31.5735,11.7165,12.0470,13.5708,12.8726,10.3899,19.8531,44.5781,47.0500,42.2319,36.0365,36.0021,36.5950,38.2958,41.2108,23.0985,14.0185,22.6744,23.4485,22.4091,20.5360,13.4971,12.6856,33.9960,51.0634,55.0415,53.3029,40.3774
53537.2000,49262.1000,26270.6000,27035.8000,41948.3000,34925.9000,24848.8000,21940.7000,21398.8000,18382.9000,14608.8000,11492.5000,9612.4600,8795.4800,7218.6600,6671.7300,7107.8300,5640.6300,4496.2900,4175.7000,3699.4100,3104.3300,2533.3200,2200.1300,1748.7400,1645.3000,1404.5200,1022.7200,928.1460,752.8730,510.5510,398.7480,260.5550,109.1040,51.8397,109.7990,270.0910,505.0340,646.5360,690.1870,727.9560,748.8680,771.0850,643.2470,410.9990,301.2620,355.9240,481.2630,595.6000,629.1770,572.0670,542.6580,445.1350,360.1110,275.8530,303.8520,346.1150,341.8970,333.6260,373.1670,414.3740,375.1420,304.2510,224.5210,133.6720,66.6924,52.3905,106.0230,125.3320,129.4780,74.2171,51.0449,78.0007,63.7947,78.4807,45.2673,48.5449,56.2588,102.6110,96.3561,128.1390,100.5610,74.4364,69.1624,34.0334,16.0656,13.4770,14.6890,41.6536,43.1692,69.2640,96.1480,101.7940,110.2500,105.7000,78.6945,63.4306,48.5554,32.0078,8.6262,18.0353,38.9646,51.5413,69.2726,130.5180,177.9440,234.1700,245.4970,248.0570,229.3120,187.9320,202.5790,244.2270,267.7710,270.3120,273.1030,238.6360,141.4690,58.8062,28.6595,69.4765,91.4943,109.4370,138.4210,143.5890,123.8650,88.7453,83.8063,86.5791,64.3497,85.2089,136.7790,181.8900,223.6570,237.0850,204.1480,159.3880,87.7924,40.7560,115.5840,146.9870,153.7260,136.6700,135.2670,115.7210,111.1900,154.4160,221.2460,266.3940,256.3670,210.8790,171.9820,111.4570,122.0820,176.6340,223.6560,193.0540,146.3420,123.0400,125.8860,146.6350,170.5100,156.1370,138.7240,122.3790,133.5830,189.2580,244.7970,239.9720,217.4030,215.9470,201.6320,169.1040,134.6410,128.4100,123.4670,115.3660,94.6483,72.6153,76.8368,76.6996,76.7672,95.1203,114.5890,130.0480,109.5010,71.0525,44.6955,19.6101,17.1145,35.1376,57.8192,62.1798,60.1721,88.2121,133.8240,159.9160,186.7390,194.3900,183.9610,187.2890,167.3240,146.0480,138.7340,137.3410,133.6900,124.4280,142.5530,129.4210,83.8647,74.9073,92.8880,115.7000,117.4220,102.9270,81.7938,85.4576,100.8750,95.0663,87.3271,86.7755,97.3703,59.1179,67.0571,31.9446,21.0582,12.9570,2.2951,23.9039,38.2951,56.5240,46.8235,62.7793,86.6629,119.6120,129.7030,78.3470,55.6670,87.2485,92.4117,94.8810,63.8936,27.7971,31.9656,43.5955,50.0922,49.8966,35.0408,45.6196,44.8214,34.1610,19.3250,19.7231,14.8828,33.6575,61.4423,85.3074,86.2156,94.4835,81.5084,53.1837,70.5575,97.3688,105.4800,96.7072,57.1013,53.2938,57.0989,68.8029,59.6205,57.9975,53.6742,34.4407,32.1180,23.9427,38.5769,12.4834,17.7558,54.6958,58.6826,47.2820,43.1777,46.4438,53.9961,61.9651,60.2841,47.5587,46.5941,32.3801,23.2461,34.2861,31.7690,23.8425,8.5392,13.0581,27.8686,35.2674,34.0226,25.7313,19.7412
53141.8000,48866.5000,25968.0000,26363.6000,41000.9000,34296.7000,24635.7000,21839.6000,21278.4000,18342.1000,14573.8000,11350.4000,9471.4700,8691.8200,7039.3700,6502.4300,6984.6100,5503.2000,4400.7500,4145.2800,3675.7000,3107.4300,2545.9700,2235.6300,1821.2300,1746.6100,1533.6600,1179.2000,1089.7600,919.1690,695.2460,591.1690,466.4910,301.8050,253.1220,206.8800,151.4970,256.0250,383.4840,441.1120,487.0080,568.0140,653.2180,536.7590,303.1680,172.8110,222.4400,328.3180,413.9030,422.8440,394.3450,349.8370,288.2950,199.1990,150.8500,205.7210,260.0010,250.8630,256.7640,315.5220,355.6420,328.7290,272.2770,201.0730,126.9110,97.9409,51.8731,126.0620,116.5690,118.7670,56.1348,73.3884,126.5200,94.6759,91.5354,52.3487,50.2631,60.9929,100.8030,97.9992,132.3180,107.1230,82.5107,77.8379,50.2448,17.4288,13.2497,16.6576,40.0217,37.7293,48.0754,66.4044,58.6017,61.1428,46.9104,40.0190,47.8934,74.3682,76.3991,67.7936,58.0027,51.0638,73.5469,103.8470,159.2880,204.0810,257.8390,252.7490,241.3770,241.5830,211.6900,219.1240,250.5900,282.6420,297.3420,285.9210,247.3370,147.8070,71.8223,38.8124,83.8997,98.5321,132.9520,142.7340,133.8530,116.0060,96.8395,87.8725,76.6541,61.6665,90.7079,137.8230,178.0550,233.5370,257.5550,216.1140,164.6300,82.9945,49.4802,109.2060,147.5900,179.8080,171.5080,123.3040,94.6180,105.9280,153.6000,233.7920,277.1460,254.6610,214.1500,179.2990,132.4730,136.7170,184.1990,234.3020,209.4900,166.9350,146.5950,156.9630,185.1880,207.8720,178.7950,147.8160,141.0680,169.8390,215.8840,246.0860,259.8210,234.4060,216.7470,191.9520,179.2100,145.5710,125.5380,128.9730,121.3240,100.5650,85.9286,74.4058,69.5884,94.1046,125.1220,139.8940,150.2470,123.4440,77.7505,53.8474,19.1748,11.1292,23.7705,31.4498,37.4527,61.0662,90.6537,122.0490,142.1730,172.6280,193.7570,195.0750,181.5330,169.9560,157.6630,129.9310,123.5490,132.4530,135.1290,145.2620,133.6440,95.5783,84.9346,99.6955,103.1550,92.2395,81.2690,62.2211,64.7138,81.2938,83.4413,77.1625,87.1067,105.8170,79.8398,85.2347,50.7407,35.7519,33.3827,34.7145,42.4563,51.9852,62.5208,74.8233,86.7998,97.0196,111.9630,117.8200,85.3512,54.7474,59.8918,68.8650,60.2200,48.6804,22.2347,57.3440,60.2052,60.6069,34.8706,18.5693,33.4911,48.3428,56.9809,53.6808,25.9101,21.4364,40.1840,71.2969,104.7010,114.2060,104.6820,93.9184,64.7532,59.6784,85.9247,89.2623,75.7212,23.3697,29.1134,48.2785,67.7958,68.4585,52.0653,39.0264,22.6500,13.7653,10.4624,14.9960,9.6032,20.0395,33.1218,68.8297,69.9991,59.7744,59.2968,62.8199,66.9088,68.7385,61.6099,39.2021,31.9031,34.2075,35.4996,36.3378,31.3784,21.9077,21.8405,38.2040,44.8180,45.5430,31.1929,17.2149
53845.2000,49167.6000,26204.0000,26987.2000,41767.9000,35066.2000,25366.6000,22377.1000,21806.8000,18740.4000,14863.2000,11526.0000,9663.4300,8822.3900,7157.7800,6689.0700,7158.2300,5671.4500,4546.6900,4239.7900,3784.0100,3224.7200,2658.1400,2330.8100,1906.5600,1820.1500,1585.3200,1207.0500,1098.4300,916.9890,650.3980,542.2880,401.1570,237.5650,186.1680,162.6390,148.4920,277.9450,375.4480,448.6500,519.8500,597.9700,658.9830,651.5930,611.4370,486.8370,256.2200,181.5990,373.4590,464.4140,418.9050,324.2670,219.7390,126.0770,159.9580,247.6130,315.9120,297.3520,243.7940,237.6340,273.6230,267.7700,225.8200,171.2740,104.0390,78.1292,30.6805,98.4034,110.3330,106.4270,75.8272,102.2300,145.0800,113.3400,101.7470,74.5984,71.1635,91.2334,138.2740,133.9250,152.7960,114.0010,59.0975,30.8210,17.1763,31.5103,48.6373,22.6801,26.4657,60.5023,81.9049,78.4619,88.3094,89.3158,92.8513,75.2955,39.9760,54.3660,65.4461,95.8070,114.6690,126.7560,144.0690,156.8450,187.0970,230.1500,277.9920,284.7270,268.2890,253.4930,232.3660,237.2250,243.3660,281.3400,296.3180,302.1160,263.7050,169.3630,82.9312,20.1492,76.0300,103.5720,113.8570,130.4010,127.1740,117.8920,84.1141,77.9649,80.8292,54.9172,69.1840,118.5170,174.9100,219.0370,230.6200,199.4170,154.3450,76.9170,44.4587,102.6510,141.4980,174.7960,168.6670,139.3320,114.1100,110.0920,136.0470,191.7820,245.1870,238.9200,191.9030,146.4440,89.7769,100.2040,148.4980,191.0710,183.3120,145.3230,125.1500,134.9050,177.2240,192.9310,168.5840,145.5220,144.7820,165.7730,212.9320,261.4100,253.2700,215.6630,204.7370,179.1720,156.6990,121.1510,120.1570,128.0530,102.2480,75.0676,81.5252,85.4470,68.8785,71.5218,101.7500,120.6040,145.4300,103.9040,67.0474,45.2087,17.7876,21.8641,27.3764,41.8564,49.3022,78.9675,111.5530,139.4860,168.2030,195.4450,199.5290,162.8300,172.1260,170.9280,144.8030,137.7950,135.6580,147.8300,154.7930,164.9590,134.1560,84.4169,77.1200,106.4010,124.2170,106.8060,85.5757,68.8714,75.0374,92.0649,91.6576,78.5863,84.3082,97.5144,76.6720,85.1862,53.3591,38.6290,40.7023,44.9495,52.9519,61.9819,66.6697,74.0463,85.9072,97.9349,116.4100,123.4650,69.7792,37.2115,66.0705,75.7249,68.6125,48.1423,30.5467,50.0917,53.4999,46.0024,27.7543,20.7897,43.8871,57.5976,54.4062,48.7556,36.0003,37.8121,45.9369,65.3695,85.8790,109.0840,113.7560,90.1929,57.7556,59.4269,83.4847,93.5338,85.8991,28.4445,49.2341,56.7521,73.9922,69.2023,57.6446,48.7386,30.6657,19.4495,14.0508,14.1825,7.9919,12.0133,25.3184,45.3141,57.6929,57.8343,55.2188,51.0312,59.1295,70.3370,59.7940,37.6743,34.2186,39.0175,34.2753,26.8325,18.3366,11.0587,12.0119,33.2625,39.9060,42.5097,30.9986,23.4474
53604.8000,49204.0000,26341.8000,27326.7000,42242.8000,35154.4000,25140.4000,22253.1000,21690.1000,18480.6000,14666.4000,11447.4000,9553.6600,8761.0600,7197.2500,6668.4600,7123.1400,5656.1000,4476.2800,4161.0400,3729.5700,3117.1300,2567.0900,2219.0300,1760.9800,1665.9900,1424.8000,1061.3000,976.2310,788.8310,591.7160,436.3950,363.1070,268.3480,209.5090,280.9740,377.7530,483.0370,524.0010,484.1720,488.8120,590.2500,716.8150,813.4130,871.8470,831.6730,562.8250,278.5410,379.4320,596.0550,641.5710,580.8610,464.5890,344.0180,275.1760,316.8230,373.0830,369.7900,354.5270,338.0320,321.7140,307.9620,236.8730,152.2060,75.4262,37.1954,94.4834,180.3830,176.3930,154.9460,123.3630,136.7590,144.0070,90.2230,51.0821,30.4906,70.9562,88.7950,137.8040,141.4810,176.9170,113.8070,58.5462,36.1507,27.8980,57.0753,60.8736,57.7061,78.4188,101.1710,130.3180,150.4390,129.2530,95.4691,70.3564,58.6996,45.4514,41.4374,60.7619,66.4069,78.2910,91.6223,84.7885,100.2610,136.9200,164.8670,187.9920,205.6790,238.6640,236.8660,206.6740,236.7930,264.7890,287.3600,275.1230,270.1500,232.6890,144.3580,68.6591,36.5612,84.4904,126.7520,122.1120,134.4950,152.3390,143.9870,113.7370,105.7260,113.5870,58.0649,45.4399,89.7957,133.6980,190.5410,215.2410,178.0240,130.9010,70.9136,69.5523,110.2450,142.7750,149.5650,130.2270,102.3660,84.7696,91.3014,136.5220,198.7660,230.8840,208.3370,164.0030,114.1960,56.9279,68.2582,114.4050,153.6890,140.6910,104.1130,91.5230,111.1440,160.3360,174.4880,158.4050,140.6280,145.2670,161.7050,213.2330,257.3950,219.6160,179.0270,169.2160,150.1590,132.7560,116.5590,124.8520,134.4090,124.2260,98.0681,83.1205,84.1030,70.4593,67.1897,90.9219,131.2270,158.6360,125.9340,95.2513,77.2018,42.7413,12.8296,17.9880,30.8402,43.8484,75.5833,105.8190,135.9510,158.6980,171.7300,168.7370,156.4590,157.1740,127.6510,112.7910,131.8510,123.4560,120.8850,119.2970,126.8930,100.6810,49.5541,50.0960,85.2530,93.4442,79.2791,71.2650,75.6331,84.7530,89.7980,75.7992,72.4192,89.8732,115.0340,84.0892,81.6455,26.4688,11.4165,24.8849,14.2488,12.1956,5.8281,7.0635,9.7586,30.1841,53.8520,87.2241,119.0310,84.0095,49.4270,60.6399,69.9460,70.6488,44.9234,26.9312,28.3856,31.5141,45.1398,9.5226,43.1266,50.7099,59.8197,57.3467,42.0795,29.2687,21.3302,57.2629,79.0650,106.0740,94.0705,91.8922,96.3505,77.9750,66.1026,88.2322,107.1940,110.8460,44.8116,33.9920,28.1948,39.3516,57.5977,72.5006,54.8759,38.7933,26.0726,14.2430,4.8247,12.6502,20.1450,33.0231,30.5481,21.9674,27.6026,41.8983,44.3431,40.6063,25.8691,25.0793,32.4263,19.9209,13.2203,20.9450,13.2594,5.5070,9.0152,19.9699,42.4680,45.4469,39.0337,33.8731,34.1772
53063.3000,48852.5000,25995.7000,26434.8000,41105.7000,34339.8000,24604.3000,21805.0000,21258.5000,18278.5000,14543.2000,11307.7000,9403.2800,8668.8700,7076.9700,6518.8700,6986.7400,5509.3900,4387.2700,4154.6200,3722.2900,3131.2100,2596.0900,2268.6100,1829.9500,1785.3400,1578.8500,1229.7100,1181.7100,1043.6600,899.3320,830.0240,766.7060,677.9790,605.2420,674.4530,718.1520,667.6830,580.7790,572.1760,531.1460,486.1830,520.2950,623.9860,710.7690,604.6790,436.1350,344.1250,358.6730,389.9040,416.9350,438.1970,395.9950,292.0050,238.3730,243.1760,248.8610,276.1970,293.4780,291.4360,268.4770,248.1230,201.7190,152.1820,98.0940,77.2020,84.3070,139.8110,117.7470,100.9860,46.9696,43.6314,50.8354,78.2074,121.7140,151.5470,160.5760,141.9040,176.3780,165.3210,172.4010,112.8200,55.6848,52.5198,54.8505,61.8093,65.2964,58.1637,89.4796,119.0180,115.6540,113.4890,91.7646,80.1570,98.2116,100.2050,79.3501,55.5834,22.3935,23.7371,41.4802,57.0088,60.4643,68.2748,86.1464,126.2640,171.5040,194.2120,205.5600,210.4370,190.6160,187.3110,211.7880,251.9330,265.9240,250.2390,204.3140,112.8830,45.2449,46.0700,83.4464,90.3193,86.2407,94.3677,112.1880,107.8540,97.6239,88.1212,85.1431,40.4072,47.2598,101.0310,151.0140,193.9980,196.9460,166.7910,129.2960,64.1482,30.0319,95.9410,124.5930,136.0260,112.2940,90.2440,84.2633,85.4914,120.1280,183.7010,212.6630,189.5370,145.7320,107.1970,38.7089,64.9494,98.7248,122.4930,82.1451,47.8294,50.4100,81.5374,136.5440,153.7120,150.7350,146.1700,121.0090,141.9090,220.0510,277.6860,267.8180,234.4890,191.9070,167.5160,128.3640,109.2100,126.9150,133.2600,101.2330,79.9288,90.5378,104.3880,107.6960,110.6350,119.6820,136.0120,162.4430,144.7410,101.8910,68.7114,32.6736,14.6281,21.4391,28.6662,41.2783,68.7019,86.9011,111.6900,125.0860,133.9120,114.0730,84.3914,87.8796,76.0509,65.8638,71.5482,77.5950,87.0978,91.9091,103.4450,86.8058,38.9425,17.1783,32.7022,45.4013,46.6821,49.2365,50.6080,51.7698,55.3236,71.9609,77.3203,100.4490,111.1860,68.0926,59.6943,18.6444,17.4795,9.7032,15.6756,13.7221,20.0723,37.0344,33.0746,34.0437,64.5928,97.5774,112.9460,81.6735,62.6029,85.1778,111.4780,100.9840,74.1636,18.9218,42.7343,68.2999,75.0547,58.2122,51.6197,55.7355,50.2701,47.1280,27.1227,17.8400,33.3080,56.1757,81.4460,116.7270,139.4230,139.0010,112.1210,75.8012,63.4998,91.5965,110.3420,101.2210,65.1181,30.4486,32.0828,30.6240,24.5490,19.0818,25.3232,10.2855,11.5199,30.4913,24.6287,17.9730,14.7795,11.7199,27.9923,24.7953,26.0889,31.8166,36.6686,21.0464,13.2862,23.5218,15.3904,7.2669,13.9127,18.4077,14.0041,9.5036,10.0884,23.7233,39.8878,45.0882,43.2196,37.1456,18.1336
53724.1000,49073.8000,26063.1000,26656.2000,41384.4000,34777.4000,25097.2000,22082.7000,21512.2000,18587.8000,14753.1000,11513.4000,9684.0000,8853.7200,7204.7100,6682.9200,7105.3000,5633.6600,4519.8600,4233.6100,3796.5600,3226.3300,2679.8000,2340.2400,1899.9400,1844.2200,1632.2000,1265.5100,1209.7400,1088.1500,893.2100,856.5280,737.2360,642.1660,598.3760,629.9050,650.7560,628.3210,649.1670,704.7880,613.7990,471.7460,297.2280,237.1900,295.6580,374.9300,399.8260,344.0360,270.2650,254.6600,278.9090,309.6430,341.6110,273.1720,217.7890,182.8240,159.5850,174.7640,224.3260,275.9030,282.3510,264.9320,211.5800,155.8410,85.7551,54.8956,70.9918,146.8260,157.2950,175.6050,130.5390,132.5980,169.1540,180.8280,244.2820,168.7760,160.0640,112.5020,137.1370,125.6340,134.4220,94.3249,65.6373,65.7788,61.1650,49.3173,40.9813,46.7496,75.7438,96.2635,72.0104,49.7715,28.2478,52.4739,74.2297,86.0407,74.3356,60.4180,42.3292,31.7962,31.8479,59.4352,68.6334,72.7196,87.9891,125.1290,162.7660,170.8330,200.7800,228.4420,212.0960,216.3940,227.6610,265.3870,263.1570,236.0230,196.4460,115.5950,58.1569,46.8314,111.4130,114.8250,96.0614,106.2770,116.4830,120.5730,96.6869,99.5554,109.0890,61.4958,37.2974,77.7551,123.3500,176.0400,202.4320,180.6190,159.9850,97.0371,19.7536,61.7064,93.7414,99.0412,82.5396,66.8518,56.6123,76.4018,130.3260,195.0990,224.0040,201.6400,163.5280,120.0770,44.0827,35.0553,62.9437,92.3738,78.6865,69.6860,87.1882,131.5930,210.5610,225.4670,192.0880,176.1890,176.3070,200.8060,259.3070,314.4530,303.9820,260.0590,214.5890,192.1270,138.3530,101.1350,113.2340,131.4520,120.6170,101.9530,96.9455,113.1870,111.4740,95.9845,104.7520,126.8250,154.5680,117.8050,72.3619,45.5854,21.9302,5.6319,9.7094,15.0995,17.6176,21.9742,42.7570,87.2852,110.4500,146.2650,143.1220,134.2150,140.3820,124.9930,99.8704,88.9211,97.7994,100.9470,110.0670,130.9740,119.2600,74.3174,39.6136,29.8312,44.8087,52.3591,53.7684,52.2825,60.6078,78.7656,92.2259,97.9946,117.5200,121.9080,70.1375,61.9744,34.3994,26.4697,25.4325,28.9777,34.8720,50.8495,67.6103,61.6500,52.2026,65.5295,84.4161,99.1630,55.4868,49.6178,99.0377,92.2762,62.5119,22.4310,43.1430,80.8995,94.6223,110.9860,73.5292,51.4248,49.6950,45.9124,41.1751,23.7565,10.7881,41.4341,69.7259,95.3440,116.0010,127.4350,135.5330,115.8020,80.3917,61.8823,80.2690,95.3853,95.7665,40.0504,35.7226,34.8858,47.8873,57.9281,52.8063,36.3932,26.8925,12.6136,10.9670,28.3371,25.6096,23.0132,8.5968,26.8527,34.3338,38.1457,39.6110,41.1423,41.4011,51.1443,46.7817,25.6522,10.3201,27.6635,25.4042,17.1523,7.3067,18.8157,25.7332,43.2562,38.0266,35.3779,31.3252,22.9265
53799.8000,49352.3000,26389.3000,27265.0000,42222.5000,35275.7000,25211.2000,22178.6000,21641.8000,18479.5000,14665.8000,11466.4000,9630.8000,8834.4000,7270.8000,6750.3600,7161.6700,5697.2000,4571.4100,4273.8100,3844.9900,3231.4400,2691.0700,2328.4800,1866.0600,1802.9300,1602.0500,1253.2300,1177.4900,1016.4500,808.6290,762.8070,672.2510,563.4810,547.9530,605.4760,604.8330,572.1960,592.2270,649.2450,581.3580,433.8520,246.2250,199.6640,263.9600,304.5920,302.0650,241.5860,188.1640,206.0470,223.6710,258.7490,304.1710,275.2610,246.1960,209.6080,195.1590,207.6690,247.4950,290.8270,311.9060,290.2550,225.9900,157.8000,85.1479,47.0826,80.4997,158.0010,171.2330,185.9830,140.8780,133.7870,160.5890,166.5950,233.5510,167.6290,171.3980,119.1960,123.4530,121.4710,144.3560,108.3110,78.5770,71.7920,64.7409,42.4106,30.5500,38.2143,58.1833,60.7842,45.0219,26.2224,25.0006,70.2039,85.8053,94.3527,83.8726,74.7898,49.1501,34.5824,27.4545,44.6592,55.4989,65.2205,87.5044,127.0310,162.0230,165.7130,190.3660,203.4110,190.8950,186.8380,202.0200,245.4630,261.2470,242.3670,181.3570,97.8457,44.9612,33.4215,82.1006,110.0050,106.1320,108.4740,106.2290,101.4520,88.1019,96.6353,113.8970,61.3145,41.4754,94.7007,147.0330,194.4790,210.5970,181.0180,150.2860,87.9005,39.2939,68.8014,103.4590,108.6460,92.3895,84.5792,69.5873,71.9113,129.0150,195.8280,220.0410,197.4260,160.6640,119.7350,65.1727,43.1284,72.2929,108.8550,88.5781,80.4298,101.1910,149.3630,205.8650,223.6030,204.7410,184.9120,173.3380,198.0620,262.3470,307.0010,290.5350,237.3410,189.1420,172.0180,132.9790,94.6923,110.1130,144.0880,121.7770,87.7603,92.9095,113.1660,108.7820,107.9470,114.8240,132.1060,138.5850,93.3523,48.8321,20.6480,13.2509,21.9060,25.8712,25.3932,22.6360,30.9541,52.2656,82.7007,101.8410,122.3190,127.7100,116.8210,125.4300,110.5930,83.6746,76.9788,91.3424,89.1710,93.9953,123.9100,113.4980,60.4743,30.2275,45.1849,58.2462,57.7575,54.5157,55.7849,79.5525,98.7819,96.4439,99.2520,117.3030,136.0440,81.9301,70.6862,30.8503,24.0897,13.7224,12.0538,26.5404,50.5863,52.5460,41.4747,44.6617,65.5096,86.8069,91.1569,62.8517,55.8747,77.3438,74.7460,55.9990,28.8701,19.1084,49.8820,69.8192,91.7242,59.4298,54.2472,42.0442,41.4511,34.3201,32.4850,15.3206,28.1086,57.8908,83.0887,100.1800,119.6540,125.7850,98.5951,65.5403,53.3495,79.2654,99.3373,103.3090,49.7499,51.9520,36.9909,43.0403,49.6969,62.9518,51.4782,30.7191,23.9519,17.1981,10.3168,12.9723,8.7660,12.5262,28.3915,34.8772,34.6080,33.7174,36.9591,33.5264,21.6923,16.9284,12.1917,7.8792,3.4319,1.6795,8.8382,8.8121,16.4145,38.1171,42.9969,37.8748,34.8858,29.4365,24.7304
53187.3000,49042.4000,26094.1000,26523.0000,41272.0000,34442.9000,24593.8000,21738.2000,21184.5000,18180.3000,14483.5000,11336.8000,9453.3800,8721.2000,7106.5100,6540.3100,7042.1300,5571.9200,4438.9100,4186.6500,3752.9300,3175.4200,2657.6900,2363.7800,1917.7200,1871.2500,1656.5100,1308.1900,1270.4800,1096.1300,922.0610,847.9070,759.4250,705.1890,668.7650,738.0000,757.5670,699.7880,681.7630,644.5520,626.4030,547.0410,526.0190,597.5840,620.5790,490.2470,356.1940,378.5650,441.4060,444.0290,426.1960,424.5990,368.2690,257.9300,198.6770,212.3840,234.9040,259.8860,268.4310,265.4190,249.8010,233.4030,190.1680,140.6670,83.2646,50.8126,66.6896,129.3740,140.4700,146.2760,94.1233,90.4753,106.2260,126.5200,172.4120,136.0920,154.5160,123.3010,157.4300,159.8940,156.3850,107.5710,40.3923,53.6501,55.0625,66.8427,50.1877,64.9227,122.7260,136.0260,121.9930,104.6430,73.2407,50.9521,66.7531,88.4590,75.4685,64.9181,53.1410,40.3025,35.0891,48.6672,67.4470,72.4619,82.0495,115.5940,160.1190,189.1130,210.3730,210.6710,185.3650,195.0830,221.0660,251.7890,239.7150,221.7960,189.3140,107.8010,42.8182,40.2036,99.9641,110.9320,92.7562,105.3360,120.9770,112.6110,107.0030,109.5310,100.5650,52.9353,52.1892,95.3617,142.8560,203.5520,217.9680,175.6550,132.7670,60.2303,32.5249,103.0740,137.3060,156.7030,126.9770,118.6710,122.7400,122.8460,168.6370,237.1310,249.7840,220.7320,174.2870,143.7760,91.3579,75.5532,95.3927,118.0290,113.4720,96.4555,94.2362,115.5900,166.4660,185.0450,159.2730,142.0290,147.7000,192.8740,259.0690,296.0710,287.9730,249.8340,198.6520,174.4360,138.1690,121.4220,141.1950,151.6010,116.5470,98.4951,101.8570,102.2990,105.7990,112.9010,123.7090,150.2610,177.0230,139.3540,79.0026,42.8636,12.6591,9.9861,17.6544,21.6689,30.0572,45.1387,59.0910,80.9647,102.0680,124.0900,126.8970,102.8800,103.3780,88.9646,64.9313,76.6712,92.6881,108.6470,115.7860,126.8270,94.2781,49.3008,25.2926,23.2835,37.7421,44.2425,43.6371,48.6125,67.1394,81.4312,79.3708,88.5366,114.6190,134.1760,77.0554,67.8661,21.0662,26.0068,15.4465,7.7367,14.3883,33.4730,38.1427,38.4367,50.6613,74.6414,99.3121,113.4680,88.1700,76.4767,102.7730,113.9820,93.2988,61.0128,29.8454,66.9824,81.9424,77.2480,33.7289,53.9475,62.5483,75.6832,65.7548,49.1742,41.7808,32.2654,50.4146,74.3712,99.1791,122.0670,127.4220,95.0960,63.6879,61.4487,84.1181,98.1889,102.9400,71.0902,28.4848,23.3054,25.6355,36.4522,48.7249,39.4869,23.4224,7.6959,8.1379,11.7324,15.1649,15.2945,20.1550,13.4625,10.6132,23.9111,24.7896,21.0362,15.1509,27.8537,25.4137,18.3468,8.0134,16.7193,6.9294,9.7141,9.7286,6.4328,19.0627,34.9309,32.7599,29.1797,14.0585,9.6737
53729.7000,49125.3000,26126.5000,26634.5000,41336.2000,34800.8000,25254.7000,22280.0000,21685.7000,18644.2000,14799.2000,11469.7000,9621.8600,8831.3600,7137.8900,6642.2300,7136.2400,5607.0800,4508.3100,4261.9400,3768.0100,3219.1800,2649.9600,2315.0500,1855.3200,1803.8200,1585.6500,1226.3600,1181.4900,987.5010,807.6910,720.3590,681.6310,538.7650,482.3260,584.3660,569.6690,479.0340,451.6690,464.2110,543.4320,718.3010,867.3900,904.8700,791.9940,582.0110,369.1220,326.8910,456.2940,572.3570,605.5140,535.5660,459.4700,371.8180,331.5550,325.5110,340.6390,354.1660,317.5160,285.2890,294.8800,284.0720,216.5660,146.5960,70.2422,47.5605,90.8840,174.0840,161.4380,139.5190,78.4716,84.8150,105.2840,45.6534,83.9495,96.2882,113.0420,95.7945,151.2790,167.1190,207.3000,154.3380,72.7143,55.2364,34.9435,52.4947,44.0641,58.1690,84.0395,96.5636,109.0270,111.8910,93.4694,72.0574,64.2410,54.0721,42.4893,20.4291,17.5727,38.1979,48.0964,76.3441,49.6190,58.0238,111.0070,158.1940,183.0250,154.7570,174.5440,195.9870,175.3780,174.8550,202.5280,236.3450,242.5870,230.4480,202.0100,120.5130,73.2333,56.0353,130.8800,144.3390,121.1850,147.1730,183.8730,176.1240,153.6190,124.3780,113.8770,65.2932,79.1721,142.5850,165.9360,180.3320,177.7670,162.6140,129.1950,105.6100,70.7150,121.8910,168.9250,185.2310,171.9740,144.7990,99.8708,100.0770,153.0620,215.0820,256.5580,239.3640,198.2750,140.5480,83.8116,66.6376,103.2330,153.5630,141.4560,114.1210,104.0610,121.1520,144.1800,151.6880,149.6150,147.0990,163.1180,187.2130,231.0840,266.6630,257.8190,212.6550,172.2920,150.6020,135.3460,133.6800,161.1050,179.6340,126.6490,73.0074,77.2493,97.9532,92.2252,86.4067,107.6780,141.9980,155.3670,110.0440,82.2614,64.3159,51.9597,21.5746,30.8850,28.2832,42.6310,66.0306,105.8360,142.7510,158.8590,165.3090,159.8470,136.2370,127.6580,103.1620,87.3120,105.6370,122.4930,128.6820,127.0740,112.8480,63.7854,30.8327,44.7655,82.4367,109.4970,96.8990,92.1954,97.2381,112.0440,118.6820,115.2850,113.8760,123.8570,125.6410,63.0491,42.5214,5.2487,14.7824,29.2818,30.6284,30.1478,15.5241,17.5965,21.7656,14.0598,39.1927,71.2386,89.6707,66.6793,49.5485,61.9094,72.4492,80.1098,59.1932,34.2526,39.3166,29.8615,18.0551,10.0331,55.0158,79.4611,87.8164,83.6855,57.9923,42.8164,34.2966,37.0090,73.4204,112.4360,124.7480,137.3980,138.8570,112.2880,89.5740,113.9750,139.2500,129.8500,71.2872,25.2775,31.2285,61.9841,73.5242,58.4589,53.3541,45.7295,27.2680,5.7079,12.7207,6.6079,12.1524,23.6382,33.2197,44.8162,49.1036,50.8559,55.3088,54.4933,43.1233,15.9403,12.3839,24.6028,23.7053,28.1870,29.7556,27.7569,15.0619,36.3024,28.8077,36.2100,44.4210,47.2595,28.7454
53852.2000,49238.0000,26249.2000,27189.0000,42176.3000,35316.2000,25313.3000,22230.9000,21717.5000,18461.7000,14646.1000,11332.1000,9479.7400,8693.7300,7107.0400,6618.7200,7068.6600,5601.7400,4466.7200,4174.6800,3755.8600,3159.7400,2639.8000,2279.2100,1804.8000,1743.2000,1537.1400,1209.3200,1124.6900,876.4220,687.6680,549.1250,474.7090,333.7440,228.8440,266.6970,273.1470,254.3400,244.3340,348.5520,537.6520,730.1900,776.6750,784.0360,767.0020,690.6460,424.3560,199.8860,359.7610,543.6810,518.8670,468.3280,377.6160,304.5570,286.8670,348.8490,396.5220,366.7470,361.0450,356.6980,320.1670,310.5120,250.2810,166.1940,46.0212,25.3358,76.9442,180.7920,194.2510,174.7570,111.8070,121.8710,163.3020,83.8336,61.7463,56.8109,76.2957,98.0147,161.2320,155.9740,184.3060,98.1293,51.3162,21.6870,26.8680,33.5809,57.9218,52.5016,55.7371,69.6245,89.7756,119.1860,99.3826,76.9205,59.3204,37.2842,43.3650,64.6350,91.3587,84.7492,90.9990,100.8430,83.1625,88.6025,141.7790,182.6920,219.8560,209.0660,224.5660,258.9820,246.4490,247.2550,256.7030,285.7860,303.3480,295.8090,229.1060,117.2850,45.3435,69.2924,100.9270,97.4735,130.3350,180.2950,166.2070,138.8860,66.2494,89.1850,131.3670,77.3331,53.1239,119.9570,181.3610,213.5700,228.9510,193.5300,146.8600,92.5214,72.7382,87.4300,113.5720,128.0650,136.2530,150.8710,104.4330,70.5127,152.3810,252.9010,271.1720,240.1300,190.0820,130.5890,65.0939,80.2178,124.5120,151.7050,136.2710,106.2870,94.8927,112.8220,161.2950,184.9630,177.0330,165.8740,189.5780,207.8960,235.2860,244.1130,227.1430,205.2690,201.7610,190.4330,175.7980,145.5070,135.2990,130.7830,98.3913,88.1003,116.8190,118.8060,95.7957,71.0793,72.2339,102.6140,132.6920,114.6610,89.9502,76.9112,53.9379,29.9078,12.4308,34.6139,62.5836,105.6140,130.8760,156.0870,175.5560,186.3790,178.0430,146.8960,142.4210,133.2260,114.3490,130.8410,152.7960,155.3990,151.6790,143.4700,106.9180,64.2821,73.7525,106.7580,113.1820,106.3940,92.5009,88.3315,83.7314,92.9809,107.8900,86.0727,88.9713,76.0225,53.9393,57.1853,31.8673,17.8081,17.5945,27.3461,42.3783,63.2585,55.5419,44.3108,26.8372,19.9260,32.7201,46.8945,28.6574,18.8476,57.0463,66.2650,46.3271,16.1201,38.1204,65.2154,79.6865,86.7477,56.5776,17.2541,21.7603,31.5432,23.8968,28.9826,32.0079,63.9100,87.7752,113.3290,141.8710,159.0950,162.4240,144.2410,124.1940,126.0850,151.9370,163.9370,141.5200,80.9992,47.8948,66.4229,90.3532,104.4390,104.8690,98.6314,86.4533,80.5178,72.8396,69.0590,93.3658,111.9080,112.9040,108.3230,105.0530,98.7338,99.0016,76.7213,56.4636,48.7806,40.6002,59.7395,87.1512,99.8076,110.4560,105.7260,80.0365,61.2367,39.4782,39.3000,67.7708,91.3714,110.1430,119.2730
53222.9000,48969.9000,26019.3000,26700.4000,41546.1000,34675.9000,24871.0000,22024.8000,21471.8000,18212.8000,14473.3000,11183.4000,9295.1000,8603.7300,7072.9000,6564.6500,7054.3400,5584.9200,4460.4600,4191.1100,3750.5800,3152.9800,2624.8400,2304.0000,1864.7500,1823.8600,1594.6600,1233.8500,1173.6600,944.4260,750.0430,607.4750,548.1370,426.9270,336.1830,373.0780,379.5030,325.8940,269.4360,321.5130,480.6640,628.6900,631.0110,658.2130,691.1950,616.4790,491.8590,258.1480,248.0380,358.1040,411.3630,377.8530,301.5110,217.4050,202.7150,260.2050,283.8040,317.1390,321.6380,313.4070,295.9870,264.7160,199.0520,136.9370,76.6476,56.9116,126.3720,183.5160,157.7820,120.0320,93.2189,120.8670,128.7160,75.5306,38.0863,73.7386,121.8160,141.3290,185.0970,177.9650,189.9050,108.7220,40.1717,31.6309,38.9464,57.1321,60.7641,73.9670,107.0140,112.1350,114.7990,112.0440,90.2519,58.7386,44.7722,49.0177,72.1811,72.6525,94.6083,67.5659,57.1705,56.4178,55.4502,74.0719,108.5940,142.1080,169.4400,183.1570,205.9640,216.6590,192.5850,217.9400,270.3140,297.4720,289.9550,252.3180,215.5880,125.6180,52.9422,62.4002,121.2620,124.7880,130.7030,148.3080,152.7480,133.1110,98.3849,90.7155,97.8949,73.1607,64.2070,100.0520,141.5110,189.1190,210.3430,174.5810,126.4640,77.1322,62.9482,110.2560,140.9470,158.8040,143.8630,130.6110,101.9380,102.5120,157.0760,203.7420,224.6350,216.7980,172.3780,132.3320,71.1741,81.5842,126.9880,157.6600,141.9010,106.9360,92.5353,102.4400,137.6840,169.3230,166.5730,161.7060,139.5510,149.5980,210.1120,260.6490,249.3680,209.5320,166.0890,150.9420,131.0660,125.6590,154.2760,171.4200,127.0010,94.2340,106.1900,107.2620,89.5127,87.2797,115.3750,151.6230,178.2450,145.2280,111.7360,73.8716,23.8127,9.5506,15.4024,26.4076,42.9135,73.0169,105.1420,132.0330,151.1580,161.7210,156.5850,131.3900,140.0130,128.5660,99.6200,123.8760,142.7930,141.0030,125.2990,123.4080,90.5861,49.1121,48.8263,59.5916,72.1859,73.8643,61.0429,61.2993,68.0429,86.8534,86.7473,86.4396,102.5030,120.4390,74.7227,55.1359,8.2850,36.0641,33.3243,29.8186,16.3547,26.0320,35.2190,21.7361,13.5736,40.1704,77.3634,108.1150,90.8653,71.5817,67.6045,71.0308,69.8631,59.4413,35.2442,36.3948,26.3524,54.0176,30.8532,58.0698,50.4286,52.6365,39.7233,24.8005,12.0871,37.6864,58.0082,79.5266,96.2726,115.7150,132.5980,104.7650,69.0300,67.6618,97.8951,119.1230,107.0200,56.7757,28.8250,21.4114,29.8023,40.7887,53.8374,48.1282,34.3206,22.2880,13.3842,13.6164,28.3426,38.4881,37.1356,36.2889,33.4186,35.1455,32.9379,38.9552,40.1078,34.7380,14.8946,21.7761,36.9953,29.6842,17.3736,8.3633,9.9457,19.1974,39.3042,45.9333,42.9932,40.8732,40.8781,38.1889
53404.0000,48889.9000,25885.0000,26382.8000,41090.2000,34559.4000,25052.7000,22164.3000,21603.3000,18533.3000,14695.6000,11294.9000,9431.8800,8678.7000,7061.1400,6589.5500,7077.1700,5581.8800,4468.1100,4211.6700,3759.0500,3181.6400,2632.2200,2335.3800,1914.4500,1852.2000,1665.4700,1334.5600,1266.2200,1091.3800,888.4880,823.9340,706.3490,638.2110,581.5100,604.5880,593.5240,505.4600,454.6360,453.6630,423.0270,391.1770,340.2660,340.0890,362.7000,384.9290,446.5090,415.7670,323.8130,259.2100,248.0800,308.6900,338.2410,283.3750,240.9100,204.0110,216.2240,223.5970,243.1850,284.8120,304.0340,284.9680,222.9340,155.4010,82.3341,49.0071,39.9544,116.7840,133.0400,152.9700,93.2220,50.9411,73.8781,74.5109,155.1900,145.2970,183.8790,141.9530,160.4990,159.1970,179.9180,135.4510,73.3130,55.8891,29.4965,28.0815,32.6005,36.8827,48.2246,61.2092,74.6520,85.7309,89.3757,73.0146,54.8275,48.1321,54.2681,53.3329,47.8148,67.8468,95.8540,107.2370,107.9770,109.7750,122.6910,163.9960,202.9090,216.8680,242.2780,253.3180,220.0790,206.0780,218.0380,256.9970,256.2160,230.1040,195.3630,120.8310,72.9407,33.0663,82.0052,78.5135,85.1016,116.1150,123.5310,116.3720,107.4340,114.5600,104.2240,46.9009,32.4063,74.1329,115.1540,153.9660,162.3900,143.9330,118.2500,64.4936,25.3067,80.6290,107.7740,126.1670,115.1310,94.0144,78.3070,100.4480,161.2620,217.6410,222.7840,193.0770,154.6110,116.8240,54.4520,35.4438,65.6217,99.2110,71.6318,58.4901,76.9871,124.3830,180.3250,206.2750,195.4650,190.3280,182.8910,219.0750,266.2170,283.7190,292.4490,264.3950,209.2680,186.5410,154.3840,124.9070,122.8190,141.3120,131.3100,101.2230,92.1657,98.5696,106.8760,128.3790,134.2140,148.2100,148.5790,112.4930,64.2945,49.2390,28.2405,33.7010,29.9926,26.6967,31.5956,47.3370,84.2339,120.1820,134.0880,156.4320,163.3610,145.0850,133.0050,108.7000,76.4065,86.7147,100.0370,114.1230,111.2950,127.3440,106.4610,48.1551,32.2536,67.0388,83.9594,81.6492,81.1160,75.6029,101.9200,126.6460,116.4010,111.1930,120.1770,125.2900,69.2593,49.3947,27.5544,26.3498,29.9633,30.0877,39.9825,49.8908,43.4664,49.7569,67.3300,84.9933,97.5284,105.2480,78.8515,46.0959,63.9710,79.4102,60.9695,35.1697,42.6269,70.5584,79.8284,83.2554,50.2770,30.0543,31.1427,40.3258,37.6137,22.1690,20.9380,46.1854,76.8391,104.0270,130.3950,137.9150,124.0830,95.4989,71.8181,79.6882,99.5007,113.1480,111.5530,61.7685,36.2647,23.9216,32.9023,39.4315,45.8071,43.1949,34.5312,25.6214,15.6392,11.3363,17.7776,27.7999,26.1318,32.7028,35.0709,41.2278,47.8607,47.4760,44.8323,40.0427,50.6580,40.2863,26.2060,5.8431,12.3906,13.5898,12.6395,19.8397,17.5203,30.0108,27.3916,27.5569,26.7904,22.6787
53700.2000,49027.6000,26082.6000,26999.6000,41868.2000,35028.4000,25108.1000,22048.0000,21488.4000,18425.9000,14594.6000,11393.4000,9605.3400,8800.5000,7187.7300,6652.2600,7048.9800,5583.6300,4465.7800,4182.1600,3764.2500,3183.1000,2644.1400,2252.3300,1796.2300,1747.1400,1517.2000,1124.5000,1035.0600,878.2420,656.8320,576.4970,480.2280,331.5130,278.4870,250.8560,223.6600,336.1680,501.0890,628.5270,652.6530,514.2510,289.8540,313.4740,264.2060,465.1830,355.8450,211.0490,71.3313,116.1640,59.9147,65.2996,159.1940,288.6840,356.4030,353.1990,331.1200,232.6370,185.6020,205.4970,229.8080,223.3860,160.2190,94.3170,32.3355,37.6250,138.7860,228.8330,235.0210,226.7670,196.4970,214.4410,235.3700,180.8580,146.6430,96.8128,72.9151,99.1327,138.4780,148.7250,192.2870,169.9620,114.9190,86.3982,55.9289,23.8967,17.9110,24.8973,57.4750,75.1593,82.5670,96.5633,92.3297,71.6606,60.7901,54.9792,51.4140,46.4171,55.0034,32.7174,34.4394,36.4201,56.9027,78.4812,105.4270,138.7840,173.1840,191.4170,188.7830,170.5790,143.3530,159.8650,217.8580,245.1700,255.8510,234.2150,190.9100,117.0320,44.6578,38.7629,107.1360,140.1690,132.0550,149.3210,152.6140,131.1390,117.1410,127.3500,116.8600,59.4470,65.4037,110.7900,152.2160,197.8440,235.5220,211.1740,153.3090,92.6136,95.8489,143.8980,170.6490,170.5580,144.9130,101.4150,74.4341,94.7312,161.5260,219.8000,229.3900,219.4410,191.1950,156.2280,89.9529,68.8470,95.3986,110.9710,100.2900,89.4888,97.0236,121.8450,180.4320,216.4240,194.2930,161.8920,132.7570,158.7600,215.9900,256.6010,241.4620,214.8680,188.6110,143.9510,114.3300,110.7780,118.9930,119.5990,95.1833,68.0446,78.2204,101.5090,91.5642,90.9142,101.5420,127.5080,139.6910,110.7970,88.8615,64.7057,11.3795,23.3798,44.4405,61.2415,74.1331,74.2237,92.4831,145.9060,178.5530,201.5110,202.9330,183.9770,172.6010,147.0060,135.5060,168.1520,182.8830,187.8300,169.4400,166.5800,147.9250,104.3550,75.8408,84.9937,92.8665,92.3771,88.0283,95.5161,94.7954,83.2354,89.8663,100.0980,90.1076,100.5890,50.6038,53.3824,31.9732,25.1473,20.5025,16.9736,23.6276,25.6591,14.2953,13.6026,42.8115,67.8898,102.2490,126.9320,91.2448,57.4635,51.3048,65.5663,75.5246,57.3619,38.2989,65.4247,65.8654,74.0784,48.8223,14.2804,25.4483,41.5554,60.4000,66.1806,51.0566,41.3142,51.3162,59.1526,79.5639,96.6613,115.1550,98.9979,74.0263,54.6984,69.2233,92.6741,113.5180,84.9673,69.6534,52.9548,37.3044,36.4363,38.2416,34.5778,26.0943,15.7512,12.2698,10.4439,18.6160,31.4220,52.5245,64.7016,54.5700,44.7371,42.2790,48.1568,56.2349,56.0224,44.7746,28.1604,20.4109,24.5995,28.8958,25.0401,18.1246,13.5043,10.5428,12.6256,26.7698,38.5718,25.6686,13.3014
53118.7000,48930.9000,25960.8000,26612.5000,41485.3000,34468.5000,24307.3000,21371.9000,20842.9000,17933.9000,14239.7000,11278.9000,9499.8100,8736.1300,7165.6900,6559.0000,6942.8700,5463.0000,4343.4800,4117.0200,3689.1100,3111.0100,2561.5700,2164.2300,1695.7100,1653.2800,1437.9600,1019.5000,877.7900,683.1960,480.2690,389.0250,251.3760,103.8180,82.2914,149.8910,312.5450,580.1470,810.8840,867.2860,800.2140,661.6050,327.5180,220.1280,423.0700,635.9200,478.4530,245.4720,288.3170,429.7730,400.1030,314.2370,197.4730,75.4773,194.3580,277.7130,309.0820,233.2430,199.7360,251.2040,294.6840,280.1110,218.6470,161.9440,98.9563,85.7117,94.2082,152.8130,134.5350,123.9720,117.8740,149.9720,186.5060,139.1310,127.7670,64.3163,48.0745,53.6161,111.6840,119.7770,155.5700,124.8930,93.3891,80.0111,67.1114,33.8254,33.0663,55.8183,35.8554,20.4646,56.9690,102.4280,101.1340,96.8229,97.9352,99.2598,88.8059,66.8038,45.5384,30.8618,44.9242,68.4710,79.3470,92.8750,128.7590,182.0670,224.1090,232.9530,232.3000,194.3840,161.9900,176.0610,216.4990,243.8300,234.2560,236.7690,211.6420,124.6910,50.5810,26.4259,78.6946,93.4777,109.1910,136.8660,134.0110,110.0500,97.4174,104.1730,95.5071,33.8646,57.5247,106.5900,137.0580,198.1070,232.3220,191.5270,150.5690,97.2115,93.6309,149.7700,178.1940,172.8480,122.7800,90.7913,87.9240,120.6100,163.5530,203.6100,237.0990,225.9340,188.5630,141.7950,77.5370,71.2539,117.4180,148.4240,101.6630,77.1831,66.4603,83.0003,128.1400,167.5390,156.9790,142.2960,110.0140,127.1570,185.9780,233.2230,230.9090,196.1640,162.5400,144.7370,116.3120,83.7413,81.8701,98.5465,78.8544,35.6553,46.0191,90.4660,101.5530,102.6580,106.5960,120.0110,141.6100,122.4460,77.3111,53.2583,11.0328,38.5875,60.6188,76.3239,82.7196,102.2340,125.7720,159.7540,195.7270,214.0290,206.7780,177.6520,181.9400,161.2240,138.8800,161.4920,171.2480,172.4140,167.3390,157.5500,111.4960,83.7060,71.6613,74.4227,103.3500,101.6500,85.0095,82.3007,80.1701,76.6237,86.6268,105.4180,92.9546,112.3260,61.4198,62.0201,24.3856,12.8613,29.4516,33.7503,43.3250,27.1997,18.3689,25.9360,68.6021,80.8951,108.2240,121.9940,87.6226,59.1159,75.0423,88.3528,98.1275,82.7068,42.6181,73.6488,58.7532,69.8589,37.9092,11.4761,15.4433,27.9915,39.3551,34.2509,18.0881,30.2119,49.0029,72.7985,99.9316,114.7930,122.1270,110.0720,84.7262,64.6199,76.6559,97.6787,103.7750,79.9119,51.1680,40.1104,19.2159,20.3605,23.1288,28.7940,24.9628,33.0366,25.5870,19.9993,12.8016,28.6278,53.0427,70.3256,61.5639,50.6558,45.3372,46.1399,56.3666,65.7220,54.2817,39.5965,26.5562,15.1000,5.6820,14.5101,14.8267,10.8042,11.6771,30.5252,32.9994,30.7159,21.3330,28.7727
53076.3000,48730.4000,25798.7000,26101.1000,40730.9000,34085.0000,24284.3000,21349.9000,20796.1000,18039.4000,14301.0000,11294.0000,9580.1400,8802.2100,7137.4700,6538.7600,6916.0000,5409.3000,4324.5700,4127.1100,3685.5700,3173.9400,2624.4100,2281.1900,1835.3500,1776.0700,1572.5400,1190.5600,1074.4800,938.5740,787.4720,719.9170,634.6250,542.1650,541.7650,561.7990,576.5540,657.4810,886.6720,1056.6400,1032.7800,883.0230,839.8050,733.0250,630.1060,496.4060,446.0630,480.3920,459.6540,441.9530,433.6480,381.0240,295.6010,300.7960,290.5340,266.1790,275.3780,262.3640,247.7170,224.0940,203.2950,182.7630,145.4180,97.2818,45.1692,58.1745,120.0660,204.7620,191.2920,177.8080,152.4360,157.3670,161.0760,112.6430,146.7910,111.8240,143.5640,135.8720,149.6890,140.2800,120.7310,79.3121,24.7807,41.9774,47.2754,61.8518,43.0549,28.2706,42.7351,43.2039,45.3531,47.3863,40.4311,46.3855,45.6126,52.2568,71.4211,77.7045,91.7689,76.7261,53.7262,56.3745,74.3071,94.5431,113.1120,139.4910,168.0110,184.7780,182.4700,167.0820,133.9090,144.3010,213.6290,247.5520,268.0420,238.6760,191.9150,112.9090,60.1017,41.3948,97.5693,120.6400,139.7240,161.4410,164.0930,145.2370,135.5620,139.0650,135.1050,93.4558,73.6387,109.2550,173.6110,234.8500,241.0630,204.5730,160.3270,113.6160,81.7624,133.9740,162.3970,149.0470,107.4310,100.2360,104.6670,120.9640,167.3050,214.7530,230.2080,211.7630,181.9780,145.6310,74.1220,42.5334,75.1998,106.5390,71.7949,47.4365,47.5407,57.4172,95.4202,145.7670,158.6960,164.8070,139.9800,154.3620,197.4570,221.3630,211.0830,190.8590,165.4910,151.5190,112.6800,73.1028,80.8742,104.2940,96.2704,77.0568,68.4827,77.4052,91.7952,90.7696,92.5470,103.6500,133.1060,98.3513,76.0420,57.1072,27.6626,22.2675,30.1925,57.6085,60.7784,63.0178,84.2820,135.2470,172.9460,216.6630,210.8140,164.7490,145.9110,135.4510,138.6070,148.3590,154.1120,167.8030,171.8110,160.5080,115.9230,73.2217,64.6595,88.8593,105.0330,92.1820,79.0714,75.1526,96.7993,104.6890,110.0820,126.6530,127.2570,142.7250,77.6007,52.6606,13.1431,6.8346,20.0237,31.1806,42.3764,57.1595,67.6413,70.1956,84.5699,102.0960,122.8990,113.1100,57.7832,45.2631,82.9289,97.9112,84.2345,55.5973,18.7421,54.0440,77.1354,82.2783,62.7584,34.6262,42.7780,32.9120,38.1199,24.8534,20.0492,27.1302,48.4269,68.5231,96.3475,122.7010,123.6700,97.2919,68.1216,54.3075,72.6021,90.7769,100.4040,70.0075,44.7594,37.7166,31.7533,29.1020,24.4440,30.1073,26.2546,25.5514,9.7109,4.5261,18.5486,24.1184,34.2213,33.4014,32.4211,26.3174,16.9377,22.6641,34.6857,40.5882,20.6769,13.1986,16.0262,12.1252,19.0127,9.9029,11.5868,23.3536,31.9492,41.0903,43.8394,38.4185,30.1178,22.5163
53663.8000,49004.8000,26022.2000,26865.0000,41712.5000,34936.0000,25046.1000,21984.9000,21435.6000,18445.2000,14604.7000,11386.6000,9594.5600,8777.3100,7151.9100,6600.4100,6961.5700,5500.7300,4430.2000,4156.0500,3712.0900,3119.3200,2587.0100,2207.0400,1738.1900,1688.5800,1463.5700,1077.2600,974.8040,782.3640,606.7740,492.4390,399.2260,258.9350,152.9060,188.8230,255.0790,420.4790,496.5190,444.6760,412.0450,400.5850,332.9460,103.6220,264.4560,421.9050,526.2120,482.0730,439.1090,458.1090,465.9400,410.0200,329.4210,224.5500,186.1560,244.2160,301.0260,309.0520,334.3240,367.4400,363.2870,320.0020,265.7680,207.6220,130.8780,105.0350,95.9172,131.7960,90.9034,69.6087,33.5867,31.0514,46.8560,35.2283,63.3328,53.8176,68.3800,58.2926,102.0080,102.3850,160.2470,120.1490,94.5057,81.9178,59.4748,26.2995,21.9996,33.2125,73.6819,65.5600,66.3824,66.0210,48.8485,37.1381,29.3502,32.7205,48.2675,42.1935,38.6474,37.6731,47.0502,84.8420,84.8982,85.7030,107.5130,154.3890,202.0630,211.4150,230.2790,228.9880,181.5460,194.8710,248.7300,272.9560,258.1760,243.2840,216.4540,119.1680,72.0043,51.3181,106.4380,125.9840,120.2080,133.3070,145.8580,127.5120,97.4625,83.2355,84.5077,46.9133,61.7962,111.7370,159.3150,226.6350,255.5740,207.0100,143.8790,81.2532,70.1841,139.8180,169.8180,180.1870,143.8240,128.8360,130.3230,143.3430,184.2910,240.4150,271.9550,247.6220,197.4180,148.1910,103.5460,138.0970,193.7430,218.8850,160.9020,107.1650,104.9370,109.6410,146.9500,173.6710,148.5850,137.1150,95.2910,106.9210,169.2300,212.8990,223.0590,218.3070,195.7020,189.7810,161.1700,136.1090,130.2660,135.1970,119.6310,88.1513,73.3524,73.7527,75.9215,83.4295,98.0488,121.5050,148.5060,127.2610,78.2203,48.0873,46.4381,62.3238,73.6912,74.9473,67.7261,83.7724,119.2200,152.9030,180.4630,208.0660,217.3980,187.7430,166.6980,150.9440,142.2650,153.3010,147.4740,153.1960,153.9510,165.0700,141.5860,91.8489,96.9229,122.6780,120.0610,125.8670,119.2940,111.6000,104.8460,112.5660,116.1350,107.1360,88.1958,96.0379,41.2858,65.7823,24.1036,10.9245,20.9323,26.3423,35.5293,57.7920,68.7281,47.9704,42.8708,55.8368,74.2589,82.1035,70.5283,58.1764,66.9172,70.0042,72.8789,63.0476,31.1918,47.7798,41.3671,52.9709,21.0923,40.0384,38.0405,47.0781,54.5271,57.2885,22.1456,35.1799,49.1707,80.5292,116.5890,141.6190,134.4430,120.5810,96.8395,84.6508,93.3133,100.7270,89.3004,45.1689,16.5530,28.3398,42.9718,58.1194,58.6530,40.3359,23.4673,24.0471,28.7003,37.6603,24.8835,11.6927,24.2438,50.2446,51.5802,53.2335,61.0925,67.2500,65.1508,57.3431,49.0866,43.0016,45.9150,35.0227,16.4445,13.4791,10.7111,13.5238,41.7441,59.6255,65.0328,62.5760,53.7004,34.0565
53385.5000,49128.2000,26262.8000,27158.6000,42068.7000,35040.1000,25052.7000,22153.8000,21579.4000,18396.3000,14602.4000,11412.8000,9496.9400,8685.2800,7149.3300,6649.9900,7108.2200,5624.7600,4488.1800,4223.9200,3758.4500,3187.6300,2608.8800,2306.3100,1861.1400,1753.6100,1527.8400,1185.2000,1095.0900,860.2760,633.6230,489.0670,388.7340,241.6760,119.2600,163.2990,243.5720,498.4920,677.7310,683.4840,676.3760,597.2040,551.2650,475.8810,374.7780,368.6750,285.3100,295.1670,326.8320,367.8380,390.2730,418.9560,411.3640,359.7460,370.4660,361.9130,352.3970,288.2780,253.8130,284.8210,328.6740,345.4700,281.6390,213.3080,138.5690,76.8726,55.1758,146.4900,164.7510,160.8440,143.7010,143.8020,118.9590,50.6111,71.9742,90.1045,136.1260,173.1870,228.4100,222.2910,225.9880,170.3900,89.6489,63.9452,48.4165,30.3101,29.2591,40.7442,82.3852,83.1558,103.5690,118.1900,100.1030,96.8673,77.8622,63.4062,76.4554,58.4160,34.2456,13.6836,61.9509,119.9640,140.6580,153.0900,149.6960,189.6290,209.6930,180.9860,200.5140,207.5960,178.5570,177.0450,225.4110,258.3030,263.8620,251.0070,210.9340,105.3920,57.3187,76.3453,132.9040,156.3940,168.5010,164.6570,167.3150,160.8030,148.3070,124.3590,121.1260,99.9537,106.3140,164.0660,216.6440,263.7970,273.9590,243.0610,206.9480,129.9810,81.5488,92.6344,110.6790,104.8450,77.5268,73.0851,91.7307,123.9140,171.2170,227.8160,254.4970,236.1150,191.2940,166.0540,123.6750,126.8340,172.2030,187.9220,140.3710,110.4140,99.8382,107.5970,132.8450,161.2370,147.4220,123.8740,112.4410,153.3170,217.2400,260.9950,253.7810,221.3620,179.9940,161.4470,124.4370,98.0021,92.3306,89.2576,68.2190,33.8696,14.6180,36.1822,64.4559,91.1044,103.8500,130.2750,142.6780,122.8640,95.8659,81.7064,52.7138,40.0888,40.2047,51.6780,81.9889,94.5026,98.8005,121.0950,144.4930,164.3710,176.0450,159.6620,129.2960,112.7940,120.0870,142.4490,148.7630,158.3580,153.2530,159.4180,133.2790,82.4828,72.3100,90.3877,101.5970,109.3350,98.3944,95.0390,86.8694,102.9810,126.3240,130.9630,113.0260,136.7670,82.5709,79.7560,55.2093,57.4678,49.2337,39.2658,29.1260,31.0147,25.8821,22.1573,21.3414,32.0265,51.6857,69.3371,68.4102,51.9818,46.4560,60.1756,76.0771,75.0373,42.0164,55.3100,40.8729,48.6055,21.3314,62.9680,60.2818,67.8728,60.3927,50.5740,18.8427,29.3422,43.0126,71.2419,103.5080,125.7190,134.5630,125.0530,93.5276,67.8980,78.7204,99.7308,109.6740,68.7275,20.2149,23.5119,56.7628,61.9212,44.9754,33.5825,27.9091,19.3816,5.5291,8.0202,18.8167,16.5268,28.8594,26.5524,22.0508,22.7348,31.3182,39.0651,42.9570,44.5533,40.1782,26.6425,28.2370,33.3231,31.6991,27.8495,33.0750,33.3902,15.4972,16.4888,18.2183,24.2395,28.3641,11.8840
53155.6000,48878.2000,25991.6000,26453.8000,41160.5000,34564.2000,24996.6000,22133.3000,21594.5000,18427.6000,14661.3000,11203.9000,9245.9700,8538.1200,6948.0200,6473.8000,7009.8500,5506.1600,4364.8100,4144.2700,3722.3400,3252.2200,2742.6700,2503.6300,2079.3500,2052.4800,1874.8500,1522.2000,1439.7100,1200.3300,1000.5000,914.3840,811.5810,744.0900,766.6930,870.2110,980.5760,1173.6600,1400.8300,1437.1400,1289.4900,1121.4700,882.0590,791.1880,636.3670,418.7270,342.0690,151.5510,113.4820,56.5521,83.8726,91.2594,63.7128,54.6528,65.2691,138.7640,190.4080,248.4630,285.8300,305.9790,322.2420,320.4000,281.4260,246.8310,166.4320,100.3170,146.8200,205.3690,200.9930,189.5660,138.0690,166.2460,241.9520,184.1540,170.4210,94.5070,114.1480,126.6650,175.5510,183.6770,216.3020,156.0500,82.4921,59.1215,46.8748,45.8964,47.5915,45.5776,25.8962,17.5024,29.6099,45.2378,56.4637,78.3818,48.9951,51.4029,20.1030,11.1536,16.3563,31.8262,58.4953,86.0177,104.3850,136.6050,182.3550,221.9640,240.1920,227.1110,251.1660,263.6680,238.1860,247.0210,260.1910,306.3500,316.4660,293.9030,232.0220,149.2620,79.4896,37.3563,57.5995,98.2687,99.9057,110.3460,128.3420,121.1660,108.5300,119.1150,145.5190,123.5310,83.2017,100.3720,158.4020,212.9670,219.6370,195.6150,166.7090,109.6380,41.8184,61.3597,114.0500,146.7780,149.8070,147.3020,135.6000,136.4130,164.6830,210.9970,265.0150,259.6060,211.3340,158.0430,102.6070,94.3537,111.7490,125.7960,98.6986,71.1389,74.9656,93.7871,136.5180,158.7510,159.4580,152.8700,137.0140,142.2530,206.5820,249.8070,238.7300,218.3900,182.8680,174.0530,147.6740,132.2000,110.4960,92.4698,57.1595,36.4247,35.5746,79.8399,81.5336,85.4262,96.3310,109.1980,119.1510,90.9393,77.3146,72.8086,35.3667,14.9022,6.9241,25.1188,52.5816,68.4490,77.8866,114.4690,150.6110,187.5330,183.0510,152.9350,130.5160,117.0390,123.3970,136.2810,140.8330,153.6320,150.0110,154.4800,150.7850,113.0410,79.6297,88.3389,96.1129,84.4921,85.3405,99.3689,120.8970,130.6030,117.8690,112.6600,114.5770,133.1500,72.8345,83.0631,35.1264,25.7288,8.0348,8.2838,25.3643,39.3414,35.2390,28.1101,30.3228,40.0988,64.6412,76.2993,49.5125,24.0202,40.0459,60.6079,61.9570,50.7255,21.6229,45.2787,35.2494,51.4786,24.2776,64.4926,67.3446,70.2108,66.6457,54.0912,27.6973,17.5213,45.3446,74.5473,97.8544,137.0780,171.2430,140.2790,100.9920,74.4903,94.7580,110.7840,112.9310,80.7340,41.7153,26.5154,24.7796,34.3618,43.9582,35.1969,22.7666,8.8801,8.8815,9.4186,2.5961,5.7858,14.7040,38.9172,54.0674,57.2334,55.5775,41.8220,39.8726,49.1683,50.5414,48.1519,51.2231,56.8800,58.7633,52.1946,36.1435,35.5169,34.8783,45.8526,35.6301,23.2123,23.5810,30.2172
53917.1000,49229.0000,26273.5000,27037.4000,41878.5000,35296.2000,25647.8000,22600.8000,22060.1000,18794.5000,14918.2000,11421.7000,9499.4300,8700.3500,7110.5800,6676.5200,7155.1500,5682.5300,4544.5500,4228.5500,3797.3000,3305.6300,2798.8700,2559.3900,2109.4800,2036.9400,1832.6600,1498.3700,1405.8100,1129.0000,934.5880,835.6950,717.1660,630.6820,603.6780,658.3950,695.3390,793.4360,975.9330,1084.6200,1015.0000,903.6100,759.8870,743.6990,710.7950,511.6580,377.6310,202.8130,140.4890,148.3840,126.2860,117.7980,110.4960,98.6284,43.1193,114.1430,177.9730,208.1050,248.4400,318.0960,360.2100,368.7680,325.8590,277.8090,181.2030,90.0684,117.3810,180.8810,203.0880,212.0160,172.7950,161.7570,201.4680,187.7630,115.4730,62.1483,58.5909,109.2740,162.4740,190.8640,217.7890,146.6130,98.6982,74.1940,59.3083,37.9116,38.4276,45.8528,25.4779,30.9803,65.7422,82.8734,89.4885,96.8669,69.4454,39.3683,33.6154,25.9229,26.1143,32.8073,40.3540,47.7783,62.4425,104.3770,152.2660,188.6590,218.4590,202.9460,209.4230,221.1460,200.7320,221.1250,249.6200,293.7110,304.7030,294.6130,233.0450,134.8990,54.7194,27.1958,53.7271,81.4052,94.1316,115.0030,118.4590,112.9610,91.6107,94.2299,105.6570,85.9030,72.7534,113.7340,176.7170,221.6920,224.2460,198.5120,166.8630,103.9040,55.6101,53.0971,77.4890,102.4010,125.6300,137.3020,142.0640,149.8000,181.6190,230.2520,260.0160,245.2320,200.5880,165.8160,110.5360,91.6302,113.7200,134.2020,123.1250,97.9728,92.1481,107.5420,164.4990,205.9730,190.4330,171.6590,160.4300,165.5280,209.4890,258.1950,275.0000,237.7820,190.3970,182.2320,169.0810,135.9660,99.8218,105.0040,74.0859,34.5962,9.7419,25.8365,52.4172,88.2762,96.9750,116.5100,130.9090,101.5620,91.4462,84.6351,63.4063,30.2974,14.9163,33.3956,52.6743,69.9955,75.0539,91.6012,131.1900,177.2410,181.5650,144.7030,134.1950,115.0930,115.0890,146.3450,147.7470,152.0740,136.4670,154.7090,149.3120,95.7603,73.3407,89.8880,92.9343,83.4926,77.5440,86.2800,101.3840,115.9840,118.1400,117.0810,111.6610,124.5380,75.6505,59.1729,31.9297,21.6252,17.3289,12.3933,22.1085,35.2772,37.3070,34.4316,8.4217,31.3880,60.3113,78.3891,62.5729,49.6266,54.8751,58.1530,57.4022,48.3580,21.3813,42.5422,48.0131,77.8243,42.7587,61.5197,47.7294,48.9269,46.4894,52.6274,40.2596,38.8502,46.7141,68.2995,92.4490,120.2120,132.3800,111.0360,78.3110,55.3240,73.6446,89.1466,89.5052,45.3196,22.7350,42.6448,54.0644,41.7460,55.4423,71.0372,64.2538,50.7144,21.2193,15.6042,16.8018,23.6487,36.1410,54.5994,43.9546,38.7353,50.1555,62.1851,63.7998,40.5588,31.9633,35.3491,35.2942,29.0086,27.3624,32.0122,38.4749,42.1305,29.9001,40.8097,33.0331,28.2113,21.7853,15.7805
53677.0000,49322.8000,26402.2000,27269.9000,42221.1000,35240.7000,25221.5000,22303.8000,21784.6000,18541.8000,14736.6000,11430.7000,9480.0200,8692.3700,7167.9600,6653.1700,7104.9800,5659.3000,4507.6900,4187.0100,3745.7200,3191.0300,2660.8300,2376.7500,1915.5900,1819.1000,1592.4700,1247.0300,1160.7100,926.0670,721.4440,589.4380,499.0420,374.3470,269.5060,288.4700,310.7470,260.1370,236.0500,138.7380,100.7760,210.1210,289.8500,276.0380,336.3260,234.8670,380.6770,458.6300,448.8730,455.0440,428.8690,468.3350,467.2760,414.5910,393.2690,420.0550,399.0160,321.1580,248.3730,251.9630,281.1340,284.2760,230.8390,166.7810,93.3574,40.9622,96.8201,192.7930,203.6180,185.1700,188.7590,209.1130,198.6140,90.4272,131.7900,129.6500,199.1150,215.9690,262.6640,255.5560,243.6360,180.7260,102.7670,73.0081,83.3496,74.3623,64.2770,62.0450,68.0094,46.0117,35.9097,38.3525,46.1482,75.6876,74.7263,41.6310,34.7585,54.3018,53.2078,30.2932,29.9623,81.4978,107.2830,130.3490,153.4090,203.3870,224.5490,217.9290,220.7600,195.5850,167.5700,176.4400,220.5550,261.5910,270.2670,241.3930,188.1120,109.3190,45.2390,37.8098,111.9850,163.3350,148.6460,134.7650,155.8360,155.6470,156.8940,166.6120,166.2370,118.8540,113.2120,167.2230,215.8670,283.3730,303.3540,261.2900,214.9280,139.4150,84.5851,99.4184,154.6260,167.6470,146.1770,119.9730,80.8052,96.8714,162.6350,218.6220,270.7510,273.3290,232.3480,190.7520,134.3810,126.3820,166.3720,189.7020,145.1150,113.0050,101.6610,119.6380,149.9220,158.0880,127.1390,102.0600,72.3805,99.0401,153.4430,203.5960,211.0320,189.5670,163.9330,158.9380,132.8840,106.4180,125.9080,159.5600,138.7370,103.1420,67.8799,20.0766,14.1075,35.3659,59.9322,97.2061,131.2960,108.8480,90.7065,57.2527,17.7947,23.5534,39.2887,34.3220,54.3517,97.1667,109.3440,134.0090,158.2450,191.9700,184.2720,148.4200,149.2330,125.6170,110.3350,132.6920,150.1510,167.3090,170.4470,172.6530,127.3100,87.0417,73.9071,66.0188,92.7861,110.0750,95.5655,97.6243,109.9560,126.3210,118.2990,116.7400,92.9640,104.8200,56.5814,68.2171,52.4105,43.8468,39.9823,38.6869,42.8712,59.1775,56.7119,52.3126,34.7903,25.6925,46.9030,70.0113,52.0944,32.2739,53.7718,69.5138,77.3794,64.6649,31.9341,59.8990,54.7206,50.1968,21.9821,25.0193,46.9423,60.8144,66.7782,54.9672,28.8342,36.6482,41.7286,60.9490,79.4505,110.2040,128.5920,111.9530,78.9161,49.4767,64.2842,80.0453,79.3192,36.3966,16.7167,30.3099,42.1322,43.3934,40.7409,40.9921,30.4790,17.5765,6.1277,11.9484,11.5881,18.6633,28.8325,58.4144,43.8339,28.6422,34.8898,57.0896,71.8284,62.8293,52.9381,39.7404,35.0804,37.5909,35.7263,25.4632,15.0302,22.3402,28.2911,50.3831,38.9671,29.6673,13.4342,19.4723
53148.1000,48922.6000,26016.7000,26392.4000,41051.7000,34312.2000,24577.6000,21752.4000,21204.8000,18275.1000,14555.5000,11335.8000,9415.7300,8653.7500,7000.5600,6422.2900,6895.3200,5410.7700,4325.7300,4132.1600,3658.0700,3140.5500,2547.1800,2282.8100,1914.3400,1825.3800,1595.6300,1248.4800,1166.8800,966.5150,694.7350,565.9320,453.8270,305.6250,271.8100,267.4090,290.2990,478.8170,677.5940,765.4470,853.9030,854.9460,813.3270,634.5540,351.8200,215.1390,350.9420,457.6500,468.2700,478.4880,477.1950,440.2550,337.1240,189.3960,64.1425,109.0470,208.1450,242.5480,264.4000,291.9250,289.5100,270.0500,237.5750,208.8840,140.1610,101.7950,125.7800,170.8800,141.6300,113.4300,94.9612,111.7240,131.0730,67.7642,93.3962,75.2010,87.6392,97.6549,132.6020,103.8260,89.5337,50.9132,59.0380,61.7501,52.6208,47.1102,29.6554,40.4978,80.4734,82.3024,90.6730,93.9449,77.7745,49.0331,35.9752,42.3035,72.9764,47.3718,64.5224,41.2552,63.5370,74.7060,71.7035,89.2669,130.6230,176.1640,213.4540,237.7060,270.9350,266.5530,222.3550,219.0300,249.0550,280.2090,282.9000,265.0420,214.1790,123.3130,47.3583,42.4717,115.9300,143.3410,120.3940,117.1970,134.2400,119.2070,96.4257,81.0123,71.5036,51.7301,75.2409,121.9480,172.5350,236.3010,265.2820,219.5490,153.2820,68.5227,77.0386,133.3090,149.1700,152.2550,133.0760,124.5240,135.9540,172.1110,213.3690,243.3590,255.6920,239.7350,199.6120,157.6980,114.9350,131.6640,168.0620,187.3630,144.3540,96.0139,96.1248,105.3710,154.6750,181.3040,146.6880,135.4970,106.2410,108.5380,130.1030,171.2240,194.8430,186.6620,163.5900,165.1770,145.8500,131.8040,127.0050,135.7350,141.3650,122.5160,97.7052,75.2801,63.4992,77.3453,109.1730,140.5280,159.5060,134.5120,95.9349,66.2267,55.3333,77.1233,92.9397,93.1427,67.9596,85.7176,120.2520,150.4570,179.8030,202.4050,208.6210,183.2210,167.6350,149.7810,142.6220,151.4110,153.3670,154.7270,141.7470,140.9420,125.2810,94.9959,90.0489,102.1920,113.1340,105.9220,101.7890,93.3673,103.0070,94.1448,88.1439,110.6590,95.5011,97.7039,41.9196,42.9209,28.4348,22.2490,22.8867,31.6345,42.9435,52.3713,49.5954,45.0870,41.3450,49.7214,63.1936,88.8855,78.3654,55.1821,69.9648,76.2144,81.5702,59.9539,37.8577,56.1711,54.3307,46.0663,22.2821,33.9723,54.3839,73.7056,74.3259,54.0096,24.1771,28.7013,39.3347,65.6485,98.2694,114.2990,95.1564,84.5445,72.0727,69.5552,88.4628,98.3569,93.3619,43.7938,14.1459,28.3357,47.8568,55.3183,58.5466,56.3560,42.9615,33.2635,17.7936,13.5922,15.2785,24.4670,39.0855,49.8734,53.3352,52.8908,56.1137,72.4024,82.8614,76.9063,51.2897,33.7774,35.1175,54.8837,48.9777,30.5940,8.8040,11.7949,18.4979,44.2122,50.5377,48.5551,37.0873,31.2524
53697.4000,49091.3000,26072.5000,26652.5000,41414.8000,34793.1000,25064.2000,22066.1000,21519.0000,18599.2000,14750.8000,11461.7000,9622.8700,8814.2100,7157.3300,6581.0700,6963.0500,5498.1900,4435.9100,4192.4800,3735.5200,3178.1100,2616.1100,2245.4000,1783.7400,1723.3700,1463.8700,1075.1900,1010.2000,831.6300,705.5150,581.4700,587.8040,546.5300,507.9060,621.8040,778.3970,890.7550,964.6820,982.3770,983.2520,939.7560,879.1730,761.5730,643.5650,506.2140,517.9560,606.5680,750.4650,788.6130,754.6590,704.6820,577.9340,437.1300,285.5080,245.7070,265.6240,275.4940,300.6940,346.8930,348.2650,321.8080,261.2940,207.0370,140.7590,113.3810,92.5429,136.0720,93.4453,75.9234,42.3988,56.4126,102.8080,82.6697,133.7860,81.7816,79.1929,53.7188,111.8320,123.2170,171.9860,148.7700,111.9910,87.4964,53.6306,23.4291,31.2119,35.2252,11.1656,29.3181,66.8199,102.4260,95.6317,70.2578,54.2827,61.5553,75.7649,42.3512,19.5568,45.1003,77.6752,94.4838,98.7298,113.1030,141.4380,181.9590,199.5580,197.3040,235.6590,238.2350,192.9600,170.5890,200.4000,235.4230,222.5420,180.0450,158.4740,93.3398,63.7195,49.0301,95.4221,105.0970,114.7640,149.3300,159.9900,144.9160,121.2550,104.8420,91.3721,43.8699,38.0281,63.6621,100.3340,171.3970,229.9590,211.7880,159.0210,94.2399,66.3085,137.9920,169.0190,178.8090,145.4990,110.9770,98.8102,123.4450,169.5210,209.2610,230.8240,209.8880,171.1720,116.0830,85.9072,119.6340,147.7250,152.7460,104.0350,46.8920,43.9923,54.3070,77.2645,122.0700,131.6450,146.2800,133.6640,126.5220,132.5050,167.3300,189.7310,184.3630,170.0820,179.1110,166.0090,144.5170,156.4210,187.6970,173.4300,114.9410,73.7049,71.0982,69.8573,71.2108,105.8310,135.0350,153.5570,109.5420,56.2338,38.9996,68.2782,103.1320,113.9500,117.2330,93.7587,93.5503,125.0650,162.5320,174.9880,174.1500,153.2540,134.0330,142.5460,122.2820,105.2860,137.9970,152.9930,146.5420,142.5010,146.3050,123.6270,72.2136,67.6312,103.9550,131.3090,119.2440,95.6894,98.7671,109.3460,116.7310,84.5727,68.9536,52.0535,66.5253,44.5934,65.0179,50.8346,38.5138,34.7148,45.6434,62.8704,81.5003,69.0555,54.1327,54.0341,64.9714,90.8393,103.6940,71.8889,42.7417,49.9359,65.3815,83.9201,69.3230,54.8586,64.3869,42.7525,33.3485,8.5545,50.5013,67.8016,71.8361,67.9586,51.0795,22.2273,51.6225,65.0197,91.6393,120.9570,143.3220,124.9290,95.7625,67.2763,69.3479,94.4953,109.6590,112.2730,63.0531,25.6601,7.9495,14.7526,24.8519,38.9965,38.0080,24.7355,16.8371,11.5373,10.0894,10.6395,10.2462,22.6347,45.2235,50.5297,46.4402,51.6745,56.9897,55.9797,48.8812,44.2437,34.2116,32.4628,32.4387,21.3682,11.5475,10.8434,16.0096,26.7409,36.7377,42.9813,45.2539,41.1317,21.8346
53696.7000,49246.3000,26289.4000,27184.0000,42137.4000,35111.7000,24952.2000,21935.4000,21406.1000,18348.0000,14536.6000,11400.4000,9626.0300,8857.7700,7252.0100,6617.8100,6948.0400,5483.8100,4409.8600,4175.5600,3731.8000,3158.6900,2603.5900,2189.4700,1693.5200,1639.5700,1395.2600,991.3990,904.7800,717.1990,572.5830,459.3320,441.4230,369.2580,318.3660,422.5440,534.1580,634.8270,710.3820,703.2860,681.2570,664.2190,533.7070,396.6910,379.8800,508.0540,590.2800,603.1800,601.4390,617.0380,612.6080,598.9510,515.1810,387.4820,282.2190,283.6780,344.6820,360.1230,371.1630,369.8590,361.3140,355.1880,291.1340,221.1170,136.7060,84.5805,95.0466,142.0340,116.9610,95.1413,68.6986,85.9055,112.5250,77.1002,112.6450,63.5711,64.8053,45.0643,104.1500,120.3840,199.5100,163.1040,117.0350,87.1350,57.6624,35.0679,28.8934,24.9804,10.4299,38.3787,75.6252,121.7520,114.5580,88.9209,81.7509,88.8617,100.4500,69.8740,25.1510,30.0851,67.7095,86.1592,107.0710,122.5650,132.2340,133.1620,163.6340,207.4200,236.8310,238.2450,193.5180,157.2690,187.0510,224.9160,230.9640,201.1760,185.4830,120.0280,74.0866,43.5511,100.0020,117.9650,131.1280,155.4360,164.1990,149.3390,133.3820,113.3470,94.5912,33.6363,41.9673,96.3825,144.9540,208.2140,255.7620,218.7570,148.9870,84.9681,110.4070,176.8960,204.9830,187.9690,147.7590,149.7680,132.3900,121.2160,177.7370,227.3680,231.0230,219.8580,187.4210,140.5400,78.8248,113.0670,156.0190,174.3130,133.6170,77.3348,76.5737,92.8591,120.9250,154.5430,133.3910,133.4330,116.5660,110.3930,139.6410,186.7480,188.7420,188.3040,192.5660,195.2350,165.5630,145.3820,156.7190,153.5420,128.4410,96.2171,54.1603,35.1646,50.1441,71.6371,99.7003,126.1140,149.9930,114.2640,67.9003,49.2431,72.5125,96.8803,110.0080,110.2430,98.3353,93.1771,108.4110,165.2600,200.1090,208.5540,189.5200,146.8730,139.3330,134.0630,133.7890,147.5580,151.9740,152.1840,143.6390,134.9750,106.8230,73.0236,76.9304,118.9000,148.6480,135.6810,112.2610,105.7030,106.4350,104.9660,92.0425,101.7920,76.4499,90.2491,41.0329,67.4624,41.3987,29.4231,26.8573,37.5512,50.6206,65.7479,50.4575,40.9042,61.1345,74.1276,88.6297,88.4058,72.3507,65.6167,75.4826,75.4393,70.9108,58.3826,22.6368,53.1063,51.7535,49.4998,28.4196,25.4223,46.3863,62.6071,54.1902,28.4973,18.6788,28.4713,66.0330,96.9064,125.9160,141.0000,150.9560,122.6520,82.3339,74.6157,97.8918,115.1220,115.3280,80.7890,30.3156,11.9081,19.5807,27.4904,49.7966,56.9790,34.7963,16.5710,6.1847,7.5353,6.9779,12.0611,16.9998,32.8907,38.3339,39.9564,50.1024,56.7918,59.1057,49.0287,32.8431,28.4418,37.0988,38.4555,32.2306,25.7521,19.8674,10.6204,25.9443,37.8236,35.7506,29.9286,19.3394,24.1332
53061.1000,48923.2000,26033.3000,26505.6000,41196.2000,34355.0000,24584.8000,21778.6000,21198.6000,18169.1000,14437.0000,11243.4000,9368.4100,8656.7600,7086.1900,6503.0400,6925.1800,5426.6700,4352.3300,4174.1600,3717.6600,3171.0200,2613.7800,2274.8900,1841.1100,1815.2300,1601.8200,1213.8400,1155.3500,998.8020,792.7620,721.7590,602.4120,500.8910,437.9630,474.9550,496.4460,472.1220,418.5250,366.2530,322.6370,323.5660,401.2170,380.0390,398.0610,482.0670,382.5250,435.8100,286.3810,204.4080,211.0100,225.2210,234.2730,237.4550,256.5740,234.5050,231.8890,195.9570,145.3200,131.3680,135.0340,131.0070,105.5580,73.7704,41.9516,42.3176,101.1110,150.5950,142.3180,117.7570,107.7290,130.9330,180.7840,105.4050,173.8950,130.9960,148.4780,143.3450,201.7520,197.6990,162.9770,112.1920,38.8958,14.4568,29.1086,55.9025,50.0320,49.1819,73.6150,85.2744,87.4610,49.2564,43.8585,48.1878,46.8064,53.4584,71.1185,69.0136,105.4290,79.8064,91.1750,91.5366,114.7370,128.3290,153.6420,187.5030,218.8940,216.2380,235.5060,251.5350,213.9040,170.3620,174.3670,221.6940,240.2220,239.4730,211.5240,135.1570,75.5342,36.1947,43.5134,83.5837,98.5211,111.2760,120.0110,115.8650,106.8280,121.2480,116.9190,75.2218,89.1528,137.0290,194.2860,266.9440,280.0730,224.7990,162.1830,100.2990,84.2065,130.5180,168.5590,188.2700,185.2390,182.1490,163.5590,155.0600,169.4100,204.2020,252.5550,266.1280,232.3420,179.1600,113.6950,121.0440,167.0400,193.1860,168.8940,129.1790,105.8090,110.8920,142.0330,165.2650,145.6590,124.9520,84.2597,79.9246,128.5240,201.9110,231.0270,206.2700,185.7140,168.7800,145.2560,121.7000,126.1910,146.4960,112.9160,60.6733,40.7683,41.5895,39.6856,78.1030,124.8650,154.2180,193.7220,173.2220,106.5410,69.3751,23.9248,40.9370,59.1442,55.8922,50.8068,66.6144,94.5930,123.0770,138.8700,152.6860,135.3540,113.6620,117.4230,108.8460,96.8695,103.7670,121.8730,138.5460,142.3660,145.4500,127.1380,104.3490,85.2395,77.3743,85.3378,76.6433,68.0305,65.8155,89.7303,110.0000,95.4125,102.7780,103.3810,130.8040,77.0947,51.0102,20.6302,14.9673,9.4464,7.5246,8.5473,19.4665,14.9192,13.3333,27.3507,48.0847,71.9198,101.8670,93.9085,68.5667,73.1303,83.5231,93.4420,74.5122,23.9765,37.1313,37.4838,48.4741,29.7081,35.6928,36.1238,45.0423,45.1972,42.7654,26.4747,48.9766,59.9883,83.2006,110.4020,140.1920,159.5960,144.9760,105.2230,93.1631,113.6630,124.7890,101.0200,50.8870,26.3907,32.4347,56.9677,67.7627,60.5043,63.2904,48.8766,29.6785,8.4335,12.6015,8.4311,6.2726,29.0483,51.8807,53.4404,55.7974,53.3924,51.1727,45.8352,43.9703,36.5430,34.0746,37.1887,26.5837,19.9530,23.6316,23.1361,15.2574,14.6072,27.0760,29.7988,26.7228,28.3777,30.9454
53660.2000,49049.1000,26109.7000,26737.9000,41466.7000,34889.5000,25344.6000,22416.2000,21830.6000,18716.1000,14804.9000,11393.0000,9569.2500,8799.5500,7174.5500,6672.7900,7094.2400,5567.4900,4492.5000,4283.7800,3780.6500,3274.9900,2644.9500,2371.4000,2004.8800,1911.1500,1704.5300,1390.4400,1320.0200,1117.3600,848.0370,735.8130,649.6680,536.4000,576.6640,691.4660,866.2870,1163.6200,1577.9700,1865.5100,1654.8900,1284.0800,975.2450,705.6770,461.3490,254.6600,281.8350,170.8150,128.4850,145.0020,194.4620,203.2470,199.8660,151.7300,55.9018,116.2260,198.1880,224.4520,259.6080,289.0460,300.6120,311.6790,288.0090,247.8070,184.9080,127.3360,88.6874,149.2730,147.1320,154.5530,105.6270,87.2454,126.9560,117.2930,146.8220,123.4220,120.7060,147.1620,194.3590,164.1160,173.4800,126.3170,81.0891,79.7844,72.2048,57.3077,41.2034,22.5142,9.4463,37.7343,73.4116,104.0900,129.0150,151.7890,119.3520,86.4867,89.1614,86.8055,85.2228,34.9504,27.8251,32.7680,44.0138,52.7323,102.2710,141.4170,173.9790,161.8820,192.2320,215.9890,190.2770,214.5410,285.0430,318.5500,335.9760,317.8050,248.9820,135.8920,57.3740,51.1271,116.1670,131.0770,112.1300,122.1710,139.4410,132.6200,112.7420,106.3410,110.9680,76.6872,74.0046,103.9410,138.4660,206.2120,235.5590,204.7810,170.9670,107.8940,40.1684,55.8044,88.2044,106.2090,101.3180,107.9530,115.1930,111.8080,141.0400,199.1360,226.1860,215.2560,182.2780,152.4100,90.7900,46.0361,66.3163,87.4801,58.1039,42.0901,48.5900,83.8220,144.5180,181.7460,179.9180,178.1240,170.3720,186.6410,232.9950,278.7280,288.8670,257.9260,216.5210,196.6720,151.2480,120.4620,137.7260,143.2840,97.2777,45.2184,27.3578,50.3006,57.6109,79.3043,120.4380,134.0820,159.7750,112.4660,80.3328,64.6210,22.0239,30.1049,29.8843,42.2475,50.9162,68.3249,84.7151,122.4010,156.4200,182.4130,188.1660,164.6650,142.1220,109.7330,102.7560,125.2500,133.2270,143.2440,135.2110,134.6830,108.2620,69.5359,74.1370,97.2830,98.5199,95.0005,83.7978,90.2298,101.1580,120.2090,122.4350,121.9980,104.4390,123.9580,62.5287,88.3376,53.1908,44.2887,40.1282,35.5835,17.7962,19.5645,14.3070,14.2731,43.8535,61.1783,75.0155,88.5937,74.5455,52.0025,57.4680,64.5211,71.8778,55.6423,23.0659,42.6548,46.0691,63.1674,46.7904,59.9822,51.3274,53.4564,33.5244,22.4386,13.5862,45.9007,69.5943,97.9046,128.6300,157.2350,156.0120,121.3470,77.4340,58.2040,92.5184,111.8730,113.1500,84.5732,46.3324,27.4761,40.8762,49.7724,39.9093,46.9874,44.4504,38.8974,14.4012,6.6947,8.4260,4.0601,19.0765,22.2415,24.6651,34.8496,43.0407,45.0681,44.7224,49.5749,38.8934,22.3840,21.9783,39.4827,46.0575,46.8061,33.0626,20.6261,18.1933,35.3021,32.3393,30.3085,11.7267,18.6492
53817.8000,49278.9000,26416.2000,27346.7000,42279.3000,35455.4000,25537.2000,22465.7000,21943.8000,18586.3000,14739.9000,11287.7000,9406.9300,8684.5700,7124.0000,6596.5800,7028.1100,5567.7900,4412.4200,4097.2300,3676.4100,3096.8600,2601.1300,2278.3900,1794.4300,1735.6800,1528.0400,1209.0300,1153.0500,924.9060,736.1120,631.0800,646.3130,599.8180,618.6870,879.9270,1189.4400,1541.1900,1941.4800,1883.6500,1422.2900,1062.7100,594.9970,289.0030,172.0260,66.7468,163.4770,305.5710,421.2100,478.8140,526.2440,560.6300,501.8750,415.2580,331.1550,331.2260,365.3390,328.8790,308.9770,321.3380,306.5730,262.5370,196.7220,120.7930,78.5391,69.9520,131.8180,220.0150,261.6710,267.9380,184.3830,124.0790,86.1854,61.1534,78.9411,132.8780,171.9380,180.2650,199.0280,182.4890,199.8220,157.2560,113.5050,110.5020,104.7920,87.1018,75.6387,66.6900,66.2452,54.7446,66.6363,101.1210,95.3003,84.7942,55.6198,15.9006,38.6911,71.1636,109.7040,133.9120,147.3020,181.1190,186.9370,174.3630,178.5810,195.9450,223.1020,220.8890,245.4000,235.7030,178.9680,142.8560,186.3930,216.8650,217.4740,186.4370,152.2960,66.7542,76.5726,103.7170,168.3150,196.8010,184.3130,176.5360,192.4260,174.9640,170.3110,143.4430,132.4970,88.7218,97.7831,172.9970,221.9740,261.3740,270.7870,230.2160,173.1500,79.3191,52.5909,109.6220,155.2490,172.4970,157.4310,137.6190,141.1830,157.2000,173.6330,205.6500,241.2370,246.6520,213.9390,165.7310,86.4478,82.9351,130.8600,162.3410,137.3470,127.2390,145.0250,158.9240,194.9380,194.6410,157.9980,134.8960,129.8170,145.0210,176.2370,195.5540,189.1830,169.7500,147.3240,143.6600,124.9190,80.3678,73.2103,95.1060,66.4226,33.3554,24.1461,24.0946,33.3596,57.3245,70.7850,89.8674,108.8870,98.6434,79.5869,67.7482,26.9840,14.1874,31.9342,44.8232,51.0415,52.6503,66.6011,128.9430,158.1620,194.1900,166.8900,150.5150,150.7100,110.8730,99.0317,122.6110,123.9200,133.7580,134.0700,143.3850,116.4050,67.1488,48.8483,84.6858,112.7530,100.7320,87.6260,85.1104,93.6369,95.8814,90.3277,88.7993,73.3944,86.1066,47.4329,68.2846,42.8861,28.7365,14.2388,7.4711,15.1270,22.2629,24.9244,22.9997,37.4323,61.8816,71.9183,85.8002,46.5458,37.1503,78.9993,82.7797,72.9441,49.8497,19.8729,38.6451,51.2292,58.3065,40.7561,21.6128,30.9673,46.6558,40.4484,28.3811,15.4293,20.5825,41.1691,67.4836,95.8652,111.9060,111.1060,92.8118,60.6339,53.6460,93.4797,108.5650,112.2390,59.6578,21.3832,26.8718,29.0358,15.6701,21.4341,33.1467,26.8816,20.5977,16.1259,18.0906,18.6971,9.1289,11.4662,21.6044,43.5894,38.8668,30.7872,39.0375,49.4333,54.4752,21.2482,11.8375,28.3689,27.8072,22.3733,18.2788,16.7433,23.1480,31.8972,38.2898,40.9381,42.7754,41.9838,39.7354
53246.9000,49095.9000,26205.9000,26852.1000,41700.9000,34858.1000,25058.2000,22186.2000,21636.1000,18275.0000,14517.1000,11112.3000,9179.2900,8516.3000,7025.7200,6523.1600,7018.3800,5546.1500,4398.4500,4123.3200,3667.4600,3170.1800,2627.1500,2388.6900,1951.9300,1840.1300,1624.6900,1268.5000,1131.0800,853.1530,577.4360,399.1360,230.3110,102.4720,204.9370,383.9250,763.2790,1294.8200,1529.0700,1683.6100,1624.7600,1156.1300,799.8700,589.9750,447.0300,355.5310,196.0700,223.1980,242.5860,296.7680,317.1590,277.3070,210.3810,84.3848,96.3586,184.8370,236.4770,233.3600,220.8770,207.2670,213.7270,246.1090,228.2040,180.9490,134.8120,73.1058,52.4447,127.5920,177.2000,180.8380,96.4073,66.0118,114.9890,103.4630,45.0311,61.1439,121.7300,143.6150,186.9650,204.4090,246.0180,198.4750,116.2990,93.6019,64.7317,56.3397,58.2002,66.4586,69.2364,65.2399,61.2240,100.4430,96.0671,105.0520,88.2830,63.7695,62.6381,58.5163,51.9070,55.7200,63.7276,79.7979,92.4543,104.9950,114.4450,147.2760,195.0910,197.9450,199.1060,168.0790,138.0390,168.5630,233.0580,260.7830,249.3290,241.0060,209.7370,107.8670,64.6568,74.3759,138.1860,159.5170,151.8280,151.0200,151.1770,145.8690,126.0860,110.7310,113.5420,94.5445,105.4700,151.1780,185.1990,213.0540,215.5370,184.4400,152.6090,84.7525,41.8308,95.3000,132.3960,146.5170,127.1840,123.0780,127.4820,133.7850,169.5790,221.8190,245.0860,238.7490,220.0100,190.7090,118.8760,80.3059,125.9720,170.0300,150.5170,127.6180,134.9180,148.0600,187.5190,190.9450,163.5600,147.5440,128.6450,130.0480,136.3890,150.1690,163.3330,151.0180,122.1170,104.9880,74.3088,62.5337,81.1821,117.1790,105.0940,46.7992,20.8543,31.4552,20.9471,27.7262,48.7620,61.8311,94.8741,98.3881,110.8370,119.6260,66.0625,36.4768,11.4536,5.6163,17.3471,34.8721,57.2768,103.1890,133.0320,155.9930,161.2650,149.5910,136.3460,110.3390,115.4870,133.5960,133.7230,143.1980,150.5480,166.5190,121.8600,55.9674,56.3809,92.0834,101.0560,100.8120,95.2293,99.3952,116.2550,131.6490,116.5260,110.6800,95.0667,97.9305,43.6366,51.3447,26.5848,17.6784,14.1205,19.6016,25.9511,31.4189,32.7735,28.5172,42.6775,69.8289,82.9390,97.9354,64.6159,43.7853,47.9963,48.3819,41.7497,30.4424,9.9957,45.4053,56.0444,61.1977,41.1999,13.8776,32.0161,51.6463,56.0416,55.3040,42.4664,58.0688,63.0084,80.8331,103.3570,118.8740,112.8200,86.8489,58.0125,65.3238,88.6303,101.5090,105.8650,65.0520,19.4506,11.1887,20.2800,12.1965,29.9238,38.8502,22.6751,12.6138,3.5182,6.2842,3.3318,11.2346,25.4943,43.6775,50.2129,61.9758,66.7222,66.6761,55.0313,47.1846,51.3417,36.5362,21.5167,28.7746,27.3847,21.0360,3.4938,5.0343,13.6416,44.0311,43.9964,38.5554,29.5744,19.5775
53416.0000,48954.3000,26095.0000,26583.2000,41269.8000,34781.2000,25316.2000,22405.5000,21848.0000,18613.3000,14774.0000,11215.1000,9275.8600,8579.7800,7020.2100,6526.9200,6975.9800,5483.2400,4372.5000,4088.3500,3613.6900,3107.7800,2577.9500,2335.1900,1910.5800,1838.1100,1611.5700,1249.7400,1143.9800,867.6590,690.7380,533.1790,523.8280,480.4100,478.8330,625.9600,894.0770,1255.4200,1692.9000,1743.4100,1451.9200,1134.2900,691.0800,510.9070,572.4040,460.8210,233.3220,233.8090,289.1470,378.4060,433.3570,484.7650,456.4010,400.1460,317.5310,322.0500,337.0010,314.8230,279.6590,258.1500,258.6970,250.6090,192.7280,121.2810,85.3135,86.2577,119.9490,179.1280,211.2030,215.1330,163.6360,116.6400,82.4540,104.9980,127.8210,185.6600,194.4900,183.1330,235.3630,223.6560,240.6600,177.1670,111.9230,91.5880,79.9755,58.1717,47.4924,43.6614,35.2668,42.9431,50.5396,66.4698,75.0105,73.9006,50.0753,25.7258,18.5522,28.9374,56.1929,88.2389,115.9510,142.6800,150.9740,160.3300,183.7770,218.0700,245.7980,243.7930,273.8840,266.4700,212.2100,160.3570,174.5160,211.9850,207.6550,182.8140,143.1310,67.9538,66.0312,89.8762,163.3780,192.1150,171.3700,180.9790,197.8530,188.3260,180.7490,159.4250,132.8290,74.5106,100.3710,171.7770,219.2660,271.6040,271.8390,227.0390,162.2820,68.8974,31.4296,116.1150,157.8890,181.8790,158.0600,157.9090,154.1080,141.7590,178.0350,236.0100,267.1920,264.1610,221.6670,170.8370,93.1710,99.1263,148.0050,179.8720,155.6780,121.6890,121.2030,125.1260,161.5390,181.9830,149.7880,133.6940,104.7610,99.0890,131.9870,171.8910,179.8630,171.3890,154.9460,143.9790,115.8190,88.3913,90.2290,83.9409,56.4666,34.8336,16.9507,20.7042,33.7192,54.8575,81.3042,94.0691,109.1870,69.4008,53.4089,41.2507,17.8543,23.9867,32.5741,50.5862,54.4709,61.0799,71.9496,116.3670,155.9370,195.5130,193.0300,147.4780,140.6080,134.2680,119.4960,111.9000,116.6820,131.0730,133.0140,141.1530,120.8130,77.3980,58.3064,74.5472,91.7950,87.1032,77.8752,87.1896,103.2040,113.1140,106.9850,98.6767,83.5600,96.5471,61.3577,77.3511,33.4079,13.5716,18.9600,27.9108,32.5994,32.9300,31.8316,42.0629,68.7957,73.9516,72.8225,76.4501,52.5420,27.9987,38.6783,56.5382,56.6326,56.9755,35.9794,65.8025,58.2668,52.2384,25.0223,23.3159,43.7901,64.0349,64.9515,39.4928,25.2504,32.0048,63.6165,88.9086,117.5780,120.5200,118.8080,103.0750,68.8634,57.5899,89.0250,104.7490,101.9910,65.5116,37.4453,27.4446,31.2449,39.7949,36.0595,32.9538,32.0345,30.0687,25.5266,21.5940,25.9392,26.4245,30.9472,35.3981,35.5646,36.5123,36.3837,43.2619,52.7700,59.2083,38.0507,27.4866,25.8600,19.1239,17.8011,21.1655,32.6597,19.1514,27.6348,27.8179,33.4363,35.1946,34.3966,23.9662
53887.4000,49247.6000,26314.1000,27239.2000,42147.2000,35387.2000,25533.1000,22423.6000,21889.4000,18634.5000,14785.1000,11334.9000,9451.9200,8709.4700,7155.1200,6654.9600,7074.8900,5622.9400,4523.1000,4229.3100,3806.2600,3249.0200,2748.1800,2465.0900,2014.2400,1956.6300,1769.7800,1451.8700,1386.2400,1173.6100,981.6670,894.3190,775.5600,687.3450,691.2630,805.6670,879.2720,1092.7400,1441.3200,1640.0000,1517.4100,1333.7500,972.4880,739.0870,650.1490,436.0700,293.6690,136.2390,52.3300,53.4408,75.7165,98.5564,117.9460,125.3540,184.1040,237.2310,237.5120,255.3290,253.5280,274.6650,300.4910,284.0570,257.4400,226.4300,176.4410,125.4200,160.2200,176.6120,151.6170,152.2840,96.6349,55.4951,78.4570,85.6061,151.2390,145.5560,162.0140,178.9700,196.8050,173.1650,188.6710,131.0940,84.6785,78.4721,74.3058,55.4005,51.3864,58.9360,76.9763,87.1897,81.5079,69.0209,52.1683,14.9895,27.7533,42.9908,43.9563,52.5526,58.4670,64.3915,70.5067,85.8645,104.3290,113.0660,144.0150,169.8960,187.2080,187.9800,220.5750,235.7640,201.2770,220.9500,273.2140,295.4830,288.9140,256.2340,192.0560,89.9233,45.4594,68.0396,108.1090,113.1160,97.3266,97.4517,114.0310,105.5440,99.6471,85.8195,77.1599,45.6306,47.3937,90.0324,151.5110,212.1020,213.1800,174.3460,133.5760,72.7045,32.5369,94.0409,118.7770,123.6910,106.9200,107.0820,92.1440,85.6507,119.8660,167.2870,191.8580,184.9720,155.9060,131.7200,62.9761,31.7698,45.5686,59.4088,38.0468,34.4447,58.2900,87.2497,161.6470,205.8800,186.2020,174.6920,154.2030,174.1530,224.5660,260.6620,259.3880,236.3840,197.2010,184.3170,147.3100,118.6910,117.3960,125.4890,80.6137,29.9350,30.5933,49.6112,59.7832,97.9813,108.7050,117.7160,108.3110,78.7649,57.1923,51.2334,31.1584,39.4746,48.7190,79.8128,69.3763,69.1990,102.3110,140.7680,172.1140,196.2330,202.2600,171.4930,143.4520,119.8320,119.5530,133.1400,124.4790,131.1470,131.1750,136.8140,109.7400,73.6248,68.7291,101.7860,126.9240,116.2390,105.9580,104.9920,117.0530,119.6520,123.7240,128.3250,113.6160,124.5600,67.6967,76.9601,51.9323,38.9398,29.5294,13.8614,22.0462,34.7683,28.2047,15.5000,34.4224,52.5007,69.1087,70.5876,48.0073,36.0398,48.2077,57.8032,69.1295,63.4413,43.1599,61.4736,53.7756,46.1933,31.3109,40.2475,59.2690,68.1687,68.8212,56.5530,35.4904,48.7308,63.6136,86.2052,109.8680,124.0560,124.8590,102.7620,64.5598,44.9360,92.8107,106.4060,107.0590,43.6619,15.9107,25.5986,33.5975,36.4266,38.3735,35.7438,23.5370,11.3728,10.3754,16.2780,15.5636,18.9367,19.9406,18.0846,23.6168,29.4196,31.7066,33.1716,45.7568,54.5959,26.0690,11.3569,25.7502,19.1686,16.0449,18.4321,23.7858,8.6987,8.4529,6.2430,13.7467,12.4870,4.4140,17.7417
53283.2000,49092.2000,26193.9000,26968.4000,41814.4000,34827.3000,24939.8000,22086.8000,21511.9000,18333.9000,14569.8000,11285.0000,9373.2800,8680.9900,7132.1300,6539.0700,6987.1900,5531.7300,4414.7000,4156.8500,3700.2700,3147.8900,2589.3000,2281.8900,1849.5700,1775.3100,1548.8900,1184.2500,1113.8200,915.0230,684.2870,525.5750,417.9080,274.8900,152.7320,173.4870,240.6810,414.6360,614.8010,613.8440,524.9440,431.1800,319.8590,312.8410,334.2200,267.8650,339.3430,407.2890,432.0500,489.4330,523.4120,583.7840,598.8630,560.5590,528.0820,460.7930,437.1780,340.1730,289.8090,310.8990,339.9680,336.2100,273.4060,219.6570,149.5310,81.0731,61.5490,165.0370,199.5260,216.5710,206.2400,219.5340,216.2310,142.2500,160.8150,93.1147,134.8540,134.3990,209.0710,233.4680,248.4870,204.5870,141.1480,108.2170,80.6187,56.3266,38.7184,41.5160,67.7788,114.3260,148.5400,156.6490,151.6540,144.4500,120.6620,72.3413,32.2024,54.1233,77.8353,120.0560,132.4160,144.1070,146.4330,148.0570,165.3280,216.5550,260.8340,256.8520,246.5550,230.5210,197.9930,184.0490,200.1520,229.0570,235.8780,223.4710,173.1200,89.3214,82.8420,77.9546,123.6860,144.5340,139.9720,163.1750,170.1710,154.8970,143.3320,144.0010,140.6550,103.0430,90.9105,128.1720,179.4900,229.6540,229.1950,201.1040,161.4290,109.5380,82.6294,118.4580,165.6190,179.9540,162.3460,131.7840,124.3250,114.7900,107.9780,160.6730,222.8650,230.9580,207.5080,159.5130,87.2230,81.1717,120.1360,144.1590,120.7000,99.9594,120.3940,135.6370,173.3720,175.7690,147.7850,124.8370,122.9820,138.9200,188.9390,241.7420,254.9090,236.2160,213.4750,202.9680,176.7950,149.3670,139.5450,154.8950,131.6870,87.2469,48.1075,26.2955,38.9343,61.0481,80.8282,112.8990,141.6120,110.6070,85.3381,66.6291,30.4722,48.5625,57.2124,78.2820,57.9391,86.2815,127.8570,146.0700,161.1780,180.1470,174.8820,149.8040,133.8830,101.6880,79.1128,89.1281,102.8470,118.5840,124.4170,122.0530,84.5489,58.0801,64.7232,74.5386,80.7054,80.3178,72.1955,76.3553,86.8875,92.9635,85.7558,87.0524,87.5244,113.7520,79.8059,79.6871,52.2978,32.8759,28.3435,38.8758,49.2063,50.8267,52.6994,52.7417,51.3762,67.1376,75.2935,93.5133,48.6926,35.1151,79.2200,76.5817,80.6662,67.9295,46.4622,86.4976,72.4120,75.0825,37.4109,54.8326,60.0559,73.8481,66.1055,42.2732,25.7289,34.5012,52.9631,79.2749,113.6990,154.3220,156.8300,124.0950,88.8786,70.5067,83.4711,100.6680,99.9607,58.9955,19.5439,34.1089,50.7551,47.7176,52.7780,52.7184,43.5674,32.6706,21.3617,6.9892,28.6163,19.1076,23.6559,48.3671,54.0469,50.5113,47.9055,44.7310,40.2734,45.0851,48.4230,36.8354,24.2046,37.7756,54.8430,51.1099,40.4772,28.7207,24.0886,10.0936,16.4656,28.5183,13.3156,23.7573
53296.7000,48921.1000,26011.9000,26396.6000,41006.8000,34424.8000,24868.9000,22024.9000,21459.6000,18467.4000,14648.9000,11297.8000,9421.4700,8680.7500,7045.2200,6466.2900,6905.1700,5436.1800,4353.6800,4132.8100,3672.7000,3158.0900,2587.9400,2298.0200,1897.0400,1821.9300,1597.2600,1250.3500,1192.8500,1047.8300,843.7980,746.4840,620.9030,513.2140,455.1250,506.4240,528.9890,495.6200,463.5560,418.2330,356.0890,289.3800,349.6140,463.6710,322.4400,482.1980,353.4700,470.9020,374.5400,288.3380,290.7180,308.0700,326.3720,322.2740,356.3930,336.9460,298.4050,240.1950,182.1880,177.3420,164.8090,135.5570,97.3442,69.6159,43.4624,27.5013,94.2949,176.9670,183.8110,169.2750,136.6180,150.7850,183.4230,116.7810,144.9660,117.3280,166.1680,173.2350,199.8790,188.9260,156.1840,79.2316,50.0179,80.9279,96.4684,105.8060,106.6660,122.8880,159.9920,163.1620,163.0070,163.7150,168.5530,108.5550,82.8924,55.1701,48.2667,85.1673,100.7110,83.5753,89.2941,96.6320,103.5800,90.6136,90.9495,115.3710,158.0230,189.5400,212.8500,210.9950,172.1980,180.4240,214.5910,235.1450,229.4640,213.5880,184.1480,102.2910,71.8280,49.9747,95.7531,112.4880,116.5010,138.5570,143.4850,129.7440,109.1770,115.6800,108.9640,76.2954,86.7300,139.3070,211.1500,288.8350,292.7360,222.2920,141.6650,88.0440,129.7380,180.5710,213.4040,205.0610,167.3320,150.0430,158.1460,161.7290,179.9840,225.9630,249.6240,243.2670,208.3020,173.0750,113.3410,98.6627,128.4050,144.5950,107.7630,75.3287,94.7678,110.8380,156.4060,158.8080,138.3640,131.3400,115.8340,110.0210,135.2520,187.0150,208.8380,199.9340,184.9480,182.2180,154.1540,113.8450,114.8400,134.0420,112.8020,75.0323,40.7484,22.2146,29.3619,53.8729,85.7890,110.3450,146.7440,135.9660,87.3321,60.9399,17.7534,32.5310,53.3583,66.4781,70.0492,87.6976,122.4480,159.9610,184.7080,209.8870,204.8430,173.8570,146.0510,128.6020,108.7300,96.4129,97.4720,103.7290,114.3750,130.1710,120.3170,86.2054,57.6994,57.1542,76.2091,73.9858,68.8551,58.8999,72.1895,91.1257,111.7170,120.9760,122.2310,133.3020,80.5521,51.6530,13.3897,19.6361,32.2667,34.8043,16.2716,9.4717,13.7460,30.9311,57.5502,71.5014,94.0182,102.2520,72.6562,60.9497,80.8212,87.9553,93.5171,84.8856,47.4182,49.9315,39.7132,55.4419,36.3508,44.4137,44.0408,46.6888,47.0013,48.5507,31.3148,36.4069,61.5717,88.3447,112.6260,122.8980,130.0290,116.3200,89.9383,81.3767,94.3892,96.7650,87.9001,59.8165,21.9531,13.1252,27.2631,42.3796,51.4388,42.0255,29.9089,20.8738,15.4243,25.0438,21.0874,18.7955,34.1213,56.0821,58.9165,53.8041,48.0418,42.9218,37.5201,42.7496,41.9502,26.8761,14.2688,19.1073,35.9131,39.4547,38.6722,21.1717,15.8163,21.9818,36.6944,44.1891,47.0045,32.9140
53828.7000,49229.3000,26222.8000,26992.2000,41844.3000,35092.6000,25226.7000,22178.0000,21630.8000,18585.5000,14720.7000,11409.4000,9574.2800,8774.2000,7146.6300,6590.3400,6968.8400,5491.3300,4405.8500,4158.6400,3720.4100,3158.2900,2629.0300,2267.3200,1796.2800,1759.4900,1550.0500,1182.5700,1132.6100,964.7200,807.7260,685.7760,629.1500,495.8640,435.6730,520.5490,607.7300,652.2190,678.8130,734.1510,662.5950,514.4630,427.7020,360.4520,335.4940,243.7980,330.7850,405.9260,340.2700,314.2490,309.8600,363.4320,385.2940,382.2600,408.6550,370.0510,303.6780,249.3280,217.0770,226.4870,238.8690,227.4040,172.5130,124.2930,71.8845,32.8957,83.4469,149.1800,153.7280,146.8240,154.7930,205.2220,237.9970,159.0970,162.6210,85.6372,120.2930,113.5620,164.2130,182.7400,180.3760,137.0230,87.1567,69.4482,74.6672,103.1480,117.0160,131.2750,157.9420,169.1090,184.0270,191.9180,178.4010,128.7120,84.9919,54.9217,63.5893,114.4890,111.5710,113.0830,95.2439,101.9400,106.6490,103.0800,132.6160,153.3820,192.5660,222.5660,250.0740,224.3670,178.8430,189.4560,216.9740,237.9750,245.8970,235.7580,175.5160,93.7578,54.1778,45.2067,86.8427,122.3960,137.6490,161.1630,160.6160,136.8360,121.5380,127.0720,121.5370,75.8065,86.2222,137.8600,203.8380,266.7060,278.4400,227.9040,160.7020,103.8340,119.7840,151.1020,195.6830,208.2800,195.8170,159.6350,130.4920,110.8500,133.3830,197.5670,240.9900,250.3470,228.9340,189.4410,126.4610,88.3063,93.3937,105.7680,106.5440,100.6240,104.6820,119.0430,153.5690,165.4970,138.4970,117.1490,114.9530,137.2360,174.4240,206.0000,215.4860,201.6490,187.4540,163.4340,123.8170,92.7124,102.0130,126.0220,119.2410,70.0875,28.7242,21.6564,34.3345,62.2100,94.1253,107.3010,134.1510,99.5255,74.9103,57.8122,12.8036,43.0279,52.9205,66.1024,61.3911,83.6482,106.4740,141.3150,165.2900,192.0870,161.9940,133.7440,131.3600,97.0877,79.0975,103.8970,118.3290,133.4020,134.1820,124.3320,109.2630,92.2706,67.2977,56.6355,58.5919,56.6510,43.5178,34.7342,47.6844,70.2754,88.1995,90.4134,106.9660,133.7770,97.0110,92.3957,38.2102,15.1408,37.9314,42.8577,33.6342,24.6379,11.4713,15.2293,41.2327,77.3875,77.8302,98.6725,62.1588,38.5392,50.8324,67.8598,89.0591,92.4462,65.0313,78.8232,56.4108,47.9598,23.4210,53.9627,51.8582,55.0863,55.0696,57.3191,23.9942,33.6471,49.7872,81.2816,115.9590,143.7490,143.2600,122.2520,89.8375,74.5160,89.4054,101.4620,101.2540,66.7536,24.3919,14.8362,28.4787,45.7462,59.0494,65.2365,40.3935,22.3839,18.7900,17.4071,25.3723,24.6058,36.1228,37.4003,44.2444,49.6789,53.5410,56.7251,51.7078,42.4491,37.0812,30.8621,32.8265,44.9557,44.3502,36.9341,25.4938,17.2219,9.5866,36.9867,44.1090,48.2500,34.3788,29.1642
53543.4000,49310.2000,26291.9000,27130.5000,42087.2000,35052.5000,25064.2000,22194.6000,21618.9000,18420.2000,14580.6000,11339.0000,9490.6200,8746.2300,7201.8800,6647.8000,7074.0500,5590.8000,4489.7700,4253.1200,3764.4900,3216.7500,2599.0200,2284.0700,1862.6700,1746.8000,1522.9900,1167.9000,1054.4500,840.1170,555.7970,434.3380,272.3770,114.4500,191.6590,279.4960,522.4770,975.0860,1274.2800,1475.6600,1537.3000,1228.9200,835.2100,562.3370,460.4950,277.1560,364.7850,283.7400,236.2260,306.6700,359.3130,354.0430,364.8290,312.4580,263.4730,249.9820,306.8720,331.8840,325.7310,330.5800,355.3830,358.7550,312.7080,249.7720,175.7550,118.6400,64.0321,142.4520,161.8490,180.9880,167.9710,137.3210,114.6860,108.0350,139.6160,111.8490,111.5090,112.7490,155.6030,154.1310,203.4880,183.9870,154.8120,143.4100,120.2750,82.3216,86.8099,91.1841,61.3908,53.3559,92.4503,123.7980,136.9880,138.3700,129.9530,105.2540,61.9313,36.4606,61.4300,110.4900,129.0360,127.8950,135.3030,147.9730,188.4150,216.0640,261.8580,253.1990,228.7080,208.2690,176.5780,181.2650,234.8130,254.8920,256.2420,237.2130,202.7810,97.0939,67.6986,112.3370,189.2240,201.1910,190.7180,192.1820,203.1090,182.6210,164.1240,144.6090,144.3160,99.9147,80.5689,143.5950,188.6810,220.4530,256.5250,234.5300,189.9130,113.2280,84.3419,118.9730,153.4620,165.2340,138.2060,116.3230,90.2293,49.1685,77.5147,167.3310,201.2740,182.3990,166.8930,149.5440,106.6390,43.8377,61.2163,93.1048,66.7588,56.8110,85.3035,134.7760,214.1020,256.8670,228.3650,200.8700,159.1810,161.0860,218.6600,269.0610,276.5420,241.1310,201.0830,185.8870,158.4310,127.7960,115.9850,130.5300,91.5494,35.9055,42.0715,74.1577,79.2521,100.0990,113.6080,129.7060,138.9520,122.9400,77.7950,43.3570,27.0584,57.5543,75.1407,82.9870,83.4379,87.8359,108.2750,149.0790,175.2010,195.2610,193.4270,160.4170,133.5400,110.3020,107.2180,124.6160,128.8290,137.1150,139.5520,143.1700,104.7050,65.6951,71.6800,87.9884,97.4864,96.8783,81.9619,83.9884,94.7343,112.0620,102.1080,94.6423,80.2773,100.8980,61.5664,87.7152,62.1926,36.3818,19.8397,20.4325,31.3414,41.0493,47.0601,43.9694,51.1934,73.5191,75.2128,78.0569,40.9224,30.5033,57.7703,55.0208,62.2645,59.9255,58.7789,87.7401,71.7221,57.4055,33.5931,31.9920,53.2402,64.9200,69.4039,62.9182,34.5316,43.5094,58.2584,81.8849,105.7340,130.7510,142.6930,102.8710,60.4235,59.5409,96.1312,108.5300,105.7960,67.5555,22.4394,20.1949,27.1853,25.1962,42.2936,39.2973,26.7550,20.7251,14.8767,10.2191,17.0448,16.3070,4.8232,20.4142,23.6488,20.8599,14.5009,16.2170,19.6109,29.1370,36.2892,28.3506,20.3820,12.9075,13.0678,10.2435,22.6952,10.4422,9.4505,33.7648,35.0077,31.8688,19.1307,17.6090
53218.9000,48962.5000,26054.2000,26491.2000,41208.2000,34602.0000,25051.3000,22206.3000,21630.6000,18406.6000,14606.1000,11184.1000,9271.3400,8576.0200,7024.0000,6546.8800,7057.3600,5539.7800,4398.8000,4183.4500,3739.8200,3248.0600,2722.3500,2493.0400,2054.5600,2002.9200,1864.8000,1543.9800,1477.8200,1274.9600,1057.4700,986.6140,893.1310,813.3050,874.2910,1046.1400,1209.0900,1529.0600,1897.7100,1933.4700,1704.4600,1474.7100,1029.0100,691.1690,391.7820,312.0070,232.4860,382.5080,342.0150,255.2490,256.2960,241.0760,217.8010,223.6820,283.6360,301.7990,277.6860,271.7690,258.2060,257.3230,273.5770,274.9000,233.0340,200.3260,136.0540,102.3090,167.4770,204.6280,183.7590,158.8070,107.8040,121.7710,167.1040,113.8360,180.8000,147.6630,200.9010,212.0110,232.0170,209.4320,212.3910,140.4770,64.2825,41.0105,39.3333,50.5961,67.9869,88.3272,106.3260,102.0570,83.5298,71.1747,51.5625,36.8428,23.3116,30.0261,41.7657,59.6900,51.4468,57.1280,55.0019,69.0438,104.0070,132.4270,171.8640,207.7440,233.3500,222.5130,241.4100,280.3600,272.7330,292.0960,286.8530,310.3200,287.4270,257.4180,211.9800,130.3040,55.3007,26.0456,88.4889,111.7870,86.8962,80.6486,102.3900,103.6300,110.8760,122.3360,133.3950,87.4500,54.5013,89.2674,155.0960,235.2240,255.4500,206.3740,161.3170,81.7999,34.1087,90.6516,124.2850,143.2000,137.3770,133.9740,95.9430,85.8051,153.0820,228.3530,260.4000,247.4650,209.0160,164.8190,62.4931,48.7820,84.7090,100.8950,65.3971,62.5987,75.4832,103.4450,161.0540,191.1290,185.6220,192.8710,175.0100,191.1260,220.6880,246.0590,246.5550,225.1410,188.1070,178.2970,152.0070,127.2810,116.4720,122.0650,87.8721,35.6105,42.1710,69.9376,75.2466,108.4750,130.7530,148.4520,149.6250,100.1420,80.1998,64.8867,41.4538,13.4524,21.4999,48.1820,57.7936,71.9481,81.5683,107.3280,139.7010,180.4610,192.9040,155.7150,140.7780,126.5150,120.5000,135.1960,141.9080,154.5320,148.2840,140.6120,110.4030,78.4996,76.6907,73.7247,78.1636,86.5283,86.7008,75.3537,80.4828,107.0390,118.1930,109.2770,109.0470,118.8070,67.4360,74.3546,38.3818,22.3334,12.7859,10.1822,20.4406,29.2058,18.1060,15.9682,56.9246,77.3033,90.0030,87.5121,47.8368,32.6750,59.7252,66.5886,73.4284,59.1509,39.2593,63.4298,59.7981,61.9979,36.2554,62.3017,58.9781,62.5352,47.2440,34.1079,13.0654,19.7607,40.2484,69.7025,101.3480,125.6160,135.6780,108.3490,64.3143,50.4026,98.4922,107.2710,96.7528,57.4730,30.5693,21.4219,25.3690,18.8592,18.2513,21.4777,11.3539,6.1620,15.8940,19.7887,21.3161,29.0038,19.1497,28.7056,26.8414,30.4953,31.4409,29.3688,22.1338,26.2732,33.2714,21.5219,13.3897,27.4181,33.4124,32.4496,30.9656,28.8635,25.8508,34.6835,32.8416,31.3675,30.2501,24.5583
53942.6000,49294.6000,26304.5000,27030.4000,41893.3000,35391.6000,25815.0000,22709.3000,22134.7000,18733.4000,14830.6000,11292.1000,9445.9200,8730.7600,7151.4200,6679.9300,7152.4300,5662.2300,4505.5800,4217.5100,3793.0400,3273.6000,2768.3200,2519.0500,2058.7900,1997.9100,1803.0000,1490.8000,1438.8300,1178.9300,1056.4400,920.3680,913.5470,846.8350,811.2260,1020.3000,1257.6600,1494.1300,1646.2600,1660.4600,1662.1000,1295.7800,885.7360,742.7840,560.9770,382.8270,162.3160,329.5630,344.3940,312.9890,324.9820,336.9500,351.1800,361.9120,417.1000,427.4010,386.2490,355.2050,306.1970,263.0440,251.0370,240.5680,191.1390,153.8780,72.8549,93.7160,158.8420,210.7700,215.7110,216.3710,174.1800,180.9320,227.0280,174.4060,227.2290,142.1630,179.0570,176.5740,199.3340,185.9040,216.2280,157.4560,98.4757,71.7675,63.1026,53.6130,48.1023,58.8995,97.2086,89.5435,93.0821,80.1489,71.5539,69.5714,54.1662,41.3461,13.7256,27.5084,51.2562,84.1778,92.3961,111.4540,154.4780,187.5090,207.4700,252.3340,276.5190,273.6930,298.2890,323.6680,293.1650,273.8630,274.4580,295.7380,281.7270,237.3150,185.6180,107.6640,53.4167,30.4177,80.4872,100.0040,94.9850,112.6110,129.3690,133.0530,134.6750,153.9640,155.6140,103.9630,84.2793,120.2520,169.3090,232.1630,256.1070,227.9900,196.0540,118.4550,30.0438,61.9647,109.5800,146.2950,149.8280,134.3970,88.5415,66.9356,137.4450,228.5350,258.9420,232.1890,184.8800,141.8330,78.5634,48.3423,79.8442,103.6110,88.0202,83.0052,91.9280,103.0010,151.0690,173.9210,170.5750,175.2060,154.8570,161.7530,197.4240,241.2560,255.2970,229.0970,190.0890,187.0760,163.7180,133.2920,124.5250,126.9010,87.0298,47.1387,52.3465,76.6640,93.2687,109.5460,130.7680,137.8110,150.3760,98.7284,58.2556,35.1476,21.5307,19.1013,30.5183,57.7617,57.1427,65.9612,90.1906,120.3720,151.5880,193.9760,202.7610,153.0270,135.7090,122.9480,105.1230,108.8410,117.3350,124.2020,126.0610,136.6820,113.5760,78.4298,66.0519,64.7494,73.3452,71.4829,69.0243,72.2742,97.1631,124.1760,103.4600,87.0741,94.3470,110.1270,70.6599,81.6808,36.1980,29.7735,10.3396,19.5553,9.5970,6.5359,12.5942,18.0582,39.9273,55.5658,63.3383,77.1985,59.2847,39.6529,48.1695,57.7158,59.0421,51.4112,22.5931,44.6688,38.2724,38.7045,21.5682,43.0569,65.4696,75.5419,76.6849,58.1679,32.9769,28.6687,44.7983,71.4447,100.0110,126.4580,140.4490,110.0680,70.0941,61.0102,90.0448,103.1390,89.3921,50.3744,29.8257,31.4292,32.0246,25.2165,31.2462,44.5304,38.1885,27.9532,13.0514,15.6863,21.9284,18.5204,11.8859,12.6998,13.5585,20.3477,25.8619,30.2425,28.3881,11.8810,10.2231,25.3326,18.7253,13.3741,24.7160,27.9865,36.5165,26.7334,38.3632,49.2295,44.1349,36.2733,25.4197,26.1920
53744.6000,49420.4000,26463.3000,27332.6000,42329.9000,35465.1000,25589.6000,22602.9000,22037.5000,18501.1000,14651.3000,11239.5000,9374.9000,8690.9200,7238.9700,6749.9300,7182.7000,5707.7100,4532.8700,4216.2700,3787.7100,3255.6500,2738.6800,2482.1200,2043.9800,1988.9000,1809.6500,1462.4700,1373.5200,1143.2900,911.1930,820.5070,718.5990,599.0950,606.0050,733.7210,866.6850,1012.7000,1362.5600,1623.8900,1486.3900,1257.7300,1051.8500,849.7440,687.8240,398.1300,308.8380,161.7840,122.4890,130.0690,149.3120,171.0360,175.0690,166.1730,61.1857,93.4853,149.3650,224.0420,280.1470,317.4370,340.0420,343.4840,318.3650,275.5520,194.6020,114.9230,115.3450,179.6850,197.7080,220.9500,175.7180,138.5140,152.6440,137.2460,141.2590,101.4370,120.1890,148.0390,190.3200,182.6070,200.5070,137.5630,81.2580,63.4357,70.5744,52.4168,49.9444,51.6570,60.3843,36.8271,32.7268,38.3634,81.1930,102.0540,85.8904,74.8925,63.5241,68.2281,61.5948,62.0871,65.9794,71.3202,71.7652,82.2152,126.4710,165.3150,194.9860,187.2570,206.8450,217.6880,196.4730,233.3110,275.4550,312.1650,311.0460,270.9340,217.1720,135.9320,61.9733,25.5204,95.5574,119.1410,104.5810,107.3150,110.9050,108.7140,101.8180,107.9490,118.6350,63.4634,44.3918,89.8389,129.4170,190.7370,219.8770,186.6920,145.6330,77.1223,37.4468,63.8991,94.1834,91.8435,85.8963,94.3756,79.5738,78.1919,128.1730,200.7890,241.9330,217.9540,185.8280,138.4990,80.7009,28.6166,32.7294,59.8792,51.0884,42.4152,60.5798,94.6629,165.7970,202.2960,188.6890,178.9800,182.1460,201.9130,238.6130,274.5280,282.0390,245.4950,205.0220,185.6350,167.4080,143.9940,134.7620,123.6480,88.4936,33.7214,38.3818,92.3692,105.2850,104.2140,128.4790,140.6360,166.0770,131.0900,85.0966,60.1092,21.2679,15.4506,20.7915,24.4670,42.9221,73.6920,95.9949,121.9160,143.5670,165.2170,166.1510,157.4790,136.1800,96.2469,86.7135,118.2900,127.3660,139.4930,135.0390,128.2250,104.6020,80.7886,75.2783,75.4328,81.0433,89.8880,94.2091,100.1620,113.5340,135.4890,139.1080,121.3790,109.9010,105.7080,58.8149,65.0807,43.8645,40.2814,26.0006,13.5693,19.0748,18.1318,22.2547,14.5032,40.3475,59.6050,72.3682,83.1402,63.6489,57.4011,66.9246,70.4607,73.7782,68.8815,33.6418,64.3153,55.6021,66.2950,41.7607,36.8586,50.6131,57.0588,64.5407,32.0029,10.0922,13.9113,52.3429,83.5174,113.4190,118.4410,122.2930,102.8520,68.7259,65.9518,89.1234,102.5850,98.7721,64.4387,36.0637,42.5435,49.3603,45.9806,43.8231,30.2811,16.8163,10.9224,13.6982,8.5038,18.8146,26.1043,27.3968,22.4812,20.9895,27.4746,31.3935,32.8604,40.1116,39.6026,31.7193,28.7009,20.8099,9.4968,14.4692,23.4224,31.9315,33.3419,35.6798,44.1720,30.0307,19.5443,5.9381,12.7581
53168.4000,48968.6000,26059.5000,26464.9000,41161.1000,34483.7000,24861.4000,22054.4000,21491.7000,18351.9000,14578.4000,11211.0000,9293.3300,8598.2300,7018.2400,6484.2900,6986.5900,5489.8700,4357.6000,4129.6600,3662.3900,3156.7700,2592.5000,2339.8000,1932.6900,1860.0300,1661.8400,1313.5400,1229.9300,1004.5000,762.4390,635.3380,528.7540,379.9590,243.1060,247.8450,244.5050,296.9330,463.6470,495.9600,463.7420,461.7790,439.6470,454.5080,406.7180,460.2560,429.2000,350.9360,332.5440,357.9060,404.0240,479.4810,493.6320,462.8530,442.8660,402.1440,377.6620,319.9900,304.9970,334.0880,347.1710,344.1470,275.3280,203.9070,118.5900,42.2735,98.2983,190.9450,216.8060,227.0980,219.6750,237.0250,212.9230,131.7090,148.7920,103.5240,155.8750,163.2590,224.6760,235.4550,252.8350,200.4510,129.3720,95.3440,73.3677,49.6163,39.0508,22.1006,29.9429,69.8227,105.3630,116.2200,124.0520,119.5990,115.4630,91.0404,48.4480,30.3585,57.8821,107.9230,117.0420,127.1550,141.9210,159.0070,183.7100,206.5530,228.3900,227.8740,234.0190,208.8970,168.9360,144.2600,177.9940,211.3640,219.5170,189.1000,154.1950,83.4940,117.0350,103.4510,139.3170,146.5170,163.2020,182.5980,180.8990,177.6240,169.0470,149.7520,129.3930,96.3986,77.7497,118.2060,187.6630,239.6040,237.2480,206.2880,166.1540,94.6078,66.1561,133.9470,187.4230,202.0210,178.6910,154.7140,110.6070,72.1081,113.2280,199.6490,253.1810,255.7760,238.3740,204.2000,135.3260,66.9876,80.2325,128.1370,119.0830,104.4880,108.3230,139.8140,189.1150,221.5920,188.1420,151.6750,130.6300,169.4630,220.4710,243.4450,263.4530,246.4470,226.8250,204.2720,170.0580,136.3570,145.0170,165.6710,114.1420,55.3333,18.6788,28.0481,65.0381,92.0929,111.0700,122.8170,151.6270,112.4820,75.9372,52.4874,16.5889,40.2523,47.8369,62.2451,59.1921,69.3978,88.1818,117.0300,138.7600,161.7150,165.6000,146.8780,131.7670,98.2008,76.0822,90.9620,117.4130,134.5410,144.8590,143.0290,93.4867,57.0279,62.2832,64.8927,72.3527,86.2568,82.6895,82.6610,88.0129,103.5490,105.2160,102.3770,96.4870,116.2890,73.9839,72.6136,48.5486,26.6180,24.3450,6.2694,9.3415,14.8573,26.0311,35.1786,57.6564,67.6505,63.9617,69.3639,32.9801,28.7575,72.1554,81.5331,74.9699,63.8047,29.9589,66.4707,69.8032,69.0625,49.2982,16.6401,43.1928,63.9766,78.6096,67.8481,42.3550,34.9304,40.8819,59.7883,85.2200,110.1350,129.0170,110.9590,74.8566,49.5282,65.3294,73.7278,63.4143,39.9234,25.0159,32.1871,52.9727,61.1233,55.6846,43.5094,27.5990,17.2976,13.5182,13.2706,8.2515,5.2997,26.0993,37.2254,39.9944,39.2988,38.1506,35.1016,36.4816,43.6333,39.3261,23.4486,15.4743,22.2841,22.8271,19.2521,16.2036,14.5877,29.2485,46.1676,49.2992,49.7273,41.3695,32.9011
53767.0000,49130.3000,26090.1000,26673.2000,41409.2000,34799.7000,25182.8000,22241.4000,21659.5000,18635.5000,14758.6000,11433.3000,9592.1000,8785.3000,7143.2800,6623.5100,7038.1400,5540.1700,4477.6200,4253.9600,3769.1800,3237.0000,2645.3100,2366.1700,1965.2600,1870.5600,1660.7700,1319.1800,1230.0700,1056.1200,809.2400,733.5110,597.4080,461.5240,388.9200,394.7930,349.5890,280.6170,256.0200,254.2200,257.4420,241.5320,150.4250,64.5430,257.2370,398.3150,474.6520,461.1780,255.4880,166.2690,215.2930,252.2550,274.1740,285.0140,273.3490,232.4890,198.7480,181.4330,163.1130,171.9190,193.1980,197.2590,163.3200,121.0460,68.9751,37.2020,108.7560,185.7230,181.5680,167.3230,135.5590,182.6180,221.1590,161.0760,170.5310,127.4870,141.2420,149.3900,172.7840,178.9370,165.4950,116.2650,50.4254,43.3315,60.3979,89.4932,94.6546,89.1931,104.5420,116.0210,124.8540,118.5400,102.4130,71.7519,50.0335,43.3310,35.3684,67.9956,84.2544,80.7873,94.0879,107.1400,110.1260,111.8250,134.6420,161.8600,180.5370,182.1070,217.7590,239.8780,203.1480,187.0710,201.8210,242.1620,253.7050,236.4090,203.2130,135.7350,99.9079,55.4221,53.5801,65.3343,69.9904,94.2046,114.1610,115.3500,109.8430,108.6320,94.8343,49.6773,58.6460,118.1160,190.3680,245.6290,252.1810,217.6090,165.0610,92.1829,84.8915,150.8940,194.7710,197.8610,170.5390,151.1790,129.4620,103.3590,140.7490,231.2950,267.3330,259.7590,234.9620,200.2150,127.5930,79.8810,107.6340,129.0080,110.2810,102.1000,117.5900,148.6940,202.0540,229.4090,202.4060,173.4450,133.0820,130.1950,177.3120,217.6880,223.1280,217.6040,206.0080,178.2280,127.6920,94.1376,107.4730,136.5180,124.7590,68.0750,35.3998,46.6327,61.5248,100.9320,134.1950,151.8820,169.0390,144.8750,103.4710,91.7845,41.6660,21.2582,27.8123,49.9715,62.9110,73.1207,93.0979,126.5740,151.0970,179.9520,178.6490,131.0380,89.9539,79.4919,86.2077,109.2240,120.4180,137.7950,139.5290,136.8530,119.4230,82.1292,66.8282,81.0716,86.5073,82.4597,74.7873,72.2863,79.6218,91.9526,97.2581,103.4440,107.6650,133.1060,87.6423,68.1238,27.9041,12.3632,8.0842,11.7858,15.7979,7.2893,4.5359,12.1865,28.3762,43.6571,54.3360,61.4733,59.7227,65.7941,78.1180,83.3624,89.7037,80.4610,38.8217,56.9041,49.3640,55.5846,39.1460,54.5181,63.6806,70.4941,70.0168,59.3291,34.6196,34.5173,55.1726,82.8794,110.6570,130.4260,147.3190,123.7050,83.8418,63.5369,82.4875,90.2108,76.8808,54.1671,17.5286,20.6241,30.8313,28.6172,28.0718,35.5648,18.1913,7.7319,17.2435,16.2565,9.4025,20.9174,47.3148,64.5367,65.3124,65.2531,60.0213,56.0654,44.9960,45.1333,44.0402,34.6094,38.8528,40.7339,33.7371,29.3837,25.0538,17.0038,33.4055,41.5674,42.7067,40.8229,39.8898,41.4192
53764.2000,49324.4000,26345.5000,27237.8000,42185.5000,35200.4000,25162.9000,22196.3000,21645.6000,18473.1000,14632.3000,11418.6000,9582.1300,8788.4300,7212.2800,6658.9500,7068.6900,5601.4400,4479.4900,4212.3500,3759.8200,3219.3100,2649.2900,2338.0500,1896.3200,1802.0500,1582.7200,1220.7500,1136.4600,958.1450,716.1590,617.4380,497.0040,374.1780,325.5270,345.7150,309.8700,249.7690,199.9870,147.1730,88.9255,33.5097,58.8010,175.5970,343.2070,362.8860,375.7030,313.7970,141.5380,103.9930,177.8560,205.6080,239.9290,272.8320,298.0070,265.6340,225.0300,204.7620,216.7330,243.4200,253.4500,246.3140,191.9250,127.5020,63.5472,20.1625,108.2590,178.0990,180.9080,167.7810,158.1960,198.4470,238.8980,157.8560,184.2170,116.3910,142.8860,154.5080,192.6090,172.0680,145.9630,94.9827,52.1992,45.0531,74.5232,104.4180,74.5772,71.0729,97.4005,101.5110,105.9720,106.3730,104.5520,76.3736,60.8995,57.6303,43.2696,60.0127,65.5444,63.3375,75.0052,97.9379,91.2716,90.9138,107.9170,135.0130,150.4210,168.1000,210.5500,215.8350,181.5530,167.9900,176.1720,210.3620,224.3820,219.1160,174.6000,106.4670,84.5196,51.1175,65.0657,77.5063,87.5254,121.4660,133.0470,115.5320,102.3310,101.0220,100.0220,51.8897,53.9680,112.7980,184.7340,258.0660,257.1310,212.3230,158.8270,105.2710,84.7239,151.7230,200.1600,204.0260,180.1330,151.3710,106.9730,97.7671,141.3550,215.6520,269.5580,265.0090,237.2390,195.2030,144.1270,98.0510,116.1050,154.5250,145.4480,127.8130,144.2350,172.2030,220.4820,220.3880,179.7420,145.1740,130.5810,146.1170,189.1670,214.1360,217.9380,218.0540,196.9040,167.3160,128.8750,102.8870,103.9950,126.6550,125.8620,82.6386,50.2936,60.7347,71.6472,86.6130,125.1010,152.3850,199.5900,145.0870,97.6884,57.6011,14.9274,13.8870,27.5498,38.8752,60.9434,87.1484,93.5103,125.1400,148.9510,180.7900,153.9180,113.3620,112.8700,92.6595,87.5821,115.6830,128.4850,142.2890,146.0340,155.8910,124.5780,85.5021,80.2346,83.3025,74.2472,66.2731,64.6779,70.2562,87.0392,91.4301,88.7160,98.8408,101.1170,121.3000,77.5390,59.4978,39.7262,27.5005,14.6607,10.8626,11.3244,7.0592,13.5001,23.0090,46.3808,45.1199,46.5092,49.1926,56.3814,48.8517,45.7158,49.7249,57.8661,57.3888,38.8207,60.0092,53.5575,50.1104,35.3634,33.5962,55.7187,63.7037,74.7991,45.2379,27.6534,39.5004,65.5885,90.0495,115.6510,134.5640,144.5880,115.9430,75.6759,48.5023,75.4116,90.4819,92.9627,53.0440,15.0354,9.4667,18.5661,26.6390,34.4250,36.2454,17.7469,9.9172,25.7672,21.9716,10.8347,23.6737,34.7642,27.3458,45.1026,63.1185,66.1559,62.9698,63.5948,53.9901,31.7182,36.2603,36.4095,26.5344,29.3433,33.0676,37.1372,31.2931,32.2366,49.7162,42.5177,40.2642,37.0781,33.5437
53079.6000,48943.3000,26027.8000,26520.6000,41249.4000,34438.5000,24691.4000,21891.4000,21319.2000,18221.0000,14458.9000,11216.8000,9346.0300,8633.3900,7046.7200,6479.7100,6947.0900,5460.9200,4348.7200,4143.4700,3697.8400,3186.2600,2632.0000,2333.1900,1900.3200,1841.1600,1632.8100,1279.2700,1213.9800,1013.9100,809.2000,656.0590,572.9780,440.1450,353.8280,396.7650,449.0350,433.9420,541.6670,524.5230,436.5620,430.1850,479.5060,386.1700,459.6840,434.4490,332.4850,279.4910,272.7350,310.0280,386.6620,440.3290,458.9460,420.6040,357.5730,330.4170,304.7580,314.5330,302.1440,299.6780,308.7440,301.9810,240.0830,171.0820,111.5430,53.4545,68.1160,170.5120,202.7530,221.4140,209.2390,223.4700,223.2780,172.7840,182.6060,102.3450,113.4670,118.9310,179.2950,192.0890,218.2220,193.3380,132.0470,92.7628,64.5035,55.9237,54.9106,44.2096,49.1771,82.2706,128.2230,163.0860,179.1150,159.1330,147.1230,81.3680,22.6412,40.1360,82.3836,119.2780,131.1910,143.2560,160.3670,172.8200,184.1560,227.8770,268.1860,251.2440,224.5640,206.2680,155.2200,112.7510,133.2960,147.9560,158.2370,153.3380,134.1270,67.8580,107.4000,122.7500,160.4830,182.8990,154.5420,156.8130,164.7650,144.7090,125.2600,114.4090,112.8990,62.1489,59.5823,116.0410,180.5400,228.3580,234.6360,204.4400,163.1030,105.4350,69.9788,123.6920,176.0510,187.9880,165.9920,140.4810,87.0224,64.5159,108.9830,176.3200,238.4050,245.1660,232.0710,190.6310,115.5170,68.4067,98.6880,146.1480,122.7060,95.7306,107.5180,155.4780,222.9760,255.5050,240.2420,208.4080,169.5130,159.8150,218.7540,283.7740,267.9700,225.6950,204.1270,182.7180,141.9690,105.0390,120.4260,135.0730,100.1040,46.5716,32.1276,65.8078,82.9891,101.3530,133.9150,150.6440,174.2310,119.6060,62.4923,21.5854,23.6634,40.4280,50.8914,60.9938,64.9084,65.0138,79.4171,114.0660,138.1140,152.4460,150.0350,125.4900,109.4910,87.3711,79.4657,102.2100,119.8410,124.3120,129.7250,131.3640,104.9780,70.8994,59.3466,70.5193,94.3845,101.8580,96.0037,92.3853,96.3076,91.3639,76.9375,86.8553,91.9732,134.8060,88.1003,101.4690,52.1912,30.0977,26.9551,31.4373,33.6643,29.5186,15.7162,5.8060,36.6166,46.1544,56.6611,63.7971,45.3056,25.9609,59.2877,73.1788,81.9746,66.4991,59.6939,80.8772,75.3437,63.0797,40.5785,11.5224,33.7898,53.4275,65.3000,50.3471,27.5328,25.4024,46.3900,73.2258,102.0850,128.1160,149.3450,124.5260,86.9184,54.6150,65.9161,76.2505,67.4462,36.3836,22.1820,25.6828,21.7609,25.1802,46.8054,48.2402,24.9105,9.1899,25.0536,17.0028,15.1482,20.4971,15.3490,19.0786,37.4353,46.4925,50.1753,50.8868,47.4640,41.2598,42.1450,50.5847,49.9783,44.1830,34.8929,30.9263,32.3510,21.1867,26.7113,33.5764,32.1593,31.0606,15.4785,9.0762
53645.7000,49062.0000,26127.1000,26755.7000,41476.7000,34936.9000,25491.7000,22574.3000,21959.3000,18687.9000,14761.5000,11311.9000,9501.7200,8749.0000,7134.6600,6658.9000,7095.2800,5563.5900,4454.4300,4214.4100,3726.8100,3287.6800,2684.9700,2418.6200,2006.4500,1893.6000,1719.6100,1391.7600,1252.8300,1030.7000,743.3630,633.5370,497.0140,327.9590,274.7570,273.7810,320.7490,603.1260,894.4330,1264.1500,1408.7800,1187.1500,909.4230,808.4170,595.6250,349.4760,335.6820,127.8450,89.6177,212.8660,281.5780,309.5310,316.8660,279.1110,200.3900,177.7510,241.2120,271.0190,277.6700,308.6770,363.6930,366.9320,308.7040,239.3330,169.9470,114.1170,81.7950,156.6170,177.1880,189.6640,164.9480,135.5460,125.3290,99.1133,106.0730,84.7422,116.2760,144.6680,184.6360,176.8840,190.1210,140.5910,83.3737,83.1787,74.9362,60.4572,51.1307,43.2814,41.0247,46.8929,95.1785,122.3490,146.6050,166.0170,133.2800,107.3910,93.0611,68.2708,33.1127,22.7897,41.8063,62.6114,69.3057,71.2925,82.7863,132.8980,175.9260,161.8710,163.5880,161.2480,142.4610,196.0040,269.2020,293.7710,294.4640,271.5620,214.0720,109.2430,53.1496,74.3245,150.3150,170.6830,156.3180,155.6800,159.9720,145.4570,138.6990,146.7840,158.5630,110.6630,75.4639,113.3330,171.4230,221.3170,236.4110,216.0450,190.6160,128.2420,78.2408,74.8045,97.0165,113.3580,81.9921,61.9849,67.5118,50.0262,85.6498,185.6050,225.6580,200.7860,176.5700,144.4240,91.2977,33.8620,41.7119,75.5062,67.6594,63.1426,80.6033,126.7250,208.1080,242.7550,223.8050,206.4020,188.1330,191.4850,244.6500,294.0580,285.4190,246.0500,210.9610,189.0880,141.6020,102.5510,120.6050,141.9900,88.2242,33.5527,42.7103,75.4455,87.5607,102.4250,131.4050,145.0560,167.3230,122.6870,74.6118,51.1153,30.5007,17.9792,37.3827,66.6437,85.9685,86.0470,93.0451,126.2170,150.2450,179.0210,190.3980,169.6590,141.8160,108.1570,96.9462,123.0650,144.9230,153.1980,143.5300,143.2540,115.2200,79.6638,85.2487,89.0050,83.9792,95.0830,98.3971,111.0060,118.6700,129.3990,129.9110,123.7690,101.4510,102.6990,50.4532,66.8247,58.3588,50.5749,49.5956,36.1545,22.0728,18.9383,16.8882,13.9425,49.7002,59.2059,68.4325,77.7626,57.3628,38.4089,50.5157,60.5128,56.2770,56.6241,35.6657,86.4983,83.0983,84.4705,48.9143,28.3131,44.2041,68.7801,75.9677,62.2207,40.2450,52.2345,62.5717,85.3156,112.7420,138.1740,137.4170,99.8482,61.5793,56.4831,84.9928,98.5728,94.5225,57.6750,35.9144,45.0959,51.6455,57.8210,57.1122,42.4119,33.7042,29.3116,25.7291,15.2660,11.7508,8.3331,17.1981,20.0729,21.9109,23.2459,23.6292,33.1353,48.9919,45.4556,28.5012,18.7047,12.9126,10.3603,27.5469,26.2443,40.4590,18.8144,26.4499,23.4401,23.1091,20.5229,10.5754,7.2083
53745.5000,49220.9000,26417.4000,27365.6000,42277.3000,35478.6000,25613.2000,22523.9000,21963.8000,18524.6000,14665.5000,11237.0000,9378.2500,8655.4400,7151.6900,6674.4400,7108.3200,5628.4200,4457.7100,4160.1800,3755.7800,3269.1900,2767.1600,2475.1700,1993.8200,1922.5500,1745.2200,1402.0300,1300.7000,1059.4400,813.8550,699.6800,566.0480,422.3830,432.9470,485.2620,543.2420,748.9140,1087.7800,1459.4600,1454.5900,1229.0800,1049.2400,866.3040,653.9270,433.4960,382.7610,186.7280,131.1950,200.0030,243.7320,268.8430,257.3120,223.8210,117.9970,120.4970,200.6200,242.8910,292.9620,320.9170,336.1340,355.4440,314.3250,250.9810,163.0160,82.0281,91.6125,167.3410,188.9620,193.2060,148.0720,130.5810,158.7830,115.8270,118.5800,75.8820,134.6770,159.4570,206.6970,194.0320,211.1680,128.2280,58.6609,32.1969,23.6931,25.4345,31.6263,38.9524,44.2048,70.2799,89.7402,105.8410,125.4640,152.4270,104.8560,66.3348,54.0342,57.6856,57.2335,25.5577,16.6735,19.9238,18.6784,23.6367,70.2888,98.5069,133.9920,136.6770,158.5880,167.9440,149.2250,190.1320,259.0010,290.8860,297.0950,280.1620,238.0230,144.1490,82.4098,38.9642,107.9170,137.6750,119.7650,118.7000,125.9510,116.9170,107.0600,116.9770,127.0660,89.4690,79.8204,106.0000,146.3690,211.9470,231.6380,210.9240,191.8770,140.5680,62.7421,45.6246,68.8656,64.3579,59.7138,76.8085,72.8196,83.4143,138.8120,204.4290,234.0650,213.2650,184.2890,151.6370,94.8930,29.3816,38.7933,72.1298,53.8274,45.2531,66.7864,107.0830,185.7900,207.2050,190.5890,181.7480,179.3370,188.4040,224.5170,272.0810,272.4190,234.1620,187.4760,169.3760,132.0380,110.9850,124.3340,125.9960,90.9118,44.3122,19.4597,46.4317,79.5880,104.6400,122.3640,132.0810,147.6860,110.9390,73.7868,49.4750,17.9650,15.1127,28.2313,48.7179,78.1438,91.1058,105.0020,139.5220,163.1770,188.3720,188.2590,171.8890,155.2050,119.2350,101.0730,126.9520,139.7710,151.8260,139.9940,131.4290,116.2480,84.1242,67.1198,78.4827,86.6987,85.7439,83.0671,103.8850,126.0210,144.0320,132.4680,125.0560,112.5000,124.8570,64.7700,76.3090,43.9726,38.6179,32.0043,32.6174,29.8142,26.9190,17.9298,9.9129,33.9230,53.7056,65.1507,63.8954,37.1158,46.3615,75.6686,66.9970,54.6710,36.2006,13.6917,52.3518,56.1313,76.8771,47.4131,51.7825,60.2681,65.0772,65.6588,40.1676,24.8284,23.5477,55.1266,80.2110,105.2120,120.7040,139.8840,111.3810,68.3249,45.2764,84.6117,96.6975,88.4829,47.2959,29.1094,45.5057,60.4614,48.9068,38.9800,42.9780,37.0410,27.4009,7.7278,7.1180,16.5129,18.8213,30.8702,28.2815,25.7259,28.7318,33.0281,39.9980,43.1913,44.9588,39.8169,25.4759,17.5670,26.4446,28.4740,28.3981,19.4846,23.0475,26.2249,44.1275,35.8000,21.3433,13.4576,29.7720
53158.7000,49042.0000,26158.2000,26847.4000,41714.2000,34848.1000,25061.8000,22208.2000,21631.7000,18259.1000,14473.4000,11111.3000,9245.1200,8609.2400,7106.1100,6579.6600,7064.7300,5571.1700,4428.8700,4194.0200,3752.6900,3261.8900,2733.7800,2458.0400,1980.0100,1914.6900,1737.6900,1376.3300,1269.0800,1003.3600,763.4310,621.5440,484.6780,324.3050,194.9400,157.5920,79.2040,306.8990,547.4130,752.6020,857.4020,784.2520,718.0460,704.6180,736.2330,598.8480,447.7790,370.8020,371.9420,417.8830,464.6420,470.5510,451.2690,407.2790,329.3950,299.3050,275.5780,253.3230,276.5440,322.9890,341.2350,337.3180,287.2830,216.6290,156.1570,82.2755,79.6968,173.2780,202.4650,216.8410,201.0510,198.4680,170.2250,98.7786,89.4500,74.4403,131.1190,156.3920,204.6600,195.4280,228.6140,149.0450,86.7499,69.7022,75.3933,60.0971,63.0803,52.2909,68.6987,73.6346,106.6020,119.5080,112.9480,113.3910,109.0110,91.7641,67.1577,56.1708,33.6934,45.0489,64.9194,90.7840,98.9310,106.8050,103.4290,130.9000,139.8100,120.2630,149.2700,162.0130,127.5530,142.9080,222.0820,250.7700,253.7530,231.2650,191.0240,92.2783,70.3647,91.1778,161.7680,173.9130,159.8600,155.7520,149.2820,137.1530,124.5250,126.4740,133.7320,87.1631,83.0430,141.4820,183.0000,208.2750,225.1820,223.5720,210.8610,153.7240,65.3833,81.3944,126.3930,124.7970,88.7790,72.4028,66.4595,68.7920,125.6780,221.4580,259.4700,240.7010,219.7220,182.7270,103.3660,47.1734,75.0485,109.2500,89.9719,78.3943,90.0534,126.4900,181.2190,190.7420,162.7370,135.4200,129.8780,176.4040,241.4210,278.5120,255.2610,214.2210,188.4310,170.6270,141.3610,109.1480,105.2910,118.5730,90.5604,37.6480,15.1710,41.0795,68.3608,98.8131,120.1750,132.1930,155.6140,100.6130,67.9898,39.1894,33.7895,26.8480,29.8785,53.7352,66.7932,76.5324,87.2607,109.1380,135.0590,168.6770,191.9730,171.2290,131.8520,100.7030,101.7290,130.1080,138.5720,148.8270,140.9970,134.4980,102.5090,52.2466,49.0446,73.8693,88.6300,102.8080,97.6832,101.5590,100.5630,114.2290,122.5800,121.0430,101.6370,103.8100,44.7023,75.3503,56.3806,52.7700,48.5722,53.2025,50.5010,37.9095,23.1587,10.3861,26.9866,47.8364,58.9739,66.5115,59.2939,62.8034,75.7320,73.8139,72.0672,57.1952,21.9615,51.2560,54.3191,59.7068,44.1013,33.8401,51.4946,67.6796,64.9465,38.0339,20.3598,26.8590,54.5663,80.1220,104.1560,111.6940,131.1150,120.5150,83.3836,53.0561,70.8096,88.0518,87.1943,59.5241,26.6832,29.1789,40.9924,41.6509,47.9147,42.0689,31.2952,20.1496,15.4719,9.7619,7.0835,10.5427,22.0730,37.7563,37.2133,33.6581,36.1346,44.9843,50.3639,39.2014,34.9059,26.1914,15.1102,11.6988,14.1183,14.1775,10.7844,5.9767,11.9120,20.4078,22.8044,21.8179,8.9563,4.9159
53359.0000,48894.8000,26028.2000,26569.8000,41218.2000,34676.3000,25242.6000,22384.6000,21779.8000,18573.1000,14687.3000,11252.2000,9403.1200,8670.1000,7076.9400,6578.8800,7025.6800,5516.5300,4405.1600,4169.7400,3715.6400,3247.7600,2694.5200,2421.2400,2002.3400,1939.6200,1742.8700,1403.4600,1323.4100,1104.2700,878.3410,770.4300,644.1090,524.7240,446.1300,477.9900,460.0270,361.0580,286.9370,220.5380,193.5290,154.4360,161.2850,177.6910,425.7640,481.7680,581.3570,548.7390,390.3280,317.3170,332.5450,380.0820,425.2650,408.3880,400.5730,380.9040,344.7120,263.5940,186.4880,192.8540,223.3030,224.4690,170.6390,118.9000,76.9390,44.1423,94.6435,182.0700,189.6540,178.1030,165.8600,201.2650,235.6540,153.6950,193.7610,137.7990,182.1910,189.0290,252.4160,253.5670,238.3360,165.9080,80.4560,54.1908,37.1500,26.9254,16.7589,14.6402,32.4471,49.8307,48.4075,32.0366,29.9302,32.1582,31.4153,41.8426,55.2340,84.3051,95.9097,84.0536,105.9140,137.9050,159.2710,161.0720,168.5430,216.2660,255.4000,245.8280,264.1760,250.9080,191.0700,145.0180,173.7220,217.8550,233.8430,215.5930,169.3730,109.4830,112.4100,95.1518,116.3470,131.4380,120.8320,125.6190,134.9910,139.8930,133.2070,143.3710,130.5620,77.6344,70.9496,125.2730,180.7990,236.2070,248.5420,210.7240,169.6170,104.6940,75.2128,106.2530,161.9080,186.8660,168.4260,141.6470,113.5700,73.8392,117.8450,227.0750,256.4930,238.3300,213.9660,179.2660,125.8550,86.2121,108.3560,147.4190,139.0610,107.1300,98.2594,130.2780,191.4370,212.0020,179.7090,150.3000,108.8570,118.6350,178.0910,238.7280,244.7600,217.0380,187.3440,173.7070,141.9930,112.9270,119.5160,138.1820,111.9520,68.5905,34.7028,8.8879,43.4310,78.2281,103.8370,130.3380,170.6930,137.4720,106.9870,69.1096,20.4336,11.4622,12.6167,34.7854,66.1718,83.2627,103.6540,132.8450,146.1830,160.7640,160.1970,143.4560,121.1320,96.5668,85.9880,99.5841,119.6190,136.7800,141.7220,145.6490,119.6380,72.6113,62.2424,79.4921,92.8577,93.6790,92.4816,77.4212,69.8026,86.7933,96.3038,88.2892,82.8190,88.6959,54.3199,54.6988,45.0184,42.3487,40.3892,40.6223,43.0419,45.7002,37.4837,25.2891,13.6204,35.5101,60.8475,73.6452,39.1766,24.9295,71.8936,87.5735,82.7733,66.2348,33.2109,65.6483,58.2091,53.6220,20.2677,25.0336,48.7008,66.0217,77.4483,66.0290,33.1178,26.3185,35.9942,60.9254,90.0574,129.9850,146.4840,120.2950,91.8481,65.8891,68.9509,80.5026,87.6502,51.8463,17.3147,14.7842,26.1690,41.3760,51.4641,41.8470,28.0892,14.4581,6.2154,3.5942,4.4469,10.5931,18.0641,31.4113,42.5617,46.7627,45.6240,42.7503,44.2781,59.9590,63.4660,45.9886,35.1062,23.8048,14.4104,12.0656,24.5172,19.6913,40.4750,42.7521,42.3441,38.7850,23.3626,14.2639
53733.1000,49146.0000,26310.9000,27242.0000,42068.5000,35239.8000,25418.8000,22401.0000,21821.2000,18576.7000,14689.6000,11318.4000,9457.9000,8667.7600,7116.4800,6620.8800,7016.1000,5538.3800,4437.4400,4177.2700,3735.5600,3217.5200,2663.9600,2334.9400,1887.4600,1808.0500,1595.4800,1239.9000,1158.5800,965.6260,707.0280,585.6990,435.1800,270.6180,186.6500,164.6880,139.4430,240.7900,370.0180,433.3120,425.8750,358.4760,170.4940,275.4440,373.9000,671.5140,572.3100,364.1060,174.7940,159.3850,194.8470,191.4880,132.3020,59.7087,177.1050,226.9030,278.7950,262.1530,229.8910,220.5880,209.3050,181.4680,136.7990,86.8966,28.5827,39.6062,118.1110,192.9290,190.9820,168.9020,121.4640,127.1310,166.0980,111.0770,112.7650,85.9856,119.2070,134.1950,170.4030,154.9580,116.0250,48.4660,55.5495,71.1400,80.9855,78.5611,85.6198,89.0853,95.9800,85.0292,94.3536,69.3091,50.3291,48.8880,58.8020,58.8952,62.0941,66.2125,74.7736,63.8274,45.0987,56.2885,59.2083,82.7583,126.8860,168.6110,201.6220,192.4410,208.7820,214.2760,183.7670,176.7390,198.0150,234.8410,243.3290,239.8920,212.3380,134.1830,101.3280,46.9467,87.6443,80.0747,77.5081,92.3981,87.5324,76.2640,83.0314,93.6085,84.6861,46.4453,59.2350,105.5430,159.5970,232.9230,255.8130,214.1780,152.9690,104.7670,86.8120,125.8860,160.4210,166.3470,148.4100,131.5610,121.9690,123.5280,179.4930,262.5170,296.3060,284.3560,247.1270,196.2830,119.2520,87.8898,124.3580,153.3120,121.4700,100.7480,127.5700,158.5060,215.4840,220.7050,185.0650,158.4840,114.3780,107.1840,148.9510,192.7890,220.0790,203.3020,169.6980,155.4320,128.5680,103.6720,101.1390,120.5610,107.7380,74.7601,47.8932,29.2314,40.4220,73.4619,107.8170,135.7500,179.0070,150.0100,101.4710,79.6140,58.7930,49.4273,48.1632,52.3677,51.0668,66.3946,105.5940,149.8410,173.8870,200.1560,194.4670,172.4460,151.2860,115.7510,101.3140,112.3660,114.9240,128.6250,138.7800,153.7170,139.7600,112.6250,98.6418,103.8070,111.0200,98.8887,88.7735,86.0565,105.4270,99.1096,92.5525,113.6640,114.4020,141.6100,85.9297,70.7551,39.7902,20.4989,18.3438,23.5370,34.6747,34.9894,33.8692,29.2895,29.5225,44.4224,65.8216,82.9255,63.8067,66.1061,98.1791,99.0574,90.1083,64.2479,26.9275,60.5115,66.7156,70.4001,40.1567,28.2295,44.4213,65.2188,58.0842,42.4962,24.1407,32.5499,48.2217,75.8555,108.6200,138.7360,142.5280,112.8620,76.7077,60.6081,81.5214,92.9718,91.6312,56.4689,14.0198,11.0500,22.3504,29.5441,45.6568,45.8417,22.7876,11.2206,15.8990,30.0698,19.6659,27.8589,31.6933,42.9697,37.2297,46.1242,52.6410,52.6726,49.3871,49.3149,45.3893,26.4990,16.8029,20.3661,26.6314,24.0947,12.6036,7.8569,27.9035,39.1226,49.2782,51.4955,48.1644,30.3288
53085.3000,48939.5000,26110.3000,26894.5000,41678.4000,34667.8000,24810.7000,22012.3000,21410.0000,18238.7000,14453.3000,11251.0000,9379.3100,8647.3300,7096.7200,6536.1000,6982.2900,5497.5100,4388.3800,4170.6500,3711.7000,3171.6600,2596.3400,2273.8800,1840.3000,1761.1200,1543.1300,1173.6800,1083.6000,899.6020,644.2800,510.0330,348.3240,186.0320,87.3455,58.1030,124.3440,310.6220,418.4580,437.6740,403.7300,299.9930,130.9850,255.1040,490.9740,710.2670,568.1120,329.1430,173.6900,247.9680,277.0630,250.1120,163.6640,66.5883,109.3400,197.3360,265.1170,258.8170,222.2960,215.4730,218.7960,199.6200,158.9100,107.0740,42.4053,42.0509,119.6210,193.4440,181.0730,152.2440,103.4700,112.8330,158.7440,115.6620,106.0450,74.2556,103.4430,116.8670,168.2830,140.0240,102.9570,28.4008,36.7696,63.4273,80.9826,100.1590,92.9661,95.7940,113.0310,105.3480,110.2230,106.6100,68.7746,67.2314,37.9348,40.8823,56.5984,65.4109,66.6083,55.8479,38.2218,43.6460,42.7417,68.5755,106.3410,140.9090,163.1340,160.4890,183.2110,186.5400,160.3360,167.2440,188.3790,215.0540,207.7750,201.2320,185.1180,112.8840,92.0080,53.2270,95.3147,95.9672,92.1210,121.5580,134.3380,116.7620,92.3444,84.4290,89.2996,41.1735,44.7466,101.8450,157.6340,234.2800,259.9830,216.4390,160.9690,107.5710,70.5417,110.3620,148.6260,154.4150,150.7310,132.1620,100.4260,100.1530,152.0420,233.3830,289.9180,283.8460,249.6790,203.9730,146.0420,107.6420,133.0770,162.2810,123.6710,102.5830,134.5750,167.2870,219.6930,224.1700,178.0440,143.1270,105.5690,113.7130,158.1920,205.6600,217.6940,195.7420,179.7660,170.4810,144.9380,107.9660,111.0440,136.0710,121.2390,86.2899,60.2585,37.8151,43.2186,78.9285,112.0640,141.8130,185.6990,148.8260,97.0521,64.3898,48.1046,43.3781,37.9166,52.1758,50.7798,65.8696,116.1010,150.3460,169.9020,191.8150,193.7950,161.4280,141.0640,119.1000,103.3080,113.8680,126.5270,135.4850,123.7800,131.1160,131.4110,108.8250,100.1370,114.5040,123.8120,115.0180,106.0270,98.2847,96.1491,95.6371,97.4681,106.7000,106.0050,118.5220,77.6350,48.4665,24.9076,12.1047,8.1807,15.2233,28.9259,42.5164,41.6257,35.3707,13.6058,26.1090,42.7686,43.8453,44.6310,44.8549,62.0615,72.6114,73.9187,56.8360,57.5546,77.0905,74.5681,72.2569,38.8168,26.0313,37.3317,51.0551,52.3196,52.4661,24.8153,48.2340,57.9901,76.9782,105.3980,144.1340,151.6880,119.9610,88.5838,74.4473,87.0234,97.9142,94.6908,47.0400,14.5110,13.7300,15.0853,22.4985,41.5782,43.1792,24.3173,9.8691,11.8580,18.8638,10.6568,10.3881,27.0859,45.1079,43.3341,41.1555,40.1422,42.3268,43.3467,44.3284,41.4809,30.2276,17.4325,9.1676,22.5189,17.8844,22.5390,22.7875,47.5816,51.1749,50.3030,45.0649,33.4163,20.2995
53060.7000,48730.5000,25844.8000,26332.9000,40960.6000,34337.4000,24834.6000,22035.7000,21429.9000,18390.4000,14550.2000,11249.5000,9404.2700,8645.6500,7035.4000,6496.3600,6918.9900,5409.8200,4336.9800,4155.4200,3684.4100,3219.0800,2637.3800,2340.8100,1912.3600,1833.6100,1669.0100,1332.5000,1240.0400,1051.0000,773.4040,695.2220,587.2520,432.5840,368.7550,392.9380,332.7190,253.8940,239.0350,235.7470,188.6000,91.4136,77.9363,223.6000,469.2240,525.3880,467.2260,384.2780,161.8410,90.4974,155.6880,165.2080,144.3050,177.6930,240.3890,240.2300,252.5920,208.8840,181.0840,184.5730,178.4270,173.8590,141.8240,106.0570,54.4912,46.6743,112.0690,172.6930,156.2710,130.9700,135.1700,180.9260,227.7650,140.1390,170.1290,110.7230,134.5970,148.4700,204.3880,180.3640,156.8420,98.9224,40.4135,20.2043,14.0428,20.3429,24.7568,30.5841,36.3888,45.9602,51.1084,56.6420,48.7291,46.3694,34.5366,42.3159,41.0472,42.5931,41.8287,46.6251,67.0147,107.5570,113.5660,123.5700,149.8710,187.5390,213.1540,216.0990,239.6570,246.6400,204.3410,156.8260,168.2550,211.8770,236.2180,223.3960,204.5140,146.9780,103.3860,63.4764,73.9788,91.6425,102.1830,122.8820,125.7990,116.5950,115.9870,127.6410,131.0120,88.2128,61.2953,116.4040,202.9610,267.3600,287.6810,249.4660,206.0900,123.1190,81.5257,105.5610,153.9030,179.3500,144.2210,108.5520,85.7650,66.9299,104.5180,198.1400,259.6120,253.8650,233.0030,193.0290,122.5150,78.1766,121.7130,160.1930,135.4860,125.1050,121.8080,139.6450,168.9890,206.9970,187.4530,158.9090,119.1910,118.1960,165.6330,219.3180,245.6590,222.0200,190.5430,190.6210,179.7630,139.3800,116.4230,146.8860,145.6830,108.4450,70.2607,44.1780,37.6437,58.7115,86.9774,127.3730,182.2090,166.5210,125.1060,91.0377,19.1999,28.2148,54.1851,66.4162,55.4145,61.4611,83.6066,115.4220,135.4330,157.2500,158.5240,144.7170,140.5060,111.2190,89.2455,100.9490,113.9870,123.7500,123.1510,132.3310,111.6080,70.1381,68.0252,89.9273,92.5281,82.5454,74.3983,67.2856,71.2854,74.4401,76.1815,86.2826,92.5445,128.5200,90.2509,84.4706,42.0825,16.7158,16.6780,14.4922,19.6550,22.0030,23.3819,22.8514,15.0615,28.9801,55.1636,69.5846,38.6533,28.2164,65.9885,69.3036,68.5834,51.3981,34.9812,80.0474,79.7851,90.1252,47.7003,28.4482,32.2684,44.7509,50.4928,34.0728,10.4830,23.8259,55.9820,86.3164,116.2710,128.4650,140.9690,119.1700,80.8555,64.1071,90.1548,104.6650,98.7887,43.9977,29.7976,59.8689,60.1012,33.1747,42.1989,57.1010,44.2678,24.2793,19.6321,28.5342,41.7642,26.5273,30.9518,32.2421,41.9317,43.9147,43.6866,41.1365,47.9580,57.7142,44.7145,29.2433,23.3267,23.5475,21.2114,18.4776,21.7630,21.2067,35.1911,44.6048,41.4937,36.7288,26.0649,21.5417
53649.0000,49040.2000,26160.6000,27066.2000,41904.4000,35221.1000,25568.3000,22530.4000,21928.1000,18572.3000,14657.4000,11215.0000,9403.5800,8664.7500,7105.5900,6616.7300,7032.4200,5546.8400,4424.9400,4155.0200,3725.9700,3231.7600,2705.3100,2389.3900,1919.9400,1851.6000,1668.3300,1345.3900,1278.9300,1054.1400,839.5270,689.5650,585.1020,448.3190,333.1060,360.9500,358.9850,257.2020,325.6150,297.5070,331.4020,388.2590,442.9630,444.8460,490.2530,491.4970,352.6220,267.2520,275.4190,290.6100,339.0500,375.7760,408.3660,411.6770,411.8610,380.6000,321.9710,253.8850,217.9510,234.3380,248.0980,234.6850,178.5730,123.6110,62.4588,27.4371,108.8690,182.0480,181.1760,171.0780,169.2540,198.1450,173.3210,96.4980,111.4280,92.7935,141.3880,171.7180,233.1080,228.1700,244.8930,172.4940,97.7827,78.5329,91.5502,88.4853,72.5418,62.1926,55.9680,26.6589,62.1994,84.7832,115.3270,131.9680,117.7770,94.8372,75.2910,62.5721,50.3587,37.6331,41.4712,75.7857,107.3900,123.0580,162.1080,201.9120,233.7630,226.5920,213.5480,175.3330,141.6770,141.3120,198.5970,225.3630,236.5070,210.8550,168.1690,93.4366,83.2936,79.0886,128.5830,159.8330,171.6130,171.5560,159.7440,135.0060,130.6880,133.0590,126.5540,94.2393,104.3440,166.7980,215.4680,256.4940,267.1080,244.5760,222.7450,167.5170,96.1314,63.2132,84.4911,80.3695,58.7104,66.4126,64.0742,66.1808,121.2990,204.2830,256.1190,240.1920,209.6700,166.9400,90.2671,41.4945,80.8940,123.7560,92.8800,71.9234,63.6686,95.6844,160.4200,206.1750,194.2450,167.5350,127.7500,138.2030,204.4190,276.9010,276.1020,243.0900,213.3830,196.1510,158.4950,132.6030,133.7850,142.7300,125.6390,93.8234,73.5632,57.6034,52.5964,72.1904,101.4300,138.3540,164.3980,130.9120,86.5886,62.4428,46.7076,46.7831,46.1575,46.1135,44.4446,58.3252,80.5689,105.7280,139.2090,169.6610,185.9240,160.6650,147.7660,118.5460,88.8758,101.0450,132.1480,139.6870,132.9580,131.6500,104.6160,55.2607,53.9710,86.9043,108.7490,102.2100,80.0420,70.1709,76.1317,89.5336,92.7902,97.4755,87.5668,126.3700,89.7306,89.9540,58.5209,31.7725,19.5400,18.2725,13.1852,22.5917,23.8364,25.2668,10.3834,16.9889,31.6743,33.2143,24.2082,30.3050,58.4589,65.2661,68.2886,53.5593,32.7392,64.0062,62.0673,67.0301,45.6198,33.1128,47.9137,57.6364,64.3649,49.2482,20.4280,42.2784,61.8440,84.3091,106.2640,125.9020,142.9680,125.6630,89.0440,72.7381,93.3330,106.3840,102.4220,56.2686,24.7832,31.1422,39.6177,46.5152,63.2861,64.6599,52.8221,38.0028,23.6098,21.3342,27.1420,25.8589,34.0115,33.2374,26.4188,24.3866,27.9683,34.0857,46.3569,53.7626,36.4720,27.2848,24.7229,22.7238,31.0881,37.3415,43.8056,26.9239,13.6447,13.4499,12.7317,12.9900,7.8864,5.0429
53408.1000,49119.6000,26294.5000,27274.4000,42203.2000,35212.1000,25358.3000,22456.6000,21842.7000,18369.4000,14512.3000,11177.5000,9355.1400,8671.0100,7195.8200,6712.0700,7155.9800,5635.1100,4487.6600,4242.2400,3779.2900,3281.9000,2711.1800,2427.1400,1960.3700,1852.9200,1654.1000,1309.5300,1207.6000,979.4110,742.5560,614.8020,478.7550,352.9070,247.0130,212.9820,102.3360,212.2330,451.6660,670.5960,817.4940,777.0600,729.4600,725.0020,746.0270,530.5820,343.1310,215.9670,205.5020,291.4290,340.6300,374.1030,415.3120,392.2300,377.5700,328.7680,321.3630,285.4760,276.5590,309.9590,322.0000,320.4840,285.3020,227.3510,143.9620,72.3856,97.2109,176.5400,204.3200,205.6700,161.9310,126.1920,116.4230,72.2260,80.3412,82.6933,151.6570,176.1730,224.5030,216.0970,245.0410,168.2960,94.7206,64.3582,61.2368,47.9498,52.2092,61.4097,57.5291,60.2038,66.3614,59.7479,67.4796,84.5955,88.5322,92.0163,85.2055,69.6360,30.0441,28.2630,47.8898,21.3309,40.2713,60.5096,98.1526,143.7810,179.9610,172.1120,195.4650,213.3510,183.4130,203.7720,249.6480,276.5480,267.1060,256.7410,227.9180,130.5980,50.6028,45.6984,108.9640,134.2580,130.3060,133.0050,127.7290,130.1770,109.8070,106.0030,110.1160,78.9644,51.1164,64.0977,95.8734,126.4890,140.7300,130.0950,114.6270,76.9099,14.8836,59.2424,88.2096,105.0420,115.9260,112.1490,85.9112,99.5259,172.1180,242.3320,284.9690,281.1640,245.6470,194.8020,98.6581,62.6461,97.9957,114.9310,83.0007,68.5297,74.1489,106.6960,156.0230,179.4340,171.9830,159.2960,138.7930,151.0950,216.9660,277.8240,291.3610,267.1090,224.9470,216.8670,189.0870,166.9320,159.1040,179.2060,173.7670,141.1680,103.3450,67.5182,40.0504,64.6110,104.1730,146.3520,166.5840,139.3370,115.8730,95.5223,62.8898,41.1075,44.3924,42.9621,42.0595,55.4496,80.7669,121.9510,146.7500,170.5220,166.5160,154.4230,133.2010,94.8349,80.1877,98.8735,113.8130,123.5350,121.7350,114.0890,81.8499,50.1149,45.9147,63.0609,75.7000,72.7110,66.7691,68.9527,74.9956,77.6486,67.2433,69.8264,64.8503,107.3260,81.2846,105.7300,74.5069,46.4448,33.5738,27.9034,15.0973,14.4976,12.8514,18.9521,27.2407,31.8574,40.4409,53.0301,41.5163,26.2484,43.2389,53.6021,61.4539,57.5283,47.0734,75.3514,65.6239,64.9795,49.7405,51.1852,72.3391,70.6147,64.7858,37.4672,13.6068,50.1926,71.1929,93.5544,101.9250,124.0590,140.5470,122.7650,89.4170,76.4779,93.2561,104.9730,102.8380,45.3398,17.4702,30.5725,32.3742,28.0575,40.3969,33.5339,18.8111,7.7570,8.4032,18.2521,19.7391,29.0116,36.5993,44.0188,52.6295,52.5361,52.7886,50.8533,55.9790,47.7593,23.4154,25.0309,31.8263,23.4438,32.8011,41.6291,48.6992,38.2920,23.6685,23.1847,20.9632,13.3155,17.2846,28.8754
53019.5000,48776.9000,25982.0000,26471.3000,41155.2000,34611.1000,25154.5000,22273.3000,21667.9000,18284.7000,14458.4000,11004.5000,9193.8400,8578.6900,7047.4500,6534.8800,6998.9600,5478.6600,4350.6400,4154.1500,3710.0700,3255.6600,2701.4900,2457.8500,2042.6500,1966.1600,1753.0300,1404.2600,1298.5300,1039.4300,799.2740,692.8610,540.4180,394.4820,311.8660,305.1060,209.9970,262.0010,474.6810,752.1690,872.9330,831.3740,804.6550,801.0930,798.3550,570.4920,372.6190,264.8000,245.6800,306.4080,355.8730,375.2790,370.2380,334.0690,330.0040,304.2250,291.8740,245.3230,244.4940,286.3020,305.7150,310.3920,262.6710,210.7950,140.7830,73.9302,72.0680,158.0240,182.8640,175.6840,143.8310,142.4670,130.5610,78.4945,63.2767,57.1360,122.3960,169.9290,222.6610,212.3740,239.8590,154.1670,87.1706,63.7009,54.0424,51.7049,59.1170,77.5985,71.2096,82.3775,95.1957,82.7662,90.3706,107.8690,128.3990,113.8310,94.4859,76.7918,61.2745,46.9283,51.0682,44.0739,34.0390,60.6495,99.4610,139.7490,177.3910,174.3300,187.9580,211.9340,193.3290,220.2580,253.7250,281.7920,273.3400,256.0690,224.7030,136.2020,63.0109,35.2683,107.0140,132.4220,119.2070,134.8350,149.0270,151.4120,116.5510,109.0480,123.1070,94.0147,66.8590,69.1737,87.4623,120.5560,135.7300,125.9030,103.2860,69.8585,11.2753,68.0177,92.8186,105.5840,107.4320,114.2230,108.9740,101.1930,160.0470,251.4370,298.3350,283.5310,244.7150,196.2380,111.7760,73.3512,116.2130,146.3460,107.2250,82.9147,90.0053,120.5430,169.0540,191.0830,171.7580,146.4970,118.1290,130.1740,191.2570,268.9300,284.0920,256.4820,219.2490,203.7820,164.3170,141.3200,136.7290,137.7210,138.7620,111.7010,76.3848,55.5540,45.9162,37.2659,73.1147,128.4340,169.5350,130.0390,102.7600,71.8320,57.3736,48.8230,40.0268,42.6071,47.8871,67.5488,96.4818,122.6740,144.5990,172.4090,191.3620,180.8620,167.7720,124.9260,97.0220,123.7160,132.6590,143.3930,137.8740,156.7170,119.6900,57.1487,64.0625,85.3988,82.5531,83.7301,74.3016,59.6928,66.2015,94.7786,101.5480,91.8173,82.8005,115.5240,79.6695,89.9768,56.3392,42.1030,33.8194,28.5416,17.6520,19.0432,13.8128,10.2159,36.6907,53.6431,58.8925,54.3517,34.2650,37.7111,58.3606,53.8257,61.5049,42.8919,53.0314,74.6679,82.3471,75.8969,58.7303,69.8836,82.7914,86.4359,78.2803,47.8506,13.1461,18.8457,49.7729,84.5358,118.3180,124.5150,120.5600,110.7950,80.7994,68.2470,88.9707,100.1730,93.4362,48.1830,21.4272,21.4950,25.8126,33.7507,47.9460,48.7266,28.9729,16.1077,16.0003,12.8870,6.0002,2.7371,8.9468,29.5967,40.5208,39.3154,35.4246,33.4657,39.2277,36.1749,29.1352,30.2224,31.9276,33.3972,34.6320,37.0203,39.0606,45.6757,23.1558,22.0152,5.3343,6.7557,11.5952,13.1436
53813.8000,49160.6000,26198.9000,27015.3000,41884.6000,35338.9000,25773.5000,22700.0000,22114.3000,18679.7000,14744.1000,11204.9000,9413.4900,8702.7700,7156.7300,6728.5500,7167.2600,5642.6600,4508.0500,4238.6900,3787.0100,3303.2300,2755.0400,2489.8200,2042.9500,1955.9700,1751.2400,1410.2000,1304.0100,1041.9700,833.0830,692.8240,592.3570,451.0250,326.0860,337.7640,325.0230,190.4820,182.3760,125.5460,207.9670,228.7910,307.3610,385.8880,469.2230,540.9160,488.9610,407.6410,388.5360,378.8030,428.2720,474.6680,468.7560,427.7920,388.2880,372.8220,324.3310,239.3420,202.7850,232.6440,259.6990,259.3840,209.1870,150.4830,88.8220,42.6091,75.6856,159.0820,176.5270,175.0450,158.0300,179.9340,179.0780,98.6996,134.5210,114.4050,163.8440,199.2270,258.2370,243.1810,255.4040,192.2720,117.5490,103.8660,98.6502,92.1862,84.4965,75.9831,60.7345,15.1026,50.5398,77.1821,108.1050,135.4420,120.7190,84.0008,66.2501,58.4994,50.2201,36.4828,29.7085,67.7552,99.7302,118.8570,161.0770,213.4330,230.8390,198.6460,192.9970,181.6680,156.7700,151.6080,196.1260,225.1280,225.9330,193.1150,164.5970,95.8564,104.5800,100.4810,158.7580,177.7690,168.3330,169.1670,168.9110,149.6280,147.2010,146.1970,143.8270,89.5032,73.5256,136.9870,196.2260,249.3290,270.9180,240.9900,201.3610,125.2010,86.3973,118.2870,150.7850,142.6950,109.6000,94.0744,70.4728,65.3333,130.8050,229.6140,279.4500,263.6130,237.5660,189.0030,99.5243,53.8550,101.2690,148.1850,127.1810,99.9630,96.9676,122.5250,176.5970,199.0570,169.1350,134.1860,107.7340,138.6280,203.7290,265.6120,261.6460,229.9440,201.0290,189.4720,160.7790,121.1550,105.5040,112.1110,88.7651,50.6691,20.4336,26.1125,25.7142,50.5026,99.4687,129.1690,161.8720,110.6710,76.6764,47.8689,41.6831,50.1515,53.9645,54.6285,57.5427,71.7447,103.6730,137.1930,159.4670,180.1060,201.0880,205.1270,193.7380,146.5360,102.0430,109.6880,141.0010,161.4160,166.2650,165.4590,122.3890,81.5035,88.1177,114.0260,117.3930,112.9100,100.7730,98.9823,95.7038,104.9170,108.6680,103.2360,81.7756,104.1670,61.7851,95.0264,56.2306,43.2960,43.2003,48.5705,44.6785,52.7259,59.9871,48.0038,37.7240,35.5676,49.8443,64.2574,56.8550,51.6616,77.7897,83.9384,91.2544,74.4854,42.3904,72.0580,72.7295,71.6749,50.6010,45.6271,59.7931,70.3430,68.2832,49.7201,27.0350,28.8288,50.4536,80.5466,112.5050,129.2110,130.8420,113.7900,81.7539,59.4212,77.6172,92.5176,90.8514,63.3760,34.8073,34.3587,53.2433,42.6769,29.6961,26.3164,29.9435,36.5017,36.2418,22.1374,14.8904,21.4863,37.9299,53.0135,36.3335,28.6231,32.0514,33.5085,32.0079,35.8235,38.2662,19.0640,9.8155,21.7324,28.1056,24.9816,25.8646,14.6929,15.9515,21.3983,23.2927,17.7631,7.0943,10.6409
53524.8000,49181.8000,26351.2000,27280.9000,42198.5000,35277.5000,25393.6000,22432.9000,21861.6000,18430.7000,14586.2000,11206.2000,9363.3900,8683.2000,7205.9000,6693.9000,7128.2500,5653.9800,4483.0100,4188.1400,3760.5800,3257.8200,2710.2600,2420.9600,1979.2900,1894.8900,1688.0700,1343.3300,1258.7700,1045.4800,822.9220,701.4890,570.2090,460.0140,374.8670,366.7210,356.3200,276.9630,186.1740,186.6520,217.6940,156.9420,112.7840,140.5580,345.4410,403.3550,505.1760,449.4200,293.2860,241.0560,257.5100,319.7420,360.0220,355.2550,373.7850,352.0130,311.6700,248.5800,216.4990,229.0530,241.6440,251.4530,205.2400,151.0450,100.7720,58.1475,80.7223,159.8740,172.3090,162.7160,163.3350,213.6980,250.2790,157.8070,163.3870,107.9580,166.2600,181.3910,224.2760,230.1490,220.8990,162.7230,78.8853,52.4479,40.6195,28.0363,17.3635,20.4423,30.1897,39.1023,38.3193,38.7432,60.2640,57.3011,72.8410,64.5031,61.5768,86.0795,94.1529,91.4641,115.5900,131.7000,130.1720,132.6540,151.1110,190.2440,221.7440,218.4710,224.1440,207.4240,156.5670,123.2820,163.2760,200.6640,205.2110,169.6280,153.1060,105.0030,104.3550,85.1545,94.4072,119.2750,120.0280,127.2970,151.5620,150.5840,137.0820,134.0300,121.1550,77.3311,75.5784,124.0550,191.3990,266.5810,278.5110,229.1860,177.7340,118.2420,81.8214,120.0690,179.3370,203.2740,166.3520,133.0140,110.7780,83.2866,111.5710,203.8450,268.6360,264.1900,241.3970,195.5230,119.5050,64.3937,93.9198,137.4230,127.1940,109.4300,120.0460,151.8610,211.7090,244.1510,196.0730,159.2050,133.5220,150.8590,197.4980,248.8050,258.1440,227.2870,202.3780,190.5950,162.5330,138.7440,133.1350,143.4240,141.3990,99.2292,57.2974,29.9012,29.8668,55.3397,96.8528,142.2320,181.2200,153.5920,126.6340,100.1020,50.3650,24.6312,33.3481,51.6980,68.9756,85.5540,95.9933,125.9390,152.2010,185.2100,187.7610,160.7310,152.1910,123.3940,95.3718,110.9740,126.9250,144.4100,147.4040,169.5210,146.7190,98.5985,85.4102,83.0257,83.0271,78.2331,76.4075,69.8208,78.9450,96.3089,101.1470,105.7780,101.7710,131.6080,87.1035,82.0614,48.6930,34.3015,24.9365,16.6116,17.4444,22.8562,5.3214,18.9121,53.5137,69.6055,80.5998,78.2130,54.0975,57.4541,83.9405,86.1588,90.1729,73.8107,35.2126,62.8155,59.1222,56.9016,33.9851,46.1191,70.1790,82.4401,85.3220,56.3901,37.6113,19.8713,49.2554,74.8884,114.1830,119.7020,138.1240,130.3760,93.5040,58.5487,80.6372,101.5030,93.4175,57.2546,25.9898,17.9806,27.9827,40.7620,54.9875,49.6425,33.8304,15.5040,10.7531,11.5755,13.7159,18.3637,33.6782,40.1582,41.3520,41.6990,37.3361,39.2889,42.6118,34.6271,27.5161,39.1756,44.3010,36.5282,28.9656,25.6507,21.3310,12.2047,16.2599,26.2684,32.5493,29.3328,22.7576,9.0473
52992.0000,48797.4000,25919.8000,26401.5000,41084.4000,34349.6000,24750.4000,21999.8000,21419.0000,18260.6000,14470.9000,11121.5000,9239.7700,8547.0700,6992.1200,6489.2700,6968.7800,5445.8000,4322.3500,4127.3700,3668.4900,3206.2300,2625.0700,2368.9200,1980.5700,1898.4800,1701.5200,1346.7100,1250.7300,1075.2600,800.4590,719.9790,602.9760,443.9860,391.6680,410.9840,371.5980,333.0860,379.1100,460.1200,477.3350,415.9000,264.3760,130.9580,273.5010,459.2190,507.8890,490.0650,268.3560,169.9920,239.7350,270.2330,290.7180,285.9550,276.8220,251.1430,230.4820,196.1460,173.9560,211.1370,219.3070,192.5630,157.5410,114.1690,79.1955,40.3892,112.5970,175.0220,171.8170,156.2000,145.3970,186.8410,228.4000,151.6790,161.3740,115.6830,155.9620,181.0820,216.3180,200.5370,171.3200,108.0260,45.6774,33.5712,49.6082,62.2049,57.2013,82.0499,128.6910,132.8500,138.3550,148.2420,136.1690,118.3160,123.3620,90.9292,69.5068,73.7598,70.2506,57.9924,67.8247,78.8623,82.6878,84.5654,101.4360,130.8460,163.7850,185.3290,208.8700,207.2520,162.0300,144.6240,171.5700,197.1730,196.8770,187.1420,177.0060,121.6910,116.3290,102.5790,106.4300,132.2420,133.8590,146.6520,156.5400,135.4820,109.2880,95.9485,81.5901,57.6370,76.4774,132.8930,194.7300,264.6990,289.5150,244.4880,179.0850,114.8710,102.4410,140.3490,182.7250,180.8660,135.2020,107.6510,110.6260,108.3440,153.5840,246.4600,271.3620,248.9700,223.2530,190.1900,122.0680,51.2156,65.8750,112.8480,117.4660,89.9637,94.2815,125.4700,198.4190,231.4570,186.3830,158.8150,112.1290,114.7530,170.9110,228.2540,232.4830,211.3410,182.2680,156.8530,113.3480,76.3075,82.1592,91.3789,78.5138,51.2767,37.3997,42.2600,41.9441,45.0746,68.7629,104.7260,141.7280,120.7710,109.6580,97.5690,63.1714,28.1845,31.0321,42.9279,52.8141,77.2723,92.4793,123.4670,153.9090,185.6960,171.7230,145.6340,148.5780,139.3700,128.0410,113.2350,122.6850,137.8750,152.9170,155.0230,132.4430,86.0539,55.6446,63.7237,82.0890,78.4501,66.2740,60.6604,80.7556,93.6922,89.5884,96.2104,106.4150,133.7630,83.8980,83.8771,45.0337,28.1390,18.6561,13.9687,17.2061,28.1401,30.9658,19.4792,36.0424,57.7899,83.7139,92.9834,65.7312,48.8496,66.9327,83.1741,98.9226,89.1328,57.2846,70.9506,58.4309,49.2152,27.6036,46.2395,60.4058,71.7236,76.7149,60.5131,30.7869,17.4848,38.5987,69.6713,103.3180,123.7670,135.1520,115.0080,79.8112,61.1103,85.5640,101.9010,92.7285,62.0357,36.9303,20.5893,24.1349,31.2904,41.7735,41.2724,29.3451,20.7115,15.8111,13.7647,9.7562,10.7702,21.7073,35.0391,38.4872,32.9735,26.1096,26.7508,31.8239,33.2434,33.8496,34.1418,28.7646,38.2079,37.0324,33.0599,11.9897,3.2786,4.4396,23.6328,28.1062,31.9915,28.7350,18.8570
53554.3000,48923.2000,25992.4000,26666.6000,41378.2000,34829.4000,25321.8000,22356.9000,21753.0000,18620.4000,14721.6000,11320.6000,9483.1800,8696.8300,7106.0700,6637.7200,7062.9800,5559.7800,4472.5600,4229.6200,3755.6000,3281.5100,2684.9600,2400.9800,1996.9200,1892.1300,1679.3900,1333.0600,1232.8500,1044.2400,763.8950,672.4940,554.7450,387.7080,335.8730,332.9370,312.7680,324.3570,446.7130,553.9670,569.6030,474.5540,304.5500,162.5610,264.6770,449.3080,491.6040,489.0910,286.2160,185.4360,236.2250,279.4190,310.8360,329.2480,307.7250,259.1260,215.6020,191.2390,165.0380,187.7530,211.7630,197.1880,159.1640,115.1500,71.5315,38.1563,101.2730,172.0280,181.5560,178.3160,152.3760,174.4960,204.7740,140.8960,164.4420,115.0410,159.4730,171.6850,209.8860,199.1400,174.7930,114.4630,41.3835,46.7506,49.1898,62.0026,61.9869,88.6569,118.7660,109.9730,108.8670,127.0690,114.9450,122.8620,121.1370,80.5346,69.6035,64.6767,67.5099,61.3878,72.8277,79.5365,60.1939,63.8683,99.2042,134.6150,162.3230,176.0720,201.1820,179.8010,134.8730,135.0950,182.5630,207.2700,215.9000,211.9660,187.8750,127.9030,96.8309,87.3992,106.8220,134.9120,131.3890,140.5980,142.1010,121.5740,106.3090,81.7611,66.5058,45.7544,68.4783,122.3090,183.3330,271.4570,310.1810,267.2050,207.0320,143.4470,99.5717,133.2140,180.5880,186.5560,128.6910,87.6344,73.4206,75.1978,139.5430,235.6480,265.4120,246.9460,216.9710,174.7470,92.0009,56.1197,91.7513,126.8210,117.7700,106.9360,124.5960,146.7210,199.8230,209.8910,179.3940,160.3220,125.0480,112.9800,156.0940,208.7520,209.5280,183.3030,151.4450,118.9090,76.2635,70.7342,99.6165,126.9500,104.5220,69.0504,54.4289,51.4684,49.8809,55.6442,76.4366,112.0670,149.2670,124.5330,100.7590,74.9766,35.9246,27.9891,52.8808,70.9613,62.2393,59.0793,81.0696,123.8750,155.2410,190.4570,182.7690,131.2170,114.3400,115.4640,108.4020,101.8570,109.6820,129.1500,140.5750,150.4710,136.3020,87.6184,40.3221,43.2675,76.3255,72.0643,50.5951,51.8850,81.8422,93.5741,78.7101,76.6749,84.4443,104.2040,79.2010,75.0179,56.1686,34.1437,28.4774,30.2303,30.6322,28.1080,22.0172,37.9828,62.0652,62.2796,69.8439,65.3774,38.4152,40.9533,81.2446,77.1392,87.0710,70.5550,59.2293,89.5281,77.9405,58.7548,26.2203,32.7168,64.2343,81.2471,86.4119,64.7851,38.2592,23.0789,40.1614,74.8967,114.5250,154.3460,157.6100,127.5930,88.7998,61.4428,79.1630,97.3288,94.7722,60.0539,32.7772,10.6857,21.0700,42.0613,50.9395,48.7221,39.8997,28.2023,17.0393,9.1088,3.0806,6.9361,14.8906,28.9858,32.6571,33.6503,48.5624,50.7972,46.4475,36.1874,39.1028,39.6400,28.5411,32.0791,39.4323,32.5657,20.9837,5.7175,23.1458,35.5715,38.0348,35.9921,27.7821,26.5688
53557.1000,49081.9000,26311.3000,27309.4000,42185.4000,35258.2000,25360.8000,22378.1000,21804.5000,18460.9000,14588.1000,11230.9000,9403.9500,8672.9800,7172.2900,6676.9700,7088.1500,5609.1100,4492.8100,4226.4500,3766.6300,3272.1100,2693.3000,2417.3400,1988.5500,1872.8700,1667.3800,1316.5500,1206.9100,1014.1800,725.9610,619.3990,494.7870,363.7300,361.1790,380.5730,356.1570,409.8620,536.8410,649.2670,680.6820,590.2530,387.0100,201.1470,302.2700,493.3830,473.2460,458.7630,247.0160,130.5980,187.8780,217.9890,230.3500,263.6000,269.0040,265.9160,263.3310,227.1720,205.6980,204.5030,223.4250,229.1120,179.6090,117.3530,72.5868,36.0166,94.0747,176.0720,191.5520,194.7910,168.2780,176.4840,196.0290,140.6980,170.5210,127.3260,177.6450,194.6440,226.8260,217.6940,192.6790,127.2850,37.6309,20.8749,39.3537,50.7176,56.0140,76.1096,97.6086,98.3740,106.4650,116.8810,97.0406,95.9558,101.6870,96.7400,80.3389,82.6173,65.9715,49.5969,54.8445,79.2003,84.8142,82.9362,94.0016,128.8660,168.0050,185.8880,204.0710,203.0510,167.1850,140.3020,154.8760,188.0550,206.3310,201.0140,179.8870,128.2550,116.1060,91.5495,84.4137,98.3031,119.8400,145.2220,142.8670,117.5040,90.8501,84.1834,85.9415,69.6079,74.3603,128.9980,202.9610,280.7680,280.2660,223.6300,160.5460,116.1070,116.1830,148.9380,187.6720,182.6810,161.3220,141.6130,112.2910,118.4870,165.8210,235.4200,293.9300,284.3890,253.1880,201.1120,129.0410,62.4638,85.5037,130.4320,102.4100,82.9261,111.5500,139.9610,193.5020,218.8140,187.6470,162.2140,115.8610,111.3490,157.0320,204.3470,227.5170,209.5740,176.0760,152.9220,116.5520,75.0328,77.0208,102.5570,89.2693,56.5698,39.3011,33.7159,34.5087,49.2892,80.6231,108.6630,158.4140,133.1450,108.8240,82.3253,50.0240,28.5768,30.2805,50.4348,54.7943,63.0832,86.0508,117.7130,148.3040,183.0000,186.6760,144.8430,129.5660,109.6870,87.9412,109.0920,120.8050,135.7600,137.3750,157.5630,128.1100,78.3002,67.6313,73.8495,86.0617,85.2984,75.8629,59.1376,64.6827,79.7864,97.6722,106.8890,103.3930,118.2910,82.3406,73.7597,60.2026,31.0411,20.1408,15.1993,20.4897,14.8796,11.7138,24.8505,42.8196,60.7963,82.3873,95.2103,72.3773,52.4761,74.5869,93.5752,107.4440,94.8965,49.7900,72.3110,64.2596,60.3601,35.1591,31.9625,44.3983,60.6130,72.1474,76.0546,35.8351,40.3605,49.4148,75.5633,106.6340,146.2390,169.2600,145.5990,107.7190,76.9759,91.3685,111.8490,107.7480,70.4948,40.0883,17.6076,9.6581,20.6489,23.7904,32.6657,28.1165,22.3758,24.2988,19.0668,13.8682,7.6809,6.7369,27.7630,38.4448,41.2328,38.5331,30.0397,25.6081,33.4789,40.9402,37.8094,36.3692,29.0683,21.5674,16.8889,16.9913,13.8916,10.8651,19.0664,24.2907,29.9294,29.9594,13.9025
52884.6000,48781.6000,25968.4000,26556.0000,41274.2000,34481.8000,24828.4000,22049.8000,21461.9000,18258.1000,14470.7000,11125.3000,9233.5500,8563.9800,7053.0300,6518.7100,6982.7900,5486.2100,4369.5300,4166.3500,3708.7200,3236.8900,2665.8700,2404.6400,1985.4700,1900.5300,1706.4900,1338.9000,1241.1500,1056.8900,767.1680,670.6380,554.8320,406.5720,372.5270,365.2630,329.9310,367.7270,508.4960,635.3990,670.9820,582.8880,399.2070,211.6690,250.2320,481.4710,486.0990,487.5800,252.3270,138.0690,200.5960,224.0590,196.9610,209.8450,240.4010,217.9850,229.9170,195.1980,162.9490,162.9670,167.3950,167.6100,143.0040,99.7792,32.8640,18.5681,100.3300,179.8140,189.4050,180.5010,161.4740,193.5710,257.0690,191.3140,183.7370,114.6990,129.8330,140.5180,210.2310,201.2030,184.3510,110.4970,41.4373,22.6826,8.6040,16.0173,25.4031,32.3789,53.5673,61.0609,75.8044,46.7770,37.4623,36.6431,50.1435,53.2138,59.7760,75.6787,77.0741,64.0032,66.8043,85.8810,110.2750,114.8090,141.2900,173.1310,199.0530,186.4290,214.2440,229.8880,185.9880,135.9960,145.2000,194.6210,228.5150,227.5080,197.7430,145.5490,137.6420,107.6910,79.6657,82.8662,90.0876,110.0530,119.0740,111.6150,103.1600,102.5150,90.9941,60.0409,73.6932,135.5200,206.1770,267.0160,273.3520,231.5690,171.7580,128.2030,84.2586,136.1230,180.1690,194.2110,186.9790,185.6800,154.7070,136.0340,173.0070,241.1030,279.3120,274.5250,245.7770,200.6360,138.3370,106.5750,152.0560,180.5380,143.6140,124.1000,142.0440,176.8310,234.1640,248.5040,199.1630,161.0800,130.6490,136.2330,176.8100,221.4150,230.7870,209.4140,188.7790,176.1820,147.8930,121.4340,118.0710,135.7770,131.1040,98.9704,70.5037,37.3003,6.1188,34.9062,72.8786,104.9110,165.6060,152.7690,130.9350,100.4460,51.7276,43.0517,40.5719,33.7792,43.9482,62.5905,95.0482,137.9710,164.7220,191.3730,190.8730,166.1630,141.0720,118.7190,95.5027,89.1562,100.4840,125.1710,136.4060,134.7820,113.8430,86.1693,65.9484,72.6966,91.7352,90.0253,78.5015,58.7959,67.4881,90.8732,96.1016,95.0788,95.9754,112.6960,79.6091,62.2769,32.7424,12.1428,15.5989,16.0456,33.5538,27.1209,25.7947,26.2685,24.4479,35.8704,59.0429,66.4921,38.5979,37.0765,69.0034,75.8734,62.9327,42.8363,14.1883,44.2213,53.8797,60.4695,43.0741,20.7608,39.0049,54.6040,62.6060,59.5664,34.4538,24.5680,42.4411,74.9574,111.0370,137.9160,147.0490,128.7280,91.2745,62.2465,77.7187,93.8200,89.4152,54.3704,27.3304,19.5940,32.9243,54.2418,72.0411,62.0982,41.5302,19.3108,11.7147,14.2761,19.0938,20.7239,42.0695,60.6260,55.9752,49.3091,39.7882,40.8883,53.0950,62.2635,50.2167,36.5188,48.4425,57.3268,51.0029,44.7760,33.1315,15.2408,28.7845,44.4392,49.4972,48.8913,38.3150,39.2306
53461.6000,48930.0000,26057.0000,26707.1000,41419.7000,34903.4000,25447.4000,22514.8000,21910.9000,18679.0000,14732.6000,11236.9000,9445.0200,8734.3300,7153.2100,6666.4500,7096.5500,5566.1700,4475.3600,4247.9700,3741.2400,3293.3700,2684.7600,2434.9700,2037.6400,1914.9100,1721.3100,1390.7700,1274.6500,1090.4000,816.4990,698.2520,560.4490,420.6670,389.4640,379.5260,353.2180,397.7970,539.2580,652.3930,700.0320,636.9430,445.8560,226.8220,233.4560,514.2850,543.5150,510.0730,293.9370,139.0070,144.9960,150.9940,114.3010,120.5080,187.9250,224.3220,273.2460,267.0370,229.9850,212.4340,200.9090,189.6250,158.5440,111.6200,49.3238,48.8184,116.8990,192.2840,191.5380,170.2180,147.7110,174.9730,234.4670,163.1250,144.9040,98.4085,134.3670,154.5660,199.6380,198.1940,184.1710,131.4970,58.1154,23.6022,10.3527,17.6328,16.6168,25.1322,51.8290,75.8021,97.0975,101.9680,106.0800,103.6910,94.3727,46.5716,34.2940,57.5633,85.0228,116.9760,139.2770,150.8920,179.2970,201.2250,224.6830,261.8340,283.4050,255.1140,238.3100,227.7680,181.7360,142.2400,165.0550,199.7780,213.5790,199.3910,179.2290,125.8140,135.1040,104.7240,98.1629,114.2310,119.8330,103.2130,85.1585,82.0288,104.2880,107.5690,101.8360,61.2417,68.5218,111.7060,164.5100,214.5100,226.3830,197.9770,160.6650,85.4489,49.0958,118.8820,161.7910,169.8240,152.8210,131.2210,100.8420,78.7117,123.1430,218.7040,269.9520,258.4540,229.9150,175.0260,96.1111,83.8816,134.1190,172.9240,164.4200,142.6440,132.9380,146.9620,195.1940,223.1770,188.6230,161.1760,109.4940,100.5480,145.6800,185.8660,196.7980,189.4480,192.6630,183.7400,177.5110,166.0670,158.4860,160.9580,148.1240,100.5790,62.9268,54.5091,39.5841,36.1272,96.0178,127.6410,166.3610,136.8170,95.8276,77.3275,27.4800,26.3747,56.7436,64.7381,54.7626,65.5730,95.8128,147.4620,179.5730,213.2570,196.8010,174.2420,183.2000,153.4850,112.6780,103.0010,117.3330,135.4050,145.1800,155.8410,132.8190,88.2124,82.8877,109.5340,119.2790,107.1860,100.1030,95.7589,110.5670,108.1530,92.4877,99.9882,99.4426,132.0900,79.9954,93.4065,48.9643,30.8457,28.3198,30.8044,30.2125,38.4729,48.6001,52.1792,67.8253,79.5589,91.9997,85.7893,47.1730,23.1242,55.4439,75.5302,75.0060,69.4080,46.1021,79.9551,82.6080,72.8329,54.3223,28.7537,47.8279,59.1851,60.1313,47.7580,29.3765,26.6610,45.5470,71.2419,91.4978,108.4880,125.4270,102.5190,67.4938,55.7740,86.4447,103.3210,100.8880,53.0987,28.8802,50.0445,53.1078,37.6591,47.4492,46.4836,32.6425,10.4046,8.8905,11.0443,11.2426,17.7931,37.2977,58.3156,55.4505,47.6627,33.6957,32.7484,46.9102,58.2027,38.4825,21.1200,34.3901,45.5916,39.8570,33.2341,24.5971,16.6653,8.7149,30.1397,36.3328,36.6289,28.4703,24.4995
53716.2000,49202.6000,26399.7000,27351.5000,42257.1000,35460.4000,25630.9000,22571.6000,21999.9000,18495.1000,14595.5000,11156.2000,9383.4700,8709.1300,7188.1500,6670.2900,7081.5600,5591.0200,4426.1500,4155.2300,3734.9300,3240.2800,2696.3300,2398.3500,1956.3900,1875.7600,1680.2300,1326.6200,1235.0700,1028.9900,747.9100,644.5530,511.7460,349.3550,333.9020,356.6950,357.9510,463.9410,586.6890,753.2430,817.8990,761.7910,547.6750,252.5020,148.3450,515.9770,571.3530,509.7230,329.4740,186.1310,193.3500,184.2170,133.7780,68.3162,161.7210,213.1310,281.4470,300.4610,296.6450,263.4490,232.5330,219.5030,182.2180,116.8940,38.3319,36.3449,108.6010,175.2640,162.2200,130.6360,99.3615,135.9400,177.5870,121.8410,100.1680,89.8765,141.2790,173.5140,214.5180,190.1930,157.4890,78.7957,18.8341,26.2872,46.4653,61.7104,75.0671,92.2855,101.2510,88.4764,80.9746,77.9111,70.3074,51.0911,64.6807,56.3248,70.7919,93.6322,111.6710,123.6460,142.5380,162.1150,152.8820,154.9600,185.6460,209.1210,230.1750,218.5310,232.4980,243.0050,190.3200,146.9440,164.2430,196.6560,212.7440,197.3710,170.9590,114.5770,115.9750,104.3250,111.9500,128.0400,101.0570,89.3733,81.9689,75.6718,80.8284,87.1854,86.8520,58.4849,71.8947,116.3030,163.1100,204.7310,217.0320,185.2270,144.0050,66.4328,56.2806,121.2990,161.1790,173.8000,162.2840,128.0490,78.8238,73.1186,138.6610,224.2280,272.3050,256.6330,220.5020,159.0820,68.7295,75.8953,139.1060,196.0530,168.4340,132.9800,122.4160,150.4230,211.4580,250.8000,224.3060,202.8160,146.5990,124.5230,176.4350,227.2740,231.6400,215.1740,197.5320,182.4520,176.6610,168.8450,177.0690,176.6690,150.6090,98.2674,73.1453,66.9361,51.7415,62.2305,99.5363,121.8930,152.3540,128.5630,98.8150,89.3878,58.5937,20.6836,21.7711,55.2995,54.7866,46.5836,73.1247,130.9350,170.0070,208.6430,206.0380,176.9080,165.4050,148.8460,120.9130,109.5210,122.5470,145.4180,144.5170,133.9790,112.3340,70.6292,56.6748,89.0158,114.3890,106.3200,87.5557,79.8539,97.5471,125.3080,119.1660,112.8900,101.4780,116.6990,60.6556,72.0991,36.8902,31.4125,28.0618,35.8205,20.5829,14.8173,25.4589,35.9634,57.2194,74.1342,92.4029,89.8011,52.9172,32.5450,57.5057,73.3233,69.5213,57.9676,34.6330,57.4388,60.4540,54.8434,48.4655,35.9774,69.0907,77.8359,75.4381,41.5961,21.1407,32.9265,70.7574,102.1820,130.6770,136.1000,137.8790,113.4340,74.6957,53.5157,94.6118,112.6180,108.8660,52.1304,41.4458,74.1492,75.3833,56.6281,47.0420,42.3769,36.5283,31.5726,20.7506,12.2515,19.4971,27.6504,48.7599,53.2357,44.3533,39.0545,31.9783,36.2368,50.4549,57.0039,45.7243,32.2081,30.0643,42.7611,45.1250,42.2707,27.6898,12.4800,8.7542,17.9650,25.2773,30.0466,33.3317,12.3793
53127.8000,49035.9000,26153.8000,26789.9000,41614.3000,34787.0000,25051.9000,22203.5000,21614.1000,18229.6000,14431.0000,11072.3000,9241.0500,8623.7700,7132.3700,6578.9300,7024.8700,5531.6600,4390.9900,4172.0800,3730.6600,3243.2600,2671.2300,2393.7300,1972.5200,1878.2900,1692.3300,1346.1800,1235.0600,1025.9400,725.5460,607.2140,480.5170,324.5230,280.6500,295.2890,327.1570,476.3160,665.9550,816.4350,872.6430,810.5880,639.1770,335.7320,139.1840,387.6290,553.2760,493.1460,381.6210,294.8980,280.9880,268.6610,208.8700,120.1800,145.0880,165.2940,232.9370,267.7690,265.4750,251.3950,244.8830,238.8900,215.2510,159.1860,90.4891,80.9022,124.7420,179.0600,153.6380,126.6780,91.5529,105.6050,139.3500,101.7980,95.8339,92.0485,129.0700,153.1050,198.4290,163.3350,150.9570,82.2447,72.3013,56.3898,57.0702,62.1249,59.7162,52.5542,46.4419,28.7055,39.6007,56.0386,76.4400,104.3240,104.6360,96.2990,93.8423,100.7200,91.5264,78.4656,82.9497,104.9900,132.1040,155.5290,187.6680,213.3940,241.9180,234.7520,224.7990,210.5800,172.0490,159.1440,181.3450,211.1460,229.8450,226.5260,189.4370,117.5810,111.7290,78.4268,93.4159,109.0120,102.3200,98.2190,85.9843,63.6014,68.0788,81.7890,90.1886,44.0217,58.0386,111.3150,165.0940,211.9530,216.9210,179.0640,136.9150,65.6865,44.9791,110.9000,148.4880,173.1130,166.7630,138.6280,101.3290,94.0799,155.9970,255.9770,309.6470,289.3440,244.5750,179.6900,105.9450,114.7080,175.9850,215.9790,187.3240,167.3700,170.6700,190.5430,228.7130,254.2570,223.9650,200.5040,161.4650,143.6930,147.1910,183.1050,224.9300,212.0540,184.0950,170.5650,163.0930,152.7850,148.3920,149.4740,142.9300,99.7619,67.6258,63.8622,63.4177,72.5557,103.5140,129.4240,150.3120,118.0960,82.6440,72.4232,36.7946,30.8466,45.2719,79.8477,78.5074,68.4315,80.8251,121.9110,155.0760,192.2580,198.2100,163.9310,163.5290,158.2750,130.8480,111.7780,123.9520,143.8110,146.2950,148.0160,126.4730,90.6373,82.2028,103.9010,114.1070,109.7580,100.5420,87.1990,85.5533,93.6033,102.0820,90.5940,76.4900,89.8426,60.1426,86.4333,55.6008,35.6351,12.2387,12.3733,15.4460,12.3780,20.8755,35.1107,49.9000,69.4518,83.9300,101.3050,50.0394,21.6969,53.5943,65.5734,64.8775,62.1764,50.0285,81.2431,73.2125,56.4949,31.0913,31.7551,66.4670,77.0131,73.2876,54.0508,38.7491,24.8842,53.4855,86.6390,121.0320,126.5920,122.5410,104.1770,69.9934,44.3207,82.4322,94.5583,83.6389,39.7089,27.4508,49.5061,71.1194,60.3893,50.7071,54.8027,49.3249,39.1070,18.7267,10.2072,20.4896,28.2798,37.1800,43.3891,39.8141,39.7091,43.5047,44.8743,47.2132,47.3147,37.6947,29.5012,16.4435,14.6353,29.4038,28.7377,21.4817,5.0345,8.9865,22.2646,27.8829,27.9337,23.4056,24.4680
53420.0000,49014.4000,26080.9000,26461.1000,41126.9000,34653.6000,25131.5000,22187.1000,21619.8000,18514.4000,14661.5000,11228.3000,9375.9300,8648.8400,7055.4100,6541.6700,6966.8200,5443.3600,4361.7600,4175.7400,3689.2900,3212.0200,2617.8400,2372.8700,1959.5400,1838.9500,1671.3600,1342.8100,1215.5300,1015.9800,741.6160,609.6330,482.2910,342.2490,312.4890,296.6920,288.7970,423.8060,619.5970,740.6200,782.1200,724.9210,565.1310,269.7040,154.9610,456.8340,605.9360,522.3430,385.9700,297.4510,303.7370,293.1470,218.8310,107.1730,137.0580,195.5150,288.6880,321.0170,294.5590,278.2880,269.7650,244.2350,198.5380,139.1860,73.2221,55.2333,125.6590,187.5240,180.8160,156.3130,138.2590,148.5440,169.1200,115.2570,100.8150,86.3976,113.4820,131.8970,167.4830,141.1900,126.3780,62.5668,42.1175,24.4577,27.8465,31.3221,40.3592,40.7595,52.5136,53.9062,76.1029,78.4225,64.1285,69.4814,50.7488,36.3544,41.7638,62.5475,86.0096,78.1534,99.5738,103.4480,116.6480,136.5170,181.8500,226.6620,265.6330,245.4910,235.8950,241.2540,207.0090,185.0450,206.6030,247.3840,261.8450,242.3750,211.3010,136.0940,125.1550,78.6349,94.1623,101.9080,104.1290,113.7630,104.9490,89.6756,78.3927,81.5529,74.1960,66.4440,88.9633,118.4740,180.4640,265.8630,256.6750,196.6510,139.4130,80.2803,79.6057,129.0380,162.0100,163.6580,156.1600,145.6990,123.6670,121.6660,177.2190,268.9880,311.6730,284.5850,233.5380,176.6680,122.7450,138.2520,192.8030,227.1570,187.5560,148.3470,161.6980,180.6600,232.5280,257.4820,201.2320,168.3680,121.3850,109.3930,138.3350,180.0690,193.2270,175.2640,149.3610,150.9980,142.2470,138.4350,136.8270,138.5830,130.0460,107.4260,95.5945,78.4173,63.6425,47.8200,89.6764,132.8930,179.8550,153.3510,108.4770,76.0609,59.5066,70.0247,86.4409,85.4344,77.8103,85.7199,101.3160,134.2880,159.0880,183.5120,191.7690,185.9230,177.3310,144.4970,127.2620,129.5250,130.6250,144.4090,140.2390,137.1760,114.0230,94.5213,87.9881,88.9303,99.9399,91.2686,74.0689,51.5234,60.4314,72.0038,66.2303,72.1858,69.5794,96.9665,63.0972,75.2022,51.3894,31.9075,24.6715,20.1456,23.0217,28.4619,27.7835,17.9156,26.7100,56.1921,69.0594,80.6839,43.0013,27.7866,68.1305,75.6363,68.2870,42.1956,31.0052,54.7411,69.7704,61.1498,37.1044,28.2329,45.1055,57.6270,60.9427,40.0874,10.1112,18.3180,45.5841,73.5648,107.0540,133.1960,144.9840,119.2260,83.8363,75.7203,90.6158,91.0223,75.8533,44.9988,13.6966,37.0111,65.9101,65.3411,47.9464,59.9995,47.6097,46.7827,17.9133,30.0700,28.7917,27.2309,35.6373,49.8808,43.6826,40.1461,48.5424,59.5482,63.9562,60.4674,49.0461,33.5666,40.0425,51.9912,46.1804,38.2250,28.3495,23.6669,23.0219,48.1596,47.9031,45.4382,31.5461,22.2259
53879.8000,49346.2000,26360.6000,27165.8000,42040.8000,35264.4000,25417.6000,22361.8000,21795.6000,18526.6000,14661.6000,11283.0000,9439.2300,8690.9300,7129.2100,6591.8100,6987.1700,5509.1400,4399.1700,4158.4100,3722.6700,3232.3100,2667.3900,2341.7300,1908.0600,1826.5600,1622.8000,1269.8200,1169.0300,977.5280,703.7940,583.4470,447.3480,287.8080,215.7870,199.1030,218.2890,346.0740,501.8790,579.3180,588.7290,559.4660,419.7350,171.4340,201.4750,536.9800,586.2010,460.0370,330.7810,182.1930,181.4440,176.1980,111.0610,145.9430,208.1150,261.7870,300.7170,280.0900,245.1450,243.5690,243.2130,221.1150,173.6380,106.7520,55.8569,33.9599,92.7185,186.4250,208.4050,210.1270,182.5330,198.7070,225.6020,160.0860,148.6160,93.0549,114.5750,131.1930,169.5880,151.0530,140.1490,72.4541,25.9910,15.4440,26.0093,32.5954,38.8508,52.7751,74.8068,70.2969,79.7107,83.8689,61.8220,61.6230,68.5961,89.9892,83.0038,90.8171,60.8648,44.2355,42.6056,70.5153,84.6675,97.0020,116.4860,155.0270,181.5800,170.7810,177.9270,178.8960,146.6610,112.0560,153.8110,198.8950,236.2570,223.5710,191.3730,126.0650,118.9230,88.0043,107.8640,118.5320,108.2120,115.3580,113.1760,93.9536,73.0912,73.7737,66.0006,31.5513,69.5641,119.4650,168.7960,245.0530,264.1850,203.7290,130.7750,67.0204,108.8360,174.6740,199.1680,174.4150,133.1190,108.6570,79.9435,109.6100,197.2370,271.6460,296.3630,268.8450,219.5060,173.7530,109.1220,94.4662,130.0540,159.0450,123.4820,111.9680,144.2380,167.6980,213.8110,213.1820,170.9440,141.3250,104.0580,101.3120,135.3770,171.8300,179.5410,154.3360,144.8100,138.2330,134.1650,113.6070,101.7400,110.1770,107.3800,75.0226,43.7484,37.0332,43.3978,51.8219,76.9631,107.2140,152.9830,142.3410,96.9122,72.5714,47.7474,53.5881,67.8804,69.4123,67.2858,69.6964,93.9161,143.4060,175.6610,212.2640,216.9940,191.1750,170.6830,150.4650,130.2940,122.1140,134.2440,152.3370,156.7740,157.6190,151.1110,129.1500,104.7840,94.9134,98.4030,102.7900,99.3052,84.2549,79.5500,91.5516,88.0509,88.2516,87.1042,116.2160,83.7772,87.1867,60.2326,39.2518,35.0236,38.9681,16.4215,10.1673,31.0482,24.2073,19.4952,47.3885,71.5041,101.8990,70.4074,43.2665,65.4175,90.9678,98.4833,98.4838,48.1127,77.2524,62.0567,62.7296,49.0038,22.7408,49.9225,61.2262,67.3260,57.6645,32.4943,31.7914,40.2968,65.6246,94.2923,133.4450,143.3350,110.6800,79.5523,72.3992,80.4273,79.8867,66.7540,33.3152,10.8659,19.0745,36.5727,51.7472,65.6829,56.5339,31.9775,22.3704,29.8591,25.9217,16.8552,8.6768,24.3664,42.6745,37.9067,36.2239,40.4608,49.2530,42.3665,31.2422,27.9485,23.7799,21.7128,21.3654,26.4835,19.3849,22.2712,25.6969,41.4846,52.5942,59.9265,61.4351,48.0031,27.6348
53333.7000,49224.6000,26352.2000,26929.6000,41732.0000,34864.3000,25012.2000,22108.9000,21533.0000,18217.0000,14457.3000,11139.2000,9262.6300,8614.2600,7084.4600,6482.1500,6895.6500,5404.9700,4304.4000,4096.0500,3623.2600,3182.9000,2646.5300,2400.0700,1896.4100,1765.9400,1620.0100,1302.7500,1200.4100,998.7920,715.4110,587.7740,436.9950,272.5240,234.4430,224.8450,206.2040,294.3340,418.9420,497.1900,512.9880,497.3400,376.6550,181.7200,205.0590,461.1440,482.5520,466.5140,323.8650,185.6060,189.8300,207.0430,238.5380,262.7990,284.5470,292.1500,288.3790,235.3150,205.7120,234.3230,248.2890,250.8950,208.2580,144.4860,90.9598,52.9855,63.2984,164.1380,192.2690,206.4470,181.4580,206.7150,227.3940,164.9220,185.6170,124.2380,157.4770,174.0470,207.8730,195.5790,174.1840,117.2900,48.7514,52.6623,67.1815,79.3247,88.8190,98.1230,106.9080,94.8134,91.3480,109.3140,86.2628,90.2500,89.9256,84.4450,73.9348,74.2234,69.6015,59.7379,63.7351,84.0056,86.3532,90.0884,123.0220,161.5920,202.9790,196.6470,199.5450,186.4010,133.0480,106.5470,172.8380,209.9830,243.4460,241.7020,208.9130,126.1460,83.3186,59.1628,107.7230,124.7330,113.8540,135.9420,145.6670,127.8550,109.7520,96.0875,80.5750,35.5262,68.2749,129.7090,188.6380,260.5960,286.1610,241.8320,174.4110,122.4090,109.2980,158.3220,204.6600,199.4380,135.5830,99.8589,80.1536,78.5742,144.3660,228.2690,257.7530,240.5650,205.3740,160.7180,85.0446,53.9686,84.8878,110.6760,85.9627,83.1597,106.6370,128.5250,176.5350,202.7850,181.5700,163.3290,115.3290,94.8917,144.0350,205.5110,222.3220,189.6970,159.1710,125.1580,102.0150,68.8453,83.1196,122.3090,103.3520,62.0776,41.5276,48.1384,46.6352,45.0841,64.4165,100.3380,138.7120,110.7170,83.4146,40.2053,38.1936,68.3890,91.4811,77.6812,65.2204,60.6131,82.2820,135.2180,167.3980,198.1450,175.6990,129.3920,116.3760,104.4010,89.8251,98.7271,114.4770,131.8300,134.8870,138.4750,118.4340,75.4639,50.1002,62.4267,84.3693,85.3922,83.9369,85.8398,104.7980,114.4800,105.7070,104.3350,96.9903,110.4950,64.2248,63.3251,42.2970,29.0832,21.6028,25.1486,39.6433,54.5010,53.2455,48.7437,65.1596,93.0220,110.0640,132.9370,90.8893,53.6289,90.8084,106.9130,112.2760,86.4548,40.8174,57.4710,51.9876,49.1283,28.3268,49.7079,60.6329,66.9605,64.3977,50.5377,22.1444,25.2318,50.5393,84.4672,119.5090,146.5550,157.9300,137.3020,99.8342,71.4255,80.9402,99.7085,113.5930,83.7229,30.4022,19.9849,19.5911,27.9870,39.0672,39.3707,24.5078,16.0209,18.5398,23.3647,21.1437,14.9089,4.5783,17.7502,19.7856,23.1420,33.9279,40.4223,34.1526,32.6548,43.4866,28.9837,15.4263,21.4616,25.6860,26.7651,28.2715,25.2206,11.5124,18.6277,24.1067,28.1119,15.0411,7.8101
53433.5000,49129.7000,26249.8000,26550.0000,41296.4000,34932.8000,25445.5000,22403.1000,21854.7000,18200.7000,14429.1000,10859.6000,9060.3200,8587.7500,7106.9600,6474.5900,6792.0900,5036.4300,3464.3900,3339.9100,3115.0800,2762.1700,2287.8900,1971.4300,1552.8400,1497.3700,1364.8900,1108.6300,1066.1300,875.1910,608.0180,500.7240,405.2890,281.8510,260.3140,269.9890,263.8660,350.1330,478.1250,593.7320,634.4390,608.7550,495.1950,318.1420,284.4020,464.5690,528.7650,532.6510,391.0120,236.6030,241.0470,243.0360,201.3900,170.1620,157.2360,161.7750,185.4960,174.3750,135.2690,157.2720,201.9150,201.8800,170.7630,131.8480,110.3490,73.7107,57.8375,144.8240,194.4150,195.2600,168.8470,188.0810,223.5310,177.5270,184.3290,110.6550,152.2220,172.3850,198.7370,182.6420,185.3550,125.9660,69.3965,70.3239,88.5563,101.5230,121.2760,149.3510,149.9420,115.1180,101.7020,108.4320,88.2496,102.6350,97.3215,68.1998,58.6096,50.3687,39.0382,45.7542,57.1996,90.3704,90.1900,93.3936,130.5010,168.8960,201.1270,186.0590,187.6760,173.3490,129.2150,115.7580,177.3130,209.3410,240.1280,234.0080,196.7770,120.0280,91.3388,78.3151,124.2150,139.2110,128.1720,145.5580,141.1220,116.0750,96.7722,92.6568,77.3894,37.0900,73.4678,131.3920,183.9760,250.5820,283.2640,243.8590,183.5900,108.2120,79.3819,119.2760,153.3140,144.5590,98.4374,63.9579,45.2832,49.1663,104.2380,187.0240,214.1560,200.1780,171.9530,135.3130,58.0782,56.0798,96.1064,126.6670,110.9350,96.8288,116.5670,129.8570,181.8180,187.4530,141.7980,115.5450,71.9859,75.7957,116.7050,154.1980,151.7040,139.6850,128.7940,124.2670,96.7723,59.8356,73.1608,96.1909,82.1693,54.0923,31.1725,20.2945,20.9468,20.1601,46.1519,70.9183,110.4460,92.1180,61.8385,41.6599,45.0423,71.9722,94.9984,86.3321,79.6596,89.8437,102.4400,146.4330,177.7950,216.4620,205.8020,155.2170,132.6520,117.2710,95.5350,96.4374,110.0080,134.1080,143.6680,154.5670,141.9250,97.2984,55.5272,39.6969,60.4674,77.9044,84.8191,100.7900,118.0480,130.3660,142.8950,148.2890,131.1640,123.1200,51.1694,53.0454,28.0043,33.9091,7.5990,8.5945,20.6896,34.3698,55.3389,45.8142,54.0062,75.5711,96.4300,105.9190,62.8757,39.9361,74.8795,90.8894,93.0814,75.9206,34.3170,55.7235,48.6590,50.8240,30.7351,58.2868,71.8064,78.1349,74.5374,65.5935,46.0927,37.8415,41.5060,61.5613,84.3885,118.3540,144.3030,124.1580,91.4419,61.2602,61.5576,72.4821,71.6025,47.7246,26.4513,39.9118,34.9883,40.7037,27.6990,26.3218,12.0351,11.3567,26.7406,23.0755,9.8935,11.9762,28.0843,47.4396,39.9086,30.3932,33.7487,39.4433,38.5165,36.9458,31.9857,32.1904,39.2813,28.6236,20.0028,29.5137,24.8744,17.1484,21.4160,43.8343,45.6268,40.5360,22.8165,11.5152
54009.4000,49428.4000,26477.3000,27176.8000,42121.4000,35622.7000,25899.9000,22729.7000,22247.8000,18640.8000,14814.5000,11175.3000,9301.8400,8724.7700,7300.6900,6818.1200,7246.6200,5622.8600,3944.3500,3444.6300,3222.5100,2877.3700,2556.3700,2396.4600,1854.1500,1691.0500,1463.2900,1161.5200,1118.6200,881.8970,642.9980,488.1560,353.6430,198.5810,156.8030,147.6060,167.3480,368.0990,520.3120,591.6010,626.0130,580.3470,469.6760,276.6380,289.7520,509.3670,510.2710,435.4260,274.2590,126.5780,121.8110,113.8190,67.2084,114.8380,173.3330,224.2380,269.4310,269.1230,223.4970,200.6310,223.9160,222.6380,182.2930,129.7170,113.3970,89.5574,84.1055,183.4540,241.6900,240.1650,189.1830,219.4610,256.6080,192.6790,129.1450,64.1410,87.2274,142.1710,187.5600,174.2320,177.0430,100.4490,41.0517,28.1467,56.0515,100.8030,118.5840,153.7650,146.6510,95.8748,63.7701,52.0953,37.8435,79.6853,95.9926,96.2544,95.2577,88.0570,56.5145,34.5969,29.9592,50.2414,69.1968,88.0336,114.7210,158.7780,191.2210,184.8560,198.5680,201.4190,172.6660,153.2520,182.4010,224.2620,259.1730,262.9420,213.8080,134.1120,113.4490,82.1470,107.3280,114.1180,99.4963,114.5960,119.4820,109.0600,92.2377,87.7891,66.7076,36.9692,76.8987,133.0350,188.4080,262.4550,278.5680,226.2950,159.1890,98.4309,81.9716,136.8730,168.6120,161.6570,124.0430,94.3429,72.0234,93.9918,164.8590,215.6410,225.5200,233.0940,225.1390,187.1400,126.1020,105.5340,138.4600,166.3080,138.0140,117.1710,153.9220,158.3410,207.8750,200.8320,142.7910,113.4680,70.5438,54.6461,84.7672,125.5770,140.0220,129.7920,118.3600,119.6450,112.3160,88.2583,77.6537,110.4810,116.0120,74.2949,47.0308,32.1335,27.1763,31.0998,63.5725,110.1060,137.6180,119.4220,98.1597,64.5649,36.0074,47.9931,47.2574,41.2251,54.5922,77.8212,116.4470,162.5460,186.5110,214.2080,202.8470,165.7590,144.7050,123.0470,107.2390,108.4530,111.4670,126.7850,134.5150,160.7680,159.3010,117.6880,79.3512,60.5131,72.3052,79.3846,78.5842,87.3977,103.2160,105.1060,101.3750,115.9570,102.9980,114.9200,48.9377,56.9856,22.2916,14.4322,9.0072,11.1525,5.3834,11.1965,20.5058,16.0543,27.0886,58.9944,84.1514,115.1850,85.5604,46.7805,61.5541,91.7106,98.3626,78.1604,24.1288,32.2170,30.4470,37.2508,32.0517,32.6558,57.5595,68.1173,80.9252,75.8887,43.7872,28.8165,36.9503,61.8186,89.9261,124.4590,142.9340,116.3310,86.9593,73.9991,80.6284,88.0731,88.7253,76.0999,39.3100,32.3957,17.1427,16.0849,21.4131,27.4045,25.0314,25.1359,23.4306,21.9452,19.0603,24.9563,49.4040,66.1862,49.8775,44.8981,57.5559,65.5785,59.3874,40.1471,29.1220,25.7911,27.0254,34.5425,42.7493,37.9153,30.0869,27.8324,20.0827,24.2736,46.9919,63.4509,59.1704,40.7743
53599.6000,49415.7000,26592.9000,27306.2000,42237.5000,35426.0000,25587.8000,22638.8000,22115.8000,18486.2000,14717.8000,11217.3000,9289.0100,8740.3100,7357.0700,6814.0700,7257.9800,5625.0300,3928.4100,3435.2700,3164.3000,2821.2400,2436.1800,2279.4900,1773.0100,1617.1200,1375.8200,1027.3700,959.6390,746.2580,514.8600,357.7800,229.2360,83.7421,69.4772,101.6300,239.3010,477.4520,623.4020,645.3620,610.0140,606.9970,523.0100,315.0250,321.1360,557.8020,606.3000,439.3630,322.2850,259.9230,240.0780,223.3200,142.3160,60.8562,103.5320,207.6620,294.6770,344.4900,309.6760,255.8130,261.9980,242.6850,181.3960,98.3902,43.1880,56.6177,141.1010,217.7440,231.3970,220.3820,190.9350,194.1650,205.2550,137.5150,62.3502,57.1830,128.4340,151.4060,205.4180,199.2480,217.1110,128.5310,53.8192,26.0639,25.7939,56.6020,80.1285,101.8380,104.1880,53.6768,50.1040,48.1361,82.5005,107.3350,82.3422,81.8972,93.1132,107.1720,87.6043,44.2306,40.4845,56.2307,78.9119,109.3560,144.4880,196.7730,233.0100,234.5120,251.0250,249.9740,217.5850,216.6990,254.7090,296.2030,307.2950,280.9270,227.0130,141.8270,64.6155,34.4464,97.3410,123.0440,111.0210,130.3670,143.1340,127.0210,112.2930,109.7440,99.7747,59.5914,60.7204,119.6680,187.5250,239.6630,245.9420,210.7640,151.9350,100.2170,65.0115,119.8030,147.5120,163.9310,142.1200,122.8370,95.1930,87.0088,139.8180,201.0500,236.0910,235.7950,213.7440,166.5340,144.6100,155.2740,199.4980,231.8510,194.0390,162.7630,175.8460,174.6300,210.4950,218.3170,169.0780,142.5270,97.6020,76.0328,111.4310,142.1890,141.6530,129.6250,115.7440,122.4730,129.9770,131.8650,125.8080,128.6490,123.3570,105.2480,90.9640,72.2664,57.1356,56.0788,89.8483,133.2770,162.6890,135.6370,105.7250,85.8380,64.3495,56.5193,70.4207,83.6933,85.9851,102.6460,117.1910,152.9020,195.8090,218.6720,217.8500,184.8700,168.9360,138.1950,117.8300,111.8760,107.8450,116.2930,138.0110,155.6910,148.9280,116.1590,96.2566,109.3440,124.5470,112.3280,101.5860,96.9046,102.4680,92.4480,97.1256,112.5440,84.7493,88.7040,35.4228,51.2676,20.8656,13.2646,19.8899,15.2549,14.6847,13.0253,19.8849,29.9948,32.8948,41.1133,53.8183,83.1284,72.9076,39.0433,44.6908,58.0191,64.1563,44.3933,21.6768,49.3110,51.7667,56.6644,25.6204,43.2501,50.2127,60.7285,65.6306,58.1024,36.7631,39.3474,59.4146,80.5578,103.9000,107.8590,124.1930,124.2960,90.6546,71.0063,85.5517,99.3635,82.4301,36.6965,17.7527,34.0555,55.5002,73.6769,67.5895,49.6151,31.7165,18.5001,4.0625,4.6583,9.0634,23.0655,46.5135,56.8543,48.6703,42.1027,46.8726,60.1349,66.2102,62.9634,48.7286,37.9717,38.4412,46.0799,41.9849,25.1272,14.6081,21.2154,22.2923,38.8483,60.4826,62.9308,55.5479,33.1829
53153.0000,48943.6000,26078.9000,26404.6000,41044.8000,34426.0000,24829.2000,22064.9000,21578.1000,18539.1000,14846.0000,11418.4000,9332.0900,8636.5700,7109.1500,6550.4000,7054.6100,5466.0600,3841.1900,3375.6000,3094.4700,2774.0500,2403.9500,2279.0000,1805.2200,1674.7800,1440.4500,1081.3500,1012.6200,813.8260,583.7820,435.3540,302.9590,144.4960,23.5320,64.3807,209.1260,430.7420,583.7430,602.0240,604.8860,580.8330,501.6440,281.8940,256.6740,459.1120,543.3090,436.6440,338.8610,314.9050,334.8390,299.9730,267.1380,171.2670,108.0770,161.9920,259.9630,310.3120,316.1930,321.1260,322.8070,289.5900,236.8770,182.5690,103.3110,67.9454,85.5912,149.0320,131.4570,113.0760,109.4320,132.8300,114.0920,40.0448,62.2135,83.3095,129.6410,161.9280,182.8810,165.4050,165.2060,118.2560,63.6413,50.3505,55.5182,72.9437,72.0684,62.0524,49.1149,34.3265,32.4751,75.6166,115.2570,148.8430,126.8520,108.7980,97.1403,103.8690,88.0322,64.6090,71.5733,94.4387,106.4120,136.6920,194.3110,236.6820,274.3690,273.9480,283.0990,273.2830,214.0310,206.5030,267.0310,302.7990,317.9260,284.6980,241.8930,152.9060,74.6200,19.1229,70.1309,81.3447,99.0745,124.4570,124.7800,100.1260,81.8936,88.3455,95.7965,70.6039,73.2112,111.8080,160.7530,209.3600,236.8890,212.7810,161.8970,113.8860,69.1416,117.0570,151.3150,160.7580,155.9110,148.3480,107.7120,82.6125,103.1980,150.3230,206.0230,222.9530,203.1980,159.8050,135.9300,168.0240,231.0590,268.3970,231.9030,191.9480,182.8390,175.2880,203.7760,215.0150,164.7980,146.0670,126.6430,112.2550,108.6610,146.3120,173.7340,164.8690,148.6880,142.3070,120.6280,91.4422,96.1186,113.5630,115.3250,101.4430,85.9409,83.2807,80.0950,79.5135,92.6937,115.7410,147.9070,127.7300,81.7817,48.9405,21.0224,57.4888,82.4985,96.4986,81.3161,99.4691,127.9910,147.2220,179.0050,203.5020,213.9480,186.6230,169.6740,142.3040,111.5820,99.0973,101.4890,107.0730,132.5560,147.3090,145.1960,114.7420,110.1460,114.2500,111.6280,116.1670,107.1310,111.9790,108.5920,102.6140,96.6008,96.4022,82.1109,110.9120,68.1797,90.5118,37.2425,16.1233,33.0490,35.5481,39.6968,28.6331,16.6417,23.7013,49.7160,66.7553,92.1400,109.3530,87.4233,60.3592,58.6559,72.9097,88.3298,86.0575,49.7959,65.0403,46.8376,42.0321,20.0109,34.7852,53.4343,66.9783,78.7706,67.4427,48.5216,44.5369,70.4538,80.5119,101.3150,106.1280,121.4520,109.7710,79.0668,67.6459,80.6115,85.4461,79.0391,54.4440,19.4525,42.3825,53.3516,67.3040,51.8599,36.6339,23.5060,20.4717,14.9211,27.3948,23.0617,14.4565,27.2796,57.9101,67.1967,56.6391,43.9947,46.0214,54.3514,61.4111,53.0097,38.8024,36.2928,46.5502,48.7518,38.7810,27.9974,13.9267,5.6480,22.9252,44.0435,45.7774,39.4699,17.7523
53773.5000,49187.8000,26210.9000,26836.7000,41606.1000,34955.0000,25186.9000,22221.1000,21738.8000,18808.7000,15031.8000,11709.4000,9698.0200,8857.7700,7257.4000,6720.4300,7155.8300,5570.0100,3951.4300,3446.6300,3183.1300,2856.4000,2501.5200,2330.4500,1791.7400,1626.9500,1392.5000,1060.9000,989.8110,783.6990,566.5170,405.9900,280.7480,136.9680,32.1309,109.4730,250.8530,474.3590,637.3600,650.6130,644.9830,600.0230,486.0880,240.9810,274.7950,517.9440,615.8960,460.6390,347.9380,345.8790,342.3310,293.1320,238.7370,169.3770,114.2940,197.5070,285.4860,306.8900,299.7170,308.7580,321.6640,300.2260,257.4180,205.0410,134.0060,104.7390,101.8810,154.6740,129.8440,114.4440,85.6661,89.6938,101.3050,55.6555,94.0192,83.8467,112.9490,124.2560,160.4500,147.7190,157.7670,106.0200,68.3639,57.0261,60.4291,58.6117,67.2069,67.8678,51.3526,35.8345,40.5214,59.6469,89.7679,124.6020,127.5510,119.0140,109.6880,116.8400,97.7684,79.6768,79.1152,97.3978,89.4138,125.9090,194.0190,231.2250,266.7380,262.3150,264.2620,254.1760,216.0230,223.7640,260.4360,288.3450,308.5780,293.3590,241.6090,156.2530,77.9766,30.1958,83.3706,102.4830,112.8950,129.1820,119.7000,97.6408,63.7357,76.1329,80.2195,50.6292,68.5940,106.0760,149.8270,196.8580,206.9180,186.2010,143.4030,104.2920,67.9311,103.8270,136.0770,152.8460,157.5430,135.8630,102.0720,83.8490,85.6832,123.1550,177.9320,203.2880,185.3290,135.9630,111.7880,159.0970,219.3680,261.2580,235.1540,189.1660,183.5800,181.5190,215.6400,220.4720,177.6250,157.6290,132.3870,116.6550,128.7970,151.1370,162.5430,169.0340,164.9790,159.4430,124.5610,99.5135,117.3870,139.5200,141.7420,119.6220,93.3066,86.3073,81.4467,79.4210,97.5413,130.5770,163.4750,133.4890,93.4529,61.1933,24.3642,34.7629,62.5318,85.6743,97.9388,107.6720,127.4690,155.1270,167.1980,187.5160,196.7450,190.8040,177.5610,146.9610,125.4260,115.1890,105.2730,108.5500,134.8370,151.6120,142.3740,106.7440,99.5356,106.0580,106.1240,103.0030,94.1351,100.5080,102.5400,94.7116,93.2385,103.9920,90.4088,113.8720,72.0305,76.9880,37.4880,34.5265,34.0291,29.2444,21.2078,25.9671,33.0435,40.3316,47.6534,59.4957,78.5629,116.1240,108.1180,65.8349,59.9002,75.0142,89.1596,71.9135,34.2671,48.1097,39.2727,51.4881,27.0090,41.5762,40.0876,47.1606,53.1221,61.3465,39.3433,46.2817,54.0993,74.4065,101.5670,130.2650,130.8090,108.5800,80.0548,65.8802,70.8454,73.8674,73.4857,48.7308,16.9313,27.7964,45.3592,51.1394,51.3390,44.5445,30.4488,27.7291,15.5280,18.4556,8.2021,18.4018,40.9264,48.4045,44.8528,46.6734,47.7172,52.1516,49.0751,50.2301,51.2782,39.0185,20.7691,31.8208,43.8624,31.4496,20.2382,12.0617,11.8241,34.2896,32.4236,29.4631,27.7763,26.1386
53506.7000,49234.5000,26365.9000,27107.2000,41968.8000,35018.5000,24939.9000,21982.8000,21505.7000,18474.6000,14798.4000,11625.5000,9618.0700,8852.2300,7322.6800,6713.6400,7156.5300,5588.8700,3903.4800,3393.1900,3170.0700,2847.9900,2504.8300,2300.4000,1739.9800,1589.3900,1397.4200,1076.0300,999.3780,786.6910,547.9300,419.2020,290.0030,146.5530,148.1820,176.5150,270.6100,483.1540,623.5160,687.5410,724.9270,669.1050,489.4610,216.2160,273.3220,613.8220,680.9760,521.0200,343.4020,273.5130,273.0520,243.0030,172.7230,115.2950,88.6732,174.8320,279.1710,314.5640,302.5510,310.9190,312.1740,269.5500,208.8920,131.6680,64.7522,53.2250,126.3470,205.8190,195.5940,171.8900,153.1300,165.8980,173.2890,113.1840,58.8900,35.5240,95.7417,106.5070,137.5930,142.1190,146.4420,94.9787,45.3963,39.3939,31.9163,28.2029,24.9695,25.6787,27.1655,21.0614,22.6693,27.1046,51.7010,48.3701,46.0955,68.1624,83.2292,107.3200,103.0330,76.8202,77.2075,91.8383,103.3150,132.5830,178.3310,221.8190,250.1600,239.4410,240.7610,239.9800,211.7650,221.5390,246.0920,274.4700,286.2270,282.5220,230.4890,132.2940,64.3746,27.0458,76.2188,111.8400,129.0330,129.2120,121.6310,98.7284,91.4011,107.2190,104.3870,72.2643,90.2139,136.6380,175.4840,229.0690,258.5630,221.6330,165.4330,118.6510,96.9252,117.4400,150.6420,151.0840,147.4250,143.9560,116.3650,92.0825,109.2870,157.1700,200.2950,198.9700,179.8900,141.1440,114.4220,134.0930,190.6670,231.0120,205.4860,164.4030,155.8540,150.6770,181.0930,199.6970,147.2880,126.1600,90.8656,89.3573,102.5980,113.8020,130.1030,137.1100,132.0990,141.4780,130.2170,98.0652,95.4299,109.3780,119.0300,116.6180,92.6212,69.7161,66.8957,76.5153,91.8300,130.4930,172.7620,145.5520,105.7310,70.7827,38.7454,50.0575,70.2567,70.7472,71.5535,101.6730,128.5030,156.3990,189.2870,217.9930,231.0310,215.4090,204.9280,161.4690,111.7180,102.9800,116.1920,126.2270,128.0400,137.3950,131.4220,110.5160,105.9240,108.8460,116.5750,110.4530,100.3680,102.3380,123.1300,141.2790,123.0980,116.4450,106.9330,124.7030,70.5565,67.3669,18.2177,27.2850,26.7864,19.3979,35.5860,28.3683,27.4844,30.1959,39.9889,54.3791,80.0107,106.8330,86.6813,52.5852,57.2489,75.9109,90.9220,61.9256,18.8057,6.7751,10.7920,18.4946,38.2351,38.8744,62.7411,59.3594,61.2552,50.7124,25.8357,38.6211,51.0581,70.4437,89.3589,99.7112,114.2920,111.5160,80.1184,58.3952,66.7206,82.5450,85.0834,50.9629,33.3373,42.4943,66.4764,73.5157,78.2165,59.9128,42.0963,23.8486,12.2960,15.5990,10.4273,15.3619,37.6338,56.2656,56.3524,47.7800,51.3926,61.8997,70.3486,65.6833,48.0132,24.6568,21.1754,32.8676,20.4940,10.0002,16.7498,22.8419,37.4431,50.1033,50.3847,50.0838,43.6751,35.6986
53007.3000,48885.5000,26037.8000,26313.0000,40953.6000,34265.3000,24456.1000,21574.8000,21081.2000,18210.0000,14603.8000,11491.7000,9545.0600,8833.5600,7203.3200,6567.4800,7094.5900,5534.4000,3878.2700,3390.3000,3164.0000,2900.7300,2586.5800,2395.8800,1814.2000,1681.7200,1523.9000,1225.2300,1169.4400,982.9300,731.5950,649.0840,548.0950,413.8460,386.4260,383.9840,358.5640,409.2580,565.4320,687.6350,733.1160,668.9000,471.3980,234.3870,245.9430,585.9060,639.3570,604.2820,392.1780,242.9660,239.2790,218.0520,152.3300,103.9590,116.2440,130.2710,184.9510,213.0870,215.5800,218.9560,206.6160,174.2220,121.8600,77.3215,49.7508,27.7361,88.9006,175.6050,193.1090,196.9340,164.1990,187.8910,235.0190,185.1890,142.7850,81.6473,93.7263,118.1020,168.5990,173.5550,173.9800,113.0240,82.2707,97.3403,79.8506,63.6835,43.2846,24.8895,16.4771,14.0901,36.8698,39.6120,47.3536,53.4081,42.2119,67.0860,84.6978,132.4480,112.0960,85.2244,82.0761,108.0500,131.1450,135.6580,163.6520,192.3370,214.2540,214.4720,245.5600,249.4090,204.3700,187.1760,214.3400,252.7050,275.4000,285.2420,243.8130,151.6560,81.1509,32.5695,79.9914,90.4731,89.1753,120.2570,122.8460,99.0488,85.8335,99.0577,88.8872,62.2019,83.6464,128.8870,193.7740,265.1710,266.2200,225.0590,182.5920,139.5660,104.5770,127.7390,165.8420,177.0850,171.9550,159.6700,127.6610,112.7450,136.7890,180.0200,206.0200,205.3100,201.8550,176.9200,130.9740,107.3900,133.9730,166.1230,141.5920,111.1590,124.3390,141.0550,191.4790,209.3980,163.6020,136.4550,99.6781,85.0263,106.5730,127.4760,123.9830,125.4030,126.7480,123.0780,99.3023,61.1689,62.3988,94.2083,101.0340,78.7637,55.8280,39.5985,24.1811,35.4842,69.1826,119.8390,172.3350,167.3610,147.0190,122.5080,63.7675,41.2330,45.7791,39.5604,55.9730,101.9290,140.2320,173.3900,192.5850,215.5710,223.8940,210.1060,186.6000,145.9930,120.3480,117.9790,116.9690,129.8330,148.3540,176.9760,167.8840,127.9810,110.3250,105.3890,94.4333,84.8530,84.1115,78.0362,87.6807,113.9480,116.4620,104.9800,98.3398,119.9380,80.1718,68.0013,23.9876,11.4925,8.1079,4.0596,5.3707,8.4431,13.5662,15.3461,17.2265,38.8803,66.4934,88.5690,84.8760,69.0354,69.4778,76.3280,82.5476,72.1948,30.7894,41.1832,39.8988,52.1519,26.7603,37.2867,45.4774,58.9953,66.8239,50.2092,25.2465,19.7161,38.3175,63.5564,93.0073,116.4530,138.2390,133.9670,106.5560,95.3772,91.9437,96.3065,89.3143,65.9046,25.0718,16.2864,34.0701,39.2125,48.1497,54.0524,40.5501,25.8665,12.5464,10.3520,13.8399,15.1007,37.9005,68.4434,69.8605,63.8138,63.0259,58.9989,62.8907,62.7709,54.6384,38.2327,32.5733,43.0847,40.8419,25.8043,13.5661,18.0632,26.3541,45.2185,54.5723,56.5664,45.4813,34.5465
53622.0000,49047.3000,26130.4000,26551.2000,41242.1000,34708.2000,24893.4000,21783.5000,21290.7000,18457.2000,14765.3000,11676.6000,9841.4000,9041.6500,7322.7800,6708.1100,7191.6200,5637.2400,3989.8100,3474.3800,3272.1000,3053.7400,2740.9800,2511.9400,1899.3000,1753.0300,1577.0900,1297.6700,1252.8900,1043.3400,805.4230,705.3090,596.2940,449.9930,391.7140,412.8140,390.5010,410.1840,511.2900,634.3990,680.0490,611.8740,438.9470,240.3120,245.1500,505.0160,604.3900,666.6960,429.6680,250.3890,246.7020,237.1990,210.0020,174.4910,163.0690,154.7710,150.1600,171.9120,172.7680,153.4240,146.1280,139.2700,120.5100,99.0668,95.8524,85.8512,50.1311,145.9100,174.8530,179.2350,152.4000,190.5650,240.2490,197.9070,174.3750,105.0470,91.5418,109.0080,153.0040,167.9710,168.0030,127.9430,84.4860,87.4951,76.5289,61.3564,38.3953,9.1075,13.5873,21.9384,31.3163,40.4892,57.7151,60.0293,73.9007,78.2681,65.4437,72.5180,75.4722,66.9409,80.1287,112.3290,129.5510,125.5890,132.4230,164.9460,203.6050,221.9890,237.9420,239.4310,197.6190,172.7660,194.9940,230.3640,255.2070,260.7660,218.5340,120.6660,102.3190,57.9139,94.3561,89.2050,93.6156,130.3900,138.2450,125.5780,107.8590,105.8940,79.2776,57.0815,95.0406,148.8550,201.8310,267.0130,285.8430,242.4460,194.3170,139.3110,132.1680,156.8190,196.8270,196.3650,177.5540,156.2480,121.6920,90.7218,112.0920,164.5110,210.0310,229.5060,212.6530,179.3150,117.8810,95.1590,118.2750,148.6440,145.0660,138.9830,148.6550,153.8360,184.9750,186.8090,139.7500,110.2800,89.4635,91.4325,120.9960,152.4250,150.2790,133.6910,125.1210,123.2200,105.1420,57.5126,54.1610,84.1396,82.3276,61.4410,42.2503,24.8889,9.9343,52.6738,73.6136,105.1840,136.6840,124.9670,98.1192,69.7040,46.6311,38.9659,24.1540,48.1559,87.3223,110.6960,136.2770,171.0250,195.0250,223.1960,220.8240,185.7980,161.9410,131.3880,110.0930,115.7180,122.6090,140.2250,154.0160,174.8050,164.1510,133.3740,106.8880,98.0179,102.7500,93.7264,79.1439,69.5634,89.3408,119.6140,119.6570,123.2120,117.9170,147.0870,86.3974,73.4753,18.7421,16.4873,15.8718,13.2351,10.9997,8.3043,14.2952,18.3364,26.8585,45.3738,72.2297,106.5220,100.9040,69.6074,55.6329,71.6775,87.5591,96.8751,55.5619,55.5666,49.4288,35.9103,23.1182,41.2262,55.5181,66.8383,72.6772,69.0293,45.3522,24.6173,42.7048,56.5041,87.5902,95.4210,121.1380,128.7910,100.3950,63.8519,62.7557,81.7950,85.8894,56.3292,27.2110,19.4742,14.9837,20.3515,22.3000,17.3690,10.1977,4.0800,10.0424,21.8191,18.0324,20.0716,52.0364,72.1409,60.2813,56.6985,57.4807,60.2739,54.8109,52.3023,39.8978,30.0111,49.1923,49.9950,32.2440,16.6085,12.2813,13.1800,22.7798,34.8319,46.9281,55.2682,57.7431,36.4097
53634.5000,49270.2000,26344.7000,27079.7000,41999.1000,35098.2000,24909.1000,21788.0000,21320.9000,18311.8000,14663.1000,11634.9000,9758.5600,8973.1200,7347.3600,6705.8000,7129.7800,5574.9700,3923.8400,3447.6900,3272.8300,3021.6000,2690.5500,2385.4300,1780.6200,1660.5900,1477.7700,1185.5200,1124.0600,891.9090,656.9690,575.7980,464.0340,303.9720,280.8840,296.5520,300.6190,419.9090,544.5940,693.3100,730.2740,678.9420,486.2820,227.1670,233.0450,577.9700,624.3990,588.5130,375.6850,199.3650,192.5390,176.4720,111.8720,74.9437,99.4099,139.4730,191.1640,212.1010,209.2610,206.8230,196.6370,170.1340,141.7750,98.9383,80.0940,53.8456,78.8864,179.4240,210.9580,214.7200,178.9080,201.7720,244.8900,204.5820,168.2260,105.8440,61.6608,85.6303,137.2960,137.6170,133.1010,85.8525,54.8320,56.3374,46.9919,38.5442,34.0422,14.0492,24.3644,18.9237,23.1359,25.8189,22.5693,30.7979,45.0127,64.5237,71.1803,93.9241,96.2654,88.7655,93.7605,110.3900,107.6520,116.4820,144.8980,174.3650,198.1050,211.8830,235.5210,231.5750,193.5670,190.8590,225.1860,264.0690,280.8790,283.4930,258.2060,165.8680,119.9790,51.7380,89.6924,91.9929,91.7126,114.6230,122.2480,102.5840,89.7106,83.7151,71.5445,48.8777,67.3630,112.6120,168.4560,249.8600,266.4430,213.4180,145.9430,95.0849,96.6483,138.5150,164.9230,176.3190,163.4690,163.2920,151.3720,127.0140,140.5760,193.1620,239.0040,251.1570,229.1550,199.6740,136.0830,114.7870,136.1850,150.5910,140.2330,138.2620,161.1120,173.7980,213.2640,211.9810,156.2340,120.1110,83.6046,85.8338,121.0840,136.7010,128.7540,119.1340,109.9080,108.9310,97.7324,66.4928,54.9107,83.4164,95.8721,74.1570,52.2822,28.5787,6.9944,37.4536,64.6768,96.6951,128.4580,117.8990,100.9930,92.6508,64.4977,30.2644,33.6369,52.0830,70.6482,110.3900,139.7190,170.9700,197.0200,229.3870,231.6090,200.7460,181.3230,150.8650,121.1570,112.9850,119.0540,138.8860,150.4740,169.7960,165.6300,133.1630,105.3530,98.3663,96.2382,79.3457,77.6508,95.1616,117.6020,125.0590,110.9500,111.8120,100.4440,113.5100,59.8263,58.2705,24.4055,11.7252,4.3391,7.9180,15.6900,29.9143,47.9691,38.5258,37.7909,60.1932,95.9175,120.9100,94.4802,67.2591,67.0626,76.7581,85.3983,72.7741,30.6001,41.1251,48.1836,52.2385,50.2667,42.3099,59.7778,68.0389,66.3052,60.4962,45.3945,20.5322,32.2943,53.9354,88.1226,113.9020,127.1330,125.8520,99.9436,77.1644,72.9323,86.1329,88.5796,67.1479,36.4228,32.9327,19.6353,23.4065,17.6204,8.9854,7.5337,13.0750,18.5563,22.6407,24.0468,19.2750,29.7739,48.9305,53.2255,50.6081,40.4513,40.1838,48.5829,45.3000,29.0058,18.0448,15.6355,32.8504,46.3954,31.7604,19.3377,17.3478,21.1667,38.8898,55.2930,65.1354,51.8167,33.4247
52937.4000,48890.1000,26055.7000,26407.3000,41115.5000,34334.3000,24403.9000,21496.5000,21008.8000,18079.3000,14504.5000,11431.8000,9467.5000,8755.7200,7137.2900,6452.2000,6904.3400,5294.1200,3661.0900,3334.2300,3143.3000,2889.9600,2497.2200,2190.2400,1674.7600,1585.1200,1438.9700,1166.8200,1098.0100,878.3100,608.6780,508.1600,380.8250,203.6160,149.6500,142.8940,210.7240,449.4560,654.3170,760.8510,810.5580,771.4470,619.0810,295.9450,238.8620,561.8920,665.3860,536.9830,364.4690,260.6990,268.0550,238.3500,163.9940,98.0075,62.6293,128.6220,222.5980,272.5800,266.8350,258.2900,252.2220,221.8310,172.4950,108.2320,55.8903,55.1239,149.6310,231.6120,224.9670,199.8730,169.2390,184.8400,205.5690,136.8410,69.8742,27.6740,78.2404,103.3940,155.0910,160.4910,168.1590,107.5420,32.9454,20.6277,40.1902,33.8682,37.7485,24.3630,29.6658,23.5489,42.9294,54.9659,62.4090,75.8471,70.6192,91.3710,112.2050,122.1640,120.5430,73.9753,53.1527,61.6229,94.1211,121.5630,151.6200,188.3700,219.7090,233.4970,259.7270,258.9080,220.9710,225.2170,258.0790,297.1650,294.5100,290.0520,265.7950,166.2500,84.1157,27.8329,95.5743,127.3740,134.1960,138.3020,134.8770,111.0550,97.8019,109.7840,104.3120,62.5338,70.3321,120.0570,186.8800,252.9440,262.0750,216.2550,155.0020,108.4770,86.0676,110.1570,140.9520,143.4730,132.4260,128.7850,115.3130,101.0190,134.3810,196.5720,231.1660,227.6850,217.0530,186.2730,138.1770,124.0460,156.2180,186.6720,158.8230,137.1050,151.5310,157.8810,192.8700,201.7660,151.2340,123.5640,83.2934,64.2115,89.5014,105.8760,91.2883,86.8983,95.1731,107.4240,104.1740,70.1323,66.6460,92.1521,103.5370,88.8631,64.2902,46.2293,31.8738,30.5245,64.2479,102.4430,148.0990,132.0180,95.3431,72.8039,52.0553,56.9916,75.2812,79.9366,63.8260,91.0085,144.9560,171.7850,198.1480,227.7500,248.4320,234.5800,206.1720,156.1770,123.8280,132.1930,142.6850,148.6400,160.6140,177.7030,158.3920,115.7400,126.3210,143.4450,129.6440,118.3670,114.0260,124.8490,127.5810,130.2240,141.2720,146.7070,123.2620,116.0570,53.6114,34.1512,11.0753,11.5416,13.1015,15.1597,17.3834,29.4912,58.2341,45.7356,41.6373,51.5520,74.4580,97.4589,90.6720,63.2631,57.8426,76.3023,77.5871,74.5798,31.1702,41.8294,44.8987,44.1348,30.9862,25.1192,43.2532,57.1678,59.3923,53.6904,26.1860,30.1323,37.3053,59.4861,82.9245,98.0439,117.9420,122.8910,92.1418,63.5520,75.9664,98.1568,101.0850,59.4253,21.8000,31.4527,39.9761,53.0942,46.1033,42.8702,25.2287,24.2091,28.5213,38.5781,21.9961,15.9709,30.2880,44.8953,45.7336,39.0641,35.3908,46.6678,60.6922,47.8607,22.7106,12.6476,19.2922,26.9930,29.8449,29.6894,20.3824,11.6747,33.4959,64.1037,69.5646,67.4194,50.1197,37.0957
53509.4000,49018.6000,26129.6000,26535.9000,41157.6000,34660.5000,25046.0000,22044.0000,21510.4000,18553.0000,14805.4000,11550.3000,9641.3800,8868.8200,7214.3100,6602.5500,7009.4600,5350.8000,3743.5800,3421.9600,3187.6400,2919.6500,2471.0800,2156.2700,1664.8800,1558.9700,1381.1000,1088.0000,1010.5000,805.2910,567.7740,438.2560,314.7190,169.5840,71.5718,130.2580,302.1420,542.9770,735.0790,782.6660,781.8790,727.3450,598.9010,349.6700,304.9310,497.8240,618.0860,517.1270,406.4560,358.6120,360.8020,325.5420,283.8950,212.1000,134.3830,190.9000,287.0370,316.7840,325.6330,333.5730,322.3870,284.5460,234.1670,182.3080,121.4260,98.2554,132.9200,179.7100,150.5840,133.2990,118.2700,112.4750,88.4302,27.7559,54.5133,72.6022,102.0090,124.3230,157.6080,136.9690,129.5460,82.9224,45.0818,36.6154,32.8378,29.1845,43.2275,46.4482,39.3109,16.4856,28.0780,59.1829,90.0104,119.7370,115.6480,102.5070,103.8220,101.4790,97.9075,68.2426,36.4024,46.4740,62.3516,94.4493,144.8960,191.9000,233.7180,246.1230,258.1620,259.9140,228.5430,245.2690,281.3410,313.9320,329.2260,306.2620,237.2000,138.4070,56.1573,27.1331,85.4765,112.3630,134.9850,154.0950,138.3430,111.3900,77.2699,83.6430,77.8336,55.9959,82.0955,119.3840,159.3950,216.7640,231.9380,193.4510,146.2080,99.2477,64.9925,87.1752,118.3140,127.0460,116.2970,112.1700,104.0640,102.3600,126.0100,182.5880,247.9450,248.6830,210.2790,167.4870,119.5970,119.5700,153.7220,186.4230,160.9750,117.4770,128.6320,146.9620,180.9180,189.9190,145.1200,135.1370,126.1850,95.7084,84.3004,127.6000,129.5590,112.5450,116.5850,135.9060,136.8960,98.0024,87.8392,103.8360,123.9350,121.1680,95.4368,82.6154,74.0138,64.7839,73.1652,111.2640,154.3370,142.1230,111.2840,77.5171,45.8720,66.1285,95.7979,102.0840,93.9554,113.2590,130.5560,157.8400,182.8140,211.9570,224.0730,213.5580,191.7020,152.2380,136.2530,145.7410,143.5640,150.7590,160.7940,170.8590,141.3280,106.8560,103.5310,101.5640,113.8690,129.2280,120.1760,126.6160,131.7320,142.0860,137.4250,130.1560,104.9130,100.2100,36.6125,44.8676,21.2617,14.0813,10.0668,10.3618,20.0498,31.3991,39.3381,28.7247,32.3104,53.8636,78.4807,108.2680,92.2869,57.4670,49.3756,67.8884,73.7616,64.8821,18.8411,38.4379,43.8625,54.1743,47.7326,24.4568,40.5283,57.3522,58.2506,37.4130,27.9410,50.2223,71.2885,91.1923,111.1760,127.2980,142.0050,124.3490,83.2786,58.7251,89.9210,104.3040,103.6430,56.1479,12.6678,27.7193,48.7243,68.3327,61.6451,35.5459,14.5769,5.9852,12.3512,21.7891,12.9204,15.2560,47.3412,71.5745,48.6057,35.9434,41.2245,46.5716,42.9411,52.6617,63.6492,26.1030,16.5700,38.4909,34.4921,22.8844,17.8727,21.4751,30.3598,42.9858,60.6259,60.0265,49.2190,22.7977
53627.4000,49166.6000,26324.4000,27193.6000,42073.3000,35224.7000,25235.6000,22164.4000,21676.7000,18464.2000,14717.8000,11408.7000,9510.4700,8805.6200,7244.7500,6630.2800,7005.0000,5367.8100,3721.8700,3377.3200,3210.3500,2871.1200,2475.9800,2095.8100,1585.5000,1535.3100,1343.9400,1032.9600,986.9140,766.3910,556.8340,380.1530,297.7930,209.6170,157.0320,251.0530,457.3880,749.4160,954.6630,977.0090,922.3570,798.6450,647.8660,399.3000,376.5010,533.0060,635.2940,547.6780,473.8290,457.3060,428.5900,421.0200,349.1060,277.5560,192.8250,215.7680,294.9780,319.9220,324.8360,328.6440,314.8980,280.8820,229.8550,184.0850,108.9250,88.6747,109.5530,177.3170,135.8660,104.7800,86.4126,99.1676,95.2874,33.5955,69.8227,77.7627,97.9575,118.7960,151.4150,122.9270,128.9250,92.2867,68.8276,67.1795,68.2239,78.5851,88.5581,76.2394,55.7475,27.0684,42.0854,84.5761,123.2780,152.2120,135.2300,116.4720,107.1810,94.9708,86.8417,64.8300,28.9851,44.9147,59.2960,97.8405,147.2890,191.4880,228.9380,241.2230,253.8530,258.0740,221.8190,235.2660,279.3550,313.1160,324.6240,306.6680,251.5870,147.2970,61.7249,22.8038,72.3882,106.9410,140.1660,164.5760,164.8630,147.3300,105.3030,79.0499,84.0817,62.6739,55.2062,94.8810,151.8750,211.4530,238.3600,202.7820,158.5400,92.6547,61.3109,76.7198,110.1150,117.1870,102.4260,80.6909,72.6693,88.5290,148.2840,230.1260,264.3750,240.8790,208.5890,162.7010,104.3230,125.6740,184.7420,205.5370,148.1940,129.8620,147.2920,142.5140,164.4540,177.9780,145.6430,134.2380,112.8110,96.0429,109.3290,118.1100,110.3360,117.9890,125.5690,132.6800,121.0870,96.7205,80.5714,100.4880,131.5400,116.0360,89.3554,87.1606,79.1206,75.7595,87.8037,114.4160,144.4240,136.9680,98.1876,63.8200,54.8972,77.0677,97.0367,107.5150,106.8880,111.1100,129.3530,161.9570,183.2250,203.1770,206.0830,198.0560,182.8490,148.1270,126.2750,143.0130,161.1760,165.9420,179.7660,181.0440,158.1230,107.2760,74.5208,102.1210,127.2110,111.1310,96.0690,106.7900,121.5660,122.7810,108.3830,105.4850,85.7052,88.2779,30.1509,66.4912,39.1154,32.6709,9.4812,10.6515,8.4410,12.7103,30.7874,34.1649,49.7469,68.0910,90.5020,95.9944,78.1330,53.6739,50.7105,66.4538,83.6646,80.9919,41.8954,48.4900,41.5626,34.2486,27.1650,32.5382,51.8505,56.0148,50.0216,48.1559,35.0002,43.1541,53.0161,74.3959,95.7080,127.9710,138.3850,111.9980,81.3701,72.0058,88.1973,98.0000,90.2385,35.3269,18.9966,36.2359,46.9967,60.3725,66.6749,50.4668,31.2363,16.4673,15.8021,14.0782,8.1699,21.3452,39.9876,37.9915,28.0262,32.1118,44.4123,47.7250,39.4099,41.4663,57.4777,38.2144,16.4666,30.3963,44.3519,35.9971,19.2163,10.1144,32.3723,47.1412,50.9279,53.3920,52.3077,44.6311
52935.3000,48913.6000,26145.0000,26684.4000,41420.0000,34579.8000,24738.4000,21860.5000,21337.4000,18184.4000,14543.6000,11296.6000,9341.9400,8723.6200,7198.1700,6531.4200,6941.2600,5286.6300,3656.5300,3385.8400,3190.8400,2874.1700,2452.7600,2135.5200,1644.0300,1567.8000,1390.9600,1076.5100,1015.1900,812.7220,578.0980,406.6960,299.4300,200.2800,121.8470,208.1990,413.1180,708.5130,907.2720,912.4360,869.2330,770.9640,592.0460,314.6210,307.6270,506.3120,598.7060,477.5070,393.6750,362.0100,338.6730,306.8010,255.4820,187.0900,105.3040,178.4740,260.1350,287.4980,285.9580,273.2930,252.8840,220.9630,182.1490,144.2790,107.6910,108.0380,161.2450,210.6010,178.4950,154.3670,133.0510,136.7360,134.6150,62.8827,89.0217,87.2737,119.3550,124.1640,166.1390,149.4470,143.8460,95.7123,51.3882,45.8962,43.5641,53.6870,61.2300,58.2437,52.5328,25.3840,13.9032,50.2698,86.8223,127.3100,102.8770,84.2619,92.3126,96.2362,90.5010,55.3370,38.9162,51.1967,72.6176,113.8870,161.5020,207.2460,240.6320,249.8470,276.6240,286.5970,243.1240,240.5270,278.1230,319.2370,326.2190,302.2130,245.9540,149.0360,65.5531,25.9187,88.4758,128.6620,127.0530,136.2200,143.8040,128.7590,88.0642,71.9452,73.7900,44.4220,53.4056,95.7614,151.1370,213.2980,225.3040,187.2620,139.0260,83.9992,60.9560,109.9460,135.7610,120.8070,97.3965,103.2660,96.8645,101.9110,155.6240,226.5700,263.5600,243.3230,220.4420,179.8410,117.3700,105.0330,171.0410,212.8950,156.2670,116.3670,138.6120,148.1680,171.1930,188.4450,138.0910,123.2310,89.3018,69.2478,76.1000,103.7330,127.4850,125.0090,114.6620,123.3370,118.7850,86.6442,81.6702,116.1350,126.0050,106.7970,94.4901,80.4740,65.8382,56.0001,73.5567,101.9430,134.8890,131.1420,100.8390,72.4387,61.4177,78.7992,100.3910,107.7580,90.4732,86.4444,115.3590,158.5370,195.3790,220.0410,229.0360,201.3090,173.5780,146.0780,127.4670,136.3540,146.8830,153.8470,173.7990,180.9370,162.8100,128.8270,99.9731,102.9500,123.9740,119.7120,109.4820,126.7730,150.2040,152.7680,122.2470,116.7690,98.9912,96.8167,33.9947,58.8116,38.2572,33.3103,18.1255,12.8503,22.0387,37.9357,44.0726,43.5973,47.7658,60.1672,78.1532,103.1650,83.0202,52.4197,59.3539,77.5060,75.5171,72.2165,28.4446,52.1458,43.3839,36.0294,9.8773,35.6124,50.7223,60.0296,57.5769,47.9608,19.5003,30.0206,45.4134,74.8252,106.0280,125.6140,119.5180,109.9150,96.7134,86.0635,95.4959,93.9439,79.1949,48.4828,11.4073,30.9951,55.3863,65.6525,68.8165,61.2849,37.2354,19.9781,14.7128,28.5363,13.0293,11.1312,42.4957,39.1917,28.4190,35.0808,48.8676,59.8346,63.5241,56.9054,39.5068,26.5139,20.5981,27.1133,33.0004,33.8161,32.0149,20.4824,22.7207,45.9560,56.5098,58.6009,53.9309,38.8681
53241.6000,48862.4000,25980.0000,26412.6000,41072.0000,34540.0000,24963.6000,22035.7000,21508.3000,18440.4000,14700.6000,11347.6000,9434.3400,8760.3900,7156.3100,6521.8800,6922.7700,5250.6300,3658.0100,3412.5100,3190.3900,2871.4200,2410.2800,2114.3000,1692.0000,1628.3700,1479.7500,1176.9900,1092.4000,894.7280,614.2050,484.9180,351.3700,182.4620,100.8260,109.1230,262.8280,557.7490,774.4480,851.6870,865.3430,784.1320,596.0340,280.1970,221.5240,500.5340,619.8540,493.8710,382.6750,285.3330,264.8400,248.7660,188.9320,109.9190,65.7852,144.1190,235.3970,273.5590,252.7930,226.7190,218.0180,190.3140,143.1330,85.7764,36.8662,74.8626,167.3890,237.3670,226.5540,194.3400,192.0440,203.7720,196.6520,127.2410,72.8857,55.2878,109.9490,138.2100,171.9830,165.6700,172.4150,127.7760,65.3723,49.4914,23.9260,24.4667,37.4255,39.5383,47.2136,27.8664,45.4903,60.5134,71.7180,101.1150,121.7950,123.6310,115.0020,106.2230,86.1699,44.9684,20.8550,26.3641,56.2069,87.9774,123.2420,173.4780,217.4780,229.2890,254.0960,265.8650,235.3300,231.7840,263.1740,309.6540,325.5510,312.8610,261.8890,161.1040,70.5021,30.3501,103.7230,128.4350,119.7170,135.2810,149.9130,132.8110,94.3644,88.6683,95.9149,39.2748,50.1263,101.7320,142.4050,211.7250,244.9050,190.5370,130.1580,70.0650,68.0704,120.9320,143.8870,126.4090,84.6926,87.4815,87.0935,115.6910,193.4260,263.3470,276.7960,249.8060,213.0360,173.0540,116.8010,102.9000,133.6160,161.2390,127.5580,86.6235,111.7020,142.8430,184.8950,210.6520,149.6610,121.3810,73.0310,61.0789,97.7630,125.4710,115.2740,105.9940,109.1530,112.4840,104.5070,86.1373,84.0783,103.6280,109.3010,97.3895,92.6641,73.4205,53.4567,42.5339,74.5011,112.4890,147.5270,145.4480,107.4690,80.8752,68.8435,80.8203,89.1031,69.9950,76.7950,103.5170,122.7960,171.9080,220.4790,245.8660,248.7020,219.2690,187.3290,137.1480,121.8430,135.6810,143.4240,155.4790,167.6360,177.4360,151.9130,124.7080,110.4750,104.3610,115.7090,108.3600,102.9460,102.1620,115.2320,120.7740,130.7390,146.4560,120.0330,105.3630,39.1937,23.9893,14.9399,20.0373,24.1093,24.2933,23.1757,33.4979,33.0220,25.6395,33.8407,53.2611,74.2043,92.3129,67.3430,36.6488,59.8606,78.8882,63.2647,34.4634,12.7601,44.4497,60.1669,58.7242,38.5031,27.0819,47.1646,64.9970,68.6143,54.8848,30.5815,29.5924,41.4417,64.7022,90.5409,101.7600,108.2940,110.5680,90.4695,75.2070,72.7715,80.3100,77.3542,35.2580,10.1603,20.1314,36.7421,48.8457,41.0597,30.8636,20.4557,19.5161,11.0006,12.6086,9.6480,23.5482,46.7000,58.7836,57.9465,56.2741,58.1722,53.7164,49.6198,43.5362,34.6852,28.8805,37.2684,40.0088,38.7701,42.6121,36.4810,25.3521,25.1890,43.9337,60.2125,69.0890,71.4987,58.2751
53661.2000,49139.7000,26277.1000,27131.3000,42020.6000,35252.0000,25353.1000,22294.7000,21800.3000,18514.3000,14739.6000,11368.1000,9460.8900,8759.4200,7212.8200,6624.2100,6990.1400,5332.6700,3712.6900,3400.9500,3218.8500,2899.2400,2488.2100,2163.9600,1706.8700,1653.1300,1472.9800,1171.2300,1096.3900,860.3590,601.0060,456.1670,321.0910,178.1730,147.2470,171.6990,315.2560,604.7920,792.5400,879.0660,908.7550,795.9300,579.8740,271.7470,243.8360,554.1250,652.2770,528.3360,359.9440,256.9050,257.6280,228.0020,140.0740,58.0991,78.3276,157.1490,237.4710,269.5300,243.8520,214.7040,207.7710,177.9660,123.7970,55.9340,17.1367,62.2636,168.4100,254.8710,249.4410,222.4520,198.3660,214.7420,225.9170,163.1210,83.8457,62.4947,87.2195,148.5930,192.6530,168.5770,177.3410,112.5830,66.0213,49.7065,44.8201,59.1107,79.2816,68.5720,71.1902,32.1285,34.9001,46.1264,69.2589,93.9011,104.3990,112.3160,104.8450,107.6370,66.5475,24.5919,19.5435,31.2409,68.6898,96.3996,126.6210,181.5610,232.6500,247.1040,262.3890,259.7040,242.4060,230.1740,236.7080,285.9310,303.1100,312.5010,277.4890,169.3090,91.1014,36.8409,103.0110,113.6640,106.4500,123.9880,138.8760,126.9420,99.9351,81.9294,70.7714,36.6890,47.9520,94.0637,154.7670,235.3190,247.7120,197.7140,136.8440,83.6620,75.9465,125.7570,150.5310,139.9280,108.7680,104.0550,96.9843,111.9280,180.8990,242.0910,267.0460,255.5650,215.3160,177.5340,116.5510,100.7540,118.0220,134.1070,124.7460,102.2330,105.7420,117.5060,161.0250,185.8470,141.4470,113.9840,72.3905,78.1843,109.8870,113.4300,103.5130,103.0630,121.4360,123.8700,117.3180,81.0425,71.8367,96.9202,102.9660,89.9903,72.4290,55.9520,43.1726,36.3674,50.5423,88.6062,137.1070,128.0350,109.2860,91.9959,64.8786,57.5712,80.6313,81.1617,71.2647,107.5300,147.3560,183.5840,215.3570,242.6090,247.1570,222.7040,198.7650,142.5310,113.4300,137.5880,144.9310,151.4360,150.0570,166.9960,154.5040,120.5550,95.3691,82.7574,97.6169,107.1960,101.2720,102.2130,112.4500,123.4150,117.7500,128.5030,108.5250,114.7160,47.6956,74.7469,43.6529,42.7830,23.3688,20.8658,16.6622,29.7551,51.5621,48.9683,49.2494,65.3856,84.4104,92.1811,70.1689,55.8272,69.7641,84.4667,76.4435,65.8882,18.9187,47.3362,52.5217,52.5655,43.0798,8.4837,46.8874,67.5128,80.6232,57.8553,27.7914,27.4875,40.0558,66.6903,88.8191,114.2790,123.9630,106.4420,82.3781,66.2360,63.5155,69.6487,77.8105,51.7224,21.4711,23.6866,39.1693,46.0811,60.6260,45.2276,27.6977,4.6923,10.2353,10.9252,14.0985,22.3179,40.1468,61.4840,55.6491,52.2399,58.9326,58.5148,46.3242,37.6873,40.0459,30.9431,28.8287,50.1211,60.0114,42.1952,26.1327,27.7008,26.9752,25.4281,46.7682,63.8499,69.8429,42.8562
53072.2000,48998.3000,26169.0000,26837.9000,41679.0000,34776.8000,24844.0000,21921.2000,21403.6000,18170.0000,14533.4000,11305.8000,9337.6500,8695.8800,7181.7900,6533.7800,6949.0400,5289.2700,3654.1000,3402.9000,3222.0900,2903.7000,2483.0200,2165.2100,1690.3400,1631.7000,1442.8700,1123.4600,1057.2600,826.1730,568.2510,414.2120,270.0060,107.7100,95.4683,176.4590,342.2840,636.8100,880.7890,949.6280,943.0440,802.2730,578.2810,278.5720,251.2840,532.9670,652.1010,498.1520,379.9200,297.4210,273.8230,248.4720,168.5020,76.9757,76.7522,154.7440,225.9630,241.3220,218.9900,189.8140,185.0480,167.4070,128.1610,75.6519,23.6104,61.2191,152.3330,236.6270,225.9540,193.5770,178.7670,188.1140,201.6950,138.5300,84.0341,51.6458,97.9483,112.2510,161.6890,157.2710,165.7020,107.7580,57.2871,41.4839,35.7295,34.1228,44.2882,46.1433,38.1276,18.1513,34.4154,58.0856,80.2615,108.9510,119.6750,113.5360,106.6940,104.4040,88.5311,38.8907,27.7537,37.9194,70.1193,90.6147,115.9390,165.5630,216.4480,239.6770,268.6490,270.9830,237.5680,233.7460,252.4610,292.3690,296.0050,291.0120,245.7270,147.1600,63.3890,42.3271,126.7510,151.3300,137.5710,150.1190,158.6280,142.7920,109.0500,102.9220,102.2110,51.8868,50.9340,87.8755,140.9440,220.4830,248.1230,209.6230,157.6930,82.8692,52.0481,130.0430,158.7420,142.2100,102.4860,98.8339,89.4316,103.1490,163.6230,220.2160,249.6870,239.9950,219.7410,184.8920,117.0460,86.5969,126.1770,168.2910,117.9650,83.5322,114.3220,131.2500,172.6810,179.6660,155.0090,137.7910,108.2430,82.6893,98.9896,117.1000,115.0250,120.5640,123.6280,122.1270,101.2020,79.0487,81.4952,101.9640,111.8560,97.2601,87.0066,71.5557,55.2633,37.5552,71.7953,124.6180,169.0520,146.0820,104.7790,81.7862,81.2193,89.7543,95.0400,81.6623,76.5835,95.8605,133.0970,175.4070,214.3040,240.9990,247.2100,197.2930,156.1040,128.3810,110.6290,133.5940,165.5740,174.3570,169.8490,177.0970,170.8890,130.8900,100.3740,96.8015,110.5320,116.4170,115.4340,116.2860,127.4960,134.1840,127.0980,130.4170,117.8280,118.5470,58.9377,52.0066,27.9329,23.9628,17.0665,21.0372,25.5661,33.9662,43.1933,48.3918,55.0856,65.7070,76.7704,89.8261,71.2790,41.6930,56.6248,79.1374,68.6521,43.6186,11.0841,43.3169,57.6289,60.8689,38.2218,18.8979,40.0356,58.9233,66.6015,66.5014,36.6743,33.2037,36.2724,62.2365,92.6721,107.7030,108.3500,106.2440,82.5312,70.0663,86.9526,95.4280,85.6814,49.4633,13.7591,26.2862,49.1174,53.3592,52.7361,43.8682,23.3128,9.1739,25.5361,24.5479,18.9232,9.0369,12.7537,42.4245,46.8081,37.0091,26.0062,32.5094,38.0866,20.6221,13.4166,25.7559,35.7994,39.6483,33.1745,27.3612,25.1252,18.8656,32.9464,54.7564,56.9555,56.2753,54.8201,44.3703
53075.5000,48802.7000,25926.3000,26308.8000,40979.7000,34422.8000,24843.9000,21976.6000,21464.4000,18365.9000,14660.4000,11288.6000,9338.4800,8686.2700,7113.4300,6484.9900,6873.2000,5187.9200,3610.4500,3395.9200,3175.7700,2864.5900,2402.1100,2102.9300,1679.8600,1614.0100,1445.0700,1145.5500,1079.0400,870.0880,603.0400,448.0300,315.7680,180.1640,69.7118,139.9810,320.2820,596.3050,819.9440,849.3020,823.1190,751.0620,576.9450,313.8170,279.9210,478.1410,596.8730,495.7210,386.0570,351.2230,364.4170,316.3230,280.6930,183.8510,107.1370,162.3550,241.4780,261.1790,261.2830,255.4730,240.7020,208.1810,163.8590,116.4330,79.3930,92.2480,164.9850,217.0770,161.6960,134.3190,121.7390,133.3370,118.8680,54.9292,70.2206,86.7384,123.7420,147.2160,184.4920,155.2870,147.6060,92.3204,56.3951,56.4674,60.9068,51.2179,55.7087,56.3463,61.2449,20.7450,39.0525,52.1757,74.8108,105.3720,84.8217,70.0566,76.2225,82.5836,77.7509,48.8823,52.1949,77.6891,97.4503,117.7130,166.7170,214.9870,256.1690,259.0350,275.5060,285.2100,254.1170,266.6070,293.3140,330.5580,331.0860,307.2240,262.5320,162.8170,78.3525,33.6042,110.7290,144.5330,148.2970,160.0950,168.1680,150.9280,128.9300,119.4100,111.1990,53.6467,62.2617,111.7870,157.8280,216.4160,236.0140,198.1000,149.4110,85.7016,59.3040,114.1590,150.2570,156.8380,128.9350,100.3640,86.7891,104.2550,159.1430,223.1140,264.4240,251.7680,204.9620,161.2160,96.5180,89.9854,123.9690,155.6580,132.1770,91.7687,96.7234,113.9880,153.3730,186.8360,151.9840,138.0740,106.4910,86.2078,104.0300,126.2270,125.7920,117.1490,115.3860,136.6690,150.2540,119.2350,98.5020,124.5920,124.3680,105.3880,103.1980,94.6325,85.6461,69.7898,71.8310,101.6580,148.5990,142.4770,104.5580,69.7819,63.1841,83.5093,105.9520,108.7250,87.2672,100.8600,126.8670,164.5230,205.8120,226.4580,228.0230,206.3080,184.7790,128.0820,106.5350,136.7520,153.6700,156.7070,168.9190,174.4610,130.9150,83.3310,80.3544,102.7350,133.6250,139.6640,125.5740,130.0450,132.9320,131.7620,129.3450,139.2710,115.8260,112.8160,46.4792,57.3884,29.6581,30.9871,6.7257,9.5853,13.6208,18.6373,36.9883,41.2854,46.9572,59.8085,77.1987,87.0318,61.6191,38.2726,63.7484,91.1072,86.3422,80.8886,34.5566,60.4763,59.0015,50.6902,28.9786,22.6160,44.4753,59.4153,59.1146,46.5370,28.0605,42.4824,59.1692,76.7763,92.0650,103.1010,121.4190,111.8140,86.7093,68.2251,72.3305,89.5086,93.4478,71.6690,28.8048,26.1289,46.9566,53.7886,55.9307,48.7474,31.4058,21.0205,16.5524,17.9054,13.1465,10.9995,23.9195,50.1595,57.7667,47.8794,30.7140,33.0983,44.6243,45.6826,29.7479,18.1216,17.1843,32.9508,40.6947,21.5607,10.9187,18.1014,27.1861,51.0215,69.4717,71.9328,67.2103,49.2539
53691.5000,49105.4000,26170.0000,26953.2000,41829.8000,35185.0000,25408.3000,22334.8000,21828.2000,18537.9000,14750.4000,11336.6000,9446.7300,8776.4500,7233.1300,6616.2500,6955.9900,5287.6800,3681.7500,3410.9500,3224.1400,2880.1600,2457.7600,2115.2400,1639.2000,1589.1900,1422.3600,1122.0600,1046.8700,796.1960,593.9750,419.1870,357.4300,295.9870,235.5300,314.3390,478.7790,738.6890,951.5480,950.1280,850.1740,688.6240,549.9750,353.0410,345.8470,483.9690,550.0520,477.6220,400.6870,405.1730,411.1140,380.2610,332.1880,241.4220,179.8430,226.2290,293.6970,305.6520,298.9100,291.0880,280.1100,242.3700,196.9360,149.8790,102.6960,89.7971,116.3930,155.6710,111.3490,81.9424,53.1602,61.0883,68.9459,48.3265,90.8392,86.8562,97.5372,106.9270,144.6890,114.3010,150.7360,113.4140,100.3350,89.7508,97.3038,91.4629,84.4142,72.6077,46.9171,34.6435,67.0137,102.6180,132.4680,172.7160,180.7220,151.2680,128.1560,107.6990,91.8847,54.3248,45.6925,57.6461,77.5444,120.4800,173.0310,215.5530,254.6580,256.8600,255.2300,260.2370,237.4380,251.3250,280.6880,311.6910,325.3600,316.8060,271.0630,169.5920,72.9547,34.6122,100.2150,114.8090,126.2980,166.3270,172.2600,159.7740,107.5570,107.3500,116.6480,63.8057,52.6085,91.2725,120.0380,168.2740,195.4390,174.6090,144.4930,87.9321,44.5508,70.7493,105.7050,121.2320,105.8250,91.8408,87.3681,98.2804,154.8250,231.2760,274.7240,255.2880,210.0230,168.1890,115.5380,120.9910,160.0100,186.9150,150.9910,121.9660,119.2230,120.6840,145.0840,169.3460,145.5150,131.9420,105.6430,95.1651,111.9280,138.5020,147.8150,146.1150,156.6210,150.0630,119.5290,91.1065,110.8970,126.9000,112.3280,101.4480,87.3053,90.9292,93.0466,80.1136,74.6555,93.7541,131.9240,120.2850,79.3257,49.5907,29.8639,60.1778,88.5862,108.7910,100.1760,97.5017,116.5930,161.9570,191.2630,211.4840,206.2280,192.7500,188.1650,143.9630,114.7450,134.7870,149.4390,147.6830,154.9250,154.6740,128.2960,89.8042,67.7702,84.4489,108.4070,100.1690,94.9610,106.9500,119.6330,119.8050,122.3060,122.5190,106.2220,108.6250,53.4300,51.4684,18.2490,15.8064,8.8508,13.2520,16.8492,20.2536,20.3954,30.0889,53.6533,66.0768,76.5676,87.0476,69.3716,49.6729,73.0588,88.2255,85.5885,70.6937,26.4612,40.8833,36.9411,31.4872,16.3845,19.6250,37.8112,51.3056,57.4340,48.9747,26.7314,40.9214,56.0824,77.5350,99.0687,104.8740,99.5937,88.5612,65.9348,55.4766,76.7470,84.3175,73.4567,26.5605,30.5312,57.7048,75.0104,75.0955,71.8572,57.4081,33.8902,16.9844,13.3109,14.3003,8.7018,12.8647,26.7859,52.1880,57.4223,47.9940,34.3466,35.9469,39.7067,28.3318,22.6164,12.9596,13.0857,26.0697,31.4299,29.1007,18.2980,8.1117,20.2259,44.3043,54.3522,57.8052,42.0766,20.9721
53380.6000,49201.8000,26286.2000,27085.3000,42013.0000,35044.3000,25099.0000,22208.8000,21671.8000,18360.0000,14638.8000,11383.3000,9450.4500,8801.0500,7326.0400,6689.5300,7060.5900,5383.5900,3757.7800,3499.3300,3280.6300,2911.7100,2440.2600,2096.5700,1625.6600,1555.2700,1381.5100,1065.8000,978.4050,747.0420,532.7680,371.2020,283.3200,198.0860,158.2920,253.5700,453.3180,731.7120,951.6600,962.0300,888.3790,753.7880,582.1430,360.2570,363.8480,518.4380,598.1890,487.7350,413.6530,427.0100,423.5290,410.5370,337.3000,271.8190,198.5780,228.9120,302.0960,319.0680,326.4210,329.5810,307.2040,260.5710,210.0450,154.8510,88.9951,56.8762,77.6820,131.0660,120.5510,103.5490,62.0038,59.4805,74.1344,56.0069,96.4144,84.4446,89.2570,96.7587,126.8660,97.9185,120.1920,100.9450,92.5998,97.4794,89.1101,74.4031,88.2648,82.6160,56.9233,27.2046,51.0368,67.4005,86.8022,120.7260,151.6130,148.2130,129.4460,111.0490,87.0192,59.1748,50.4852,75.3457,78.8841,87.1445,142.0120,185.9720,227.1050,229.3070,262.9820,270.4220,229.6350,232.3280,263.1270,302.5880,319.6340,321.8010,278.9550,183.2320,92.5816,32.6582,73.5959,119.1360,125.3500,146.2200,146.5780,142.7400,87.6595,81.8923,110.3610,59.6745,36.2249,75.7017,115.7100,179.0380,198.9400,166.6920,132.0090,75.8350,36.0493,101.2840,135.6790,135.2580,103.8830,107.2850,101.9190,103.3720,175.2290,250.7090,269.1180,241.2600,185.9190,151.2520,106.7270,102.9220,147.0140,195.9300,189.3980,148.7630,141.1920,144.7060,175.1990,195.0500,183.2010,172.2060,152.5600,130.0600,149.0060,184.7670,171.2130,155.1960,183.7260,171.8900,142.1660,110.6680,132.4770,146.0860,121.1010,111.7030,107.7440,101.1470,85.9068,75.1434,91.6467,114.5050,122.4500,101.6470,75.9934,60.0601,23.2016,35.8223,64.6983,75.4166,70.8512,98.4988,124.1190,149.6120,171.9330,197.8830,204.2090,177.9850,153.0600,131.3110,111.6390,119.3320,132.5160,133.2520,148.7170,148.0570,119.8740,72.3600,68.7270,99.9587,118.6220,109.1930,99.9258,100.9420,112.3670,121.5710,120.3590,102.6430,77.9693,85.0695,59.8223,78.4388,57.1841,47.6745,41.3593,33.7557,32.3990,32.7115,19.1284,25.4690,57.4728,72.1202,80.9930,89.5496,57.5182,29.8915,60.1626,86.9839,75.9571,61.2185,14.7492,47.2398,57.4563,62.5070,44.8654,21.1390,34.1106,53.6568,60.4326,66.6399,50.6867,77.1173,75.0283,87.9954,103.7700,119.2360,123.7220,109.1320,74.4901,52.1346,67.4085,76.2188,66.7185,16.9455,29.2543,49.8037,59.4013,55.0007,48.5890,42.4884,24.1457,14.9372,24.7143,23.4106,18.3209,19.1509,29.2310,50.5531,61.0682,56.7332,46.0811,46.2987,57.0814,50.0823,34.4569,19.9112,19.2781,38.4572,41.8129,39.1300,38.9648,24.5099,17.1201,43.2121,42.5492,32.9396,35.6574,43.4541
53047.8000,48867.5000,26042.9000,26351.4000,41012.2000,34482.2000,24922.6000,22056.5000,21533.1000,18298.0000,14589.1000,11189.8000,9272.2500,8681.4300,7150.6500,6542.2300,6968.3600,5263.4000,3643.0900,3428.2000,3214.5800,2880.1000,2416.5000,2124.9400,1711.1700,1656.9800,1497.4900,1185.8100,1100.8300,888.3520,603.8340,508.0780,384.7470,214.7760,190.3580,209.9000,316.4890,606.6280,820.2910,912.2580,953.8580,840.1740,613.0950,260.8530,195.9020,510.5840,621.7850,500.8170,383.7860,302.9190,286.5010,263.8040,190.2380,121.7630,79.4566,146.8900,231.0430,256.6240,257.4390,260.2200,246.9360,226.1830,191.8890,145.0080,88.1783,70.5467,109.1220,143.1330,119.4370,93.7162,68.9237,69.6450,73.5307,33.1047,66.5500,86.2903,117.9690,139.4520,162.8510,126.0060,106.8110,71.0885,55.8370,73.5693,87.5693,91.5302,87.6914,78.5452,72.7319,57.6591,30.0938,25.3468,60.5884,115.9900,147.9290,145.5130,134.1130,141.8000,116.6360,93.5848,92.5081,118.2020,124.3700,126.9860,160.1610,193.8350,231.3790,233.9000,242.6070,260.7090,235.4440,225.9660,241.5760,287.9330,310.5790,294.1830,256.0540,170.5400,89.7672,24.9156,71.5255,108.6050,120.7080,119.9940,106.4240,89.0587,65.4662,77.0475,97.9534,58.8052,36.2852,82.4966,149.8440,199.6910,200.0960,171.5590,133.5450,76.0901,59.0640,111.8070,146.4040,156.4190,155.4110,121.6750,88.3748,104.2670,154.8700,232.0330,280.5820,259.8510,212.9670,178.6880,120.5200,108.6790,146.5590,189.0460,183.1110,157.1060,146.2780,154.0880,182.2040,209.1050,190.4830,175.6370,150.3730,124.3460,126.1310,164.1170,187.2300,168.8310,164.2720,154.3700,146.7750,118.6230,126.3510,153.3090,138.7530,119.2490,106.1970,96.3130,88.0640,79.5457,92.2768,110.9930,137.2160,113.3590,81.7824,63.0137,41.4714,29.4324,53.2942,68.3078,54.5016,75.7146,104.0890,131.8850,156.8640,191.4400,203.8950,181.4290,167.3380,132.9270,108.7600,107.1160,118.8670,125.5090,142.0670,143.9190,124.5530,86.4242,65.5440,94.7522,125.0830,104.1370,83.2155,94.7206,118.7640,136.5050,124.5150,113.1180,96.1011,113.4330,62.4895,79.0981,40.6152,30.7659,30.7833,32.3921,28.4149,34.0540,31.3971,34.7289,70.4429,89.9378,112.8920,102.6050,61.6951,40.9084,68.8848,83.8923,71.5331,52.2423,18.8567,51.4066,70.5555,67.1951,49.8478,15.4921,38.9288,64.1342,78.3111,64.6351,43.0113,51.2834,67.2881,88.4493,110.0850,113.4380,116.4820,100.0510,67.4374,62.2098,82.0850,86.0843,71.2624,40.6279,36.8170,58.1637,80.9337,74.3279,56.5461,45.3214,33.2198,23.6126,18.3596,19.0963,17.5675,11.8402,23.9899,27.9995,39.5847,43.8154,40.1220,28.7799,42.4082,62.9399,44.5402,21.8782,23.4184,32.4973,34.9378,31.9569,25.6090,16.2710,34.8797,45.0277,46.1212,48.9037,47.9844,32.3065
53697.8000,49104.2000,26216.7000,26893.2000,41695.0000,35175.1000,25533.4000,22452.2000,21931.5000,18623.3000,14819.7000,11373.9000,9493.9600,8815.6900,7287.5200,6730.5200,7097.3600,5428.4400,3822.8600,3527.2000,3328.9500,3012.3600,2558.4400,2259.3300,1843.3200,1780.3600,1626.7300,1349.6600,1256.8100,1026.1100,760.4470,675.7990,591.7380,460.4390,416.5220,426.8820,444.7190,533.8540,754.7210,942.2000,965.6220,815.0480,554.8720,278.4590,167.1180,527.1770,596.5940,579.2200,398.4590,249.4850,246.0300,234.7520,163.7580,108.2820,86.3611,79.9034,115.4050,140.9210,148.9800,148.8900,130.2280,106.6680,84.7268,48.0374,42.2363,66.9048,143.1670,203.7450,187.8330,153.5740,130.7040,165.8250,213.0150,152.6410,79.2241,40.9148,94.7144,123.0840,190.0710,191.7260,187.6890,128.2300,58.3331,33.7299,26.0663,34.7519,42.5177,33.4536,42.0119,26.2768,43.0654,55.3885,59.2571,76.1993,84.2014,76.3203,88.4492,105.6770,95.3129,108.0220,132.1260,160.2300,166.0390,181.5440,217.7130,261.7840,287.7390,264.1370,258.2510,269.0000,244.0520,221.3820,226.8640,273.1730,301.7590,283.4920,237.5680,161.5280,100.9480,55.4312,58.0211,89.2923,101.7370,89.6029,78.3731,77.4118,91.8950,106.3180,102.7200,80.2087,68.3646,98.7119,158.2580,217.3230,228.6650,189.9430,145.8500,70.4490,67.3826,107.7570,145.7510,155.7670,151.1460,107.9860,76.5624,98.8281,136.4320,197.8410,245.5980,228.2260,191.7540,154.2180,101.1260,99.0736,152.3590,214.9360,196.0180,152.3320,134.7640,147.9380,181.4050,195.4560,155.8600,129.6280,88.5087,66.1237,94.8363,140.4460,151.6740,143.5310,151.4840,146.4540,124.6940,96.7822,115.7050,146.8030,145.2850,121.8630,100.7490,90.6822,77.7417,76.3191,93.6710,126.7490,172.2050,160.6140,110.0360,81.4535,39.1598,45.9557,68.7779,68.0603,65.4584,85.2686,116.1290,150.1930,171.3790,191.2980,197.2330,179.4860,172.4540,147.2540,106.1470,95.5630,127.2000,144.3160,149.1330,155.2960,144.0800,95.8506,65.1342,75.2202,90.5767,91.4411,81.5011,93.8911,109.2630,135.1750,128.8250,113.8920,99.1936,118.0530,67.1488,76.4792,30.6779,16.9631,8.7720,14.3440,26.2873,47.3859,63.1695,52.5592,57.4177,79.8634,104.4460,98.9742,60.0094,35.4577,65.8835,90.4937,89.0805,67.8010,24.5890,42.5077,53.0786,51.9652,38.7548,18.3342,28.5485,38.9922,36.2551,31.3149,17.4034,45.6146,72.3342,102.4840,132.0190,138.3710,133.3250,125.0680,89.1180,67.5633,89.7877,105.0040,96.0492,54.9596,42.4854,56.5982,69.3135,61.7996,45.5432,39.1665,26.8459,17.5851,12.1547,10.4114,10.0480,15.0742,44.0198,51.7585,41.9497,41.0857,45.7002,46.8217,39.4185,36.2831,31.6107,29.5759,40.1464,48.9087,41.6376,27.2799,15.0891,15.0712,16.1221,21.3804,30.4242,35.8371,32.8242,13.8051
53456.9000,49197.4000,26308.4000,27140.2000,42084.1000,35176.3000,25213.4000,22253.5000,21752.0000,18388.6000,14665.4000,11355.0000,9435.9600,8792.0600,7311.6200,6708.9800,7091.7200,5422.8400,3784.1000,3514.7400,3345.8100,2980.9800,2559.4900,2239.3000,1789.6200,1759.0400,1602.2200,1308.5800,1260.2800,1049.6800,817.0380,726.2170,650.0040,538.7610,511.2990,581.9900,595.2780,608.0880,751.7960,902.3030,885.4430,721.8710,526.8000,286.7300,266.9190,489.9260,623.1710,616.4400,412.2280,298.8290,307.7780,282.7450,240.3860,188.8050,163.0130,150.7630,127.0880,131.3700,107.4660,83.0147,80.7098,92.5774,83.6205,76.6748,58.3725,32.3138,108.0310,193.6450,192.6640,178.8420,159.6180,215.8690,273.5750,197.5010,161.9120,97.5271,89.5332,115.9680,167.1540,180.6910,206.4290,169.5830,108.4030,92.0134,90.9617,100.9150,92.5936,62.4476,38.3470,33.3331,44.8560,55.4540,70.5721,92.8091,95.4139,78.7163,64.1439,56.5792,41.9561,56.9999,82.6687,109.5950,134.5240,169.1060,193.5880,229.9630,244.5210,243.7890,263.5600,266.9880,232.7430,224.6510,244.6170,283.3040,289.7420,270.0720,226.6100,140.2360,72.9769,38.5283,74.5291,118.2340,129.5320,131.2810,133.3350,123.3000,122.9350,141.4740,148.4000,91.3405,60.4133,104.0540,148.0920,199.3720,228.9740,198.0460,157.4320,77.1004,60.1044,100.4300,139.3730,145.6140,139.1780,116.6220,79.7876,62.4522,89.6094,145.6620,196.7180,201.1360,172.8290,150.9490,102.0470,87.8267,121.7880,172.8160,162.7460,124.4700,115.1670,133.7270,173.0270,186.9360,142.5420,106.0230,69.5290,74.4678,103.3410,138.7690,170.0830,170.2630,152.3450,136.4930,118.0460,96.7163,99.9977,141.0800,150.0580,114.0300,81.2166,62.6120,48.7581,47.8299,80.4646,131.1990,188.1360,177.7110,143.7800,103.3630,53.0715,52.3866,66.6444,66.9618,75.1774,98.2588,125.2130,159.6210,182.7140,205.8420,202.2750,173.6870,150.0410,114.0810,77.8563,91.3972,131.6100,144.5660,141.7640,138.9090,118.4440,71.1520,42.6713,62.2566,81.3032,70.0385,70.0190,88.6847,100.5360,102.9610,84.4333,92.3933,88.8666,133.4970,84.4557,87.0109,34.3804,22.1677,29.7888,27.0313,29.7143,46.2647,43.6856,35.3411,35.3413,49.0199,70.9844,61.5783,34.4237,28.0846,64.6731,84.0432,76.2320,60.1155,19.4003,36.1505,49.0412,57.5397,50.7098,17.2341,36.2140,44.9665,49.0207,41.2017,19.1120,34.9236,55.4460,80.5518,102.8960,122.0380,143.7960,135.3870,103.6330,74.7852,70.7055,87.0205,93.8060,60.3587,33.3398,55.5815,67.4184,45.3983,36.2453,31.0287,24.9708,18.8825,8.8343,13.7232,6.3091,20.2160,51.0682,61.1516,52.9043,47.9856,49.8361,56.2785,61.9070,50.2872,40.0751,31.5449,30.2634,38.1499,33.6267,32.6757,34.9543,26.6062,28.1788,42.2757,52.5466,55.5416,50.4917,27.6291
52916.4000,48812.4000,26009.1000,26370.3000,41003.7000,34354.0000,24754.1000,21930.1000,21393.5000,18213.4000,14561.3000,11231.9000,9260.8600,8656.6200,7147.6700,6526.3300,6949.6500,5266.5800,3645.6600,3437.4100,3264.3300,2969.9000,2546.3900,2264.7800,1839.7400,1820.7800,1682.5400,1389.9900,1337.6600,1130.1400,894.5910,845.0780,760.5050,615.2430,594.3310,696.1670,717.3800,722.5220,894.9120,1051.2500,1015.5800,833.1940,624.0410,388.4230,336.0480,515.2850,676.4400,686.8510,469.4580,349.6470,351.7480,318.4780,263.1920,199.8520,178.1610,148.9420,111.0400,96.6963,85.4940,80.4879,76.5280,83.1706,72.4002,64.6911,49.1708,28.8383,105.5280,191.8480,190.1120,179.5780,157.9250,216.0490,277.8120,211.2140,179.5450,109.2550,88.7285,104.7210,159.5190,173.8090,189.8530,151.2210,89.2413,76.2782,77.5227,87.6212,63.6953,42.0538,24.3368,23.4802,38.9051,51.6268,59.8810,52.7770,51.7862,50.2170,44.0679,38.9895,23.4765,34.7711,62.4556,104.7840,115.9730,130.1760,149.1570,205.1900,249.2760,253.7570,270.5840,269.9670,234.5290,208.9550,227.0860,279.6160,297.3430,273.6060,233.2030,160.1440,107.7420,65.9082,88.5018,109.2460,102.8290,114.1320,125.8830,128.2890,126.8540,141.3930,139.4620,96.9201,81.9719,120.6160,173.7750,240.9390,258.1600,213.9860,166.7730,92.6822,63.9212,104.0620,148.6100,162.4730,154.0620,131.2310,96.6545,81.5620,109.9520,165.4430,212.9760,216.5250,186.0090,158.6900,99.2657,93.1820,136.6540,179.9710,141.7980,97.5594,92.7555,111.9330,153.9670,171.8180,140.7340,115.7500,90.8654,91.4960,117.3280,137.4290,147.2000,150.6260,146.6250,131.4740,103.3990,73.5585,79.0919,100.5350,100.6230,78.8531,53.1959,31.6742,20.3431,33.1941,62.8838,109.1950,164.6600,144.6500,124.9390,92.9728,45.0486,33.2350,50.3193,51.1377,52.9159,91.4678,128.0380,153.4080,174.6440,200.4710,199.6950,164.9890,158.2450,135.0040,92.3216,87.7817,118.5140,138.1430,145.0220,154.0220,127.7290,76.7164,48.3540,54.0946,74.4250,81.5005,82.3237,91.7641,103.0930,114.2210,115.3240,116.9240,105.3990,124.2980,76.8798,70.9922,42.9723,18.0272,8.1215,20.6483,33.5782,46.5653,33.3918,28.6066,34.0945,49.1945,66.4709,71.5621,55.1887,42.5453,60.1708,78.7006,76.3064,63.7324,30.4662,29.6061,48.9559,46.7886,42.7899,20.6150,59.0196,79.1707,89.4679,79.5642,49.3528,28.9911,28.2385,50.2321,75.6295,111.3530,137.2150,125.8310,94.4477,72.3425,77.3555,94.9820,101.4360,59.6908,22.3824,38.5937,61.0365,50.1085,34.8942,31.2607,23.8592,19.9971,12.9420,19.7996,8.7287,12.5521,44.0640,66.2313,67.4612,64.5889,55.6839,41.5767,32.8392,34.9235,37.5153,28.8962,22.2709,27.5237,36.3962,31.5175,18.4645,19.0168,35.9753,41.3429,45.0381,46.6130,32.8810,12.0372
