42849.0000,40312.6000,27110.0000,22005.7000,20823.1000,18407.2000,15361.7000,11701.9000,9120.4000,8683.1300,7845.5500,5465.8200,4709.4800,4108.0700,3613.4200,4481.4400,4310.3000,3417.7300,3140.9700,2632.6700,2192.6500,1683.8300,1409.5800,870.6150,589.9000,528.2490,465.4730,541.6720,495.4810,383.4650,180.1520,185.2210,274.8910,308.5130,287.8420,243.4640,196.6040,191.5760,234.7750,282.3500,384.6820,448.2040,434.2110,396.6920,375.8180,294.9150,234.4150,161.7430,202.2780,375.1480,496.0520,477.1360,425.7950,507.1310,565.7600,611.6180,742.3420,740.1750,659.6960,528.9630,481.6800,533.8100,549.6890,538.2710,458.7440,415.4820,495.0590,542.0160,495.6970,454.6090,438.1150,364.1810,352.7160,414.0720,337.6260,300.7000,306.6500,354.0650,393.0580,361.8970,355.2320,383.5580,377.3360,368.5000,335.2200,367.7770,425.0960,415.5750,320.1330,228.0120,240.6890,290.5350,336.1880,292.3620,215.7280,154.4910,115.7790,108.0700,97.3105,83.6218,86.6185,93.6311,120.8740,149.8950,184.7380,208.1460,263.8850,227.8950,120.9100,115.6760,229.7860,300.6350,249.3480,160.2720,97.2666,172.8290,254.4230,275.9180,280.1120,228.8680,121.9800,91.3594,132.1930,109.6530,52.2956,41.0347,72.8787,82.5136,73.9043,61.5987,63.6942,72.6738,72.6502,47.3292,41.9977,58.6064,64.6995,72.0093,66.9512,54.1347,68.5437,67.4419,70.9204,81.8002,99.0435,105.4590,79.3703,66.5279,79.1666,109.1900,167.9490,226.2720,220.0990,206.7630,203.0220,177.4750,118.3100,79.5948,82.8618,79.1423,59.2653,39.9322,25.5478,37.1998,60.0723,35.0413,73.9545,65.1201,65.4252,64.7786,65.4322,81.1018,131.2570,188.6050,185.9030,176.5420,154.0510,116.5660,61.3659,52.1677,59.5507,131.3240,175.1190,171.3000,169.7520,168.6390,198.1210,213.6890,185.6570,153.8920,123.4240,121.5240,135.1030,151.4300,178.7300,178.4900,193.7970,233.3260,230.9410,219.1570,196.7500,160.1170,106.9610,65.0281,47.4102,71.7409,99.4195,109.9520,108.4070,86.7589,63.6721,73.2132,100.1030,129.5600,163.9070,198.9200,184.7640,164.1930,122.6290,39.7020,24.6096,49.3089,53.7877,60.3645,56.8800,44.2636,31.6633,57.0548,83.2877,104.1620,99.9700,61.1118,49.3259,31.2094,73.6012,92.9818,84.8043,75.2045,59.8377,41.1256,29.7338,37.7503,47.2776,31.1968,33.4738,23.9909,41.6917,43.2287,47.5332,58.0239,55.6331,37.6221,20.0543,16.6673,35.7352,39.0966,32.5099,14.5743,23.2983,49.6240,83.9027,119.7570,154.5460,148.5770,126.2650,110.2420,104.4210,94.5232,92.4887,80.9259,63.7975,55.6607,37.7348,19.3246,25.4884,29.6781,30.1176,34.8553,39.5910,34.9413,27.6400,26.4493,23.0081,25.0825,25.9036,24.8105,23.2375,18.9540,33.2865,38.8769,36.2693,32.3577,29.4939,19.8861,22.7490,41.5973,55.8827,61.1792,61.4100,54.5527
42392.6000,40243.8000,27316.2000,22249.9000,21136.5000,18699.6000,15642.0000,11819.9000,9261.0800,8842.0600,7901.8600,5562.7300,4802.7500,4117.4600,3633.2900,4508.0400,4326.8900,3422.9300,3155.9400,2605.2400,2199.6900,1651.4100,1352.8100,866.7230,612.5860,561.0890,524.0420,591.6630,503.2510,354.1100,205.8200,244.1530,314.4950,329.1560,287.8260,209.1290,165.9990,174.3710,207.8670,278.8640,368.4430,434.2440,429.5380,429.3040,396.5920,337.3570,263.0600,158.0490,188.8460,352.1550,459.4350,471.7400,451.6700,525.3780,568.7640,612.3960,731.4400,733.2960,661.3000,532.2540,480.3820,540.0260,561.8220,538.2430,454.8490,415.3220,496.8520,545.6660,497.7990,456.4380,446.9280,371.2210,369.3540,426.9450,344.2190,309.8730,319.2450,382.6740,416.2740,362.5460,357.0630,394.2720,391.9990,365.1610,318.1110,361.9850,438.3010,428.1330,325.7280,222.7170,229.8580,278.9530,324.9370,288.5910,216.3080,150.0670,103.2420,104.8470,106.1870,88.8119,71.7006,83.6463,122.2890,150.6880,186.4320,214.7420,266.4020,225.6850,123.0920,115.4020,236.6410,309.8220,273.5360,178.7680,96.1556,172.6530,251.4750,271.8730,277.0860,244.4380,120.8490,63.9361,123.2930,136.1320,74.3667,37.5840,68.9038,100.9660,87.7533,71.9187,74.0504,83.6840,65.2205,42.9832,48.8970,78.9999,88.6415,97.1209,97.4592,94.4540,93.2724,87.9956,98.7604,105.3320,114.4290,110.4410,86.0715,70.6149,90.7142,116.4760,171.0550,208.5210,209.8050,197.3550,204.1900,175.0490,122.0080,92.6663,95.4451,89.4313,66.0674,34.8973,38.3749,57.8003,80.7497,65.7195,60.3063,75.3832,70.4530,63.6453,44.7669,81.5059,139.5320,175.6060,177.2090,176.9930,159.5030,123.9150,89.2442,48.8344,31.1534,99.6505,148.1090,147.7210,147.7270,136.0430,171.2210,209.2490,174.1660,143.0770,126.1690,126.6980,127.2600,137.1090,170.9030,188.9020,215.1100,236.2880,225.7210,222.4590,219.0220,191.7600,117.4730,66.8585,38.5539,63.6257,91.4854,120.5260,119.1080,94.5810,71.6303,61.5967,76.0862,109.1060,159.1350,178.7900,161.6080,147.1750,129.0410,50.1308,20.9467,44.5528,56.5594,61.4625,51.9319,39.7147,44.3035,72.9525,97.5240,109.2160,113.1510,89.8012,67.0866,50.0781,62.5727,91.3102,83.0497,73.4382,58.4444,25.7825,18.2138,39.8982,57.3967,28.0422,36.2784,39.3536,62.5316,68.5971,69.9059,71.4920,58.7274,39.5842,27.6398,25.0072,29.9554,35.9591,38.0791,28.6207,18.7688,44.6473,82.6559,120.7660,143.3900,125.6230,117.7690,109.7400,101.0490,87.3448,91.5906,89.3235,68.9536,50.4714,30.6471,17.1909,8.0517,17.9487,39.6543,44.9527,45.3760,33.1491,28.3877,16.0034,7.4900,8.2435,2.5350,8.7525,21.1529,33.9335,47.3549,48.9661,46.2447,41.2212,29.0481,19.6294,25.0191,32.8897,43.4080,53.7776,57.8783,53.0760
43512.0000,41078.6000,27809.4000,22454.7000,21207.4000,18783.6000,15581.2000,11800.5000,9268.6500,8818.3600,7892.6800,5620.1800,4860.7400,4136.9400,3611.2400,4463.7100,4312.9300,3448.5300,3168.1800,2673.6300,2237.3200,1732.2100,1436.3900,922.3980,644.6430,550.7560,478.5790,524.7970,484.4240,375.6460,196.7370,204.4850,289.0250,324.7630,292.2820,234.7920,174.9230,154.5530,183.9200,270.4840,369.6110,465.1130,522.7030,535.5140,475.1830,424.1210,333.2580,237.6330,228.2870,379.7120,499.3010,497.8280,459.0540,553.8570,620.6730,637.3420,748.0800,764.3430,683.9110,552.7110,504.5140,561.4190,577.5120,552.3620,481.9050,432.2690,495.4640,544.8060,497.2980,454.0260,435.1970,370.0670,361.0580,435.7340,360.9870,316.6400,315.9920,359.4050,412.1270,388.3710,374.2530,397.7250,388.0820,380.8230,340.0880,391.3400,468.7930,438.5280,328.0550,214.3300,216.0310,263.2610,319.2480,302.6280,217.1580,137.3450,111.7270,117.1780,102.5190,90.5679,98.2195,100.5140,108.9230,136.4170,183.4840,223.2650,269.0380,232.0380,122.9880,124.7850,212.9700,291.6970,251.1570,159.6900,98.7403,191.2030,261.7850,281.0390,281.2930,246.1710,120.2000,71.9930,128.7670,117.6730,57.6406,24.4996,53.6359,76.0191,66.4212,59.2864,57.6431,68.3183,62.3354,37.7718,50.3332,73.6132,87.9408,95.7381,93.8572,81.1028,78.9684,74.3874,80.6479,93.8066,97.7016,92.1761,56.2441,45.1309,71.1455,99.2512,152.6800,197.4000,207.0900,206.5840,209.4930,171.4330,116.1730,81.7953,88.4697,88.5469,60.4735,25.2237,73.0650,89.9359,112.7500,58.9080,61.7653,56.0691,58.3209,62.2549,55.9142,67.8954,123.5870,171.9480,169.7420,168.5060,161.3890,124.0590,72.7376,58.9376,48.2873,110.3930,150.9480,150.3030,152.8320,158.2830,177.4060,186.8480,173.0530,142.6510,117.1870,122.8780,139.3230,139.2770,156.1450,181.3240,206.0290,237.3050,232.1250,222.9660,189.6540,146.1890,102.6790,60.0367,35.7177,66.8445,92.6772,105.6270,99.2375,75.2565,46.1430,54.9085,87.7772,116.2640,150.2630,173.7530,153.4820,141.4570,106.7590,42.1109,18.8491,36.2027,57.6931,63.8838,54.6181,45.4013,44.0345,62.5843,82.2529,105.2440,117.0430,88.7471,58.5373,33.1438,52.4935,79.8321,77.9658,70.5521,53.4535,36.5436,38.9822,48.5496,55.9027,47.4675,27.7696,8.9844,56.6246,62.0869,74.4468,66.7976,59.5712,48.4161,29.8377,16.5091,28.5366,34.7807,30.0370,25.1172,38.4367,60.8945,101.9430,143.5630,166.8720,142.3220,125.7860,128.5470,125.0430,111.1330,85.3112,61.7476,64.3678,56.7081,34.2235,21.6951,18.8869,37.6445,59.2072,58.5648,51.4078,40.8261,42.2683,31.2150,14.8522,5.3145,3.1058,8.9924,17.7342,28.3115,39.9353,40.0095,38.9582,36.4822,34.3164,23.0800,12.9743,24.5180,54.4750,64.6271,57.5795,43.1367
43158.9000,40579.0000,27308.6000,22127.8000,20875.9000,18446.3000,15363.4000,11718.3000,9155.6900,8700.9700,7871.8100,5532.7300,4766.9800,4118.0900,3590.9100,4464.7100,4328.8000,3455.7300,3198.5300,2700.7800,2268.2400,1762.0800,1459.6000,920.4710,645.8720,557.5840,477.9430,529.8140,497.6340,394.7310,239.8080,250.0590,319.5860,345.5490,315.6140,243.0060,185.9660,177.5390,219.2990,275.4100,375.2990,450.4970,508.1300,554.1550,533.3150,462.9030,349.7820,240.3270,259.0780,401.4120,501.2140,502.0320,457.3950,541.5600,608.8560,627.6370,723.6800,750.4350,679.9550,552.9280,480.5850,519.1830,546.9980,536.0720,449.0880,398.1170,468.2500,514.5520,480.7570,449.3450,446.2460,355.4690,352.9740,408.5820,345.9460,310.2630,318.0690,371.7030,415.8550,371.8530,351.7050,381.4620,376.5480,364.6610,331.0310,369.5840,432.4420,413.2880,313.8900,208.3520,201.2560,242.3920,286.3200,274.7440,212.3550,132.3960,87.8218,108.2510,108.3700,92.2930,88.6780,104.4750,118.7230,146.3230,174.2220,216.3930,280.8930,241.6380,140.1200,123.9670,209.6940,271.6300,232.3050,156.0120,102.6080,175.7150,256.2280,278.3620,284.4380,236.0710,117.0720,78.6095,124.0010,112.9490,59.7875,30.5839,57.7728,73.7252,48.5750,39.3535,56.4830,65.9335,57.4948,41.8582,55.6652,73.0943,87.7450,95.9778,106.2540,109.8380,96.6388,89.0105,99.0705,105.7540,112.1350,103.5530,68.4347,65.6325,99.0264,128.9150,176.8410,218.2960,240.9380,234.4920,232.6030,176.7100,138.6210,107.3500,91.0038,86.7840,65.8475,27.6413,53.9241,79.0763,114.6540,71.1572,85.7555,68.0873,61.2657,54.8721,53.7860,69.8736,116.5860,171.8730,174.4760,177.1730,159.0590,120.1680,77.1762,65.0396,53.4238,124.1840,161.7080,168.6530,176.8610,190.4300,190.6900,177.8830,162.3200,139.4810,116.1240,117.3630,125.8890,122.7020,140.1320,163.9070,202.0230,234.8640,210.6350,193.1820,171.3070,150.7830,91.0825,50.1581,33.6490,64.8035,95.8521,109.4410,101.8550,71.6516,46.7976,71.3899,104.4090,143.2020,174.0090,183.1070,170.3500,155.6500,135.0800,52.3598,22.0591,44.1733,52.1955,56.4429,50.8250,41.4895,31.4554,51.1584,71.5383,87.9450,90.5466,56.6088,31.5015,19.4453,52.3773,79.0607,84.0594,75.5193,54.5977,35.4576,40.1000,46.0229,50.5681,38.4803,19.1298,23.2410,48.7248,56.2661,61.7798,67.2986,61.7845,43.6459,28.5507,24.5066,46.7058,54.9142,45.7782,23.1159,39.0482,65.0675,97.5247,138.3510,171.0960,154.1330,133.5300,120.9900,114.7960,95.8582,91.7830,94.4079,82.8763,57.8348,40.5258,23.9211,16.1682,23.3719,46.6714,60.7840,66.5293,62.4909,45.8305,30.5663,25.9861,19.7672,22.9521,21.1008,34.4725,48.8929,56.2366,48.9190,46.0517,49.3936,50.9237,43.1049,36.2984,36.9762,53.3708,73.0467,73.9438,63.9863
42288.4000,40119.0000,27201.7000,22127.9000,20972.6000,18565.5000,15538.1000,11770.3000,9188.0100,8765.8300,7851.6900,5470.7700,4697.6500,4044.3800,3601.5100,4499.4900,4300.5900,3402.1200,3160.1000,2647.0400,2212.8800,1701.7800,1429.5800,898.0410,620.4080,551.2140,480.8340,566.4960,520.5620,396.4840,219.3820,260.5180,345.7340,346.8160,294.1930,218.7430,183.6530,187.5320,234.7110,292.4740,384.6560,446.0180,490.4740,520.9150,496.7160,427.7870,306.7840,198.3610,217.2180,369.6630,464.9600,478.8290,441.8110,527.4120,578.3080,595.6070,711.4220,732.1280,661.2430,522.3350,462.0900,516.8230,551.7740,532.3690,444.8050,410.3820,486.6920,538.1280,499.0820,463.1410,441.1640,366.9310,354.1370,429.7810,365.4080,314.2060,308.7390,342.7300,377.0950,342.8920,353.4850,384.9730,376.9920,366.7410,335.4300,368.2070,431.8850,429.0980,321.9800,208.9370,220.0510,273.2400,324.3730,292.1860,206.0180,136.1620,109.4980,104.1840,102.9910,97.9435,80.2341,88.1392,135.3230,168.3950,200.2690,231.2920,281.2970,237.4060,121.8990,118.6060,218.0940,307.9390,264.3320,167.9240,88.9244,172.4550,254.1880,278.9990,280.0570,225.7490,109.7460,88.1445,139.2770,125.2890,79.0190,43.3646,43.6263,77.9344,68.9095,52.4210,42.3085,57.6822,67.1523,49.7344,68.5713,93.8485,101.8580,109.6220,110.5650,93.8771,75.2226,74.0240,88.1262,90.1298,97.8239,97.3708,80.0394,64.2823,76.0677,108.9370,164.5100,203.2560,217.7190,220.7150,232.9950,189.0000,124.3600,101.7110,97.2257,93.4945,72.8467,56.4798,47.5310,69.6569,97.5958,53.6377,71.3624,62.6693,71.9939,64.9650,42.6089,65.5239,118.2230,151.7180,160.9870,173.6650,173.3330,128.2950,73.0603,61.8083,48.3991,113.2410,153.8300,167.2360,176.3460,186.5210,183.1900,188.8320,188.3840,165.4170,139.7120,135.6610,133.5590,133.2740,139.7950,161.1000,203.6130,224.9120,208.7380,198.8650,189.6460,159.8210,90.2751,52.5301,22.0403,50.2595,76.8402,97.7250,99.9622,75.7775,48.2643,49.9401,89.6602,126.6730,153.4840,164.2020,153.4880,140.6430,107.5280,27.9972,19.7072,49.1920,57.1023,61.5174,52.4727,41.2856,56.0226,75.9440,90.3396,108.3920,117.3020,75.6460,35.6591,14.3752,51.1658,85.1633,90.5488,81.7667,60.6607,35.2075,25.9861,39.8001,60.5480,39.3081,29.0996,18.0501,50.9823,69.2915,71.4308,73.3610,48.6347,40.9117,29.1926,21.4351,43.2398,46.0319,37.3146,21.7216,35.1482,62.8489,100.9190,139.2250,154.6650,136.6740,126.9250,126.3770,122.5870,106.6630,86.2629,73.8578,76.2994,60.6447,33.5008,16.9338,18.4009,35.1564,62.4311,66.0283,65.2797,50.6596,46.0469,30.6391,12.8761,2.8932,11.8703,24.2066,41.4657,42.8181,49.6604,60.9526,56.9570,46.0678,32.9364,35.1875,40.8096,54.3671,77.7017,78.2231,70.3299,61.1532
43274.6000,40938.2000,27755.8000,22459.9000,21226.5000,18794.6000,15592.8000,11807.2000,9284.8900,8815.0800,7851.4300,5542.7200,4791.4700,4111.8000,3619.2200,4477.2100,4320.5000,3448.8000,3160.1200,2659.5200,2229.3700,1741.0500,1437.5100,914.0380,651.4130,552.6950,477.4030,537.2930,493.0850,377.6820,205.2570,232.9840,302.5530,311.1020,279.6240,218.6640,189.4720,187.9660,212.3540,273.3470,397.1630,492.4620,529.4960,554.6500,523.0120,471.3750,357.0210,261.1550,233.8050,376.8260,497.1010,519.7350,477.9280,541.8320,604.7100,635.8890,740.3040,760.6960,686.4730,550.1000,484.2270,540.2250,560.5310,529.7660,446.2820,423.3720,490.4280,520.5750,486.6230,459.2040,456.4080,370.0780,366.2560,428.2070,360.0140,310.1890,306.3610,349.2940,388.0480,352.1350,356.5860,382.5250,373.2650,354.5690,337.1160,387.8940,449.0080,433.7920,327.2330,211.6810,216.7220,267.8150,320.1880,289.7560,196.5880,125.4690,116.2400,126.4210,109.4890,98.8021,103.8380,116.5310,141.6840,173.0170,194.3750,219.4830,277.2460,240.3070,111.9830,98.4388,223.9040,297.1440,258.7120,177.4620,103.8790,165.5020,248.5980,271.4500,266.0460,214.3060,106.2020,74.0625,132.2810,131.6410,64.1334,26.6428,64.1745,73.8146,55.9466,48.3345,45.8124,52.5012,44.6481,38.5472,57.6973,74.1036,91.0988,101.9740,111.0150,95.9767,82.2615,79.9877,85.1829,89.0271,97.6813,102.1140,77.5271,66.1296,79.5191,107.2630,158.2330,223.3400,243.1700,237.7950,240.2790,195.1230,136.8470,108.3680,99.6823,90.8687,68.0938,51.3206,48.5588,67.2544,92.5605,56.0016,73.5460,71.9893,77.1847,75.3072,53.2277,68.3632,129.5980,178.0810,177.9590,176.3770,163.2150,121.1930,68.2979,59.9792,53.8712,116.7820,158.8100,166.7470,168.2570,170.9710,188.8590,199.0200,164.5640,141.0350,125.9460,129.6700,128.0370,126.8880,146.4650,162.7880,196.4450,226.1390,216.7830,204.6570,186.2550,153.0710,92.1158,49.2310,22.9813,46.7354,69.6258,86.6828,88.8424,64.6249,42.2732,63.4110,90.7093,122.2600,152.6570,181.8440,165.0680,145.5180,103.4610,42.7658,34.2132,54.2327,65.8157,68.1844,66.6670,57.0194,54.4154,70.2851,90.6237,115.1770,122.6980,81.7709,47.4822,19.8931,64.5977,90.4084,101.9180,95.7432,77.7403,46.2885,39.4598,49.0237,62.0530,53.0269,29.9183,18.0372,43.7972,54.3333,63.0889,68.8750,69.1111,50.8755,26.2130,20.5344,42.0635,39.6106,33.2965,32.9687,42.8733,63.2068,102.8300,146.7080,164.2770,150.5840,133.0100,110.7840,107.1830,99.4696,96.5950,76.0236,62.3085,58.0314,35.0106,16.5750,24.9957,30.9355,41.7096,52.4212,59.5898,58.2377,45.4069,31.0674,17.4101,7.7514,7.8398,13.0853,24.1347,28.9760,32.2720,40.8161,41.3710,37.7238,34.1311,32.7659,33.4585,42.2475,59.6552,73.0731,73.3084,62.7428
43478.8000,40831.5000,27466.7000,22213.0000,20968.3000,18545.6000,15459.2000,11777.3000,9220.6600,8789.8200,7945.8200,5614.0400,4872.3500,4209.2800,3626.1700,4463.3200,4332.9500,3450.3100,3168.3900,2648.5100,2227.5500,1737.1000,1448.6500,920.0780,636.5040,517.3320,426.9320,495.4560,462.7110,362.8180,184.4970,204.4750,283.1030,314.1130,298.1000,230.6710,164.4580,139.8770,178.3290,240.5920,331.0080,393.4300,459.9570,533.6280,545.6480,482.0180,372.9800,254.7930,240.6550,362.3780,459.5520,474.9300,438.1660,523.2600,607.9560,627.4050,726.3120,755.3400,675.1820,543.9390,480.3460,528.3580,555.2860,538.2670,453.3550,403.0690,478.7450,534.9730,495.7530,458.7670,446.5420,364.7900,359.9390,424.8960,356.7330,315.7350,317.9370,368.6710,414.9270,369.8620,359.0510,396.0610,392.3560,383.8780,348.9980,406.8960,474.2800,442.1460,331.2120,209.7160,203.1940,256.0090,299.5380,269.6620,200.0840,121.4620,91.4389,114.5910,110.3910,104.8820,107.8940,117.9600,133.2910,167.6920,195.3920,231.5760,280.2890,241.2840,129.5110,119.1170,210.8430,289.7490,239.7940,154.6110,89.7463,164.5470,246.7220,272.1860,283.4180,233.1590,112.2230,78.1536,125.4940,117.0980,62.3289,28.5266,54.9956,78.5803,63.0380,44.0407,38.4586,43.7843,40.6719,45.3652,64.2275,84.0375,104.7490,118.3870,127.3190,120.8060,104.0840,82.5040,95.2885,104.7710,120.1890,110.6930,78.2427,61.3149,76.3241,105.6450,171.3320,240.1220,242.4470,239.0430,240.9950,203.3270,151.1740,122.1100,110.4840,99.8698,78.7108,49.7323,43.8872,71.8901,107.9470,81.6233,69.7378,63.3712,55.0591,62.5549,68.2274,70.0748,107.1110,156.0500,158.5330,163.0030,158.6340,131.8020,72.0476,66.2692,62.6981,137.5050,193.1750,177.9060,168.9760,164.4810,203.9270,216.0320,180.9180,155.6400,125.6830,125.0240,137.4130,144.7420,153.4930,172.5290,216.0250,234.7690,222.3550,213.0200,199.7940,157.3470,88.5390,43.9429,43.7654,64.4710,85.9902,112.1850,114.8030,77.0288,44.4935,62.4192,95.0765,130.6230,165.4750,183.0980,156.9870,144.1150,98.8719,33.9880,31.8447,58.7007,55.9687,50.1908,42.0531,31.3612,32.1907,59.2413,81.6646,98.7280,102.9600,64.1411,52.9046,35.9620,76.9134,89.5380,96.6666,86.0967,65.2253,25.1995,25.4565,37.6106,47.4555,33.2500,37.3201,25.0249,52.7724,48.2786,48.5504,48.8105,43.4381,31.7205,23.7241,27.1130,40.6409,43.0444,40.7867,38.6537,38.6094,55.1982,94.4762,135.3710,143.0060,133.6380,138.1460,119.4970,105.5950,89.8863,90.5124,81.2499,77.9718,67.8951,32.2259,17.6617,34.2199,45.5621,58.0904,60.4182,58.0099,48.1024,40.5255,30.4517,16.4551,9.6597,13.5072,27.5279,46.7849,62.5463,52.4261,46.8735,50.4777,55.4576,53.8507,44.2739,48.1915,54.7325,63.0218,75.9172,72.2932,57.2679
42333.1000,40052.5000,27053.2000,22002.6000,20877.3000,18477.9000,15439.3000,11713.5000,9132.7800,8720.1600,7836.5200,5487.9400,4763.9000,4064.8800,3508.7300,4401.6600,4245.6900,3354.3800,3121.9800,2609.0000,2210.6700,1716.1600,1450.4100,912.6090,632.3110,567.0140,484.0150,551.7270,502.9140,373.2730,201.2300,243.7650,330.4970,342.4040,279.2640,182.3190,143.0640,173.1250,207.1690,260.5320,322.4580,400.0430,463.7380,515.8520,504.6190,431.7040,332.9220,217.5970,202.1300,345.5030,443.2370,475.0610,431.0850,504.6860,560.4450,577.8230,692.2760,724.5290,654.5300,534.5510,469.4810,518.8540,556.1370,549.7510,457.7130,399.3390,475.7680,528.5520,487.5250,451.9290,446.3160,379.4690,372.1450,440.1860,366.9190,327.4430,330.3550,372.2960,395.7440,367.7430,382.7440,406.2760,391.5910,398.4590,377.9650,413.8430,476.7230,464.9550,359.8670,238.5620,212.7220,263.8630,311.4860,281.9710,195.9730,109.1850,79.8629,113.8700,112.1250,104.5550,106.7670,117.7420,141.8270,181.9990,218.3770,244.7850,277.8270,230.8490,143.4210,128.4560,198.4540,283.4500,239.5930,142.9000,80.6086,165.1920,237.1360,261.1540,272.6260,220.5860,112.4840,95.6900,132.3030,109.9550,58.8903,28.8928,48.7976,75.0286,63.3851,59.0833,57.2421,67.6776,51.2718,35.2738,48.4206,80.3551,94.7832,105.4580,102.0290,97.6695,99.3465,92.7195,97.4273,103.3450,119.0940,130.0650,103.6550,81.4411,88.1257,115.8270,170.2880,238.7390,258.6010,236.3560,238.5190,194.0390,139.6760,108.3720,109.3110,106.8500,83.2825,47.2421,59.6021,93.2187,127.9350,89.7922,78.2555,71.4497,48.0761,50.3564,36.6536,58.7236,103.3370,136.9880,152.9100,161.8900,162.3250,125.2810,77.1093,60.3033,51.2057,131.4590,176.7420,182.9790,188.7770,191.6790,197.2950,203.0850,181.6040,161.4070,135.0560,133.2280,131.4820,140.3840,154.7350,155.9690,203.6080,235.7750,209.8350,198.2980,189.7780,176.6770,102.5660,55.0221,41.8083,60.8806,82.9884,104.2490,100.5040,66.9615,43.2141,62.1922,94.4052,122.2100,155.8040,167.9760,159.5110,149.1300,129.7410,47.0424,23.0123,51.3829,47.2845,48.4200,46.2417,39.3230,12.2886,55.6813,79.7647,94.8422,85.9702,52.8669,30.1528,29.1726,73.8806,91.3705,91.0676,83.1357,67.9381,34.8567,19.5351,35.1482,48.4650,23.0940,28.7197,34.5714,54.1848,66.5589,71.6810,79.3472,61.4634,38.0866,19.4620,19.2016,36.0859,39.6831,37.2222,29.4311,31.2274,53.9472,90.5054,128.7640,151.1400,134.5460,119.7290,113.3870,111.8210,101.2250,93.6897,81.6947,70.4781,56.5467,35.4180,19.1808,17.5259,25.7239,38.4714,48.6585,54.9702,46.6620,39.0600,35.7697,24.7672,17.8228,6.5738,12.9122,23.2437,41.2595,51.7452,54.7217,51.9190,47.3615,45.2210,42.5680,28.5722,34.4588,54.1579,51.1439,45.7495,35.8758
43098.3000,40823.9000,27714.1000,22466.1000,21264.7000,18832.6000,15662.8000,11840.1000,9328.3400,8894.5200,7906.2000,5581.6900,4851.2900,4181.6800,3706.4900,4580.7400,4411.0600,3501.3100,3212.0600,2667.1100,2251.7800,1756.6800,1468.2300,943.4220,666.6490,561.9600,446.1160,507.3020,481.7360,380.6410,225.4850,253.4990,325.8580,330.4620,301.0000,227.6250,183.2210,176.7410,221.5900,275.8760,361.2270,422.4340,482.5100,541.1380,546.0000,477.9950,391.0360,258.6620,254.1030,384.4830,470.7420,496.6330,474.1400,534.0660,579.2920,621.8660,739.3680,768.0360,685.4340,546.2700,468.9100,517.1020,562.1700,550.3210,454.1090,405.4110,486.3430,541.3050,505.4400,470.5240,460.4200,364.6280,356.1190,417.0740,365.2120,325.3660,325.1990,359.0520,403.6690,377.0150,379.1060,407.0460,393.5890,385.3670,349.5010,405.4190,469.5350,444.4490,338.6020,226.9890,222.4520,273.1510,317.7360,276.3660,184.6690,98.8977,78.4772,105.4410,106.9970,105.1840,96.9074,102.4820,137.6390,172.8450,206.6280,236.1640,280.2840,225.3280,142.8270,126.6270,230.2830,307.4420,275.4710,182.7470,100.3270,162.6010,240.9290,258.8230,260.4110,223.7290,125.7470,83.5791,125.1180,125.6070,74.2814,31.5219,41.6022,73.6181,60.5359,46.5239,46.8843,63.5398,59.5348,50.6444,64.6902,92.0351,105.5800,112.3080,103.6340,91.2808,89.8966,79.9898,96.1376,113.7970,136.2630,127.9890,84.9179,91.7915,124.7630,148.4730,185.3180,223.2360,252.1020,228.3530,232.8160,185.4700,132.1470,113.6140,100.9290,84.4181,59.8521,53.3405,69.5453,93.7371,124.6690,101.5440,73.3165,82.8731,59.4440,73.8974,46.5598,54.1373,112.7700,149.1350,157.7990,180.1990,193.3470,149.0170,85.3736,53.1449,32.5887,102.1200,159.2410,167.8620,177.1470,183.5530,198.7110,199.2090,173.4320,155.8300,134.8220,138.6030,132.4270,130.7970,155.8380,176.7450,201.3160,227.4280,223.6040,211.0070,187.2460,137.0760,88.3133,56.8569,46.4568,63.5302,90.8253,129.5490,127.4530,85.6185,49.9518,55.4204,100.3690,136.8950,162.0070,167.7550,166.7560,152.1050,125.9290,31.3688,33.1523,77.9423,57.2940,42.2186,34.6094,21.9018,27.2590,59.0604,74.9319,81.2193,72.7155,48.1514,38.8003,30.0579,68.2880,88.7231,85.6060,72.7220,51.1318,20.9836,19.5016,26.1240,24.3682,11.3248,20.5779,34.0289,63.2679,68.5189,67.6462,66.1281,50.1774,40.2590,28.8154,22.7398,50.6050,60.4090,52.7252,32.3897,33.8549,46.5098,77.9226,125.4040,154.5310,126.5380,118.0100,121.5130,116.9120,98.3148,92.4221,85.7063,71.8720,69.9895,58.5431,33.3163,24.0972,40.1202,46.8253,54.0635,58.9945,67.9185,65.7404,37.9647,22.7804,8.4821,9.3276,20.7524,29.4893,38.5382,45.6534,48.9908,49.3019,48.3898,53.6155,46.8676,36.0356,44.2278,54.4115,61.6538,66.9833,62.4550
43561.5000,40924.7000,27558.9000,22275.9000,21009.8000,18583.2000,15445.3000,11755.8000,9220.3900,8787.1300,7924.5200,5574.4100,4798.8100,4173.6800,3691.0400,4550.2100,4375.7600,3480.2500,3190.6000,2686.4200,2259.6400,1762.1300,1481.6800,967.8060,681.6340,522.4330,391.8580,459.0910,442.0290,353.0070,177.3120,191.6830,262.2100,293.1930,290.4070,229.4670,162.7050,132.9820,168.5990,236.5250,339.5810,427.5590,479.5360,514.6400,512.6480,460.4600,357.6060,259.6780,217.9250,337.1560,442.3100,469.9710,443.0610,528.1580,598.7810,630.1330,739.0970,761.8870,686.0120,548.3310,477.8530,524.6930,558.1370,547.1020,463.7900,405.7610,474.5160,538.3450,503.5610,467.8160,450.1960,365.1000,348.2550,408.9310,346.7100,309.7010,312.5660,355.1840,393.2020,359.1110,355.3630,385.2400,376.6070,374.8400,349.6690,410.6460,479.3230,445.0990,332.8510,212.6700,201.4880,252.2840,292.6290,263.4970,182.7460,111.2530,94.9432,95.5581,83.9990,91.1693,103.4520,109.5620,130.7190,160.0410,193.5620,227.4270,277.5800,237.1850,125.8090,124.4470,197.1490,297.9130,265.3140,166.2320,90.9401,169.6870,243.8370,261.6770,270.7170,234.7660,122.7910,70.6570,119.5940,123.6500,62.8959,39.4483,69.7736,83.9418,68.8782,50.2973,52.2001,70.9238,78.0143,60.4297,79.1191,87.9940,97.8504,106.4240,108.0410,95.7486,90.3436,87.0431,97.9358,104.6600,123.3770,114.1620,72.0044,59.1080,86.9626,115.7030,169.6130,224.9610,252.3540,238.9500,255.4000,216.5520,140.5800,114.7620,112.3090,93.5742,66.1694,41.8578,68.4124,96.7493,133.8370,98.9086,77.8889,77.0553,63.3582,68.0011,59.3355,57.8813,103.5910,143.3040,146.4720,163.0470,173.2980,159.9480,100.6720,96.6990,52.1846,122.0270,150.3210,155.8020,164.7430,172.2590,186.7110,192.7720,172.7040,155.1300,131.8310,130.5610,128.8090,132.2520,146.5610,171.6020,216.0300,236.0470,227.1840,220.5680,209.6530,167.9750,93.2874,44.6742,53.5533,71.7219,91.7846,93.3199,94.5060,80.4439,55.7138,53.5211,78.7794,109.5270,142.9430,184.2420,166.1370,148.8190,93.6080,24.8849,32.5006,48.3156,42.5625,54.8983,49.0582,37.5097,42.0748,61.7304,73.1212,77.9606,94.8439,70.7519,54.4815,29.8136,75.2438,95.6648,89.6122,77.3834,51.3654,25.8309,38.4102,51.9919,37.2854,16.6579,9.7297,32.5941,61.7755,71.2041,75.4642,77.9515,66.4013,51.3542,37.4170,28.8754,44.9481,54.2457,52.1461,34.2047,25.8556,48.9895,84.0501,123.5850,143.2880,128.7910,119.8950,113.8370,112.0260,98.0174,87.7819,83.2286,84.8688,69.2262,46.4459,29.0716,22.9895,25.1784,30.2387,39.7147,46.6839,52.6878,43.5829,30.4675,23.8464,20.4656,27.3150,26.0734,33.4645,42.2728,55.9213,52.2227,43.9547,41.8590,44.8275,37.7840,27.2379,44.3576,63.6000,71.8545,74.4068,67.6125
42355.7000,40066.4000,27064.3000,21959.2000,20769.7000,18394.9000,15377.7000,11685.5000,9091.9200,8666.3500,7783.6200,5420.4000,4694.3500,4030.8300,3527.2900,4438.3200,4270.4900,3374.7100,3133.4800,2630.5600,2238.4700,1750.6800,1493.5700,993.6390,723.4730,582.4630,414.2450,465.0580,452.1520,352.0030,190.0610,226.5140,308.6870,327.4460,293.9490,222.0230,170.3000,163.1340,216.2620,290.5050,380.7360,451.1150,492.9220,511.3150,485.0320,429.4060,332.6280,237.8180,188.3400,340.8780,454.5830,484.9330,434.4700,514.3310,586.2250,615.2340,728.8590,757.7700,683.2190,540.3380,473.0320,519.4740,544.9300,528.6680,465.5980,418.9770,477.3320,526.4950,487.2600,453.5750,450.6130,381.5810,371.9800,430.2350,356.4830,312.6010,310.8030,340.6870,382.0860,368.0310,366.1740,394.3240,387.9170,396.3250,366.5050,413.9750,490.9840,457.2220,343.2220,223.7210,195.3650,246.8310,293.4820,270.1020,172.1170,92.2988,90.3234,110.3970,103.3740,99.2673,96.4663,103.6890,127.9760,160.9610,194.3930,217.9570,238.9580,204.9180,106.3110,124.7980,227.1610,310.3190,255.7420,170.8370,97.2621,144.6410,225.4440,247.3420,261.1060,223.6100,106.9700,61.7167,124.7700,133.8310,70.0057,35.9939,57.5887,72.7402,60.4587,48.4986,51.0321,78.5358,77.0470,75.6417,80.9663,86.2322,93.7798,95.8988,100.0140,90.0673,76.4222,81.3533,89.7472,90.2391,97.6124,103.7620,79.9202,57.9099,82.0816,115.5560,180.0720,232.1200,256.4240,239.7700,253.7880,206.5730,141.7220,121.4470,114.4870,95.3788,66.4948,41.3156,62.8529,86.3505,114.2460,91.3893,77.9648,88.5987,69.2366,82.4100,63.0597,59.6372,106.1910,154.7360,158.5100,178.2060,171.5440,140.6930,92.7436,49.2034,23.9139,105.9760,156.8800,160.5000,172.7960,181.3380,205.4140,209.7390,180.0100,155.6420,134.4150,137.1040,142.9800,141.9830,163.0250,175.5570,209.0090,250.7910,241.2540,224.8080,204.1110,151.4320,75.2882,34.5578,44.9193,61.5573,80.4847,111.1030,119.5000,82.2696,52.2375,65.4387,95.9200,128.3110,150.2590,168.6080,156.4080,144.0980,103.6610,30.7036,31.6697,62.7130,57.2456,50.8840,42.9024,34.6915,45.1687,68.5789,89.1143,96.1119,95.4097,62.1251,55.8973,36.7172,74.5145,92.4172,103.4040,93.9862,73.7738,45.0498,49.9210,59.0456,51.3567,38.7595,20.4521,11.9292,46.3111,68.8891,78.8483,84.5291,58.6702,32.9070,25.4206,34.7761,38.2816,33.2469,32.6872,37.4457,44.2056,69.9912,106.5440,142.9820,147.0410,132.9400,124.4660,120.9820,120.9110,111.1960,98.8913,82.7339,80.9476,65.2657,40.8456,21.5275,13.5068,26.2272,35.0679,38.3335,38.2621,43.6771,47.6092,33.0529,15.6593,5.9155,9.5723,23.5292,25.0546,41.1410,44.8451,34.3990,27.7517,30.5538,32.9777,36.0785,36.2341,40.7195,50.6123,54.6710,49.4570,37.0910
42776.9000,40638.3000,27652.4000,22436.8000,21198.8000,18772.3000,15649.5000,11842.7000,9300.4100,8853.5100,7891.2400,5589.2500,4858.2200,4156.0100,3640.1700,4500.1400,4336.3400,3452.3500,3215.2400,2687.1200,2293.4700,1803.8800,1539.0800,1044.5400,776.1040,624.7690,439.1040,472.1660,456.9150,353.5700,201.6710,254.8700,333.3250,340.7800,305.8150,228.3060,174.4970,165.6760,208.2720,275.2440,363.2360,443.0240,485.3870,503.5530,486.9590,427.5860,318.5430,211.7340,194.0900,345.4420,442.1580,499.5370,486.2790,554.5800,593.4370,624.2930,754.0460,777.3790,691.7800,551.1520,482.9480,525.7810,554.4150,544.7200,464.6290,423.5930,502.6750,542.0030,495.0870,455.3990,448.9810,379.6600,368.6720,437.8250,353.4990,306.6830,304.5590,351.2170,388.7450,353.8110,358.5690,390.1770,380.2730,388.4350,354.9440,416.4930,493.8840,455.0560,342.9940,224.0720,204.6470,257.8050,304.5620,265.7670,166.7540,85.0896,77.6318,99.5683,87.8788,89.9303,106.3810,118.8020,141.3750,171.4100,198.3760,207.2460,236.8610,211.3880,92.0361,102.4250,231.3790,311.5150,262.4770,174.6320,92.2557,134.8620,221.2960,257.9240,271.7870,227.7530,122.0450,92.2773,149.8150,146.2540,79.0419,45.0006,72.7168,77.7681,63.3928,50.0219,48.8407,71.4296,76.9840,70.7099,87.4406,93.7692,88.6254,88.9000,94.4399,93.8927,79.5893,67.6025,76.8151,89.0229,113.0790,126.0280,82.6029,61.2571,94.5755,133.3900,204.7510,261.3330,264.2400,247.1950,251.0160,205.2700,142.9140,112.9100,103.8870,92.7071,71.4479,49.8626,48.0295,70.1342,108.9190,91.3365,88.3486,87.0908,72.0416,71.9729,69.4110,82.2677,97.5973,132.1850,156.4810,187.2360,186.6360,140.8860,92.1848,64.6829,38.8339,120.0130,162.7220,157.6400,166.3820,172.9430,205.1420,218.0690,180.7240,151.9410,130.9890,136.7140,138.7730,141.0480,159.5920,166.2340,204.0200,254.4560,248.2200,231.3200,204.7880,149.9790,88.4891,44.4115,29.0345,64.0661,84.9198,111.8050,99.8775,68.8919,43.7484,43.1506,70.9586,100.1990,135.9210,157.2500,143.9360,127.5190,94.7287,26.4887,26.1038,53.4765,43.5976,41.3829,38.5325,23.8567,43.0139,78.3193,92.3971,96.7275,71.6174,41.9924,34.7715,39.2866,87.2817,100.4330,90.7726,77.3926,55.7340,20.8065,41.4388,70.1091,62.7684,26.3019,9.4540,21.0834,41.6304,61.7843,68.3863,73.9751,64.3446,44.5695,21.4286,19.2235,47.1581,45.4367,38.6511,32.5842,41.5538,56.6894,86.6581,127.8550,149.3310,132.1230,122.9080,119.0000,116.3360,104.4570,92.7698,77.6468,74.5348,62.0258,37.7027,14.4336,7.6420,14.3066,25.2025,28.7128,32.6406,35.6955,44.9510,34.8437,19.4748,13.0678,15.8078,10.6953,18.2262,35.9413,51.2577,55.1283,47.7604,41.4983,41.5416,51.4349,51.1075,54.5887,72.0095,73.7626,68.4988,54.8996
43666.1000,41088.4000,27710.8000,22352.4000,21088.9000,18669.5000,15522.3000,11802.5000,9260.5000,8798.8400,7914.8300,5601.1200,4835.2600,4202.1000,3700.7700,4527.8400,4366.9400,3491.0700,3199.3700,2695.8000,2263.9400,1778.6200,1510.9900,1009.6400,731.0070,555.8810,369.2580,396.5270,400.6080,327.6740,158.8270,172.8910,254.6100,280.9320,263.5290,203.1280,154.0550,145.4620,176.2730,224.5730,327.1580,422.0360,459.1130,489.5360,492.0420,437.1920,326.7610,216.6110,202.9450,352.4450,455.7110,488.3740,471.6330,565.0610,607.6570,617.3260,738.2620,777.3140,706.9010,562.2980,486.8570,522.4020,552.6840,533.1550,470.0900,443.0930,496.8100,533.0350,495.8140,458.3620,447.9140,360.7690,358.8220,433.1270,366.4770,322.7130,321.7640,368.3130,401.4290,362.8870,375.3980,396.9700,376.2770,381.7980,364.8320,429.1030,504.4260,463.9740,338.2280,212.8170,204.7220,254.5810,285.6380,247.4500,165.8930,104.7860,92.6993,101.8840,108.0480,116.1990,118.8160,121.2530,139.1740,172.4870,199.5960,225.8760,261.9410,230.0220,107.7000,110.6140,213.3470,311.3690,286.1940,195.7650,100.5030,140.7370,228.4840,254.9530,274.3390,232.8790,121.1020,95.4859,152.2480,148.9480,89.7113,37.8975,40.7958,60.7570,56.9007,50.5942,48.6231,56.7615,59.1472,58.1413,80.6053,101.9730,92.1255,87.1028,74.8844,66.2343,73.3986,58.6750,63.9501,85.2506,112.3490,117.3960,71.0079,61.8537,84.9643,111.6500,155.0480,215.8550,252.8990,228.3290,238.8040,187.8240,124.2990,100.7120,94.2554,81.3066,57.3962,26.4348,50.3131,74.4038,106.0060,81.4741,69.9744,80.2924,75.0465,79.9842,51.7271,52.4352,91.5357,132.2260,141.4560,165.9370,162.8370,132.5610,76.2761,81.0994,62.3359,137.9710,162.5730,167.6070,180.9070,195.8600,212.2550,215.5740,184.9410,152.7580,124.0190,126.1090,131.6140,128.0820,144.4780,176.5030,222.2310,250.8400,235.6710,217.7460,199.8310,153.4570,82.9345,43.8922,22.7367,48.1133,74.3645,109.3990,115.4410,78.5570,49.4848,61.9549,92.2178,122.0040,142.4960,174.1560,171.1940,140.1130,94.4103,30.6183,46.1169,63.1699,56.7437,66.5085,58.6491,40.9862,46.3873,64.9439,79.5964,85.6058,78.9903,48.1211,29.1848,30.2959,72.2325,94.8717,97.4638,85.2832,61.3651,33.6323,42.3221,57.8834,63.9896,47.7428,24.7880,7.6551,35.1536,52.2857,61.1681,71.0361,56.0971,28.7011,16.3880,27.5959,51.4404,56.7820,44.7072,30.5668,42.7305,63.3306,96.1593,140.4130,163.1180,134.2310,118.9260,114.5460,108.0240,92.1907,80.8074,78.1153,84.7525,55.5194,24.7459,17.5885,18.7061,12.9340,27.8293,40.6024,43.0280,42.7461,40.9469,30.1235,15.9389,8.9407,14.0396,36.4047,34.0625,41.5270,36.3147,33.0002,27.9731,27.1456,26.3034,28.2639,25.7523,36.9210,58.2649,62.4856,60.3264,51.0926
42664.2000,40221.3000,27085.3000,21959.8000,20761.8000,18369.3000,15334.5000,11679.3000,9088.9700,8646.2200,7786.9200,5343.5800,4589.7200,4062.7100,3625.2900,4503.6400,4298.6000,3386.8200,3119.2800,2625.9700,2220.1000,1717.0000,1490.9200,1017.1600,731.4490,590.5430,433.0960,467.0210,455.1490,359.0870,228.3330,259.7480,322.1620,338.0690,317.2950,248.2200,199.7900,178.4600,206.3320,254.6270,350.5800,420.9100,434.4400,449.6560,449.9200,402.0010,300.3360,191.9900,184.6980,336.9130,438.0570,491.1390,457.7180,513.3730,570.8520,602.5320,724.3900,757.8300,671.8770,520.4660,455.6000,508.8230,549.0570,539.7820,478.7160,443.0890,493.1510,524.9890,492.0960,460.0120,452.5420,372.2800,358.8410,435.2740,374.6170,324.2880,316.1990,338.7350,376.4230,357.0500,357.0190,382.3240,372.8360,390.8240,361.5640,418.6870,494.8760,446.8680,330.9310,213.9310,208.0130,256.7570,298.3550,251.6990,160.0520,104.5420,94.0383,105.8820,101.9670,102.8940,105.8560,100.3630,115.7760,144.6110,187.5370,202.8720,236.3300,199.4770,101.9590,100.6900,233.9610,303.2380,282.5900,195.7530,107.3480,144.1460,225.3610,257.3150,274.5120,235.3330,120.2160,100.0900,160.5420,144.1560,84.2031,52.0472,62.7130,75.9031,64.0180,46.4895,43.2523,66.6105,69.2633,55.6595,68.9400,88.0004,90.8923,96.9497,102.9250,88.2638,68.8358,67.7927,84.2277,95.5222,115.4660,124.0150,90.1395,65.0927,78.4005,111.0960,172.0650,235.0400,252.8010,226.8580,227.7720,178.7730,132.3000,100.5570,85.7976,77.7608,57.3032,29.1523,43.6919,63.1378,94.1887,65.8755,86.4638,80.3983,73.4271,74.1958,53.0530,54.4508,119.9530,169.8280,157.7580,168.4390,172.5390,156.4300,84.8136,80.5326,56.3123,123.6830,167.8250,171.9740,176.7790,169.3070,180.3510,207.7940,186.7900,154.6550,131.8910,141.8560,138.0730,130.4220,139.9810,160.7750,198.0510,227.6360,225.2890,217.6490,206.1770,155.6700,80.0020,35.0939,49.8449,68.8744,90.6366,101.2840,103.1700,81.7414,52.7736,62.7296,98.7143,134.8920,163.6930,172.3700,163.6740,141.8720,111.6060,47.3028,44.2569,67.2973,51.9475,53.2641,53.4778,38.1985,27.5783,58.6752,74.9650,79.3675,75.0487,45.1765,27.4024,37.7578,73.9866,98.1856,110.9910,101.4460,77.9107,42.2607,45.1173,53.3679,51.5068,43.8718,22.8039,9.9760,49.9316,56.1189,55.6167,51.1265,50.9872,38.9459,26.9573,45.8069,67.2554,68.4897,59.4656,44.5946,49.8027,76.3396,98.7919,134.8590,165.4280,158.1460,136.5040,122.5880,120.1050,112.8230,111.1640,100.1420,73.4767,55.6301,42.3289,20.9270,13.7106,29.5427,38.6724,43.8458,47.7394,48.9742,44.7619,33.8995,27.0326,20.7560,16.8888,14.5776,16.4519,23.3356,40.5386,50.0599,41.0539,34.4730,27.5452,25.7308,36.2184,52.2498,60.3220,68.3634,70.0095,63.2809
42614.9000,40444.1000,27482.4000,22345.0000,21141.1000,18715.6000,15640.5000,11855.7000,9274.7500,8788.5200,7819.0700,5452.9600,4700.9600,4099.2100,3705.9400,4579.8300,4349.6000,3432.0700,3190.4000,2660.1800,2259.9500,1767.7400,1515.1900,1030.0000,757.1700,600.5460,424.8180,476.5790,462.6490,363.8970,219.4110,252.5020,317.1310,325.6270,301.3860,235.0070,189.1990,171.5140,207.6500,260.3550,363.2910,443.4390,470.0870,464.3320,405.4610,365.1120,273.3660,193.3080,193.0160,354.0930,461.5100,492.4880,467.3880,529.2990,564.1350,610.5610,735.9290,756.4720,681.4720,541.8760,471.5750,521.9250,560.7470,552.1590,488.3670,433.9460,493.5050,552.6160,516.0440,480.1180,466.4080,388.8950,366.4610,436.2720,356.3260,305.1380,299.4140,340.0670,379.8990,353.0160,370.3460,396.1710,386.2270,406.9830,391.8270,420.3090,482.9350,472.2520,347.7350,216.1030,214.7730,272.2010,305.8240,240.5700,159.9740,107.5590,93.0640,102.7000,103.1300,102.6280,92.4955,103.5050,143.8250,175.4280,188.9670,197.4940,246.7290,228.0900,103.9150,106.9010,218.8120,300.6770,268.3580,178.0020,88.7239,140.1250,219.0330,253.4960,271.2090,242.4590,142.2360,100.9400,134.8520,133.0030,89.5622,47.0364,39.1455,73.2150,66.2277,50.9612,45.3809,58.0298,54.2180,52.1975,65.5698,85.5601,100.8530,110.6280,120.7070,117.6420,97.2559,80.3159,92.7775,99.3713,117.8670,115.6730,77.1346,58.1815,87.6280,114.9270,161.5860,213.3810,235.2950,212.5570,233.7070,189.3240,121.6440,91.7749,85.6061,76.5813,62.2850,35.2012,33.6089,59.6469,103.9800,68.3595,84.6146,64.1105,63.5682,69.9881,63.7237,50.1853,79.0032,119.6110,138.7140,160.0440,182.1560,137.9430,77.1132,67.0247,55.0598,133.3700,177.6160,172.4430,177.7750,180.4310,196.3190,203.1130,179.4750,157.5790,134.2830,137.2070,132.2510,130.2570,144.9300,161.5610,197.9230,242.4900,242.6290,225.5460,199.8390,136.6660,71.6146,31.0418,40.2493,73.1092,92.6805,115.0430,111.8440,81.0908,50.7816,64.7705,96.2186,132.5930,159.9270,181.9580,165.6060,143.7140,102.0040,36.8092,32.5254,57.7602,61.0557,50.8739,39.0892,32.4844,28.6837,49.0423,75.6970,99.1588,98.9613,55.2254,35.2060,36.9907,88.5802,117.7610,107.6630,90.8937,64.7574,40.9914,36.6235,51.3025,61.7910,40.3970,18.4279,9.8107,35.0530,49.7948,56.3984,61.4570,54.3433,36.3836,25.6241,24.1364,34.9008,47.8884,44.6608,36.0093,44.2949,75.9814,110.0660,149.5170,171.1890,149.7270,130.0940,121.1600,121.4890,110.8860,101.0680,83.7640,76.6943,68.9866,43.3680,23.1815,13.6447,24.1388,46.9414,55.0141,58.6602,55.7781,59.3081,42.5424,29.5878,18.9304,16.6140,15.9323,24.5490,38.7535,54.5552,44.5137,37.3024,32.3734,31.8758,30.9006,35.2723,39.5007,50.6682,61.4666,59.5026,50.0233
43569.5000,41107.5000,27786.3000,22392.1000,21105.2000,18696.9000,15509.8000,11774.8000,9217.6500,8740.5700,7824.1000,5491.5500,4744.7600,4149.7200,3680.7800,4515.5800,4355.4800,3489.0400,3184.4900,2696.8500,2278.1500,1820.7500,1567.4400,1082.8500,799.7420,584.2000,396.1720,409.3210,426.1260,358.0290,192.6180,195.1880,273.2870,313.3690,297.9490,243.0860,193.4160,164.8320,181.2340,236.7630,328.1760,423.6020,466.8740,484.9760,439.2740,405.3790,317.9950,236.2710,193.6720,333.4050,455.8830,487.1100,465.0100,549.7040,583.1710,601.1330,735.3600,762.2260,684.1600,523.5090,454.1470,512.0690,565.0070,556.8920,478.9170,429.6340,485.2620,522.2070,485.1350,454.3480,457.1490,395.3670,384.8290,454.1480,372.2600,317.3340,305.7340,340.2650,383.7930,358.8990,364.6670,383.9590,370.8430,388.0740,373.9450,426.8030,484.6420,456.2480,343.7940,221.4220,196.3460,243.9690,280.5670,227.6720,141.7530,91.2550,99.8727,122.0590,105.4560,104.9260,122.9310,131.8600,140.2290,169.0980,196.8990,215.6740,246.5500,213.0160,92.2385,97.5926,211.9340,303.2910,284.8300,197.4670,125.0970,173.0370,246.9440,265.1020,276.0580,239.7760,131.6580,91.8622,129.3560,128.8030,81.5437,40.2704,46.2440,69.7658,50.7785,45.8431,60.5709,76.4190,73.4071,50.0662,68.7749,87.4571,93.3242,98.5005,99.9761,83.8155,75.4156,74.6074,82.7700,92.4763,111.7280,118.2970,69.9558,50.3963,87.4953,110.5800,163.8570,211.8440,226.4160,205.3450,222.5900,196.8730,125.3290,71.0536,69.9513,70.0841,49.7541,24.2402,52.3205,71.2966,96.1790,67.7357,63.2683,68.7540,61.5524,70.9727,52.2540,48.3370,86.5782,133.1220,148.2420,169.4150,178.3370,148.1330,86.6304,84.2810,53.4391,121.3300,156.1150,168.1320,181.0330,192.9270,210.2340,215.5340,181.1460,161.7150,144.4800,144.5250,128.1000,129.5940,139.1280,153.1530,216.2480,265.1750,243.8370,223.6110,196.1380,147.5400,69.3712,26.3711,48.3467,61.9787,75.4270,92.0870,108.7960,80.6417,50.7942,53.5343,81.1836,111.4340,131.6590,160.7910,161.6150,143.2830,112.4190,39.0169,29.8117,47.8373,43.7711,56.3599,55.8111,44.1402,15.2196,59.1622,84.6524,101.8950,92.0730,45.6387,34.5749,46.7600,83.6533,106.5100,113.4840,104.5960,83.1597,43.7616,41.5083,59.2620,56.6893,42.2660,26.2448,12.2697,42.7404,56.7932,62.4976,66.9211,59.2923,34.0915,17.2911,34.7904,59.3449,57.0338,48.5266,41.6249,53.8255,67.7580,91.2603,137.8400,162.0760,132.7430,114.3900,107.2650,110.3970,101.9560,90.2703,72.4942,65.9528,60.8949,42.6868,23.1290,10.0548,26.0003,40.1545,43.8856,44.6025,48.2464,49.8318,31.8831,20.7528,15.0105,23.0385,20.5501,21.8908,25.1277,36.0139,40.7066,36.4824,35.3169,38.7707,45.9088,47.2140,38.5563,53.9262,73.5578,72.3039,61.1768
42886.7000,40367.7000,27150.8000,21999.7000,20788.8000,18383.1000,15354.0000,11703.2000,9118.8400,8671.6700,7826.5500,5431.4300,4681.1000,4114.4900,3655.3800,4544.6400,4373.1700,3479.5700,3204.9600,2721.0300,2319.0000,1833.8100,1590.3100,1106.9900,834.1130,652.7970,442.3370,462.7470,482.9880,411.2890,248.8600,254.4760,322.0550,343.0760,332.3130,262.7680,214.5080,189.0540,216.4590,261.0220,349.4810,425.5680,496.4380,525.4730,508.1350,441.9840,348.3960,220.5690,225.3350,368.3410,447.5750,502.8880,491.9030,551.9340,603.3250,613.8570,714.4500,751.4090,659.1630,518.9180,465.9030,517.5590,544.1860,521.5080,446.5990,402.9390,467.3800,507.9650,473.7180,445.5450,451.4760,383.1710,374.6180,439.4030,372.0790,324.9100,317.7500,357.1500,391.2220,348.2680,351.7300,373.6390,355.8910,363.2200,350.3920,408.8960,469.3680,442.6440,330.8360,214.4780,168.3200,217.5510,260.0460,230.1570,159.0210,100.2520,86.5711,111.3690,114.1630,114.7420,125.2790,126.2190,131.3780,162.9160,205.8230,233.5900,263.0190,221.1480,92.0582,87.9432,225.3360,307.0520,275.5460,189.6060,120.5550,169.8630,245.7140,266.3280,280.1490,242.9930,133.8050,91.2024,129.4360,128.6480,80.5963,38.8943,38.6443,55.0555,41.4213,31.5923,39.6572,67.2129,71.3832,67.6032,86.0674,108.9450,106.8880,106.1760,100.2860,94.2418,86.4482,86.9786,105.8630,115.1540,133.6030,136.7360,108.9840,80.3038,93.8387,117.7940,170.4870,235.1440,257.0500,213.1060,212.4230,149.6740,107.6650,92.4447,83.2008,75.3106,54.8957,21.6936,39.9557,61.6445,91.1216,73.2412,68.0546,73.9315,60.0373,64.6952,49.7723,51.6135,90.0624,128.2180,135.7480,160.6120,175.2220,148.7410,91.4828,79.6742,43.9076,106.0710,143.5710,147.7490,163.0390,180.6210,210.2080,206.4480,171.6740,153.5230,140.6100,148.5460,133.8530,128.5950,158.6580,189.7600,230.2910,270.9140,263.7730,245.8830,217.0110,149.0680,72.3252,30.7076,51.5918,74.1508,89.1772,108.7990,107.9070,76.2441,49.5607,54.1035,78.5938,108.5380,150.0600,180.4340,167.4790,157.6450,123.3530,39.8428,26.7375,64.6621,64.3986,52.0766,41.6584,32.1347,27.7664,55.8991,85.2044,110.6030,105.3620,55.5644,43.9775,43.5851,89.6332,105.3880,101.7510,93.8439,78.3310,47.6392,34.2469,53.9249,62.3702,46.1185,27.3914,24.2710,54.6608,80.8209,87.8066,88.5894,65.2583,37.6393,31.2693,53.1046,67.1450,59.6140,45.6433,37.6352,47.4490,64.3894,87.7366,127.2200,154.5710,132.4080,113.3030,109.7170,107.1830,91.6648,82.4658,87.6880,78.3286,58.6345,41.8574,27.8361,9.4717,9.9795,17.8148,38.6450,47.4241,55.7639,39.4282,29.2199,23.3245,21.7563,19.2907,26.3103,33.4207,42.4987,43.0339,46.6597,45.1804,38.4831,28.5976,18.0261,22.4025,41.3871,61.0714,58.8530,54.5726,44.9375
42421.3000,40300.7000,27361.1000,22266.7000,21121.3000,18683.6000,15637.0000,11843.5000,9292.8100,8822.2700,7853.2900,5513.1700,4759.9000,4091.7300,3679.4000,4618.7500,4433.9200,3522.4600,3284.7400,2760.9500,2338.4000,1828.6500,1569.2600,1081.2500,814.7630,649.5430,431.6150,456.0530,461.8180,366.7900,222.2060,250.7490,330.2930,345.7710,307.9370,207.7290,131.3900,142.6820,197.0940,234.9190,282.0740,337.9170,414.1460,476.2180,485.6430,431.8680,317.1280,235.8040,244.4640,345.6040,365.6830,389.8700,440.3410,540.8770,605.9700,595.0770,647.8980,671.1400,608.8640,511.2310,451.1390,489.4820,528.4230,511.0900,428.6630,392.0600,463.6600,509.3570,474.7520,452.5490,456.9000,388.1750,380.4410,432.2380,363.0430,317.9980,310.9480,346.3680,394.3730,367.8020,360.0650,382.0130,367.3780,368.1380,334.0620,401.5610,483.7310,442.5530,328.9400,216.7330,173.6720,218.5050,244.6140,207.0060,151.0150,99.6432,71.7720,83.9610,90.4329,92.2361,109.1740,134.7920,161.1270,185.0970,198.2170,211.0320,261.3520,236.1900,96.4520,100.2740,237.6180,324.4780,296.5030,203.9350,116.2150,171.1530,253.4560,273.8850,284.2230,249.4970,140.2790,109.4520,165.5240,148.4810,81.0409,30.1647,51.3743,74.0869,67.2201,59.9948,72.4875,95.3159,105.9390,91.9678,93.5960,101.9740,104.0150,87.8095,92.4551,81.8959,82.8139,82.2386,93.5401,105.8440,127.9860,122.2160,87.9741,81.7861,101.9820,130.5110,181.7950,267.0170,278.6360,233.2030,224.1690,162.5050,106.4540,90.3370,102.4330,92.7669,69.1852,27.1311,41.5009,59.3680,89.6297,66.9544,49.4827,54.8021,51.1445,59.8656,53.1315,57.5799,112.4600,164.1710,160.5380,169.1130,167.3140,136.4280,79.9615,73.7459,55.1385,115.5560,164.1030,156.1780,158.6310,157.6720,179.7970,190.7140,171.8340,159.4290,141.2720,146.4700,139.8980,141.0680,154.6010,168.7420,213.5270,256.4730,249.0680,235.0900,218.8870,155.0930,71.9064,28.9684,50.1946,65.7933,82.8962,89.8221,88.1195,60.7873,35.8295,50.9623,83.9666,115.0200,139.0130,158.2350,151.2980,134.1410,101.6170,24.8288,32.0547,76.1669,73.9848,67.9647,54.7765,39.1846,36.5448,67.3145,88.9951,101.3140,98.4111,59.3556,52.7768,46.0198,96.0960,114.8210,107.4270,91.4175,66.1506,44.5579,42.8240,52.3183,57.6589,42.7486,21.7592,34.4589,62.6882,71.5366,76.6363,81.3094,69.2743,34.8044,22.5228,33.9759,43.9406,40.0066,27.8390,23.8269,34.4221,49.4998,88.4061,133.2720,144.2880,110.3520,109.1770,106.9520,100.9310,95.8156,97.8637,78.8217,69.0394,66.3379,40.7013,17.5281,19.6794,23.6425,32.6979,37.6210,39.3845,38.8466,48.5524,30.1344,25.8558,6.9720,4.3436,24.9554,30.4525,46.5872,43.3528,40.2715,39.0093,36.2409,21.8894,11.6386,21.9414,37.2467,55.0855,58.7198,53.5170,43.0279
43476.4000,41061.7000,27800.9000,22474.0000,21207.1000,18767.0000,15550.7000,11786.8000,9257.0200,8792.8800,7868.2600,5560.1800,4790.6100,4142.5800,3676.8800,4538.5000,4405.9400,3565.2900,3280.8400,2809.0700,2357.8900,1873.4800,1608.3700,1136.4100,888.4030,688.0840,467.6280,426.4220,459.0740,388.1490,214.2190,211.8170,271.0920,278.5480,236.5440,144.8530,64.6949,35.2829,93.7396,138.8850,159.8520,223.1820,292.6150,393.0490,429.8240,385.0720,288.7810,210.1670,223.5090,325.0230,353.1680,328.9180,376.5270,507.7900,604.3770,602.2180,639.6070,649.4960,598.3470,507.8820,458.8650,508.9240,525.7590,499.4370,419.2440,385.2410,463.3260,514.4180,480.2700,454.9890,455.3350,401.0820,375.7770,431.3370,341.5220,296.7090,295.7750,347.7480,383.4910,341.8040,332.1150,352.7120,340.2450,334.2180,319.6570,384.6120,457.1270,428.6780,317.2760,207.2920,148.1950,197.6020,234.2360,206.3090,145.4500,92.5008,74.8093,85.0313,80.9950,95.8379,128.6830,144.0030,156.9990,172.2400,216.0540,234.0720,260.6840,214.9820,74.9280,87.1543,246.3020,322.2070,291.0980,196.9680,118.3150,182.5990,262.1390,279.1960,291.7590,247.3370,137.2040,120.8880,170.1670,137.8580,75.8370,56.1452,83.5670,104.6220,95.3451,80.6510,93.4548,128.8900,150.8520,113.1830,94.9881,90.5934,88.1558,73.6555,87.2069,78.3043,77.5905,86.9824,109.3560,125.8050,156.1270,163.0740,124.6630,92.4268,112.8800,151.2320,221.4180,290.1030,280.1450,223.2060,204.2660,144.8610,94.7533,72.7701,70.3605,59.6094,35.1787,22.4695,60.8753,65.4672,83.8196,48.5175,76.5610,81.8616,76.5307,79.8508,76.7621,87.5010,121.8630,163.0750,167.7070,164.5440,161.4320,111.3390,61.1756,62.0329,56.8976,108.7380,142.8480,136.5900,142.3720,151.4630,189.2710,202.1610,173.9790,153.9050,138.6390,135.0140,127.2290,136.9590,153.4140,155.3060,202.3850,250.1650,234.2230,218.6770,202.2040,150.1820,82.5655,44.9613,31.8386,54.5154,83.9265,106.5160,96.3309,76.5236,56.7299,47.6958,78.1739,119.5480,163.7150,172.7060,152.0320,143.1220,106.8470,32.3864,32.3295,70.6619,64.9463,52.7548,38.0053,16.4478,22.3309,45.9120,63.7611,78.7894,81.1475,47.4925,35.3637,40.0400,85.4190,119.3820,114.0470,95.1149,67.1194,43.6095,47.7038,63.8351,67.1249,50.9192,29.2444,20.9204,38.8422,54.1940,59.7860,62.7640,54.5306,34.4273,20.1124,28.5269,46.6878,49.4917,47.1565,34.4610,31.9990,47.7972,70.3183,102.6870,124.4850,109.8840,98.4369,99.5836,99.6142,89.8094,74.7173,71.2776,66.4645,50.1833,36.5783,25.5658,17.0799,8.0833,21.0803,29.2716,36.6276,40.0565,30.8948,26.6802,26.8914,28.7307,25.2626,20.6864,23.3107,30.0998,39.9622,41.6139,34.7508,30.6049,25.1113,23.5332,29.5814,48.6745,60.2484,51.0628,48.3986,41.7802
43174.9000,40539.1000,27225.2000,22071.8000,20849.8000,18398.0000,15315.3000,11670.5000,9123.6300,8659.5100,7814.6800,5484.3200,4754.1200,4157.3400,3652.3900,4515.0500,4367.3300,3498.3600,3233.7500,2756.0900,2336.2000,1853.3500,1601.2300,1110.6200,845.9480,654.9200,437.2450,411.5580,422.5390,338.5420,183.7010,202.7110,249.6840,250.7710,208.9740,121.7610,54.6503,20.9314,61.5766,110.6130,132.4300,200.0830,283.6560,362.1270,398.6750,357.0990,277.2670,204.6760,221.9510,322.3410,348.1650,326.3040,354.4070,476.1730,597.7610,613.7580,644.1890,624.9170,560.9580,476.9060,446.3440,493.1900,497.2380,473.0500,403.1550,381.7210,476.3270,529.6480,495.8310,471.8380,470.2140,404.8880,366.1760,413.6260,331.4790,283.9450,279.2570,318.6530,360.3740,336.4120,336.4810,363.4790,356.1960,363.2270,344.0890,403.3730,470.8700,435.3430,329.4930,217.5230,153.4660,200.6980,251.2330,226.2550,159.8580,118.8590,89.3013,84.8752,94.1721,103.1660,117.0590,136.9900,153.3950,168.5630,207.4940,234.7610,267.8720,211.1580,71.5014,81.0628,237.0400,313.4130,289.2770,194.4390,111.7420,188.7640,272.1620,291.0850,278.5720,216.4350,126.0280,126.8300,170.3370,138.1170,64.9585,28.1761,86.5826,95.7956,77.5200,73.2886,89.9556,113.0630,115.5400,102.7680,99.6438,107.8090,96.5756,90.1808,98.6992,105.1130,83.3620,78.4331,102.7190,116.4250,137.9890,128.4350,94.8635,85.4379,112.0230,138.3330,191.3940,256.6060,260.4330,216.8350,207.8360,153.0140,103.7390,62.1061,43.2187,46.1379,30.6304,13.9749,51.7878,58.5350,80.7335,53.5525,81.2394,99.0762,90.1110,87.5682,70.6121,88.8427,139.7320,162.6720,155.9560,153.1820,154.9350,112.8590,66.3676,79.9499,73.3869,136.1550,155.4660,144.3830,150.2460,161.4790,183.9250,195.5010,186.2350,170.2920,152.9290,151.7760,141.3370,130.7360,141.1150,173.5000,214.4310,245.8750,233.6480,229.2920,206.0970,152.4230,89.4786,53.3114,23.9038,51.4475,86.7608,115.1600,104.1360,65.9353,40.9194,57.8254,84.6341,110.9310,140.7360,164.7130,159.1580,143.1440,125.8640,39.9203,19.4697,49.4337,43.1693,27.2422,16.0473,10.4627,29.6838,58.1922,74.3541,87.2637,76.5684,31.0485,42.6610,54.9338,91.1442,122.5020,107.3690,79.9299,45.5753,38.5403,44.1660,50.1907,48.7455,27.6737,19.2085,45.1862,66.5397,65.2585,65.5747,66.7862,59.2534,36.7367,25.9841,27.0541,43.8874,56.7580,53.1425,36.2237,33.7031,51.0193,74.2271,107.9690,120.2780,110.7240,112.5760,110.2700,109.5770,100.8470,97.5791,86.0891,69.4740,59.6405,41.8921,25.0465,15.9291,21.5499,25.3682,37.2705,51.4348,59.5796,42.1583,27.9058,17.6974,9.2756,8.2564,13.0825,20.1858,26.5680,38.1640,36.3705,26.5346,13.1930,21.2754,33.8723,42.1544,32.8142,39.6755,60.8786,61.3101,51.3849
42281.6000,40062.9000,27097.4000,22062.8000,20962.4000,18533.0000,15502.5000,11731.4000,9139.5000,8705.5300,7784.4700,5411.2200,4711.8500,4110.8900,3640.0300,4542.0800,4361.2800,3458.5800,3201.2200,2701.4400,2303.0000,1809.8100,1575.7100,1114.0900,842.9090,653.8140,441.1430,475.7330,466.2020,353.6370,238.0900,268.2330,317.2190,313.9140,280.4630,179.3240,102.5850,78.1739,95.6891,147.0940,180.5370,234.4280,311.9690,376.7020,393.5870,357.9590,282.0840,194.9400,210.3710,301.2490,318.5120,317.1060,360.5860,470.4100,562.2980,583.2170,633.5460,627.0380,565.4310,473.3460,431.7600,482.2530,512.2840,493.6330,398.6590,353.1700,435.2810,500.2240,475.0530,468.9840,467.7570,388.4680,377.4900,417.6240,337.5670,292.0830,288.1970,339.8160,392.8460,344.6580,319.9100,352.7690,349.7060,364.4270,338.2160,395.2590,476.9070,449.4760,332.8710,215.8230,155.6730,205.4110,245.6100,226.9900,176.8410,115.4440,68.4003,73.4356,86.9994,96.1803,112.6780,135.0810,153.7980,167.2990,197.3620,213.5640,243.1040,201.7270,72.4819,97.4915,248.9300,341.6510,312.6450,215.2620,130.2640,183.2030,261.4120,279.0560,262.9800,218.9050,123.4690,105.9550,163.2180,136.5900,68.5338,42.2297,75.3283,95.8143,89.5225,78.6264,83.3090,108.9920,125.0910,107.8860,103.6660,118.5720,98.9077,78.9508,82.0179,88.4696,86.1564,89.3214,105.4610,113.7180,124.8300,121.5560,92.8944,69.6628,99.0359,140.0040,196.9850,265.5840,265.1360,218.2160,202.1820,135.5580,88.1396,69.7197,59.0362,53.7379,37.9200,26.9253,57.9947,63.8243,80.9719,54.7877,71.7149,84.3787,74.3605,71.2423,62.3791,81.4134,120.0410,151.2530,153.3890,149.3650,146.0190,94.9128,50.4402,55.3679,57.9857,121.5930,155.6340,137.4890,138.0130,146.8580,189.4930,200.0450,172.7130,153.6670,133.2360,133.7200,131.5700,134.0220,135.0660,156.1930,214.8930,246.6240,225.4850,210.0280,194.0780,147.9420,70.9550,41.9651,42.6843,60.6769,78.3274,81.5007,81.3402,67.9419,48.2799,29.9541,59.5039,94.9764,133.5590,161.7670,154.5130,146.3320,115.8390,45.3378,31.9874,57.4007,60.3817,64.9149,56.0537,36.7761,30.6202,54.7253,71.9160,72.9347,81.8352,46.2164,57.8475,57.3341,90.4841,95.5138,103.5500,89.2924,68.8503,54.2176,60.0767,55.8182,59.4159,49.4021,20.3094,22.2594,49.8691,52.6203,56.9510,61.9318,56.7065,36.0132,19.3310,19.1383,40.9891,45.2600,41.0460,45.6774,50.1105,53.6905,81.5897,125.1920,154.4570,137.8020,121.3850,110.8040,108.0160,97.9037,94.1324,81.7388,59.5834,45.8578,34.5274,22.1708,10.8766,21.9802,29.7585,35.3383,42.8766,58.1498,63.1797,46.2971,38.0919,37.0258,43.2490,39.7402,33.9450,33.8791,46.2068,42.7279,32.4727,25.9314,18.6622,13.7860,30.3741,49.4642,56.9579,61.5927,65.4399,55.0396
43252.0000,40920.8000,27715.4000,22422.0000,21223.5000,18792.7000,15599.7000,11799.1000,9234.8600,8745.2800,7767.5400,5396.6800,4653.6600,4137.9500,3774.5500,4597.7100,4382.8600,3506.4900,3218.6000,2726.3200,2303.7300,1841.6800,1566.8100,1077.4200,840.1300,653.7420,427.0380,428.3350,453.0830,379.3670,238.0040,228.8490,263.6930,275.1690,237.2040,151.6370,92.7874,49.6721,54.3474,98.9627,137.4030,211.7860,281.2170,372.4520,384.3000,358.5510,296.8220,225.2210,232.4200,347.2640,380.4200,392.9930,437.0290,553.0910,612.9040,592.1040,649.6680,663.8040,596.6120,506.9610,460.3680,492.1200,517.0240,511.3620,457.0430,405.5550,469.3210,526.0140,489.9540,458.2410,450.5270,374.8430,352.0280,409.1670,340.3630,298.6290,302.4380,357.9540,418.7280,357.1090,310.9960,349.5940,346.3820,348.5080,322.4220,404.3530,490.6250,454.4970,342.6780,224.1130,166.4400,215.1170,270.3360,245.6520,174.6740,121.6630,88.9861,89.0104,81.1761,74.8958,93.4456,118.3630,142.9630,174.6510,222.5410,240.2450,244.5820,201.3310,88.2041,104.7240,270.8630,341.8030,295.1250,199.5890,114.8620,178.6960,250.1240,268.7520,255.4200,217.4760,116.9140,94.4018,147.7730,128.6390,63.7758,26.5838,73.9293,99.2166,82.9701,70.7852,71.5451,96.6512,120.2260,111.8880,111.8270,122.4110,108.5680,90.7217,93.4359,87.7724,82.5641,94.4262,109.1720,113.2170,119.1880,109.9040,94.8560,91.0355,110.2820,143.1960,188.8760,270.2980,280.2750,218.4280,202.8400,138.5780,84.5442,57.5484,53.9946,49.6365,30.2548,26.5523,57.5161,56.0451,70.9386,45.1713,63.4554,74.6190,69.8231,68.3009,58.9092,72.1372,111.9500,145.0530,146.4730,151.5940,155.3610,101.3120,67.5505,68.1957,61.0530,114.1470,144.6170,137.8870,143.7980,154.2800,185.5180,199.8640,172.8980,152.8170,139.8670,148.4440,134.1980,119.0810,135.3320,168.4740,219.9670,246.9800,226.5350,219.0350,204.9600,155.2760,84.7493,43.6758,36.5059,56.1475,81.0740,103.4630,94.9721,67.1164,43.0824,40.5973,73.2524,103.8400,140.8870,166.7870,156.6720,148.3580,112.5650,30.9556,26.3890,68.7424,73.8509,65.7520,53.4792,32.2598,23.1547,52.0204,72.7691,85.1371,86.7995,55.2011,59.6725,51.1162,94.9321,112.4890,105.3480,86.7933,61.1834,46.6618,52.7565,60.3545,64.1913,42.1414,18.2954,16.9837,34.5297,43.2804,48.2709,52.4801,41.0058,17.8865,14.7492,34.4240,46.4227,50.5577,47.9597,44.0783,45.0537,59.2163,86.6364,128.7830,162.8500,144.3000,129.0850,133.0860,132.6190,119.2670,96.8132,93.3348,96.8024,79.3345,58.6755,44.2624,24.5738,23.2243,39.8649,48.5241,53.4256,60.5412,43.4656,39.8756,48.7383,36.1162,21.9126,24.6762,50.7259,38.8859,57.0367,42.5587,41.1554,41.8472,37.9521,39.8519,50.4684,57.0235,70.7472,86.4561,82.8888,68.6769
43388.8000,40722.4000,27351.9000,22169.4000,20973.7000,18503.1000,15411.4000,11732.2000,9210.0600,8724.1200,7830.3300,5433.7100,4657.2900,4171.4900,3809.9000,4660.7300,4443.2200,3523.3900,3205.2500,2694.8200,2259.8300,1754.0500,1520.3300,1064.1300,783.6150,599.5230,387.9610,399.4850,421.1000,355.8090,187.0490,176.5780,246.4500,264.9860,213.5140,124.7840,48.8358,46.4055,92.3948,135.9250,170.5230,222.2170,275.1350,342.7910,377.1200,342.2340,263.5140,206.3100,216.3500,307.9890,341.6670,368.3360,408.9630,505.7290,583.5900,598.1910,659.1420,679.8580,627.7250,526.2980,460.0180,490.0280,518.0570,511.2450,430.2370,380.2050,450.2200,513.5420,492.3500,472.8060,474.3650,393.1960,374.1440,428.9030,349.2170,301.0890,299.3920,356.7940,397.2190,344.2560,347.0790,384.5980,377.8140,373.8930,339.2300,411.3840,513.2690,484.5180,358.5140,232.7260,184.0110,236.7960,276.9560,240.1450,173.7410,127.6000,91.0457,75.0765,75.5928,92.6963,112.4500,129.5380,156.5570,183.6040,231.3570,246.4230,272.4230,227.0520,83.3185,81.8599,253.1350,321.4590,294.5490,203.9930,105.7610,168.7240,252.8910,271.7730,269.7560,245.0310,150.4350,94.9521,137.7760,129.6500,63.5429,28.2531,75.5453,103.9830,86.4233,73.2641,58.8099,88.5222,114.2870,100.6440,105.5170,110.6980,108.9420,94.3859,92.6307,87.5849,83.1397,92.2193,115.2810,128.3040,154.3530,132.4280,71.7834,53.8048,102.8860,137.7650,199.3410,257.0200,267.5580,229.5500,224.5160,148.7780,92.3585,69.1107,60.7719,72.3883,58.9469,37.8194,61.2758,75.8428,90.7728,69.8102,43.7642,78.3178,73.1729,79.6786,70.1906,91.8276,128.0560,148.8140,148.7530,158.7850,156.2760,112.2690,76.2624,92.9001,78.1595,126.5140,151.2380,152.6190,155.6910,159.3770,191.6120,222.6690,183.3280,150.3620,133.9450,143.1510,129.5080,128.8900,153.6930,161.3630,196.2870,239.1770,229.3610,213.2220,197.9440,142.0530,75.3207,51.3366,14.6121,56.4429,72.9636,99.4803,90.6356,58.6104,30.3767,45.8764,90.9781,118.2450,147.8730,172.1080,174.4000,164.3990,146.7590,46.3796,19.0466,55.6847,48.6587,38.8727,27.3858,14.0728,38.7349,68.8005,84.1565,95.6287,74.9538,33.4766,28.2747,38.7175,74.3343,105.0190,99.4982,82.2057,58.3274,36.4261,39.8145,57.0975,67.4852,46.9205,22.0356,9.3124,44.0415,56.6301,60.6877,68.6429,56.2726,39.3123,26.5148,14.3197,15.3578,35.6263,37.9618,34.9988,32.9877,50.0171,89.0977,132.6400,167.5600,158.6110,133.3450,117.5380,116.9510,106.3370,93.2516,89.9966,82.2435,58.2680,37.8702,20.9441,8.6749,28.1797,44.3510,49.2904,54.1635,47.1879,36.8476,33.9139,25.4877,16.7768,10.2149,19.2030,32.5691,34.1571,48.5024,37.2822,32.9497,39.0297,44.8682,45.4446,32.7027,32.2379,50.3363,66.9725,65.3194,52.9529
42260.7000,40003.8000,26980.1000,21949.0000,20871.3000,18445.0000,15401.0000,11680.7000,9104.8800,8614.5100,7660.1400,5143.8700,4380.6700,4007.7300,3774.2300,4669.2100,4386.4900,3436.5900,3149.7700,2640.2300,2229.6900,1721.7200,1492.1200,1045.4100,776.4060,609.4500,421.6930,472.0950,464.6940,362.4200,219.9000,243.6110,303.8240,313.9280,283.2580,187.1150,109.1660,107.7650,156.5240,209.3580,249.1400,277.9280,351.4410,421.1610,406.8890,358.0970,286.4600,236.5480,246.9750,346.5230,384.4870,403.9540,436.5070,538.2230,579.9390,557.4020,643.8130,687.0500,618.5040,509.2740,449.2700,489.4650,513.0810,519.3210,451.9950,388.7690,465.2950,513.3530,469.7950,437.1150,436.6490,378.4930,359.4450,416.6760,340.7860,294.2190,292.4560,340.3970,382.4250,333.3330,316.1600,352.1390,349.4990,358.0920,335.2350,395.1760,470.9630,451.6240,343.1640,224.1980,181.8570,228.8310,270.7780,243.0260,175.9770,119.1300,91.0305,88.3931,84.7359,93.9113,106.7070,116.6360,143.3900,165.1640,206.5700,225.9400,262.6920,211.0600,84.9420,97.7870,265.6020,352.0640,308.3270,200.4530,101.1650,167.3830,249.4760,267.6270,271.2280,236.8850,151.9150,114.2830,147.5330,126.7360,65.1868,41.3314,75.1643,82.9678,71.0854,61.3879,61.6300,89.9598,120.4400,115.3360,116.9880,125.6680,108.7900,94.4513,93.6834,91.9683,77.2870,90.4345,113.2430,124.2800,136.3730,129.6610,105.2010,79.9567,113.2610,158.9900,229.6050,277.1720,249.6620,205.2000,184.2050,141.3590,95.5103,72.7995,64.8921,72.8884,61.4624,37.5371,52.1230,65.6534,88.9910,53.9738,72.6882,79.3926,79.5551,81.3715,73.8797,77.6862,113.4030,148.5080,153.7810,153.7570,160.0950,114.1530,68.6018,71.1848,58.0773,104.4490,133.3170,141.1750,150.4080,166.7540,184.0710,193.6510,178.2980,151.7400,125.8620,117.2570,114.9370,112.4190,129.9340,167.0390,214.8420,243.6490,225.3370,201.7090,174.2810,117.5530,59.7154,29.4255,28.2999,61.2399,79.8201,100.0160,93.0804,73.2363,49.6150,50.8328,82.2919,116.4360,158.4460,181.2990,167.7920,154.4800,126.9110,47.5109,21.2184,53.2571,65.5740,44.0948,27.9057,19.8725,27.3667,45.3252,64.8663,81.5022,79.6000,41.1865,40.1186,44.8852,85.5020,103.8870,100.0160,85.4477,65.9264,54.5252,52.0195,51.1064,55.3260,38.6573,28.0857,14.0174,38.6811,49.2453,51.0712,57.0578,49.1379,27.1255,12.0542,21.0439,57.1904,74.4863,64.1240,36.8829,39.7289,71.0860,101.8470,140.0730,179.8100,167.6960,147.9550,143.5450,138.9740,120.7270,96.4189,91.8910,81.6859,62.5115,43.7936,28.6075,19.4815,23.8613,31.2116,45.6230,62.2035,71.0945,49.9825,37.8645,30.7515,23.4266,15.7379,18.2840,22.0488,22.3446,31.8398,49.3904,42.6631,39.0721,39.9077,45.7558,39.8112,48.2812,67.4695,65.6801,63.2943,53.5789
43008.5000,40775.5000,27646.4000,22421.8000,21243.7000,18799.0000,15671.3000,11868.6000,9297.7400,8780.6500,7782.5500,5348.9200,4562.1800,4131.0200,3923.6400,4790.5800,4493.2600,3560.4100,3272.6800,2763.4100,2320.1700,1822.6100,1561.0700,1073.5100,809.7310,625.9390,417.9890,443.2130,457.9800,386.4970,229.9570,227.3950,283.5400,301.5260,281.3830,206.5280,157.1650,133.5760,138.6010,171.2140,218.9190,292.6610,327.7370,381.9510,427.1650,416.2580,344.8670,277.5990,300.1540,413.9640,471.4070,478.2990,466.4860,548.0710,588.1550,577.0880,677.4870,735.3890,661.3910,530.0780,453.6290,497.1530,534.8040,529.5290,455.5090,397.6100,462.0310,517.5140,486.5970,458.4200,456.5210,379.2150,355.8230,410.7090,342.2970,292.2180,284.3430,319.1220,364.4120,320.4520,317.7610,359.4290,356.1590,361.2170,328.3290,398.7650,484.8020,462.8510,355.1500,238.9160,174.0420,222.6700,271.1080,254.2410,188.2500,132.7080,112.2180,115.2630,103.8770,94.6735,104.0840,119.6900,144.4630,173.5290,205.3730,215.1040,238.8690,202.0320,85.4501,103.3780,286.4830,349.8320,284.7310,181.6330,90.4391,175.6250,261.8720,280.7680,281.3530,237.8070,157.4850,134.3580,160.8740,135.9450,79.3724,40.0398,59.8887,87.6072,82.4745,76.3925,66.1976,90.8108,124.5080,118.4940,119.2070,131.7880,116.5130,95.6780,87.6585,62.2965,59.7006,64.9045,83.8019,100.2070,124.4960,107.4520,69.1530,64.0084,94.5162,123.9990,183.2310,248.1960,249.4410,202.3050,185.7790,129.3950,92.1489,82.1877,76.4190,79.0255,64.7935,47.9330,63.5598,69.5397,76.2376,39.7678,39.5090,71.4255,88.2807,92.2826,71.9561,81.6225,142.3060,164.2510,151.8060,142.5450,137.0080,96.7647,63.1126,94.6634,100.3510,149.3000,164.6410,143.0230,141.2120,163.8080,186.6030,184.2910,169.2080,149.3350,125.1950,117.0040,115.2290,115.3710,115.5900,153.0370,214.9830,233.3570,212.0010,198.2980,185.2570,127.9160,60.4232,24.7622,39.3046,62.6917,82.9131,106.4040,117.3700,84.4489,47.9612,46.6561,97.0108,125.9120,154.8770,161.9470,152.2570,131.0020,105.7800,20.4102,26.3932,64.5766,47.2586,32.1488,33.4379,33.1153,34.8831,56.4729,79.0276,100.1770,92.7206,45.0957,46.9033,53.0049,98.8976,114.9740,98.9089,85.2024,70.9021,46.9063,34.1990,55.8583,66.9790,34.1632,35.8431,25.1979,45.8789,48.8628,41.0135,38.1494,32.7873,28.5062,22.7838,28.4506,49.9028,58.6366,53.5440,36.8720,25.4208,50.3889,92.9522,134.6290,156.9130,132.0130,120.2190,121.6110,117.1480,102.5360,94.4221,89.5207,78.6991,61.6982,39.3320,25.2546,26.1226,29.2520,25.7779,28.1417,37.7860,38.6422,39.8472,39.1166,32.9084,27.2970,30.2307,33.6600,26.4248,24.4533,27.8918,27.9613,24.6943,31.1685,34.9564,36.6732,35.7164,45.1056,51.7753,57.8616,55.0291,44.3526
43520.6000,40905.9000,27489.5000,22213.5000,21002.8000,18545.6000,15435.1000,11753.0000,9227.0000,8692.3500,7749.4400,5325.8600,4586.2700,4186.0900,3872.9000,4715.2900,4455.6800,3514.2100,3173.2500,2672.7100,2243.1400,1733.0900,1485.0900,1014.3000,737.0470,566.9040,368.8920,388.3130,392.3380,315.3740,162.2900,170.8210,226.0410,234.4210,218.8230,149.8890,85.6676,32.0768,62.4912,93.7225,108.4170,130.2130,187.3030,275.4220,319.6270,310.1860,262.1200,217.8690,236.3510,340.1170,392.4150,369.0710,367.0040,477.7240,567.1720,585.3900,646.3270,667.1110,629.2990,527.4410,471.5970,508.7290,535.9000,534.8710,462.2480,412.9230,485.2760,534.2130,504.5810,479.8020,476.2290,396.9370,360.6520,398.3510,319.4730,277.6420,276.1250,323.6590,369.8780,333.7220,335.8360,366.4070,356.2340,351.4020,329.4940,410.9990,501.6540,464.4860,343.4510,221.6730,176.1680,227.0520,271.8140,254.9570,184.9040,123.1200,104.4490,103.1600,89.5904,93.9621,112.4070,121.3890,138.9520,166.5290,199.4330,217.6280,240.6420,171.0350,113.8770,127.7140,286.5290,342.9470,290.3290,186.7470,110.7590,195.9300,271.8140,289.8330,279.6710,223.1900,134.7600,133.3660,165.1210,124.5700,70.3279,31.6284,54.7623,99.7663,90.9760,78.5921,89.3500,125.8750,135.7150,110.5340,101.6160,107.5230,94.6912,71.6073,67.2843,68.6235,68.3641,81.3285,103.2500,117.7800,133.7780,117.1730,74.7478,54.8522,96.0245,141.9500,207.9510,262.6980,245.9640,202.0690,188.5610,144.9300,90.2817,65.3669,73.0161,68.2925,46.5725,40.1297,66.9878,72.8563,85.4583,55.2775,66.1796,68.5038,60.6468,65.1777,74.6300,98.1324,117.0020,137.1200,136.8270,132.6350,129.2100,97.4111,64.3693,96.8068,89.8829,139.4540,153.0050,139.6280,139.1990,162.2790,194.0430,201.8140,164.9310,138.6540,115.3480,116.8100,111.6480,106.6780,122.7900,162.6220,217.9820,242.3180,221.2110,209.4490,202.1810,155.5970,89.3534,53.1710,24.3591,49.1567,76.6906,95.4544,106.7130,85.3131,57.9124,62.6822,97.6396,134.6070,159.3070,188.8110,181.5710,150.4500,115.1640,31.7239,24.6146,66.0154,65.6556,42.9305,27.0896,9.6923,24.2454,50.8160,65.6680,77.9469,82.6593,47.2541,56.7524,48.1203,77.9405,85.4474,89.4961,79.2096,65.5783,30.8927,21.8849,34.3509,41.5998,24.0886,22.1160,27.7227,56.8088,50.6501,42.4885,37.0972,39.6330,27.1606,23.9295,17.1046,39.1760,41.6489,41.4111,36.4147,28.7548,45.4184,86.4610,129.1490,161.2120,139.9290,123.3530,126.5260,123.2520,107.7430,91.4019,94.8155,81.8189,58.5847,42.9330,30.0046,17.5829,10.2882,27.3049,36.6817,44.8506,42.6912,35.3615,31.9230,29.7655,26.5012,18.4032,16.3961,20.7332,18.5738,24.3115,28.3664,28.2629,24.1088,18.4029,22.7688,31.8034,33.9206,47.4576,62.4653,57.7278,47.3766
42323.4000,40013.1000,26951.5000,21915.0000,20803.6000,18383.2000,15372.6000,11691.4000,9090.5600,8579.6100,7660.8400,5164.2400,4377.1400,3984.1200,3767.4600,4673.9200,4368.4200,3416.6200,3133.3600,2632.6700,2219.4400,1718.7100,1487.4400,1013.7600,744.0560,595.8720,412.1220,453.7470,441.0200,336.6560,198.3100,220.7860,277.3260,265.6010,222.0560,134.8060,59.7935,30.8246,65.6932,83.1630,77.6265,116.5060,190.1840,260.8550,309.6310,278.3240,208.8600,143.6340,196.7730,324.9340,384.7540,322.0890,285.4110,398.5560,542.6010,614.8460,678.3470,645.5610,581.1110,476.0500,445.1920,509.5590,546.0560,553.8530,464.9330,393.5560,474.6810,548.8300,530.1800,510.3910,498.3530,418.2090,358.4490,400.0900,316.6370,273.9270,273.9260,322.2170,373.3020,342.6040,321.7650,350.2500,351.1370,384.2450,372.2450,417.2530,504.5400,502.1060,383.4630,259.0540,170.2940,235.8040,294.2590,257.1320,193.1320,131.2250,86.3878,74.7946,68.1163,58.9532,84.2203,102.7880,131.6320,161.6150,198.7570,194.9800,206.1800,167.5680,104.0880,125.9300,293.2600,342.0000,288.7280,187.7280,109.2110,213.9550,306.6190,331.6670,322.1860,261.2190,137.6530,99.5035,153.7260,145.5940,87.2663,37.7488,57.8968,105.9880,93.8486,81.1524,97.1356,139.1980,144.1150,96.7007,73.5620,72.6033,74.9775,63.1603,75.2616,73.6074,82.5668,102.0160,114.5180,122.4170,131.5450,124.1000,92.6071,75.1733,103.8720,133.3030,195.2240,254.9460,260.8720,223.3430,219.8600,175.4280,99.7681,46.8427,42.2567,50.5651,38.5080,30.8187,48.6537,51.6823,58.3092,39.2121,68.0412,89.7705,86.8348,83.7078,78.9118,97.6179,135.4600,159.1990,159.1250,155.9020,166.2780,121.3330,88.7114,108.9790,92.9930,134.3050,150.0220,141.9460,144.6700,164.3870,193.6510,199.9530,174.8310,149.1230,121.2180,109.0710,110.5910,127.2200,155.5430,187.0140,225.5500,253.3100,232.3150,215.8270,193.4480,142.6550,82.3613,49.3005,46.1959,66.3287,86.3190,111.9950,124.6260,98.1635,71.5309,54.6156,77.7022,110.1400,149.6720,189.2870,179.6850,147.9610,106.5550,23.6927,18.9298,37.4367,39.9011,49.8376,36.7730,30.1490,48.1583,65.0429,81.7952,95.5608,86.6999,43.2547,31.6644,34.1879,70.2584,100.6290,90.6505,75.0039,57.6094,43.5541,30.7707,32.9693,38.4751,22.7293,23.3130,19.0294,38.4643,46.6053,44.0070,49.1615,49.9928,32.8820,15.7878,18.2878,34.7462,30.4690,26.8156,26.1495,23.5800,46.1618,90.7809,135.7890,164.7850,149.7660,129.2720,109.9420,96.9083,81.9626,77.5043,72.5657,65.4937,51.1782,40.0691,29.2773,17.0761,10.1220,24.1289,32.9499,38.4257,36.4412,32.1417,29.7079,20.6181,14.1203,4.2111,3.7646,12.4571,29.4276,32.3222,34.3322,37.1945,35.9290,28.3648,30.3026,44.4423,47.8669,46.6539,54.3775,54.4474,46.0500
42707.0000,40546.1000,27485.3000,22352.0000,21227.1000,18767.8000,15650.2000,11840.6000,9274.7900,8741.6900,7693.0100,5186.8900,4441.8400,4140.2700,3994.6200,4837.0200,4492.5400,3525.1200,3216.6000,2686.0700,2253.0700,1753.1500,1503.7100,1011.0000,738.7950,588.4370,417.9590,477.3100,462.7050,361.9960,204.6720,225.7410,272.7860,265.2420,233.6000,161.0490,96.4094,49.0057,48.4574,65.5176,63.6912,55.5537,165.2260,302.7320,460.1370,498.1290,428.0880,323.8780,216.2730,280.8250,368.9890,326.2980,249.3230,350.2120,510.4500,604.5140,688.3600,688.1640,611.3390,510.5760,459.4860,504.9740,564.1850,577.3570,480.5810,400.3770,464.0810,536.6160,524.8260,504.1690,492.8320,390.6830,334.2840,381.0240,313.4420,277.7600,285.7200,332.3790,387.9970,371.7450,371.7310,407.8090,408.2190,391.4730,359.7660,425.8470,512.9270,489.6220,385.8310,269.9850,216.7610,274.9350,329.8600,315.6380,238.7580,159.0170,118.0370,102.9900,85.4952,54.3579,54.9372,90.1622,118.4560,138.1330,178.0440,201.8390,221.2480,165.8710,114.8140,140.6440,290.9810,347.8390,280.3060,166.1620,91.1219,201.6600,274.8430,292.9090,295.5860,258.1320,168.6110,134.5220,185.3310,168.0910,79.1962,28.7509,69.5611,81.6213,71.5629,87.5571,111.5060,117.4790,119.1690,99.9549,61.5275,85.6182,83.8788,86.1927,103.7640,111.9420,101.0190,100.4650,117.2930,123.3820,131.6980,111.7630,77.2139,64.5689,98.2335,128.2570,188.1990,234.3800,249.5430,225.0570,220.3900,171.0050,101.4580,74.2698,66.1841,56.1787,53.4905,47.7371,46.6633,47.9511,63.6358,38.4141,79.2228,87.7469,95.4510,102.9210,106.3150,113.9920,146.2210,179.5090,175.9700,169.6220,164.4980,128.1160,77.0775,98.2833,83.7565,132.7220,165.2020,167.1750,168.3120,183.9800,212.9700,238.5500,200.7620,155.9120,130.0090,139.0910,143.2480,133.9970,144.6440,170.7290,211.0400,241.4820,232.0110,216.5950,196.4120,137.1330,64.0502,26.3645,65.2532,92.8706,113.8970,127.7380,114.0230,77.2430,43.9000,56.8342,96.1466,126.2640,154.8730,181.3240,168.5490,138.1210,103.9490,24.0409,30.7913,68.9306,79.1425,62.4758,44.3549,33.4425,40.9814,57.0869,79.9981,100.7350,100.0530,53.6771,62.9504,55.0269,94.3366,116.4640,108.8570,89.1244,65.5372,46.2965,46.9527,58.0766,65.9125,47.9423,18.4082,16.0447,47.4933,59.8204,60.3413,59.6852,54.6268,42.0711,21.2092,15.1334,27.9327,27.8015,24.1394,15.5363,16.6738,55.3534,91.1528,126.9980,151.3050,141.9620,123.9700,113.3430,106.1610,94.7030,97.3356,102.5340,85.3319,54.3967,32.6330,23.1566,18.1555,12.3903,25.0496,38.4105,48.4606,46.1531,40.3313,27.3064,23.7471,6.1959,12.5985,13.6499,15.2186,35.1839,43.2193,41.6173,37.9153,33.2678,30.0470,23.1352,32.9863,48.5920,37.8678,37.2767,46.6848,43.9368
43541.9000,40976.1000,27576.9000,22292.1000,21079.7000,18620.7000,15457.1000,11756.1000,9222.4200,8646.1300,7613.4400,5039.5500,4304.1600,4185.8200,4118.7000,4905.0100,4509.1000,3521.0300,3156.8400,2636.8000,2188.4800,1674.8900,1395.1700,903.7160,636.9590,483.8180,333.7630,403.8540,374.7190,277.7270,115.6980,129.1440,168.6760,175.3530,156.8430,142.8270,126.6070,95.3823,92.8992,88.8106,137.4570,175.3350,177.0860,161.6450,140.1500,104.1790,28.2900,61.9082,180.5720,289.0950,371.8100,325.8630,204.8950,241.4440,403.9530,571.1130,690.5020,659.3580,588.9080,446.3070,409.9260,475.5690,526.6190,523.1730,447.8680,407.2630,459.6680,507.0200,493.4840,466.7820,439.1350,342.6790,277.5930,343.8670,285.8090,257.8320,269.7840,314.8660,356.4520,351.2840,381.8320,417.6850,414.3610,393.2240,373.7590,427.1680,507.2230,502.6440,387.4220,265.1270,176.0210,230.5520,279.4670,259.1420,194.8650,128.8710,102.9990,105.0680,89.3087,64.3611,64.1753,83.4727,115.7960,142.7110,186.3220,216.3040,243.2900,185.3760,114.5500,118.9970,280.0020,335.9180,257.4540,155.5690,82.2668,179.9130,262.8500,283.6040,281.4330,227.3660,112.0390,53.9161,94.4977,97.8124,40.4372,21.5960,55.0145,73.0279,58.8841,58.7042,79.9739,67.6798,51.2886,11.8170,19.4701,53.7575,74.7533,83.6705,81.1544,89.9092,90.5143,89.0964,110.9980,116.7370,112.6620,93.5680,61.4663,55.0013,84.3877,110.7170,157.3030,218.8630,228.5790,207.3160,210.2340,162.1840,108.1720,70.3361,49.7170,60.4220,60.5565,48.5414,59.4120,67.4990,76.0773,44.1214,38.1777,61.7533,66.6496,72.2959,56.9343,78.0024,133.6120,162.5430,153.0370,144.1470,145.1080,99.5729,82.0174,98.0209,95.0748,140.7360,170.8210,160.3590,156.4560,160.5160,177.3940,182.6620,153.5770,129.5170,106.4550,108.4580,117.8820,123.9620,127.5170,147.4150,208.2090,238.7690,215.6140,198.4100,188.9110,136.9070,70.7859,36.0424,35.5454,42.8151,64.0221,82.5511,105.2120,76.7302,54.6312,36.2007,76.0929,117.4690,155.0200,194.3890,183.3490,164.6470,114.2980,34.0194,36.8690,68.5941,65.4419,59.5946,48.1961,37.5365,62.4546,84.9140,104.4920,117.8540,123.8420,71.4650,59.7717,47.5312,92.7322,106.7650,109.4670,94.2757,70.4854,40.0410,37.0834,44.1479,50.3108,43.9675,34.5500,32.4457,66.4996,67.4457,52.6228,46.6482,38.8895,22.3569,13.5324,13.7963,35.8394,42.6355,36.9203,31.1454,33.4840,61.1589,105.6700,152.2390,183.3880,158.2470,140.2230,135.3950,125.6770,105.0560,95.8938,91.8082,69.9562,54.9485,55.1392,40.2107,23.6728,15.5848,19.7833,36.3704,50.1474,65.7671,42.4364,25.6698,26.7079,15.4149,5.1197,17.4936,11.9500,12.8808,44.6373,48.7950,47.0458,41.1155,30.6266,28.8749,37.1153,49.2690,67.9609,75.1822,66.7147,50.8748
42456.4000,40045.8000,26938.0000,21891.9000,20732.2000,18310.7000,15294.7000,11662.1000,9023.9300,8408.1400,7388.8500,4750.3100,4087.9400,4083.0400,4057.5600,4870.2100,4443.4200,3428.4100,3081.0200,2545.7400,2118.8100,1620.4700,1358.7400,850.2790,597.6610,514.3620,419.8900,506.1050,456.9330,334.4200,183.2520,193.6730,238.0920,240.6470,209.7860,137.9750,91.4957,39.4697,37.9995,66.8483,113.0070,109.2150,100.2610,133.0080,157.8240,153.1590,131.1050,66.1737,153.9280,300.2580,399.1810,380.0490,310.6210,357.4060,447.6800,545.9470,686.9600,693.3980,613.6600,457.2210,414.0820,496.0980,544.0400,547.3220,459.3040,393.1130,456.3450,502.9840,483.0880,460.8130,451.3030,374.3480,343.3500,413.8850,348.6170,294.8100,292.6950,329.4380,378.2530,353.2800,355.7840,393.5500,393.6900,382.1480,358.7560,423.6260,507.2830,486.7220,385.6330,274.6440,208.6910,249.8160,296.0500,258.4590,174.7590,117.4470,94.4668,91.4072,79.7164,71.2905,87.1456,100.8660,126.7450,165.6670,204.8930,216.8570,245.5980,209.2440,72.3835,101.8440,283.3340,341.0460,270.9460,170.5690,90.2348,180.2110,269.6240,293.8180,314.3160,279.6470,159.5940,86.5477,114.9310,118.9200,59.7324,34.9079,49.9410,65.3503,50.2824,38.1981,38.8051,55.5989,82.3683,85.7911,123.9220,131.1070,125.7190,116.0630,122.7160,108.1150,79.8392,70.4315,83.3666,94.1630,111.3420,111.3290,67.3600,44.4297,77.0253,107.2770,167.3320,198.8480,205.1120,194.4000,209.9000,176.4770,103.5010,64.3077,58.0897,55.5787,43.1195,25.5910,45.1291,54.7725,54.6974,18.9066,57.7342,65.6828,70.8251,76.7107,83.9410,97.0757,133.7630,176.9570,161.4070,159.2160,138.8360,104.6280,73.9267,102.2880,94.8476,145.7500,173.1080,159.8190,155.7530,175.6320,212.7090,219.8260,175.9730,151.3100,131.2140,127.3140,119.8280,129.8740,153.0650,160.4340,184.9750,212.2440,207.4580,203.3780,199.1470,152.7160,86.1225,49.5870,27.2564,45.6682,71.4851,108.1030,120.3510,93.4352,69.1146,52.0630,82.5143,121.9510,156.6480,192.6720,196.5790,172.8260,135.5630,42.0467,37.9672,70.4722,61.2679,52.6076,49.3972,38.8523,44.3046,75.7392,102.0290,123.9800,111.8140,51.6990,49.3456,53.1141,95.7074,103.0440,96.3239,84.0558,74.3219,55.1739,42.6349,52.5579,63.6267,47.0633,25.3577,12.1942,37.7533,51.6310,56.8628,64.1778,61.2953,45.5303,27.3995,11.9828,24.5568,25.8551,16.5746,9.5880,21.8121,47.9352,82.4561,119.5840,152.8060,144.1100,128.3150,127.1360,116.9340,97.6187,83.5752,83.8086,87.4668,73.4568,50.0218,27.6472,16.5316,21.6129,22.5950,26.7260,36.1991,39.6028,32.2589,34.6966,32.8814,25.7535,18.5479,12.6073,15.9389,18.6531,29.7853,29.2085,22.4656,20.6941,38.8131,55.3591,50.1857,43.3887,45.1152,51.8488,61.8245,61.5253
42470.5000,40363.5000,27371.3000,22257.6000,21130.4000,18693.4000,15611.5000,11812.9000,9206.1300,8641.3400,7562.3700,5021.1100,4317.4500,4112.2200,4033.6800,4869.7400,4481.3900,3470.4800,3139.9900,2574.2400,2170.6100,1666.8900,1388.0800,892.9160,625.4990,524.2540,440.1210,519.5450,458.6170,325.7710,210.6990,223.3380,264.9990,259.7910,221.9190,129.0360,67.6460,31.5218,36.6864,44.7069,55.5187,29.8885,63.1840,168.2630,227.5470,206.8470,175.5570,114.7270,165.6340,311.9920,406.2700,392.3350,346.3040,417.1580,467.3710,505.6370,625.9410,640.8090,593.1390,475.7880,440.9670,495.1480,526.6800,531.8520,459.7350,406.3160,467.4260,511.0410,487.8000,462.4920,450.5860,377.1740,338.5660,402.6050,334.1850,290.4360,294.0030,325.0600,355.4840,325.0700,316.9920,351.6900,350.1940,341.4730,313.5330,364.9520,438.5380,425.6120,328.4590,222.1830,164.0090,212.3710,257.9700,241.6000,178.0760,101.7000,58.2499,57.3197,50.3225,51.1187,66.7537,84.7161,123.6180,144.8970,170.7350,180.9270,213.1710,159.5370,101.9940,129.2600,279.6910,345.3700,278.9260,164.8170,96.7276,197.9040,263.0940,276.8060,292.3780,261.0950,156.7730,122.4350,169.1380,141.8450,72.9548,23.9335,40.3468,71.5344,72.7558,64.8060,61.8926,83.8995,128.1270,123.9000,128.4160,134.2770,125.8670,112.9570,109.9900,107.1670,98.2492,87.6395,92.2261,99.9804,109.1450,96.5134,66.1698,74.4535,98.1209,116.4240,158.7890,208.2380,230.7420,205.0190,213.7210,162.5530,88.0160,64.1993,68.6590,53.6393,39.9854,35.9601,41.4365,43.1467,56.9693,41.2661,82.7026,99.4417,102.7410,105.9610,102.0880,110.5170,146.5240,169.9340,153.8950,139.9910,129.4810,86.5798,57.1379,83.4018,101.4450,152.6180,197.3350,177.0130,165.8910,180.1450,209.3730,229.6750,190.2400,154.1210,130.5760,135.7790,123.6200,116.3670,125.9030,145.5240,185.9480,218.1910,210.1650,207.5170,199.4820,149.7730,82.6370,43.6938,49.3794,74.6896,104.6090,119.2550,111.3290,84.1676,57.7734,32.7335,78.0466,122.9390,170.3810,207.8440,203.6820,179.2190,139.8040,61.2754,53.8679,84.5685,75.4444,64.0130,67.3548,53.4225,41.5052,77.5099,109.2260,130.4620,110.6830,54.5087,22.0671,40.0935,79.6348,108.9670,120.7500,108.3680,87.4187,58.0451,50.7958,60.0613,61.9295,53.9169,25.4999,16.0006,57.7689,65.0768,65.2480,53.4087,46.5038,30.8330,15.3738,26.2950,35.4916,35.7139,35.1760,28.8578,13.9547,47.0640,91.7061,139.0110,173.6980,162.0710,144.4340,126.4920,121.1160,106.4890,90.3607,81.5259,77.2501,66.6485,43.6447,20.2092,19.3150,24.6427,29.9835,33.0462,39.5750,47.4167,52.9758,33.4852,18.1330,10.4246,8.7221,5.5779,4.7177,8.8510,22.2822,29.2557,33.4403,35.2069,30.2079,24.9668,25.8403,22.9050,33.4406,51.1338,51.8697,43.2114
43416.5000,40939.3000,27623.1000,22325.5000,21101.8000,18645.5000,15450.4000,11717.6000,9204.8100,8671.6800,7674.6000,5251.9100,4503.7300,4113.4500,3874.3100,4716.5200,4427.7700,3497.1600,3140.2200,2635.3600,2186.6900,1704.3800,1424.0500,899.9630,636.9870,527.9220,421.0650,484.5670,447.5130,335.6270,158.1790,156.7840,208.5070,223.6110,196.7440,139.1060,119.6580,63.9803,28.2068,32.9424,70.8057,54.1729,69.1746,89.0869,166.2090,190.0900,170.5530,115.1770,116.0410,265.4860,360.3490,337.5520,301.4040,416.3240,487.8720,509.9840,599.2930,589.7070,553.2330,447.4540,417.6040,473.9790,520.0810,530.7710,449.2790,401.9430,476.1700,531.3470,516.4830,498.2760,490.7870,399.0450,343.1710,394.5710,313.8690,260.7750,257.6210,306.8890,367.3940,324.6150,318.4480,359.9190,361.4710,355.3090,320.1550,349.8250,413.6500,417.7200,319.0120,210.4190,147.2310,196.7230,244.5790,225.8870,169.5730,104.3450,71.6977,65.1109,55.6950,51.5049,66.4213,88.5251,127.1070,153.8120,191.8620,205.9690,223.7750,179.0120,92.7197,106.6030,261.5260,327.3550,262.1430,165.2040,90.9678,174.2820,251.6160,270.4600,269.4880,229.6760,119.9820,87.3061,150.0480,143.3060,84.1756,33.2388,26.2945,56.1813,59.8914,57.3467,71.9046,107.2760,159.5710,150.6380,141.2950,143.2670,113.2700,94.6734,89.4451,92.1456,73.6384,68.3791,82.7086,90.8189,107.5590,112.6880,90.5307,74.3057,95.6617,132.1610,191.4450,222.2200,223.2910,207.6660,213.4730,173.1710,115.8250,77.9954,54.5514,56.5027,54.2848,35.3846,31.3980,38.7532,60.9565,49.9305,82.1119,103.5060,101.1050,97.9676,93.5787,108.7450,154.9000,182.0950,159.1430,137.8150,118.1330,69.6298,61.5613,91.4898,108.1680,150.5310,174.0460,157.7240,152.1120,164.9310,187.4330,195.9420,166.2510,138.9700,116.3720,118.9090,120.2860,128.9360,150.1060,157.1630,187.4950,219.3820,205.4570,191.2210,164.7210,128.3310,73.5560,33.4221,27.9216,54.6634,67.9475,84.7690,87.5490,63.6978,39.5573,38.0136,76.1438,108.8000,142.8510,178.0470,186.4360,166.5310,137.5360,44.8742,38.1503,77.8062,66.1971,53.3500,49.2238,35.1788,51.4879,87.8294,104.0200,108.9390,93.4171,44.2891,26.7213,54.8528,84.8272,93.0049,96.8807,82.4722,65.2959,45.7716,35.4165,28.8682,32.1372,18.9795,25.5701,34.8778,62.4961,58.3690,54.8169,54.9474,45.7031,24.7371,10.6282,21.5403,39.0919,49.1088,49.0188,37.7700,22.6292,40.0735,81.6934,124.0410,165.3560,161.8430,152.0540,145.3290,132.7310,109.8710,99.4710,97.0032,77.7845,52.6360,39.3120,33.7771,29.4347,28.6824,32.0293,40.0318,49.4568,49.1657,40.9245,34.6853,25.0368,18.8871,10.9506,4.8110,18.5582,47.3030,53.0460,41.7552,39.7260,37.4740,36.5851,33.0241,46.5470,57.9249,50.9047,52.3611,55.9131,50.6285
42820.2000,40293.0000,27034.8000,21930.2000,20773.9000,18334.8000,15319.3000,11670.7000,9083.4400,8572.0500,7683.0800,5292.4900,4583.9500,4118.6000,3751.7500,4631.8800,4400.4600,3460.4800,3152.8600,2626.8200,2214.5600,1712.3200,1445.9400,926.2090,648.2520,579.0040,491.8060,548.0110,503.4390,381.6340,217.8470,224.3180,278.9910,290.0350,241.8430,166.5630,106.7490,63.8493,47.8464,58.3945,89.4682,79.1442,62.4979,134.9810,217.4540,246.8330,224.5310,163.3090,191.2470,324.8730,410.9130,377.9060,325.2810,426.2130,538.9130,588.1290,642.7790,601.9610,547.1030,435.0150,408.4760,476.2720,515.4100,515.9200,463.0440,430.3990,500.0060,546.0500,518.4250,493.2280,484.5810,401.7270,357.1980,405.9080,332.8580,294.4190,299.0870,346.4520,387.0960,358.5700,363.5510,390.2830,380.5440,367.9760,340.3560,395.8230,474.5390,443.2230,325.0780,206.1870,166.3160,216.6240,261.3310,236.0190,166.7780,115.6790,100.3800,107.4330,96.7525,81.7928,86.5983,101.1710,128.2310,158.5170,194.6700,212.6160,249.2800,201.3320,106.7440,93.2455,240.8190,296.2910,254.7510,163.1890,95.7664,188.2220,265.5360,280.5980,287.0560,249.4650,148.1090,99.9326,136.0490,133.8890,86.1114,48.4264,38.7120,74.8304,77.8599,64.8805,78.8207,103.9710,139.3540,117.2700,77.1468,79.9742,82.4645,81.5623,91.2683,98.0196,92.2072,85.9939,90.3187,92.4869,104.6370,110.5390,85.6993,67.2152,93.7155,121.6360,179.9910,231.4990,244.8370,212.9210,210.3560,146.3820,88.4615,60.5166,53.5407,56.3387,36.8835,23.0128,57.9656,61.0152,65.8916,32.9402,75.2747,90.6759,83.2376,80.2093,74.0466,98.5055,149.1210,176.5960,157.8820,139.4400,119.8030,77.2441,70.0783,112.4630,119.0990,162.0910,174.5030,155.5750,150.4170,163.5170,187.3210,201.0300,171.6110,130.3910,101.0840,111.4610,134.5290,140.7010,133.5690,147.9270,184.7810,211.1400,203.9700,199.4230,182.3220,138.3030,75.6020,35.9548,39.8884,58.6908,80.0297,93.8587,106.8800,87.4840,64.9773,46.3878,74.9954,114.5360,153.1060,186.0290,190.6190,171.2810,138.1890,57.6857,48.5559,79.1087,66.5813,51.9933,52.1728,37.7182,29.2133,65.1409,87.0985,100.5070,79.4175,23.8009,35.9285,64.4043,95.4963,106.4930,106.0630,93.7425,79.4515,47.3905,14.4788,18.3570,28.0766,8.5838,20.8174,30.8778,52.8236,59.9899,50.5188,48.1970,36.5826,28.1258,16.3659,8.6311,20.5234,31.6901,32.8417,27.9403,35.0147,67.1562,105.1070,141.5240,167.6070,156.0090,142.7980,150.3920,140.1440,120.9430,106.9930,105.4510,92.5634,57.4224,38.2041,29.7018,18.9107,10.4686,41.2411,58.2739,73.8666,73.5984,55.8809,40.5334,29.2631,20.7041,19.1840,12.5355,16.2849,16.6745,25.1422,33.5474,35.8495,34.2418,27.8225,23.4538,41.4932,64.5038,60.4536,58.5124,61.6761,56.3403
42294.6000,40187.8000,27257.0000,22196.8000,21075.3000,18618.1000,15586.1000,11770.6000,9209.6800,8769.5200,7805.2500,5462.1200,4778.3800,4196.0000,3744.8700,4600.5100,4386.8500,3455.7700,3190.4500,2635.2800,2219.8800,1685.3000,1422.5400,943.8200,658.5170,555.2440,487.6660,572.2020,504.8250,361.3970,209.7660,228.4470,280.1430,272.8160,226.4150,129.3280,70.7777,38.3717,42.4180,53.5246,70.4506,35.7939,45.2900,107.7850,193.0230,223.3700,203.6880,142.0570,149.8000,282.7840,371.3560,340.1710,295.1930,408.3190,532.3480,596.9920,665.2770,624.3080,560.8310,446.9870,423.7590,487.4680,516.0940,522.1810,472.0660,430.4160,501.5610,554.3670,523.7650,493.6540,477.0500,385.7660,348.4470,393.9660,336.8550,306.4670,313.7570,353.3540,385.7480,353.2500,359.3730,392.2310,385.3780,368.3000,340.4410,387.8100,450.5330,440.3380,332.8930,216.4350,158.3590,205.0550,246.4790,221.3540,166.0300,111.5300,71.6713,79.0055,94.0791,91.7251,89.9365,107.9220,149.3740,175.9600,205.7730,222.3290,264.2580,219.4310,89.6689,82.5690,242.4810,313.5410,266.2200,165.7040,93.5591,185.9420,264.6100,285.9290,303.8020,255.6160,123.4510,96.3863,153.6640,146.0020,87.7546,40.9229,48.7347,76.3120,72.1506,73.2875,75.9187,88.9601,102.4130,109.4130,77.1984,88.8915,79.0925,79.3247,89.5653,99.4669,91.6267,91.2344,107.0990,114.3000,126.1930,110.6210,84.0526,93.8452,120.4100,146.2080,193.7790,242.4880,250.3460,217.8480,211.7370,169.6560,124.2040,85.8287,59.1421,52.4391,43.1902,25.4011,22.9800,45.1388,56.0799,57.3194,71.1591,92.1045,84.6176,79.8214,78.2751,95.1061,141.9020,163.8890,149.1660,138.3450,141.3580,95.9881,85.1986,103.2180,103.1380,134.5850,154.0490,140.3820,142.7150,163.8290,195.8710,201.4140,166.8290,143.7730,122.3940,119.9380,130.9260,152.1620,169.0830,175.6020,199.8650,217.0010,214.2390,207.0710,186.9220,134.4860,72.6471,39.5035,44.1690,59.6960,71.3120,84.9620,93.7911,73.8379,49.0473,45.8275,80.4010,127.1090,150.2620,171.5110,190.7020,178.3520,157.5100,63.4854,36.3835,55.7610,64.7737,62.0734,42.0817,26.8518,46.5414,79.8004,99.0303,113.2580,86.6742,25.9931,26.2943,61.5631,104.7090,121.7520,98.7251,83.6976,71.7597,55.6476,27.0015,29.1122,49.4512,11.7181,43.3819,52.6806,78.5373,77.8087,61.4722,55.5611,41.7479,30.7132,19.7166,10.5843,47.3358,45.0472,31.2543,15.5474,38.7075,59.2308,95.2848,132.7610,166.7810,151.8940,146.6250,153.5040,134.5800,109.8650,96.1960,98.4591,91.5925,74.2161,52.8549,44.8149,39.7530,32.6634,41.4483,55.3769,62.9374,57.6808,59.1208,43.3314,26.0358,10.6011,5.5867,7.4368,14.3830,35.4447,50.7790,48.5537,50.6557,49.9898,43.1105,35.1199,50.4204,64.6648,59.8673,56.7743,55.4271,45.2051
43366.5000,41017.1000,27744.6000,22394.4000,21160.0000,18727.9000,15558.1000,11783.2000,9232.4800,8745.0600,7798.5200,5502.7700,4787.8500,4184.3100,3706.2700,4527.7600,4357.6600,3472.3200,3187.7800,2666.3100,2251.1000,1767.5800,1482.3800,928.1880,630.5700,568.2470,524.3920,583.3890,516.5900,375.1940,172.5870,178.2270,234.7940,239.1940,200.8990,134.7900,90.0624,48.0258,26.9250,32.8692,78.8065,53.7000,37.7696,118.9030,211.9730,261.8210,260.9740,210.1080,152.3710,268.5440,375.7300,353.7210,304.1000,416.0530,553.9480,621.1150,697.3520,668.8910,605.1730,461.4850,424.5860,501.3040,535.7270,524.3730,451.9240,410.7480,481.6910,538.6620,517.7280,495.6100,484.7930,396.9770,349.3930,392.7120,329.8460,299.7820,308.3560,346.2600,381.3870,360.7500,351.9430,385.8210,387.5210,386.1850,358.9340,406.8780,480.4580,449.9210,346.0500,237.7100,183.1480,227.1780,258.1700,233.6230,181.0520,129.9890,91.0940,77.5520,74.9409,86.7804,100.9780,111.6360,137.1590,166.4220,202.4090,231.5020,267.3030,202.5340,106.5030,91.3998,233.7680,297.9440,263.3960,167.5990,96.2653,192.5840,274.3380,291.2080,292.4290,244.7420,144.5880,110.7220,145.4790,128.2540,75.0261,37.7837,43.5152,65.8188,61.3950,68.7257,90.1567,106.6990,116.8510,97.8446,71.8142,82.5301,79.8731,72.4618,81.9770,95.6146,101.3930,89.8960,98.2580,104.7400,125.1460,116.8590,88.7975,88.9945,113.9130,141.8720,203.2660,261.0840,244.1080,210.7650,197.7370,153.4040,94.7721,71.8397,61.4943,37.2457,19.1825,23.7214,44.9630,55.0794,51.6873,33.2521,52.3376,61.4834,64.7901,70.3250,72.8482,81.5729,111.2290,150.2200,143.0430,139.9270,125.0750,87.1257,65.8814,96.2397,96.7856,134.0390,157.8700,145.5820,137.3420,154.4250,180.0350,200.4680,172.1350,141.6730,119.0850,118.5020,122.6240,135.7090,155.8120,156.3190,182.9820,217.9760,208.5280,195.0270,171.0270,124.2290,65.4911,36.3817,49.3204,61.8002,76.2568,88.0966,96.0156,75.1768,54.9510,53.6886,88.4631,127.3680,165.1550,199.8110,197.0940,173.4060,135.4340,52.2180,42.6853,68.9094,71.1902,66.2779,53.6533,37.7211,56.9359,90.6186,108.0140,114.6950,97.6314,49.8197,32.7087,49.3512,100.3970,117.3120,107.4970,93.3859,75.6852,50.7684,31.2399,27.6232,22.4570,16.2937,21.6164,27.6409,45.9518,54.1272,54.1363,61.1716,56.0347,28.7354,12.5577,22.0403,36.3278,36.9810,30.5859,13.9644,20.5633,59.4832,99.6117,135.6100,168.8710,163.8290,144.5850,135.2790,123.3670,112.4490,99.3988,81.6643,82.7974,78.9135,50.8303,28.5564,17.3698,21.5975,39.1095,50.8208,59.4723,62.6857,59.4815,39.8683,27.0189,18.0604,20.9775,13.0410,16.8146,19.8081,39.5290,44.6792,38.2487,33.5041,38.8617,47.4695,47.0172,57.4821,57.5035,46.2156,47.0186,47.5472
43077.4000,40554.4000,27236.6000,22028.7000,20819.2000,18388.2000,15318.8000,11664.8000,9114.0000,8641.5500,7756.9600,5349.2800,4627.1700,4151.7600,3750.7500,4611.7800,4402.8200,3470.9800,3173.8900,2633.1800,2207.2600,1688.1000,1390.2300,870.7670,640.1120,619.0670,590.5780,650.5130,543.7450,374.0950,167.4840,191.4860,246.0630,243.5180,211.0560,140.4570,87.0884,38.2861,41.7100,59.8372,72.8950,60.6483,70.4152,160.3600,278.5080,325.6610,302.8150,230.4960,181.4620,267.8160,351.9600,341.5600,328.8550,444.0080,579.9200,644.4010,726.1140,702.4310,624.9040,480.6580,432.3900,496.0630,540.3430,537.8600,458.0400,415.6260,497.0770,551.4630,523.0750,496.5900,483.9760,399.5830,348.4180,401.2430,333.8290,293.0090,298.5070,346.9730,389.5620,347.3900,332.7280,365.5630,366.4890,358.7150,345.1200,385.8700,453.8370,452.9920,347.5060,234.6410,141.4860,200.5020,257.3370,234.2990,176.5950,117.5980,90.5113,105.6590,98.7037,71.3204,64.1668,83.3684,120.8800,150.5020,189.7970,211.0790,237.1690,191.0180,96.3554,99.0710,245.7210,314.4740,268.9310,178.8080,99.0315,165.3470,254.6210,279.8830,286.1380,228.9580,105.9710,76.7299,136.2900,136.8590,80.8203,39.5471,50.6891,80.5820,71.9125,69.9419,82.1310,101.3560,121.0730,120.5970,98.4888,120.7990,111.9380,95.0395,92.8700,88.3266,83.1609,86.0971,93.9804,98.6790,102.6150,95.2035,79.3456,90.4653,115.4410,142.2650,194.7540,243.2270,247.2730,227.8940,220.4110,169.9810,125.2060,90.4535,57.2498,48.4962,45.5642,34.3066,48.4111,55.6401,72.0326,43.7263,56.6412,62.5288,65.5147,66.9196,74.4094,88.0712,120.6930,148.4390,145.1460,140.3090,145.1700,102.5760,84.1448,102.4750,97.7349,122.2800,147.3330,148.8920,151.2650,167.7680,189.9650,199.9600,173.7790,133.2960,103.0760,100.9930,123.6630,138.2980,164.7080,177.4190,202.1820,232.7150,217.1670,207.9140,178.9840,140.4640,84.9375,43.0744,37.1935,65.5236,91.0158,100.5110,102.3600,86.3910,64.4670,57.7106,86.4490,119.7300,151.9190,189.6960,192.5100,173.5040,143.4180,62.3239,42.4504,79.0711,87.5864,69.1015,47.1399,25.6279,33.7681,82.3893,102.1260,111.3400,87.4524,39.1971,34.1925,57.6394,102.2290,100.7470,91.5013,81.9985,70.7300,52.2340,33.9821,33.0799,36.4979,21.2996,25.8132,20.6409,43.5837,47.7905,47.3717,49.4503,40.6236,28.4856,14.3179,21.4031,36.2723,33.3564,28.4546,24.9946,36.4558,62.6642,101.2350,139.1490,179.5110,170.6600,138.1100,137.8610,131.0650,114.4370,94.3790,88.7831,93.0535,77.0301,52.6921,33.0548,33.0243,43.9098,49.0417,59.6059,69.5444,74.6634,60.4972,48.4976,30.3952,19.8555,20.7795,12.1103,14.9987,23.8380,28.8150,30.6472,29.2600,26.0402,30.2839,39.7979,48.5172,57.3324,71.9320,63.7274,56.9872,53.8828
42213.4000,40099.0000,27150.8000,22065.7000,20948.3000,18527.1000,15509.0000,11748.7000,9153.4200,8646.5200,7662.9600,5208.9600,4496.1500,4099.2700,3824.1800,4674.5600,4369.5700,3391.8800,3106.3100,2533.3200,2130.2400,1631.3200,1321.0800,850.9620,736.0190,768.2360,697.5230,746.4830,611.7550,413.6840,216.8690,242.3760,288.9430,266.9960,209.3870,109.0010,44.7414,56.0832,70.7762,68.0862,54.2762,60.4355,138.6820,232.4120,330.6720,359.6010,314.4700,235.1330,184.7050,279.7640,361.3470,357.1500,331.3700,426.1780,548.9250,606.5130,676.7450,678.3080,623.6660,508.4600,450.0130,495.6070,544.9350,550.2610,462.2940,415.3380,503.8700,559.3620,526.3330,495.8540,483.4620,395.9170,346.4920,395.8410,328.0120,295.2500,306.9390,359.2590,397.7190,359.4140,357.5840,399.3520,403.2740,373.6790,346.7240,400.5790,469.3380,462.8050,357.2030,242.0810,149.9010,210.5530,267.5620,238.3830,183.1820,127.6210,94.2995,89.2806,74.9852,54.6022,52.8334,73.4053,118.8430,144.3630,178.5320,195.4480,242.0510,201.1790,105.0580,102.4720,248.6530,311.1870,258.9610,156.9580,96.5098,199.2850,258.6510,267.5370,271.7270,237.0670,116.1170,84.2876,154.7020,149.3490,81.0423,35.0123,55.3145,68.9775,56.2423,64.1563,89.8648,123.7630,136.7400,112.5440,99.1002,106.9730,92.2961,76.3697,75.4255,81.0478,68.5422,58.5196,83.2209,97.2252,108.7870,102.1460,72.3801,66.4624,103.3120,137.6200,199.2800,236.2360,238.9610,224.7110,223.2850,180.1560,139.0400,88.7595,57.5297,51.9524,41.3562,24.3428,27.7206,44.1547,61.5596,59.0893,65.1048,87.0882,71.9639,64.2626,61.8406,88.0033,141.2530,159.4990,142.0220,131.1190,122.7550,93.2637,67.2175,104.3240,107.2400,144.8220,171.7740,167.1010,161.9760,174.7590,193.4100,203.2650,167.1470,131.3600,119.2260,122.9760,134.4030,133.5580,154.7490,164.9010,192.1260,224.5120,206.2530,191.0530,168.3060,143.8540,89.0164,49.1527,25.2907,52.4849,80.4072,104.4960,107.9160,83.5061,61.2710,51.9223,84.1428,123.6090,165.5810,188.5340,183.1790,164.2410,137.4900,56.6127,39.8285,79.6985,85.4577,64.0501,41.9258,28.6668,34.1743,65.9250,91.5034,112.9710,97.8141,39.4868,30.8110,50.1668,90.7354,112.2490,102.8690,83.8275,56.8571,41.1755,46.3101,52.0897,60.0055,44.1001,41.0319,20.4025,52.0413,47.5805,52.9211,66.8583,65.8905,36.8534,23.1470,20.6838,19.7375,31.5567,31.7435,16.9512,24.1728,43.8903,82.7434,127.0750,180.2680,166.7920,144.2460,137.8800,124.8970,105.7000,99.0532,99.2710,98.4891,83.6038,61.4246,41.0890,22.9931,24.0643,50.8064,62.6601,66.9949,52.8734,39.6152,30.9319,17.0101,6.8313,15.4803,14.9899,13.7583,18.5451,41.7570,47.7000,45.1107,35.9317,34.3452,49.4368,66.9155,57.5505,49.4650,58.4376,65.9932,62.2441
43242.6000,40966.0000,27782.7000,22462.1000,21210.1000,18772.0000,15579.3000,11794.1000,9246.3000,8714.7600,7675.8600,5241.5000,4512.8400,4123.8100,3909.1700,4762.0900,4450.7000,3482.4100,3148.7000,2587.9100,2142.5700,1613.9600,1328.1900,866.6060,724.4360,759.0520,692.8150,698.6900,580.4500,399.4670,187.8340,214.1330,269.9310,244.0240,188.7230,115.6540,60.3945,42.3476,47.3535,53.3350,55.5238,62.4790,151.8540,277.1740,410.6580,479.6710,436.4910,348.5420,281.2610,365.6150,445.2490,444.5210,427.7750,521.0780,581.8980,595.0250,692.4260,725.7870,647.9530,536.6750,482.7640,520.8510,565.5120,552.2640,464.7700,415.4240,494.9120,550.6880,509.7010,470.1670,449.8390,370.0880,342.1480,413.0270,351.1400,311.0270,316.7540,355.5500,386.6930,351.0320,335.0510,366.2170,365.9850,351.6620,334.4540,390.3730,468.7830,468.2720,373.8520,268.4100,182.3760,224.3590,283.9320,253.8290,161.8430,106.4810,91.9266,69.5195,46.4235,55.9141,62.2411,74.5425,125.2780,156.4180,190.2060,203.0730,233.1750,183.9110,105.5540,110.1970,244.4900,311.3200,262.1330,160.3480,94.3024,195.2190,269.0750,283.0150,280.0890,234.2050,111.8910,71.1640,132.5920,129.6010,70.4111,32.5801,54.6763,87.1973,81.8960,73.0649,91.7267,136.5180,162.7750,125.6680,107.8380,98.2677,78.3475,47.2683,39.4934,43.0202,50.6463,43.0077,49.7541,59.0026,77.7305,86.6661,79.0445,79.9477,102.1700,132.4670,192.0660,251.8950,244.1640,227.6930,214.1160,168.3170,115.4080,81.8418,73.5774,56.9719,40.4862,11.3248,29.4398,34.1750,67.7374,58.5917,84.6514,84.5350,67.4132,59.2839,67.5470,93.6865,132.0290,172.7550,162.6480,143.7950,119.9280,69.0311,41.0274,77.5359,90.9093,145.1780,170.9910,171.5420,172.3330,190.2210,207.7900,207.6200,169.1850,138.0630,116.7990,120.2020,112.9040,110.1230,133.3270,154.1100,189.4660,221.2040,219.3370,209.9940,202.2830,144.6120,75.1018,38.2457,14.7771,46.5395,66.5092,95.0343,79.2324,60.6828,52.1396,57.0135,81.7719,111.0650,142.6200,173.2010,186.6260,166.7240,129.4600,56.6874,58.5110,76.2713,71.5774,72.5624,61.3903,41.8884,34.9857,61.1315,85.0033,103.6220,99.2300,48.5293,24.9050,43.8005,87.5361,117.0590,120.9910,109.1240,89.6978,57.0672,43.5008,52.2823,53.4933,42.8333,22.3726,18.7549,54.8849,56.8402,60.6663,42.2381,46.5454,43.3925,29.1951,14.1007,52.8895,45.7543,33.4979,33.7127,40.1550,52.6402,90.7469,132.6090,183.6680,174.4780,135.3850,120.5400,116.6640,104.6720,81.7177,74.3435,80.5427,53.6780,32.9800,28.4793,19.6878,18.2546,36.4141,44.4578,48.2954,57.4192,61.1506,41.5130,24.2959,18.1438,16.7852,11.0285,2.6042,4.5248,11.1213,23.2886,24.1335,19.1263,17.0788,28.1824,43.8174,53.1091,52.9089,57.5178,62.9959,58.8647
43380.5000,40756.0000,27412.9000,22215.4000,20974.5000,18509.9000,15390.6000,11708.1000,9154.6800,8665.5000,7736.1800,5258.7300,4529.2600,4197.4900,3946.5200,4789.7700,4473.5300,3477.9600,3139.9100,2570.2800,2127.6600,1595.8700,1303.7800,824.8730,667.8230,682.4710,618.0680,647.8840,525.4900,350.9110,172.7410,199.8970,248.0360,240.0620,205.7110,128.3630,70.1835,11.6315,39.9436,45.8664,34.9118,80.4447,174.9630,283.0270,389.1020,441.5860,394.7850,323.5010,273.0900,349.2990,434.1980,432.7160,399.6830,471.5500,506.7970,524.4300,647.9560,686.7480,618.4260,505.9340,445.8030,489.9560,527.8420,523.3770,431.9170,366.3610,431.8120,499.5700,476.3830,452.3740,446.0740,368.5090,354.5970,418.8620,352.9020,307.1380,308.2250,347.6560,401.4470,374.3990,351.3180,391.3150,396.0130,396.3260,348.0790,400.7450,513.0660,499.5800,379.5200,254.9450,194.8470,250.6540,289.6860,254.7920,191.6640,124.7690,75.9698,64.2709,76.3453,78.0942,85.5954,99.1042,121.9420,139.6450,173.6350,187.5080,212.1910,171.5290,78.1318,100.9400,239.9120,310.3700,269.4680,163.9550,89.5518,187.3620,263.3350,275.9910,282.0590,230.3050,115.2140,87.2152,142.8110,130.7270,61.5246,26.0713,54.4435,74.2085,61.4743,47.8523,54.2829,86.5058,122.5520,109.8620,120.3250,119.0240,100.0600,87.3274,87.1238,94.5092,73.9393,49.9831,52.8444,64.3255,85.8406,89.7924,66.4646,64.7310,95.6808,127.6400,175.9670,213.3420,229.6440,222.2090,236.5640,190.5480,116.9880,74.8030,67.3179,53.1404,43.6459,13.2869,46.9605,45.9787,61.9054,48.7736,50.8104,64.3784,56.8561,48.7029,53.5329,84.1316,134.8590,157.2190,145.2500,140.3060,146.3460,105.0350,87.4131,110.5760,107.0070,141.3610,159.1910,158.3800,170.5290,188.6100,203.5780,185.5700,167.2450,144.0500,122.1070,118.4750,119.3060,119.7950,137.2330,179.1080,210.7720,217.7720,218.5900,218.1260,214.3730,161.3810,91.3833,43.5561,46.8173,75.4044,93.8333,105.1220,101.2150,71.4021,41.7666,61.8867,93.2190,124.2980,150.4840,183.6170,188.9880,167.3000,140.1460,51.1550,28.7717,56.5833,63.2053,58.7389,47.0249,32.9249,43.1750,57.4116,74.2602,87.9420,96.5908,49.1130,46.5473,48.4300,84.5327,109.0110,108.6430,90.1310,66.0117,42.9528,43.8109,54.8627,49.2982,23.5278,9.5255,19.2344,40.8461,57.9091,56.1492,56.5877,41.1119,28.4186,20.2098,14.1044,15.4823,18.6712,16.9828,14.3353,22.7866,45.1979,82.4237,117.6440,155.2170,137.5810,113.2520,115.7180,99.8984,78.0517,71.0414,76.4816,53.2685,25.2573,11.7500,19.2897,29.8000,29.8100,39.4113,49.3702,56.7670,49.8553,56.8175,55.2597,47.7560,30.3085,9.1971,7.6387,13.3016,23.1088,35.8554,42.1325,34.7466,31.8713,49.4045,69.9401,76.1690,63.6392,67.7903,71.9977,69.7933,57.4155
42232.9000,40020.0000,27045.0000,21972.4000,20848.2000,18433.4000,15434.0000,11697.4000,9115.5200,8650.8400,7695.0200,5212.5900,4489.7900,4066.4600,3765.6100,4661.4400,4386.8000,3403.3800,3109.4500,2545.9900,2140.1000,1619.8500,1326.1500,853.9480,688.9450,688.8670,620.0130,680.1890,565.5460,384.8690,247.7180,257.1710,295.8100,267.6660,206.9350,116.1000,58.8891,28.3789,48.0612,75.2526,76.0410,71.4241,111.8780,205.6420,263.2470,237.3520,185.8360,142.6390,210.8590,350.3750,431.9940,429.4020,379.8100,436.9820,498.3160,551.0510,669.1940,665.6510,596.3780,456.3640,421.0830,496.9570,553.6540,556.3080,463.2220,394.6390,451.3330,502.3600,481.8910,456.3320,439.4500,362.5520,332.6660,397.8960,332.2970,299.6590,312.2040,362.5410,407.0710,388.8210,399.1570,429.9980,418.6440,404.9420,375.4990,434.3710,502.7310,488.5190,385.9080,268.4900,196.6990,240.7750,281.4390,245.5750,168.2730,81.6639,49.4743,102.7690,109.1240,89.5623,94.8596,108.0540,123.5340,156.7900,198.6920,222.4130,230.9750,175.9880,75.8671,104.8320,245.1290,318.2170,269.7080,161.8100,95.7601,200.3650,280.5310,302.6900,305.2540,247.9240,138.8120,105.4250,141.1190,122.1700,57.4385,27.0708,52.6516,70.1130,49.9717,47.9777,59.8313,75.6842,87.9981,72.0716,95.4887,115.4190,103.6250,99.0875,93.4012,84.8061,61.8986,52.5944,62.5569,68.7051,72.6720,75.6888,57.1183,39.0916,74.5553,103.0140,153.2070,208.9520,228.5360,212.7460,217.4100,172.5770,130.3250,91.5254,77.8201,71.9640,53.4989,22.8953,32.3475,47.2767,66.8204,58.1713,65.5132,79.4181,64.9245,59.1308,57.5193,77.2174,125.0910,158.0320,144.5780,132.0550,122.6080,97.1379,70.0132,105.6620,97.8705,129.4050,150.0790,155.1320,146.4590,160.7960,177.1240,201.1640,179.9610,144.2800,125.5480,115.0570,107.3730,115.8400,141.1210,151.0040,187.4340,228.8370,214.4790,206.5270,188.5240,155.4190,92.5916,46.7296,44.5957,75.8016,99.2115,120.3880,117.0090,80.7657,61.0016,84.0780,106.4980,129.7220,151.8480,198.6740,207.4970,178.5530,137.6550,43.7132,36.5226,61.4413,69.9720,74.3855,55.4473,34.3759,35.4566,63.1471,83.2254,98.2878,106.0410,69.9011,39.9948,41.6592,93.4272,103.6340,107.9490,100.3430,89.3408,66.7644,61.4313,70.6124,68.2074,57.1330,36.5349,21.5922,36.8749,50.7112,60.0341,72.3148,68.5862,49.1689,32.2883,15.8034,17.9101,23.8427,21.3613,9.0769,17.4121,53.8498,96.6793,130.9400,163.1280,141.4320,120.1870,129.0610,124.7470,113.2160,84.7385,68.6438,71.2492,50.0593,30.0777,26.7458,24.5753,31.0107,43.7945,52.2026,55.9070,55.1166,52.3763,33.9960,17.9594,9.0859,13.2981,11.7040,8.4598,18.0904,19.8861,20.6774,20.0577,24.7414,33.9911,32.9024,24.0176,40.4222,52.5946,54.4796,58.6692,55.5596
43053.7000,40800.0000,27695.5000,22474.6000,21262.7000,18804.3000,15675.1000,11866.2000,9322.0500,8808.4600,7778.7100,5374.8700,4653.5800,4181.1400,3859.3000,4698.5700,4446.7000,3496.1800,3201.4200,2612.9900,2194.3000,1684.9000,1380.5200,878.4260,680.7320,660.8560,605.3950,656.6560,552.2870,389.0640,214.4400,227.5800,261.4510,257.8480,226.9250,160.0910,102.9930,52.3763,56.1673,86.7046,125.9130,136.2690,148.2650,204.0910,246.8400,242.2900,210.3430,140.6240,218.3620,389.0530,491.4400,474.5740,425.4090,461.6110,490.8000,536.3790,653.7670,669.4740,617.8880,506.6830,464.5890,530.7640,564.6980,562.7930,469.1720,407.2890,480.0260,537.7430,519.8480,491.7550,466.4040,358.8480,301.9400,367.9480,320.6090,278.9740,285.1690,327.8390,376.9750,339.6760,357.6050,412.8600,417.3050,405.2340,370.2700,432.0980,499.1990,467.4650,367.3260,257.7660,201.3630,235.7500,267.5660,225.8360,133.7790,59.8897,60.9067,102.2580,109.5910,103.7900,106.4570,97.4704,112.0920,144.6930,179.5710,186.7340,199.9040,159.4790,85.7585,136.5760,297.4020,354.8860,289.3080,182.1190,121.9420,228.6170,312.6070,323.5570,332.3480,281.5920,158.8270,101.4280,136.6960,128.9470,64.7290,25.7959,59.0093,80.9975,70.8214,79.2666,92.5266,96.8857,91.5752,58.1304,65.2383,79.3394,81.0411,84.5706,86.9804,75.8950,66.9397,82.4863,99.0908,103.3650,105.9980,109.2310,84.8019,48.9005,65.2981,105.5210,160.5790,221.7860,235.4560,213.3010,226.5200,178.5440,124.9260,107.5710,84.3091,68.2137,47.1218,30.4910,45.5313,62.5193,89.0654,55.2885,69.1588,66.4687,58.4056,59.0904,59.4820,78.3626,124.9310,168.0580,169.4940,158.6000,146.6910,104.6350,56.8908,78.9458,83.1148,120.1760,159.5680,147.3200,135.4800,150.1580,179.3700,188.8410,149.8640,135.7120,121.5040,126.9770,124.6780,132.1930,145.0270,160.1610,206.4190,245.7370,244.2440,234.3750,217.8280,158.0790,88.1313,40.4769,36.7575,71.0162,89.1676,95.4800,91.0287,83.0060,61.0032,48.6200,80.0960,123.8180,171.9510,218.1400,211.0580,181.3740,145.7290,58.5366,27.2480,49.1799,69.9618,77.4945,65.1414,43.1998,28.6938,64.2424,91.4039,114.4540,117.1040,67.6212,34.0003,41.2159,87.0008,99.3896,104.5340,97.3416,84.0464,49.6401,38.3943,56.0455,58.3637,36.2647,30.4990,13.8983,36.2185,44.5698,47.8221,55.4620,49.6115,38.4179,24.1194,13.2577,22.7478,20.8314,8.8938,13.0247,18.4910,51.6952,94.8872,126.3960,158.2280,152.6240,129.9240,126.6180,115.0650,97.2348,86.0064,83.5073,72.6276,54.1535,44.1601,29.0062,24.2901,25.8057,27.0946,36.3695,51.4579,63.0848,42.0225,25.8094,14.2882,10.8906,13.1062,19.7296,30.7609,42.3633,51.5452,57.6639,53.4913,44.2612,44.0794,57.3574,54.2866,37.9169,50.1621,62.8936,62.5531,51.6042
43546.8000,40905.9000,27520.2000,22257.5000,21036.6000,18585.2000,15459.2000,11768.7000,9245.0600,8731.9900,7790.2900,5388.7900,4642.6300,4170.0000,3827.3600,4676.3800,4420.3500,3469.6900,3147.8900,2596.0400,2152.3100,1620.1300,1306.8600,809.4300,613.3540,584.9970,534.0950,584.2670,474.4670,315.1800,146.0300,169.6310,215.5530,227.5360,204.1640,140.1530,84.8271,42.3569,61.7435,107.6710,161.7400,180.6060,212.6930,303.6810,370.5760,380.3680,364.5060,287.7660,250.5080,358.6550,502.3000,504.4890,398.2330,374.6930,395.8100,477.7160,648.1870,692.3300,639.6120,498.5970,453.7550,524.0620,581.3340,576.1810,473.3000,428.0640,512.2150,584.5790,567.0710,536.0320,486.2520,375.9500,290.4790,343.8090,289.6280,260.1850,274.7630,333.6230,400.0100,370.8860,358.6290,397.8190,396.7000,392.6660,349.1630,405.5820,514.2380,488.4190,348.1440,204.6670,202.7010,247.8510,284.6210,259.2640,179.8580,119.8090,119.9740,132.9630,129.6480,130.6890,122.8840,106.4400,122.9150,155.7360,203.7480,230.9440,252.6260,199.1950,103.6650,119.8380,263.6420,323.3240,265.8700,173.5430,132.1260,226.9080,300.8150,314.4700,309.1320,260.7410,135.7730,76.7355,121.0950,126.5460,64.2538,33.4358,56.4346,80.5538,62.0050,48.4629,43.5034,51.0372,54.2086,56.3669,76.0224,112.3340,104.7930,89.8674,90.9431,94.8884,76.1881,48.5352,70.7530,91.9281,95.0108,84.8462,34.8163,26.5031,66.1356,97.1136,162.0920,228.0700,237.5340,221.0350,223.2180,173.3160,123.1270,108.8480,92.9947,76.5980,50.8345,19.8318,44.7790,55.6540,64.1262,38.9034,36.1907,51.3738,49.6085,50.1750,48.1272,77.9622,136.7030,186.8190,180.3530,169.6450,160.0980,126.8480,73.6719,91.7915,87.3967,114.1160,146.3640,135.2780,138.1580,157.5190,194.7210,208.8520,180.7910,157.7630,135.9370,134.8500,129.8190,138.2960,152.8070,165.1100,196.3000,233.6820,239.3600,233.8900,221.1740,164.8960,88.4600,38.8294,36.4160,77.1904,94.6927,116.6510,92.6296,59.0961,43.7185,58.5069,79.2311,102.5070,132.5270,169.5870,174.5610,157.0730,134.3200,44.5326,25.0354,60.2737,70.1290,70.1006,66.6238,53.1807,48.3294,61.7240,79.6590,94.6685,95.9318,59.7885,29.4186,31.1647,79.8424,105.1920,105.4610,93.9115,75.3167,47.1284,33.9580,43.8514,58.4489,40.2096,42.5558,14.3252,32.6738,27.9279,33.2230,45.1917,53.7467,40.6844,26.3604,9.3131,20.9212,31.6522,27.1005,15.6438,24.9737,47.1788,82.1981,118.7800,152.5070,147.1920,139.7590,139.6640,124.2990,99.7516,86.2515,96.8601,100.2790,66.0078,38.3814,22.0005,12.2991,14.6886,40.4614,47.3080,47.3058,34.8707,34.5588,32.0651,16.9346,7.1946,3.6427,7.1442,23.5691,29.3572,20.3049,24.4945,29.5383,28.7492,20.5453,30.1933,36.7347,26.0011,36.7626,49.4144,50.2044,42.5266
42351.5000,39997.3000,26986.1000,21943.5000,20792.1000,18385.0000,15348.9000,11670.8000,9073.8200,8558.5100,7594.5700,5076.3500,4358.4500,4041.8900,3822.3300,4687.8600,4366.4400,3387.9200,3090.2900,2538.4700,2114.9000,1604.2300,1328.8300,831.1270,630.6810,616.1180,559.9850,635.7060,537.0400,374.8900,209.1830,234.3850,288.3160,272.9960,233.5840,169.2670,131.2980,119.3770,149.1810,200.5120,246.8100,273.0580,292.8670,348.5390,388.0300,396.2420,354.0920,307.0690,247.0950,339.7250,452.9800,444.1420,328.3800,306.1560,380.4120,502.4730,660.5610,694.1530,636.6440,494.5490,437.1260,497.6060,548.5510,542.7890,419.9020,364.2180,473.2530,550.6700,527.4220,502.1410,479.7910,391.2920,315.8800,362.1150,298.7330,264.5760,279.1290,331.0530,392.1270,362.7260,341.6320,387.0140,394.6750,378.3380,339.6230,401.6020,506.1940,497.9000,376.2730,240.2100,203.0770,257.8230,317.3610,307.6720,228.1440,147.6210,111.2890,119.5020,119.5790,118.5000,103.5470,100.4070,130.6460,156.9200,197.0950,213.9680,234.6200,175.2980,95.2182,116.0680,264.8640,323.6170,280.7280,180.4280,120.8110,217.5570,285.2140,290.2850,297.6310,258.8520,131.3490,88.0348,146.9900,122.4390,50.9193,23.1426,57.1737,72.4326,55.8161,46.6840,61.8464,64.9560,82.1917,58.9042,82.4451,89.5636,84.4844,89.6564,98.7198,100.1800,72.2211,63.9292,87.5252,95.2995,100.1960,86.0302,49.5046,46.5494,77.4401,103.6960,158.1400,221.9010,250.4160,223.6750,227.0020,165.1690,113.9660,97.3516,83.7927,73.4238,54.8454,36.6885,33.6483,49.0467,64.0110,46.2293,53.5358,54.2027,55.5760,57.2980,65.9812,89.5139,140.2030,194.0290,191.2000,180.5040,165.3190,126.1290,70.0243,81.6739,76.3507,98.0171,134.7410,140.3560,143.4630,156.3930,182.5060,193.4030,165.3080,146.2170,141.1060,144.6070,136.8770,134.8160,153.5930,181.6480,204.8660,212.4720,225.7370,229.8970,236.1450,166.9860,82.0881,34.2611,34.7727,67.8917,86.2750,108.7250,101.8710,76.1799,54.2189,47.5366,70.7875,103.1930,152.5180,190.7060,186.1000,167.8520,138.7660,52.1021,30.2063,61.3390,68.1220,63.3924,61.7915,51.2115,51.8146,71.6389,95.1695,110.5730,107.1340,66.4719,23.6170,30.2481,78.9192,111.1360,106.5870,90.4874,65.0841,53.7275,54.2542,51.9915,41.1278,27.0803,26.9576,22.7159,48.2706,51.2592,46.9200,42.5849,41.2044,33.6337,17.0595,22.8531,39.9489,40.8308,36.3724,25.8979,16.4064,59.5325,100.6850,139.0090,151.4810,136.8330,128.9750,121.0700,109.0240,96.8420,90.3349,74.8550,63.4136,45.3890,23.0078,8.0130,10.4102,19.2618,41.2750,45.2182,46.3645,38.5391,35.8650,36.0331,25.1747,11.7566,5.0282,12.7216,6.3869,13.8368,30.0473,24.3092,19.5444,23.8419,34.1992,42.5058,57.3216,66.3266,66.0498,66.4035,60.5656,46.2867
42812.1000,40635.7000,27615.3000,22424.4000,21227.6000,18801.0000,15654.1000,11869.9000,9298.4600,8726.5100,7642.2900,5147.8600,4433.1100,4124.4400,3972.2000,4810.7700,4452.2700,3462.7400,3182.1100,2615.0700,2177.5200,1628.7200,1319.4400,840.4070,661.4310,635.1430,558.1480,611.1500,518.0280,365.1840,205.0280,228.9830,272.5720,262.7000,232.7470,163.4180,111.7340,108.1900,140.8440,179.9590,207.4800,223.5590,247.2310,324.4820,380.9220,377.7290,338.9120,283.4650,248.9260,355.9360,472.5390,473.0060,351.9480,314.5760,369.7670,471.0320,627.8510,669.7040,620.7420,490.0670,455.1370,519.7500,551.7040,551.9110,444.1750,371.1760,460.2070,538.7630,528.4450,509.5570,490.8120,393.1960,317.9380,363.6720,306.2190,279.2390,296.8180,351.0410,401.9490,382.0930,382.0700,417.1870,413.0800,406.6980,378.4390,427.6060,503.5130,485.5510,375.6990,259.0070,234.7920,277.2160,309.7950,272.2630,172.6470,110.7980,121.1850,134.9130,122.5610,123.1880,105.3470,93.0860,137.4790,169.1950,206.0860,218.9960,255.2410,193.7160,106.1330,113.6560,250.9550,322.7050,279.9340,174.1600,114.0820,212.2870,287.1620,300.7750,305.2050,250.3520,113.2180,76.3539,134.9500,120.1440,54.3683,21.2701,59.2637,83.2266,68.0756,52.4040,48.2232,59.6405,65.6967,58.3527,75.2436,107.1300,114.0850,100.8000,99.8893,93.5557,75.8751,59.4028,76.3037,94.0139,96.2423,94.1082,51.4148,29.9969,58.0214,92.5006,158.3740,229.4230,243.2310,237.1680,237.2900,186.2540,132.2760,89.1029,75.4744,80.3921,60.8286,39.4784,45.5406,62.8223,81.6723,61.6881,57.5235,73.2457,62.6409,60.1233,54.6305,80.6384,132.2160,179.6130,183.7370,172.5420,160.5230,110.6270,60.5432,72.6588,75.4869,104.4730,157.8940,157.3640,139.0400,151.0440,181.0780,205.8880,177.1030,152.0100,132.1720,132.9290,137.1980,143.9510,162.8300,172.7540,196.1190,231.4620,228.5990,215.3800,189.3940,148.4500,82.8410,49.1236,34.5849,70.1039,83.2285,101.1640,99.9371,75.4950,52.2088,49.6934,83.7512,121.4420,149.2200,185.3820,197.1730,180.8950,153.3270,66.3423,37.6364,63.4190,69.1068,76.4682,85.4796,63.4057,41.2042,77.7095,102.8390,112.4080,87.5650,50.9004,25.5749,39.8980,85.7972,110.8220,109.5110,91.8876,68.0229,38.5108,37.9635,54.1384,62.5953,42.3514,26.4172,8.9499,33.7574,40.2553,45.9492,56.7923,51.2392,28.7082,15.2425,5.3533,14.6365,28.3443,22.3103,12.5136,33.3046,61.1900,94.3538,129.4790,165.0910,152.3550,136.8140,129.4170,111.1650,85.6096,78.2762,76.8606,60.4524,44.6893,35.2621,19.8966,8.9733,26.8278,49.5643,53.1687,54.0689,43.1325,43.4601,34.8633,18.3110,5.2550,3.5267,9.4624,18.4255,20.5274,32.9977,35.9564,32.8807,26.0016,26.2070,28.4847,41.0245,59.6422,71.3812,76.9310,71.3334,58.1276
43619.3000,41085.2000,27671.2000,22303.0000,21100.0000,18688.4000,15489.4000,11782.3000,9245.3800,8686.7700,7668.2900,5170.4500,4465.1900,4232.9800,4039.5200,4824.1100,4490.6600,3512.8400,3148.8300,2594.9300,2149.4800,1624.2100,1328.3900,834.7890,597.2620,539.7720,488.2110,546.4770,456.8670,313.6360,159.0120,181.7490,214.7770,200.4250,176.7510,122.2290,78.1637,32.9340,31.3374,52.0883,80.8986,74.5002,113.0750,243.3770,324.4990,318.7160,294.0990,219.4100,213.5370,352.0240,487.9630,497.8090,411.0930,415.6090,433.4760,470.5860,598.8670,642.7500,611.7400,495.9720,454.4700,510.3620,547.9870,554.5550,472.5200,378.6300,430.5290,524.5690,515.7720,489.0840,453.2550,365.6950,301.1700,368.2810,307.3450,280.5950,300.6490,360.9270,402.1620,362.4520,354.5150,397.3130,399.7480,406.3170,388.2880,423.6780,489.8050,486.8260,383.2020,267.1390,204.7980,250.7350,280.6540,232.9270,149.8150,81.3045,88.4445,139.9920,133.1740,110.3580,86.5375,90.0187,115.4430,150.3040,194.9740,219.3250,237.8850,189.0330,104.6060,127.3400,284.0950,339.7140,279.8350,174.6190,99.0772,199.7060,282.1450,293.9230,302.5770,261.2570,147.8000,86.4512,119.1080,108.7190,45.8472,28.1445,68.3782,96.9202,71.5155,57.6692,67.3146,80.4829,101.7360,72.1869,82.7213,89.0351,81.2700,70.1456,71.9797,77.0053,72.2707,60.6099,80.9716,86.7749,83.7025,70.6237,47.3229,38.6686,61.6072,94.8555,159.2160,226.2410,238.7200,215.2270,213.0670,161.6550,117.0520,93.4208,74.2973,67.3815,59.0344,47.7477,58.7471,72.8097,93.3212,65.9122,58.2126,63.3071,55.0764,49.2711,41.8252,76.0142,134.6170,174.7750,166.7290,151.7890,141.7580,83.1619,57.3856,82.8067,101.2580,141.8980,168.2900,145.1370,140.5450,153.8670,171.3820,162.8090,146.8900,138.2100,119.5390,117.4410,115.3170,123.0230,140.0160,148.4500,175.6000,216.0910,224.5110,217.8760,206.3750,156.2240,84.7989,40.8179,21.4080,53.3763,72.0698,96.3174,93.8714,67.1056,43.7835,54.3423,83.9052,119.3120,159.5300,196.5000,198.1980,174.9490,138.1230,52.5056,44.0452,78.3270,81.1915,90.2189,93.1732,68.5959,34.4449,57.0108,86.4734,108.7780,102.5130,47.3868,31.4669,46.8643,89.2483,130.4730,124.8360,97.9572,59.6626,38.8019,50.5948,60.7295,61.7394,42.2134,42.5157,19.5005,39.2844,37.3908,39.5446,44.9202,43.3284,26.6061,20.7213,15.3308,33.3714,24.1233,14.9690,29.3897,44.9455,70.7487,104.2180,136.5880,157.1140,150.0380,141.3600,129.5270,111.3180,96.6368,83.1669,69.6903,64.8164,54.2337,35.0211,22.2862,23.6984,32.2179,33.4618,38.8368,44.9523,61.0903,57.3621,35.3604,21.8015,12.9247,5.7424,1.3941,7.9102,26.1694,40.9361,33.6782,24.4652,20.6125,27.6633,37.3638,46.2251,49.5850,47.1552,59.0422,63.0317,56.5609
42572.6000,40165.5000,27035.3000,21908.0000,20752.3000,18378.0000,15322.2000,11684.4000,9075.2200,8535.7400,7584.3300,5057.8900,4350.5600,4055.3700,3826.7900,4699.0300,4385.6800,3411.6000,3108.1000,2573.5900,2142.5900,1621.6100,1365.6700,869.4210,633.7540,584.7220,507.4410,572.8770,496.2330,346.3190,220.1300,237.5870,271.0520,240.2830,193.0240,100.8060,39.8942,30.4136,41.2409,55.6740,60.2886,60.0932,85.8436,173.4080,237.1860,224.4540,188.3920,123.1080,179.3460,351.2540,460.8800,461.0980,403.4590,465.2210,501.5410,526.4200,642.0520,642.6610,590.9440,464.6570,425.3610,491.3120,543.9670,554.8930,455.7260,373.3780,443.8290,507.8600,487.4300,462.0300,455.6450,370.6180,314.2620,365.3050,314.0110,280.5620,288.3280,320.5300,373.1860,349.1780,337.8630,380.9430,384.1490,398.7060,377.8410,430.6900,507.5110,493.8830,387.3890,273.4470,191.5170,225.2760,262.6400,232.7000,162.5230,98.6615,75.9924,92.3837,98.5591,94.7732,83.0015,86.7303,127.8800,155.1930,187.2980,191.8010,215.1250,183.3970,95.1174,123.2040,256.9530,327.8490,261.9140,146.5080,73.0867,186.2370,271.6190,294.5250,292.4220,240.4790,130.0710,102.1240,133.8480,102.1580,41.9297,29.5643,55.9557,78.8680,58.0071,64.3812,82.4185,97.1535,105.6430,74.7806,91.3331,94.4777,95.7854,87.0517,85.9606,82.1485,71.7408,53.6399,56.1350,68.0208,70.4687,73.6193,51.1918,38.4213,66.7290,102.3920,168.1510,218.4720,227.3660,210.8110,211.6500,174.7300,125.9270,94.6517,81.0498,69.9567,44.0766,29.5716,66.6244,77.9340,100.8830,78.4017,63.2588,73.3926,61.0685,56.2687,65.3304,86.3931,120.6850,155.4480,146.7420,131.4770,122.8060,93.4421,75.9974,121.7160,115.0370,135.6970,147.1070,139.1700,133.6450,147.1260,164.4600,174.2680,161.3110,137.4110,120.4890,99.0939,96.9765,116.5320,127.7100,120.6860,154.9650,203.3840,206.5890,204.3910,199.2300,166.5980,97.6508,52.7277,30.6019,51.6267,75.9286,99.4363,111.9930,83.1299,51.8651,60.4138,99.3661,135.1330,169.9860,193.1870,188.5260,165.2470,134.8640,58.4175,28.1573,55.3340,79.5651,88.4094,71.9883,53.7613,65.8527,91.5731,112.2390,124.9120,117.1000,65.2437,23.8561,36.4292,86.2329,117.5480,111.1540,96.1340,73.8759,52.1020,31.6112,29.8158,51.1747,42.3462,40.8045,18.4210,40.9796,39.1916,42.3563,48.4216,48.9516,40.1718,33.5632,22.4850,12.2399,20.9390,27.5110,25.1632,15.6654,41.7188,90.7070,123.6840,154.1460,145.9680,126.5410,119.0080,108.6140,100.7310,88.2622,61.9561,50.1106,52.0863,43.6642,33.9341,29.6047,28.2960,26.0822,28.1232,36.6215,36.5647,19.8716,15.1187,12.7385,12.9416,6.2374,8.9646,15.4034,28.5113,27.0548,15.0823,10.4690,35.5601,44.4624,49.2177,38.4695,36.9478,43.0580,44.7792,43.7094,35.5293
42523.6000,40433.2000,27477.9000,22287.2000,21122.1000,18735.8000,15648.5000,11864.0000,9252.9700,8715.4400,7691.3000,5241.7300,4516.1500,4122.2200,3898.5900,4754.4700,4440.9400,3470.2400,3196.7900,2641.4100,2240.4400,1723.6100,1431.5600,936.8680,672.6560,570.8740,488.0650,560.7850,499.2940,360.1020,226.2610,236.0760,283.4410,277.5570,233.3950,126.3020,56.4971,28.8280,52.0775,55.4190,51.0299,35.0579,47.9236,102.7870,170.2090,199.5060,172.9780,120.4860,172.2490,328.8050,421.3480,431.3140,383.5260,467.2120,528.7200,547.4790,644.6460,647.3820,596.7270,471.7100,427.9040,474.4230,520.6100,535.8650,445.7240,380.4430,443.8490,484.7790,467.0720,452.0990,467.7540,396.7520,373.8480,427.0370,335.1720,282.5730,278.8930,326.3560,381.3000,370.8230,396.5520,420.9880,404.9380,400.6040,384.2390,454.3200,528.4150,501.2660,382.5390,260.2200,176.6320,224.2120,264.7290,225.4120,161.7400,110.3300,73.0469,64.2671,63.2539,64.2554,76.7983,90.6021,107.6140,133.4630,173.4170,200.3500,235.5120,191.6780,142.9240,146.9120,271.6370,321.5320,258.6950,156.6700,74.1054,159.6530,261.0470,286.2810,289.0090,232.7920,103.8680,76.0003,138.6590,122.3810,59.4731,29.2057,34.4355,63.3948,62.8975,57.0680,70.8345,83.4340,112.2390,93.6455,88.3069,95.9708,91.4824,81.3574,78.5441,75.4302,69.2776,67.2574,73.7169,85.2764,91.5476,99.4648,83.8953,76.0635,98.0476,120.5550,177.3410,228.0720,228.2960,206.7670,201.4310,158.4680,116.1650,74.5083,49.8236,53.3387,39.8079,24.9788,55.1986,62.2344,68.3324,42.2067,26.9940,32.0669,33.6963,38.5794,50.3415,74.4625,111.9890,153.3050,142.0140,128.4860,123.9560,85.0214,71.9209,93.1916,101.3310,121.6940,156.4240,142.6640,141.2240,163.2630,197.2230,210.4130,188.1690,162.1610,147.9790,124.0400,110.7690,100.2410,114.1920,139.9810,174.4970,214.6320,217.1050,209.4020,188.0850,144.2440,78.6199,38.5537,67.5242,84.3746,101.4490,104.2210,109.1620,81.4641,51.0366,57.1363,86.4718,119.2390,153.2630,181.7830,178.1960,159.1050,134.2350,65.6329,30.5138,49.8436,72.5101,75.8572,59.0301,38.1223,31.4555,58.5172,80.3048,97.3421,101.9040,60.8486,32.5563,46.6184,107.0160,128.4850,109.3740,92.1738,71.4465,50.1750,36.5603,46.5416,50.0348,30.7154,13.4503,8.0327,36.0243,51.9230,53.1235,57.0931,37.4138,25.4912,18.8386,11.4302,11.1062,22.5058,26.7028,24.4305,24.9883,41.4933,78.7802,116.3920,156.7140,145.3950,123.4000,125.3360,115.1980,98.5351,78.1359,62.1037,52.1639,42.8613,21.3673,9.8160,31.5227,32.2937,26.3991,29.3763,45.8279,67.4835,66.0003,42.4483,29.4372,21.5244,18.5608,16.1028,16.6220,17.9707,30.6097,28.5725,22.9360,23.0917,30.4413,32.7176,33.4805,55.6340,77.2924,69.8562,58.6959,41.2788
43538.2000,41086.4000,27779.0000,22360.2000,21095.6000,18718.2000,15509.0000,11784.1000,9222.8200,8706.2600,7751.3600,5419.9300,4693.1800,4154.4200,3763.8600,4598.9500,4398.7600,3518.8900,3219.4600,2720.8800,2286.5400,1807.0500,1535.7300,1042.3200,767.9880,593.4970,425.5720,462.4820,450.8040,353.0760,174.7030,173.6560,230.9370,238.4270,204.6580,148.8970,122.7810,72.0893,60.0571,73.9178,93.6901,94.5647,115.4580,75.4073,125.8300,145.4760,138.3120,131.0040,174.1240,299.2380,375.8800,402.2970,381.1630,486.7880,556.7980,558.5220,644.7980,648.5170,593.7650,457.7740,413.2380,478.1780,524.3630,530.6100,442.3570,366.2910,432.4680,493.2950,474.1960,473.8310,483.6040,427.8440,401.7530,444.9230,349.1620,286.4170,267.4160,297.8110,359.2800,360.6520,367.6540,397.2130,392.4040,416.9680,395.8700,445.3450,518.7900,487.3690,366.0390,242.7340,172.1350,230.8520,279.1040,259.5810,206.9220,137.8470,96.8090,91.0356,75.5010,53.7168,60.3455,71.7150,102.4510,139.0460,176.9890,196.2200,236.8720,199.7190,113.8650,119.4600,246.2580,316.1640,259.3640,153.3720,76.8756,168.2430,243.8470,268.7370,275.3860,229.9940,111.7330,81.7925,152.5790,159.2720,84.2821,36.7866,52.4328,80.2787,74.8280,77.0795,91.2463,104.6460,118.5420,102.0930,68.1919,77.1542,62.8407,58.4357,67.6437,85.1749,85.4428,88.1881,118.3810,120.4880,120.8940,106.6080,94.6479,88.4180,107.7640,129.4670,185.4690,222.8310,223.2700,196.1450,191.0760,155.4790,116.9730,88.9593,67.7669,61.7294,43.6618,20.5510,42.0733,57.2017,54.8670,27.8490,51.1783,61.6556,60.5645,59.0094,72.2359,104.8580,153.6690,183.4780,167.6340,147.3220,132.7840,92.2172,69.0337,97.1905,94.7186,114.4080,138.8330,147.6320,148.1350,163.4850,187.1300,211.1680,210.1410,180.4370,150.7590,126.7350,121.7780,132.0580,144.6160,160.7600,203.4120,234.7450,226.5330,215.8430,197.2880,150.1060,83.1336,49.0586,55.4197,70.1865,93.5523,111.7760,99.6279,69.2125,46.1809,32.9523,63.6128,100.8440,135.9670,165.3530,172.7820,162.8190,146.5340,76.5888,42.4509,59.0709,66.0164,62.8463,57.8410,45.7403,40.1677,52.5809,75.7267,94.6115,115.2010,72.8719,54.7956,51.7910,102.0430,113.2310,114.6330,101.4010,82.4613,39.9292,28.5441,39.2777,36.0839,27.8457,38.4497,27.9264,51.6064,37.8901,33.8734,32.4650,49.0064,49.0129,25.3534,14.3480,28.2251,29.5016,23.4187,22.2630,35.1033,53.3718,85.9336,118.0680,148.9950,137.7330,127.7340,133.0080,118.1680,95.2875,74.0375,69.2282,73.1664,63.3118,41.9849,24.1879,25.8541,34.7043,40.1922,51.2459,66.3633,80.4710,74.5077,59.4972,50.4013,34.1116,20.9651,20.0922,24.6552,34.8997,51.2282,49.4731,39.3265,36.6236,46.8157,59.9739,62.7710,57.4757,47.5125,58.6072,74.0497,68.7539
42820.1000,40351.6000,27174.1000,21990.6000,20778.3000,18410.1000,15332.7000,11700.0000,9072.3300,8555.8200,7667.4600,5285.0600,4599.4400,4099.4800,3675.2100,4546.6100,4331.1400,3403.5400,3133.6400,2610.3300,2230.1400,1745.3800,1513.6000,1013.7000,713.4370,593.7400,461.3640,504.6540,463.2670,336.4280,188.2850,220.5040,272.6600,263.8920,215.0200,120.1420,67.3451,19.6714,7.3342,9.0391,53.9468,83.4299,138.0550,114.8910,95.5392,107.2360,121.3370,109.0290,184.0130,296.9010,335.2640,333.8340,326.0660,448.9410,568.9610,589.1430,621.7850,576.3380,530.2040,434.3820,403.0680,458.3820,489.0460,491.4020,414.2950,367.5500,433.5310,478.8000,469.9160,489.4330,506.4290,440.9220,407.3340,437.0330,350.1840,290.0520,271.2560,291.8320,341.2380,334.9800,344.9360,377.0910,369.8850,386.6680,356.9490,428.8020,518.3380,483.2830,359.5910,230.6980,168.4840,213.2080,262.9680,248.7240,177.4260,128.3100,109.8450,99.3925,85.9251,64.7984,65.3018,89.3582,118.9450,137.8380,173.6520,193.2860,224.7500,199.7250,100.8740,122.6500,242.1900,317.9150,269.3720,165.1640,73.2347,167.8710,276.9080,291.4430,287.9640,221.1450,112.2240,85.3521,134.5350,130.0200,62.2761,26.5393,50.3920,64.4262,70.6547,81.2603,86.5670,79.3125,71.0982,58.7542,34.3341,55.5286,58.5032,58.7381,57.4799,64.7359,69.0056,68.9274,89.9581,100.4450,102.7540,96.5889,62.7898,55.5561,95.8361,127.1710,191.6960,252.8420,258.6990,222.7400,212.8990,157.8350,111.6030,93.6478,91.2643,80.1628,53.6743,22.2743,33.4387,42.2280,59.0459,36.5653,62.3771,64.5013,62.7339,65.8309,79.6644,107.1930,146.1310,167.3460,147.9620,130.7520,126.4300,98.6564,80.4388,106.8060,107.7760,120.3430,155.4620,146.4410,141.2040,157.8780,186.0880,200.0310,179.8090,155.8380,136.3160,135.8770,124.2490,121.1520,139.3950,166.9930,213.1420,249.4860,233.9470,217.3530,188.5910,147.1950,82.5527,37.1719,53.1565,73.2545,99.4805,102.8690,98.5014,72.0727,52.2068,23.9987,72.1422,107.0060,148.6800,177.2170,174.8240,153.6930,121.7110,46.3905,36.4653,62.4242,68.7845,72.8326,68.2117,48.5978,37.9303,60.7193,84.9912,103.8000,96.6967,35.4021,36.6577,60.5143,94.0374,112.4650,114.1640,96.8287,72.4132,42.3429,34.9574,37.4734,43.4427,24.2020,45.5377,49.7706,84.4747,72.0398,67.0809,64.7270,59.1633,52.0286,42.6852,24.6290,20.0667,32.6576,32.5063,30.3128,29.2309,56.0860,96.9857,135.6580,160.3370,161.4820,159.8390,152.0290,133.6910,118.7060,101.5170,87.8687,82.1386,79.4125,61.5902,41.1074,31.2944,34.1913,36.9959,45.8332,53.6960,60.6815,51.8629,37.9684,23.4380,14.2160,3.3685,4.9990,14.4426,34.9493,38.3382,32.6713,32.9693,32.7955,34.7616,42.5872,52.1819,48.8316,50.9190,62.8085,62.3027,51.3841
42306.8000,40271.4000,27348.8000,22214.4000,21071.8000,18676.5000,15609.2000,11835.7000,9246.7100,8753.5300,7772.3700,5350.5100,4629.7100,4136.9700,3781.0300,4644.0000,4389.9500,3442.7400,3196.4900,2661.0100,2281.4100,1776.5000,1513.6400,1019.1100,733.8840,591.5490,434.7060,481.4750,442.7620,319.5050,188.1780,216.2660,263.2860,258.6080,206.6340,107.9990,54.5719,22.0161,9.5098,11.1122,79.5426,115.7400,161.6140,147.3750,120.6440,104.6360,124.6310,130.4260,208.6770,285.0960,320.2790,281.3870,268.6620,394.2770,538.9790,576.2870,595.3700,550.0210,512.6070,430.7430,404.6490,463.3980,483.7900,481.0740,399.4830,340.6170,400.6060,455.0200,454.4920,472.2160,490.0560,425.0750,399.4930,436.4690,351.1810,308.2690,306.0290,360.0220,401.8670,374.1070,374.9040,398.0830,395.1890,422.9860,408.7020,453.1360,520.7310,487.5100,367.2060,237.0030,204.8950,246.7510,279.1160,252.1320,188.3760,142.2290,127.8180,129.8360,115.1930,85.9408,66.2973,74.9052,119.8790,153.5060,187.1070,196.7640,223.3740,178.7260,99.6840,131.2200,276.9030,366.8890,312.4850,191.7260,87.9736,161.4800,249.0000,278.2800,284.1050,233.7270,110.9490,79.7950,140.3550,139.5840,69.9295,29.1522,50.6195,79.2773,75.0814,75.4099,86.6158,80.6924,72.5555,49.6650,27.3294,61.1349,67.8700,73.5492,69.1664,61.8836,49.2246,49.9550,85.6185,97.9624,97.5726,86.4213,75.1152,84.6056,102.6130,131.6180,195.6760,269.0250,261.1020,220.4390,198.2900,164.6870,129.0010,92.5080,84.7402,89.2329,62.1636,31.8202,40.6352,50.3081,67.6765,37.1603,73.4689,84.1248,83.8105,81.9958,77.7548,90.1942,132.1050,172.0850,176.5770,167.6640,166.8130,114.7100,77.0496,90.0480,87.4024,111.1700,142.7810,140.8460,139.3400,158.1790,180.8850,200.5060,191.8400,166.7730,143.3120,135.9920,126.0540,128.0770,146.1730,158.0470,193.3190,238.6250,232.6870,217.8370,192.5710,144.2180,81.1318,39.6343,40.8431,66.3401,91.2871,125.4850,122.9260,85.9043,56.5973,46.6695,80.6739,118.0410,146.9380,178.6040,189.9190,166.4680,126.7260,50.0850,45.3847,65.0605,77.2740,92.0930,70.0960,42.5016,40.6366,59.7910,73.4387,80.2897,86.1752,51.9082,37.4812,43.8123,86.1324,103.6450,105.1410,92.5183,74.3480,45.7913,38.6457,33.4644,22.4303,17.4893,9.8785,11.9326,38.2688,50.2305,58.3028,66.0279,60.8017,40.2930,30.0446,32.2534,32.1774,30.0316,36.1709,43.7203,45.4354,56.3009,94.7555,133.2320,168.7590,167.4460,165.9670,154.6540,125.0070,98.1040,80.1113,79.5458,78.4072,68.4993,28.2421,13.9113,30.5865,30.0933,53.0291,72.3699,72.3905,68.2791,63.3860,60.3267,37.9407,27.3451,14.3492,16.2106,21.1075,30.3808,33.1176,36.6339,37.2788,39.6861,48.2208,52.2093,46.5115,46.1441,62.5968,74.9200,71.8337,61.0828
43387.9000,41070.4000,27789.2000,22368.5000,21134.2000,18753.3000,15547.4000,11799.1000,9252.2100,8733.3500,7738.2200,5331.9500,4607.1800,4165.1000,3832.4100,4645.8700,4404.3700,3507.1700,3195.7000,2700.2400,2280.7100,1811.5600,1547.6800,1052.6400,780.1830,601.4800,416.5430,436.3360,422.4240,324.7660,160.1150,162.3360,196.7190,196.5610,183.4110,138.9250,137.1490,104.8490,70.4075,59.2977,124.5940,167.7940,222.4690,205.4960,170.2070,160.2170,181.4900,167.1350,217.1990,277.4420,304.4190,261.8450,267.7860,389.1660,508.3940,540.7200,578.6940,550.9550,508.7670,436.9780,406.1340,456.2870,477.3940,469.6120,387.1520,344.2170,412.6280,468.6000,461.1800,468.7660,480.7420,399.5570,376.1490,412.7940,341.3250,295.9200,291.8620,333.8930,382.1610,367.0010,373.4420,403.3390,396.9560,410.8560,383.4880,432.8240,510.0330,471.9690,352.3160,225.2180,196.8670,241.9760,281.8160,260.9420,194.3420,149.4030,128.8720,113.6150,97.1101,71.1154,61.0768,73.6295,114.3670,155.3360,188.7230,211.7220,248.6930,211.4750,103.2440,126.6680,278.1750,349.4160,296.9960,189.4220,90.7849,152.9770,250.5820,290.2300,297.9510,251.5620,130.1360,89.3224,146.0750,150.4000,74.9164,33.5926,65.9604,82.7207,61.0384,62.2450,73.5612,68.8710,55.0010,39.7030,24.3796,60.3962,64.9440,70.8548,70.5722,77.5518,59.2100,34.3502,64.9385,92.5618,99.0242,93.5307,56.0327,60.6177,95.8183,132.4350,198.9080,265.3440,258.8010,221.4150,202.3750,166.3390,123.8420,96.1987,81.0627,62.3857,43.4530,37.8036,57.2175,60.1069,68.5188,35.2594,59.4158,70.2646,72.3437,70.8362,63.4087,71.0173,109.6620,155.2270,153.7610,145.4390,145.8230,116.9510,90.4324,104.3900,93.6777,98.4741,137.0180,141.2510,136.4730,155.7900,182.2920,205.7860,193.9030,163.8730,135.2950,127.1080,129.2350,132.9960,148.2300,169.1690,216.0580,260.8450,248.3600,229.6440,199.5310,150.9000,82.9564,39.5395,56.7611,78.0968,105.8780,119.5790,116.8830,81.7073,52.7405,47.4672,82.1343,118.7410,147.8990,178.9900,184.8010,161.8900,124.9950,47.6816,36.6154,56.8010,66.9976,80.2234,62.3151,37.3883,44.8927,61.0827,69.1139,69.4584,64.9233,24.6276,42.1541,70.5169,109.1250,130.3580,120.6400,94.3948,62.8273,39.0816,39.4554,48.8784,63.2141,36.3537,41.4755,32.6339,51.9106,50.1149,55.4169,65.0741,70.1442,53.5109,36.2950,35.8565,39.3024,31.9816,31.9204,37.8904,38.7467,42.2858,81.7648,120.1530,151.9800,147.8390,138.8050,141.5870,127.0690,103.6620,76.5351,73.7596,89.9920,81.2260,51.7054,25.4710,12.9618,39.0804,48.2695,44.6898,44.8666,57.2244,65.8561,47.0345,35.6607,27.4428,22.0338,11.4086,14.2829,30.2611,55.9950,38.6624,25.5725,40.7986,47.8779,46.7590,35.1226,48.2836,63.4528,55.9617,47.7685,44.7476
43017.1000,40484.1000,27223.0000,22009.4000,20791.8000,18398.7000,15309.8000,11675.0000,9110.3900,8619.1100,7718.7400,5283.1800,4571.7200,4155.9000,3786.7400,4630.2300,4406.2600,3489.1600,3172.8500,2675.0200,2278.7200,1806.6700,1541.0000,1044.3300,778.9200,596.1690,389.3350,423.3800,421.6170,334.5510,167.3890,160.8570,196.6550,207.1950,202.7590,153.2540,124.7920,83.0272,59.4066,48.0607,96.6954,140.1920,206.7710,213.3300,174.6640,205.9720,220.2090,207.9850,232.9710,310.2660,343.7410,305.6760,305.7470,444.2480,543.4370,524.8120,560.0430,551.6620,514.7180,441.7100,398.6190,436.3480,468.2150,469.0550,363.3530,316.3040,402.0690,449.2510,433.6340,449.2280,474.0690,412.9590,398.9160,438.0570,349.2350,290.2520,278.6370,317.1030,364.2480,335.3480,344.2650,384.6410,381.4490,392.3790,377.1600,456.8270,527.3300,485.7270,371.7500,247.7000,202.1240,246.2390,278.5450,271.4390,227.4270,157.9670,106.6870,102.4520,90.3560,67.6000,66.8270,67.3268,102.0960,158.3620,191.2460,195.4200,221.6120,203.7250,70.9642,104.8280,242.8510,323.8750,289.2080,186.6250,100.2860,166.8340,252.4320,289.1500,299.9180,262.5290,135.8070,87.6943,146.9580,146.8690,81.9417,33.2549,41.1709,82.6348,68.8203,53.9197,68.9491,73.3177,78.8877,55.5054,29.7367,50.9275,48.7217,52.3049,51.2136,56.5274,45.4764,39.3724,69.5196,87.8793,90.1615,80.2453,45.0429,53.2873,112.9550,146.2240,219.1580,263.3880,239.2900,204.9510,192.0300,160.4710,121.1800,88.6545,62.9920,52.1370,35.0862,22.1961,64.7997,73.0507,78.5053,41.0657,61.3047,68.0703,67.7448,66.1062,63.7768,81.3348,130.2660,163.5650,157.3400,147.2440,144.6490,108.7250,75.5815,93.1924,90.3557,117.5780,150.1850,125.5710,121.9220,149.4510,193.8720,210.8450,184.2930,161.8300,137.2590,131.0280,130.8870,135.4640,140.2040,160.6740,210.1570,247.7520,239.1790,223.4200,199.5420,146.0090,73.3888,37.3373,55.5992,74.6638,96.9915,122.3560,119.7040,79.0967,48.6724,42.9263,80.9057,115.1580,136.8550,165.1900,181.5100,161.0240,124.5810,43.9177,50.6588,82.8931,70.7036,67.1958,62.3758,38.2451,40.4539,71.8034,85.4112,89.9849,83.2838,45.4548,47.4762,65.8393,113.3270,128.5070,105.2890,80.7792,63.2851,43.1212,26.2746,35.9757,58.2776,36.4029,48.5634,31.6650,47.8051,49.3014,48.7716,54.5295,58.7661,41.2874,21.8070,9.6695,32.6723,39.2687,33.6036,29.9468,41.7115,65.1694,94.9333,124.7090,156.4120,165.8440,153.8240,134.5890,108.3210,86.6452,67.7594,70.5841,77.1414,57.0993,26.1656,20.6771,25.6932,22.9728,34.6707,45.9982,51.8226,52.9250,44.9553,33.4073,24.1603,18.9572,21.6559,22.5046,24.3254,29.0088,30.5780,25.0322,29.1881,43.3948,46.1402,43.0554,46.5444,64.8404,70.3340,61.0305,55.7931,49.4185
42136.9000,40005.9000,27144.6000,22061.9000,20875.1000,18486.4000,15476.5000,11743.2000,9151.9800,8668.3500,7692.9100,5243.1600,4544.9800,4101.2800,3765.8500,4635.9000,4378.4700,3439.8000,3176.1500,2667.5400,2294.6900,1809.2800,1564.5800,1073.7800,785.0730,618.4280,441.6320,491.3550,476.2630,365.5550,207.3230,229.0400,291.7660,293.0380,254.6370,166.3170,95.6597,46.3355,34.1723,45.7514,32.9495,25.6329,133.2330,181.4130,238.9870,235.3110,217.4870,217.2930,262.7010,363.1830,409.6410,434.2460,393.6740,476.5020,542.1260,526.5560,591.9060,609.0750,564.7020,441.7780,385.1600,422.5840,475.2470,479.6750,392.9940,344.9940,418.6200,475.4730,452.7920,445.2710,458.9010,401.6450,391.3640,444.0440,357.9450,303.4360,292.2570,322.8330,363.1400,359.8510,373.3840,385.1410,363.1330,384.6890,375.5870,426.8350,486.9140,455.8180,340.0890,212.8940,180.7990,221.6770,272.8510,258.5160,194.7090,142.7010,107.3770,97.6614,87.3805,62.3532,52.0912,63.0901,99.9210,137.7730,170.8150,184.9580,224.0940,202.5690,125.0170,141.0560,256.5010,317.9490,287.2100,183.6700,77.9563,152.7950,249.4190,269.5840,270.5550,234.2230,118.6080,94.9907,165.6320,149.2870,71.8970,26.6160,54.6003,84.4031,76.3098,71.1828,82.3542,86.8681,92.1372,88.5097,57.8280,75.9288,70.4851,67.6123,74.1630,74.3885,63.4742,64.6760,77.0201,94.9524,102.1310,106.0500,60.4932,58.6172,112.0680,137.1580,199.9890,246.7190,256.4320,223.3530,205.5990,139.7600,104.6140,90.9956,76.4440,58.0333,30.6887,25.9740,59.2326,54.1872,44.6477,20.8318,34.7092,59.2365,68.6430,68.1439,75.3143,93.9526,135.9690,170.8040,165.9980,152.6630,146.6760,98.0157,63.4994,75.3735,81.0276,103.6500,150.0620,154.0540,141.4590,155.2290,174.7310,201.3720,194.3700,160.3300,132.6910,116.3750,118.1930,126.4800,148.1620,165.8670,201.3740,238.6480,236.2360,224.7980,205.6930,155.9840,76.6437,38.8728,62.3589,74.4930,93.1937,98.9905,102.9400,84.5886,60.3555,32.6377,72.0590,114.5360,159.3840,189.3970,194.1090,174.4220,142.2790,65.7960,42.7052,60.7872,74.2476,72.7586,57.4834,41.7754,45.7453,62.8963,81.8445,96.9642,92.3451,38.7305,43.0977,57.3811,96.1803,113.8220,104.9660,88.2003,69.7803,43.3410,30.9908,44.4440,56.8592,45.0523,57.5308,43.0212,48.2134,49.7959,39.8915,40.8673,38.0756,19.5113,10.6967,29.0132,47.6720,44.1777,39.7053,39.5671,41.8606,57.2536,95.8109,131.7250,159.1710,142.5260,124.7850,135.7730,124.0150,102.1110,71.0999,67.3376,76.5220,52.9910,23.7869,22.8107,30.5048,30.7584,38.7125,50.9382,63.4152,75.8865,73.4564,47.5824,35.8848,31.5852,35.9047,23.6003,22.6560,22.3500,30.8398,37.2699,36.9690,32.8921,32.7073,40.5189,59.4249,58.4624,41.6130,47.6819,60.9111,60.9765
43090.1000,40862.0000,27738.2000,22391.8000,21144.7000,18757.8000,15569.1000,11789.1000,9216.7300,8704.6300,7693.7000,5305.0800,4593.7200,4146.4700,3846.2600,4672.2400,4413.2500,3515.0100,3226.0600,2732.6800,2306.3200,1836.3500,1595.9500,1121.6600,856.1070,650.5990,430.8540,422.9860,434.5050,354.2230,195.5800,189.4260,221.6310,236.9210,228.3310,169.0660,119.1830,74.2141,50.9049,45.2567,74.9945,64.6994,84.4655,202.9890,282.5060,276.6210,245.2270,163.2180,172.8760,347.1290,461.2590,452.2520,400.1300,472.8180,504.4200,509.3810,630.3760,667.5600,606.3200,487.1450,429.1250,471.5770,504.8510,509.2290,436.5860,368.7410,430.0170,495.0410,475.0750,452.4500,454.2750,372.7100,341.5130,396.7230,321.1320,270.6240,263.8570,309.9470,373.3060,337.4500,335.7060,363.9530,359.9520,369.3710,347.3480,396.8600,467.5590,457.8690,340.9870,214.5920,160.2100,201.6830,243.7190,209.9100,154.8600,112.3090,70.9975,47.5335,36.2298,48.9536,65.3636,84.8037,114.8540,152.8610,176.9580,203.7880,225.3650,167.5160,101.5820,131.7140,247.5290,326.0970,294.1900,187.8070,79.6345,131.9570,233.1700,258.7470,261.5120,233.5520,127.5380,77.2259,130.3050,130.1890,63.8786,24.9708,50.5679,73.7150,60.4778,59.8880,89.2963,109.8060,140.6800,105.9970,78.9596,80.4638,97.2333,80.1230,82.2956,64.8139,67.1595,61.7727,65.9443,88.0162,105.8630,104.4970,62.0828,73.3978,106.3040,131.0780,176.4790,229.7420,233.9820,194.6340,173.7380,129.7680,88.6754,80.5301,89.9301,75.2023,41.5682,28.2082,57.6197,55.8210,52.6372,35.4267,27.8336,53.2355,59.0219,59.4245,66.7336,80.5544,112.3490,148.7640,143.9010,131.2300,124.8520,87.4804,69.8762,97.5411,97.3568,118.6750,152.7170,152.2760,143.0270,163.7110,196.9370,234.4360,202.4150,159.4490,133.3310,122.6050,118.9580,125.7370,146.3610,163.6950,207.8440,227.8940,213.4220,204.4140,196.1080,155.5460,73.5496,30.5941,48.2632,67.5738,82.4478,98.9222,95.9531,69.0090,41.1690,39.9066,81.5759,111.9060,141.7300,169.3380,170.7770,150.4790,120.8710,54.5869,44.8702,62.9160,57.7977,60.6540,60.6835,42.8974,37.9209,67.2382,91.0311,108.3320,102.6570,51.9072,44.7555,48.1052,86.7311,106.2300,103.6120,88.9717,71.6268,36.9886,28.6046,49.1761,63.6660,37.2126,40.1923,26.4422,44.8812,50.4197,43.4847,44.7351,35.7767,29.4043,31.5033,32.5533,33.1128,34.9681,41.0640,44.1358,42.9765,48.1286,83.1763,120.0370,152.6120,153.2430,136.5950,134.5140,124.6920,106.9440,83.1410,75.7916,89.6410,67.3938,32.8177,11.1958,17.2266,45.8098,61.0935,60.2465,60.5971,65.4465,68.9238,55.3389,34.1976,22.1537,10.0936,16.6615,16.4937,14.2302,24.1215,38.2204,39.0625,36.1729,35.4883,47.6804,62.6506,59.3567,57.6410,69.9358,69.4726,58.3412
43270.9000,40686.6000,27363.2000,22129.2000,20913.8000,18492.6000,15395.2000,11733.6000,9175.8100,8658.5700,7725.8200,5302.6100,4605.2200,4195.6900,3847.8700,4689.4200,4433.0600,3494.0700,3196.1700,2686.6200,2277.8800,1789.0100,1527.9500,1035.9400,769.3600,575.4640,362.8710,400.0450,407.8840,334.8770,160.6420,158.0500,204.7410,225.6290,229.8870,180.7120,135.4250,85.1755,79.3143,88.4878,117.3830,112.7230,113.2940,199.8820,274.7610,285.6360,246.8590,161.5150,157.0420,340.0310,472.7210,472.8260,417.5960,456.8740,477.8090,531.8650,662.8370,666.8310,618.3050,487.8810,444.1400,494.6760,533.2380,529.1550,450.4420,400.1100,453.4520,502.2280,485.0040,462.6770,451.7930,362.4350,316.4770,353.3260,296.1690,267.4200,272.1170,314.7850,366.0340,341.8230,326.6010,355.3950,348.4280,371.8000,350.6870,411.6320,494.6390,471.8990,354.1230,228.4600,168.8990,204.4620,244.1250,240.9270,188.9520,114.6940,77.6932,84.6381,75.2661,65.6135,80.3508,107.9360,140.3510,155.1830,173.7340,197.6980,229.7980,184.4850,94.2554,128.6600,245.2500,322.5770,299.1950,187.2860,81.7833,155.5000,263.5070,287.6470,278.9240,239.5410,140.4420,109.7230,170.4780,158.8010,70.6922,27.3062,62.5373,74.3392,58.6735,70.9560,93.5169,103.1970,117.8530,106.6530,96.9059,111.6230,94.2923,84.5753,82.3970,85.8700,71.5971,60.2944,73.5463,87.4929,93.8662,94.0305,82.3570,90.6476,99.9624,117.8220,158.5140,231.1140,253.3250,216.1390,194.9290,147.9850,87.9696,68.9814,77.8315,59.6118,26.1285,25.3033,79.4071,76.1519,74.6713,42.8944,40.1477,58.3416,70.2462,67.2399,71.2914,95.3558,135.6510,164.3600,150.8330,137.1710,136.8580,100.9690,79.7872,107.8810,100.0010,124.9960,144.6710,131.6300,136.3700,166.1750,208.3620,225.6210,194.8760,159.5950,135.1760,103.6140,98.6879,115.2190,143.6480,162.3180,197.1880,224.7220,218.6550,208.1830,195.7150,161.8160,91.7548,44.5511,44.4648,72.0623,90.0573,110.5410,101.4670,65.1312,38.6268,55.2267,91.4761,125.5500,166.5680,199.6230,192.8860,174.6190,159.5930,78.4074,28.5614,46.1075,56.3291,54.3769,59.1899,43.4533,22.5063,60.1746,86.3294,105.8760,101.6300,58.0861,43.7651,38.4644,77.8211,106.6320,109.9750,92.6494,66.8827,32.5726,37.0362,48.4629,37.9009,25.8180,21.8615,20.3680,21.4339,26.0821,27.2663,36.2411,40.5390,36.9203,28.6139,18.6523,18.6824,28.9371,32.7266,24.6342,15.9394,36.5850,77.6021,120.3020,148.5340,135.3210,137.5010,143.7170,128.9040,102.0510,83.7261,86.5586,74.1556,52.1056,37.5598,24.2783,28.8990,31.7956,34.1725,48.3081,59.2724,54.6806,49.5513,54.5551,41.3040,31.2151,22.6366,20.0614,20.3487,17.0065,28.0445,41.7599,41.3324,47.6900,52.3432,52.8211,39.1491,51.6433,67.4588,66.1622,62.6130,50.8092
42137.1000,39948.2000,27020.6000,21981.0000,20847.6000,18457.2000,15413.6000,11723.9000,9115.5900,8576.5500,7588.6300,5049.0300,4334.9000,4052.1000,3853.7200,4714.0200,4388.7300,3431.4000,3147.5700,2644.4500,2237.9600,1742.8400,1503.6400,1017.7300,752.3280,596.6410,397.9170,459.8370,462.7270,372.2650,220.2830,219.0910,246.0770,240.1810,231.3670,151.6140,89.3039,44.4545,56.3278,70.4910,81.3153,73.6296,91.9623,167.2090,195.8100,175.6130,124.2540,84.2110,181.4240,331.7870,433.6490,436.3740,380.2370,388.1180,411.8630,483.8750,625.4190,646.4000,585.9620,464.4210,427.4140,495.9150,532.7400,527.0380,436.1600,371.9190,446.4510,512.6240,490.5230,465.2410,454.3950,372.3300,328.4180,382.8410,316.4860,274.7060,273.5020,322.7850,376.1040,336.8400,338.2400,372.2850,362.9150,368.6110,337.4870,401.0130,486.8820,452.9940,330.9130,201.0340,173.6310,215.8140,260.3870,242.1230,171.7810,111.2630,83.4450,82.7573,74.9562,81.8420,97.9732,97.2716,108.0080,144.7300,171.9710,195.0420,215.8220,181.4820,86.0197,132.3700,259.4300,339.2840,291.9400,175.5370,75.8236,145.1970,251.7320,292.7540,291.7190,250.1330,140.9230,101.2100,143.3080,142.0850,68.5695,35.9863,67.7977,94.5905,67.9466,68.4289,90.3970,99.5009,111.1930,95.1100,89.3011,109.5640,107.2400,98.7388,97.4275,100.7580,85.5420,67.9301,64.5928,75.0560,83.5925,96.0632,82.3589,69.8666,93.1112,120.8500,176.6390,232.7040,245.3440,214.2940,196.7320,161.7000,124.0810,96.6184,89.5658,75.2088,44.5000,25.9145,61.9327,78.3285,79.1196,68.7604,42.6835,63.9677,60.6556,56.8719,60.4306,76.9404,117.5880,153.9090,139.2640,124.8160,113.1390,85.8178,57.6333,81.9201,85.6986,110.5550,153.2730,164.0260,160.0600,176.5110,198.6630,211.7470,188.0810,157.5860,131.3020,115.7660,109.6650,115.0140,136.8600,161.9890,207.1360,228.1150,216.1800,211.8580,208.6330,177.6370,102.0840,56.0767,62.8635,82.6470,105.2950,129.1880,123.1580,78.9648,46.5950,63.2356,94.1318,125.7030,155.9700,195.4960,200.0580,172.5530,133.2440,47.7874,36.4931,48.2370,37.7461,50.3694,56.9315,47.0819,54.1209,73.8337,89.3987,100.7340,106.3690,67.3980,34.7954,42.4029,90.9131,122.1660,114.7100,94.3581,68.4089,29.2415,19.2310,34.9488,48.7966,28.3565,18.9259,21.0411,49.9494,62.2230,60.1970,66.8036,68.6262,49.7594,25.1685,22.8319,49.6403,60.3288,54.4395,34.5409,30.2490,48.7487,77.5447,111.6910,149.5920,149.4620,133.7860,130.4520,119.8080,98.3292,83.6721,82.5736,78.0945,58.1076,44.2362,33.8343,33.6579,41.3766,42.8028,40.7803,44.6138,52.8376,49.1658,38.5090,28.2300,27.9329,19.3107,21.5335,28.4491,41.9304,49.4132,52.2286,51.9956,55.8318,58.6537,59.5524,52.6939,49.0088,59.1911,66.1297,64.9593,52.6650
42959.4000,40753.2000,27698.3000,22447.5000,21226.6000,18823.9000,15642.6000,11854.5000,9265.8600,8710.4000,7623.1900,5100.7800,4422.4000,4207.9300,4075.3700,4880.6300,4524.4500,3548.2500,3219.5200,2683.6900,2268.2800,1765.3900,1500.6300,1032.7000,768.4420,618.5650,440.8880,458.8570,448.1890,361.5760,215.9050,203.7630,237.7690,252.1000,237.9480,178.4890,122.0490,64.2521,53.2424,80.7252,106.5150,100.2160,122.1550,197.9450,223.6560,200.5810,161.4160,126.0360,232.3200,393.8690,494.9580,479.3830,404.3240,415.8040,447.5830,528.1320,668.9800,656.4200,584.8940,448.7090,414.2070,477.8110,519.0040,523.5400,435.5190,375.9990,445.4120,493.4360,471.7950,447.8390,446.9140,365.1150,331.7310,396.1230,344.4400,298.2750,291.1310,321.9670,376.4760,354.3210,361.1970,381.4290,362.9780,368.0130,340.7730,391.7960,460.1070,437.7690,323.7670,199.2090,157.5940,206.8590,253.6830,237.8530,162.0850,91.0297,45.2168,36.3181,47.0854,68.0669,97.8167,111.6260,127.0770,158.5160,178.3880,197.9190,197.9250,150.8530,78.9824,138.3820,245.9580,329.8690,285.9720,172.1390,93.1747,169.7490,262.5870,304.3700,307.5430,272.0230,132.3830,92.6328,160.1700,145.4740,67.4077,28.4539,59.7478,78.1284,68.9730,77.0362,95.1711,109.8490,123.9120,115.6590,99.0847,110.4190,111.7390,86.7094,81.2021,80.5620,77.4823,64.8391,66.7647,74.2288,84.8939,89.4012,80.1048,75.1494,94.3268,123.2410,182.7480,239.1830,230.1290,195.7900,178.8670,148.7030,113.1640,89.1190,95.2207,87.0133,51.6918,28.0175,52.9309,62.6297,62.3175,46.0149,49.9218,67.6674,74.9221,80.6690,94.3137,106.3810,128.9740,147.0670,152.3320,145.6400,146.1910,93.3187,49.8247,57.9335,78.0099,113.8480,166.5090,160.0050,159.6390,181.2820,216.7340,225.9120,180.4020,137.9460,108.0760,82.3188,82.0981,96.8743,112.7360,142.6410,192.3080,223.1760,216.9690,204.6520,193.0520,150.9920,87.3588,48.1459,50.4426,72.6490,105.1810,121.0720,109.4910,88.4049,62.9423,43.7349,85.1642,130.0610,175.1900,214.8810,211.3750,181.1210,135.6210,62.4712,45.9173,52.0387,54.1663,56.9695,55.2271,49.8033,50.9204,71.8641,91.7020,104.6760,94.2817,51.7768,30.3043,48.2971,96.7912,118.8300,102.9330,77.4707,47.1488,34.6594,41.9809,47.6466,38.0732,23.1157,13.1500,18.4422,40.7509,57.0583,54.1383,56.7667,58.1931,44.1806,21.7698,9.4898,35.1119,44.1033,39.9520,32.4067,28.9009,55.8912,96.2866,133.3980,151.4350,144.6030,148.8180,151.3240,132.2000,101.8390,82.6151,83.3145,81.7043,71.0353,55.2647,32.7001,17.0539,22.6722,26.1995,38.5414,50.4921,57.7706,39.0367,29.9524,24.2959,27.7435,18.5804,20.6009,26.5547,40.3882,43.9695,36.0312,28.1865,31.4692,35.1122,36.2135,30.0862,39.9663,50.7595,45.6856,43.2633,35.8061
43489.2000,40853.6000,27495.9000,22221.2000,20991.3000,18579.0000,15439.3000,11784.7000,9225.0500,8650.1200,7667.7500,5176.9200,4469.5600,4224.9100,4012.5400,4807.0400,4491.4400,3545.1600,3206.1000,2701.3000,2270.6100,1769.8700,1497.9100,1034.7300,788.0570,586.9140,366.7460,409.4490,412.4800,333.0940,161.5740,157.9920,199.8370,206.9260,188.1680,133.7590,89.2967,42.5748,23.4365,31.2919,60.6504,47.9330,57.5013,153.2080,238.3420,237.8460,205.2420,148.9360,211.1310,361.7430,468.5060,460.6170,398.7260,425.3620,444.6270,487.4180,627.7000,651.1410,589.6240,444.1750,407.0670,481.8540,540.2260,533.4120,445.8380,391.9770,446.3390,481.0310,460.6210,440.4920,453.9730,369.4680,344.9010,389.9770,330.3370,287.3030,278.5310,318.9270,379.1440,363.4770,362.7920,376.4110,363.3350,376.4740,358.0020,404.6540,468.3750,443.5300,325.7300,201.1210,187.8340,222.5410,265.4360,260.2220,204.2840,116.5700,61.2210,42.3088,37.3310,47.5706,71.6765,86.1515,119.5770,157.2500,170.4200,192.2060,209.8200,171.5270,93.8650,151.1020,278.2880,349.0350,301.5880,190.6090,93.1799,153.8370,253.7270,289.1270,291.3220,251.8860,141.9470,124.2730,194.4080,160.6110,74.7792,26.3047,46.2447,58.6817,60.8018,74.1196,103.4610,119.9680,136.0680,110.6790,86.2701,84.8532,90.6943,71.1209,71.0184,74.6317,83.4366,74.0598,73.4652,86.9348,96.2432,93.9001,69.5772,81.4433,116.9370,132.2590,178.6230,216.1760,232.5540,209.5510,192.7260,152.2040,110.7290,99.4636,99.0825,75.9501,40.0163,14.1811,62.4640,67.3127,66.0139,52.2749,52.2492,74.4747,75.4996,73.6550,82.8566,91.2899,121.3710,155.8490,162.0180,154.2420,148.7780,105.9040,63.3893,79.4517,78.3721,106.9320,149.1900,151.6190,142.6880,150.2270,170.9340,198.5760,173.7900,143.4760,120.4260,98.2902,85.0491,97.5140,118.9800,132.9580,180.4690,219.7080,209.1110,196.7190,187.3250,157.5490,88.8380,46.6840,41.5141,60.8576,86.2901,107.2430,117.1840,90.7712,61.9748,48.9106,82.7269,121.1300,158.6590,199.1850,203.8440,178.0060,137.9260,52.4863,43.2685,69.0330,62.1734,48.7227,35.1702,33.0084,57.9266,79.0472,89.1097,95.1722,81.7631,34.5402,21.3785,49.1416,89.8705,118.5220,98.8999,69.9212,35.5481,19.9791,43.0880,46.1497,36.2333,13.5417,17.2041,38.7984,70.2314,73.9855,56.1218,50.4851,42.6296,30.3087,19.1484,25.2362,34.9697,32.1153,29.9280,30.0827,32.8851,43.1933,78.4358,115.6380,144.0000,145.4330,145.7660,136.0480,115.5100,89.7012,83.5234,84.8404,75.3608,60.8611,44.9219,26.5237,17.3258,22.2012,35.1258,45.2013,52.8188,51.7329,50.9395,49.8676,42.3202,41.5382,27.9481,18.5301,18.1201,25.6797,41.0065,41.2307,34.1823,27.9901,23.0662,26.3973,34.1119,43.2798,48.7858,49.1206,47.4666,39.9666
42282.4000,40005.1000,26957.2000,21897.8000,20792.4000,18403.6000,15351.4000,11682.6000,9065.0500,8535.4900,7587.9800,5080.1600,4369.5100,4048.8700,3808.7400,4678.3600,4377.2800,3425.0800,3149.8200,2643.0600,2263.8200,1784.9300,1542.4300,1055.1400,786.4910,621.5130,427.4360,472.2140,454.8430,345.2750,212.6640,230.8630,257.0470,261.6220,254.0530,151.9130,78.3944,57.2805,64.5309,87.3918,95.5283,89.2829,106.3070,180.1300,255.9060,251.0150,206.8780,179.4220,229.0990,366.0860,446.0930,429.6470,376.3780,442.5490,479.0430,497.5430,616.4850,646.4480,591.1530,463.4280,401.6330,449.4070,522.9400,536.7530,423.6940,352.7970,421.3130,458.0450,429.3610,417.6900,434.1500,358.7820,369.0150,413.5690,355.6980,310.2480,299.0910,332.4250,382.7240,361.8840,378.7730,405.5210,389.7870,394.6500,367.0720,429.6690,500.7740,474.9010,358.6800,229.2840,181.0410,219.3680,262.0600,244.5050,194.3600,137.9610,79.5273,52.9645,51.6987,43.1830,57.9737,85.6882,113.1630,146.4840,162.5820,188.8850,217.3840,188.9950,91.2977,136.8060,252.7180,331.6800,298.7200,189.4920,95.0329,156.4010,247.2670,286.6200,291.3570,255.8090,134.5840,109.2780,180.4200,169.5380,93.5638,35.9082,49.7129,84.9561,62.7738,69.1214,109.8040,127.1420,126.3520,94.5673,81.4955,76.0576,79.5725,61.6346,64.7740,73.1443,72.5118,72.2307,76.9899,86.8638,95.9128,103.0600,83.7633,77.5831,118.1500,140.7130,186.8870,227.9480,233.0430,201.5570,187.3650,158.2570,130.4980,97.0121,73.5293,69.6428,49.0972,36.9706,46.6472,57.0441,61.8036,39.5508,56.9200,68.1340,67.2169,62.2955,71.3779,96.6160,139.7690,165.4770,158.5020,147.1130,144.5680,108.0000,74.0465,91.7274,92.3765,114.2740,153.0260,140.7960,138.6800,160.9570,199.7500,219.7620,191.6590,165.0900,137.3130,124.4200,116.5120,120.9840,129.7060,142.5730,180.1750,212.0200,209.1220,196.9160,184.4950,153.2600,90.6861,49.1446,42.0482,63.9165,93.6559,101.8090,101.8450,81.2331,55.8031,45.3192,76.3767,109.0560,138.2670,172.8050,180.1060,156.3860,120.3330,37.9505,41.0506,77.9782,68.3474,48.9316,42.1036,32.8002,45.4805,77.9902,87.7889,88.8405,75.5424,47.2367,36.7801,51.1901,90.8519,112.0460,105.7670,76.0224,51.0268,18.8897,25.4661,33.1281,28.2095,9.5545,28.2309,36.0677,55.5749,64.4022,58.5395,64.5430,61.2319,29.5652,14.5650,15.3469,26.9068,34.8057,35.1150,30.2490,32.2150,58.1330,92.0929,121.8480,143.1040,156.7260,159.2240,136.2890,115.9180,103.6110,96.0301,79.2092,76.7734,70.8782,37.1531,21.4443,23.8395,16.5085,30.2471,47.8804,62.7254,63.0299,50.7959,41.0953,32.4306,24.6630,15.9869,13.7061,13.1732,20.7795,21.5191,24.3249,33.9229,39.3007,41.1445,31.1037,31.0922,34.5734,45.8330,69.5131,71.5943,61.1412
42640.2000,40521.7000,27518.9000,22357.5000,21193.5000,18762.8000,15618.2000,11825.0000,9273.4000,8733.0400,7671.6200,5250.8500,4551.3600,4148.2000,3911.6900,4766.1400,4480.6100,3534.1100,3241.9900,2705.9700,2306.6100,1817.5300,1566.2100,1105.4700,822.0670,628.9510,432.6760,463.8200,467.0520,384.1700,249.9440,226.2750,248.2940,266.1160,243.9720,163.2470,96.1754,61.7654,58.6644,58.6921,62.1859,33.3824,77.9752,157.6610,261.3460,298.0590,282.9860,238.3520,278.2040,381.5990,433.9670,422.8760,381.0120,461.0490,509.6790,505.7250,597.7420,631.9340,570.5100,462.0010,410.5880,456.6480,500.4890,505.9070,422.1700,361.8920,424.0640,467.7650,446.7340,437.6170,452.0250,375.5930,378.6720,438.1270,367.1470,305.6240,290.3810,328.6860,395.4900,359.9820,350.4330,380.6710,369.6340,380.2900,346.9710,408.1850,491.1130,459.0580,341.6750,217.7170,198.4840,237.4500,279.4300,265.2980,199.7070,141.4470,97.2239,72.8187,45.4850,32.1341,57.8709,74.6080,100.3080,142.3180,162.4440,195.4840,222.1590,183.3320,88.7186,128.5160,253.0590,328.9630,293.4650,179.5710,90.1823,164.6680,245.9900,284.0730,289.3640,250.6440,135.6480,111.9970,175.6750,167.2940,90.7433,36.1705,48.6113,69.2397,70.8088,76.8976,87.7153,100.9600,113.7500,106.2370,80.0060,77.7452,74.6620,61.4769,68.9508,81.4474,80.5099,61.3599,72.3007,94.1721,103.6900,103.0040,95.5269,100.9760,120.3880,138.9500,191.9620,235.5840,237.8100,206.2710,192.5230,150.2560,111.9420,101.9380,81.0989,60.1711,36.8769,18.3647,20.9271,40.3005,37.3186,33.8272,59.7254,75.8237,60.7480,48.4107,59.2693,96.4850,139.8360,163.6830,158.7510,149.2120,149.8540,110.2900,75.4094,93.3320,90.3891,112.0400,146.1530,146.5590,140.2600,153.7750,171.8550,205.3660,210.1640,170.5250,137.3940,114.5360,110.7900,113.7840,135.2130,162.4990,201.1620,239.6330,236.4080,216.0200,194.8940,151.8700,80.4517,32.9517,30.4394,54.4667,72.0866,85.6591,81.4549,61.9775,42.5159,32.6584,67.9345,107.8840,142.0100,180.1170,183.9730,161.4050,123.9280,48.6866,46.0510,69.5974,46.0884,35.0946,43.8482,32.2279,30.6539,58.6854,73.5856,82.7745,86.1887,52.5207,33.3411,44.0725,80.9198,100.8570,99.2039,73.4261,52.6773,31.8221,32.5061,37.5393,43.0706,34.4353,24.2414,17.8711,41.0691,45.5602,46.9045,57.4576,56.1284,28.2354,12.4690,20.0539,28.6416,28.3356,20.7813,29.9951,54.3381,73.8359,103.8220,129.8340,147.6960,148.0170,150.0350,144.7030,126.0300,105.9010,94.4258,89.0421,86.8379,65.5691,33.1738,18.2032,22.2296,25.8741,38.2161,48.4021,56.6944,66.0939,70.6015,54.9842,40.8278,29.4129,24.6133,20.1531,15.1899,16.4173,23.8913,37.0879,36.6529,35.7795,34.3540,36.2591,43.8295,50.4838,47.2078,53.7899,63.1587,61.4789
43513.6000,40993.0000,27606.0000,22272.3000,21057.9000,18636.7000,15471.6000,11760.4000,9207.5200,8678.1300,7709.3100,5293.1900,4594.4900,4239.5100,3940.3200,4747.2400,4481.0700,3540.6700,3215.0400,2702.4800,2291.4900,1788.4100,1519.9500,1046.4900,762.7420,562.3920,362.8910,396.6260,385.0550,291.6130,138.4930,159.5900,205.3670,204.0310,191.2490,117.3030,83.7529,19.6969,11.4922,19.8162,65.0456,108.0810,196.1780,214.5330,230.4710,288.6790,290.6670,236.2120,237.1720,295.6860,322.6090,289.6160,291.1010,397.5950,505.7390,534.8290,575.6940,579.3180,539.7800,474.2230,420.7940,455.9610,482.9280,482.3290,395.2600,327.0410,407.2190,488.0860,462.8480,466.6620,467.5340,413.2400,398.8260,442.5350,359.0640,306.9990,293.6540,319.8290,355.4290,337.1870,335.9630,360.4900,363.9690,377.7100,362.4760,430.6250,520.9360,491.0500,372.8000,244.1800,191.7640,233.6390,281.1570,262.2190,197.3600,146.9870,109.8800,90.1405,61.9167,40.8191,37.0315,63.6182,108.9930,141.0130,160.4320,194.2230,233.9780,201.9650,69.7627,107.8160,224.2970,310.4090,277.7180,174.8670,89.1530,156.1830,244.5540,280.0720,283.9230,242.8070,131.2840,113.7820,176.1310,160.4480,97.5876,52.7343,50.5798,86.2505,80.0284,76.3544,95.7351,116.4050,121.3540,95.1518,72.8480,63.1620,57.4815,49.7992,61.1656,81.1370,72.1861,48.1554,60.1917,79.4206,84.5374,74.8324,62.9262,83.2165,105.5530,128.2860,175.0980,225.7020,235.0110,209.1410,207.7070,188.1660,152.2800,113.5220,98.0354,80.8459,50.0423,22.4044,48.0864,60.5046,74.8063,54.9615,41.4104,46.2064,51.2638,52.7153,58.9822,76.2520,121.2810,167.1890,165.7110,159.1030,161.6640,116.4260,74.4727,92.6485,95.9606,133.7300,178.2550,164.6480,153.9440,172.7810,202.1440,230.0920,217.5550,186.3460,153.1010,128.4910,109.6690,116.4880,142.7610,181.0410,221.1790,248.7980,240.4960,218.8220,197.1030,147.1420,76.4923,42.0445,49.0240,59.1100,76.4863,85.9819,85.4603,59.5041,34.9919,38.1677,83.1662,115.4920,150.6480,177.4060,169.7710,144.1800,109.9090,40.0344,29.8905,47.1946,47.3373,51.5208,43.3666,25.2919,37.0782,68.1916,82.0614,90.9573,94.3657,65.8808,43.4737,45.2239,92.1215,107.1200,96.2558,74.7639,57.8822,43.7120,47.7917,58.7177,75.8697,66.4075,40.4143,25.0372,57.4467,47.0901,44.7766,45.8443,54.7534,35.6229,18.7494,6.4956,19.7984,37.2489,34.4416,32.5205,44.1259,60.8007,97.1137,134.0620,162.8460,137.3870,118.8720,123.0000,113.8740,103.5790,90.8562,80.3426,85.0161,74.0040,45.9990,38.9962,33.6385,25.0592,25.2295,40.9836,52.8287,67.1383,79.5200,67.4471,50.2527,34.0038,19.7383,9.4167,5.1312,2.8959,8.6425,16.8180,25.4921,33.3306,39.1010,23.6747,17.7763,31.9827,40.7503,51.4399,59.2564,57.0851
42464.2000,40099.9000,27001.9000,21892.6000,20689.3000,18301.4000,15304.2000,11676.1000,9036.7900,8493.9200,7578.3000,5078.7500,4365.8400,4065.5600,3812.9900,4654.8800,4354.8000,3396.8700,3112.5500,2601.6800,2217.3900,1716.8300,1474.6700,996.0910,705.6860,565.2990,419.0950,474.4800,444.2790,326.5630,200.3340,230.9630,281.4500,265.6170,223.4650,134.6330,64.1861,30.6061,54.6377,64.8611,73.9060,51.1482,78.3480,89.3444,128.7100,181.6040,210.8510,197.2910,227.5740,295.7100,320.9610,236.3800,211.5320,354.0240,508.4270,591.0810,644.7450,623.6970,550.9450,449.8440,411.1080,458.2280,503.1840,502.5900,421.8520,357.3330,415.2950,479.4960,471.9030,468.5740,487.9040,424.9640,397.9130,445.7340,367.7630,316.7010,306.5460,343.2450,372.4530,336.8130,349.0980,381.1100,370.4590,376.0690,351.1090,417.2020,486.8310,466.8380,365.5000,248.8670,179.4960,222.8070,270.6590,265.8260,209.2450,140.8650,106.8890,111.3660,91.0207,59.5995,46.2064,41.6296,71.9623,134.2310,169.2740,207.1680,233.3530,206.6210,78.0004,125.7730,226.6360,306.5200,268.0120,178.5510,110.3290,165.7880,260.2260,293.7570,296.6770,246.9030,137.6110,103.2910,153.1790,149.1870,81.5211,40.5094,61.4973,80.1290,66.1903,67.1273,87.5664,97.7900,96.7834,67.2614,36.3224,50.1071,51.0553,63.0555,68.4796,68.9442,64.4979,61.7502,74.7888,91.0082,94.8674,98.2492,77.0588,63.4664,102.7050,126.1200,182.5220,226.7940,235.1340,214.2190,217.2490,164.9380,126.6680,112.1920,88.4012,75.8192,48.3520,29.9821,62.3526,79.5800,101.0710,70.1122,52.9655,63.2115,51.7119,43.9124,33.7621,69.2095,125.3670,172.4710,167.4020,157.8500,155.0920,116.4850,82.8508,112.7130,106.6350,134.6330,167.2800,161.7930,152.2690,170.6560,197.0860,223.3070,196.7480,154.8100,122.4400,118.8310,117.9690,115.2190,129.9080,167.1440,207.4090,232.5920,219.9030,193.7810,169.9820,117.4600,42.3691,14.7782,33.0174,40.9523,52.5524,75.6479,98.3247,72.4324,46.5601,45.3793,81.6720,119.4940,142.6310,179.2290,188.5700,167.5940,133.5430,60.3215,36.3114,60.8247,71.4655,52.3496,47.7268,39.3862,26.1959,45.6154,70.0294,82.2525,79.4470,40.6346,35.6074,57.3118,98.9188,118.9950,107.4970,81.1598,53.1228,37.2354,46.0353,57.8492,66.6853,33.8480,31.8286,28.1161,42.3196,43.1796,47.9364,59.3659,62.1035,40.8710,22.4501,7.1313,20.9807,27.0000,27.9905,29.6301,28.9066,41.0010,78.5310,117.1850,157.4760,147.9300,122.4570,125.7100,120.9800,107.7760,91.9671,85.8284,91.6761,86.2996,68.3023,50.6902,43.0871,32.6761,25.1596,39.6142,58.7283,74.5091,70.7634,56.3497,41.4067,33.0519,27.4007,20.0953,5.3553,7.6467,18.1956,25.2244,28.7917,19.5779,16.0356,12.4867,24.3935,54.5143,56.4457,53.3765,60.0407,57.2945
42436.3000,40342.7000,27392.0000,22249.4000,21106.8000,18702.6000,15622.4000,11832.7000,9221.0000,8691.9600,7667.0200,5186.4300,4460.3400,4095.5400,3895.9500,4770.8200,4447.1900,3473.2600,3183.2900,2638.3100,2218.9300,1719.0100,1479.8900,971.1010,676.9230,563.7670,439.8130,498.7880,456.4700,334.0990,195.2280,223.1940,274.3620,259.5160,229.9260,153.3000,93.6628,42.3249,52.0397,86.8940,123.6800,119.8430,58.6751,74.8127,154.2040,203.4570,210.6930,181.9290,182.5960,262.2950,347.1630,304.3610,180.9100,229.9670,377.0120,536.7100,669.5880,655.6090,568.4700,458.9860,423.5830,473.9590,529.6410,524.6280,422.9070,365.1290,435.7380,498.9080,486.6450,473.5350,485.1320,414.9010,369.9170,420.3220,338.0630,293.8520,288.4430,328.2080,358.5620,336.8970,350.8720,376.3700,366.1120,372.4970,335.6150,386.8630,481.6270,464.8420,350.7420,227.8470,181.8710,231.1260,284.1770,262.9810,193.3410,146.1370,109.9780,93.9070,81.5281,64.4016,53.3783,62.6020,97.5489,141.0200,169.3530,199.1450,222.0660,188.0430,74.6147,116.4640,223.1690,301.2490,281.5400,180.2740,96.3201,174.5620,275.9160,308.6470,311.1840,280.0030,155.8830,92.3856,158.9810,163.8460,84.1678,49.2019,65.9540,70.1626,66.4750,74.0249,86.0832,90.7296,91.8044,71.9764,35.1058,49.6151,60.6466,78.5941,99.8682,115.1880,89.3074,64.4497,73.9179,89.8202,90.0736,84.2134,62.7348,56.8055,82.0941,109.2920,173.9340,241.1190,240.7870,222.5910,213.7630,173.1620,136.3170,116.7340,92.1727,73.9451,51.8196,36.1019,49.0352,66.0573,90.1445,80.7656,51.8802,61.2585,42.3516,33.2611,22.4294,57.4499,114.8680,174.7620,172.2490,166.9160,166.8800,119.4540,74.7404,87.7894,89.3359,128.9340,180.4510,179.0270,174.4100,195.2910,222.4850,239.9230,220.4020,186.4410,148.3870,129.9580,120.7640,126.3160,141.5180,156.6840,200.7030,244.2070,227.6880,197.4950,164.6250,113.3130,42.2527,18.0201,48.0208,65.2113,68.7646,83.5073,86.6662,60.2007,34.8798,46.8527,88.4940,119.0020,146.0320,184.6870,193.2550,167.5730,129.5690,46.6905,31.1904,39.6464,39.5349,58.7185,50.3482,27.8086,17.9685,37.3976,57.6430,66.6600,70.9595,19.9442,57.9030,84.9949,117.6330,126.9240,111.2570,79.2778,52.4306,35.4693,43.3938,48.7285,46.2211,30.0816,22.0366,28.3151,49.6571,59.8297,46.5758,39.9419,33.7928,15.4970,12.0964,30.4111,48.8279,52.8862,48.2712,37.2756,27.8933,59.5695,93.5157,123.3010,148.2520,139.3160,112.2080,104.4120,95.2402,87.2620,70.7652,73.7196,84.5979,71.8345,46.3532,42.1487,41.8449,34.0422,28.9770,39.5423,52.2008,66.9358,67.0553,49.8745,35.6903,26.6003,16.0597,2.6525,11.7138,15.8886,22.1702,29.2993,34.5196,38.9991,45.4523,59.5967,66.6406,71.2642,81.6464,79.7471,73.0018,55.7270
43460.9000,41016.1000,27707.2000,22328.5000,21080.9000,18685.0000,15462.0000,11745.6000,9192.3100,8636.4200,7615.3900,5160.4700,4452.9800,4143.0100,3943.9700,4765.8100,4440.0800,3502.3700,3156.9800,2660.2600,2220.0400,1742.0300,1474.0400,970.4130,702.8600,539.1170,394.6760,464.4020,444.1900,345.7550,171.5080,162.6530,208.4310,241.0750,224.1200,166.5240,122.3950,74.7535,58.2537,71.9501,128.3960,142.8990,105.7670,129.5420,223.1710,300.6850,320.1500,279.3600,215.4890,295.9470,419.5070,405.2260,265.8530,260.0170,381.3400,527.3590,697.8680,730.3200,638.2050,489.6300,440.1450,505.4840,554.0740,539.2440,441.4140,397.1390,469.2060,512.8950,487.0850,463.3510,460.7250,380.0460,343.3660,398.4700,340.1120,296.4450,292.4470,329.6680,383.8770,364.1310,365.8000,393.0560,383.5090,387.9070,357.2090,397.6240,473.4260,476.1700,369.9140,249.4660,163.0230,210.2360,263.5610,249.5850,183.6940,129.9010,105.4600,102.3900,87.8706,62.1575,57.6000,70.7457,103.1720,139.9620,167.5260,203.7800,239.5000,195.2940,76.8466,104.5790,225.9030,293.0690,271.9180,171.2520,99.0431,195.2000,291.7860,328.9930,335.0780,302.3570,162.0290,94.3424,153.5380,154.1030,96.9651,64.9948,71.1293,82.8276,73.9327,75.5499,101.2580,121.0540,136.2870,103.9560,66.9063,64.6080,60.0578,58.6786,66.0317,72.6346,64.7369,62.4984,81.7545,95.7380,100.6210,98.7748,72.8838,66.8842,96.1143,125.4320,185.0800,242.7470,263.0900,232.7630,226.9730,162.6820,113.3480,93.1378,84.0099,70.5326,39.5776,24.2774,68.8802,82.7451,85.7096,65.2843,42.6975,64.1731,58.6044,53.3680,42.1947,75.1263,137.1980,191.2930,180.0510,165.9720,148.3720,119.0160,67.9506,105.4600,100.3100,148.0020,175.0650,170.3680,177.5730,200.8680,236.0650,254.4720,213.8970,172.2990,139.5970,128.5730,122.3330,126.5910,138.0770,160.7500,211.0210,240.9720,225.3820,200.9990,183.0540,130.4550,43.4611,18.6077,50.0699,70.8847,70.5000,83.7065,78.5671,52.2272,28.8092,41.3757,80.6253,109.9510,141.4430,165.8710,167.9120,146.2070,117.2510,36.4198,30.5291,54.7035,49.4140,53.7227,41.4426,21.6817,25.9163,46.8384,64.1280,73.9083,78.7228,42.7209,38.7530,53.9988,86.6057,94.1941,85.1040,62.6488,41.6220,26.9276,33.9024,44.1341,47.4067,38.4655,23.1017,35.8833,57.2349,69.1061,44.3177,35.5456,20.0306,11.6363,12.5560,17.3561,37.9517,37.0964,30.5798,29.0626,40.7819,65.8553,99.9175,134.4790,167.3810,153.3550,132.9410,124.1500,107.4820,88.8013,84.2062,81.3166,67.0255,55.1032,36.3952,20.1849,26.8765,28.3322,29.7881,37.9969,51.7535,59.9031,53.1115,42.3043,26.2675,9.9054,4.9695,7.7504,16.4082,22.1234,28.9002,33.9045,41.5173,46.6200,53.5413,42.2291,41.8868,62.6037,58.1101,51.4863,53.9332,54.7958
42768.7000,40323.7000,27156.3000,21965.6000,20732.6000,18377.2000,15313.4000,11694.3000,9037.6600,8483.1900,7540.2500,4970.7800,4256.3100,4059.1500,3909.8700,4750.5300,4396.3700,3421.1200,3100.9100,2573.3600,2150.8100,1656.4900,1403.6500,895.0610,633.9690,543.9610,432.2920,505.1070,457.2300,330.1400,210.7950,230.4660,277.1200,263.8540,223.5060,139.7400,85.8783,54.6959,62.6519,89.0069,123.4430,120.3020,90.9922,162.9980,255.4100,292.3630,295.9230,252.3760,187.8440,257.6290,376.7750,363.5960,230.6740,229.6130,349.1960,515.7560,697.2000,713.1720,614.3180,474.6880,438.7030,504.1360,543.6210,535.1970,447.1520,383.7090,447.0330,500.2240,478.9100,458.0230,459.9790,392.4090,361.7430,425.7600,365.2910,312.0280,299.6410,324.8920,384.0040,365.9840,361.2040,390.8710,385.4860,375.3220,327.7520,368.4480,460.9490,472.8080,366.4160,246.1430,156.5510,203.3410,253.7410,246.3200,201.2000,153.7130,116.6410,103.5400,81.8448,59.7043,59.7785,62.3834,89.4585,140.9530,172.3320,193.1420,211.1690,182.9790,55.7814,107.6870,221.2600,309.2790,278.7110,178.6300,110.3020,192.1000,299.9770,334.1910,337.2320,281.8370,160.5230,108.8720,142.8860,147.2130,103.6150,61.1760,70.8828,91.6667,83.8743,88.5393,102.2180,130.6890,128.5520,109.0160,88.7449,87.7926,82.1022,65.1632,68.6713,76.9484,80.2668,71.5953,74.8425,98.4358,107.8560,111.7570,74.1330,69.5579,108.1710,129.1370,182.5140,228.4550,230.8020,211.2720,206.2530,178.7200,129.1610,112.0080,112.3760,86.6180,49.9847,35.0464,58.0758,70.2746,84.6515,64.1569,38.9252,39.9715,35.5466,36.0304,41.4883,67.7434,123.1870,184.3000,183.1000,179.7200,175.8450,143.9210,82.6151,86.0107,72.0528,115.7720,152.4290,154.4660,164.9450,189.6940,223.7230,246.3640,214.3710,172.2600,150.5300,138.6260,135.4410,135.6830,152.1060,180.4480,215.0670,251.8070,241.2600,212.8590,185.5100,134.4830,53.8008,22.2731,54.8940,78.0161,81.5424,88.0739,77.2886,61.4993,43.2748,41.3368,68.3504,99.8290,134.3760,161.4990,168.1590,152.9830,138.6670,54.7056,21.2839,47.7740,55.4048,42.5021,32.4613,20.6910,11.4988,37.5377,63.3101,71.4657,76.2730,39.5282,48.9962,60.5263,97.2058,113.9520,93.5044,60.4459,28.4232,18.0143,39.6979,40.5936,30.5994,7.1981,37.6929,57.9526,77.6828,82.9736,55.5771,35.6794,17.6325,12.2025,12.8257,17.6879,31.9197,35.2893,27.9142,28.0420,46.5296,65.2599,93.7089,123.4170,152.7130,136.8470,117.4890,120.5130,109.4750,88.8766,78.5126,83.4797,77.4669,53.0579,41.9851,40.1567,32.3568,23.9728,27.2622,42.3167,53.6081,62.4925,65.5047,54.2041,40.2219,27.2041,14.5323,1.6170,4.1294,17.3689,46.0064,51.1206,48.0116,39.9525,40.7263,44.2428,44.2203,51.6644,69.4953,79.6476,71.2464,61.2908
42279.5000,40226.0000,27344.7000,22223.9000,21043.3000,18646.0000,15599.3000,11840.1000,9230.9600,8653.3900,7568.8100,5032.3000,4347.5400,4121.1200,4028.0400,4883.8900,4490.2900,3473.0200,3149.9200,2576.1700,2143.4900,1634.3000,1363.4000,863.1160,617.8580,548.1930,476.5650,559.9150,486.2260,346.5320,214.5440,224.8650,252.6600,238.8690,195.4180,112.9500,60.0007,49.5753,66.0387,87.5889,127.4560,112.2680,72.2597,113.8820,202.4600,276.3030,282.3270,236.2820,157.4190,251.4720,358.2860,322.5750,223.2140,261.3240,396.0820,549.3810,699.9330,710.7750,614.7500,478.9090,448.5040,515.1910,552.1300,545.2990,471.7540,405.8270,454.2530,502.5920,486.4630,469.2460,470.5350,396.7500,360.0570,404.7480,340.3560,302.3520,300.3290,339.5550,388.1170,361.1280,355.0440,386.2840,380.8050,384.4110,337.5640,364.2120,451.6250,471.4640,365.3760,243.1530,161.8900,203.5830,247.0270,238.8550,199.5550,151.3000,106.7530,91.1363,71.9644,50.9803,49.3400,61.4228,92.6060,134.9220,160.8740,186.1320,207.9730,172.5950,73.3496,121.2050,244.8390,318.8200,285.8140,179.7910,108.3370,198.0440,293.2600,333.8860,344.0180,311.4660,176.9860,109.2800,162.2490,159.0450,90.7619,54.2907,65.9536,72.9146,72.6149,82.8786,101.0380,127.0590,151.4270,135.5370,94.5605,93.5523,70.7731,61.3959,64.9096,68.8672,61.5225,63.3210,68.1317,78.9556,84.9618,95.3407,72.3006,54.3525,95.3917,127.7150,187.2410,236.7920,246.0900,224.2840,214.6800,176.8490,125.3020,104.2980,90.2461,71.6659,57.4992,38.1824,52.6745,70.9560,91.6843,65.3306,61.2105,58.2753,47.9841,43.0376,43.4039,71.9656,121.1040,166.3920,170.4230,166.9580,165.2900,124.0720,71.0244,64.3540,68.0425,108.3060,159.2480,157.0960,165.3080,191.1450,228.6350,243.9620,210.8210,169.0550,132.6640,123.8540,129.2790,131.8710,142.7490,175.8270,217.3340,234.4580,220.5660,200.1650,186.3020,145.9410,62.8012,26.0677,56.6310,87.3264,92.3515,102.1340,94.8917,67.4891,36.5322,43.9221,90.4033,118.1230,145.7700,167.0640,166.0520,145.5410,126.6840,44.6356,17.7817,41.7272,36.0228,28.4961,31.7396,19.3881,15.3605,50.2588,63.8948,72.6654,80.3383,57.5504,36.7568,39.3646,73.0414,80.9511,72.5090,53.2188,31.6808,23.8761,42.7142,48.8721,44.6642,15.1114,31.5779,52.7524,71.2398,65.0136,53.9442,41.4657,37.9769,15.7327,21.0059,19.9290,45.8718,42.1125,28.9229,16.0762,33.1591,41.0624,66.4241,104.5240,146.0660,130.1530,120.6770,120.3020,108.7620,89.1375,82.3755,73.0035,72.3406,69.6036,44.1022,27.9473,26.1251,29.4208,34.4271,39.4261,45.6438,55.1854,66.2445,44.1803,30.0411,10.0822,4.3460,5.0441,8.9003,22.7192,42.3292,44.8818,43.8993,37.6625,31.2845,42.1895,61.7996,53.5431,48.4989,65.5521,62.4346,48.6575
43350.6000,41046.3000,27831.5000,22429.0000,21122.8000,18739.6000,15509.2000,11784.7000,9210.2400,8625.6000,7556.2800,5027.0300,4325.9700,4143.9000,4050.7200,4855.0000,4485.6700,3523.3800,3161.2100,2641.8400,2188.1000,1694.3500,1408.0000,889.7470,628.7610,543.1960,457.9180,514.9280,468.8150,350.9820,181.0540,175.6950,224.8630,246.1020,220.9120,161.4110,115.2450,62.6077,69.5287,102.8780,144.5660,139.3080,88.4184,101.7840,207.1070,271.8320,284.9320,247.5380,180.3230,242.2720,355.6510,340.1490,225.1670,264.6990,426.3840,586.1000,721.6310,711.7990,609.0440,478.4440,450.3580,505.3370,561.7020,553.1880,453.6210,388.4770,448.7660,500.4710,478.8980,455.2440,454.1510,376.6080,345.0560,412.0530,357.4440,312.8120,307.5490,335.8190,376.3350,353.3900,352.1620,374.0710,359.7440,356.0540,319.8480,369.3760,461.9180,473.0100,361.2820,235.4630,170.2410,215.7640,267.0120,260.7840,204.0240,138.4190,111.4590,114.1150,87.4979,54.3982,37.2618,40.6400,78.2024,129.0150,153.5470,175.1840,199.6760,186.5970,60.3409,129.5080,236.0700,330.4760,288.1170,171.4310,104.6650,211.3580,310.6800,345.6300,347.7120,296.3090,161.5810,110.9300,161.4600,164.3950,94.7546,47.7033,73.0747,87.1691,69.8623,79.4402,97.6214,129.9730,133.8150,118.8270,96.1816,103.9130,93.8051,81.0766,80.4034,82.7689,70.1682,57.0942,70.0155,86.5173,90.7144,88.7892,69.0425,61.9175,82.8363,115.0770,172.8360,239.1610,247.8680,219.4250,208.1050,167.7560,116.6420,107.3410,112.4640,90.8826,54.9122,28.5629,65.9359,87.7152,101.6540,76.5445,37.9455,44.7125,41.6476,37.7471,31.0708,63.1612,123.4640,177.4110,168.4960,162.6130,165.0290,141.5590,86.8510,87.1346,81.7818,117.4230,172.0760,164.6020,161.0560,190.1560,233.5680,262.7210,223.6530,181.2340,144.4900,139.0750,135.5990,137.1630,156.9750,182.6820,216.7860,256.0900,249.1650,222.3870,192.0120,143.4920,71.4944,27.8066,52.3578,95.9044,95.3918,113.1900,104.2230,68.7508,37.8412,45.5196,87.9934,119.4650,154.1070,185.0090,183.4390,163.3310,140.7150,66.3371,29.6929,42.5018,53.3593,53.4390,42.8064,26.0967,8.9358,28.7553,47.2510,56.8433,65.2834,32.4075,39.5779,52.2766,87.0708,105.7630,83.9809,62.1463,43.1438,24.4155,34.0580,47.8996,53.9878,22.7375,21.5001,32.8868,53.4344,65.6380,50.5578,50.2430,36.7658,27.9457,16.3230,10.7211,24.4972,26.4902,25.8688,28.1053,37.5290,55.5997,79.2405,110.3220,139.3810,133.7130,117.3050,118.9040,115.8230,101.2030,76.7821,77.5441,88.0975,67.0859,41.0491,29.4468,30.3107,24.8960,24.7720,42.0400,57.8876,62.1527,55.0259,41.6934,29.1314,17.4297,9.5130,4.5932,7.4876,7.9410,17.8974,25.9230,28.1967,34.8900,39.3415,45.0786,41.8939,50.0643,68.2693,74.1489,70.7580,57.7444
43076.4000,40503.0000,27271.0000,22072.6000,20800.4000,18421.0000,15339.8000,11733.5000,9086.6600,8515.2500,7573.3500,5001.2100,4309.6700,4158.2200,3993.7200,4822.9700,4469.4600,3475.6300,3121.9900,2607.4100,2191.6400,1677.4700,1393.9200,863.4140,591.8060,533.5050,467.9480,534.2070,472.1640,344.6060,177.3770,192.3620,222.2950,220.9210,216.5630,162.7290,120.1980,76.7507,81.2252,90.4228,137.1390,142.9870,84.7176,83.4984,176.3600,250.4480,273.4860,241.3170,180.4120,246.2340,352.6250,327.3230,218.7400,271.5590,435.8000,575.1830,690.2870,702.6780,619.7220,486.6560,426.9290,481.7690,531.5290,530.9840,433.4400,363.0850,423.2390,478.7570,463.0830,443.1590,440.8410,359.2330,328.2480,387.2290,343.2980,298.3440,289.3700,321.8620,379.4640,346.6050,345.7420,380.6990,372.5800,372.0410,320.3350,375.0530,480.2390,480.7740,362.6650,234.4070,159.9640,203.9520,259.4850,252.0860,201.7320,156.7990,114.2050,95.0922,75.1967,50.7730,31.4321,46.3105,80.3030,120.0220,140.1620,176.6840,209.1660,190.7460,66.0996,127.0000,231.5620,320.6640,298.8880,187.7960,104.3260,191.2120,294.1430,328.7650,333.2650,294.5530,161.4750,92.3855,147.9600,167.3540,114.7660,67.2028,62.8457,81.7210,81.4773,84.9511,102.4510,135.5290,146.9780,122.0560,105.4580,106.9450,97.4432,87.1433,85.5068,84.2703,72.9794,68.1974,75.3381,87.7525,89.0979,92.8368,73.2371,60.9315,83.6357,115.6450,169.1130,239.6090,257.9380,232.6080,223.8030,185.1140,139.8280,118.7780,92.8021,75.9234,49.7326,25.5714,53.6586,79.6037,98.8998,71.6313,47.8638,40.9960,34.0969,34.0004,43.5044,72.4248,116.9210,162.6040,170.0420,168.8930,172.2220,120.6300,68.5952,61.9023,75.0723,102.2230,162.2700,155.0650,160.1590,189.8080,237.4470,258.7990,214.5730,163.9200,126.9000,128.2130,149.9510,141.8500,145.7470,190.2140,232.2420,249.9090,248.7670,227.3650,205.8790,150.8270,74.7789,29.6621,52.8398,86.2635,88.8827,95.9607,92.5256,74.4044,48.2626,35.8883,70.9536,104.3050,142.2360,183.4130,177.8060,150.8860,118.0880,37.2229,24.9962,43.9286,34.8248,43.6418,50.8001,37.4559,15.8223,32.0358,54.3826,66.5978,74.6673,47.0531,42.0671,48.0695,78.3648,84.8152,69.8353,51.8652,29.4145,30.7700,54.3365,56.1856,40.2503,13.1935,17.6136,30.5647,40.6337,47.7031,45.5360,44.9213,41.6982,19.0616,14.5966,11.5621,28.6372,40.1678,35.6080,33.4002,39.1211,48.5083,71.5787,110.3840,156.7220,135.5930,115.2980,126.4130,123.3070,108.3220,81.3855,79.5773,75.0825,53.0628,31.2193,16.5302,23.4726,25.8842,26.6241,32.3953,42.8080,43.4443,40.3692,36.1015,21.8217,10.1157,9.1623,6.7822,6.4707,12.9965,25.9542,36.6889,39.7465,40.7465,40.7594,47.8325,60.5545,73.1486,74.7059,69.0377,65.8933,58.4872
42219.9000,40089.1000,27173.5000,22068.7000,20936.1000,18566.3000,15490.9000,11763.4000,9151.2100,8586.9900,7518.8500,4916.7500,4217.2500,4064.7800,4006.7900,4846.3500,4443.7300,3443.4400,3117.6700,2562.6800,2116.6800,1597.3000,1321.9600,829.6020,622.6200,576.9870,509.4060,610.5560,516.7680,351.4110,221.8070,243.7220,273.1900,235.9010,190.9640,101.2160,47.0557,25.5769,31.2667,48.0178,76.0087,87.1268,33.5640,50.1978,154.9540,211.7720,222.7210,190.5700,162.8220,231.0330,321.6560,294.6510,172.1580,254.5390,437.6700,561.9100,658.7780,666.9310,584.6520,462.7620,427.8560,486.1300,536.6590,523.9500,441.1740,379.9460,432.9550,495.0460,475.4430,454.7840,452.4010,387.1430,359.3360,413.0860,344.8730,304.6470,300.7300,344.3480,385.8430,347.4750,349.1920,381.0720,372.2020,362.5630,325.4320,389.9560,470.8270,461.0890,359.8340,244.7300,166.3620,216.1730,277.0540,268.9370,204.0470,150.3720,121.5760,106.1440,74.7591,40.4982,39.8770,46.1444,81.5190,130.3560,156.6130,172.1530,197.3790,178.6770,85.9378,136.3510,235.4960,319.6800,291.1080,178.8100,95.5877,195.3170,300.9560,323.8530,323.2360,281.2530,169.4390,111.0250,156.2550,150.6860,83.8733,44.5547,59.1847,82.4845,76.9712,68.1839,82.0913,121.1060,145.8030,112.9280,97.4105,96.9083,87.9253,78.8392,80.1226,88.4118,73.8016,56.9697,64.1733,83.0590,91.6212,101.6640,77.8389,71.5513,98.3158,124.2140,171.1170,221.2610,245.7760,214.0980,204.4960,168.2420,133.7180,100.6410,82.6710,72.6477,46.2352,26.5960,52.6002,70.3268,96.4218,93.4615,61.7596,71.2276,37.5845,24.4926,52.6007,86.0221,135.8290,165.8140,163.9220,158.8040,156.1650,106.9580,61.0253,57.7623,70.1625,120.7660,174.0290,170.9500,177.0270,202.2540,235.1920,249.0840,213.8070,175.5330,154.0060,143.1180,139.5270,139.1110,160.3190,186.5180,213.5300,242.1100,233.4980,210.5830,189.2440,152.4790,77.1540,29.4981,49.6972,74.7055,78.3956,83.4227,82.1315,59.9339,33.6850,44.3956,89.5117,124.6540,166.7750,206.7290,201.0930,176.4680,143.6830,61.0232,34.6159,57.2358,56.0066,50.0576,58.4276,47.9144,31.3726,32.7416,61.2717,73.9333,73.4605,30.4354,42.1858,47.0255,73.6161,95.8639,97.1779,70.9332,49.9101,44.5655,48.6445,51.0542,54.6896,41.9354,18.1208,29.1620,56.6768,70.4618,60.2632,53.1709,38.9334,23.3820,14.8245,16.9928,36.4478,34.1502,24.8397,28.5025,41.2098,51.6764,73.0915,110.7090,143.4090,142.6740,126.3120,108.2770,108.0100,100.8740,83.8533,73.3867,86.5922,69.9161,42.7812,22.8155,25.9804,24.5941,20.2704,33.4197,49.7265,61.7026,56.4144,41.4335,30.4675,22.3854,12.6757,17.8333,18.0057,15.8747,19.9013,29.9373,30.9699,25.8747,24.8351,39.0232,54.2944,60.6253,63.8560,69.8377,65.4630,50.3159
43183.9000,40972.1000,27810.6000,22413.0000,21171.0000,18813.9000,15601.4000,11836.9000,9231.2100,8645.8900,7550.6500,5002.4600,4313.4400,4165.1600,4113.4800,4904.0000,4489.6800,3514.8300,3147.6100,2618.3500,2156.9700,1658.2600,1347.3400,816.8280,613.1530,600.7470,552.4630,604.1860,520.7520,373.7720,191.2140,190.1390,220.7000,216.8830,194.3820,137.7880,98.2617,42.0744,47.2970,83.1760,128.8110,114.9420,65.0061,33.1889,148.6710,240.3660,265.3360,232.7410,187.4240,256.2830,352.2820,312.9920,221.9620,300.2240,457.6890,569.5910,678.8270,680.5290,596.5480,477.1050,437.6640,490.4000,528.1180,522.7230,427.4020,357.0750,436.2760,513.2020,488.7330,463.9420,457.9080,387.4710,354.2930,406.1600,347.5050,309.9930,304.8930,343.1240,360.0770,312.1480,329.3560,364.5220,355.4990,356.5390,327.1070,390.0300,484.5960,480.6800,363.7630,239.9630,178.4050,230.2720,278.7780,272.5880,208.4770,129.9320,95.5665,78.7364,51.3884,26.4370,46.9970,65.7496,93.5778,142.5550,170.4610,196.0450,206.5260,171.7060,83.9213,142.4560,243.3480,329.0760,295.9560,189.8060,111.0460,181.8040,289.0130,328.1900,332.2770,290.7200,161.3650,106.7870,160.2240,148.5270,81.9631,49.4398,51.6217,62.1246,69.8569,83.1126,93.5561,122.9250,147.3410,120.0220,113.6600,110.3710,91.5178,84.5882,81.5459,80.7283,55.1098,39.7629,62.4905,85.3054,84.4958,90.0751,74.7106,78.0085,102.8000,130.7480,189.2540,250.0260,257.3390,218.5390,203.0780,161.1660,119.0000,102.4970,90.0747,67.4847,53.9410,42.0563,59.9185,85.7193,101.8520,90.5682,37.5760,40.0527,28.5471,27.8529,38.3081,69.0651,117.8900,164.3580,161.8680,157.1530,153.6170,125.2340,64.0589,77.8301,70.1435,123.6080,163.8330,173.2390,187.5100,217.0760,256.0280,263.4790,215.6240,174.9770,147.8530,140.6020,148.9340,153.9240,169.7950,196.2000,228.0240,268.2030,277.6600,253.1050,225.2050,156.6680,80.5181,42.7367,68.0404,96.9221,95.4414,99.3460,78.3023,45.9184,33.8030,58.0549,88.4930,112.4010,139.3340,164.7300,172.9890,161.5420,153.4920,73.5489,31.4743,47.9190,40.7182,33.7598,32.8672,30.5743,4.7459,32.5729,44.8281,55.3925,67.1642,49.2394,30.3978,33.7717,57.3056,70.1016,60.0654,45.5177,30.3980,20.8284,24.1883,26.4459,23.0145,16.4373,51.6322,67.6400,83.8513,87.0767,70.2892,52.5492,36.0495,7.4999,10.6163,27.7142,31.0570,33.2415,34.1970,34.3614,30.5997,42.7651,75.4273,109.3600,134.1200,137.1970,132.0400,122.0160,112.3910,93.3513,72.7753,63.0353,49.1141,31.7614,23.4027,17.1835,21.6560,28.7878,34.1661,48.6865,62.4625,74.7154,49.9800,32.6480,29.0944,23.6529,16.8876,11.3826,15.1309,28.8883,42.8613,38.7788,38.4102,49.9451,60.7239,68.1052,64.0478,62.1360,66.8902,75.4446,74.6615,65.4441
43359.2000,40799.6000,27481.6000,22185.5000,20912.9000,18527.7000,15423.2000,11779.1000,9168.9500,8586.0700,7580.7400,5000.0200,4312.7600,4215.3100,4145.9400,4963.4000,4562.1500,3547.9900,3180.5800,2625.3300,2152.3700,1617.0500,1323.9300,799.4050,587.5270,582.3350,531.6960,602.3320,515.2550,370.5110,181.7200,191.6280,236.1380,227.5330,190.2930,128.0900,92.0886,43.0968,29.4296,30.7692,69.4240,70.4692,86.5857,83.0235,186.3600,275.2560,283.9530,243.8310,203.7880,266.4470,347.3540,303.6320,231.2680,331.4870,487.7880,566.6100,638.0120,616.5800,543.9450,451.4180,426.3300,474.1680,512.6230,510.9480,426.4950,363.4830,433.5260,503.7010,487.4390,472.2450,470.7020,400.3440,358.7520,410.2340,344.4600,297.9150,290.6290,331.2290,368.9200,330.2270,333.8990,356.4600,341.6770,334.5300,301.3190,352.4780,453.4010,465.0880,350.7150,227.5290,170.9220,222.3380,277.9720,271.0040,213.6560,154.1140,115.5260,74.5436,42.6951,17.7673,22.5245,54.6669,98.4622,127.2500,142.7150,174.4910,205.0190,167.7820,84.2502,140.1420,253.3900,328.0670,305.1750,188.2900,108.4180,198.3450,275.3390,308.3470,313.8730,287.9420,182.5260,128.8440,164.9650,153.2540,94.5874,47.1366,35.7490,65.9173,71.6077,70.9594,79.6131,104.7180,129.5850,115.3970,117.7480,129.4460,119.7900,112.4420,111.0530,109.6530,72.4889,46.3945,62.6983,70.7036,66.3315,65.7818,61.5675,51.8037,62.8709,89.5506,149.2530,231.4640,257.4000,219.8940,206.6890,169.2990,141.3310,115.7960,101.8940,82.0475,48.7525,34.0833,67.3117,75.4432,88.0270,69.8509,34.8531,43.0802,41.7327,43.1083,48.1979,73.0822,122.4810,185.6600,178.4920,166.2110,146.7490,105.2290,63.3771,55.1719,65.6519,126.2450,179.3650,178.9460,180.6060,207.4390,238.4980,252.3750,224.6890,189.0710,154.2110,147.7020,146.3420,147.4260,164.4970,182.6640,223.6500,277.9190,277.0220,250.6270,222.0590,167.3830,88.2733,48.7577,76.7109,105.0180,106.4380,114.9860,101.1930,60.1246,34.8084,58.4569,99.0052,123.9050,153.6890,182.9550,174.1340,150.5590,125.6640,56.9487,26.1571,32.2541,42.8294,50.4125,44.8578,33.0427,10.2283,20.3244,40.1586,57.0657,75.4815,57.2825,34.0534,43.9865,68.2616,94.0663,77.3711,59.1212,43.3239,31.8866,37.1831,43.6078,42.0602,17.7195,29.3379,47.3628,76.1489,78.7981,50.2503,41.3870,25.8056,12.0751,8.3116,10.2023,18.2821,33.3080,34.3893,27.0851,30.7759,53.6400,74.8639,103.9880,136.4840,141.1930,121.7340,103.7000,96.4491,84.5908,76.2050,69.3613,66.1433,61.1454,44.2594,27.0415,21.8827,26.7515,33.0601,39.8275,44.4998,47.3721,44.6413,33.4800,22.5943,14.3295,9.6716,11.8273,15.3549,18.1694,31.3016,50.8737,47.3149,45.6895,35.0717,33.2590,48.0013,65.5282,64.8652,58.1901,48.3240,41.1365
42228.5000,40024.4000,27092.7000,22002.8000,20821.4000,18450.8000,15423.3000,11734.4000,9090.0100,8520.8100,7476.9900,4846.9800,4181.8000,4114.8300,4078.6400,4902.1200,4462.7400,3439.8600,3121.9400,2566.6500,2125.5000,1606.7200,1317.6500,822.8450,682.8230,700.9010,614.4910,671.1570,550.7440,366.1350,246.7070,270.0550,296.7190,258.6980,194.8000,87.6137,28.8817,37.4435,51.8288,55.3706,25.7666,37.5603,140.1680,173.8020,225.6770,270.9660,264.4190,216.0180,206.0740,257.0480,308.2700,261.0610,196.7570,303.0450,454.4290,536.5970,605.6500,594.0700,529.0610,451.9690,418.7290,461.7220,500.0360,500.4970,407.8160,343.9050,414.0310,479.7230,465.8950,454.9200,470.2210,404.2080,370.8430,416.1030,348.0100,307.5720,306.7780,346.9140,375.1750,328.9870,326.7360,362.3420,355.9310,346.4620,307.2570,370.7780,470.0790,466.4590,354.1780,232.6080,167.7260,216.5890,269.7820,251.7010,190.0760,126.3350,83.4770,49.0626,31.8258,27.0071,38.1883,64.8102,103.9560,132.3420,145.4360,176.6200,203.7180,163.8060,105.7590,164.9170,275.8020,342.4450,293.2410,182.0770,121.6270,196.2910,275.8250,327.6610,342.1030,316.2600,165.3760,89.7898,147.8470,150.7330,82.7025,37.7731,60.9600,92.8611,82.1215,68.0110,80.9270,119.4320,148.5850,120.7000,115.0430,113.3700,109.7960,103.7280,99.3175,99.1581,65.8195,36.8575,54.7019,76.4951,73.3379,73.0120,74.0509,60.3170,62.8583,87.7351,141.2930,220.9000,239.5100,203.6110,191.1780,154.1460,126.9690,114.1230,105.9330,81.3036,44.2132,28.9917,67.0760,81.4816,96.9959,90.4757,42.4656,56.1611,33.3244,29.2897,35.5104,69.4632,116.3140,163.4400,172.2660,170.4630,164.6900,126.7610,73.3841,39.7580,35.8575,99.7510,148.7360,172.4760,183.8000,207.5220,223.2220,235.5190,227.5260,185.3260,141.5130,135.0680,137.4490,134.1330,153.0530,190.1690,216.3170,234.4750,236.3900,222.6000,212.5180,176.7210,100.0400,50.2083,66.2845,99.4197,113.1640,127.8140,113.6650,64.8447,42.0427,77.5460,122.0460,150.1440,180.9200,196.4040,183.8490,158.8930,136.2800,50.7510,24.8013,55.9667,50.7468,43.6776,40.0319,36.4717,11.7436,29.9204,44.4336,62.1572,73.9718,55.6953,53.1885,58.7987,70.1153,89.0282,80.6574,61.6756,38.3793,22.9118,44.4580,49.5139,42.0510,9.8587,27.3824,43.5238,55.9564,49.0434,34.5044,25.4703,23.8876,10.1520,23.9567,23.6943,40.5980,36.9316,29.2777,18.0933,27.3497,50.8937,77.0403,102.2430,125.2330,119.6060,113.9480,113.4230,100.9970,79.5210,66.4916,80.5669,68.7977,37.9114,21.8102,22.6695,21.5655,14.3018,20.4834,30.4673,40.5840,53.3150,59.1373,46.3503,37.4021,23.8877,7.2541,15.7779,27.5436,15.8692,24.3775,25.4197,31.4321,36.0448,35.8875,36.1457,43.5461,47.8063,52.2696,52.7570,60.8042,58.0261
43050.0000,40787.4000,27688.9000,22463.3000,21288.7000,18865.1000,15668.4000,11872.3000,9287.9700,8671.3100,7502.8300,4897.4400,4264.9700,4267.4700,4302.8000,5075.5600,4608.3900,3574.5900,3223.6800,2645.7500,2176.0400,1627.6100,1326.7400,850.5470,697.4390,709.4770,638.7060,669.6690,556.3100,384.5790,216.2580,231.6490,269.1510,258.4420,206.4650,118.0420,53.0760,39.9598,43.2631,43.8258,58.9041,40.9223,80.8906,120.6160,209.1390,285.8360,299.3550,248.1360,238.4830,298.4990,342.0080,287.9140,247.4170,357.2840,499.6710,587.4220,647.8170,632.6550,546.6850,467.6950,447.5550,481.8390,534.3860,534.7210,432.6360,346.3410,424.1060,509.1870,486.7730,462.5610,454.5580,387.9160,346.7030,404.3970,341.1600,297.1850,290.3410,330.1640,362.8740,318.2220,321.8730,356.4930,352.5960,337.8640,289.6240,343.0630,449.1960,448.2430,333.0420,215.3140,160.4420,213.5600,257.6730,227.9990,181.9280,123.9750,74.1006,40.4724,27.0977,22.0664,32.8854,52.7190,106.4240,143.4500,155.5780,181.9070,203.2490,160.3470,95.7683,149.9130,256.3250,331.2670,303.5250,189.4140,113.3740,194.8480,292.9440,332.7540,336.1130,292.5590,157.2400,101.1860,148.9430,141.4560,72.8519,40.8185,78.9136,93.2976,74.9858,64.5977,82.7703,119.5040,134.1940,118.5540,117.6570,126.2580,107.1800,92.1398,87.2954,91.9659,68.8197,39.6691,51.9400,69.9140,72.0169,71.3238,55.9389,64.2670,86.4942,112.8000,162.5320,222.3580,244.9930,217.8850,206.9190,162.1660,110.9450,105.7950,110.3940,79.9393,42.1333,30.9688,60.0012,71.0294,84.5438,66.4367,42.2538,51.6751,47.4958,47.1206,50.2025,68.7463,118.8860,174.4060,175.6140,170.7140,161.3620,125.7780,75.2958,55.7834,51.3298,102.1410,160.6500,171.5110,167.7640,186.3110,214.7970,243.4280,207.2730,162.1690,138.0390,132.7640,146.2310,148.0400,158.7160,175.4300,217.0720,262.4890,247.3680,218.6160,188.7300,152.7410,86.3296,44.8028,68.2663,95.9018,107.5100,123.3550,112.4680,66.1967,46.0597,64.1246,92.6094,122.3140,162.2040,207.8040,192.0350,165.0120,144.1560,64.6078,21.5181,29.0270,37.7965,34.3616,31.5653,27.5892,9.7297,31.5941,48.6387,61.6777,76.0911,60.4878,37.9723,47.8700,65.6695,87.2181,71.9881,52.4612,34.9990,23.3814,38.9783,49.8074,50.8468,24.5791,16.8894,38.0730,61.2976,58.8610,49.0356,45.6941,37.4084,23.3204,11.6336,7.3619,32.2578,31.1190,20.8390,14.8725,32.2871,40.5343,64.8127,94.5506,135.6490,122.6250,99.3582,95.0856,86.2656,70.6084,67.6293,69.3212,57.1778,52.3286,39.7228,28.2814,7.1375,15.8887,19.4998,29.5596,41.4891,48.7647,54.4556,53.4397,40.9069,26.5656,10.8442,8.9690,8.0215,8.7815,18.9211,27.9418,30.8439,33.4491,29.0657,19.1760,33.6307,52.0265,41.7831,42.5525,54.4163,55.8505
43488.1000,40863.8000,27525.7000,22295.8000,21059.9000,18610.6000,15437.5000,11768.1000,9200.8200,8579.2100,7521.8400,4934.9600,4256.0600,4222.6200,4205.8900,4990.4600,4545.6600,3513.7400,3145.3200,2583.8900,2137.4300,1598.4700,1303.2400,811.7350,643.4760,651.9580,580.0280,621.9410,512.5080,350.5000,150.0710,158.0980,190.8070,182.9600,150.4660,75.4491,61.0852,24.8239,11.9360,21.9012,48.8752,58.4128,79.6879,77.5212,113.4580,180.0370,209.0060,197.5170,208.7460,257.8690,312.7960,259.1450,193.5850,318.1650,494.8060,594.7830,656.1120,638.5530,555.7350,451.5440,421.6230,462.4870,519.0860,513.5650,421.6380,349.0890,414.7910,500.4740,485.6990,468.1860,465.1550,396.1820,366.4950,421.6530,351.4470,307.6830,301.1850,341.5900,364.8450,322.9880,326.7870,354.5580,345.8130,325.2330,289.2200,361.1960,463.7770,449.4700,338.3690,223.5210,178.8730,227.9580,264.5120,247.1220,202.9090,132.4180,70.2726,44.6206,49.4212,39.4989,35.3212,52.0048,85.2515,129.2450,165.8660,205.0320,231.3910,173.4830,104.9750,147.2130,249.3050,334.5590,317.8210,194.6970,107.8090,194.6490,294.0960,333.7320,336.0880,294.6960,160.3010,98.7301,148.3290,154.8180,86.3288,41.4178,67.0839,93.3081,81.6444,71.3601,77.4369,96.8364,112.9060,112.4420,105.2760,122.5410,99.6992,93.7695,94.7931,108.4140,73.1538,33.8321,63.3817,97.7360,83.2424,73.4796,58.8812,59.1999,85.2303,112.5610,164.6510,232.2750,240.8830,206.0670,198.3630,146.5520,99.9413,84.7763,79.7866,67.1659,44.3066,29.3279,65.8886,78.7439,88.4426,61.7350,39.6398,51.8259,52.2769,52.4967,47.1448,65.2566,114.9000,164.4990,169.0900,163.4640,153.4400,113.2440,65.1316,45.1416,51.8803,103.6380,165.4470,163.3970,161.1340,177.2980,205.0060,221.4070,197.0100,161.3050,138.6730,137.3680,151.5450,141.2860,150.3950,178.8980,209.1570,242.9700,246.2430,225.7390,202.4060,160.5210,96.9383,55.0460,74.1509,91.8949,100.9660,111.7920,120.7610,90.5359,60.0370,66.2851,94.1520,123.0120,151.8970,184.0540,177.4580,153.4130,130.8330,56.9620,19.3561,29.2815,41.2241,42.8932,42.9300,33.1059,14.7108,26.4848,52.5696,67.5164,84.8367,59.6033,36.8988,34.7121,66.8144,80.0921,74.4629,56.4023,35.9993,20.9044,45.0833,53.7376,51.6751,26.6819,12.9838,30.0646,62.7942,79.8085,67.8499,72.5969,46.0907,24.2391,10.6309,3.8289,16.8097,23.4312,20.5470,15.5671,25.6456,53.1589,83.3678,112.4650,130.1740,124.6520,120.5860,120.4650,108.4040,88.3841,75.2155,69.8567,72.3825,68.0352,44.9865,27.1860,21.1033,27.9644,27.0255,27.3392,41.3563,47.8452,39.9312,40.9711,35.7716,26.8144,6.6783,12.0391,16.7509,10.5174,16.4730,22.4938,28.5998,23.7201,18.7123,22.0820,32.2618,46.6679,46.0201,40.8169,44.1751,42.8092
42369.6000,40022.4000,26969.4000,21932.6000,20804.6000,18389.2000,15358.9000,11682.9000,9057.7900,8487.6300,7465.0700,4845.7300,4166.8100,4083.3900,4044.6400,4882.3800,4442.7800,3409.5200,3092.9200,2539.1600,2124.6900,1613.1000,1322.9100,840.2110,686.5980,683.5770,599.8470,658.8640,547.5530,368.3470,224.5000,249.9410,285.3530,252.4960,188.2610,92.7238,46.1541,53.1148,48.6995,46.2777,56.4999,39.9333,72.4332,80.3181,123.5490,174.0020,195.4370,180.7800,212.1630,278.6550,321.7370,259.3350,170.0530,280.0250,445.8410,564.7960,656.1120,643.7810,554.4740,454.8020,430.0680,479.3200,514.1330,494.3170,390.9460,335.0650,419.9190,492.5700,477.4050,462.6360,470.6180,407.1610,355.7340,409.6270,338.2360,290.6390,283.4130,315.6030,355.7140,325.7050,317.6150,343.9630,333.7320,329.2000,298.9500,365.2510,461.8150,445.7250,335.9990,216.7170,181.7010,225.9310,273.4850,257.9960,198.2030,133.1520,90.9766,71.2146,52.0315,38.3611,40.2951,38.6667,79.8787,126.9210,147.2560,177.1820,210.1240,184.1320,106.7830,161.0350,252.3190,337.4690,302.1090,178.3480,86.7965,179.5200,297.0000,338.1750,339.9750,298.9850,159.0710,96.8760,148.0050,141.8780,81.0464,53.0719,68.5418,87.9921,87.7428,84.8464,92.6258,114.3710,131.7320,112.1320,99.9507,100.8850,89.8955,84.7096,84.9617,90.5695,68.9249,37.5880,55.9902,85.0657,77.0522,69.1152,51.9543,66.8097,88.5518,110.6580,168.7090,236.5670,239.8870,208.4120,190.6170,153.5030,130.8220,113.1230,84.1465,61.5279,39.4326,32.5293,54.0203,67.2587,85.3543,79.0902,46.9907,71.1366,54.2296,48.6177,37.1416,63.9867,117.3860,170.6050,179.9150,177.5620,170.0420,127.0920,67.2685,55.0353,50.1729,108.9040,153.8670,171.1670,179.2270,203.8200,227.6230,238.5350,212.5850,180.1090,156.2370,147.6780,141.8590,139.0950,161.4430,177.9850,198.4200,234.2330,233.9760,214.6630,195.0850,151.3260,68.2101,28.8362,56.9163,76.3288,86.0638,99.5365,109.7350,78.0017,43.8838,51.6954,96.6576,126.8250,155.7970,188.2970,183.4310,157.1070,130.2960,52.8390,17.0704,27.4022,45.6603,45.0290,35.6777,27.8200,22.1633,29.2352,56.9586,77.6311,95.4173,55.0712,33.3639,26.4949,53.2603,76.8743,77.8544,60.8857,44.5544,14.0764,34.3420,49.6109,59.5849,23.5095,29.7305,38.6961,66.4647,69.8146,58.0322,53.4924,46.0428,42.1649,20.6929,9.0734,34.8505,41.5221,39.2304,33.9533,30.2602,51.3069,84.0925,111.6640,127.9430,128.4420,120.5210,110.0450,94.7090,87.4280,84.4279,84.3695,71.7930,57.4796,46.1967,33.5025,25.4742,28.1665,34.9407,45.2966,55.5595,66.1509,71.7474,54.0811,42.0169,14.0747,7.6667,13.5970,8.3228,12.6449,15.2823,26.0636,37.7345,43.2612,42.8089,38.2443,50.8504,58.9174,61.0450,65.1745,68.0695,58.5817
42792.6000,40593.5000,27568.7000,22428.8000,21243.8000,18793.0000,15654.9000,11863.3000,9261.3700,8665.6200,7558.8400,5009.4200,4311.8300,4129.6300,4080.8800,4896.8900,4477.2400,3463.3400,3168.8400,2586.0700,2173.0800,1669.5700,1363.3100,864.5030,664.2090,637.4670,576.4910,625.7230,511.7820,337.4790,210.7800,235.4680,272.6620,266.0110,205.4650,92.0698,33.8223,19.9528,31.0861,40.8666,60.9616,75.1244,102.1590,116.1560,103.8650,149.4740,169.7700,153.9120,189.8370,274.8350,323.1510,271.2800,177.2250,267.0780,434.2470,566.8980,653.7550,636.1790,549.9170,446.2700,416.8280,465.3640,504.0900,491.1130,379.5400,326.4490,432.1940,514.2310,493.5090,472.6870,470.9080,392.2540,344.7710,385.2530,331.6720,297.6590,295.5530,331.6830,376.3950,336.3820,321.7130,351.3560,343.6210,334.5370,291.9340,346.3510,437.8550,446.5310,342.3150,222.4180,175.3000,224.9190,284.5950,280.7270,218.0270,145.2600,106.9410,82.5354,52.4621,44.8883,51.3176,45.2507,81.5782,130.9330,156.7320,179.4020,214.8770,192.7250,105.4090,145.9210,225.1310,296.4510,270.8790,164.2820,93.0419,185.0600,297.3860,335.9350,335.5600,292.6730,173.5350,106.4770,148.3490,169.6040,104.2840,52.2785,61.7505,88.9222,82.2224,72.3563,82.3336,106.3110,133.9320,105.3030,77.5723,75.2715,78.6134,78.9698,86.0273,92.2540,74.6319,55.9097,57.3662,75.4219,83.4630,91.6310,73.7438,64.0436,94.9633,123.1950,175.8240,230.0440,229.3300,193.4750,182.7500,138.3380,98.6479,82.0039,76.7058,56.6121,32.1062,39.8235,89.8841,97.9984,107.4910,71.7107,37.0883,38.6239,41.6186,44.3750,35.3258,47.7572,99.0960,163.9930,169.0150,161.4880,148.1940,99.8004,51.3886,63.9789,78.5870,145.6940,187.7730,186.3150,194.9770,220.0040,248.6200,254.2250,223.0140,182.2590,140.4220,129.5880,134.1720,143.7290,161.2370,164.2530,189.2550,237.7560,232.8150,206.7750,177.4800,138.7650,69.2146,28.4168,53.1707,71.2366,78.4507,89.0161,97.3337,72.5985,43.1301,44.9663,89.7149,123.2020,158.8630,182.5040,181.8300,159.8140,138.9220,47.9824,20.8158,44.6501,49.6994,63.3169,61.4656,43.8190,21.1287,35.2740,53.5895,68.3397,80.2843,50.8233,38.1589,40.2284,71.5662,94.7325,83.3351,57.7321,35.6419,35.3505,58.6063,67.1941,62.1040,35.7942,22.2361,36.7194,63.0199,75.6140,66.3257,65.3764,52.6461,30.4801,11.8551,10.8882,28.5041,38.4711,41.0547,43.4885,47.0201,57.4425,78.3454,105.8820,145.2910,164.7890,143.7930,118.0540,102.7640,92.1455,86.2459,86.7636,87.3924,64.2888,35.8172,24.2895,28.6675,26.9815,31.9310,42.7262,49.6135,41.3088,40.2352,50.9992,39.5734,24.6061,15.4271,21.8682,27.2303,10.9523,17.1431,14.6634,17.5716,23.5792,31.5594,40.8380,46.6528,47.4937,59.7047,63.5369,61.0510,47.9445
43601.7000,41047.8000,27634.0000,22330.0000,21121.8000,18661.9000,15495.8000,11778.1000,9242.5600,8681.1600,7657.8900,5145.3300,4439.8000,4226.4600,4049.3700,4831.3100,4495.5500,3525.4000,3186.8900,2641.9400,2194.3900,1676.4300,1374.6000,837.6240,579.7690,534.4620,469.9010,521.7620,448.8500,314.6840,145.4680,163.7370,200.6120,190.3300,163.5840,112.4320,90.6084,63.3287,71.5413,66.8393,102.4120,128.1190,134.0000,94.8436,54.2113,79.2973,126.6830,134.9170,192.4890,265.3300,325.6120,265.5170,162.4270,261.8130,446.0440,582.2920,656.6790,622.3330,553.2010,438.0990,400.2950,463.4330,504.1450,493.3740,398.0960,331.0110,396.9240,483.9900,479.1640,470.4730,475.0140,409.7760,368.4920,418.5990,339.6270,289.8450,280.2900,324.1540,375.4930,340.3920,325.7190,350.2990,340.8420,356.8970,322.7030,364.0960,460.1790,460.4990,342.2870,217.3140,180.2820,225.2170,263.2690,254.9690,207.5250,144.9500,106.9580,91.0325,64.5489,38.9781,34.9198,39.1892,60.1351,106.6480,146.4290,188.7550,219.0520,177.0140,87.9070,132.3840,218.2960,302.7790,281.3710,166.1610,82.1280,174.2740,284.5550,326.9720,326.3490,289.4060,155.7910,100.3350,159.3490,157.6600,90.5935,65.5443,88.6448,102.8920,101.5460,101.1600,107.7430,125.1620,139.8660,118.9060,92.4722,95.3440,81.9283,74.5492,79.0688,91.3110,79.9049,55.6897,67.4878,86.1527,87.1278,81.6409,61.8551,63.8305,91.0838,114.3900,161.5610,226.3190,237.3960,201.3870,191.8880,144.0120,103.3080,98.0561,90.7105,65.4461,40.5932,36.9756,81.0256,96.0393,108.5090,84.6948,34.7188,39.3432,32.1664,34.1921,44.3293,68.3096,114.7940,165.1570,160.1820,150.3750,139.8340,112.3450,53.5447,68.6919,74.9635,140.5670,173.2930,171.1850,177.6680,204.3980,232.4360,242.8990,222.4340,181.9690,144.2470,135.2090,150.5310,156.8620,166.6500,178.2520,213.4140,240.9750,228.5650,205.3350,191.4030,160.8240,78.8349,31.8426,57.5894,96.1903,96.4416,111.8190,91.9004,60.4464,44.5290,47.9878,83.2333,115.7560,158.3120,189.4390,176.6900,150.7510,124.4250,60.0260,29.2471,38.7741,44.2923,44.9068,52.5897,46.0001,29.5457,23.2662,54.0661,76.0603,87.7691,59.1005,40.7129,39.7932,63.3704,83.1584,88.0421,65.3899,40.1196,25.3463,42.3990,51.3040,51.0413,37.4953,14.8151,32.4338,70.9321,64.8127,50.6573,39.3597,33.7148,25.5445,10.1539,14.5682,35.1443,42.2320,42.5020,41.7484,48.1968,59.2738,82.4144,115.3130,144.7960,133.4210,118.1980,120.3550,108.7760,86.4545,63.1171,63.6084,65.9172,50.2134,28.2463,12.4338,18.6539,25.6437,19.8749,20.5177,35.0551,48.3951,47.2088,29.3976,17.2846,13.2032,11.3229,8.0578,8.4724,12.9334,24.4669,34.4400,28.7090,26.4611,26.2083,34.4962,45.3063,62.2006,63.9572,56.9642,61.0909,56.9892
42564.7000,40122.1000,26970.4000,21932.8000,20803.6000,18365.7000,15316.7000,11655.7000,9040.3800,8510.6500,7580.2700,5029.2700,4297.1500,4056.2400,3856.9600,4701.4400,4378.1200,3390.8800,3081.3700,2543.9300,2163.1600,1656.4500,1366.2600,857.1820,621.3590,563.0430,483.7420,568.9280,498.4610,351.1540,221.0250,244.9970,287.8680,271.6860,217.4340,120.4520,77.4906,15.1048,13.6842,22.7042,62.1202,88.0206,125.0710,140.8120,132.1020,141.7190,160.5460,141.8060,195.6390,261.3100,293.9020,216.1830,160.5550,293.3220,463.6800,569.9140,633.1060,596.1680,512.3700,406.4730,397.6310,458.2960,492.4420,487.8360,390.9030,319.2380,408.6000,491.7170,481.2430,477.7350,503.6510,447.0500,394.6310,422.8070,330.9010,280.0750,267.7320,311.1000,357.9580,333.2650,335.5460,358.0310,345.4720,357.5960,330.6820,386.7450,477.6400,468.9440,358.9780,237.3110,185.6110,226.4130,269.2400,266.0000,208.7680,131.7040,80.7386,50.6487,36.3990,29.5456,44.0171,69.8750,114.6360,149.8290,165.8990,202.3760,230.7950,192.2960,81.2307,129.6860,213.5290,291.2980,264.9380,150.3660,85.9314,211.5630,318.1980,350.2240,345.9360,302.9010,167.2390,110.6850,169.0230,170.0150,95.7639,51.3279,80.0066,97.4931,89.5278,97.0643,111.4500,133.8180,127.0330,110.9880,95.9855,111.8170,105.0640,91.1919,92.0603,95.5865,83.5166,64.5575,73.3204,89.4975,91.6004,86.5360,72.5859,72.1745,91.7314,113.9030,154.0920,212.0890,212.3410,183.8730,182.7890,152.5360,116.3720,104.6610,91.5994,73.3146,47.9432,22.6327,44.9688,85.7290,106.0110,110.9980,53.9808,68.2673,39.7383,33.1335,31.0184,62.3693,110.0770,162.4780,160.3220,150.9030,137.4350,99.3343,42.5344,53.3612,67.2205,127.3870,183.1360,189.1530,183.2850,199.7120,225.2330,251.0730,218.1030,173.8060,148.7790,142.0800,140.2600,132.9160,145.7620,185.2080,226.3500,250.1990,233.3220,203.8320,181.5390,147.5350,64.0998,26.3215,65.1314,81.7517,84.2646,91.4144,96.5644,69.2352,38.8520,46.8224,94.9430,126.1680,161.1670,189.7680,184.6160,157.3600,129.2610,45.7873,24.7373,42.1910,43.5418,50.9041,50.7435,38.4005,9.3536,50.4812,64.1294,78.4044,66.4978,42.8352,24.1454,33.0616,64.8633,82.1925,77.4698,52.9151,33.7306,42.7456,48.6153,47.1936,45.5058,36.7474,15.8889,34.8386,63.9409,60.6802,60.4064,66.1024,68.4952,38.8810,17.7360,9.9154,28.4311,38.6937,33.8111,26.8126,40.3291,60.4012,85.6621,116.6020,149.7770,135.4860,115.5680,118.8760,112.6540,95.6746,81.9446,80.3445,87.7937,69.2762,35.8965,26.7489,37.8790,35.0494,27.4999,33.1985,47.7598,63.3461,49.9163,26.1700,18.6126,24.5509,26.1421,13.8323,8.4730,5.4908,18.3590,32.2903,34.1272,32.2749,35.2017,43.3691,36.4788,33.8018,48.8519,47.1541,38.5024,31.3288
42492.2000,40366.6000,27379.4000,22287.4000,21173.2000,18719.3000,15633.5000,11826.4000,9217.5900,8658.6000,7591.1100,5057.8100,4370.7200,4137.0000,3997.3800,4838.6100,4463.7000,3445.3800,3150.2900,2589.8800,2197.3300,1673.2000,1391.9500,900.0400,643.0060,565.3250,483.7710,553.8290,476.7550,325.8080,204.8980,241.4810,277.8770,255.7910,196.4550,88.9039,43.8291,17.7464,28.8398,27.6033,53.5178,109.3660,207.7310,212.5500,204.9630,216.4960,239.5950,191.2290,200.2800,263.3820,288.0450,235.6430,227.4020,366.0380,512.1220,582.1550,619.3450,578.0480,517.0150,436.4940,409.0500,456.2270,493.0730,489.2410,398.0550,353.4300,445.9250,510.4660,497.3350,492.1990,517.0170,457.0380,400.9220,442.9140,355.4120,298.4640,282.2470,317.2360,363.0080,331.2510,327.7650,351.5050,351.5730,359.8140,338.5430,391.3670,472.6140,460.1440,351.0170,227.5370,187.7410,224.1100,263.5250,234.1920,168.6320,110.1960,69.5448,34.8212,16.6067,41.7181,61.2397,82.8211,133.7680,167.1590,175.3730,191.0910,201.1200,166.6100,63.9049,133.9770,239.3470,327.0270,292.4250,177.9080,109.1310,189.4850,287.4640,337.6120,345.8740,319.8870,195.6710,124.5730,165.8340,161.6510,94.9839,52.4740,58.2708,86.2306,92.8182,95.0387,107.7210,132.8770,143.3720,121.6430,106.1120,116.4470,113.3000,99.5511,98.8972,100.5080,77.9436,56.9589,65.2829,85.0483,92.1825,99.9185,79.8023,66.4501,92.0627,115.6020,164.0940,212.9020,220.8650,189.2630,176.0940,136.6690,103.9950,97.0894,88.9605,70.7286,54.2896,37.2694,52.2465,73.8159,93.3729,89.6838,46.5341,56.9637,44.2803,42.9249,44.7464,64.9149,115.8640,172.4150,159.3890,147.9460,133.7720,108.0950,55.0729,48.6055,43.5529,93.8664,151.5570,169.3380,174.4030,186.5540,216.5730,246.3690,218.0720,180.9750,147.6070,138.3440,136.4820,145.7050,165.9510,206.3730,243.0970,259.9510,250.6760,222.8180,200.0670,149.4300,77.5542,43.9280,59.2162,82.8846,90.6800,113.9550,116.4310,74.7372,40.8580,50.5084,92.2140,123.6040,157.3630,191.0090,187.4430,162.3820,133.6130,58.0979,20.1126,18.8694,28.9623,48.4303,49.2118,34.6099,12.7759,32.8302,49.1489,60.2468,67.3717,64.4661,30.1053,46.2019,60.4879,76.7161,63.1649,46.0866,27.2216,15.4779,27.5614,28.1720,13.4858,6.9356,18.3390,34.0376,51.2989,60.6288,48.9677,40.5529,38.0421,20.6074,9.3090,18.6129,34.4953,44.9529,41.8537,28.8739,26.2882,48.2860,68.9065,90.8631,118.5480,127.6290,114.3150,108.7550,101.6540,86.3788,64.5445,61.3740,67.9649,56.8833,46.3005,32.8256,16.7010,11.5886,24.5207,33.0998,39.4227,40.1294,31.1283,31.9173,29.0795,29.4985,5.7774,16.8546,27.2821,21.9045,32.7095,19.0424,12.3524,23.3849,32.0558,37.9613,33.6911,42.5053,58.5532,51.1246,45.4262,35.5090
43444.7000,40985.6000,27650.0000,22333.4000,21105.9000,18653.8000,15476.9000,11751.9000,9200.6700,8612.6500,7576.2500,5090.8900,4383.8700,4134.7200,3977.8100,4815.4900,4482.7000,3517.5100,3156.8000,2645.4700,2207.8400,1716.5000,1439.9300,913.7310,647.4340,555.5510,445.6210,483.5290,437.5090,316.4950,163.8490,179.1230,212.4160,202.1480,167.5840,104.4630,86.9933,46.7824,38.3720,36.7043,72.1231,120.8110,199.2240,198.3850,206.1690,250.6060,235.6910,182.3090,200.8210,289.4470,323.7650,315.1100,333.1870,452.6260,574.2630,592.9800,631.3450,625.8230,566.7600,473.1280,442.7490,493.2040,536.5190,520.8470,447.9380,403.7190,467.9710,538.2870,524.3990,511.2800,509.9560,435.9630,382.5400,429.1620,357.2440,310.8640,299.1970,328.7230,364.5590,342.5260,354.4160,372.0740,361.1850,359.0390,343.7870,398.7470,480.4760,473.6550,359.6480,230.8270,200.7990,242.1050,284.7070,245.2850,174.6210,113.5240,66.2865,27.3365,30.7986,57.5982,67.0355,79.7608,115.3690,142.8420,152.5230,184.2220,213.8580,179.4330,44.5681,113.6680,232.8020,334.8730,315.3830,195.5210,109.3170,183.9940,286.0000,336.6540,346.1450,310.0170,171.4450,106.1970,165.4890,187.0240,113.5180,47.9628,49.5619,71.0219,78.4588,86.0912,99.0086,108.2590,113.2850,110.0650,111.9450,123.7850,111.2210,102.1040,102.9220,103.4960,81.7118,57.3754,54.3914,70.0000,79.4285,89.6048,79.8836,80.9536,104.7020,124.7340,171.8760,215.3280,231.0320,197.8330,197.2210,138.8600,95.9991,87.3068,74.7180,67.4967,45.5068,27.3852,54.1439,68.4864,75.1891,70.6225,51.5906,94.7906,83.4156,73.1250,55.9700,83.0523,136.5690,180.1780,183.8380,174.5610,162.1560,115.5470,69.6256,50.4998,46.5520,95.2884,135.1740,151.1650,160.2300,186.4970,211.4670,230.7240,213.1940,178.7250,142.2580,130.3350,132.9510,151.3590,170.8690,187.3720,221.5210,254.1530,248.4720,225.9460,214.9630,173.8200,87.9117,41.5183,56.0452,88.1646,100.8930,121.3030,110.2530,69.9892,38.8944,50.1242,97.4320,125.5980,155.5800,177.6680,174.6060,148.3740,126.5770,43.6300,15.6017,27.6753,32.1224,45.3952,38.1210,20.5462,19.5797,43.3041,58.6683,70.5413,92.1553,60.6084,52.7313,44.3422,61.9165,78.8698,75.1054,50.2639,33.1069,40.7488,47.7416,53.4024,53.6066,38.3001,13.8059,30.4801,64.2546,67.4341,57.3416,49.7977,43.3644,47.8486,30.9378,21.6590,50.2713,50.7326,39.4051,18.3024,29.6203,43.8549,78.7674,115.2480,144.9290,145.2740,132.0380,108.2410,91.6179,69.2138,63.3706,62.0537,59.8752,47.0801,37.1602,26.2775,17.3861,17.7815,23.8095,28.2314,39.5367,52.9801,47.0890,48.2006,42.7434,34.6535,17.1516,20.3897,13.4151,11.6756,6.0127,15.2945,29.7282,30.3760,28.1844,29.7810,45.8243,60.8806,60.7785,55.4824,50.9129,44.0090
42761.6000,40309.0000,27092.4000,21947.8000,20748.4000,18322.1000,15301.9000,11656.2000,9047.1400,8490.5400,7516.4200,4943.6500,4259.3100,4106.4200,3978.2800,4823.4900,4462.5100,3474.1300,3160.3900,2635.2900,2212.4800,1709.6100,1457.1900,952.2350,686.2260,579.1420,442.0750,501.0080,466.1600,347.9480,198.4020,223.5830,277.2410,273.3410,222.6920,131.9550,58.3162,21.1159,47.9631,59.7707,44.5249,62.7637,152.1980,218.6000,298.9630,335.8460,299.1100,218.3600,236.0980,351.8840,392.9230,396.9540,384.0170,475.5790,572.0580,588.5800,645.6280,646.8130,579.1850,476.9590,437.2450,488.4590,534.4320,520.9740,416.9970,366.5190,447.2800,510.7660,492.7110,476.6940,488.1000,417.8490,386.1880,437.4900,369.0410,328.0470,319.7830,350.6880,372.4670,337.9010,344.3850,364.2500,364.5730,368.6040,352.8030,404.0590,483.8750,484.4410,376.9110,251.8770,182.5530,224.5140,275.0530,247.8580,183.1320,120.6520,64.6785,42.2045,60.6017,77.7208,87.0687,87.2316,100.1910,124.3610,144.9950,183.8760,223.6460,193.7490,46.6259,110.3520,227.9570,324.5080,311.7590,194.7420,110.4060,174.2710,268.7940,327.0530,336.2420,299.5690,157.2410,112.6230,165.8600,169.9300,117.7380,59.5651,38.4859,79.5324,76.4661,66.8866,62.0751,83.9895,107.3760,97.1063,107.2060,115.1990,105.1050,97.3701,106.0540,95.2856,65.2529,40.5929,37.9818,63.3563,74.6630,88.8050,76.1006,71.4452,101.9090,126.8810,169.2480,230.6800,228.8220,195.1700,182.4840,148.8550,129.1110,116.2440,100.7840,87.0017,64.0309,32.6472,35.0050,57.8352,93.6029,82.1812,80.5978,89.7948,85.2306,76.6686,75.3690,83.9715,134.1720,187.7160,169.4060,153.1470,138.9170,110.9250,62.8634,67.0678,69.4229,101.9590,159.6520,145.2960,138.4880,163.5260,209.5070,233.8670,201.0820,174.3130,138.3370,125.9730,135.6600,155.3500,168.1330,188.2270,226.6890,248.4020,244.3930,226.0990,212.5960,170.2900,103.9060,54.2158,52.7887,85.0504,98.5814,109.0320,97.6344,66.3420,47.5125,77.0597,112.5450,133.9680,156.6760,192.0820,197.2630,152.9380,121.2460,41.2659,19.0819,35.4770,36.9906,37.3302,40.7941,24.5935,17.0863,46.9482,60.5643,71.7819,79.0843,63.4058,58.1456,72.4871,81.3842,103.2390,99.2305,70.8249,40.0210,33.9087,57.9150,61.2688,46.7157,22.9548,19.1245,26.6751,44.4110,58.6605,52.9471,54.7647,52.3156,37.5348,19.4993,15.6305,28.7966,28.5952,20.0574,12.9369,37.7508,58.9946,90.0881,124.1280,162.3960,151.0070,123.4370,108.5780,96.4281,74.4737,63.7474,67.9826,68.2369,67.2054,56.1545,33.0011,11.7714,27.4096,37.8300,44.1290,48.3365,48.1744,55.8878,48.5973,35.3498,7.6655,19.2298,25.8321,23.4606,11.8326,13.7922,18.1432,22.5890,28.8451,34.9477,33.6462,30.9913,38.7628,44.1466,43.9951,47.5083,42.1853
42297.2000,40190.9000,27230.2000,22188.3000,21090.4000,18624.5000,15566.9000,11770.3000,9184.5600,8627.6000,7543.4800,4995.0500,4313.6200,4126.1600,4043.0900,4875.0000,4477.6200,3463.8100,3180.7300,2616.0400,2219.0800,1713.0600,1431.1500,924.5150,663.6800,559.6730,449.4480,519.8850,472.8730,346.3290,219.0030,235.1850,288.1240,286.8920,238.3970,137.4720,62.2874,39.4302,69.0154,81.7051,65.1373,77.3112,150.7390,220.8470,303.1120,332.3300,283.6380,207.7510,212.6480,332.7980,384.7450,411.1040,401.6610,493.5070,580.3230,591.4700,651.4780,662.2500,607.0440,480.7320,422.5950,479.8770,519.2760,513.6540,437.5710,367.4890,421.2380,497.0090,489.9110,479.8120,485.7380,408.3150,378.1950,428.7720,378.5400,323.6440,301.5300,311.3420,357.0180,332.8720,326.6390,355.1840,365.6130,369.5300,324.5710,366.2290,453.8340,453.4240,355.8910,239.0320,201.3040,245.1980,297.7360,271.4310,190.9470,125.3070,81.4257,50.2957,46.8401,68.6295,65.3369,58.0850,94.7450,135.6300,159.1380,188.2890,219.3330,192.0480,43.3772,106.8580,226.4980,327.7390,313.7080,196.6130,106.9770,177.2290,292.3130,337.0460,338.3280,286.7970,160.4480,118.7020,157.1480,154.0750,105.2470,57.5389,50.8281,88.8591,86.2257,77.8604,63.5691,80.3313,86.5682,72.2386,84.6136,99.1208,102.2680,96.7208,109.9350,111.6120,81.6715,50.3715,45.0586,64.4416,78.5848,92.8453,90.4661,81.3280,105.6420,127.5240,174.6330,211.2340,224.4160,195.6780,193.4850,131.6880,88.4317,100.2910,90.0444,63.5792,41.9179,23.5332,33.6340,51.2339,67.4757,74.4514,72.5445,100.6040,93.7858,81.2095,70.4256,78.6665,129.2160,184.9710,169.8650,152.0050,130.6020,87.7006,52.7180,66.7571,75.5084,111.1600,142.2250,132.0780,142.4360,171.0960,207.4900,223.6010,198.1460,161.8320,127.5970,126.5190,135.2440,139.8960,155.6890,172.3930,210.4410,254.4360,248.9620,231.0420,214.8580,172.7700,95.0240,53.0082,59.4090,91.1540,116.3070,143.8310,143.1150,107.1230,66.6664,60.6850,102.2240,139.8930,175.7270,197.6880,189.1370,152.1980,123.8750,45.0890,31.7909,36.6975,51.9029,53.2749,41.9176,24.4021,21.7418,51.1453,75.5877,79.7500,87.0753,47.7782,51.3541,57.0145,71.9237,88.1660,86.7408,64.1143,35.5530,37.2225,60.1689,65.2763,59.8498,40.5238,18.3384,19.8070,43.5843,55.7340,56.0785,61.8901,54.2430,29.8008,22.5912,25.5068,25.3020,26.4824,25.0566,17.2290,33.6575,59.4827,87.6541,113.6530,144.0270,149.2970,127.4550,120.7840,111.5260,97.6597,81.4043,83.2617,93.4721,81.8586,61.7662,40.2255,18.2783,14.1036,18.0366,22.6579,33.0848,52.7000,50.1374,34.0399,24.7328,16.9506,15.6406,13.3471,8.9506,12.7033,15.7833,25.4620,17.3472,18.6928,25.6752,34.8468,37.1388,44.0583,35.8456,33.0643,47.7387,47.5288
43370.3000,41004.1000,27705.7000,22376.6000,21151.0000,18708.1000,15522.6000,11772.1000,9199.5100,8607.0800,7546.4200,5035.1000,4345.2800,4169.4500,4052.9800,4850.2300,4495.1900,3531.9400,3183.6500,2677.1300,2255.0900,1768.0100,1483.6300,982.9040,726.5400,577.5790,412.2630,457.7100,435.2960,326.9740,174.8560,205.7700,246.4760,233.8270,212.5220,147.8880,99.3886,36.2141,17.5848,10.5988,21.2016,51.4356,131.1770,177.8920,272.2510,306.3430,284.4110,229.3080,235.4950,354.2070,427.9780,441.3690,403.9400,485.7530,573.1480,598.1330,663.3430,668.7780,607.2850,480.7060,436.9170,497.8910,542.7430,522.9960,425.5400,372.9290,451.2150,509.3980,484.8930,466.9420,480.1480,412.2110,393.8790,448.0700,377.8730,325.5090,310.0100,335.5070,373.1030,342.4760,347.1140,366.5960,362.1970,353.3360,338.3860,391.2140,475.5620,474.0960,365.3170,260.4880,225.7430,254.1230,282.6620,242.4100,171.2400,106.5720,64.4401,61.3508,58.6631,69.9791,81.2757,77.2807,99.4003,143.0910,159.9990,190.4390,209.0020,183.6770,50.3372,107.6660,213.8790,323.0950,305.1650,188.3960,96.6640,171.9880,277.3770,313.2870,314.0080,277.6950,161.8280,110.5310,157.8380,159.0800,100.6180,45.0685,27.7562,57.5331,55.2248,51.0402,47.7638,83.5870,105.7630,104.0290,113.7810,97.9171,104.2490,104.5320,125.5180,111.3570,52.9680,27.3170,56.1128,68.9508,73.2556,71.1029,78.6997,76.1789,81.0957,99.6125,149.9930,210.4560,221.7440,198.8690,195.4280,143.2210,108.3030,106.1980,87.0376,61.8614,40.7208,28.3705,51.3870,70.4543,77.9303,64.7550,53.4210,69.2507,65.1438,54.1668,46.4396,84.6504,145.0810,185.2120,166.2140,142.5790,129.0390,87.2776,47.4124,74.2020,83.6063,125.2640,158.9400,149.2230,150.7460,171.9650,200.9950,214.8930,200.3180,176.3970,144.1390,140.8350,142.2130,136.5830,137.0950,180.6130,240.1840,254.5410,248.6960,232.0980,224.7950,170.9890,83.9455,56.8435,85.3864,105.4500,115.8520,127.1020,117.9890,90.0080,65.1256,69.6918,108.5320,137.2590,164.4200,181.4580,187.9600,147.8220,122.1760,41.5806,20.8245,40.2672,54.2928,57.3751,33.6735,22.5109,27.0139,40.5352,49.9673,58.7588,71.8869,57.5752,58.4886,72.6759,94.6155,115.0500,97.0075,61.6343,35.6926,36.2727,52.0966,65.2309,73.0037,66.6631,25.6678,14.3995,45.7339,60.5526,55.8175,54.8232,40.6048,27.9726,18.6645,10.3100,7.9473,19.8036,21.2370,35.4742,50.9411,62.2807,92.0921,125.5150,156.0280,141.9790,125.4300,121.1740,101.9740,82.4664,72.5878,81.0479,76.4617,59.8191,38.2420,28.2475,31.5797,23.0755,10.1913,26.8328,38.1377,45.9217,44.8661,32.6414,21.0921,11.7962,7.2396,4.8340,7.1209,6.2471,7.4542,19.7420,29.9133,31.6974,31.4975,32.2040,35.7920,35.0789,43.7211,52.6756,53.9672,46.1894
43027.7000,40418.8000,27153.4000,22027.4000,20815.3000,18371.2000,15320.4000,11692.7000,9097.4600,8511.9500,7543.3700,4989.5200,4284.3400,4141.1900,4029.8900,4868.5600,4514.0600,3534.8900,3175.6300,2675.0800,2249.2100,1754.4300,1471.1400,970.6450,712.9000,553.1250,377.1020,413.7670,397.7580,302.4430,157.5720,182.3760,225.7090,225.7250,204.6340,143.1330,91.1464,40.0274,26.5505,33.2431,36.2562,33.8428,119.7670,215.9940,303.2500,336.6760,323.5730,266.5440,246.5600,359.3310,445.0310,455.6760,407.3250,500.0430,587.8850,605.9940,667.8680,658.1140,607.6580,494.6900,441.9390,493.0760,526.3700,520.5430,438.0840,382.3740,446.5400,497.1020,477.0580,460.5480,464.8530,396.2180,367.8600,429.2840,380.8030,321.0220,299.6730,312.9420,373.7400,347.2050,331.3950,353.7840,351.2010,353.7300,333.8100,385.9160,472.9430,487.3350,381.8910,255.5140,198.6960,237.1800,277.5030,248.9390,178.7350,104.5470,63.6505,46.9244,40.8435,67.7852,72.3244,63.7713,93.9033,126.9980,149.3450,183.4780,229.3500,208.4580,50.8267,100.5810,212.4440,306.4240,286.7530,180.3950,106.9690,174.7300,263.9560,306.6530,311.3360,275.8390,159.6740,123.3200,168.4060,157.1160,104.6220,53.1057,28.3186,42.8840,40.1402,32.2728,41.4021,82.8474,87.6814,89.8114,102.9260,120.8000,113.2240,106.6300,98.1978,85.5739,63.7472,40.0974,52.5146,73.3938,80.0698,79.4412,63.5803,65.2658,89.8360,113.6310,155.7170,225.1850,244.5730,210.6830,209.6210,146.0800,105.3560,109.6480,92.0514,66.2982,44.7396,25.1757,68.5092,76.8941,76.4426,56.8501,62.3698,68.5379,63.0927,53.9891,59.1091,92.5107,140.9370,171.4160,153.9840,135.3500,117.8000,76.5821,38.9899,61.5095,79.2726,129.5040,172.3280,163.6820,160.5230,182.4020,214.6680,248.4360,222.8090,175.9910,136.3420,128.1750,131.3470,141.4090,158.2560,179.9820,212.5650,235.3260,232.4250,217.8960,217.7990,173.5700,81.5823,46.4401,57.5893,79.9874,101.9790,130.5590,136.7570,98.7934,72.3651,78.1985,109.7820,144.8580,179.8500,208.1500,197.0110,156.5140,114.9520,31.7871,26.3624,43.8760,34.7671,41.5166,33.4971,23.6732,14.9646,45.2953,59.9425,62.7237,75.2339,46.7009,63.3024,66.5239,77.9187,89.8597,83.0022,64.9860,45.5322,32.6520,32.4848,33.7202,34.2648,26.4337,9.3018,13.1398,35.3247,57.8849,50.7923,55.3121,43.7196,27.5663,16.2549,13.1164,19.2943,27.8914,36.3566,43.9696,52.2688,60.8302,75.8904,104.3630,129.8210,133.7000,115.2660,98.7964,91.5208,89.7519,81.9334,64.4173,57.7403,58.4215,43.4392,22.5707,16.0698,29.2270,33.3367,36.5738,39.6564,55.5697,59.7967,37.1844,25.1579,11.5021,10.4157,17.2692,21.8629,18.3535,17.8150,23.8200,43.9214,39.2211,37.1937,21.8796,28.8987,45.8210,44.3877,44.7322,50.4050,47.8941
42156.9000,39996.9000,27071.5000,22044.8000,20937.7000,18510.0000,15476.5000,11727.9000,9110.9700,8554.5600,7501.9000,4909.3200,4222.2900,4089.6600,4035.8100,4880.4200,4489.9700,3504.0700,3211.9800,2697.3500,2281.1400,1779.0500,1500.0300,990.0420,733.7590,599.4620,425.7130,476.4740,458.2180,347.9090,227.6620,254.8600,300.3270,303.6250,273.6370,160.5260,85.7108,75.5635,86.9316,99.4065,100.9430,105.1970,164.0270,257.9590,342.1420,351.1520,307.0680,241.1460,254.9870,382.6650,448.0500,462.0120,427.6430,520.9680,571.5220,558.7400,635.5120,650.7560,604.1480,488.3890,436.0140,494.4360,536.0070,531.3050,435.0000,367.6030,438.7280,502.4910,484.0770,468.6900,474.7760,417.5890,374.3340,425.8980,358.8190,311.9210,299.6580,330.9490,371.6360,335.8100,341.8050,362.8690,368.9270,359.3400,354.4910,405.9920,490.9580,493.7310,380.5100,254.9750,199.5200,228.5540,262.7940,242.7590,166.6510,88.3288,47.6290,40.7886,49.1960,86.3864,107.9140,93.6293,96.5644,128.9970,151.1440,185.8960,224.0420,218.5800,59.7384,118.9680,222.7600,317.4930,294.7010,191.3840,111.2800,167.4560,282.6500,327.3160,329.8770,278.5950,154.4250,107.1290,157.2680,180.8450,127.0550,69.9137,23.5706,55.7917,56.5765,47.1597,40.4044,78.2654,99.6243,106.8750,116.2500,103.5920,107.8650,101.0100,113.5340,85.7797,54.0647,48.1678,46.2155,60.3615,72.4736,93.7499,79.1495,55.9279,73.7900,110.4350,150.8310,228.8940,244.9020,199.1210,187.7130,136.5840,109.6800,107.5150,94.0876,66.6755,37.6483,11.3239,48.2882,62.5810,72.9797,65.3536,41.2153,62.4826,54.2945,47.5493,39.4877,66.0129,116.8510,160.8160,145.0610,130.9390,117.4250,91.2430,48.3401,78.3722,82.9189,124.7210,167.0320,174.6280,170.4220,189.5490,213.8050,240.6900,215.2850,164.3660,127.3000,125.4400,135.8760,136.7900,153.3650,184.2100,212.3070,241.5330,242.6770,224.4580,210.2700,166.1070,89.8922,46.1516,53.8217,83.7352,102.9460,124.2460,123.8820,94.6260,63.7091,64.2147,104.5810,142.4770,179.9950,206.7820,198.5050,158.5520,114.4000,36.1850,35.7765,53.6845,48.8137,54.6509,36.3239,22.3704,31.7093,57.2400,59.3602,58.8453,54.4923,32.6465,44.9635,67.3497,95.8695,109.1880,89.5529,68.9397,52.9187,49.0227,58.1075,64.9598,58.7227,35.3157,29.4714,33.0221,47.2093,71.9772,62.2291,60.4154,34.9941,23.8376,10.9041,10.9002,34.2621,37.5839,21.7843,27.8785,51.6856,65.8942,97.8569,132.2070,162.7460,127.0220,106.2370,118.9320,101.6000,73.5013,59.4443,70.4990,64.2005,49.4043,42.9868,31.3982,22.0377,21.7140,23.9354,32.2399,41.1930,50.4288,50.3222,46.6780,39.0371,34.7360,13.3804,5.9088,9.2224,15.4158,26.6645,26.8527,23.2597,23.2968,24.6353,27.8907,31.7505,47.5454,51.9849,49.9655,53.5584,49.7328
43181.5000,40916.7000,27705.5000,22396.5000,21198.4000,18771.7000,15593.3000,11829.1000,9250.3600,8641.5300,7565.4800,5056.2200,4342.0900,4145.3700,4071.9100,4914.1600,4573.3700,3621.8600,3257.9600,2763.6300,2341.9000,1874.7100,1573.6700,1075.6500,846.5770,656.9510,435.3940,433.3040,448.4570,366.5800,207.9350,209.6500,242.0810,239.7780,225.7430,164.5950,112.0460,53.9187,24.7948,44.0544,51.1472,28.2014,97.3028,191.5620,302.4870,353.3190,315.5030,259.8070,267.3070,383.0720,459.8980,479.5900,440.9180,529.8190,589.2480,582.8230,660.9050,674.9360,624.9650,508.3800,444.9610,490.9270,549.1290,557.8790,440.7470,359.1810,431.4160,503.8170,490.9340,475.5620,478.3360,403.0720,369.5780,428.3720,361.0770,311.8070,299.5760,328.7490,359.2510,325.9650,331.8480,351.2270,358.9510,358.3460,343.2620,386.7820,482.3830,491.6550,375.6280,245.5410,199.4470,232.7830,256.0800,209.5910,155.8640,101.7980,47.6625,37.6360,60.1547,84.5900,98.4729,88.1678,101.2740,135.0320,154.0600,185.4010,216.3520,198.2460,46.9902,129.0760,241.8460,340.6240,313.2880,197.8940,117.1710,185.1170,280.5580,319.6110,325.9170,294.9630,165.0540,104.5140,166.0680,162.3150,102.2670,51.3321,19.8416,41.1314,48.3340,48.2854,44.6132,79.2934,104.1580,97.0258,112.2060,114.9530,107.4280,90.5851,93.7690,87.2638,50.4294,19.9696,33.4372,61.6198,58.6556,61.7379,60.5553,63.1000,81.7211,115.8700,155.8380,232.0070,250.8050,216.4460,198.5160,153.2670,110.4880,107.6330,95.4599,70.0410,41.6869,20.7898,55.4208,81.2957,92.7460,85.0179,57.3379,68.9102,55.3872,48.9743,55.5389,86.2649,133.7750,178.5210,159.2230,141.3110,124.4920,93.4899,49.2508,77.6924,78.9873,123.4750,160.0870,158.9700,160.4090,181.5610,210.8660,233.4190,211.6600,178.5690,145.0920,135.2720,136.7580,153.3790,176.4390,200.3910,227.4560,262.1000,265.0610,240.7550,221.0680,179.2290,107.8060,54.0768,73.7488,107.6130,116.5470,120.6020,98.3524,68.5581,45.5877,58.0047,106.0880,138.4600,174.2040,199.5970,188.3540,147.1000,105.8280,29.0730,28.8654,51.1388,61.9988,45.9892,18.3545,20.6330,34.7219,48.1237,80.2451,85.4953,85.3627,38.7310,40.7906,63.7386,92.8957,117.4010,95.6573,70.2278,57.4713,52.7463,56.9434,58.4402,52.6470,29.2579,14.1748,22.2597,46.6423,64.1213,50.1287,47.7805,36.3103,30.2891,17.4509,11.7185,19.0259,36.5379,31.0658,22.8210,42.6770,65.4558,89.8485,110.9480,136.8460,130.4340,109.2150,110.4230,99.3239,83.8299,68.3168,72.3591,76.1633,48.7636,25.4836,29.9346,35.9395,27.7943,18.9752,32.2815,49.4400,63.6465,58.2477,44.5306,38.8592,35.9198,37.3062,18.6133,8.2650,6.6514,9.3532,19.1659,18.6312,19.7497,21.5078,31.3657,45.1189,43.2390,44.2182,59.8886,61.6251,52.0028
43362.7000,40765.6000,27397.0000,22156.3000,20940.3000,18503.4000,15398.9000,11748.9000,9187.8500,8608.5500,7618.8100,5042.1100,4309.7400,4197.9300,4123.2300,4940.5800,4573.1400,3588.8900,3244.5900,2739.9600,2316.9600,1810.3400,1536.4100,1049.8100,785.9380,610.5610,397.0270,391.3200,399.8230,322.6820,166.4510,181.0610,236.5600,242.1160,225.6590,162.8700,112.0180,47.8173,17.0117,23.3198,13.9797,44.6176,137.1380,192.2460,297.7400,329.1530,302.6470,252.1080,253.2250,355.2720,433.2670,445.0690,402.0010,501.2300,579.0590,579.4080,641.4380,639.8380,595.8220,477.2370,424.8190,484.7760,553.4380,552.7080,446.4940,376.8480,453.9820,527.0290,498.8490,472.5660,458.5320,397.9140,358.6200,418.4430,346.3060,297.4170,284.9860,321.8000,361.2540,326.0720,335.0200,357.1410,354.8250,349.3680,330.1500,378.6010,462.2470,470.6470,365.8880,242.1480,185.8770,221.0230,265.7610,242.1100,168.4800,101.3970,54.6546,29.7945,47.3437,74.6602,78.9113,80.6421,105.8400,134.7550,151.1200,182.0860,214.1440,199.4180,53.7395,131.4560,232.9730,334.0970,311.2250,205.1450,118.7520,165.9300,279.8200,325.8500,332.9150,299.9820,177.1370,115.8200,178.9410,188.4860,119.0040,57.6717,19.7279,63.7490,59.8291,57.2958,38.9274,71.2035,94.1279,87.6983,97.0475,109.1670,116.8880,95.6658,93.5811,63.3284,35.8519,29.3968,53.6095,76.1734,79.0618,86.7892,81.6604,82.5062,96.8906,127.7230,172.3990,256.2230,273.9370,228.4060,209.7790,161.8600,115.5780,101.5970,93.9796,67.3228,37.7088,9.2793,60.0201,69.4195,78.2233,69.1690,63.1243,85.9761,84.4007,73.4962,73.9905,95.1467,144.4440,189.2420,173.7560,157.5840,141.6300,104.9200,65.1122,79.8320,79.1039,118.1870,150.5650,145.6110,152.8840,177.9910,202.4700,210.7230,206.1800,180.5140,143.3260,137.0210,138.9350,135.9620,147.5990,185.8910,226.4970,262.1050,262.5590,239.0770,216.2880,170.6140,98.2202,49.9599,66.1479,94.0408,108.6170,124.2330,130.2270,89.5362,47.3175,66.8379,116.4210,144.1670,166.5140,189.1130,181.4390,151.1730,112.6870,36.8672,23.2005,44.5370,52.3662,44.2704,31.9028,19.8421,27.3530,57.7437,72.8448,79.0906,79.9540,64.3025,34.7039,51.9579,82.1651,93.0330,88.3463,69.3665,47.8463,51.6691,58.2036,60.8750,56.0414,37.9516,20.4792,44.5869,75.4536,58.4389,53.6485,53.6300,61.2508,33.9497,24.7053,25.3460,42.4274,29.1975,21.9381,29.9161,45.5761,71.4765,103.2730,132.8930,153.5330,138.3380,113.0840,105.5720,93.3478,92.9530,84.2386,77.0259,62.5719,59.2186,52.7365,37.3198,27.5309,26.4208,25.3488,26.6798,36.7134,51.5982,56.3533,46.0112,40.0834,26.6757,23.9554,18.1998,10.9391,14.9325,19.6570,27.5607,19.1229,17.7000,19.7511,29.6340,42.5198,41.4158,34.8277,38.2216,44.2054,40.4717
42254.1000,40061.5000,27069.0000,21980.4000,20847.3000,18458.4000,15431.2000,11748.3000,9122.3500,8514.0100,7466.2500,4861.9100,4174.6200,4060.2700,4012.8300,4881.4400,4488.1600,3488.9700,3186.9900,2682.2200,2290.1100,1786.5500,1522.0600,1041.2000,798.6260,639.5890,416.2910,463.8890,460.3550,355.9390,208.7250,230.7280,284.8080,277.0690,246.0750,146.1510,61.6203,30.0750,69.3005,81.8901,52.1708,85.1939,205.4010,270.3610,344.0460,392.3840,349.3050,260.8250,252.1320,338.0250,386.8800,385.2480,368.2630,466.4020,560.6120,569.3380,615.7200,614.1150,564.8330,464.1700,415.8490,464.8060,502.1770,492.8920,405.4080,357.3900,424.7170,481.8160,471.8500,464.0350,484.3370,404.8770,387.8930,438.3810,384.8260,331.2540,308.4840,335.8380,370.0890,340.7900,357.3910,373.7960,369.5390,358.4100,347.8670,403.2090,492.2920,497.5490,388.3690,260.9790,208.1270,245.8910,283.6800,244.0230,169.5300,103.5810,53.3107,29.4869,40.2045,51.9892,79.2259,96.8007,113.5920,138.3290,152.9580,181.1990,216.4650,197.1470,44.4268,119.5940,239.1190,325.8700,320.9620,211.6010,123.5880,186.0560,280.3150,321.1050,328.2380,295.3470,177.4360,129.9470,170.8750,169.6880,122.1160,65.9530,34.4090,66.1352,63.5081,49.9426,54.2991,100.1480,116.7010,95.6045,101.9810,105.2630,98.6150,87.8307,88.8324,88.2666,58.8582,34.1843,47.6828,75.6481,86.3626,102.1880,80.5242,63.2997,94.3374,129.0080,177.1410,251.4960,266.4780,224.1550,219.1430,160.3980,122.7960,120.3350,98.0456,66.6932,35.5123,9.5663,40.4935,60.0288,79.5008,67.8529,65.2457,67.8129,65.2326,62.2153,64.0744,78.4269,126.0280,175.5870,156.2310,143.2290,132.4260,115.3210,70.6865,94.0562,77.8375,119.3470,154.2200,158.4940,165.0830,178.2410,205.4280,224.4370,198.1190,168.7000,145.8550,139.6010,140.3090,152.8170,177.4510,202.2470,234.5970,259.9290,258.6710,238.9870,228.4880,186.7950,96.2889,44.6951,76.9415,111.0070,115.6190,125.4320,117.9900,88.2383,57.2510,54.2602,83.1921,115.2560,154.8290,205.4530,190.8960,145.7540,101.8580,25.0151,26.5759,48.3140,61.1815,42.0261,21.1742,14.0547,30.0696,58.6375,79.2042,83.6198,86.5941,51.2557,22.5745,31.6535,54.6247,84.3447,89.4172,61.3312,40.6062,44.7841,56.6946,64.7732,63.2433,35.5708,16.1092,24.9955,40.1716,55.7391,56.9668,60.0592,52.6202,34.7158,21.3877,15.5541,20.5444,36.1877,23.5742,13.5276,51.9047,71.6853,96.7784,122.4620,161.7000,154.5680,120.3650,113.9340,104.5500,102.7670,90.2686,78.6339,70.1940,59.9805,45.3276,32.2001,22.6574,12.6044,21.4501,34.2173,44.1318,38.7901,28.7119,30.6259,25.7624,25.0557,8.1244,12.2110,8.2843,5.1136,7.9869,17.4295,20.1880,19.9999,23.9777,29.5655,29.3916,37.7384,49.3590,44.9506,42.5775,36.5358
43062.5000,40822.6000,27717.3000,22457.2000,21260.4000,18848.4000,15677.5000,11887.3000,9293.9500,8691.2200,7571.8900,5022.8100,4338.8300,4227.0300,4213.7200,5013.9400,4608.1600,3624.6300,3307.9800,2785.2900,2362.7200,1865.5100,1571.4000,1075.6100,827.1460,639.4930,408.5220,431.4470,435.9880,349.9460,204.8030,219.6410,261.5340,271.0660,248.7490,170.8360,102.3660,39.6333,20.2797,18.7100,31.8377,59.0021,193.6070,262.9940,353.3720,419.7830,397.3170,306.9560,280.5870,348.9750,386.5570,414.4040,433.9690,537.4170,600.3500,583.1190,619.8540,605.7310,552.9360,496.5390,470.7420,508.4480,531.7900,516.9250,418.7010,361.8800,438.7520,509.5710,491.6520,473.1980,474.1010,401.7360,382.1850,444.3350,378.9950,327.7860,309.5560,339.8640,378.5090,354.9320,359.0710,365.6130,346.4020,334.4830,326.1890,380.8790,454.1210,444.1480,335.5400,228.2230,202.8220,234.1130,261.8290,230.5400,174.8900,108.7930,61.7490,25.7928,20.2033,45.2000,67.3519,86.9532,113.8680,133.5290,148.4530,174.8350,205.7540,178.2590,37.2582,117.6060,238.6100,340.8790,329.0350,206.9540,131.6940,192.7080,275.8420,319.2390,324.9850,287.3810,159.6650,112.4440,164.1650,162.6810,109.3380,68.2601,43.5028,52.8854,63.1703,65.2453,64.9977,81.7494,105.6080,104.2140,111.3700,125.7340,118.2480,103.1340,115.9390,110.7460,62.1501,33.1836,71.6376,102.5860,112.3890,111.1820,90.6470,81.3608,97.5448,120.7410,174.6060,226.5980,230.3540,203.6530,204.6670,165.9430,120.5230,102.5280,80.7894,60.8954,39.1820,16.7970,25.3277,42.5358,47.9647,40.6696,57.8791,78.9122,75.6263,69.7210,66.3505,84.8221,130.4340,178.8470,169.0680,152.5490,135.3330,114.8800,64.6993,91.3071,75.9153,116.7070,158.1350,177.0800,172.6760,179.7790,200.5610,226.9310,199.1560,169.1890,149.1520,147.0300,155.0850,151.5940,160.9920,185.9130,233.1720,268.8290,264.4710,241.0810,220.8520,173.4270,87.0988,47.3348,88.2986,107.3980,113.9280,125.1450,138.2450,99.7746,59.9638,47.4990,94.4825,128.8510,160.9940,176.1530,178.2310,156.5560,139.0900,38.2511,27.8624,46.1650,44.0626,46.8300,35.8955,17.6732,28.7025,52.6216,71.3800,83.0370,103.7420,67.8361,53.6434,52.7782,72.0449,94.7973,83.4817,60.4268,41.2747,38.8608,50.9725,59.3018,60.1910,30.8556,14.4800,22.2618,45.0359,53.8510,45.8035,44.6888,35.4027,28.6446,17.1350,11.0275,21.4185,22.2971,18.8098,25.6016,36.4378,58.5670,92.1612,124.7810,145.7310,134.0120,113.0430,109.3110,106.9180,102.3560,94.7327,84.6957,87.8756,76.9962,47.0482,29.3315,26.8865,25.2163,22.2556,32.8838,43.8638,44.5474,55.5125,53.2331,41.3967,29.0108,20.4971,13.5167,10.2336,12.8310,28.1157,30.0476,28.2310,25.0074,29.3377,29.7731,27.7369,41.6365,54.2465,54.0396,56.1324,50.0351
43609.1000,40967.9000,27573.9000,22271.0000,21041.0000,18633.7000,15476.1000,11822.9000,9236.3200,8601.2600,7557.8800,4957.9200,4264.3500,4253.5900,4248.1800,5045.3400,4640.9800,3654.5100,3252.4900,2755.7000,2298.0700,1798.0700,1521.1200,1039.0200,800.0870,614.7980,394.5780,364.6400,376.6480,302.3330,129.7990,134.5040,186.7990,193.6450,173.5770,104.2700,67.4685,27.1508,32.6930,43.3936,62.0426,137.1140,246.0700,293.4670,356.8680,404.0330,351.1380,257.9980,241.2670,320.2930,362.6530,392.0780,390.8150,482.4750,564.7720,554.7990,600.6710,616.4210,575.2170,489.8320,437.9560,487.6370,519.4410,514.7250,422.5430,366.7570,447.0520,514.9000,495.5620,478.0820,482.2840,417.2830,379.3300,439.3450,367.9380,312.4050,294.8860,322.5690,371.3620,348.7570,352.9500,372.8950,354.4690,343.4090,310.5490,369.1030,475.7050,472.4370,357.5180,236.7530,193.8720,221.4420,249.1310,231.5450,172.8000,110.1660,64.7140,32.8609,24.5524,50.1198,75.6685,83.8613,99.0199,127.6240,160.0990,188.7280,223.0320,201.7360,44.5647,119.2830,245.3440,342.5980,319.7620,206.5270,129.1020,194.5320,282.7540,324.5290,333.3050,300.2160,177.6320,126.6320,190.3970,193.8010,126.5340,65.7597,28.9584,52.9574,61.1291,61.8676,57.7284,85.2573,116.0920,105.4450,108.7580,117.2740,111.4500,95.0972,104.0720,110.3880,89.3723,53.4656,50.0689,81.7475,99.3771,105.8930,87.4505,81.2203,96.7228,127.8940,179.7440,255.1980,255.7510,212.9880,204.9330,163.2030,119.9750,100.6190,89.7854,71.6540,47.7232,15.2225,34.7241,46.4413,64.0264,52.8616,55.6831,73.7642,70.4236,64.7294,54.1511,67.8493,113.7450,151.2720,148.5530,142.8120,141.2110,118.0370,73.7862,93.4388,88.8526,133.9470,174.9760,166.7540,169.8920,191.6490,226.8040,242.8990,216.6250,192.9200,163.9500,159.9180,146.4920,149.4760,178.4950,181.8550,212.6390,273.5990,277.6080,253.6340,227.2710,177.5800,87.8339,38.6322,70.8483,97.5561,95.8472,105.6530,102.1380,67.5194,36.5047,28.3803,79.5563,112.8030,150.1020,180.4130,179.2500,144.9570,112.8630,31.0739,20.9024,41.9340,48.9373,42.3819,25.1966,15.1539,12.1336,42.9007,68.9137,72.8150,85.8816,46.6879,50.1735,47.9082,59.8887,78.0392,77.7297,52.7941,29.1676,28.0266,46.5404,52.6307,49.1292,25.8278,26.0168,49.2061,57.9449,48.8923,49.5143,51.2939,59.9978,44.1632,20.3584,9.9435,29.4701,27.4850,17.2466,25.5599,49.5307,72.5182,106.4730,140.0120,162.1640,157.3470,145.0250,121.0980,102.0350,103.0180,105.5840,89.8827,62.9174,56.5521,44.3087,28.6471,20.8332,12.4315,5.2479,21.6024,31.9020,41.6129,42.9739,22.4066,12.1748,3.7848,7.7541,16.1753,19.3952,13.8254,11.3105,21.0100,25.6074,24.9780,22.4468,36.6799,48.4204,47.3328,54.5816,55.1675,56.8684,48.2738
42407.4000,40072.4000,27067.2000,21959.8000,20800.5000,18448.6000,15398.3000,11741.1000,9078.3300,8474.8600,7437.8800,4782.6800,4101.2200,4100.2400,4141.0100,4990.2900,4552.7700,3551.0700,3223.4100,2727.7500,2302.0000,1799.6800,1536.0200,1036.4200,798.5130,660.4110,434.7140,453.1310,451.8680,349.6880,206.2070,228.3880,288.6620,290.9510,260.3960,149.1220,69.8669,57.3011,59.2108,62.0429,39.1615,72.3272,200.4370,264.0300,327.7640,362.2640,328.4440,248.9710,252.9510,351.7270,389.1810,387.2700,388.5860,498.7250,575.7730,571.3030,615.5950,607.5140,565.6910,483.6960,439.8490,490.6950,515.8150,516.0260,436.4000,362.0520,436.3180,522.5810,501.3640,481.4540,475.3590,415.7140,381.3520,438.6750,373.6170,326.0230,312.8360,335.6520,373.6150,350.8390,359.8170,384.5590,377.6830,367.7680,334.1780,385.8430,487.2190,501.3170,389.7850,262.1490,213.6940,248.8280,284.2430,244.7540,183.1850,119.1480,68.4435,36.9503,34.4106,46.6077,54.2468,58.9673,96.9527,133.6100,151.6710,176.6020,201.6370,183.3940,40.2097,113.5480,234.7810,332.6730,317.8750,211.0060,135.7510,186.4950,264.3510,313.6290,333.1970,312.4710,179.3050,102.0740,144.6000,154.6010,106.7860,53.6590,27.8574,67.3209,63.4129,59.7308,55.3342,85.3959,98.1295,93.6763,99.1712,119.7320,114.5760,98.1900,96.8341,97.1647,75.5097,47.9317,56.0809,89.6866,105.9420,121.7400,100.5350,86.5109,101.3730,130.9730,171.1720,247.4890,258.2410,214.7250,199.1690,167.2860,134.6040,111.3150,105.0920,91.2981,62.7654,23.5126,41.6543,55.3444,76.3965,62.9643,58.2403,75.8602,67.9086,63.5300,53.8480,60.6276,102.5650,153.2420,151.2430,145.3120,143.4350,128.5660,80.0479,93.1917,81.3528,132.2840,173.0370,170.4340,176.2090,199.7540,238.1430,248.6090,219.9170,195.3060,164.3210,160.2640,161.3930,161.9990,169.8150,180.6170,223.4860,261.1350,247.5520,219.2190,191.9700,157.6830,93.6852,44.4965,55.1881,80.7387,92.8855,117.2310,131.4140,85.4138,45.2375,43.8358,103.0170,135.7600,167.3960,186.1380,179.8620,150.6570,121.8140,38.3248,18.5431,38.9871,51.2233,51.3931,32.9862,25.1744,23.2228,52.4332,67.1600,73.6808,85.2156,57.2039,55.3449,59.8867,77.9554,89.4528,72.2421,58.2180,41.5816,33.4098,46.1724,57.6401,61.6325,37.2541,16.9505,27.8870,61.3519,69.7250,54.1168,47.0059,36.7314,33.2560,13.8113,8.8351,29.4087,24.4541,28.8254,50.4565,56.8367,77.8660,120.1140,159.6070,166.6660,142.9170,135.1590,133.3430,117.6870,97.8278,85.8656,84.7147,88.8226,77.9453,48.5994,29.0132,18.3672,15.2652,8.4740,22.3624,32.0144,41.1108,46.3500,39.2699,29.9768,19.4120,17.3175,17.2118,15.4668,17.5064,19.1934,14.6384,16.0336,26.2538,33.6766,32.5708,28.0287,41.8286,42.0528,35.8491,43.9749,44.7916
42862.2000,40684.9000,27666.2000,22438.4000,21248.2000,18857.6000,15682.5000,11908.4000,9294.6400,8662.9400,7522.3100,4940.5400,4282.8400,4229.4700,4244.3800,5042.6100,4608.6700,3611.0900,3283.3500,2768.6400,2355.1400,1845.0000,1555.1300,1084.7700,840.9160,663.5050,441.7520,461.0990,461.1210,366.4720,224.1980,244.5880,288.4990,291.8040,253.6840,158.4700,89.7664,50.1894,55.6454,68.6644,59.4419,53.1281,140.1550,206.9140,296.8260,341.2340,315.1940,237.5750,256.4850,365.6690,405.4050,400.4260,398.1500,511.4220,604.7070,604.3010,636.6700,620.9800,583.2980,492.4280,441.2660,473.2070,508.9390,515.6910,436.9160,381.9500,457.4800,527.7010,510.2280,489.9010,486.1340,408.1280,360.1320,420.8080,364.8710,315.4050,300.0520,323.3170,372.0710,342.4760,342.6100,367.6110,360.5300,347.6530,327.0140,394.3190,488.5480,486.4730,382.3390,260.4620,206.9450,242.2860,287.8370,264.2630,197.0330,125.2540,71.9172,38.1333,30.4508,41.3500,68.6920,89.1184,113.5340,145.8000,169.7450,201.3520,228.4750,198.8760,50.4913,106.6490,235.5280,326.8210,303.6270,200.7980,127.8640,186.6940,280.8210,333.8480,350.3070,318.8100,190.3050,134.2790,185.8280,187.9040,132.8690,78.9909,42.5916,43.7396,45.7433,35.4590,48.1534,92.7685,109.1480,99.2581,117.3850,122.7490,114.1820,102.2020,104.5920,96.6709,56.5782,37.5485,56.0830,73.0351,84.0242,95.7476,86.3456,72.8759,92.0227,119.9210,179.9560,243.8410,258.6220,224.8040,209.1280,164.4880,120.6480,108.3040,99.7484,85.1370,62.2566,33.0414,44.6674,71.5200,83.3809,66.4215,45.5171,61.2205,65.0801,66.9394,64.9177,69.5611,113.0770,164.4240,163.9020,157.2190,150.3970,119.0850,61.3832,74.8781,62.9807,118.3590,163.4950,174.3650,180.7290,199.6940,231.0340,245.4740,209.7650,178.2070,158.6750,153.9830,149.3460,142.9910,158.7020,184.8640,226.3700,259.3680,243.8680,217.0930,195.1580,161.6280,92.0366,47.3776,56.4164,81.9248,99.0743,120.5780,124.1960,98.7702,65.0792,50.7282,97.8311,138.4450,174.7790,187.0100,179.5210,150.0100,117.5060,34.3854,16.4659,27.5507,22.4739,33.7137,31.7717,16.3235,29.3318,45.5078,54.9942,62.0057,77.1989,55.0916,66.7531,78.2487,97.3199,111.8830,80.7208,58.3509,37.6728,26.8172,45.6661,56.0326,55.5168,27.7116,18.9505,36.9583,60.2641,63.8252,48.7052,41.7975,37.4252,33.0625,17.3385,17.2680,28.9998,29.7585,29.1021,32.2404,47.2253,75.4093,107.9850,137.6180,158.8640,148.4270,124.6970,117.4760,103.5400,98.0351,89.8965,91.9938,79.5495,52.8546,38.8273,39.5858,37.9069,28.7987,24.6187,40.5469,54.1845,56.7381,45.3761,39.4809,30.6205,22.3297,7.7007,2.7810,4.9488,17.0092,32.6508,39.2790,46.8762,55.1904,63.9003,61.5470,56.2612,52.0330,44.3525,42.4412,51.1941,48.1709
43730.8000,41130.5000,27773.6000,22428.7000,21174.7000,18775.7000,15522.5000,11834.1000,9271.3800,8646.1300,7553.2500,4991.2100,4338.6400,4294.0300,4263.2800,5040.1200,4618.8400,3632.0600,3253.0300,2763.8100,2332.6300,1835.9700,1544.1700,1050.2100,813.0620,619.0330,392.7270,371.9400,382.4900,303.6020,136.8080,152.5330,198.0530,202.8880,191.3040,120.5840,80.0913,28.5734,20.4641,21.4736,28.0391,79.6526,172.0700,193.1420,253.1870,277.9350,254.4420,203.6230,228.6480,335.0320,391.4080,388.6760,374.0970,485.1630,589.2380,611.4920,670.3470,664.8560,622.3300,507.9660,459.1530,512.5290,554.4080,547.3290,449.6750,398.2680,478.1550,544.4690,521.2520,494.3490,477.5820,388.3690,341.7820,393.4920,346.7910,313.8350,310.1390,328.5850,355.2990,342.9150,352.7470,366.0020,345.0580,335.5490,315.6240,380.6310,488.0580,485.8910,377.3700,253.2430,202.9310,241.8610,291.5220,269.4100,194.1880,124.5760,73.2778,29.5509,28.6389,58.8528,80.4333,89.6029,112.4760,135.3180,142.7890,174.9310,208.8620,185.4590,45.8987,114.0160,229.7430,320.5720,297.5620,198.4760,120.0320,164.8840,264.9930,315.1810,330.1290,301.2600,178.6720,113.7150,162.3880,171.7460,115.0520,60.4838,35.4714,52.8494,55.6535,46.1622,42.6109,69.1000,86.9339,88.7779,100.4250,120.1530,101.8880,83.9453,82.3623,86.7003,58.2614,30.9375,51.8076,83.7715,96.1168,104.4560,84.7619,82.0103,97.1624,118.5670,169.6980,247.2890,269.1620,228.7590,209.7130,165.5500,120.5010,103.3810,94.2116,65.6605,30.5669,19.8183,65.1584,78.5645,71.8762,64.7471,48.0338,77.4487,69.5232,67.3444,74.4868,91.5028,116.0420,157.4750,180.3300,171.4870,165.4580,112.0090,55.2098,51.6024,55.4835,118.3850,163.6260,168.1510,171.7560,195.3000,237.5460,261.4560,225.6810,188.4990,151.4090,142.0660,143.6320,149.3530,163.3270,176.5600,223.4760,255.4870,242.5140,222.1140,205.0690,165.2290,89.3747,45.3206,59.8823,93.1275,110.4110,130.2770,123.1780,87.0842,53.4894,54.8009,98.8647,135.4890,175.3110,200.6960,190.0110,154.6040,118.7110,34.2605,31.4220,63.4649,47.3357,32.4662,32.6345,19.0829,11.8072,46.7391,63.4946,74.0369,80.8310,67.2833,41.9394,54.4299,87.8092,104.3280,100.5970,71.3711,46.1951,49.9942,56.4691,51.6227,44.4124,39.3845,9.7148,20.2950,47.0975,51.6724,40.0420,36.4668,35.2216,16.4965,23.8410,24.9896,38.6283,38.9268,30.0945,24.9641,46.6697,69.4767,95.5602,123.6320,144.9370,134.1840,113.6070,105.5870,103.2530,96.8215,87.2142,71.1462,66.5432,46.6443,23.5454,15.0486,15.4858,19.5610,28.2059,32.3593,34.7157,37.8719,44.2435,40.3552,32.6215,25.6152,18.3541,10.5799,6.3371,6.0817,9.0823,14.1636,23.6300,31.8226,36.8368,40.5551,34.4791,30.1272,36.9534,42.2790,40.9646,32.7708
42669.0000,40280.9000,27186.8000,22005.3000,20760.2000,18418.9000,15346.6000,11752.3000,9085.3400,8416.6100,7338.7500,4637.5000,4038.9000,4199.5900,4269.1800,5037.8400,4536.6700,3523.3500,3175.9900,2688.3700,2264.5900,1769.6100,1511.3600,1025.6100,781.4060,620.7060,411.2480,451.2270,447.6600,348.6760,202.9070,223.1150,268.8000,272.3330,250.9960,145.9350,67.5036,47.2205,62.0024,63.0852,49.4050,78.6140,171.0220,240.1010,320.3720,321.2860,268.2570,198.0240,210.8720,347.5610,415.2710,416.0480,385.0160,500.6400,580.4640,568.4490,658.1320,678.9760,624.2040,488.4920,444.6150,479.3620,504.7360,512.9680,434.3360,375.7730,446.3380,519.9560,508.3130,491.4100,480.5260,401.5260,358.3960,416.8900,346.9670,301.1640,294.7760,330.8180,367.2900,337.0840,338.4910,356.2800,339.4850,337.1400,327.7300,396.4530,502.8170,496.0310,378.3320,248.7580,209.0650,252.9560,299.0330,273.6240,192.9800,111.6620,62.9225,45.5753,54.4028,72.6184,77.3666,74.7758,94.0731,133.3670,156.1610,192.3080,223.5940,196.0760,48.3453,108.9900,226.4830,329.4880,305.1950,190.6300,105.3530,180.0080,284.8270,318.3290,321.8610,279.5790,178.1730,121.6520,158.4370,164.9770,99.7145,45.3603,35.2387,37.5292,31.8088,27.6574,43.7677,65.2001,70.6571,82.2679,103.7660,117.9370,109.8920,102.5840,103.8900,106.9610,69.0081,37.6495,48.0538,67.5620,76.1514,86.2688,88.3454,78.5424,90.1745,119.7150,170.1570,235.9570,249.8140,217.6590,202.1750,164.1880,131.4660,112.8850,90.2185,69.3116,37.3857,15.4341,78.6928,94.7906,96.8686,73.4469,52.9755,66.1100,65.5162,65.6545,71.6337,82.8286,123.5960,171.8360,172.1510,160.5460,142.6020,101.3110,49.1488,58.4207,62.7270,115.9630,152.4860,165.8750,167.8140,185.1100,208.0070,229.1950,204.2490,165.1740,132.7290,126.9150,143.1000,153.0330,167.9060,182.1230,209.5970,241.0630,243.8490,229.3430,216.2750,173.2520,100.7730,52.4007,42.7925,67.9757,93.4748,122.4740,137.5060,109.3860,71.2723,46.9769,91.8683,134.2800,178.9290,209.7950,201.2710,165.8510,140.9990,51.6065,20.9624,25.5884,22.2631,18.7382,20.0435,10.0113,18.5756,44.6556,64.8403,75.2347,94.8525,63.8724,65.5076,56.1130,72.1896,76.7388,75.8091,59.5613,40.4719,35.9704,41.0196,45.3244,39.9961,18.1366,19.3276,39.5258,63.3280,68.3473,57.6973,52.4298,46.3552,16.0218,15.4178,25.2033,24.4474,16.8823,15.9650,35.2763,54.3068,64.8751,92.5990,128.0550,162.8290,135.4060,119.9250,122.9760,104.1760,79.1122,71.9190,76.5376,62.3406,58.5951,40.6709,18.7549,21.9827,28.2742,26.1489,35.0787,44.3010,51.8953,62.0724,56.0164,45.1958,25.0501,9.1058,9.7672,18.4473,13.2922,7.2683,19.9917,29.7764,27.8046,22.8110,29.5881,44.8583,45.7848,47.4349,50.8137,48.3896,38.0557
42603.5000,40517.7000,27611.2000,22386.0000,21156.1000,18804.9000,15662.2000,11909.9000,9237.0600,8542.1500,7328.5900,4659.4600,4104.2000,4303.0200,4441.7700,5163.1400,4627.8100,3600.7400,3244.3900,2715.6500,2276.2700,1781.2000,1519.1500,1035.0800,783.3400,623.0010,426.7000,466.9540,459.4560,361.0750,234.5810,247.6760,282.2940,291.3580,261.7870,170.9230,102.3760,61.4299,70.8184,111.1500,110.7090,96.2468,126.9140,224.3120,287.1670,264.4980,221.2280,191.8710,247.4470,397.3900,481.7670,494.0600,457.9180,519.1390,543.6950,570.5730,676.9100,665.8570,617.1650,495.7380,457.1410,508.2410,545.2230,557.1380,459.7070,368.3680,433.0110,510.8940,497.3330,474.4370,455.9970,384.8900,338.2050,414.9240,360.1790,317.3690,312.3870,350.5310,378.2020,338.0500,359.0570,381.7320,368.1450,359.9770,335.7380,386.8430,489.7100,494.2320,374.4520,247.1350,189.8110,230.0650,268.0690,255.6140,181.6610,94.6169,46.0371,51.9070,55.1389,67.8365,66.6068,64.7284,95.3643,127.9530,143.1610,183.3390,233.7890,213.4890,55.0192,123.3870,240.5740,339.0040,316.3240,198.3330,116.7610,191.0900,275.2230,320.2230,331.5380,307.1930,194.7870,130.7480,159.7370,159.5040,106.9180,55.9384,10.1211,51.9577,40.3127,35.2995,45.4909,59.5962,63.6394,44.8062,54.5829,67.5614,68.5709,73.8266,83.0098,78.1345,34.4733,18.1114,61.1693,78.3181,78.7114,82.9030,84.9559,79.3723,92.2520,119.7110,158.6500,223.2620,228.4620,190.1700,176.2370,136.3950,100.0700,85.4595,76.0601,55.4513,25.9567,20.9020,71.1512,88.8270,89.7648,81.1518,35.1867,54.0146,46.5139,47.4793,52.4310,62.6816,96.1205,149.6410,161.8330,151.0950,146.2230,112.4960,65.1857,65.9468,66.2866,118.3060,166.8470,165.7240,166.7110,185.5370,219.1010,240.4000,210.0600,180.5860,155.3230,145.4280,143.1900,153.2510,173.2140,177.0520,210.3420,255.5110,246.9660,226.3510,212.4200,181.4530,95.5372,45.5571,60.5331,89.3925,109.4810,129.5960,141.7370,111.9420,70.0984,58.9609,109.7490,148.0350,180.6460,190.0120,173.2670,142.8500,115.5020,40.7233,16.2627,20.1697,17.9938,23.6340,30.9552,15.5706,22.4647,47.5715,62.4873,73.9642,87.1352,69.2445,42.4602,48.3939,75.3255,98.2437,89.7423,56.8335,35.0002,27.3209,40.8096,55.5478,64.8688,49.2942,16.9088,19.0769,36.8928,45.3018,52.3721,60.2332,68.9904,43.7322,25.7038,6.2142,24.8444,27.4093,20.2399,20.9421,40.5650,65.9149,98.0691,129.2520,147.4310,137.3220,123.9090,109.7990,95.2580,95.9472,95.9179,85.3421,66.7511,58.7818,46.0952,31.4100,24.8858,21.5517,17.5342,25.0675,38.9736,53.5630,41.2705,28.6961,19.6567,19.4012,23.0923,11.3186,8.1522,4.8842,14.7051,13.7827,18.1393,28.9876,38.2880,27.4901,21.0122,42.9314,43.1830,35.9473,40.0655,37.4696
43581.9000,41151.7000,27850.7000,22425.1000,21133.7000,18761.8000,15519.2000,11828.0000,9238.0100,8601.4900,7521.9800,4946.1400,4264.7900,4225.1400,4193.8000,4964.9400,4573.5300,3619.3000,3241.3100,2773.7900,2346.0400,1872.4500,1589.6600,1110.4900,894.8700,701.4720,468.2160,392.1020,418.7840,362.8450,190.6640,178.9410,232.7110,245.2450,228.9870,174.3730,126.9490,73.7428,49.0596,63.7949,112.3430,124.3680,111.4510,149.7500,167.2620,158.5130,131.0520,120.9220,209.4280,363.4330,468.3640,475.1000,444.7570,492.0680,514.5680,542.4180,654.2650,671.8360,642.8240,518.9320,474.1530,508.7760,537.9690,550.1820,446.8870,364.1450,426.0350,494.6410,489.3580,473.0180,462.9130,388.5910,336.6930,399.0830,350.8380,317.9070,316.3720,338.1840,359.6910,340.3700,360.6430,386.5120,378.6840,368.6960,343.3510,408.8150,503.3060,467.6900,337.0150,202.6370,182.1250,230.9750,269.7890,240.7170,168.1710,117.9240,87.2793,73.6429,65.3030,77.0664,95.3581,94.6753,97.0972,132.2320,160.4270,201.3360,222.5120,197.7340,54.3546,119.0370,229.6040,323.0490,299.6490,198.0170,134.2950,206.9520,295.8410,338.7420,354.5230,325.7330,203.3200,122.8490,144.7990,138.6830,81.7355,49.4603,32.9709,66.6047,51.3328,49.8953,61.8063,64.2947,61.4826,39.4657,33.7488,45.5815,59.1432,64.7464,72.2745,73.2390,55.6681,44.8811,61.4383,91.2345,104.1530,126.8850,107.1160,75.6931,105.7480,147.0800,183.9870,240.8150,264.9430,230.2570,203.9390,146.7710,92.6666,85.3223,84.7262,58.6462,30.2971,29.8978,69.8847,81.6980,80.8038,65.7049,36.1155,54.4808,55.5604,53.8581,58.1368,78.5294,124.6310,178.0750,173.0200,149.4100,132.5590,92.0571,42.0846,71.3634,79.9982,131.0490,171.0600,174.8470,166.0330,178.8530,200.3860,229.5650,202.7090,158.8480,121.2290,116.7430,126.7370,137.6120,148.6370,174.3430,224.6680,268.7680,254.1900,225.1090,197.6970,148.0330,73.1639,36.9433,53.3397,79.0841,99.5010,126.1120,145.7010,119.8790,82.5422,38.9490,78.5502,121.8350,161.6730,184.1680,176.3080,149.0440,127.9440,46.4570,37.7044,27.3137,36.3052,27.0802,20.0147,16.0332,22.0908,41.5553,67.5231,80.6219,99.1544,76.4915,53.7914,64.3928,73.0544,95.0939,78.9208,46.2925,22.1288,28.7085,48.4666,54.3571,53.2707,26.0282,34.7081,46.2058,66.8683,58.2048,46.2009,42.3088,37.2649,18.7091,12.1056,18.7697,28.4312,31.2003,28.3786,25.6429,34.0977,55.5398,88.7357,121.4820,142.6770,130.2210,115.8900,114.4070,103.8460,88.7805,77.3137,72.7199,73.1956,70.9271,54.7809,36.7404,18.4541,11.1491,14.8070,21.9341,29.0768,35.4706,46.7227,45.2872,42.2839,35.9628,25.5622,20.0811,18.6507,6.0668,10.3910,25.6530,25.2827,20.6467,14.0512,15.9268,26.2434,42.9084,46.9059,45.2158,49.7144,45.0227
42876.5000,40404.3000,27225.4000,22049.3000,20822.0000,18452.2000,15358.1000,11744.9000,9078.4400,8455.5700,7444.5000,4782.4000,4121.6400,4176.1500,4188.6100,4991.7800,4555.0600,3555.6400,3211.1700,2727.9500,2336.5000,1852.3700,1586.7900,1124.2700,903.4330,707.8450,458.7410,424.7380,463.3510,402.5620,237.5150,224.5970,270.2570,290.1800,293.1110,234.1590,173.9000,129.2780,136.9090,172.7990,210.8410,201.7530,187.1980,234.4550,271.6500,268.4490,262.5740,225.2240,275.1750,387.0640,497.1280,496.4780,430.5750,407.5310,421.4640,482.8790,620.5650,668.3030,625.0460,510.3940,469.0860,536.9110,579.2230,589.1020,466.2430,365.5190,442.8640,523.7500,513.4880,491.4780,473.0220,387.0210,322.6760,384.0620,328.1180,285.7880,280.6550,307.2230,351.0620,336.9500,347.3130,369.9450,362.4520,362.2470,323.3210,363.9220,459.2780,458.5280,339.8890,219.6040,205.4360,252.9910,298.6190,283.3160,222.0910,155.1320,95.4449,64.5831,51.9987,60.5415,70.9274,84.3088,120.8760,161.8150,177.3930,216.3220,247.7230,213.8360,57.3999,96.3628,225.0450,329.8430,318.7210,218.7190,155.5670,197.2080,271.0020,302.6310,325.8010,293.5760,154.6500,89.5732,156.1810,170.1700,100.5910,42.7628,26.9885,32.0507,21.3419,15.9410,34.0913,39.0159,57.2120,48.4565,67.1860,91.0050,98.5141,92.3026,93.1502,89.9779,64.4178,52.1239,90.5507,110.5230,112.9960,108.9570,92.4969,90.4670,109.3050,139.5500,185.6040,254.6570,270.2530,233.7240,212.2490,168.7020,122.2560,108.6740,99.9448,65.5196,28.1680,26.0177,82.3095,105.7470,100.3090,81.1425,12.1868,23.7521,33.1615,35.7947,46.3448,62.5516,97.8426,146.7320,167.1440,164.5590,167.3570,129.8310,59.7411,56.0743,74.3687,148.6620,189.8770,186.0300,184.4230,210.8350,240.4730,252.0830,224.5800,181.6670,149.1920,141.1600,149.5260,136.6670,138.6940,169.2350,203.4130,230.4720,225.1880,201.7270,179.6430,131.0040,63.6430,27.8137,21.7524,46.8543,69.9303,105.1620,119.1820,81.9086,47.5797,32.2819,83.6570,118.3340,153.3890,177.7110,166.4720,138.0850,111.3520,34.5867,17.4086,23.7670,36.3697,51.6260,39.7535,23.3213,22.3370,59.0705,76.1001,87.2698,104.2590,76.2467,56.1742,52.6074,81.0421,91.6952,82.3944,58.8458,37.6508,24.4437,36.2810,44.5620,44.8279,28.2421,12.1652,20.1317,39.4216,53.4924,45.2671,48.6284,29.6023,9.7443,10.2653,18.3567,21.7445,27.3646,31.2806,42.6643,56.8538,78.4527,101.4890,133.4210,143.6210,122.4370,124.0030,137.9040,128.3260,107.8620,99.2812,91.9526,75.2500,64.9666,60.5550,46.0980,33.4581,12.8796,17.2108,25.6919,30.2158,37.5889,38.5144,28.6108,28.6231,18.4580,17.7061,20.9843,25.5532,28.1887,38.7932,38.8081,29.1815,19.4807,17.1514,20.4581,30.4436,48.4040,57.3775,55.5229,55.3343,48.2166
42470.2000,40319.4000,27353.3000,22248.0000,21107.9000,18696.5000,15584.2000,11833.7000,9191.5000,8502.2100,7287.5500,4575.6900,4019.7100,4288.5600,4465.6500,5183.8800,4625.9800,3565.0300,3205.8800,2667.7500,2255.3500,1752.0800,1470.1100,987.5940,749.3680,590.9210,377.7630,427.8060,425.6170,338.2280,169.5470,195.6050,268.5770,281.8000,266.6740,214.3010,165.0660,135.9030,157.3650,201.7530,269.3680,305.3100,284.2290,258.9420,265.0170,294.6880,279.0050,257.6260,211.3980,313.2600,468.8550,506.9640,394.3120,344.8170,387.1630,478.4570,637.3850,681.0650,642.8470,512.5920,479.8820,530.4040,563.3630,574.5780,445.0860,350.9260,436.7460,523.6280,524.8280,510.9670,493.6590,406.1310,305.5170,367.0120,318.7500,282.2160,284.9380,318.8530,352.6180,335.3730,362.1310,389.7170,376.4790,356.4640,310.6090,355.9400,462.5030,482.9980,371.6050,250.7510,182.8640,232.1420,271.5340,248.7970,197.2100,138.8910,90.8948,48.6303,17.0084,40.4047,47.7142,54.1131,104.9060,152.1080,175.1420,206.6860,225.4640,187.4540,51.7340,97.3824,229.4730,332.1510,329.9310,230.8650,149.6890,183.9800,266.7230,307.4250,326.6460,296.1750,190.9250,136.0020,164.9420,163.2130,110.1760,57.8212,34.1587,49.8241,45.5032,44.2387,56.4377,64.1769,70.6919,67.9575,59.5487,87.7738,80.3115,73.3260,78.8543,84.4050,85.1872,81.9306,84.5929,99.5245,107.8800,115.1490,102.1820,103.3860,129.8180,159.2100,196.1870,268.8550,274.9200,224.4790,201.4170,157.2660,100.0720,77.3899,83.4510,66.8389,40.3587,17.6541,46.5680,78.5183,70.9517,59.7913,26.7118,27.9480,34.4686,42.5514,54.5266,69.0834,117.0610,180.8860,199.6900,192.0900,189.7260,148.9240,84.9544,39.7177,63.6978,152.0590,192.6950,198.2400,198.6710,228.5510,250.4080,251.9750,223.0570,175.2070,144.9900,133.3170,141.1500,143.4800,145.7620,163.9280,183.9390,206.5340,196.8830,171.3880,154.2880,122.5770,66.2301,42.4584,7.8181,45.0931,72.0332,108.0470,107.5740,80.3642,48.6443,28.5851,88.3819,126.0720,164.1220,186.4290,171.1260,142.5980,115.5090,35.6035,19.5122,44.8785,52.4729,52.3682,47.5876,34.1718,7.8443,30.6898,54.4883,73.2004,96.8021,77.9380,51.5791,47.5990,74.8730,96.5207,108.2420,82.1306,63.3595,30.0555,30.0287,34.1373,38.3769,40.8404,35.9803,29.4618,33.1873,28.5835,38.3843,39.0506,32.7628,21.7680,11.3778,15.9191,32.0457,34.9348,35.8146,51.2389,62.8528,71.7730,96.3709,143.9110,180.4390,163.4500,144.0870,123.1980,110.1860,92.3453,89.1627,85.7571,73.3412,64.3980,42.3688,19.0535,13.4886,18.3634,40.6947,59.1244,56.4741,48.2973,38.5806,37.4524,26.1102,22.1428,17.9540,13.3885,6.9093,7.6198,13.8144,16.8751,10.5441,12.2031,17.3103,19.5525,18.6619,29.8404,52.9339,62.7261,59.3179,50.5553
43432.5000,41086.5000,27845.7000,22445.3000,21155.5000,18766.9000,15532.6000,11813.1000,9157.8500,8412.6800,7196.0300,4537.4300,4021.8900,4359.0200,4543.4300,5191.7800,4620.4100,3605.2400,3198.7300,2710.2800,2229.3500,1723.6300,1460.3300,1012.6400,778.0760,582.2860,380.0710,416.1770,410.7470,330.0980,175.7650,167.0750,203.9530,246.1150,275.6050,260.3060,236.6700,183.6840,204.1960,242.6530,311.2570,359.3530,333.9720,273.9480,222.3590,226.4850,265.3190,270.6880,230.5370,301.1760,429.1100,442.1970,329.2370,319.3640,395.9000,520.5320,685.0100,682.1510,625.4090,494.1960,467.3690,525.9610,559.0800,555.4700,417.3740,340.7030,447.1180,541.8190,541.7330,533.5140,524.0340,442.5330,332.7260,373.2930,299.5970,260.5520,263.7880,299.0000,337.2160,331.2500,344.9760,371.3730,363.7770,340.6970,294.4370,348.1670,470.0730,501.1810,401.7940,292.1680,205.3340,216.9660,249.6670,230.2080,169.4400,103.0870,47.0598,22.0114,22.0054,41.7631,69.8156,80.1717,106.6180,142.7460,164.1370,193.7230,223.3250,202.7030,55.6859,110.8100,259.4210,339.0360,309.5360,212.9960,140.4100,190.4320,284.9270,325.9200,336.3660,296.8460,197.5800,136.1120,165.4120,172.1110,117.0130,65.9364,37.3363,53.7794,69.7397,63.2229,67.5617,89.4470,130.7770,114.6520,87.5588,82.3894,70.0969,60.1405,61.5949,68.9026,50.5477,35.6936,74.0312,98.9288,105.6880,94.6266,77.7427,98.5518,127.1200,147.2810,181.6050,241.6270,266.9400,223.2550,200.3770,134.7260,82.6585,59.1005,40.7567,36.7506,25.4285,41.8023,89.5876,96.1044,85.0607,71.3525,20.0164,50.2546,43.2309,47.8111,66.9118,93.4686,113.8620,166.8750,197.0840,194.7440,178.9280,133.5550,99.6498,36.2299,41.1140,138.3650,182.6870,188.8930,193.0650,207.3740,235.0470,261.3950,231.9310,172.9240,135.1100,125.4570,137.2160,155.8630,169.0330,193.8170,229.6710,265.8370,242.3110,209.9840,185.9450,159.6400,89.6360,50.8347,19.2548,37.6115,64.7547,97.9890,119.1160,80.2055,44.7623,46.6531,97.1879,129.7880,161.7420,183.6310,164.7050,140.0100,119.8890,58.0931,25.0656,32.2106,55.4463,43.2590,30.0356,13.7854,16.8062,41.8851,58.1584,74.9382,92.4802,80.6120,70.0837,73.1355,60.9878,74.4880,56.2098,40.4743,28.3033,13.1414,13.1830,23.7857,35.2147,36.9057,39.6344,50.6946,46.7960,52.6157,31.5272,36.5864,41.3073,40.2598,35.3339,15.5462,18.9331,16.0384,12.9972,21.5557,44.4812,66.0202,92.2699,116.6830,130.1820,129.7450,127.6170,119.3500,101.8520,78.1569,67.6984,65.9036,62.2763,60.8957,57.6044,53.2122,39.1639,21.2644,16.6840,28.9544,38.3487,47.6128,56.3215,43.2544,40.5084,35.1099,36.1381,23.7638,15.4006,20.7573,34.8406,41.6804,35.1601,31.7678,28.4352,25.9448,33.7327,50.5946,51.9167,55.2757,61.0349,57.8251
43096.9000,40528.7000,27254.4000,22052.0000,20813.1000,18409.5000,15304.0000,11686.3000,9022.5800,8333.4500,7221.4600,4505.5500,3985.6100,4336.2600,4479.3700,5165.8900,4608.3500,3572.3100,3178.6700,2684.8400,2226.5900,1716.8200,1432.7500,953.9880,737.6790,570.2810,344.4420,379.5990,379.9320,304.1270,135.0700,123.6380,170.7150,197.9520,197.3300,205.5830,207.6000,194.5760,204.2120,241.1930,310.3660,338.8410,321.9640,224.4490,102.0410,83.1631,151.0840,202.1520,154.0900,206.5660,350.1010,354.6080,213.6980,239.2210,379.8370,511.8620,653.0650,650.3240,595.3080,469.0770,429.0210,481.2850,514.3190,505.0460,378.3900,312.9370,424.8180,526.8950,522.6930,518.1680,510.1620,460.2410,362.1840,409.5230,316.7460,261.5420,253.3800,295.7020,341.1390,320.9380,330.8670,362.3940,357.6070,341.7700,303.0520,363.8610,476.9850,512.8480,415.7570,302.1100,188.6890,201.0180,242.0860,217.6320,158.7640,92.1909,50.2391,43.4216,34.1147,53.9977,91.6674,86.3210,115.2590,162.9650,176.4850,199.7030,231.7440,224.6080,57.9764,108.9350,240.4070,350.2000,317.5760,200.5950,128.8200,202.7740,283.8950,330.7420,343.2430,303.9910,174.8730,129.6730,195.7420,189.7660,112.1760,45.9286,40.3064,66.6912,70.5375,66.2124,77.8206,104.1000,129.3850,116.6000,105.4170,110.7670,98.5972,81.2275,74.8498,68.6109,48.7131,42.8755,69.4082,89.2445,95.3598,93.1865,79.8279,89.8176,110.1740,141.5780,179.8660,249.3590,268.3750,222.1280,190.3530,132.5620,62.6556,44.5955,49.6067,37.5111,25.1292,40.3981,86.3347,96.0350,84.5570,62.5747,40.2625,65.2724,75.7344,82.5873,85.1831,98.9654,132.8430,174.1440,189.8030,184.6370,178.7590,139.7040,83.3223,30.0398,42.7010,119.7950,165.9010,180.2970,184.0880,184.3120,206.3630,237.1330,212.9590,167.8340,140.9590,129.2460,142.2780,153.3430,162.0470,189.1200,236.9890,271.1850,249.8140,217.3610,191.3980,144.2180,68.2160,37.4747,9.0503,34.2725,50.9524,78.3238,94.5008,74.1065,46.7319,36.5046,90.1400,131.7000,176.1280,207.6950,188.6540,158.1890,121.1460,54.7207,27.3682,48.6400,58.5860,38.0929,22.4255,9.4016,18.3038,57.6669,70.9114,81.2825,88.1178,73.1896,37.4740,42.6969,64.2939,79.9913,74.1594,58.8270,41.1084,13.3310,29.9733,39.6927,33.3406,18.0915,25.7687,29.8106,37.4458,44.2330,30.6055,32.5422,21.8720,16.4884,18.8830,11.8542,16.0589,30.7939,24.8120,22.6065,42.7725,55.5468,76.1462,111.7860,143.0320,131.4910,118.0450,109.1000,101.7850,95.4150,86.8256,70.1361,70.0518,72.6932,54.7314,43.9584,33.8007,29.3534,31.0085,32.2556,32.4500,37.6959,48.8807,37.1091,24.0618,15.5218,7.5491,17.2179,16.4602,19.7224,20.7772,24.3011,29.1505,26.7744,23.0678,23.4570,40.5334,38.2406,31.9691,58.0328,68.5210,71.7641
42190.1000,40080.2000,27145.5000,22067.1000,20901.7000,18485.4000,15441.8000,11746.0000,9054.1500,8302.4500,7101.2100,4397.8100,3905.9800,4281.8600,4495.5300,5188.9000,4578.4300,3510.2400,3164.4500,2653.5200,2223.4000,1700.6200,1421.9400,935.5910,710.7960,576.0840,368.9720,429.8720,413.9200,312.2600,169.0810,188.6170,237.3410,249.5250,232.4250,177.2480,159.4890,124.3890,135.4950,172.2010,237.6740,268.5170,268.8510,193.0650,61.8620,64.1721,122.6920,151.4330,108.2250,181.3270,319.3600,327.2490,198.5510,230.0910,366.2680,491.9780,623.1150,610.7180,553.7880,437.8370,412.7680,456.7800,477.8420,471.2330,361.3470,318.0290,430.5430,524.7050,526.5510,526.8940,537.7790,469.5530,375.1070,411.0990,326.1940,276.9680,268.6530,293.9740,325.0230,324.5360,349.8970,375.5040,368.1740,347.8480,300.1210,344.9010,458.7720,490.1450,393.3270,284.7830,181.1710,188.5140,225.9750,212.8680,152.7730,89.3577,50.9968,35.2420,26.8930,40.9646,68.7691,80.0456,98.1639,131.3340,155.2780,190.9410,226.0210,198.4470,47.2902,112.4030,236.1700,325.0350,302.7070,190.4040,118.3310,213.5130,302.8610,334.2270,339.6830,311.1480,194.4690,124.6780,185.2640,195.4960,123.0410,61.1687,34.0238,46.1239,75.3304,89.0070,96.6121,101.2320,100.0640,88.4759,76.5377,87.6515,81.8353,61.5270,60.8619,56.1842,46.0124,35.8563,65.9295,92.9255,103.5140,103.6220,93.8314,100.5210,118.4710,154.3300,197.0130,271.8540,287.1670,233.8530,201.1710,153.0100,99.2422,53.5511,51.3971,67.5604,41.9872,25.1754,69.8733,92.6093,86.1173,68.5551,50.0575,70.1205,74.1254,74.3771,81.1853,104.9510,162.2990,208.1370,202.7780,188.3960,180.2810,160.6740,107.2020,35.3428,43.5655,138.6360,178.1780,174.2620,177.4170,179.2470,213.4780,241.7930,212.6670,169.0440,144.5160,138.5860,142.5500,146.7090,164.4690,193.4130,225.0100,266.6390,260.5860,228.2560,197.7660,137.9770,62.7757,24.0976,23.9309,39.7489,54.7900,76.9806,100.6220,72.4246,39.5620,51.9603,113.2600,144.5730,171.9320,193.4110,188.2370,159.4190,125.4150,49.6995,27.6870,33.1218,40.0463,48.7704,42.3695,38.5667,13.8985,27.2658,45.8833,59.7188,92.7499,66.3939,77.9071,61.2224,74.2261,78.7030,62.3620,43.5473,23.7535,15.0033,12.4170,13.4460,26.1553,25.9521,52.4114,51.9087,55.8054,59.1846,47.4153,45.4437,37.0031,16.5289,13.8121,18.3734,23.5299,27.4736,24.1975,9.6371,45.4846,66.8522,94.9645,123.4050,147.0280,136.1560,123.4440,110.1350,97.7427,86.6986,87.3904,72.8365,44.6990,61.6836,58.3651,26.8925,28.7994,43.1357,38.5071,34.8027,38.1963,46.8938,45.2228,33.2800,22.3830,14.9905,13.5352,12.0748,14.7988,8.5026,8.7584,22.7602,22.1156,17.6486,8.4565,11.8602,22.5463,37.7594,46.3656,49.4484,55.1213,53.6753
43187.4000,40921.0000,27712.0000,22404.2000,21171.8000,18735.2000,15514.9000,11771.5000,9141.9900,8380.3700,7113.3800,4426.1600,3958.5400,4396.0900,4609.9400,5203.2000,4594.4200,3565.0800,3174.6900,2669.9300,2188.4800,1678.1300,1401.5800,914.2100,677.7240,540.5470,380.2260,438.6190,409.6290,310.1390,140.9750,149.5270,186.5990,182.5760,193.0750,211.3090,213.0890,178.1860,181.8970,208.3680,288.6740,351.5900,343.0010,280.8040,206.1290,204.6850,237.1920,224.4780,195.8990,271.3280,407.3400,426.7920,283.2520,245.3610,337.4660,472.9660,629.8480,631.7360,581.3720,454.3690,425.8020,479.5070,508.7040,512.2090,396.8080,330.0840,440.4110,541.3850,538.2720,529.8210,524.3320,453.8560,353.3170,401.0610,313.8940,263.2590,258.7840,302.8870,339.7420,314.0480,331.8280,362.6280,358.5670,320.0080,278.6250,338.9290,455.1610,485.0420,392.3630,293.5050,196.3270,189.1040,219.9380,219.9460,167.8580,106.0370,57.7614,21.5618,9.8426,43.2314,69.4272,82.2966,110.2150,154.0490,179.1320,208.4080,223.7640,194.1640,51.9308,119.8480,258.0790,329.5050,302.8400,198.3120,119.2730,198.5690,280.1510,321.8880,335.7130,324.0520,198.4910,121.8340,171.5070,164.7010,96.8876,43.4146,44.8233,71.7591,57.3345,62.4184,93.3940,106.0740,102.5740,71.4061,57.2353,60.6451,64.1472,49.0607,52.1848,52.9848,50.1730,43.3115,67.3224,82.5515,87.5268,78.3069,81.6232,98.3549,113.9110,142.0560,176.6210,240.3010,255.4310,215.6230,192.8910,146.2560,79.1720,46.6268,41.7391,36.8074,30.2065,37.1903,70.5457,80.1943,85.7266,64.4464,56.3028,67.1719,63.0545,63.9726,66.8711,82.4045,116.3690,160.9260,182.8500,181.6630,178.4140,134.7180,88.6542,30.8200,40.1930,134.5710,190.8250,192.6960,197.9530,203.9000,230.0430,243.7100,228.7600,187.7320,152.5610,138.4580,151.8890,159.1940,166.5290,200.2830,233.8610,256.2030,242.4730,211.5090,189.0520,141.4510,72.1486,39.3906,19.4408,28.1018,51.0853,82.4982,94.1820,65.7665,38.8369,57.2131,96.4669,128.6600,163.8810,192.5780,176.2140,147.6970,115.6530,43.4188,26.5296,56.0283,67.3602,56.7330,44.3664,29.7198,6.1382,38.3880,60.7237,75.5105,98.1849,81.6241,57.7031,59.0138,70.2445,82.4213,68.2693,55.3535,41.7166,22.8822,17.3421,20.6334,19.8919,14.9503,31.6535,35.6729,47.4368,41.8579,26.8556,20.8582,25.8165,29.7288,20.0487,12.0538,40.9804,38.5340,24.7095,13.4887,33.0639,59.1051,94.6200,130.0680,150.6400,142.1910,123.4090,103.0780,96.5680,90.5994,86.6549,72.0119,54.0222,48.2518,55.6875,47.0084,29.4905,16.5266,22.7638,31.0568,38.2248,44.9845,44.3266,34.5293,20.9013,15.4064,9.1204,6.7824,5.9058,17.9398,29.8411,26.6972,24.2811,17.3656,9.9771,12.7808,27.7624,45.5163,53.5988,55.0947,54.5173,47.8496
43346.0000,40715.2000,27325.4000,22127.4000,20931.3000,18469.2000,15325.7000,11693.1000,9069.9900,8294.8400,7072.3100,4348.5800,3963.9100,4528.4300,4708.1200,5260.6400,4623.4900,3550.1800,3134.9400,2616.6200,2153.7700,1626.5400,1350.0900,862.5830,611.1400,480.8760,321.5230,371.2700,348.2170,265.0350,112.7580,122.3660,180.0110,208.6820,213.2010,196.0380,172.8300,119.3280,140.1700,174.4230,213.4920,258.3840,242.7500,233.0600,220.2920,219.6920,225.0330,206.3700,207.6800,317.0890,438.5360,461.5500,343.5320,273.0790,302.3710,421.8880,605.4140,645.9400,599.5600,478.7390,463.0570,522.0680,544.1780,554.7790,432.2960,336.3970,427.9660,528.5610,529.5160,517.4890,501.2010,411.3140,308.9100,353.9470,308.5760,273.2430,274.6630,299.9340,346.2750,342.2890,348.9510,370.4080,360.3790,332.7820,288.4540,330.8190,432.9790,459.3710,360.9110,248.1550,174.7770,226.7240,283.8060,278.7280,215.2730,142.7220,83.3112,42.6107,19.3301,23.5176,55.2988,71.7796,126.4750,175.8830,192.6610,206.0820,219.3540,195.8760,50.0137,121.1540,264.8970,368.1190,328.7080,214.6750,140.2940,196.6320,272.3480,310.2840,326.0870,292.4260,168.7790,107.0290,145.2540,140.3040,74.5771,30.0665,56.8001,88.5402,64.0618,59.8153,83.0137,90.1345,95.9972,54.2091,52.9945,53.9667,67.4252,85.4534,97.5254,94.7451,55.6974,68.5918,110.6910,106.9480,98.7946,80.8120,81.9719,93.5537,112.5000,144.1970,181.1360,255.5120,258.9600,217.9110,199.8870,168.3080,108.9600,61.2634,63.1822,65.3540,37.6394,19.6183,51.5530,69.4670,66.2747,56.2846,33.4773,50.1207,53.8476,60.1003,67.3706,84.3345,126.8500,173.6490,183.5460,183.2410,187.4020,161.6530,81.5305,33.4218,62.7085,136.9660,192.8450,215.4580,223.5100,228.2030,244.5500,251.6660,234.3050,206.3540,168.9170,147.7330,147.1380,159.5420,166.7290,197.6150,241.4370,262.1000,239.0430,203.5640,179.5920,140.4730,63.6418,39.1915,18.9805,39.1322,58.0982,73.6632,90.3097,82.0266,56.8090,28.1409,90.4423,128.8410,160.9630,179.8070,188.5450,167.9180,142.6120,53.4849,31.1644,55.2019,56.0329,50.0846,33.5915,15.6980,29.4638,61.8517,93.9324,110.5070,134.8330,88.6015,45.8007,42.8441,75.3883,102.9740,88.6306,68.5289,55.9316,45.3028,39.5769,42.2707,49.9150,41.9111,19.1357,17.2234,50.8592,48.1526,41.6207,34.7456,37.7376,43.9595,31.7013,29.3959,40.0337,39.6189,24.6434,22.7760,47.5229,72.8087,89.9244,112.9050,138.2860,147.5230,130.5800,113.3120,107.5130,92.2849,84.5604,79.0419,66.6471,44.6412,25.1866,18.2044,33.4455,30.8693,24.0501,44.5224,58.2545,71.7722,53.3123,26.1117,11.2334,13.4321,13.9032,13.2658,2.5682,4.6975,6.8176,22.5063,25.9606,26.7803,16.3562,24.2615,41.3323,39.9658,35.6449,51.6068,65.3720,66.3331
42159.2000,39966.3000,26998.9000,21944.4000,20791.5000,18385.2000,15354.6000,11682.5000,9014.5400,8297.8900,7085.9600,4309.6500,3847.3000,4306.2600,4540.3300,5234.9700,4637.1700,3576.3900,3193.0500,2676.1600,2229.1500,1731.3700,1499.7100,1022.3600,773.4900,622.5390,416.8160,457.7980,450.7410,355.3190,217.0340,253.8780,303.6340,285.0090,256.5730,198.8000,142.2660,92.1406,81.0716,114.8610,152.3770,149.4870,150.1290,208.4000,254.0100,252.7640,245.1500,194.9690,238.8000,368.0060,491.1730,497.3240,409.8980,386.1980,397.0940,449.8190,591.0030,639.1370,602.0070,504.8300,475.0600,545.0680,559.2060,553.7980,447.1280,357.6080,427.6950,507.5870,502.6860,486.1700,472.9730,405.3880,323.7230,385.6810,324.2140,288.2390,289.4270,318.8010,354.8510,334.3500,347.6620,383.6110,373.3790,358.6330,298.5190,345.9330,429.7400,433.9970,338.8460,221.0250,187.3130,235.1570,293.5450,288.3420,213.6410,134.3130,85.8237,67.2866,49.8040,41.1803,67.3518,85.0022,123.2520,166.9740,182.5080,207.5540,228.0170,194.3550,53.9763,113.9740,275.7390,375.9290,337.5360,222.8370,147.6620,210.5320,289.7970,315.8080,333.1910,295.4640,163.5000,95.9132,137.1400,139.3360,83.6569,33.3517,29.0148,67.9397,62.0636,38.7990,34.4392,40.3053,61.0727,49.4876,64.8981,84.7031,84.8110,84.0679,89.4612,90.6586,68.1574,55.0117,95.1599,119.5520,115.3690,97.4859,57.0036,75.9975,116.5410,131.3970,169.9640,238.6000,268.4160,233.0020,217.2880,175.9080,116.3780,76.6841,73.3373,67.4076,47.6963,31.1908,42.3164,62.0624,58.1628,51.7103,40.4958,71.8624,74.8789,84.1443,82.8313,95.1309,131.9800,176.8720,186.6240,181.4310,174.4060,142.8160,75.1354,37.0517,68.3847,149.9180,198.5290,200.9550,195.2640,209.1130,233.4460,247.1140,224.7890,184.1060,147.5240,133.7200,148.8780,158.0570,153.9360,189.5680,237.5960,248.9410,226.0540,191.1700,163.1530,119.0250,63.6819,33.6211,7.4214,49.9058,60.6169,92.0937,88.3603,73.1566,51.4450,25.1565,76.4003,117.0340,155.9000,181.9970,188.7760,161.8600,134.7880,58.7825,32.8646,55.3024,65.1128,53.6634,34.0971,21.7255,39.9712,66.4944,81.1519,92.2927,101.4290,77.6459,41.9967,58.2827,82.3164,109.8370,92.7882,71.4648,53.1988,33.4257,34.2137,44.6204,49.1393,23.6586,17.5228,18.7407,35.3096,56.2882,49.9346,57.9089,54.9587,38.2548,22.1906,12.2552,22.9352,20.3038,12.7371,26.3972,46.5749,69.9766,92.1122,114.5540,127.6940,127.3080,124.6810,121.7310,103.9870,83.0678,79.3450,88.1757,67.9950,41.9787,29.5033,14.4634,7.6890,12.4262,16.2336,23.3405,25.3232,26.0087,27.2412,23.1294,25.8579,34.7421,32.4323,29.4052,20.7021,28.5027,37.2440,41.7482,37.6155,30.9267,26.0390,31.8003,30.5397,22.0779,39.9867,59.8200,62.6493,52.0585
42942.1000,40747.1000,27671.1000,22458.5000,21239.5000,18791.0000,15617.2000,11854.9000,9252.7000,8505.6900,7213.2200,4521.0500,4058.8700,4493.5100,4743.2200,5379.5900,4776.0500,3725.4000,3314.9800,2780.8600,2371.4000,1909.4800,1681.4600,1244.6100,1034.7900,855.5140,586.9700,478.7200,446.9800,372.8150,232.6320,254.7150,308.5710,326.7270,297.1240,199.6760,103.1340,56.0538,89.8956,146.2550,190.2720,225.8010,291.1650,408.4400,445.5080,395.2200,324.6020,210.6740,220.9190,394.8590,490.4270,490.6880,446.3700,541.6850,591.9690,595.6960,662.6260,654.9100,607.1270,545.8890,531.6950,591.8780,629.3620,613.6450,499.9680,410.6050,467.0150,527.2330,514.2890,490.4450,468.7670,395.1870,315.1270,384.9240,329.3740,296.8300,302.2020,341.7180,363.3450,328.1580,366.1980,397.4280,380.2580,362.2520,332.1390,381.7950,462.5170,444.4690,318.5330,196.0070,179.4540,228.1980,261.2960,242.6030,181.0450,109.3600,71.8227,78.4236,62.1034,54.9636,77.0853,85.9632,122.5130,171.3430,188.5690,212.4510,232.0370,189.5480,66.4820,140.0230,291.6080,371.9980,329.2260,210.3370,148.7760,248.6640,331.4220,361.5120,380.8950,350.8930,216.3520,118.4760,140.4500,143.9190,89.2177,43.1536,39.0556,49.7688,33.3703,19.2573,46.2535,57.5888,74.4543,65.6139,74.6761,92.6307,92.7982,91.5895,87.0578,74.5944,47.3909,64.5776,95.7483,97.6269,97.1978,98.8665,83.9849,67.4592,90.5671,133.1900,177.8780,247.4860,257.3210,224.5080,201.8030,159.5110,109.0550,84.1797,76.8655,63.4120,35.0552,30.4916,75.4285,85.6046,67.5956,36.1842,44.3389,62.5273,68.1285,72.8861,75.9026,96.6664,141.2870,189.3110,185.7960,167.5090,141.0300,102.8670,49.4608,33.1647,76.3746,143.1350,191.5650,203.2440,202.8010,224.0800,248.4340,264.6570,233.4870,191.8660,149.7120,129.7860,126.7290,135.6120,142.6210,161.4030,191.2330,218.5200,205.3870,175.2570,150.5070,119.5330,65.5526,55.8238,13.2398,51.3946,64.9450,106.0880,117.3020,88.0447,56.1515,46.4378,100.1180,143.2010,185.2210,203.7910,188.5650,159.1680,130.1790,45.5834,24.4471,39.0674,37.1965,35.7164,41.6028,31.5923,45.2132,64.8195,76.6798,90.9384,110.8040,84.9412,61.1809,62.3231,95.3922,115.0380,101.8650,68.6048,43.6864,34.5823,46.6181,52.5313,52.7573,28.6090,12.4086,20.0890,40.4335,47.1202,42.5560,47.3557,29.6955,17.1430,15.6831,20.3604,23.6945,23.8460,28.6788,37.8031,41.2683,48.1705,92.3637,143.7020,160.3980,114.3050,108.5400,125.4240,117.0030,105.9780,99.4384,89.1957,70.1310,63.9005,52.5866,33.9484,21.3562,15.5614,9.9441,15.1265,31.2083,42.7246,46.9727,31.0027,28.1430,29.1871,24.8333,31.6471,14.1841,7.0656,19.8874,26.9032,25.5625,21.0412,9.6311,13.0385,23.6235,25.9515,35.5957,59.0988,66.0011,60.5109
43516.7000,40889.6000,27487.4000,22253.6000,21036.6000,18532.4000,15402.4000,11660.6000,9087.9900,8471.8100,7288.8000,4810.7400,4584.6900,4922.8600,4822.6200,5369.6000,4877.6000,3777.8200,3345.4600,2712.4100,2275.5300,1975.3900,1766.0100,1454.0300,1421.6100,1409.0100,1202.7500,968.6670,711.6280,441.0970,167.8310,247.0840,308.7180,293.5630,205.1870,71.0458,51.7181,95.5136,92.9309,95.4498,89.1660,107.2580,174.4320,254.3450,364.5490,406.5880,346.9900,272.1280,183.6780,213.9730,283.3590,277.9510,255.0640,383.4610,565.1200,653.1750,695.4510,646.7650,547.3180,435.3450,448.6190,506.4900,589.6990,595.6540,495.8770,405.9660,454.7700,485.3040,444.3190,404.4630,382.8210,336.8130,307.8480,394.6860,349.2860,302.7740,288.2150,307.8400,349.1670,317.3310,304.3810,305.8370,312.1280,300.5060,328.2930,396.3580,486.7380,459.2430,330.5770,204.9230,142.9180,179.1820,221.7830,183.8960,117.3620,59.6621,42.4221,90.1473,102.5560,89.4470,101.3270,108.6550,130.4980,176.1740,210.2540,226.2660,240.6020,200.2270,58.4620,102.4040,266.0850,342.2630,299.5150,196.7380,131.4850,209.2360,299.7230,352.6070,369.3630,338.6380,208.9320,135.3440,174.6670,172.5230,113.8000,64.3185,48.5178,87.5333,83.0165,63.1077,36.2810,35.2149,41.0120,31.5777,48.3017,71.0567,71.3762,82.1826,98.5461,112.1870,100.9630,118.0420,146.0180,139.0180,130.4090,119.1570,103.4690,102.4850,132.9970,145.0790,166.8080,210.6090,225.5330,180.1300,173.4900,92.6053,32.5360,51.6985,84.1877,72.4873,28.2433,21.3393,85.8342,90.7095,58.9902,18.1945,61.2533,73.6258,72.8664,58.4670,66.5414,93.7523,134.1840,185.5230,193.0510,182.0510,160.1010,103.8010,46.4035,56.5635,74.1831,145.2560,191.4290,178.4350,175.7820,203.5100,237.2480,236.9040,211.5530,184.7250,143.7380,125.1680,117.2530,114.7460,118.9970,163.6980,212.1140,226.6380,209.3170,181.4410,153.7930,106.9350,61.6739,36.0474,21.6424,41.3253,71.2776,106.9920,129.0220,104.1980,65.1760,59.1273,114.8800,154.2400,188.6390,196.0920,181.9910,149.0630,122.7060,40.9304,16.6642,40.4687,27.9481,18.1134,8.4490,18.5533,39.4490,66.9107,80.2677,82.4889,96.7910,54.1679,76.1942,76.0447,98.6727,122.1460,121.4150,92.3777,63.3840,27.0093,30.3457,45.5004,51.9524,25.8617,19.2922,17.2755,34.1536,38.3023,37.0717,43.4258,34.5626,22.7839,11.2474,12.0886,47.2149,45.5490,41.1551,20.3601,50.2549,60.5601,71.0753,98.5968,136.2400,133.9570,109.3620,101.1420,96.9783,97.4285,89.0334,64.6234,49.0581,48.0254,42.1637,33.3954,24.4667,17.1415,8.9610,24.5692,34.9719,48.0257,46.6000,39.5188,39.9497,36.8348,28.1387,22.9604,23.4199,28.3072,44.4410,52.8240,40.8323,34.8711,26.5759,21.9990,13.9127,24.6885,47.4743,48.9671,48.1246,44.1664
42295.8000,39918.4000,26809.3000,21763.3000,20619.8000,18109.1000,15067.0000,11273.4000,8390.8600,7565.8000,6584.9800,5172.6400,5762.9600,6056.3900,4751.2200,4329.3300,3885.5700,2975.1300,2739.5600,2424.9800,2010.0600,1758.6000,1461.0100,988.6440,842.5100,868.7190,867.6830,964.6090,822.4820,607.1480,369.4570,310.2930,343.2760,329.7960,261.2660,132.3360,62.7670,82.1179,83.7361,79.3881,75.8460,48.0631,38.7115,68.6901,49.1210,58.8968,143.7970,206.2280,295.4700,372.4720,460.0410,417.6220,301.9260,227.2610,207.3760,326.5520,521.9370,572.8870,527.6090,418.8350,397.4920,446.7720,468.4350,474.6460,399.0160,359.9250,459.5020,532.8400,537.5680,554.7830,592.6350,560.5200,442.1230,451.9300,308.6060,220.5880,199.8180,227.1060,265.1610,252.3350,244.0100,257.9040,286.3730,338.3530,418.3070,545.1640,693.7700,662.4080,507.8110,368.0940,277.8970,233.7860,202.2240,150.1360,96.5704,62.9563,79.5521,97.9638,79.2192,76.9659,93.1506,109.1140,166.4600,224.9070,252.9970,240.3990,231.6490,170.8770,62.5004,133.4190,285.6760,362.8520,340.3890,229.1630,115.6210,178.6740,296.1880,358.0560,384.1830,360.6280,207.9630,112.2680,155.7920,176.3810,132.4130,89.5706,96.0633,127.9950,125.3670,101.6820,44.3233,41.0380,63.3998,65.8718,57.2387,53.5728,63.1846,68.3926,63.5153,67.1570,62.0355,95.7503,157.8880,184.6050,181.3050,183.7460,161.5380,148.8430,163.9630,168.8540,170.9620,196.4040,187.4280,145.6220,148.6510,91.7120,52.9700,49.0908,51.9468,50.0858,40.7160,22.8965,40.1455,45.5846,49.5577,24.5572,16.0728,27.8891,39.4880,40.7409,19.7391,35.4097,82.0318,112.9740,120.8060,119.0800,122.9300,103.1380,41.6792,45.7515,78.3681,140.5970,184.1060,188.4140,181.7420,185.7270,195.8060,216.9130,194.3920,137.3240,107.6350,106.3070,115.7490,133.1230,157.9580,188.3380,209.9720,217.5670,209.1790,194.3120,200.1480,162.0120,107.4320,80.9315,30.6327,44.0848,77.8823,90.6975,99.1893,82.1200,53.0056,46.4562,107.7560,145.4830,174.6640,185.4500,170.2480,131.8970,99.7833,23.3159,33.4962,41.9923,42.5039,16.9059,9.0434,26.6595,57.8938,96.3240,104.0520,97.3056,88.4870,44.2365,68.9324,90.3245,138.0590,150.3150,121.4410,90.9572,65.7772,51.1683,55.9587,61.9948,67.7591,67.9133,37.9225,52.1262,37.7907,52.4856,38.9141,29.5117,26.3044,24.5612,31.1360,33.1808,30.9466,25.7782,26.3210,9.6672,47.1449,65.0982,90.1624,117.7200,150.2090,142.1690,115.4200,107.0780,108.3810,105.3470,89.3137,56.6924,62.0807,69.7486,55.1786,43.8971,35.4056,21.0333,13.8962,30.1655,43.1753,52.6406,51.9845,41.7877,31.8345,27.8921,17.8331,18.5910,5.7599,12.1397,24.4394,24.9738,18.9867,15.7659,12.8619,10.6773,30.1942,53.8591,71.0670,70.2285,60.8258,44.9585
42632.5000,40543.1000,27528.2000,22363.6000,21189.1000,18736.0000,15598.6000,11814.0000,9209.0300,8619.0100,7601.3600,5223.5700,4571.5300,4027.4000,3239.5600,3645.3600,3346.9300,2473.9100,2144.3000,1919.1100,1580.2500,1472.4300,1230.1800,884.6580,897.1650,854.3100,629.3270,480.4670,352.2250,219.8690,46.6984,112.1210,143.1330,159.4570,158.2020,97.5161,66.3232,80.5848,123.8210,198.1840,256.3910,304.1440,336.6830,399.1930,430.4250,420.5720,390.8420,348.4690,303.1790,339.4740,388.1440,335.6280,282.1580,393.4160,548.4940,632.2630,655.0360,589.6410,491.0380,369.0010,339.6800,414.1990,502.9550,512.0590,425.6400,375.9750,454.5080,546.7890,560.7880,606.3650,631.6270,549.3220,484.7750,499.9100,364.3730,271.0070,229.5400,237.4400,249.4230,200.6540,197.3940,222.9730,237.7470,248.3850,299.1200,428.0530,564.2530,544.3550,405.1140,270.8220,200.0070,203.5560,208.1110,175.6720,107.1880,38.0542,28.2472,73.4972,101.6170,103.3580,117.5110,164.2420,223.2090,269.4960,285.6770,331.0850,364.1060,329.7770,180.5530,108.2190,191.9690,270.6190,253.4730,175.8390,97.6480,160.6530,271.7010,341.8120,364.6630,337.8950,232.0480,179.2950,215.3300,214.8640,147.0980,76.5753,36.0504,33.8405,37.4928,54.5750,70.2675,78.1886,96.2577,107.7850,109.0090,133.8440,116.6030,103.8320,107.6840,133.8620,160.9970,197.9230,220.2810,203.9530,174.9620,163.5290,155.8430,151.5870,148.0210,114.7550,106.2410,148.9460,147.1860,151.8610,154.8590,130.3380,91.7709,95.2537,122.3290,111.1050,105.6870,89.0141,46.0723,37.0436,23.8317,49.4704,88.6977,76.2909,70.4539,122.5700,153.8480,169.3190,188.0180,209.7750,206.5390,179.8160,169.0060,160.3260,108.4000,46.6005,31.5565,79.0349,118.4410,136.2150,145.8900,177.6540,214.8980,241.2690,226.6910,193.7400,158.7000,149.9940,150.8390,157.1660,177.0930,169.0440,176.9540,209.3760,207.8000,198.1130,186.3520,162.4680,93.0093,44.0206,49.6927,78.7171,94.8037,106.1280,112.2730,75.4202,37.1847,61.9290,117.1090,129.9560,149.3220,167.9230,174.3280,122.6990,112.4020,33.7752,51.7820,42.2607,51.7369,56.8053,52.5087,30.7218,36.7122,68.6284,87.2644,105.8500,118.5180,92.8803,82.9108,73.4563,61.2931,92.9022,90.3633,76.2065,65.7975,45.4479,15.1347,8.7020,19.1711,21.5773,29.9319,22.9588,29.5169,31.1020,32.2782,55.8995,34.6311,24.0119,24.7609,26.6857,16.9226,11.8330,9.7603,26.0734,39.8475,62.2061,88.8763,118.7450,145.2420,142.1830,121.1680,108.7320,105.8330,95.2633,76.6299,64.6742,57.3994,43.4740,47.2018,50.6866,39.0149,31.1380,36.0927,42.4943,48.0596,53.0186,56.4381,46.3554,45.6910,25.3821,23.1162,27.6609,36.3422,45.0602,50.0231,37.8095,34.5855,40.5693,39.5234,49.1979,56.3452,61.2157,53.0125,65.7730,70.5058,51.6500
43498.3000,40943.9000,27553.6000,22306.4000,21083.1000,18517.8000,15345.1000,11486.9000,8894.8900,8338.4200,7260.8600,5262.0300,5401.4500,5802.0900,5130.3100,4976.6000,4434.6400,3491.3600,3170.0600,2571.6300,2117.7600,1944.7300,1799.8000,1447.1000,1323.3300,1198.6300,936.8990,712.1390,576.1930,387.8400,333.3710,376.8360,434.9550,432.4320,410.8020,338.8640,330.8650,389.1870,470.1900,602.3310,746.4180,986.2580,1194.3400,1472.4800,1552.2000,1274.1500,883.8120,495.4330,192.2920,448.2020,537.9640,534.3420,419.6430,422.6960,448.8110,484.0670,613.7730,658.6290,564.7860,437.2580,391.6110,446.6310,535.0800,548.8470,467.3450,445.1950,520.2130,507.4270,478.2730,456.9540,477.9290,471.6200,459.2020,486.3230,369.3760,295.1690,303.3380,307.0910,318.4260,296.8090,306.1280,356.9600,348.1360,330.1230,318.2510,390.4820,459.0570,390.8180,242.0940,178.9760,224.2250,259.5740,305.9670,227.4580,124.0340,74.9601,38.7850,10.2047,19.1699,34.3676,53.1711,60.2165,100.5730,149.5010,166.2300,165.8830,169.9940,151.3340,68.0279,154.4180,303.7960,322.9620,251.7680,150.0830,65.5673,160.7480,254.9390,306.9430,313.1610,295.8210,164.5190,136.5610,222.2150,218.7450,140.8060,87.2333,65.0073,61.0581,56.5078,50.5354,52.9577,52.7484,59.4708,47.0411,85.4306,107.4530,116.9480,114.8930,95.3154,54.9685,73.2703,123.3200,146.0680,144.6730,118.4280,99.8493,90.6166,123.3710,155.9960,133.9150,144.0340,169.8480,158.9470,141.4800,127.7920,74.0879,23.8068,34.9677,80.4022,116.7910,101.1240,83.1790,42.0727,29.6193,62.0742,52.3242,48.8434,16.0699,16.8326,43.1779,76.5951,100.7950,112.4490,139.9660,146.6360,146.9310,141.8120,132.2590,62.4366,31.2607,67.9917,138.8760,211.7030,242.9400,247.3540,268.2780,290.6610,286.2740,212.2920,155.1160,130.9210,116.1510,111.3360,105.9430,118.5660,135.6430,161.2210,171.4020,154.3560,155.5960,156.5130,143.3580,101.0280,69.9815,69.0398,84.4733,94.0103,71.2852,48.2505,25.2341,33.8564,63.7978,137.1600,151.0060,186.0750,203.6100,167.9640,140.3590,115.5850,42.9136,20.6833,52.0268,54.4409,32.1135,18.1085,14.9477,35.2033,72.6798,90.6834,110.8490,120.1640,99.4413,50.9541,30.3185,43.1313,76.0172,94.4701,98.5212,96.1781,77.8476,60.4847,64.6907,71.0768,51.6376,37.8825,16.4412,28.3837,41.2007,39.6071,31.3019,17.9590,29.7396,41.3428,33.9134,26.5930,21.2032,22.5412,36.9630,46.0204,60.6089,89.6370,131.1370,157.9270,138.8030,126.7530,109.4890,100.2460,81.0217,76.3292,72.8151,60.4899,40.5232,27.0714,26.0088,27.8421,28.5134,31.7804,33.8131,37.1530,40.7899,35.2374,26.1104,23.6518,26.7456,23.0324,22.1787,24.0721,13.0191,30.8941,33.8775,48.3452,33.2637,28.8338,37.6908,47.8928,55.0049,50.0485,55.6682,67.1796,62.3696
42434.2000,40049.5000,26879.2000,21792.9000,20622.6000,18054.4000,15006.6000,11104.0000,8489.8900,8314.3200,7828.8100,5888.2700,5816.5900,5338.6600,4073.9700,4235.3500,4034.0400,3228.6500,2982.2500,2419.1600,1997.9600,1669.2500,1472.2800,1091.4500,1014.1100,958.2460,735.3930,588.6070,471.6570,288.4920,108.8180,160.0400,150.0320,61.2195,86.2762,185.9410,228.3360,243.4050,222.1020,138.7990,80.9542,220.3240,402.7430,609.8430,887.8110,1150.1700,1245.2200,1174.2700,1123.6800,971.7310,584.6860,381.4100,210.8830,154.8130,205.0720,251.0380,301.7370,292.2650,215.5870,104.2310,194.8250,339.4320,419.3040,438.3300,348.9520,284.0860,320.9730,362.8070,388.3650,447.7450,571.4690,568.5860,555.1780,574.2870,454.8970,391.7870,375.1550,408.9800,415.7860,351.8990,316.0830,340.5790,340.4650,347.2510,287.7460,290.0600,372.9370,367.9920,275.2910,184.7850,162.8440,180.3640,173.8210,133.6240,76.5201,73.6575,126.2710,176.2960,190.2950,163.8720,143.4180,176.8530,221.4410,238.4590,242.4630,233.5790,213.4840,151.4900,54.6560,102.2450,249.8310,314.5130,250.0970,158.7450,48.7209,120.0300,186.3540,232.1220,243.3370,251.4130,191.8730,147.9150,170.5510,168.4060,118.0580,73.6308,62.3695,86.3153,110.7560,125.9740,141.6530,143.6100,149.9900,154.7010,180.9660,191.6400,143.6050,92.2101,56.4014,19.8588,52.5424,81.9509,113.4160,128.9380,138.3020,140.3340,142.9230,166.3810,175.6630,143.0510,140.1860,173.2550,211.7540,172.9700,163.2160,105.9870,46.7821,27.9523,44.4605,50.8852,40.3416,49.1205,72.2916,85.4008,47.8313,26.5561,40.1101,43.8093,47.2667,21.6783,56.8383,78.8267,113.1640,164.1440,171.4170,145.2200,132.2300,104.3920,67.3253,39.8715,59.8779,129.6900,202.3610,211.3090,219.1480,234.7040,256.7800,226.4130,155.4070,125.3970,115.8790,91.1450,81.3387,89.1598,103.9510,113.6780,124.3670,116.2830,105.6840,95.1739,88.2419,81.6064,55.6766,49.7655,64.7678,77.0695,65.2086,54.4251,51.5807,57.0776,67.0531,113.0750,152.0260,135.3950,148.1760,143.3080,129.0850,108.4080,107.2480,39.1846,48.6454,35.7763,40.4221,26.3394,42.0485,37.0978,30.6262,22.9781,53.0909,84.7436,104.7670,71.9927,88.5082,74.5335,83.7843,103.6650,103.6070,87.7792,69.3386,40.7796,39.5192,55.5977,53.6276,37.0346,47.4246,54.7601,48.4070,44.7776,44.6886,42.7267,39.4120,46.4511,49.5985,47.4225,36.4753,23.5068,47.0000,74.0622,81.2311,87.9711,117.5600,172.8160,223.2760,206.3570,158.5920,133.4180,137.8680,129.1360,100.3840,78.2747,51.6208,30.9565,28.3457,13.1868,6.8883,23.7513,25.8989,39.9218,45.5788,48.4979,36.3325,16.2509,24.4525,29.0105,46.2521,42.2396,31.6551,20.9778,13.0346,39.1742,45.4377,54.4889,59.3575,60.1274,35.6756,33.8098,51.6465,57.0593,59.1448,49.4506
42522.9000,40452.8000,27408.2000,22341.1000,21287.7000,18666.8000,15672.7000,11574.7000,9226.6400,9355.3000,9019.5500,7379.6100,6782.0100,5172.2400,3154.2100,3112.2200,3552.0900,3053.2700,2691.4000,2335.7600,1971.5500,1862.0700,1544.0800,1165.3900,1146.8400,1073.8400,844.6700,682.0390,544.7330,387.7370,168.9310,164.0530,226.5210,269.5430,285.8650,221.5530,176.7500,188.1980,272.9250,347.5580,456.0710,491.6620,533.2920,648.5610,819.5440,1018.6900,1102.1700,1052.6700,975.5460,821.5050,813.7560,688.2400,482.7050,457.9870,531.7330,620.2360,707.3190,686.6520,625.9460,482.2600,436.9440,500.2120,606.7490,622.4940,554.6000,499.7060,525.1150,547.9200,522.8800,500.1920,506.8190,441.2440,378.0210,380.0560,260.4350,249.6970,304.9540,295.0420,282.0110,153.0220,71.7338,52.4775,83.9292,130.9010,172.4020,197.3910,181.1820,82.3376,85.2536,161.4150,191.3850,196.7380,247.2810,290.7500,287.3030,251.8580,229.2760,211.5090,184.1080,118.4050,58.4809,55.5325,87.3155,117.8160,155.2430,186.3900,249.0320,250.9430,156.7880,79.5879,93.5943,172.2680,176.8190,154.6090,94.4216,64.8891,76.5175,78.8247,113.9840,132.0260,134.0180,108.2060,111.7570,124.4830,94.1965,75.3612,80.2434,70.9980,80.1439,114.5090,154.3170,196.4580,215.9530,210.3600,195.9720,174.5190,127.0730,92.2609,77.3649,95.1473,108.5000,114.5620,110.9330,90.2652,78.0460,74.9263,77.6829,86.3786,106.5930,122.5400,146.3550,170.4900,212.0710,208.3160,180.5100,148.3840,121.5560,133.5480,147.2710,115.0340,91.2150,81.3325,76.9403,100.0630,63.1768,39.4587,37.7799,45.9507,48.3554,26.4627,14.1828,36.5066,74.7535,128.1210,171.8290,166.6040,160.0760,127.9300,94.2108,70.5544,102.4040,189.0930,249.7680,248.8090,240.7150,233.7860,222.6680,227.9540,202.0210,149.7430,117.1370,91.4381,72.3882,84.4276,89.5961,88.5899,59.3476,15.6241,31.9545,44.9776,52.5538,52.7730,37.1604,46.4635,34.6786,32.3154,27.9381,11.8165,42.1030,72.3200,103.5960,127.7990,163.0030,160.1870,165.8960,162.9410,135.8440,95.9312,68.3586,20.0949,37.9501,67.4495,42.1216,27.3980,20.4512,32.7659,51.0987,94.8798,114.5850,120.3090,122.8930,72.2497,29.0344,50.8329,97.5148,99.9573,89.8118,76.4264,59.4267,40.9140,28.3761,10.6850,12.8895,27.5307,17.1218,17.1901,25.0804,24.6503,27.9157,41.9423,59.7428,49.1066,44.0505,56.0226,71.7990,76.8813,78.9925,67.3259,61.4131,75.3481,104.7700,154.0730,181.2390,183.5670,184.9950,169.6660,149.6020,117.8330,111.4350,99.0987,78.7884,67.1324,58.2616,45.2598,31.9132,13.6818,11.7944,22.0403,30.6951,42.6213,46.7710,31.7632,20.0994,18.4043,20.0338,37.6153,21.7550,14.0150,29.6473,54.9632,60.6097,60.1739,54.7173,56.0409,47.9500,43.5216,61.2242,64.9951,55.8394,43.0993
43301.9000,40915.6000,27574.1000,22217.0000,21002.9000,18496.6000,15264.5000,11405.8000,8704.6300,8091.0800,7156.9800,5303.9900,5404.6800,5293.1000,4268.5800,4261.5300,3922.6600,3172.9400,3034.7200,2646.9300,2276.1700,1756.3100,1402.5200,986.0470,901.8090,858.2020,666.9570,547.7170,471.9260,350.2390,190.9350,182.0490,208.4370,193.6460,118.8750,53.1444,46.0425,94.8086,92.3984,106.6480,121.8840,127.2370,127.6930,153.9850,198.3860,243.1410,265.0170,270.4520,225.9650,107.3700,66.7718,128.9500,289.5160,409.3850,557.2890,703.8860,828.2900,745.8820,573.6410,367.2000,326.4020,417.3230,524.0570,564.2150,527.2530,485.7820,522.5410,580.5990,583.0620,577.0920,567.3220,506.1860,434.9530,422.0830,398.1110,310.9860,303.3670,310.0770,332.6690,239.7010,164.6200,135.9190,117.2810,107.0610,78.9830,39.6964,82.0945,175.6890,178.5560,169.9720,165.6350,200.4270,255.5250,264.4850,214.0340,143.2370,159.2220,273.2050,325.3880,357.2020,241.1210,193.5830,279.2090,302.7510,347.8540,344.6440,339.0710,301.8910,174.3520,68.2016,138.1080,229.5170,233.8240,200.2600,129.8070,16.6140,55.0082,91.8484,133.4520,152.1090,146.3990,118.3480,100.5500,71.6375,29.0458,23.3023,69.7154,84.9439,81.8318,88.4526,111.0880,181.0340,241.5740,254.5070,262.0090,254.1280,210.9540,161.9440,165.6250,213.5990,223.4780,204.6450,174.7980,150.6080,107.0740,68.8670,69.7282,54.9215,98.9313,116.0780,159.1890,218.1020,226.2370,201.2780,167.4790,126.9690,89.0418,103.2550,138.4110,138.0340,101.9220,104.4320,175.9210,208.8940,194.8780,159.0520,113.3230,94.8493,53.0287,18.7942,18.9868,60.8890,130.5710,190.7450,204.8270,200.1690,193.0640,130.9330,64.7337,43.4032,88.4842,181.9670,257.0130,234.1310,204.3870,199.5290,236.6590,261.6170,213.4250,130.2330,86.7739,64.4391,41.0231,52.4682,62.2611,43.4351,19.8328,51.8976,97.3885,102.7170,119.9800,102.3590,89.2255,92.8267,129.4490,107.0460,70.5991,42.0011,53.9525,70.4151,70.2654,97.5344,167.1420,178.8820,163.1280,149.6980,116.9510,74.8011,49.1442,36.0579,49.4073,62.1913,40.7615,33.2017,34.0191,29.2062,20.6354,75.1682,109.1410,112.7330,105.9320,53.8737,34.0969,71.0482,121.4140,139.8380,121.7720,109.4360,112.0760,105.5100,75.5855,66.1881,70.6248,108.6780,126.1890,98.0385,79.6579,39.8679,30.6587,43.5592,44.5368,45.3266,54.1437,42.6206,31.7840,43.9039,45.5911,71.1877,119.0650,130.3170,118.6050,125.6480,183.2600,203.6740,187.2680,169.2990,142.9000,101.2060,88.0275,105.6640,76.3072,37.4017,65.5489,90.9230,67.8698,73.4295,107.6570,112.0040,97.3721,47.6273,38.6151,62.0612,70.6124,46.1423,37.7611,46.5380,37.3754,21.7226,6.6348,7.1970,19.2976,42.0196,47.0623,44.6070,40.9647,58.4448,79.9994,86.7615,63.2064,43.6474
42652.0000,40230.6000,27028.4000,21908.3000,20727.4000,18224.5000,15159.2000,11387.0000,8691.1700,8128.5200,7237.7300,5345.0900,5508.4000,5483.2800,4437.3600,4482.5000,4118.8500,3171.9700,2808.4900,2303.8300,1863.6800,1659.2500,1461.2400,1111.7300,1042.3100,966.4530,781.4820,764.3600,634.6620,481.2590,305.5510,249.7450,251.1150,256.1760,239.0300,142.3120,77.0326,51.1798,69.9713,129.1240,173.3380,212.2520,237.7540,316.4270,375.8460,418.3160,451.1240,471.0060,481.0730,517.6500,498.8740,297.3480,180.8350,400.0830,680.1860,874.1770,904.7060,748.8170,562.2190,385.6210,453.2910,562.7590,668.1960,673.3840,593.6280,503.3480,503.7390,528.3140,558.1830,599.2240,658.9650,597.9300,480.6170,450.0040,322.2680,255.3030,273.2170,253.4140,240.9250,220.4430,223.3240,222.8430,243.3820,279.3880,247.8360,168.7160,149.2540,169.1320,188.9340,187.3110,150.9480,134.7670,150.1250,103.3300,152.3080,156.1090,331.4320,355.5370,325.0290,309.2500,283.7850,234.2450,90.1840,159.5620,202.9920,309.9980,341.3410,312.3670,202.3210,109.0810,89.2620,207.2360,222.5040,216.1060,149.2940,75.3944,120.4150,128.1920,141.5870,140.6740,158.3680,162.3490,133.0290,114.6760,103.0290,87.7727,60.8509,51.4004,24.0404,23.0798,47.0773,80.7131,162.1250,204.3140,209.2430,227.2450,178.1040,113.2170,94.4634,140.1730,180.3580,168.9470,155.9540,124.7720,84.1752,43.8154,61.1595,104.1870,172.7140,232.0490,313.1760,385.4930,387.7010,309.5190,231.5200,184.1810,164.2990,157.0920,159.5470,129.8790,51.0461,58.4232,128.2000,118.3030,88.1746,62.2206,44.4175,21.5687,10.3326,54.9396,108.2530,146.7140,190.5900,196.6820,180.0390,167.2910,162.6000,149.7440,90.5603,58.4258,55.4212,114.7420,183.1640,193.2640,177.9570,197.4470,231.7620,250.1680,186.6520,143.3940,136.8950,105.6160,94.1304,104.8170,108.2620,99.1890,77.0941,27.7094,90.6905,137.1480,171.8140,133.3850,90.2655,77.8751,62.0162,53.8667,22.4458,14.2022,20.8279,52.9639,93.0929,144.8310,176.3890,145.1650,131.3630,130.9140,118.5570,68.8413,49.0704,40.7497,47.5047,27.9325,21.9535,34.3085,45.5455,61.0167,43.7565,85.4273,88.1229,107.1670,112.1660,63.5734,76.3243,60.5149,96.3933,110.9370,117.6770,125.4080,143.0060,141.5130,78.1097,40.4550,19.8840,28.5113,41.3687,13.2843,10.8096,32.3123,27.2909,32.4767,50.7067,53.7588,46.3636,19.3073,24.8262,51.1653,36.9747,66.9881,58.1270,54.9283,69.1348,102.3000,142.7670,156.8790,163.6160,162.2190,139.5890,114.6430,104.8360,107.5960,68.0940,22.9717,28.7563,53.8253,60.3544,53.0322,56.1606,61.5049,60.4282,27.0842,35.4725,38.7090,36.7673,14.5974,31.3990,54.0432,58.6303,53.4543,55.3143,60.1854,37.7328,48.4997,26.9512,27.2975,29.0586,52.3280,39.5176,25.0446,35.3207,48.1317
42191.1000,40137.3000,27166.3000,22065.4000,20974.0000,18469.2000,15377.6000,11466.1000,8788.1100,8217.6400,7223.9600,5373.7600,5542.3700,5473.3900,4467.5200,4510.3800,4133.1600,3193.9400,2861.0200,2348.1300,1909.7000,1729.4700,1562.2900,1232.0900,1157.7800,1073.9600,842.1570,687.8610,547.5790,354.2560,297.1250,370.9680,378.1980,408.7960,421.0660,412.7840,418.6050,431.7300,385.7730,319.2470,296.7410,279.2690,296.9590,295.8650,256.8810,200.4710,150.2240,73.8469,110.9300,386.1580,486.3540,455.4100,414.1980,301.4520,278.2090,417.8160,711.9610,870.7990,772.9480,673.1510,634.8920,606.1900,666.0780,639.6100,495.7510,393.3900,450.9230,510.5290,485.1930,469.6860,487.8390,464.9870,434.5160,472.3780,459.7650,411.9790,383.5120,357.1380,321.7090,256.8360,207.0570,166.0110,125.3520,111.0210,118.6050,128.1450,167.2860,196.9920,199.7300,258.0500,228.2520,193.3290,228.1340,273.3860,359.1630,350.5170,255.6260,185.7290,71.7612,123.7680,247.4130,401.6800,545.0460,597.8730,627.1100,636.7120,544.2040,406.8440,236.1710,147.2500,117.1910,259.9050,239.9270,182.4990,93.1723,112.7990,145.4320,155.3770,115.4170,92.2362,102.9850,90.1072,60.7068,55.8568,37.6271,38.1377,48.9891,41.3020,75.6683,63.0730,44.9924,56.7579,124.9470,187.5520,241.6210,272.0270,228.7310,159.6800,120.5390,153.9220,205.9080,226.3620,216.4930,160.4720,95.6782,46.3005,29.0719,29.9595,79.3383,101.9100,153.7390,235.2910,285.5020,233.3100,175.4080,111.9330,136.8920,178.8610,194.1620,139.6950,70.2824,65.3951,102.0440,90.4777,66.1969,27.6059,69.3310,78.4819,82.5191,92.0274,108.5710,132.0870,181.7470,244.8180,237.1290,201.3040,166.6130,98.8289,36.0385,31.9579,84.2399,150.8750,226.2750,250.5080,239.5200,246.8170,258.5220,254.7710,200.5890,158.7270,144.2880,128.9710,135.8610,149.5180,139.2950,118.0510,89.5475,58.3019,20.6199,40.3159,70.5919,78.1986,49.0863,57.1516,71.4407,78.5306,89.7952,61.5640,38.4960,19.3348,14.1682,43.6997,86.2757,95.8751,99.0746,107.2110,88.5710,71.0771,56.9182,16.2865,33.4991,59.7179,27.6363,10.4119,14.8017,32.3968,90.9181,131.5180,134.4930,142.3070,153.4010,104.2080,43.4322,34.3128,68.8620,97.2987,85.4319,66.6334,47.9523,46.2244,48.5825,41.3868,48.1194,54.9502,58.1937,50.4135,38.0654,22.6117,17.6090,15.6561,17.6241,14.6699,22.2076,24.5541,39.9881,26.8482,39.5528,45.4633,46.4757,57.9143,76.7055,107.5790,131.5860,132.0450,138.5150,139.3370,119.9320,97.1366,90.8310,102.4970,89.6904,85.5347,87.4527,72.5047,62.6643,66.4763,72.4522,68.8657,52.5663,49.1573,68.3415,62.1271,37.3669,19.0667,5.6558,32.8112,32.8795,38.3937,17.4538,26.4219,19.8453,22.0852,27.2491,33.6095,30.9768,18.6227,21.8290,50.6906,58.0533,55.3551
43131.8000,40872.3000,27587.1000,22249.2000,21054.4000,18547.0000,15306.4000,11423.8000,8791.2000,8220.9900,7219.4300,5353.2400,5520.6200,5474.1200,4445.7200,4453.3700,4107.2100,3215.5200,2843.0800,2286.6800,1899.7300,1692.3900,1556.5500,1234.7500,1103.1800,991.9410,765.3040,600.9840,475.4410,324.6630,180.3430,202.9690,235.1460,229.6990,193.9680,115.2800,62.2070,48.5969,78.8195,116.3100,165.0590,186.3860,209.6070,246.4400,168.3570,105.7430,265.2830,508.5280,706.9100,833.9260,924.3100,675.0870,333.2190,295.8320,462.1700,576.3140,594.3570,451.3600,305.4900,341.9320,552.2590,662.6800,672.9440,562.9920,395.7890,376.1120,513.5400,597.4850,548.4610,510.2780,501.4130,461.5420,408.6420,440.2650,398.4470,361.2040,370.1540,357.4030,345.9540,257.6140,169.9090,147.5640,105.5050,58.9179,40.4023,98.5364,137.5050,170.4880,134.0180,105.2530,94.7325,123.0230,166.6610,171.8360,139.6590,110.3940,72.9069,65.8781,104.2010,140.3220,161.7920,209.2800,319.9410,374.2990,354.2940,363.9200,353.1770,297.3470,154.6660,93.8854,148.2600,259.7330,255.2050,226.2920,170.7490,57.6594,80.9146,89.4303,104.4570,111.0710,103.0910,49.6599,17.0771,28.7568,19.6299,32.4139,55.4745,87.0460,61.0785,55.2489,50.2452,91.1472,128.0570,143.0460,149.4500,159.8540,114.4060,42.3985,64.3894,143.0230,174.3510,163.6510,159.4950,145.2020,145.2540,133.4600,96.9585,94.3089,118.7770,143.6800,226.5050,280.9900,253.1800,222.9810,211.9460,174.6700,144.4380,149.8270,152.5960,102.6580,72.7245,35.5541,110.9030,113.7540,93.3224,65.2608,27.8040,24.6507,21.2290,44.1641,75.0929,95.0547,145.7400,185.2960,158.3820,143.1410,124.8180,113.8040,84.7274,26.7231,29.9637,85.5187,145.0890,201.0640,209.1000,194.6450,204.9010,202.4290,169.1270,142.2860,155.3440,130.8630,111.8800,115.4510,99.8711,74.8465,47.3972,27.5241,36.1808,73.0666,91.6979,98.9096,89.4296,52.4411,77.9016,63.5228,68.5685,57.9072,47.9909,44.5141,61.1801,99.6742,120.0840,118.6790,116.5720,123.9330,90.1186,54.4546,36.7083,7.1099,9.9518,32.5666,39.0474,40.0196,44.3275,51.6123,60.8248,67.5721,82.2770,80.2523,75.8047,36.0398,42.5506,64.3841,85.2123,106.4120,94.6505,77.0630,56.6776,38.7636,28.3079,27.1553,17.2050,10.5981,17.2551,20.1842,32.4462,32.2823,41.1621,41.7767,49.4219,64.7602,67.5427,66.4172,56.7384,34.2389,16.6164,18.0231,26.7880,44.6572,68.7803,103.5900,139.8200,153.1680,143.8930,127.8600,121.6880,105.9790,94.2378,65.8464,54.2981,66.9850,55.2043,36.6735,39.8177,43.2393,40.1897,49.2461,54.9692,50.9840,33.7419,32.9778,24.3268,27.1927,13.2183,10.2492,6.4803,5.3870,11.7138,19.8296,24.4521,22.6179,25.2483,18.9741,20.2606,30.3954,42.3963,52.6162,44.2776,37.9117
42856.5000,40338.6000,27049.7000,21882.6000,20689.3000,18194.3000,15092.1000,11336.6000,8635.4500,8067.8000,7193.0200,5329.2500,5503.1700,5470.7000,4413.9100,4454.1200,4107.6200,3193.0500,2817.9200,2280.5700,1886.2500,1680.3600,1529.7000,1171.6900,1033.5300,931.5540,713.0340,550.8850,448.0310,287.1870,190.6020,213.2470,240.8600,222.9520,205.3030,122.9750,75.4373,103.8060,137.0190,185.5010,238.5880,286.4160,282.0430,242.3460,216.2090,198.5960,445.7310,710.1250,812.8320,931.2850,1013.2700,945.3600,772.6700,596.5930,395.6500,175.5910,351.9280,641.8750,699.0550,668.9540,561.7070,471.0340,479.5000,505.1900,466.3860,440.3360,475.4100,529.1620,556.3470,606.7440,658.7990,655.0700,571.2890,552.9600,487.1590,448.3820,458.4240,446.8190,468.2750,412.0110,332.0610,258.7370,197.1810,147.3640,68.6437,37.0035,68.5076,95.3163,108.5740,153.4790,187.0620,207.2690,232.4210,250.9820,277.7950,223.7690,112.4950,53.1986,74.0470,94.9590,99.2248,104.1420,125.8520,160.0130,202.1090,214.0990,221.9100,210.5040,68.6404,68.4990,150.4440,228.8140,253.3470,220.1030,168.9130,83.3449,16.4869,69.4767,119.1600,140.4410,136.8500,80.0207,26.9986,23.2741,48.0098,42.5386,49.1452,70.8702,69.6022,65.3754,57.9723,107.2980,184.8900,215.5080,232.6290,237.9380,189.1990,121.9120,77.2213,92.4357,134.7390,147.0980,145.9150,105.0950,66.3295,48.4418,43.9887,88.9627,151.6490,205.3750,300.9990,360.9730,348.3310,280.1060,236.5480,157.0830,143.0050,154.8470,141.3810,93.5557,55.7671,95.8160,152.4720,130.1150,90.1669,36.2768,53.7230,62.8928,45.0592,15.7440,57.7568,100.3970,154.0600,201.4660,208.4740,185.1620,186.5590,141.8920,66.3723,29.5077,59.0865,133.9520,204.8010,203.6550,186.1480,187.3710,192.9370,208.2060,177.2050,118.3480,80.4592,69.5328,51.5120,35.3365,57.4101,72.5793,61.6558,30.4551,46.7278,74.6052,93.5764,89.9068,70.4209,30.8258,29.8694,35.7660,51.1434,57.8504,40.7295,27.6219,32.1719,71.5098,107.4720,107.7050,92.3850,74.7182,39.0708,62.0460,58.6864,70.2534,19.7585,56.6811,49.6718,48.7700,44.5164,69.8071,66.1399,81.3273,62.3419,46.1212,46.9855,21.5169,59.7055,61.2881,81.7406,86.0036,79.1347,64.8408,59.6163,54.3368,36.2034,23.2602,33.4744,38.7731,46.0988,12.4096,13.1394,30.0283,24.0744,28.3297,29.8773,38.7528,62.9613,67.3057,62.6186,46.0925,25.2570,10.3672,31.2332,55.6305,87.1381,122.2110,155.0970,175.0480,163.7880,136.6890,123.9560,100.4940,70.0347,51.9727,58.7322,61.3582,62.1876,62.3760,60.1681,67.6475,73.7946,75.1450,69.8014,66.1215,56.1902,59.5266,70.9830,58.0881,48.5069,28.1152,30.1545,32.4654,37.5580,47.4775,57.1367,55.6385,56.9843,58.5822,48.3105,41.9872,39.2123,36.7927,20.8253,10.4572
42011.4000,39936.8000,26957.0000,21881.4000,20870.7000,18416.8000,15308.9000,11403.2000,8637.3400,8122.3800,7204.9400,5286.6800,5393.5000,5362.2500,4439.1800,4531.2700,4126.9900,3152.9700,2753.4000,2298.2000,1918.4800,1742.2700,1541.8700,1221.3100,1140.3800,985.1450,678.7620,504.3360,435.5730,313.1760,229.2810,261.0760,285.1070,277.6530,233.2280,126.1790,41.1745,90.8459,200.6600,319.0030,303.9160,205.5020,119.2950,230.7490,391.1220,543.4960,688.7510,621.7170,544.7840,503.1370,526.6250,535.1150,368.1560,167.9440,186.5120,384.8370,634.1930,677.6400,605.8050,574.1340,525.7730,545.0470,511.5220,412.9030,276.6900,293.6950,451.4590,540.4770,524.8220,515.7790,517.4510,430.9990,330.6810,302.9210,236.2580,218.5200,246.4600,232.5990,263.1210,235.2170,184.9870,188.3280,208.4840,224.4020,209.4180,200.6080,239.2590,307.8060,359.5160,380.1060,300.7920,223.5360,221.8660,203.2820,149.2590,97.4772,107.4780,128.1650,96.6904,32.3783,147.7940,279.3210,356.4200,413.5660,413.4720,327.8520,261.6540,191.8730,91.9656,53.3664,203.4510,298.4940,283.7430,258.2430,186.3660,77.4885,75.8569,80.4141,89.6852,97.4525,95.4137,91.0599,99.3902,122.0000,86.2662,49.0410,95.1194,124.0150,118.5680,107.9130,118.8230,157.7510,215.1510,230.2970,181.9680,136.1220,78.5472,28.1487,65.7994,107.7470,111.5500,57.6446,73.3183,57.2447,63.5002,40.5013,31.2247,83.6075,158.0600,179.5500,210.9280,259.5680,299.0090,282.3570,259.8420,216.6560,133.9540,94.3303,125.4580,137.1480,77.1330,47.6070,122.4500,136.4370,121.8910,74.6648,35.4318,40.4157,60.5672,49.0360,85.5440,120.9600,182.5210,257.6440,255.6110,217.6690,202.7840,148.1540,87.5999,27.2157,47.7890,118.7950,180.5990,214.2180,228.9450,225.6890,232.4260,231.2170,204.2570,162.7790,139.6380,122.4090,92.4993,65.7657,71.9269,91.3576,95.9583,58.3455,74.6412,72.0151,74.0083,97.8569,70.8071,102.8440,107.0250,100.0850,87.5494,60.8549,27.6878,51.2243,101.3220,155.8350,191.6140,146.7390,111.2450,97.4540,75.4504,135.7770,129.0170,93.9326,57.9866,58.0688,67.6183,75.9880,53.4942,33.2381,19.6418,26.8024,27.4015,39.0081,35.6433,29.3509,40.9411,56.1044,81.5837,109.5250,133.2150,117.5840,109.2440,67.5047,34.2523,41.8221,48.7626,70.7000,46.8574,30.9291,6.9758,15.0251,16.3378,11.8187,8.9982,28.2406,31.8236,28.1207,26.6336,35.2853,36.3386,20.8571,24.5633,33.8293,60.9728,105.9820,136.6280,109.1070,108.4230,107.2530,92.4740,62.9217,42.5878,38.1290,41.7573,54.6492,56.2659,42.3076,54.8269,79.1112,76.5365,65.8952,54.4244,43.8136,33.2574,43.6733,42.8457,19.5028,6.6275,3.9851,13.1304,35.6127,19.9432,13.6380,44.9604,39.9482,23.8490,32.4361,50.9738,62.2420,45.6276,48.3983,70.2312,62.4668
42982.1000,40787.7000,27610.5000,22252.0000,21035.2000,18569.3000,15344.2000,11438.2000,8752.9700,8184.2900,7189.4400,5354.6500,5523.8000,5452.0800,4456.7500,4493.7800,4128.2900,3217.1400,2828.4400,2282.7000,1900.3000,1717.7600,1575.1200,1230.5100,1057.4700,923.1700,705.3620,529.7760,405.0070,236.7790,162.3510,195.7590,195.9140,167.4790,93.8516,131.4130,245.4020,359.4980,448.7900,347.6530,360.5050,335.8150,239.8310,202.5640,198.0500,315.2640,423.0600,389.4860,427.9200,478.1040,361.4840,421.3010,206.3230,134.3190,182.7770,390.0880,637.3910,699.6930,597.9230,450.1360,363.8140,381.7910,420.6930,414.1550,330.6410,305.1190,398.1800,478.7550,489.7600,508.4210,567.1380,511.9300,414.1710,413.6450,309.9080,227.6030,185.0490,154.7870,120.5790,78.1035,65.1238,56.7075,53.9344,61.8187,29.0865,30.8489,82.0468,157.7620,192.2240,218.4380,223.4950,186.0930,168.9810,153.5760,104.5870,50.2943,59.7488,83.5249,75.8391,68.2215,71.2840,75.4861,86.3394,125.7070,148.4320,161.4910,213.3460,222.9840,108.1000,119.3830,199.2750,302.5140,314.4770,251.4200,181.3870,103.1060,101.7690,99.4471,79.6108,59.4590,33.9304,23.6430,19.0082,35.2358,58.7449,41.3584,19.0970,31.3794,41.7681,52.4001,79.7707,123.4560,159.2990,186.3530,218.4070,247.1360,229.4080,171.8030,140.6770,163.7850,185.2000,203.0590,213.8220,191.2450,129.5320,92.0187,69.7030,85.4655,111.4210,135.7460,206.5910,283.7730,313.9210,254.2640,193.9550,108.6780,117.6410,158.2790,165.0320,119.6660,105.6930,139.0090,168.3590,151.5960,100.3240,51.5237,71.8540,89.6688,87.1797,66.4003,73.2039,110.9050,170.9200,220.1510,209.2060,184.2040,178.2080,163.6040,84.0361,82.0136,87.7790,155.1750,192.2750,204.3270,211.2970,204.3770,206.3450,187.2440,152.3000,141.7470,118.1370,83.1683,56.5607,48.5825,54.6807,61.5378,63.9649,38.5583,47.8488,73.8063,91.9778,103.5850,87.0492,47.4060,49.6635,29.9215,45.6898,29.7650,22.8849,34.3313,44.7756,77.2334,103.7800,96.5953,120.2090,149.4320,141.5550,131.0530,115.4880,44.6042,34.9090,79.9061,79.5416,61.9354,44.1116,27.0008,19.8701,51.7700,81.4473,109.5150,111.9260,83.9493,64.8861,74.7791,64.3334,96.0130,108.9730,107.8150,98.5352,86.8087,69.6137,62.9804,52.9305,43.4745,40.2309,29.6751,22.9511,34.0339,43.2410,41.3154,46.3006,67.3096,66.5276,54.7069,42.3452,26.3718,19.8402,62.2977,81.7524,94.9979,114.3920,148.7620,176.8910,161.2970,139.6270,139.0000,129.3220,125.6120,112.2600,71.7092,43.5925,56.6958,29.9616,22.3835,64.9451,48.6238,39.8448,66.1484,68.3833,63.7347,76.5609,112.1660,84.1842,72.1142,66.6960,64.3697,28.4783,54.0941,72.1293,62.0229,39.4172,46.9244,60.5682,25.6033,23.9070,62.0320,86.3517,68.5551,32.5456,59.5747
43179.7000,40619.8000,27268.3000,22050.4000,20841.4000,18334.8000,15184.9000,11413.9000,8759.1600,8184.9000,7288.7700,5414.9500,5571.4400,5553.9500,4503.1700,4501.9300,4155.1200,3237.4400,2857.6200,2312.6400,1908.2600,1711.5900,1540.9700,1227.1000,1115.0800,956.9660,712.8300,558.5410,467.6440,301.8010,182.2220,262.3230,345.6450,426.6850,423.0640,258.0730,142.4320,92.7382,174.0420,255.3810,316.0710,359.3930,469.2710,708.9940,840.0960,803.3000,708.8020,550.4810,417.2460,448.7090,528.9850,374.8950,135.7870,188.5250,428.0000,617.4650,819.5280,858.5710,757.3900,588.1620,482.1540,452.8560,454.9440,486.6060,472.2810,414.2280,458.5620,526.3160,520.2610,524.7660,565.9200,541.3800,470.1100,509.0530,405.3690,343.7330,374.8010,369.6220,346.9550,261.7200,163.5900,129.9170,123.2610,110.3900,108.1160,120.3280,201.0740,261.8890,236.5330,252.1020,178.6000,94.8594,61.1269,60.0044,53.7035,46.7413,42.1110,18.9251,76.3779,134.9610,249.4470,349.3830,384.2490,385.5680,377.5080,350.1520,300.5460,210.4810,71.9721,122.4430,316.0990,411.7060,362.3990,281.3560,202.9570,137.7990,147.7190,157.5020,127.3170,86.9225,83.8740,84.1354,72.8018,83.0946,84.7647,66.7644,50.0457,44.0012,57.0612,70.2917,93.6271,128.5130,187.9890,228.5230,244.9500,257.6340,200.3020,97.1779,66.9271,154.2820,220.6390,221.4570,212.4460,191.3470,168.7640,163.9780,167.2110,101.8250,131.3570,120.5810,204.4230,278.5810,303.8630,297.4620,277.1930,255.2730,237.4550,242.2740,229.6340,166.6760,103.2240,62.4143,56.8562,70.8967,99.4268,74.7680,83.1660,62.1125,46.7649,75.9950,113.7080,138.9690,181.0420,212.5750,189.4740,136.7080,116.7320,72.5141,42.7952,56.7354,114.6160,140.3520,195.0260,168.1540,129.3460,115.5310,121.1330,127.0130,120.9360,93.3726,60.0345,42.2427,29.6753,42.2477,81.8517,85.7845,90.8101,52.9070,42.2267,41.0601,72.4707,66.7839,56.4556,72.6191,70.3298,67.3273,65.4632,61.8799,43.7588,45.9650,56.6371,101.8660,130.9080,128.4610,121.8740,130.7980,91.3746,78.7690,72.7620,62.8126,46.5727,26.0408,49.4002,80.7426,106.1510,121.7910,142.2950,139.2780,126.1040,93.9059,77.5924,14.6852,48.3419,54.2826,63.8694,78.5969,63.8304,36.1062,24.4522,21.6932,21.2233,27.5489,30.4078,37.1684,43.5753,35.1975,19.6941,7.7692,21.4338,24.5504,30.3965,25.5337,29.8739,46.4336,53.2621,47.0203,20.2337,27.5803,44.7825,59.8190,74.4231,101.6360,120.5790,132.6610,160.3510,166.2150,144.9120,125.5730,102.6880,76.9427,57.0430,63.6029,67.6648,45.5485,30.9118,38.5582,54.2218,53.6938,50.7959,47.1476,56.4336,54.5161,31.7117,18.4080,11.6474,13.3410,27.3803,32.1980,32.1273,32.8671,31.8397,24.6205,12.6306,21.5607,36.6181,47.6507,59.0074,41.9837,33.8986,24.8269
42039.9000,39895.9000,26967.1000,21908.9000,20738.4000,18279.8000,15219.6000,11405.9000,8641.9700,8073.7000,7146.6000,5261.3200,5423.4300,5392.4100,4398.6500,4458.2700,4082.6600,3139.6900,2816.1200,2317.0200,1862.6600,1717.5300,1545.5900,1231.8800,1193.1100,1086.6800,817.1700,662.1650,472.7870,324.2220,360.7940,526.2330,637.2800,726.3000,698.5550,756.7940,961.4080,1237.4600,1495.8900,1566.0600,1384.2200,1186.6800,972.5910,888.2500,673.5880,788.8000,902.8410,785.6000,954.4230,759.5620,518.1570,361.1370,254.6780,292.3570,385.2410,537.7990,739.0220,796.1220,689.6990,578.5490,498.4850,538.9660,576.4970,550.8510,409.8740,312.7100,387.3820,517.9130,574.8780,617.1090,690.9710,604.1950,486.2630,450.7150,366.8060,333.4360,361.1360,342.2070,323.6480,271.6900,211.2030,177.9130,169.6090,181.3040,172.3700,147.2390,158.6270,195.9210,210.5800,213.8940,184.4590,136.4100,111.7660,99.1037,64.8036,61.0577,95.3139,126.5180,177.2580,242.1890,265.8420,256.5120,149.2380,138.1630,233.5230,306.1090,329.8480,344.3880,245.0950,159.4070,55.3145,185.3800,222.7820,218.1120,167.7060,33.6246,42.2331,66.6624,55.1407,61.4905,97.0813,139.7860,103.4700,82.7751,60.6053,62.3518,90.3900,87.1536,72.5705,66.9422,83.1082,108.4690,153.9820,199.3100,175.8270,182.0020,112.2160,29.2003,47.6198,126.9810,149.7180,131.7490,129.9210,131.7650,130.7950,111.4240,106.8060,128.3480,159.8350,155.6430,173.9200,208.9390,222.7490,199.3320,174.1410,133.5880,94.2873,101.4970,137.4590,131.1150,66.1270,28.1363,88.8817,101.4730,96.0090,48.3144,49.6024,45.7517,71.1766,38.9620,89.8163,120.5960,159.1090,224.6580,222.0620,189.6350,175.4170,163.3160,130.1660,46.8095,52.4959,108.5060,179.7360,184.2860,183.8420,201.9490,228.6990,243.1840,198.1870,125.4790,99.2561,87.8127,58.5682,52.2588,64.3001,59.5920,40.4243,15.4701,57.2286,87.9948,99.9137,91.2646,52.5646,31.6458,19.3434,26.7434,30.3095,43.0708,36.2621,60.3482,70.4064,100.0170,134.6320,115.0750,107.8560,96.6777,74.7653,78.9328,77.5011,46.5392,32.5416,7.2745,18.3621,31.6956,63.9601,77.3439,77.7564,92.9153,65.9435,53.8695,46.1570,34.6628,28.9706,45.0849,46.6909,71.3749,70.9007,62.4667,64.4118,56.7362,46.0078,40.1463,42.0513,55.2369,67.9572,48.7214,28.2641,17.7829,20.1004,21.4359,9.1123,27.0284,19.1225,9.8537,11.6768,29.7756,49.4460,65.6700,83.3547,102.6910,131.6510,167.5480,209.9270,214.1690,200.1600,191.0570,170.0360,135.3620,125.9970,120.5120,99.2880,95.8289,88.5198,68.3162,61.2738,61.7088,51.3550,40.5448,53.3806,41.1962,13.4360,18.5586,20.5389,8.5425,7.4408,16.2122,17.6925,12.6773,13.7805,22.3428,20.8151,19.2419,21.4342,24.9386,19.1358,17.9625,33.7853,51.1626,41.7894,32.2979
42857.6000,40741.2000,27650.2000,22387.5000,21169.5000,18672.9000,15458.8000,11550.7000,8871.8200,8277.8300,7261.7700,5409.0700,5587.0400,5513.1100,4471.8500,4486.0700,4141.9700,3236.0600,2877.6700,2320.9100,1919.5100,1699.7400,1542.9100,1214.8900,1099.8200,996.7140,764.5920,666.3090,576.2260,518.0180,428.6610,558.0430,751.8050,853.9330,927.9540,984.8850,924.4450,796.8930,762.1320,658.4860,425.1740,199.7880,208.3680,456.2630,534.2470,569.7410,571.2280,559.8310,497.9370,527.8050,645.3650,673.2030,578.5460,475.4600,365.4660,386.4850,575.7910,656.7260,619.5640,500.9130,396.2430,403.6790,402.7110,317.6150,210.2820,242.7570,344.6630,341.9300,288.3850,259.4180,321.8290,376.6440,421.4290,519.9320,484.1710,455.8640,465.8970,463.8740,435.4130,348.2890,249.5200,167.2640,86.9029,64.1427,80.6722,141.5950,177.1730,111.2110,53.3398,12.6226,27.7854,70.7686,129.1460,142.9820,85.5349,86.6860,203.1770,269.4630,289.8700,340.0690,383.4740,391.4400,269.1020,170.5210,175.8660,223.0930,276.1640,256.2150,246.3650,213.5520,185.4750,258.3370,196.6320,109.2080,70.8180,155.9540,177.6530,165.0250,133.7370,139.0610,168.9410,188.3170,135.5330,53.9095,47.2297,118.8420,146.3270,139.7360,126.6810,127.2710,134.0400,153.7510,198.2390,233.1830,219.9260,230.2110,166.1430,67.3068,36.4991,82.0554,139.3500,134.7610,131.3230,120.1970,98.1014,80.5965,83.9521,117.4630,167.8240,189.7710,225.2100,266.1460,267.5320,219.4050,166.8390,120.1450,75.1044,79.0032,108.9460,97.3662,40.7180,58.2607,124.9990,122.0370,61.0071,21.3892,43.3579,39.5903,28.8353,44.3544,80.8350,121.2650,184.3370,234.6460,215.8310,200.2010,192.0110,173.8100,126.7340,54.1313,51.0074,70.2739,129.2360,172.4610,190.2050,190.5410,197.1300,203.3920,188.1410,133.7110,83.4890,51.9415,57.2364,65.8720,80.6657,92.8402,101.3930,73.0507,50.0021,29.2419,52.1191,73.0494,86.3227,103.1820,125.3520,106.2530,51.6552,30.6350,70.5320,96.8319,104.9250,112.6480,112.3430,86.3439,43.8577,65.8141,69.5173,130.0570,116.6020,84.8782,46.9948,56.6128,51.5408,65.7758,59.4420,69.0717,70.6861,97.7203,86.6964,70.5787,81.2229,64.0685,99.1512,95.0852,89.6706,89.9211,71.7745,55.7795,54.0875,46.8303,28.8491,31.0248,43.3425,67.5414,74.6183,73.9925,62.6668,48.0288,24.8757,21.2596,20.9834,37.2881,46.3209,42.8778,35.1383,24.5975,7.2043,34.2897,48.7285,65.9312,89.2447,125.2250,152.2650,164.5880,178.4200,174.7770,154.4340,119.9230,90.1771,83.7388,89.9738,81.1502,63.1538,53.8024,42.1378,40.6166,53.6008,63.6058,67.7528,67.1501,60.2533,66.0021,58.6561,28.5760,11.5808,31.2785,32.4055,18.6830,14.8952,29.2003,29.5558,30.3578,30.1437,33.0641,38.5979,54.2369,66.5701,56.3531,49.6551,24.3807
43443.6000,40896.8000,27498.4000,22211.7000,20988.5000,18472.2000,15272.9000,11459.4000,8794.8600,8211.9600,7292.9300,5420.7700,5576.5800,5537.2100,4473.6400,4471.9000,4124.7700,3216.7200,2889.2500,2357.6300,1932.6300,1713.1200,1552.9100,1233.3100,1128.5000,997.3580,762.0040,670.3870,612.4850,535.7100,490.0090,569.9250,806.1590,1123.8000,1338.0200,1185.9800,1054.3000,675.3370,273.9830,201.0210,327.2140,329.8260,278.1930,270.0220,285.3370,323.5200,353.5320,356.4220,388.7410,518.9440,673.0730,639.2580,456.8920,378.6820,371.6970,434.6010,627.5150,736.5330,736.9080,642.9530,603.1050,574.8570,519.7850,406.3500,301.2160,268.2450,397.1530,628.5290,691.3120,723.8130,746.9180,639.5180,525.7670,508.6940,395.0110,333.7070,378.9040,372.9030,340.1030,295.2990,251.5430,179.9900,95.4294,54.3576,27.5840,68.9979,31.1418,87.2197,89.8821,128.2940,93.5966,64.7000,100.4420,145.6950,137.2740,157.9990,94.4491,93.5883,85.4191,142.0190,254.8280,395.4250,518.1670,554.3530,613.9250,539.2760,451.0670,370.2590,193.7030,93.3792,216.8730,325.7780,302.8090,227.0100,156.9970,184.7270,240.7900,309.2140,339.8640,319.9710,285.1040,254.5250,185.9840,129.5620,48.3344,10.7142,16.5538,36.6630,41.5359,40.1669,55.1611,95.1122,133.0160,148.8750,155.3220,160.3160,111.9580,42.0382,39.6343,110.9300,150.7270,140.8690,132.1840,117.1790,91.1112,67.1280,61.8733,74.3407,119.8940,138.9320,177.0760,233.2220,258.4170,231.9450,200.2070,150.2880,97.2305,89.2310,94.5942,85.4124,70.4593,56.8960,60.9435,62.3658,53.4110,58.3376,71.6611,79.8830,51.7527,18.4231,39.7316,75.1049,144.2920,202.1330,213.9180,208.8960,201.9280,156.5210,97.8126,31.4538,66.4328,163.6160,238.1340,250.7020,248.8230,241.4510,253.5350,265.8430,244.3860,180.3670,128.1630,97.9816,76.2641,69.2715,60.0083,52.6519,41.4500,16.8131,26.5860,42.6119,74.6638,90.2047,96.8672,104.2880,119.7450,94.1646,49.7871,22.6724,46.0414,93.8751,114.5480,113.3280,98.1457,48.0979,73.0096,139.7410,196.1290,272.3360,236.4960,145.9240,88.9955,72.8206,81.3106,70.4440,55.2313,48.6477,31.9780,31.2129,46.6974,56.4579,80.0238,75.9085,78.6231,45.5446,52.4520,74.0859,86.4645,110.3980,117.2290,83.2469,50.8659,48.5453,74.0673,87.8634,92.7886,63.5605,65.2590,78.2515,70.1042,64.6956,43.1008,32.7017,39.2627,27.3829,20.9177,33.4335,43.1139,52.0713,67.1638,80.0713,112.3760,150.3040,203.9280,225.7530,218.5810,207.1110,177.8200,138.8730,100.7650,76.9034,56.3767,57.0717,57.2619,29.7705,12.0020,24.7619,42.9266,47.7396,45.2607,38.9359,35.0050,40.6089,34.9443,43.8029,43.6321,43.4082,49.8662,55.1828,52.1691,43.3883,36.1860,33.4736,32.9388,27.4517,20.1427,19.5012,15.2166,18.7668,22.4703,15.9264
42216.3000,39970.6000,26940.2000,21901.6000,20750.3000,18265.9000,15191.5000,11402.9000,8675.0500,8100.9500,7127.2000,5190.9800,5384.8900,5366.6400,4310.8600,4363.5000,4037.3000,3167.6200,2814.0700,2278.5700,1951.5100,1744.3300,1677.3800,1398.7100,1369.9000,1452.3600,1339.8700,1371.8200,1306.3500,1309.7300,1236.5500,1382.5100,1880.8300,2653.9100,3814.1900,4465.4000,4855.8600,4642.2000,2762.9700,1162.5600,531.8920,670.8020,615.1290,613.8130,723.9580,748.0350,683.3000,588.7410,468.0990,442.7980,509.4890,520.6830,427.3980,418.0480,514.1420,640.6910,832.7160,897.9910,791.2150,639.2780,656.1710,778.1610,842.9080,792.2910,648.3090,583.7490,703.6360,807.2620,772.9960,703.4940,602.0630,409.7850,235.2930,186.6070,127.0440,135.4500,209.8270,243.0370,281.1580,238.4130,180.4600,164.1470,141.3620,139.8870,79.7645,39.7821,72.5620,173.8060,198.7510,214.5700,200.3000,156.7920,170.1720,165.1970,92.3707,73.2112,154.9510,192.6790,188.7070,146.5320,140.4760,247.8480,382.2370,556.7160,706.5270,710.3200,637.5240,556.2590,493.6380,318.9550,139.9060,112.8730,79.8704,75.4580,83.1476,106.2970,174.0540,215.0360,248.1700,264.3660,263.5360,207.9710,119.1240,70.8953,89.6709,130.7930,160.5760,153.0290,140.9240,125.2370,137.6810,149.5360,174.3320,186.6640,148.9190,113.4530,76.1167,70.9816,93.2872,129.1550,146.9570,145.8860,138.8330,126.9170,87.4426,27.7084,19.5911,32.0230,104.2070,177.0650,254.7790,281.9970,299.9030,291.5080,271.0650,228.4100,187.0530,162.6160,127.5170,80.7067,32.1547,27.6561,104.6130,141.5700,108.5980,82.2985,35.3445,13.0236,26.5473,72.1237,99.6292,127.4370,160.7010,200.5960,200.8370,175.1930,155.4030,119.5930,52.1431,33.9923,82.9505,144.2550,196.1670,199.9360,194.7080,208.0340,207.7660,193.4810,149.9270,100.1460,45.2159,16.9787,32.7823,47.9948,61.3215,59.1309,28.4496,17.9606,67.1654,92.2244,93.8242,96.3098,68.1114,56.7918,76.3596,73.5691,60.8984,36.1234,17.9689,39.0493,64.1940,86.4754,103.0190,74.5676,39.1113,19.1515,49.5952,129.7110,127.0710,106.2260,47.7874,25.1665,35.6206,19.0739,31.1337,63.9692,60.2217,44.9272,39.8448,46.5246,36.0236,30.5984,23.1175,52.7319,100.1490,123.5060,110.0020,96.5633,79.8426,54.6467,36.4992,43.6416,48.0139,52.2159,45.2972,33.8754,26.0360,18.5240,23.1195,27.6985,35.6643,18.3926,18.0339,12.8163,30.8863,34.6243,33.5418,57.5435,68.9438,74.3689,84.4329,120.7600,179.7010,219.6990,236.3340,225.1300,202.6950,167.0850,121.9070,89.0891,82.5996,75.2251,56.7144,48.1532,49.0195,51.2616,57.4922,64.6865,71.8554,69.4314,55.1882,44.2554,43.5741,24.6383,15.3106,24.2483,34.8554,14.8593,9.2402,30.9442,44.6427,46.0562,44.7019,40.3336,33.0442,22.6443,22.7180,30.5803,21.7496,15.5077
42610.4000,40530.3000,27512.6000,22325.4000,21148.0000,18644.1000,15464.1000,11527.6000,8824.5200,8249.2700,7237.6800,5382.8300,5548.0900,5502.2500,4511.3800,4516.5600,4136.1800,3206.5100,2916.4100,2415.0100,1943.8300,1781.5600,1591.5200,1261.6300,1195.9600,1067.5000,790.6680,662.9030,549.2520,522.6690,659.4440,694.6580,602.8420,445.2670,208.9130,731.9150,1132.1600,1482.0700,1817.5600,2297.9400,2464.6300,1943.3200,1370.3700,890.8560,488.1680,239.0270,152.0260,202.7700,284.5860,310.4730,238.2310,211.7570,65.1864,94.7765,218.9630,367.2140,603.0920,661.9070,527.9680,373.9920,310.3750,377.1890,442.8470,529.7610,501.9460,487.0380,600.4290,745.6050,739.0880,717.1190,704.0690,598.2900,483.0220,473.9620,465.8900,421.3560,383.5850,345.2140,309.4240,229.2930,173.5690,178.9660,165.9790,140.9340,106.4130,100.1270,152.6720,210.8780,212.9160,184.0610,152.3760,152.4600,163.5390,154.4430,104.6730,109.4820,168.9660,170.1920,117.6540,82.3065,104.5330,149.9950,215.6810,248.1840,293.8580,320.4730,379.9600,385.1440,288.9700,193.1260,89.6281,33.5549,39.7493,86.5768,95.1509,210.7910,206.3580,202.3600,219.6370,253.2810,277.1840,265.6040,172.9080,83.8088,30.5923,22.3358,49.5460,60.4509,63.9400,100.8090,126.1070,149.6240,178.1890,163.7000,128.9170,115.4550,57.7108,28.2564,51.6070,79.7109,74.3196,46.8936,23.9852,34.8336,53.5572,42.1119,23.0081,52.1723,134.8510,187.4710,274.6100,350.5840,349.8800,280.9750,224.1970,145.5770,115.6900,126.7600,123.5680,92.7646,42.7620,22.8393,79.5647,87.1286,84.3836,48.7826,38.3550,11.0037,29.0988,100.4870,133.4070,161.4260,199.7880,225.2880,215.2890,197.5370,189.3460,180.6130,109.7900,39.6743,46.8253,123.4530,191.4220,221.4610,221.8150,224.8860,227.5920,253.4320,242.5160,182.5220,138.9500,97.9733,61.0692,22.6813,19.9742,39.6640,47.9458,39.2228,31.4302,62.8125,93.7618,99.2101,100.3870,84.4651,100.0210,63.4795,26.9924,13.4582,53.2546,82.3594,109.8650,124.4270,126.1050,75.9104,28.1044,68.3948,138.8200,185.5100,153.8210,105.0310,77.4125,76.5754,83.4789,81.7725,85.6019,79.8981,51.5663,29.7414,17.5494,28.3044,30.6429,21.7445,52.1570,58.2355,81.8033,80.5061,73.1238,50.9599,28.1197,28.0756,69.0060,61.9503,44.6644,22.8839,37.6840,46.4822,39.4774,35.8808,47.9028,47.1554,44.0173,44.7793,56.2221,51.5679,44.2187,39.2410,38.9773,41.2488,39.1651,39.0442,63.7558,96.4429,112.4920,125.3200,153.9490,156.4530,137.0400,107.9720,86.0230,78.2806,70.3667,59.1335,50.2926,35.1236,26.3666,21.1804,24.7328,43.1423,59.2545,64.9991,46.8424,40.7429,34.7306,23.6100,20.3841,26.7018,50.7419,58.8672,63.0358,71.7073,74.5061,67.1222,39.6111,34.9551,39.1567,41.7651,53.8175,61.9967,58.5391,51.2866
43364.0000,40927.1000,27573.9000,22211.4000,20969.8000,18495.2000,15299.3000,11465.5000,8785.8800,8218.2400,7305.2800,5441.2200,5577.3200,5542.8700,4523.3100,4523.7500,4176.1600,3253.4900,2876.8600,2323.1100,1887.1900,1684.4300,1482.6600,1173.2300,1106.3500,962.2050,664.9510,479.1140,267.4710,198.9860,477.1990,699.2910,913.0950,1288.9400,1596.3200,1804.4100,1984.6700,1565.3800,830.6740,577.9810,268.6310,312.2740,273.4200,324.4330,465.7590,579.1380,522.4560,323.2330,317.3870,268.3770,432.3120,425.9260,358.6720,278.6650,204.0930,249.8910,461.7460,572.7280,559.1450,478.4910,403.9440,396.8050,373.9620,339.1570,331.4220,389.5420,519.9350,612.7350,609.2450,609.5090,599.1760,544.4270,467.1130,424.7070,347.1070,274.6900,302.7950,297.0730,274.8300,226.7570,174.9480,151.8600,142.8450,142.5660,80.4388,46.2052,105.1880,191.8870,203.3500,188.3120,164.5980,179.7610,244.4730,259.3130,165.6870,89.0834,87.9334,124.4810,117.7750,90.6153,72.6910,103.1430,170.9520,247.2150,305.1150,328.9670,364.5330,347.2550,223.5310,118.1070,128.5900,232.6740,225.2130,214.4490,114.4330,60.6568,89.3194,106.3090,120.8890,155.2440,179.8940,171.7330,139.1220,106.7450,114.3800,112.2910,105.3160,109.7220,108.6360,83.7131,87.2463,152.8580,202.8680,168.6570,135.9660,121.3220,102.0830,44.7932,19.1286,55.2483,91.3113,101.9520,130.9160,149.9460,146.4990,140.8450,163.7420,199.7820,202.6350,193.7870,215.1730,250.2560,271.0090,252.7490,224.6930,217.2380,191.0910,206.2250,224.9250,175.9520,103.4520,50.4290,79.9424,106.5270,102.7960,66.2089,34.3565,46.7917,47.6930,29.1507,33.1218,56.3931,103.2810,155.0360,162.9780,155.9410,160.2910,145.3430,96.7005,39.1566,36.0055,109.1990,203.4720,221.1640,206.5540,212.4170,215.1990,214.7210,174.1600,130.0490,99.2523,66.3385,52.7646,61.0221,63.6654,43.4544,51.2070,55.0262,87.7628,68.0631,52.1340,46.9417,54.8698,72.0810,111.1780,80.5701,71.7380,40.7645,54.0928,90.3395,93.1797,89.4966,70.4647,45.1953,28.6054,99.3048,167.7400,238.4910,192.7100,116.1950,55.9410,70.8071,93.6790,101.3850,90.5737,87.7981,85.8335,48.3263,23.4355,43.9117,68.9962,63.9900,62.9543,54.2462,34.8921,64.0839,73.9321,79.3327,86.5100,66.8828,62.1085,57.6114,53.4203,46.8478,51.9705,39.7794,28.4908,33.1547,27.2941,17.6084,10.0299,22.2820,26.2018,19.9594,36.3855,41.9500,31.3597,29.6530,56.9288,72.5555,83.6548,111.1430,132.7730,150.1330,164.0150,155.6850,130.9170,98.1283,78.2817,82.6829,78.8835,37.9073,26.6653,55.3947,52.0456,38.6453,63.1631,83.0603,86.8844,67.9279,48.3770,60.2090,62.5327,50.0884,38.7380,27.2223,12.2694,5.5387,7.1665,18.1340,17.1194,16.3449,16.7185,17.3635,10.1921,27.2383,52.3159,73.1420,54.7100,40.9348
42272.3000,40029.5000,26993.7000,21845.4000,20610.2000,18183.9000,15139.8000,11393.4000,8627.5700,8047.0600,7147.7400,5259.3400,5429.9000,5389.2400,4361.6800,4421.2000,4056.6000,3140.2000,2801.6300,2289.7000,1878.2400,1691.5200,1535.0400,1193.5800,1113.8300,1011.7000,771.8710,658.7880,573.2200,391.6770,201.6870,359.4220,511.3770,626.3210,661.5940,532.8410,368.3260,266.5540,315.2150,453.8090,564.7440,591.2630,414.1820,203.2790,158.3000,364.3200,490.6370,432.6870,332.8710,412.8020,575.4030,667.6480,488.4480,325.7080,225.4980,204.2500,422.7730,615.4800,542.8570,438.7950,426.6270,503.5230,586.5750,557.8400,406.9020,315.3890,399.1320,443.6930,394.2890,426.5140,502.8980,550.0570,571.0720,598.7820,485.7510,475.2650,516.1560,459.7890,378.1140,262.9490,165.5810,113.2180,78.4974,27.6349,24.4899,57.4768,47.3285,127.5520,160.3580,212.7150,212.0950,180.3630,193.0870,204.3550,192.4400,142.2380,37.6949,31.6158,60.9359,43.1193,49.1280,80.6589,100.1590,126.5080,149.2880,169.3770,166.1750,112.4100,199.4920,240.2060,327.8440,376.1910,282.8000,154.5780,71.6926,119.7210,149.8510,186.3650,239.7670,259.3640,275.5910,296.0290,214.7460,99.6702,70.1657,72.8160,52.1499,38.6904,34.5252,33.0433,66.4523,120.4800,139.1120,169.7820,191.3840,223.8810,144.6480,73.2444,34.3168,52.9936,126.5840,153.3160,166.9500,157.2900,143.7530,126.0870,117.2620,138.1800,152.0500,167.2920,210.5400,267.9740,286.0090,245.3020,198.0090,177.7720,158.3760,149.7430,132.4680,79.2913,41.8684,36.7928,90.7462,80.0857,68.7069,53.0570,56.9463,63.7934,61.4127,85.3681,118.6870,126.6260,140.5240,171.2050,180.8280,173.6990,171.0840,157.6330,73.9437,53.1052,64.0809,135.1710,203.4650,218.7580,208.4110,208.0830,222.3930,245.6140,223.9230,163.8700,120.2610,103.5280,105.7600,133.5450,156.2350,175.7950,162.9560,102.5820,37.0983,25.7535,85.9160,105.7080,95.3941,84.8712,68.7821,27.9324,45.0952,88.8973,101.5970,88.6841,92.7466,76.9786,47.4700,18.9245,78.1555,181.0070,233.3770,304.1920,288.7360,186.7240,128.6010,116.5470,105.9070,97.0341,74.7285,34.0048,36.1886,58.2342,80.7030,102.3270,116.2820,94.7944,84.6587,87.2181,71.7583,115.1610,109.2780,101.3020,95.1085,55.3623,45.6274,53.0776,43.6217,27.8406,17.8360,12.9855,13.8974,24.0254,8.7875,35.0243,60.4021,79.2767,68.9718,67.4020,56.8041,36.7044,11.1194,56.0893,76.8657,78.2168,93.4996,113.7380,138.4690,138.4070,132.0860,126.2360,109.8320,87.8532,58.4623,25.3112,17.9982,46.4576,63.2922,75.7674,81.2819,100.2930,92.4081,76.3332,59.7150,56.1461,41.2590,17.4057,20.9368,12.0842,14.2359,20.0231,6.9333,18.3994,48.2486,59.4996,62.2887,65.2610,61.1208,47.1019,31.4618,38.6574,36.4521,35.0649,58.2064,93.7453
42313.5000,40346.7000,27405.6000,22223.6000,21043.1000,18566.3000,15422.8000,11507.3000,8788.0100,8230.1800,7272.2600,5419.0900,5562.4000,5485.1200,4495.8400,4534.3100,4158.4900,3211.2200,2898.9500,2398.5500,1932.8200,1773.8500,1613.6300,1376.4100,1460.3900,1369.3100,950.1950,633.7490,453.7730,409.4870,412.9320,437.9400,372.5260,291.0820,280.4980,250.3170,232.7620,192.2520,171.8400,219.8680,341.9630,455.7850,508.8790,514.2960,502.4790,330.6070,120.0190,139.7650,241.3580,336.3560,464.2250,474.5760,377.8750,315.4980,267.3180,341.5370,599.3770,729.5470,719.3290,611.8090,606.0440,701.6500,786.5660,793.4750,677.6780,505.2010,371.6560,369.1710,453.6610,532.1890,612.6940,580.6810,486.4280,450.3870,329.5200,249.5080,295.8320,289.5040,258.7390,185.9710,95.2180,44.7299,39.0369,66.9864,90.9768,85.7545,104.7760,172.4660,232.9190,264.2970,208.2650,160.8090,200.4100,232.4230,185.3070,119.4290,52.6373,114.0130,151.5950,162.2500,103.6210,92.5019,120.4080,149.2510,190.8930,225.1560,282.3980,281.4450,298.9330,305.9740,210.0980,234.4500,156.8740,78.0085,72.9670,172.0730,217.5730,221.5670,214.3350,188.9470,167.8660,138.7580,97.4785,53.3157,56.1049,91.4332,122.8200,116.7520,94.5728,86.8489,86.3149,109.0680,122.8990,127.7900,124.4420,126.2980,82.8648,37.2932,49.8898,91.1226,94.6408,93.4994,104.9630,135.1520,141.4370,118.2050,114.0580,131.6650,164.2260,158.9150,188.5250,226.4250,234.8860,186.4660,177.5030,94.2280,21.7411,34.4814,66.2924,51.4496,20.3166,48.2271,125.1830,163.9630,142.4950,132.1880,66.8036,44.0349,33.7521,54.1892,71.2535,96.6914,150.7510,200.7450,176.4570,146.0230,127.4820,103.3680,27.7291,75.1682,123.9880,194.2760,263.0870,291.9480,278.1730,254.4950,250.5200,234.9820,191.3630,136.2840,82.3826,37.3528,27.4809,51.9281,55.1924,42.0321,43.9418,49.9841,117.1490,119.6740,112.7910,92.3291,78.3327,46.6494,21.2107,32.2591,62.9414,81.6347,90.0930,105.5690,64.6060,24.5577,22.0858,32.9452,62.5534,126.1610,150.1870,178.3050,141.6820,84.0649,80.2289,110.2140,109.9030,90.9886,60.3507,38.0860,20.1290,31.7017,55.8302,75.8813,48.3654,27.6455,37.8952,72.9294,111.4030,106.3790,94.1705,80.6343,62.3799,61.7300,76.9964,80.5977,83.0698,54.0122,37.1987,48.7650,37.8697,22.0887,8.4898,11.9341,24.4051,38.6709,53.9505,65.9210,50.7242,36.2118,47.2119,56.7762,61.0569,74.1830,96.0788,116.8480,148.4700,160.4710,175.7990,183.6940,160.3160,132.4770,93.4029,75.0545,78.7850,82.8037,72.9974,70.4794,67.2552,55.1136,66.4522,73.9395,68.4509,61.4406,68.8454,71.1251,40.9490,27.0893,26.7611,19.7180,21.8120,38.7534,41.4026,36.8444,19.2467,22.5562,30.0743,21.0851,22.4327,33.5317,24.2883,27.9376,23.2159,22.3076
43319.4000,40938.6000,27639.3000,22243.4000,20971.0000,18513.5000,15303.8000,11470.5000,8767.0900,8178.3200,7253.5200,5409.2600,5565.6600,5526.9300,4503.4700,4515.9200,4175.6200,3269.3200,2922.8000,2358.1900,1907.3800,1739.2400,1590.1900,1330.7600,1447.2500,1496.9600,1195.9500,866.1750,526.7030,194.9420,256.1160,358.3030,363.6860,348.1420,299.6490,161.8740,102.9610,122.1420,106.2760,100.1210,112.0990,129.4190,150.1240,225.4550,319.2980,379.8280,382.6620,374.8780,155.8000,181.7560,367.1250,497.1230,386.9610,277.5760,302.5100,445.4530,660.2590,742.7550,694.8220,565.7950,491.8080,506.1650,537.3930,567.0360,480.4800,405.4440,495.7110,598.1530,605.4570,586.7720,549.1440,475.0280,345.1100,244.6060,217.0010,245.7260,303.3050,237.9430,159.2340,128.0550,129.3820,116.0290,126.8150,119.2830,110.1880,111.7160,154.4790,216.5100,233.6850,241.2290,237.5450,221.8650,218.2170,185.0850,106.1950,69.6696,109.5640,128.7660,92.0197,51.1561,79.2915,169.4560,232.0440,256.7310,273.3650,258.2160,296.5440,271.4280,114.5790,82.6424,248.7150,341.2500,302.4240,235.0740,111.1110,28.6174,60.6521,104.5880,162.1990,206.4180,232.6970,196.2100,97.8476,63.0320,124.1180,151.2290,149.4830,137.1550,131.6160,99.7827,79.1709,95.3913,122.7780,151.4030,154.4520,170.7990,135.3060,90.5841,81.2034,94.9698,110.4360,112.9360,118.0520,113.7030,97.7823,87.0467,87.6238,117.2340,138.3010,155.3150,193.0820,259.6450,281.8130,249.1940,221.4910,172.5230,128.5670,139.3420,179.2980,177.8240,143.4340,97.6415,26.5218,70.5469,109.6910,101.9510,64.1239,56.7001,55.4912,72.6790,84.6627,85.6681,119.6270,140.1300,141.4440,142.9440,149.7220,145.5370,99.0012,52.9289,55.2250,100.9880,157.8690,184.9690,196.2120,196.0030,209.1340,215.2250,196.2560,148.4570,99.6474,65.4455,51.1599,55.9374,85.0654,102.1520,116.4860,62.6588,62.1690,68.2156,104.6480,108.3860,122.7870,111.1030,108.7090,59.6986,18.5239,29.5253,55.6659,77.5582,79.5785,79.8095,84.0880,71.9218,70.4131,84.4284,85.2505,67.4171,68.6567,47.2157,30.5852,31.4842,43.5618,40.8008,33.6340,62.2801,67.0039,64.3461,43.3507,62.2274,100.0350,151.0060,215.8030,202.2460,199.0040,166.3420,85.9585,113.1720,82.3581,68.0263,49.6949,53.6669,66.9291,62.8285,54.1786,39.8181,30.9189,26.5721,19.7133,10.5590,8.0945,30.0051,44.8694,38.9570,61.7998,97.3623,102.7150,90.5500,49.1819,31.7943,97.5596,143.5210,177.5140,176.2150,187.7800,187.3880,164.7610,150.5660,121.2300,105.7140,105.2540,103.5210,87.5043,69.7651,37.6322,24.5849,62.1872,70.9018,70.3630,67.5083,76.5472,77.0891,48.3657,21.5855,23.4176,41.1999,53.2036,51.6147,46.8302,41.2455,34.8786,29.9798,31.4626,31.9895,30.6539,42.9628,54.9063,41.8279,32.7044,57.4287
42674.1000,40267.6000,27085.6000,21894.5000,20667.2000,18230.4000,15120.9000,11388.1000,8651.0500,8057.2400,7128.1900,5232.6700,5423.7200,5409.2200,4342.9300,4367.1700,4032.2800,3140.6900,2791.0700,2249.7600,1871.2400,1660.4200,1549.6500,1219.7300,1132.8400,1104.5000,907.2470,854.3530,873.3370,946.5290,891.1820,827.9540,751.6060,723.1270,446.5440,253.1320,213.2350,188.3640,157.6580,121.5310,97.4896,118.7980,182.1760,268.7650,277.8960,283.2730,321.5410,310.3120,276.7210,315.9910,429.0350,458.4600,347.4780,259.5490,225.2180,313.2260,508.6700,556.6520,494.2610,344.3490,241.7760,320.6800,374.7890,347.0040,248.5960,210.0800,300.7780,368.4300,384.3780,451.8460,548.0720,606.9900,579.2960,589.0090,548.9250,512.2190,477.0680,407.2740,391.8840,313.1490,215.0600,203.6520,250.5460,309.5740,300.3610,282.8860,226.4290,102.2490,113.4960,194.2370,172.5500,106.1150,155.2520,211.3100,160.2900,101.5380,48.6179,116.3170,145.3130,133.4040,62.2166,29.7011,59.7662,107.0850,138.5440,140.5990,149.5440,154.7140,176.1160,151.4920,123.5110,120.0830,126.7360,130.4390,159.4100,192.3550,204.2240,220.1510,240.7900,248.9360,247.6260,198.4610,68.0072,58.8215,121.1950,122.5490,100.7560,83.6382,59.5410,76.7504,100.4110,121.8400,139.3750,139.3400,146.4450,178.5460,157.5940,105.5390,76.0762,80.3901,111.9750,135.5480,157.0070,176.8230,165.1140,122.4290,84.9220,67.5823,57.8932,102.9250,139.4870,184.3320,228.9030,213.4870,199.7360,144.4830,115.8690,105.3030,100.9450,112.4630,87.6187,49.4423,14.3893,60.7708,43.0479,54.3452,72.7252,97.5433,100.1440,89.6182,105.8020,139.9420,191.8150,217.0660,163.2600,117.5280,100.6050,66.3275,32.8912,50.5269,78.2070,113.0590,177.3770,181.7130,166.6960,164.7410,169.7550,180.6550,170.8710,142.0270,104.2950,75.2658,70.9249,88.3502,102.3590,109.9880,102.1000,58.6995,19.7965,40.2943,79.2304,108.9300,126.8750,98.4574,96.1977,46.4365,44.9058,36.9265,26.9502,24.2964,19.3924,41.1469,78.0096,94.6135,96.3060,91.6431,96.1823,92.6844,62.9678,58.6040,49.2081,42.3398,9.1232,6.1672,18.8936,61.0469,68.3907,67.2454,59.9446,63.7148,57.8574,70.5790,120.9720,124.0070,159.6240,154.4290,129.6900,158.3840,130.4620,101.3290,94.0243,87.6456,81.9401,75.9266,74.1811,49.7956,24.4682,26.5645,33.8728,31.2795,32.8021,33.2568,48.7293,50.5684,50.4308,72.5848,86.3806,77.4507,77.4805,89.4124,114.2910,143.8030,165.9730,144.1260,133.3300,161.1840,174.8000,161.7140,135.3640,105.3160,77.1421,73.9154,70.5933,42.7721,33.0060,44.6776,55.6566,63.8934,60.2092,53.2634,47.9792,50.9362,36.6386,39.6805,24.5169,23.8127,26.2740,27.3339,25.0890,23.6234,40.6536,25.5511,20.4670,21.0940,42.6908,50.7159,35.2066,27.0958,28.7739,44.2864
42160.6000,40097.6000,27227.3000,22138.8000,20948.1000,18475.1000,15374.0000,11514.8000,8797.2000,8180.7900,7180.2200,5355.1200,5547.1800,5471.7100,4460.4300,4500.8200,4110.4400,3165.9400,2851.1200,2332.9200,1869.3100,1687.3500,1513.7200,1169.9800,1084.1500,972.1230,718.7400,559.2020,444.8730,287.7740,137.4070,174.9070,231.0770,244.9470,257.2880,249.2990,237.1850,273.5840,344.5720,460.4650,635.9030,723.2880,637.8740,495.3100,233.6710,276.4950,478.8180,608.5600,571.6710,391.2450,414.6060,476.5570,389.9340,301.7710,277.0060,370.3300,584.0970,680.5180,660.4300,572.5610,425.3250,392.1200,425.2900,454.0890,426.8650,413.2310,472.8820,531.1280,569.3910,650.2530,732.9410,718.3410,616.6820,514.0660,366.5790,218.1850,97.1752,70.5358,214.2290,352.8060,490.3950,703.8770,966.4980,1283.2100,1579.6500,1702.8800,1591.1200,1409.7500,1020.9500,713.0780,625.0820,595.6800,552.5150,501.7770,389.6190,299.2930,225.2050,203.9190,205.9780,207.5070,181.2850,132.5070,94.2830,82.0622,78.3969,77.4585,88.2156,104.5230,116.4790,131.3430,121.0230,99.3947,85.8272,62.6594,56.6848,78.0205,97.7525,81.8844,47.3570,63.6865,139.8470,179.1810,198.1990,110.0700,48.4680,38.6714,76.2947,98.3297,97.0734,73.4892,52.3446,102.2760,191.0110,195.8800,159.0650,139.0630,105.3510,78.9492,84.5135,129.9820,180.9940,191.2900,177.9780,150.1440,89.3856,58.5943,44.9907,24.5245,54.0655,103.1300,164.5010,230.7570,253.0770,231.5420,213.4270,162.1930,87.1032,65.2014,92.1725,88.3928,36.3165,32.1175,89.4055,101.0080,71.5439,49.4291,16.8776,49.6464,76.4417,77.5459,73.5440,76.8635,106.0480,159.0630,160.5940,137.2680,130.2420,141.4850,100.4220,103.1120,107.6640,97.5802,146.2340,140.9250,140.8220,152.1520,164.7520,166.8260,139.0170,125.6560,126.1570,137.9430,131.0350,128.2550,166.5130,201.6000,231.8480,245.7300,232.6530,205.3370,194.0250,165.3980,144.4760,155.8500,173.9980,170.0970,174.6950,207.9330,267.4380,298.5920,292.2400,246.5870,149.2860,102.5070,94.6181,72.6144,37.8330,19.4321,32.8613,46.8902,60.7078,63.1122,57.6920,24.2289,25.8190,63.3162,75.3045,62.2728,59.2296,65.0722,82.0946,113.5700,172.0390,173.1080,197.2510,177.5990,102.7090,90.4847,61.4644,53.0718,52.1526,55.9816,58.5124,42.8971,28.1560,27.2987,29.8126,43.6447,43.0683,37.0953,17.7101,10.7582,16.2201,32.7937,52.1860,71.1264,70.6364,57.2299,52.8447,70.1537,101.2880,119.6380,130.4770,117.9320,137.5810,178.5370,171.0510,143.5160,119.5180,103.8890,75.2086,36.6830,30.9260,35.9375,33.0202,28.1600,35.4368,57.5659,59.9200,55.4050,43.9156,21.5630,20.3467,29.5347,44.7970,56.6704,68.6627,80.6325,94.5356,88.5197,78.3015,73.9136,74.3309,40.0096,26.5293,24.5694,36.5131,19.6819,15.1403,12.3708
43219.5000,40925.8000,27703.3000,22316.8000,21001.9000,18547.7000,15302.6000,11463.3000,8763.6900,8167.2500,7190.5900,5346.4700,5511.4000,5461.3000,4468.8500,4473.5800,4097.5100,3208.5800,2861.8000,2318.1500,1924.9600,1715.4300,1564.7400,1240.7700,1124.0400,1008.9400,777.8740,614.6800,495.3610,336.9450,165.4520,187.1290,230.3050,220.0890,174.2230,71.5230,25.8225,47.7538,47.4991,62.1187,61.2017,71.3318,69.0320,134.5390,224.5820,296.4910,389.1150,491.9480,562.9990,550.4560,613.3700,687.3970,535.8310,589.4680,340.0800,265.9360,499.1250,616.5620,551.8650,426.1990,367.2350,415.5280,442.3170,394.5180,300.4380,284.4240,347.6110,388.9700,433.1680,500.0280,591.6670,594.4760,522.6750,451.3930,357.9560,298.7340,238.0550,106.4070,116.4470,199.6900,315.1690,450.2270,584.7430,796.3570,1037.2300,1112.6500,1005.5700,844.5940,574.3210,445.4980,475.6210,461.3020,394.0860,371.6940,292.1810,190.9310,191.2530,226.7400,199.6900,151.6330,86.6960,53.5281,56.8659,92.5615,120.0060,134.3900,150.8930,147.3940,152.7530,167.4260,166.0440,148.3630,156.5580,181.8130,222.0850,260.3980,280.2800,277.3890,259.2800,233.6890,212.6590,160.5540,102.2400,86.7109,133.6480,201.8450,196.6070,141.7250,114.9860,114.3420,142.5730,177.8140,222.9120,202.0290,125.5200,85.8688,15.9169,60.3572,70.7767,114.0710,129.7700,117.4080,129.4600,116.0610,82.3673,65.9951,61.4770,89.6970,93.1356,118.0350,145.9340,181.8150,213.6690,201.4470,205.3240,158.3100,79.8122,36.4019,32.4669,25.1937,24.0318,51.1280,93.8346,96.3350,55.1042,35.6728,50.7342,46.2987,41.0600,78.3169,144.8210,195.7260,229.6400,277.0280,233.8080,147.8290,117.3110,63.8889,50.5058,81.9001,100.0400,120.3810,166.5840,199.7350,202.0830,215.9140,238.4310,280.6910,279.6380,231.6280,175.2170,139.6400,88.1392,74.2538,106.3630,146.6240,192.7430,229.5980,211.6010,147.9870,89.1355,25.2907,54.1920,72.3572,67.0834,47.6205,60.8415,90.5658,130.6920,152.5640,117.9390,129.3080,100.3850,69.2001,57.9061,38.8419,32.4307,20.0320,12.2801,12.4402,26.9746,45.9372,68.8531,66.2389,46.0434,34.3958,54.4629,86.6913,100.4790,101.8390,92.9452,126.4030,193.5850,184.9530,205.6050,192.1150,132.5860,117.5400,85.8507,42.9554,38.7953,73.0896,93.0006,90.3614,77.3746,41.8862,34.5578,53.8758,49.7436,17.9946,15.4187,37.5837,48.6731,60.8227,78.3099,110.9740,132.8830,122.4470,112.1680,109.5530,121.0850,147.5450,153.2370,143.2670,138.6850,139.7540,131.1430,122.0070,105.2830,95.8076,73.0300,58.2012,47.4466,29.0744,15.2463,14.0431,23.5818,48.9426,60.5126,68.1977,56.4684,43.6364,33.5451,24.9493,18.5526,19.3287,11.9726,23.8325,14.7449,14.0356,30.7006,53.6296,87.3403,81.0813,79.4802,62.9098,25.6473,20.3149,26.9646,45.2601
42906.0000,40350.5000,27120.5000,21978.9000,20722.6000,18241.7000,15107.7000,11377.4000,8660.6200,8072.4100,7177.0900,5313.7500,5506.1400,5484.4200,4423.5700,4458.4000,4122.4500,3220.0400,2868.5800,2330.3300,1930.0500,1703.1800,1544.5200,1225.7500,1126.0400,1006.8700,765.7140,608.2900,523.8760,367.8040,206.4390,241.5090,285.6290,272.8870,223.9440,140.6020,89.5488,95.1356,120.1500,158.6530,174.1330,203.8920,237.7820,304.2700,331.2630,337.2490,309.0490,228.1810,237.0060,411.6570,557.2800,667.4850,840.1970,960.7670,809.4280,617.5820,629.7490,616.8730,535.9190,383.3720,347.8470,394.2860,396.2140,318.0150,296.4760,426.4310,553.1230,563.8660,543.6940,560.2650,616.0270,578.3050,483.1990,423.9370,296.5320,196.8730,180.3680,127.1840,210.4970,233.4180,302.5850,419.8380,550.7820,777.3270,1032.6300,1120.1300,1020.3600,889.1470,622.7100,410.7040,353.3240,358.3580,353.0380,345.4190,267.5230,172.8210,134.8430,182.1040,202.5010,193.0220,155.3930,107.5830,106.0150,153.7190,166.0960,131.1390,101.0760,75.1936,60.9418,44.3926,55.0373,90.9215,121.2520,153.4410,185.3090,197.5950,234.1980,267.9990,229.6750,190.1190,130.0420,151.2950,186.9970,158.9260,113.3850,73.7019,64.3912,73.5090,76.1060,89.1004,123.7860,163.6320,209.8120,205.7630,138.7420,112.2200,56.2949,50.7451,77.5527,76.4564,93.4057,59.1317,46.2587,49.4414,54.1177,38.2065,41.0027,74.0943,103.5770,117.7250,140.8430,166.0070,204.9200,191.4010,167.3540,123.9890,95.7564,80.2561,59.5284,44.5454,30.0007,51.5192,115.7020,125.3110,88.2194,92.0130,78.4993,118.2690,141.7140,173.6350,199.9460,214.6460,237.6490,253.1860,209.3340,133.6740,114.6610,80.0862,85.2693,124.2350,133.5610,115.4560,142.7290,149.0230,150.3660,186.8240,207.1120,240.7780,251.2320,218.0520,182.4900,149.0380,149.6280,177.8790,214.5550,287.8900,366.4740,413.0040,395.2110,344.0180,317.5580,250.0730,130.6400,86.1820,123.4260,129.5130,123.1030,169.4440,255.7180,320.2880,336.4200,338.1850,243.8940,150.3890,102.3560,68.8317,38.7757,10.3470,27.4504,51.9155,61.2907,69.0120,54.2470,30.2036,19.1279,43.7401,86.9646,104.2460,115.5070,123.5880,138.1760,157.4370,211.1180,222.5470,221.0810,203.1440,110.9310,79.2214,43.3828,43.6025,38.1436,46.5887,53.2475,47.9007,36.6610,35.3506,47.0637,56.7961,50.9445,36.4493,42.9187,62.7293,45.8445,47.9186,26.7196,39.5767,44.0705,72.8159,83.6116,98.8446,133.0910,162.1590,170.5210,149.1580,128.6690,124.5910,134.2610,119.7240,94.9410,69.6453,51.6805,34.5519,25.7205,29.6866,37.9308,42.7553,39.0358,38.9575,47.6992,68.9849,76.8036,75.2782,73.2210,71.4370,58.8780,28.6641,15.4645,30.4034,29.8665,34.3113,9.2985,23.8780,21.0360,23.0924,28.8710,42.1455,26.2107,12.5768,23.0590,38.3875
42032.7000,39909.6000,26972.9000,21940.3000,20822.1000,18338.0000,15260.3000,11399.0000,8665.8000,8108.8400,7154.2400,5287.7600,5456.3500,5409.1100,4418.4400,4470.1600,4091.8400,3162.0200,2847.1700,2351.5100,1924.4900,1721.3100,1547.5000,1244.8500,1170.5300,1041.3100,789.4660,638.9430,530.9250,347.6700,205.4890,236.7000,267.3310,231.1810,176.3970,85.9123,28.3771,37.1477,68.1939,89.6325,79.8070,87.2931,102.4870,190.6920,265.7860,330.5270,370.3890,423.7680,373.1550,416.8220,633.5070,801.9070,835.3470,711.1470,543.7310,176.9990,502.1840,637.2490,720.3980,625.9730,408.0960,284.8920,312.1210,369.9080,386.2090,405.4850,423.1410,498.6850,563.6160,664.8840,739.7910,744.5910,684.8710,608.6510,503.3540,407.4480,314.2460,140.3010,93.6522,153.1140,274.5750,433.0530,634.4530,859.9060,1118.7800,1243.3900,1163.3600,1049.3800,756.5510,579.6350,533.6630,462.3630,401.3290,373.3140,286.4120,194.2170,188.9190,257.0550,249.6740,222.2950,174.1500,154.9140,142.2790,163.5900,202.0830,204.5800,186.8620,215.5460,237.8600,293.6580,317.4270,258.7280,207.6950,179.8300,186.6680,197.6630,216.8250,243.4300,210.3840,169.8880,121.1500,119.3580,150.6700,131.1490,82.2857,47.0440,19.5903,22.4722,29.9884,31.0238,34.5378,75.1480,157.3100,171.0280,173.9020,157.3720,80.7875,62.9281,74.0565,168.3830,206.2750,178.2830,160.1220,134.7780,117.5830,78.1147,51.1967,65.9245,86.8200,127.1120,149.3570,174.6820,167.2830,145.8330,103.1010,47.5054,17.3551,42.9314,54.2798,42.1769,48.4598,79.4672,131.6530,130.0360,75.3622,38.9492,22.3182,66.0176,98.2791,136.3320,171.9170,190.8630,224.4770,246.1870,223.3150,164.6160,123.8820,83.5701,33.8894,75.7976,103.4730,137.3980,205.5660,214.5380,204.7560,229.9280,262.5840,281.4320,245.1750,197.1540,160.7290,150.8650,166.5150,192.1130,226.7620,283.2430,328.1180,339.0970,318.2940,292.2460,249.7630,186.9600,136.2710,128.5020,117.8760,65.6718,38.3999,89.1784,185.2220,244.3140,227.2660,221.2210,121.0500,48.5083,28.0268,15.2348,24.2100,35.5757,58.9081,66.5771,73.2050,75.8965,78.5541,79.4556,90.1254,117.0910,131.8180,145.6400,148.8940,154.6700,152.4950,167.9080,217.0010,199.0720,187.2640,181.2400,130.2700,154.3170,141.6390,91.5014,77.1142,99.2838,100.9540,87.0263,47.6379,24.3179,48.1598,72.6197,78.0297,61.1217,50.0596,37.2954,19.0962,18.9622,50.4133,80.8040,84.8182,77.0919,76.8103,101.1240,133.2660,158.4900,155.7710,129.8600,128.8290,149.6820,139.0890,122.0340,95.9919,88.6687,80.2673,43.7396,22.7914,14.1188,23.0913,21.5960,22.3020,22.0965,12.8220,38.6308,40.3968,52.1983,51.3135,58.7179,52.7639,46.1447,39.5118,41.4175,38.2348,34.6590,26.2180,16.7503,10.7722,33.8680,34.8915,31.9239,30.6144,18.2771,12.0570,13.4800
43011.2000,40726.8000,27577.3000,22339.0000,21085.0000,18558.9000,15328.2000,11442.0000,8774.7500,8206.7900,7219.1400,5351.1500,5517.8200,5480.7100,4451.9500,4439.5900,4093.2200,3215.6800,2853.2900,2291.2500,1909.1500,1692.7500,1534.7700,1221.0100,1119.4300,995.1730,766.7050,623.2290,509.3330,354.8640,178.2760,194.3140,221.6750,200.4560,156.6420,88.6000,49.5130,59.0771,94.3616,139.8650,173.2240,195.4810,213.2580,298.0710,371.2660,396.4430,369.8350,296.6570,258.8840,359.1410,453.6320,429.6950,295.6250,261.9570,364.8010,568.0380,861.8200,990.1920,869.6550,692.8840,491.1310,497.5910,673.3190,834.6170,909.1850,817.3450,724.0690,697.6600,616.5300,553.3190,512.3400,422.0770,327.6250,315.2010,231.5260,163.6580,124.3770,129.9900,186.6220,235.0130,329.0900,453.6870,664.7480,959.8390,1246.2400,1323.5100,1186.2300,1028.7100,691.0960,425.1690,368.6960,337.0390,305.6420,329.7630,265.7030,175.3850,141.3430,184.8530,188.8070,170.6110,134.1410,81.8231,61.4729,97.7048,135.8920,147.3400,156.7260,184.1900,218.8030,227.5920,185.4920,147.0840,155.3250,208.6110,292.5790,346.2340,349.7580,342.5760,297.9180,231.6240,188.5210,196.1630,215.1680,168.2060,97.5018,81.7657,101.4470,101.6750,97.6770,129.3500,168.0960,183.3480,195.0570,166.5610,89.2722,50.8152,45.9150,114.9950,108.8190,93.0247,107.4590,81.4186,127.8850,130.1680,127.5470,122.6560,132.3460,131.1640,123.3510,114.0310,138.4400,137.1700,136.0670,124.9910,118.2400,85.2579,38.3810,39.2454,75.7709,43.5314,101.1790,85.1901,100.5950,63.9906,38.5250,78.6520,154.4610,156.1560,130.8290,140.8090,132.3250,133.9500,127.8520,143.2130,127.3960,75.9739,63.8386,40.0887,58.9273,88.7651,116.9320,131.0780,189.0340,192.9880,188.2210,213.3970,234.5450,248.6250,271.3540,237.6290,174.9510,170.3520,224.3010,269.0000,277.5170,348.3860,426.5990,396.9390,378.3440,373.6810,346.3920,259.0480,165.8820,176.7510,164.8010,93.3729,46.9506,59.6608,140.9210,213.4660,197.3830,200.5740,173.0690,102.7920,60.6648,36.1710,33.6112,48.9590,61.1556,91.1402,95.3248,53.1916,17.5726,90.9642,124.0920,118.2770,52.2406,78.5750,115.6340,140.8820,98.9145,48.5162,121.5430,194.2790,213.7800,256.1160,155.1020,136.2090,48.5489,42.1920,78.7156,104.5150,113.0140,104.9700,72.6599,57.0065,50.8064,42.7354,37.3223,28.0383,43.2169,66.3362,61.6531,50.3409,33.5816,7.4839,54.6583,54.7982,76.8543,130.6630,178.8120,229.8560,176.8100,75.9646,91.6471,108.1370,87.7404,113.5370,127.6630,148.2140,39.7732,24.4490,93.6570,53.4107,62.0333,54.3174,32.4366,59.3787,45.3718,66.6054,121.6290,133.2450,125.8970,134.6890,79.0952,69.0193,38.9532,64.6747,86.2036,99.0779,132.3120,158.9410,118.0280,174.8170,127.8320,188.2690,118.9240,144.6550,93.9888,96.5618
43245.2000,40645.9000,27291.0000,22059.1000,20826.2000,18316.3000,15197.6000,11398.6000,8721.3300,8173.4400,7294.7500,5423.5600,5567.7200,5569.3200,4564.7200,4559.2200,4168.3300,3239.1900,2849.7300,2295.0400,1880.6800,1702.9600,1547.4300,1207.6900,1097.8800,959.3080,711.4860,557.8320,465.4850,309.3540,141.0620,170.4150,207.7580,196.5440,152.6650,74.9592,46.4257,24.0906,49.0437,70.9320,90.0802,103.9400,128.1500,201.1640,273.3760,321.9410,342.1500,314.2740,261.5930,314.8950,443.5090,503.2960,405.0680,328.5310,302.3360,358.6920,560.9050,664.1440,634.3650,532.1850,445.6240,460.4340,508.0660,511.9810,402.7200,263.7320,245.7420,377.8380,501.1170,612.4290,737.5990,709.3450,576.3000,462.4570,338.6990,267.4390,216.0260,76.8579,151.1470,239.6620,350.6390,517.8540,691.3430,922.7030,1150.9000,1250.6900,1154.1300,984.1910,651.0970,424.0010,428.6220,477.5400,475.2490,507.5960,475.6640,342.2730,276.1360,285.8120,276.9190,267.1690,207.6620,172.5870,168.5320,186.6680,190.0630,143.8430,109.4770,100.3300,98.8977,94.9986,66.6469,76.1145,133.6030,155.4110,176.9000,216.8110,265.0920,274.4150,222.6480,177.5790,111.6330,125.7060,174.5500,151.9210,97.1445,87.3132,97.3328,85.3764,69.4753,48.0190,66.4431,109.9830,136.4830,118.4440,103.8390,89.8466,47.9743,57.4316,67.8276,112.8020,118.9600,131.3190,140.7840,157.1740,152.3950,103.1140,83.7803,105.5420,115.3150,128.1650,160.1210,203.9720,235.9490,188.7880,138.4570,51.0330,58.9677,98.5900,127.5110,125.2900,67.5428,54.6542,106.5850,115.0640,54.2393,56.8307,122.0110,148.5670,150.0360,151.7090,147.8410,164.6560,182.5610,201.5610,207.2170,167.5390,159.4240,129.4280,76.6306,97.7552,91.7340,121.3090,184.7320,190.6660,181.5560,203.1400,238.4240,303.6020,299.8900,228.1650,181.3760,182.7540,188.3440,221.8180,273.1700,341.6430,389.5140,370.4510,319.9900,283.0500,225.4370,191.8670,159.0110,149.7810,141.3280,76.8782,45.3710,112.4380,205.5260,286.6480,256.8430,198.3680,121.4460,30.5810,12.8189,20.8541,44.5075,62.3144,69.1574,52.1696,56.1381,71.1580,58.2591,45.1078,37.8302,44.2771,49.8659,44.2324,45.9458,58.3267,78.5986,125.9870,197.8170,205.2980,246.8830,257.3570,204.0330,169.5540,138.0460,100.4640,92.0531,90.6796,84.1835,66.3561,40.9036,10.2761,49.7888,53.6519,49.9989,55.0295,90.3539,120.2460,121.1120,122.7440,144.2630,148.7150,135.8530,121.1710,102.4620,92.0927,112.3430,146.0140,165.3830,157.5360,165.9400,188.7490,178.3270,154.1030,118.9930,105.7130,108.3170,100.9590,66.1848,38.6761,17.1760,12.7352,29.8787,50.4616,48.9315,51.6811,42.7772,24.2451,26.8113,14.0616,28.7753,22.2278,32.7571,31.7628,37.2264,45.7785,31.6007,27.4478,15.5755,25.8431,41.7045,27.0528,22.7249,37.5935,52.2157,51.3382
42129.9000,39926.9000,26978.2000,21914.3000,20729.0000,18254.5000,15221.2000,11395.3000,8634.3000,8072.4300,7151.3400,5291.8200,5478.5800,5436.8600,4432.9700,4489.9800,4076.9200,3146.2700,2825.3300,2314.3800,1881.6700,1676.6000,1543.7600,1208.0700,1095.7800,995.9340,757.9080,595.6090,487.0590,309.7830,189.6560,230.1770,258.8100,232.2370,190.7700,118.9950,87.1411,75.2205,77.8803,109.1870,122.0490,133.5120,181.8250,282.5230,329.8260,321.3670,322.0590,289.7240,266.1170,312.8800,436.9730,497.1400,415.6660,315.5840,273.4900,371.9960,620.1600,727.9190,661.8010,513.7500,431.8140,446.5680,452.3060,425.0680,323.2650,314.6110,511.1520,665.5680,608.3240,556.8980,481.0390,375.9330,279.4550,235.7980,206.7200,249.3080,216.1670,208.1480,251.1820,311.3940,383.4350,467.2980,657.7890,907.4000,1150.4600,1269.7100,1191.2100,1043.5900,736.5480,488.7220,491.9940,509.7890,464.6690,426.7230,337.3420,278.1150,296.3370,338.8750,359.3700,308.5500,131.6520,64.7859,67.6480,108.1540,120.1120,146.8750,179.0770,199.3180,245.5160,250.8630,213.2180,189.1770,192.7650,231.4090,288.8430,354.0250,421.1630,432.1140,359.4560,269.0620,233.7770,276.1090,316.4160,256.0420,152.1000,119.0980,144.8250,153.3520,146.7870,129.3150,122.4590,135.3990,174.4580,182.7120,144.4260,104.9270,49.8565,76.6574,106.4290,148.0220,144.8220,106.8840,85.1587,73.5131,72.3362,47.5303,69.1125,103.8420,142.9940,172.2620,209.5650,210.1760,211.1490,181.8660,146.8710,81.2805,19.3825,27.3586,35.0949,55.6751,86.4181,128.7630,167.2850,156.2470,80.4179,56.9949,94.7922,84.5288,71.6488,89.8476,104.2750,131.9310,158.0660,182.7140,154.4670,115.6570,99.9198,96.0309,83.7726,53.9887,72.3025,64.8444,138.9760,174.1910,181.1740,205.0780,224.3030,238.6950,199.9380,156.5420,121.9370,120.1640,138.4380,156.5670,192.8520,258.5270,320.9910,318.7820,285.8620,257.3370,215.5890,149.4260,73.3750,81.2424,114.0350,124.1310,95.7873,130.3020,233.0870,311.1940,274.5440,268.2060,177.5840,46.7016,57.2303,68.0210,86.5046,109.6240,90.9902,62.8636,85.3349,89.3853,72.3944,55.3170,59.6131,70.8014,61.2293,37.9594,34.2764,71.7453,105.3050,159.8650,202.9150,187.2990,206.4010,206.3150,144.2780,121.2300,76.8325,30.2960,45.0924,78.7653,82.5552,87.5710,71.3428,37.7901,14.1051,23.9418,46.1283,57.9803,61.9914,57.5538,42.6814,19.7187,19.7733,48.5377,73.2961,88.4358,92.7334,77.8102,75.4466,117.0930,144.3830,150.4050,139.0170,109.1070,96.5336,105.1320,103.4740,76.2361,66.5408,65.2696,24.8861,20.7960,46.2213,50.7092,54.3446,72.6085,78.0918,90.0685,58.2150,35.6289,40.4438,44.4521,58.7022,43.2777,39.9369,42.5601,59.8417,59.4839,36.8310,21.9060,14.0062,18.7215,14.9599,21.1711,12.4915,22.6845,8.8844,5.2813
43098.0000,40768.9000,27671.3000,22445.2000,21163.7000,18659.6000,15460.7000,11552.1000,8842.2900,8276.9300,7297.0200,5450.9200,5619.4100,5550.7800,4555.2700,4574.7000,4196.2500,3279.3500,2908.6800,2351.2800,1943.9600,1747.5700,1580.2300,1258.7700,1145.0500,1005.8900,767.6460,609.5530,495.9270,335.2800,172.4500,208.6070,260.7970,254.5400,219.1770,127.5040,67.4685,60.3592,88.2365,120.9400,151.5470,153.7990,163.3800,244.0240,316.6530,357.4730,367.9590,322.7320,259.5940,296.5240,434.9900,497.1780,409.8210,296.9710,256.3340,366.3020,596.3160,687.1470,630.1080,508.5640,418.6810,438.4860,480.1230,473.3000,411.5030,386.4610,385.5310,398.8420,399.9820,480.4990,593.8600,663.5580,577.9190,496.5160,343.1880,206.9120,148.8070,97.9626,214.9990,303.3440,399.9690,547.2400,698.3260,929.1590,1151.9400,1236.0300,1147.2000,999.7090,718.5760,498.0210,436.9500,430.6590,433.9550,427.7170,330.7860,222.8770,163.9310,188.6000,182.5770,158.1830,104.8510,66.4063,84.8749,144.2190,198.6950,175.3670,117.8130,86.9259,87.4897,85.6248,79.0580,78.7752,80.6047,142.1110,241.8740,331.8430,338.0900,312.7400,275.9430,243.0950,233.6680,272.3150,332.6320,258.3670,149.6780,98.0122,87.6161,83.8939,75.1951,72.3128,91.0067,118.3740,165.2530,166.5420,141.8600,147.1840,95.9938,63.5035,44.4940,21.2833,65.7613,93.4582,133.1950,124.5420,118.2700,135.5240,143.0090,152.5040,131.3300,107.1800,123.4650,146.1510,135.1190,132.8830,128.3560,110.2390,106.2790,122.1310,112.3020,104.0880,116.4540,112.5790,98.3935,87.9438,28.5731,49.5178,97.9674,79.6484,57.0887,64.7578,97.4083,133.5460,170.2510,192.5610,193.9620,173.7780,171.0440,150.2110,101.9390,55.0343,54.8703,61.3482,160.7570,212.0440,227.5250,260.0900,289.5760,310.3940,297.2710,249.3540,189.7270,167.6150,176.9430,199.8600,226.3730,279.5460,326.8010,324.5410,296.5960,267.7790,202.3580,156.9320,124.2720,125.2670,123.5930,126.1420,138.9340,173.1800,230.4930,262.2740,208.0330,121.9080,42.7746,98.5217,132.5430,131.5940,140.5630,142.8440,116.6210,74.6440,95.0924,106.6890,70.9164,46.9191,29.3666,14.7999,15.5642,30.7749,23.2923,21.3171,36.2573,104.0040,183.1840,192.4110,228.4730,224.2400,150.9440,109.8950,70.4972,35.1905,34.2970,35.0633,36.4298,42.4349,51.5084,20.7675,38.3054,44.1851,58.4917,62.8521,74.2672,69.2564,64.5894,68.0507,59.7757,49.5544,65.7247,94.5604,105.7500,66.1207,36.0709,84.0553,142.4410,152.9210,141.6110,147.7180,130.2170,97.6044,64.4773,83.7830,114.7850,108.6350,56.4256,28.4830,21.3497,34.7937,80.1616,99.6653,104.8850,112.7020,135.6650,89.8600,53.8311,8.3748,7.1308,17.7142,35.3135,21.0460,53.9324,113.7930,105.9350,100.3940,66.6673,58.0693,74.1279,79.3808,69.8751,67.2719,74.6805,68.9083
43662.5000,40982.8000,27552.8000,22269.3000,20991.0000,18477.7000,15279.9000,11500.6000,8820.1400,8207.2600,7296.4400,5447.1900,5610.2200,5560.0400,4517.6100,4526.3500,4159.1500,3248.6500,2853.8100,2299.3800,1905.2600,1707.0600,1546.4300,1202.6100,1081.0700,961.9290,723.1620,558.0000,430.1590,279.1440,131.1680,163.2070,194.7690,167.1500,134.2550,78.8639,65.2812,26.4530,38.9425,54.6864,70.3513,91.9692,119.7780,207.7580,276.7850,293.5220,312.3600,285.1590,247.2730,312.7140,449.9680,504.8290,397.5530,304.5250,271.7190,364.5260,602.0990,707.3890,654.1760,525.9400,448.2940,491.3860,537.2670,514.5690,430.8880,413.0640,461.6540,496.5270,524.7930,557.0070,606.4550,638.5810,571.6660,503.7720,362.6040,276.7150,238.3890,132.8650,191.9040,237.8380,351.9680,496.5020,694.0470,970.6900,1245.3000,1349.3800,1239.0600,1067.8900,730.5750,469.1170,464.2460,499.2540,465.9490,458.0180,394.6810,290.0810,227.7990,237.6330,226.1540,219.0970,181.0640,136.1490,141.5670,221.2540,279.3300,243.6330,198.6180,147.7230,75.3347,118.2670,192.2020,221.5060,228.1480,220.8310,168.8870,219.0150,212.3490,211.4980,200.5500,179.3770,127.8220,145.2020,180.8010,138.3480,75.2680,45.6757,58.2270,53.2419,42.1131,54.1678,70.7576,98.9736,132.8840,133.6540,130.2750,140.3540,91.8454,58.5228,40.1565,93.9607,124.9480,121.7600,136.1500,141.2200,145.1920,132.3110,127.9880,140.7810,150.0360,123.5690,150.3230,143.2160,160.6080,163.1250,163.5990,134.8030,86.2502,79.4996,90.0974,87.5710,119.1400,97.6685,92.4924,66.6398,28.2647,57.9181,106.6690,100.3750,79.0354,90.3071,108.2050,114.4140,127.3560,165.2350,175.9140,141.0230,151.7380,129.5830,104.6850,79.2981,66.7100,57.0424,129.7180,159.1020,188.7410,213.2080,257.9870,288.7930,274.3830,230.9920,177.7580,159.5810,169.7850,177.1630,185.5050,218.2640,234.5050,233.4120,231.5800,219.9460,175.5830,143.8030,108.5810,102.1380,103.9080,98.0521,103.2570,156.2280,250.9310,319.3180,288.7890,230.8020,154.1440,67.9994,49.4268,62.2531,65.6526,71.4904,43.1285,81.5875,70.2515,102.7660,52.8613,25.3496,4.4297,14.1433,34.0022,47.7037,45.7299,50.0443,61.6173,104.2510,172.2770,180.4490,226.7680,257.1760,222.9230,205.3730,152.4780,87.7569,90.6164,117.4520,118.1650,117.9500,86.0690,29.9239,12.1685,24.3540,28.9783,33.9978,29.1059,18.6110,6.4388,14.4025,15.4794,38.8704,43.9452,39.5583,50.0101,77.0705,113.6700,148.6620,174.2940,174.1020,201.1130,197.1220,166.2000,125.5890,82.4736,52.2858,35.4839,40.5717,31.3184,50.7095,49.3369,60.4521,60.6465,46.4522,47.2373,50.1809,42.7557,24.6052,16.7591,25.2646,32.4568,29.0013,37.5048,28.9247,18.7847,7.4642,15.0635,11.9608,3.9681,6.5138,17.1257,22.6537,23.5242,13.9092,22.3261,36.5402
42393.2000,40063.0000,27003.7000,21905.9000,20712.7000,18263.0000,15208.2000,11432.9000,8683.6100,8096.8700,7151.7000,5275.2000,5481.1200,5450.1800,4395.9400,4427.4800,4076.0400,3162.9700,2818.8400,2309.9500,1899.3100,1715.3300,1551.0300,1229.3600,1146.5400,1030.7400,776.7790,610.7350,507.5980,331.0820,221.3650,242.8040,270.9520,247.1400,205.0980,111.8820,76.4628,87.5927,83.4336,105.5490,124.9580,144.0380,147.3930,202.3560,251.3390,267.4190,277.0580,248.1080,201.1380,250.5520,391.1320,461.3340,376.5940,280.3380,238.6190,320.7280,556.0430,674.9350,625.8400,504.8440,435.5010,476.8010,513.5660,534.4670,475.1780,456.1370,560.3590,628.4940,665.9470,740.0140,796.2520,773.2540,625.7250,478.6430,314.6450,189.0830,137.2600,49.1981,158.9080,303.1210,400.4400,563.0650,716.9580,983.8610,1246.7900,1345.3100,1229.5400,1044.2800,733.3820,524.0620,486.5060,454.6880,444.0920,459.8520,361.4490,231.6890,192.5500,252.4510,253.0480,224.4440,171.9300,151.8400,180.3420,241.6510,301.2400,310.3480,276.4320,236.7450,219.0340,115.4580,125.3940,79.5848,51.4516,95.1822,177.6620,283.8670,301.3330,286.7490,251.7290,224.1870,185.7880,185.9790,193.5510,133.5270,72.1177,70.4203,91.5109,81.2285,64.2661,56.8207,72.1515,89.1906,129.3620,136.1850,126.9770,155.6570,127.4920,74.2682,36.5102,26.5088,50.5035,68.5348,82.6453,91.8685,96.9910,100.6410,78.6629,96.2965,132.1610,181.7190,267.1600,262.8600,233.4880,204.9500,179.1950,143.6700,92.5191,70.9831,82.1574,65.4287,51.5857,40.6447,51.7713,33.9153,37.5769,65.4086,107.0250,74.6252,64.1201,87.5241,107.9690,124.8300,151.8420,167.2330,149.5470,139.0390,148.8980,128.7310,97.5305,70.7348,65.4758,67.0251,155.7760,185.7870,209.4900,215.6810,240.3080,294.3290,294.4080,233.7310,170.1570,152.0800,165.2740,191.4200,226.6220,274.9910,288.8110,261.1990,218.6900,205.6560,172.9340,144.6150,90.0877,72.4952,77.5133,72.7272,79.7314,117.7210,198.3450,279.7860,247.1930,204.5140,135.8250,35.2184,59.8865,62.2401,82.2177,86.2889,41.3008,72.5791,69.5239,81.0322,38.2281,38.8589,27.8015,39.1411,56.7571,66.6005,48.1444,25.2621,19.4879,75.5721,164.7330,190.7020,243.3440,242.1470,173.6580,128.1770,84.0777,45.9625,31.2521,27.4937,26.7514,27.6779,29.8902,24.9934,48.4778,50.5164,56.0135,50.5421,57.6257,89.2475,75.2180,64.0498,19.9611,27.5650,25.6233,24.5714,14.6018,17.1325,53.6741,81.8745,107.2920,141.7070,176.2580,182.5310,148.2910,115.7500,73.6069,71.5225,98.5310,106.7470,80.2338,48.5541,19.7347,13.4691,26.5639,28.7029,31.0075,31.4226,37.7423,42.5209,29.8179,45.4955,46.2867,56.4438,69.3128,71.0916,51.7518,56.3714,71.7115,67.4050,54.1228,28.9139,32.4852,51.0577,59.6505,50.4352,37.0704,21.5339
42662.2000,40526.6000,27520.9000,22323.8000,21080.9000,18593.4000,15442.4000,11555.6000,8855.9100,8250.3600,7238.7800,5410.8100,5604.4800,5536.2500,4540.6700,4587.3900,4198.4700,3263.3400,2894.9000,2355.3900,1939.3600,1743.6900,1571.5100,1244.0500,1153.1000,1026.5800,784.0890,632.0740,528.1320,350.9530,206.5500,239.9290,279.1010,244.2270,216.1670,142.7950,80.7900,70.6105,89.9779,117.7250,136.5120,144.9650,176.5850,256.2500,302.5670,327.3500,333.8400,285.0480,237.5020,311.2040,459.7130,507.3880,399.8670,308.9900,281.0590,388.4110,635.8250,718.8040,650.6980,512.8160,472.4260,515.5760,534.1350,554.1620,478.6860,429.3450,506.7200,552.2370,579.5230,618.2980,650.3410,605.8310,489.9780,389.5040,249.1040,148.7440,130.6180,90.9262,236.6730,335.2380,442.7330,565.3520,717.1710,969.9720,1261.0300,1371.0400,1256.0100,1069.3100,753.1100,496.5890,470.9380,492.0660,447.8100,435.2300,368.5710,264.5040,247.3970,263.7810,232.9450,183.2680,154.7010,148.3810,177.8410,256.0670,314.6140,315.5290,304.9040,273.8190,255.7200,121.6090,114.4570,95.8689,121.4960,189.2150,192.4870,294.1260,287.4940,267.4790,227.5600,200.2950,152.1520,164.0620,185.8670,147.5810,103.9090,59.1059,50.1349,63.1340,45.1039,41.3081,65.0533,92.8882,128.3920,144.2480,159.7950,184.4460,132.4880,66.1565,41.9119,119.0730,174.7600,182.4390,201.4610,211.6520,220.4470,196.8220,154.6280,168.9530,166.5720,164.8570,213.7460,206.2210,200.6620,188.9640,188.2260,126.2680,54.0584,51.3494,77.9186,83.7411,127.8190,127.5050,97.5938,55.4118,63.5357,118.1160,169.7800,178.7620,159.3170,136.7150,147.6570,165.2800,184.4240,196.7820,185.6200,129.0600,112.3060,83.0644,57.7115,66.2673,85.3613,83.5497,157.6230,173.2910,199.5690,230.5940,270.2640,298.7820,266.1620,213.4110,173.3600,144.7150,140.2530,153.0030,170.0990,207.9040,257.3060,272.6260,221.9800,191.5790,158.4390,136.6020,83.8650,73.8083,86.7296,72.0263,85.9503,153.3440,237.5080,286.5260,234.6770,160.9130,104.0110,68.5501,134.0830,147.4920,148.8270,135.3840,81.5818,56.9327,104.0590,116.8850,57.0037,26.1831,27.0667,42.5617,63.9042,76.9241,76.6464,74.1203,66.8681,59.4619,127.6330,155.7420,226.2140,244.8840,200.8070,190.3880,157.2450,105.6670,78.0180,95.1206,100.4640,99.4973,75.3058,38.1589,16.3295,26.5014,47.8727,47.7365,45.1449,46.2726,32.1304,17.4538,16.3091,36.1011,70.1910,74.2532,59.1108,48.0913,79.4266,112.7460,154.2040,180.9060,182.8360,185.0810,165.9670,138.9200,102.8390,85.1000,89.8455,78.5828,45.6887,28.5369,17.2001,36.2496,51.6910,52.6048,41.9082,44.5616,49.9558,61.7621,30.1738,23.8502,10.9897,15.1136,19.9092,20.3615,22.1530,30.0409,27.0827,27.3978,27.7209,30.8335,46.5321,60.7419,68.7716,50.5974,29.3785,10.3875
43527.7000,40939.7000,27557.2000,22274.6000,21034.8000,18522.7000,15286.7000,11464.8000,8795.9300,8212.1700,7298.8300,5452.6000,5598.0900,5543.4900,4526.1100,4534.2100,4172.6800,3270.2100,2881.2600,2299.2600,1893.3900,1698.4900,1541.2200,1200.3700,1072.3100,931.3600,695.5940,541.6170,439.1610,280.9330,136.2640,172.7120,201.6860,184.2600,153.6360,87.4656,43.6920,22.3859,35.0672,62.7489,89.7908,96.0227,112.0990,189.8890,244.7350,260.8250,271.5380,244.4770,188.9330,263.0200,415.4090,468.5150,371.4510,288.1260,270.8640,377.3460,618.8260,719.1070,664.1900,532.9740,478.4390,516.5760,539.3630,549.0150,471.0370,430.0530,505.5970,540.9680,565.2550,603.6310,640.5540,618.2760,495.4150,386.0260,233.3960,134.8750,103.0500,97.4968,240.6360,342.5470,431.2140,562.3980,717.1130,970.4100,1245.7200,1350.3000,1225.1400,1019.9100,730.0970,516.2400,495.9110,513.8050,467.3530,440.8310,385.7020,276.7450,271.3340,309.1990,296.3830,243.5600,216.5050,215.5490,234.8310,286.5440,351.8510,354.6770,329.5710,247.9080,182.9890,65.1565,134.9370,169.0220,153.6220,182.6390,116.6140,204.8740,234.3890,242.1460,219.2650,177.4340,129.7680,152.2060,184.2040,137.5710,76.0573,54.9859,78.9251,80.2950,57.0982,40.9052,66.7744,99.7314,145.0450,144.8960,153.2270,174.8880,132.9130,76.8845,41.2957,39.6527,85.5442,103.5730,116.0650,100.1020,86.6233,87.7011,87.7474,129.8480,170.2680,175.3380,233.4530,244.9570,236.8600,204.4690,188.1400,144.3650,102.6010,101.2970,122.6370,100.1740,118.3940,93.0699,68.9464,49.7349,41.4597,55.1158,92.9283,79.1136,73.2365,85.4623,104.5120,120.3580,151.3600,186.0880,181.0620,140.0350,131.8220,91.9257,42.0489,25.6638,43.1379,108.6990,191.6890,214.3090,220.5530,229.4530,257.8850,292.2230,261.2080,202.2180,150.3470,135.0460,152.4900,184.9780,199.4740,232.5730,251.6000,233.3100,192.2420,157.5460,123.3650,93.3445,59.4519,59.5073,83.0159,80.2082,75.3107,125.7500,206.1650,266.1020,224.4250,170.2210,123.5950,42.8981,67.8531,69.4396,67.7069,73.7345,29.5907,67.1384,49.1658,45.6985,17.4505,19.7488,25.2440,28.8244,44.2445,55.8139,50.5256,37.2678,48.5004,100.8080,184.9580,194.8790,248.6700,262.4480,208.6700,167.3280,128.2170,79.6492,58.7081,76.8522,96.2518,87.1276,74.6369,18.4349,43.1337,58.8375,68.6206,70.5781,77.7609,76.8968,64.8416,46.1507,28.8094,32.7882,47.1063,61.3914,64.3145,52.1655,51.3691,85.0882,127.5510,141.9820,149.2920,159.2190,145.1910,123.6050,90.3779,65.0452,58.9120,51.9883,28.7152,23.0155,31.4404,53.8659,53.1710,59.8636,64.6222,67.9342,68.9558,59.6565,35.1789,14.3701,3.2019,6.1519,15.1227,27.0126,18.2962,13.5395,25.4169,30.7282,33.6068,44.8289,58.3072,69.1351,78.2612,86.4380,65.6815,42.1849
42420.7000,40057.7000,26935.5000,21849.9000,20672.4000,18197.6000,15119.1000,11359.1000,8630.2600,8040.2500,7115.6400,5252.8300,5444.3600,5410.2200,4378.6600,4434.6700,4070.4800,3148.3400,2811.4500,2293.3400,1863.8400,1689.8100,1542.2700,1210.1900,1140.0600,1042.7200,772.4320,594.9710,487.9710,308.9780,207.7790,249.1070,278.3130,261.8890,202.8690,91.1749,63.2011,107.7610,127.7340,140.4900,134.9090,133.8810,145.4110,222.9090,280.4810,287.8240,279.1790,231.9970,172.4760,277.3520,425.7600,470.6240,331.0930,248.3140,260.8040,371.9350,609.8530,707.7410,644.2630,507.9540,454.1050,493.9050,513.8370,519.2500,446.3860,417.5940,491.1740,527.5270,563.4690,610.7090,647.0140,605.5660,490.7400,382.0530,235.7910,136.2200,100.3480,80.5639,226.9360,337.0660,428.6560,559.2340,721.3250,984.0440,1275.9100,1389.2000,1267.8900,1064.9400,772.4820,519.2140,482.8630,507.7570,463.6680,424.5710,358.8780,263.9980,264.4970,291.8460,274.8600,235.7180,199.2450,174.4320,206.5920,278.9640,359.1700,364.0040,344.9800,284.0830,243.7640,137.1370,129.3120,150.8900,124.6120,154.8880,101.5400,206.7530,231.2670,242.9420,228.7980,197.5670,133.2980,153.2670,203.4540,161.7990,99.5357,67.5329,54.2002,56.7455,50.0113,43.8703,57.9075,88.9936,132.1690,146.2550,150.1160,177.7890,136.4230,78.7655,48.1739,40.8250,88.2642,104.7540,126.7300,111.4900,94.2504,100.0200,112.2140,158.2210,191.9710,190.2520,244.5550,290.1680,286.3100,232.8440,197.0980,130.2650,78.9450,75.3183,73.6144,42.3130,45.4825,47.4857,91.7526,90.6306,40.0820,32.6363,64.3806,78.6660,79.9844,87.8788,101.9760,132.8980,180.2710,224.2260,210.3270,188.5510,187.7600,154.9020,88.7588,33.5760,27.7629,97.9723,186.3640,225.2460,241.3150,267.0690,304.1290,332.8560,308.9140,249.2590,205.6060,202.4960,225.1940,228.5040,227.2120,265.8150,298.8700,286.3260,241.3980,207.0110,177.9400,142.2900,86.6609,66.2089,76.2520,47.6555,63.1559,129.4180,192.7810,240.1460,211.7970,149.0310,95.3260,50.6624,98.2406,138.7270,140.1750,130.1350,73.6546,81.6142,129.1520,152.6160,118.7460,67.8195,45.3652,54.4692,55.2386,58.3194,62.0699,68.8248,69.4037,100.6170,189.3280,196.4150,245.9480,234.4570,172.1670,125.1170,82.8482,41.5396,41.9084,49.2931,34.7051,23.7795,20.8920,15.6511,49.7468,50.3375,56.9708,54.6629,66.6444,76.4270,70.9785,52.6507,36.2522,40.8001,51.4365,55.1482,50.6583,60.0168,82.2942,116.0770,147.5260,152.1810,153.4770,163.6960,153.4170,146.0760,127.7060,104.0420,94.5320,89.3269,54.2553,22.2207,28.0200,54.9017,63.7095,59.7639,56.6272,50.9647,54.9357,44.6484,15.6033,14.3906,30.7671,26.3702,21.0870,15.4843,10.4060,6.4731,15.6562,25.5907,39.9159,42.7755,44.9488,47.7673,60.1208,50.0909,27.0205,30.5992
42358.3000,40252.6000,27307.5000,22197.6000,21026.2000,18526.5000,15389.2000,11474.5000,8774.3300,8225.3600,7238.8200,5382.2300,5554.6300,5496.5300,4491.9100,4514.5600,4135.6300,3205.7300,2857.1500,2327.6000,1895.1900,1728.7900,1571.9300,1256.1600,1159.5100,1026.9100,784.8010,628.7140,516.0110,332.4540,201.8950,238.4690,273.0190,249.5320,196.5420,95.6728,59.7548,96.6442,124.7170,141.7400,139.8220,138.8940,157.7170,221.5920,270.1220,279.3800,263.9440,217.1830,211.9100,304.0690,428.0430,460.9600,351.0010,257.0580,258.7830,388.3200,604.9320,691.0620,630.7350,501.5430,448.2820,485.6220,503.5250,509.8120,446.1910,397.2630,472.8170,532.1460,552.5530,588.4280,627.5330,606.8730,495.7560,397.1760,257.2730,154.6590,119.8390,63.5069,201.2620,301.1610,416.1540,537.8150,716.8940,964.0210,1239.3600,1361.0500,1245.0800,1040.7200,761.9160,522.9780,489.1040,504.0740,454.0890,430.3640,367.1360,249.7700,247.2810,280.3810,268.5930,216.3970,186.2070,178.9860,220.5260,292.4510,353.0280,338.8090,335.1180,288.6020,235.0240,152.4800,124.2010,164.4560,128.6020,140.1720,87.7675,215.3910,248.4630,260.4860,241.1880,201.4810,132.2850,158.1940,212.3300,169.8110,107.9070,72.1150,73.4124,82.9055,69.9938,56.7865,58.4387,92.8901,147.9040,162.1460,169.7050,181.6070,138.2430,74.4514,35.6632,58.6602,105.1780,109.8280,113.6780,104.2440,75.3507,70.9827,67.6844,135.8240,180.1450,213.7270,276.8070,316.1650,316.0800,271.5660,237.6980,178.0140,115.7980,97.6762,113.0110,82.1514,67.5337,43.5625,82.9777,61.6835,47.0185,38.8753,79.9231,76.8480,69.8854,84.4313,123.9950,149.6860,191.5120,224.6160,220.6930,181.1560,171.1990,147.6380,99.1712,49.2325,55.2498,93.6055,176.9780,207.4590,223.6150,257.2520,297.1270,323.6880,291.4140,228.8420,164.2780,138.4100,150.9900,180.8170,199.5840,235.7330,257.7590,262.4600,244.6210,215.6650,173.5580,117.0000,54.8248,42.1961,48.4758,44.4698,74.7607,136.3450,204.6750,261.8860,223.3230,162.7570,112.4290,43.8542,79.0393,103.3970,115.4290,120.6380,64.4476,32.6463,71.0964,104.3700,69.4006,50.9822,48.5797,37.2287,14.4638,28.7914,41.9406,67.7326,72.7733,105.0120,171.1400,173.1260,217.0420,234.1470,184.7280,143.4160,97.9496,48.5755,50.2063,56.4103,54.3767,56.5229,39.6145,34.2530,72.9052,92.0189,96.5117,88.6746,102.1300,103.7390,84.6626,80.5774,79.1623,78.9165,88.2879,101.5030,95.5678,61.4748,64.1976,109.2890,149.1680,154.2410,162.0800,172.2140,152.6200,134.5440,106.9760,102.5070,91.6513,74.9767,54.0092,21.0847,25.0095,66.1608,87.4665,76.9624,64.2779,50.5332,49.0326,46.5785,24.9643,15.2013,18.5855,32.2796,22.4289,8.2587,11.8350,26.7501,21.2283,11.1521,6.3984,16.7839,36.2705,43.8066,49.5060,33.7381,17.7712,8.2109
43389.2000,40951.3000,27607.9000,22272.3000,21017.2000,18505.6000,15266.7000,11435.3000,8775.1400,8165.7900,7217.4300,5377.6500,5522.3300,5447.7000,4438.0800,4478.9100,4131.1900,3236.4500,2839.1600,2270.7600,1893.0100,1690.8800,1546.5700,1213.4600,1075.3500,956.9920,753.5050,605.0390,483.9460,320.1250,156.3690,178.0880,212.0800,196.1050,156.4430,76.2676,29.2135,18.5751,39.0343,70.9837,83.3962,101.0110,123.6870,214.6120,288.7090,302.3790,293.9240,239.0400,239.3830,332.6810,477.7500,519.1980,398.7990,285.8190,268.1660,376.9380,600.5490,712.2490,654.2730,513.9410,457.1010,502.4040,511.2930,510.6670,446.5110,396.7630,461.0350,514.5660,543.1790,579.4220,616.1110,593.2830,477.0460,380.4510,237.0360,141.0530,127.9440,121.4430,258.6050,341.7810,453.8750,563.5780,750.5880,978.6850,1236.8300,1345.5500,1225.7000,1014.2800,776.3490,550.2070,500.8550,484.8380,429.4390,409.7810,333.6100,214.0970,231.7820,280.3400,264.0390,206.4060,160.6100,151.7490,191.0790,260.8220,320.7080,334.3900,335.8550,281.2230,215.2740,145.4920,95.8942,145.9770,97.7398,131.9490,116.9770,235.1440,274.3070,291.3330,268.2350,230.8400,164.3700,185.1010,229.3180,183.3250,108.2930,68.4074,68.3852,70.2851,52.0727,35.2945,54.2537,89.0584,132.3960,155.8150,159.6490,181.1640,129.9750,65.5004,35.6556,60.5513,117.8360,123.1490,128.7020,123.0900,114.1400,93.9385,87.1167,119.2120,155.5900,174.9490,235.9710,258.2360,245.1100,207.6080,183.2460,132.0870,80.3925,79.5191,96.1803,65.0586,31.0716,21.3831,54.6706,70.9405,37.4530,34.5707,54.0628,46.2394,56.1965,86.3050,107.0930,137.9990,179.0620,243.6920,236.2730,188.4290,187.5890,159.9790,101.5380,48.5402,39.2578,92.7781,172.6260,215.9410,237.2990,252.6860,277.5230,318.8400,304.2400,232.7850,162.1400,143.9570,162.6940,197.1430,220.0510,261.0870,294.0610,285.0620,239.0200,205.4470,167.0420,121.3830,67.2368,38.7624,48.1647,45.8368,59.9142,119.3270,188.5750,246.8310,207.4900,142.5890,92.9524,28.6685,87.1615,117.5120,130.6380,136.2480,86.1527,45.2169,60.6008,112.5510,68.3566,37.0997,36.0606,35.5360,35.9539,37.9981,39.0851,42.3288,60.7301,90.3877,169.7760,167.4810,209.5300,217.7260,169.6940,131.2650,96.5242,41.7503,21.4869,32.6606,44.0765,33.3914,27.1846,33.8041,60.3920,67.4215,64.5764,70.7662,87.6335,75.1339,62.7312,72.2895,75.5971,70.0296,74.5049,76.8163,73.3734,51.8439,54.2322,93.9812,131.1680,136.7790,163.3250,175.4800,148.7550,126.5050,106.3450,115.6480,109.0000,83.3740,55.1341,30.5347,14.5289,15.5243,50.1808,67.7971,57.2995,44.3062,43.2991,55.6898,32.3443,21.6492,11.5549,18.2632,18.4836,13.5312,14.3481,27.5401,28.4604,18.3047,21.0131,41.7035,52.8886,54.1702,50.3716,36.7810,18.2638,13.3746
42678.7000,40190.1000,27004.1000,21925.7000,20694.4000,18176.8000,15091.4000,11348.6000,8642.5400,8059.7600,7178.5400,5304.8400,5463.0000,5457.4300,4447.6800,4483.7700,4112.3900,3192.0200,2850.5000,2325.3500,1910.4000,1720.0700,1581.7100,1237.0400,1118.7000,1016.7800,772.2060,597.3330,489.5790,323.6550,177.2120,213.7210,255.5250,236.5030,193.8510,114.8800,63.7398,66.9884,93.1804,120.9160,138.8510,157.5120,186.1110,269.6320,312.0610,314.6620,300.9380,258.2630,252.0570,355.0690,485.0370,503.3190,363.5160,271.1470,281.8940,397.6960,611.2670,705.1250,641.6530,505.5710,435.3260,464.5540,480.1600,492.0250,425.1820,372.8410,444.9830,501.4910,529.2600,571.5710,615.8570,602.7000,498.5620,404.7120,264.9830,150.1460,117.7390,128.9910,276.0480,362.1560,462.2150,568.1740,736.3100,972.6090,1237.2700,1350.4900,1239.3700,1035.1900,777.6350,522.9400,473.7340,486.9710,437.5320,409.2380,339.8410,220.6280,214.8750,245.7410,232.2120,178.4890,150.4520,158.2830,200.9700,284.2490,340.1180,334.6780,327.7560,285.3730,217.5560,167.9360,87.9117,161.7300,116.2480,101.8390,79.8501,210.0570,264.4800,295.2980,280.0880,246.7670,162.8950,173.4270,219.6130,173.6400,104.3930,76.1476,68.3827,61.9819,58.0000,55.8342,70.0965,101.7510,159.6490,184.2240,149.2090,163.0630,109.0020,49.9709,46.3276,89.2799,127.6770,121.7000,120.7770,117.7560,111.2250,99.7695,90.6523,136.7840,183.4360,189.2900,250.6390,274.9410,269.4170,227.2690,197.2360,143.7340,98.3585,89.8768,97.3613,73.1754,42.0922,33.7697,68.2714,68.5283,44.2150,17.4682,34.0787,29.9305,61.3835,89.6012,113.3470,144.0740,181.1240,218.5420,201.5670,165.2750,153.3090,134.2950,75.5651,48.9979,51.2384,116.2580,189.0430,212.6730,224.1590,254.3030,291.2650,326.9900,295.9860,222.4340,156.0050,138.8280,157.5850,177.6600,185.9090,208.5110,229.4290,233.8700,195.6580,176.0550,146.9420,113.3800,47.6313,37.3920,52.7337,38.3779,56.0406,119.5030,200.1770,270.2730,214.9840,154.7460,106.0910,40.3743,96.8375,123.0320,118.2730,106.4380,45.0158,38.1014,80.9845,117.8050,84.3060,51.5115,42.2296,31.6263,20.1250,27.9889,38.0609,48.1511,54.8066,96.5739,174.2980,183.6470,221.5760,230.8830,173.1300,138.9920,101.8100,40.6556,21.8181,39.0068,46.6654,40.3504,34.6833,14.2009,45.6173,54.9110,63.4675,62.5157,75.1307,84.7288,72.5652,58.2276,47.4128,49.2763,61.6363,74.1829,67.3352,43.4492,63.0891,100.3400,136.8830,142.7820,155.5070,175.5960,161.0330,134.7060,94.3755,82.8961,83.8567,75.0183,46.1346,19.7341,29.1892,55.4942,77.3136,78.0644,67.8109,54.1123,50.8492,45.5271,22.5922,8.9240,14.3658,29.4205,37.6734,27.9455,15.0033,7.6675,13.2144,10.8032,8.1493,12.9104,35.7439,40.9585,50.6272,37.9357,20.5856,26.8010
42266.6000,40140.8000,27200.0000,22157.6000,21007.7000,18479.2000,15398.1000,11498.3000,8791.9100,8212.0400,7236.2500,5380.7700,5538.6500,5473.7800,4487.2300,4539.6800,4152.2400,3204.4200,2866.7300,2337.5100,1888.5500,1729.1400,1563.9300,1230.0700,1155.7900,1045.6300,785.3590,612.2240,498.7010,315.5650,189.4720,249.5290,291.6510,270.6540,196.6280,96.1267,65.9696,83.9343,98.0228,131.3920,141.4570,146.8410,163.3180,211.3540,250.8510,273.5780,266.8160,229.3110,224.8530,333.6200,466.5680,496.8960,366.1410,273.0480,288.3250,409.9400,621.2700,702.8500,635.3010,495.6250,444.0430,485.6930,489.4990,470.9150,398.1630,354.1520,437.4970,520.7920,549.4400,586.8540,625.5540,606.6650,487.7930,390.0430,244.3950,126.8500,89.2483,133.8810,278.7970,367.7290,468.1720,576.1450,747.8370,989.7090,1249.2200,1371.1500,1257.2600,1047.8400,779.0500,533.8250,483.7630,485.9960,439.6300,401.9210,342.9530,245.4650,231.1360,264.1670,257.1640,197.3350,154.1610,151.6380,193.5900,270.5240,326.8050,328.5990,327.9160,283.0420,202.8710,154.7410,136.7440,206.3890,167.4070,99.8359,37.6692,160.9470,246.3570,282.6770,274.2480,237.8250,166.1920,183.9660,229.6990,183.3920,103.9700,66.4786,76.2394,83.0468,65.8327,52.0064,63.5479,101.3950,162.5090,183.9740,157.4770,165.3860,107.3660,44.6224,30.7545,60.4920,116.4760,127.5490,128.5750,112.8770,77.3026,78.3949,80.1527,138.5060,168.4220,187.6660,241.8700,272.0610,268.1850,232.4070,202.6240,149.5140,89.5650,74.0110,82.7292,52.4321,60.7651,56.2649,106.5780,88.1031,35.8414,26.3878,63.6675,63.7230,60.9674,75.3121,103.0530,138.7120,182.0320,217.8520,218.7620,197.7710,211.9280,197.3760,142.3050,79.3118,44.1995,61.0829,163.7630,212.2460,240.7730,257.4410,287.3660,318.2540,299.5300,245.3520,185.2270,166.4440,177.3500,185.9880,196.2140,221.0260,234.7730,226.3520,206.3570,185.5500,148.4420,96.2875,43.3461,49.0668,68.6101,55.6152,59.6889,129.7780,211.0420,264.0450,216.6980,156.0310,105.5990,38.3414,81.3611,104.2300,114.2840,117.5250,64.9373,36.5481,74.7523,119.7360,83.4590,54.0286,55.4379,51.2274,42.5622,27.9541,25.2109,40.2690,65.7403,106.7980,184.4010,186.1980,211.3230,218.2110,156.4420,113.9310,74.3311,34.4511,25.1420,22.4599,26.4640,21.8742,32.5327,38.7006,73.7127,71.6317,79.5132,66.6059,61.9733,67.9051,54.1524,31.5634,33.7402,52.7608,55.2282,59.7009,55.0441,37.9371,54.5894,100.9810,137.9010,144.6340,167.8930,172.6690,142.2430,124.5800,103.3930,91.7786,69.6747,55.4768,33.0504,14.1873,19.3004,44.8653,64.5776,62.5086,51.2423,42.8266,40.7198,39.9416,14.2447,22.6731,24.8090,31.7769,33.3837,11.2133,16.1059,31.6828,35.0353,30.6154,26.1966,20.4284,24.8102,35.8400,54.0852,38.6248,26.1314,18.6799
43292.7000,40942.2000,27673.8000,22378.8000,21120.1000,18593.6000,15355.7000,11488.3000,8801.9900,8190.2300,7206.5300,5361.4400,5532.8200,5485.4100,4479.0200,4494.4500,4117.8500,3223.2500,2859.0800,2298.6900,1906.6300,1712.2300,1580.0300,1238.5900,1114.5600,1005.2800,772.8660,615.6440,473.8690,317.8890,156.3090,181.4600,212.1360,201.8790,156.3300,78.0121,31.5455,20.4161,42.7801,88.2364,101.8040,120.6640,142.7460,221.9910,268.5460,302.8230,309.5560,268.4840,255.8630,350.4380,490.7230,511.2910,376.8590,287.9250,308.4210,437.5580,650.2560,724.7010,660.0530,519.7030,468.6630,487.7490,487.0980,488.0460,425.3550,386.6890,447.5730,501.0980,537.4830,580.1750,624.7350,585.8140,464.0400,365.4800,235.0570,141.4490,94.4162,170.7770,295.6630,378.2940,488.2150,601.5610,768.4230,1002.2300,1265.7500,1381.5900,1259.0100,1043.9900,754.6730,503.1880,460.2080,487.2300,452.6810,423.2450,363.9590,258.7130,242.7700,265.9050,247.9870,189.3360,151.0910,143.5600,187.8460,275.3580,338.8770,342.5830,346.6020,301.4000,225.9630,166.4800,107.3460,182.0470,143.2470,102.1000,44.1807,174.6830,237.5960,269.4180,257.9220,234.9240,165.4220,178.5440,237.3820,191.9040,102.4640,63.2145,82.4569,88.1224,69.4408,54.6566,64.4358,101.4640,161.2010,174.0430,153.9470,164.1490,131.5400,67.3504,50.6040,62.8302,125.3530,126.0150,126.8460,112.2680,89.0395,81.2490,81.1523,132.0590,175.2360,191.1940,253.6180,287.9260,288.3820,246.6100,216.9410,164.4900,113.7930,82.7249,70.9579,43.1486,33.5173,48.0384,101.0060,91.1769,41.8936,13.6554,64.0230,47.3905,45.3150,80.9707,103.4820,128.5200,166.9220,212.5240,196.4030,166.0360,170.1480,163.9570,109.5470,53.5116,45.1251,86.5273,180.1850,214.1840,231.2900,249.7970,292.3370,326.6840,284.4070,220.6350,162.8360,148.5650,162.5110,183.1500,199.1460,208.6370,206.4980,195.0720,173.7070,154.6630,115.2020,60.1336,31.0870,65.8325,74.8236,79.8606,94.8532,140.9750,208.1450,268.4710,230.1670,179.4740,140.7990,66.2668,87.5018,101.8630,90.4433,84.8964,29.0867,47.2553,75.8358,100.0860,66.8778,55.5712,53.5985,40.5818,33.2802,32.2290,34.7787,55.7131,77.2913,113.5630,183.8230,175.3570,222.0680,233.2350,190.7440,149.8880,103.1620,54.3743,58.3637,79.1417,80.2549,58.0998,34.2915,36.1779,68.4835,83.8814,87.9681,76.2422,69.7568,69.1379,62.8531,45.2830,37.0878,53.7920,68.7232,72.8884,71.6185,66.6720,84.4566,119.9280,167.3630,175.9290,172.1560,190.5360,179.5650,149.0860,100.1160,75.1978,78.6984,73.1626,43.6863,17.9231,36.7574,71.4372,80.9651,84.8983,84.7356,73.6686,57.5878,43.6031,35.4134,15.3471,10.9538,14.8795,9.1399,5.6402,10.4759,11.0268,21.3550,5.8990,7.3556,16.5760,24.1152,37.5414,40.0950,49.8041,47.6234,51.7400
42950.1000,40442.8000,27133.6000,21971.6000,20778.4000,18264.8000,15163.4000,11391.2000,8667.4000,8082.1200,7208.5000,5330.4400,5483.8100,5459.5600,4425.7300,4458.9600,4102.9900,3197.8000,2857.7500,2315.8800,1900.5200,1696.2200,1556.3500,1234.8100,1132.0800,1019.2700,774.5130,608.4990,509.2840,349.1910,189.1700,215.7970,259.0180,243.3240,196.2330,112.9580,64.6696,70.8367,90.7380,119.5600,137.7180,140.6320,165.0320,260.0780,321.3930,328.0270,316.8280,286.2520,286.5480,353.6000,479.9790,504.4060,381.4850,285.1950,304.9810,429.7520,640.9040,732.7710,669.6050,532.8900,460.0450,469.7490,474.3370,474.8690,402.8180,357.2790,433.3490,504.8960,541.3060,581.5960,616.9130,581.3120,468.5280,375.2680,239.5580,115.1820,73.7884,128.6070,268.4090,364.3980,478.3910,593.4350,768.4020,1009.7600,1292.0900,1428.8600,1315.8700,1106.6200,812.8940,529.0040,482.5080,515.4300,459.4510,414.4860,358.3290,241.5070,214.1250,242.2640,230.3650,177.3750,132.0930,133.4410,198.2800,279.9970,337.3500,339.4350,341.2700,304.9540,218.7340,168.0830,101.1490,166.7500,123.7290,74.9012,55.2339,194.5210,271.9240,303.8210,290.2070,259.2270,172.5910,178.3960,221.8980,168.5280,101.7840,83.3620,83.8199,81.3683,76.9009,73.8812,83.6033,109.7270,149.3360,176.3200,145.4100,168.8400,114.1170,52.4614,36.8500,51.6681,98.9937,105.4120,110.4200,99.9049,78.2209,68.4825,77.1484,121.3250,161.6910,194.8250,260.4420,298.1880,298.5430,260.5050,228.1710,170.6370,105.6030,78.3361,86.6933,74.9733,43.9633,41.8526,83.6732,74.7955,27.1589,32.7237,73.6916,55.0168,55.5388,79.9384,92.7630,117.8490,150.7420,195.5170,216.3380,192.7890,213.3350,175.1290,100.4890,51.9208,39.1359,72.3810,170.4890,225.8130,240.6440,271.5690,298.7680,328.4790,301.5520,232.1300,177.5960,168.6620,181.5730,213.7640,209.9890,228.3190,244.4870,224.3400,188.6750,164.5990,119.5030,62.3820,29.2390,60.6808,70.8338,71.3592,86.9026,137.0780,200.0640,264.0050,214.8830,147.1000,83.3372,24.2280,67.8702,110.9670,113.5280,112.8010,43.7696,47.4285,54.5182,84.1396,57.0885,32.5248,34.1540,34.3976,31.5825,28.9311,34.6252,46.0615,68.8974,120.7880,200.9790,198.9490,239.1330,230.3970,159.8180,111.7940,63.8963,31.2285,46.6573,65.1002,57.2971,43.3364,26.5754,13.7314,47.1313,63.5624,72.4367,56.0001,49.4832,63.2139,56.9226,35.0138,24.1276,34.4608,47.1621,65.7901,64.4438,53.2876,93.4854,146.9250,187.1590,192.6100,207.0310,211.2270,186.1580,163.4900,130.4880,124.6440,108.9540,82.3527,53.5659,22.2394,14.7554,43.3082,63.6202,61.0995,49.9867,40.3789,36.2655,32.5736,11.2261,29.2553,37.5589,36.3121,30.9707,30.6499,17.1205,26.4749,51.6023,48.2052,37.5300,33.7759,43.9371,56.0237,69.5476,60.3586,44.4661,32.7532
42086.9000,39975.5000,27063.9000,22026.8000,20880.8000,18368.3000,15311.3000,11435.5000,8719.2700,8146.0000,7181.3800,5317.9100,5484.4300,5435.9400,4438.2500,4476.7700,4091.1100,3166.5500,2827.6400,2304.2300,1877.3200,1711.7500,1558.2600,1225.6700,1135.8000,1032.8900,792.9580,609.2910,491.5740,305.5140,228.9610,266.6390,296.3930,259.4780,199.9910,118.6430,82.5742,92.2885,120.4950,159.3970,171.7910,176.2400,182.7070,252.5160,306.1220,300.7660,280.2410,258.8220,266.5240,354.9510,478.1500,497.0020,362.9450,280.4210,288.4550,397.7320,621.4680,718.4180,656.9610,520.2890,454.8690,477.9030,487.2030,493.4650,421.6140,365.3870,443.2230,522.9730,556.1020,596.3130,638.4290,614.6010,488.3480,385.9130,241.2960,144.2100,119.2580,135.6110,275.6030,370.2170,485.0710,596.5400,773.8060,998.4420,1257.3300,1384.9700,1273.5500,1060.4900,792.4250,533.2330,475.7630,477.7840,441.7550,422.5900,358.1400,256.5610,246.7000,276.4360,268.5720,205.8810,161.2710,169.7470,215.4220,295.5330,346.0010,360.2680,364.5440,310.1060,227.2290,159.4780,90.8290,155.0090,124.6980,64.9339,46.4533,183.3710,269.6840,312.9090,304.8590,271.6880,185.2860,201.1120,249.6640,192.0100,104.6470,68.6968,85.9536,91.6144,76.4936,58.9571,76.1835,110.6830,161.3270,150.7220,124.2280,127.6730,105.3770,46.9854,45.3630,72.4592,110.0820,114.6060,122.5610,120.0650,92.6565,85.7517,88.0716,128.7240,179.1450,174.5700,241.0510,256.5530,252.8420,232.9800,213.8900,165.9980,96.1794,82.7930,98.8305,71.0201,69.0450,41.6977,71.7683,49.7672,37.8808,31.2313,66.6494,50.6103,50.1595,83.1005,101.4360,119.3740,148.9590,196.8330,209.7300,189.8120,195.8300,184.4530,118.7350,61.7881,49.7423,70.1868,172.0660,214.4170,232.9810,258.5350,296.6870,327.1170,301.0310,243.7340,176.1260,154.1780,175.8240,205.3220,215.3030,214.0800,220.7490,226.5090,190.2740,145.1020,104.4730,60.8253,27.5709,66.2736,76.3974,72.1535,89.5817,145.5530,205.0520,258.3530,228.1250,149.0750,113.9310,46.0463,114.9170,132.0480,124.8580,113.6740,67.8835,37.8312,68.1354,94.0627,63.3515,45.9458,50.5076,45.4948,39.9199,33.0044,29.6012,41.4681,63.5080,101.3440,170.7630,170.1360,216.3950,231.1110,187.6010,151.1800,115.4860,85.0886,71.2241,59.9830,55.4224,40.9776,19.5418,23.5316,45.4645,61.1927,73.5702,85.7067,83.9116,68.9702,58.1829,45.4852,34.8980,38.6965,54.7157,59.1546,43.8330,39.1618,75.4780,126.0890,172.6350,188.1150,181.5920,189.4270,172.3370,146.7000,105.0090,101.6040,106.8240,90.7216,64.7787,29.9764,16.4085,42.2351,58.5155,70.0196,68.8569,61.7501,48.5335,45.7964,39.6926,12.6256,18.2627,43.9976,29.2341,18.0378,8.4151,18.4092,14.4583,22.6653,31.5979,27.3720,28.8386,40.3644,62.6748,49.4270,28.0759,13.0851
43062.9000,40849.6000,27708.8000,22432.3000,21158.5000,18624.8000,15400.1000,11505.8000,8830.7500,8221.8000,7244.5100,5405.5300,5548.3800,5482.0500,4486.0200,4502.4500,4140.1900,3243.5300,2860.1500,2289.7000,1899.3000,1694.9500,1544.1600,1236.4300,1129.0900,1010.3900,789.6690,628.0080,506.5180,343.6200,189.9980,218.5800,249.5780,229.6650,191.8570,113.9400,62.2196,43.2328,65.4268,103.1190,133.4860,147.0350,163.3210,228.4640,278.1550,313.2210,326.4800,308.6670,297.5030,370.4800,512.6610,538.1660,405.5770,309.2860,313.1390,427.6350,648.9620,740.3990,676.9460,535.6150,478.1250,497.1550,497.6370,501.0200,432.1780,374.0750,443.8810,532.6440,573.5950,612.7560,637.3890,591.2290,469.8620,374.1600,248.3270,133.6420,88.7943,134.1620,280.6410,373.0790,471.0670,573.1320,748.6310,978.6610,1222.5500,1355.4200,1247.8700,1038.9300,772.4800,536.6160,491.4410,470.7290,421.0290,396.2700,328.1390,219.1350,217.5760,271.5430,260.3910,199.2200,135.0040,137.3960,194.2960,280.6780,350.9210,358.0170,364.0490,321.1210,246.0390,180.6230,91.2665,153.5280,111.3220,82.4737,71.1098,208.8840,275.2340,308.3030,301.9350,291.8100,214.3360,217.9050,265.8870,210.1150,118.8000,70.7525,77.8337,84.4685,65.1905,29.2238,57.2492,90.2610,140.8060,147.2710,138.4260,152.2900,93.7055,46.0678,29.2697,60.0064,110.7080,105.2310,114.3820,88.8230,65.6367,59.7229,70.9979,130.0750,189.2920,202.4110,262.7780,297.9760,305.1340,256.8530,215.3450,155.0370,119.9150,103.9220,94.5420,64.3610,23.2830,30.6468,77.8000,64.0994,54.7985,27.2088,66.8927,43.9318,57.4779,107.5050,123.2640,138.8170,163.2040,198.3150,198.4600,175.4740,185.4540,179.2710,122.4900,73.8978,66.9449,75.6094,165.7180,198.6350,219.6540,243.2860,281.1800,315.3150,295.9130,236.7980,176.1430,153.1860,167.3220,172.9700,172.3970,186.0890,217.4580,212.9360,174.7830,156.9490,123.2450,77.0607,35.8455,51.4728,59.2254,53.5150,70.6379,130.3530,201.1290,261.7830,219.0560,147.7880,98.9760,48.5077,114.8080,139.4360,143.7230,131.0020,69.8461,37.2463,66.9769,92.4117,75.2466,58.3486,46.0645,37.4106,20.2415,14.4367,21.0380,42.3158,45.9478,95.6257,173.0470,194.0310,258.4100,263.3900,203.3980,161.7260,124.0990,73.0299,65.3880,76.5473,55.7326,35.4203,16.9764,23.5363,51.8406,60.4058,65.5872,62.4496,66.3460,69.5758,64.7193,48.7757,32.5721,27.6945,53.2756,62.3343,52.7478,23.3640,72.9019,121.1340,162.4080,183.8410,184.7010,177.6850,162.4930,142.2210,109.7580,95.1377,88.8072,77.2309,47.5497,21.8537,19.9303,41.6201,61.8024,64.1415,59.5401,52.8386,45.6198,31.4762,16.6963,12.8863,18.8617,20.6084,20.8551,12.3256,25.1622,44.3223,36.9143,25.6014,37.1530,56.0979,63.0359,66.7144,65.3937,57.3819,37.8804,21.1769
43282.8000,40697.2000,27383.6000,22210.3000,20951.8000,18407.0000,15256.3000,11475.7000,8802.0500,8198.2800,7298.4700,5420.3500,5556.6000,5530.0100,4504.9300,4515.2700,4159.2400,3248.7600,2880.5500,2306.3900,1884.6200,1683.6500,1533.0600,1201.4400,1091.2700,969.8630,735.5270,583.1630,479.7840,326.1060,152.3350,172.1690,207.4690,198.8310,166.5610,83.2585,30.2146,40.2155,72.6468,103.9060,129.6590,127.8340,134.6620,223.5460,297.9050,322.8020,330.3980,293.8050,272.1000,351.1890,497.5360,537.3920,395.7640,306.4120,323.1730,421.6390,633.6740,726.1830,674.9160,546.4900,487.5870,489.2960,488.7190,487.9480,417.5480,384.5510,459.6730,519.9930,552.2520,586.9960,626.4260,601.5990,465.5960,364.4690,213.2640,88.3642,58.4875,134.2920,275.4230,363.2370,467.6190,571.8340,741.8700,972.3830,1229.3500,1337.0600,1210.8500,996.8110,723.9380,488.2960,441.3590,470.3120,443.5490,406.9710,337.4500,235.7520,234.6240,275.3990,269.0660,209.9220,162.3540,146.9680,197.0740,282.3620,335.6490,336.1510,352.4210,340.1830,244.1230,180.9770,75.1432,129.6440,92.3311,70.0777,80.1135,220.2050,283.5910,308.1210,292.7340,284.2320,217.5910,223.2660,251.3340,204.3490,145.0440,107.2860,86.2816,75.5176,59.4112,49.7302,62.0624,89.3315,127.3720,147.8840,123.4240,138.0870,86.9003,36.7044,33.2193,75.4842,123.2850,107.3510,109.2980,72.4515,60.3813,59.0264,65.9546,108.7580,163.6360,190.0090,266.8550,305.6510,294.0310,249.2960,213.3960,155.7640,101.5010,84.7808,90.8341,73.3187,24.6166,23.6792,74.5203,74.3655,31.8436,14.1903,54.5779,48.2837,43.7483,76.2225,112.6300,135.7820,170.5130,190.6120,182.7980,160.6280,168.7300,152.8540,95.1985,60.5675,72.3110,90.2438,191.7420,222.9270,228.8420,266.9140,311.4700,345.7330,302.1390,238.9870,196.2460,178.3060,198.5300,209.8710,217.4600,213.0430,217.1860,224.7320,192.2590,152.9590,109.5670,60.4680,41.4971,73.6790,79.5242,61.2526,63.5186,120.3590,183.7120,235.9420,194.3370,134.5030,103.8590,74.0372,124.9180,151.4020,150.8950,139.9360,58.4859,32.8321,66.8004,81.2978,62.2558,55.7545,63.5818,57.8532,48.5559,14.2405,12.1744,49.4973,74.8265,119.3970,184.0160,179.0720,211.2090,229.0120,181.9550,146.4140,109.9870,62.9779,65.2418,79.0209,74.7389,64.7302,44.1568,24.2381,42.9707,67.0823,75.0843,65.7690,53.6509,54.2903,49.3634,37.9324,29.2154,33.0647,39.8117,44.6263,35.8918,18.5465,91.2567,142.4420,185.2980,186.2330,182.1760,183.5750,167.5540,147.2640,117.5980,100.6030,79.2083,73.7723,57.8264,23.3874,16.6633,36.1116,42.0949,46.0320,44.3783,43.0481,37.7871,26.0155,8.3009,10.0798,18.5163,26.1623,26.6397,10.2685,24.2167,46.6319,37.7193,27.0144,33.7790,55.3284,67.3322,74.4343,70.6682,55.3513,27.9797,13.3700
42104.5000,39981.4000,27068.1000,21992.8000,20775.3000,18303.3000,15264.6000,11454.7000,8700.0500,8098.1100,7149.6400,5286.8200,5467.3500,5429.1200,4420.5300,4464.2800,4091.0900,3174.2500,2859.2100,2335.3900,1906.3200,1717.9200,1553.5900,1215.1000,1131.5300,1016.7400,764.3740,611.3200,512.0010,339.5410,218.4030,239.1570,272.0930,242.6080,195.0990,104.1430,57.0733,80.5455,114.4700,146.0560,147.2140,145.7450,151.1490,237.7940,313.9380,317.4840,307.9430,276.1770,258.6730,338.7020,481.4140,511.1430,371.8030,274.4670,263.5950,397.2610,642.7750,710.6990,645.8230,514.2490,457.9410,475.3410,487.3860,492.1690,416.5560,379.1930,458.3950,523.0880,559.8030,598.9730,638.1580,599.5880,463.4570,359.6110,218.1450,94.8301,51.6449,143.3440,298.0040,400.3820,495.9120,601.8640,756.2840,987.6240,1238.9600,1369.9200,1255.0100,1044.5800,756.8460,505.5830,458.8000,467.5050,419.1030,378.9870,322.7650,231.9970,232.8080,284.5860,281.0270,220.0090,174.8270,152.1050,205.6440,297.4510,358.3560,353.9300,356.3740,324.4710,226.8980,157.2540,90.5385,163.7890,132.3140,89.7012,51.7491,193.2760,258.2980,293.8540,285.9550,274.2940,200.6460,214.2710,260.4310,195.0560,112.5850,92.4982,94.7006,92.2082,68.6579,51.7031,68.8797,101.3510,149.5730,154.2950,133.7740,153.4140,108.8170,57.1707,32.0609,55.8229,88.7792,94.6630,110.6090,107.2240,81.7713,71.8062,79.0539,133.3080,178.6180,202.9080,277.3130,330.2470,315.8140,267.2230,232.4860,180.9010,115.4710,90.4005,104.8470,76.1729,52.2455,43.3441,80.2716,73.4401,25.7388,31.6681,70.8593,58.5089,54.1268,78.0260,110.3080,135.2670,176.6420,210.9820,198.5930,165.8440,173.6190,158.1260,111.0790,82.0365,81.2852,87.5913,168.5040,214.9760,228.6990,267.2780,303.9340,335.8680,299.4330,228.0250,171.4870,162.0430,185.8880,187.9330,189.6870,203.6270,215.0260,200.8310,170.5150,151.5880,110.8610,62.1014,44.1020,74.9604,80.5013,75.2486,81.8433,128.6880,191.0020,239.6620,189.4410,129.0460,94.9946,64.0473,120.2550,130.4700,127.5850,115.6740,63.5349,36.0839,74.8311,122.5660,84.7101,47.5255,51.5233,49.5035,39.7397,28.6926,39.7261,64.0153,66.4488,106.7080,160.1060,175.7780,201.7980,232.8270,175.8800,135.3650,88.2657,24.8464,23.2434,46.6965,39.9387,27.1267,12.4926,23.5467,57.8931,76.9438,98.8376,90.2277,64.2824,62.3090,64.2420,54.4746,46.9348,61.6044,73.3480,70.7213,47.2643,24.2098,68.0372,126.3640,180.8200,194.0460,183.8010,193.5460,180.5500,163.6540,133.5420,107.2010,78.1113,63.8211,44.9827,19.0234,32.6284,72.5690,102.4930,98.0628,85.2254,76.7692,71.7143,51.9327,20.6625,20.2497,32.9035,38.8210,35.8071,16.1836,13.1824,42.8576,52.4809,37.9437,31.9760,41.8624,53.4417,60.0754,68.1550,76.9351,58.2080,37.2855
42955.3000,40789.8000,27738.6000,22473.9000,21220.6000,18732.3000,15512.0000,11594.2000,8892.0400,8298.4000,7286.8900,5434.9900,5603.2000,5518.2600,4513.7300,4564.4100,4198.9400,3269.1200,2914.0000,2373.0900,1956.0200,1753.6800,1594.0800,1259.1400,1133.0000,1006.5100,774.4270,614.5370,508.3200,349.2280,181.9080,206.1120,239.9360,230.0330,196.6960,109.7730,59.8835,74.4516,89.8785,114.9720,129.5490,160.5680,191.0520,272.5020,342.0180,359.7110,339.7470,314.5090,324.8180,404.4020,535.4240,549.6850,414.8260,324.6410,327.3430,423.8610,632.0340,726.5370,672.4580,541.8820,482.2270,499.6720,509.7390,497.7750,421.5180,383.6230,449.7990,511.4920,549.8650,592.2260,619.8880,587.0700,481.4700,390.2380,254.7250,125.0400,78.8740,161.9730,309.8870,416.1730,522.0680,631.7980,780.5930,1022.5300,1291.6900,1390.5200,1266.7100,1052.6900,802.4070,551.2530,486.5490,496.8450,461.4860,421.1560,353.1300,259.1920,254.5980,278.7750,273.1970,214.2260,176.8840,163.7530,213.3370,301.8490,355.1840,366.8600,386.8480,341.3640,239.5490,146.2360,79.3478,139.9920,115.0800,83.8468,56.8428,181.7250,249.1290,290.6130,288.3360,284.3600,215.9780,220.5690,251.1510,203.2030,140.2210,104.6600,90.1414,90.1203,76.4074,63.4094,65.9737,104.4080,160.8430,156.5870,140.9820,144.5420,113.0120,54.1239,50.6933,83.1075,114.3100,102.3810,109.7260,103.5800,76.4574,64.8491,75.8367,137.3450,193.7900,211.7050,279.6260,311.5880,314.1330,279.0280,244.2590,182.6700,114.7780,93.7676,92.1830,59.2492,57.7579,46.0234,81.5416,66.0035,24.0660,28.1354,70.3373,70.0532,69.4214,96.8536,113.5870,133.5120,158.2060,204.3330,203.9010,176.4610,186.1880,182.5730,139.0340,114.6890,116.8150,94.1728,174.8650,201.6080,206.2950,243.3510,287.2600,326.8170,296.5680,235.9610,181.6750,168.3520,174.1880,181.2000,196.0130,215.7210,225.8910,222.9990,193.7990,160.7480,119.5030,66.9439,36.3444,64.6610,74.9894,68.0975,68.3168,121.9900,193.9840,257.5420,216.4520,148.0710,111.8330,60.7991,127.4690,137.9160,142.1090,137.4730,79.9086,37.7921,74.6634,118.8690,84.3272,60.5498,57.9531,47.1938,38.9414,47.1178,65.8924,85.3339,73.1181,102.0120,155.1340,156.8930,202.7980,205.2020,152.9840,125.1850,91.7492,39.7100,28.5126,46.0993,37.8793,31.0108,8.4213,20.8792,43.6183,58.9957,72.1166,61.2929,61.8705,73.5373,67.3153,49.4654,35.4524,42.1147,60.3832,68.8109,56.7085,20.8060,76.5919,136.0350,186.7620,180.1690,177.0830,202.9920,180.3330,155.8560,121.1640,113.0100,94.6140,76.8372,51.1172,24.1814,15.1551,37.3808,56.2013,74.0344,67.7609,62.9437,55.5214,51.3222,30.8321,17.8652,33.8203,55.1889,43.3874,21.5385,6.5748,20.2919,20.5016,19.1957,17.2875,21.5242,35.0931,47.8055,64.8114,61.2884,32.1487,25.5773
43430.4000,40901.4000,27577.2000,22264.8000,20947.4000,18460.7000,15266.1000,11489.0000,8800.5300,8201.6000,7281.5700,5415.5700,5587.8100,5560.1000,4504.5200,4507.1600,4163.6600,3262.2400,2888.5300,2314.9400,1905.5700,1681.8600,1531.0600,1205.9400,1078.3400,947.1080,714.9380,562.0420,443.3830,288.9210,136.0530,165.1840,195.3430,169.0800,144.0300,70.1953,48.3763,48.5054,69.0651,81.7108,93.1303,103.6450,121.9270,203.7760,272.6690,307.2940,318.7620,286.5060,263.3850,343.8870,485.6180,517.4380,389.4150,308.5690,310.3080,400.5960,610.8620,703.7040,659.3200,536.3030,484.2320,508.1350,518.2800,518.6910,438.0230,385.7920,463.9530,531.8040,558.2440,589.7320,614.3490,577.4340,464.9930,373.9230,238.8370,121.2460,86.9856,168.5040,300.5520,389.8870,492.2690,601.2440,766.3700,1002.4900,1253.3500,1358.9500,1238.1000,1031.5500,751.4580,517.5830,484.6350,487.2240,435.1330,402.5940,336.6630,234.3700,226.9280,250.3820,244.7650,191.8610,160.1330,147.8250,206.7020,304.1030,379.3590,359.8240,355.0150,330.6860,221.3870,124.4400,72.7254,126.3120,116.7140,95.0361,59.9217,202.0550,250.9320,278.9680,273.1540,276.9670,216.9380,204.9100,227.1360,171.0480,94.9116,64.7224,67.5788,62.6188,48.7276,45.3512,64.6074,94.4842,149.0190,158.2230,132.2500,130.0440,91.5786,39.5048,34.6128,69.0061,113.5380,115.0710,114.1520,104.5320,76.3924,61.9508,66.3922,123.3260,179.1630,210.0390,284.3200,326.6440,317.0730,271.6690,239.1690,190.9930,132.5110,95.8913,105.2860,77.1412,65.9085,44.0832,79.2055,75.3013,32.1503,25.1768,54.0309,61.9394,55.7974,81.5212,112.8590,132.7210,165.4180,192.2550,176.2820,150.5650,168.7670,175.1190,123.7050,99.6356,94.3940,84.2167,177.6800,211.7860,211.0260,237.2310,283.3960,336.2010,301.7150,246.5280,191.0450,174.6090,169.4970,176.1940,189.0440,201.2100,217.6990,212.4920,189.0810,170.0830,126.6530,74.9786,52.9110,74.8556,86.0254,74.2845,74.8981,122.3480,196.0350,254.7980,209.9500,152.9590,104.5790,33.7638,83.2008,105.0380,117.1510,122.2780,75.0210,53.1559,62.3265,113.2430,68.6784,41.1076,50.7756,51.3290,46.1934,34.9815,40.0205,60.3464,69.5884,101.6700,156.6960,157.2950,203.6070,228.4510,190.4480,155.9220,119.9010,62.5489,52.8802,57.9767,50.2760,40.4140,25.5505,28.8562,53.6589,66.7597,72.8225,68.3962,63.8923,57.1100,53.0848,48.3571,46.0714,55.1981,67.3854,69.5324,54.0160,18.1643,82.4920,131.4700,172.3720,185.8250,189.0040,183.2120,162.9040,143.5710,112.8200,98.5866,90.1876,71.5994,35.5761,14.8067,30.2863,58.0644,73.0809,80.9837,86.2902,79.9093,65.4090,39.9912,25.5816,14.5313,29.8157,50.1911,31.6446,13.9191,25.6379,44.3004,43.3291,34.2259,24.5859,21.4062,34.1849,46.9684,62.2163,56.1899,32.6186,16.9977
42260.0000,40032.9000,27068.5000,21957.2000,20715.6000,18279.9000,15191.4000,11412.5000,8642.9300,8077.8900,7143.5900,5244.4200,5428.1100,5419.5700,4406.4500,4438.0100,4073.5400,3164.4700,2844.1600,2319.8700,1893.0600,1700.0300,1547.7900,1225.8200,1132.3100,1019.6400,776.7720,614.8030,508.2480,329.8050,214.5690,244.7840,281.0040,265.9980,215.7110,113.1080,48.2043,48.0365,80.6988,118.4920,123.0330,127.6550,151.5860,232.6320,287.4470,298.8920,297.6450,282.2230,274.4930,343.7370,478.7060,505.7660,381.4370,306.8480,303.3310,396.5020,627.7890,715.5000,653.8060,526.1030,462.7570,475.5620,482.5030,481.6320,409.7540,364.0330,429.6400,507.1760,550.6040,593.6430,616.8520,569.5250,461.5090,366.8130,229.3510,105.1090,67.5935,137.5060,291.1460,381.0580,456.3220,574.6040,737.0340,986.6000,1237.3900,1354.7900,1248.3800,1057.6600,748.7140,492.3420,467.2190,491.9300,444.5020,409.1680,348.7730,235.3590,224.6830,267.0730,255.8940,201.7480,152.2200,144.8860,184.0080,269.4070,333.4590,348.2470,364.7550,324.8240,234.9650,150.1420,66.4266,120.5330,92.4945,76.9222,80.7301,214.5650,284.1250,315.7420,301.8270,296.1260,233.0730,225.5970,237.5530,199.0440,127.8560,84.1848,82.7387,81.7476,56.3733,60.6473,90.2169,120.5640,155.1950,153.6820,127.6930,136.2640,95.6856,43.0046,36.7413,64.5448,105.1160,105.3760,103.5650,86.6792,62.5721,58.2058,65.4905,122.2960,172.4410,214.1640,282.8920,303.2510,300.1670,270.0030,244.8670,189.7380,116.7590,81.4523,73.3429,50.7320,69.0731,69.2714,91.1982,76.0745,44.8396,58.7576,65.9279,58.2974,74.7816,91.8550,109.8260,138.0280,179.7050,204.6140,191.9030,172.0780,193.5360,184.3570,120.1960,84.0050,77.9839,85.8355,170.5140,205.9010,218.2160,254.6420,293.3090,336.9400,323.6300,255.5500,191.4990,168.3830,176.8620,173.2850,178.3910,179.5510,191.6660,208.7100,186.4310,150.9380,109.1480,55.2673,44.9180,82.9511,88.4342,73.0299,80.2365,121.7700,184.2750,257.4860,218.5890,156.3250,107.1780,57.3333,93.6406,119.0330,127.0460,129.6540,60.8059,38.3993,81.3008,104.6630,74.4790,50.2732,53.5002,63.5542,56.3799,40.1861,40.3222,73.2711,77.2380,108.8910,153.1450,156.3830,192.9390,220.2400,169.8460,146.0860,102.1180,53.7185,52.6652,73.0630,79.0490,83.0369,62.6702,20.5957,28.3768,38.5671,54.5801,57.0550,58.8979,54.9314,42.5496,31.5781,34.1626,44.6406,56.7359,65.2585,55.6102,25.5192,77.0589,135.8520,188.0150,197.9670,189.4750,190.9500,164.4460,138.3250,100.8800,98.2605,94.3580,64.1718,45.5370,25.6912,20.1437,56.6654,90.2620,84.7218,74.3207,59.7136,40.1425,27.2150,29.5975,11.8389,32.7551,50.8306,44.6078,24.8639,39.5119,50.4369,57.5622,61.0863,54.1538,38.2231,36.5781,56.0933,68.3030,63.7522,41.7470,26.8909
42658.1000,40572.5000,27667.3000,22443.5000,21140.7000,18667.4000,15497.4000,11598.3000,8887.5300,8291.1100,7289.4300,5440.7300,5595.0000,5508.7000,4532.6600,4573.7900,4191.2700,3268.3300,2927.1600,2382.5100,1960.2000,1762.0200,1588.4300,1257.7800,1149.9100,1021.9000,788.4310,616.1470,493.5090,327.5280,185.3770,205.5820,230.5280,228.8100,206.4120,120.9170,63.3414,36.5966,69.0652,110.2580,136.0620,140.7660,159.5750,257.3680,314.2300,326.2830,322.6100,297.8410,289.5020,368.0590,498.4270,514.0930,392.9380,324.0290,333.5670,423.8590,626.7710,723.7550,668.2880,536.9490,464.4240,479.6320,494.0570,499.9510,426.3600,377.5210,452.5990,523.9640,556.8040,594.8760,621.7790,583.2110,470.4500,372.5410,229.2880,111.0760,78.2459,131.2120,278.7030,370.9040,479.2890,604.6150,759.1640,993.8050,1253.2500,1374.1400,1253.5000,1051.5700,735.1770,490.0870,465.5520,494.9270,448.2570,400.6190,343.3270,253.6220,251.4430,284.2120,280.9450,224.5350,178.1710,167.7870,217.5000,298.9520,358.4500,372.8410,380.6680,331.0840,242.3690,152.2910,67.7744,137.7570,113.3640,109.9010,74.3059,195.6380,254.3090,283.1750,277.0240,269.3260,203.0750,197.9540,228.3900,173.3770,91.2129,72.6068,86.1426,79.5849,64.2183,62.5633,86.3162,114.3540,158.0900,163.0910,144.5160,164.2760,122.9660,66.1848,55.1373,61.2954,109.2060,109.6350,112.0760,105.6210,87.1140,68.5381,69.1176,115.7580,172.5750,199.7070,268.6090,298.1520,290.8110,252.1760,226.1360,175.9350,105.1820,81.4942,97.5698,72.5619,112.0380,91.8736,111.6630,85.1517,25.7497,29.3397,69.9910,58.9900,55.4685,94.1102,123.0610,139.2530,168.0780,209.8770,203.8380,167.0700,167.7010,149.7300,127.6110,102.5940,115.8460,80.2745,167.5040,200.4650,210.5750,246.0470,283.1730,313.3420,300.1430,255.5010,199.2330,171.0770,175.2910,191.6250,207.8840,200.3240,207.9880,205.3280,172.3430,142.6020,109.5320,61.5891,31.7449,86.2501,95.1118,87.6506,89.7865,143.0980,214.2410,272.6870,223.4180,157.9520,98.9189,34.0843,83.5715,120.6420,130.9890,131.1590,60.2625,30.7280,55.1239,75.7388,54.0750,37.5492,31.8971,29.6999,30.8393,29.6512,27.4981,37.0895,55.0469,115.0990,195.9250,195.8810,243.6540,233.5710,168.2950,127.0840,93.5018,61.3309,45.0232,51.8297,56.3055,53.7451,38.7035,13.4630,28.2450,55.9286,73.5231,64.5811,61.3428,57.4636,49.7068,34.1568,17.3587,23.0553,40.3966,44.5657,34.6555,21.3747,100.7370,151.3800,198.7220,194.2470,182.0220,178.5570,164.3280,155.3190,132.9560,100.3020,77.8700,84.1608,53.7280,25.7481,34.5242,55.5772,62.5441,83.9535,81.8803,70.7464,55.4778,48.2498,35.4003,24.4922,32.6161,42.7217,41.2051,34.2194,34.1803,44.0053,43.6051,39.2291,34.2680,39.8384,48.4166,64.9654,77.6747,60.4647,39.9790,21.0088
43492.8000,41009.0000,27720.4000,22391.6000,21065.6000,18579.1000,15344.8000,11544.3000,8875.3600,8269.9800,7305.2000,5418.1600,5579.8500,5539.6100,4494.3500,4489.1900,4138.6900,3243.6800,2877.0800,2310.5000,1901.3100,1674.5900,1507.1600,1185.9400,1083.9400,957.2360,716.8900,556.2200,446.3650,286.7590,150.3330,177.6920,205.3340,189.5820,151.9390,63.0239,25.0483,37.5527,48.9951,96.3159,115.0020,136.0960,136.1250,198.4280,269.5110,308.1830,321.2640,289.5290,268.9150,340.9510,457.9250,483.9880,372.6800,307.4840,298.6970,387.0380,625.2670,726.1810,666.6420,533.9470,463.7940,479.7130,492.1330,511.8070,434.0320,372.5000,446.5480,517.2630,547.5220,581.4800,610.0890,559.1070,444.9860,351.4900,226.5330,131.5880,93.1411,159.6000,297.4950,389.9040,493.3620,610.7080,767.0590,1016.8800,1285.7900,1388.8800,1265.8500,1066.4400,767.1420,521.6430,491.6040,512.6740,471.6940,432.7900,364.7320,255.1760,250.4560,295.5230,283.2350,229.8010,171.9880,159.4990,203.5330,288.6600,354.9290,358.5040,365.8280,318.4430,236.4790,152.0750,88.4527,137.4550,108.1230,73.3244,57.2700,189.4860,252.8290,290.7140,286.4270,271.0200,190.7940,182.0180,218.1840,173.8960,99.2309,65.5022,73.6664,81.8825,76.4272,66.8146,79.7981,110.1340,157.4850,162.0870,142.0090,157.1100,120.9960,54.9609,44.3911,84.7443,128.7790,119.0450,117.6150,96.1775,86.8888,74.1627,72.4250,110.0190,157.9140,194.5540,273.2410,315.9870,308.6880,267.8540,236.4970,179.1700,107.4780,91.2176,96.8049,64.5577,86.5756,79.1215,99.2269,84.1465,25.1344,36.1136,79.6513,60.7034,66.1533,103.4930,127.9250,146.1660,174.2990,200.0940,202.5840,180.7960,208.7660,202.1250,143.3330,104.1910,90.2465,62.9530,152.7090,197.3860,211.5280,246.1390,290.7690,347.3260,321.5830,243.8290,177.7990,158.3950,178.1610,189.2710,199.1800,198.2070,210.4420,219.2510,181.5970,146.9100,112.5670,73.3470,34.3879,76.4412,88.2754,76.1720,80.6910,140.6230,211.9280,253.5080,203.8360,143.6990,100.0040,45.8425,114.6930,136.0540,141.2260,134.3710,80.3075,31.0655,61.9528,94.6920,54.2938,37.0096,53.8120,47.2136,27.9705,16.0201,29.9122,55.5758,69.3530,114.2390,185.6410,179.0100,219.5650,215.4870,157.8340,117.9440,76.2343,37.1886,49.8534,75.3889,67.8248,60.0693,45.1324,8.6953,43.0590,60.1089,79.2659,64.0438,56.4282,55.5370,48.9459,38.8870,24.7192,37.2507,50.2146,49.8203,33.9507,16.5788,87.6266,144.0170,195.2240,204.3730,207.6710,203.0390,171.7250,157.0520,131.5170,115.7830,94.9266,88.8451,59.4629,29.9836,40.3713,57.5226,68.2105,78.2636,76.4631,66.3772,47.5982,41.6030,27.5053,23.2040,23.3122,40.9267,21.9365,12.5172,30.6351,45.1926,48.5886,49.5154,47.4376,57.3435,70.5288,82.9114,84.5659,79.5404,59.9408,37.7746
42444.0000,40113.3000,27087.0000,21962.7000,20697.9000,18264.3000,15177.9000,11430.4000,8671.1200,8102.5700,7172.2100,5248.2600,5424.9900,5391.6900,4362.2500,4425.3600,4075.0500,3164.3900,2819.5700,2296.3100,1880.4200,1699.1600,1551.7400,1237.8700,1150.5600,1024.5900,777.0560,617.7570,506.5640,321.1350,205.9570,246.4140,275.5970,241.9250,191.8250,94.1320,61.1173,87.9109,106.3450,141.7260,151.0980,155.8050,177.6590,258.1120,322.7660,345.0140,341.8020,309.6180,273.4090,339.9930,463.8810,483.7410,376.7010,300.3600,281.3650,384.5360,611.1410,692.4340,628.6040,493.6250,429.0910,467.4840,490.7500,503.9840,422.6260,370.7600,455.3600,522.6310,550.7650,587.0010,622.1230,599.3400,494.8200,409.0100,274.7990,131.9420,83.6403,101.2600,242.1800,337.2500,441.8710,566.0240,718.9830,969.0160,1249.0500,1375.3100,1257.2400,1066.6200,736.1080,503.1930,470.3400,461.9870,427.9200,396.9420,316.4400,219.2980,224.0850,270.9520,274.6630,222.1200,167.9670,164.0130,217.7160,293.8510,363.2920,376.9730,381.1310,338.8680,264.2650,195.3520,107.9960,156.6310,105.2040,86.0752,82.6010,221.4520,278.6810,299.0640,283.0270,275.3900,212.3280,204.6080,225.9450,167.5610,83.0789,62.7815,88.7125,88.6418,82.6073,85.6948,90.0789,110.1720,143.3780,169.6870,134.1580,146.7930,93.3254,32.0123,24.4805,89.1347,141.6320,135.1180,130.7130,115.6630,95.2064,66.7290,60.5279,103.9090,155.3440,194.8470,257.2290,288.0360,297.1870,264.2300,238.4900,185.0270,110.1110,80.7445,97.1362,70.9095,93.0708,79.2201,87.6090,84.4264,29.8550,30.9888,78.4857,75.8449,61.0696,91.4668,135.2450,159.9250,196.0030,217.6850,209.1260,176.3800,190.1670,170.6310,122.0820,92.0383,97.6902,82.7700,168.8760,187.0020,201.2630,228.0700,276.2770,326.2900,299.9050,240.2020,184.4030,167.0450,169.2350,179.6830,202.5020,218.7090,226.9830,227.7930,202.8580,161.6070,124.3880,65.6347,24.0552,60.7488,68.3968,62.9255,74.0214,137.4790,211.9520,266.1250,211.4620,148.5760,105.0370,52.4982,100.5720,122.7050,131.6650,134.1530,71.0204,41.6790,61.4800,91.7186,52.0409,24.7862,17.0610,21.2966,34.1302,42.3587,42.6277,49.1910,53.4322,88.8710,156.3120,162.0760,210.7060,223.0380,172.3550,138.8000,99.2324,55.8689,51.3779,66.5783,63.8968,58.0253,36.6761,9.7288,27.2365,49.8718,74.4155,60.3736,44.2537,53.9118,50.1868,38.6617,47.1750,52.5368,49.5448,41.8687,39.9689,30.4197,114.7680,160.2860,202.9720,207.6050,213.1970,204.1370,181.9460,159.6810,135.2570,121.8120,111.4140,97.0017,56.1318,24.8707,35.4676,62.9574,88.1619,89.1526,77.7985,68.5264,62.6071,40.3034,13.4237,23.5519,35.7322,42.6618,49.0859,27.5765,12.0137,23.0566,34.4367,37.9457,30.5501,28.4969,44.6853,58.7840,67.6304,51.2853,23.6827,11.9150
42401.2000,40390.9000,27501.8000,22315.1000,21064.3000,18603.0000,15451.4000,11555.0000,8838.6100,8273.2200,7251.5200,5366.7300,5549.3100,5477.2500,4464.6900,4505.9000,4135.4700,3209.6700,2863.4400,2324.5500,1886.7200,1711.0900,1548.2200,1232.2700,1147.4700,1038.3700,801.8460,627.6470,510.3320,328.3360,220.3450,240.7310,272.3060,245.2930,201.7960,123.0970,71.4382,66.6013,103.9110,146.3760,150.5810,153.6300,168.0300,254.4320,321.0010,338.6080,331.4590,291.4150,257.3300,319.4260,442.6650,475.0140,381.1670,312.4170,309.2360,398.5910,613.9140,706.2590,639.5790,498.3640,443.6260,486.9930,497.1240,505.6860,433.5620,372.2680,460.4360,543.4930,558.2210,582.1120,604.2860,579.9930,469.0170,381.2460,255.5790,152.4180,113.7420,132.0870,273.6540,370.2370,469.4720,585.7580,743.1750,987.2560,1234.9000,1329.9800,1222.7100,1042.4700,730.3470,461.8510,438.9370,470.3840,415.0100,389.7570,329.1350,217.1310,219.6440,261.3970,262.8600,215.2070,167.5670,142.5900,201.1400,294.0160,349.4630,358.8770,369.2080,316.7230,235.6720,162.2550,120.0720,153.9230,96.7371,70.2031,85.1499,204.2050,281.4270,313.7870,299.6170,287.3290,228.9140,216.6260,226.4510,184.4030,103.9740,59.5517,76.0302,82.7647,67.5422,54.4172,74.8832,106.9060,159.6250,169.8600,154.2160,167.8380,129.6850,66.7588,29.6019,68.1589,120.8710,121.0990,127.9750,127.8030,128.0230,105.1080,100.0680,133.2600,187.5180,197.1920,265.8620,281.8380,288.6820,258.5270,226.0050,163.5220,102.1290,86.8496,94.1180,66.7608,69.4060,50.5792,75.1770,54.3398,18.8444,23.6802,53.5002,55.5797,47.6043,74.6970,111.4540,135.7010,172.0490,213.0430,212.9360,193.2300,203.2710,193.7850,151.1370,104.2950,84.9546,65.0401,147.1400,190.9240,222.7920,255.5290,288.4660,315.3020,301.4570,250.9480,195.6290,163.0670,164.8510,175.8820,192.3380,196.8750,207.8350,216.3500,186.9410,149.1900,114.3020,66.6285,22.5665,66.0760,81.5266,74.7803,58.5373,108.0870,180.3150,242.1300,199.5760,137.1190,102.2780,60.3529,105.5470,132.6810,136.6470,143.7390,83.0702,34.3195,63.9958,94.9964,47.9748,22.8591,29.1077,19.9538,9.7915,24.4605,20.7764,55.0804,67.2888,132.4040,182.8940,187.9310,229.8650,233.6970,155.7420,114.9120,68.4257,40.1574,49.5445,64.9459,64.5961,62.8779,42.3139,12.1543,27.2854,47.6611,57.5860,57.6805,56.9405,54.7762,53.8516,47.9734,38.5678,35.5473,34.8765,22.6337,12.9405,24.3034,101.7240,146.6200,199.8200,207.5780,193.0160,192.7900,173.1410,145.1250,103.7480,85.1253,83.9423,79.1037,47.4268,21.1591,35.2246,67.8937,74.7573,77.8697,71.5379,61.5726,46.4821,29.7583,12.5854,5.0508,19.4265,35.6726,50.0887,33.0695,27.8596,54.9086,57.3476,44.8070,40.6859,43.8642,48.7932,58.4727,60.7214,47.5330,37.2109,29.4398
43344.5000,40981.5000,27753.3000,22387.1000,21032.9000,18564.8000,15324.4000,11514.2000,8811.2600,8204.8900,7242.9700,5370.2500,5536.7700,5495.8300,4473.3400,4477.1000,4114.3900,3235.9400,2864.0900,2295.4500,1913.7700,1704.7000,1573.2400,1236.8400,1104.6200,987.0440,744.7940,592.3460,474.7660,325.7790,152.7760,166.9660,207.3920,201.3300,166.8440,78.1838,32.2956,47.7125,65.3643,85.8197,104.4460,125.4280,154.2440,236.9950,306.7730,350.0480,365.5800,323.0200,295.2110,357.6010,481.5110,518.8120,405.6130,325.4310,321.0220,404.1940,604.5230,690.9540,641.1730,510.5560,441.4470,466.5740,481.4090,492.5000,437.7750,383.9620,445.0680,525.7470,555.3700,587.4270,608.7130,579.6370,476.5340,392.8080,260.9930,152.4550,123.5610,142.1980,276.9660,361.4530,458.9220,571.6930,706.1360,935.9560,1200.9300,1296.9300,1174.4400,987.1240,692.2080,466.3770,443.2630,457.6720,421.4570,393.7170,311.8150,205.9120,222.4970,264.0920,255.9710,210.6680,167.3090,137.8490,170.5490,269.6520,341.7420,350.0140,368.3920,312.4510,234.6780,136.0340,98.7754,126.4320,89.8069,105.3470,106.1070,230.7830,278.9610,301.4700,289.3210,271.5110,199.5920,198.5150,227.1320,175.9090,96.1129,56.0502,75.1226,91.5808,73.8717,60.4286,81.1134,109.1210,151.3210,165.8870,139.7090,153.6940,99.8761,43.4147,20.3579,69.5438,128.9220,128.1640,127.5430,108.9030,96.1711,75.2129,69.2140,103.5190,158.8930,194.0020,265.2660,283.0150,281.4700,253.1690,227.2950,176.6540,118.7640,92.2133,83.4984,50.8599,59.3647,51.2003,74.8442,65.7432,22.3045,24.4734,58.1882,46.7842,45.1372,93.6648,125.0840,139.0140,157.5690,179.9310,181.3500,155.5920,174.9530,173.8140,121.2480,99.8019,84.3674,81.7002,160.7040,210.2970,210.3550,242.2590,279.0200,323.1190,292.8900,235.9860,184.4090,170.6700,180.6820,178.4200,175.3940,206.7050,245.0320,231.7820,204.7850,186.2370,142.8470,77.9121,43.7535,70.3317,83.0675,67.4590,71.6322,114.3330,173.6530,224.9920,189.3310,141.8130,105.6780,86.1214,125.9510,134.9600,131.4900,120.0690,74.3693,46.5092,67.4992,89.5240,79.3823,48.3127,33.5808,37.9852,31.5202,28.6118,34.0278,56.3234,65.2172,126.8910,197.6950,196.5450,238.7960,238.4610,186.3420,143.5160,105.5960,53.0166,52.0548,73.0734,65.1474,61.3394,34.7043,15.1291,36.6390,62.1361,78.6809,67.3299,57.2407,59.9927,56.7059,55.4816,50.1907,40.4717,34.7080,39.2118,38.4094,49.8281,109.4270,141.0750,177.9060,176.7490,172.6260,170.3790,148.4380,131.6060,108.4930,96.4121,66.1991,55.1230,44.5897,18.7431,25.2702,56.0323,79.2023,88.2505,74.3217,55.8928,36.4562,43.3134,25.3312,35.6584,26.4558,26.7551,22.5203,23.5253,39.4200,56.5042,47.5165,38.0808,36.3777,41.8165,57.7924,72.4833,81.1627,58.2374,36.9753,18.1901
42658.2000,40257.5000,27150.8000,21983.2000,20667.7000,18225.3000,15153.6000,11441.1000,8672.3400,8065.8000,7168.9000,5280.1900,5467.3000,5456.5300,4413.7000,4449.6000,4101.7200,3203.1400,2855.0500,2315.8600,1913.9800,1720.9900,1576.9300,1240.8700,1130.5200,1023.3900,775.7650,609.7270,514.5450,368.6760,198.0220,212.3130,264.9850,261.0340,208.3490,125.2780,84.5005,87.9566,101.0110,127.1040,161.2790,181.4950,201.6770,300.1110,368.3680,379.9940,379.8500,330.7020,294.0080,361.6420,485.8040,497.7940,375.7190,313.0250,311.0060,393.0750,606.1400,708.4480,645.4810,509.1830,418.4370,445.9830,473.4970,486.4580,403.9230,351.8900,438.8160,504.0120,523.9920,555.5800,589.8900,567.6000,470.1010,389.0470,257.2770,148.2600,112.8910,158.9920,288.3130,369.8890,457.9720,566.1600,703.7150,942.1860,1188.6100,1288.1000,1183.0800,1006.0200,690.0900,446.6530,433.2300,438.8930,390.7780,379.6580,308.8660,196.4070,213.5550,263.1280,251.7160,199.5700,160.7940,145.0850,183.0130,275.9660,344.2800,352.7910,367.1010,310.8380,233.5300,139.4710,117.3860,136.8930,97.5921,76.8165,74.4915,198.4400,269.3700,295.7570,275.6530,254.4140,190.0750,192.9860,215.1150,170.7080,89.9664,50.3779,84.1155,101.4600,77.8884,59.1098,79.6882,116.2310,165.8280,175.5730,168.4670,192.2440,145.6560,69.3907,26.5350,68.2755,108.7530,120.4410,137.7210,135.5650,98.9877,77.3670,74.6430,116.6280,163.2750,181.6370,244.9590,271.8100,279.1110,246.2780,221.0100,166.8070,117.8320,96.7626,82.8193,64.2342,73.8119,69.0599,86.6658,72.1096,40.6701,28.1583,59.9362,45.5395,55.9356,80.2536,97.6484,120.3540,161.5870,208.3510,188.0870,174.4180,185.3640,178.0810,134.6980,103.2200,96.3188,71.1983,161.6960,200.2060,211.2950,232.7060,272.3320,323.5870,304.9620,254.2370,202.0570,196.0110,194.1960,191.1540,196.6590,193.9720,215.1740,225.7740,195.4970,152.7560,120.9430,72.0076,33.8448,51.7172,69.5837,70.4372,68.8840,109.7010,178.4490,241.9510,205.4320,156.0810,115.1680,59.7358,99.0345,117.7050,124.8190,126.8520,65.4252,39.0734,82.5543,98.8215,53.3799,45.3503,55.6313,45.7012,36.9855,39.7648,48.3766,74.9111,71.8101,113.9020,165.0550,178.0460,219.6040,236.6680,164.3910,114.8300,68.4625,37.3814,40.6110,53.0600,47.4678,49.4122,38.4340,19.3071,37.2774,39.9119,56.5739,41.0523,29.9379,45.4149,50.0317,38.2397,27.6807,30.7230,48.1061,53.0604,44.5379,35.5148,112.6870,160.6990,199.9780,210.7300,209.9540,193.6040,173.5070,156.5980,126.5320,89.5196,71.4217,67.2807,40.7766,13.6136,22.9742,55.1006,88.5445,97.3330,88.9801,84.3705,77.2550,60.1618,21.6661,16.6125,17.9369,20.4324,22.2846,38.3427,51.1885,45.5523,49.0871,54.8056,43.0364,42.3344,62.2079,79.1570,83.8967,68.2785,52.4964,37.5930
