70219.1000,56458.5000,33603.2000,34945.5000,42367.0000,33341.7000,23687.8000,20023.7000,17764.4000,13804.0000,11129.7000,9231.2500,8913.0700,8398.0400,7164.3300,7447.7600,6963.9700,5194.8700,4871.2500,4652.5000,4019.5100,3088.8400,2642.2000,2120.6000,1635.0700,1481.6900,1310.3600,1295.8500,1275.8600,1040.4700,814.0350,681.5590,545.4270,374.7930,320.9800,316.0620,233.7930,114.2380,85.8913,164.1870,171.1470,140.4810,120.4070,117.5760,116.5910,130.1890,170.1900,193.9320,176.4790,207.9830,247.7080,284.9420,327.3010,436.5730,574.7290,570.9800,554.4960,466.7540,345.9020,255.4970,187.4730,201.9980,335.8730,422.4670,424.9590,417.1660,302.3420,198.1720,178.1300,156.2450,109.4710,58.9890,22.0259,38.3493,106.1680,162.8170,209.2320,241.1030,219.9230,175.0030,133.3990,86.8390,53.7390,52.8621,54.4655,34.8456,24.3862,30.4892,43.8900,66.9567,92.4470,126.9270,160.7620,189.9910,251.5040,301.9540,351.5010,296.2770,167.6880,106.5420,123.6630,118.6240,99.1860,69.6754,66.3990,47.6957,32.7007,51.8289,67.1352,82.2566,92.7769,99.0667,98.3559,90.4729,84.1532,84.7724,99.3746,122.1440,130.6550,123.4560,115.1300,81.4651,46.1353,17.2501,20.0091,16.0167,35.1920,88.5368,91.3610,100.0750,47.0428,55.2779,125.3450,141.1110,144.2530,144.8900,126.7910,83.8949,70.1249,50.9840,44.2038,57.3225,68.2494,48.2419,23.1762,10.9091,37.9880,70.2321,75.4017,60.7774,53.5679,54.7871,59.4551,46.0941,39.7178,34.3951,15.5984,7.6516,37.4585,35.0796,27.3262,14.0279,19.6883,27.0276,4.6582,33.9626,52.7434,71.4680,57.1058,47.0748,45.4752,33.2842,24.0864,40.0336,48.6258,54.0862,48.1874,34.5914,19.0106,21.0192,39.5406,43.5289,32.4001,33.7121,27.8556,55.8262,83.4297,84.5610,96.4359,98.1180,86.4275,79.7246,69.6678,67.1373,34.2962,37.5807,34.4889,41.9951,59.4450,69.8611,71.9939,43.4264,16.5777,28.4200,48.7456,50.0777,41.6360,34.7061,25.8735,23.1922,23.6528,67.0099,77.3929,91.1996,88.1759,46.3551,21.1110,28.4614,47.9948,58.7800,73.3435,68.9572,42.3415,26.3754,19.6069,14.5143,21.5852,40.1854,53.0131,50.6558,43.5299,39.9894,49.2234,58.4774,55.4790,47.6903,41.6111,25.5806,12.1657,20.4468,22.6139,10.2003,20.3385,37.1692,34.4716,34.4648,24.8089,13.9349,18.5741,33.4503,49.4280,38.2311,29.3740,22.6663,25.9445,30.0521,29.2269,30.8379,36.4456,38.1346,34.9766,40.2577,33.1494,31.6063,34.8410,42.2397,44.3392,40.8831,38.1789,34.9616,28.3900,32.5543,35.1313,32.1953,30.3071,29.0610,38.3593,45.6390,49.9113,52.1966,30.8032,17.1399,16.2949,12.3208,14.6413,24.2230,24.5419,21.1397,22.8144,24.1143,8.8761,11.0930,24.9323,21.9682,21.2477,18.9883,14.5215,12.4394,15.5101,18.0570
70383.4000,56406.8000,33508.5000,34688.0000,42405.0000,33679.6000,23908.5000,20291.2000,18185.3000,14252.1000,11344.7000,9368.2800,9058.7400,8419.3900,7240.2300,7583.2000,7038.1500,5254.3800,4813.8800,4508.3800,3911.2300,3073.7300,2638.2000,2135.0200,1617.4700,1420.8000,1277.7000,1284.4400,1233.0700,979.7840,766.6330,616.9670,481.1880,316.7730,283.9020,287.8320,200.0380,88.7758,92.1334,200.9310,198.3610,136.6030,131.5190,151.5040,142.8500,138.4010,178.1030,205.9040,175.6710,199.1000,233.8570,277.9850,324.8670,452.4430,592.2140,598.9070,576.7650,487.4500,371.7330,261.9890,183.8150,213.3470,350.5370,434.6550,424.1470,402.4940,294.0180,199.6080,181.1310,156.0070,106.1840,88.6336,78.7575,62.2309,91.9100,154.8090,204.3810,243.4840,248.5530,205.9270,150.5320,106.7530,77.1421,78.2650,77.7790,61.9633,44.6207,58.9757,76.5032,64.2897,77.6842,127.8780,164.1090,201.6860,275.2080,333.2970,380.8130,314.9350,187.4140,125.4510,138.4400,136.3660,113.4440,78.2907,50.5590,32.4833,37.5374,60.3438,54.7357,54.2507,46.9102,79.8618,105.1520,75.7889,64.6107,80.6035,104.3610,123.0610,135.2820,115.2980,90.6441,75.7802,42.6609,20.1914,31.9891,20.0224,29.4343,87.1426,94.6071,111.4510,61.7385,50.2001,120.0050,145.4600,126.6890,121.7280,105.2290,67.6646,67.2400,59.7047,55.5105,61.9919,61.8540,33.3766,26.9035,39.4222,72.0888,70.7317,60.9801,67.0325,78.2759,83.0848,79.0574,63.1701,57.6029,40.5160,46.4608,33.8470,45.4119,33.3962,14.6564,17.7443,29.2937,23.5287,16.7044,35.9168,55.3235,72.6520,59.2061,54.6577,48.2425,32.3995,25.9373,37.1595,47.7293,55.1045,45.7912,26.9300,21.1696,13.9962,12.6451,15.1467,9.9639,24.7129,30.8939,48.1053,85.9238,86.9427,94.2437,88.0663,74.6546,82.5857,83.1749,92.3356,62.4766,38.9281,32.4077,33.5103,45.4913,50.8275,49.9168,34.5783,19.7963,30.4282,45.8833,37.1052,31.1925,32.6707,19.9647,10.0602,26.1375,58.2198,85.7949,92.1641,93.0635,32.6732,14.4529,35.6206,44.0571,51.5640,71.1819,72.9750,54.8369,46.9372,33.3363,22.0255,14.0311,13.5487,26.3325,33.7631,27.3300,18.2030,20.6106,32.4497,42.1800,44.8450,30.4970,19.4645,12.9932,11.8529,13.2831,14.0712,14.7859,14.6121,11.4116,10.2272,16.5867,19.3385,30.1407,37.6336,32.4217,26.9720,24.8035,20.0589,23.3823,39.9431,57.9334,58.6227,52.2753,58.6629,56.6789,54.2282,38.8943,24.7741,26.3282,27.1050,18.2019,16.8546,36.8097,58.8743,59.2004,31.5408,27.4778,42.1249,45.9619,47.0986,48.6062,33.6888,23.6764,7.3028,7.3403,13.4238,26.5315,14.8553,11.5173,8.6269,5.1926,3.3246,7.1850,17.3360,13.3231,15.9302,7.7887,4.3577,10.2643,12.3832,16.4138,4.0720,10.2747,7.7039
70831.9000,56668.0000,33913.8000,35500.8000,43155.8000,34163.5000,24405.4000,20620.9000,18227.1000,14358.6000,11255.3000,9188.5900,8806.5200,8197.6400,7181.8800,7552.4200,7005.9900,5224.0700,4584.4000,4218.9500,3782.5700,2931.5900,2623.7200,2081.8200,1602.9100,1377.6400,1159.3800,1181.9000,1193.4000,1007.4600,768.5820,636.6360,502.0490,317.8890,244.3890,267.4470,218.4880,126.2930,67.1348,127.3800,115.2390,78.1751,64.1138,66.7970,61.2136,73.3783,115.4900,142.3510,135.5020,170.2170,232.2030,300.0120,362.8300,475.4360,611.1820,626.0100,605.3550,523.8170,378.6670,237.5750,163.8150,192.5130,319.8860,426.9930,423.7030,405.9030,293.0000,214.6900,217.6330,199.4960,153.0190,113.1850,87.1655,85.3575,107.9100,146.1260,206.6470,264.0750,278.0060,244.7420,200.6840,150.0210,125.5080,116.7520,109.8800,88.8660,77.2669,83.4168,87.0208,96.1937,114.8790,148.7860,190.7380,230.9950,288.5090,339.2870,380.3330,329.2620,207.0140,140.8750,154.2740,149.4890,124.4100,85.5268,50.4389,19.3720,32.6486,62.3091,57.3571,63.7286,69.1486,80.7122,89.5433,86.3720,81.9572,99.3879,119.9920,139.7760,135.9320,113.4720,103.8810,89.4567,51.7168,33.6643,44.6480,29.6256,37.5945,100.5990,113.5030,125.8750,84.7491,68.7064,116.9860,136.2300,111.9990,105.9730,80.8627,39.7152,46.7954,54.2428,66.2670,78.7341,74.2663,45.2656,17.9190,32.5813,73.6883,79.3213,61.2077,50.6221,58.9539,68.4628,64.8209,47.8206,50.2616,43.0554,36.7796,18.7521,26.6365,10.2618,8.4421,26.7633,26.5430,34.6783,9.0894,15.6226,25.1948,37.3575,36.3346,31.6924,37.9760,36.9531,28.4205,39.0077,51.9150,62.4278,51.0820,41.2218,30.4639,19.0315,10.4490,12.3324,19.1613,26.5839,31.5318,47.7356,81.9474,92.8600,103.4260,103.5440,69.6649,76.2854,82.0740,104.1710,76.6414,52.3489,44.2062,50.5002,58.4084,55.1807,44.0165,25.9837,23.5979,35.2920,49.8026,46.3045,34.1959,24.5213,10.0925,14.5339,46.8635,85.5172,100.1210,96.3180,86.5102,40.7403,21.3023,40.7009,53.0613,56.6454,65.6385,68.2503,53.3930,45.9774,29.4931,18.1343,11.0118,23.0904,40.0746,41.5369,34.4598,39.9444,46.0307,48.2212,49.5076,50.4445,46.5010,44.6096,35.9566,27.4498,20.3656,18.3956,15.8123,20.2679,23.3906,13.8095,18.1878,15.0755,26.3516,35.5805,32.6873,28.9139,11.2915,6.3680,14.9006,22.8920,28.5966,24.0199,35.7303,50.9477,40.6158,30.8210,9.1328,6.7600,5.3612,14.9393,18.9205,21.4983,22.0914,23.4513,25.9151,30.6568,35.6493,35.0530,36.5643,35.9184,36.5028,38.7835,45.9150,46.3234,44.1860,45.1219,40.2442,30.4958,16.5320,26.2438,40.7700,44.1426,35.4106,34.0941,29.9911,22.3469,16.3097,17.6231,16.9840,12.3878,15.1811,15.5613,12.1831,19.9916
70325.8000,56558.2000,33824.4000,35178.1000,42600.5000,33722.9000,24322.6000,20600.7000,18064.7000,14388.9000,11221.4000,8924.5400,8450.7800,7928.8600,6984.4900,7369.0200,6887.3400,5096.7200,4313.0500,3984.5200,3673.1500,2914.8200,2619.2200,2115.2200,1660.7400,1400.3900,1162.7200,1204.6400,1205.9400,1024.5200,780.9200,691.1950,573.7330,388.8700,329.0950,347.3320,284.8680,176.2370,71.2397,91.5594,128.2930,121.8270,93.5085,80.4608,71.5196,68.5100,126.6800,179.2440,167.3530,194.3220,260.3960,318.4570,366.4410,493.5270,656.1690,634.3130,603.0310,495.1480,346.4290,227.8080,134.8160,154.3030,299.5600,409.5970,420.8640,405.6440,315.2150,235.6740,237.9190,217.8680,152.7960,126.9280,122.9490,115.5490,117.3050,143.6860,196.3640,246.3790,277.0110,255.5820,211.4860,166.9920,136.7170,103.1520,83.6059,73.9436,68.9195,81.2382,82.5991,92.7630,130.3320,160.8030,184.4540,220.4600,270.9540,321.7040,363.2440,308.8030,177.1080,126.7360,167.6350,159.0230,127.3290,88.1479,66.1352,36.7634,25.0612,45.4851,57.0804,53.9630,57.6099,65.5244,75.6731,81.2464,84.4976,98.2613,119.3570,133.9470,130.8750,97.8292,91.0357,92.5972,63.3638,33.9356,32.9770,28.0852,12.3597,77.9235,96.5649,134.5470,80.0402,63.0084,116.1780,131.8870,129.1610,126.0130,111.6310,60.2880,38.9433,39.0661,64.7061,79.6901,88.2235,70.4998,47.4753,15.7461,61.8341,59.4160,42.5977,25.3444,20.3786,30.1185,34.4327,27.9009,15.9579,9.2739,7.0681,20.7181,41.2012,49.1375,30.7788,25.5927,38.1150,40.3040,28.9166,20.1663,42.6830,70.5091,69.3881,51.6728,44.0187,43.4896,52.2987,71.5930,77.9959,75.8518,55.5921,49.7836,48.5116,37.0135,36.5465,35.2924,39.7637,35.5012,30.2593,35.1912,64.0375,76.6517,83.6043,91.9306,77.5610,87.7301,91.4243,106.7610,75.1922,46.4065,32.1441,30.0222,51.5130,49.0552,52.7216,25.0654,8.7223,15.9895,22.8287,30.7150,35.4508,18.3399,7.4119,11.0544,29.3231,67.2996,76.8542,68.4044,58.3859,19.7034,15.1769,14.8010,30.5870,36.0678,54.3267,69.0234,53.3976,53.1035,40.4825,21.2221,30.1391,31.4597,39.6595,49.7728,50.0381,44.7446,52.3367,53.4909,53.0283,55.2638,68.6902,54.6464,31.7368,18.0921,20.4675,34.0576,21.6862,19.7485,11.6554,11.8563,9.9360,10.5464,17.8177,17.2172,25.0981,19.8582,10.8571,13.0039,18.5613,26.0466,32.8042,27.8098,21.0562,33.3570,32.7460,35.0062,30.7902,29.0982,25.8051,27.0944,18.2132,20.8353,26.7782,35.2308,38.2857,20.5259,10.0803,17.4531,26.1231,40.1080,36.1846,35.1933,38.0854,42.3752,38.5839,26.5484,14.6443,11.8305,19.7988,23.0979,26.8740,36.4857,43.4309,42.4797,23.5595,15.1871,29.4600,34.8021,28.3055,23.5777,18.2827,14.6809,6.7763,5.8622
70240.6000,56440.4000,33620.7000,34664.8000,42418.3000,33979.3000,24646.9000,21022.9000,18585.5000,15111.7000,11539.8000,8925.5700,8274.2900,7700.8700,6763.8400,7203.8000,6755.4900,5010.8100,4162.0800,3833.2200,3634.1800,2962.4400,2701.3200,2220.0800,1780.4100,1464.0900,1166.0600,1210.5600,1221.1900,1042.7000,827.6330,722.3820,579.4330,384.7950,353.3920,377.7300,288.7550,166.1640,111.6040,156.5880,182.5010,161.9130,133.2630,114.6310,110.2310,105.1320,139.6740,178.1390,163.5280,185.6210,225.0960,268.7630,339.1980,471.4680,613.9020,614.8720,599.7610,523.1560,398.0930,281.0680,161.9440,119.8640,253.7460,398.0970,418.4280,396.7970,305.4890,222.4150,210.9090,189.6980,144.6980,110.3970,104.7410,113.2840,133.9290,169.9470,213.6940,270.1240,294.4190,259.7240,211.7780,181.2330,143.2300,111.4200,98.1965,94.7323,98.6187,108.6750,111.7630,112.5640,116.9620,144.1150,192.3350,232.9940,268.1840,325.9670,376.7170,323.0760,171.0310,101.2180,156.1830,157.0510,126.1840,85.3387,59.6772,42.8658,54.0357,90.2985,93.1737,78.0566,76.2190,78.2467,82.6844,87.3538,87.0681,104.7580,133.0040,145.7530,127.9290,91.4354,97.2745,98.8424,71.2643,47.4806,36.6153,25.4796,13.0879,71.3882,92.2219,109.8030,56.8677,47.5326,112.4640,125.3920,105.9140,89.3899,76.6202,24.7869,73.7398,82.2147,96.9641,104.5750,104.2820,74.8726,37.5002,34.9792,71.7214,77.1760,57.9358,24.5498,44.1610,58.4238,67.3376,53.9186,49.3476,31.6015,35.5900,20.3001,32.5181,18.3680,16.1573,33.3689,44.8430,43.2580,34.6379,18.0423,40.8776,66.4504,74.9831,51.9802,34.7590,27.7554,26.9633,41.0703,54.3257,64.7510,59.4162,43.9248,36.8210,31.2761,34.9136,37.4586,41.9736,44.9357,58.0179,51.7126,64.9868,64.8616,79.9952,96.7424,75.9628,76.8290,86.7696,106.4620,89.5607,58.0837,52.8156,47.7245,38.7109,36.9803,38.5800,25.3662,33.2764,31.0528,39.4634,38.2453,48.0336,34.2802,24.4884,18.2460,45.4873,70.4951,83.8462,82.7704,74.6770,27.1052,14.8828,26.5094,46.2952,44.0685,54.0111,51.0294,36.2676,37.9340,35.6057,34.4011,49.5245,48.9606,49.1699,47.3034,36.9650,44.5929,55.0704,58.4019,63.0993,70.7270,67.6652,35.6058,23.3015,28.9158,27.1652,27.3670,15.6455,18.4319,11.1090,25.5246,12.8136,11.0173,20.3705,39.6062,41.3905,25.9336,18.2771,10.2804,12.1683,21.6093,33.4365,20.4726,23.2742,39.0943,44.2816,53.4598,47.4637,33.2177,25.7720,13.0903,11.7516,9.4062,10.3991,7.9658,14.2065,22.2781,25.1278,28.3436,33.9924,57.2308,67.7117,64.2464,58.9986,49.8027,40.3410,25.4238,26.2459,24.7266,24.7478,13.5926,24.6219,25.7514,24.0276,26.9923,26.8433,24.0829,35.4331,51.5743,49.3326,42.4703,34.0610,31.9696,27.8469,10.3689
70991.2000,56923.8000,34223.0000,35630.8000,43442.3000,34858.5000,25465.1000,21687.2000,19045.9000,15684.8000,11842.1000,8995.9300,8173.1300,7651.2500,6778.1000,7190.2400,6810.4500,5164.2000,4208.8900,3933.3100,3683.7000,3120.4300,2804.3600,2329.5900,1877.9100,1517.7000,1218.3300,1236.8800,1206.2200,1063.6900,826.7940,743.2590,614.0240,419.2480,348.7630,363.1130,322.1820,210.2280,95.2008,86.8372,134.6470,129.9910,107.3890,85.8474,58.8900,44.4166,95.2594,137.3900,134.0040,164.2470,232.2920,300.3670,363.8440,480.0650,618.0270,628.4850,610.2000,529.0140,374.0260,259.7660,150.5960,88.8476,202.4200,353.2950,373.0190,353.0390,270.2790,208.4180,233.8430,231.8480,181.7110,133.3590,107.3550,85.9364,92.4342,155.7530,218.2940,280.3400,308.8850,262.3550,193.8400,137.2130,94.9049,86.2792,88.2216,83.5920,90.4757,113.2590,121.6580,107.4230,114.1290,161.9490,202.8560,237.8270,277.1050,337.0120,372.8090,297.2870,172.7200,113.5270,141.3350,147.0630,123.4160,106.5640,78.8811,52.6709,70.6417,113.4500,96.5891,86.8576,79.3934,97.5289,118.8920,100.6470,101.4300,143.9740,162.5080,164.2790,129.4300,102.8460,103.4670,90.8474,51.0208,35.4690,56.6712,40.7592,30.7852,95.4613,107.4960,116.5280,58.2077,52.7378,110.1560,132.5450,117.5340,104.9900,93.5780,43.2118,83.4209,75.4090,80.7193,81.8310,94.8872,71.3424,24.7330,32.9716,93.8547,88.4187,50.5027,31.2523,58.2599,65.6003,66.9418,54.8327,38.7416,18.0961,13.5776,30.1866,44.4707,33.8207,28.3243,52.7156,58.8710,56.1480,26.7678,29.1792,54.9862,70.7664,61.5429,55.1063,53.6462,48.5455,42.3933,55.6309,67.0335,73.9089,63.4787,57.5976,45.4535,25.1261,21.7723,23.5422,23.4311,16.8448,26.5286,37.3321,78.6590,81.9851,85.1735,84.5886,86.2026,91.4520,80.2910,82.5977,60.0019,44.2907,51.9288,62.9020,61.2105,60.4861,46.9312,35.8971,15.8795,20.4302,30.3127,36.2054,25.6070,20.2203,19.7425,18.5533,45.7982,68.4543,77.9233,81.8594,79.8410,34.2148,13.9115,25.3194,35.5870,41.9249,50.6670,61.4623,53.2096,41.9316,32.8955,9.8116,44.9231,53.8808,63.6149,63.8198,59.3650,48.4524,46.8210,68.7169,74.9860,76.8555,50.0324,27.7440,32.4369,24.8666,8.6406,8.1645,15.8339,26.5846,37.4833,26.5361,19.6264,7.3292,28.5654,42.3857,46.2544,47.2005,40.9037,32.6347,24.4875,21.3954,18.2484,18.7592,24.9411,25.8281,24.9751,26.5011,33.2331,28.3100,35.4737,26.1028,20.3401,14.1972,16.1447,25.3843,34.7200,34.9139,29.2178,26.7318,19.1324,23.7081,40.2321,40.2180,46.8612,25.5408,22.3091,24.2225,26.2044,21.2905,10.6524,8.2695,15.6093,21.3831,20.3373,15.5752,14.0831,17.6656,21.3324,38.4080,42.0529,28.6595,21.2973,24.8676,26.6701,13.7921
70709.9000,56890.1000,34185.5000,35645.1000,43193.2000,34386.9000,25168.5000,21471.0000,18779.6000,15427.2000,11713.1000,8873.7300,8001.7000,7547.4600,6672.9100,7107.0100,6792.0900,5132.4200,4228.3600,3932.4800,3718.9900,3105.9500,2815.5800,2315.2400,1844.0400,1506.9800,1192.3600,1196.0100,1174.0300,1027.5400,797.6150,708.3340,582.8810,393.2610,319.1270,322.0130,278.5620,170.4920,78.5079,119.8250,170.2950,146.6290,108.3650,87.8333,65.3943,63.6335,117.0390,154.5800,142.7680,169.4650,223.7850,279.3730,329.9440,451.8960,598.8540,605.1160,590.3320,520.8480,403.3430,288.2530,155.1670,85.7815,191.9800,338.7340,368.7110,351.8020,270.1740,213.4180,242.3210,227.0970,166.3340,117.3640,69.8471,60.0117,161.0570,227.4370,265.8490,298.2140,311.7480,262.9650,180.0640,105.0010,75.6027,82.0815,90.9849,89.2458,86.8317,104.4350,126.0610,121.4560,123.8250,152.2100,170.5550,208.7220,265.2290,331.3190,371.5580,291.5890,173.4470,118.3090,141.7370,152.1130,134.1170,111.4090,90.4566,63.9323,48.4798,86.3167,103.1480,89.3291,90.3033,102.7330,119.3750,97.0455,88.5938,101.0160,115.8480,117.0390,107.9660,91.5332,80.9849,72.3042,38.3023,31.6051,68.5772,56.5011,37.2558,67.7353,83.3155,100.0270,47.5196,53.0642,117.3200,127.4900,104.8300,100.1950,85.6087,38.8222,69.6053,63.7492,71.5242,74.6449,80.4076,58.1869,21.6309,31.4640,84.0912,83.9333,56.9318,52.0733,73.9565,80.0962,77.8550,67.5696,56.4403,31.4201,15.7439,38.4668,64.5584,48.9205,38.4139,57.4087,71.4314,70.8054,52.8621,34.0721,60.3392,89.6025,71.3372,60.8207,65.6882,50.0331,48.5993,82.1857,94.9641,101.3350,74.5294,46.7543,35.5451,34.2795,39.3256,35.0409,29.1045,22.5159,34.1625,39.3596,88.0006,88.8029,97.7521,92.5031,71.8812,72.7513,75.3100,94.3617,81.5499,59.5989,54.3581,42.7428,52.6241,55.7578,57.5177,36.9625,21.1944,27.7089,48.9091,45.3882,32.4186,18.2787,13.7956,17.7200,32.1041,53.7924,73.0596,73.2040,67.1319,39.4351,19.6618,16.9875,47.9167,55.7693,71.5937,60.3775,47.9703,37.4843,42.5234,26.3860,52.7497,46.1344,51.1657,62.8388,84.6298,66.3475,53.2577,60.1548,66.2264,66.5478,49.3087,24.2894,18.6741,32.3705,40.6707,52.5026,43.3192,42.2857,40.4504,23.1921,19.3434,43.4294,59.7758,56.3703,54.6165,49.2297,39.4832,27.4791,20.0210,27.5508,40.1095,39.9407,28.2814,22.9592,22.5915,21.2941,20.9482,15.5833,20.5459,22.7450,16.8004,15.9980,20.5798,27.9572,30.8081,24.9057,21.8583,21.1847,22.4588,27.3828,36.5704,32.8536,32.4351,20.3703,18.2776,24.0065,14.0566,10.8978,5.2152,12.1724,23.7954,26.9427,12.5836,22.6028,37.9844,35.5149,29.6102,25.3476,24.4987,10.5712,2.9638,3.3423,10.1301,10.8154
70037.7000,56311.8000,33478.3000,34526.4000,42252.0000,33812.9000,24604.6000,20990.7000,18497.3000,15101.9000,11499.5000,8754.9900,8021.7600,7499.9300,6549.3200,7025.0600,6700.9600,4990.0900,4148.6800,3825.8300,3629.6600,2963.4900,2709.9400,2202.3800,1748.6600,1475.1000,1196.1000,1219.3800,1215.3800,1023.7200,817.3460,708.6370,577.2370,378.6490,337.1060,367.7960,300.9560,184.3200,121.0010,187.5550,218.4580,180.8280,129.4640,107.2130,103.5080,102.8370,142.0550,175.5420,149.2770,158.4280,190.7730,226.7220,286.8590,403.5530,562.4410,583.4090,596.0090,535.7590,400.2710,280.0470,154.6010,80.8777,177.9470,349.3370,393.5670,388.2500,307.4650,237.7600,236.8360,203.7010,135.1490,82.8194,55.5910,118.4750,190.4680,217.3140,239.9430,251.2080,243.7320,173.1230,107.2500,65.8025,68.1070,73.7224,80.3472,96.6727,94.3753,97.1290,121.4650,132.9270,133.2390,158.0790,201.4700,246.3940,276.7910,331.0570,366.3680,315.8020,196.9790,129.2820,144.9120,147.3870,122.8360,96.8943,77.4234,64.6241,67.9389,96.3205,91.1094,86.6310,76.0723,76.2282,73.4046,76.6884,100.8330,124.3720,143.7310,145.2200,138.9480,122.7550,109.7950,74.2571,42.0863,60.1815,74.4421,45.1990,19.1162,65.8982,88.7289,89.9638,67.2929,81.6025,142.1850,140.9490,110.4790,99.3289,90.5143,47.8604,90.8212,79.9538,84.3219,81.8730,75.5734,43.4191,16.2141,25.8192,58.9257,74.6423,59.4288,51.7848,65.4132,70.8372,66.7888,54.0719,53.1928,26.0954,26.8510,24.4076,34.2564,22.5994,22.6112,44.1405,49.4239,40.5567,11.4954,30.5427,44.3836,53.4065,47.4977,34.4472,33.8892,42.4037,33.1725,33.9559,46.5330,56.6302,43.0013,22.4026,31.8686,32.1583,24.2893,26.3439,39.0061,56.5765,50.0811,59.5866,83.6385,80.6484,92.0827,72.1765,45.5782,63.5522,75.5065,104.4180,78.6093,64.0448,53.9628,50.0677,59.2628,56.4546,49.4313,33.2857,16.1122,31.3662,53.5988,59.1056,37.6503,22.6363,16.0201,15.8278,36.1198,76.4942,97.7100,105.7990,97.4618,34.4206,15.9445,39.0914,54.4459,67.2605,85.1232,99.1056,63.7901,53.0139,37.7521,24.6273,44.9737,46.6552,49.4771,40.2724,29.3230,44.4076,48.2625,43.4495,45.5822,48.4748,46.3160,37.0218,33.2977,34.6413,35.2960,42.8100,38.3710,30.2924,24.1859,10.7048,8.9635,16.1261,27.4991,40.0522,35.9950,34.1839,30.0219,20.9858,10.2945,19.5064,28.5980,31.5742,40.9028,49.9091,49.6920,56.0996,44.7509,32.8140,30.9010,31.4264,24.9913,25.9495,29.5924,35.7272,36.3526,29.1977,17.4783,14.9238,22.1753,30.9817,28.4518,18.6901,18.0358,23.3440,23.5291,20.7708,16.8418,16.3730,25.9070,22.0167,27.3238,16.0135,22.3480,8.2787,5.8544,17.1086,27.5030,30.9808,31.7103,31.4269,33.6122,34.6508,25.9031,19.5599
70473.2000,56400.5000,33620.6000,35060.3000,43003.7000,34405.6000,24941.6000,21164.3000,18617.8000,15152.3000,11463.9000,8793.9000,8086.4900,7477.2300,6607.2400,7103.6200,6692.3000,5022.8100,4256.4800,3913.6900,3692.2700,3014.9600,2731.0500,2235.0300,1771.7500,1452.0100,1183.9600,1221.8500,1199.9000,1030.9600,795.0580,687.8250,538.4840,378.7520,347.6210,354.5830,294.7470,175.6640,101.7370,150.8330,170.1130,150.0920,111.9680,93.8766,74.8993,80.6529,139.7830,169.2390,152.7310,167.2240,222.9530,273.8730,350.6190,480.3410,622.2290,610.0600,592.5970,500.7940,345.7920,224.8050,119.6490,105.6910,234.3930,367.9260,389.7540,370.9070,273.4890,188.5540,181.2790,160.1850,113.9970,80.4660,81.5064,112.3570,143.7900,168.7680,191.3550,211.5340,199.6750,135.3780,99.4983,97.2534,101.7920,111.6180,114.5490,107.6720,104.4280,119.9330,116.1560,96.4686,127.3920,170.7710,183.8700,213.1310,253.7480,306.5790,336.4700,262.1430,144.2680,94.7811,110.4550,101.6840,77.5957,66.4226,64.8514,52.3680,44.4209,54.8453,51.0364,50.1445,44.8760,48.5529,52.9962,56.0600,73.5852,103.6310,130.7750,134.2860,135.1530,108.8220,98.5755,89.3338,60.0677,51.7883,56.7826,39.6765,32.8480,79.0531,96.7874,115.1000,72.6536,44.9578,93.2296,114.9730,96.2558,92.3547,83.3884,41.9219,57.3526,43.4086,53.2292,57.7245,76.3632,47.2656,59.0639,40.3703,67.0538,69.5555,65.5184,51.0768,33.5390,35.4592,48.5135,35.8384,17.2071,12.6971,28.4724,35.4582,43.9950,26.8095,16.9531,39.1113,52.6284,25.3698,21.8994,53.5906,62.7015,59.8789,56.7116,72.2040,69.5801,45.5819,30.5640,49.6617,58.9686,62.8643,32.8605,22.6372,34.7856,24.5477,20.7477,36.3914,32.4838,29.2230,12.6982,15.0800,50.1462,61.7788,79.8266,61.3263,60.8611,89.4276,82.7107,88.5342,58.7515,40.8304,41.9240,35.5319,49.6174,67.5126,69.8608,58.8330,22.1281,28.1779,47.1052,40.4258,32.0035,30.4609,22.7086,17.9713,19.8359,59.3729,75.5504,73.6517,69.5963,27.0590,9.8070,14.7618,27.3779,33.7174,58.4499,59.8059,54.7051,47.9449,35.0126,23.9727,21.6831,28.9954,39.2776,59.7740,54.7138,34.9786,38.6157,46.8665,52.6765,34.0784,32.1403,37.2116,18.8925,17.7218,20.0118,43.4856,32.3654,35.1401,19.4335,14.9938,6.3451,14.7851,38.8719,44.8150,38.0445,32.7206,29.8242,26.9004,19.9727,24.0909,40.2699,54.3322,55.8216,53.3856,52.2287,54.2031,54.7797,37.6902,44.5512,40.9494,41.0143,43.1133,45.6949,50.6801,46.5931,31.0450,23.2811,25.3521,28.2749,29.6621,25.2598,24.9996,27.6355,28.5755,26.2676,22.5861,24.1142,28.3227,29.3915,12.3310,5.4638,3.5032,10.1906,15.9188,24.9936,38.1601,41.4441,25.8552,23.5378,28.0106,28.3780,16.9228,19.6956,27.8167
70377.4000,56504.9000,33832.7000,35463.3000,43064.4000,34099.1000,24691.8000,20960.6000,18341.3000,14764.3000,11278.5000,8800.3900,8146.0800,7561.4600,6680.8200,7188.5900,6831.5700,5152.7600,4438.0100,4092.6400,3795.5100,3041.5300,2692.6300,2177.0800,1718.0900,1409.1900,1126.1200,1157.9800,1155.7500,972.0380,750.3170,655.5240,531.1630,339.2390,296.8830,325.2070,267.6550,155.7560,68.6776,104.2690,135.7270,104.7860,55.4633,31.5097,43.4657,68.3200,103.4340,116.2280,98.3867,133.6030,193.5030,261.2530,329.3700,465.4080,616.9300,636.8070,621.1070,530.1790,394.2730,288.6110,195.9860,153.7790,256.6570,384.6350,388.2760,350.5000,240.0860,184.0890,201.9520,186.2010,135.8970,84.9326,73.4820,120.2970,200.5700,274.4810,312.1230,337.4540,314.4190,248.7700,186.9250,132.6650,117.9430,119.8710,113.7210,117.0800,115.8540,121.4790,111.6060,104.2930,125.6740,161.6360,197.1450,237.1420,266.8260,320.1430,348.9260,285.2720,170.0650,108.0340,100.4700,103.6760,89.1846,70.3541,61.2563,56.5003,55.3234,71.4317,81.2371,85.8934,79.2177,58.9082,60.4533,74.5600,93.7984,143.6350,185.5860,182.0690,172.7570,134.3880,122.7440,114.8520,79.0134,67.8404,81.0935,63.0894,51.5438,72.4404,80.0816,82.2767,59.3406,58.3347,94.8107,116.5900,94.2894,89.9638,66.4855,38.1093,71.6487,66.6157,69.2344,62.9499,63.2793,44.1856,18.7803,41.0094,94.3382,110.3640,87.3558,66.6206,60.9078,65.7454,57.1910,36.4780,27.2199,27.8567,14.6960,17.4413,19.7542,24.0312,14.3936,38.2807,62.2341,35.3918,15.3528,46.9066,54.4686,57.9499,51.4655,60.9070,69.6360,58.1265,50.3574,69.5991,77.1041,82.2728,54.5630,42.5507,46.9707,38.2575,44.0725,48.3043,46.5609,34.5513,25.0757,17.2306,38.1075,48.3741,69.8118,82.2973,80.9566,97.0258,106.4730,118.6890,93.4708,61.2206,45.8447,43.1312,44.1548,24.9667,18.6487,5.9653,4.3306,16.8988,29.2113,43.6658,33.0409,15.1894,19.8452,31.2699,53.0305,78.6991,82.9864,65.7412,57.3754,24.6424,13.6479,22.9027,37.4385,27.2808,35.2477,30.5317,23.8109,22.4004,26.3657,24.6968,45.6212,42.1307,47.2223,52.2930,52.4749,36.9205,36.3336,40.2902,39.3151,27.3482,11.9601,15.4713,17.1599,8.7083,6.9203,20.5279,25.9100,35.1516,19.9258,13.4433,19.2289,19.4099,32.6722,34.9582,26.3102,29.8887,32.3859,28.5347,10.7232,19.6054,29.0611,26.0061,34.0693,33.4529,36.6880,36.5388,43.5462,43.7279,56.1542,41.4774,29.8789,20.4996,11.4455,19.3577,35.0771,33.4007,31.7136,18.3268,24.7723,41.2207,50.1099,47.8627,42.8927,25.4033,27.2463,33.9112,16.8392,12.2189,10.5909,7.9226,30.1079,30.9453,28.1482,19.5197,33.6114,40.1977,21.3224,27.3811,36.3623,37.9234,22.6275,6.8090,5.6738,2.4497
69805.3000,56146.0000,33376.2000,34540.3000,42182.8000,33589.3000,24296.1000,20654.8000,18196.5000,14684.6000,11268.7000,8691.0300,8049.4200,7476.8300,6525.4200,7038.8800,6707.0700,5034.5200,4432.2000,4145.5400,3790.0400,2988.3500,2658.3600,2126.3100,1695.1100,1463.3200,1176.5800,1177.4200,1214.9200,1003.0000,837.5040,703.2380,604.7910,416.2490,381.2880,390.5200,291.9690,166.1710,98.5313,164.4720,185.8190,131.7720,94.4360,107.0070,110.0470,115.1710,143.0220,166.6240,145.1610,158.0430,192.2690,235.9410,294.6150,405.7400,553.5150,584.9500,593.4160,531.9400,400.4020,274.1930,164.5520,111.6450,200.0560,356.3690,396.3440,389.2660,302.0890,251.6110,263.8460,228.4040,167.8610,122.1140,106.0980,141.8550,202.3820,230.0490,268.9170,288.9090,288.8070,239.4620,177.0350,120.4790,92.0712,87.3338,84.2132,82.0295,84.1560,93.8980,100.2060,92.9854,100.3350,141.8670,185.9120,224.8740,262.3980,315.4940,347.4030,278.2220,151.8180,78.2193,88.5960,99.7671,91.6359,77.5425,63.7922,47.7072,32.9106,47.6418,52.4263,59.1093,45.2302,40.6542,48.3587,57.8201,96.3369,145.6650,175.8930,179.5700,181.3900,152.4560,141.8270,138.8840,96.3049,78.8696,107.7170,91.8869,62.7338,52.5027,84.2911,112.2770,63.3986,57.7856,113.9840,129.4930,112.5160,92.8915,60.7097,19.5686,43.9695,67.8358,74.2488,69.4064,69.3715,51.2708,21.9670,29.3958,75.4024,95.7841,75.4795,51.4447,24.9889,43.5182,49.2385,31.3944,31.1524,39.2418,16.0090,29.7891,58.2926,46.9409,35.1412,59.3126,77.1758,66.8110,46.6905,38.0081,59.1222,65.9417,72.1780,96.7112,87.8133,56.4689,57.7480,79.4409,81.2000,81.0363,76.4576,65.8433,58.3231,64.0996,66.2349,63.3440,58.5306,51.1633,31.1304,20.7433,40.5474,55.4567,79.5393,82.7845,88.2999,101.6250,102.3250,101.3950,71.6082,38.9016,30.6830,30.4741,52.5514,60.2883,72.9915,43.2840,14.8978,16.7008,30.7483,49.3545,45.0037,42.0600,27.7663,27.0045,37.5140,66.6048,77.0059,63.9133,63.4756,24.0176,26.9940,15.9097,30.2992,30.7023,45.3800,55.0097,49.8816,41.8392,33.4247,8.1641,33.9811,45.4834,65.3241,74.6654,59.7404,39.9073,36.7197,42.3918,46.1234,50.7902,56.8699,42.9790,16.5482,25.5506,28.9283,27.3021,15.8796,32.9646,32.6911,32.2851,22.7165,11.5267,26.7469,34.5256,35.3210,29.1893,39.5294,49.7705,28.3050,12.8300,16.0985,16.6674,24.9887,36.2436,47.3421,50.4300,53.8503,42.2907,27.7571,13.4849,13.6009,16.3669,16.0528,8.9280,20.4823,18.8328,27.4188,13.3623,4.9845,5.1687,4.7225,9.4875,12.3546,14.6725,18.9463,23.7616,15.1242,10.7550,5.3859,13.2297,22.1558,22.3924,23.8882,15.1096,12.9045,13.7516,14.4718,15.8162,8.8679,13.5105,20.8471,14.7834,5.0573,8.3276
70328.9000,56323.9000,33598.5000,34952.4000,42816.8000,34202.0000,24658.9000,20933.1000,18483.9000,14896.0000,11311.4000,8773.0300,8146.5100,7408.2500,6456.6500,7082.2800,6749.7800,5062.6100,4564.5800,4348.0700,3934.1600,3070.0600,2728.0400,2167.6200,1736.7300,1501.2200,1207.0600,1204.8000,1245.0900,1038.3800,886.3890,759.8530,649.9370,465.0610,399.5600,385.0830,314.1830,206.4920,133.0970,198.4780,233.6800,199.2440,140.4300,129.1380,135.3540,133.0280,174.0780,205.7840,178.0430,218.6890,265.1520,298.2760,355.4220,451.5160,565.1480,531.2980,514.0460,454.4290,319.6990,189.5400,79.6516,88.3620,245.1540,387.6690,410.0190,396.5940,307.9480,200.1480,177.9450,176.7070,135.0390,86.0961,35.7210,32.1211,88.8329,155.5940,201.6380,233.2050,232.2420,156.4980,90.6454,67.3302,84.4078,104.6480,112.8230,126.3440,131.6650,120.9740,91.2066,93.8792,122.0510,146.6410,187.1980,240.3640,279.9910,324.6680,342.1220,274.4810,143.1000,80.7153,122.8180,137.9250,129.0730,108.2420,87.4035,55.7856,42.8776,54.8421,56.2789,54.1343,56.9231,66.3957,66.2342,65.3324,95.3980,136.5400,152.1760,148.5650,147.2100,130.1590,102.3660,81.3752,66.0211,47.0123,32.4620,27.9359,29.8851,100.2250,101.5910,89.0788,53.4716,65.9848,117.5970,123.4140,102.2890,88.1177,76.2925,42.0092,34.4998,32.8485,42.3596,40.9364,41.9704,31.9539,13.0098,31.2015,76.9171,97.9262,72.8770,50.4141,35.1087,31.0261,13.6784,21.6787,29.8706,20.4450,22.1944,45.3922,68.7504,59.1307,40.2161,58.6537,78.7805,77.0799,41.7004,31.1859,61.5043,79.4510,81.6868,87.8681,75.2185,53.4122,37.4424,53.6404,72.9445,91.6001,95.2553,85.8569,73.0122,66.8012,70.8612,66.1893,60.0936,43.6819,27.2438,21.5417,55.0241,85.2369,108.2160,119.8930,92.8875,104.7480,99.3940,102.7840,58.8159,24.3014,18.9853,38.4203,50.9786,56.4740,56.4660,30.9205,17.7614,24.4120,41.5599,50.4110,51.8085,31.2230,21.8528,12.7823,33.0374,66.3044,80.5551,75.6919,66.8863,23.7089,14.7797,30.9224,42.4352,36.2770,41.4922,43.4248,41.2452,43.4129,36.0865,21.9158,18.9028,30.9942,41.0381,49.0912,24.8219,23.0850,51.5604,69.5714,72.4320,70.7870,55.5490,42.9944,42.4588,32.7877,18.5098,6.6768,5.8132,14.9333,20.6948,15.3883,12.6530,9.7069,23.6090,29.9785,30.9821,28.9078,21.9448,12.9138,14.8696,25.4758,35.3589,37.6373,39.1357,42.0895,40.4518,38.9744,24.4271,15.2719,17.2845,16.7282,19.7431,23.9761,29.0101,24.2595,15.7853,12.6040,16.6388,21.7547,27.4687,38.6300,46.6497,37.7237,34.7918,21.8512,24.9382,25.7546,23.1305,20.6801,14.0557,16.9503,17.0466,19.2846,17.8247,13.4513,13.6076,25.1480,33.9316,27.0587,27.8669,23.4477,11.7837,13.2804,14.9236,10.2985
70496.3000,56579.4000,33962.3000,35595.4000,43212.9000,34244.8000,24725.2000,20889.9000,18244.7000,14626.1000,11107.4000,8635.9900,7984.1200,7283.9600,6354.7900,6935.2000,6568.2000,4875.9700,4457.7400,4337.8800,3900.4700,3047.0600,2674.0000,2092.3600,1649.7600,1422.9300,1142.0500,1111.9800,1129.0400,938.3710,805.2660,693.3360,571.7970,386.2430,316.8760,314.1380,241.2040,118.9710,65.0005,148.2000,182.5980,147.5400,97.6493,69.0045,63.5373,76.3901,113.4460,129.9620,116.8990,149.4160,206.1420,271.0490,341.7000,469.0540,608.7820,630.6370,612.5390,528.9440,403.4370,288.1590,175.3220,171.9560,321.2350,449.0160,456.2060,428.4850,319.4130,219.9330,205.3470,189.5410,147.1070,101.2780,45.0195,55.9053,166.9590,260.9430,301.9020,334.6020,309.7770,220.5960,158.3650,121.5260,108.5750,114.9090,120.3680,116.5840,96.1973,80.0631,79.6716,97.9359,118.1180,139.3320,170.2150,212.1780,270.0310,323.3220,362.0570,286.4820,145.5220,98.5669,158.7310,172.9400,155.9290,130.4770,111.8380,87.2906,78.5797,106.1710,116.5050,100.2590,93.0451,97.5367,94.8542,102.4330,139.0570,161.9030,169.3560,164.5610,158.1200,95.6557,51.9117,64.5658,45.3546,40.7215,55.0281,30.6907,52.4707,124.2640,133.0610,127.3960,96.6806,79.5095,111.2430,137.5470,131.8250,125.3670,121.0500,83.2768,49.7939,56.9467,58.0014,70.6678,60.0826,33.0523,15.9824,29.3815,57.5647,79.8208,71.4124,62.5951,32.4521,12.2460,12.4141,18.0069,23.3926,21.8231,11.2963,30.3243,61.9002,52.4424,32.6297,50.5488,57.8646,53.7042,16.7230,39.8016,67.5520,87.6162,73.8277,56.3606,52.6078,36.7921,18.2155,42.1540,55.9762,57.0746,42.7576,34.7229,26.4301,9.3054,11.6925,20.2181,24.7854,20.3765,26.6405,28.4091,62.3856,90.9445,100.0450,101.3040,84.8198,103.1750,95.4489,106.2260,63.0314,47.1186,42.3480,36.1667,47.8682,65.3926,73.4748,54.8650,17.3943,33.5141,53.3024,54.4045,58.7014,34.6526,22.5547,13.1028,29.5540,70.6057,95.4575,93.6966,83.3509,39.9283,27.3920,36.4587,45.3885,51.4317,62.3706,67.1006,53.3713,38.8722,32.9262,20.2444,49.5883,55.3033,60.9211,47.9507,31.4792,41.6904,50.8450,59.9204,72.4159,69.2545,57.7244,40.0647,43.9030,31.0457,27.7619,23.1799,28.2113,30.7600,30.1880,19.4873,20.6796,21.6881,17.3728,27.8635,37.7466,32.8463,22.1838,13.7454,22.7103,32.8744,35.8362,32.6740,37.3084,38.7841,40.7727,31.1510,30.3778,33.5324,43.7409,41.0792,23.1646,20.0758,29.4247,43.6835,44.0634,22.9429,11.1385,14.3222,21.6934,29.2684,53.8685,52.8828,60.7307,29.7550,32.3734,45.4478,32.8225,19.0779,13.3302,12.0856,21.0411,16.4283,13.4002,16.2060,21.3490,22.6544,22.8282,23.3800,18.4546,22.0428,23.0778,17.0143,16.5134,16.6337
69972.1000,56319.2000,33620.6000,34838.1000,42307.3000,33601.4000,24350.6000,20615.9000,18020.5000,14537.1000,11069.8000,8445.9000,7776.8000,7172.7400,6119.2000,6620.2900,6260.0200,4543.3600,4204.2100,4259.2600,3846.5600,3076.8800,2698.7800,2127.0900,1688.3000,1433.3500,1139.3000,1140.0100,1148.9500,935.3870,885.2060,766.3760,669.7780,434.7240,342.7090,320.4260,242.9370,152.8060,127.7230,197.3370,210.7710,166.3290,152.7080,129.7780,104.2790,90.3910,126.5810,142.7370,111.7510,138.6840,177.8680,221.8220,281.9220,432.0770,590.1330,577.1210,545.8360,443.4770,333.1870,238.5940,157.1190,166.5320,283.6970,406.8520,419.8950,392.5960,280.1490,202.5190,219.2050,195.8290,144.4420,102.0480,50.3578,57.3538,209.7420,288.5300,297.0110,314.1280,273.8750,188.2630,123.1310,86.5821,83.6655,102.1760,98.5211,92.3957,74.7973,83.2957,101.7910,104.5130,108.8550,145.6700,194.3790,224.8940,276.3580,321.6150,357.1860,284.9850,149.7110,90.2308,127.9490,140.0340,133.4650,114.5540,96.5630,57.1892,50.6790,82.7946,73.1066,53.1417,47.7700,52.1483,42.8208,38.2379,79.1353,109.8870,109.8390,105.8490,97.9885,81.6331,58.0576,49.7237,34.7842,21.2148,32.1316,20.7313,27.8287,88.0613,94.6555,89.8172,64.9067,85.8838,129.7240,136.7920,138.5820,136.9930,144.4660,75.4962,58.8217,34.3904,42.8731,51.0831,60.0142,35.3985,30.3850,29.7694,67.4403,74.3401,58.7705,44.8467,40.0063,37.3169,9.9461,38.4052,30.2484,25.3527,23.0145,41.3716,63.0148,41.5408,18.3250,45.1456,74.0996,46.9857,25.9793,37.0094,54.7551,69.7469,53.8696,46.5579,48.1699,34.4242,22.6215,39.5465,55.2620,61.0515,45.6838,36.7349,40.2727,24.6755,17.1951,13.9099,22.1513,10.6618,11.8032,23.2027,65.4018,70.0706,91.7177,96.7025,101.2510,98.4840,93.0086,88.9650,59.8940,29.9950,17.7208,13.4921,40.9867,52.3580,62.9540,46.3777,14.5804,17.2701,33.9334,37.3995,41.5594,25.8867,34.0025,30.0985,54.2611,80.5416,100.2490,100.4980,100.9890,45.1869,17.7406,30.9199,42.6588,54.0848,68.1327,87.4601,56.1425,40.9094,13.6684,5.7149,6.8036,30.9588,46.3205,62.7398,53.1501,37.1115,35.6311,47.5763,54.4200,58.0682,51.2617,45.0938,34.2712,26.8243,24.7346,38.2927,45.5217,47.8384,47.0517,17.9751,8.1979,18.4315,26.4547,36.5214,37.6377,35.1278,29.8764,24.2887,10.3460,13.6120,27.9811,16.9528,11.9549,25.5006,38.8636,53.8348,45.3220,40.1398,38.2257,40.5016,35.0904,29.6552,26.8650,20.0554,13.5073,7.6161,16.1959,30.8824,46.1173,50.4017,45.7793,48.4776,55.8119,53.6728,32.0754,27.0909,27.5568,32.3867,18.4591,9.0650,3.5012,3.4993,5.4706,8.9630,16.8905,18.9773,28.1422,28.7770,22.6150,18.5398,12.8262,17.9571,23.9528,16.6302
70427.3000,56477.3000,33708.2000,34865.7000,42623.7000,34101.1000,24645.3000,20871.8000,18323.2000,14768.8000,11160.0000,8584.1500,7947.5600,7194.6800,6085.1900,6578.9700,6150.6100,4440.7900,4245.8300,4420.8600,3954.9200,3215.2300,2748.9000,2157.3700,1699.0000,1448.8200,1153.0600,1123.7100,1135.7400,952.9690,895.2380,772.9400,695.2480,484.6680,379.8330,348.3020,275.5500,158.6510,94.7189,166.7770,197.8050,165.4740,158.6590,139.8560,126.5180,97.8694,118.6960,144.3450,127.8130,152.5080,203.5930,257.9970,310.9900,431.3450,565.4250,565.9070,540.4590,464.5270,359.6570,255.6720,164.7040,157.3020,275.6510,424.1260,445.0100,423.8170,312.1600,220.7840,218.8060,200.2730,149.8090,104.7060,47.5893,39.9419,153.5120,249.4850,289.5790,315.9110,291.5780,204.4260,140.7530,115.3790,130.2800,146.9900,136.5430,130.6960,115.3810,112.3240,109.0760,119.4480,147.2640,182.8530,217.5790,253.0670,326.5790,376.0010,418.0020,323.9740,163.1170,92.2859,122.2110,143.9250,139.4310,130.5120,106.9840,81.9272,75.7086,89.8275,86.0449,55.6683,46.0690,47.4854,61.5148,72.1322,89.0212,122.9520,133.6450,129.3150,107.0940,90.9475,96.0152,88.1470,49.8169,31.5855,41.5007,21.4195,23.5121,99.5084,100.3150,91.3138,49.1468,64.2942,111.4140,124.8890,114.9500,100.4430,86.1390,38.1755,41.6343,49.6345,64.8055,73.0342,79.4146,65.0392,24.9369,19.2831,68.3679,80.3413,64.7864,50.1399,31.7588,24.6045,16.6790,13.0111,24.2049,29.6522,12.9289,24.9220,50.3292,43.8304,29.3619,51.4374,65.9284,65.3215,43.1187,25.6693,43.8859,72.7839,89.3819,78.4958,59.9024,38.7381,10.2193,29.8406,47.3601,55.0770,51.7678,37.7011,33.9648,34.5703,27.9227,24.8196,23.2149,24.4463,17.5131,29.2902,72.5796,99.1738,120.4970,125.5740,96.6816,100.1110,97.8693,102.5890,68.1709,27.4112,17.1308,20.0583,38.3919,44.4649,50.0049,22.7999,30.0876,29.3750,40.2823,42.9147,49.0297,29.3876,22.1274,24.0826,49.3207,81.8718,103.5710,87.6156,70.8947,27.4897,23.8318,36.8606,38.2580,29.1240,19.4221,36.0664,40.2406,58.5599,60.6643,39.8269,30.2640,22.4115,33.7704,38.5259,24.9506,21.0761,32.9163,40.3098,47.2750,50.6274,42.8563,27.0900,17.1849,12.7035,11.7432,17.0146,18.2587,25.5344,22.7944,22.0699,15.5432,14.8015,27.4154,39.0567,34.0427,23.5078,28.4616,39.1047,31.4124,34.0070,43.1077,44.0616,44.1900,51.4148,58.2181,57.7920,48.2143,40.1168,38.4144,33.4921,18.0214,14.4842,15.4911,16.7839,12.1325,12.3244,12.9426,10.4115,10.0124,28.2928,39.4528,35.5742,33.1962,29.3105,20.3735,12.1207,14.9293,12.1428,7.1989,16.6617,17.7790,21.8723,26.3826,27.4546,17.6375,22.8533,37.6127,43.3989,43.4465,35.3166,24.1201,9.5290,15.4355,16.8300
70763.1000,56724.5000,34041.5000,35588.7000,43178.7000,34261.4000,24758.6000,20838.8000,18116.7000,14518.8000,10939.2000,8451.9300,7801.1600,7040.5100,5980.5300,6479.9900,6025.0400,4289.5100,4137.2500,4419.3300,3964.5700,3199.6100,2718.6500,2065.6100,1620.3100,1360.2500,1051.3700,1046.2100,1067.1200,872.3940,847.7680,751.8730,680.0280,452.3650,355.1350,341.4840,241.6840,108.3310,40.7514,120.3250,136.7480,102.4310,92.7398,81.5217,68.3716,65.5782,108.2050,146.9780,131.3570,148.1120,199.8820,266.8800,332.1430,449.9370,582.7190,587.2230,555.1470,463.8370,357.4210,250.7430,138.8890,130.2260,265.0740,410.2030,434.1630,415.9540,331.1280,249.5620,219.6280,175.0340,123.8970,95.5280,77.9213,72.1945,111.9060,182.4130,237.5820,272.6740,266.0590,183.4610,109.1420,86.6623,114.1780,136.8370,139.2290,127.9090,119.7110,108.5590,109.5430,115.7580,108.5680,134.3270,205.8330,254.8030,309.1790,351.2760,404.2000,344.9430,179.4800,82.8276,106.6560,125.6710,105.3050,85.0700,70.2083,59.3209,42.5466,42.4303,50.8196,32.5789,24.6475,30.8204,50.4885,62.5234,70.6147,101.7930,120.4820,122.5950,105.9080,83.8304,83.9313,77.0825,54.0594,46.7884,48.1079,30.1419,12.4721,80.1310,94.8130,96.0403,67.3487,65.1555,110.0840,134.3830,122.8120,109.0250,86.8724,43.0781,15.0533,29.0895,46.1438,47.5779,69.7897,78.6524,47.8794,28.6810,74.7848,73.6501,62.3322,49.5844,44.6163,51.2352,46.8540,20.0827,9.3378,11.4309,32.7986,32.1703,51.3193,39.1491,34.3407,42.5957,57.1452,57.4802,49.3312,21.7092,42.7691,70.2686,74.1504,81.7260,68.6586,36.4693,28.3500,59.4880,63.4044,70.5901,77.9779,72.4183,38.7274,36.1109,41.8140,37.5640,23.1125,10.7213,17.8466,32.2997,65.2950,81.3175,91.9241,98.2067,88.0851,106.2540,101.8650,105.6440,75.8852,31.8416,25.7752,26.3577,44.5144,54.5870,66.3455,40.8842,31.3938,33.0121,43.9092,50.6365,41.6687,21.0739,18.2777,27.1812,50.8394,73.1416,98.3052,85.9323,79.8544,24.1653,15.5226,39.2845,44.3229,46.8906,66.7080,77.3233,60.3637,53.4991,40.9837,24.0354,40.4036,53.3471,85.5658,77.2431,51.2184,46.1876,51.0801,62.5734,70.0699,69.4594,43.2104,34.1956,36.4020,22.3060,16.0016,6.8189,14.4522,26.0119,44.4892,38.4732,20.2031,12.6681,19.9561,20.2529,23.5261,28.5944,31.6308,32.3061,35.4343,17.7202,13.9615,47.6252,50.9719,54.3313,49.0504,75.3244,78.7576,63.9774,46.8014,42.8866,41.0557,30.4195,26.4053,15.7562,8.3211,19.0174,17.0492,11.0656,3.9247,19.8381,47.1976,55.1054,57.8172,35.9102,39.6064,45.3841,29.5040,22.9051,26.0281,24.7671,24.9825,30.2532,35.1494,27.6525,21.2000,19.4927,19.7996,27.4303,26.5160,24.3360,10.3423,4.9080,6.0365,7.6625
70255.0000,56583.4000,33729.8000,34929.5000,42427.9000,33650.4000,24379.2000,20592.5000,17921.6000,14398.1000,10883.4000,8313.4600,7663.9600,7003.4400,5868.3000,6333.5500,5919.9600,4132.2300,3982.2800,4362.0200,3916.2300,3251.7600,2763.5100,2123.7700,1647.2500,1400.1700,1086.8400,1044.8700,1058.9500,881.6680,848.4740,797.9070,739.3260,528.3250,423.9600,403.3870,313.1760,179.7470,84.1373,117.8030,165.8360,151.1070,124.5440,110.7770,101.9580,75.3838,105.8050,139.1780,138.0020,174.8020,240.9390,299.7270,341.7680,445.3730,565.1940,557.8250,535.3940,477.0470,359.7820,239.1420,142.1620,97.9150,176.9930,327.6010,378.6600,381.2600,314.3220,242.8630,233.7370,182.9010,110.1910,56.6691,53.0791,126.7260,174.4620,202.1920,240.0270,273.8510,277.0260,204.4500,119.3330,60.5840,51.2976,57.2987,63.8167,86.0635,100.8490,96.2054,87.2822,108.6030,120.3740,144.6800,202.7030,255.8470,324.7050,371.7890,441.0330,377.7010,204.4090,109.4370,120.6740,119.7320,115.8630,101.7100,88.1945,51.3124,34.8981,46.8643,38.2740,22.0108,16.0056,22.9059,35.3324,48.5897,79.6548,134.0490,155.8090,155.2540,135.3650,102.4930,104.9890,103.6980,72.4254,60.7644,71.2527,59.2571,35.4114,42.0582,74.4842,97.9070,73.0108,68.8003,126.8550,139.7010,115.6210,100.8870,77.2597,21.3744,26.2876,47.1249,45.8272,48.5000,67.4685,61.0845,31.4160,24.0340,74.8149,116.2060,96.5094,79.0618,57.9556,69.7781,62.5808,25.2009,16.5839,8.4096,14.5961,25.4055,33.5307,32.6400,34.3015,45.0463,64.4935,64.2807,57.2045,21.9969,29.7699,44.2131,38.1984,48.5106,56.7049,33.4553,22.2004,52.1119,66.7794,67.6818,58.7656,51.9482,56.9902,47.0108,40.2889,42.5734,57.0338,63.8139,53.8888,66.0519,88.1135,106.0770,108.1690,111.2970,83.0080,111.5220,114.4040,126.5900,78.4127,27.5478,10.6712,15.3052,23.5207,29.9133,36.4312,29.3720,25.4165,33.2103,45.2689,63.7955,54.2214,46.0719,43.4553,38.0255,49.7685,82.8603,90.1027,66.3227,43.6556,11.1525,18.5005,31.1217,33.0898,36.9847,54.8506,64.6838,46.9867,38.3082,24.0460,20.7948,26.3576,55.2777,67.9237,83.0175,59.4188,41.6579,39.3307,43.5266,45.5485,51.6372,53.0521,46.1107,24.2535,11.6487,6.2998,16.6673,22.6632,32.8524,33.4074,28.1411,15.2384,13.6150,40.3498,52.7270,49.1863,48.3129,54.9777,58.7041,27.6433,20.1628,40.7507,38.3599,30.5071,32.4788,52.1142,66.2697,64.9169,58.2268,51.8167,31.4546,11.6658,10.0863,11.0427,7.8187,13.0713,12.0693,10.9219,10.9525,19.8871,30.6310,32.4736,31.4040,29.5449,29.6572,27.9043,21.8195,8.1751,13.1583,34.0722,36.5901,22.9137,27.4457,30.1137,29.7642,8.7493,19.1458,32.4426,19.0775,11.7736,15.4294,12.6893,10.4066,7.6471,15.3601
70388.5000,56515.5000,33622.5000,34661.6000,42481.4000,34031.8000,24638.5000,20878.4000,18342.5000,14861.7000,11173.4000,8465.6400,7733.6700,6969.8100,5822.9300,6300.9700,5836.4000,4023.8500,3867.9200,4298.7600,3850.8900,3291.1200,2759.9700,2140.3200,1625.1300,1353.7100,1073.4000,1029.9900,999.5840,836.5540,780.0980,801.9630,711.2360,516.2990,412.0660,403.9670,316.8020,180.0600,109.2880,162.8600,196.8600,170.8770,157.9210,127.8410,110.1270,94.1969,112.0050,128.1730,118.0300,142.8260,192.1060,250.2340,316.5090,432.8740,556.5720,575.7170,559.2860,499.3640,411.4940,321.6870,220.4370,148.9930,218.3050,377.2740,413.4530,395.5880,291.1320,227.5620,253.9610,225.3730,151.8180,80.4693,40.5340,123.4260,227.5640,284.5340,331.7060,368.4240,390.3550,340.1230,249.6890,170.8770,140.1700,132.6870,119.9560,121.3250,126.2810,127.7630,123.8790,122.9240,132.0680,161.9910,219.5400,271.8410,330.4630,368.5970,421.8260,374.8020,210.7080,121.2960,142.2840,138.4880,121.8960,96.1022,84.5140,59.1082,48.1082,62.3328,57.9473,41.9663,37.9705,46.8208,58.8764,62.8020,97.2559,156.6390,183.6490,177.1400,172.2010,146.5160,129.2500,105.9040,71.4535,58.5397,67.9016,59.6506,62.0999,99.4538,116.2360,123.2250,96.5456,92.9564,134.9310,151.2810,116.1600,98.6384,44.4158,35.0691,50.7298,60.9587,69.1445,70.2422,65.0079,55.8856,37.5283,45.5266,106.8800,132.4630,106.8310,87.8564,62.7135,62.9799,61.2023,55.7937,38.7674,38.1661,29.7587,36.4576,42.3468,53.5385,48.8850,50.3961,49.2408,39.3497,22.0306,13.1537,22.3853,27.4599,18.4722,15.1607,19.4605,16.7637,25.4176,54.7107,72.1264,64.3032,60.7547,43.6216,34.1308,46.8899,52.7590,41.4995,34.5139,35.3797,29.3986,45.4440,70.9103,87.1609,101.7780,116.6090,107.5120,109.2410,103.9920,106.8850,80.7038,32.6493,35.6175,37.1547,53.2548,62.6768,64.8957,46.0487,25.9180,24.1203,38.2926,59.1172,66.8376,51.2066,41.6332,34.8884,31.2613,71.2968,84.0020,75.1681,61.2056,29.2973,22.1508,18.1925,24.5404,41.9994,58.7416,74.3279,59.4523,49.7189,44.9909,21.3222,35.9069,40.6257,50.5517,59.7471,53.8953,36.1285,40.9030,56.3248,58.5202,55.9801,53.6994,46.9824,27.2662,25.7688,29.5736,35.1419,26.9008,43.1175,33.1692,20.1630,15.2097,12.2059,14.2126,32.6738,42.3684,47.4010,36.8940,39.7998,41.0130,18.4695,25.3713,44.4511,38.4209,33.9884,38.7570,52.8542,39.9903,27.8912,20.3944,15.9224,6.0390,10.1320,10.9993,18.4819,21.1802,22.0893,14.6911,6.7564,12.8754,32.0481,42.3737,31.1717,20.5789,10.1892,15.9300,7.9590,3.6197,1.2625,12.6261,19.6134,24.5559,13.7673,13.1050,10.8254,7.9340,7.4383,9.7044,12.9474,23.9510,11.5938,15.7312,19.9748,10.9786,17.8072
70841.2000,56743.1000,33975.5000,35500.2000,43267.1000,34472.8000,25023.7000,21179.1000,18470.6000,14997.0000,11184.0000,8424.6100,7570.2900,6826.3400,5782.8300,6258.0700,5818.3200,4038.9400,3749.0300,4112.4400,3760.7900,3214.6400,2754.0100,2090.8800,1604.9600,1315.9600,992.8800,948.3670,918.6570,734.2610,709.2730,735.1290,660.4500,472.4170,381.6610,360.3270,259.7660,134.3400,62.6173,108.8970,136.9760,122.4850,120.4250,113.4550,84.0076,44.1889,81.2969,124.5250,130.3060,159.7550,205.2720,280.4100,363.8620,490.6320,604.4850,605.6710,566.7670,481.1300,378.0370,290.3830,202.6240,170.7150,266.5090,428.6610,460.1710,437.4410,336.0750,251.7040,249.8350,233.7610,178.8480,112.1280,45.6374,58.1873,167.5850,256.9350,301.9100,315.2420,315.2920,282.7560,235.3910,190.7740,160.0690,150.7830,146.4310,124.1000,121.9080,133.7580,139.3770,153.5520,164.5770,165.5410,203.0290,270.9800,335.1790,369.6220,419.7860,361.6000,187.9160,114.3020,152.4440,137.6250,109.2770,74.0141,54.1498,48.5055,62.5465,72.3627,58.3596,35.5761,27.5242,37.0854,53.9370,47.3550,63.3161,132.9590,165.4450,154.6620,143.8210,125.1950,121.1010,113.4430,70.1604,32.1250,43.4926,36.8651,35.0483,105.8420,119.8480,129.9340,77.5777,71.7778,127.5160,137.3220,124.4650,116.2530,84.5981,37.8004,59.0794,50.2755,60.0014,52.1757,47.7434,40.5397,17.3960,27.1622,81.4682,110.2710,90.8753,73.9940,43.4530,45.6190,63.6394,50.9703,31.6951,26.7723,38.4140,49.2958,45.3484,41.2701,22.3208,31.7608,40.5832,35.2186,26.6889,17.5350,24.5843,35.4161,30.0814,30.8563,21.7136,26.5828,24.9844,54.0690,56.9889,47.3557,39.8512,27.0640,31.6320,41.9380,29.3109,17.5252,8.2304,7.7319,23.6976,43.1898,81.6394,109.9380,116.5830,110.7780,87.4836,106.6060,95.5361,75.1271,34.4468,29.2964,22.8927,38.2516,66.9717,78.2872,83.8809,62.0305,30.1874,28.7256,43.9434,44.9196,39.1713,31.5890,31.2544,33.6344,47.3043,84.2386,91.6393,73.1978,55.0838,18.2443,8.0152,10.1726,25.2983,36.7675,59.4272,81.8704,72.8335,71.1920,56.5433,26.4556,20.1842,19.6438,31.3188,33.2070,43.3791,38.3366,29.2135,44.2947,48.6879,46.5505,22.3515,24.9681,34.2168,16.5684,7.5894,14.7395,24.2426,41.7381,28.8212,11.2897,4.4418,13.3738,39.6936,67.6230,51.6165,41.1034,28.8073,28.4148,18.6451,19.6161,30.0584,31.6108,34.2107,36.4427,37.6353,38.3212,26.2662,27.9596,34.6559,43.3941,33.4650,26.6054,14.4412,19.9038,18.0824,8.0240,11.3864,20.0675,18.4736,16.9022,15.9103,21.1556,20.2307,19.1412,13.3115,20.6895,17.6688,19.5224,6.5548,3.3203,1.3947,6.0601,5.7172,5.7319,4.5725,3.7890,8.2137,19.5804,20.1749,22.2154,21.5458,14.2208,13.2655,5.1187
70312.4000,56628.9000,33874.2000,35199.3000,42731.5000,33964.4000,24754.4000,21067.1000,18395.1000,15004.9000,11305.8000,8416.0100,7465.6600,6833.0800,5751.1800,6222.8300,5904.8800,4125.4600,3744.7900,4046.5900,3719.0800,3208.7500,2788.0200,2143.2300,1637.5300,1370.9000,1034.6700,936.5090,891.0200,689.1260,667.2520,705.1130,647.5120,471.5530,378.5410,352.8260,265.1840,159.1310,76.4875,111.2290,155.2420,141.1920,117.2010,106.5450,90.3000,62.8852,112.2220,171.2490,171.3020,203.2180,253.7750,325.9000,379.6540,494.7560,621.2190,612.4990,571.8170,495.0290,384.4200,261.9640,169.7580,170.6270,286.1860,453.4670,496.0650,462.0110,411.4930,329.8260,336.4260,313.7700,237.3190,170.3900,120.8420,75.8776,102.0810,205.8300,270.1040,289.1330,277.0950,210.7710,157.1620,138.8030,130.5950,119.8430,119.9230,120.7190,106.6520,113.6280,141.0190,160.0670,152.4240,179.0370,222.6530,260.9090,330.2130,377.6590,432.7640,375.9810,223.5210,132.3770,158.2340,160.1030,126.6050,91.1401,79.9880,74.0865,69.2254,86.0382,80.7906,64.8778,56.4839,62.8915,58.7610,45.6919,71.8187,117.8110,137.5300,125.4210,110.9370,92.7931,93.0583,74.1295,28.0813,15.9680,30.0160,14.6145,39.9093,117.7770,131.7530,132.1070,103.9170,89.3027,132.9500,153.8380,133.6580,132.5510,100.4710,34.7270,63.0489,64.3938,81.7063,82.5708,78.8687,56.8042,27.2792,15.3160,65.8574,99.5885,91.2196,77.9024,43.5746,40.3644,67.6050,83.8650,59.1205,42.9253,29.5975,25.1743,14.5877,19.8790,7.6281,18.5615,32.0290,39.4825,19.1511,36.3290,37.9928,48.9486,42.3999,56.9135,50.8881,31.7270,18.7316,46.6395,57.8951,66.1149,60.5469,35.4437,14.6978,25.1774,32.4980,28.8148,24.3314,21.5053,27.0909,36.3252,62.3924,72.2688,67.1334,62.5471,41.1908,55.0926,60.9481,71.6815,67.1718,45.9119,41.7827,38.5870,67.9360,65.9435,62.8033,28.0446,20.6877,34.8542,46.5823,55.5078,40.8864,27.3354,17.2615,27.2742,49.3508,95.7325,108.4290,94.3755,81.4057,41.3623,14.5183,13.7177,34.9703,44.5236,56.6541,63.8083,41.7292,32.8580,17.0630,10.2032,23.2218,36.6619,45.7796,54.2844,48.8819,26.9927,16.5786,29.7209,31.9688,34.8634,27.7700,16.6034,17.8577,9.3845,23.3877,42.0871,44.2183,42.5783,32.8694,19.2360,16.0034,28.5002,46.9818,65.1062,57.5783,46.6339,47.8849,46.9898,40.1010,41.1005,60.3551,73.2947,71.0505,65.8771,64.1237,63.7655,55.7460,47.7841,50.6155,58.9968,47.9852,42.4611,31.1828,25.5435,17.7763,11.5219,15.2002,19.8617,24.0633,27.0678,35.5475,41.4251,39.6733,35.8948,22.1372,26.2375,28.0492,18.8352,12.7343,10.7629,10.9576,12.8396,15.2558,4.5168,1.9805,9.1326,7.1000,5.4004,18.9855,21.8496,29.0795,19.9752,14.3335,3.7317
70183.6000,56380.7000,33539.6000,34625.2000,42414.4000,34002.3000,24768.6000,21192.3000,18698.0000,15356.4000,11530.8000,8548.1500,7564.3900,6839.3900,5706.6300,6201.9200,5855.1600,4068.4400,3703.1600,4045.1900,3733.3700,3251.9000,2816.1200,2187.1000,1698.7500,1405.4800,1042.6400,951.4290,917.0410,737.4670,707.3390,752.9180,682.4480,498.2350,380.0950,351.1280,282.6130,165.5540,89.5562,152.3210,199.0070,169.9930,147.5120,122.8060,98.2109,83.8789,123.4690,156.7630,147.9550,185.0720,230.0210,280.7860,325.1480,452.2020,585.0410,592.7890,568.9190,508.9450,432.8480,314.8310,173.4600,122.3510,243.0190,406.5590,440.1130,389.4830,330.4120,282.5790,306.7210,280.7120,204.4990,168.4190,146.9640,136.3050,142.9540,181.6470,242.9260,271.3000,276.9510,189.8310,95.0343,58.9957,66.8594,74.5136,83.4543,88.4168,85.0226,91.2334,114.1900,132.7960,135.1180,159.5630,208.9790,264.7960,332.2310,377.7040,424.4750,362.5910,216.6140,141.5880,169.7950,169.3480,139.9810,109.0440,99.6816,93.5015,89.0519,101.2410,101.0330,72.0738,55.0303,48.5876,57.6683,36.2734,40.9055,93.5938,120.3140,108.5910,100.6160,74.7922,66.0334,61.2283,35.6981,25.2145,42.2298,30.9369,21.5946,68.8312,85.9313,93.1266,62.4253,78.4626,140.4260,147.3430,130.9700,130.8280,112.3640,47.8731,81.6543,73.5082,87.1639,93.2888,95.0952,70.3442,28.5157,22.8169,76.8927,103.5020,91.1471,70.7283,57.7465,60.9744,68.5493,77.4533,72.7730,59.1826,42.1534,28.8210,14.3301,19.5328,24.0028,37.8340,41.2672,39.7260,11.3372,26.3644,44.8727,57.1082,56.7401,58.1646,51.5590,39.8111,37.8822,55.8624,65.1061,66.6025,49.7596,41.2575,44.9998,43.9440,45.4433,49.5223,50.4770,48.9569,44.3593,31.8145,58.0715,59.8687,78.7751,75.3925,58.2239,69.8740,75.6458,88.8171,68.2385,39.8963,30.5533,21.1323,34.8399,36.8607,33.6525,19.3045,22.0278,34.4585,48.9891,58.7620,51.2173,33.9483,21.9040,20.6680,33.3235,79.4526,105.9240,96.2766,89.1895,27.6334,11.6438,23.2553,33.6129,43.2610,44.6348,54.1761,27.5321,26.6568,14.1030,19.0434,36.3923,46.9408,51.4294,54.1856,51.8356,50.5884,42.4791,38.3952,44.2307,51.6636,50.3433,21.8242,15.3089,20.2297,14.8246,8.5614,13.0072,15.9230,25.7526,20.2966,17.3006,21.0369,27.0574,37.9503,20.0166,28.1918,47.1213,46.9909,33.3029,22.5057,26.7738,17.4935,23.2545,34.2272,38.2477,44.4699,38.1279,31.9391,29.1210,25.3068,24.1558,22.6668,22.0650,17.1062,5.9848,6.4122,12.2397,9.4430,8.9730,17.1596,26.2774,34.9859,33.4525,21.9623,27.5624,31.1794,30.9414,29.2050,31.3727,28.4191,22.9946,18.9385,19.9502,28.8381,21.7135,15.5234,20.9625,33.4151,34.6393,24.8296,13.0291,17.5298,26.8910,27.2462
70740.5000,56677.2000,34047.5000,35540.9000,43379.8000,34787.4000,25398.8000,21695.3000,19102.2000,15785.0000,11794.5000,8717.9100,7663.8600,6965.8100,5907.1900,6332.2800,5951.7100,4258.2600,3846.5600,4104.5300,3863.8900,3289.0500,2901.4300,2236.1700,1742.7400,1418.3500,1050.3200,993.8120,952.6140,741.1790,740.0000,738.9870,688.8260,485.6540,373.1220,333.6150,256.0970,152.8880,70.7889,71.9496,120.7820,110.1490,90.5441,92.7323,86.9589,60.4734,99.6763,148.0880,161.5440,203.7940,252.6870,329.5170,404.2110,536.3310,641.6970,634.6400,589.0400,524.1460,421.0480,299.4580,171.1840,137.7160,249.6510,386.4850,412.9720,364.9810,306.3160,261.0490,280.3980,265.4200,191.9820,124.0360,89.2634,144.8750,249.5730,325.4190,365.7950,388.3100,390.2130,329.2610,248.8400,174.2890,130.4380,116.7190,115.5040,105.1050,93.0456,105.8650,114.4320,125.5940,147.3010,157.2750,191.1470,262.7000,322.8060,353.2960,381.7650,314.5080,175.6180,110.3740,127.3630,123.4480,103.0920,81.8212,70.7577,68.0300,69.9830,69.2601,64.7407,51.2869,46.3432,47.1633,53.6177,61.9141,86.6160,119.5710,131.5400,127.5320,113.6260,85.5950,79.2980,68.0341,34.3550,21.1417,41.3624,25.9219,22.0556,61.0642,81.5510,79.5494,59.8918,62.9223,115.5140,132.6970,111.6020,106.6510,96.6806,52.1870,91.4602,78.2680,82.9763,85.8757,101.1990,80.3226,32.0152,39.2349,104.1250,108.1120,81.0247,61.6419,61.3147,65.0014,61.4226,71.0934,78.3455,77.2097,56.8554,34.7689,5.8943,17.4684,21.9591,50.3074,67.6241,82.5007,50.2113,31.0649,51.1194,79.6581,77.4749,86.0282,90.1873,77.1387,57.8678,54.5335,64.2225,77.9023,82.4421,72.7370,63.4932,66.1681,68.7705,70.3799,62.4452,49.9238,25.8231,19.7527,47.4587,76.1537,94.8901,99.9962,66.4101,79.9784,80.4846,95.1219,57.1239,33.8245,26.5919,38.4325,57.6882,60.6726,60.5583,30.3188,18.2212,37.7736,60.6324,63.9536,47.1686,31.9100,24.1234,32.9404,48.9490,87.5354,101.3570,75.1923,58.1114,19.4398,28.1063,43.7114,34.9725,29.3487,30.2607,50.6851,45.4373,48.0545,44.0084,28.7770,35.4417,43.2052,51.0319,64.6935,60.9349,35.1946,42.5839,64.5787,62.9627,52.8383,39.2483,35.9355,21.0962,12.9144,13.3554,21.7628,35.1384,51.2107,60.5012,42.9972,23.7480,9.4137,21.2731,25.3698,24.7291,32.8340,39.8803,34.2824,16.6344,22.6412,35.5308,35.0333,33.4974,35.0637,38.0278,39.6739,33.8105,28.4801,27.1704,18.6343,16.5341,12.0804,8.3290,9.6518,8.4006,6.4286,13.7960,13.2961,13.9192,22.0118,27.4934,35.0376,45.3978,34.5868,21.8858,19.4145,22.1820,23.9475,7.2203,6.8643,3.7571,12.5704,22.4551,12.9685,25.7603,17.7102,21.7692,11.6059,9.6251,10.3905,15.4840,18.0454,17.6661,9.0650
70587.0000,56786.8000,34174.7000,35662.4000,43203.8000,34444.5000,25209.3000,21647.4000,19048.3000,15714.2000,11867.0000,8801.8500,7701.7600,7064.5500,5993.8900,6436.8900,6134.6800,4406.5500,3947.1800,4201.0600,3954.3300,3358.4200,2944.4400,2251.9000,1757.2500,1438.5300,1046.1600,966.4770,922.1350,721.0010,722.7360,755.7110,714.1830,525.7080,424.9460,392.9040,316.3160,193.3360,86.3485,101.1230,154.9310,139.8210,116.4640,102.1570,75.9942,41.4545,90.8241,130.6320,127.8250,172.0190,248.4540,321.0390,380.4610,492.3970,609.3170,601.5160,563.4630,501.1600,408.6400,318.2170,174.5120,102.4600,231.6950,389.4430,396.1790,365.3460,296.5320,228.6980,247.2110,237.4440,182.5810,123.2810,72.1299,36.7997,88.2309,174.2990,236.5930,252.2410,255.6760,192.3790,125.6590,95.8308,99.9094,107.0420,104.4160,107.4280,95.0966,96.7918,112.2090,132.5300,138.5610,149.7280,188.6950,244.3250,302.9150,345.1760,383.4910,326.5400,195.8620,114.0990,120.7410,127.6230,104.5400,74.2049,55.3865,44.2433,45.4593,77.8610,72.1663,48.6212,42.4451,52.9629,57.8016,67.2168,112.1150,142.4540,145.5020,137.7460,132.3600,104.1260,75.7329,64.3735,38.3742,30.3180,48.9125,32.7330,22.7757,44.0798,61.9364,66.9429,48.9112,56.4695,108.9850,143.1930,133.4700,116.6560,91.0131,13.7700,63.7872,85.0492,96.2755,91.8961,100.9610,78.3046,38.4284,39.3748,87.1799,100.0170,84.7451,58.8229,44.7158,63.0679,73.4595,59.9761,48.4882,55.4790,42.5810,21.3293,23.5393,39.9273,25.5958,42.1335,66.3299,75.7833,42.8425,20.1910,38.0237,56.2213,66.0216,58.2300,47.8916,45.9301,36.4785,42.8760,65.9791,74.8065,71.5352,53.9621,46.9254,38.8547,28.5907,22.9306,25.0909,24.1681,28.1102,44.4528,88.4377,109.2330,100.0410,93.7509,75.1710,85.3007,79.8993,85.0014,59.0500,42.1395,44.2989,41.1695,48.0283,52.9241,69.2182,32.9470,56.8409,41.4034,48.5068,45.0364,57.2978,42.3062,43.6605,27.9146,29.9231,54.1482,82.2226,71.2540,75.1691,32.6055,13.0818,19.6477,35.4822,50.1839,70.7642,87.3220,66.1988,47.7901,28.7170,13.8176,39.8113,65.4007,74.7247,73.7038,68.5602,69.2302,59.9160,59.2050,53.3256,48.5553,36.6219,26.9310,21.6168,22.7473,24.6063,8.0775,11.3159,26.2378,27.1788,10.0977,13.9201,33.4990,40.0279,43.9418,55.2063,61.1327,64.0727,50.7366,17.4087,11.5522,30.4177,43.8450,38.3326,36.0473,37.5833,49.6198,55.2264,48.4509,41.2174,20.9563,18.5705,22.8759,17.3670,11.0991,4.8560,6.2766,11.6496,22.1669,20.2755,46.5052,46.4497,40.5720,32.5989,28.8439,37.5620,34.6063,24.5569,16.7686,10.5401,10.4963,18.6755,25.8198,22.5008,13.7717,14.6495,12.4060,8.2636,21.8900,14.3520,12.3480,5.9254,6.7177,8.8900,19.9159
70135.7000,56451.7000,33690.5000,34740.4000,42455.7000,34089.4000,24947.7000,21488.5000,19036.7000,15781.1000,11898.7000,8729.6800,7576.9300,6889.4900,5744.6800,6198.9600,5926.9300,4219.3600,3783.1100,4030.6100,3773.1800,3290.4300,2890.3500,2221.1500,1724.4300,1448.6100,1093.2900,997.6290,944.3510,746.5830,740.0150,808.3140,744.9210,584.0410,456.3420,435.8820,372.2190,238.4040,138.5750,180.2780,234.3140,215.5830,184.0440,156.9280,119.4000,96.3073,121.2590,163.4700,165.9050,175.3560,220.2800,274.2720,340.7300,440.3410,574.6900,594.2930,580.7150,514.4830,443.1630,341.6260,194.1740,123.6140,235.6610,406.6200,436.0720,398.5900,336.0110,280.3980,306.5060,280.9210,200.2040,158.1450,148.1810,143.6310,152.1720,189.3690,242.4560,284.8710,317.3850,278.3740,187.7650,116.5830,74.7171,60.3315,46.6605,51.6065,72.1377,94.4554,97.0686,93.3246,101.7850,131.0920,169.7750,205.5330,270.2240,321.3070,379.8440,325.9480,182.2530,107.6220,125.0300,123.5630,108.3510,92.9088,89.4595,71.7344,67.1228,90.1762,100.6310,85.2313,70.8167,71.8535,70.8370,73.9019,99.7527,147.1650,171.2900,153.2570,140.7550,109.4240,100.3180,84.4929,47.3561,30.5906,44.1545,37.6062,30.3796,32.6057,59.9856,61.9300,45.8103,68.6183,127.4640,143.9310,124.7210,102.0010,79.8529,23.1263,90.0078,111.0620,127.5590,120.2090,107.3040,80.2958,45.6831,24.2622,69.0217,96.8951,91.0755,63.9118,15.4434,26.0006,40.6904,26.6795,11.8948,16.7892,21.9097,26.9568,40.3682,35.4074,25.7839,58.3144,74.3780,76.1488,40.2441,18.9710,37.6552,48.0121,50.6782,69.6541,65.0007,37.4104,29.9876,49.6801,58.8037,62.2640,63.6668,64.9121,59.0032,51.4828,50.8930,49.7886,58.2950,45.1475,39.6736,49.2602,91.6210,104.2350,107.5330,108.0520,101.6910,111.7630,98.5146,85.9819,32.7020,7.7941,7.0608,35.4651,59.8113,74.3230,81.1868,61.3774,27.7332,15.9743,35.0597,57.8556,62.9194,51.3524,30.8213,14.1137,21.2006,36.3177,62.1210,82.2543,91.4167,52.2821,33.6592,13.3709,28.8376,45.9456,50.6078,65.8476,68.5774,59.0346,41.3982,20.2625,19.1980,49.0091,59.9948,72.4276,54.5105,43.2048,44.1425,51.5139,58.8471,61.6781,61.7163,30.9361,12.3840,16.2014,23.8853,45.8933,44.1629,45.2485,45.2955,41.1662,30.3148,33.1013,43.1485,54.2361,55.6926,49.2462,37.8124,28.0205,18.4456,18.6653,36.2459,42.3776,41.3483,44.1926,53.0542,57.4461,53.7575,48.0100,42.4564,33.4599,19.5282,11.5634,20.5443,19.9286,18.5869,19.7873,34.5577,29.8260,30.2107,25.2817,28.2420,24.2977,23.1403,11.4475,13.8604,10.2964,8.4147,11.2216,11.7152,20.6179,15.3112,16.0266,10.3827,4.6706,6.2593,10.5154,15.2194,17.9771,15.8471,11.8001,4.5135,15.2866,14.9723,21.9841
70708.9000,56702.1000,34003.4000,35355.5000,43261.3000,34837.8000,25545.4000,21989.3000,19417.9000,16180.8000,12083.0000,8808.7900,7523.7000,6785.0500,5655.9200,6078.9900,5842.3100,4214.8700,3710.9400,3902.9200,3708.3300,3252.4500,2902.1000,2271.2800,1796.7800,1458.0200,1066.7200,986.2830,889.6390,659.0500,650.6910,735.8520,706.5790,563.2050,461.4700,413.9400,334.4190,233.0900,131.5330,143.5080,188.2540,185.3240,168.4960,148.2270,118.2210,86.5068,124.6980,151.9100,147.2350,186.0750,238.8210,301.7330,354.9830,475.5420,591.5480,582.6420,547.0980,476.6540,399.9990,301.0120,158.4290,80.5271,195.4720,367.6440,420.8020,387.2000,337.2850,291.5590,309.8640,300.4670,221.0830,184.3100,179.4610,159.4190,151.4700,193.2890,252.2390,292.6910,321.6920,279.8950,180.2520,108.9430,81.7273,68.5479,52.0255,53.1663,69.3828,91.3404,113.1350,126.4510,115.8270,133.8390,172.4420,209.3590,284.9560,343.5050,410.2440,348.9760,192.9240,107.7590,131.5760,138.4800,115.9580,93.1190,88.6904,82.6774,83.1679,111.3490,108.9410,87.3702,81.5443,82.8243,71.0584,49.5189,82.7590,131.4090,144.7430,136.1060,126.9630,107.5580,74.2746,42.5809,24.4209,27.7474,37.4356,24.2875,16.4586,45.3441,58.4504,56.4917,45.6717,60.3702,102.8840,137.5710,122.2820,100.8770,85.1162,45.7120,106.1550,113.6660,125.0960,117.7250,100.2300,81.7107,51.5910,35.7474,66.6025,86.6324,79.6680,52.3248,27.4743,45.9063,64.4529,51.4103,22.5627,11.8786,8.4872,8.0753,25.1761,22.8951,11.4206,32.2396,58.1364,46.3328,29.6298,25.9468,46.9766,68.2409,64.0858,49.7940,48.4341,38.0638,28.3200,45.4245,56.9860,54.6432,38.5079,43.5138,58.7864,44.6271,34.5389,29.1984,31.0059,25.0360,36.1026,53.9607,100.4270,107.2160,111.9870,118.0850,111.2610,102.0410,83.3854,77.5425,51.3084,27.1605,29.9552,41.2421,59.3855,62.2749,63.9883,38.3465,12.6585,29.1456,46.2541,62.9831,70.4973,47.0172,24.0846,15.9041,24.3656,59.5300,84.5553,94.2118,91.1327,53.3015,28.4245,21.2775,39.3009,50.0305,60.9147,52.4362,44.4028,33.8851,40.0611,26.0988,63.2817,67.9605,70.1783,68.5533,61.3198,59.7114,59.6487,61.3895,56.2717,50.8046,30.7153,13.6841,16.9758,14.8064,28.8680,43.4000,43.6880,40.4950,29.3769,36.1263,52.3894,60.7245,68.3227,72.3721,76.6807,76.0081,73.1950,61.0761,49.7962,49.1453,62.5189,62.9840,46.0858,36.7077,33.2351,36.4338,32.9854,32.6570,39.7891,37.4239,22.3131,14.2998,9.6412,12.8989,9.0355,6.5742,11.6201,17.3184,25.6201,38.9859,54.1221,55.8710,58.1497,45.3758,41.9320,35.1083,29.2330,9.7730,7.7601,10.1976,5.1377,12.2694,19.6341,6.4551,11.6816,27.2843,26.2197,28.6682,35.3624,32.8356,27.2025,19.5104,18.9510,14.7131
70697.8000,56848.3000,34182.7000,35776.4000,43438.0000,34639.2000,25427.1000,21903.4000,19297.7000,16077.7000,12048.3000,8771.0000,7422.6000,6753.7100,5594.2500,5965.3200,5782.2200,4131.0100,3549.6800,3751.4800,3576.5000,3193.1400,2841.4700,2205.8400,1722.2700,1386.7200,973.4370,874.7820,771.8720,535.1850,497.3410,600.1650,585.0340,463.2290,357.6120,336.2750,266.3880,148.6110,64.6513,106.6650,152.4780,127.5640,93.9633,75.8728,55.5620,29.7771,62.5326,89.9481,86.9048,123.9640,178.3960,251.1070,326.3930,457.8340,581.6680,600.9700,583.3070,519.7220,422.8790,320.7340,195.0520,103.9260,206.5400,411.6350,466.1930,411.7250,345.0580,293.1500,313.4050,302.4720,238.2170,188.0640,132.1010,64.1573,36.9244,122.7100,210.1390,224.9100,225.4580,177.6530,115.8380,68.2341,52.9966,59.6675,58.2443,62.1635,76.7512,84.4942,101.1880,111.5970,117.6200,137.5030,163.7100,199.3400,268.8210,319.7920,375.4460,318.9480,174.6850,101.2080,128.2770,127.1580,111.9730,87.1107,79.5493,83.1265,89.9986,101.3210,99.2738,88.0626,75.7988,62.0128,59.0479,64.2969,88.1291,143.2120,176.3440,149.5350,125.6530,91.2105,85.9398,65.7829,23.4320,14.8963,50.5521,36.8479,25.6916,36.8158,53.7779,68.2403,26.5867,34.0956,89.5829,117.9390,119.6110,111.0120,96.1171,18.3130,57.3089,76.1500,97.7396,105.3360,100.4170,81.9222,49.7680,21.9177,53.2544,75.4677,65.7600,45.5584,36.0133,42.4205,44.6133,37.0659,17.9709,12.5382,8.7057,12.5035,29.7715,36.2452,26.0567,49.9344,74.9896,62.3724,38.7712,36.9010,64.0212,86.5428,73.2460,71.6130,69.0970,36.3956,28.8942,70.0582,79.9041,71.3905,53.7916,38.1984,36.2184,40.8984,42.0415,21.8322,30.1998,25.8229,38.7283,59.6205,96.3745,104.9130,96.1518,96.3440,95.3204,93.4371,70.7904,81.7199,56.9167,53.8121,43.0378,44.5258,63.5656,59.8822,59.3770,25.0281,34.9396,37.4042,46.6062,53.0547,59.3890,35.0778,25.8582,14.5086,30.5455,71.1254,104.3800,89.7255,78.1013,15.7263,12.6686,35.2434,33.6679,36.4256,46.1953,58.8318,52.8566,43.1578,42.3632,22.7722,48.8857,52.9986,57.3031,58.7479,58.2976,52.0678,43.1148,45.8724,47.6484,46.8670,41.1742,24.4013,6.5693,8.7019,9.8396,41.0554,47.2945,50.5032,48.2635,40.7632,25.2268,31.3434,59.9178,62.4460,49.2788,44.3415,42.0139,38.5905,8.1076,14.5923,38.0876,40.7841,39.5247,42.5210,40.3087,56.9014,68.5583,72.3532,61.6119,39.5773,40.0617,34.6770,26.7646,23.3451,30.2183,36.6211,21.5381,13.3083,14.8005,33.0546,39.8697,38.1363,41.2813,43.0183,23.1731,10.7254,14.7569,18.0209,18.0433,9.4599,6.8853,10.1371,16.3171,14.5109,10.2751,5.1606,6.0351,14.4265,17.6524,19.7094,21.8011,25.4825,26.3324,29.7444
70073.4000,56406.6000,33689.7000,34820.1000,42505.4000,34104.3000,25026.6000,21581.1000,19121.9000,15985.1000,12023.4000,8655.8300,7336.5300,6676.5500,5413.3500,5788.5200,5619.9700,3940.6600,3424.2300,3706.0400,3516.5800,3193.1800,2822.7800,2165.3500,1685.9800,1412.0800,1020.1900,912.2140,844.7670,615.2560,608.1880,696.3880,657.4000,537.5450,436.8970,410.8860,328.3950,218.9050,133.4360,167.6570,221.7130,201.8380,160.5330,144.9500,114.1000,83.2132,122.4860,163.2920,150.3330,186.5430,243.5610,297.3470,363.7270,484.2860,603.2200,580.8280,543.5730,488.6400,400.3550,274.1010,138.0250,97.0184,231.8530,431.6280,465.9630,388.0330,300.8250,267.9420,279.1010,252.0020,188.4790,127.0600,47.5746,73.7453,194.8890,279.7940,325.3790,320.5710,301.6210,243.8240,199.4720,159.1640,119.0820,117.5160,111.1590,89.1130,77.2654,92.6550,120.8690,129.7310,134.4490,148.7280,177.4860,223.7940,293.3100,339.2320,391.0010,323.6580,165.7750,89.8082,124.4260,126.8420,104.6820,94.9624,83.2597,74.5410,89.3209,113.3520,113.2630,72.7429,48.2502,50.6392,57.4081,71.6677,94.1607,143.3180,161.1750,139.6210,128.9400,111.1730,91.9056,65.1078,45.2888,27.3090,4.2167,5.7117,18.6352,26.1676,38.6860,34.6737,23.5838,49.0803,103.6800,128.4240,129.4190,125.2580,122.2830,51.9771,50.2158,43.4360,57.7826,66.7453,80.1826,62.1408,25.7282,20.2137,74.8623,102.7140,82.3276,59.0110,54.9918,66.2690,66.4424,58.7111,45.7786,40.6535,31.9399,12.8135,14.8282,30.7432,30.7663,63.5947,81.7393,74.5104,39.3048,28.1527,51.7060,64.3234,60.9143,72.9881,57.6292,28.3894,32.9042,65.0626,69.7650,66.2104,54.3170,49.3403,51.6331,44.0074,34.1948,31.9917,40.2986,49.6465,48.3476,61.9416,77.9198,92.3659,90.1790,94.2660,72.7530,76.8390,72.5210,83.6143,56.9724,36.5841,31.3930,42.3171,68.2422,57.3708,59.2787,15.2983,37.5260,45.7270,60.8088,81.4871,72.5774,48.8484,31.8777,26.5255,21.0169,46.2369,58.3298,62.2161,66.6714,29.2652,18.4789,42.5788,44.6458,47.5951,55.4080,67.1590,52.5204,40.1508,40.9986,23.9238,48.8235,48.9864,52.5557,55.3691,46.1892,32.3579,39.8175,43.2892,41.4047,41.9680,41.7163,24.9237,8.7539,22.2124,23.7385,48.4348,33.2170,28.0034,13.7204,20.1273,27.0297,35.7330,52.7904,60.3089,53.7112,45.5440,36.6805,29.2103,27.2409,31.1073,34.6433,38.1170,40.5980,48.1065,56.3946,56.5343,51.1995,49.1261,47.2448,42.2335,29.7178,15.6743,13.5009,16.6200,17.7013,11.6868,10.2218,16.6463,32.0759,38.6119,31.9356,29.9730,29.4355,36.2614,41.2579,31.8412,26.9047,24.6767,23.5489,3.2121,11.9240,15.9914,12.5792,19.1908,20.1920,15.5555,10.7066,17.0697,12.5452,16.5806,23.8140,23.3627,8.5597,20.5147
70583.0000,56562.3000,33869.3000,35194.8000,43121.6000,34752.1000,25457.2000,21916.0000,19401.2000,16179.2000,12085.7000,8787.2300,7522.8000,6767.3800,5534.9800,5927.1100,5700.4300,4023.8100,3561.8100,3898.8700,3691.2500,3325.5400,2900.9100,2209.5900,1716.7800,1416.2200,1032.2700,920.4040,836.1700,625.0450,616.7860,688.2640,653.4230,490.9670,385.0790,353.8980,282.7390,180.8790,98.9556,124.6910,168.4180,176.6370,163.9660,153.1760,127.8240,116.2670,145.4310,177.9000,191.4260,214.5370,259.3530,308.0840,371.3710,510.7410,642.9680,602.3870,555.8860,475.4090,381.5270,282.0340,156.0770,105.9290,216.3570,377.6970,423.8160,364.4210,284.4320,238.6760,263.7470,259.6520,171.3470,110.4310,102.8000,158.0120,252.9410,320.8800,351.0260,353.2890,349.2130,281.4020,216.7290,178.3450,128.7100,106.2890,94.0569,80.4370,77.3467,97.6049,119.6480,140.6270,141.3580,136.1940,170.7170,244.6790,319.0760,362.6550,406.2980,339.4340,182.6140,94.9059,117.3240,122.0460,108.7070,111.1590,95.9525,88.5673,100.2810,118.0370,107.7200,91.2692,74.7733,62.1699,61.8738,82.7152,114.2750,141.5500,173.2670,165.0280,166.1840,126.7610,90.1523,59.5095,33.9319,13.4439,59.9541,40.1449,39.5530,29.0671,37.8320,38.5788,39.1158,65.4770,116.5490,129.0470,121.7460,122.0700,124.1520,60.8971,70.9719,53.2783,66.6903,83.8659,87.7421,52.5181,21.7716,29.8655,81.9954,105.1350,74.9560,52.3664,51.9055,69.5755,70.0909,81.0790,90.8562,66.3944,54.7507,50.4706,40.7099,31.2421,27.3378,29.5784,48.6814,69.7880,39.8290,21.2141,28.7122,44.6002,59.4258,70.2209,52.4990,41.5618,42.4271,43.3814,50.0237,60.8104,59.2374,38.6447,39.6479,41.2378,31.9335,25.9384,29.1646,22.6516,25.1233,30.8352,60.9570,81.6297,90.8097,97.0740,100.3010,102.1600,81.8045,68.6280,49.3612,19.3508,24.4162,31.8047,68.6377,72.8861,74.9809,33.4729,31.5124,57.1165,68.2581,72.3597,70.9382,57.1196,48.8027,37.2197,28.5249,51.8127,71.7650,64.0422,66.3252,31.8000,12.4372,15.7986,23.6322,30.9397,43.7179,62.5134,58.0965,51.9606,42.0152,19.9613,34.1845,38.4208,46.5523,53.3187,54.4012,61.2932,76.9912,78.4648,71.5241,68.3876,59.9264,35.4880,20.7223,21.9740,11.3714,13.7073,23.0033,35.9477,36.2983,21.2050,18.9694,29.8341,37.9796,42.7060,46.3128,47.4149,44.5378,29.0188,16.9696,26.6421,28.9833,21.9946,26.8509,31.3830,39.3080,48.6988,47.3781,42.8304,38.3774,32.1214,27.5426,23.1256,19.0921,15.5948,7.7864,4.3435,8.5732,9.2733,15.2761,16.9885,25.8443,35.1544,43.7628,34.2400,16.8704,24.5801,31.6402,24.0993,14.1699,4.1258,7.3958,9.5083,10.0633,7.4445,6.0363,10.6313,19.4300,22.0278,23.6904,21.9696,20.0903,17.7504,13.7391,4.9075
70676.7000,56706.4000,34127.7000,35780.2000,43427.1000,34624.0000,25339.2000,21770.8000,19134.8000,15821.8000,11837.2000,8679.5000,7434.5900,6710.9300,5564.3700,5993.8700,5769.6500,4087.3300,3708.0900,4075.8600,3824.9100,3360.1100,2908.2700,2173.6600,1646.4300,1346.1600,967.4730,866.6830,820.7030,627.1880,614.2840,665.4570,607.6350,423.8490,314.8400,312.4130,258.3600,139.3290,57.2696,120.3720,172.1620,152.4470,134.0380,116.6930,80.6050,57.1404,102.6220,137.7010,136.6380,167.0850,219.9750,287.2040,359.3980,495.0850,616.8910,622.0770,587.7340,519.3960,421.7320,309.5820,182.2740,121.3930,227.8230,397.7550,431.5470,376.1680,302.5170,279.5900,293.0850,281.2660,196.4790,135.9010,139.7260,176.6380,211.6700,244.8420,292.1770,316.4490,328.1810,275.2360,189.4020,118.7260,82.2378,70.4769,69.9644,58.7000,58.1939,82.1232,113.8330,126.1110,127.1880,138.5700,178.4510,256.5310,332.2350,379.7990,420.8530,358.0290,203.9710,108.6940,139.1650,162.4840,148.5320,123.9370,109.9330,99.8143,104.6140,131.1190,120.3150,78.1818,65.6871,64.5087,68.5095,53.3971,68.4529,130.8650,157.9890,132.6030,121.5090,74.6485,54.0405,34.7711,33.9056,31.3964,63.8240,36.6425,19.8429,61.2733,71.3386,70.4449,35.4245,61.9768,133.8050,145.8730,116.4860,111.8640,91.4507,42.4012,77.0900,74.0407,85.5135,94.8111,101.9380,66.5878,30.0509,57.8766,108.6590,112.3880,85.6658,61.0609,64.7990,90.0628,101.9640,78.7306,86.1554,90.0554,56.8311,30.5891,24.2250,29.4933,23.8909,36.5483,47.5653,54.0308,26.7103,32.6996,66.2555,93.3625,98.1484,94.1012,77.7734,62.0760,55.8863,59.8699,71.0635,84.0928,91.9064,83.1496,70.0717,56.5761,51.1211,46.0561,47.3118,47.3705,35.0292,32.2279,54.8418,69.4613,80.5848,94.2593,78.3953,84.0313,87.0044,99.7504,76.7125,38.5612,29.7758,31.1159,51.5822,52.8684,63.5140,43.4121,13.5707,15.7512,30.7719,47.1195,59.3468,57.2252,54.3809,40.7874,36.8551,45.7312,64.1839,54.9949,75.2470,40.3027,27.7029,10.0234,20.1991,32.0031,48.3050,66.7646,52.0307,36.2471,17.4438,9.1424,45.2531,59.2252,65.8859,64.1846,70.7910,75.8230,68.2059,76.4329,76.5943,68.4348,48.6087,38.1090,43.4953,30.0750,18.6106,23.6822,30.8369,41.5369,34.3892,16.0406,20.4104,27.9068,36.2726,44.8108,42.8117,38.3257,33.3927,23.1673,25.1814,32.5132,30.2292,25.6930,35.7087,33.3579,28.1693,28.1301,28.3413,21.0933,16.9957,11.8527,21.3427,23.2772,19.6585,17.4099,7.5646,6.6254,9.5953,20.4170,13.4814,8.5215,29.4935,37.1800,44.9431,26.4991,15.8906,14.1020,7.2198,4.1855,5.2195,12.4195,32.3205,21.1314,11.5724,27.0649,31.9163,33.3691,32.4743,33.4781,25.0409,13.4485,11.0409,14.0840,11.4384,12.3371
70004.7000,56370.0000,33623.9000,34839.2000,42484.5000,33941.4000,24800.8000,21279.1000,18760.3000,15491.3000,11633.3000,8454.7100,7327.0900,6655.7800,5484.6000,5972.8000,5742.1800,4041.7000,3831.1900,4256.7400,3911.1800,3386.9900,2900.1200,2208.0600,1705.1200,1433.5400,1072.6900,993.0200,984.5090,811.2140,760.5580,794.7720,702.2460,522.4780,421.6920,427.3790,353.9100,217.1250,138.4100,200.6780,263.5900,233.3220,181.9070,143.7120,106.6910,96.8229,135.5430,164.8330,151.8990,177.8450,234.7320,296.6130,364.4010,479.1650,609.8500,623.2620,601.3180,529.5640,421.4310,321.4230,203.9170,131.8520,238.6500,424.2240,464.8940,425.5450,373.3340,318.7630,319.3050,298.1060,221.4730,159.8250,128.8130,110.3760,123.2310,195.6930,263.9810,297.0000,302.5050,227.2090,139.3350,85.5868,76.1696,85.4679,93.4460,96.9469,93.9400,93.1671,103.0760,126.2820,129.8840,151.1250,199.4600,242.6780,311.1910,360.3520,416.4310,347.4010,198.3430,126.9690,144.9760,144.5790,130.1590,100.3820,92.0597,88.4145,86.8741,94.9381,77.2466,49.8872,53.7461,54.5081,54.0916,43.2040,64.7935,100.1510,121.9100,113.5000,106.3820,64.5526,37.5030,35.4258,23.3284,30.4344,76.4718,43.2517,33.3127,51.6249,67.2784,72.8885,56.6678,68.8261,126.3330,141.9580,110.6880,97.1553,62.8160,33.5014,68.8820,81.9125,98.8768,111.4870,113.0430,70.0471,28.4734,52.0373,119.0680,136.7280,108.8040,83.6958,56.8242,70.4625,91.9794,102.6800,92.9738,70.2239,50.4556,32.0478,22.0545,19.9473,15.0571,36.4958,46.0800,55.1030,29.1454,19.2532,38.9593,61.0191,55.2371,44.7281,40.1334,30.5311,28.5604,59.3019,73.4996,78.9814,71.9018,63.0091,50.6465,40.6580,44.9002,43.8063,46.5053,35.4100,42.9950,55.1304,89.6947,91.2468,83.2027,87.0491,84.3098,74.7670,65.1769,63.2707,52.6547,37.0644,44.1383,36.5848,46.9951,54.6852,62.5644,39.0114,20.3561,42.2129,63.2487,60.3611,62.6425,57.5519,55.6671,40.5905,30.5707,51.8118,63.4176,59.2089,52.9452,19.9204,16.0922,36.1349,53.4445,53.5859,54.0288,44.4762,28.8358,20.3913,16.3569,30.6833,54.5299,69.1917,78.0002,83.7770,66.8363,45.0261,62.1763,76.1524,60.8894,45.8026,30.1897,29.9854,26.1593,13.4359,5.0988,5.1875,16.5868,25.6127,29.8989,11.3768,14.2937,35.4283,46.0014,36.7678,37.6004,46.8212,50.6028,47.3799,30.1269,21.7327,33.8898,40.8846,36.2179,50.1101,55.0435,67.6804,43.1195,28.1012,22.0803,22.6177,23.0074,23.3096,20.7348,32.8167,35.9783,32.8351,31.0618,29.3407,22.2011,24.5796,37.0712,24.1225,12.7560,19.4147,21.3654,17.4920,14.4070,24.5732,14.4506,15.1159,38.5599,36.4116,32.4054,33.0590,35.1964,29.7376,27.7750,22.5214,16.2010,18.1237,21.8395,21.6686,9.7865,8.1817
70298.4000,56379.0000,33582.0000,34811.9000,42736.5000,34315.5000,24960.3000,21384.5000,18907.4000,15531.1000,11634.0000,8580.4500,7536.2100,6749.3500,5646.3900,6187.6800,5876.8500,4219.1100,4127.0300,4519.6400,4097.1100,3441.4900,2902.1600,2216.3900,1717.3900,1430.0400,1107.9100,1052.5200,1040.0000,885.0160,821.6970,814.7930,715.2190,517.5120,410.4740,425.4460,356.3790,211.6100,141.4790,208.6790,248.0740,216.0590,175.2400,146.6770,112.5390,88.0855,118.9630,159.7170,152.5250,173.0290,220.7620,276.3460,334.8390,456.2030,592.8310,606.3360,586.7630,524.7760,445.7530,329.2400,193.8120,135.0790,235.0320,408.6340,464.1810,455.5400,395.9000,327.2160,311.6370,272.8780,236.1700,185.4310,123.3270,63.4287,110.0270,195.5860,256.7660,296.5170,301.7990,237.4020,168.1940,124.7920,111.2930,121.7560,128.1920,116.3290,106.9650,117.3890,134.0760,137.3030,138.6120,152.6440,187.3530,238.1160,304.9240,347.7220,398.2880,342.4210,187.0310,106.1520,133.5450,136.1200,115.2030,84.0609,61.7348,53.0699,58.8251,69.1747,57.3422,36.0988,26.8740,12.7207,16.0230,30.7037,54.0571,88.0854,125.7150,119.1920,111.0020,72.3495,49.1205,36.3596,34.5895,24.5418,51.3798,23.1527,29.4816,104.1510,107.0550,100.2390,74.3787,66.9460,106.3850,120.5000,93.8864,87.6224,58.6056,32.6314,68.7590,75.0132,86.4954,84.6492,82.4693,61.7820,27.7489,31.0097,97.4733,109.5170,90.5083,70.2440,45.0398,51.7892,74.0212,87.7831,68.1968,51.3958,35.7445,30.2352,22.6937,24.3231,16.8680,28.8712,38.3982,38.4476,15.1951,24.6572,38.4957,52.7363,53.0640,41.9553,31.6053,30.5107,31.9004,39.7615,49.4053,60.3400,66.1771,63.4369,56.2048,46.0829,33.2386,28.0557,36.2868,66.5502,63.0267,71.4073,94.6719,113.2380,101.0440,102.1060,86.7048,100.2270,78.8878,68.5193,30.4749,26.9404,27.5652,40.2926,56.1249,59.4731,55.3161,29.9167,27.7369,44.9266,65.5439,82.5078,80.9187,60.1271,45.9845,34.7887,19.5133,53.0612,63.2706,66.7751,65.6650,28.0773,13.1587,11.9958,19.4743,32.2504,50.7008,75.1891,50.5264,37.5107,17.2243,19.0079,25.4139,51.4861,57.5622,56.3644,28.7866,28.1481,45.4746,61.5650,57.3403,52.3228,31.1767,27.8899,35.5521,25.0862,16.9574,23.0781,25.2774,31.2488,22.5466,10.0934,14.6789,22.0447,34.4032,57.7593,62.7481,53.9974,50.3278,48.1714,51.1832,34.1600,27.4365,46.2072,55.7692,49.6078,48.9739,51.8482,51.9430,46.6328,55.8659,37.1122,19.2900,25.9126,31.8868,34.1119,19.4311,9.4594,10.9108,18.9001,18.3268,10.9776,4.7970,3.7386,5.6510,15.1517,17.2920,9.4308,7.5336,10.8676,11.3057,11.0910,14.8842,17.1474,11.5453,13.7561,17.8279,20.5066,18.9031,32.2758,34.8059,28.8127,22.5610,19.4861,14.1716,8.0378
70466.9000,56461.1000,33855.3000,35505.2000,43230.4000,34395.9000,24974.7000,21245.4000,18612.6000,15158.4000,11297.6000,8436.2400,7532.0400,6782.9300,5764.3300,6343.3900,6027.8900,4414.8600,4336.4900,4593.7700,4156.1000,3343.6700,2885.2500,2215.2100,1729.9300,1412.2400,1066.1500,1051.9600,1080.2400,880.9060,847.0100,751.3130,694.7280,463.5860,346.0800,354.1140,297.8750,172.7120,81.6781,116.8570,168.6740,150.3490,119.1840,80.0044,52.8586,39.7611,76.7808,116.0960,117.2960,144.6390,185.7220,256.3820,329.2070,461.0480,602.2610,633.2420,626.4090,568.8190,443.5400,314.5700,214.3010,165.1520,255.4930,418.2180,454.6230,439.2550,341.3990,262.5080,237.3490,190.7650,145.4510,87.0761,52.6780,109.8990,215.1490,267.8840,291.4770,303.6420,298.0050,264.8450,208.3190,162.8850,137.7520,136.2070,119.0880,107.9020,95.4126,104.9240,126.4890,137.4670,140.9970,166.6230,200.0500,238.0280,307.4530,346.7650,403.9470,340.5250,190.0480,125.9660,142.2330,142.5220,124.3560,93.1044,70.0509,67.4727,77.7659,82.6624,72.5512,46.9492,29.5753,22.4276,30.6529,51.3488,73.9712,99.2153,116.6250,111.6340,101.8240,81.9384,56.3278,40.8964,29.3032,18.4231,33.9331,11.3236,23.7066,88.4311,86.6739,109.3890,51.4663,39.5660,98.0140,113.8420,105.2100,102.0160,86.7446,31.8280,49.2889,41.4535,46.2747,50.9302,60.8491,31.4872,19.5525,52.9803,107.3700,137.9270,121.9570,104.1390,71.2615,62.4999,68.8842,70.8398,55.6873,32.8091,16.2943,8.4934,32.2089,37.5741,19.9921,31.9601,60.2541,66.6132,49.9601,16.5577,32.8574,54.4715,42.9388,40.5866,50.2707,37.1683,20.0897,31.2936,57.8220,61.6937,49.8008,28.1799,31.2387,29.3820,20.1191,14.0891,18.5249,26.1737,38.9121,59.5591,79.1670,93.6328,100.9320,116.4610,114.9890,114.1800,95.7540,107.5830,72.6870,47.9446,30.7759,36.9641,73.4986,64.6783,60.2439,22.7709,17.6292,25.5012,40.1895,63.4747,52.7712,33.7608,23.6594,34.9847,40.1958,79.1787,92.4312,66.5383,54.0057,9.4077,17.7422,22.2397,20.4727,20.2488,24.4732,38.9725,36.0009,34.9164,36.6440,31.7610,34.1433,49.2534,51.5935,57.9201,42.2806,23.6563,27.4519,46.3043,43.5584,38.7533,22.8679,16.4791,17.1619,13.4192,16.1291,28.6310,31.3173,27.9530,20.1613,28.4368,43.3134,51.0465,53.3133,61.3524,58.9982,49.2456,41.3813,33.9966,21.3731,12.7588,23.2053,37.4317,35.0540,24.1711,19.2347,21.5494,24.4267,31.3197,32.6210,28.0477,29.8221,35.2649,26.8529,11.9514,15.3795,15.4747,12.7732,9.4852,19.2041,29.5124,29.8939,30.0580,29.9707,24.9835,29.3828,41.6400,31.4538,22.4780,8.1818,4.6479,7.6909,15.1653,20.3238,19.1812,6.0283,11.6593,20.6147,17.1659,24.0665,27.1850,28.8494,20.9550,6.0751,6.5372
69866.9000,56270.5000,33575.4000,34861.7000,42415.0000,33716.0000,24512.9000,20881.8000,18277.1000,14846.7000,11206.4000,8391.5500,7528.3800,6869.0300,5818.4100,6378.0200,6109.7100,4515.1800,4422.6000,4592.0800,4135.8100,3332.8600,2906.6100,2250.6400,1755.3000,1484.5000,1159.7500,1125.3500,1162.4700,970.7720,912.9120,798.6110,702.0780,493.3140,394.9370,386.0970,328.3350,208.2820,129.0680,147.9330,189.3070,188.9940,175.1920,149.8030,115.1790,84.4853,128.8090,168.4980,154.4480,174.7310,239.8700,296.3970,366.8360,494.6860,625.7110,611.0080,576.3170,523.1790,392.9440,274.7420,203.0780,137.1990,170.9280,312.2850,360.9860,358.0950,282.2360,203.3190,202.6000,186.7980,103.5030,47.0433,95.3873,166.1550,213.6460,246.2050,288.3880,320.0760,329.2610,269.4590,175.3410,104.1280,79.8282,96.5266,107.8150,105.3660,117.5840,117.2650,115.6960,116.3380,119.1020,150.8520,201.8340,252.7250,322.6270,361.7000,412.1020,337.8190,191.0760,118.4970,128.6670,124.3020,99.4188,86.9627,75.7088,64.8656,38.9612,42.8019,54.7503,25.6679,13.4593,11.6328,21.9710,40.9513,73.1197,131.6320,159.4550,137.4700,123.0190,88.6974,79.0985,64.2408,31.0786,33.0318,64.8396,53.7583,36.0262,65.0720,87.2300,113.5210,75.1383,69.8091,122.0230,132.4080,116.8450,108.0420,85.4376,39.6499,14.6752,20.3486,37.1507,54.9824,61.6423,45.5967,33.8929,62.8961,121.1410,141.0170,109.4170,83.4172,67.6291,79.6347,82.9074,59.1936,44.5873,32.1623,16.5169,15.8079,31.9978,44.2763,26.5552,35.6291,59.9713,68.7266,46.0950,24.0937,33.7691,55.2619,46.2914,38.6572,27.7505,17.5045,9.7851,27.3542,30.7998,34.8301,35.2844,27.6233,20.6344,25.3304,30.8710,37.8480,47.0669,47.7592,41.8854,45.1963,67.6839,93.5361,88.5563,102.8500,82.0018,94.5877,99.1885,112.2650,82.8628,50.8003,51.3216,55.2611,54.8004,55.8352,56.0720,48.1782,10.5819,31.0076,64.8753,87.7983,68.2632,51.7138,36.0325,25.2749,24.0690,51.7700,76.5602,71.8519,76.0543,37.7173,16.7738,13.4633,27.1157,38.9662,55.6764,59.5300,53.4791,47.6249,41.8669,29.7771,21.8759,41.9878,50.9848,62.4540,48.7711,33.8974,36.8915,45.9391,48.7215,50.1602,41.4835,16.8389,15.8248,23.5367,19.2671,24.2474,30.1177,37.8775,48.9830,32.4425,25.1953,28.3651,18.4459,22.5896,39.6898,45.7137,46.2438,44.4855,30.7433,13.4131,24.3397,34.1807,29.9794,35.3555,44.6453,51.9416,32.5169,24.1206,19.7515,19.6759,10.4982,8.3148,11.1240,18.3639,21.4471,18.1630,16.5679,12.6727,15.4982,29.2843,51.2319,47.9673,48.6285,33.6814,26.0634,21.7574,15.8469,12.2308,13.9888,10.6579,27.7013,23.4293,21.1167,18.4888,16.5245,13.4933,30.3776,40.1470,33.2330,26.1088,25.8144,26.6311,21.9957,11.3544
70034.4000,56203.9000,33444.3000,34615.0000,42454.8000,34017.6000,24681.2000,21035.4000,18521.0000,15079.2000,11317.5000,8500.8100,7684.0700,6925.1000,5841.6100,6416.7700,6104.1700,4540.1200,4490.2400,4618.7100,4126.7100,3321.7900,2859.1900,2224.0800,1746.8500,1475.4400,1193.9600,1202.6500,1194.9500,963.0530,895.9630,766.2250,672.1770,459.2600,379.6390,360.8040,291.7350,184.7470,96.9013,153.0100,206.5230,183.4450,162.5700,141.7440,106.3410,84.0006,129.5800,172.4360,158.9460,185.7800,229.8900,275.3860,335.9080,463.1850,603.2450,595.3220,574.9260,502.3310,387.0950,284.7790,181.2200,101.3310,191.9580,374.2140,411.2900,402.8160,322.3430,238.8960,225.6950,203.4950,157.5640,138.7560,135.9510,117.7200,128.4240,192.9890,247.6330,290.1850,284.1780,202.9780,125.0410,105.7200,130.0320,129.7950,126.6690,118.4840,127.6190,117.0630,112.7210,111.3130,128.8270,174.0610,213.6030,265.3500,336.0590,369.3440,414.3560,328.4200,161.5780,92.9130,132.9310,148.9090,124.9880,104.9750,74.3821,49.8507,41.0012,41.1418,29.6687,8.2228,6.0048,4.1474,9.6605,25.4949,39.7942,93.9289,107.5330,95.5400,93.0572,67.9892,44.6098,38.5546,20.0315,10.7105,26.2820,12.3011,15.6299,71.5040,81.3263,80.8334,62.2826,58.7132,97.2497,104.1150,90.7319,88.3491,94.3515,75.4562,63.2774,69.8451,59.7746,64.1379,64.7929,48.5198,18.0905,40.1125,94.9781,114.1980,99.0421,79.7611,67.6287,57.2714,43.1033,23.4682,27.7914,40.3027,25.6641,14.7312,33.3413,38.7209,23.5635,34.9098,63.3032,66.7379,47.7513,24.3221,50.5573,74.9797,65.8698,68.0255,50.9816,28.9835,26.3308,66.9425,80.3289,86.3003,83.9739,64.6098,52.7833,47.4610,42.5347,38.1408,39.2258,37.7717,34.0395,36.8607,64.3927,77.1328,82.3131,91.9603,88.1625,109.5650,116.5100,140.2510,99.3564,56.4430,34.8247,38.7836,67.7028,59.9086,63.1991,31.6955,11.0683,20.0077,39.5622,60.3929,62.9631,44.0469,34.3920,27.1262,28.9207,49.3699,68.3602,57.0950,63.3234,39.7804,30.0063,21.3120,14.8412,32.8594,70.4127,84.6816,76.0479,66.6593,51.4726,19.8829,21.9415,44.0571,70.1302,88.2279,60.9115,40.3931,59.2538,74.9987,76.1062,72.3883,57.8982,29.2524,23.3527,29.1399,18.5401,17.5347,18.4842,33.4997,28.3117,11.5735,10.7418,17.4438,20.1106,24.2835,28.9287,36.9031,40.6458,39.1402,23.1079,18.2644,31.3144,37.7757,28.8014,29.3110,36.9590,59.4707,58.6900,57.8188,59.9261,58.1412,40.9526,29.9465,26.3467,24.6589,16.6022,16.0244,12.6613,11.4153,10.7422,28.1532,54.0098,45.2484,39.8812,23.0441,22.8200,24.1507,35.1589,38.5930,24.3400,11.7008,27.1566,28.0095,21.8890,20.2821,18.9676,17.3021,35.4476,48.2594,30.3325,18.8658,5.0702,12.6798,14.4629,17.2508
70410.5000,56390.5000,33758.3000,35331.6000,43091.8000,34309.9000,24853.6000,20994.6000,18278.6000,14756.0000,11011.3000,8371.9700,7674.2400,6949.7400,5944.3300,6525.6900,6214.7200,4665.8400,4526.5200,4527.4800,4061.8800,3188.2700,2800.6000,2182.9000,1713.1700,1458.2000,1170.1900,1168.1600,1194.5800,1007.1900,874.2620,766.3690,630.2930,413.0760,327.2330,328.3270,272.6850,153.4610,62.7654,119.5550,168.8650,145.4190,112.9540,99.3666,84.4205,50.6929,95.6258,157.7210,155.3030,180.7760,224.8470,296.6220,355.8670,460.8420,592.9760,610.3670,587.4210,518.3470,416.7320,306.9680,182.3320,132.6680,240.3340,382.5820,410.4110,395.1590,315.6080,253.7740,244.8910,219.0700,184.4050,142.6090,80.1236,41.8173,132.5980,218.7160,257.3190,288.2890,272.5420,204.0640,150.2410,138.8380,143.7410,143.3100,123.9090,110.8780,110.6110,116.3180,125.1030,128.3020,139.4920,175.0650,220.0310,254.3070,321.8600,363.8270,417.1490,340.2560,174.4760,125.2840,181.9380,198.4400,177.6660,143.9110,119.9640,93.5014,79.6182,86.3244,108.2210,100.8860,68.5257,50.4204,59.1522,79.6228,105.2740,137.8350,163.7980,145.5390,121.5150,75.0011,60.3629,66.1493,35.5608,21.7615,34.0104,15.1908,35.5045,111.2890,106.2940,95.5846,61.1618,66.0224,108.2240,108.2830,95.9184,87.6931,88.1084,49.3750,53.1740,56.1140,61.3217,71.8683,61.5299,34.2493,14.6271,34.8079,87.7773,107.3260,81.3897,61.2140,47.3751,45.7014,30.4414,17.7188,25.0535,26.8673,12.7606,19.3021,50.8379,43.5566,20.2690,44.5769,71.0659,72.3166,52.0320,30.9850,43.1912,57.7590,63.7337,65.2544,57.3635,49.5334,23.2989,43.3451,47.0046,51.8778,47.3659,36.7872,21.6997,12.2635,9.8901,18.9410,36.7412,38.7354,45.5188,62.1510,95.3015,101.5680,102.0530,105.4800,95.7517,95.6736,93.9444,101.1630,84.1192,49.5691,40.2921,40.7288,68.1265,66.1201,66.0791,37.1237,11.6059,24.0688,47.8922,74.7463,72.1276,53.1102,41.8856,38.5297,32.3784,60.0833,79.4682,73.7816,76.0501,40.1772,14.6457,11.3011,29.9055,36.6568,41.5166,38.4679,23.9599,17.1584,21.0465,21.8718,55.0754,58.8840,49.5677,34.5130,21.0801,33.1842,44.2823,46.7556,46.3471,43.4516,33.0496,12.1528,12.6812,15.2959,18.9113,21.8339,34.4156,39.6483,46.1340,15.8137,14.2412,31.6182,36.3332,37.7724,36.4907,39.7767,43.1904,44.9329,31.5991,21.7591,28.2993,24.7583,27.4001,32.1064,39.4756,45.1983,35.4100,40.1760,35.8977,37.7102,37.7907,37.5206,24.1544,26.9903,45.5664,44.7443,39.2386,38.6182,45.1006,54.5531,52.9803,44.4121,32.7777,24.5097,21.8809,22.9688,12.7305,12.6848,23.3277,25.5568,30.1854,24.3254,20.6860,15.5242,33.2526,37.7263,39.0042,34.6408,20.3933,14.4310,32.3750,37.0189,34.2706,21.1905
69954.7000,56281.3000,33535.4000,34919.2000,42442.8000,33604.1000,24315.4000,20527.9000,17821.5000,14244.1000,10830.2000,8392.3300,7790.4900,7149.7000,6138.4800,6666.2100,6340.9000,4763.7000,4582.7200,4517.9700,4022.3600,3120.8800,2755.4700,2172.3200,1697.0600,1463.0600,1195.9000,1185.5300,1206.0200,1013.7600,831.0590,722.5260,590.5820,390.0360,314.8990,317.6360,271.4500,166.2320,77.7986,125.6530,177.0640,167.4380,133.3420,107.8830,89.6359,60.9078,103.6070,142.5050,137.7760,172.3970,227.7500,291.7660,342.0700,470.3460,612.1060,613.3890,596.3000,542.6340,421.4620,293.8690,179.8430,121.1600,227.8340,375.0890,404.9620,405.6750,331.2350,245.7450,220.2130,206.4640,157.9450,94.1666,34.2051,103.7110,191.0000,234.3890,263.6380,294.2210,291.0470,232.4670,184.1990,163.6860,158.5430,143.8640,132.3490,104.1270,100.2030,120.2460,116.8800,118.2690,140.3100,165.0030,210.0960,258.9290,324.0440,367.1320,419.4540,363.9750,205.9840,149.9470,184.4540,171.6090,154.0200,126.2640,97.3084,65.2345,67.7872,89.4690,89.7226,78.4064,74.3457,75.4641,85.7202,104.2690,128.2760,166.5350,192.3810,175.9480,163.7360,118.2670,91.8565,78.2062,43.4856,30.8994,48.8612,41.1860,41.5510,97.4271,130.8280,138.2550,106.8500,69.4538,121.8310,148.3930,115.5050,100.8410,76.8747,46.3113,73.0671,71.0114,75.7392,66.4593,48.1636,30.3874,14.1782,32.6675,76.0751,80.9856,57.3694,33.7308,17.2784,25.3431,26.7539,13.5872,19.1026,29.0232,13.3531,5.7464,14.2981,9.8566,15.0094,23.7237,45.9370,41.7821,38.0992,15.2339,22.0756,39.3642,45.8654,29.4493,15.9466,24.9180,26.2631,31.0231,49.3562,59.5189,63.6420,51.0498,37.3078,23.7051,18.3412,22.9418,42.8819,50.3408,46.9413,50.9592,66.8911,78.5057,82.2760,82.4115,85.4138,111.2240,106.2390,117.1660,87.0007,56.5213,54.1557,51.2199,70.2668,72.5252,74.6249,40.4874,18.9750,37.1560,55.5979,65.6000,65.0936,43.5902,24.8823,9.5208,16.5916,62.2473,92.6940,94.8668,90.8275,35.7008,20.6876,45.4318,52.8685,51.0004,50.9848,55.5020,42.7816,20.4664,17.1690,26.4000,41.8048,44.5195,45.5374,45.3704,30.6015,28.8543,49.5014,53.0512,52.0166,42.7732,33.4193,26.3876,21.4537,25.4565,37.0516,59.4212,54.0126,49.6593,33.2732,7.1123,10.2623,23.0267,38.2632,49.4640,40.3045,30.3332,21.4408,17.3542,20.9041,27.2749,29.5012,20.8234,26.2682,35.4676,27.6214,28.7624,13.5855,17.9863,22.6938,32.0487,31.2032,22.6101,10.2956,22.4068,28.6282,28.4594,28.5214,28.6514,19.8328,20.9898,34.8579,33.9749,39.1417,34.5798,17.4490,7.9577,14.6867,16.0976,17.6499,5.3423,12.0124,11.8995,14.3768,3.1724,8.3918,16.7092,23.1202,24.8365,30.8356,25.3848,19.8678,13.8332,23.4251,28.2729
69844.0000,56093.4000,33260.5000,34311.1000,42038.2000,33556.9000,24218.5000,20462.1000,17906.3000,14337.1000,10892.7000,8480.1500,7966.6600,7265.4400,6159.7100,6659.2500,6286.9800,4683.2200,4477.6100,4415.9100,3934.5700,3105.8700,2739.2500,2157.4400,1709.4400,1483.4900,1201.3900,1216.4700,1256.0600,1041.2600,854.1580,717.9490,577.6950,383.6280,351.7790,375.2250,319.1080,207.6180,108.4400,161.5370,208.0420,179.0610,131.5530,114.6900,88.7590,79.3253,136.0120,156.6410,125.2230,171.2420,216.2990,257.4330,311.2770,440.6170,580.2110,590.1640,591.5710,545.7970,418.1230,308.6010,209.7250,127.6710,199.6070,333.7380,370.4850,375.3020,312.9580,221.0130,187.8310,165.0760,98.6594,39.4284,72.3282,151.2260,191.6950,212.8970,225.8400,244.0890,252.6740,207.9590,144.2750,105.5960,85.6699,77.9755,68.5036,67.9494,87.4543,103.7020,111.6060,119.2830,129.6380,163.9510,207.3530,243.0110,303.3560,339.9710,386.9880,336.1040,198.3310,123.7680,141.9590,146.2040,136.1950,120.1290,98.3782,51.7888,28.3272,47.2803,67.7442,82.8349,94.8412,105.6570,99.0934,99.5506,119.0800,141.9640,164.4080,167.3390,167.8870,116.9010,76.4128,61.6204,28.7606,29.1576,60.0353,42.3358,29.6637,77.3846,89.8440,105.5070,66.3179,66.2010,118.3460,140.0340,129.8080,143.0660,136.9860,83.8185,58.9948,37.0748,33.6693,47.1769,45.1818,33.0332,41.3884,39.1461,65.5362,76.7071,46.0369,20.9538,41.7759,60.8961,63.8700,53.9535,42.3866,36.1726,28.3864,28.1765,35.3168,30.0402,19.5508,8.8014,25.8654,32.7270,36.1201,31.8022,30.8225,42.8346,61.3302,61.3488,43.9830,28.8324,30.5006,41.9094,52.6168,63.7071,62.8022,50.3225,49.4981,37.5829,29.6009,26.7606,46.1741,51.2427,48.2978,56.2672,83.5972,98.8280,86.9520,91.1172,83.4347,87.4381,82.1460,101.0300,75.4454,52.5711,36.9222,34.8124,57.3683,54.9014,51.1664,28.8744,8.2785,22.3031,38.1025,51.4822,57.2367,40.1221,28.0711,18.2511,31.8382,65.3070,99.1622,88.0287,87.5006,29.1978,12.6094,34.5801,41.0409,43.1341,46.8863,51.9414,29.9036,14.7756,12.0179,32.4947,43.5264,53.9382,60.7178,64.5562,45.1627,32.9754,55.9569,70.7001,68.4327,65.1470,52.6010,24.5687,15.3565,21.2656,31.2914,32.4680,25.4646,25.0439,26.0842,7.2390,22.4454,42.7059,38.1811,43.5963,60.9979,45.0270,32.3037,19.3878,16.7726,22.3099,30.4886,32.0049,27.5860,30.4995,35.0953,48.0966,38.1209,40.8230,36.9968,31.0727,21.4205,20.7498,21.5870,21.4009,18.6538,31.7331,37.4021,33.3708,30.1630,35.7713,50.4072,43.6540,39.3127,20.3899,19.5437,26.8476,14.7575,7.0818,13.9004,13.8564,15.3645,19.7810,21.8622,11.9999,7.7086,17.5298,33.7190,45.8876,36.1796,29.9411,27.1136,28.9261,13.4207,19.1744
70413.6000,56364.0000,33655.1000,35151.5000,42940.9000,34179.9000,24651.2000,20731.9000,18042.2000,14409.6000,10881.5000,8548.6600,8045.2900,7317.8700,6301.4900,6788.5200,6383.6800,4826.7800,4559.9100,4399.4700,3944.2900,3086.3600,2722.0800,2167.4700,1726.3900,1467.0600,1180.5800,1196.8000,1219.4500,1037.2100,799.8370,691.5020,564.8990,384.0860,327.1150,345.5350,289.9510,177.9780,77.9659,100.3520,140.1680,138.9990,102.6880,75.0087,57.3184,47.3898,90.9866,118.2400,111.3370,145.0040,202.4610,275.6660,337.9230,457.5980,608.4700,630.8130,620.2520,550.2830,417.0050,294.0150,178.4140,115.5170,205.8820,332.2370,353.7060,349.0340,276.7880,196.5520,165.6600,138.6850,87.5673,44.3813,61.0904,153.9240,180.2560,188.3820,199.3910,234.3990,251.5910,193.0440,139.6380,115.6140,85.8622,72.5001,67.6924,65.0216,61.6849,63.9884,82.8247,103.0070,103.1350,128.1690,184.4350,233.6250,293.1230,331.8020,382.9520,339.2810,201.6510,128.5320,153.4440,160.0250,145.4840,127.7530,99.3744,60.1934,52.8621,80.9785,93.7698,89.8095,91.9054,85.1198,99.5549,113.8540,128.7650,158.9650,178.6850,176.6370,167.9450,132.3470,98.5169,71.0114,43.0908,54.4845,71.9402,50.0065,48.2930,96.1998,110.2080,118.8620,96.5843,99.4100,140.0060,163.3310,151.2420,136.9040,115.7440,54.0493,51.8728,49.6029,64.2193,64.5951,60.1125,45.8291,29.3671,32.5602,79.0684,97.3079,60.4844,31.3794,36.8923,45.5499,51.9044,54.5261,58.6442,47.1273,36.0566,23.6485,20.1340,18.8568,21.2863,20.4627,37.5654,48.3645,34.6662,13.0539,20.0780,34.0974,36.5541,31.9011,24.4943,14.9048,9.8567,39.7067,51.6822,65.1347,51.3693,38.5940,39.1730,37.3992,40.2010,45.6088,63.9877,75.9810,71.2779,67.3065,66.4857,66.4367,52.7176,68.9650,73.4771,87.9213,100.2690,126.0220,98.7375,57.3952,43.7348,43.7150,56.4253,44.8855,34.3064,23.4813,26.3138,49.0019,63.3994,63.4465,53.7828,52.4977,34.0328,26.0081,18.8135,55.6115,80.3739,81.9809,82.0985,35.3676,15.7130,38.1063,64.1662,67.1917,72.5216,62.4076,34.3649,19.2681,14.9618,25.7516,53.7224,71.4390,78.6933,83.4612,63.3332,36.8985,42.2271,61.6526,64.8791,64.4368,55.3907,35.5414,19.7895,13.9538,24.4796,44.3133,33.7362,24.5569,12.6969,12.8171,21.2002,31.2833,40.0152,39.0868,33.3703,28.8042,25.7928,27.0359,21.6851,8.2739,16.7761,31.1904,27.2209,23.7100,25.3626,44.2975,43.3586,41.8114,33.8489,23.5401,16.9662,14.0971,6.8939,6.9115,12.3012,10.1712,18.8900,28.6863,41.5808,35.4523,22.9371,29.2983,31.1838,30.0290,10.7401,13.8265,27.5613,22.9120,9.2374,11.8370,35.0691,36.0757,36.3349,22.0767,15.5711,20.5853,18.6933,18.0636,16.0963,16.5340,20.8348,27.4267,24.4378,22.2676
70252.4000,56430.9000,33697.0000,35232.2000,42742.3000,33730.3000,24295.9000,20471.0000,17825.7000,14140.8000,10838.9000,8602.1300,8163.7000,7580.0200,6550.5800,6974.3000,6568.4600,4950.5000,4636.5900,4457.3400,3972.9600,3070.9300,2693.8700,2113.0900,1667.0400,1437.0400,1149.9000,1163.0800,1198.5800,1000.4400,760.9120,652.7810,519.6180,335.6100,299.2760,323.9700,264.6170,155.2630,75.6669,129.6910,155.7240,147.7500,115.1750,104.1440,65.7144,39.6838,104.7370,152.7980,137.9010,162.9950,204.3860,271.5080,329.9060,473.8040,634.4080,633.3340,613.2820,540.5560,410.1270,279.7650,164.2800,110.2340,207.3230,347.7270,372.9740,372.6210,291.0830,208.9990,192.9070,178.5450,139.0930,88.2680,36.7922,81.5117,144.4470,187.4800,220.0270,256.3840,245.1560,181.2290,123.8600,107.5890,110.1770,106.2090,94.2866,81.4268,75.5356,62.5091,74.3095,98.0687,100.5530,119.6620,175.2980,230.0270,289.5030,327.4530,372.4480,316.9020,180.2730,120.2300,150.1920,162.3030,152.9600,134.4270,100.9850,48.0141,44.4223,88.1830,96.4121,84.6019,80.8838,88.6839,100.8420,108.5890,135.8900,179.4100,188.3090,171.4720,162.8480,137.1840,112.1000,83.3883,54.5670,46.1179,65.1241,61.9816,53.8206,88.8632,109.2660,110.4830,83.7009,88.1074,138.7680,155.8310,134.2100,116.0360,97.5587,47.3517,42.9428,36.7794,48.7955,56.5246,74.6357,42.7054,37.2693,34.0211,69.4712,81.2383,60.7265,38.5545,35.9630,38.5959,41.5674,47.0291,51.2413,28.3876,33.4854,51.9527,41.0767,30.0274,27.3901,42.2464,52.0976,60.4471,47.8158,35.5716,42.7398,42.9416,39.2792,53.0963,56.6736,45.3193,19.0246,36.4315,58.1868,74.8255,68.7691,43.3442,35.7871,35.0308,29.2925,23.4916,15.7107,10.8698,17.6557,21.4557,57.2840,75.0477,91.5548,113.0980,110.8040,106.7140,104.9690,114.2300,100.5490,45.6159,32.2721,11.3587,33.1769,40.0401,49.8268,36.9749,16.2906,36.6662,53.1229,76.8707,68.5822,51.1206,35.1539,27.4358,32.7151,66.0299,87.1970,91.9080,95.4240,48.1489,21.4896,37.4461,56.0204,61.4618,69.9769,57.8570,28.2095,13.0100,14.2379,27.5376,50.7989,63.9087,72.6779,74.7810,62.8634,60.2168,71.6188,77.5230,73.9848,68.8928,63.5001,49.1366,26.1911,12.6753,7.7596,20.7684,26.6891,40.5949,42.2908,30.7689,12.9707,14.3892,43.7739,45.9460,41.8653,34.0771,24.5811,14.1172,5.7644,12.2507,19.3658,32.3755,18.0725,14.7503,16.6938,38.1508,30.7251,43.4493,31.3479,35.4691,39.2417,42.3509,30.7948,20.2936,17.7975,19.0352,29.2248,26.7993,23.1994,20.0071,24.6280,11.9801,10.0904,7.6221,8.6799,13.9098,12.8419,9.8435,10.6100,23.8228,26.8776,25.6074,20.1367,22.3464,20.1774,15.4593,26.7076,44.1562,42.6927,33.0971,21.5175,18.1561,25.9385,31.7204
69771.7000,56068.6000,33263.1000,34348.9000,41988.6000,33425.2000,24090.8000,20370.8000,17827.5000,14195.3000,10891.1000,8597.7600,8131.9600,7442.6500,6341.7600,6824.9500,6439.1000,4813.6400,4540.2700,4404.5600,3920.3500,3041.9000,2693.2500,2123.9100,1679.1900,1468.0800,1214.9400,1240.9400,1269.8000,1045.9000,843.8180,704.6240,565.9910,366.8190,335.5590,361.1360,284.5090,173.4120,127.8540,212.9880,261.6830,227.0360,175.4960,143.7030,121.8650,117.9140,159.9800,185.9770,156.2240,185.3740,226.6360,264.9350,316.3980,433.5940,574.0830,568.4930,556.8100,497.9370,405.9580,301.5960,182.4230,135.6720,265.5760,412.3200,433.1120,424.7370,333.3220,246.1540,222.8580,189.1770,134.8860,111.3220,83.0019,71.3595,134.4880,205.7150,251.9160,298.8190,292.1770,226.1550,169.1540,144.7160,148.3820,140.6110,140.0160,102.0420,77.4081,94.8890,104.8200,103.6990,118.1740,158.4370,195.9310,209.3320,261.3900,306.5720,364.4320,295.4470,151.5310,111.7220,153.0610,168.5480,158.3760,130.4450,95.2886,60.0345,63.1725,94.1941,116.4050,97.4872,86.0260,82.4864,94.3176,101.8370,131.3720,174.5970,195.0800,170.2600,146.5990,101.9600,92.1847,78.9299,45.1218,36.4703,38.5767,33.1142,56.5303,106.5520,118.2260,116.3420,87.7074,82.8245,119.4420,132.0440,119.4460,105.3560,91.0476,49.6491,41.0403,55.1912,63.6714,77.6749,76.8347,51.5929,20.1666,39.8005,101.4980,106.4490,78.3278,57.3341,47.1314,43.7006,41.7443,47.4624,51.9239,43.5263,20.0335,23.4263,59.9445,62.4863,47.7328,46.4133,52.6781,58.7329,47.3006,37.4232,51.4673,74.4812,78.4690,69.1702,60.2086,51.7816,48.4441,61.3855,73.4476,79.5521,69.0416,52.7763,34.4080,18.8331,12.2600,17.8270,33.1412,49.0655,47.1426,59.3143,81.6477,105.6070,103.2960,104.1480,81.8052,109.3520,106.6660,127.1890,77.4417,50.8152,43.6243,52.6930,56.8111,57.9056,57.4420,40.5712,9.5401,27.0694,49.7337,67.3776,55.4481,41.2423,26.9555,25.8170,27.9093,68.2655,81.2241,82.9448,78.7025,44.3051,21.5513,36.0452,46.6469,43.2718,47.5880,50.7430,32.4696,19.6639,7.6277,7.7368,37.8521,54.8236,57.7148,52.5959,38.1097,36.9738,51.2114,60.7667,55.9483,50.3560,39.0504,32.7981,32.1575,17.7332,23.1453,63.1122,67.3504,60.3795,45.6511,37.6528,42.7561,37.8775,25.0045,36.3103,49.8487,45.3582,34.9042,22.0735,13.0813,12.4376,16.2316,25.5384,22.2265,22.9155,28.9559,44.0054,45.3308,57.9327,61.2938,46.9686,37.1616,28.2753,23.5605,27.1211,33.5865,25.9218,27.8503,33.9956,41.2184,40.9346,41.4874,33.4691,20.4460,16.0674,24.8289,27.9235,23.8720,19.0385,14.1539,16.7159,30.7946,29.5384,16.8663,8.3708,23.5675,25.5489,25.7840,14.2567,12.4807,13.5234,11.2815,9.5689,9.9757,6.0865
70392.8000,56329.9000,33561.7000,34970.0000,42836.4000,34156.2000,24589.9000,20725.4000,18143.6000,14507.1000,10967.3000,8575.6600,8064.3600,7329.6200,6311.7100,6872.6500,6487.6100,4869.6800,4606.5500,4475.9200,3993.3700,3098.8500,2728.0000,2161.5400,1735.3400,1504.8400,1225.2400,1218.6400,1234.7600,1051.3200,858.9130,747.4900,610.3940,420.1190,347.5560,346.7140,283.0120,165.3740,80.3491,121.5130,150.7680,138.9340,116.0760,95.4017,67.7915,63.5910,122.3320,166.0880,155.0020,174.1700,233.2670,283.8150,346.7080,462.8000,604.6650,584.2400,558.8580,482.6540,376.2290,279.2900,146.1320,98.6409,240.3940,392.8990,431.1600,433.8380,356.9870,261.5080,230.0980,183.7200,122.6080,101.3060,100.2190,117.4690,145.8930,175.8070,212.7200,264.9690,272.4280,203.8490,150.0210,139.1760,154.2940,159.2890,148.5130,120.9780,105.2330,117.7050,135.8940,123.7380,125.5170,170.5120,200.0410,224.7050,287.0550,329.0410,362.5510,306.4560,166.5620,94.3250,145.0060,172.4400,159.9170,132.6630,103.9520,42.1200,41.2105,70.5861,61.5673,40.7908,46.3132,50.9702,53.6721,56.6612,85.8180,135.8910,153.2790,139.5350,123.2230,93.7997,81.3497,74.4737,59.5631,60.4432,61.7544,43.4350,32.4935,69.8868,105.1140,120.8090,114.5920,92.8846,112.9880,120.9990,106.2630,94.9868,85.8604,42.3218,57.3501,53.3539,61.0853,76.3363,89.3504,61.6900,22.8727,41.3214,94.1681,107.6440,84.2059,62.4936,61.8199,72.3421,69.3015,43.1899,24.0973,27.7729,15.1765,22.4886,32.8022,34.1227,17.0432,49.1003,85.3324,70.4675,50.7298,32.3251,57.2677,72.8888,64.5360,73.2649,62.6179,40.8625,41.4196,63.9439,74.9741,84.1888,81.5790,55.2044,36.7039,31.6727,26.7195,27.2366,31.9463,44.4006,49.1948,55.0458,78.2727,73.9392,77.7258,84.5032,91.3037,104.8380,101.4850,111.2360,77.4752,48.0272,42.3925,36.7393,40.9406,50.1946,53.3120,48.4389,12.6123,29.4458,59.7409,79.8252,61.0329,45.7050,37.6996,27.0850,15.2993,65.8417,87.0731,89.0184,86.7692,44.5498,15.5796,27.7006,44.7812,36.7383,32.2230,32.2412,19.3064,17.8415,14.0757,24.9896,48.4928,55.6576,58.0856,52.6710,41.3883,33.1223,39.8553,70.5324,78.8465,82.1324,50.7396,43.5384,39.4135,32.2736,32.0880,45.7126,48.6458,34.5489,25.8358,16.0184,12.0537,14.7241,26.3633,34.7705,33.9669,30.6661,25.9538,15.3732,6.4097,12.7782,24.4170,23.2381,20.3488,22.8084,29.5628,38.9847,41.8895,46.4031,57.7963,58.8399,35.5850,21.6412,16.1295,24.6870,32.2117,31.5875,32.4091,33.1245,35.8705,39.4487,40.4005,37.0314,30.6644,25.2774,19.3759,19.4516,9.5975,5.5448,18.9437,19.9773,20.4471,23.8789,32.2331,29.9543,14.6328,7.8909,16.6520,25.4373,26.8640,27.5573,17.5317,10.8899,13.6753,9.2407
70405.3000,56546.1000,33873.9000,35473.4000,43017.4000,34013.4000,24551.4000,20749.1000,18081.7000,14423.8000,11006.3000,8624.2200,8025.4800,7403.0600,6473.9900,7007.5400,6624.4600,4999.7300,4673.4600,4490.0200,4013.1700,3112.3600,2702.9000,2106.1200,1653.0500,1422.4000,1138.6900,1135.6200,1157.6600,958.5530,798.4060,704.2510,586.4810,370.9870,303.4620,307.6850,242.8600,140.5500,54.9743,95.8854,136.7770,105.8770,67.3954,59.2654,46.7053,42.3334,88.2312,132.5930,108.1780,142.1310,203.5860,264.0470,300.3280,436.7250,606.5780,610.3840,593.4340,528.3590,426.1470,297.0330,164.5620,99.0282,195.4280,352.9100,392.0680,383.9550,311.6580,239.8170,213.4730,168.7040,118.3290,79.5795,91.2401,159.5600,199.8180,231.6580,255.4760,304.9230,301.7260,194.1620,111.1310,88.2410,91.6084,107.2680,98.4804,82.2841,65.0965,77.8359,82.9623,94.8425,128.2550,148.3360,181.3210,240.4150,289.8810,314.0140,338.1450,271.6290,135.7920,86.0144,130.2220,144.9110,132.1480,110.1860,92.1859,53.2946,18.2758,26.5280,39.3244,28.5058,30.4395,11.6446,11.4422,31.9896,60.6758,107.7530,146.4010,141.7890,132.8900,103.6950,78.7575,63.3077,53.6746,60.3479,72.1287,62.1060,43.6782,35.3068,59.9214,87.6795,68.4158,64.8950,117.1200,134.1680,119.2710,113.1500,95.0147,44.3332,19.0360,22.9165,25.7408,35.9428,71.2153,66.4348,35.6291,24.9233,83.9265,81.1287,63.6106,51.0374,37.5736,39.5813,48.9156,39.9226,24.0165,17.3971,27.5920,43.4048,52.1129,60.3774,49.9563,68.2969,86.1393,71.7127,52.2835,37.0095,61.8932,85.2805,74.7698,57.1738,63.8806,61.4961,56.9828,71.8351,82.5980,89.8322,81.9338,71.2571,72.2900,70.8819,67.1905,66.4660,63.4180,52.6118,43.7198,44.6485,89.6450,101.2530,100.5060,91.0751,82.0554,112.9600,103.3590,116.4880,84.2903,56.7826,57.6639,58.6446,61.2751,56.0772,50.0392,32.1377,19.5879,42.3974,70.9112,84.6856,58.0533,34.3355,18.5044,11.1807,24.5810,59.0507,77.0056,72.3664,68.2482,25.5458,16.8069,14.1753,19.4392,21.7132,36.2002,52.0997,43.0002,38.8310,29.6624,17.5537,31.7294,32.9150,47.3671,45.0529,40.7746,25.4077,35.4357,63.3484,64.9559,62.0818,46.4609,31.6846,20.3631,21.8019,20.0085,22.2408,19.4116,20.1108,19.5824,14.0719,13.8872,25.4584,37.0368,46.8767,44.3192,38.2720,39.4716,38.2556,23.7361,13.4788,23.6977,29.1196,24.9622,23.8434,27.9901,39.9642,39.8958,44.6140,48.0500,43.1106,30.9953,19.5435,12.1745,17.0977,20.1948,18.4915,10.0407,5.0179,9.9179,16.7585,30.6406,27.3777,27.2930,8.6676,13.1084,24.2156,21.3641,18.0735,18.9441,16.7221,26.6829,39.2032,36.6071,27.2839,19.3308,29.9308,35.1004,34.8951,34.9281,26.7043,20.1614,17.2045,17.0400,15.1691
69834.1000,56199.7000,33424.0000,34596.6000,42221.9000,33577.0000,24252.3000,20569.1000,18084.6000,14544.7000,11125.8000,8598.8900,8016.5900,7419.6800,6419.1000,6904.0600,6511.0100,4853.1200,4469.9600,4341.9800,3921.0800,3065.9300,2701.7700,2113.7000,1663.4800,1468.2700,1223.9500,1220.1500,1244.1300,1032.1700,880.6200,752.1760,642.5940,443.7880,366.5480,362.9380,294.9450,177.0460,102.2160,179.2040,219.0580,179.5040,138.6720,116.3830,98.0008,90.5860,141.9630,167.0880,137.5180,172.2720,213.2500,255.2530,316.8700,439.7510,579.4780,585.4120,582.1660,532.6100,413.9620,287.4920,169.7030,102.8210,180.4210,321.1190,354.2320,344.0930,257.2640,192.7480,198.1340,151.3100,78.1548,29.5508,53.5111,135.0080,207.7520,254.4320,284.1680,312.7180,309.7930,253.5170,179.5880,129.2440,102.0140,95.1970,95.0722,73.7244,66.8802,78.8542,81.9334,69.4139,88.7933,138.1900,167.7820,210.1990,276.8750,315.9380,344.5610,272.2190,147.7440,94.2383,120.6300,121.6530,115.0160,104.3340,97.7911,71.8952,47.7942,57.8615,62.5570,49.7615,38.5103,34.2817,43.1976,48.9390,86.8676,153.7550,183.6810,173.4200,159.7760,126.0520,99.4695,86.3605,63.3867,56.9311,73.7038,67.9174,63.1051,85.2570,107.7570,128.1810,78.0892,62.2875,125.7270,140.2020,112.3600,83.0320,47.6786,19.8803,33.5947,52.6634,62.2807,66.1700,79.5796,81.3760,67.3523,61.8919,108.2810,136.1120,110.6610,92.1968,80.3573,81.5142,78.2926,81.3850,66.1243,40.7479,31.0065,31.4356,32.3830,37.5516,24.4857,45.6196,66.4012,49.3254,35.2808,31.1575,46.8851,55.1439,57.6490,61.1446,62.8748,49.1481,46.7117,71.3797,81.8664,81.4837,69.1968,46.6873,35.2533,41.4843,45.4115,46.8541,55.3518,63.9849,58.5603,61.0523,75.9738,95.0736,82.5332,98.1331,82.2739,96.3146,104.9570,127.9080,90.2179,62.5915,57.9236,65.6511,72.6445,59.3439,46.5209,27.5437,9.4962,34.5658,50.3889,60.1179,44.9481,29.6617,11.6967,11.8544,38.6693,77.7599,103.2780,96.2619,89.4526,32.5756,12.6730,29.9133,38.5918,40.3685,51.3931,64.3321,54.2748,43.8765,33.1664,24.3709,32.5664,52.4937,54.8533,55.9919,44.7194,32.4641,39.1159,71.6579,71.9971,59.0482,36.6363,29.1267,40.4515,42.5202,25.7476,25.0753,22.8043,26.8906,34.3578,18.0159,10.4823,23.9348,20.8401,24.6934,37.0678,37.3259,35.7031,32.4113,16.2450,11.4378,25.5443,30.9907,34.8879,39.9063,48.8810,48.4396,37.7016,31.0425,26.3450,17.2985,10.6593,11.0298,11.6156,21.9520,22.2513,27.7745,11.4036,14.3160,17.5287,32.6703,33.5667,29.2727,31.6347,37.5945,41.6513,35.0922,24.2851,14.8738,7.6041,9.1988,16.7978,16.5477,14.3290,5.8314,18.7966,21.0554,20.8794,20.7048,28.6285,20.5073,15.4566,8.1763,12.7038,19.1552
70417.2000,56423.1000,33675.0000,35000.4000,42854.7000,34269.8000,24737.6000,20999.7000,18484.3000,14875.7000,11323.9000,8804.2000,8195.4000,7496.0400,6547.9700,7063.6000,6631.6400,4999.3700,4607.1200,4427.5700,3997.6600,3118.0800,2758.4500,2176.2400,1738.7800,1513.7900,1250.3200,1254.2700,1259.9600,1043.1000,868.8520,754.5630,624.9540,429.3380,371.9520,382.5180,318.8460,193.2950,107.6540,178.8810,233.2930,206.8510,157.3840,125.7420,108.7850,100.5030,147.9000,197.9780,171.3220,177.8500,221.1600,258.0850,328.8630,454.5510,598.3800,579.0800,566.9810,489.6850,363.6640,269.4400,162.8910,86.4780,179.4610,324.9950,354.0440,348.5600,280.4800,221.9600,213.8350,183.7110,121.1260,61.0692,25.6584,48.5275,118.9830,190.3640,237.8720,274.3800,278.4070,210.6420,160.7500,127.4250,109.5040,104.5910,108.9190,105.3040,83.9503,71.7762,75.2506,96.6214,110.1600,132.0620,176.1610,210.8820,272.0630,313.2330,359.7840,282.6480,138.6970,98.1105,143.5120,132.7490,110.4480,91.3048,85.4568,61.0470,39.2021,59.3301,59.5483,40.1510,29.9900,23.9984,30.0814,57.2586,101.2550,145.0920,172.5970,170.7700,160.5500,135.5710,112.4400,89.8643,71.6566,62.1791,70.5309,73.5985,71.9629,110.1570,128.4080,146.1030,107.6750,87.1747,117.0770,132.2430,117.6190,98.2742,69.9900,16.1588,54.2079,64.7440,57.4595,49.9140,61.6939,43.3638,33.7050,70.0002,114.9560,121.9110,93.5246,65.4942,58.0712,74.0839,83.1366,75.1590,52.2415,29.9724,35.8575,34.4542,47.1920,37.4041,13.5125,23.7228,41.7286,29.5154,19.9903,42.3722,57.8051,66.2743,62.5451,62.1751,68.7467,58.6079,48.9637,41.2890,46.3417,52.9966,58.6888,47.7317,42.3300,41.3156,35.5802,33.7272,43.9135,61.9672,51.5046,50.6605,61.1719,81.0350,72.2409,82.8449,70.2946,81.5574,81.0002,94.9223,69.4733,40.9367,35.7625,53.2285,71.4546,66.3463,60.8653,47.5448,37.0361,13.1607,16.3199,39.6456,44.1003,36.2443,29.4804,32.9160,37.0678,74.5566,93.9836,87.0135,89.6751,39.5470,15.1935,21.4385,34.1070,41.9928,56.6547,58.8159,41.3688,32.9488,25.7889,28.0095,10.9919,32.6126,43.8898,56.3644,65.8227,55.8325,49.4926,68.0516,76.5105,75.9975,67.6100,56.4074,51.9680,48.0465,30.4601,16.4324,9.2541,29.7041,29.6115,18.2573,4.1796,16.6220,19.3413,28.4243,35.6187,40.7244,43.4877,43.5757,27.5498,15.7481,19.2008,24.2946,34.4978,45.4855,57.7092,60.9892,60.0588,54.9634,54.3809,33.0737,25.1945,28.4631,25.5112,21.2533,22.5483,27.4667,20.4370,14.8795,16.2814,23.3885,36.5391,25.6277,22.1908,9.2442,17.5008,28.6994,16.0894,10.6346,12.2922,26.5365,16.0855,19.2615,6.2380,9.6542,14.3533,17.0776,22.6365,35.9496,33.5776,20.3709,8.7401,10.1165,15.6143,21.5417
70548.5000,56586.9000,33931.8000,35612.7000,43250.0000,34266.6000,24747.1000,20982.6000,18374.3000,14737.6000,11231.3000,8756.5900,8132.2100,7480.0700,6592.1800,7142.3200,6747.4300,5095.1700,4641.7900,4420.4600,4000.6900,3133.3200,2730.3200,2158.4300,1712.3500,1443.2500,1153.7400,1165.6300,1191.9600,993.8920,816.9890,712.1590,585.8430,394.2960,338.1520,332.7210,252.8400,136.5920,58.3886,119.7220,149.8970,120.1010,91.1684,76.2504,67.2812,85.1920,132.2820,160.6830,145.2010,179.2350,220.6660,262.4840,306.4800,429.3600,578.0350,571.7390,553.7820,476.2980,365.9430,265.3380,150.5090,106.5000,229.3020,376.3220,405.8160,391.3910,307.8650,250.2070,262.3480,224.0670,149.4210,104.8910,104.0080,138.2480,172.2650,178.5230,199.8260,232.6860,257.4340,185.6330,105.2940,83.4511,106.3330,120.1160,108.6840,103.9510,107.4300,120.6790,126.0290,121.1860,140.6010,170.6980,188.7270,208.3490,269.0120,307.9490,351.3540,300.1720,159.8410,90.6688,129.1730,145.1150,124.6540,104.1850,93.1674,75.6590,56.2978,64.1400,63.1036,40.0130,33.5744,31.3811,31.7069,46.8454,82.1493,125.7210,152.5250,145.9570,128.0070,115.2050,95.1174,70.7547,55.5259,69.3209,65.9094,36.5627,52.5218,103.6150,112.4840,113.8210,91.4351,72.3441,97.3675,115.9670,94.9792,73.9458,42.3707,8.1795,47.4041,69.8241,87.0425,92.6301,76.3803,40.4315,37.1660,63.6972,98.2675,123.5410,100.2070,72.5102,55.5030,76.6558,88.1143,64.5633,43.6749,32.5855,20.7463,20.4553,30.8756,35.2475,23.6812,31.1203,46.4434,51.9402,44.3185,20.2053,37.5900,70.6718,71.7443,57.4250,58.5111,59.4332,57.5468,68.0311,84.0651,93.4438,66.1531,35.5251,33.0528,48.4467,55.1804,49.0274,45.6751,43.0315,46.7460,35.5058,61.7051,64.3520,77.2166,87.4566,80.8419,93.9311,102.2990,125.5360,101.0530,63.6573,51.4132,54.7497,71.5320,59.7848,49.4554,30.8673,26.2302,33.7679,46.7518,55.5957,51.0357,26.9082,10.3872,16.1313,24.5324,55.8870,81.6929,82.9310,80.1742,43.8907,17.8576,17.6470,37.3068,47.0249,63.3815,63.9087,43.2539,27.9640,9.0067,6.2321,19.6633,38.2247,49.6353,57.2747,60.9841,66.3144,68.0580,75.2014,73.9485,71.9936,56.9589,35.6111,26.1151,29.6133,28.8039,33.7917,40.7486,45.4102,48.7671,14.5774,15.1811,32.2715,37.3689,41.3832,39.4404,31.7070,25.4014,30.6192,34.6754,42.5580,51.4820,47.0678,48.0324,55.1877,55.1889,53.6528,37.6424,31.0474,33.5410,36.5617,26.2251,20.6612,22.5397,29.3604,32.9984,26.6120,21.6346,18.7216,18.2452,17.6729,14.6547,9.3366,10.0977,10.9457,14.0256,18.8372,27.6631,17.8155,17.9386,12.0752,26.5265,35.3517,27.8977,18.3493,14.8367,27.4482,36.1777,36.8932,29.8574,15.6462,14.0178,24.4836,16.7305,6.5674
69882.0000,56305.9000,33596.6000,34816.2000,42350.9000,33660.9000,24362.3000,20731.1000,18195.8000,14632.2000,11219.2000,8676.5900,8023.2900,7406.3700,6443.7300,6989.7600,6638.4300,4960.2600,4516.6500,4346.4900,3930.7300,3069.9900,2709.8900,2129.7400,1673.4700,1468.1300,1235.8500,1240.7600,1248.2100,1026.4800,896.8210,767.9040,656.5020,439.8670,370.6640,376.9110,302.8960,190.3940,120.8530,182.1890,222.5690,183.4250,144.0630,124.0920,115.0260,116.9060,153.3800,171.5840,145.0790,178.4820,217.1470,261.3820,325.3440,465.4030,604.2330,609.3270,593.5070,524.1740,408.0500,294.8780,168.7260,98.5081,203.8360,336.3810,351.0750,321.6790,243.3090,178.1960,177.1540,151.1680,84.0819,58.8121,100.4190,161.9430,217.2200,239.0260,257.7760,277.8080,278.6710,215.8220,129.4670,83.0508,82.0283,94.9668,95.0181,97.3842,103.8820,108.1810,124.2890,113.6040,103.1590,151.5660,205.1510,232.4240,290.3580,334.6330,377.3680,326.9550,185.5790,90.4822,112.0080,142.6260,133.5670,107.2250,90.4459,62.2584,47.9662,55.0006,46.6697,26.2892,25.7661,24.1796,23.7906,25.6867,51.0049,91.3337,124.1540,130.1610,122.9710,99.5431,91.0392,93.4252,58.2207,47.0390,77.3125,79.7770,74.3042,102.9590,113.4530,121.9610,83.7688,76.3692,119.5670,126.9220,98.9428,71.9603,44.6519,40.4652,96.0454,101.0420,108.1040,93.7971,99.6813,84.1207,35.6756,44.2742,102.3770,113.3640,86.1203,56.9420,55.3744,65.0994,63.0042,50.1297,52.5841,44.6484,20.3775,23.8536,54.5050,50.8482,34.4687,43.9523,60.9211,57.1511,39.3922,22.0414,43.9951,65.4867,79.2493,75.7205,59.3858,49.3124,50.6737,65.0888,72.9491,72.3961,53.8417,27.4679,27.3507,38.9737,51.5297,48.6501,35.1255,33.6550,24.1428,37.2318,62.0251,82.1356,82.2053,90.4689,89.6740,100.4490,87.1265,93.6849,76.4286,56.2482,61.0902,54.3896,48.9271,58.5025,58.2191,46.2134,22.0638,30.3308,48.1397,52.2256,51.5836,31.6661,13.7793,9.6801,30.0221,67.4553,80.8607,77.8001,77.0146,39.8740,24.2159,11.4955,47.6231,56.4819,71.7779,70.5641,45.3198,29.0214,14.7235,14.4295,50.6307,68.1356,75.9711,70.5626,55.3215,47.2452,48.4904,64.0813,61.8733,55.8302,28.3415,22.3662,34.7961,31.1988,14.6570,24.4645,28.3022,37.6770,35.8637,25.2582,11.8715,8.8699,20.8900,22.9898,26.1803,28.2164,28.4189,18.4638,10.8210,22.0002,32.4201,28.9294,30.6078,38.9822,42.5531,53.1317,37.8393,36.8397,37.1996,51.2398,39.4491,26.6082,26.2325,29.9897,28.1813,17.0612,14.0910,5.9841,6.5564,8.2038,9.7891,11.2986,11.8601,8.6118,7.8855,13.1794,13.6140,23.1401,15.6953,18.5714,9.8005,11.6389,16.7638,22.8178,30.6360,35.0306,39.6452,46.1998,37.3152,21.9968,9.1363,11.5063,16.7107,16.0147
70289.5000,56380.7000,33639.1000,34845.9000,42689.3000,34201.6000,24740.9000,21065.9000,18572.0000,15026.1000,11381.9000,8734.7800,8048.5500,7349.0700,6404.9000,6975.0000,6598.9100,4960.1700,4559.5900,4398.2800,3976.0400,3115.1100,2753.6400,2169.0500,1707.2500,1475.9900,1240.7500,1247.3600,1238.8500,1008.2300,892.4930,753.1440,652.7930,452.4790,391.0570,383.6570,296.9040,185.9150,120.0020,175.6200,215.3750,182.4000,142.6280,115.7630,108.1340,122.3300,160.3180,182.1940,155.8740,179.4580,230.2770,283.0280,353.5250,475.5740,613.9050,617.6750,606.4280,549.5470,417.8550,288.2580,173.6330,102.5670,181.0370,316.9630,336.4960,312.3250,225.1650,167.8190,166.1430,131.7580,79.3458,31.7201,55.3359,143.6020,205.3310,248.9180,288.4950,315.2960,304.7630,224.6010,174.3620,127.8600,99.9973,98.1615,98.1650,95.9367,93.1833,118.1830,141.4200,134.2170,132.9660,158.8010,193.8630,233.2470,297.4770,339.4190,380.1570,321.3190,177.4780,98.7027,112.3910,111.3390,97.1194,83.4890,62.9263,52.4994,53.1701,51.3377,31.7269,9.8970,2.5461,3.5926,9.1839,20.4772,41.1340,77.4522,112.1400,118.1200,119.2000,109.1660,95.3702,61.6954,42.8335,56.6826,60.9925,48.6784,57.5381,96.4184,118.0580,125.2690,98.7505,86.5010,135.5870,142.0170,108.4000,89.9909,57.9085,49.3422,73.9129,80.0882,85.5289,91.7615,76.9334,47.5291,40.5693,55.2595,87.7530,97.6443,71.4437,46.6762,37.8793,34.1471,34.4792,33.5049,28.5639,15.2991,20.3742,38.6703,53.0343,51.4464,47.1177,62.8735,55.8937,39.3365,13.1811,29.5026,41.7741,51.6442,53.4365,60.0701,65.2892,60.2052,54.9824,70.6602,84.6423,87.1155,73.2804,43.1105,37.0789,39.4373,37.7249,35.7777,45.4273,36.3189,33.7265,38.2686,77.5779,110.4590,105.9820,106.9080,89.1543,112.0530,106.5140,120.1920,95.2817,54.3105,41.8407,38.0588,38.8674,35.6101,32.5815,17.0543,21.9903,42.2341,58.6999,58.9203,59.3576,46.7557,30.6321,19.5995,22.1773,58.5033,81.7489,76.6156,69.5538,32.2774,11.6896,13.6683,35.9745,44.0968,52.5559,53.5642,38.5098,30.9206,26.9515,10.5309,21.3911,25.5659,35.2561,46.9668,45.8891,31.9720,42.6751,55.1989,54.0780,48.2306,36.7377,23.7718,20.4737,29.4849,28.8095,42.3346,32.2883,29.1913,18.3200,10.3857,14.9156,18.4107,24.0629,41.3275,44.8318,38.7535,32.3976,26.8859,18.1390,14.7558,15.5433,14.7758,28.9911,41.3384,40.0239,47.9769,39.6260,35.7651,36.0076,28.4192,29.9152,32.6702,31.5733,29.2842,27.1732,22.8554,10.7481,7.0175,18.0672,19.5093,24.4543,13.6714,12.7468,5.6653,3.5942,1.8788,3.5987,8.8087,7.5603,9.3331,10.3252,19.6601,20.4731,30.4267,15.5592,22.2951,13.4085,20.0952,14.0653,14.3773,6.0096,6.6944,7.2812,6.6026
70517.9000,56551.6000,33923.5000,35568.5000,43282.7000,34394.2000,24912.6000,21118.1000,18444.4000,14899.4000,11184.0000,8528.0000,7779.5700,7080.5800,6161.4500,6796.0200,6542.3200,4951.7500,4565.5700,4402.8500,3998.9400,3164.1400,2757.9500,2158.9800,1715.3200,1463.1100,1168.9600,1167.6600,1187.4400,998.9820,871.1440,767.1710,654.6100,459.3600,375.3310,363.7950,295.3430,167.1820,72.4251,114.4770,152.4240,133.4210,100.5780,87.1822,64.1931,56.8074,100.9360,138.0720,133.9050,165.1970,218.8610,276.2650,337.6480,485.3280,639.0720,635.9470,608.8490,522.6750,399.4720,295.5060,177.8400,102.1000,200.9650,357.0760,360.5500,323.4150,242.2540,180.9500,194.6080,184.5770,117.8870,62.7541,98.2770,192.9610,251.2120,268.8710,289.8410,308.4120,303.0310,223.9140,132.7720,88.3578,94.2527,105.9610,108.7860,94.6220,99.5955,117.2380,126.7320,115.8500,116.0420,160.1960,208.5810,227.9160,279.2170,313.8360,363.6250,306.2120,162.7630,95.6707,128.9410,125.5120,93.5329,67.1377,56.7559,51.1032,38.5082,37.1426,23.5396,13.2697,15.2404,27.7679,28.4800,16.3006,25.4441,68.6161,119.2750,124.8750,122.8290,97.4328,86.4858,64.7768,36.5536,54.8437,81.7911,65.6606,56.0791,87.4161,113.8310,123.8720,99.4514,94.7821,144.5910,147.2970,111.5360,90.6200,61.1531,36.8297,77.3665,80.2185,85.4191,81.3796,75.0005,43.5169,31.1530,60.8678,97.1642,99.9208,76.8736,59.8490,57.7402,62.9273,57.8225,58.6655,52.6502,28.7639,18.2196,14.3106,29.2793,36.3439,23.7821,27.2787,43.3636,53.4993,41.2097,57.6875,45.6489,52.2239,36.4909,53.1004,57.0601,32.1180,45.6815,76.8910,75.6737,73.9964,61.1574,41.9567,20.6445,28.7881,47.6493,40.2140,38.4319,35.4397,37.1580,44.5169,76.0801,93.6036,96.4963,106.5030,97.0300,111.9920,114.1050,135.7340,99.1833,57.4930,40.4414,38.5653,47.1189,39.8341,28.5147,13.8362,23.5608,41.6202,51.6549,54.0622,41.7198,23.8196,15.8509,19.4157,49.3348,93.8660,95.4162,80.1762,55.6978,18.8045,21.7755,39.2010,51.5531,40.2232,47.1608,50.6987,41.2371,42.5584,33.9200,24.7610,38.4554,48.4802,52.2523,56.9216,45.0227,38.4866,49.9290,62.9854,60.3350,55.9314,46.5155,36.5516,24.7466,17.7956,13.7563,27.6305,28.1997,37.1886,34.2648,21.3063,10.4474,22.9992,40.7402,37.0076,28.7495,19.0475,19.2846,25.5121,26.9043,16.9965,12.9538,18.7691,16.3954,34.5646,32.7135,54.8199,43.9902,47.2754,56.7013,60.3946,35.7000,29.0039,36.0474,42.3316,28.8370,7.0618,3.1977,6.4406,5.1128,8.9868,23.5802,34.2442,44.7549,13.4780,12.5493,49.5904,42.5902,29.3963,14.2367,9.1223,9.5814,17.7479,19.1336,15.1483,24.5818,30.8978,15.1081,17.8250,30.2655,28.3738,24.9368,13.4904,14.2947,28.2599
69954.2000,56344.8000,33655.1000,35000.8000,42502.8000,33713.8000,24459.5000,20820.6000,18191.4000,14671.8000,11116.5000,8415.7200,7646.7600,6993.1600,6005.4600,6667.0000,6460.6300,4839.3500,4577.0100,4518.8200,4059.7600,3206.8900,2817.6200,2171.2700,1702.9900,1506.6000,1217.1800,1188.4900,1216.7800,1002.0300,893.8990,767.7860,686.0140,491.6740,411.2180,387.1510,313.5040,206.8310,121.9000,174.5090,225.8950,206.8160,162.8660,149.7000,134.5770,105.9750,138.0810,193.0010,190.3650,205.9280,243.8210,275.4030,352.8860,465.9020,572.2610,542.1900,517.3100,465.8290,368.0780,259.7190,146.3980,90.8192,203.8870,371.1430,405.7820,378.6900,332.8760,268.2310,284.0170,259.1930,184.1990,137.9980,141.6120,164.3600,178.7810,195.9670,200.3050,221.9430,225.1450,173.2830,106.1730,73.5950,76.8788,79.0513,81.3613,79.8838,80.2220,95.2168,102.6740,113.1740,119.9580,134.0460,165.7160,207.5550,264.5790,299.3250,343.0390,283.4060,148.2400,81.8852,101.7050,111.7140,101.4000,89.5692,68.7932,55.2117,61.1365,71.9540,66.1753,53.4878,41.7543,35.8692,16.0114,27.9073,63.8097,99.4824,125.0120,127.2320,121.2790,101.8200,94.8093,87.2099,54.6344,40.8685,60.3506,58.8657,48.3583,69.3754,97.1134,125.4630,92.7488,74.1775,123.1230,127.3990,101.2500,75.9616,43.8267,26.6879,61.8780,76.9238,97.0490,114.6750,110.1300,66.3922,43.8036,57.6994,85.3358,92.5327,77.6685,61.4618,56.8654,66.2699,70.4250,58.4340,38.5989,20.6207,33.6134,34.6023,56.9529,44.8237,35.0223,42.1487,46.4703,43.6501,29.8627,16.6128,39.1551,66.0551,56.8717,41.0374,40.2120,30.7736,35.8421,64.8169,72.8452,80.1636,59.7216,30.2070,24.9755,38.0903,41.3359,34.6815,30.2909,25.4355,20.8861,22.8463,48.2637,67.6944,79.8280,98.9164,88.2735,89.9730,94.5481,113.2600,99.5914,64.6942,54.4258,45.7538,62.5782,59.9962,48.9549,25.9988,15.3658,30.5543,45.5918,56.0756,60.9379,38.4355,18.7692,3.5399,14.0411,55.9213,84.6823,88.8622,79.4197,33.7024,21.5754,22.4016,32.9178,44.6638,64.9143,61.8101,52.3408,44.3650,37.6644,12.0071,23.9726,30.6958,44.1664,61.5052,71.4463,47.9989,39.0619,55.4658,57.5982,56.7460,52.7068,47.4890,35.0990,29.5649,25.2177,29.8909,22.6098,23.5965,27.6830,21.3057,18.2197,7.8274,5.8163,6.5975,18.8638,17.8071,21.5832,11.6713,13.7189,11.8802,7.3416,9.4943,17.1386,24.7059,41.0766,58.3063,51.2301,53.1992,57.0826,65.9209,42.3966,31.7280,34.0650,24.0270,17.3811,14.2720,12.8508,18.4325,25.2460,9.1620,18.8833,25.8043,20.2557,10.9195,26.2568,22.0045,14.8345,8.8751,11.9079,11.4357,3.7202,2.2747,7.6965,16.0030,15.4471,14.7998,13.7503,20.4295,22.3900,20.1772,14.3750,8.4610,16.3446,16.5516
70084.2000,56217.8000,33463.1000,34705.1000,42502.5000,33942.2000,24493.2000,20881.4000,18444.3000,14866.9000,11237.7000,8574.4300,7888.9100,7134.3200,6103.3400,6762.9700,6472.2300,4812.6900,4647.9600,4677.2100,4141.7400,3279.5100,2809.6800,2197.5400,1698.3500,1476.6200,1235.4800,1217.7400,1210.1400,966.7320,875.7760,731.5040,655.9090,440.1720,369.5880,389.3500,295.8580,166.6690,125.0730,205.3730,247.2770,215.6720,174.5930,134.1960,112.6930,114.3370,159.2480,196.8210,179.8200,197.6770,233.3660,269.6320,340.5740,456.0890,579.0370,559.0570,538.1050,476.0740,353.1870,223.0420,108.8420,88.1174,236.1230,387.6760,398.8620,381.1790,326.4410,282.6190,268.7030,215.8030,146.1420,118.1470,88.5926,45.9467,67.9249,152.3870,192.1000,217.3750,227.6300,179.3260,122.1080,107.8490,103.1460,107.8500,119.3410,112.1720,97.3519,95.8966,112.6690,121.9510,117.8730,137.6530,180.5200,208.8190,260.0700,292.4010,341.7250,288.9460,155.5070,102.7870,118.3520,114.4730,112.8740,122.2580,111.2880,83.0229,58.3259,73.3039,86.3551,68.9330,61.4953,57.5902,53.0478,60.5033,102.9440,164.4250,186.1780,169.7910,150.9870,120.5290,103.4500,79.5554,49.9408,53.9067,69.9151,54.1402,54.5299,97.7699,106.9360,116.9940,74.3686,78.8125,129.8260,129.9850,101.5980,76.9526,44.1473,17.0290,52.1218,67.3630,72.1669,71.6043,66.2019,50.1301,36.6908,37.9872,74.5671,112.5070,97.5700,72.3143,54.5149,64.3666,70.3380,58.7889,42.2091,22.2158,28.9644,30.5648,54.3727,47.9208,25.3418,25.0636,36.5346,29.5437,11.8784,41.6524,55.0478,71.4753,50.5506,41.1508,41.3105,26.6641,29.8197,59.0850,67.5954,71.1959,54.5710,49.9577,42.7048,28.7515,35.2615,47.1650,61.3610,53.6910,45.1116,42.1075,66.6393,79.4348,83.5151,103.2770,89.0144,88.8930,91.6422,105.6920,86.5299,40.9486,26.7953,29.4869,57.8078,52.8339,47.9884,15.7728,26.3938,44.5417,53.6418,49.0549,49.8883,48.8880,40.8263,22.0298,14.4714,62.6997,90.3470,103.0260,95.6507,49.3331,27.0867,25.2304,43.3097,56.3351,71.6761,61.1719,38.8694,24.2428,13.0077,8.9547,35.4223,45.7055,50.4810,50.6054,40.6322,34.9922,40.5474,47.5475,47.7115,48.4990,40.5327,23.8341,16.8456,17.1954,16.4606,19.7085,22.3085,24.6692,25.2530,13.9141,14.2913,18.8204,32.0797,39.1682,29.3566,26.2882,29.1356,36.4334,25.4058,8.8510,16.0500,26.2227,29.9520,40.5802,40.5389,44.9094,24.4804,20.3013,20.0580,30.2228,31.1240,29.1303,16.9078,28.7183,37.2728,25.1858,21.3888,22.6682,25.5895,25.4886,31.9301,25.6910,15.8901,13.4058,22.3778,33.5842,26.7905,13.4118,2.0948,7.5774,4.1170,15.8064,18.1599,16.9666,8.0210,12.4981,17.6972,15.7970,20.3940,15.6771,12.7695,2.9588,8.4422,9.6008
70442.2000,56438.0000,33802.0000,35442.6000,43205.2000,34313.3000,24721.0000,20903.9000,18304.0000,14671.5000,11061.7000,8494.0200,7846.1900,7179.9100,6184.7400,6745.9400,6400.6000,4784.7700,4648.0300,4672.1000,4147.0100,3222.9500,2778.3600,2143.2600,1672.4200,1428.8200,1157.3000,1140.9400,1160.2500,965.8220,864.7650,748.1970,620.0430,416.2250,336.4370,325.2590,255.0520,135.5020,54.4969,116.6970,155.8720,130.0130,95.5380,71.1019,32.4962,58.6176,112.4600,156.5220,141.6870,166.1960,216.4710,268.7220,316.1280,446.5430,594.5700,591.4920,572.3020,506.1740,392.6820,257.2260,136.4370,115.6870,236.0100,372.3000,402.2080,393.8440,313.5190,256.2180,266.1830,236.1210,173.3840,110.1860,58.9856,20.0614,118.9710,208.3170,249.1820,278.6780,268.6820,209.2060,155.2390,126.1120,127.3950,141.1640,132.0950,121.1420,95.4719,86.7133,105.1400,122.4440,116.9350,125.6160,166.4130,212.5610,276.6130,314.7210,370.3580,306.3490,156.4550,100.7810,134.3850,134.7750,120.1990,109.9660,107.1390,92.5371,61.3766,69.2019,92.4756,84.5917,81.6026,83.5690,90.3128,98.5836,140.5850,198.1080,230.4800,213.6850,183.7060,149.3380,124.7710,102.0370,76.9700,75.2484,86.2976,74.4876,69.4391,110.4060,119.4300,117.9990,76.1626,77.3451,118.6680,123.3530,104.2120,83.8464,57.6052,21.9743,44.8497,54.0252,57.4217,58.4775,54.1898,40.5466,19.4497,33.2174,92.8964,128.1630,87.3381,55.0327,46.6864,65.5642,70.1108,54.0618,53.6750,40.8648,51.6654,43.4179,46.7177,48.0374,23.1052,22.1777,44.3706,39.1375,28.8167,36.6308,49.3790,63.6319,68.4603,67.7240,65.1156,49.5895,42.1742,54.4093,62.6861,68.6641,58.5961,41.8386,24.2285,18.0215,25.6494,29.7950,39.2543,44.9939,48.1278,58.1253,85.6234,104.9860,93.1408,101.9600,86.2870,93.4399,84.7593,104.8720,77.9514,56.8960,51.9058,49.3991,50.1203,57.2807,54.4335,41.9205,16.5300,40.4112,65.9923,77.8253,76.7766,57.0113,34.2828,16.7795,18.6214,54.1895,73.7432,73.6382,68.8176,22.9348,12.2586,28.7892,32.4854,43.2448,62.1358,83.1014,65.5839,49.9828,31.1032,11.8941,35.7881,44.7696,51.2776,45.2453,49.0142,47.6119,45.8250,69.2864,69.9940,59.8733,42.0394,28.5811,14.5392,7.7506,6.3912,10.0673,21.1154,33.4390,38.8454,16.2629,13.1273,37.5132,42.0937,42.7675,51.3668,54.3191,54.0058,47.6199,19.7862,18.8519,40.0165,45.7612,52.3748,51.2976,50.6026,41.0216,35.3078,23.6005,28.1397,16.9790,18.2075,21.6665,23.9741,18.2084,16.2775,12.1085,13.3716,22.3989,30.1282,38.9016,49.1960,38.5555,28.3698,19.8214,20.1191,25.8111,23.5024,16.0792,10.2820,5.8385,3.6218,16.7348,22.5783,25.9124,31.4285,29.9126,33.0064,26.5199,22.0932,13.3819,5.6841,5.4659,6.8037,15.9455
69970.1000,56290.7000,33578.8000,35108.0000,42613.4000,33593.5000,24143.1000,20505.8000,17985.1000,14249.9000,10943.9000,8568.9800,7989.2800,7419.6200,6339.5100,6850.8900,6509.1200,4835.3900,4765.0700,4841.1600,4246.6900,3312.9800,2807.7900,2169.8200,1670.9100,1446.6700,1211.7400,1213.3000,1209.2700,977.3690,892.3910,771.6380,652.2040,422.3400,328.8200,320.4880,253.4060,137.8390,62.5881,128.7340,180.0300,156.5210,118.9440,88.9221,72.0442,84.4953,147.3890,189.3430,169.0850,180.3190,226.2560,278.6130,341.1800,476.1790,614.7470,595.6830,570.0350,493.9650,350.6270,231.4620,154.2730,125.7410,217.9680,355.4000,381.9090,374.0650,295.6840,230.0800,205.8690,167.7160,114.2260,63.5413,28.0196,89.6069,189.5760,262.1250,294.8120,324.3490,323.9770,274.6720,202.9470,145.6450,113.8830,109.6420,107.9220,104.9630,83.1680,85.7419,107.3190,107.8920,101.9480,125.1440,175.8650,232.3430,291.6200,324.7340,373.8830,328.8610,195.3570,125.3930,137.5770,134.4880,122.5250,106.0290,105.2740,96.8237,77.3966,64.8766,60.5801,59.6457,56.4656,58.3728,57.1896,71.3799,108.0340,158.6640,189.0450,172.0740,154.8930,120.6590,104.9180,82.1920,52.5458,34.9044,44.5999,60.3006,62.2653,87.6046,101.2650,112.5000,75.0982,80.9264,128.8450,119.9130,101.5850,85.0625,64.6483,11.8820,49.6495,64.2706,63.0145,59.5449,69.1197,57.3231,32.0343,49.2044,90.7264,94.1983,76.1183,55.3333,55.5792,70.4951,78.1073,57.2254,34.1487,30.8447,53.3723,55.9332,60.2824,40.0139,44.6542,79.6226,85.3844,58.8453,54.8115,86.3566,94.6129,93.9603,79.1569,89.1106,82.5060,46.2551,46.2562,60.6897,59.2348,54.6265,49.7039,33.9995,10.9291,13.5017,20.7117,21.9531,12.2239,27.7138,32.0108,55.8235,79.6067,90.9911,95.5433,99.2357,87.7518,106.1380,108.2730,127.3350,96.0702,59.7375,51.2280,56.5968,75.1987,65.4643,52.8424,28.4678,13.7326,23.1005,44.9081,69.2231,73.9115,43.4565,24.6710,8.6030,21.5465,54.7924,80.4395,66.8113,54.5223,13.2787,14.6712,31.9862,41.0014,36.9263,46.0644,51.1218,44.8197,40.9720,38.2162,23.5989,41.3814,49.9379,54.4420,59.3647,55.9080,39.7768,39.2760,67.1293,69.6028,74.8850,53.5361,29.3171,22.0526,28.4472,34.2230,50.9529,51.0592,38.9228,27.0425,8.7082,13.3674,21.6177,28.8177,40.4990,41.5377,37.0403,31.1502,20.2224,4.4365,14.5728,30.4661,42.3968,30.7917,26.5370,34.0335,50.0188,47.6977,29.1091,18.4709,8.8438,15.1848,14.0279,12.9421,10.9722,13.5108,16.0507,22.3086,22.6922,24.5726,23.9633,31.6852,31.6776,29.1120,28.3736,34.7033,34.6756,19.6734,11.7750,5.7656,8.4217,10.7955,17.4717,12.3611,13.6038,28.9703,28.4194,28.0023,9.8354,14.5298,14.7064,27.1900,16.2021,11.8016,8.8510
69763.5000,55998.8000,33183.8000,34390.2000,42172.0000,33563.6000,24098.6000,20461.3000,18036.8000,14388.4000,10891.0000,8345.7000,7717.7400,6996.6000,5831.8100,6428.0800,6094.1000,4319.3100,4309.9200,4663.6200,4077.8300,3379.6700,2789.4400,2161.2800,1635.9600,1359.1800,1093.0600,1065.7800,1059.7500,885.8450,806.4860,712.1990,613.4920,405.8230,345.0050,379.8920,319.6080,203.9780,143.8790,219.7080,280.4960,293.3330,287.6270,275.3930,224.5520,172.2870,197.9120,217.7790,198.2740,220.7500,245.6280,295.2040,371.4220,520.4090,642.7320,612.5270,572.5880,499.7530,398.2220,308.3500,216.2130,207.1210,324.7150,459.3470,491.9430,481.4110,399.7280,297.2640,266.6910,246.6930,182.7170,126.4260,100.3920,98.4038,144.4210,222.3530,290.3810,348.2260,364.3580,313.1100,246.0770,178.7390,122.2700,108.7090,106.0090,104.8920,98.5705,117.6460,135.0640,124.1350,127.9520,162.1600,198.5330,251.8450,322.0020,358.7990,403.3140,332.2940,169.6880,88.7875,120.7660,131.4140,116.7740,111.1310,95.7413,71.1854,52.6467,52.1627,42.2219,29.2105,25.6853,30.6984,44.3496,55.0547,80.8397,134.5850,162.4370,149.5820,138.5060,118.9590,118.4210,100.0590,74.0401,77.2053,94.5037,92.0923,99.5775,122.8860,139.6340,138.1980,88.8938,103.9450,169.4580,160.9050,125.7280,92.2041,57.1031,25.4169,70.3655,90.7759,92.7545,88.6787,93.4401,75.2742,40.2697,52.0570,106.4110,121.5990,100.8340,79.3627,48.5898,42.9403,55.2201,67.0577,27.1128,34.7398,29.4921,35.1645,38.4066,32.7678,25.3628,52.2500,73.6118,60.8530,48.2693,47.9971,55.3523,52.2153,58.6408,77.1904,84.7830,67.3677,45.2776,31.4858,38.9484,53.0465,55.0288,23.9064,11.6753,7.7355,12.9491,6.7079,23.4210,49.3061,52.9151,64.5479,93.9574,121.4270,104.3790,105.2360,83.7618,98.2201,90.2424,118.3160,110.5440,90.1116,94.4598,84.0619,82.7018,76.1895,62.4227,46.4939,43.5273,46.9114,52.2736,71.8776,81.4705,56.1864,36.6141,22.2549,31.7115,78.8690,96.0484,87.5123,66.8457,15.5435,31.8904,49.2677,51.0036,30.9454,14.7111,32.6766,37.4532,64.3215,45.9806,35.1409,28.7574,29.3588,27.3845,32.8341,29.9274,27.5099,31.7758,47.4415,58.2190,68.7227,61.4451,34.5643,25.2422,28.5329,32.5057,35.2176,34.0703,36.2135,42.5840,26.0009,10.9250,20.2702,32.0747,35.7234,33.8988,36.3517,38.1531,41.4410,17.3705,25.5195,68.5649,65.9070,57.6884,69.0839,84.3925,75.5544,36.5213,34.0262,26.2050,18.5163,10.3988,16.5573,15.8677,10.4939,14.3669,15.8360,14.1520,7.9052,15.8897,28.2786,21.0893,18.3104,25.1826,29.7193,35.9440,38.0902,21.2896,21.6667,17.5604,14.6514,8.5770,15.6377,15.5465,12.8681,21.3079,26.0095,38.1517,39.1325,31.1946,24.7203,18.2029,13.1340,12.9208,14.4144
70153.3000,56111.9000,33453.3000,34999.7000,42855.7000,34120.3000,24693.1000,20703.7000,17878.3000,14497.2000,10529.8000,7587.5400,6554.2200,5639.8900,4529.5400,5352.1900,5382.4400,3436.5600,2589.0600,2799.3200,2739.9800,2593.0700,2167.7400,1777.5800,1309.4200,1090.0600,824.9200,702.7010,567.2880,305.2310,334.0670,527.8100,530.2740,458.0690,444.8690,430.3610,348.0240,217.9290,159.1290,184.1880,202.6360,173.5190,133.8390,115.2850,114.9650,95.2536,92.2599,125.2740,155.1770,198.5660,233.1260,284.5690,316.1200,411.5840,528.2310,541.6970,522.2940,452.0100,328.9070,234.5950,124.5080,66.3368,186.5510,337.0500,343.6170,306.0150,265.4480,213.0240,229.3160,222.5070,155.1540,77.6021,34.7022,100.0090,200.0860,268.6360,296.0980,308.9740,303.5920,252.2470,169.7310,91.0818,57.8478,84.8551,88.8538,91.0747,99.5683,112.2540,123.9640,140.5050,171.4850,162.1470,179.7620,242.4080,296.8080,341.0110,366.0240,320.9780,172.8640,116.4750,129.2500,96.3644,59.4770,37.6628,40.0660,39.4024,32.6040,34.1391,34.4103,55.7874,55.9417,70.0855,88.5858,73.5735,44.9289,35.7408,84.4969,105.2450,108.0680,76.5102,88.0696,114.9390,90.3351,65.8946,64.0837,53.0196,39.3767,29.6725,46.1938,58.2187,54.7231,69.7519,115.1930,142.8250,131.0930,113.7960,98.3864,44.4560,66.0475,66.7431,69.4781,82.2523,83.7276,47.1918,19.0032,28.0924,44.9314,40.2898,38.1092,19.6658,25.3326,24.4434,37.3736,42.3646,40.6491,38.0987,32.7262,21.8270,16.9831,15.0328,10.8990,26.9446,51.6318,49.5292,41.7828,15.9463,30.3938,46.1238,32.6117,27.3428,39.7682,36.4326,24.5873,35.1080,47.1000,58.8830,43.3124,20.8274,13.5123,10.3018,13.0843,15.0612,17.1581,18.1327,32.2022,58.4547,113.0280,113.3950,96.7089,74.9142,54.2443,70.6788,59.9075,95.5756,92.5810,89.7543,78.0043,61.2852,99.1704,102.2030,75.4691,45.3759,50.1615,65.0243,69.3288,76.7889,70.0799,35.9291,26.7936,34.5720,40.9991,85.8054,103.8300,97.7875,71.6732,49.6604,40.3307,52.6733,37.3269,23.4553,19.2392,17.0399,7.7732,11.8145,28.9741,32.9905,41.8129,64.0110,71.4710,72.8603,46.7389,33.4833,51.2722,70.4183,61.3946,54.7867,25.3560,18.7404,16.7340,9.4339,32.5079,28.7641,30.9121,20.3819,21.3460,22.3336,15.2314,19.7497,26.9036,21.2723,12.3956,14.1576,17.4594,6.6557,5.9056,13.8490,22.7128,35.0341,39.1046,40.3150,47.8283,58.4103,52.1965,45.4786,40.4004,31.4665,22.6895,15.5584,11.4193,6.4150,5.5915,18.4246,22.3676,26.1408,9.6343,14.3235,12.2442,13.7494,16.8582,29.6722,49.3250,48.8135,33.6157,24.2535,22.5003,36.0720,52.1668,63.2182,55.0750,39.4009,26.6686,12.1372,11.4086,28.4269,26.8985,21.2361,7.8038,18.5220,24.1641,18.7071
70070.8000,56482.2000,33924.6000,35369.3000,42987.1000,34426.4000,25552.6000,21732.1000,18737.7000,15923.1000,11648.8000,8138.7000,7083.1500,6346.8500,4230.2300,3817.4600,3791.1800,3159.7100,3596.8900,3548.6300,3048.0700,2284.4400,2035.9600,1786.1700,1590.0300,1413.7600,1115.8600,959.1080,800.1060,586.5860,428.8080,435.8220,482.1540,389.8840,376.5890,418.5530,394.8660,323.1600,246.4280,238.5820,230.9260,196.1080,181.0140,176.8760,153.6440,124.8270,152.8820,202.6000,204.3950,206.6070,249.7220,286.5670,356.6740,455.7270,546.2440,525.5950,486.5880,452.7870,355.6260,235.9690,131.6630,59.5336,119.2310,239.8360,242.5060,220.1520,136.6550,103.0950,126.4810,128.5840,105.0800,71.2902,49.4069,33.4291,66.6308,127.3470,156.3050,161.3050,187.7470,227.5210,265.3760,206.6810,143.3440,91.5260,62.9853,52.6590,50.8698,83.1524,137.3110,181.2490,165.7780,182.6410,254.8540,297.8430,356.2070,396.6300,471.2930,394.2590,191.2800,137.7220,171.4660,128.6290,87.3395,60.6073,70.1807,42.3524,40.1605,43.2658,59.9239,55.1172,41.2025,55.4416,83.7239,86.8066,83.3076,114.3880,156.9700,167.4290,172.7610,134.6200,125.5570,147.7310,102.4280,70.8719,113.5620,110.1210,98.1120,100.5790,112.2250,102.6280,51.5012,41.8640,71.7148,114.4120,150.5430,149.2910,158.5610,85.0092,38.5014,18.1015,31.8280,42.2694,69.2918,71.4132,44.7247,26.2192,70.9576,92.1820,89.4547,55.5260,51.7181,57.9472,40.4051,85.6746,139.9230,97.0029,56.0007,47.2884,61.0864,62.2122,38.2694,26.4726,46.4715,78.6488,82.6459,35.1061,20.5538,43.6514,49.0639,38.6410,28.6001,37.8162,46.6789,48.0468,63.2945,86.6393,98.3321,40.8064,20.1941,78.2465,80.6728,94.5202,56.6061,55.9251,95.0772,112.6500,137.2100,117.4680,100.5750,91.2294,73.4736,36.7695,40.7874,62.3100,107.3710,95.8522,102.4670,91.4949,117.2700,92.0314,57.6043,79.0189,98.7576,112.4840,111.3630,127.6520,117.0330,59.8082,25.1241,55.8697,77.5053,79.2911,78.4876,82.7573,80.3016,50.2906,38.7319,67.1329,68.2705,52.8195,48.7436,48.1471,31.5052,17.5506,37.8896,60.6965,67.5226,49.4621,36.8624,47.9360,64.9847,57.7302,26.8281,41.0585,43.9898,26.8086,30.2211,43.2086,71.8753,39.6883,96.7056,80.2267,72.1117,34.9246,29.9636,50.5724,62.3448,40.2513,33.2794,69.2506,86.9635,66.7917,37.3662,20.5138,36.0513,36.4143,20.2233,32.1415,31.0739,37.5094,52.2052,95.3389,91.0862,82.4820,77.9292,98.6789,77.2423,31.7370,30.8269,42.7609,52.2693,33.5385,22.6817,20.7696,36.8489,65.4022,54.0941,51.8261,18.3500,59.5583,40.8575,30.8279,17.1502,24.0102,21.2429,14.1906,32.4826,47.9219,49.1755,27.0491,14.2805,27.6939,25.6764,21.0775,30.9235,46.0257,54.3836,29.7175,14.6571,35.1522
69680.9000,56177.6000,33438.1000,34524.9000,42371.8000,34178.2000,25549.5000,21920.9000,18251.8000,15026.2000,10300.5000,6948.4200,5763.7200,5258.7900,3625.9600,3695.4500,3923.9400,2321.2200,1638.6900,1811.8100,1960.9000,2644.4900,2586.9000,2240.2900,1697.9000,1343.8300,1167.2800,1081.8400,903.4380,604.3020,446.8190,374.3710,296.8990,264.5950,253.4270,269.4380,178.9780,109.1000,106.4690,71.7739,84.7315,113.8610,129.9180,187.7730,177.5510,134.5870,128.1610,127.9540,104.5160,108.1620,150.2590,211.3340,300.9400,444.9310,575.2550,569.1050,533.4900,473.5880,364.1230,302.1520,278.2380,267.5300,263.9740,250.2800,222.6670,181.2660,138.7990,80.1981,62.5185,36.2675,83.4484,107.8180,100.9300,111.9280,65.3517,64.5193,48.7769,21.3586,52.2953,123.6000,162.6470,199.4590,192.0890,221.8730,246.4520,243.5290,253.5830,259.6010,308.8590,356.6680,355.6760,424.7230,560.0780,680.6400,857.7290,962.9140,1145.1900,1094.5700,698.9870,406.2830,380.9750,376.2950,317.1300,239.4520,191.4570,164.3090,138.9570,111.8460,90.4484,81.1813,93.7415,114.6970,115.1180,118.5690,132.9790,163.0750,177.3260,168.4080,160.5540,140.0090,69.8716,23.9336,26.9918,70.5868,112.3990,88.7725,63.3499,79.7824,98.3452,104.5240,106.5750,135.6240,164.4470,155.6960,131.9910,111.3660,99.7678,52.2940,89.2943,67.1175,60.1307,47.7413,35.7298,22.2623,44.8869,69.3493,74.2856,85.1240,63.5979,40.7888,35.5962,54.6221,68.6888,26.0299,36.0181,55.4159,77.8687,54.0923,43.8721,44.2422,29.5607,14.8997,39.2093,41.5665,36.4354,41.6863,49.9360,58.9198,59.8942,39.9750,16.6449,24.3456,36.2027,32.9067,37.8474,42.0620,39.9980,38.9008,47.6238,60.9512,68.9876,58.9262,28.2443,20.9875,35.5215,56.8470,50.9540,52.5260,55.6432,58.7182,45.2585,42.6522,41.1895,62.2024,52.0616,57.4512,65.8219,83.8930,73.9124,71.4446,90.6884,95.0028,81.6597,55.6150,56.8336,63.6362,63.1272,63.0353,63.6222,48.7899,51.6594,95.3012,104.3990,93.4416,69.5861,65.7137,76.0692,91.9641,119.1010,113.9560,109.2840,101.5460,69.0240,44.9897,34.5418,25.7865,12.7100,14.1942,22.7642,8.7974,10.0196,25.1147,36.0022,55.1184,55.5173,50.1368,37.8364,34.2353,33.2629,18.1094,28.4206,40.7652,54.0008,65.0470,55.7716,45.6870,43.9530,35.5373,33.2375,54.0817,62.2863,68.7039,70.1827,77.5375,63.1696,27.5724,12.6719,32.0830,38.4728,34.6395,37.7510,22.3820,48.3600,34.3318,31.3833,11.6039,20.3528,39.0777,19.8453,34.9048,29.7942,32.0746,36.5365,44.4047,48.9436,45.9098,45.2967,28.7339,17.4346,26.2493,31.7025,39.0110,35.1017,22.1566,24.8491,14.0710,14.7235,4.7023,6.1571,10.6372,17.8476,21.7901,45.8571,31.5216,47.9977,11.4245,6.8289,38.5521,31.7102,30.7092
71441.4000,57396.6000,34899.6000,36834.5000,44989.6000,36435.6000,26527.6000,24127.9000,22669.8000,18892.5000,15278.1000,12187.9000,11042.3000,10290.0000,8524.9900,8098.6100,7451.7300,5913.3600,5153.4100,4624.9700,4219.7400,3848.8400,3429.5100,3207.8600,2774.0400,2494.9800,1969.0300,1746.1100,1627.9200,1276.0400,1046.1500,931.0840,869.2010,612.3140,357.8850,271.6880,267.7370,221.5260,160.8630,139.3200,167.5960,185.6010,133.3220,109.3770,101.3650,55.7955,84.5986,160.7410,179.3640,203.2980,253.7810,302.2160,342.5660,435.3040,542.0130,541.8230,533.8800,500.7770,428.7770,357.4140,259.0960,157.5650,70.4429,130.5800,217.0930,260.7980,293.5960,300.6470,314.5030,303.2280,283.8590,291.1790,335.4040,391.6920,394.7930,429.2620,568.0130,794.2770,1147.0200,1589.3200,1694.4200,1468.0700,1225.0900,890.0150,766.1810,683.9450,499.8560,352.1340,327.1550,347.3200,302.1080,312.1180,345.5460,357.8550,497.4770,681.1580,956.1000,1030.9100,855.9550,749.1990,758.8810,743.0790,640.4030,385.1170,242.1680,181.9970,130.9770,72.7412,45.5435,58.9662,54.4864,57.3059,77.6787,115.6670,151.0130,212.3920,266.6470,276.0100,275.0910,287.2950,306.3350,293.1100,196.7980,129.1550,63.5554,58.1636,68.9818,36.3353,44.9676,82.8264,79.0302,83.7627,89.3509,105.3390,103.2910,93.7257,98.0807,106.0500,100.7850,88.5182,88.4694,53.6375,66.9329,63.6584,47.9310,30.8955,22.6322,36.1089,35.8239,25.1281,49.9833,79.3982,99.4852,110.2300,113.9300,110.0720,98.8998,94.8235,87.1376,83.7689,73.1470,43.1275,33.0473,27.1849,60.3248,37.5358,58.0195,56.3858,61.8748,72.1438,37.5895,40.3749,41.1515,68.0909,71.8269,51.4562,34.1640,42.4357,49.8356,45.0661,35.4970,26.9775,24.3469,27.5331,24.8452,11.7451,9.0206,22.3350,32.8923,39.4582,32.4907,56.3035,71.6057,76.0661,53.7588,38.3218,39.7461,47.6736,49.4020,56.8402,53.3370,52.1548,43.4810,19.1344,16.3765,35.9226,52.5851,79.9150,85.1550,78.0016,48.7301,21.2963,41.0952,66.7889,62.4585,29.3342,28.1136,37.5498,46.6424,60.4983,63.7558,43.6914,24.8650,20.0195,45.6227,40.8491,36.8427,20.7815,52.7608,34.3784,26.5731,4.0222,16.3756,22.2378,28.5127,41.7476,40.5612,40.2233,43.5602,45.7584,40.7706,39.6718,51.1812,64.5338,63.7944,47.4847,34.5122,21.1394,11.6758,11.2632,10.7650,21.2128,23.0335,20.7268,31.3005,49.9552,68.0139,61.2556,55.8595,48.6193,43.2158,47.4973,74.4423,63.2523,59.4491,36.2931,27.6980,22.4106,15.8501,12.2218,20.2225,26.2434,26.1130,34.1312,44.9791,54.2646,49.4277,48.6287,48.8813,45.5594,37.2224,34.0295,35.8170,33.1398,23.1318,11.8780,10.5428,23.2184,23.4269,20.2593,15.4125,12.3569,9.4477,16.0342,16.1719,30.0911,25.1753,20.2591,18.4873,19.7330
70906.8000,57048.3000,34548.1000,36485.0000,44177.3000,35155.5000,25429.3000,22400.5000,20662.5000,17041.4000,14447.9000,11998.4000,10320.5000,9262.3600,7450.6900,7188.2900,7022.4600,5572.4400,4562.0000,4013.8500,3566.1600,2725.8700,2366.5500,1768.3200,1312.2500,1367.1300,1525.9800,1692.6700,1646.5900,1519.7900,1476.3300,1622.2900,2067.1900,2139.7600,1768.3200,1363.0300,670.2330,288.0210,272.2940,270.7300,302.6470,362.3000,420.2370,505.6330,477.7070,362.6530,240.5710,203.8730,243.5510,307.0940,402.3390,462.7800,516.8520,645.5760,800.5460,838.2590,812.8490,704.2400,589.6340,504.4010,407.9810,330.8210,258.4280,201.2760,177.8490,185.8400,261.4880,402.6500,493.1340,605.5690,642.6620,594.1660,493.5720,378.5890,381.1990,520.3290,752.9100,976.2480,1357.7000,1771.1400,1904.9800,1633.4300,1382.3400,1210.8500,1176.7200,1106.6800,967.2590,844.3100,786.0780,738.9300,708.4380,744.9160,764.5160,794.4680,989.6240,1268.3700,1553.4900,1680.0100,1751.9800,2004.5300,2185.7500,1863.2200,1486.8000,825.3760,437.0970,487.2320,447.7150,280.2550,225.6560,242.2980,236.5050,212.8440,189.5040,153.3260,116.8060,118.2730,159.8740,162.1820,112.1440,84.7005,78.7251,118.0770,114.9360,172.7180,172.9690,140.9250,117.9390,87.2875,44.2326,86.9164,138.1680,172.6250,166.3840,161.7210,177.7500,217.8130,238.8990,205.5560,181.9200,141.2810,124.1480,102.6520,100.1070,111.2440,109.8650,93.1323,97.7683,96.1995,82.2548,38.7295,81.3839,131.3460,117.9390,119.5980,156.9570,149.6280,141.9470,132.6870,133.8750,131.4640,133.6780,103.6330,106.3430,91.0628,68.4330,48.4615,21.1098,31.6185,51.4392,41.7742,37.7693,26.5096,26.2373,19.3244,33.3625,13.7201,9.1920,25.0087,22.4473,20.9927,15.9484,51.1692,68.4489,73.2778,83.1871,70.2660,74.8189,102.2250,117.4360,141.1460,130.4870,131.3880,131.1840,152.0480,129.4090,104.8570,107.0570,94.7202,87.1144,81.0641,76.0289,72.8975,76.8103,94.8661,120.0460,135.7600,127.2140,101.2740,73.5450,33.5193,27.7827,43.8493,50.7828,50.8913,48.6727,27.1464,41.2681,94.6158,95.2642,85.0057,71.9815,75.2753,61.9683,42.5281,29.8563,14.9299,12.0022,5.1149,5.2062,4.0549,15.7568,22.9309,28.3610,34.9389,58.0726,64.6639,45.2424,40.1098,37.1824,36.8690,32.4047,51.2149,58.1462,39.5552,24.1950,23.1174,41.1991,55.5341,66.2404,74.8529,89.5505,86.1725,63.2496,39.4330,39.8848,53.6098,56.0110,50.2367,69.0325,71.6078,44.1039,21.2892,7.3418,26.4203,49.4719,72.2716,88.1228,100.8560,102.1290,88.2849,66.2710,56.5910,66.0770,67.4512,62.4210,58.8722,68.4856,57.3629,21.0738,10.8168,30.0211,45.2995,47.4864,40.0501,28.3724,21.6067,17.1826,11.3128,11.1853,17.3325,28.3746,39.7157,56.6549,65.7687,60.7714,54.1242,39.7501,22.6548,12.0789,24.5116
70363.2000,56712.3000,34104.0000,35516.2000,43211.3000,34608.5000,25095.0000,22072.9000,20304.3000,16751.4000,13852.5000,11233.1000,10054.2000,9190.5100,7427.0100,7621.7500,7694.1100,6060.4800,4941.2100,4376.2300,3857.3200,3006.6300,2746.8000,2213.6800,1787.8500,1657.5900,1197.5100,907.7760,851.3190,692.5940,597.1630,486.8370,316.7830,343.6880,527.7920,644.3890,695.0820,678.8600,537.3040,349.9770,290.3610,331.1570,317.2690,270.9920,189.7500,174.6700,197.0560,193.7670,168.0520,173.0670,159.7160,178.7350,245.7900,325.5490,531.7370,500.2210,557.3840,525.2990,447.9150,375.9120,314.4170,271.0650,219.3850,143.0320,88.3341,98.2566,128.6090,182.9240,252.4330,343.6500,428.0770,476.6740,498.9250,478.3240,459.0780,601.4250,872.9570,1106.7600,1521.8100,1948.2400,2064.5600,1753.3600,1455.1300,1140.0800,1048.9100,901.5810,747.5130,697.8730,747.6750,753.0830,715.0410,713.6860,695.2500,718.5020,904.5420,1141.7000,1400.3800,1517.1200,1455.8100,1570.7100,1715.8800,1497.0300,1240.6600,769.0940,460.1090,412.6640,331.9480,209.1730,168.9660,175.8350,170.5860,165.0190,142.4180,113.4520,30.9663,20.8965,84.0755,122.3140,145.8320,172.9680,186.7250,206.9840,191.5360,159.1010,155.2840,164.9540,188.8930,181.2470,160.5920,124.1990,87.5030,62.6469,83.5465,168.3790,228.8790,227.0920,238.6590,195.6090,139.1050,64.1776,43.9307,121.8970,202.7880,215.1210,174.4450,133.9600,47.4129,63.9358,98.0228,105.3440,74.9384,45.5971,53.6684,101.4910,167.2370,163.7190,116.5180,117.8510,146.2570,145.5890,120.6110,50.2624,54.3093,105.9660,148.7570,105.8940,54.6255,60.6394,74.4921,71.1940,65.8625,58.6691,42.9226,25.6102,14.5928,10.2380,3.3720,7.0511,21.6289,39.9459,53.5051,68.8544,66.3734,57.6403,47.2414,38.7768,43.8797,49.6395,53.4879,64.6806,87.1750,121.1180,108.6400,103.8760,67.6255,26.9428,37.6257,49.4400,49.8153,53.9051,61.3122,70.9050,80.7679,84.1420,82.4972,71.4715,58.0017,46.1058,35.9088,35.7858,37.5467,97.8536,110.1100,108.1130,73.5464,35.9842,72.8765,120.3300,116.1360,86.8522,63.1757,30.1495,17.1682,37.8579,56.3855,68.2592,70.0894,60.8962,51.4295,49.0684,46.8974,42.9160,38.5320,38.8956,33.9191,41.7580,48.1553,57.4797,70.7666,78.9806,84.4669,88.7369,99.7904,90.7512,80.0443,77.2377,74.8667,74.4178,66.8486,59.7681,60.6093,62.1489,54.9606,53.4167,52.0986,54.5490,41.5877,32.8527,44.6962,59.8234,61.1689,53.4611,38.5451,12.7502,25.3113,47.3068,69.1594,87.2540,86.9772,69.6273,47.3966,33.7796,37.4171,33.3139,46.8691,85.3983,86.4775,63.4584,51.8221,47.9792,49.9510,32.2950,16.2549,12.8332,13.1099,17.0878,11.5691,12.9527,7.9213,21.3161,21.2881,19.7149,11.0532,6.4331,5.0389,19.9889,21.4155,26.9508,13.2905,25.2010
70857.3000,56766.9000,34119.4000,35628.3000,43523.8000,34917.4000,25169.5000,21953.6000,20100.2000,16490.3000,13203.0000,10350.9000,9087.1400,8016.0800,6168.2900,6219.5000,6196.3400,5045.6800,5170.0700,4957.5500,4184.1600,3384.9000,2755.5900,2324.3000,1977.8900,1854.6100,1638.2900,1526.8300,1394.0500,1059.2400,874.7130,804.3490,656.4670,545.0570,508.5220,565.8680,613.5750,699.4860,697.2120,572.5640,391.9010,208.8380,113.7940,102.3360,157.5650,250.9960,250.9720,206.0340,63.5983,50.2719,130.2230,233.3760,278.5290,217.5420,137.5480,298.1380,499.4380,613.1500,616.6430,569.5670,502.5470,468.1280,418.5780,411.4730,408.4480,383.9620,214.4740,274.9820,303.5460,449.9850,549.1200,562.9020,571.7710,555.0390,548.2280,607.2250,742.5750,949.0830,1362.0000,1784.0000,1888.2000,1607.3600,1340.4600,1136.2200,1059.3400,948.9630,781.0430,669.7000,648.1180,610.0750,553.5070,537.7540,514.8360,505.6640,678.3860,944.8920,1129.5900,1222.0500,1142.5900,1216.2700,1336.5600,1119.8500,948.6210,491.5740,215.1620,237.2200,239.5060,164.8410,102.6120,76.1112,79.6427,85.5610,115.5900,121.4240,69.3364,34.8490,109.0830,195.2230,274.5250,340.6360,356.8490,339.7330,297.9010,249.0660,162.6630,124.7540,135.0390,137.7230,120.0160,97.5203,88.0159,149.9750,237.0080,311.8300,392.4880,396.9940,345.8850,256.2630,115.1440,51.0779,131.3090,195.7230,243.8300,268.5980,267.4610,239.2680,182.9530,132.4000,105.8400,131.8650,181.8030,208.0680,212.3540,218.8120,215.3810,197.3250,164.2690,155.5160,182.2350,187.7140,148.4550,106.4560,117.2950,145.6370,162.8560,155.5900,153.5070,159.4230,156.0900,131.4890,105.6900,86.3967,53.8655,25.5491,36.3978,48.0055,50.9678,35.8781,28.3777,38.1569,42.1064,45.6017,34.9569,19.9967,8.5101,15.2519,34.8372,56.4825,82.3098,92.6611,104.1550,131.0300,111.5230,78.1988,26.9838,20.1557,55.9544,91.5868,101.3240,88.6643,66.7351,67.5415,70.4974,83.6636,103.9360,95.0567,74.3090,52.9368,35.5214,21.4300,36.0072,73.4629,100.5910,122.9710,108.0210,74.0187,66.5164,79.2759,80.6634,73.8428,54.8209,17.0131,26.2001,49.2859,62.9227,72.2145,95.2243,87.9272,89.6866,67.5583,59.9995,58.8716,46.6383,38.6869,33.4898,30.8681,26.4837,25.1418,14.3809,12.7457,4.4521,10.4425,38.7560,45.3007,41.2571,23.9090,38.8798,66.2359,77.5634,63.2083,49.4947,59.7846,70.2578,61.6130,41.4459,31.6398,35.2268,31.7809,22.7608,14.5199,21.2522,40.6844,50.6686,55.5312,53.4579,63.7966,53.9717,30.9584,25.2610,31.4449,49.4480,68.5335,69.8121,58.9508,11.6768,14.2743,26.2142,28.1873,33.2228,30.9190,49.7093,34.8546,28.8141,9.4034,10.8958,19.8045,27.0851,23.9762,13.0452,12.3004,10.9347,19.0963,23.4967,18.8586,14.8162,13.8487,16.6542,26.7345,42.7770,47.1622
71128.6000,57122.2000,34588.2000,36294.4000,43912.7000,35086.0000,25561.4000,22265.8000,20217.8000,16834.0000,13691.4000,10879.0000,9528.5400,8935.8500,7283.5900,6814.8900,6501.8600,5249.4900,4386.0100,4088.8300,3226.1700,2225.2400,1740.4100,1767.2600,1861.1600,1688.6200,1165.6800,1062.3500,1105.7500,921.1040,636.3560,452.7990,394.5340,418.8420,541.5940,648.1330,574.0790,489.6070,468.8710,498.6180,512.5010,476.3550,445.9900,335.4970,257.6990,256.4250,198.1700,137.9090,171.7980,219.3420,272.9620,310.6540,270.6970,125.5570,256.0360,430.7840,564.2130,574.1240,516.3360,423.0930,312.1640,290.0400,292.9000,275.4350,273.7690,259.2850,166.5090,107.2480,170.9760,292.9730,367.7890,403.9130,431.4940,421.2690,444.0900,607.6310,878.8890,1147.2200,1555.1400,1972.4000,2069.7000,1771.5300,1493.5800,1314.6100,1224.2200,1121.7300,949.8440,815.4370,760.4060,731.1100,710.5880,698.7590,629.7110,619.6250,778.5660,1034.2400,1253.1400,1341.5600,1268.4600,1361.3300,1491.1200,1283.5400,1059.7000,656.0080,419.8260,371.5070,281.8690,170.1630,109.4660,58.5852,22.6648,40.3349,50.9789,46.7330,19.7378,16.6455,93.7205,145.2410,239.5480,261.4790,236.8550,218.8610,194.9570,147.5650,67.9407,105.2650,183.3820,213.0050,241.7130,227.8290,249.3640,245.9330,208.7390,269.5530,296.8130,301.9980,278.0420,253.9740,210.0130,82.1826,89.2403,81.9712,102.6520,97.3896,114.4870,119.1460,126.1650,114.4580,67.6250,45.6057,99.1540,112.3520,118.4290,103.5320,93.1861,84.2709,62.7731,33.4827,53.3842,80.5083,59.7135,48.0685,85.4678,116.2710,144.6800,158.2710,153.9610,149.7470,148.1140,146.2210,157.7680,162.8990,152.5190,105.5560,61.3736,65.5966,77.8828,75.0456,76.2492,81.8573,98.9942,103.9210,99.6397,114.2930,137.5120,137.0510,136.1420,141.8150,161.6250,172.5900,155.7800,149.1870,135.5300,107.3910,71.7111,40.1285,99.6698,143.6270,176.9470,171.7320,143.1300,100.2600,54.6043,42.3905,64.2917,79.9740,63.3440,61.4932,77.1049,74.0295,76.3914,127.0720,170.7880,204.5180,170.6220,103.8110,72.8976,84.2124,95.6831,87.6508,85.9806,91.1620,104.5720,127.9610,112.7830,77.4547,83.8554,90.5143,102.9180,78.1507,45.5977,41.8762,47.8879,65.3079,82.0640,99.7749,102.5830,94.8868,78.1216,63.5722,53.2572,54.2755,62.5646,69.3579,79.9346,77.7126,57.8637,54.5976,72.0678,69.0169,67.2758,63.2151,75.2142,64.5240,20.2041,20.9875,53.1248,57.4713,57.4396,58.7257,61.7461,62.0476,52.3200,23.6948,15.2111,14.8252,25.0496,44.4281,56.4587,56.9563,56.9892,51.7633,24.1026,19.9606,36.4271,35.1362,27.8839,20.8787,17.6125,24.0883,27.3872,25.0005,31.9480,45.4580,46.7561,37.9920,23.9461,39.4932,52.3794,39.0860,26.7037,26.3196,38.2520,66.5074,60.8901,42.8994,32.0266,26.5198,26.8031,40.3119
70537.2000,56846.1000,34142.1000,35407.7000,43014.5000,34423.8000,25033.6000,21777.8000,19806.6000,16424.4000,13319.3000,10465.5000,9199.0000,8538.7700,6719.9200,6277.5900,5945.8400,4517.1900,3615.1700,3133.8400,2314.8900,1484.0900,1140.3600,1109.3700,1160.3400,1256.9200,834.3010,483.5880,288.2870,236.2670,212.8280,234.0630,217.4570,120.1010,161.9570,288.8060,295.0770,270.1160,182.9950,191.2330,259.8910,265.8910,217.6210,185.6670,208.5040,243.9980,246.1450,277.2900,274.7250,269.5550,320.2090,373.6410,359.3820,457.0120,691.9560,810.0920,872.5580,784.3080,650.2940,539.2850,449.6710,400.6420,405.6530,371.2150,365.5930,332.4630,221.6090,121.2750,195.4680,340.3090,434.4700,419.2850,324.2400,228.4790,250.7730,472.4090,762.5590,1071.4800,1489.2500,1910.6100,1971.9700,1647.4600,1405.4300,1191.5900,1153.2400,994.1880,810.8690,687.9330,657.1520,656.6730,650.5990,660.3910,644.0260,643.9530,862.1600,1168.3400,1393.3500,1469.8100,1329.7700,1363.7000,1436.6600,1187.8400,883.6840,494.9680,399.6690,433.8210,284.4540,150.4740,229.9010,253.6330,137.0210,140.9910,220.7560,189.1850,142.0210,146.5010,95.6437,93.1724,165.5550,266.9960,277.7560,298.3450,300.0170,266.9930,138.9220,82.6691,128.2330,158.7970,189.9890,183.0670,191.3190,246.5680,242.5250,339.8470,353.1100,258.8120,187.6850,125.0520,65.6578,72.8480,166.5420,205.7430,230.2930,286.6170,345.7330,395.9730,381.9540,273.3500,148.3970,101.3270,182.5430,197.3460,194.1880,169.7820,126.1840,63.1152,76.7071,125.0090,132.5290,101.1450,92.8530,159.8080,216.8910,228.6820,233.7600,202.2060,180.6320,165.1560,136.5640,115.4450,118.7140,132.2620,121.7090,77.5002,52.2235,31.4876,21.3804,42.8921,61.3791,88.7936,79.9919,83.3318,104.2060,146.9430,166.8180,135.6700,123.9350,120.8930,131.1660,123.1960,109.3200,118.7320,103.6670,49.3665,65.1529,142.1100,189.5040,205.6100,201.1830,183.5240,140.3240,91.4383,44.8475,41.1843,64.4882,48.3994,24.3696,17.0349,20.8524,31.4456,66.0179,135.5230,157.4640,166.4510,130.0200,35.1109,33.9679,52.9388,73.8739,69.6817,45.7805,47.2180,67.1389,94.9686,72.3266,48.1229,51.7078,53.9561,53.6020,31.0177,23.4566,33.0244,56.2640,73.2887,83.7855,93.1115,103.7840,99.5002,81.8642,72.0648,73.2565,71.6720,56.1984,35.5528,23.8543,20.0275,16.2001,11.3386,10.3896,14.7064,31.9188,39.2864,53.3383,45.3549,34.6324,28.2617,23.6006,20.0187,10.7316,38.7429,43.2400,45.2646,27.6039,39.2932,40.6837,21.3405,31.0468,54.7900,57.4858,53.8076,49.1007,45.2059,26.1175,16.1011,19.6284,33.7568,44.5904,52.8786,44.2348,37.3847,33.9304,44.7443,63.2907,67.3417,65.0813,51.7959,27.7200,8.0569,13.0897,21.5259,24.0203,21.9232,31.6141,41.9511,21.6084,13.0634,31.1463,23.6657,17.1023,30.8046
71055.4000,57023.3000,34301.7000,35621.9000,43546.4000,35132.5000,25549.0000,22333.6000,20494.7000,17076.5000,13857.7000,11024.4000,9826.4500,9100.9300,7395.7700,7120.9900,6798.1300,5458.0100,4831.1700,4375.1700,4040.1500,3564.0200,3287.3400,3366.0800,3365.6700,3528.9800,2880.7900,1811.1300,889.8120,352.8560,835.1110,985.7480,935.5570,769.2140,752.2100,710.1920,653.9560,560.5290,395.6870,286.6660,234.9310,207.3200,178.2550,134.7520,101.7570,147.8330,159.2140,125.0320,76.6150,82.8434,266.3490,388.0770,327.9690,201.6240,346.7730,579.3440,752.6340,758.6640,657.0930,567.1890,488.2530,451.4130,435.9720,388.2240,374.0120,313.2780,188.6380,143.0400,233.3850,344.6910,419.5560,459.4950,478.1790,425.9370,405.7460,481.6430,789.5650,1195.6100,1668.3800,2145.4000,2195.6100,1817.5700,1512.1200,1306.9800,1226.1600,1124.5800,940.9150,832.3890,793.6430,728.8260,700.3450,748.9170,747.7780,727.9500,937.2770,1279.5800,1500.2900,1599.5800,1546.8600,1561.6000,1569.4600,1202.2600,800.3860,697.7170,845.5070,853.4970,584.1070,422.3900,535.8790,591.5420,377.8840,233.9700,229.7890,193.3030,164.0990,185.3830,121.6800,77.3523,182.8350,306.2660,358.3220,378.3970,376.0300,324.3650,274.5980,264.4430,268.0430,266.7670,315.8440,397.2970,493.3420,642.9680,639.1800,521.8390,500.5420,308.0420,154.5310,87.2578,103.9750,191.0420,221.1820,205.3480,202.6530,238.2130,275.7680,258.5120,182.2740,109.7570,61.8073,35.7180,54.9942,72.9840,88.5636,99.1147,101.6560,93.8908,61.7395,36.4198,13.0054,28.0669,32.7522,50.5301,54.8842,62.4445,70.9364,93.4513,97.1593,101.2680,105.7300,102.1820,101.9130,104.4820,108.1330,65.8036,32.5525,63.5608,103.7410,85.6297,66.9693,40.8677,47.2113,63.2204,71.8835,102.8370,122.5630,113.0790,97.1631,106.9020,140.7350,157.9470,148.9320,154.2940,150.9650,108.1290,82.4242,102.1990,147.2420,167.3780,185.4250,184.7350,171.5060,157.1910,123.1290,84.6097,65.7089,69.3772,75.2522,61.4236,58.0941,77.0709,86.9658,123.9140,112.3560,97.0868,87.0988,27.3249,19.4022,57.3137,84.3365,82.5913,78.0928,52.5029,30.7719,50.8871,59.4893,60.2380,76.2506,101.8950,135.8400,128.7970,105.8910,88.0299,89.2685,93.2979,99.2769,82.0449,58.1292,47.2485,60.5911,90.2801,98.7348,101.9710,74.3362,62.0782,56.2752,46.9855,40.8106,46.0826,49.8026,38.0515,48.1889,78.8671,77.9528,76.1693,40.5086,35.5063,72.8906,87.6274,67.8571,53.8051,40.1468,31.1362,23.2414,8.6382,10.9739,27.2174,52.2375,64.4729,60.4128,61.2802,60.6313,36.8799,29.3042,21.6330,39.2011,16.6896,7.2651,14.6686,30.5211,40.9737,48.4767,45.7103,63.1563,66.3045,52.0501,46.2192,38.3838,24.0545,17.3507,37.1654,64.7505,74.7674,69.5216,56.3216,54.6254,29.0310,37.4775,38.5455,41.5558,46.0004
71396.8000,57310.3000,34702.3000,36369.2000,44070.9000,35277.0000,25631.3000,22302.6000,20322.1000,16820.4000,13657.6000,10934.2000,9757.8200,8992.1600,7272.3000,6982.1000,6621.2300,5184.0200,4482.9900,3982.7900,3442.9000,2959.8700,2728.9000,2751.4800,3311.5500,3907.5900,3713.4700,2738.3000,1763.7500,967.9780,220.0010,211.7830,377.2870,503.1510,556.7890,569.5330,466.9250,318.4250,179.7140,117.9360,119.0530,114.8410,79.7894,71.5725,83.1009,79.5069,122.0230,165.3000,212.2230,208.8200,338.3010,508.9590,468.7690,410.1870,492.4490,618.5770,737.3120,729.2570,627.9860,532.6530,490.9770,430.7050,384.5490,300.4520,247.7010,185.1680,67.2043,112.2610,222.0710,317.0450,359.6200,364.2280,343.8440,303.4930,345.2900,569.6760,911.2380,1322.0200,1732.3500,2170.5800,2219.3600,1872.1100,1565.8400,1311.5300,1224.7600,1029.8800,814.3370,723.2270,752.9020,730.3270,674.3220,685.0690,670.1210,648.5180,849.0750,1210.7000,1397.4700,1469.7500,1382.5900,1389.1600,1385.2000,1010.0200,548.3010,383.5270,630.2850,647.1500,540.7180,381.0810,403.6600,458.3840,319.4050,157.0210,72.6425,38.5864,71.8926,110.0770,86.5924,133.1690,249.1490,328.9440,341.2230,311.9960,263.2910,202.7790,126.9690,66.5950,74.4664,110.2610,180.7100,276.1050,257.1810,359.9610,385.4010,336.7520,386.5500,277.1320,175.0110,105.1090,62.3298,17.6862,60.3957,90.8891,118.0910,144.7320,169.6960,182.4870,163.1310,110.6600,64.0563,44.8475,53.4481,70.8683,90.6277,115.9730,119.5010,129.0060,164.9610,184.0800,166.2120,128.2800,100.5460,67.0994,68.6721,89.1608,101.5950,121.3610,132.6500,140.0730,138.6680,129.4660,131.2020,129.8210,117.4770,74.2970,38.5709,13.5038,21.1965,24.6994,53.5173,66.5550,75.9525,76.3919,86.2028,83.0757,127.1260,93.3487,73.6660,68.8299,83.5132,84.4530,66.3218,82.2286,103.5300,70.0716,55.0087,112.8520,158.2530,168.0270,165.8060,163.7470,146.2110,82.4641,23.6009,37.6840,78.8177,95.6994,61.3270,28.3022,15.1622,43.0189,86.3552,150.3880,165.0740,148.1920,116.1370,33.1756,34.7389,72.6268,84.1615,71.6246,46.2023,19.4050,33.6687,38.4186,32.4081,32.1349,57.4580,47.5358,51.7075,43.0582,33.6874,27.2839,37.5660,51.8325,61.9121,49.5370,69.5979,110.7870,96.4388,77.8853,53.8611,60.6502,72.6576,71.3925,85.6979,94.1684,84.6564,74.3624,60.8408,39.3513,33.6338,54.1255,59.9564,38.7776,34.8273,46.3981,41.2819,26.9709,11.9778,14.4138,15.9782,38.2997,57.5289,77.0203,65.4824,65.6338,67.8256,75.0530,63.4531,33.1139,19.2580,17.0326,26.8225,36.5005,47.5153,47.4714,27.1948,21.1837,44.0288,51.0480,59.6182,34.7480,29.8014,41.2776,49.7806,57.1913,55.7198,30.8928,21.5576,19.4888,20.5925,20.1592,18.6778,27.5359,30.9087,32.8325,33.0138,27.8858,34.4384,35.5320
70825.1000,57111.3000,34343.6000,35642.8000,43128.1000,34511.3000,25176.8000,22000.1000,19926.9000,16446.9000,13408.2000,10643.9000,9484.9900,8835.1400,7002.3600,6646.6400,6350.4800,4913.2900,4245.7600,3771.1600,3303.1800,2488.3900,2008.2500,1303.4500,992.2060,1353.7900,1499.2700,1303.2400,737.3760,360.4950,716.8150,1029.7300,911.3060,827.4980,706.3790,620.2870,490.1890,422.3240,340.7720,289.2330,277.7620,222.4020,228.8660,265.7620,248.5070,176.3690,79.4602,69.7676,136.5590,254.6460,301.3050,304.5040,371.5650,452.5240,664.9230,800.1620,913.6540,945.9280,872.4360,717.0860,528.9810,440.2400,387.7680,352.8750,367.2910,363.7790,305.2650,160.3400,122.9920,202.0460,242.4910,259.3310,343.0370,475.8580,654.6280,881.6230,1166.8600,1509.8100,1957.5400,2388.4100,2440.2500,2101.2300,1780.2800,1437.4500,1345.3500,1134.7700,879.4020,675.5000,636.7860,619.6170,565.3740,597.3210,675.7640,738.4900,924.6370,1238.3600,1405.9600,1462.3100,1366.6000,1378.2100,1382.1700,1013.0600,608.3060,138.2630,339.7870,304.4340,141.6950,323.9270,502.4370,533.9040,420.0120,238.5370,172.2650,154.3170,169.7100,205.7590,252.4980,343.2370,468.2540,507.5350,502.7860,458.5580,361.4110,284.2680,167.7130,77.2155,34.8824,75.6093,119.9150,170.3590,147.6910,231.8390,315.0860,310.4660,350.1500,302.0440,190.9400,113.0860,61.1261,49.9935,64.7898,67.7145,65.4119,56.0557,37.6266,16.2420,27.6636,32.8355,82.4679,58.5799,47.2051,112.8650,138.3300,129.3610,129.7970,149.3470,184.2890,214.2150,219.1100,184.3350,140.7850,95.8274,70.0327,129.6840,196.4180,180.7660,141.1780,120.6570,119.7320,145.5740,168.0010,195.2920,173.2200,99.3834,60.5677,62.8605,60.6153,57.5922,31.4716,27.1769,34.6456,56.2543,97.1686,129.1930,148.2970,87.4781,84.5740,113.5610,109.1520,107.2720,118.6850,132.0880,101.8040,34.0753,37.5323,96.3621,152.0060,179.6190,156.3880,151.1060,114.6920,80.9853,64.5098,79.8321,66.4661,42.9771,36.5426,42.3754,56.8605,90.4822,150.7570,204.0700,183.8270,159.1820,124.8520,51.4346,49.3412,103.6950,119.7300,102.1170,77.1558,40.0865,34.5102,58.3915,72.9377,66.6581,84.8401,80.3526,91.8549,70.1198,86.7920,101.9900,80.1803,91.0913,124.1490,143.0300,101.1250,102.9400,116.9050,69.3772,46.5808,46.0481,34.2300,8.9785,9.3707,24.1607,52.5909,34.7086,18.5833,41.5035,55.0174,69.8031,90.0774,85.5648,62.3301,36.2112,40.7124,38.5067,21.9575,16.1016,18.1802,61.7032,86.6984,104.9190,86.1014,40.7194,30.2463,31.9239,28.9918,41.0342,78.7667,62.7753,28.1838,43.9730,58.6269,39.2295,17.9162,20.6423,26.2514,42.5787,55.6231,60.1179,65.0393,76.0895,77.8490,76.5178,68.3005,29.8103,25.2764,39.7756,38.6015,62.7756,96.7315,61.5774,62.1125,74.1191,63.3393,47.8836,48.4744,57.6680
70897.3000,56889.9000,34125.9000,35419.7000,43296.3000,34862.5000,25322.2000,22134.7000,20288.5000,16852.9000,13650.1000,10820.3000,9603.4600,8861.0600,7093.9300,6733.7600,6364.3700,4972.8200,4239.4500,3709.3700,3153.1900,2203.0800,1712.0400,1617.6000,2031.6200,2426.1000,2207.2100,1720.1000,1217.5800,768.7370,254.8690,269.9220,472.0760,586.9740,632.0890,605.4350,503.4660,384.3750,259.6400,165.1300,140.3670,172.2920,241.4660,225.0420,165.1580,161.4690,205.7330,273.3470,426.5090,545.4900,631.6350,452.2040,346.8320,442.7160,515.4100,584.2940,677.0030,623.8000,503.6830,375.9240,310.9320,301.4470,255.9660,211.5170,215.3960,220.3470,151.7480,107.0150,198.0310,306.4940,398.6950,433.1220,424.9030,412.0660,465.0850,635.1870,924.5830,1287.0300,1731.9500,2191.9000,2293.6900,1983.7600,1664.7600,1418.8100,1306.2900,1163.6500,967.1430,790.0410,730.5930,712.6330,670.6750,648.4110,615.4690,612.7790,817.2800,1146.5300,1322.1400,1373.1800,1222.3500,1217.1300,1275.9200,973.0980,664.1500,115.8060,328.4140,335.7520,265.3180,115.4310,193.5520,256.0910,159.2240,58.0999,94.0227,143.5360,155.3040,91.8312,64.4867,161.0450,283.9110,345.1820,345.8920,316.5470,266.8540,216.8960,159.5750,137.3920,106.5020,34.6778,35.9221,99.4354,92.7297,103.4770,154.4290,195.6770,257.4770,254.5670,218.0700,167.0740,138.2560,156.5680,171.6580,169.9880,151.0560,168.3340,216.2390,253.3480,202.3060,117.6610,82.0210,111.2460,145.8790,142.0760,121.8710,117.2660,137.1660,152.2890,116.7780,66.7377,34.0784,64.3096,112.3290,106.4190,111.5480,128.3130,153.1080,167.9220,126.8860,93.6854,75.1217,75.1803,77.0736,90.6941,97.6594,83.3996,70.3035,28.2963,40.1953,61.3708,65.9987,75.8004,80.2865,95.3485,93.7771,68.3472,77.9028,40.0203,43.3008,11.1085,14.7242,15.7622,33.0576,69.1415,95.5906,86.3842,58.7287,53.2610,89.5076,103.1120,114.2140,116.3300,124.0750,108.1690,80.8891,71.3756,54.7597,22.1062,14.6351,36.2501,60.0043,78.4366,94.2330,117.8400,86.3598,60.9410,29.2436,48.0814,56.9502,83.6955,79.4929,63.0167,42.9177,25.4228,23.3128,32.3904,36.8233,38.6581,54.3746,47.1209,30.3577,11.6599,14.0426,27.3558,47.0230,52.0133,44.8904,47.7293,53.9897,68.9219,65.2802,53.0820,49.3534,51.2699,58.3306,47.0980,32.9587,21.1917,28.8640,36.9788,37.9770,40.1257,43.7955,44.3208,40.4987,24.6850,16.5120,32.0319,30.5679,17.3701,4.8850,5.0405,7.9819,20.7846,37.9081,52.6746,66.2450,60.2003,37.6027,24.4572,23.4543,19.1892,33.2415,23.7421,14.1404,18.6547,20.9871,35.1330,41.0406,57.4519,75.2256,50.7959,28.7419,18.5726,54.9720,77.2324,82.9496,81.6443,60.5129,45.3246,33.4400,20.9717,34.0555,58.1805,68.6012,62.3055,50.3754,31.6088,21.0119,17.9261,25.7125,39.3518
71291.4000,57108.9000,34483.2000,36219.2000,44084.2000,35333.8000,25699.7000,22317.1000,20318.0000,16933.6000,13717.1000,10888.0000,9592.5200,8927.6400,7217.8300,6809.0600,6516.2000,5254.5700,4516.9400,4351.3000,3859.5400,3518.1800,3317.6100,2803.8000,1708.5100,876.1290,359.0390,688.4860,939.7680,848.1960,691.8930,504.9230,434.0300,344.7060,414.5720,565.9400,560.2490,455.4270,340.4690,244.6180,241.4550,310.3600,363.6850,422.6390,423.8550,380.1230,400.0140,552.0190,677.4910,853.4000,1009.7200,1062.4300,932.1020,818.1060,773.9090,804.1890,801.0240,732.9750,690.5230,651.5580,574.1840,465.0740,420.5920,361.5320,317.8150,226.7850,108.7970,203.5910,326.0680,449.9410,499.8210,497.4170,502.1410,529.0150,559.6440,669.1570,913.5630,1310.0800,1699.0700,2144.6900,2275.0800,1944.3300,1586.0400,1408.6300,1248.6900,1110.7900,894.6320,777.9790,745.6020,690.4370,641.8340,662.7630,658.7410,632.3580,806.4060,1137.6700,1324.7900,1406.0400,1291.4000,1296.9200,1321.1100,966.7970,628.6630,81.6241,407.1750,381.8680,260.9970,151.6630,271.6600,297.6250,258.2000,210.5440,184.0240,161.4760,170.7240,180.3080,146.5810,213.2300,363.5730,463.0540,470.7270,420.8460,328.1420,253.1940,189.5640,191.1870,180.7130,124.9330,120.1500,154.7410,127.8570,89.1722,135.7430,191.2190,269.6800,271.1170,240.7340,200.5100,137.0440,106.9900,127.2650,143.4700,112.5320,98.2489,126.7290,116.4940,86.2590,75.3844,55.0784,38.1163,35.1788,42.8068,47.8143,56.2925,69.2999,80.7079,83.6428,89.8588,76.4103,59.6217,49.1172,78.4823,151.0220,178.8480,214.7200,232.5560,170.9540,137.2270,127.8930,135.5180,131.3360,110.4500,87.1346,55.6458,43.0404,61.5871,108.9140,111.1570,102.1780,84.8903,91.8905,128.8140,141.9970,130.3760,178.8740,155.4510,141.0860,126.7320,125.4440,95.3021,59.0551,90.5964,129.3780,126.3030,124.8980,127.6470,127.5470,142.6790,160.0210,164.1040,137.2080,99.4894,77.7878,67.1609,52.1980,52.1391,58.0661,47.0121,31.0209,14.4835,44.1338,90.8996,115.1110,120.3640,115.9110,51.4876,26.2541,62.1865,77.9316,60.8230,41.6085,19.0319,36.1867,48.9448,51.8912,54.2990,87.5932,95.8916,88.2938,76.5913,36.7609,35.5461,54.1155,61.2021,67.6356,74.2297,88.2637,105.6720,119.3010,96.4125,72.9562,48.2890,43.8434,39.5841,23.3225,16.2953,14.9279,10.1360,3.9126,4.1792,5.9369,24.2900,42.8902,39.8930,28.9011,23.4381,44.7547,64.9321,72.5228,65.5456,62.0764,43.0841,27.3762,23.2237,21.6800,26.8493,20.2234,25.4130,64.2651,75.3918,84.1473,46.4115,21.1360,42.4247,72.5817,44.5635,30.6913,20.4913,24.6538,34.1084,16.3156,22.6878,33.9917,65.9880,67.7077,70.8127,54.9504,44.4186,30.9423,22.9259,24.2666,55.8205,60.5370,44.1810,31.0978,14.9049,12.7647,31.7380,44.2617,50.2426
70793.5000,56992.0000,34309.6000,35881.8000,43496.0000,34686.6000,25232.4000,21988.5000,20026.0000,16596.7000,13558.4000,10785.0000,9563.7000,8940.6500,7214.2400,6848.6600,6555.3100,5195.5100,4513.3700,4046.7400,3717.2200,3015.8800,2744.6300,2260.0600,1771.9800,1652.4900,1401.4100,1264.9300,1251.4400,1051.9000,936.7260,737.1520,569.6410,360.2310,367.3120,437.8180,383.8570,249.5370,192.9850,227.5200,262.9930,264.1150,265.9610,310.2040,290.2050,310.2820,320.7050,388.2380,568.0670,641.6350,558.4600,424.9660,193.5770,163.1370,420.4510,614.2670,759.8770,723.2280,638.9850,559.1190,456.3800,401.2410,342.8780,325.4030,263.9720,214.5930,124.3660,101.2010,222.7410,330.6500,389.2240,424.8520,437.2380,393.2180,408.7970,604.9400,905.2620,1329.8600,1726.0200,2198.9000,2362.1000,2029.9300,1644.8400,1471.6200,1280.7500,1132.1800,880.3720,763.9590,764.3030,718.7390,660.3170,680.4100,691.0870,690.6610,847.7990,1160.1500,1329.3200,1410.3200,1337.9300,1357.8000,1370.4300,1040.8900,678.0760,173.7820,294.7300,359.8800,300.5220,140.9350,183.2620,240.7150,144.5410,45.7858,68.5784,91.2174,62.2956,30.2346,106.1600,209.1430,336.1250,390.8720,359.3910,315.2670,253.9270,191.7690,135.0160,141.1930,153.1850,117.4990,134.4740,163.0490,130.0150,143.5640,167.6320,165.7170,222.4230,191.5280,121.0230,86.2005,56.7398,64.1556,100.9520,97.8550,91.9817,111.9650,137.4020,118.3840,59.5580,29.3505,49.9489,112.0250,135.6240,94.3547,66.7760,68.2765,87.3293,104.5240,95.9006,74.1369,64.0611,60.2733,47.3967,78.1128,102.2040,118.1180,136.3580,151.8450,148.5970,133.7140,118.8500,113.4640,125.2220,137.8310,110.3570,56.4632,29.3179,54.7295,72.2837,48.9044,24.9268,38.9301,57.2886,53.6321,50.4589,53.2989,106.2940,99.9482,88.2104,73.5907,103.5810,115.0230,85.1313,76.8153,64.3627,42.1486,55.1992,110.0180,161.0220,173.3460,180.5580,166.0810,141.6640,106.1200,63.7605,33.6384,12.1014,19.2038,24.5315,49.5384,48.1754,68.1307,96.8195,142.0110,122.3830,120.9880,58.0785,19.0909,35.7755,59.1845,76.3881,71.0750,53.2219,45.6571,59.3954,76.3327,70.7835,46.3825,55.2529,58.1193,61.6181,30.5810,16.9089,40.3766,63.6646,75.8004,80.7852,82.7611,92.8856,111.7660,111.9210,99.2744,88.0099,75.3527,60.0122,45.7840,47.5979,51.8080,49.0674,41.0857,37.6300,48.2883,55.9517,50.3417,35.4525,35.3460,33.2579,25.1396,19.4304,16.6976,20.7681,25.2085,34.0200,54.7041,63.2641,66.0568,54.1883,34.3525,12.3301,46.7071,70.0710,100.2170,116.6900,101.2970,59.0211,34.8012,54.0826,59.3026,54.9704,34.5900,8.0654,10.1152,26.6674,26.2360,56.9441,79.6445,83.7677,93.1709,94.7633,81.5104,54.1940,34.3265,32.8759,36.7991,40.1316,38.8792,31.6890,25.8803,22.2745,20.5523,28.4630,31.3215
70712.0000,56872.5000,34104.1000,35304.5000,43128.1000,34700.2000,25208.0000,22033.7000,20216.2000,16807.8000,13641.8000,10797.9000,9597.2500,8892.0900,7152.1900,6851.3100,6523.4000,5150.5700,4505.1200,4041.3400,3705.8400,3020.5300,2763.1600,2314.1800,1861.6000,1773.5600,1548.4200,1438.3900,1384.8300,1093.2500,805.8090,573.7680,473.7010,442.0280,481.7180,498.4190,403.8760,278.5090,204.7900,190.9390,191.4400,239.3070,314.3040,393.9170,412.3770,413.7370,289.4620,288.9710,450.1180,609.8800,681.2410,659.6820,552.9310,468.2540,561.6050,665.2260,782.4460,755.8130,674.0370,573.0530,456.6580,353.8450,340.5410,353.2540,327.5820,282.2500,140.1680,124.5460,269.0740,406.4530,473.6700,443.8220,405.2930,401.5530,470.9860,693.4200,985.5130,1381.1900,1736.2000,2185.3400,2316.3100,1973.2200,1590.3600,1491.3500,1285.3400,1199.9600,958.1860,776.7790,742.3440,698.7070,615.9090,643.8000,689.9610,696.4520,851.3360,1161.2500,1314.8600,1398.0000,1307.8000,1283.9900,1292.6600,979.9870,669.8590,150.7710,319.6820,295.3290,200.6050,235.5760,304.8520,330.9950,200.2040,113.5370,130.5420,107.1710,63.2982,68.0280,108.5420,211.1170,334.2560,392.4560,385.4070,386.2550,371.3090,321.4420,241.8630,201.4840,205.2380,144.3000,113.9350,131.0620,100.3190,55.0534,59.4559,102.3560,216.5800,242.9650,204.1760,164.1040,127.5180,85.0229,81.5307,92.7383,82.3234,105.2290,142.9990,157.7020,139.1050,94.5545,67.3516,85.5539,97.1204,88.8266,88.0990,88.2446,100.5450,109.0570,83.5327,61.6976,47.5030,67.6500,67.3765,107.5730,140.2980,153.6560,137.3930,141.5760,108.1450,70.1079,54.3355,53.2182,49.4534,47.5675,43.6318,41.3999,62.8209,110.3250,120.8030,90.8707,70.1262,47.5383,40.7980,46.6557,65.8460,65.4681,126.3910,132.3220,136.3730,141.0500,144.6240,113.7420,58.9482,69.8029,104.0030,65.8558,51.7072,126.7860,174.2920,164.5680,161.4910,148.4900,142.8810,94.5923,47.7977,41.8549,67.7821,100.5110,88.7544,76.8984,49.9161,45.3241,64.2539,127.0850,125.8450,127.8770,103.3840,44.3548,36.6607,38.5233,76.9459,63.9056,33.6314,30.7642,50.8714,60.2593,51.1440,17.9250,11.3819,21.2502,51.2284,48.8219,34.5336,12.6930,39.5862,60.1134,74.3266,64.2061,56.6070,87.2839,101.1460,82.7811,60.6786,22.7769,19.0689,31.2463,29.1436,10.3113,10.8441,18.8106,28.0678,19.5150,16.6435,17.3863,31.5004,28.9090,24.0977,7.9672,24.7182,28.7465,39.6968,47.1918,53.3646,70.8135,93.2894,94.8967,89.2386,62.8966,54.1027,33.8263,55.4419,47.4100,73.5966,44.4376,27.3364,10.2339,33.8929,27.6616,26.4134,10.4520,33.6312,21.5317,19.7306,14.9083,37.4693,53.7239,60.4999,64.2680,58.9916,44.7480,25.7763,13.8244,12.9917,15.6982,23.1813,28.6372,39.1375,33.9075,21.7147,14.1766,10.2267,25.1286
71298.7000,57175.8000,34511.4000,36084.2000,43965.7000,35320.9000,25653.4000,22330.8000,20382.5000,16927.0000,13686.4000,10867.6000,9637.8100,8915.2800,7228.1400,6879.1300,6528.9600,5209.4900,4524.9500,4017.8200,3685.0300,2969.1700,2733.3600,2246.2100,1805.7300,1674.2300,1413.4000,1257.9700,1088.5600,818.6290,601.6340,483.1120,420.4980,305.0900,277.5510,294.7040,214.7550,176.4390,235.1850,292.4890,412.4840,663.9280,912.8020,1151.7800,1281.0900,1165.5700,793.8590,441.2080,124.9560,513.4520,533.0850,455.0950,302.1550,224.2110,438.4160,615.9840,719.9830,632.3140,530.4690,464.1420,376.1670,325.4510,308.9980,314.4780,306.5840,298.8270,216.3260,217.4370,333.6980,439.2110,521.1520,571.2790,562.5040,447.8370,420.5590,676.7500,1074.6500,1538.5300,1932.7300,2363.5000,2435.8900,2078.2200,1694.5700,1573.1200,1340.3100,1256.4600,966.5280,788.0220,825.6400,834.8990,762.9660,760.9380,746.5230,711.6370,871.6350,1213.1300,1391.0300,1477.9000,1379.0800,1386.1700,1395.7500,1041.7200,700.1950,141.7510,283.0550,306.2520,233.0990,210.8910,288.3970,350.0370,220.4190,78.2674,48.0506,34.9299,74.1600,90.9433,92.5003,217.0260,354.3110,411.1790,386.1800,368.7860,298.1090,210.6830,170.3020,198.4100,174.0610,119.8880,153.3520,191.0760,143.5620,64.0314,35.5118,98.2254,182.1380,248.9000,232.8990,179.8060,108.2140,105.3860,120.5070,46.4704,57.2085,105.0290,130.6080,135.9580,127.9890,88.9605,48.8127,17.1363,46.4147,44.0562,36.7701,52.0543,83.9219,118.2400,118.1310,89.0768,73.2981,70.9008,97.2541,56.7835,123.1860,99.5141,96.7121,80.5364,91.2876,86.2936,49.1076,35.0328,42.7472,39.0715,22.7695,36.2851,62.8592,90.0878,97.9488,71.1848,51.7298,36.5564,20.8093,22.3312,15.1275,36.9106,115.2200,127.9230,131.5710,131.1220,131.4230,98.3725,79.2307,88.1023,100.1020,121.9860,112.5900,92.5713,119.7740,145.2740,163.8970,122.7810,73.1064,83.7127,89.8927,62.6787,55.5845,51.0232,38.9605,28.3409,44.7829,49.5696,91.2755,125.4990,135.9870,121.9100,103.0730,25.8241,30.1051,47.0595,73.0683,82.9002,41.5920,34.0806,75.9343,78.7727,68.4431,69.9675,56.4368,30.2094,32.9774,33.2899,34.0469,42.1841,42.9629,60.0069,52.0244,59.9269,74.8621,106.8220,97.5737,70.9945,69.7730,80.9754,99.8088,61.9836,51.9543,12.7084,23.0306,36.7082,52.6889,38.1995,35.7280,34.1178,29.8177,29.8676,24.3453,38.7741,47.0548,54.2765,57.1100,47.3874,58.5256,78.8150,96.6300,103.4910,120.9630,90.6153,59.5281,42.5319,40.4086,39.9414,59.7586,50.5082,37.5075,24.6732,62.3679,40.9369,23.2424,34.3924,39.6405,45.0985,18.6726,36.8783,49.5949,83.4342,55.2558,47.0428,16.8596,28.7708,25.0202,60.9167,116.5250,122.0230,132.3950,89.0551,29.5641,12.3379,31.5429,45.2876,33.7231,22.1464
71118.5000,57239.8000,34524.4000,36172.8000,43816.1000,34912.5000,25373.6000,22115.4000,20134.1000,16653.7000,13621.7000,10904.5000,9663.5500,9019.3300,7298.4000,6885.3300,6574.7700,5231.9400,4510.7800,4019.0300,3700.4200,2986.6700,2721.4900,2237.9900,1767.9100,1603.5600,1311.8400,1159.2600,1056.3500,784.0430,594.4330,474.9080,417.2120,248.8430,193.8540,229.0380,177.9080,187.4630,228.6680,338.4490,578.2700,827.5430,1069.4600,1325.4600,1239.9100,928.2720,752.4760,555.4670,405.7430,346.3950,478.0130,471.4740,315.1870,263.1490,420.7640,572.6930,659.2590,614.6240,497.8060,420.1170,414.8120,430.2570,412.4880,360.9640,310.8350,228.1500,64.0328,219.1190,323.4590,425.4420,496.9330,521.4880,478.5600,416.6370,424.0250,657.4940,1063.3700,1464.6300,1775.6600,2188.4700,2285.1300,1909.4800,1552.4300,1425.7200,1251.9700,1162.9800,951.6070,801.3870,788.5930,760.3350,669.6950,663.8420,685.5690,687.7100,861.1150,1196.6500,1369.8900,1462.3000,1357.9700,1335.3700,1360.8800,1053.1400,680.2190,208.8360,369.9200,440.4880,352.1950,165.6660,267.7070,392.2800,319.8630,173.3440,109.2360,61.3720,38.1165,34.0594,133.7250,227.6050,344.7450,392.4450,402.1210,385.4070,307.2230,220.4450,162.5590,177.1590,158.7360,107.0850,97.5856,102.2110,75.9604,92.7821,148.2100,225.2490,321.7670,353.5670,293.4930,204.6700,139.0020,94.4631,102.6680,114.9560,118.3790,142.5780,177.4040,190.8710,154.9320,85.4076,38.4843,76.4255,117.9810,113.8620,140.3840,163.3840,193.8270,146.3410,99.4230,148.5840,181.9490,144.3540,106.9660,93.5572,115.4940,145.6230,168.7610,158.0120,148.0210,164.2930,157.9450,140.3490,135.1530,115.2320,59.1078,37.6561,75.6334,96.4351,91.2433,93.5561,88.2954,69.7755,51.7545,36.0977,18.1625,28.7437,85.7970,116.8200,132.1320,123.4330,108.8450,96.1371,78.6982,92.7805,114.0310,89.2745,57.3742,66.1989,110.3890,138.7810,158.7150,163.5780,120.9290,64.9793,31.3100,13.9442,29.0469,54.3959,35.6865,24.8824,30.3190,65.5280,133.1200,175.2670,163.5410,172.4510,145.8620,66.7417,36.5069,27.3848,43.9692,23.0749,13.8962,40.6255,78.5559,84.0239,84.2635,83.9299,83.9202,54.6919,28.1435,13.1752,9.9014,17.9932,31.4464,49.1757,58.5099,56.9022,34.3889,47.9559,60.7289,53.8905,39.9056,19.4059,16.7197,27.6900,36.2690,45.4501,40.8206,24.2391,28.2415,39.1638,43.5907,44.2814,48.2911,44.9997,37.1510,40.6494,56.4783,74.7065,56.1895,64.5598,91.4111,110.6140,98.3895,74.1788,48.8538,59.0326,41.9249,24.4064,20.7228,21.3752,43.4789,51.7911,48.0532,75.0417,86.0909,76.0944,54.8746,23.7773,17.5996,30.9812,42.7069,32.8303,34.1860,67.6646,85.8487,99.3416,88.1379,53.7961,47.2813,41.2407,43.6400,65.3547,57.7758,38.0189,19.2211,37.9857,43.7949,38.9116,43.4500,50.5982
70548.1000,56822.1000,34092.8000,35279.5000,43010.4000,34543.8000,25109.1000,22010.1000,20180.0000,16747.3000,13619.0000,10795.9000,9595.3200,8924.2000,7166.1700,6812.1000,6507.0200,5164.0700,4499.4100,4016.3300,3690.6500,2991.4500,2730.5200,2232.4300,1783.8500,1676.3600,1402.1000,1239.4900,1117.8200,873.4800,711.5630,625.0050,631.4080,547.2770,575.5730,729.1890,846.0310,904.3390,967.3150,935.2180,738.7460,613.0490,791.0730,1025.2000,1078.6300,1144.6800,691.6570,328.8160,232.9060,363.1850,370.0450,400.5350,463.2970,628.2150,938.7660,1117.7000,1201.7600,1186.3700,979.5690,753.8840,627.9200,518.3120,450.5760,402.2660,328.9690,275.6010,235.0310,221.0430,326.2480,449.3280,483.0250,413.7350,378.9760,367.9590,404.2340,632.7640,1009.1500,1404.2800,1730.0400,2127.8600,2261.4500,1954.4700,1536.7400,1404.9700,1210.4600,1177.0800,962.0610,807.9830,814.6730,817.2060,773.6750,803.0860,838.0790,858.6320,1043.8400,1338.4800,1506.6600,1541.0900,1426.4900,1390.0900,1374.7000,1041.1600,630.4160,229.9610,383.2010,418.2310,330.3330,309.5310,375.9260,367.8930,239.1740,177.0100,170.2400,96.5094,130.9210,199.0450,164.4840,170.4230,312.0870,443.0730,475.9920,446.5770,379.5260,306.3500,204.1640,141.0990,116.1360,56.9289,23.5226,54.3148,53.1256,164.4660,267.6430,328.3170,423.9750,399.3460,264.3720,146.8550,142.8070,215.1250,231.0300,229.2760,226.4510,251.1490,239.3430,186.5650,147.4280,128.7910,74.5287,60.0683,116.3390,135.7500,119.7340,103.6200,107.9490,109.7010,73.9912,55.4794,56.0776,111.6140,110.8920,149.1680,159.9120,161.8310,157.9370,168.6650,141.0900,131.7630,111.3150,87.7810,64.1409,62.6716,66.0091,48.0245,53.1796,86.2294,109.3940,104.8530,103.5440,96.2174,76.8135,56.7143,63.6922,75.4421,100.4540,92.6453,95.0765,100.6980,102.8970,76.7255,23.0099,42.0749,77.4869,103.9630,122.2930,158.8710,185.8060,183.9000,178.8820,173.2630,168.0480,116.4230,50.0562,37.4930,28.0450,39.3542,46.3237,68.7289,71.6019,47.0612,78.1455,151.2510,168.6660,152.5900,120.1100,25.9139,53.5866,100.0030,121.0630,91.2369,72.7376,72.5404,70.3531,63.7404,58.9509,70.9504,80.1088,67.8306,68.9938,55.2176,29.8749,17.8171,21.1520,26.8803,33.7617,45.5458,60.3765,73.9584,95.0964,89.1238,74.4574,47.0184,35.8318,41.9539,22.3947,20.2351,27.9068,47.9682,58.0608,45.0287,39.3106,29.4111,24.4115,8.9780,16.2657,38.6539,90.2330,108.0970,112.6990,112.5390,103.6510,92.3086,82.9291,57.8976,31.0590,16.4285,20.0876,19.3334,29.9589,31.1088,28.0311,44.6087,63.4018,63.5441,67.5463,64.7058,37.4607,15.1226,29.2978,32.3864,29.9697,44.2459,32.1391,55.6632,34.9454,26.5813,19.5992,19.8551,37.0617,45.2220,38.3606,34.9084,31.1076,33.3552,22.0900,13.8174,7.0528,14.8029,20.9203,29.1125
71181.5000,57073.0000,34333.1000,35844.1000,43822.5000,35248.5000,25573.8000,22286.2000,20389.6000,16929.0000,13675.5000,10874.7000,9670.5200,8923.5900,7205.7400,6867.5400,6515.2300,5188.0200,4541.8400,4058.3600,3722.7200,3017.1400,2737.9100,2274.9900,1800.6000,1648.4000,1405.3700,1257.0700,1104.0400,737.3260,542.9660,462.0360,378.4540,358.8020,432.9470,497.2220,562.3320,581.1010,522.8170,520.1480,877.8960,1382.8300,1795.4900,1574.3900,1056.2600,713.5290,419.9090,253.1760,97.5502,195.4990,274.2430,307.1070,335.9500,395.0590,581.9010,740.9630,863.1810,825.8450,740.5990,662.4350,534.1690,468.2440,407.5270,367.8670,380.6200,354.3680,226.9680,58.9606,143.9910,294.1570,414.3300,412.2880,361.8510,320.8250,333.6350,517.7840,821.1360,1177.0000,1484.8900,1894.9200,2095.2400,1829.4500,1461.7000,1355.4400,1157.7800,1116.8100,911.1170,795.4680,789.2610,785.8380,774.7640,805.3160,783.7380,736.0850,903.5640,1181.4300,1350.3900,1351.6700,1175.6200,1187.4000,1268.8000,945.2960,529.5630,214.2450,544.4020,529.2440,416.6160,212.1010,237.9120,274.9470,196.7580,143.7430,173.2710,201.3490,192.0420,147.2650,67.7832,115.2880,255.3720,359.0740,384.4900,363.4060,310.1650,245.1620,145.3870,94.5732,80.5347,32.1641,14.6292,19.7613,47.0762,117.7920,197.3660,287.1640,367.9910,311.2670,198.5610,133.6370,120.2510,186.2280,243.7190,231.7780,217.2310,207.4060,238.3310,247.1080,216.7580,164.0070,100.9700,93.3982,130.9000,130.0040,118.2450,113.7420,123.9670,121.4550,90.9103,51.6965,21.1225,27.5793,73.9512,130.3870,175.8210,185.1790,189.9440,198.7600,197.3950,164.5960,137.8850,127.9720,137.9670,157.3330,159.4480,127.1210,105.4250,56.9517,34.1550,53.4889,72.6081,54.3477,57.5527,114.2710,146.6480,144.6510,135.8140,87.9091,78.5684,89.9795,85.0211,87.3571,110.3510,134.0900,125.5310,103.0160,100.6850,108.6080,130.4910,143.2740,164.9260,174.8710,155.6810,121.5430,93.8812,71.1615,48.1299,50.5356,76.1720,78.6481,97.4065,123.6560,169.3040,184.5530,140.7140,96.8169,63.6768,46.5585,68.2169,72.5434,59.0003,25.6495,11.0470,25.2665,37.6797,41.0867,44.5285,48.1158,53.9412,56.9873,67.0989,79.5528,74.7070,43.8125,51.3935,84.5026,88.6433,80.2196,70.4134,91.5022,94.4276,69.8994,55.6846,45.6994,34.5266,6.5794,16.5276,30.4919,46.2878,53.5571,29.2747,26.5442,33.3153,38.6947,11.4890,13.7537,29.5436,48.7837,25.5350,57.9338,58.7265,70.8999,48.0100,94.9493,137.2680,144.1450,141.5060,116.2600,77.6441,44.7873,19.7157,14.7693,49.2213,35.7189,50.2474,29.2172,50.1707,22.4365,15.9611,17.8619,9.5246,8.8087,17.3531,19.2192,53.4141,70.8341,59.1192,58.4568,55.5141,54.5687,42.6399,23.5826,36.9225,72.3122,68.9170,49.7660,47.2394,58.5910,63.9381,44.1395,25.0355,27.7335
71066.1000,57158.3000,34566.5000,36298.4000,43911.9000,35005.6000,25446.8000,22194.9000,20196.3000,16712.9000,13655.6000,10900.2000,9639.1500,8990.9100,7306.3000,6920.8500,6602.8500,5263.3600,4561.7400,4063.4100,3741.6300,3039.2600,2785.2400,2289.9800,1794.2500,1687.9900,1455.0700,1282.5300,1157.3100,866.4360,680.6560,557.7610,442.3610,299.8310,228.2820,283.4070,374.0740,432.8760,527.4610,660.1950,826.0150,1097.4600,1402.5800,1443.7400,1205.8800,898.2030,542.9120,249.4720,116.9180,120.3920,229.6350,394.0280,459.2540,432.1180,407.2000,599.1070,771.3180,778.1420,721.1160,692.8550,604.4340,503.3720,372.9550,256.9150,240.9370,244.9310,202.9230,74.1242,100.9870,210.4280,263.3080,219.7360,233.8190,286.5760,353.4800,529.8100,822.3630,1169.7800,1444.4500,1835.5700,1966.4300,1702.1900,1395.0800,1271.8500,1098.4600,1033.8900,847.3800,723.1210,735.8440,754.8180,736.2910,742.9210,747.1410,756.6440,918.8060,1200.4600,1320.1300,1292.9200,1107.8900,1060.1100,1132.0600,921.3700,597.8040,343.6900,365.6360,343.3900,204.8920,189.1320,335.7860,349.7690,290.2540,191.5770,215.4310,253.5950,250.8570,198.5060,92.1108,110.0170,249.9530,375.0380,432.4210,417.3000,361.4270,298.9640,231.9300,200.5180,157.1560,98.5693,103.4970,125.0730,107.7100,49.9672,129.6130,203.2200,302.9450,271.4710,220.9160,197.8090,155.2530,122.6090,110.0860,117.4980,117.2380,127.4990,159.8130,190.6500,152.8590,96.2750,78.6547,83.0383,75.3263,62.5638,41.2604,48.6230,75.4407,92.2842,81.6596,66.7289,49.2838,56.2666,54.2458,92.0737,126.6310,128.6550,121.5180,109.5720,87.1035,72.6219,58.4041,54.7002,63.3677,96.3512,98.9523,75.4503,46.4737,38.4140,64.3648,84.1776,100.1150,96.2632,96.3625,120.4620,144.6640,153.9470,159.2590,130.8980,102.5590,102.6190,83.7020,63.8603,55.3715,68.3747,76.5431,41.9118,31.0672,69.0607,118.6520,128.3310,118.6360,101.9880,49.9548,17.5030,18.3730,19.9892,28.2518,35.8365,36.5009,35.0418,43.7849,66.7655,101.6050,149.1300,163.7420,139.1630,117.6930,71.9516,54.9167,65.0228,89.6996,88.6709,70.5015,57.7504,50.6273,50.0644,26.4104,21.3245,47.2074,50.6959,51.5574,42.1549,19.9637,18.8023,42.7906,46.4564,43.3182,38.2241,70.6064,118.3260,125.5810,132.3840,129.5550,125.0650,96.9140,92.5032,78.4775,46.8505,21.3631,23.6345,19.3464,27.3267,36.1114,41.9418,10.9254,8.2387,16.7488,21.9941,19.6784,10.0846,5.5190,8.6357,21.5455,41.0773,65.7411,84.6936,83.9180,73.2768,51.8179,38.9458,49.9227,68.1915,76.7490,73.5159,47.4330,38.4777,19.9602,46.9583,49.8738,43.0450,41.1087,40.4386,35.1902,43.0108,48.6857,55.3409,59.4731,56.4534,55.3541,51.5230,54.6547,49.0455,23.6182,21.1408,30.0528,25.0417,23.3023,27.4915,35.6862,25.9297,23.4469,21.2627
70561.4000,56854.9000,34082.1000,35330.1000,43041.9000,34527.5000,25110.4000,21966.7000,20060.3000,16618.8000,13568.3000,10771.2000,9574.7600,8923.1200,7157.7900,6824.4500,6541.7400,5175.3800,4511.9000,4039.4500,3710.6000,3046.3300,2817.5400,2378.6700,1925.0700,1834.5700,1589.7800,1453.8600,1387.2500,1115.8300,985.3500,946.8170,951.4410,1018.8800,1149.5300,1222.9600,890.2190,533.7080,289.7600,251.0080,265.7220,168.6270,206.8670,422.8550,670.8980,954.8430,1228.8200,1314.4000,1391.6800,1053.3100,365.7650,166.6510,342.0980,230.4340,298.7570,373.4950,564.6280,658.3030,708.8940,652.4280,525.0480,468.9450,393.7020,355.9670,262.2210,141.7330,44.3166,171.6720,322.4240,441.4740,507.1760,519.8770,499.4000,486.3010,584.2720,814.7980,1085.7800,1428.0300,1721.7000,2064.6200,2180.3500,1898.8000,1516.5200,1372.4900,1158.6000,1057.8500,831.6330,664.3560,634.4550,618.6040,575.5940,637.7480,737.5320,761.0210,906.4690,1125.2700,1305.6200,1353.4900,1191.2800,1209.7600,1324.7600,1089.6700,829.3460,334.2610,137.7820,211.0790,160.5210,81.8910,182.7020,286.4390,308.7160,232.2620,165.7210,165.1030,96.0195,60.7800,103.0790,217.5770,307.9730,367.5500,361.8040,319.2420,234.3670,160.9320,90.6633,109.6720,116.6760,57.7543,45.9389,74.5298,100.3680,202.2770,256.4630,314.6840,357.7500,320.3500,264.3860,220.7520,182.2520,142.8790,138.5450,145.2400,145.6810,141.3470,155.1760,162.8150,150.4600,100.9330,50.2522,21.9922,36.0756,69.6328,96.7542,101.8050,96.2966,81.3738,87.0974,97.8633,81.3261,87.1329,74.1872,66.9602,85.3471,101.5020,104.4110,112.4920,115.0240,99.5718,88.1357,87.9344,103.1340,128.6850,105.6750,90.2727,82.4615,50.5962,46.4690,34.4244,36.9748,61.5452,64.4478,79.4861,80.2141,67.4519,94.4005,100.1710,104.3960,117.8540,140.7330,128.0290,58.5315,34.2186,63.4152,52.2120,31.0951,15.8972,73.2923,106.2380,113.1760,107.6440,86.6490,75.7778,49.5593,36.5779,27.7006,32.3556,51.6212,69.2413,81.3006,78.5834,101.0710,157.7670,174.9090,161.4000,137.9040,78.4310,51.8036,70.9594,74.6757,55.7129,42.7565,35.8484,39.0510,43.7712,47.3329,67.9551,68.4294,60.1637,50.9913,48.8093,24.0491,11.4976,28.3130,22.7412,24.2249,44.8835,54.0323,62.3126,74.8674,97.7137,82.8385,79.1178,62.8077,65.1021,39.7830,37.0436,12.1066,9.5452,22.1521,7.8380,4.8169,22.4659,21.5905,21.1379,11.2063,24.7321,43.8044,44.0155,30.8192,32.8594,47.3738,54.3605,57.7346,51.2109,31.8540,23.6511,23.2786,52.2756,64.5846,60.4632,54.3712,45.1007,35.6627,32.4661,38.6898,56.2295,57.4585,49.6369,49.0780,48.4895,42.5604,25.2613,19.0105,27.3829,34.1453,30.0903,24.4808,13.2731,15.7434,27.0417,19.3768,22.5039,11.3713,16.7044,28.8089,32.3390,39.2713,57.6000,81.0070,73.8742
71136.2000,56988.2000,34265.9000,35738.9000,43702.5000,35183.7000,25525.8000,22314.7000,20471.8000,16996.1000,13762.3000,10960.6000,9773.1700,9022.6200,7288.9800,6962.8500,6612.9700,5271.9000,4616.6300,4100.5600,3746.4000,3040.6200,2760.1500,2282.2400,1797.3700,1632.7400,1362.7100,1210.8400,1052.4400,747.9090,508.8120,363.2270,274.5000,117.7260,350.1550,616.9780,782.8620,914.6190,938.4660,632.1430,293.4800,101.5270,105.3780,108.6190,117.4580,201.9380,240.1920,210.0150,150.6100,86.1829,30.0194,150.4400,258.0520,397.1860,567.4120,684.5880,773.2260,655.5840,515.5050,508.6130,504.1640,434.5830,381.2340,316.0400,294.1070,257.4440,153.9310,108.9920,223.8680,343.2030,397.7930,449.3080,448.2970,449.1170,553.0690,709.4190,880.7130,1129.0000,1367.3000,1604.7500,1668.0600,1504.9200,1310.5700,1183.8600,981.9690,908.6340,783.4380,701.8100,706.3570,654.9440,581.8720,659.6230,747.8320,733.2510,873.9310,1169.9400,1297.8500,1283.9800,1151.4900,1151.5500,1156.5200,804.9970,394.2770,270.3670,677.8620,634.4390,472.8640,212.7610,291.6680,368.7560,319.5960,204.2910,166.5640,189.5680,212.7360,202.8670,116.8900,101.5690,247.9640,409.3060,444.5680,409.7350,344.6890,287.3440,201.9920,170.5510,164.9500,114.6580,65.8256,36.1373,94.3738,171.5540,258.5270,359.3450,405.2750,357.1300,278.0680,206.4310,134.4870,51.3165,45.1575,82.4914,91.8382,107.0080,113.6530,104.5830,62.0766,22.3082,41.4734,85.1772,89.3219,67.2142,47.8667,30.3688,12.0968,10.3008,28.8218,54.4536,69.0571,124.3420,104.7200,120.8740,104.3120,91.4899,88.2107,99.4451,96.8513,100.3700,100.4080,107.8470,113.4080,149.0700,147.6700,126.3660,89.6166,31.7655,13.1434,26.9526,37.0861,29.5200,25.3887,51.4209,84.6612,73.4791,90.7579,68.6364,53.1047,67.9129,85.5910,102.2200,87.1416,95.1184,132.1910,120.2840,91.9874,53.0424,46.1503,72.6837,98.4983,112.5720,96.0218,64.2899,43.7937,18.0292,12.5802,18.9642,30.8775,42.1734,49.4623,67.2275,100.9440,152.1150,157.4960,143.5700,122.1360,49.5855,20.6149,36.0284,53.2116,44.8178,43.5967,75.9047,102.5290,93.9947,85.0573,71.9556,61.3517,23.4153,30.9145,27.2331,26.0988,17.4540,22.9431,6.4916,12.1450,22.2488,26.8227,50.4495,75.1234,69.6146,73.9305,74.0227,84.3827,45.0636,33.6684,19.6407,23.2367,31.3320,29.7722,28.1874,25.8682,34.2611,15.4911,31.3107,17.3457,6.5926,24.0550,30.6699,27.8066,15.8346,34.9583,67.2303,94.6137,86.9663,69.2644,45.2060,24.9395,29.2449,62.4953,76.0700,75.2023,45.9183,26.1636,21.3081,42.7583,68.7362,70.9707,64.5128,54.6276,45.1362,37.5773,35.7906,38.8528,29.1705,18.7227,32.9075,48.2630,43.4940,45.2045,33.7753,24.4201,14.1088,29.0944,21.5372,23.2915,26.8223,19.3037,15.2223,28.3647,45.9530
71250.5000,57169.9000,34594.6000,36379.5000,44071.5000,35193.0000,25592.2000,22308.5000,20311.4000,16833.6000,13688.0000,10935.3000,9718.2800,9067.0000,7352.4200,6947.8600,6658.2100,5334.8900,4576.6100,4083.1800,3785.2000,3047.4800,2780.2800,2295.7100,1890.3200,1723.3900,1393.6500,1285.2300,1205.8500,925.2100,703.5050,607.9480,599.5820,537.0350,517.2620,548.8230,567.6450,580.7270,535.6000,460.0510,433.5080,435.3900,570.3410,728.1540,647.2780,616.0030,385.7730,124.8610,96.4829,192.9950,230.4610,285.8620,280.7730,245.9430,353.7800,490.2610,567.0540,534.2950,455.0300,384.9060,286.0070,234.5290,274.2340,317.2950,331.5810,286.4870,170.4770,74.3654,212.2660,307.2410,401.0630,464.1740,470.5110,391.6970,331.2690,435.5670,742.7600,1074.4400,1325.4200,1622.8900,1624.5700,1334.7300,1116.8500,1106.1900,1027.3000,988.6270,756.3430,529.4970,550.5170,698.1430,738.5460,672.1360,536.4700,501.4420,727.7410,1071.0500,1258.0000,1346.7100,1151.6200,1003.6600,980.1050,717.0610,438.3110,66.9956,335.1140,252.7490,141.4480,320.1930,480.0180,495.0610,397.8940,190.4970,125.2570,155.9510,217.3020,268.0170,226.0790,206.8910,329.6990,440.1530,444.8500,421.7560,402.0160,383.0120,334.6580,293.9540,206.8600,88.1472,61.9999,59.0737,66.6941,150.3680,264.3200,311.8050,339.6380,361.6040,332.5140,272.1330,187.7650,136.3920,134.0780,126.9860,90.5002,71.3330,98.2726,143.5770,152.9450,114.0390,78.6676,86.3261,95.6572,85.1471,84.1464,123.2810,145.0410,155.6910,154.5870,166.3060,148.1060,86.3001,83.0787,70.2789,152.8150,179.6990,158.6770,145.7030,118.9420,74.7176,55.8132,90.8516,106.6790,74.0762,66.1529,113.1570,143.6370,154.2570,136.6590,120.4940,138.8080,139.4850,138.7790,144.1730,135.7060,94.8403,16.1624,10.5607,39.8817,73.3795,118.4030,95.4569,39.4793,19.3170,22.4866,31.9285,61.9361,103.1700,125.9800,116.1320,99.9299,77.4231,32.2183,20.9075,23.0468,48.9518,71.4196,78.1256,69.2319,45.0196,59.8940,102.0980,157.5930,213.7580,229.3440,194.0760,138.3860,81.8927,100.0110,128.0480,116.2480,91.0068,56.4367,41.9089,57.1831,64.6992,65.4345,64.9527,66.0865,38.7805,33.2914,22.4258,36.6897,31.5426,23.2118,18.0878,13.6630,26.4884,48.1173,86.0542,107.5760,111.4980,113.7160,116.7510,105.7520,51.8563,44.4192,30.4811,53.3176,39.2050,20.6149,6.4358,4.2152,15.4777,40.3700,52.0987,34.7075,20.2707,25.4823,45.9654,62.1563,64.5596,41.1852,31.1739,26.2053,26.7431,7.8995,22.8891,20.3917,12.2250,32.5778,18.5343,12.6843,5.9905,12.4139,45.6721,72.0172,115.6550,110.4490,77.1442,55.7749,42.6529,41.0072,37.5375,13.1590,11.0590,20.3045,26.7942,33.4556,33.7028,26.3514,22.5985,29.4809,26.5550,27.0673,37.2885,58.2084,52.6387,37.0334,30.7329,27.3244,16.7957
70571.5000,56843.0000,34137.9000,35480.6000,43098.6000,34463.9000,25068.4000,21876.9000,19954.9000,16544.5000,13494.6000,10671.7000,9440.7900,8785.8000,7026.8200,6706.4500,6403.7500,4998.9800,4350.1600,3903.6200,3522.2300,2858.9600,2555.3500,2054.3800,1558.6600,1410.9200,1109.3900,890.7810,608.4040,359.1130,145.0420,345.5720,426.5980,620.4900,779.9860,822.4360,829.8440,805.5790,575.5670,342.0940,210.0700,117.3870,84.7827,90.5996,93.5250,30.4573,16.5753,68.0006,94.5124,118.0930,131.4910,157.3100,158.3060,270.7550,493.6660,601.6150,672.7020,636.4310,538.0140,431.3150,328.5200,270.0330,254.8530,211.3450,168.0750,103.5080,47.5931,178.6660,290.1750,367.8410,397.9490,398.1210,381.4460,358.1350,355.8580,456.7000,700.6010,1022.4100,1287.5800,1631.1000,1730.2400,1491.7800,1235.0600,1161.7400,1009.6000,895.9220,692.3050,598.1140,611.9790,586.5870,531.4930,600.3820,674.8500,663.1880,790.3440,1052.0100,1162.6000,1161.3200,1024.8500,1002.6200,1057.2800,770.9920,551.7560,150.5720,467.2000,382.7870,291.7170,391.2280,493.2760,475.0010,388.5500,290.7240,289.8950,274.5910,226.1920,204.4570,94.1271,83.4673,224.6770,351.5030,382.1690,372.3880,312.4920,253.3830,157.7620,140.6490,145.1200,74.9360,37.5727,104.9430,181.4490,266.4680,322.0980,255.2940,230.0100,318.4310,346.5030,300.8110,239.3250,150.0330,122.4070,145.4020,140.9870,139.2310,191.0900,209.8680,153.3680,79.8828,29.3087,59.8440,68.8996,43.0465,43.5124,60.0432,58.6584,41.8635,32.0396,27.6043,30.1975,34.9030,41.7411,87.4141,143.4590,142.6900,141.4410,145.0050,139.5330,109.9330,88.3748,79.4870,74.4389,79.5687,76.0393,39.3550,51.6367,45.7481,73.7227,60.8784,40.3102,36.3658,45.1335,39.6410,42.6355,53.7220,105.2500,117.1500,117.1420,100.7300,78.4418,69.1099,72.8130,83.1052,83.8808,62.8113,80.9880,141.3740,165.4510,165.6620,178.5060,181.3560,148.1870,104.1960,85.0820,63.9826,51.7940,51.3059,68.0332,73.5240,62.2020,72.4872,100.0340,149.8600,146.7620,121.2050,100.2400,33.2851,25.5572,52.6170,64.9382,34.7318,27.9626,67.4777,89.1348,83.5681,80.6923,76.8033,87.1896,82.3255,43.4156,28.4681,11.4967,11.9751,8.4491,17.6290,13.3415,12.9320,31.5830,45.9284,49.9343,77.9257,84.0252,84.6546,65.6458,44.0997,29.8916,43.2114,23.9475,16.4920,19.0145,27.2120,32.2127,28.0874,34.9453,29.5400,24.0814,14.0242,18.4525,37.8734,60.7931,32.1627,22.9530,63.7864,89.9543,89.1720,91.5051,97.6614,67.3121,24.6820,14.3626,30.1957,21.4099,10.1915,15.7649,32.7369,39.8609,46.4150,65.3600,62.7583,58.8788,43.0588,41.6770,38.0233,36.0863,34.5457,38.4268,47.5066,42.9935,41.6225,19.0975,22.5976,24.3781,24.3707,20.6827,8.3517,11.9815,18.7490,13.8460,13.2796,29.5250,47.9382
70946.4000,56853.0000,34141.5000,35570.9000,43487.9000,35007.7000,25405.2000,22235.7000,20420.8000,16971.2000,13733.7000,10907.6000,9716.0600,8982.3600,7233.4200,6875.2900,6526.4300,5196.3500,4543.2100,4065.0300,3735.4100,3081.2400,2796.9600,2338.7200,1886.0100,1774.6500,1514.5000,1389.2800,1311.5900,1016.6700,835.2310,687.3790,617.9810,472.4330,398.4680,339.6910,196.1010,219.9240,425.6560,672.4170,677.7910,508.8620,319.5500,149.0990,183.3490,236.9150,253.2700,203.0440,159.1960,168.6820,217.4830,267.0920,239.6060,231.8890,356.9390,517.8560,639.7760,656.6240,566.9470,450.5450,353.7500,311.6380,288.8190,233.6340,207.0520,164.0660,60.1674,104.5910,199.5630,273.8730,313.7250,347.7770,348.8040,340.5520,380.3260,520.5950,757.8850,1086.9700,1389.2900,1765.0900,1884.0200,1630.3600,1338.6200,1193.6100,1050.3100,938.9380,755.1770,657.5090,657.2350,629.6570,590.1640,651.1670,704.5820,687.5390,822.1240,1095.3200,1222.9800,1217.4800,1054.9700,1043.7800,1086.4800,779.8870,438.0460,102.9600,447.6670,386.2280,274.1390,301.0120,461.7050,482.5420,398.8410,281.0880,283.5390,265.4860,218.1680,215.5070,158.5240,112.2660,187.1070,269.3760,307.7790,338.1240,320.9100,286.4720,211.3770,191.9800,161.5420,93.9209,106.2950,137.0550,200.4320,300.2280,322.4380,228.5910,172.5210,178.4500,194.9870,171.6890,145.3030,95.2857,126.1920,176.3950,166.8810,150.1190,198.8300,241.9200,211.3980,155.5530,104.7540,53.5442,46.9094,49.8911,44.4399,80.9773,117.6100,138.4870,120.5050,86.9407,59.8743,61.1104,67.1321,119.4110,160.6610,150.3060,143.2530,144.9740,117.4860,63.8562,53.1586,60.2979,55.3793,46.0322,27.1064,18.2165,38.2438,67.0499,80.0154,78.5099,63.9461,46.6031,41.2039,39.4981,36.8880,34.8269,79.9934,98.3905,97.4291,77.1808,49.5926,39.4902,46.5820,74.7499,85.3880,58.2936,80.9567,145.3800,178.2730,183.4500,181.1000,174.7950,121.8380,81.9572,66.8616,72.4924,65.2554,49.7525,51.8259,72.9240,94.9242,110.6890,138.5520,176.4930,175.5980,140.9700,108.2560,52.0117,32.2890,39.2416,37.8503,27.8980,26.8646,47.0653,52.2188,40.3549,21.9497,22.7706,44.3371,28.8850,49.1463,44.6399,36.2331,29.8314,35.0155,46.9458,51.5971,69.9090,112.8200,156.3610,168.3480,152.3680,138.3920,123.7900,123.4870,96.2415,41.2312,18.8012,37.7696,60.4579,90.4450,95.3059,93.4815,49.6290,26.5006,40.2810,45.9493,47.3840,36.5169,46.6639,36.2464,56.0593,85.0066,111.0360,88.3409,77.3501,68.1921,81.4121,44.2094,65.6261,55.0053,57.5820,51.8486,50.5661,41.5592,24.4662,39.0193,54.4139,37.1176,36.4098,48.8857,52.3414,48.1416,29.3347,39.8449,48.3454,54.2129,52.9231,45.1201,20.2753,9.1843,8.0094,24.3446,52.3739,49.1161,33.6816,9.4238,45.5133,32.9360,30.4026,25.0181,37.3749
71257.2000,57173.9000,34581.7000,36305.9000,44031.1000,35230.6000,25613.5000,22304.2000,20292.8000,16821.2000,13657.1000,10899.0000,9668.2600,8972.6000,7268.1100,6882.4100,6535.2600,5234.9100,4559.6100,4086.9700,3720.3500,2962.0800,2774.2900,2266.6200,1851.6500,1706.0300,1456.5600,1384.5900,1250.5700,1041.2900,832.9760,751.2250,766.2650,705.5150,747.9170,814.6840,797.3640,758.8340,681.3210,649.7480,681.8510,713.0450,771.3420,879.9840,902.6840,776.1190,704.7880,747.7560,705.6590,632.1820,514.9300,356.8890,295.4340,446.8310,657.7830,699.1100,715.7470,605.4390,460.4120,345.0670,260.1310,247.6090,264.9870,259.8450,209.0640,144.1930,54.1580,111.9430,212.4540,272.7730,276.0040,212.6730,174.9640,158.1260,212.0120,379.9550,583.0890,818.9180,1038.2700,1385.4900,1551.9400,1394.0500,1172.0400,1006.9500,898.3050,763.9620,641.1460,563.0620,561.4640,539.2590,486.7470,528.0270,582.3740,578.8200,747.0670,996.9620,1174.8900,1222.6300,1142.1500,1218.0700,1314.3100,1085.4900,812.3560,381.7120,88.3823,111.6900,84.4814,155.5050,232.9580,259.2810,200.5300,77.4321,51.9063,110.1350,136.5180,103.7230,47.7028,146.9110,271.1710,342.9740,360.8630,365.7800,321.6580,266.2570,222.5370,192.3640,154.3950,103.0400,71.2708,69.4919,28.4412,92.2266,143.2280,229.4370,279.2890,303.2940,254.7430,187.4220,116.1150,63.2682,68.7999,115.5220,147.3440,144.5350,172.3860,217.3350,181.5610,140.2690,107.4660,42.2392,44.0487,46.3917,93.5786,109.2250,103.1120,74.5032,47.9948,38.9743,15.3955,33.7813,75.4789,121.8860,158.0750,150.8110,127.4700,97.6294,53.5198,51.5482,47.0606,42.0699,44.1586,88.6697,133.1640,99.6551,74.3673,29.5616,46.1386,64.7953,73.4813,66.8192,59.9474,78.5634,91.0159,92.0182,97.5282,98.2232,94.2943,88.2422,80.6748,68.2258,36.1080,19.7831,20.9555,50.8876,102.5680,141.6540,145.2070,146.4970,155.1990,155.3680,125.9080,105.8670,89.7894,84.0859,46.7723,55.7573,92.5723,102.9640,99.9775,104.7450,147.0540,187.9360,189.4740,159.7860,115.3410,21.7840,58.4956,89.9792,100.8210,82.4473,54.6832,60.0870,87.4288,69.3552,46.0163,24.8922,37.9280,54.5632,18.1231,11.6412,15.0105,12.0409,10.8165,18.0772,21.8639,26.0167,31.9980,49.2122,68.7960,67.1985,73.1095,79.6539,84.3779,63.8254,47.0263,30.5469,19.4296,16.1698,25.8200,18.2697,10.0609,36.0864,45.0259,57.2806,41.0885,42.9086,63.4425,66.3289,67.5300,78.1574,91.3879,84.1226,51.8318,37.4889,23.7258,14.1259,35.3034,65.6227,75.6324,80.1449,73.4925,54.4833,40.1878,30.8062,18.3549,21.0975,25.1091,53.5906,62.1947,47.6908,48.3472,28.7894,58.9368,68.3637,62.8420,58.5031,49.1901,30.7788,19.7279,45.4295,61.8649,76.8697,66.0532,42.1768,43.1301,37.5203,34.1576,21.9744,37.8811,76.8624
70776.1000,57038.2000,34276.0000,35718.7000,43326.1000,34604.0000,25201.1000,22007.6000,20004.2000,16558.8000,13536.5000,10757.6000,9520.6300,8881.3500,7122.2400,6777.2900,6510.3600,5151.4800,4491.4500,4032.8100,3698.6800,3006.5000,2746.9600,2278.8500,1814.2000,1706.8100,1461.3500,1335.2900,1246.5800,940.3420,767.6010,685.0060,615.2860,510.2780,475.1480,480.9590,400.3230,284.1440,229.7890,248.0080,263.7970,234.8620,206.3560,190.3490,141.9910,106.6820,110.0070,130.7750,147.1120,102.7240,106.4260,316.5460,394.2500,407.2710,553.2840,812.2420,1123.0500,1163.0600,935.1500,739.9340,671.1060,689.8970,590.3740,462.7770,343.6280,319.8490,269.6740,138.2680,141.5490,221.9940,264.6510,309.9400,345.2660,318.8880,360.6780,564.3050,812.2320,1155.1500,1509.1400,1894.6100,1954.4700,1649.5000,1389.6400,1281.5400,1190.0100,1081.5600,878.6610,786.7220,820.5070,814.8130,743.5320,685.4550,614.7510,605.5170,776.4690,1036.7600,1215.8200,1260.2200,1166.4200,1213.1200,1316.2100,1127.8900,897.9940,520.8760,214.9660,181.1550,165.0870,106.2190,152.5730,164.2660,173.3230,160.1830,134.7710,148.9770,203.3400,189.0070,116.6960,129.5660,198.7120,268.3180,293.2530,314.0950,301.3300,286.4120,229.8320,197.1660,161.7470,126.4930,133.4790,132.9810,129.4600,152.1080,163.1220,211.0930,276.3280,284.9660,232.1210,164.3860,94.1295,45.6054,126.0290,154.9480,168.9490,208.8400,262.0630,287.2980,253.1890,180.2090,116.7980,35.4823,30.2217,40.7641,59.5547,99.6639,129.9940,145.1880,117.7970,98.2766,80.2447,62.6171,72.3784,119.4240,188.5960,202.5400,181.3300,174.7920,105.9910,54.4182,54.1856,45.6832,38.8102,34.5033,42.1611,43.2823,66.4808,70.4516,85.5378,78.4065,67.0504,53.1022,32.8582,25.5100,60.7271,77.7681,128.1300,125.5480,122.2830,133.4760,144.7870,138.1970,128.8320,135.5930,122.0000,90.4785,83.2911,120.9240,164.9630,178.8650,180.0820,166.7860,144.2040,91.9440,52.4478,22.0997,8.4106,7.0002,21.8000,44.5650,73.1772,109.5540,161.7070,196.1680,195.8280,164.5560,125.9040,75.9784,103.6730,148.4240,168.4780,146.3400,118.3740,112.4400,118.5380,113.7360,102.8900,86.2327,75.5598,69.4033,50.9431,45.1915,27.6189,32.7798,29.9377,24.0992,51.1458,83.5423,117.1800,128.6290,123.8940,117.8520,108.7320,100.5970,84.1390,59.0467,40.8639,33.8287,35.4526,39.4347,47.3225,66.6134,90.3232,96.6552,101.8110,88.6855,54.2677,49.2585,80.2037,99.0003,89.2113,75.4029,55.8435,38.1736,32.7940,34.1368,28.1627,16.4025,25.3649,55.7095,65.7543,66.4135,64.4957,57.3148,31.3362,17.3610,40.8043,57.1596,47.9462,43.4212,40.9787,51.0592,50.3879,33.2997,29.2192,25.8605,31.1125,30.6219,35.0351,17.7255,12.3999,10.8963,16.0247,22.7063,18.2821,12.5335,19.5037,29.4559,28.1872,20.4064,14.2350,35.4998
70941.2000,57004.6000,34248.2000,35505.9000,43364.8000,34936.1000,25369.4000,22214.5000,20385.4000,16922.3000,13753.6000,10934.1000,9731.9900,8992.2600,7237.2800,6916.0000,6560.1200,5188.6300,4560.1700,4094.8600,3735.1500,3065.1500,2783.0200,2322.8000,1842.8700,1719.3300,1465.8700,1324.7900,1218.6900,917.4080,736.5320,641.8760,581.3620,516.9310,478.7120,462.1340,404.8440,316.1440,262.1260,267.5770,254.4540,220.7320,220.6310,191.6590,133.1100,104.5620,94.9040,54.1743,75.7356,109.1930,172.7380,242.7950,244.7830,334.3550,577.9570,790.0370,913.1360,880.2010,812.0870,797.2970,811.2520,774.1870,582.8950,401.9980,454.0620,633.3760,662.2440,480.1920,298.5850,384.5050,529.6260,485.0730,365.1380,286.9230,373.1350,601.7690,862.7910,1200.2400,1531.8500,1890.3800,1912.0700,1606.0500,1329.0100,1124.8600,1030.1800,937.0040,804.3040,718.7670,698.2840,667.5190,677.6200,768.5680,767.8680,744.1670,837.0690,1050.0200,1288.2400,1367.4600,1341.3700,1470.9800,1590.7800,1357.8400,1063.3200,613.5710,367.7720,385.6270,311.6480,115.4270,52.6929,89.3998,94.6643,108.4430,129.1020,154.8210,203.0460,182.4610,111.3530,107.4820,163.7790,283.9590,329.5900,318.1210,280.8840,262.9900,221.6510,212.3350,200.8670,163.6910,156.9060,143.6930,147.0020,175.3750,193.6350,270.3990,340.0200,303.8970,233.3330,161.0280,85.2622,36.0058,115.1890,160.2520,186.4630,215.3740,217.2650,191.0740,144.1370,61.9140,39.9156,92.3871,115.4350,116.1910,117.9390,132.0570,141.1860,140.9590,77.5879,38.2710,36.9726,22.1881,60.0417,122.5160,157.3920,168.9100,144.1610,129.9080,82.7681,47.3347,42.3231,45.2964,33.6526,25.3534,17.2403,41.4183,57.4134,64.5092,79.3034,70.4510,58.6535,52.0324,44.9807,56.6461,74.8521,101.8400,129.0940,115.5100,106.3410,105.8980,126.3110,146.5800,132.1860,105.0970,101.4390,73.1819,49.0040,90.7086,133.0820,152.4300,162.7220,151.8790,131.2770,130.2800,107.3870,79.7003,46.9907,30.5494,29.0531,28.1269,47.6353,82.5438,140.3080,209.4280,205.5810,169.5750,129.6700,86.9310,61.3011,82.9855,135.4480,154.7250,121.0330,112.5030,107.6030,105.3500,85.7688,78.6414,102.5240,103.2920,72.0489,50.3383,28.3931,30.1541,45.2855,56.7403,54.2933,57.8020,67.4108,87.9348,83.4482,68.3253,66.0977,72.2901,82.8092,61.4663,43.3426,33.5081,39.3149,51.5141,40.6968,28.1260,27.7810,35.8548,37.3893,34.4847,23.9883,24.1432,39.0520,55.8313,46.6602,33.6245,16.2595,18.1667,32.8892,29.4631,16.6423,7.9225,19.0931,42.8681,52.5582,61.0405,60.5740,42.2629,27.4395,40.7063,54.5216,57.1482,61.3990,55.7328,48.8639,47.9088,52.9047,30.9808,20.2967,9.3820,12.9946,17.7409,25.1872,28.6625,27.3072,28.4174,19.4345,7.6391,18.9130,26.4061,34.5329,30.3361,22.4925,17.2724,29.7224,54.4280
71380.3000,57215.8000,34607.9000,36331.3000,44120.3000,35345.9000,25690.0000,22403.5000,20412.9000,16922.6000,13704.5000,10948.1000,9701.9700,8973.2400,7273.5700,6893.8800,6559.8300,5237.6100,4514.3800,4040.9300,3722.5400,2969.5400,2734.5000,2251.0500,1824.0600,1638.5500,1371.0500,1301.0400,1184.3300,914.2890,695.0800,572.1330,524.2110,396.0490,381.1410,385.2270,286.5720,212.3600,175.3840,147.6380,120.2310,118.4870,124.8020,114.3740,79.1855,49.1697,74.2556,102.7560,111.1660,126.8090,159.8340,236.2160,230.0540,281.4270,514.5340,675.3680,789.7240,758.2680,634.8360,570.4960,515.5100,442.7670,406.4370,391.5240,390.8420,362.0320,297.4620,300.3300,376.3490,487.7040,504.2730,408.9030,331.4050,355.9620,443.8460,634.9470,938.0380,1319.0300,1692.7500,2030.8600,2073.1200,1826.5000,1562.4900,1444.6300,1318.3100,1126.8000,844.7230,591.9200,576.7540,619.7570,566.8740,511.2500,483.2330,624.8570,963.1170,1218.2400,1359.0100,1335.2300,1197.8400,1296.9200,1429.7800,1195.6700,1043.7400,575.9150,207.7760,144.2180,132.2930,150.9620,169.8040,156.5390,166.8580,166.8750,197.7130,218.4220,245.4770,199.7950,67.7963,78.5980,210.8870,299.8220,285.9780,271.2480,277.9580,294.3530,290.3420,234.4690,137.7510,65.7060,115.4130,184.2770,175.7440,245.0990,229.4940,279.5830,341.5380,346.9970,283.1390,201.8240,92.6838,69.2914,151.9190,177.7310,173.4400,147.9200,167.7540,187.9880,163.0540,102.1010,46.9862,57.5178,104.7000,103.2650,101.7560,106.8300,112.4150,86.7711,38.0465,34.0131,23.1397,21.7192,61.9214,111.2690,168.9680,181.8800,167.1820,127.1430,104.5610,57.0602,30.4662,48.2321,56.8802,68.1591,71.5543,76.2314,68.7413,57.1107,111.7460,132.2410,141.9440,143.6530,127.8460,136.4130,129.6630,120.0370,111.9500,84.9963,80.9733,107.3400,124.2950,137.3560,100.7990,74.1032,68.9553,42.6831,33.7014,89.0289,145.0000,175.8460,190.2590,190.8130,159.5510,124.9470,82.4750,57.0483,45.7798,62.5958,79.8652,66.7232,33.8867,35.2581,84.6496,139.9310,164.6470,163.5240,148.0270,78.6006,22.6138,33.2405,70.1745,81.2864,68.2565,59.0341,58.5496,60.6484,67.4485,75.7170,76.7047,65.4895,32.5386,25.2466,35.4336,33.4630,37.0359,32.4277,30.1762,24.9254,38.8368,48.0984,53.6134,52.6949,57.2025,61.7097,65.7495,43.6147,14.4788,11.7249,20.6496,31.3541,32.5438,31.2862,36.4477,51.3262,57.0713,72.0546,62.7319,33.3725,42.4377,57.1373,55.8411,67.6749,81.5023,91.0062,77.4719,56.2495,30.5048,39.2670,61.5758,63.3001,75.7040,75.2597,64.5291,34.9624,38.5946,66.2310,75.9761,46.6714,44.5775,23.7666,28.0512,37.9744,45.4115,54.1897,76.1525,100.4100,97.2575,75.8936,56.0827,27.7957,8.2298,20.0092,41.9033,45.4096,28.1966,36.8247,63.4100,66.8647,31.6965,12.5673,13.2376,18.3781
70825.5000,57067.1000,34378.3000,35930.0000,43517.6000,34697.9000,25241.7000,22029.6000,20041.2000,16579.7000,13553.7000,10804.4000,9572.2800,8924.8200,7164.1100,6811.0100,6549.3900,5189.9600,4504.8300,4028.4800,3705.9000,3013.5300,2775.1700,2293.6100,1829.2500,1713.8500,1462.4300,1335.9900,1228.7600,959.0630,744.8920,611.3480,580.7870,471.8010,444.4720,454.8430,387.7280,301.6170,213.3410,175.7800,169.7960,164.6130,158.6650,161.6840,134.5610,112.7040,135.7520,146.7880,137.1330,145.5940,176.7910,231.5910,227.4430,321.8110,549.0080,671.0560,755.4330,727.3710,631.2870,524.6720,466.3430,415.5090,370.7220,313.7990,264.3430,205.1320,142.3910,254.8580,433.4720,522.3960,635.6930,679.8220,805.1740,898.0620,975.9720,1083.2100,1181.0900,1502.0700,1755.3800,2088.6600,2103.1800,1701.6300,1312.1900,1184.0800,1021.4500,941.8700,745.9120,569.6360,531.4890,573.1240,606.0790,652.3840,644.2080,641.1030,826.9550,1047.8200,1262.3900,1326.0600,1268.2900,1397.5300,1532.7700,1318.4400,1083.4300,629.4620,292.2500,247.9170,184.8190,138.4850,186.4830,231.6990,282.6990,281.9250,194.4270,142.8150,190.4460,197.5150,116.7550,54.0821,91.4671,171.4270,238.4890,300.0070,320.8260,319.7430,256.7120,239.0410,227.2560,196.2920,227.0410,227.8070,195.2190,193.9130,152.4890,194.1430,255.8980,252.2150,205.2790,146.2500,80.4635,31.9506,106.9160,152.5430,161.6940,163.9820,156.5840,147.6590,118.6060,70.3971,35.9042,80.8824,131.0110,116.0970,115.0390,123.6280,117.0260,88.4492,57.8043,54.5000,29.4089,60.9138,70.1504,107.0310,120.9940,111.4840,99.4837,90.6955,82.2992,57.6809,44.1345,44.4159,54.5979,74.6414,85.3911,80.2586,82.6683,32.9042,53.1375,45.3426,54.3567,66.8435,96.1377,113.7510,108.1320,136.0570,137.6350,96.3566,87.6550,99.9702,122.0350,123.5290,113.9830,130.9570,120.2160,95.9756,90.0621,92.1269,97.5228,119.3550,133.8310,137.5810,111.2240,64.1922,39.8661,21.1498,26.3964,26.0780,33.0126,39.9170,44.9551,30.6664,68.7553,146.0270,152.2350,131.8490,91.2536,38.1692,49.2360,78.5689,91.1838,79.2337,64.7026,62.6740,64.2537,62.2305,66.0563,65.4999,68.4944,67.4810,48.6397,36.1662,29.5244,30.9116,19.8055,26.5530,26.7558,39.6666,38.2152,54.9708,49.7499,46.5182,57.1479,79.7190,78.7938,66.8212,77.6095,84.4497,83.1182,57.9578,43.8754,49.7991,78.9199,80.9312,76.1178,68.6733,60.8990,20.6785,42.3845,83.4562,30.9706,6.5426,36.8103,34.3898,34.7513,30.1041,45.6027,44.2410,38.5801,78.2526,44.4341,41.2214,18.1366,23.1459,18.4891,38.5809,37.1483,59.1794,33.4440,5.1723,50.3280,54.9785,72.4819,50.2482,61.4824,44.5332,37.7316,52.3894,66.5873,77.1036,31.1836,37.1679,29.8925,19.5779,21.1845,74.0857,74.6090,74.3419,13.7852,48.3672,110.5880,54.1471
70650.7000,56802.8000,34009.1000,35271.1000,43134.4000,34677.1000,25180.4000,22056.6000,20211.9000,16758.8000,13617.0000,10816.9000,9605.8300,8889.9200,7167.4200,6871.4400,6536.6600,5161.2100,4516.2300,4061.4100,3734.8500,3071.9600,2831.9000,2366.3700,1890.2000,1765.4500,1513.2700,1362.6800,1257.8900,985.5370,793.9200,662.4780,607.0090,525.3450,477.9630,485.2120,428.7640,315.1020,259.2430,268.2500,250.2850,222.5350,245.3430,244.4640,225.2540,183.2260,178.2900,156.5980,99.9422,91.6816,127.6040,195.1750,177.0690,241.5960,465.4500,606.1390,710.7990,693.3590,608.3520,515.6650,426.6830,371.2550,334.0490,275.8010,257.2100,214.8860,107.0420,68.6492,166.3550,250.7510,292.0420,265.0670,213.3890,201.9060,312.8300,623.7950,1045.6300,1379.2800,1713.4000,2022.6000,1922.5200,1548.4500,1321.5600,1099.7400,1044.8300,880.4240,713.6150,669.1910,689.6450,667.0120,626.7180,630.4140,643.1500,672.4120,794.5420,1006.0800,1309.0000,1467.8900,1397.5800,1493.9300,1664.5000,1485.5200,1280.0300,803.8210,424.6000,358.2820,312.2600,140.1190,79.4721,147.8220,225.6580,274.8110,270.9750,223.8600,188.1070,215.2130,291.7550,294.2110,229.3500,235.9050,199.6710,194.7990,173.7420,152.6200,74.6040,43.2149,51.7933,73.8952,128.8480,137.2680,169.1700,224.6630,231.9010,277.0040,342.2450,323.4450,245.3860,180.6830,91.6103,22.7549,36.7304,58.0830,96.1360,137.2730,172.0490,161.7320,127.6570,87.5884,66.0432,19.7059,13.0355,17.1151,50.8572,90.4562,82.2674,73.4772,55.0735,35.7264,49.7371,92.1324,128.6600,160.3820,173.2120,178.4010,152.0200,123.8810,87.9183,43.7689,19.1179,36.4055,49.6732,54.8026,62.4745,81.2232,109.5990,93.9172,97.6995,39.4406,29.4730,60.7791,73.8420,108.7060,94.2283,115.8680,135.7440,120.0300,94.7732,97.5482,121.4500,139.8040,120.8880,123.1360,112.8760,55.3557,39.5329,109.0530,146.4080,158.5660,166.5730,154.8920,111.2240,67.4072,39.4413,20.8190,29.2013,51.4810,42.5670,31.1823,61.7360,80.1401,103.0780,166.9070,196.9620,182.2560,149.4910,84.0774,65.9087,86.4600,86.2549,78.4185,80.9622,84.1321,74.6194,64.9850,46.8484,51.0546,69.5107,54.7379,31.2732,23.5667,22.3021,20.0528,14.8738,29.9820,52.6774,68.7876,81.7867,95.8917,98.2409,82.4930,64.7023,50.2432,43.4180,43.0828,37.8067,31.7133,24.8583,19.5610,37.9946,57.2676,53.4738,49.7859,46.4416,40.9671,10.8814,10.1611,21.1887,11.6181,11.6343,24.8291,16.1303,14.2736,4.6604,7.4806,12.9552,26.6823,27.5365,45.3173,53.1278,52.9987,54.2012,34.1501,27.3819,50.5783,51.7704,31.0194,17.1719,13.0356,34.3168,47.0135,57.2230,43.3402,22.5603,22.2629,36.5412,32.1716,36.6491,12.0575,9.7340,14.6931,12.2817,27.5368,38.0700,35.9019,42.6626,48.6835,52.7582,51.4440,29.5158,10.6946
71101.4000,56986.0000,34385.3000,36055.0000,43927.9000,35216.6000,25540.9000,22299.4000,20400.5000,16912.7000,13684.6000,10922.5000,9704.5400,8955.6700,7237.5900,6904.2700,6576.5300,5245.7900,4554.6400,4057.3500,3732.9000,3016.5200,2790.8500,2302.3900,1870.1500,1732.9800,1464.0900,1347.5600,1224.6800,967.6210,741.6750,603.5910,568.0460,457.4930,432.0480,441.7900,354.4720,253.9710,179.3760,161.0950,151.7510,146.5300,138.6930,132.7140,110.1850,74.4197,103.0910,130.6290,121.8120,138.8770,183.1070,255.3020,231.1460,296.6280,517.2240,644.3630,729.0430,697.3520,599.6210,502.0030,414.6160,363.7320,340.4830,298.7290,280.3730,244.8070,168.0750,56.8721,90.7840,187.7240,255.2990,293.2990,302.5140,247.5690,248.1630,424.9330,716.8290,1033.9700,1454.0400,1870.0400,1936.2800,1677.1300,1494.6600,1299.4200,1144.2900,965.8450,807.0630,725.6810,693.2570,684.2740,721.1090,746.1600,709.3470,641.8110,734.9910,985.4670,1272.6600,1410.5500,1320.8300,1415.2600,1602.1400,1380.2700,1130.9000,603.9150,167.3430,132.0520,129.9150,98.9669,185.2560,248.2110,232.0750,210.8960,170.4430,131.1040,188.2460,226.6770,129.6510,106.4980,157.5820,274.9640,295.9710,295.3740,281.8400,240.2630,153.4610,122.8180,170.2140,196.6600,218.7590,227.4050,227.5780,267.8230,248.9490,258.2000,306.7320,288.8640,207.2260,135.5480,61.1123,41.7058,100.3780,124.1510,137.3790,152.0750,154.6920,147.1820,120.3680,62.4509,28.0313,53.9901,70.6920,59.7734,71.2744,89.7332,86.6474,74.5910,52.3211,34.8806,25.6070,72.2960,102.0100,142.1470,166.2620,151.8450,112.6980,81.5207,49.5139,32.7741,27.2790,37.5748,26.8407,53.0350,73.9760,78.4884,74.3833,57.5498,84.0133,76.2460,75.8621,85.7551,103.4100,130.7330,121.5440,111.8090,136.3090,122.2310,124.3470,136.7740,147.1270,142.4760,125.8490,138.4750,145.2310,111.4170,85.2875,111.9470,139.7170,163.8950,171.3130,153.0740,115.9820,95.8167,70.4928,57.0749,16.7735,19.6833,17.5218,30.2649,43.7278,69.9726,113.6680,181.9180,208.7590,169.1110,137.6550,68.8372,53.3650,73.2432,82.5177,85.2634,74.3896,77.0944,91.8375,80.8751,76.1831,86.0947,105.0620,98.1797,50.9002,29.5006,21.4715,9.6101,15.4094,13.0558,22.7581,24.6959,33.5769,45.2004,72.6658,75.5446,76.4367,77.5838,90.2363,87.2759,64.3686,41.9502,24.7622,17.3111,24.1602,36.0173,49.7373,44.8286,24.5143,20.1898,10.2013,18.1078,16.3360,28.9828,31.1829,37.5517,43.8507,53.3317,58.2888,47.0413,34.8906,12.5071,13.2275,35.7902,67.4285,71.2219,75.7607,56.4107,41.6501,57.3494,73.3312,52.5251,26.3017,29.4651,71.0405,85.8980,95.6339,80.2309,39.9851,30.6962,34.3342,33.9163,47.8749,16.2538,19.0822,16.4000,19.8513,34.1954,35.1565,20.0199,14.3152,19.5330,18.7478,11.6491,5.6759,17.2083
70834.2000,56998.4000,34379.0000,36099.5000,43700.4000,34780.4000,25251.0000,22103.0000,20168.2000,16658.4000,13621.0000,10897.5000,9671.3200,9023.5500,7301.3600,6910.3900,6595.5000,5243.1100,4550.7300,4066.5500,3739.7300,3024.7100,2778.4100,2300.6600,1831.0700,1681.5200,1418.9400,1286.6200,1171.7600,914.9520,672.0500,537.9840,509.1210,394.7950,345.9370,370.1350,333.7540,238.3770,154.2060,139.7370,134.2040,128.2670,116.4450,106.9800,76.5998,50.2744,73.6925,107.9130,113.3210,141.8000,170.7240,218.8960,220.4050,300.2280,520.7870,655.2860,745.0060,706.8660,614.6890,530.4930,440.8550,378.2310,343.6610,287.2320,271.1480,243.7230,169.2540,61.0679,112.9000,214.1710,274.4360,304.8840,313.1470,268.5460,277.2020,439.2680,701.6580,1004.4200,1390.0600,1770.2900,1783.7700,1484.4000,1300.3900,1121.8900,1080.0700,997.2330,803.0820,634.0800,526.4870,340.3290,261.3970,431.6440,571.1120,587.0860,749.1450,959.3150,1181.7100,1265.6800,1128.9500,1119.9000,1186.2800,994.9170,891.0490,496.6210,167.5680,122.6120,189.7790,398.0880,461.5190,456.0410,342.4410,161.2610,68.2501,90.3794,127.3440,128.3650,131.2640,204.0590,303.3210,361.7770,383.1160,373.2970,327.6380,278.4880,195.9010,137.6570,118.4250,127.5580,171.6090,186.4160,130.4740,161.8950,165.3020,230.7150,307.4170,312.5990,260.5200,193.6320,135.8630,78.0086,76.2008,87.0950,105.4730,147.8650,181.3680,158.7870,104.8380,72.4015,45.4807,45.9639,69.2433,50.8591,48.1217,96.4242,116.2280,127.2370,108.2140,84.1240,47.8580,31.0981,30.0165,68.6845,114.5570,110.8660,107.6330,109.1870,117.3690,102.7300,75.9549,54.8990,35.8833,27.8971,25.6502,18.5810,50.0622,95.3953,108.5950,109.8470,117.4310,119.2620,121.2850,123.6660,111.7690,124.3800,144.7330,124.1310,118.8730,127.6480,126.1160,92.3638,75.7071,109.1480,125.4320,90.7339,90.4152,147.8920,191.7680,207.0400,214.1750,199.0360,156.5620,117.7620,83.1947,55.1392,36.9949,44.0666,59.3752,63.3034,73.4026,86.6923,126.1780,183.1950,202.9110,174.5660,142.1800,76.4143,76.1762,120.3530,158.1090,136.6210,102.9290,101.4260,99.5033,89.6163,66.1801,59.5565,79.5054,94.5787,78.4773,59.8335,45.7247,39.0152,36.2119,49.8658,72.3893,85.6420,82.7106,69.1387,56.6968,28.9416,13.1343,21.9182,32.0841,39.9600,43.3769,27.0508,12.9058,17.5245,27.9992,40.6012,50.4610,58.3357,55.3711,47.4413,30.7432,39.0945,63.8402,71.5832,58.6768,54.4289,52.5058,63.9879,68.9648,67.8468,72.9770,79.3905,60.4397,72.8650,60.7898,63.4320,69.2860,73.1901,60.3801,82.7157,115.2300,98.7929,75.5117,44.0961,32.1674,56.3445,88.3466,92.7228,53.2823,47.7748,26.8564,41.9827,54.4300,46.4704,51.2730,37.6516,25.7326,27.7423,28.3028,22.8014,16.0813,15.9590,28.9991,45.9243,28.1651,12.2668
70336.8000,56613.0000,33902.2000,35163.6000,42913.9000,34441.8000,25007.1000,21927.9000,20109.8000,16669.8000,13592.1000,10782.5000,9583.0800,8908.0800,7120.4900,6780.8500,6509.4900,5151.5700,4491.6700,4033.5900,3704.1500,3029.6600,2779.2400,2305.4600,1839.0800,1724.1000,1471.8200,1332.0300,1228.6700,955.4200,740.4020,599.9460,552.5690,458.6780,418.6510,424.1810,352.6390,259.9860,209.9410,208.4780,206.7410,188.9020,192.6150,170.4250,148.3540,126.4040,134.8000,126.9290,88.2803,98.1078,140.1980,195.4740,187.4290,259.7730,472.3750,611.5920,716.9170,704.5450,633.5890,542.1350,438.5020,387.5110,352.8850,303.8420,298.0860,271.7110,183.2780,83.6793,120.3360,211.0500,297.4870,329.6960,314.5030,258.9680,259.2040,415.4720,702.4200,1005.9300,1401.8500,1776.1200,1803.9500,1524.0300,1340.1600,1131.8200,1102.1900,966.8470,785.0020,682.8670,668.2770,633.0460,590.4410,623.9490,676.3150,713.2140,942.6600,1209.3600,1456.8700,1521.3600,1335.1900,1381.6700,1558.0800,1347.4900,1064.6200,572.1150,318.8680,369.7060,353.9010,177.2060,53.6628,41.4544,98.6218,184.9120,246.9670,209.8630,189.2610,184.6140,101.8350,78.4934,167.5180,262.9520,288.0880,289.5860,287.5510,243.3820,153.5050,79.2020,41.6950,65.3725,137.3500,166.0450,160.0040,231.5820,239.3660,291.9650,343.7170,326.1550,270.0000,195.7750,124.7940,56.8967,75.7047,94.1570,118.5970,169.0610,216.0850,230.1520,172.9450,105.1060,55.9164,21.7499,28.6675,26.4432,19.5388,35.0675,52.4321,75.1186,80.5018,66.7950,89.4794,106.6370,109.3430,132.6790,145.9810,118.6660,93.4370,83.4199,67.3352,63.1377,62.1818,61.9371,64.0424,75.8351,88.4808,68.0158,71.5098,33.7750,63.8575,70.2799,79.3832,93.0244,112.2460,131.7940,129.9760,143.2320,158.4270,123.1030,108.9020,108.1110,116.6760,106.9100,100.7200,128.3580,119.3710,72.6317,66.6000,110.7570,146.5970,156.0140,160.8170,147.1920,124.1550,86.1318,51.2934,27.7645,9.6596,17.8950,34.0697,44.1478,48.8429,68.2425,118.5800,176.4180,169.7150,144.3270,112.1870,58.6411,34.9179,66.2080,114.8900,113.4110,87.9525,76.7571,72.7106,78.7760,66.7811,59.9119,81.4216,83.1917,71.3436,54.4946,59.0504,72.1258,48.3485,21.7812,20.9178,49.3243,64.2045,84.6354,75.4167,61.7711,62.3881,70.9629,63.9168,35.8310,30.5858,24.3428,16.8626,24.4272,42.4448,61.2504,71.6104,61.1823,45.9363,27.7714,25.7558,38.6820,47.2968,47.8537,50.9344,47.8295,43.7296,34.1854,39.3862,34.0386,35.8621,32.7993,35.3792,52.8514,58.7124,60.8789,58.6073,57.7468,76.2603,113.1840,124.4060,95.9074,71.6170,42.8047,22.1533,26.1056,41.7381,61.3909,41.3846,55.0174,42.6101,41.1097,48.0869,29.7153,33.6014,29.0313,39.0336,51.7952,63.3383,32.8322,16.7151,37.6820,38.2029,30.1286,16.1881,29.8001
70999.4000,56837.6000,34224.4000,35861.2000,43739.5000,35101.6000,25474.2000,22306.4000,20425.8000,16934.8000,13669.1000,10898.8000,9672.0200,8895.7900,7207.1500,6904.8800,6552.8100,5205.3000,4515.7700,4024.2400,3718.1700,3014.2900,2781.4600,2302.7700,1855.0000,1723.8800,1480.5000,1360.6500,1243.4200,978.8940,750.3190,593.1680,548.1810,458.4740,441.7220,458.1310,378.9590,284.0440,207.2520,182.4130,183.8030,178.0000,150.2660,139.1250,120.1730,75.1791,75.9881,110.2130,120.5500,146.7380,185.5690,219.7810,209.5090,297.8670,502.3210,627.8070,723.9610,710.3460,621.6480,525.4260,437.7130,400.7270,341.3310,294.4400,264.5560,252.8930,176.3570,61.7207,98.0943,187.2040,245.6340,278.6470,263.0350,208.3200,250.5570,434.0360,708.0630,998.1500,1384.8100,1729.4500,1717.0100,1451.9100,1305.2800,1131.0900,1092.1000,947.9650,759.1570,670.9060,665.0200,656.5750,673.6300,702.6530,681.3070,693.1580,861.8980,1145.1400,1370.6800,1459.1100,1431.7000,1488.7800,1528.8200,1192.7400,757.5940,317.1960,464.4870,506.3310,423.0740,266.3730,336.8930,399.8460,318.3550,196.9660,167.4900,179.6260,183.1180,150.8580,127.7340,212.4080,345.4960,394.9740,368.0480,333.6670,304.3910,247.0970,191.5220,178.4340,181.7170,184.8620,215.8380,219.6490,205.5490,228.5230,217.3490,233.8910,293.8010,285.5790,244.7180,192.6530,134.1200,33.9756,67.3680,105.7680,125.0220,147.5960,168.6620,165.9990,122.6810,73.1282,33.7244,36.0237,48.2310,37.4378,45.1845,79.4177,100.9060,110.2400,79.5657,51.1254,32.1516,44.7008,54.3646,99.3351,124.4440,116.6880,108.8300,108.3870,96.2006,55.5977,28.8048,22.3478,53.1994,77.0561,93.0158,43.6583,36.4830,58.7735,89.3660,91.4813,89.7101,85.7464,69.8130,73.1382,93.6388,94.3935,145.8190,132.0460,128.2930,122.5440,116.7970,89.1134,70.5805,98.9859,133.6150,113.7860,91.5740,124.6510,161.7320,169.1370,165.8320,145.2500,106.8170,67.9447,34.0522,17.0030,17.9687,28.0962,16.6182,8.3111,22.7847,50.7272,95.1436,151.2330,164.2790,144.0220,121.4890,84.3293,51.2896,72.5478,110.3010,88.8785,53.0885,62.4013,77.8346,67.2319,56.7494,52.5002,60.4035,55.0604,27.5525,18.2353,14.8793,13.8990,22.6399,45.1284,65.8707,66.2272,71.8473,78.7417,81.9969,58.1133,45.6622,48.6481,36.9980,25.8918,9.9512,18.9019,27.7095,15.3365,12.4964,41.4757,43.4931,38.5393,27.0527,21.2534,19.8750,33.8228,54.2457,44.4990,31.5183,19.6321,16.9670,38.2073,61.7856,65.8051,74.5170,54.7063,31.2916,27.0219,19.9356,25.4878,32.6201,31.8349,18.3841,43.1709,89.3843,61.8385,41.6715,5.5454,17.1717,18.9721,22.6015,28.9386,53.9508,78.7456,86.2309,84.9065,78.7566,50.7806,13.9977,16.1669,30.9295,47.0310,57.7069,22.9670,12.9401,50.2012,35.3343,20.1698,51.2581,68.9058
70999.3000,57066.5000,34479.7000,36219.4000,43826.6000,34927.6000,25384.6000,22190.2000,20203.7000,16691.8000,13623.9000,10935.7000,9713.2300,9036.5000,7310.9100,6933.0200,6625.0200,5276.7100,4559.3000,4067.8100,3741.8800,3014.6200,2772.8200,2298.3100,1853.3900,1711.4300,1436.0600,1297.0400,1177.7800,923.7760,695.3050,552.3550,503.7040,409.5860,393.2880,405.5210,334.0680,228.1520,136.0000,116.3700,122.8480,127.7040,131.6970,111.8230,81.5192,65.2723,83.9468,110.1750,112.9790,146.3510,169.0110,209.5540,206.6800,280.8470,503.0180,643.0310,742.4000,713.7320,616.4950,529.5890,434.7320,377.0380,325.2540,280.1350,252.4550,214.7350,144.7580,60.8298,105.8790,198.8240,264.7470,286.6540,281.4100,232.5090,237.1250,390.5850,672.8420,954.1060,1349.1600,1722.5400,1721.4700,1459.7700,1279.2900,1119.9300,1046.3900,931.1110,762.8960,637.6870,627.0780,617.3880,574.3320,575.5800,561.0360,572.1800,730.6010,1014.2200,1227.8000,1307.1900,1268.4200,1340.5600,1399.4100,1104.0500,729.9390,282.3350,423.7390,511.8710,421.7050,189.0040,216.1910,280.3950,143.0460,67.0186,110.6780,125.6660,126.2820,131.8780,94.1563,102.5520,143.2290,144.3900,191.6030,269.7290,246.7630,186.5800,100.7050,94.0157,117.8310,125.2630,132.8590,137.2330,141.8020,157.5030,102.0050,64.0141,157.9080,252.4640,228.4000,186.8500,111.0610,51.8262,94.8789,109.3220,118.2590,140.7550,154.5470,143.4700,87.2681,28.5939,35.2591,70.3642,68.7179,74.6880,98.2445,110.2810,105.4270,96.6552,75.3374,56.1922,36.2206,70.1872,129.1250,179.7200,200.0100,192.9110,175.3990,151.5250,106.7530,59.1802,23.1774,22.7939,32.2878,47.8548,65.8624,71.7527,107.8070,76.9846,79.1046,58.5423,49.1422,60.5039,97.8493,129.4850,137.5770,168.4940,199.8760,182.8940,155.0200,135.9170,120.1800,106.8420,101.6790,89.9920,74.7153,72.9745,78.0798,108.9260,154.9850,168.1750,163.3500,149.0400,130.7290,83.8628,30.2606,13.3080,19.3449,31.9211,35.9008,36.3754,48.0634,73.8604,126.9160,196.1580,197.4970,170.5700,132.0610,79.2757,49.9245,70.8150,99.2949,93.1358,69.4328,51.9829,53.2269,56.6173,53.4861,33.8280,37.6410,56.2484,63.0849,64.7351,65.0143,49.5639,43.0648,58.8582,68.6480,74.6491,81.2166,96.8564,96.8448,81.7635,73.2071,71.2904,63.4673,43.8339,38.3030,36.4973,32.0634,28.9846,45.7093,52.5287,55.5286,76.8665,72.9605,56.8249,25.5485,42.8098,62.1072,60.0128,59.5113,55.6317,53.7845,56.4961,54.7852,44.3056,44.0364,50.5223,35.6324,49.9927,48.3658,44.8708,41.2143,15.0511,35.0258,76.5969,105.1260,69.8013,42.6190,42.3424,53.1233,71.3419,84.7061,86.0596,43.1894,50.4847,37.2256,44.5447,46.6824,38.2240,28.6905,21.7638,16.8802,5.3653,11.9509,12.9868,1.9120,5.1001,5.6569,1.7127,14.0614,37.8828
70436.9000,56704.7000,33970.9000,35258.9000,42962.3000,34423.3000,25015.9000,21903.2000,20040.1000,16604.8000,13536.7000,10758.7000,9567.0700,8892.3200,7089.9900,6761.0000,6501.6900,5137.9300,4489.3500,4033.7800,3697.4800,3025.6800,2772.2800,2298.7100,1825.9200,1728.2700,1482.1000,1345.9500,1262.8500,972.4470,777.4080,658.3540,601.9560,515.5390,478.7440,484.2100,405.5480,315.2750,260.0990,230.0480,221.8760,218.9470,224.3990,195.9630,155.7270,124.1520,149.0150,150.8210,91.2151,85.0597,121.3930,193.8610,167.2780,234.9730,472.3590,610.1180,713.1280,701.7150,621.6540,527.7630,443.6010,394.3470,339.5300,287.4310,271.6790,254.6270,174.6530,61.1520,103.2200,197.8440,253.9900,292.7710,303.6290,250.7600,240.8970,379.6100,666.3690,956.2670,1363.8600,1774.9400,1780.4300,1485.2600,1229.7000,1077.6800,1017.9300,907.4290,728.4710,620.0550,600.7000,576.2550,544.3020,546.7660,530.1400,544.1390,706.9770,1000.2600,1206.5800,1312.2200,1275.5800,1300.7400,1355.1600,1077.0100,706.3140,267.2030,416.3000,487.1290,403.6200,252.5390,286.5620,329.6100,161.2090,76.1031,156.4480,214.7480,229.3820,216.2350,114.8630,105.2390,230.6420,259.1580,240.1220,265.7380,232.1260,171.1130,99.7748,188.4850,257.2430,269.0200,230.4030,158.7200,133.0980,179.1890,192.2310,191.0490,254.3320,311.1620,308.3710,279.5660,186.7130,51.0584,75.9326,129.3130,150.7900,168.4830,196.8310,185.7250,134.4500,88.4315,51.0475,50.4136,70.1353,66.9834,90.4763,125.4120,142.8670,142.6750,137.7500,104.9940,77.9632,88.3640,98.5027,146.6500,173.5280,162.5290,151.0400,146.2200,123.1810,83.0608,49.1386,30.5779,28.9654,42.9766,31.0488,51.8165,57.2493,72.4630,81.8992,64.8304,40.2924,49.6405,63.9524,72.1709,72.3250,99.2978,139.8670,137.6740,139.2430,150.9840,152.0570,119.1030,83.9202,105.9540,125.2120,89.8387,96.2048,166.3460,202.5390,205.6230,197.7870,172.2330,130.9210,94.2968,65.3773,40.5080,28.5899,17.9143,21.9144,26.2013,36.3262,60.3472,107.1910,157.1310,167.3900,148.4030,115.0460,41.5719,30.5157,60.7707,91.3664,105.0390,89.0035,86.9947,95.7053,97.8344,91.7931,90.0909,99.4377,71.3642,42.0290,21.9083,31.1256,41.9764,46.0908,46.6648,48.1320,53.6297,61.0555,68.2344,81.5026,82.7359,89.8864,87.2534,71.7958,54.4230,42.7809,38.2024,44.9249,55.1947,69.0976,70.9102,65.1881,65.4280,54.7179,39.9361,25.4017,25.5468,20.4376,18.0125,29.1497,20.1091,19.4089,17.4859,31.3726,42.8996,59.7729,54.2680,34.6280,31.7907,26.5314,23.8142,19.6273,13.4604,37.7433,67.3476,87.5439,65.4157,33.5706,19.1619,55.0535,67.0403,73.1771,71.5433,29.4441,50.3655,42.2028,46.9999,46.7421,43.7625,30.2458,22.2471,27.5524,30.0476,29.4422,23.6664,15.8947,8.7741,11.8945,14.6422,18.0557,30.4472
71012.9000,56868.7000,34198.5000,35742.5000,43666.4000,35115.5000,25481.8000,22334.8000,20471.6000,16964.3000,13751.3000,10981.7000,9766.0100,9004.6700,7306.9700,6983.9300,6622.5200,5283.4400,4612.6000,4105.6900,3778.9800,3098.4900,2836.6300,2372.9100,1907.9900,1765.7600,1504.2100,1372.4900,1272.4000,989.2160,790.2910,659.0490,616.5550,524.4130,479.9700,488.0250,432.4450,329.0400,242.4080,225.7600,215.9440,207.3060,196.6070,199.0660,158.7790,102.9070,135.0390,154.7440,133.0240,136.5880,180.2320,235.0290,197.2340,265.0900,496.2470,628.2040,722.5130,694.0770,607.1970,524.3990,431.7470,380.9730,334.6340,287.3650,268.5600,248.4570,166.1070,57.9114,97.5714,188.8140,255.2050,290.9990,298.1280,259.4430,256.9900,379.6580,683.6510,977.1730,1406.9300,1832.7500,1836.4300,1536.5300,1261.6500,1125.9900,1062.3700,944.8870,762.9150,642.4660,621.3900,608.3970,560.3480,542.6990,524.4250,534.7440,724.6780,1042.0400,1226.3500,1302.3400,1263.5400,1294.2000,1333.9100,1030.2400,645.5560,240.6440,374.8880,400.3170,323.5160,194.7070,229.7440,228.5470,131.3200,132.3000,213.7230,246.6980,265.7600,242.8370,143.9610,185.3210,349.3480,425.1750,410.7790,386.0130,334.4280,259.0630,141.7210,86.6905,82.3277,30.5868,55.8697,118.8810,187.3440,244.3960,214.1320,131.3570,170.1720,266.5340,259.0350,208.1110,142.8400,82.4805,88.9530,110.5570,118.9170,155.3980,200.6000,177.6950,112.9800,52.2332,23.5104,59.2963,70.9155,89.3025,159.8120,195.9160,193.6770,176.2610,126.6480,84.0899,36.2142,43.3534,111.5870,185.4430,212.4580,218.9630,207.9280,196.5970,134.8390,81.7069,64.2276,64.3123,62.7926,47.1034,25.4233,55.3096,64.9272,73.0489,76.1168,65.7630,45.3557,46.2097,37.7397,17.2488,17.9661,61.5976,121.8350,148.5610,146.9330,134.0210,123.2860,97.4035,55.6177,77.9567,123.8110,112.7320,87.9517,110.2450,145.8110,149.9770,152.2350,143.7500,118.7450,80.7644,58.8716,66.5820,61.1634,59.7303,48.4229,33.4974,36.7849,67.9404,114.8240,158.9040,163.8750,133.0290,104.6460,13.4644,46.6124,52.3140,50.2987,25.7028,11.8934,24.9873,35.3357,19.4541,20.1941,23.5050,30.6023,19.7529,15.9378,22.8279,30.4923,39.9683,44.8092,37.7765,39.3481,51.7218,72.5546,92.8581,85.0622,78.7358,82.6770,93.9223,105.4690,98.6379,88.9294,72.9028,63.0915,72.3448,83.8991,79.4958,86.1187,102.3830,101.3130,89.6265,80.1279,80.2940,75.1665,68.3046,63.8997,52.2580,46.3666,47.7083,56.3595,37.0659,38.4204,42.6772,62.6945,89.0771,98.3317,85.4075,71.6669,50.6782,64.2484,98.2424,106.5920,74.1287,34.5286,36.1045,83.9606,88.2925,86.1143,49.1632,12.5144,32.9366,58.2043,80.6431,92.9031,63.7663,34.9554,13.2973,19.9917,45.2778,46.0071,42.8532,22.7587,17.4896,29.1478,30.5188,8.2565,15.7059
71146.8000,57091.7000,34504.5000,36338.1000,44028.2000,35098.1000,25480.8000,22253.9000,20296.3000,16787.4000,13656.4000,10950.2000,9738.3200,9058.2200,7357.3000,6964.2400,6637.6200,5309.4100,4582.6400,4089.5600,3756.4200,3022.0500,2784.7800,2305.4800,1847.2800,1693.9500,1443.4200,1308.6900,1176.5300,920.2030,703.5990,562.5990,522.7580,417.4470,378.9840,378.1020,320.8250,231.6900,137.7880,111.4110,119.8540,113.6990,99.9836,73.7991,41.5474,30.2964,48.5889,63.2344,95.4815,125.6270,181.6470,245.6120,239.1730,309.1370,516.6090,656.0860,755.8640,726.9310,625.2690,529.2880,433.7530,372.6310,333.0460,292.8720,281.2900,242.7810,156.9370,55.2177,78.6732,157.4380,208.3080,249.4370,266.8660,229.6160,227.6870,363.5200,651.8340,940.6610,1373.4500,1811.5000,1806.5900,1511.6000,1207.5000,1088.8800,1000.3900,885.9130,721.3980,617.9750,592.4820,564.2600,516.4230,501.5800,489.8130,515.5180,725.7170,1053.8100,1229.0800,1309.4700,1259.2000,1275.4800,1319.9400,1031.7200,655.4080,280.8240,399.4520,429.7120,328.0520,217.7990,295.7780,325.3630,214.0450,143.7980,139.4770,129.6880,151.4830,162.6810,94.8494,86.4499,194.0060,238.4040,212.5760,239.7450,260.1120,261.4770,209.1260,174.9520,151.4650,79.7405,34.1781,38.0156,67.7360,115.6650,101.0250,63.9224,129.1240,234.5570,237.1610,197.6730,126.4740,57.1304,61.1281,91.6096,123.8960,169.9070,213.1090,215.5810,144.9550,67.8305,30.5061,60.8481,69.5152,68.9051,98.9040,129.0100,134.0600,130.9240,116.0790,90.8099,45.8233,47.8088,73.7463,147.5270,195.3240,193.9260,172.7630,161.8770,128.8790,83.5693,34.5515,18.4022,25.0741,27.3525,32.0384,68.5791,90.9737,83.2578,74.0705,42.7258,30.0237,26.9550,17.7920,38.1933,71.9175,110.7390,175.4350,175.5240,154.4430,139.3570,140.0550,123.8610,113.5730,125.8910,127.9380,101.8380,94.8247,144.4700,187.2300,187.1440,177.6700,159.4280,130.9680,71.4130,31.9001,11.8735,25.9050,18.4959,16.2568,21.9943,24.5612,33.2635,73.9959,143.7920,150.1010,126.8420,88.5512,18.7472,31.8404,55.3926,77.2867,53.4562,33.2162,38.0178,42.6330,42.5842,41.5007,45.7993,46.4214,34.0642,27.0041,26.0290,25.7583,23.9947,22.7358,24.3350,32.0144,52.1474,70.5833,89.8252,74.8573,75.7094,79.1981,89.2935,80.9361,50.8788,32.5525,16.5349,9.6528,23.0804,35.0673,42.6930,40.8594,46.2342,37.2849,30.3412,18.2190,28.6320,35.1143,27.4532,30.3225,27.7796,39.4863,32.5276,36.4652,41.9436,47.5748,37.9371,23.0426,38.5041,52.8144,58.8687,46.3911,21.9106,49.6092,96.5478,101.9980,70.9384,39.9967,52.2717,94.5812,114.1380,128.5710,112.1500,53.9308,37.1044,11.6217,16.2409,16.0027,14.9808,20.7264,18.6658,19.7955,23.0209,15.6129,14.3591,19.4851,32.3504,27.2194,26.3749,29.2199,40.0882
70486.0000,56789.4000,34114.1000,35470.3000,43040.9000,34420.9000,25062.7000,21939.2000,19970.7000,16517.7000,13522.9000,10766.2000,9540.8300,8896.1500,7115.8600,6769.4200,6499.6700,5122.8500,4452.6900,3993.8900,3662.9100,2995.4400,2752.4200,2289.9500,1820.4300,1732.2600,1488.3300,1345.9300,1262.9600,978.1520,768.9960,633.5120,576.7600,487.1990,454.6670,467.4130,384.4120,268.4380,217.8690,226.1300,226.6010,205.7760,210.2080,183.3200,155.6680,131.2040,145.2030,140.1870,93.5664,95.0899,126.8970,192.7060,197.0650,282.4570,491.1610,623.6360,718.7040,695.8760,603.5110,527.5380,445.5270,380.8640,337.7710,295.7790,288.0930,266.4890,195.2960,58.7873,69.8324,170.8970,220.7870,246.8050,258.2310,224.3470,214.1970,319.4370,587.5950,872.9070,1313.2400,1736.6700,1724.9600,1456.5700,1143.1600,1030.4700,942.4000,866.7140,693.8860,568.4230,555.3960,515.8420,476.0110,510.3820,514.1010,536.0210,764.1650,1097.0300,1266.0600,1333.5000,1261.6000,1263.9500,1307.8500,1023.9800,644.8030,293.8950,408.1520,431.8280,345.9080,238.0180,303.4260,330.4140,215.2880,144.1250,142.5080,108.3900,125.5950,154.3010,82.8538,101.0160,241.9640,294.6670,286.3730,297.8440,304.3770,294.5530,246.6620,203.7660,125.5150,111.9080,85.1223,133.5360,145.4090,166.0520,145.8350,111.3260,162.6510,239.3100,261.5950,242.6720,181.5790,66.0227,62.2287,102.1900,124.5710,156.6840,191.7150,170.9400,105.2350,52.3366,49.5769,82.8767,77.1410,67.2866,82.8637,114.1690,127.6630,126.7040,112.2280,96.1109,43.4843,80.6137,106.3820,176.7820,211.8350,214.6610,193.1000,181.6210,137.6760,81.4525,28.9111,10.1927,24.5924,20.0724,20.8955,36.7589,43.8657,36.7143,38.3333,34.3360,27.6383,32.6263,38.9069,56.6380,79.1483,118.2210,157.8900,134.5900,115.3400,106.2120,93.2605,55.1773,47.5410,88.9104,106.8790,82.6059,79.3050,116.6290,153.7480,164.3120,168.3670,155.6780,135.9360,100.4330,51.6987,31.6326,17.7712,24.6468,26.3606,23.1748,34.1640,49.3605,81.9009,149.3080,175.8940,165.2470,142.9050,64.5069,20.9643,35.4352,55.4567,43.6038,35.4736,47.0256,52.2948,54.4597,41.0606,34.0306,50.5418,50.1286,40.6544,31.0141,29.6602,37.0917,47.2754,47.8794,48.4071,61.4189,86.1058,108.2950,104.8680,110.4290,111.5070,115.5320,74.1672,48.3689,51.7924,44.4661,42.4589,42.6909,50.3573,49.0141,47.8238,47.9523,38.2357,24.8648,10.9743,24.3594,43.3627,51.1158,41.2095,41.5580,42.5089,57.8428,68.8220,64.5269,60.4627,50.6988,27.6366,23.3117,28.9127,41.9793,34.8810,12.5821,40.5934,80.1488,94.6259,66.3733,34.9151,34.2420,77.7114,94.3891,103.6340,83.2091,32.1597,45.6166,39.8313,47.3036,42.5834,39.7003,13.3756,18.4639,48.9108,51.8845,42.1672,36.7809,29.1899,17.7982,22.1700,27.9429,29.3947,36.0348
70918.3000,56907.9000,34223.0000,35584.7000,43462.8000,34999.0000,25421.6000,22275.2000,20430.4000,16964.4000,13745.7000,10931.2000,9704.6500,8955.1500,7226.0200,6897.2400,6551.8100,5202.7100,4552.0400,4080.8000,3741.5500,3081.1300,2809.1900,2349.2100,1865.9100,1737.2600,1485.9400,1347.3200,1253.1100,951.6710,753.3500,644.5310,591.4530,500.8260,455.5290,475.4690,413.1570,295.9990,233.8520,230.4760,216.8500,204.0210,202.9850,177.4370,134.4470,104.1250,128.2420,128.0960,96.4455,105.2460,145.7560,205.0070,193.2210,273.7490,494.2560,626.1670,719.4660,698.9350,605.4170,504.7910,416.9060,362.5110,312.8610,263.4400,244.4380,219.9920,140.5790,54.0112,111.2370,198.3870,246.4800,263.6380,267.2990,219.9600,207.5290,338.3950,611.0040,880.9820,1276.8500,1643.4500,1634.7000,1381.8000,1114.7200,996.6960,934.4180,846.2450,696.6980,609.9180,595.4340,560.8480,524.7530,529.0160,536.2470,569.1030,780.3670,1120.6500,1293.6000,1367.0700,1269.2600,1256.3400,1305.1600,1005.6200,617.2600,266.4180,388.0390,393.4450,311.0760,218.5860,286.5950,303.8900,205.5120,125.1120,127.0670,118.3700,131.4300,141.0740,92.0656,135.1570,258.8370,313.3840,301.2920,283.3170,238.7180,212.6670,150.6580,120.8950,103.8620,51.3968,37.8733,66.8325,125.8510,212.0140,249.8650,176.9090,163.5410,217.3520,214.7440,166.6140,112.6500,99.0026,130.3960,156.0270,176.9630,215.4630,276.5630,267.9860,210.0930,143.7450,82.8907,15.8487,42.8014,49.5678,92.4720,132.0230,148.2250,140.2110,114.3930,94.6457,52.5789,82.4462,91.4524,163.2710,197.0850,193.3190,175.4060,173.5020,135.2040,73.8375,32.3695,10.2513,5.8994,7.6661,26.0158,62.4352,88.6043,73.9771,71.3386,35.2524,18.8307,14.3811,4.2743,18.6151,50.9365,102.6380,154.0870,151.4510,134.5100,131.6150,119.4530,93.0531,60.5229,71.8498,91.1453,77.2984,86.0762,141.6790,169.1670,159.9800,159.7040,149.9330,131.7520,78.7801,37.7631,39.9045,42.9865,51.4993,40.8812,43.9507,65.0761,81.0795,118.3990,186.0130,200.6720,173.7290,129.3470,46.1239,52.8638,90.3322,107.9970,82.7638,70.6739,84.4663,80.4710,60.4384,45.9680,61.2849,84.4486,74.5051,48.1892,38.2146,36.2746,38.1701,47.6021,57.7774,60.7527,63.4842,80.4236,109.9490,114.5030,95.8923,81.5617,65.6500,52.3770,43.8019,26.0701,12.9120,5.7290,8.8163,16.2716,28.1847,39.8630,36.8185,30.6925,24.3063,14.3504,26.9039,50.2887,38.7625,38.3073,43.8814,52.1357,50.8926,59.4075,57.1778,56.7698,49.9799,50.7445,63.7253,67.3922,66.7631,59.9333,47.6401,63.8913,97.8650,108.1550,70.7542,41.1300,53.3313,88.3402,96.0357,93.9334,62.5838,23.0239,28.3017,37.8963,44.1765,54.8873,41.2580,21.5653,5.2645,8.7983,19.8350,24.1088,35.6180,13.0021,24.4641,20.2975,11.3610,17.1716,20.7705
71238.3000,57155.1000,34588.6000,36281.3000,43950.5000,35158.0000,25577.3000,22312.0000,20300.1000,16823.0000,13634.3000,10884.8000,9665.4900,8972.7400,7251.9800,6862.6500,6530.5700,5212.4400,4506.4100,4036.6700,3697.3300,2953.5100,2734.1500,2234.3200,1799.8200,1684.6600,1451.7500,1321.5500,1173.7900,921.6210,712.8270,583.7060,545.6250,459.5980,436.9580,415.9220,333.3200,253.0720,176.5530,165.4370,160.8410,144.0200,137.9220,132.7430,101.0580,48.7901,78.2583,104.7850,108.9320,132.9070,180.7280,241.0180,236.7440,320.4610,533.2920,665.4370,753.7390,720.4250,596.3360,492.9230,422.4390,355.3130,309.5290,262.5140,255.8290,211.0400,105.6130,42.7164,115.3380,202.6940,274.3230,292.0460,278.1960,226.9090,213.1360,323.3770,582.8690,840.3100,1235.9600,1636.5400,1633.8600,1374.2100,1118.1200,1005.9200,934.9070,836.4540,678.8750,585.8370,574.8490,544.5790,486.8690,470.4170,470.3840,505.3660,733.9150,1066.8100,1231.2000,1302.8800,1221.0200,1210.1000,1247.9400,959.5740,590.1440,216.7090,354.0190,358.6060,275.8990,215.7490,282.3460,284.3380,182.4150,126.8250,121.8500,99.0949,118.7040,145.7450,107.4690,150.0390,276.6280,326.9290,311.2300,303.3740,265.0560,232.4840,162.5030,126.5930,106.1260,98.7681,115.4400,124.6410,160.4140,232.2080,234.5440,181.7540,206.1730,282.8710,293.1830,261.3060,178.6640,75.3521,77.1406,112.4810,120.5980,139.7720,170.4710,162.6610,112.1720,65.5060,63.8961,92.2880,149.7320,191.3160,214.8450,208.9250,192.5250,156.0280,110.9650,76.9852,21.4695,55.3706,122.5930,176.5660,208.5740,224.8650,210.7640,198.2960,137.2990,71.7219,29.8587,18.5225,18.6732,38.2696,63.4365,97.7486,90.6081,62.4273,43.4105,23.6962,6.2207,7.8213,17.5749,64.5450,103.3220,167.9840,191.6670,155.6550,130.9350,122.9880,108.3270,89.8472,89.7852,124.3640,142.9930,113.1550,94.1267,131.2090,171.2500,178.6880,173.4050,159.8040,134.7420,90.8232,51.5031,23.3737,12.2192,12.3139,11.3058,11.6541,22.6951,56.4002,104.8660,172.5820,173.4450,112.7690,65.6635,53.8422,103.0340,115.4830,108.3570,78.8043,73.7143,70.2102,51.9525,36.3918,30.5156,31.8196,42.9126,43.5146,32.0010,30.0040,17.6365,23.6790,44.3962,62.5831,61.9616,69.9800,83.9315,103.2450,91.0086,85.0159,79.7837,78.2902,57.9040,39.4873,27.0779,20.0812,25.9097,28.5468,27.3164,26.3021,38.0159,30.1843,21.8960,21.2153,19.9573,22.2340,27.4854,36.5668,40.0070,30.1217,36.0597,36.1161,48.2686,55.5686,60.9365,53.1040,23.9203,25.7059,26.2247,37.1159,41.5343,39.0701,19.7877,20.5448,58.9239,31.7507,33.2109,53.7541,83.7204,74.6637,66.0702,38.4196,25.6313,54.9667,72.1065,81.7573,74.9788,60.5616,44.6169,25.2680,33.4879,58.5346,55.1028,42.8578,26.9659,26.1149,29.1352,36.8506,18.4327,13.0323
70644.0000,56910.3000,34244.7000,35687.2000,43232.1000,34502.0000,25102.7000,21951.1000,20018.1000,16572.7000,13546.3000,10782.3000,9568.6400,8932.1700,7189.4500,6834.4900,6531.8700,5165.5700,4505.4400,4056.0900,3729.2000,3023.8000,2770.8900,2312.8200,1866.6800,1750.6100,1493.1100,1365.8600,1276.8300,999.2160,773.7010,625.1830,586.4290,482.3650,445.5270,474.7010,406.7330,305.6400,239.1670,216.6870,204.6600,204.2470,202.8980,207.5180,176.5660,131.4710,148.7260,167.8850,154.8620,155.6020,181.7520,214.7490,192.9560,273.0440,504.3860,632.1220,717.1810,674.2220,552.4050,475.5360,396.8010,335.3540,306.3820,261.1560,251.4670,222.0130,141.3850,49.6128,109.8050,195.7190,253.7490,275.9510,273.2110,224.5440,217.1660,344.8690,607.7630,873.3350,1275.7600,1704.4100,1705.4200,1437.3800,1153.7900,1067.3900,978.8670,879.9860,710.4310,592.0640,591.4370,571.2120,492.6910,473.2120,466.3650,491.1710,724.7080,1073.4600,1257.7500,1349.3100,1260.2700,1234.2600,1270.1600,979.8640,611.7250,195.5360,347.3120,369.7990,292.6980,202.3820,271.2620,295.4390,210.0260,150.1150,134.8770,87.1195,107.3540,144.4690,98.9680,142.8320,269.3290,323.4730,318.4710,311.7700,274.8140,246.4850,162.9060,119.6950,122.0210,102.7180,93.6630,123.2970,171.4920,226.2800,240.9830,192.3190,183.5890,232.5810,234.5590,210.1280,131.8240,25.1471,59.7515,89.9976,116.2120,168.1170,223.9500,225.7340,138.2200,55.7104,37.8958,71.6348,93.6307,114.5380,141.3260,175.1910,180.1490,174.8000,136.4530,113.7970,55.8481,70.1384,96.2154,160.8420,191.7280,217.6170,206.2940,201.2500,140.5070,89.2244,54.1783,30.7305,9.8544,4.9365,25.1997,40.1940,64.2278,44.1613,56.0679,35.7236,37.6318,52.0982,82.2460,103.1460,119.0640,144.7590,191.3540,173.2970,142.4040,131.2570,118.5250,101.9480,88.1987,105.9020,118.6020,93.4720,79.3280,121.7390,165.3460,175.5950,178.9880,169.5970,143.0840,104.0190,79.3032,83.0266,75.5793,70.0136,63.6129,52.2105,47.9554,70.9959,119.8500,176.4870,183.5300,153.5900,110.5000,32.4426,27.3896,49.9006,60.5825,52.4039,30.9884,27.9398,31.2541,21.2132,7.1752,14.1509,29.1710,26.3486,27.2178,16.2174,20.5915,33.1098,33.0205,52.9452,73.7252,83.7501,88.9816,98.9305,116.5000,104.6300,87.4392,71.3125,57.0818,45.4177,32.9432,17.2577,27.0161,51.1458,78.2602,79.8333,80.2816,81.7529,75.4911,67.3619,61.5284,71.3888,83.5413,82.5568,73.6161,78.2681,76.5807,76.9839,71.8049,49.1426,50.1559,38.1556,41.4771,54.9647,71.7277,72.6373,69.7141,35.0456,39.3679,75.7803,95.3719,67.9049,42.1710,60.9029,106.4660,113.9580,111.5030,78.3370,17.4519,41.3165,55.4854,62.1834,60.5304,41.9661,19.2727,27.2762,39.8733,38.9164,37.1332,33.5474,11.0326,16.8137,29.8741,27.1921,20.9268,19.5553
70869.2000,56894.6000,34157.9000,35452.6000,43302.9000,34860.6000,25316.5000,22190.7000,20379.4000,16924.7000,13729.0000,10901.1000,9692.9200,8955.0300,7219.7700,6902.6600,6547.5300,5179.0600,4538.8600,4076.9300,3723.9800,3061.0900,2777.7000,2327.1300,1847.1700,1718.8900,1473.2400,1340.3200,1252.5200,954.9590,748.2420,617.1290,556.1940,492.8910,472.3350,484.6870,412.3130,300.7400,247.8170,251.2540,246.4960,229.9180,216.9590,195.0200,156.3190,105.8330,118.8300,130.8650,108.3330,120.0990,166.1630,228.2240,205.4030,277.0550,505.2350,640.5990,734.1130,698.7420,594.8420,513.3550,429.0550,368.8780,324.4000,286.9550,277.6960,252.2080,168.4260,44.4026,66.6794,154.0370,224.9500,251.2180,255.2890,233.5940,218.8140,303.3630,545.8960,842.4340,1278.7900,1697.3700,1688.3800,1445.0000,1166.4900,1055.6000,950.1970,867.5240,692.6280,582.3620,605.2560,584.1470,507.9500,489.7640,452.2430,472.6950,737.8810,1082.5600,1259.6800,1333.6900,1258.2900,1236.9600,1269.6300,983.5490,617.9300,169.8570,345.6060,362.2180,275.4310,219.2490,276.1930,279.4580,188.8770,135.7120,109.7850,98.1509,127.1800,140.9080,112.4010,166.7210,288.3490,341.3070,312.7150,298.7670,282.9540,238.6570,167.8570,145.1920,131.7730,101.6280,120.1620,144.1460,183.3690,257.3720,259.5060,187.3280,176.0590,223.3700,228.3110,207.4120,139.6090,31.5685,60.3425,97.4891,121.7560,163.0020,204.0560,198.3210,125.8090,51.2081,19.8515,57.0529,77.6235,99.6468,144.5060,173.1080,170.3130,160.7840,127.4420,95.7656,43.4549,47.6076,94.9190,168.6320,207.1130,221.4490,213.4800,214.4030,152.7080,93.3377,65.5565,37.4779,12.2215,11.0148,30.9805,38.4036,65.8240,65.8716,75.0060,64.9578,56.4052,61.9954,70.5146,102.2910,93.2482,108.9040,136.8250,121.8160,95.0459,85.6965,83.7118,80.0082,68.7117,102.3930,126.0680,94.1757,105.8090,163.7970,181.5320,172.6660,172.0490,163.4080,128.2110,75.8091,46.6150,58.8201,65.1041,72.9716,66.3323,54.3988,48.5581,50.5235,106.4870,195.8550,204.4990,176.9880,131.4830,35.4465,40.4573,68.9898,88.9976,64.2615,47.7252,55.3910,60.6415,53.4481,46.2106,46.5506,69.2799,76.7435,47.8284,32.6119,27.6903,40.9379,54.0150,65.5814,71.3323,80.1534,91.4083,104.5030,95.3067,88.1635,82.5320,86.6639,68.2403,51.5028,42.2764,32.7275,28.4428,46.5049,60.7122,55.4232,66.2321,76.5585,71.1201,55.8108,29.2403,33.9438,56.6675,54.2436,42.6272,45.6612,60.2160,83.0705,77.5105,76.0478,81.0797,78.2928,50.3352,50.3450,46.3620,42.7151,43.7817,13.1004,36.6921,70.0467,89.8851,69.3184,46.3156,46.2793,87.0317,98.6124,99.5811,58.3277,19.2239,29.5757,41.1392,45.9534,59.0845,60.2868,33.9210,16.5943,32.1078,44.1785,49.6933,49.0044,25.7251,13.0471,7.7165,12.0062,21.7340,29.4913
71226.8000,57108.4000,34516.3000,36203.2000,43984.2000,35219.8000,25588.9000,22313.9000,20338.2000,16860.4000,13639.5000,10872.2000,9643.3900,8944.2000,7253.4800,6863.0300,6519.5200,5213.5100,4519.2600,4039.7700,3719.6800,2993.0700,2772.1000,2272.4700,1832.4400,1706.0000,1461.1400,1336.8700,1206.8700,954.7660,715.9530,568.4110,524.3840,429.5590,407.2530,418.2510,333.2440,238.2160,169.9450,151.3580,150.4890,142.2770,123.6270,106.4230,69.2570,43.0474,80.0152,104.8020,112.4850,127.3820,170.0910,230.2740,226.3990,309.6580,525.0580,659.6090,746.3750,709.1300,586.5570,493.8050,408.7620,340.1750,315.2940,269.7840,257.3180,220.0150,139.7560,55.5772,111.4890,196.6590,251.4130,278.8710,283.2900,242.9430,234.2600,322.0580,573.5270,848.6140,1271.3400,1681.0000,1664.1000,1412.6100,1125.9700,1040.4400,941.0040,861.5880,698.3010,572.4030,573.2560,551.3670,477.5830,456.0350,434.3800,473.3590,718.5240,1053.4000,1222.1100,1303.2800,1235.7600,1229.5700,1269.3800,976.0190,600.6350,200.1290,366.7460,386.1480,296.5190,226.3140,290.9030,306.6430,193.4970,136.4410,145.5480,117.7950,132.8530,156.8620,113.9260,145.9250,260.2250,316.6210,319.1780,315.8830,283.8010,248.0720,164.8410,125.4790,121.7580,79.2584,79.6318,131.9320,190.7890,260.1610,257.0290,163.3490,139.2840,220.9000,246.2270,220.4070,144.1710,41.5281,78.9079,109.5900,129.2860,145.7910,180.4450,185.2770,134.4310,65.6448,37.3419,70.1039,81.2731,96.1675,149.2910,176.5500,178.4710,167.7530,143.2560,97.5841,30.8992,45.0712,104.2020,175.0250,220.8910,235.8570,223.6750,215.5940,148.8020,80.4073,52.4656,39.5015,26.8717,26.9634,30.9472,55.2339,78.3553,62.1692,60.7751,47.8637,55.9821,54.7865,53.8423,61.0099,71.5729,92.4450,135.8320,101.4240,78.6773,81.7590,93.4984,78.3853,64.3145,107.4640,120.1210,70.6108,83.6814,143.3200,163.8590,159.1730,154.4530,133.5830,93.0132,58.8865,47.8680,63.4937,71.6190,81.6968,83.9342,66.0989,40.9420,59.0741,110.7880,163.8270,176.3250,152.4650,116.2280,21.0455,50.7837,75.3626,82.5421,58.8720,45.7282,44.5088,35.2022,25.4110,10.4569,21.4202,45.1065,35.3065,38.3642,23.9622,12.9801,22.5485,58.6570,73.5916,78.9006,89.1926,101.3490,112.0820,122.3160,120.9240,105.4920,92.3598,72.7915,51.8398,30.2905,27.0274,38.8363,49.9293,55.1189,64.2120,69.9045,60.3477,43.9042,33.6281,47.0697,64.0558,74.7148,74.9811,66.2664,57.2162,47.7296,54.3660,52.0018,48.7306,53.4191,58.6356,49.7971,78.1995,70.5769,67.7973,61.0486,43.4763,35.9583,66.7655,92.2074,57.5848,35.7947,59.1776,85.0392,90.4660,87.0012,64.8534,26.6686,47.1954,51.6874,59.1557,62.9688,51.6214,27.5826,23.8690,31.9287,28.6074,19.1115,11.2275,14.8331,24.1667,23.9617,15.9581,26.0399,43.0660
70792.8000,57040.8000,34354.4000,35871.0000,43440.3000,34632.0000,25186.3000,21970.6000,20019.4000,16580.8000,13553.1000,10793.8000,9578.1100,8962.3600,7228.8100,6835.0800,6531.6500,5194.3700,4516.5500,4035.4300,3722.6500,3009.9600,2779.7100,2302.8100,1856.8200,1736.2500,1469.3500,1333.6800,1220.0200,954.9110,724.0570,577.7340,544.7440,442.1540,414.3040,411.6270,324.7300,239.0870,172.6440,157.3840,159.5670,160.3540,152.5700,157.0440,152.2300,119.1280,131.3770,164.6400,171.1370,192.7110,224.3410,276.8340,267.0190,348.3300,556.6320,669.8010,734.3510,689.5960,577.8400,482.7790,408.8760,342.0880,307.1700,248.0100,228.2670,203.4930,134.7760,57.7735,115.8970,195.1750,249.8360,272.5350,255.3880,196.9060,188.6360,298.7610,540.2250,795.5980,1199.2300,1588.3300,1568.2400,1335.8600,1071.6800,998.1750,888.7530,799.0140,662.0760,558.3270,535.7540,515.3210,469.1720,455.0390,442.9410,483.9150,716.8740,1056.7500,1233.5600,1325.0100,1266.1200,1273.4800,1327.1600,1031.5100,649.4070,209.7220,364.5050,391.3840,312.0220,205.7970,282.4660,314.2300,208.5000,129.5940,128.3300,94.3393,103.5160,134.4690,94.9473,147.0300,273.4560,321.9180,304.6360,299.4270,278.6830,245.6970,166.4610,130.5670,124.4190,71.5554,64.7961,109.5000,166.9990,234.3420,197.2570,108.8360,141.1180,227.8500,226.1380,189.8330,113.2970,31.1812,78.8916,107.0670,125.7640,156.8020,192.5650,192.9310,130.8150,64.5275,43.3805,68.2815,84.5163,90.6688,126.0000,156.4130,162.9240,164.5810,145.3550,86.4959,26.3538,48.1649,101.6050,170.1010,202.4570,202.1420,189.5960,185.7650,139.7510,92.9687,66.8786,47.2749,29.6211,33.2490,55.9521,54.0793,68.0304,44.6143,44.4482,40.6786,60.0220,67.2913,77.9136,98.2803,105.5310,104.0500,133.7670,107.8040,93.3761,90.9955,94.2302,82.1269,82.7850,115.9220,122.1600,74.4222,66.0600,125.3180,159.1970,162.2140,161.7580,148.9630,104.3140,66.2528,45.6935,69.1132,69.0617,79.1188,55.2294,45.9595,29.3457,34.4245,93.8695,167.2220,173.0820,154.9180,125.3950,55.6322,28.5935,41.1282,66.6045,53.1606,33.7590,40.7007,53.5025,47.9056,31.4667,35.4037,61.3371,55.2318,23.0575,25.7079,53.1161,61.2249,67.7865,67.5738,76.6856,89.2336,102.3650,115.9190,109.0070,87.1617,70.8938,56.4715,43.0511,21.1069,6.8002,12.0049,27.1769,29.5587,33.9141,37.9027,59.1413,57.4978,40.8878,19.8665,32.0743,49.7861,63.3466,74.4029,73.1828,67.5945,64.6814,70.6598,68.5146,52.7426,57.6354,62.3572,48.4434,57.9027,50.3530,51.4991,47.4803,36.5881,43.2867,71.8165,81.5135,54.0459,41.5780,61.8171,92.7517,92.9867,82.6448,44.2861,23.3087,37.8925,47.8487,51.9532,47.0398,31.5156,10.1285,6.9284,16.8826,23.0434,23.2710,15.0007,6.5437,10.4957,13.5552,13.8689,19.2236,14.4119
70662.1000,56791.1000,34022.4000,35249.6000,43068.7000,34632.4000,25146.4000,22013.5000,20184.2000,16739.0000,13606.4000,10831.8000,9623.6200,8894.2400,7142.7400,6801.5700,6469.3200,5138.6700,4506.5000,4029.1100,3695.7700,3017.0000,2762.0000,2298.5000,1840.5000,1725.3400,1486.8800,1370.4100,1270.5000,976.0500,769.1310,643.6620,592.1710,501.8790,462.8610,462.0230,385.9950,295.2380,237.7740,230.0200,232.3040,220.6070,213.6660,192.0030,173.3820,145.1540,165.9550,167.5920,122.9240,112.8470,133.8730,192.2010,176.6580,257.7790,487.6550,609.7680,689.6220,660.6530,572.1550,470.6590,384.1590,330.2630,319.4670,273.1720,252.0440,221.4050,134.5720,58.5613,117.9930,191.2700,235.3800,251.1900,239.4060,199.2090,198.8850,326.3190,551.1360,797.8570,1127.0200,1483.3500,1495.3300,1275.8300,1037.6000,938.3820,841.3760,766.6580,618.5070,507.3890,519.6800,514.7090,470.8990,490.8990,491.9230,498.3360,733.4600,1082.0200,1264.9400,1334.9400,1266.8400,1299.9700,1359.0800,1055.1700,678.3000,205.5610,310.6010,342.8740,265.4310,217.2780,289.2840,325.7480,223.1110,132.8290,113.6980,85.0899,108.6280,139.8100,121.8970,162.4820,274.7990,334.6180,330.9380,317.1990,278.6880,237.2680,170.6550,148.8530,140.6290,75.5729,66.9917,118.1580,183.6010,252.8010,201.9320,113.4280,154.5390,227.2740,221.4200,188.2840,119.9970,34.4689,67.4656,91.0906,112.3880,154.4030,190.2600,178.4100,123.9630,57.6516,29.5468,58.8894,60.2335,72.5503,129.6750,151.2740,144.8050,125.1060,96.0841,64.2334,28.5143,78.3589,137.2950,210.9690,239.1540,220.6040,196.1260,186.0730,167.6730,112.7640,59.3940,35.8062,29.4011,25.5487,17.4077,11.0078,37.6839,58.2273,86.2285,86.7116,71.6346,65.2423,70.8948,98.3021,99.3944,105.2030,133.0250,121.7250,116.0250,114.0580,108.8740,94.1812,85.4921,101.2610,103.9390,80.1026,91.8172,149.4530,175.9110,169.6530,160.7000,149.2710,126.6260,78.9996,45.3979,43.8034,40.7468,51.8486,52.9724,44.6731,15.6206,28.2439,79.2672,133.9550,144.3960,131.3900,116.9550,44.6462,31.8774,24.1469,30.7504,19.0753,7.5895,13.0940,25.0438,21.5566,23.9001,30.9954,56.3494,59.4327,59.3825,56.1441,32.1176,32.5119,59.7386,77.1458,88.6037,105.2720,123.6860,139.0260,119.5120,98.1930,80.3066,65.3433,46.1605,20.8941,5.6015,7.7638,17.7538,25.1752,28.0939,37.3620,42.2792,31.3732,17.2095,16.1072,37.0405,47.9817,56.7540,64.4986,64.1003,57.3197,55.3239,69.2738,78.6491,70.6122,76.0092,71.5368,48.5418,36.9160,44.3006,51.7409,65.8344,41.4399,22.5857,39.7937,49.2667,35.8694,23.0779,35.2240,63.9318,77.0040,90.1281,70.5831,41.0222,47.8775,40.2608,44.0267,37.3338,25.9008,15.9613,12.0259,28.8253,44.4356,37.6957,33.4662,6.6433,17.4450,30.5856,30.9123,20.5319,18.6743
71182.2000,56991.5000,34396.9000,36070.2000,43909.8000,35226.2000,25577.5000,22311.2000,20373.1000,16896.4000,13677.2000,10906.5000,9684.4500,8955.9500,7262.2900,6893.8600,6529.6500,5212.5500,4534.1900,4042.4700,3725.2600,3014.3600,2786.3700,2303.2500,1865.0100,1739.9200,1494.9800,1375.2300,1246.3100,981.4680,745.1870,599.2690,569.2750,467.2800,418.0430,423.5330,367.7000,264.2590,182.1450,173.3230,160.9730,152.6700,151.8790,152.1420,125.7950,80.6339,111.4290,149.8300,152.7190,176.5370,212.2470,262.7640,240.2870,315.8540,539.7660,663.9200,734.8200,697.3910,589.6440,480.6220,404.4330,340.5700,317.4530,275.6010,251.3500,208.9210,91.1802,95.7505,170.9010,244.7890,295.5730,317.9080,299.3870,261.5270,259.0170,387.4980,618.1960,876.1420,1213.7800,1555.7400,1566.4400,1320.5600,1111.2700,978.3850,901.0910,800.4630,656.3820,563.2470,558.6510,538.4430,496.1740,518.8080,533.9970,541.0880,747.8650,1099.0700,1291.6500,1376.7500,1311.1500,1330.4200,1397.5300,1110.2300,731.5710,252.9990,332.6610,376.1940,297.6880,184.5370,274.8980,322.5590,207.1950,126.5630,138.4340,100.1440,95.3126,128.6380,90.0354,137.9970,263.9530,319.6830,313.4350,295.7770,246.9530,210.9920,159.7680,135.7160,118.9790,78.1393,68.2092,107.6400,169.5010,228.7840,186.1160,98.3804,133.3350,233.7860,234.4800,193.9180,108.8530,48.9626,78.2801,92.9005,108.8450,153.0680,191.4080,180.6650,115.5510,53.6023,44.5825,67.7933,84.2225,101.6880,141.2570,173.0440,175.1950,162.6110,124.2670,82.5447,23.6947,51.6549,119.7700,188.3800,242.9490,253.2510,232.2910,207.3380,158.3670,104.1520,59.4571,52.6073,47.3712,31.7755,15.1457,43.2970,58.7338,53.1011,58.0272,36.9668,28.7837,42.7059,49.7691,86.6350,91.2229,123.8800,145.5980,119.2860,112.9270,114.4110,123.2860,104.6370,93.9043,122.9050,125.3900,82.4532,81.1200,146.8320,189.0510,190.3320,181.0650,153.9470,133.8550,100.2250,71.4242,59.6083,43.2781,42.2085,45.4234,42.2766,36.6054,62.3899,109.3900,150.7030,158.8930,134.8570,112.0930,39.8467,35.1235,45.5771,65.0426,54.7666,31.5097,26.5600,33.1168,34.3875,31.8893,39.8537,55.3799,52.4812,48.1809,44.0635,35.4029,32.0462,58.4888,80.4138,74.6823,77.9561,89.7848,123.6650,113.4600,88.2797,72.6688,65.4575,54.0008,29.6503,11.8424,11.4303,15.4261,24.7999,27.6091,35.9190,52.6241,54.2490,31.7333,29.3200,62.6441,79.0890,89.4469,81.8454,84.0795,87.7439,77.3872,69.2846,54.7826,34.8104,34.4026,35.1715,43.6283,69.2258,80.5141,78.5272,73.0549,46.4595,38.2889,67.6178,93.8685,61.9801,28.6153,65.0225,121.7160,114.9230,102.8440,57.4421,26.8485,46.0308,60.4444,69.3073,76.2261,60.6403,32.1784,9.8748,15.8436,25.1710,25.3061,20.1413,8.1952,19.3042,25.8242,10.9095,13.0960,23.7589
70938.1000,57027.4000,34409.1000,36126.2000,43714.8000,34810.5000,25301.5000,22118.5000,20151.3000,16650.0000,13620.1000,10929.6000,9706.9100,9042.0300,7310.0400,6931.3000,6621.9000,5267.2200,4568.5000,4078.3200,3753.6000,3025.2900,2767.9000,2294.2400,1832.3300,1695.7600,1450.0500,1318.6700,1194.2100,922.5590,690.7680,540.0910,502.1100,418.2600,383.9420,395.5560,337.6460,235.3120,165.7150,158.7610,154.2810,151.9800,145.2490,139.6760,120.7300,94.5961,113.7580,146.2410,157.6380,191.8020,235.6680,284.6770,267.9400,354.2430,568.1590,690.9080,763.5680,729.1940,615.1300,491.4940,411.8660,354.5540,334.4700,290.5650,262.8530,217.3010,118.7260,53.9722,138.6390,223.6040,274.9730,293.2650,284.1630,245.7550,254.2520,391.5110,623.8900,890.2890,1240.9200,1585.2700,1608.5900,1367.7300,1189.5000,1042.7700,962.0350,849.1380,680.5820,579.0030,571.1710,550.3400,515.7000,532.6010,533.4410,536.8390,735.8930,1079.8600,1275.8300,1365.7900,1311.9800,1348.3700,1419.3200,1116.6100,733.8580,247.6930,320.3400,364.5090,288.9820,163.8210,243.1940,286.7090,186.5780,108.5070,115.2360,106.2690,125.1850,143.9910,103.1390,147.7710,266.0430,324.7060,313.2510,293.4100,257.3800,215.3720,156.2160,139.6740,127.3130,68.4458,85.2445,144.9290,202.9030,266.2890,206.3080,103.3820,159.4740,262.5350,262.0870,222.3480,155.1150,64.2272,76.0904,103.4200,107.9750,139.9060,187.1960,172.1340,103.3700,48.3040,34.7722,62.0835,82.9810,95.2331,141.5810,182.1690,174.3040,160.0020,111.4360,76.3514,32.7261,62.1657,135.1120,209.2020,238.9200,243.4370,219.3010,199.5330,139.8300,90.5740,58.8844,36.5958,22.1075,25.4324,27.5928,44.4754,53.3574,37.5648,35.0469,30.6576,29.8092,35.9416,49.5518,75.9514,99.2495,118.7480,154.7020,140.5570,126.2810,120.7700,126.9560,112.7430,101.7830,126.1090,137.9520,99.3757,90.8843,138.2160,168.7860,172.6000,170.9920,155.3930,119.0950,92.6132,65.7320,75.8304,54.1020,56.1235,53.1955,58.6040,45.4392,52.3791,100.4110,154.6340,170.0390,159.5280,137.9050,65.0690,23.3127,42.5161,67.5084,48.4805,31.9445,39.2484,49.6091,49.2066,41.1977,36.2139,56.6545,66.5916,61.3858,55.2793,22.9870,23.1485,53.3366,65.3999,67.7779,80.9404,98.6747,117.6460,97.2939,80.9799,78.8481,69.3034,57.8822,28.6588,16.5807,14.2988,14.1713,16.3604,23.2649,36.5202,62.2061,69.7680,54.9271,27.5794,37.9250,62.6234,79.3863,71.7007,82.0875,101.1570,99.5069,98.4517,79.2936,59.7148,40.5340,36.0391,22.7687,52.3007,56.5496,59.3547,58.7540,50.2002,26.8923,23.5251,38.0287,27.2947,27.1519,61.4717,91.4036,88.3367,77.1690,37.9958,30.7542,45.4240,62.0107,74.3929,74.4085,46.4877,25.8667,11.4423,14.9590,49.1719,43.2294,39.7814,16.3956,6.9892,12.8616,22.2557,17.2742,7.5482
70509.8000,56691.2000,33967.1000,35234.8000,42952.4000,34438.1000,25014.6000,21907.8000,20084.9000,16657.1000,13582.9000,10786.4000,9556.9600,8871.6400,7123.8200,6781.5900,6472.1200,5119.7600,4482.6700,4025.3700,3683.5400,3003.3800,2745.1000,2292.0100,1835.5500,1728.6800,1470.5400,1346.9100,1272.5200,975.1250,774.9160,658.6170,603.8350,514.0610,481.4840,484.6730,394.8310,301.2740,254.9080,245.4940,226.1340,211.7920,210.6430,192.3440,167.0610,137.8800,162.2740,162.5320,120.6090,120.6640,160.3070,227.4500,214.3540,274.4660,479.8250,615.0010,711.2210,694.1160,605.8750,503.2880,412.3750,361.4120,332.6450,276.8790,255.7680,223.9550,132.7550,61.6181,137.3460,226.0270,282.6340,299.0510,292.0430,269.2470,271.0970,405.4360,652.3350,945.3140,1295.6000,1643.7600,1689.1200,1429.3700,1250.9800,1074.7100,990.7980,881.2810,719.1060,591.1700,570.0810,556.7120,524.4540,545.5150,549.1340,553.5330,767.6440,1115.3300,1304.9400,1378.9000,1296.5100,1315.1500,1413.0700,1124.4200,743.6970,225.6810,320.6420,357.4420,286.8620,183.3400,256.6470,294.3760,196.6760,119.2250,131.4010,116.6050,132.2670,166.9000,118.8590,147.4460,270.4390,328.1400,318.7820,304.5120,257.7770,226.8480,150.5780,122.1000,130.1390,76.4518,61.7502,118.4850,184.0220,230.7210,171.4920,78.2536,98.2300,210.4310,226.7700,201.5120,141.9320,18.3161,77.7885,99.5712,115.9230,154.9590,180.3140,156.5550,103.6320,48.8208,30.9460,49.7786,62.6758,84.8262,133.4480,166.6760,162.7220,150.0100,100.9390,62.3334,23.1026,71.2702,145.5690,230.2100,261.1910,250.4120,227.9370,215.9380,182.4860,107.6440,50.4527,41.3192,37.2276,38.8286,19.6965,54.6172,54.9710,55.4599,51.4655,39.0090,39.8085,44.0274,51.7596,81.4986,94.2184,132.2440,165.4280,147.3450,141.6870,137.6430,138.9930,125.0540,130.1950,149.6290,134.2680,91.9618,91.3848,136.0050,171.7810,176.4810,179.3120,167.3950,137.2570,98.5891,72.5117,74.2648,65.4020,68.3008,73.5513,72.6072,61.4151,72.2617,122.7570,191.9530,199.3430,172.1840,127.8260,39.2823,33.4952,71.3050,87.9213,61.5967,46.7229,45.1323,44.6885,47.1480,47.1747,49.1158,70.2915,79.7281,69.2120,49.7243,24.0559,41.7592,69.4913,83.8156,84.9441,89.0647,100.4410,122.4730,129.9230,103.1800,78.5563,60.6128,52.9919,44.6933,26.1726,16.7899,14.6494,26.3370,39.8348,37.4959,41.8848,44.2151,28.0769,15.6800,56.5662,68.9365,75.8267,76.3167,84.2233,69.9244,56.7057,52.3829,63.4509,48.9010,67.5720,57.5006,49.9047,61.3949,47.4050,46.9938,50.4205,54.6808,28.6496,12.8735,31.4402,24.8090,18.5276,52.7294,95.4013,91.2084,90.4890,55.5996,36.7942,48.6640,51.2525,54.2314,46.3186,40.3353,24.8653,30.1444,31.0643,69.3032,50.8676,47.1858,7.8645,20.2938,30.1316,32.8059,29.5429,10.5521
71117.1000,56984.8000,34371.1000,35912.7000,43755.3000,35172.1000,25561.2000,22304.9000,20372.1000,16916.7000,13697.6000,10911.9000,9666.4600,8908.1400,7194.1600,6862.1500,6504.5800,5168.3900,4506.3900,4027.3900,3713.9000,2996.7000,2766.0500,2291.8800,1871.5300,1746.4400,1483.7300,1373.9400,1260.6100,999.8580,779.7780,631.9330,591.4650,491.1140,462.8210,463.1020,383.7970,285.2720,223.1070,211.8910,193.8270,188.0040,181.4810,180.0950,142.9920,116.7100,151.9040,164.0500,151.1350,160.5860,197.2260,242.1680,215.2420,294.6230,514.8250,634.9700,711.5320,682.9870,587.8530,479.6640,394.2530,349.9290,340.3970,288.1300,259.5370,213.8400,116.4230,71.8118,152.7120,244.6340,304.0320,322.9830,311.9210,288.3920,292.9230,437.2110,695.0890,996.8920,1346.1300,1682.4200,1724.2800,1464.9100,1273.0800,1081.4800,1002.4400,885.4730,717.4190,596.9650,567.8210,538.4850,506.3970,535.0870,554.0350,565.4050,766.4500,1106.6300,1286.5800,1350.2600,1286.7400,1326.2600,1400.4200,1101.9000,711.9850,226.1900,357.5330,393.6290,314.2770,199.1350,278.1430,319.1780,236.9550,159.9490,138.3780,118.8270,138.1720,136.7170,69.8749,127.3780,258.1000,299.4400,287.6950,288.0470,251.2610,210.6410,145.9450,140.1860,132.7810,69.9180,74.2017,111.8450,160.5380,231.8150,198.1530,98.0830,110.9740,215.3790,212.9500,173.2280,90.5126,32.3023,86.8314,110.7590,130.0240,171.8630,202.5270,173.2470,109.6370,64.7420,47.5211,66.4968,82.5803,93.7508,151.6360,192.2810,188.4540,171.3610,129.7640,82.7885,29.5262,57.1952,125.5950,204.7080,254.6510,255.4190,237.0690,223.9150,182.2200,117.1010,73.1329,61.7427,51.9188,51.2496,35.6987,26.3997,29.8066,17.9173,32.2088,32.2350,36.9762,45.2628,59.1776,85.7306,108.3880,124.8070,155.3340,129.4490,111.1610,110.4040,110.7740,87.5254,76.7734,114.7340,121.8920,76.0010,99.4481,160.8650,176.4620,173.4320,174.2260,158.7390,119.7420,81.4165,55.8433,58.7869,57.3512,66.4065,72.4602,68.2188,69.0155,86.3941,114.0880,173.5740,200.3670,185.3740,154.2800,64.2444,26.1731,55.1450,86.0278,64.4250,37.9179,36.2898,47.5366,53.3701,31.1259,42.7404,74.0660,64.7790,52.7332,38.4728,26.4819,24.6364,35.9308,56.6742,75.3817,82.5228,93.1903,104.6040,105.8480,87.0598,70.7928,60.6887,61.6029,50.9276,32.1737,23.8598,14.2535,5.8592,8.1096,20.2272,32.7145,29.4599,20.4343,9.6496,26.7242,42.3154,53.9042,53.1690,54.6244,61.2709,65.8323,84.3752,79.3303,68.0234,56.0908,36.8547,31.5765,43.2815,57.6183,70.6336,61.8379,37.3948,21.2974,24.5629,51.5470,40.7238,20.4452,47.6420,86.7882,94.3403,94.0094,66.7236,26.0414,32.4228,39.3344,49.1921,58.5882,39.9377,14.9178,10.3283,33.9647,57.7089,49.6824,45.8083,7.4637,28.2529,30.6399,23.2318,12.2641,21.6299
71223.2000,57275.4000,34655.2000,36328.8000,43914.0000,35036.2000,25496.8000,22227.0000,20209.1000,16733.3000,13660.4000,10921.1000,9684.3500,9029.3800,7310.6100,6913.2000,6576.5200,5230.6700,4550.4300,4074.2900,3751.0700,3021.8000,2764.3200,2291.2000,1837.0800,1710.4000,1450.8900,1309.8500,1197.2600,926.8250,703.6470,553.8160,509.6610,414.4450,382.2130,390.3110,316.8840,223.7130,171.2070,169.4520,156.9300,141.3820,125.6270,119.1060,100.1430,57.2764,78.5432,111.9100,135.4970,149.9020,192.6830,258.8870,248.3550,319.7360,532.6510,661.9260,737.4450,694.9110,581.3820,483.9920,411.8210,343.3940,328.9250,303.0880,275.3730,224.0250,117.7460,68.6996,162.9210,253.0450,294.2330,311.2600,317.3070,292.1580,293.9580,438.8560,696.4140,1013.0700,1355.0000,1684.1800,1716.3300,1466.2300,1280.3100,1084.3700,1021.2600,876.0510,692.2090,589.0620,569.4670,546.4780,525.2250,553.8530,568.3030,570.8820,768.2510,1079.8200,1255.7900,1310.1300,1249.7200,1295.5800,1394.2400,1103.2600,714.2530,221.0430,364.8160,393.3350,317.7210,192.9680,267.7650,297.7840,193.1240,116.6040,118.8310,95.1205,107.1120,125.9610,99.8824,177.2630,308.4260,352.5140,340.3350,320.8510,281.7340,231.9980,173.6070,150.0980,131.0620,79.7150,92.1101,150.6560,215.3890,259.8020,192.4110,85.5708,108.8610,227.1370,221.3640,172.6280,98.9839,55.5507,100.2740,127.5510,150.0820,180.4150,211.2540,199.9500,127.8740,66.7932,61.1495,67.3782,59.0711,86.0036,144.2830,167.7370,161.1890,142.3600,104.4050,63.9369,20.2317,76.5441,141.1580,205.9190,232.1660,229.2690,206.6230,195.7930,148.0380,83.6514,44.1010,27.5202,24.5760,36.7313,38.4038,50.1028,52.2617,31.3142,31.0169,26.2992,27.7209,31.7295,40.6958,70.8260,92.7618,112.5050,136.6730,124.2790,127.6540,125.0800,116.9250,87.1316,76.6323,100.9260,109.5840,79.3487,83.8707,144.2630,175.5410,170.2340,164.7960,149.3900,122.2010,80.4758,53.8898,61.3441,63.5859,72.3675,74.0375,67.8090,56.8658,63.7324,106.7060,173.2910,194.1070,179.3950,153.5630,63.9941,24.5004,52.0216,73.1163,56.8407,37.5110,22.2927,23.6335,30.2137,32.5341,40.7597,63.7498,67.4560,61.3462,50.2219,34.4510,38.7346,54.0585,76.5740,88.2888,98.4127,109.0740,137.3780,132.2990,101.6980,95.3898,88.4533,80.3904,25.5055,16.9583,43.6280,33.0130,17.9337,25.2524,34.0153,41.9235,31.1737,21.7927,24.5209,35.9093,43.6691,50.3212,46.0601,38.2560,52.7898,50.5772,70.8004,58.1839,59.6672,69.6386,76.4582,51.9479,54.4676,40.0064,37.6552,36.1579,14.7893,15.7839,35.0323,49.5316,45.8533,41.3155,63.1096,87.2390,87.0358,84.0419,54.0708,38.6254,50.5965,56.4373,63.2389,62.4778,44.5420,24.1018,11.0223,15.0322,33.5625,34.2119,40.4341,13.1612,35.1709,29.0949,28.8471,20.8583,28.0059
70709.3000,56946.6000,34211.4000,35448.0000,43069.7000,34544.0000,25146.7000,21971.8000,20064.9000,16660.4000,13621.6000,10762.2000,9512.1600,8871.4300,7118.2900,6767.7400,6473.0400,5113.9400,4472.5000,4026.1200,3683.5500,3010.4500,2743.9600,2289.5200,1820.2300,1734.8000,1503.2800,1356.3600,1275.6500,977.6090,790.5110,677.6000,613.7150,518.6290,481.6090,491.2950,398.2630,297.6010,258.0900,242.5490,239.5390,225.3730,215.3700,180.3320,156.5220,126.8200,138.8340,154.0400,113.6010,116.3200,146.4100,222.0930,217.1280,284.8360,504.3480,639.8440,723.6000,690.0200,586.9090,503.4470,426.3460,348.7900,342.5370,309.9830,284.6330,230.8750,130.0180,62.9527,167.1250,274.0010,338.6040,344.1570,338.4970,316.1920,309.3240,468.9110,735.2360,1040.8600,1395.8800,1766.3600,1837.9100,1548.2000,1334.6900,1114.7500,1048.7600,898.5580,739.4230,632.9370,585.0260,562.7890,552.3790,569.5270,571.2670,586.1390,769.8250,1039.0400,1216.9900,1272.3500,1204.0800,1247.0100,1362.6400,1089.7200,717.4110,234.5310,334.7440,377.5500,301.1490,180.0860,255.3670,300.4720,197.1910,102.0940,114.6780,96.8950,79.5497,92.7918,83.8388,155.6370,278.3030,335.0990,314.5650,294.3370,266.8280,224.1580,161.3280,141.3810,133.3520,63.2864,75.8817,137.0060,196.1920,248.5810,179.5980,78.0408,96.4306,199.5190,205.8380,170.3230,107.4260,39.3521,77.4964,98.8114,115.7270,151.3300,184.6320,186.3300,129.9610,63.6547,42.2436,65.3541,73.3590,72.2737,116.2550,156.8570,155.1030,139.5900,97.8733,65.1920,18.6065,79.7746,156.1030,240.7550,275.2750,264.7850,236.3760,215.5550,163.6420,102.8090,66.1011,55.0806,47.4513,34.1001,27.9167,28.1104,59.8136,60.4803,74.5570,37.9160,30.8932,40.2589,51.4843,63.4868,74.8279,100.3840,151.8900,141.3290,123.2000,117.5300,106.5290,90.8509,91.5808,113.9700,115.4450,97.8137,99.9183,141.1460,178.5070,178.4090,169.9940,148.8690,130.6180,96.9967,69.3669,69.8752,58.6028,59.4935,62.5302,62.6986,68.5632,81.9457,115.3530,154.7110,157.4190,140.1680,123.1920,57.9206,52.6211,38.9945,52.5252,28.1481,12.8004,25.0557,31.4161,23.8747,16.5143,16.1986,42.6073,49.5166,49.6821,31.2767,23.6383,39.6873,51.7317,70.7823,84.2317,87.8823,91.9504,106.6210,115.7940,88.6819,61.1724,40.5144,26.6817,20.6055,18.2494,18.7050,21.8050,25.4696,26.4966,28.2900,33.2431,36.6994,20.7798,19.5183,42.0591,49.2328,53.0027,57.2935,66.4364,62.5153,57.0963,71.2465,69.9469,69.5825,80.2160,74.1477,57.2357,59.4317,57.3275,40.4682,35.0360,26.9664,27.9541,35.1732,49.2346,57.0182,48.3835,61.5439,96.4442,104.8550,103.3760,68.8119,16.9598,40.8168,64.0325,76.5882,75.0354,67.0012,46.6615,26.8501,22.1964,38.1127,42.2152,35.4122,12.4018,16.0631,32.2969,39.1836,30.6293,29.1232
71295.0000,57186.7000,34454.8000,35843.7000,43729.2000,35248.3000,25619.3000,22395.4000,20505.1000,17038.7000,13812.6000,10979.2000,9759.2100,9021.9100,7312.9300,6981.6100,6627.9700,5291.6800,4622.2300,4123.4800,3801.8000,3113.5200,2848.6500,2376.0100,1918.0900,1788.8600,1525.2100,1376.2600,1253.0400,974.1750,768.7790,634.3470,591.4790,494.4420,463.2890,478.9090,406.6980,300.6820,224.5070,213.4640,205.9110,207.0650,197.2400,195.0360,159.2110,122.4370,161.4750,189.3070,169.6400,165.9460,192.5300,254.5650,256.0010,325.5610,530.4190,651.9770,729.2660,694.2630,584.3440,494.2110,424.8720,356.9070,334.8340,295.8350,277.0780,235.4510,129.7770,68.8981,165.3640,273.2190,342.8050,349.2620,351.2200,346.2910,335.5080,457.2340,733.7180,1064.3700,1457.3400,1841.9900,1879.5200,1575.1600,1363.2400,1148.7300,1092.4200,960.7350,782.5380,661.3070,624.0370,607.0640,588.7170,604.0080,606.9070,625.2320,796.9050,1057.3600,1248.9100,1278.4200,1204.4100,1283.0600,1391.5400,1114.7000,738.2010,260.5390,343.5570,391.4800,321.9450,194.0890,260.4610,290.8930,210.9120,140.2920,129.6490,117.8690,118.8350,111.3000,74.7908,139.0480,259.9970,315.5100,319.8560,308.7500,276.0580,240.7450,188.0740,159.2010,145.5500,91.3830,72.6734,115.6770,180.4460,242.9570,206.7230,95.6707,72.9100,195.8090,205.7230,172.0480,110.6350,52.9064,78.8977,100.8510,125.7650,155.8330,189.0950,190.5210,152.8880,82.1167,34.9791,57.5700,65.0796,69.3009,111.4710,143.2310,146.4270,142.3470,119.6670,81.3169,23.1618,62.7697,133.6990,204.9950,247.4350,263.4230,244.2690,227.0690,159.7810,95.3029,54.0407,44.9883,37.6171,41.4481,27.2376,67.3135,57.8646,51.4974,41.5363,40.1472,44.7346,38.0489,42.8858,60.5566,80.8217,108.3460,155.3860,144.0370,124.5020,115.6400,102.1220,80.4689,75.5264,112.7630,119.6760,89.8143,102.8810,148.7180,176.1090,174.2720,173.8770,157.2040,131.0750,97.5288,66.0890,66.2284,56.1943,57.4337,54.6196,51.9708,64.8532,94.1019,133.4650,183.8350,193.9890,172.9350,136.4630,54.0076,30.4383,63.2404,84.8775,53.0954,37.0702,50.0783,54.4595,52.7020,42.1880,50.7723,71.4008,74.2421,62.2826,47.0512,18.1277,33.9765,65.4998,73.5912,70.2937,78.4791,94.8768,113.5960,120.4290,107.1340,90.5315,78.5030,63.7186,48.0014,34.0566,27.6307,29.5840,35.2894,41.3563,44.3612,44.3561,51.9010,40.5716,21.9564,30.1450,49.6334,56.2890,54.7133,57.2023,61.7116,68.8846,85.2768,75.0263,70.7056,76.9922,71.3077,52.1072,77.5374,75.8392,81.5299,85.7589,69.5558,31.5814,47.4386,92.8918,77.8398,48.9804,50.9980,78.0465,93.7924,98.8700,71.2975,24.1049,29.6871,37.5971,52.0090,52.7244,35.5743,16.0348,8.4692,31.4763,39.5917,36.4281,29.9517,20.0446,10.4417,21.8230,43.4782,37.0450,22.5465
71414.0000,57335.3000,34705.8000,36464.2000,44105.1000,35189.4000,25590.8000,22332.7000,20338.9000,16844.9000,13712.8000,10972.2000,9725.0200,9046.4400,7364.2300,6963.7900,6614.2400,5303.8200,4596.0300,4085.3200,3741.7000,3015.9300,2765.7500,2281.3400,1830.6900,1692.5900,1430.5900,1297.4000,1174.4000,892.8630,684.1950,568.8420,523.8190,423.0110,370.8150,379.0340,314.9710,212.0180,161.3520,173.0890,167.9510,146.7160,143.4610,125.0040,103.5040,70.0987,90.0110,124.6530,128.2930,158.9690,197.3610,261.8380,260.2530,336.9170,549.5180,684.8590,769.9650,730.3420,607.8550,500.0680,429.1930,363.6520,339.9860,292.7730,272.2640,238.5780,134.9760,53.1833,131.9020,225.3990,285.9570,308.0550,312.5340,283.2060,280.6190,431.9330,692.5320,1014.4400,1408.4600,1821.4100,1859.0400,1545.7200,1347.3400,1146.6300,1064.4000,921.6600,762.6880,663.8420,629.5320,605.6690,589.3140,614.9430,632.0830,660.6760,811.2310,1022.1200,1208.9500,1228.3400,1178.8800,1296.4200,1412.3400,1132.1900,762.6920,261.3740,299.2480,353.0320,293.5660,173.2570,256.5830,298.5250,210.3510,125.7400,97.3271,86.3720,105.2460,106.8910,101.6600,162.7120,268.8070,330.3790,331.8030,320.3510,285.0140,254.6580,174.9910,147.0240,151.6870,91.3088,57.9771,96.9607,166.5220,239.2100,185.7790,106.5850,42.1181,164.6110,168.2630,140.3620,88.8864,32.5154,67.6871,100.0050,133.2820,178.6700,213.3240,184.4140,113.4580,51.8996,40.7454,63.6626,69.6375,91.1655,144.2780,170.2600,162.0700,151.5550,119.3710,73.7685,30.6345,73.8378,150.0610,227.2460,260.4840,266.0940,245.8580,232.4050,157.7000,87.9417,47.9135,26.9627,25.3894,21.6750,29.2428,54.3699,61.8679,52.7134,52.9364,48.8965,47.3597,49.5190,63.2743,91.6254,98.5062,120.6510,157.2460,140.0560,112.5570,101.0880,108.7730,105.4980,90.6531,110.3330,130.6870,98.6351,99.7573,155.8550,181.8520,180.9560,179.0080,170.1760,128.9560,88.9099,63.6330,69.3081,52.1796,48.4417,48.7172,56.5545,64.3474,91.2387,149.8890,201.0790,205.3190,176.8320,136.3300,52.4580,50.5663,81.6082,77.6185,57.4706,52.2910,61.7863,73.4277,68.5807,58.4019,55.9865,73.5105,69.3604,44.2186,33.3287,32.9401,47.7542,62.5973,66.5224,73.4194,86.4146,104.2900,125.1620,127.5430,114.7150,96.3640,82.5018,72.6596,60.7410,33.8405,22.9952,33.0110,39.8744,43.9569,47.8910,40.7362,34.4721,38.4061,25.2395,31.7341,52.9246,60.4655,50.1525,46.1536,58.8205,58.3024,62.5782,53.4692,57.3180,66.0920,58.9122,35.6963,43.0319,56.7929,61.8985,74.0610,43.5160,15.7778,25.6494,53.0197,39.6810,21.0234,32.0117,49.8249,53.5992,51.1869,44.1170,36.5942,59.8983,64.4281,68.1919,75.0783,66.2763,24.9191,14.9301,42.0629,53.1112,42.4311,30.5259,8.9573,6.9813,13.4439,24.4892,18.8341,22.0421
70668.1000,56956.7000,34266.4000,35597.6000,43174.4000,34534.0000,25123.1000,21933.2000,20016.6000,16607.6000,13589.6000,10766.2000,9499.9300,8854.8300,7113.8700,6762.0200,6466.9500,5107.6400,4467.4800,4027.1300,3686.6500,2982.2700,2721.3400,2264.4700,1809.3900,1719.0200,1482.9600,1348.3500,1247.9600,948.4030,737.9730,627.5160,573.4960,506.3100,465.7610,452.6340,369.9650,270.4120,231.1950,241.6720,235.1120,210.9550,211.0500,176.8330,146.0930,130.7910,157.4760,149.2880,107.8780,114.1030,163.0550,240.1200,234.5000,298.9000,504.0810,648.5060,746.8380,724.9140,615.3680,524.4590,442.5680,375.7460,343.7960,291.2970,282.1180,247.4960,148.0690,48.7257,120.7880,218.5100,286.9540,330.4610,350.0050,311.4570,287.6230,436.5080,713.6480,1003.8400,1409.3800,1812.7300,1833.8800,1534.4400,1327.4500,1150.6200,1067.2200,936.3460,772.7160,645.4680,614.4530,614.2850,586.1270,603.7720,624.5920,654.7340,788.1490,981.0650,1167.8100,1194.4800,1172.4500,1295.4700,1416.9100,1136.4600,770.2240,240.2360,286.0350,335.9460,277.1230,175.0310,253.8760,298.3830,212.2930,120.2740,112.1930,103.9740,98.7838,102.2750,78.7874,138.6260,258.3090,318.8710,305.5650,292.5890,255.8640,228.4490,152.0710,123.7530,126.5090,56.5915,42.4096,93.0366,155.5190,217.5580,159.5500,78.6323,82.0521,185.6850,175.7090,140.8110,96.6526,42.7300,74.7229,90.8263,109.6280,146.6210,181.1440,167.7270,124.6640,66.3076,32.1874,49.9558,77.7273,86.6725,133.7040,168.0480,157.3010,147.0640,109.3070,65.1882,28.6801,72.0138,147.5990,229.5850,278.2040,264.5890,233.0730,207.9670,162.9980,102.4970,65.8110,53.4596,41.8101,34.5604,16.9308,53.1138,58.4513,64.7590,72.9138,63.8726,54.8944,56.5044,71.4589,106.5760,111.0160,113.1200,128.5670,113.1560,102.7500,89.4363,79.8626,67.3233,82.9911,107.7030,84.8661,68.0657,100.8670,142.6450,162.3420,160.7570,157.5680,139.9290,112.3530,79.9625,67.9361,84.0625,84.0186,82.3028,80.8718,78.0361,86.5662,97.3609,143.8380,209.9000,211.5040,183.8800,144.1470,54.6420,26.6997,52.3349,74.9563,59.5495,37.9811,55.0046,84.7976,89.3432,82.4995,74.7697,99.6564,90.0492,67.2237,44.1214,43.0255,57.2663,67.5963,71.6314,76.6006,83.2559,96.7789,110.9050,113.4030,93.0039,73.2842,61.9552,56.9193,36.9532,13.7554,25.1193,42.1469,41.7588,49.2983,59.8819,68.7770,59.6999,48.9791,54.1158,65.8678,73.1401,73.1056,58.0250,47.1528,47.7818,48.3600,67.9401,59.1347,58.8443,61.0723,69.2606,45.3751,52.9283,49.6178,57.9804,73.6431,52.7402,20.4901,37.8633,72.6783,53.3255,30.7600,27.5199,53.0071,65.4392,74.9285,76.6642,47.9204,73.6131,52.2711,51.4107,40.0004,47.9015,36.8472,18.9151,11.2709,29.3729,33.3593,37.3220,12.5970,16.8139,25.6035,29.7640,11.3057,7.8822
71128.9000,57137.9000,34385.1000,35704.7000,43594.0000,35113.2000,25496.8000,22291.6000,20446.8000,16995.3000,13777.4000,10940.2000,9715.2500,8971.1100,7217.0300,6882.9800,6562.6300,5224.3400,4567.2500,4087.1200,3746.4000,3063.3300,2778.2000,2335.5000,1880.8600,1733.9000,1472.1400,1347.6400,1233.3100,918.8950,739.1550,647.6480,574.1490,507.1810,481.8040,462.6950,383.1460,291.8260,242.0400,242.1690,238.9960,216.5580,215.8870,177.4810,142.2360,119.0950,136.1720,144.7220,110.2910,127.9580,163.4390,216.6720,227.4330,295.6100,487.1770,637.1900,743.2510,730.9850,615.2300,511.8600,433.8240,377.6770,347.7170,296.7540,279.5400,245.7260,147.8620,58.0755,112.9640,201.4210,266.2010,284.6710,285.3000,268.9220,263.0460,398.3580,663.8490,956.3500,1329.6900,1692.0200,1718.3400,1444.5000,1252.0100,1081.5500,1016.0400,907.5590,761.7870,647.0440,617.7000,617.1280,597.7570,605.1960,613.2300,651.8070,788.0070,987.3040,1182.6200,1219.8500,1183.6900,1299.7500,1434.7200,1159.0100,789.3730,257.7240,289.9550,353.2550,297.6420,182.2800,263.2040,313.3720,238.4430,149.7340,134.1010,120.8050,122.3580,117.6590,77.4127,133.5110,247.7570,297.2750,325.2050,331.5000,281.4350,232.8280,174.0280,173.3590,150.7510,83.9548,67.8934,110.3950,192.5490,255.5960,178.9290,99.8704,78.4038,187.0350,176.4720,141.3710,80.3916,36.6309,81.5116,109.3810,132.6600,150.4170,178.6980,176.1920,125.5280,64.7596,30.2143,47.0220,73.1021,87.5995,114.6740,160.8610,170.9540,174.1560,109.6930,67.7790,29.6815,64.3252,129.6490,212.9710,241.3600,245.6980,224.2940,215.9210,154.7960,90.0479,55.1647,32.1985,19.0408,20.8552,31.3967,44.8495,52.9262,30.0241,32.5845,21.2806,25.3732,35.1348,59.8282,99.2092,123.9340,145.8090,175.3160,154.9160,133.8940,117.2690,111.2780,91.2738,96.3278,122.5370,114.3830,86.8073,98.5743,130.6610,152.3680,155.3640,157.4120,140.6540,111.4900,84.5031,86.0855,95.5380,88.1100,85.1203,81.3573,68.6331,71.6894,105.6550,143.7970,189.9680,194.2780,161.8760,113.0720,39.3387,43.6523,74.2414,93.3900,70.1638,49.0387,51.3351,48.4984,50.2471,56.1978,79.9909,105.2040,90.3401,70.8411,51.8413,48.7075,63.2699,73.6566,80.6196,84.6206,89.9170,98.6175,110.8520,112.6360,104.8080,84.4071,62.3738,37.8254,37.7665,35.0145,25.2308,37.3812,45.8066,40.5326,42.9363,47.9712,50.1682,24.1258,14.3761,33.8926,42.3757,43.9851,48.6487,43.4351,38.5210,48.7011,62.0741,69.8435,74.0860,84.1578,61.9258,40.4724,39.2763,47.7465,53.2275,61.6348,33.8610,32.2899,64.1569,67.3181,50.5646,26.8935,15.3925,56.6907,66.5105,77.9828,41.1675,38.6600,46.9180,55.5392,61.6955,55.5271,41.1243,31.3152,20.3531,24.5221,36.3731,35.2258,31.0631,15.8375,10.7184,14.1442,18.2253,13.9666,10.0547
71416.6000,57351.4000,34743.7000,36427.0000,44135.6000,35309.1000,25660.9000,22330.5000,20335.9000,16869.8000,13662.4000,10897.2000,9679.0000,8986.0900,7267.5700,6861.7400,6523.2100,5210.1100,4498.2700,4021.5600,3697.8000,2971.2200,2745.2900,2248.4800,1812.9100,1687.8500,1442.2400,1317.9200,1189.7400,931.6670,720.3850,586.3680,540.0570,431.6630,399.1850,417.7100,331.9960,227.2550,181.2150,187.0790,195.7670,176.1590,163.1980,135.0190,123.4240,100.3840,112.7490,127.8430,121.9700,144.5570,185.6710,252.7980,251.4630,329.6290,542.8530,674.8210,759.9310,719.0950,609.8520,505.5030,407.6520,342.3790,331.9940,291.3780,271.9140,229.7350,140.0360,47.7594,124.1270,216.8780,283.5850,299.3350,294.2480,254.7530,239.2170,381.4410,637.5180,937.6660,1302.3800,1669.6000,1704.2500,1421.9600,1244.0800,1063.8600,1011.5600,904.5550,764.1690,667.5820,639.6160,625.1420,600.9660,602.6410,616.4850,664.5540,808.8700,997.3940,1185.1500,1221.7800,1195.4300,1313.4800,1433.4300,1140.1900,758.5250,232.2520,320.5710,368.3530,300.7900,182.7570,262.3090,321.5020,254.3420,149.7530,123.0810,116.7430,115.0310,106.7100,73.3985,140.8560,260.4650,304.3640,308.1700,309.8040,271.2860,228.7950,153.8940,143.0290,150.1940,91.1321,67.5740,118.4260,193.3150,241.2430,176.4270,85.9865,67.0163,179.9760,192.2290,164.2820,106.8700,47.6484,66.8248,97.7574,127.4580,150.4580,172.3990,174.0280,137.5600,73.9950,32.7164,45.5585,54.3530,71.1295,121.1500,150.8100,149.4810,141.3990,115.2060,69.9479,23.7284,75.1519,147.1400,224.5880,258.1110,256.1390,232.0320,213.1590,153.7750,102.0340,60.7344,33.0477,29.4958,28.3122,38.0875,52.3272,63.2322,51.6464,53.8718,34.7271,26.3788,44.6399,54.6037,83.5639,79.4890,94.2782,128.9980,109.4090,90.3211,91.1632,100.7240,90.0364,74.4491,110.4770,110.1640,73.7280,93.2470,129.2080,146.1930,147.7500,147.2530,137.8990,120.8550,81.1237,63.8179,51.2006,51.8636,57.3420,69.7264,73.8190,76.8625,82.3179,125.5160,195.5920,203.2670,173.7390,126.1850,32.5833,34.6038,65.7980,82.0504,67.0380,36.8178,34.1836,50.0518,45.3210,33.8722,30.6258,48.8534,36.9869,37.9372,17.2604,16.9519,32.7427,41.7802,54.9678,61.8806,69.6785,83.5600,109.8680,122.0350,109.6640,90.9323,72.2301,53.6130,33.2551,15.3071,22.8637,34.7549,33.1061,34.8803,39.5126,35.1353,19.7869,15.7973,13.4162,25.4599,43.1653,44.0770,40.4657,31.7282,38.0312,44.4550,69.5924,62.5002,62.4807,63.0068,63.2403,40.2074,28.8536,26.8921,44.4446,57.4080,33.5530,16.3709,33.0322,37.9881,26.1832,13.8482,15.5366,32.9056,46.7186,51.7544,41.7747,42.7851,53.7069,59.4623,63.4146,76.5108,81.5279,54.4020,29.1931,34.4811,54.6060,57.6885,52.6790,32.9886,26.8276,41.8242,51.4542,36.7077,30.4373
70842.1000,57084.7000,34403.1000,35816.8000,43321.9000,34585.2000,25188.9000,21987.6000,20016.4000,16586.8000,13576.4000,10793.4000,9565.7200,8938.0300,7180.5500,6815.2400,6523.2500,5175.7600,4519.1800,4044.1300,3720.6800,3016.4800,2776.8300,2301.3700,1855.3700,1756.9900,1491.6500,1351.3300,1254.1900,976.3760,751.5270,631.1760,604.5510,508.9270,454.3300,469.5990,416.4830,323.0440,245.1370,218.4110,215.9000,215.3510,185.4030,179.3280,156.4800,139.1280,148.4250,161.8920,155.4370,165.8630,195.2310,238.3550,221.4630,288.8030,497.0790,620.7420,706.6240,675.0110,588.1710,493.8480,394.0910,344.4090,329.4930,291.6140,288.7460,254.9960,141.9570,58.2543,118.6030,206.9860,273.2550,314.9120,298.2360,258.6240,278.9650,414.0830,659.9470,973.1880,1346.3500,1708.5800,1718.4900,1442.0900,1269.6100,1083.9800,1040.0000,922.0170,789.3010,701.6900,672.3660,642.8260,606.5720,619.5360,623.1940,661.7040,800.3320,1004.2700,1209.5800,1250.1600,1201.4600,1307.3800,1441.7600,1164.9900,792.6910,249.8530,308.6950,366.3930,305.5070,171.4280,259.0570,323.5480,253.9440,144.0850,109.5920,99.9796,99.9501,101.5440,88.0818,161.6520,292.1660,350.7520,336.2860,323.4870,278.9040,246.1950,178.0950,160.0200,148.8350,89.4361,81.7613,130.5390,200.2350,262.7740,200.5930,106.7940,76.0657,190.7800,188.7590,162.2530,101.4760,41.7310,52.3480,87.0778,110.0210,130.9490,166.9880,170.2550,119.6080,68.4517,28.9306,34.9705,63.1049,75.3611,121.6090,154.8620,155.4210,142.7140,105.1170,66.5579,17.4133,62.9091,133.6480,217.4410,253.8750,256.2590,238.7100,224.6290,155.9160,88.0405,55.0683,38.8878,28.1695,21.7780,22.6103,51.0629,73.2099,59.5588,55.8980,32.2016,29.9052,41.5084,35.9729,64.3018,79.1968,115.6590,155.2860,127.3890,113.9030,119.8260,132.1990,117.1440,105.7040,140.4970,140.1650,81.4048,85.6207,141.7930,157.3180,153.0180,145.2150,134.6340,107.1080,80.4891,61.6983,69.2594,64.4644,61.9558,61.8545,61.0078,73.4422,99.0556,147.4430,198.0590,205.4600,167.8620,129.6550,31.7986,49.6208,65.4079,69.7465,36.1968,38.2535,59.2405,61.2251,57.4438,52.8450,51.6473,57.3603,51.2925,37.1350,21.4563,28.8238,47.6625,71.9502,75.8870,78.4571,86.4294,98.5772,108.1770,98.5659,90.5317,78.5019,67.9053,49.0410,23.4820,7.5453,3.4858,17.7581,23.2441,28.9649,33.5276,44.5926,52.3154,40.4283,30.3145,33.1592,46.9542,54.7938,42.1177,28.2993,35.5574,41.3688,67.7325,70.0178,68.2970,69.1875,39.3484,21.8964,12.2930,39.9789,49.2211,67.2316,38.7045,32.9179,49.2055,56.9652,53.1704,35.4056,22.7921,51.5652,64.4744,67.2083,54.1198,19.5498,30.2571,39.4582,55.8300,65.7303,59.6792,37.1827,19.0323,13.5604,27.4190,31.2507,31.7770,12.3452,17.5306,23.9933,30.2283,9.7904,13.4633
71066.1000,57069.1000,34291.3000,35487.8000,43305.2000,34909.9000,25391.2000,22209.8000,20359.2000,16927.6000,13759.4000,10926.4000,9712.5200,8999.7100,7243.2700,6889.3000,6550.3500,5205.4800,4565.8500,4092.0100,3741.1300,3058.9900,2776.1800,2329.9800,1864.7300,1744.6000,1489.4400,1340.4100,1234.9600,934.0610,743.1910,630.6200,564.6720,500.6610,467.3700,454.6260,381.2970,287.2600,245.4510,238.0630,221.1250,212.5190,220.2060,199.6700,159.5510,133.4200,141.0820,135.3660,87.1402,99.3906,143.6370,207.5640,196.6300,265.7740,496.2700,639.4700,736.8000,704.4590,608.0210,522.7700,452.2160,390.1580,358.2570,310.1200,310.0170,284.4500,167.1640,51.8145,112.7970,208.5350,274.8760,301.6470,298.7260,267.3050,264.4820,403.4450,668.4950,993.2510,1369.1100,1736.8600,1766.9800,1496.2000,1321.6500,1136.4200,1074.0200,945.4130,788.1870,680.3050,658.6860,643.8250,598.3220,605.8970,623.3910,657.5990,821.3460,1051.7300,1247.4300,1275.8100,1238.7300,1338.2000,1448.8100,1163.9600,776.5810,257.8000,341.2020,394.4150,327.4940,204.0100,293.6940,340.6420,245.7590,153.9290,134.1810,105.9530,104.0720,111.4430,83.7407,147.7720,279.4920,346.2890,328.2080,310.6000,269.7780,240.6340,180.2740,161.6290,146.8750,76.4808,106.3340,179.8480,241.1980,298.1130,240.4290,141.9790,65.6643,159.8240,185.8440,175.0490,121.2480,20.4065,51.4704,76.1083,103.5490,144.4830,178.4680,157.9580,105.3070,51.5468,36.1870,69.8317,83.5268,94.4731,148.5640,180.1560,175.5860,159.1200,122.2770,68.8107,31.8180,76.8776,154.7450,247.4440,280.0720,268.2740,241.0090,220.8840,158.8020,94.2488,63.7056,40.1756,29.7679,15.2804,21.8098,41.5760,60.9230,45.7424,39.9620,30.2028,24.2150,20.3673,21.7516,56.0167,70.6744,115.1130,133.0600,121.8730,119.2860,121.7180,116.7100,108.0850,88.1605,99.9379,114.3570,77.9769,73.7391,130.9420,165.7070,173.7220,173.7590,159.1610,129.4780,100.4390,78.5923,77.9013,54.0822,42.2878,45.6968,55.6747,57.6055,76.6337,127.6640,187.5310,189.9820,162.6890,127.5710,38.7556,31.3770,48.5317,66.5771,38.4229,20.7589,48.9888,55.9574,47.5077,33.3982,42.6369,62.2605,46.5804,28.8465,12.6040,22.6901,36.3472,55.0798,59.6402,60.8486,69.3460,82.5353,95.5883,74.9722,62.6465,65.5524,61.6117,56.6790,29.1668,21.9335,18.0812,32.9875,32.8684,31.9322,37.5269,51.5583,38.0243,19.3719,24.6841,45.2967,54.5847,64.4413,65.7194,58.9942,54.6366,65.5177,72.2481,62.5995,56.8783,51.1756,40.0064,19.5133,24.6965,35.3504,44.0233,46.9765,34.7451,39.4787,61.9971,73.0189,58.6166,34.4057,19.1620,57.7714,70.3235,78.3631,54.0007,45.6846,62.6239,65.1677,69.9770,68.4151,60.6026,41.8892,24.7541,32.1372,51.6516,53.7003,44.9016,24.7598,17.0789,28.0188,31.4574,13.2331,15.8714
71480.3000,57324.3000,34706.8000,36318.7000,44047.1000,35308.0000,25684.9000,22384.5000,20404.8000,16943.6000,13716.7000,10925.2000,9693.9500,8984.3200,7271.5600,6904.7200,6571.9100,5252.9900,4554.7900,4066.5400,3731.5000,3008.3900,2788.6400,2293.3600,1851.2800,1722.9000,1463.6500,1340.1800,1220.6600,959.2030,720.4120,577.6220,545.9220,439.7040,395.6170,417.2860,348.9540,243.7790,172.2050,158.6930,156.5100,143.6540,127.8050,109.5500,88.8793,59.8831,76.0336,109.8100,117.4260,149.9560,191.4980,260.9610,271.4470,340.7160,534.4960,671.5560,761.7540,730.6560,626.8150,515.2890,422.3960,369.0160,351.3350,291.5670,280.0120,263.2730,164.6740,53.2069,107.5430,197.4840,271.5560,313.4620,299.4920,275.0310,293.7580,441.5520,697.2960,1026.9600,1407.0900,1804.8900,1869.3700,1577.4200,1359.7300,1128.1400,1091.8900,959.9100,805.4240,724.4840,701.9650,670.8680,656.1790,658.5790,649.7360,679.8270,841.4200,1068.1000,1254.2300,1286.5300,1253.3300,1357.1800,1459.0800,1161.0200,763.6570,265.2500,351.1220,401.2430,332.8410,206.3800,290.2600,328.3070,244.5010,163.4310,128.9730,102.6110,116.0470,120.1260,80.6317,148.5920,284.3820,337.2060,312.0940,298.0280,257.4900,223.7150,166.6440,146.4770,123.7590,71.2081,98.9709,154.3180,226.7720,285.3830,214.7620,109.5740,65.6859,169.8240,186.2040,161.1810,109.3540,31.4825,76.2794,112.4600,133.3990,178.5000,211.1910,193.0840,136.4760,70.9950,35.3777,62.3583,88.7415,85.9578,118.1270,163.8950,168.3160,157.4380,99.5090,55.6381,32.4236,66.1017,135.0140,222.7200,256.0110,251.5180,228.7910,217.0280,159.9820,96.2681,74.2105,52.6359,34.3691,20.2985,20.5365,54.5110,67.4851,49.0542,38.8956,28.5516,28.9783,26.6459,22.2118,47.3660,62.3662,98.2031,133.8800,127.3460,114.3700,110.6180,104.0030,89.8107,79.8987,99.5540,98.6385,67.0462,66.6457,114.7820,143.5340,139.8760,128.2080,113.7050,98.3782,65.5837,73.7979,93.8458,102.0300,101.7500,101.1570,106.2580,112.8590,112.1570,153.3750,210.3300,216.8400,190.0540,149.1150,51.8904,42.1414,74.7801,85.1342,45.1208,41.4640,68.7297,62.7130,47.6408,50.7110,61.3846,78.0286,63.1715,43.4859,38.3444,8.2140,14.2923,39.3700,47.0864,46.9079,61.8157,83.4152,107.9490,100.6150,73.1914,55.2049,44.3359,36.6177,14.9521,17.8214,16.4420,11.5681,14.1129,21.7912,31.1758,38.4954,48.9228,45.1542,36.7363,31.8423,39.6024,51.1110,58.9876,60.3197,51.2256,49.5865,55.2221,51.5655,45.4951,45.6157,46.5657,28.8066,49.1587,51.9309,60.1565,66.9873,59.3630,53.1264,67.3929,86.0860,83.9595,65.3067,36.7673,49.6934,76.5461,99.5594,73.2680,52.2869,47.9346,36.4552,37.5219,40.4661,32.2925,21.1404,26.3463,16.6279,28.0649,11.2973,13.6827,18.7703,18.9125,21.9667,22.3865,17.2563,11.2709
71064.8000,57249.1000,34542.0000,36057.9000,43581.4000,34726.5000,25284.1000,22048.6000,20063.3000,16623.2000,13586.4000,10822.2000,9583.6300,8961.2300,7224.7900,6852.1900,6557.0900,5188.4300,4502.4900,4043.8600,3730.0600,2994.0700,2755.7100,2265.0000,1815.5700,1720.6200,1469.6700,1332.0700,1230.0300,965.4170,731.4000,586.6090,558.8500,467.2610,434.1510,430.7000,348.3400,252.8150,178.7600,165.5000,159.7270,151.9190,138.7810,129.3190,112.7180,87.5022,113.6520,146.4100,144.7360,165.0480,206.0130,274.2660,264.5690,324.1850,530.4700,662.7730,749.6060,711.5610,604.8590,511.4680,427.6190,374.9280,350.6220,309.5590,307.8610,279.8540,172.2260,42.8578,95.3124,193.6010,271.8130,302.6060,298.0500,273.4150,283.9600,455.1450,723.5600,1059.6000,1426.2400,1838.3600,1906.2500,1575.4300,1336.4100,1092.1500,1064.3200,921.7120,772.2960,678.3050,646.7080,638.6950,613.0890,612.1670,623.1550,637.8960,797.9610,1043.5500,1226.5700,1265.8000,1224.2900,1307.6500,1407.4000,1118.0400,735.6950,253.9090,330.5280,368.4490,296.4240,187.6830,267.9400,304.8250,229.3490,152.9290,124.1570,98.6346,112.3040,112.7230,78.1163,151.6300,282.0840,324.7370,297.8400,288.2370,252.1190,220.7770,164.9860,150.8280,140.9270,78.4786,82.8887,144.6020,228.5420,291.4400,223.1510,111.4040,83.1245,200.0650,215.5170,194.3520,134.9200,68.6369,55.0087,72.4518,93.5296,122.9610,156.3830,140.6870,99.6539,63.8741,29.0157,27.3746,59.4489,75.2851,112.8900,149.2130,155.1540,147.5530,93.2027,41.6988,19.9922,65.8232,138.0830,234.0620,281.1530,265.6180,241.5630,220.1280,178.8300,118.5750,70.8616,54.6045,40.0695,45.4756,30.0283,56.5458,52.0970,35.5566,28.1260,22.8578,21.5487,12.4330,16.8240,49.5578,83.0587,128.1400,155.0920,131.9460,129.7580,121.5540,102.8640,73.3499,86.5479,122.1480,114.9170,93.2713,113.5240,149.7880,162.2040,152.2450,144.5430,131.7860,112.8850,78.0042,69.4137,80.7473,79.8512,76.9114,65.5723,57.2786,60.1795,66.2541,110.0770,182.0090,201.0930,161.6180,120.9340,24.9202,47.7075,76.8850,94.9906,64.7448,42.3547,44.1051,46.7735,48.8620,46.7266,53.7987,71.1634,68.2265,53.7728,36.0479,36.9074,55.2508,57.3445,59.0340,71.7587,73.1152,76.7208,87.8096,105.3950,85.8667,63.6489,48.8581,36.3587,4.9583,21.9978,24.7174,19.8132,15.2266,31.1176,33.7200,44.2592,41.2862,18.4684,10.6515,43.1175,56.4214,56.9015,41.6557,15.1057,13.7613,32.1060,57.5647,62.4464,73.0990,88.0119,96.3989,57.2069,66.7406,43.2063,56.6295,54.2565,44.4679,27.1953,28.3080,50.9988,53.2054,41.3104,12.5275,49.7387,61.5443,78.7646,58.6785,45.9277,54.0599,48.4543,48.6312,46.4803,39.3050,18.4836,8.0727,15.6060,33.3363,46.0473,37.7178,25.5159,31.6075,44.8960,50.6033,32.8758,20.2274
70927.2000,57050.2000,34268.2000,35419.9000,43185.5000,34772.8000,25293.7000,22099.8000,20245.4000,16837.5000,13709.5000,10860.2000,9624.7500,8922.4200,7169.6700,6839.6000,6520.7700,5169.7700,4530.6400,4057.2800,3715.7100,2995.1000,2738.4700,2283.0000,1839.4800,1738.4600,1486.9500,1358.4200,1267.3400,978.1340,765.9840,637.5580,589.7460,507.3170,460.3010,440.6260,365.6350,283.2100,227.4240,227.7400,243.5550,221.1840,215.2610,190.7770,174.5320,159.9880,180.6730,176.0650,119.8640,111.8540,143.5550,206.8250,205.4030,286.5070,506.2780,637.8220,725.2820,694.0460,587.2800,486.5790,412.7460,362.4760,352.3700,309.1970,290.5340,251.8110,144.5470,53.4258,127.4920,214.6470,275.9980,296.0150,291.8970,284.7270,311.9120,479.8160,768.3880,1097.3200,1437.0800,1812.6600,1868.0200,1548.6300,1294.9100,1055.3800,1025.2000,892.8290,741.6000,640.8960,616.0400,610.9460,594.2390,607.1700,622.7200,632.8050,803.4700,1065.9600,1251.7400,1302.3400,1244.2900,1315.6700,1418.0300,1129.5100,746.5670,252.2640,340.1350,387.9020,303.0030,177.8360,271.6700,332.1370,257.5530,175.1390,141.0110,88.4990,101.9160,122.9220,63.5016,134.4320,276.9250,327.9360,309.3790,299.6090,263.6920,239.2430,170.2990,143.0790,127.5770,71.6522,87.5643,138.9720,198.4920,253.0250,199.8980,103.0590,112.8070,228.7370,235.0130,201.9030,127.1600,75.2955,78.8130,108.3980,121.3150,127.0210,169.1820,200.7160,156.4010,92.7980,43.7790,31.5613,40.2855,57.4740,106.6950,144.8380,152.8580,143.2260,95.7094,57.1635,20.8395,55.7554,125.9510,210.8490,260.3770,263.6470,247.8290,236.6350,190.1710,111.3660,56.5880,46.4811,43.6454,48.8364,42.5376,48.1638,55.6350,36.5486,33.2033,14.3672,14.5079,24.5867,35.8012,76.0806,98.8023,136.6160,172.5010,147.8980,136.1840,134.2400,128.0100,105.6670,98.5073,125.9380,126.0180,89.1514,80.3962,117.6610,145.6910,151.3970,145.0320,135.7460,126.2300,103.1560,99.6953,113.8250,89.6285,77.3165,72.7919,75.1508,68.3665,83.1585,137.3620,181.1520,180.3960,148.3720,101.7730,22.0180,57.5602,80.0451,73.5939,51.1863,42.2806,65.1757,90.1240,73.2933,65.6230,59.6806,69.2371,42.0377,20.0570,6.0712,10.8106,23.1100,39.8707,53.9287,52.1734,61.8329,78.1640,98.7821,105.1370,102.6090,88.2568,71.3261,60.3078,53.5565,35.1998,39.2957,55.8130,56.9128,60.9511,66.9768,72.4315,50.2626,27.1401,22.9193,38.5857,47.8520,51.0451,48.0930,36.5690,43.5825,63.3472,89.3089,80.4209,72.4449,63.8622,60.0244,32.4292,45.3567,56.6562,78.0432,87.1954,66.1785,51.8886,69.3246,81.0877,66.0181,38.6778,26.4550,51.9864,67.2539,82.6544,74.4706,44.2408,52.9630,33.9231,34.3307,32.7981,35.2607,17.0677,26.9490,28.4946,42.9565,34.0333,25.1634,33.6982,45.1111,54.1368,47.7690,29.3769,15.6642
71540.9000,57350.3000,34696.1000,36260.2000,44051.9000,35368.5000,25715.5000,22404.2000,20464.1000,17018.5000,13761.0000,10935.3000,9701.8900,8981.9200,7260.4000,6897.2500,6553.9500,5225.6400,4543.6200,4066.2500,3733.1600,2989.6900,2761.8000,2281.5800,1851.6000,1726.4300,1472.9400,1345.0200,1221.0000,968.1300,737.8010,589.4950,551.0990,443.6950,393.8370,400.6510,347.6420,247.0330,164.8240,159.2670,164.8800,160.6940,156.8910,152.3060,126.8290,93.6970,123.5180,157.4170,163.8220,190.5770,233.6580,293.3040,279.4990,352.5590,559.3520,685.2730,761.1690,727.7730,628.9990,533.5400,446.7660,374.0060,347.4300,303.7390,299.3620,260.5230,155.9770,68.0927,118.7360,205.2140,258.3140,281.9890,297.3790,278.7210,283.0050,464.5890,769.8360,1095.2000,1423.0100,1805.0400,1883.0200,1567.5700,1295.2500,1076.0600,1014.0700,866.1040,707.9440,642.7020,640.4050,611.6070,593.2600,623.2000,633.3370,640.5000,814.4740,1074.1900,1237.8000,1283.2100,1241.0200,1313.0900,1389.4200,1086.3400,703.4320,228.1570,336.3890,377.6170,292.7800,169.1120,251.8000,288.8710,203.3030,126.7500,98.8456,75.3193,89.9450,93.9544,90.6451,177.7300,302.7470,351.7040,323.5370,297.1040,250.1110,210.1370,144.3040,132.5910,133.3740,73.9342,80.6572,153.6790,228.3680,279.9820,215.8540,111.6890,123.6020,220.9190,212.6020,177.3410,105.6560,57.8918,68.1915,97.3717,127.7580,148.5350,177.7000,179.6520,146.0740,85.4814,34.3931,30.5018,42.9149,50.0502,115.0870,162.8320,157.5260,141.0180,73.2951,34.3235,24.3263,73.3865,144.8440,228.8910,270.5200,264.7580,240.3960,217.8100,150.0290,89.0232,66.6572,58.3975,54.6792,52.3040,53.7887,33.9125,44.1320,36.1639,39.4553,28.1112,24.8526,26.2958,40.4915,83.4487,99.7733,144.1000,165.4060,165.1490,162.1420,153.5510,130.7910,121.2400,143.3200,160.7780,150.3410,107.7350,96.7123,150.2110,181.1940,181.4500,163.5780,160.0780,150.0400,116.1820,82.5314,79.3814,49.3770,37.6891,33.2263,45.7564,48.0663,72.5177,136.6950,190.0570,174.3720,146.9800,113.1440,39.9442,37.1116,66.1963,86.9616,56.0137,31.4143,40.2906,54.7436,53.3566,51.6655,56.5566,67.8902,57.2369,42.1420,37.8164,37.5510,40.6785,43.3524,51.2385,68.6027,84.8082,104.0840,120.7580,111.5620,89.9110,74.7350,67.9571,58.7102,38.9618,17.4774,17.0844,37.0775,23.7335,18.0250,8.6768,19.5840,33.1321,20.9135,13.0265,30.2800,33.3373,41.4982,33.4154,43.3623,52.9386,68.5373,87.1548,82.6131,77.0604,77.7171,61.9756,36.0729,45.5571,41.0765,54.5154,57.7870,38.2546,18.5795,35.3889,58.7301,49.7281,37.3739,15.6924,51.7018,64.1612,85.3141,71.6278,44.2489,50.3423,41.7076,37.2621,31.5580,20.6694,12.1086,9.8449,22.7998,49.9777,48.3555,36.2527,23.8038,10.9687,12.4561,17.0265,7.8404,10.3122
71288.6000,57405.6000,34777.2000,36323.2000,43751.9000,34902.5000,25448.9000,22253.4000,20201.6000,16701.8000,13652.5000,10920.4000,9679.9200,9028.6600,7298.9600,6911.2800,6602.9800,5269.2200,4596.1100,4101.1000,3771.9200,3053.3600,2795.7000,2304.9700,1845.7900,1715.1400,1440.4200,1311.1900,1201.3900,930.0870,703.6710,567.3210,536.7720,426.2220,397.3440,409.1740,343.2140,242.4180,162.4940,156.2440,148.6160,136.1660,125.7070,125.3160,105.5800,78.4498,103.2650,134.2410,139.5890,164.0940,196.9300,248.5090,239.0490,313.5400,529.8700,654.8250,730.6740,684.1630,573.9290,489.6080,424.2630,363.4120,333.9880,282.1470,277.7030,252.4970,150.5870,66.5551,128.1900,217.2050,280.8020,327.4020,329.5390,296.0270,308.8520,474.9130,752.8590,1094.1100,1436.6500,1839.0600,1920.2700,1603.4200,1334.1100,1098.8900,1030.7500,860.9150,716.9950,656.9890,625.4660,593.2230,575.4900,605.3540,619.9390,603.5770,775.6700,1054.8600,1212.5200,1240.3600,1194.7100,1271.0000,1332.7200,1037.4000,672.3250,202.2120,311.2250,335.3220,245.1890,166.3020,255.0300,301.3040,226.4050,135.4000,103.2190,99.8654,117.6150,112.9080,76.0302,136.6710,258.3210,304.1380,271.8630,258.6990,232.1010,201.8630,133.6960,108.8470,105.0400,70.5472,89.4902,164.0810,247.7010,280.2170,198.2610,101.3050,103.9580,212.5210,227.6880,198.7390,130.5760,66.6032,62.8080,96.7399,118.4940,130.1850,167.1210,183.4610,137.1770,73.8906,34.3719,32.7581,60.5244,75.5487,116.3140,149.8930,144.2620,134.2040,90.7255,45.7313,34.4270,94.3828,172.9080,253.1640,287.7070,294.6460,265.3240,243.0020,170.9800,120.2380,84.2692,51.5095,48.0848,33.4699,34.7366,35.8714,54.2910,43.4242,40.5683,28.8637,19.7585,17.4189,32.9732,68.5248,91.0746,137.8110,169.8680,175.3010,153.8490,140.9390,113.4600,107.3670,116.2950,130.4000,126.1740,111.4050,122.7710,156.8920,184.7340,187.7490,179.3720,161.0310,152.2860,123.3320,98.0661,94.3861,79.6106,71.8559,72.1305,71.9561,70.5092,91.1341,142.1210,197.8230,192.1280,154.8260,109.2860,17.0051,52.0755,63.1121,67.1429,22.2463,17.8114,43.4083,59.4138,49.5787,43.9890,42.8104,52.5460,59.5466,59.1401,60.7320,30.5060,22.8458,47.5085,56.0738,63.3373,78.0343,96.3714,112.6430,104.3120,92.3785,78.1351,68.3612,47.5328,21.3068,13.1515,18.9527,27.6650,32.9407,37.5487,43.4490,47.9436,47.7006,40.6756,37.6325,45.6198,56.7439,65.1326,65.8972,66.2472,61.2146,71.1193,77.9327,73.7391,72.8147,75.3328,76.1170,55.4285,48.0422,44.4597,39.5453,37.4643,25.1862,33.3441,58.4349,75.7287,63.0549,42.0161,14.1587,52.1217,72.9789,92.5903,76.8958,46.9282,59.1231,51.6759,59.4417,50.1403,36.9124,25.3353,23.0572,11.8790,28.2490,16.6843,8.2876,17.3011,20.5165,16.9891,18.3728,29.5999,33.3836
70829.7000,57020.1000,34281.3000,35428.0000,43075.7000,34631.5000,25214.0000,22045.6000,20165.5000,16758.7000,13673.4000,10830.9000,9604.8900,8928.5400,7133.2900,6790.0400,6510.8600,5162.2100,4517.5500,4046.2500,3707.6200,3025.9800,2770.5900,2311.4800,1853.2300,1752.6000,1492.5400,1342.4600,1247.0100,957.5960,762.9270,647.6370,590.9980,505.1180,467.5120,481.0410,411.8630,293.2290,220.0240,220.4550,213.1760,198.4100,194.1530,173.1170,130.7520,102.6600,138.1850,148.6440,109.1770,114.6540,157.3190,218.5330,202.4110,287.9710,514.0280,637.6010,719.4460,681.2250,595.7480,505.5870,419.4240,359.6650,353.1650,305.0390,275.8310,220.3790,108.3410,66.3288,168.8900,259.6550,316.9100,340.2650,334.0730,306.9740,314.3800,485.4290,782.7440,1116.0100,1441.6100,1841.6500,1953.3600,1634.2200,1335.3100,1105.9800,1031.6700,889.4170,734.1750,642.3600,612.8700,579.5170,551.0570,584.9410,609.7010,608.5340,769.7370,1067.5700,1218.2700,1262.4900,1221.0100,1282.1200,1347.4600,1051.2300,675.8340,209.4230,334.0200,369.4280,295.0760,201.3370,274.2740,310.2610,237.6500,161.8570,133.8620,102.3900,99.8036,112.0590,90.5941,133.2490,252.1180,314.9840,284.3260,268.3750,240.5410,215.9410,157.3360,129.0140,115.4730,78.1069,93.5930,135.5660,212.9400,274.6640,182.6020,84.6118,114.9110,203.7850,199.2160,168.6630,105.7030,48.4684,78.5819,101.6600,115.2910,139.9260,169.2870,172.0030,140.4390,76.6750,32.5270,45.4740,62.5987,89.5117,139.9150,167.1670,167.7630,153.8760,111.7890,74.2103,25.8411,63.1062,138.8640,229.6890,263.3830,261.3100,240.3840,222.7080,168.2160,109.4810,63.3674,44.1830,36.3870,47.1088,43.6945,42.7729,43.4493,30.3401,25.5740,26.4421,25.8179,21.1420,28.2717,54.4890,74.6825,122.8400,158.8610,147.4300,138.4160,138.6620,128.7800,119.6770,122.4290,157.1780,169.5140,121.7370,102.1160,144.0550,183.8070,194.7960,187.5610,170.1130,147.6070,114.7630,90.5875,90.4370,79.4078,65.0731,63.2713,58.1320,62.0575,78.0360,117.7350,173.3130,184.8340,164.2630,130.1640,36.9388,36.1667,80.9929,93.8975,73.3878,70.7885,78.7610,86.3595,91.3502,84.1743,54.0879,54.9287,72.0148,51.3915,35.3278,35.0924,51.7140,64.9475,72.2925,66.9878,60.3319,66.5992,83.4006,97.9555,89.9686,77.6298,70.1451,57.9669,39.8536,24.6103,15.9920,24.9116,35.6622,39.2172,41.1332,48.3409,56.9889,37.2225,25.5214,36.3586,48.1029,55.1073,44.3599,45.3003,45.7741,53.5429,68.0385,77.4867,74.4757,69.0815,52.2075,48.0982,52.7818,68.4544,59.8105,59.1734,31.4193,22.3692,37.7259,58.7069,50.2975,26.1203,33.1709,72.5055,77.5393,75.3724,52.1719,25.6466,48.5282,47.7755,57.1764,42.5011,23.2440,16.5791,29.9520,35.6101,53.7558,35.4656,20.2975,8.5663,31.1863,26.1272,31.0660,18.0395,36.5491
71466.2000,57302.6000,34617.2000,36104.1000,43945.8000,35354.4000,25708.1000,22424.1000,20489.9000,17040.6000,13763.4000,10923.5000,9685.7800,8946.0700,7232.1400,6884.6500,6534.2900,5207.4800,4516.6800,4026.8700,3710.3000,3002.3300,2773.3300,2290.7800,1864.3300,1743.6200,1486.5000,1367.3200,1244.1400,982.7430,758.7810,626.0750,606.5960,490.3740,440.9410,433.8960,368.0600,279.5580,199.0440,189.7940,189.8730,171.9990,151.9960,163.5440,155.5020,115.6850,138.5880,167.5830,161.3180,171.5440,199.9900,246.4410,237.7080,315.0000,506.7180,627.0270,708.0350,685.7470,567.4650,465.0360,390.2090,336.0760,323.4310,284.8160,273.3120,233.6320,136.3420,62.2822,142.6570,231.6300,282.9310,313.2960,324.5490,314.7090,348.3600,513.8350,797.7070,1146.9300,1482.4200,1890.2600,2006.4900,1701.7500,1390.3700,1163.8700,1066.2600,926.6190,757.5880,652.9660,619.9500,580.1310,540.8270,579.2930,625.8720,632.2480,783.8900,1088.5300,1223.8800,1300.4000,1244.0400,1272.6500,1324.1000,1026.1200,644.2280,194.3420,361.4520,378.7680,280.2000,222.1460,301.7210,343.6920,252.6580,181.2100,154.1380,111.5200,121.8600,129.9200,85.9778,141.0670,262.3570,310.3270,310.1230,303.9780,257.2480,222.3620,155.9190,139.4230,138.8770,82.1266,85.3908,140.2410,202.2490,243.1900,194.5840,115.1380,123.0910,190.9210,203.1280,177.0540,113.2330,50.2515,78.4193,100.2730,123.1410,160.9910,196.9910,194.5500,151.6160,92.2064,43.3655,35.1083,55.0466,59.5797,93.4925,142.0120,148.8250,146.3450,80.0772,26.8283,26.5678,93.2228,160.9180,234.6740,258.8210,261.4640,243.9640,242.6860,181.5860,98.3272,61.8970,54.9531,51.4014,64.7948,50.1487,52.6823,38.7427,19.4529,15.1179,18.4922,28.6361,32.0364,42.9217,65.3623,71.8432,112.2620,145.3870,145.1980,139.5900,139.3680,128.7930,116.6880,114.9340,136.6690,147.2570,116.3250,97.1511,137.0620,171.2210,172.5180,157.8610,145.6680,130.0980,88.0940,62.2386,70.6422,68.9559,73.3606,66.6900,63.5128,60.1937,48.9167,86.5153,157.5100,160.7290,141.0770,111.5290,47.1657,23.6892,39.9195,67.0346,44.4370,36.8990,10.8837,33.5043,33.0381,34.8594,37.8097,52.2541,48.2495,40.5005,21.6300,22.9687,29.9935,59.7731,65.2231,60.1847,68.9958,81.8592,105.0800,96.1151,84.9726,81.2202,69.1710,49.1326,24.3641,16.2936,15.7282,35.6728,38.2829,39.7088,25.7366,32.0743,44.2871,33.5287,20.3782,19.1429,27.7397,31.8628,41.4952,50.9196,56.8408,75.4519,90.3201,89.8026,84.2281,76.9626,50.6349,17.0643,11.2465,19.0434,28.6069,58.7336,66.6869,33.7469,28.5748,60.0677,57.4547,44.7379,10.1059,55.1841,80.0566,112.2070,103.0430,62.6664,65.4305,43.0739,46.8247,52.1092,36.8347,34.1295,25.4174,25.1808,26.1424,19.1883,14.1526,20.1247,26.0659,27.4119,25.6619,6.8696,32.3358
71446.7000,57488.7000,34860.5000,36509.3000,44062.9000,35151.3000,25585.5000,22300.2000,20278.5000,16796.5000,13688.4000,10939.8000,9708.4100,9051.1100,7318.3200,6935.1500,6645.2900,5304.5100,4590.4700,4094.1200,3769.6600,3037.2100,2790.5000,2302.6100,1838.3500,1704.0100,1444.3900,1307.6100,1186.8600,912.5770,674.6010,536.3930,500.5470,401.5280,364.1690,373.5490,299.9260,206.7680,153.2260,149.9210,145.5380,126.6270,114.5510,91.1380,71.9084,53.1147,72.8033,100.5310,116.7070,135.3380,174.3180,254.7570,244.7230,301.4440,512.2280,644.0900,728.4790,697.0790,609.4600,503.2530,420.4800,356.4450,327.9750,272.1430,247.6210,210.6650,106.6350,84.2970,178.9770,261.5770,313.0260,348.8510,355.9120,334.6520,361.5590,535.4870,837.6770,1184.1000,1498.1000,1908.2200,2034.3100,1707.1300,1375.5100,1188.5700,1059.4300,910.9720,727.2140,636.3270,609.9910,579.4120,542.7480,581.4900,638.2120,652.4410,801.6810,1108.1600,1240.2700,1312.3300,1246.0400,1300.4400,1366.7800,1052.3400,659.2760,210.6970,348.4380,382.9110,299.2360,213.3340,284.0100,340.5070,269.2910,177.0490,126.7590,88.1849,103.6940,123.5870,96.4764,130.5530,241.0920,306.3900,296.3140,288.0410,251.0780,220.8420,146.7280,129.9720,133.5210,78.0256,76.8268,120.8010,185.7160,258.3620,203.5750,90.2402,89.4858,209.4520,209.8640,173.8640,106.3960,48.2191,91.3706,115.0750,133.2770,165.1510,215.4580,219.9020,159.6850,90.8442,44.9289,44.5377,57.1188,77.3999,120.8250,157.0320,163.6080,164.3980,109.6330,40.3080,22.8827,69.7180,143.0880,231.1190,266.0930,259.8230,236.9120,228.8730,174.3480,99.4321,53.6259,36.2899,32.1898,27.6728,32.0170,43.6091,53.0615,38.0772,31.1280,16.7609,11.9814,9.5233,18.7731,49.0990,79.5234,130.5150,175.9060,160.7590,136.3800,125.8430,119.2470,113.2950,108.6460,124.4450,129.9820,96.3875,94.8006,143.5650,179.6390,185.3690,184.0780,160.0240,142.3400,122.6470,102.0730,101.5540,86.8018,77.5491,75.5965,67.0957,56.7678,66.0349,118.0650,171.3090,158.9210,122.8800,74.6975,13.8446,54.2254,72.7591,77.4022,56.4365,33.8278,51.2155,79.5180,56.6846,38.6268,42.2806,61.1950,60.9870,40.6332,19.4122,22.3157,33.7332,48.9474,57.9817,76.0261,88.3093,106.3040,124.6230,131.1580,112.9580,92.0596,77.1099,67.5245,51.7077,25.7393,18.1882,31.2803,32.5871,28.5002,27.6761,41.0186,48.6226,44.6654,37.0452,34.1802,36.2580,35.4280,28.6228,21.0855,18.3182,42.7182,70.9247,92.6265,102.7350,111.3770,81.5778,53.9176,28.6395,32.1725,36.5617,50.3252,24.7026,21.2084,44.6411,64.5488,60.2012,36.6647,26.6984,70.2873,86.8490,96.1252,84.7873,41.8460,50.0664,31.4629,29.5404,25.8274,31.0975,13.9820,28.6629,34.6087,54.3868,45.1889,30.1279,23.8189,17.9266,11.1563,8.3290,21.4211,33.1922
70899.3000,57145.9000,34423.1000,35593.0000,43134.0000,34604.6000,25213.4000,22051.4000,20118.6000,16687.2000,13625.2000,10818.6000,9598.8800,8913.7600,7114.7300,6796.7400,6521.1800,5143.5400,4495.7900,4037.2700,3686.8200,2993.3300,2730.4100,2275.5400,1812.7200,1716.8700,1466.9900,1325.6000,1238.3900,942.7120,748.0970,630.0760,562.3670,469.0880,445.9360,452.7350,384.3550,288.6430,243.4150,245.9530,224.9050,192.9310,185.8480,153.8400,119.9580,108.9960,140.8420,142.9250,96.4933,105.8890,146.4460,216.3080,229.1810,312.1560,518.5670,660.3370,751.2980,714.0510,597.4200,522.8960,450.7310,365.7490,354.5600,322.3140,288.3350,231.3300,129.0910,79.2808,178.7540,269.9860,306.4030,336.6930,342.6950,301.6760,325.7320,535.1450,830.4970,1153.1500,1458.5600,1863.7200,1994.6500,1676.3100,1360.6100,1175.4900,1057.6100,912.8560,741.8000,631.1510,585.8490,565.8670,531.2620,562.9180,624.9690,655.5480,817.6960,1117.1900,1245.7000,1312.9300,1248.7800,1284.5600,1355.4300,1063.7100,676.5360,232.4830,353.1700,382.5450,299.2910,205.4280,273.6680,323.0230,260.2710,173.1350,128.2600,98.6537,106.9400,113.4530,75.5845,141.3210,266.6700,316.5520,310.1530,300.9230,262.6590,224.0810,154.4410,126.9270,114.6090,91.4159,103.8680,147.7720,224.8160,288.6580,224.4460,123.3300,126.0300,218.4030,238.6830,210.3150,145.2270,66.2358,90.2131,126.9800,140.3670,157.9810,205.8610,206.3500,158.1550,103.8840,46.8665,24.6266,58.7836,80.2742,115.8000,143.7340,150.6520,143.1410,107.8540,55.3579,38.7437,84.8050,151.0160,225.8290,259.5300,259.9260,238.9210,225.9290,179.7140,123.5680,68.6018,36.8249,32.2712,42.8205,48.1242,37.2306,40.1784,22.1719,28.0247,30.1701,33.2467,38.2238,48.4101,70.5494,86.2373,109.6690,142.5690,126.6200,114.4350,107.6910,89.8657,72.6000,86.4137,115.4580,121.1090,104.8960,118.1120,174.8510,206.9130,208.4480,198.4550,174.9050,150.4140,123.3040,95.6673,93.3102,61.0504,51.9210,45.3219,39.9076,29.3540,54.2393,103.0520,161.9000,175.1820,155.2570,148.6370,59.8772,50.2082,12.6593,23.1921,33.3290,43.2557,33.1901,46.7572,31.6077,38.2211,33.2948,56.1355,65.6299,61.8048,49.0103,27.2397,26.6319,61.5663,107.9310,99.1297,91.7594,86.3194,113.6850,133.6060,111.8360,86.2752,67.7000,54.9655,49.3662,29.1857,22.1379,53.1584,68.3596,68.2648,65.1163,60.9029,71.6313,67.5689,52.1881,47.0522,58.3920,75.0500,82.1387,75.1451,64.9998,68.8932,72.4671,64.0744,61.3628,62.7555,61.1979,37.4337,42.7963,40.9869,48.7932,56.4801,38.8656,23.1880,54.7834,88.6547,66.9201,40.9214,12.6251,46.6672,60.6077,72.0174,53.4222,37.8016,50.1327,43.9015,45.6966,32.1443,29.2332,27.2225,32.9316,30.0956,33.5447,19.1174,10.0048,21.9450,32.4617,24.8127,17.9217,6.6719,22.4346
71475.4000,57370.1000,34636.6000,36005.2000,43842.3000,35292.3000,25645.2000,22428.2000,20550.4000,17068.3000,13810.0000,10995.2000,9789.2200,9033.6200,7295.7700,6985.0200,6654.7400,5299.6900,4632.7300,4136.2100,3797.2400,3094.9400,2825.9400,2354.0000,1881.9700,1764.0400,1505.6400,1350.9000,1243.8300,958.1050,752.4490,634.4290,598.2530,497.8210,442.0190,446.8050,383.6120,294.7720,239.6760,218.6520,202.1980,210.2900,211.3940,205.1010,169.7520,134.6010,153.5110,172.7080,154.8020,158.8590,194.2390,246.6000,225.3060,303.4280,518.4400,643.0810,730.4470,708.0290,620.7830,519.8390,431.7330,380.2410,364.6300,309.2310,287.8040,240.4230,131.2370,54.8174,141.7440,232.5100,288.8950,326.3430,336.6360,300.9450,296.3250,475.6090,784.6810,1111.2400,1410.0400,1796.5400,1923.5800,1637.4500,1335.5700,1169.1900,1046.7600,904.6260,716.1960,613.4560,602.1390,565.9700,521.8370,570.6490,619.9730,646.5510,819.5130,1113.5700,1230.6900,1338.7700,1267.4300,1255.8500,1309.5600,1026.4700,646.9590,219.5890,351.2050,371.3740,277.5350,207.4800,268.4840,302.0010,216.7430,146.1400,123.8480,106.7900,117.9890,131.4970,117.4640,165.6400,272.7920,330.4890,322.8290,303.1200,267.3840,235.6300,160.0220,115.6800,101.6050,58.7797,77.7953,146.6750,220.7360,269.7520,193.7960,99.3992,116.9330,197.1920,213.1660,184.7610,136.9410,68.0277,82.7598,113.4430,142.0550,169.2450,203.0650,205.5420,171.5210,108.1810,52.5139,34.9919,45.6757,69.4764,99.6181,125.6390,133.5520,130.5230,74.6636,20.6210,30.7694,90.0170,161.4880,242.8890,284.3150,282.4100,254.5140,231.6790,166.1680,98.1396,60.5074,54.6068,49.5826,32.4539,18.8682,25.7975,43.1346,46.3792,51.8867,55.5317,52.3648,46.8740,36.4794,55.8150,66.6777,119.4420,165.1370,158.1910,149.7310,151.6870,147.6880,140.3090,128.3650,154.7220,161.1450,112.4060,105.4510,156.6200,193.8290,201.4970,192.2200,155.5640,134.2860,117.7600,89.5961,85.2882,64.7304,49.0137,37.6915,36.8272,49.0465,62.2927,93.1499,142.3540,148.8060,129.6130,109.7950,30.9776,44.2408,46.2631,52.9590,22.7298,18.9976,28.2817,48.1352,41.9345,40.7413,43.6182,60.7467,51.9582,46.2846,39.5441,22.9777,21.4863,65.9059,94.8158,86.4253,93.2646,103.4350,113.9810,104.2010,103.5420,84.3813,60.8138,31.9137,30.7452,38.2095,31.5414,38.5076,54.3947,56.0835,57.6964,55.4605,68.8456,62.7566,52.2927,56.3593,67.0201,73.1388,74.2386,77.0154,65.2295,58.2073,60.5098,52.4417,51.6290,56.0327,48.0499,37.1611,51.8336,56.6823,59.7702,64.1190,42.6996,22.5730,34.2819,53.5222,50.3834,33.4967,14.5930,44.0650,61.8714,69.8676,52.2453,23.4656,33.7802,40.8220,46.0055,46.2868,28.1516,17.9455,27.4919,29.9488,47.7200,41.3788,27.7265,22.4413,34.3595,47.9210,46.5661,16.5072,7.2424
71654.2000,57615.3000,34978.2000,36617.9000,44176.1000,35301.4000,25718.1000,22413.9000,20366.6000,16880.0000,13741.8000,10994.4000,9759.9400,9070.9700,7352.2400,6995.6300,6681.7400,5326.4400,4594.7500,4102.3400,3765.1800,3025.6100,2782.6100,2285.6800,1831.1500,1690.4900,1423.7500,1298.8200,1184.2600,913.3860,696.6340,564.4990,524.7800,420.0280,386.5160,387.6890,299.9490,206.1520,163.4150,170.7320,163.3060,148.4400,157.3630,140.6000,100.0190,64.6384,99.3325,130.0240,134.1170,169.7510,232.4570,304.0390,289.6800,363.2930,565.3830,701.6650,790.4380,765.3720,658.8230,550.9110,476.7800,395.4510,372.7770,330.8830,304.3840,251.1830,134.2130,63.4724,171.0350,265.3750,312.8710,324.1550,310.8540,278.4450,315.0020,520.9870,818.9200,1121.2400,1380.9600,1739.2500,1858.1800,1593.5900,1296.1100,1180.0900,1026.5000,890.2010,699.7760,607.5870,586.0890,539.9500,489.3470,529.7630,603.4660,646.5880,804.4700,1092.2600,1203.0100,1338.9600,1263.4500,1245.7700,1300.9400,1019.8000,642.9910,211.0120,359.3020,372.3630,272.0940,212.3690,290.1100,329.7330,248.4370,172.5380,141.4060,107.7360,104.0530,114.9680,79.4657,134.1590,262.3150,323.1630,300.1400,283.9960,258.0020,224.7250,160.8590,127.0250,116.7730,91.0690,94.9121,146.6630,232.6480,281.9040,193.9920,94.4129,117.2580,223.1650,221.6900,187.2360,122.2660,70.9444,62.0244,86.7776,123.5120,150.4040,178.3340,192.8430,163.9210,96.0620,39.1741,44.7712,74.1690,89.2558,118.8080,149.3910,157.2150,154.1290,116.9150,64.6681,26.6702,61.4732,134.2640,225.4390,281.1370,293.6130,276.4650,264.2000,202.8030,134.7050,92.0037,74.6294,69.2823,54.3359,40.9325,17.6361,31.8361,33.3105,35.9048,37.0344,45.1950,39.9233,52.0945,57.7514,74.0609,116.6300,169.9500,172.4390,158.4100,150.5010,132.0530,117.2840,125.7180,152.6240,143.1620,105.6540,119.4230,170.0460,194.0080,198.9870,192.5180,175.2830,147.6440,114.0480,84.0502,70.1336,60.6507,48.3065,48.4478,33.7815,21.4540,42.7880,89.5190,150.3010,148.8770,113.4820,82.4069,23.9922,95.3550,105.2020,122.8830,86.9521,59.9113,78.3951,91.4861,82.0837,71.2840,58.8943,54.9294,61.0642,39.7116,28.2256,20.0118,40.9075,64.4555,58.5509,64.9974,70.3617,81.8824,95.6228,108.1620,91.8838,72.3310,55.7424,39.0469,23.7527,9.6406,11.4923,31.8028,35.8847,37.7647,40.0093,51.0057,48.1097,30.8588,23.9020,32.6238,38.4718,39.5232,32.6341,34.0663,45.1436,39.2275,58.0298,49.3133,49.5076,51.3993,39.0347,26.1409,35.4105,43.8494,54.8356,69.1847,52.7175,23.1157,38.8823,76.8369,69.3422,45.6331,29.6633,59.9049,78.8197,85.7232,59.8085,21.3671,9.1543,18.0666,35.5753,56.2238,55.9212,40.8934,30.7956,21.0419,24.9962,23.2839,15.4784,15.3103,24.8695,33.3034,38.9761,17.7170,24.6142
70933.5000,57181.0000,34434.3000,35665.2000,43176.4000,34567.7000,25201.1000,22020.3000,20060.5000,16642.9000,13595.4000,10775.8000,9543.9200,8901.0800,7115.1000,6787.8500,6537.8900,5153.0200,4474.9400,4024.7500,3691.9800,2998.9900,2749.1800,2294.6400,1836.4400,1717.4500,1453.9000,1333.0800,1253.2200,953.3800,721.1510,608.1720,564.8190,478.1120,427.5540,428.6790,357.5430,260.4110,209.7640,205.1350,201.3910,183.5480,194.9670,184.4200,160.0530,114.0930,118.6760,136.2640,110.2880,125.8670,161.0230,218.6830,215.8110,305.9580,521.4200,645.8190,724.7770,686.3310,588.7130,498.5390,434.1770,374.1860,353.2810,312.5250,286.0810,242.7480,125.9970,62.0965,159.8280,241.2820,301.3790,333.3050,312.4850,279.8850,324.6140,511.6980,816.8120,1117.7300,1353.3300,1695.5800,1835.0100,1586.2700,1263.1200,1152.2500,987.3870,883.7970,692.3880,582.5160,564.1190,527.2460,476.4740,531.2470,608.2970,628.5370,790.6470,1085.2900,1199.4800,1341.9200,1281.2700,1265.2000,1298.7200,1009.7200,633.4280,200.2340,355.2490,364.9920,261.5900,199.8640,292.5440,328.3040,242.2790,174.1670,158.6760,112.0470,115.0130,155.9380,121.5340,142.2690,267.2790,324.3100,307.6410,307.1550,271.0460,235.3660,152.1530,134.6600,135.0400,70.3621,101.3880,172.2160,219.3920,257.3490,197.6230,94.6919,91.6510,214.5350,204.4130,167.4770,102.3580,60.4674,63.5405,94.8344,131.4570,162.1100,189.0000,190.1270,155.2100,94.0383,48.2098,44.0377,62.3243,79.8601,108.3300,147.0540,160.9440,168.2720,121.9980,62.3626,21.0373,65.7154,139.4760,224.5050,255.7870,257.5650,238.3550,222.5390,161.0200,105.5460,63.6376,34.9805,21.4327,31.1485,47.7372,49.6225,58.4858,33.5126,21.5507,15.3125,27.3177,32.0203,50.4242,71.2302,90.8786,123.4850,173.4650,160.8200,141.9060,137.8560,129.1480,113.1400,104.0320,126.3050,128.7810,89.8804,85.9585,133.6020,162.5560,173.9770,172.1620,164.7420,145.8290,108.5210,82.0739,71.9003,59.7394,48.2662,40.4333,19.1994,18.3154,39.8441,74.8625,138.1460,154.4090,126.0660,119.1300,45.8965,49.1615,25.6462,23.9050,12.5563,13.5516,40.2385,58.8936,54.5035,42.9991,36.8578,81.5336,74.4176,63.9524,27.5496,33.5677,56.1964,58.7058,63.9384,69.8169,77.2559,92.2169,111.2750,117.4540,106.9610,83.7948,63.1341,38.7990,40.9070,32.8321,16.8254,13.9543,30.2247,40.5883,50.5380,62.3812,73.7170,73.2470,61.3952,55.7992,65.0746,83.9529,86.2969,81.0722,82.5207,75.0432,70.1217,64.1540,54.9768,49.9909,44.2431,36.8004,56.6309,67.8694,76.9037,85.0374,75.4356,50.6013,44.1324,70.7685,71.4934,58.4434,18.7950,43.3606,66.4125,91.1346,89.4112,61.9860,55.2567,30.0827,13.7374,8.0409,19.8240,27.1928,39.4964,43.0900,42.5477,28.2143,20.6236,32.0799,44.1378,29.5263,15.1632,24.1500,38.2695
71253.0000,57196.0000,34390.9000,35671.4000,43571.8000,35130.6000,25545.5000,22322.8000,20429.3000,16975.0000,13775.7000,10944.3000,9713.9900,8976.7300,7232.4200,6909.3900,6583.8000,5218.3100,4537.8200,4051.5300,3705.8100,3025.0600,2743.1500,2311.2900,1851.6300,1707.6300,1459.5000,1350.7500,1246.4500,933.2590,745.7910,643.0330,576.7120,494.5650,469.6540,460.2740,373.0240,291.0410,247.9580,241.7250,236.0380,211.2650,211.0490,187.6950,160.5630,115.5850,135.1860,141.7620,109.4740,120.7240,168.6380,228.5410,214.1460,286.0440,498.5220,637.2250,730.4600,697.3780,587.5630,509.0830,441.6480,368.8650,338.3460,293.2290,273.8840,235.8160,137.7440,68.1274,167.8420,254.3810,300.6480,326.3870,324.4010,292.5650,345.1650,563.0030,865.2910,1156.4800,1386.0500,1732.3100,1882.9100,1622.5000,1291.7600,1169.2700,982.8310,896.2800,691.3720,584.3060,577.4110,564.2110,526.5400,563.1300,638.2790,667.6980,822.4460,1111.0000,1224.1600,1354.5200,1269.4400,1252.1000,1291.2200,987.4790,596.9220,207.5770,395.3040,405.4080,293.9970,226.5360,312.0120,350.4650,252.6680,170.0400,156.0730,127.6430,134.7970,138.2210,101.5520,145.3250,242.1150,291.5940,295.1680,283.5370,249.5780,217.6450,146.5650,108.2350,95.4304,69.5530,107.8940,162.2640,204.2890,232.1690,155.7800,76.7580,102.5840,219.8820,217.6080,182.1420,118.2510,45.9459,64.7374,87.5686,113.9180,142.0630,167.8500,163.5160,136.4100,74.3732,35.1882,46.7334,68.9375,85.2303,137.5060,165.4970,162.5280,141.5560,107.0760,82.0259,20.9268,66.2662,137.8490,218.1710,252.8910,258.4280,244.7050,238.2640,184.7220,112.4770,71.8389,58.0178,52.3268,53.3778,51.1794,30.8947,35.3595,16.5314,22.6123,21.9906,40.3742,51.6977,68.1934,89.5936,94.4730,127.3050,167.8550,154.3710,139.2480,136.2980,126.1270,100.2410,92.2373,119.0150,116.3090,84.6652,97.3528,149.2610,178.4820,181.5760,175.3200,157.5960,139.8650,105.0450,70.8751,59.3583,38.2603,41.1376,44.4251,55.2776,39.3343,25.0110,62.0251,134.1930,143.8830,131.2010,117.5980,43.3905,30.8179,40.1987,55.5250,39.2623,33.7361,14.1148,33.6845,33.5504,41.2188,35.3496,60.9710,72.6168,72.8332,44.6335,21.0572,44.3880,62.3474,76.6681,89.1415,101.4620,110.3080,129.9690,132.1610,112.7970,105.1340,92.9695,75.1056,38.9554,16.4090,13.0484,19.4150,18.8005,17.8609,23.2931,38.2012,45.4860,26.2017,17.5323,39.5047,54.0211,66.0678,66.6000,48.5209,34.5911,30.8365,48.0351,50.9145,60.5051,64.0991,61.6071,47.2814,50.0577,50.5757,50.7349,68.1795,41.7699,26.9632,17.2624,44.1201,38.2077,34.8732,11.7835,55.5142,59.2755,77.5821,67.0706,41.3771,50.8930,38.2863,37.3301,36.7426,47.9570,33.6807,37.9943,11.1414,18.2014,12.5820,14.7228,19.8595,28.3893,21.9423,25.7492,7.6405,30.0083
71440.8000,57356.3000,34790.1000,36445.4000,44105.1000,35302.4000,25682.4000,22341.1000,20324.8000,16870.0000,13679.5000,10888.1000,9646.3400,8952.1800,7240.5100,6875.9900,6566.1000,5239.4800,4526.9000,4054.4800,3725.1300,2976.1600,2751.3100,2255.6000,1831.8400,1713.0800,1462.7800,1330.8000,1185.3300,934.4690,701.2620,564.7810,531.4420,421.3570,381.4400,399.9460,329.2060,227.7610,163.0590,163.7180,169.5840,150.7120,141.2240,123.4760,104.6990,64.9458,75.2280,105.2480,110.6010,146.6520,205.5340,269.6030,254.9140,326.4690,545.3410,685.3460,776.5190,734.8280,614.1960,519.2970,451.5430,379.4950,355.5590,310.9660,288.1740,239.5120,125.7890,63.1903,167.6200,257.2830,322.6540,356.9450,340.9240,311.0750,368.8890,571.3330,868.2230,1185.9000,1441.9300,1797.8000,1924.7600,1669.6400,1352.0200,1226.3900,1037.1700,933.9940,733.7280,608.8200,596.3190,575.0760,517.9550,557.5890,624.7000,637.0100,793.6650,1088.5100,1211.7300,1352.2600,1293.0800,1300.8100,1330.8700,1017.2400,620.7650,219.2840,389.0270,407.5640,307.8260,207.6590,275.7310,318.2710,235.2460,163.1310,149.5340,123.5550,128.5840,144.0160,103.0150,130.6450,234.6800,271.1280,266.1610,273.6170,250.8690,206.5660,132.4990,117.4400,99.6192,90.5624,147.6810,204.2560,245.6980,265.2680,173.9240,77.7278,128.0050,237.2970,232.5550,195.9710,152.2590,101.4280,82.9956,99.7953,123.5380,146.6870,189.4840,205.9980,172.5150,116.4290,61.9196,27.2616,36.9511,56.9799,98.0941,134.8850,148.5420,141.8870,104.5440,76.4081,36.2341,76.4416,134.1280,204.3540,239.4000,252.8150,244.8030,242.1760,197.3040,132.4430,83.7783,66.1041,62.6990,71.8963,67.3399,38.7442,41.2848,18.8614,25.0201,12.0493,6.0712,20.1332,32.2584,84.4653,97.1792,142.3670,168.9140,158.4370,140.4630,131.8330,119.7470,107.8590,85.2232,104.5880,122.8770,86.2883,94.0383,147.9840,158.9380,158.0490,152.5190,148.9280,125.5620,104.9240,88.5582,99.5975,67.4528,55.6678,49.8801,49.7664,42.7161,50.7729,92.9441,143.7200,146.0810,133.8990,128.8180,64.2421,73.3967,40.6604,23.3406,26.8007,30.5926,33.1343,24.6752,16.9134,22.1100,30.3841,49.1175,68.4736,75.8283,74.4496,41.6741,43.0587,71.8399,86.0439,91.5201,99.9514,106.3850,118.3770,121.7190,105.0540,81.2678,63.9414,44.7096,20.7225,8.0172,14.3488,21.7931,17.4527,18.1685,25.2115,43.0073,58.6597,45.7350,36.9346,40.3528,46.9835,48.8829,61.0276,69.4440,44.1076,33.3710,39.5910,55.2665,75.9918,90.6761,71.8035,60.8659,62.2240,62.4229,54.4024,58.9376,53.6190,42.0795,53.8236,84.4881,80.9839,55.4163,20.7584,50.3883,71.2397,87.9304,71.4588,39.4991,49.2889,38.8217,41.5996,41.4272,49.4142,34.5511,22.3353,9.1113,24.2116,20.0770,13.9676,9.6836,22.6714,30.6530,34.4242,16.5695,16.4520
70965.5000,57266.2000,34547.9000,35899.7000,43399.5000,34654.5000,25237.8000,22034.1000,20060.3000,16619.6000,13591.7000,10800.8000,9545.7600,8892.9100,7159.8700,6843.3500,6574.2700,5209.9000,4534.3900,4053.6500,3726.0200,3025.6300,2777.8000,2310.4400,1860.0700,1749.4100,1497.6700,1369.8800,1253.7100,964.7850,757.4060,647.1710,607.8660,511.6570,466.5970,480.0640,415.6800,308.9090,239.1380,231.7670,216.8920,209.5940,196.6510,188.1600,166.9510,136.2600,159.5700,167.1160,139.8780,139.9950,182.9140,239.4680,222.3180,305.8140,517.4540,637.3300,720.8140,691.6440,591.7520,492.1560,409.9510,354.3280,338.8510,295.5820,277.1100,248.7080,150.5270,58.4018,148.8880,236.8540,276.4640,312.7440,315.1430,276.5600,306.2870,501.0370,802.2050,1111.8000,1374.9700,1744.3100,1897.6400,1633.7600,1312.4300,1181.6500,1030.6600,904.5670,709.6680,598.2050,570.7110,546.5150,517.8490,562.9670,613.6690,620.3330,780.1780,1087.0600,1215.9000,1379.1900,1342.8000,1360.2400,1404.3300,1098.2200,701.0470,242.3320,364.0940,395.4440,312.0050,179.7150,249.3960,303.0260,234.9430,175.7310,157.5720,111.1710,114.0750,141.8820,90.0645,121.8750,244.5180,287.7450,286.4000,296.6290,275.1010,233.8760,170.1670,147.6560,127.1680,107.2780,141.2490,205.3040,258.4780,272.9290,189.7180,88.6103,95.5416,218.1890,222.8150,191.3550,126.9110,69.8015,64.4130,95.0638,128.8670,147.7420,170.5580,186.7320,186.6620,130.0070,68.7445,18.2683,39.8746,57.9833,107.5280,144.1920,154.6940,151.7800,114.8240,77.1123,23.8923,65.6269,124.3230,214.0860,256.1390,253.8490,240.8060,226.3540,178.6560,125.6700,88.3227,67.0756,60.0374,60.9028,61.7184,42.2451,56.3420,39.6197,39.2980,35.4033,33.3960,29.7564,31.0761,49.1868,69.8879,113.0220,165.9540,168.8390,157.5610,152.9150,139.0870,128.9600,132.7860,155.5310,143.5060,102.6400,96.6862,134.6710,172.7240,189.7790,193.6190,175.5130,150.5150,123.8370,102.3610,94.4689,69.4786,46.1532,34.4324,29.3615,37.6000,56.3775,87.9698,139.8520,139.1620,117.8450,125.4270,77.9705,105.5620,74.2967,44.3315,42.0482,46.6694,47.6108,27.8415,13.5446,10.0917,19.1745,39.9559,48.4945,61.7071,43.3059,19.6983,31.7874,53.3977,69.3712,82.8393,96.2671,105.2560,116.5480,126.5660,113.4500,98.1655,92.0933,80.0992,52.5333,37.8523,30.7809,34.0623,42.7449,40.6543,35.0919,31.0752,37.9048,26.5676,19.9604,30.2886,35.6029,39.2227,42.0375,51.2002,49.6237,58.3367,73.0104,64.4760,66.4340,58.8819,42.4213,37.1838,47.8225,64.2501,62.3530,65.1216,41.3114,19.4504,30.4128,56.4742,51.0086,26.1005,22.1472,60.7709,63.8798,63.7001,50.7102,24.0915,49.5465,53.3855,56.7527,60.9312,59.9285,32.1161,30.7212,20.2779,31.2554,18.9365,9.4692,10.2110,31.8525,37.4277,52.0014,16.4246,26.2312
71186.3000,57235.2000,34466.8000,35633.8000,43402.7000,34977.3000,25433.6000,22273.1000,20423.7000,16963.8000,13775.7000,10949.0000,9730.8200,8990.7700,7244.1100,6928.0900,6601.7600,5237.3800,4575.8900,4094.0800,3738.6000,3045.5000,2753.1400,2304.6900,1835.1200,1714.0300,1484.4200,1360.5800,1253.3600,950.3840,773.7400,661.1940,597.1650,501.6840,458.9110,468.4240,411.6030,303.8570,231.5090,219.9190,213.2240,198.6380,211.5020,184.0340,156.6340,130.9740,154.3730,164.0340,130.6500,140.8550,176.1010,238.8730,238.8490,303.0600,497.0840,632.1580,721.8780,692.6670,589.2860,492.0870,405.5370,342.9860,332.8000,293.5380,273.2960,233.1100,133.6140,54.3976,148.8130,241.9520,302.0200,321.8600,302.6090,270.7050,286.8550,460.6160,769.8930,1090.1300,1367.9000,1727.8200,1873.1500,1637.5700,1337.0200,1191.9200,1054.9100,915.0380,709.8770,599.8760,595.9910,548.9990,493.7720,551.2280,617.5100,651.0910,827.3930,1128.1400,1264.2900,1429.4600,1394.8200,1404.5000,1450.0600,1140.3600,737.9930,251.2360,354.9600,392.1220,301.9250,194.0270,282.4790,330.6370,243.6030,159.8170,150.9280,128.3640,112.2900,117.4020,90.1246,144.6580,268.3700,319.7870,303.4610,301.4170,287.8190,246.2590,161.1700,128.6890,129.0490,91.1132,105.7770,167.4740,219.9150,235.2000,151.8810,71.0573,128.8370,245.5940,233.7820,188.2780,124.7310,76.8354,78.0798,101.6580,129.2350,160.2450,193.0950,197.3710,171.8270,118.3350,62.7215,36.4128,50.4225,54.0852,86.2260,137.1950,154.6310,154.9010,101.1410,70.2665,22.8342,83.7934,141.6820,236.4850,264.2110,260.1410,249.6850,244.2530,188.5400,120.3510,87.9682,69.4040,58.8141,54.5030,62.1075,32.8905,60.7897,45.5829,56.2505,47.6225,40.2836,38.2116,34.5573,42.1410,56.1211,89.1335,151.3970,158.6930,145.7720,143.9780,133.2370,116.2790,109.7360,145.7430,148.2930,99.8250,98.9535,144.6090,172.8760,173.4280,162.7670,135.6520,113.7250,96.6847,63.6032,79.5833,58.4124,65.5663,47.0883,40.8206,30.2198,31.1248,81.3716,150.9150,167.0880,152.1990,128.7260,38.1922,41.2464,76.0538,99.4054,59.6450,31.1116,12.7918,28.3631,38.0439,47.6069,50.1162,52.6487,56.3915,52.6060,42.8227,15.6090,24.1345,47.8800,58.6906,62.1160,68.2164,74.4121,84.2272,80.6130,78.3330,76.8224,82.8992,71.6775,38.6389,22.5126,14.5141,13.4735,19.4602,26.6446,36.8907,50.3087,61.7209,45.2463,28.5788,34.1846,52.0487,64.1113,61.7910,59.8134,47.0460,36.1884,36.6133,37.1363,41.4117,45.5869,28.1195,25.3697,37.4783,58.0666,62.3399,65.6417,37.2413,29.1432,52.1687,81.6570,77.2647,49.8175,18.8371,58.6937,84.6289,103.7710,107.3840,76.0650,54.6899,33.3186,17.7774,26.8441,37.8733,44.4381,56.7021,34.7661,30.8438,6.5015,9.8192,17.0622,24.0136,21.0849,18.8456,6.6997,11.3233
71606.2000,57483.4000,34823.1000,36360.7000,44068.3000,35346.1000,25721.2000,22404.0000,20401.6000,16930.5000,13702.6000,10941.8000,9714.2200,8979.4400,7262.8800,6919.8600,6602.4600,5272.4000,4555.1900,4072.1000,3728.6100,2985.5200,2762.3700,2275.0800,1841.0100,1710.3900,1473.3200,1363.5600,1234.2000,981.1100,761.4880,623.9200,560.6970,434.6720,407.0170,406.0350,314.8070,207.0650,136.0100,142.1270,137.8400,116.9370,120.1450,108.1720,86.4998,53.2644,78.5903,111.8930,123.7990,145.2630,188.5120,267.1320,272.7070,330.6270,520.1740,659.4180,750.9600,718.1100,616.1420,517.6270,433.5650,369.4550,354.0950,305.9010,287.6930,247.0290,148.4720,40.2945,118.7210,208.5470,272.7800,303.2440,296.8890,277.4270,304.3320,468.7320,752.1980,1070.1800,1353.8400,1717.1600,1842.9200,1614.0900,1336.5000,1176.9700,1042.3200,894.6550,711.7090,588.6180,566.2930,527.7040,475.0320,535.0220,605.2460,639.7910,826.8280,1124.5300,1264.6800,1421.3400,1388.5400,1409.2000,1453.1200,1131.6200,723.2360,243.0890,361.7410,388.8830,300.8850,197.6990,274.6020,321.5750,237.0110,164.2180,154.2900,114.2300,92.1467,95.5768,72.9460,142.1600,267.5440,319.1000,301.3510,293.0060,273.6720,243.7970,169.5390,126.7230,116.1450,85.9476,102.2710,160.1270,207.8020,224.7610,148.4220,69.8683,115.8430,201.0300,184.5130,150.4570,114.0650,59.9431,65.8447,98.2566,128.0400,163.3380,199.5860,190.0560,156.7750,102.0350,44.2877,34.5991,51.5680,52.7730,103.1450,146.3790,154.0970,145.8410,98.8085,56.9589,18.1918,71.1075,142.9660,234.9500,279.3460,269.1730,249.5110,233.0810,195.5260,127.6470,74.3998,55.2519,42.6378,32.4229,21.5659,8.9397,39.2582,45.3509,60.6083,43.0008,25.2400,31.2232,39.6394,82.5124,102.9280,134.9650,181.7530,178.3630,167.0300,154.9000,145.3180,118.0850,106.2320,131.0310,131.2080,97.6580,102.9080,153.3710,183.0620,179.3990,164.6340,124.1270,99.8139,82.3932,67.8492,75.6032,70.7559,60.0344,50.7440,33.6280,37.6642,62.1021,100.6580,147.9480,141.5690,102.4630,89.8215,51.0174,80.5749,54.6494,35.3153,29.7703,51.5808,75.4378,64.0417,35.9457,29.9533,37.7045,66.4915,60.9786,50.7088,32.5332,27.6214,43.8023,61.3706,82.5015,90.5401,90.4203,91.7144,97.3052,91.4394,80.4975,71.1459,57.2152,39.7688,17.2479,14.6642,17.0654,19.0438,20.6802,24.4391,31.8753,46.2578,57.6410,50.2015,41.0024,44.3093,56.8128,64.1598,60.0582,68.0607,81.4653,70.8427,68.9169,46.2107,29.9877,39.0244,51.9537,64.6578,95.9987,102.8420,81.4260,67.6129,34.5573,34.2412,60.3202,75.4260,56.0193,35.3472,42.8212,79.9070,95.1449,107.2310,94.4445,52.9015,51.4774,32.1105,26.8979,24.2169,22.9059,25.9197,51.5558,53.4670,58.9667,40.2925,15.5709,29.5236,45.9771,32.6051,22.1211,16.8425,26.1450
71168.4000,57352.7000,34599.2000,36032.4000,43522.5000,34708.8000,25295.2000,22088.4000,20087.0000,16637.5000,13595.1000,10835.8000,9591.0800,8953.1300,7210.1000,6847.8800,6583.7100,5241.9900,4536.6300,4047.4200,3718.7300,3005.6600,2778.3500,2300.4900,1851.6500,1734.6000,1476.5900,1350.2900,1233.6700,959.9310,727.6990,594.7790,567.2390,439.9640,388.9270,409.0360,355.2600,253.5910,170.3300,164.7440,167.1230,162.1320,146.8150,141.1990,115.8030,93.2705,129.1620,160.0270,161.2880,180.6830,221.1740,290.2330,273.2350,332.8490,546.3720,671.2770,743.8770,689.7770,577.7710,493.7790,404.9290,335.1520,324.8630,296.0440,284.0500,241.8730,135.2880,64.0130,133.8810,214.6570,258.7830,297.5670,302.3510,257.3130,275.9430,450.6030,717.1150,1026.4100,1308.2100,1670.4000,1776.0900,1539.7000,1279.4600,1124.2100,1005.9100,852.5070,681.7810,577.5240,545.4280,507.8330,461.3860,514.8590,591.1340,630.6370,828.4700,1137.1400,1282.3300,1431.1100,1384.7400,1391.4600,1423.0900,1108.8300,701.4210,243.6250,379.0340,413.6280,321.7290,209.2900,286.3360,339.7380,251.5760,174.7800,175.1480,132.1010,112.5150,121.4200,70.9475,127.5990,257.3600,296.8190,280.9780,278.7060,250.4240,218.6480,149.0080,118.4850,110.4130,100.8900,113.8250,151.9330,203.8700,244.6670,170.6190,81.1396,96.2476,206.2600,205.8590,169.0790,104.4220,57.4053,84.0069,106.1960,133.9010,162.4230,194.1600,200.2080,154.2910,90.9615,54.1377,42.7594,52.6431,79.5383,107.6880,136.0210,143.5260,144.0430,102.7140,49.7919,24.3373,79.3885,149.9200,231.0620,276.2730,277.8370,253.7640,223.4090,159.0090,120.5240,91.4347,65.9583,61.2986,55.6528,53.6193,16.6104,24.8097,23.5121,34.1725,32.4840,34.7016,38.9457,53.2219,83.0398,96.0022,123.4630,159.1920,144.4210,135.6410,136.5520,137.4810,115.4360,82.4086,98.5953,113.3580,89.6874,99.6343,145.8380,170.0270,173.4610,166.5930,141.8540,122.0110,100.5270,77.7943,70.8366,45.2147,43.7316,48.5030,51.1261,44.7909,40.5495,76.7734,141.6360,145.3550,108.7120,90.8080,47.8205,90.4840,80.4386,75.7018,64.3658,78.0412,85.2395,65.1425,55.3207,53.9139,57.9642,62.7974,56.5836,49.9003,44.4459,21.2702,28.2403,61.1830,75.7376,78.7504,89.0621,100.9030,119.5800,126.8050,108.6050,87.9484,69.8513,54.1219,34.9376,30.5911,29.9071,28.0169,40.5033,45.3512,43.6713,41.5669,40.8698,29.0779,20.7724,41.8975,50.5243,58.1041,49.8446,46.3333,54.0880,65.1505,80.7012,71.6885,64.5866,58.4851,47.5569,23.8411,39.1379,50.7599,57.8011,59.9725,41.1648,28.6395,39.7859,63.1535,58.8571,35.4538,36.4888,70.3723,79.4768,94.2880,78.5134,55.7980,62.9005,41.7916,28.8418,15.0176,11.9619,15.5328,29.0554,44.4640,60.3897,44.4282,25.3116,25.4624,26.2568,23.6385,15.0701,7.1241,10.3018
70964.7000,57055.8000,34287.7000,35415.6000,43114.5000,34705.8000,25265.9000,22126.1000,20253.6000,16824.0000,13668.4000,10835.9000,9625.4200,8912.4500,7134.5300,6823.8600,6531.5200,5171.1900,4517.6600,4052.0300,3716.8300,3014.7800,2754.6600,2307.6000,1867.0700,1740.8500,1479.4600,1358.8300,1266.8600,975.0970,768.9700,648.4740,597.0350,503.1430,470.3090,486.0160,404.9440,303.5580,254.4440,252.4720,244.4870,223.0250,194.5750,171.1430,156.8410,126.0440,139.7360,153.5210,121.1980,128.8470,165.2710,223.9070,219.3290,295.0620,503.7170,644.3410,742.6340,721.8760,610.5190,515.2550,437.9600,376.4490,351.4100,297.3610,285.0360,247.2560,144.0650,62.7471,129.2140,212.8890,262.7920,296.2360,293.3000,263.1570,279.3520,441.0270,705.2420,1015.2500,1309.6300,1686.6300,1838.6900,1607.8700,1329.0400,1135.3900,1018.8700,862.3010,679.8270,585.5200,581.4290,549.5610,505.0230,562.6620,635.5070,663.7080,838.8310,1155.5900,1301.1900,1459.9500,1394.7900,1373.0500,1417.7200,1105.0000,703.7540,227.0570,355.9400,371.9540,275.5420,190.8750,279.8100,323.3210,240.2200,163.4000,142.9530,108.4400,105.5840,108.4930,70.1054,135.3030,256.6190,295.2000,273.5740,274.6960,264.6660,225.3010,151.7680,127.5530,117.4190,71.6253,102.5580,154.8240,196.2310,229.8870,155.2230,71.0742,109.7270,217.6200,212.6900,172.3520,120.7550,65.8590,95.7928,125.3160,147.5530,173.8890,228.2840,236.4200,194.2920,137.4080,80.5646,29.0410,37.1537,29.4640,60.2872,106.4480,123.0990,124.1850,94.7105,59.1016,30.5913,68.7063,129.6330,212.4840,252.6440,251.7420,241.0580,224.9250,181.8410,141.9800,102.2210,73.3319,67.8462,70.1976,62.3178,31.1878,33.2326,19.3267,22.0085,23.1964,39.0789,46.1886,47.5069,66.3225,80.5850,105.3040,158.9140,158.3020,146.6350,141.9810,138.5970,128.8410,112.3080,127.3000,144.9000,117.4740,123.1250,181.0360,198.2110,191.6660,166.2100,147.4290,137.0240,105.7220,75.0127,74.6038,55.0202,54.4920,46.8852,39.7590,36.0290,40.5594,84.0845,154.6050,168.5540,147.2520,116.7050,22.3895,61.2272,81.7035,106.7230,86.5357,60.5841,50.7163,51.3366,58.3450,63.2215,69.6923,84.4833,77.4705,74.9214,49.4133,16.5996,36.9524,79.7892,86.7061,80.8454,87.9532,106.2920,129.0860,130.5470,117.2010,101.3600,83.1204,60.3813,39.5316,34.4551,38.0890,47.1694,46.2178,42.1435,42.3411,49.6416,52.4882,37.2615,22.7675,19.7447,31.0621,42.1024,39.7787,32.6358,37.0971,55.1856,71.7414,63.4621,68.2393,71.9527,71.1535,50.6391,42.1402,39.6985,35.8314,44.3024,39.1977,26.1630,24.7872,46.8251,49.9592,35.6719,15.4439,59.1840,70.7939,84.7822,71.4947,49.5951,48.0264,32.3153,30.5040,39.6703,46.5528,35.7270,36.1915,18.5068,10.4078,4.3940,10.3810,14.0124,18.4212,6.3629,13.6234,8.7427,11.0360
71513.0000,57302.8000,34657.0000,36218.2000,43961.7000,35297.3000,25686.5000,22424.8000,20450.0000,16981.2000,13719.6000,10916.8000,9697.3900,8958.8400,7238.7600,6913.0000,6582.8200,5249.5800,4548.0100,4064.2800,3729.9800,2992.2500,2766.6200,2272.7100,1840.4600,1688.0100,1429.6500,1340.8900,1237.7200,968.3070,751.3160,623.9690,590.5030,473.3430,416.2580,427.5970,372.1240,270.0630,193.4010,181.8450,169.9830,158.8460,143.6400,134.1580,102.1900,70.7063,109.3760,145.1880,143.4100,165.1260,206.3200,281.8980,277.1590,342.6260,546.4520,677.8340,762.8060,728.1370,624.8860,512.3320,406.2470,352.1860,334.6980,289.7390,285.0510,262.7170,168.5840,61.3318,117.3260,208.7510,264.9250,301.4970,297.6400,260.5430,289.8560,465.7760,721.3770,1054.2200,1387.6500,1791.0700,1911.4900,1651.6000,1384.5200,1162.1200,1072.3500,900.3610,729.3070,618.5400,584.4270,523.6410,461.6620,524.2330,591.7420,608.6890,807.8190,1124.1600,1278.3400,1434.1400,1391.5000,1367.7800,1379.1800,1073.5000,684.5540,227.6530,343.6210,367.5540,275.4800,201.6230,278.5890,317.2110,222.2090,147.5870,138.3620,117.1120,118.9540,94.0116,49.2780,128.9470,239.9240,278.3880,270.1660,256.2090,234.8890,191.3420,125.3580,94.2473,92.0392,89.1126,119.2110,176.1170,245.2880,289.9780,220.1300,123.8710,130.0420,216.6270,246.0790,222.7860,164.2090,91.0610,93.9416,111.6150,121.1680,154.1580,188.1260,189.1710,173.8860,116.4820,62.5177,13.1139,35.9430,52.7583,99.8293,134.7040,142.4990,139.0560,105.8380,75.5611,25.2034,55.8566,126.7750,220.8590,266.5780,275.2740,267.1720,255.7440,195.7520,143.2170,109.2140,81.5012,69.4043,66.0452,67.1710,41.7032,47.1188,26.6425,38.7593,40.1976,30.6295,32.9389,48.4208,96.2407,103.4900,122.9480,148.3380,137.3410,130.0820,128.5110,131.1890,121.0530,107.2410,122.1350,114.7170,95.9085,121.3370,151.5640,174.1970,186.2960,193.9830,177.4470,146.4110,125.4790,104.4850,101.2130,69.0293,38.0393,20.7980,28.5734,39.1526,54.6784,87.1131,141.1220,137.0390,102.3040,96.5666,51.7105,83.1677,62.4042,47.5755,29.2214,33.7123,48.0981,54.6534,36.6969,28.3462,29.1997,50.4585,57.5410,72.5002,56.8740,25.2528,36.7370,65.0259,79.8630,97.0927,109.7250,119.0350,123.9640,125.2970,126.3210,114.8500,95.8995,70.6680,50.7836,52.1968,41.7547,35.1624,44.2029,47.9476,50.7329,50.3107,53.1025,40.6730,24.9697,12.0811,24.0799,31.4279,43.6145,41.1807,42.5217,53.2425,69.6193,64.1256,53.8927,40.6760,29.8244,7.4938,45.5735,67.4756,90.8302,101.1900,68.3313,33.8455,55.2873,84.9306,70.3030,42.5452,14.9464,66.7475,82.9760,91.6155,58.5553,17.0384,17.0908,26.2662,37.5953,39.5462,36.5517,25.2341,26.3388,17.1905,45.0144,34.0303,29.7205,7.7436,18.8837,32.5188,35.7075,18.7030,21.3490
71238.9000,57344.5000,34673.4000,36254.1000,43783.1000,34914.1000,25414.6000,22197.8000,20209.2000,16726.5000,13658.2000,10907.6000,9695.9300,9057.5900,7335.4500,6969.8300,6664.8300,5312.6600,4620.5200,4113.5900,3775.8700,3041.7000,2791.0700,2314.8200,1849.8600,1719.2000,1453.6100,1330.7800,1241.6000,959.2650,724.2310,588.9750,560.0280,453.9180,416.9550,426.6490,352.0260,258.9080,183.8220,169.3360,172.5790,170.7770,152.7060,149.4030,126.5300,89.4258,113.5990,144.5900,157.1330,191.4660,244.3060,309.3680,301.2710,368.0780,567.9740,701.1920,780.2200,731.6270,609.4830,514.3640,424.5780,353.0870,334.7810,295.1350,285.8830,250.3940,152.1820,56.8003,115.2360,201.1610,256.8650,291.1800,286.9820,257.8190,290.9970,468.4820,745.9980,1088.5000,1428.5900,1834.3500,1951.9200,1688.5100,1409.9300,1159.0600,1076.8900,913.5110,740.3900,623.5650,592.7260,546.4760,501.0570,533.3290,568.9890,596.9460,791.9750,1113.2700,1258.4400,1425.0500,1376.3400,1357.6500,1372.3100,1060.1500,673.7950,218.3690,338.3210,372.8480,286.3310,182.5250,275.2260,321.0640,224.7250,145.2950,149.7090,116.9660,110.4850,105.0240,57.3526,123.9120,236.2100,274.4750,264.8840,263.2660,247.8870,204.4370,149.1420,124.3400,100.3360,73.5252,109.3490,181.9600,264.3600,339.8750,277.1500,150.4820,107.3210,199.2060,216.6920,186.5850,126.9520,76.4339,78.2006,97.5845,132.8820,184.8380,224.3070,205.5590,166.4330,114.6090,52.7936,31.5608,63.8852,72.5192,121.3250,162.1840,167.0870,151.6280,119.4940,83.2982,27.2037,53.2189,129.4960,215.8590,262.5650,264.7460,251.6070,236.1640,179.1260,119.1300,80.9899,55.8862,50.0303,52.4774,59.2344,41.9241,49.1789,18.0155,20.6249,8.3436,22.5560,31.0076,48.3412,61.9030,82.5519,104.7220,149.0470,149.7300,146.6020,146.0600,143.8530,134.5170,115.1710,119.2740,121.8250,92.1751,86.9517,128.3400,154.7140,166.0700,161.8970,158.0210,145.8170,122.7720,103.3430,107.5080,71.6357,54.8371,48.8765,50.3317,40.2295,49.1371,97.6333,144.1110,140.4190,119.4700,103.2790,35.0896,60.2134,45.5546,52.6668,15.4648,20.6175,35.1784,57.0791,41.7222,39.8907,24.9714,41.4403,57.2414,60.3586,49.1433,33.1495,44.0813,63.0173,89.1082,105.5200,112.0270,114.6860,127.9000,143.7380,124.6610,100.1720,80.6099,70.1698,54.5873,31.5823,22.5042,25.7856,30.6890,36.4369,46.4840,57.7779,60.1702,54.2526,50.1291,44.7396,53.2711,59.7709,69.5643,89.7357,86.1789,85.2333,67.8099,39.1342,24.8185,27.5552,38.4314,45.3520,66.8816,93.9232,90.0767,81.9830,48.1457,37.7083,53.3130,73.1206,66.1843,39.8656,34.9946,69.9704,85.3019,91.9361,73.7736,24.0378,30.7752,28.4194,33.1974,38.4891,42.0468,25.5851,22.0068,12.8636,32.2018,24.4562,28.2067,16.4354,18.0832,8.2441,28.2936,30.1460,44.0016
70803.5000,57009.0000,34227.1000,35368.0000,43054.4000,34597.5000,25175.4000,22030.9000,20164.0000,16744.2000,13632.7000,10802.8000,9575.9100,8878.9600,7128.7900,6826.1800,6525.5200,5153.0100,4508.7000,4053.5900,3712.4900,3026.1400,2767.7800,2316.6400,1862.4100,1743.2300,1475.8100,1341.9900,1251.9200,958.6830,772.1500,665.1570,606.1580,523.3310,488.5310,489.4540,409.8600,307.1530,255.7640,265.2850,256.4510,234.1840,206.9060,182.7210,142.0280,113.9560,139.5230,138.3810,121.2070,139.9300,194.8500,260.6190,254.3590,307.4390,492.6620,639.9980,747.4010,741.3680,647.8340,539.8850,452.0510,394.7960,365.0480,314.4800,313.3700,285.7220,187.0150,52.9162,95.0704,203.9410,286.9300,306.8910,309.2790,297.3080,301.5790,455.5360,728.9110,1092.7800,1476.9400,1921.1800,2051.7500,1752.2100,1471.9100,1178.6200,1115.4900,940.1650,766.1440,644.8440,591.9660,547.0440,514.6070,562.7810,599.4960,598.0530,782.9710,1112.9900,1250.3800,1402.3900,1348.1000,1344.4400,1359.2700,1043.7500,662.5360,205.9770,326.4970,355.0760,266.9190,166.0870,271.8270,316.5290,228.7390,139.9320,129.3120,108.2180,111.6010,112.8280,64.4974,120.8860,239.7120,295.3520,274.0310,261.5310,244.5540,205.3950,142.2400,121.1750,106.5800,77.0443,105.2280,156.4420,228.8890,318.7120,280.2590,166.3240,105.7990,158.7230,184.6820,172.6900,129.8950,56.0254,57.6370,92.4169,117.1580,137.5060,185.1650,206.6870,156.2640,89.2883,34.9533,35.3187,52.0358,50.6461,87.3060,132.0370,145.2530,145.4860,114.1570,76.2820,35.4451,70.0346,136.0090,209.1710,247.8100,252.0760,243.5130,235.5600,187.6210,118.9030,77.9358,61.1946,54.2969,55.7769,60.5364,36.5024,51.6128,29.4738,33.8356,22.9096,14.3889,20.2687,29.1472,69.8389,86.6784,120.0470,156.3210,151.8260,143.5910,140.8640,142.1150,131.9780,101.3140,104.3080,114.4610,92.9106,110.2470,169.2890,195.3130,195.5230,182.8330,147.7950,116.7190,89.2181,69.4204,73.1508,73.1969,72.2100,76.7431,57.8736,28.4254,47.1254,97.6676,140.4020,137.4060,117.6190,115.3550,46.2666,75.2755,39.0931,50.9267,36.4632,50.1662,43.5638,51.2328,35.2769,25.3162,27.3979,56.9568,72.6073,83.3439,65.6088,35.1048,44.3420,71.8075,91.0506,94.1395,102.6260,110.9400,139.7110,131.8990,106.4320,97.3072,80.5794,56.3759,19.7900,22.2014,20.0707,10.6265,14.1379,22.5878,34.7336,47.3430,46.5727,36.0851,20.4697,21.0853,33.2535,43.0384,49.1337,57.5029,58.0945,67.7945,71.0625,70.5019,69.5356,70.1544,54.7592,26.0873,25.4363,41.7570,55.6494,72.1162,56.0814,23.5416,33.9216,74.9336,65.0538,39.4501,18.7573,53.7263,70.8186,89.6707,76.4403,50.8910,58.9517,46.0956,50.4393,40.4907,22.2010,18.2010,9.9118,4.9846,19.3119,18.2165,29.4088,19.7135,18.4629,4.6264,12.3431,36.1758,61.7865
71334.1000,57219.1000,34513.5000,35942.2000,43808.3000,35262.6000,25640.4000,22356.0000,20408.2000,16952.0000,13720.0000,10917.9000,9675.1300,8915.8100,7194.5500,6886.3800,6563.6000,5217.6400,4535.1500,4048.5100,3743.4200,3022.6600,2785.4600,2297.2800,1870.6800,1746.9600,1472.2900,1355.2400,1259.1600,995.9720,781.4220,641.1410,603.8550,510.1420,473.3040,477.3880,401.7520,285.1280,202.8100,204.9010,202.3090,192.7480,173.8440,163.0100,127.5330,94.9125,125.1390,150.0780,140.0100,151.9190,189.5550,263.8320,257.3820,322.9050,523.0070,650.2610,735.8110,703.7320,608.0300,519.3540,433.4610,377.5760,359.9190,315.6580,315.0690,285.5640,184.1190,51.0308,108.4070,219.9860,304.1260,321.2780,319.4010,319.2740,321.9220,457.1480,732.1390,1095.7700,1476.0300,1906.9400,2049.8600,1755.8900,1462.3800,1161.1800,1101.9900,942.6010,768.6370,651.2250,596.6240,528.0650,493.8060,543.2600,574.7300,591.5980,771.9240,1083.8800,1231.3900,1407.5000,1373.9600,1359.6600,1387.0300,1070.6300,680.3990,194.5300,346.2660,372.8070,282.0160,200.9600,284.6590,333.6030,260.0180,181.2520,168.6990,142.1380,128.9310,131.5260,64.2539,96.1591,225.8740,286.0640,272.5620,264.0690,234.0530,210.9190,148.4110,116.0030,99.6977,54.3779,47.7841,117.4020,201.4240,286.1910,256.3910,144.7940,86.0430,156.2000,181.6910,163.4790,116.9210,55.8294,60.1767,87.0796,118.3980,152.0500,189.2280,187.7420,144.6380,88.7161,50.6986,46.9613,50.5470,65.4492,116.5100,150.3540,161.6430,159.2030,135.8430,86.8562,26.9817,65.9671,143.7970,245.9030,284.2140,276.3800,263.7700,255.5110,206.6390,132.8020,86.1955,62.5017,52.3489,52.4923,52.8430,44.4992,56.0345,35.5089,27.8408,20.8106,14.9334,13.8203,18.3616,55.2554,79.5566,113.5800,148.6850,143.7960,131.5190,125.0390,120.7210,107.9260,84.3409,96.6535,102.0390,76.0503,97.0200,153.0510,169.4220,165.6450,148.9690,123.7470,106.8490,85.0949,76.3168,96.1321,84.8320,78.6205,61.3901,60.7647,53.0993,41.7989,87.5543,152.5230,161.6030,143.1540,118.1980,27.4074,61.1317,82.9932,110.1000,91.4976,61.8839,58.7633,70.8479,73.3950,65.7606,57.8200,79.8564,78.3332,62.0758,39.4325,23.9259,41.0423,63.2717,76.1705,84.1511,93.4627,103.2270,112.5310,120.3840,127.9430,106.3880,83.5088,53.4791,47.7391,52.2397,56.7259,67.1848,57.7130,47.2072,44.9401,51.1357,52.4985,40.9542,35.9033,43.9402,49.1481,52.8587,54.4003,60.2031,63.4107,53.2395,61.8639,41.4622,48.3298,52.9812,49.6373,55.6224,77.5749,89.1420,79.4817,66.6485,32.5211,36.3049,61.6351,78.3203,56.6136,31.0095,18.2180,52.8998,60.8029,64.2310,53.1777,45.7256,59.4842,54.9581,50.3067,49.5901,57.9479,32.5191,43.7598,34.5565,51.8096,37.7059,18.1461,27.8681,40.6700,31.8554,26.7997,41.5224,48.5123
71374.8000,57443.7000,34749.4000,36337.7000,43924.5000,35061.3000,25521.0000,22253.8000,20244.8000,16770.7000,13678.0000,10921.9000,9681.8100,9035.1800,7333.7200,6953.7100,6642.3800,5293.9600,4574.8500,4087.8400,3748.2500,2996.8900,2747.4600,2268.9200,1823.3600,1692.8600,1417.3800,1281.8200,1184.8800,915.4970,691.2780,551.4900,511.1660,416.6530,381.8040,389.9980,315.7310,214.9130,148.3210,135.2600,129.5430,135.4770,150.9870,137.7110,101.9520,63.8230,95.9556,126.2620,136.9040,166.5870,211.8580,283.4750,299.3860,372.9170,566.8080,712.8390,806.8780,767.6070,645.2570,544.4260,458.2820,384.6560,352.4600,291.1890,268.3250,232.2080,140.9970,48.9938,133.6060,230.7210,303.1560,346.8940,345.9310,323.6300,354.4080,515.9130,771.1970,1155.2200,1555.6900,2020.4800,2128.3800,1808.0100,1517.3900,1211.7900,1137.9900,950.5400,764.6880,645.0560,615.2390,570.4070,511.7810,547.4570,595.8440,602.6380,774.7100,1096.3100,1239.7600,1412.5100,1380.6400,1396.9500,1426.5300,1096.0000,700.2520,213.1690,319.3330,357.4390,281.2330,194.3910,262.9520,316.1240,250.0820,156.2470,128.5850,115.6490,105.1830,91.0536,61.1837,123.1960,243.8670,313.2520,285.1460,263.9840,248.3530,227.1500,161.7190,124.2570,125.3760,68.1796,44.7437,117.3200,206.2880,282.2340,234.1080,122.8100,76.3475,148.1150,170.2600,151.8000,116.8330,51.9352,62.2038,83.1175,115.2640,168.5170,210.4370,198.2570,163.0180,112.2120,61.0725,37.5571,64.0451,80.7399,113.2890,147.9560,161.7870,162.9240,131.8910,85.5334,26.7897,51.5600,114.0550,207.7630,252.1700,257.3170,253.5780,247.6630,189.3580,122.5350,90.4194,67.2005,61.1713,59.4093,66.2180,37.3607,36.4344,10.7785,15.8086,22.4829,32.7860,42.3953,55.6338,92.2013,98.1579,108.2970,137.3690,143.6710,136.8370,131.1410,118.3080,107.5260,104.9160,113.0680,99.3915,75.0125,91.8482,143.3520,169.9470,169.2370,151.0910,117.4670,101.8310,84.1145,62.3259,68.1579,61.4652,68.7249,72.4794,60.7432,40.0004,49.3270,96.5781,156.5830,175.5820,160.6880,134.2090,34.2889,51.5381,80.7527,100.5370,85.4906,77.4261,92.5823,110.0570,104.5260,86.2835,72.2505,87.7292,67.4231,40.4640,23.0544,28.3779,41.4732,59.8058,75.3598,85.9635,101.2920,113.6690,121.9320,121.5990,119.2560,93.9350,71.1428,61.9845,52.5582,37.5259,33.6282,38.7532,33.8891,33.3270,32.5434,36.1804,34.5424,24.4023,15.0459,17.8085,27.9671,38.6217,40.2448,40.7972,41.0314,47.1735,52.5924,52.4392,48.3384,46.7008,36.8576,29.0016,54.5130,72.0405,77.4915,76.9349,55.1671,31.4173,38.1991,62.6129,43.0670,20.1482,39.0692,70.7743,76.6417,77.8445,65.4058,32.9497,35.0541,18.0892,17.5551,22.0537,21.5616,26.1751,42.0159,56.1431,66.4685,48.4964,23.9593,9.7255,40.8785,32.9454,31.8893,7.9632,33.8299
70750.6000,57036.3000,34243.4000,35355.5000,42978.0000,34490.2000,25106.2000,21943.3000,20051.8000,16642.6000,13610.6000,10783.4000,9524.8200,8863.2400,7120.0900,6785.9000,6487.9500,5122.0000,4484.1600,4036.5000,3691.4800,3004.5900,2745.5800,2301.9700,1847.9600,1741.1400,1492.2200,1347.3300,1247.1500,959.5870,764.1430,644.4500,584.6210,505.9570,463.2990,465.8540,400.0820,279.6890,225.6010,253.6230,253.8640,218.1990,226.0910,208.7800,182.1550,155.6130,167.7630,155.5790,107.5040,109.0740,149.6900,215.9510,207.4060,277.1390,498.5440,637.6210,728.4650,691.8900,591.6150,520.2790,434.6020,362.2260,345.1280,307.4830,300.4620,254.7930,166.9170,42.8411,102.2850,213.4410,306.2310,335.5770,329.2290,309.2250,334.0460,485.9880,747.5560,1138.4400,1569.0500,2058.8600,2161.1000,1805.8100,1509.6100,1206.0600,1129.8200,952.6540,766.2230,643.7290,611.8840,579.8940,523.8230,543.8430,579.2230,583.7800,766.8050,1081.7800,1212.3900,1379.2500,1363.0300,1378.1000,1392.1100,1081.8700,708.7310,193.9560,309.9610,339.2560,255.6270,188.2950,268.4730,310.4660,232.2030,139.6350,102.3130,95.9428,104.5880,86.0432,61.2702,125.9000,232.1600,283.3880,267.8180,258.3700,232.0580,205.7290,141.8200,128.7500,126.1730,41.9005,52.6226,122.1080,192.3920,256.9470,204.4020,97.0857,67.4430,159.0450,175.9410,152.5960,112.9360,56.7957,58.4711,78.1573,104.0560,141.9830,175.6980,183.7460,165.1800,106.7610,50.7461,25.7109,49.8771,39.7372,60.1243,105.8530,122.9340,133.1140,95.9722,44.8966,34.6287,70.0292,129.4600,213.3920,255.2680,255.3400,244.9260,230.9300,179.2110,134.6680,96.7591,70.7856,62.7241,65.4559,68.4447,22.6536,16.8792,26.0258,35.0687,32.2358,23.8793,18.4299,31.6294,69.7572,91.7749,115.6330,158.2800,138.7920,130.7400,136.7170,146.4390,119.7800,75.6172,85.4620,85.1011,60.8950,87.9038,142.0840,164.5330,164.1830,153.2290,121.2090,95.4410,80.7795,53.7237,60.0097,45.5998,49.4164,48.2080,44.5836,26.7098,25.6781,68.7232,134.9350,141.8990,129.5620,123.9220,62.9721,97.3226,76.8376,63.7890,38.4973,31.5897,53.0994,60.3284,49.5891,45.7391,50.8321,69.1562,74.3098,73.3155,66.2508,47.8302,54.2384,84.1818,105.7440,109.9550,113.4100,122.1680,134.7340,125.4400,97.8102,82.4065,66.2333,52.8091,26.8075,14.7820,20.9812,23.0520,26.8915,31.5633,33.5309,38.5306,40.2966,23.1383,26.8722,65.0724,67.4338,68.0904,49.8508,50.3884,54.8841,48.4528,63.5391,52.8729,60.9056,60.1446,60.3608,50.8121,58.3439,60.2517,57.3919,64.0818,49.8198,25.9251,33.5367,55.9602,41.5652,25.7324,33.3298,63.5864,73.7360,87.3799,79.8040,49.2731,49.1783,23.4025,17.9365,19.4061,21.6316,16.3270,16.5322,33.2884,58.2823,52.6285,42.4594,23.8491,13.3644,13.0271,19.2128,10.0719,17.8579
71257.2000,57135.7000,34397.2000,35765.6000,43648.4000,35171.5000,25556.9000,22349.0000,20480.8000,17015.7000,13767.3000,10938.9000,9757.1000,9029.3900,7307.6300,6971.6500,6603.5600,5255.7400,4602.6800,4117.6700,3785.0900,3116.6300,2846.7800,2386.0000,1917.2000,1777.7500,1505.1500,1368.2300,1284.3800,995.6470,810.9400,678.0050,618.5840,522.1090,476.7360,489.3140,426.9720,321.0590,256.6230,250.4490,228.5450,216.2850,210.5370,201.0450,173.9790,136.8650,161.3000,168.6570,140.8990,143.2580,181.3850,226.4920,205.7050,285.2440,496.6270,624.6480,714.6710,704.2560,607.2890,510.9700,444.6390,389.9200,348.0730,295.4160,285.7690,262.2020,165.3990,61.5252,124.5280,227.8350,300.3290,309.5840,312.0660,288.4780,290.9880,452.7770,715.0250,1058.8300,1464.0200,1912.9300,1973.5100,1626.2800,1381.0100,1126.7300,1046.0600,887.1670,739.3080,630.6520,591.9400,558.9060,508.3340,531.5610,567.5060,571.2890,753.3430,1074.2900,1215.1700,1368.6600,1350.1200,1384.5600,1414.0700,1093.3700,708.1000,201.4980,327.9400,359.5960,279.9410,176.1460,260.2090,314.0180,243.3070,156.3980,136.2450,106.8720,91.9711,95.4421,62.0160,117.6030,229.8010,265.1450,246.5370,238.5550,209.2450,178.6600,130.3040,115.1590,106.1350,57.3133,64.1344,133.9280,210.2040,263.8850,199.4480,94.1976,87.9187,189.8630,202.7720,171.6000,126.1970,72.3171,66.2469,82.3857,101.5090,139.3470,173.0110,177.9370,152.7550,94.7402,51.1281,55.9361,69.2835,70.9175,104.1530,140.5830,156.0910,162.9720,132.4780,77.9309,23.5507,48.9641,118.6910,222.5500,269.7070,272.6390,266.9170,255.4610,193.1360,132.9050,96.7694,77.7765,66.0456,65.7112,64.4768,31.5151,13.2773,2.4589,5.3835,2.7778,2.0900,5.4947,9.7099,34.5780,65.0431,103.0460,151.6680,139.6890,131.8570,135.0420,139.2090,127.1040,97.0044,97.0893,95.3800,77.9074,101.2830,162.5170,192.8440,197.8020,187.9670,164.2040,143.5590,118.9540,92.0861,83.4260,45.6162,34.5330,28.0246,23.9642,22.6208,62.7178,118.7390,161.1020,160.8110,139.7310,119.7300,20.4852,72.3515,96.2561,127.5970,116.3690,106.3900,103.4130,103.5420,95.1582,80.3657,88.4679,108.2980,95.2881,75.6125,61.0665,52.6783,63.3957,91.6015,109.7780,102.0340,98.1105,115.2020,133.5020,137.0880,116.0390,98.4636,78.8404,65.1848,47.1732,41.6124,42.6687,53.6098,68.0600,60.3087,57.8417,60.2772,67.8785,49.5730,36.5682,44.4360,54.4667,63.2935,68.5904,67.1209,54.8611,40.3257,45.9767,43.0556,56.8368,71.7337,56.0085,50.4485,53.4622,80.1143,68.8796,67.1858,30.6475,16.2180,33.3356,46.7900,34.9612,22.5436,52.0073,86.2631,76.7972,67.4527,39.3308,30.0077,47.9835,60.1677,68.6354,82.6635,61.7054,29.8333,11.9508,32.1365,23.4110,12.1879,7.1765,12.9690,18.7332,21.6732,23.5885,3.8779,29.2757
71379.2000,57332.7000,34708.3000,36387.1000,44036.7000,35194.6000,25596.2000,22329.8000,20341.9000,16853.4000,13709.0000,10974.9000,9744.9800,9043.7600,7335.7400,6972.9500,6646.4300,5299.6400,4567.0000,4066.3100,3745.3600,3024.0500,2769.1400,2284.8400,1841.8100,1691.7100,1407.9800,1286.9700,1194.4600,919.9930,699.2210,555.4820,506.2110,425.0220,393.9870,390.2430,319.4530,237.4760,177.9560,173.3560,181.5840,159.3530,167.2350,156.1870,140.0340,87.4296,105.2100,127.5850,119.8570,142.8250,204.1310,276.5920,253.1160,331.9470,555.0110,690.7920,780.4000,750.1340,636.2280,531.0190,444.0810,385.7840,366.3570,317.3440,285.8620,248.6020,188.5800,47.5847,85.5462,182.3990,246.3530,274.1070,300.7310,263.7980,245.1370,388.5560,642.9050,968.7870,1368.5300,1802.4700,1866.4500,1559.8000,1344.6000,1121.5200,1052.8500,916.8760,737.4580,619.9810,602.0920,556.1040,491.2250,510.6250,541.4880,553.9420,741.9760,1057.3200,1201.6800,1374.1800,1371.8200,1385.9400,1418.4300,1117.7800,745.6390,236.6830,282.7590,327.4640,260.3020,153.5550,237.6830,284.8220,209.5700,135.0950,141.4230,107.8930,89.4860,109.4870,66.6322,121.8730,247.2970,288.8000,261.3820,252.0470,221.7360,178.1580,128.1430,140.3220,134.0250,68.3448,86.3598,145.6540,213.1090,295.2720,233.7540,111.4320,94.7118,190.7780,207.7870,180.7850,142.3860,76.8166,68.6112,81.2232,86.2175,128.0020,171.8280,185.1540,155.0930,84.1179,30.6706,47.3424,61.7311,64.0696,94.9140,126.1320,134.2560,139.8700,115.2350,66.5008,19.8046,67.3492,138.5150,238.1260,275.4470,268.7660,258.0480,246.3560,197.9890,142.2920,97.9878,71.2512,68.7794,81.3136,88.2989,51.3539,36.9464,8.4514,6.5174,3.4678,9.0375,19.8735,26.7434,55.7843,79.7767,109.8080,152.2880,139.7660,140.7540,147.0010,153.2940,143.1710,111.7070,115.2920,115.2500,76.0732,83.3593,140.0590,168.9590,171.6640,161.2390,124.9690,99.3125,83.8876,69.4408,82.7996,70.8230,75.2792,75.4813,60.6538,21.7059,33.7023,89.5808,153.7330,161.7940,135.1340,107.2530,23.2037,68.4309,77.9075,84.2274,54.6017,38.6135,66.1550,78.1019,60.0690,52.2831,48.7074,54.7107,47.5211,48.3414,44.8553,16.5795,12.3732,32.6408,53.1357,80.6730,92.4371,99.9103,117.5620,135.2710,104.2900,86.1548,75.8157,67.1044,37.5606,26.1648,35.9417,28.9749,31.9176,36.2728,40.8830,47.9233,52.7700,37.4042,26.6222,37.0718,57.0216,79.6627,71.0646,71.3980,78.2447,87.3724,92.4548,72.1657,52.7807,49.5856,36.5113,42.2486,47.7842,54.1716,67.5063,82.2008,72.4858,23.3353,29.4000,59.9772,39.9613,18.2899,40.3397,84.8495,87.3870,87.6911,52.2591,27.4348,24.6478,35.6159,28.2426,17.9534,9.1933,6.9177,14.3442,29.1911,42.9669,31.3963,27.3115,20.3884,9.0312,19.9796,19.4912,9.1365,11.3175
70679.5000,56916.9000,34174.7000,35521.3000,43116.8000,34454.9000,25067.1000,21914.8000,20001.9000,16577.9000,13522.2000,10730.8000,9511.6300,8865.3100,7090.9600,6732.6300,6446.9600,5090.2200,4444.0600,3986.3400,3645.0400,2977.7700,2727.6100,2276.0100,1810.8500,1711.1900,1454.9500,1319.4100,1254.3000,961.9350,763.7320,653.3460,600.0300,524.2720,471.5160,466.3480,397.0070,293.7410,236.2630,238.6780,251.2120,229.5740,230.1550,200.1750,178.6700,142.7220,143.6150,155.5480,118.2330,128.1500,156.5180,213.5640,215.6050,275.7160,482.1620,632.2750,736.2630,713.3030,607.1890,526.7950,432.5470,367.5340,336.4740,298.1110,276.1900,240.3170,165.4930,46.6775,101.4330,186.8500,247.5040,273.3100,279.3760,254.0100,251.1900,397.8720,651.0420,975.6850,1324.1800,1715.6400,1779.8200,1490.4800,1265.2900,1028.4100,988.6660,854.6460,703.8820,597.9930,559.7750,517.7010,471.4290,502.1920,549.3100,562.8830,738.1780,1057.2300,1208.3700,1371.0100,1361.1100,1384.4800,1424.3400,1127.1500,761.6190,247.8670,265.2310,311.3710,245.7650,140.7440,239.7250,290.0080,220.1320,132.3390,114.9900,119.0140,129.8260,118.7300,71.5639,124.1440,251.0910,303.0910,271.5000,259.1940,223.0230,193.8560,131.4380,117.7950,114.3530,68.0391,57.9063,104.3590,185.0860,263.0440,194.9460,101.7770,53.0280,147.4710,163.2400,144.7940,109.2030,33.3439,50.1929,81.7486,108.0960,151.7880,198.3310,213.8180,173.5890,101.7190,43.0561,25.4109,44.3531,57.5491,95.2004,130.2340,139.0140,137.7060,105.1010,76.7379,26.5002,56.2147,139.9500,237.8910,269.7710,268.1530,263.5830,253.3030,193.9090,130.9280,100.8870,89.3190,78.5246,74.4460,67.5420,30.1535,20.7997,9.9073,14.8488,5.7821,7.5875,22.7608,21.3335,45.0462,61.8366,97.5890,148.9590,154.4030,145.4730,145.9380,139.8070,123.9610,99.5414,101.9620,97.7165,69.5388,75.0107,120.6560,151.5150,160.2550,155.7300,129.0930,111.9620,98.0031,98.2476,106.1230,79.7862,66.8171,58.3064,53.0881,41.1345,54.4155,105.0280,171.3790,170.0720,132.2280,104.5540,24.5139,69.1157,59.1479,64.1650,10.4307,30.9296,52.1301,64.5459,47.9538,40.3800,33.9260,40.7139,55.1107,57.0956,53.3526,21.0583,31.5145,59.9795,75.1522,89.8875,97.8519,111.3190,128.7060,134.0900,104.4340,83.3199,70.0124,60.4339,43.4734,23.7646,29.5966,38.2815,42.5070,56.8829,62.1869,67.8903,51.3039,36.9529,31.9627,40.0717,56.7362,63.5995,65.7859,59.2987,51.7017,47.9887,70.9171,65.5244,75.1921,74.4462,71.2624,52.3533,60.0023,46.2203,50.3450,48.4458,43.8219,26.4931,20.0741,47.7467,39.6908,46.2999,35.6234,66.1777,65.6441,69.6236,61.9755,38.5675,48.5280,41.8943,37.2940,30.0891,12.2213,12.0198,20.0190,30.6203,51.5614,40.6883,52.6146,19.2002,37.2212,25.7532,17.0017,12.9933,30.2710
71006.3000,56988.2000,34244.7000,35565.3000,43492.8000,35044.5000,25449.6000,22256.9000,20411.5000,16962.3000,13758.3000,10940.7000,9701.4700,8954.1100,7212.9200,6864.2400,6521.4400,5184.2300,4537.6600,4069.0500,3730.8200,3055.8900,2785.3000,2335.8800,1866.5900,1737.7200,1480.7100,1343.0000,1263.6800,971.2330,770.0270,643.0600,584.9790,504.7390,470.2860,475.6890,397.5010,296.7050,249.2880,243.9950,239.6540,219.9370,221.7270,186.6110,151.6930,122.5720,143.6530,151.7720,110.8660,118.9630,152.7590,213.2500,210.7740,291.7330,508.9710,645.0570,734.3650,712.2380,617.2510,521.8380,437.5200,366.9290,347.2250,302.9760,286.1190,252.2040,155.6460,42.4482,123.4360,217.0790,291.8030,319.9130,300.8400,282.3660,305.1130,455.9070,708.7970,1021.6700,1334.7100,1708.4100,1774.7000,1465.7900,1211.4500,1015.1800,946.2650,816.7240,676.1320,583.7670,561.0410,529.3710,478.4550,511.9670,560.6440,583.7820,764.7830,1072.8800,1210.9000,1364.7900,1343.4500,1356.7400,1393.0000,1090.2400,717.1810,200.1210,309.9710,347.6560,268.3340,193.0410,278.7340,330.3680,258.6100,180.6390,158.7970,122.9810,111.3660,101.2610,55.9461,113.4000,228.2240,280.8410,279.9010,266.0330,225.0570,200.1830,152.7920,129.7350,124.8150,91.9063,73.6031,116.2060,205.0570,287.5230,230.7060,129.0960,52.3472,132.2060,156.2690,139.8270,100.5630,49.5627,50.4689,75.5154,101.6090,135.8920,169.1440,182.1840,152.5620,95.4286,41.6393,28.2412,53.0473,52.2788,78.4309,121.9170,136.8730,143.6730,111.1890,61.5535,24.4766,55.6759,125.7160,215.3290,269.0620,265.5710,263.6470,250.0390,208.2060,159.6650,128.9710,108.2280,108.7790,111.5970,107.3420,71.4129,38.5146,24.4723,27.5580,24.9775,7.6073,25.0516,38.5925,60.8714,73.4973,95.7474,144.3730,133.8280,114.7270,113.4650,111.2160,103.0400,76.7945,77.8661,79.1231,61.8516,88.6735,144.6950,159.7750,159.9860,153.9020,151.0230,131.8400,102.9890,87.3940,95.8761,83.3988,63.8393,56.2245,50.7279,43.1287,46.2564,87.2571,141.9260,149.6510,139.9500,133.1420,54.8428,58.8631,38.1209,60.1233,37.5293,31.4330,4.9972,34.2386,43.2773,53.0990,57.1946,82.8734,79.3915,61.6270,35.1657,34.9295,54.2300,69.9074,67.7392,57.9101,70.1371,93.3575,115.3150,101.7630,93.9625,86.5522,69.9943,39.9194,15.7595,18.8547,19.2339,18.6397,23.4794,39.3802,44.8261,55.0118,40.8147,22.7934,26.1127,31.1909,38.9014,44.2674,54.1848,40.8653,40.7144,55.8214,86.6854,79.7919,73.3287,69.6792,61.7440,37.4969,44.1104,51.0893,57.6851,69.2379,41.4305,24.7795,42.1857,58.1071,54.2889,36.7075,27.3149,63.7113,85.2990,104.2320,83.0628,41.2774,25.4749,21.7799,22.1978,32.3891,18.5491,19.7195,24.0473,30.5338,47.4298,23.1278,29.7376,16.6404,17.0586,11.7140,12.5942,18.0279,27.1568
71249.5000,57157.7000,34588.6000,36307.2000,43994.2000,35166.0000,25559.6000,22288.1000,20294.8000,16811.4000,13622.2000,10888.1000,9650.2000,8931.1900,7242.0100,6867.4600,6508.1700,5188.7100,4501.4100,4029.3000,3715.2300,2975.9100,2742.5900,2233.3000,1803.2400,1674.7600,1422.3100,1303.2500,1180.0300,926.6700,713.1810,571.3120,527.6390,445.3640,413.3010,393.9620,309.8260,231.0370,183.2730,161.6240,150.0000,141.8360,138.0710,115.0720,78.8921,55.5947,83.2144,110.5210,117.3550,141.5050,183.7760,260.2740,264.2360,335.0530,545.6660,685.1810,772.3950,742.0440,642.4680,529.4830,433.1940,364.4550,346.7890,294.8920,268.1870,229.0900,133.8790,47.9450,141.7930,233.0130,303.6390,343.4830,336.9420,310.4870,336.7400,499.3770,771.6080,1101.5000,1411.7500,1776.2000,1837.2200,1535.9500,1258.0400,1084.5900,975.1330,844.9960,679.1060,589.8450,575.5930,535.6600,484.1700,518.7540,564.7660,593.5780,769.9100,1071.2200,1199.9600,1362.4000,1325.5100,1325.2200,1351.2100,1054.3800,686.7440,203.2810,316.6040,352.4710,272.7170,162.9910,247.5250,294.0360,225.1930,128.1750,99.5648,102.7410,120.0110,109.4030,77.0101,151.4320,272.4230,314.1630,296.5720,282.2830,242.3450,205.4820,142.7000,123.6990,114.3120,55.8195,79.5521,149.8970,221.2590,280.3080,215.1280,108.9890,46.3558,159.5360,171.1040,142.0600,107.7960,62.4948,71.8204,91.7752,117.4510,143.6430,177.9850,179.7680,137.4070,86.5282,39.6766,25.6431,56.0950,68.8014,81.1001,111.4040,127.4920,137.2830,95.4312,46.2358,13.5321,41.4787,97.5954,180.1900,228.1020,233.5880,229.4570,217.0540,170.6240,127.5030,96.4195,76.8542,71.2010,77.0317,66.9799,47.0512,35.2059,28.0080,12.0877,18.6255,11.5217,11.7442,19.1767,43.8945,69.6338,88.6925,134.0980,123.9690,118.1420,120.4590,120.7930,101.0620,81.4094,91.3830,87.8531,64.2221,81.0724,139.9210,164.7920,161.7260,142.2260,109.3290,102.0270,89.8334,83.5075,97.4539,81.2026,73.6485,63.5724,66.0998,57.7666,44.2794,95.1678,175.6020,182.8580,162.2590,137.4890,46.5242,39.1447,58.4789,80.9517,54.2019,32.7109,17.7783,53.4013,55.9979,47.8372,43.4837,81.9322,82.4908,70.8919,53.8068,46.3501,50.7876,66.1434,92.2450,101.2000,107.5210,110.9520,132.7690,142.2440,124.2380,104.1490,80.2251,67.3150,51.4171,42.3824,37.4784,44.7148,50.8262,36.4523,33.8644,29.6242,41.6694,19.6553,16.1455,16.6814,25.5646,34.7610,34.5314,55.9961,71.3833,92.3634,106.1310,105.3540,92.8524,89.2434,59.2276,38.5093,46.7637,54.5643,58.9888,61.2090,40.2848,25.4516,49.9648,87.2762,69.3939,37.0325,21.4649,63.1881,76.7626,81.1278,61.3142,20.7229,16.9829,23.3956,22.9113,15.9061,16.8855,23.8313,26.9242,27.5369,31.2406,29.9914,48.8358,39.0398,47.5361,25.3606,13.4532,14.8575,30.7560
70710.4000,57031.4000,34305.5000,35658.5000,43243.5000,34554.2000,25139.9000,21922.0000,19976.8000,16561.9000,13550.4000,10754.5000,9516.9300,8889.1300,7129.8000,6766.5000,6492.4600,5139.0500,4481.7500,4023.8200,3691.8200,3016.1700,2770.3100,2319.2400,1856.0000,1744.9100,1497.6100,1369.8600,1293.1500,1009.8200,800.9920,664.1040,618.7270,538.3170,488.1890,489.2150,426.7550,327.5630,266.4670,256.3620,234.5220,225.0700,212.5880,208.1190,179.8860,138.9710,159.3890,181.8940,158.3700,158.1040,197.7940,267.8990,258.4040,322.3870,529.0460,658.6390,746.0050,713.9730,617.5980,531.2150,443.5330,375.1500,344.9510,295.0090,278.5960,239.2540,137.1650,57.0123,150.7480,246.3530,306.0880,344.9750,347.4490,330.4060,360.7570,521.6990,797.4690,1141.3200,1462.6400,1847.5400,1932.3600,1617.2700,1314.1800,1129.6100,1009.9100,878.5640,704.2380,597.1130,588.9190,565.7110,492.4040,527.0940,592.7620,597.2970,769.2470,1079.1100,1207.7700,1330.3100,1288.1800,1304.0300,1316.7300,1024.2900,670.1560,200.7540,296.4250,335.7760,260.5700,152.5470,239.8060,281.2750,199.3420,119.8150,111.5750,107.5070,110.0530,88.1490,55.5153,128.5010,243.6520,295.1130,266.1120,248.0650,232.5690,199.4770,143.2790,122.1140,116.3510,69.3499,80.5044,130.3660,199.3300,268.5420,204.7230,113.1620,34.4016,147.3430,160.8100,138.4260,95.6370,39.6493,56.2100,80.4931,100.8040,140.4590,171.8300,179.9650,146.7950,86.6641,37.2237,30.4666,42.1548,48.3383,69.9307,100.7620,113.8460,124.3310,95.4880,44.5684,35.1097,70.1716,137.7690,220.8330,275.1110,277.6210,271.2310,255.4940,204.2630,146.5630,116.1940,102.0460,90.9577,80.5072,74.1613,42.5790,45.2143,22.1331,24.0674,11.3181,12.9060,28.0136,24.9721,54.6847,72.7432,114.5710,161.2830,154.9780,140.0510,137.2920,131.1310,124.1940,104.1570,109.8480,104.3170,81.0086,104.7500,146.1060,160.3080,165.6390,164.2820,148.2140,122.4730,109.2110,99.8852,108.9970,77.4393,70.2726,71.5258,67.6155,38.7877,42.8808,87.3520,142.7170,126.5740,89.7354,71.7301,68.0187,111.8230,106.0360,89.2643,63.8938,65.5505,90.2850,83.0660,59.7731,45.2423,41.5378,43.0410,31.2372,38.8802,22.0037,18.6360,35.0157,62.2276,73.7347,93.7469,107.2620,120.3810,118.2270,104.9170,99.3257,94.3288,78.2079,58.2942,28.5075,23.7409,38.9606,54.0360,51.1228,41.9822,41.6712,45.8577,55.2991,41.8624,24.2781,20.6540,30.1550,36.8292,30.7965,34.7757,31.9028,54.0188,63.7088,68.1586,77.1881,76.1503,70.3147,66.2348,69.9463,69.4880,49.6979,42.4611,23.7279,19.4086,40.0061,66.0252,49.2352,23.7082,38.7490,77.1575,80.3374,69.6955,41.2125,19.8620,44.4380,59.8269,69.6319,72.1008,59.7583,33.1981,16.0289,19.2436,29.3004,32.6598,30.7418,13.4982,16.6440,23.1152,22.1997,7.7800,14.6557
70908.7000,56982.5000,34254.4000,35487.6000,43291.4000,34864.8000,25322.4000,22198.3000,20385.1000,16926.6000,13751.8000,10915.8000,9698.3400,8964.7500,7240.0900,6927.7000,6578.7700,5225.3100,4600.4800,4127.5800,3774.3900,3098.5700,2818.8600,2349.5200,1866.8700,1740.9700,1491.5200,1360.7000,1264.3700,964.7920,777.3310,658.6380,597.4020,501.2290,464.0520,468.4710,390.4710,283.0780,228.5000,243.7240,255.4680,234.2220,239.0180,207.0900,176.2730,142.5800,160.8640,161.6070,121.5540,129.1320,172.8580,232.9870,229.6130,298.9640,499.9760,644.7590,746.2350,731.0760,621.1740,516.8510,438.7060,374.8590,354.4730,315.9600,304.1120,264.2870,155.3480,54.6371,132.5340,242.6800,324.5300,350.0110,346.0430,336.1240,355.0640,518.9970,799.6840,1163.4000,1524.5600,1938.5800,2040.9800,1725.8700,1417.6500,1180.4400,1081.4500,950.1510,784.2290,655.9270,617.8530,584.8230,538.4820,565.0220,592.3830,606.6860,782.7970,1088.7400,1223.8800,1342.2600,1298.2100,1306.1100,1324.8400,1015.8200,652.3370,173.6560,296.9370,329.6000,248.7510,169.7550,258.4500,299.1970,227.4410,152.0420,136.2090,110.3770,107.1200,97.9498,57.0816,135.9210,265.2990,315.6940,287.3640,272.2480,259.4410,223.9700,168.6020,143.8820,135.9720,78.6504,90.8120,150.8730,220.7030,275.8870,206.8490,113.4060,49.4772,148.3800,158.0840,139.7000,117.2890,59.4848,46.3394,82.5489,108.8950,142.2720,180.5970,192.0030,161.5390,104.2830,48.5423,27.2119,43.2261,38.0099,68.9511,122.8970,136.0990,142.5100,79.8406,31.0291,25.1922,78.7756,161.8170,247.8500,274.4530,273.1330,258.2620,235.5610,166.3930,114.3550,85.6585,69.6083,57.8377,57.6282,56.0178,51.9841,67.6397,42.3652,35.5847,19.0297,28.3194,45.6737,36.8316,51.2664,62.7133,98.5870,148.9160,146.5590,129.7950,127.4950,125.7690,122.0780,96.2646,101.7240,104.2940,80.5700,98.5632,151.2420,168.5770,170.8990,156.8290,140.2490,130.7740,101.8890,93.6599,88.1501,80.8321,71.8132,66.0018,37.6391,27.1819,48.3150,89.5630,153.4020,171.1260,143.2440,107.2100,16.2169,60.9762,94.2315,111.1790,80.0472,56.8772,55.5188,66.3739,75.2884,81.7435,77.6051,79.5677,73.1681,56.3675,33.6751,29.6969,49.8076,71.7235,81.1032,84.9983,87.9015,92.4112,102.0670,106.8380,90.2306,68.1018,59.6031,54.4640,51.7436,31.6081,31.3512,39.3388,37.1330,39.0543,44.0764,55.2036,61.8477,50.1442,34.5746,24.9526,35.9766,48.2360,55.0969,63.8212,64.6760,66.4009,71.0310,50.5838,45.5883,45.3569,43.0216,53.7614,77.9089,84.3428,86.2139,85.1739,65.6339,40.0761,52.2118,85.3395,76.9375,44.3458,28.0560,71.4045,82.0788,80.5756,42.9664,19.8442,23.6720,34.0994,41.2465,49.1726,26.7175,25.6807,22.0581,32.1220,31.6235,34.0618,26.6953,16.8066,21.8931,19.6374,22.2515,5.3117,17.0161
71324.7000,57232.5000,34606.7000,36240.1000,44014.5000,35244.1000,25586.9000,22301.1000,20371.9000,16902.0000,13682.1000,10912.7000,9706.1800,9007.1100,7282.3900,6875.9600,6525.8300,5213.2600,4512.2200,4021.6200,3681.9700,2966.3500,2741.1000,2245.3900,1800.6100,1692.6600,1449.0500,1323.1400,1217.9900,955.9090,725.6490,579.4170,541.9510,454.9430,410.7770,407.6170,331.7470,230.4810,162.8440,151.0280,152.2030,145.7910,143.1400,127.0620,97.8355,69.6798,101.3390,143.5280,164.2620,189.4480,229.1440,316.7650,319.1050,365.9510,571.6140,722.5270,815.0650,765.4370,641.8080,549.4440,467.7190,393.1730,357.5920,301.7380,292.9020,262.5580,182.8220,54.3865,90.6302,195.3380,270.7310,303.8570,322.4200,311.2770,322.6410,493.8590,787.4250,1169.6400,1565.9900,2003.1700,2081.5600,1735.3900,1449.1600,1208.7100,1138.9500,954.3550,767.2000,666.7460,636.8450,590.9450,545.6990,588.6920,617.5640,605.8450,785.7610,1103.2200,1241.1900,1343.7800,1290.9300,1282.9500,1302.8000,1014.2200,661.5150,174.4060,303.9280,331.6550,249.1640,159.6940,243.1340,277.3550,195.7860,129.3360,120.6250,91.2077,89.3700,86.5573,84.1495,171.6590,286.6940,326.2600,305.6270,286.5990,262.0820,226.4090,171.9430,146.1290,143.3370,94.9609,83.8203,141.8120,214.4250,263.9590,211.0240,127.3030,26.5445,124.6510,137.0440,118.7250,78.3984,28.9167,47.5785,86.6228,110.6710,143.9720,173.1350,182.9300,143.1220,77.6625,29.5986,40.9142,65.4280,56.7561,88.1511,131.3770,133.5900,127.2500,85.7054,45.9673,30.1324,68.2866,133.5230,215.6960,260.3970,255.3660,240.7460,216.7990,163.8630,118.6180,74.8756,54.7058,60.3440,57.1081,55.5814,31.6714,45.9032,48.9618,54.0343,40.7282,22.4520,29.3413,36.3229,77.6568,81.2420,114.6250,140.9710,147.5680,148.3930,148.0850,150.9140,140.9730,105.1180,101.4740,110.9010,104.0030,121.7740,154.2150,173.2300,178.5350,173.5990,147.9500,111.7490,81.9467,63.5213,64.5928,55.5727,60.4297,68.1927,65.9107,36.4145,51.4433,107.9580,169.3200,166.5130,126.6870,80.0751,25.1560,78.5817,97.0667,104.9920,77.7640,60.5281,82.4067,98.7760,84.5736,75.1661,66.6835,73.4475,63.1205,48.1718,31.9794,10.7057,25.7181,52.5754,64.3444,72.8643,83.5377,94.4014,109.3950,115.0800,102.7030,89.8330,78.2702,64.1953,39.6982,24.6402,29.9964,35.0562,35.1961,36.5522,39.1306,46.1947,44.6224,32.5120,21.7832,24.9991,38.9294,51.4225,52.8316,52.1445,54.6923,56.5715,73.4143,63.7863,65.1660,61.3419,41.4827,38.6858,45.2795,64.9587,50.9224,54.1790,20.7082,23.5869,29.2091,47.2658,24.9568,23.1549,42.5407,78.1014,68.1629,60.7318,33.1009,29.1477,34.4296,37.2179,35.0830,30.6601,21.5322,7.7803,12.1260,28.6692,47.2966,40.9943,34.3343,25.3334,18.4231,11.6876,10.7195,10.4790,19.6414
70902.8000,57115.9000,34465.5000,35956.5000,43463.6000,34658.9000,25211.7000,22021.0000,20074.3000,16624.1000,13593.7000,10834.0000,9620.4600,8996.1500,7226.1300,6835.3500,6555.2200,5201.3400,4497.5900,4022.1600,3712.4600,2997.2700,2764.6700,2273.3100,1829.9100,1726.7900,1475.9400,1340.2800,1216.2300,954.0490,725.5980,579.2160,546.9820,453.5380,422.6540,418.8920,343.3960,252.6880,191.0400,181.6060,164.1500,149.8190,150.0410,157.9100,132.8650,80.1914,110.8400,155.6090,167.4180,198.1650,241.0900,300.7520,299.6320,378.5040,575.2740,704.5800,787.2090,754.4700,651.9700,554.6820,461.9940,402.0830,359.1280,310.3100,287.3670,273.1470,200.3760,51.2449,88.7749,193.4680,263.5210,310.9650,331.2190,319.7780,327.0060,471.6130,742.7940,1124.7900,1535.8300,1985.2100,2066.3100,1730.5600,1471.9000,1227.4000,1176.7900,992.4930,793.1480,669.4770,643.3140,620.3440,580.9350,603.4060,611.8300,592.1900,752.3820,1065.1300,1207.1500,1317.2800,1277.6000,1274.5600,1291.7500,996.9860,645.3240,149.1350,312.9960,333.1010,247.3660,155.8130,238.3450,272.0030,199.3280,134.1920,107.6730,89.1353,108.8810,107.1700,78.3647,155.5270,273.6130,313.4960,295.9030,284.0670,246.4100,212.1310,143.8730,126.3090,114.1830,54.1883,74.9797,128.1780,185.8280,237.9820,174.1580,109.3800,55.8453,166.7210,166.3730,139.5840,108.2540,69.8799,59.6815,79.1570,102.6260,127.5700,168.7310,180.8810,138.3050,93.4498,52.4262,18.4213,39.1715,49.3389,69.6840,105.4090,116.1810,121.3840,92.9990,47.0344,37.8528,77.4257,151.4530,228.7140,274.0870,276.8260,267.8590,251.5240,194.3250,129.6530,89.4087,75.2405,61.4326,52.5306,37.2940,8.1530,18.7991,28.8424,41.9094,36.2476,32.2282,40.7673,49.9760,79.0685,84.9351,100.2540,135.4600,132.5740,115.2990,106.9800,114.4700,110.5300,86.0150,78.7233,81.1876,70.3370,84.2212,136.2310,157.9930,151.8860,128.0450,92.3259,85.4640,74.3424,70.4946,89.5652,90.8105,76.9687,69.4450,59.2406,37.1792,42.5314,95.1765,160.2390,161.3950,141.7820,138.3640,59.6533,56.2855,16.4225,27.9958,27.4688,24.1496,36.7434,39.8654,44.4644,52.1726,63.6028,84.1001,92.6973,85.0312,68.0432,49.5593,71.8261,100.8850,107.1230,113.6070,113.6310,114.0550,114.6880,116.4390,106.8090,82.2074,61.3096,41.7593,24.4447,17.8605,24.8524,27.4609,25.5815,24.9218,30.1767,40.1882,56.0540,48.9117,35.7646,41.3105,54.9028,65.7344,60.3232,58.8858,60.1820,74.4140,93.6792,96.3148,82.7012,67.1942,27.5777,6.8157,17.8964,51.5135,80.1396,100.5770,69.3800,36.6270,36.6784,61.4470,56.0687,35.9845,17.7563,55.3302,75.9983,89.8451,75.0261,36.8059,28.6126,23.2951,25.9298,32.5865,34.8425,21.4197,39.6956,32.8010,52.7919,32.8868,40.2133,25.8009,26.2643,15.0092,13.2967,15.8786,29.7745
70759.8000,56943.9000,34202.4000,35332.9000,43080.3000,34670.6000,25195.1000,22061.6000,20240.9000,16811.3000,13689.8000,10860.0000,9621.8600,8914.8700,7177.4700,6832.2700,6492.3900,5136.7400,4489.9500,4042.9500,3719.7700,3044.0700,2784.4200,2310.6700,1854.0600,1745.7300,1487.0400,1340.6800,1240.9700,956.2440,758.9720,642.7190,585.5680,502.1620,471.7930,482.3350,404.5820,299.1270,245.1730,244.4440,247.5720,225.7230,216.7800,187.8690,166.9090,130.3690,140.0550,145.4010,126.1850,145.4440,198.0160,261.3430,269.4910,350.9230,541.6290,683.6670,783.2080,768.3450,670.5340,562.9810,462.1170,393.8270,361.1900,305.2420,296.0170,265.4780,172.7530,45.1085,101.7140,199.0910,266.5330,299.7780,315.8910,293.2460,296.1460,463.5210,731.2520,1085.0500,1460.5300,1881.6600,1962.6300,1665.0900,1415.1400,1178.9500,1117.3100,947.8120,771.8100,657.0240,635.8940,595.0040,546.4440,582.9470,593.9200,572.3450,743.6090,1059.6300,1206.3000,1317.8800,1280.8100,1296.2500,1321.0000,1008.5700,648.6990,145.9120,302.3280,329.1240,249.0270,151.1870,244.1550,286.5630,214.4390,130.8240,123.2130,107.3240,104.2300,90.3116,61.4019,148.0750,266.2850,295.2500,280.2490,266.7270,228.7860,188.4940,145.0860,136.6560,122.4200,77.7699,95.1201,152.6710,217.2620,258.2260,196.6640,107.0240,49.7813,171.5940,178.4560,155.9200,105.3800,49.5070,56.7820,86.1818,100.6380,112.8500,149.5090,165.4520,135.9560,91.7445,47.2724,12.0250,49.4692,59.3548,95.3967,141.6470,156.5920,152.1900,109.4300,76.0398,27.1504,59.1532,135.1550,216.6210,258.9230,268.0970,264.5820,258.2900,203.7860,133.1440,92.8383,82.4010,72.4414,71.4367,68.8830,23.8650,27.0986,24.3036,23.1474,24.0396,27.8910,31.7863,38.4223,70.6929,100.2160,118.1690,149.7970,134.2310,118.0300,106.5420,106.7200,94.2920,82.5157,88.6351,89.9465,76.7599,95.5742,152.5050,172.7200,171.3800,153.4890,134.5660,125.1010,96.4483,83.6842,86.7399,85.2670,77.5411,80.6910,79.8638,57.2181,44.4513,97.6888,165.7830,162.4620,130.5220,77.3091,31.2755,73.1133,110.7810,123.6410,97.6794,56.4289,52.3111,91.3934,97.8651,98.0102,87.5345,101.8950,85.7854,57.5851,28.0140,40.4206,67.2141,81.0187,95.6762,103.6300,109.7080,114.9790,134.2950,136.7330,128.3860,125.4680,107.2920,86.9368,67.0376,57.1264,52.4151,66.7301,71.3969,58.1301,52.7054,51.7569,49.1840,21.8724,9.2127,19.8701,31.2745,33.8150,43.2464,41.2964,47.8020,63.2338,76.5747,72.7877,66.0911,61.7815,41.8631,21.3141,33.5318,50.2642,63.0166,76.9892,50.4525,28.3867,54.7126,85.1961,70.6936,47.2587,16.5518,67.3910,79.8937,93.9774,51.7144,29.0043,22.8386,21.9966,23.5922,20.6758,24.4808,16.7552,28.0606,21.9584,50.6949,35.4325,59.6648,36.0663,47.3738,17.6382,16.3269,24.9762,39.6600
71376.2000,57259.6000,34601.8000,36109.4000,43922.9000,35288.3000,25647.6000,22363.4000,20433.1000,16979.5000,13725.0000,10928.5000,9701.0300,8970.0900,7248.4800,6868.8800,6537.0500,5239.6200,4535.8500,4045.6100,3721.5100,3000.6000,2774.8000,2275.9500,1848.8100,1715.1300,1455.1500,1340.0000,1212.5900,954.3000,725.5820,579.5530,541.2130,448.9800,423.5340,427.8540,351.5180,261.1920,194.2070,179.7950,177.8950,175.4060,170.4270,172.9020,155.6870,109.9890,132.8710,171.3030,178.0140,204.9450,248.2900,330.7320,332.0570,407.2550,604.0530,725.6300,794.1820,756.2120,641.0240,525.0390,441.2460,368.0750,338.0310,276.9010,256.8600,225.9020,141.5510,51.4410,132.3770,226.2640,298.3860,330.0530,311.9530,284.8090,312.8960,476.4920,747.7110,1097.4300,1450.1300,1840.3500,1914.6800,1640.8900,1393.3000,1198.4800,1124.3700,959.6360,782.9880,669.8030,641.3060,585.7450,528.3600,564.1240,585.4560,582.0070,768.7800,1086.0300,1226.8000,1381.9100,1363.4600,1369.8100,1382.8000,1064.7600,691.2220,184.4800,301.6920,333.8850,258.9630,144.3850,226.5840,271.3660,212.7500,136.9630,116.6560,105.5990,116.0610,112.4410,64.9616,135.4680,262.5110,300.6080,266.4440,255.0710,245.7800,204.5870,153.9180,139.0360,129.6850,79.1636,93.1677,155.9840,228.0080,255.5690,174.4810,105.1330,77.1479,192.1730,182.0020,144.1070,102.9440,74.1879,74.4374,85.1377,100.5530,135.6070,177.1730,185.5900,144.6800,94.1540,59.3865,45.0167,44.2870,48.6714,82.3036,124.0180,143.4760,151.4270,111.8460,50.4251,27.3734,66.8622,138.1250,218.3350,274.3930,283.2290,278.8520,258.2190,191.3530,140.7790,109.2830,86.1743,74.9021,74.9274,78.2934,34.6206,31.2839,25.0486,44.4158,45.8618,33.0484,40.4579,47.9178,68.7388,71.8667,73.0728,109.9680,115.0220,114.4730,120.0000,120.9290,103.3420,70.8436,71.5837,77.6314,63.5099,94.2974,159.9180,183.0640,184.7250,172.3890,139.6030,111.2140,91.4844,73.5641,85.9371,68.6229,66.8448,59.1565,45.0398,30.9980,41.7057,85.6035,149.1020,162.6430,142.2110,113.4820,23.2444,35.3331,56.4840,60.2980,40.4902,27.0173,40.4197,72.6556,69.7586,69.6854,53.7056,65.2786,68.0109,60.6327,45.6748,14.2341,26.5977,67.1899,76.5375,79.1450,86.7131,104.6590,130.0220,136.4680,122.5720,109.7320,101.2580,88.0327,68.4102,41.3510,41.4403,55.5176,49.2946,38.6199,35.9905,38.0585,43.7561,26.5873,15.3552,21.2136,27.7493,34.6896,19.7861,23.2850,36.2905,65.8777,86.4057,95.5084,95.6677,98.1904,75.4240,58.0509,52.4106,75.6448,70.5009,84.0392,44.4818,18.3125,29.9098,55.4492,44.5209,29.2255,21.9674,59.7630,54.7533,47.2431,17.5090,50.0323,63.9062,71.1346,64.5250,57.5774,48.7099,29.5203,14.4676,20.8104,46.6891,55.7665,70.1307,46.0259,18.8652,12.0389,24.0253,21.8765,14.4826
71166.3000,57250.7000,34594.2000,36207.9000,43730.1000,34857.5000,25363.3000,22138.7000,20159.7000,16689.1000,13653.4000,10894.3000,9657.1000,9025.4600,7320.4700,6934.9000,6614.5600,5272.7300,4584.9800,4085.8700,3760.4400,3035.7100,2777.2100,2307.6700,1869.7800,1736.2500,1449.2500,1313.0700,1205.8100,935.9930,706.1450,570.8850,545.6330,452.1520,420.4050,421.7290,354.4180,269.2200,195.2580,181.7590,184.5450,176.1790,154.6350,148.5160,130.9350,93.6701,125.3000,174.1890,186.5200,219.1480,261.9310,333.0930,332.7120,400.3900,581.5280,712.8420,791.6870,753.1400,619.8600,509.0790,432.1370,358.4720,326.0730,274.9020,257.1310,224.9550,135.2900,54.9329,135.9280,223.7920,285.0030,316.1750,318.3070,283.6730,297.4550,479.1840,741.4550,1046.5700,1359.4600,1728.0400,1806.3400,1532.7600,1300.5800,1125.7800,1061.0400,904.0430,740.8730,610.1120,559.6500,535.3570,506.4220,535.9550,561.2870,577.5520,762.6700,1077.1400,1223.7200,1371.5300,1345.5700,1342.3300,1368.1400,1067.8000,703.5680,196.1500,297.1310,329.5760,254.9820,143.1790,230.5890,272.2480,195.5140,116.7770,117.0240,105.0360,98.6780,91.2285,62.1376,145.5770,268.3790,305.7440,283.8600,273.5980,256.9200,216.9310,160.4480,138.7310,134.8170,76.5154,71.6584,127.9150,197.6000,241.6110,169.0010,125.0080,68.6956,164.3000,157.2740,131.1320,96.1643,47.3712,46.2260,68.3235,95.0919,138.0960,177.4700,176.8620,144.4880,102.3970,52.4633,24.0625,43.7171,44.5434,86.9082,135.6820,153.1520,157.3910,126.0460,69.4608,44.9164,65.8458,138.4260,200.5100,260.3970,282.5550,285.4670,268.8370,196.7090,133.9180,92.0667,63.1302,57.9703,59.8378,51.2032,39.8705,55.7432,48.3099,50.2706,46.5069,36.3252,27.0741,27.0224,27.5154,50.9286,92.6416,135.2210,122.2840,122.4570,128.4020,132.0040,107.0210,71.7893,90.5343,110.4510,88.1977,97.4841,148.5020,171.5800,171.0330,157.8540,129.5850,103.0450,78.1805,67.5310,87.8885,82.6586,81.9766,70.5760,58.9109,42.3240,46.8615,100.0810,158.6140,161.5100,135.7610,109.0160,20.6863,81.3012,88.7027,93.6614,56.4329,40.6913,53.0790,64.6546,60.0858,55.6598,54.0679,66.0541,56.0616,44.6264,28.5098,9.0393,23.3001,55.1789,89.8132,84.3825,77.5911,90.3264,121.4010,140.0080,104.9160,93.5160,89.7689,72.1085,42.7709,39.3975,54.4433,32.4538,18.5431,30.6431,32.4590,43.1925,41.0070,41.9216,44.2805,32.7656,27.1556,44.5753,55.2110,62.0806,72.5004,88.5259,94.9474,65.1947,51.1667,45.4610,60.5663,50.1572,80.2333,72.8520,74.4613,76.0741,57.9208,25.2775,41.5656,65.1057,39.6100,20.6406,25.9840,57.0601,66.5220,73.1969,58.8188,31.3375,35.1569,34.4881,37.3253,46.9505,47.3217,32.8214,24.6597,8.8426,31.7640,36.7023,60.8280,36.9398,35.8249,9.8400,19.5938,13.0681,24.8349
