51047.8000,36335.4000,24420.1000,36329.9000,44267.5000,33615.8000,25854.1000,22204.7000,19331.8000,17244.9000,13398.0000,9792.9200,9036.5000,9343.6400,7100.8200,5323.8500,3616.8000,2330.8900,3868.9800,4755.7800,3878.8300,2776.0900,2346.2300,2364.6100,2668.8500,2685.8600,2068.5200,1538.2000,1494.9400,1515.5400,1566.7100,1714.6100,2197.9500,2585.3100,3282.9200,3490.3400,2806.9500,2099.4600,1517.9800,1142.7100,761.1870,254.9490,705.6400,847.6470,950.8510,831.5960,846.0170,953.9020,941.8470,986.2570,1151.1600,1303.8200,1429.3000,1314.3000,1237.5500,1217.1500,1214.5200,1177.1800,1038.9500,1037.3800,1234.4100,1299.5500,1371.0200,1236.5100,599.1700,381.2970,463.4860,994.5760,930.1490,1106.9800,632.9750,480.4130,184.3030,467.5130,355.5570,644.5590,580.4070,454.1020,351.1820,415.3070,670.3040,767.5440,607.4160,545.8600,579.1280,750.6340,931.5080,814.9500,838.2850,809.3110,598.9270,914.0470,913.7990,857.0420,852.0220,862.4190,996.2180,1043.4000,983.3390,854.3410,751.9790,627.9610,663.5900,713.0200,691.5340,558.7500,477.4560,409.9520,322.1710,217.1900,123.5880,205.9130,503.1310,716.4570,869.0200,914.3610,611.6530,347.6120,303.9340,344.4820,367.6080,315.7900,245.8590,145.2350,226.2710,290.2230,295.4700,269.0960,330.1290,424.9500,461.0620,371.6320,251.9300,97.3070,88.5029,167.0490,209.5060,256.3790,316.4850,327.3690,285.3700,317.8200,248.8770,158.6220,185.3590,135.7750,213.0180,147.2480,126.7660,144.4390,175.2830,173.6490,124.2960,83.7436,137.5510,264.2020,275.5220,175.1740,103.4050,76.6675,70.7576,16.2585,99.4246,89.7812,116.8510,67.8894,210.5320,221.0790,233.2370,228.1460,214.3840,157.8780,121.7950,143.2230,230.8800,331.1130,308.3410,281.5880,269.8500,215.5010,95.6039,44.6535,42.6642,67.4494,100.9400,160.8930,220.6960,261.7640,277.1290,312.6490,289.5520,168.1980,86.2569,66.8849,136.2120,236.2490,206.0120,251.3330,186.4350,128.9550,157.3860,104.4260,190.9820,193.8170,226.4590,282.0370,261.6540,220.7460,203.1290,184.9380,158.9220,125.1990,129.3910,94.4254,44.7079,68.8270,115.4210,106.4190,83.1512,45.3616,64.1890,110.4700,122.0430,135.8370,172.2680,199.5060,180.4860,121.1630,98.7088,136.6740,164.1230,127.2930,77.7105,89.0189,160.1820,209.0240,235.3230,245.4710,242.2070,181.3210,107.4550,79.5312,47.3862,46.9920,63.7950,97.8663,119.9530,149.2260,156.8440,154.2670,107.3640,88.4684,117.2440,127.7150,120.0210,107.9570,97.7582,108.9760,98.1208,92.3479,86.0418,94.1014,100.1180,75.5322,65.5478,93.2126,140.3050,187.0380,239.8920,282.6500,262.5530,189.4620,133.3460,106.6370,132.7670,163.4750,178.8660,188.3890,142.4090,86.5939,66.9042,59.7601,55.4783,60.0770,88.5332,78.4245,92.6469,110.9470,180.0920,207.9910,185.0150,151.0480,139.3000,180.0330,162.0340,115.0710,92.1284,94.4431,93.2506,91.0432
51509.5000,36738.2000,24859.5000,36993.4000,44727.7000,33721.8000,25991.3000,22126.6000,19447.8000,17165.3000,13224.7000,9846.0900,8899.7400,8444.1100,5436.3300,3468.8800,2836.1100,3305.5400,5102.6500,5263.0100,4123.6400,2926.8600,2606.1600,2690.9400,3034.1500,3100.5000,2373.9400,1704.0900,1615.2400,1530.3300,1381.7000,1411.3000,1619.2100,1970.3300,2683.1600,3021.1500,2411.7000,1756.3900,1241.0300,858.2460,565.7560,329.6960,640.4770,712.2410,781.7820,731.0930,781.5460,912.0150,924.4220,957.1780,1102.9700,1259.0600,1350.9600,1224.7900,1193.0100,1203.3200,1221.3500,1136.6500,915.4200,900.9380,1160.8200,1286.5800,1365.9200,1296.3500,680.1510,402.6040,398.8210,946.2350,858.9610,1071.5000,550.1090,596.6250,315.7980,510.5020,307.1660,538.9740,479.4380,407.3810,310.7620,350.8600,555.7800,651.6090,542.0480,484.1920,526.1690,717.9820,969.8800,885.7550,1118.6300,928.8830,777.8080,948.9080,786.2730,714.4310,730.0840,788.7990,922.3050,923.8100,890.6260,814.6180,697.7050,556.2750,585.5010,764.9080,862.9990,808.6100,665.8700,530.9780,406.5250,271.8390,162.9310,279.7930,605.8460,802.0880,984.9520,956.5720,631.5200,405.0700,348.4070,338.4260,311.9060,241.2450,142.3730,143.7200,312.0820,380.7960,433.5100,411.3040,446.8670,510.7450,557.2460,468.6510,335.2830,174.7610,84.1226,127.8600,175.8580,219.2810,277.4120,288.5710,271.3600,316.8080,232.5210,149.4090,128.5740,113.2950,171.2600,117.3740,89.6190,169.3460,222.0730,240.4190,181.5060,162.8230,241.0280,353.1720,338.5940,248.2740,182.8460,168.2970,141.2500,78.4258,107.7520,187.3850,265.9350,214.3520,273.9010,260.2170,206.8960,211.9370,199.4050,126.6070,81.5954,78.5227,122.4940,175.5820,166.0730,170.0540,195.2950,178.6440,137.6060,146.1040,112.9710,94.7813,93.8859,96.5480,112.4720,115.1800,110.9860,123.5550,143.8420,111.7220,161.9030,154.4320,152.4930,201.5260,144.4880,225.8300,184.2340,205.1650,223.8730,155.7140,172.7550,148.2110,166.5850,208.1000,195.9840,171.4440,167.3530,170.7980,195.5230,172.1510,111.7320,109.0120,79.5819,100.8640,94.6838,60.7583,51.8483,59.4478,97.8346,175.9560,214.1580,204.6940,205.2340,195.1890,187.8230,148.2970,145.1080,191.6580,190.9210,138.8960,110.8460,147.5040,187.7640,200.2310,187.6890,160.3860,107.7770,59.4773,51.1255,39.2080,27.0332,73.9898,132.7710,174.2070,191.2740,182.4230,147.0690,98.9065,19.9148,65.4009,88.8972,92.3498,40.3195,81.3699,79.4986,84.5860,87.0791,104.8100,99.7211,88.9259,110.9130,118.9250,106.1750,100.7980,121.9250,174.5510,222.4040,266.1980,243.7570,188.1240,134.5540,107.4720,160.2550,200.3840,230.4710,237.0570,195.1480,129.5740,94.4854,72.7882,72.8023,38.2032,59.9136,55.0000,84.2238,140.7350,232.3080,239.9170,212.2230,177.3460,138.4670,123.3470,101.3260,71.9739,52.9498,69.3118,94.8292,106.2880
50797.4000,36421.1000,24456.3000,36366.1000,44006.5000,33078.7000,25478.6000,21826.9000,19064.7000,16862.5000,13248.5000,9776.9400,8987.4200,9352.4500,6991.5400,4950.2400,2927.9100,1907.3400,4001.8800,4900.6000,3803.9000,2834.1900,2816.7900,3151.3200,3485.5000,3421.3900,2569.2100,1758.0000,1595.6700,1605.4700,1670.4800,1847.6600,2352.1100,2838.3800,3494.7300,3677.0300,2842.8100,1991.9400,1306.7900,792.6050,358.5950,401.6910,811.4020,998.6880,1065.2300,909.1670,872.3030,970.8400,983.2240,1052.0900,1170.2400,1266.8800,1313.8800,1145.3000,1105.6200,1098.5100,1115.2600,1030.5900,776.7630,723.3010,998.1420,1192.2000,1346.7500,1281.0500,636.9710,376.2200,442.4310,982.6150,922.2340,1137.1800,597.4090,573.9000,276.0620,545.9580,387.0010,570.8410,494.0630,353.3970,290.5860,402.7200,656.6260,733.8140,540.3110,435.8860,439.7790,621.5850,919.4410,886.9990,1066.8900,1017.9300,700.8970,857.2890,764.4010,716.0000,751.8930,833.8300,973.4670,977.6890,955.2620,886.4220,731.0110,628.2280,607.9830,643.4260,661.5390,624.8250,625.9670,608.0460,498.6390,333.9000,181.0970,166.3690,475.1140,719.5420,894.4550,946.3090,671.4330,434.7610,343.3760,329.3200,322.7410,283.5110,227.4550,195.5990,257.7900,322.0690,321.8210,314.8230,348.9000,398.5190,439.2780,360.7940,241.1810,93.4240,94.2270,156.4310,177.9780,212.2190,267.9820,281.1470,218.1150,272.2940,210.4540,207.4940,225.7900,131.6130,174.4280,87.5324,68.6244,115.1940,153.7470,163.3330,117.9570,103.6510,187.6740,312.1590,291.6510,232.5230,159.6200,114.3350,107.6810,36.3739,59.0269,129.7710,243.7970,203.8690,278.1910,224.4540,160.3590,129.4590,110.9880,45.1682,17.8971,54.4388,88.6282,176.3850,188.4420,199.1820,214.2610,182.5140,95.7825,46.3706,33.0569,68.1102,110.6340,144.1230,175.8190,209.2710,226.1400,250.1930,240.3380,165.9540,98.3746,102.7560,172.0920,258.6000,205.4480,223.4190,163.8980,141.7500,199.0400,164.3490,227.9790,207.4460,167.0210,175.4830,132.3040,133.9660,136.9550,146.4640,125.6280,103.6750,77.5956,95.2631,102.9330,176.3650,180.5160,105.7410,75.1701,38.4132,95.7636,166.9100,199.6370,200.5700,195.9180,182.0480,164.1050,138.5180,138.4880,167.8390,159.4640,113.6630,91.3793,135.1960,181.7840,193.5600,204.8940,208.9210,193.4620,148.3970,117.2250,92.6280,84.9496,94.7119,115.9370,165.0770,191.1740,180.8770,152.2130,119.9020,51.4179,31.8605,35.8562,51.0120,27.9588,37.3073,43.0694,62.9741,87.4985,105.0190,91.1335,79.7857,75.6114,58.7130,53.1414,81.2124,132.3290,187.2620,236.1720,274.3290,246.9720,180.7260,131.3760,121.5770,164.7420,203.0170,230.8770,228.0740,180.9500,138.6510,111.7340,94.6968,64.4392,28.8610,28.4693,52.0594,102.0870,177.7770,241.2330,244.0800,228.1550,203.1910,174.9790,161.5290,130.9030,95.3308,90.1542,114.3010,128.3370,121.2230
50929.6000,36315.9000,24314.7000,36055.6000,43995.5000,33474.2000,25800.4000,22125.5000,19317.9000,17271.5000,13412.4000,9875.4700,8955.2600,8589.3200,5531.1800,3414.6500,2631.9600,3375.2800,5559.8500,5752.8800,4378.3800,3436.1900,3600.0400,3814.1800,4210.8000,4023.7100,2935.5900,1987.7100,1732.1300,1630.6800,1575.2000,1635.2600,2094.0200,2476.2300,3169.0600,3421.8300,2593.5000,1747.1500,1083.5900,564.1450,189.8570,513.4940,825.5490,962.1610,998.7040,896.3390,887.7930,1016.4900,1047.6700,1096.0900,1182.9500,1259.6000,1286.5600,1116.6600,1077.6300,1053.6800,1060.3200,924.7900,617.2130,577.3380,900.3800,1134.2700,1346.7900,1308.9100,646.2440,426.3210,433.9180,946.6530,883.2110,1122.3600,617.1710,616.2710,319.8530,528.7500,345.0230,549.6840,506.4390,382.8090,297.3280,371.0880,570.2190,628.1950,442.7580,342.5270,351.7480,585.3710,897.4840,989.2910,1341.7600,1167.2700,868.0440,902.5610,674.7490,594.8910,645.2740,753.6030,862.0330,796.2680,723.8700,735.3640,622.5730,523.9660,512.7970,635.2600,726.8220,799.8800,829.1330,759.6070,618.8010,428.7000,234.9640,194.3940,503.4740,721.3050,982.3300,1002.5300,705.1220,467.3440,392.3790,337.7740,262.7500,214.0670,142.9830,134.4750,251.5520,313.7460,388.6860,420.3310,466.0920,485.1170,501.1120,427.1020,308.2380,146.0750,92.1287,154.6770,194.7110,209.8590,238.7990,240.0550,215.3870,260.7200,203.8860,179.9940,168.0630,99.1505,107.9200,48.3279,58.2722,132.9150,164.3480,184.4150,155.4140,122.1610,194.6460,319.4810,287.6670,220.6730,119.8640,66.7762,54.8105,36.7465,89.0154,178.6500,280.2520,242.7960,324.2150,281.8570,215.7540,169.2740,115.2650,43.0184,37.5907,65.7522,66.8095,113.4730,121.5340,140.5550,167.7230,166.5370,86.4704,63.5903,39.5286,70.7692,89.3130,137.6520,192.7480,207.3040,210.2120,203.8790,179.3360,123.7250,61.3121,78.0739,168.2390,239.1710,176.7600,181.0750,124.7120,158.6350,227.8990,197.4150,215.5560,171.4890,140.5470,191.1210,182.5800,182.9520,198.9630,219.1050,232.7910,230.5630,202.0500,145.6170,87.6949,52.6027,97.6400,120.4820,123.8740,105.3040,115.0770,159.4750,190.0570,179.8980,175.3020,167.3110,137.7330,72.5453,78.9967,132.0150,124.2880,84.3992,112.7960,179.4870,215.6030,217.2390,224.9640,206.3140,161.6750,116.5570,82.8891,47.1224,24.2539,55.9092,105.1620,141.3250,171.4790,187.8000,182.0340,162.2960,97.9073,84.1799,147.9420,157.9200,144.5730,116.2660,109.8050,136.9710,118.7110,105.1720,93.2503,98.0191,95.7907,67.9116,48.1236,74.7244,122.9310,151.0090,173.8380,203.0420,197.7770,138.9380,80.8568,69.9638,128.1140,171.3800,208.6920,230.3380,178.4810,133.1460,113.1890,109.3620,98.1799,66.8998,74.1402,67.3452,96.1636,151.2800,201.8000,204.7140,190.8790,169.2090,132.7360,115.7520,92.9231,65.4441,56.3482,70.5339,85.3458,86.5560
51516.5000,36732.9000,24882.4000,36970.3000,44748.1000,33842.1000,26083.2000,22273.2000,19518.0000,17299.7000,13418.5000,10040.4000,9277.0500,9010.0700,5989.9200,3664.4200,2453.3800,3042.0500,5418.8800,5695.5900,4362.2900,3555.3600,3809.6000,4045.1500,4372.2800,4127.6100,2988.1700,2024.4500,1760.7500,1727.7500,1747.6400,1916.1500,2432.4400,2891.5400,3620.8800,3696.2600,2721.4000,1825.6600,1102.9400,515.5680,93.5182,513.2480,866.2540,1009.9200,1049.8900,910.5780,922.7810,1096.4600,1172.8200,1236.0700,1303.9000,1351.3700,1360.8500,1199.0400,1135.8400,1058.2500,1011.2100,829.8830,481.6860,442.0250,834.1520,1084.8700,1335.6400,1318.1700,680.4840,483.3030,388.5720,899.8760,854.5850,1126.5300,659.2510,596.4630,291.8870,490.7510,350.2820,584.2010,542.2380,425.9900,351.7990,434.3500,603.8030,617.1870,414.7610,317.9190,288.8070,513.8360,874.0670,1051.5600,1450.5300,1234.3000,861.0530,780.3770,524.9350,471.2110,557.4590,698.5180,790.2820,740.2820,716.1880,748.8520,696.6140,572.9140,487.9880,545.4390,659.4110,756.7150,837.2760,820.5870,689.4310,515.1460,269.8310,151.6210,449.9200,678.6670,937.7610,932.1510,682.5930,489.3760,407.2320,324.3120,260.6500,205.2260,132.8850,135.7830,210.1480,272.6420,366.6950,416.1340,449.4250,487.2230,508.5180,410.1160,283.7420,127.4310,108.1890,155.9070,199.5120,227.4050,266.3330,261.9580,232.3660,270.7080,189.8810,191.3200,162.0540,81.4505,60.9901,37.2247,71.3466,143.9320,157.7000,169.8110,86.8122,71.4246,178.4680,285.3850,241.2360,180.3520,94.1544,63.5306,66.3886,48.8751,92.8166,199.1130,319.4840,274.1270,338.0010,267.9500,202.1080,152.6970,109.0390,12.6223,28.7753,42.6647,23.7653,77.6987,106.7440,124.1410,141.6100,118.6880,42.9391,55.1976,75.6902,109.0570,104.2570,125.9580,159.4190,170.5990,168.0770,175.9350,163.4930,93.1176,58.0829,106.0160,210.8690,272.5260,182.6670,196.9830,108.3090,198.9020,239.0370,207.4440,206.2380,143.2160,129.8940,177.8380,176.3910,188.4730,189.0960,212.1500,228.8790,228.4050,191.3820,135.4800,63.5922,55.5543,91.5188,120.7780,126.2610,133.0140,138.1210,188.1680,177.5380,150.7750,149.2880,166.2740,163.7680,106.5430,93.4122,141.2900,171.5050,126.9460,90.0604,120.2560,169.4890,186.2840,194.5000,186.8060,134.9630,100.0770,78.5191,59.4668,69.2302,83.6485,109.4940,143.8050,155.6340,156.3360,126.8330,120.8200,33.1003,54.2577,66.4474,69.8539,76.7572,93.8414,96.9910,110.2230,120.8030,128.0530,104.8230,90.5277,89.9004,77.5977,67.5482,73.9700,89.1899,131.5980,173.5670,215.7060,189.0430,127.0830,68.1842,68.2670,137.1200,165.3670,188.4580,199.0090,191.7270,150.9780,134.8850,96.6463,85.5312,63.8809,44.1277,38.8479,60.9012,118.1790,187.5350,198.5840,191.6980,177.3780,148.9640,119.5320,101.4910,82.7316,71.2047,78.5183,88.4767,83.5781
50916.4000,36475.6000,24549.8000,36518.7000,44053.6000,33053.7000,25505.5000,21847.6000,19166.3000,16891.0000,13213.3000,9853.2500,8894.0900,8670.9300,5640.2800,3309.8600,2399.7900,3295.9300,5777.9200,6089.3500,4678.6100,3765.2100,3963.1900,4250.6100,4475.4700,4204.3800,3086.5800,2129.2400,1856.4300,1750.6200,1666.8400,1857.4600,2339.6100,2821.5700,3551.4800,3649.5500,2705.5100,1839.5100,1136.4400,549.8100,100.5660,510.9250,862.0770,1027.5300,1099.0800,960.6680,959.5720,1123.5900,1201.3700,1261.1900,1345.2000,1391.8800,1385.0500,1198.5600,1122.1300,1016.7400,944.2450,749.3810,418.5470,383.5020,768.1570,1020.7000,1289.3300,1281.6800,670.7930,506.8010,380.9360,884.1490,824.6880,1094.6400,634.1480,614.0420,301.3420,479.9800,334.8020,573.3470,537.8930,414.2180,338.6470,413.9990,589.4440,599.7490,369.6230,231.6380,215.5220,452.8280,812.8700,1014.9200,1430.1800,1291.3300,896.6850,834.3610,531.4520,434.0870,480.5520,606.3900,738.0170,708.6450,679.2610,701.1620,648.0770,521.2560,455.1990,538.0910,636.2070,753.8300,880.0650,864.2430,707.3510,518.4970,256.2940,135.4350,430.5430,647.3440,913.7500,930.2610,684.4640,498.5240,418.8070,313.2900,238.0220,148.5030,72.3579,111.2070,226.2040,303.9640,376.4400,413.8880,452.2180,480.5190,487.1910,384.4280,261.1500,102.9570,92.8053,123.4980,147.5240,160.2190,216.1620,223.1820,206.4480,259.8710,197.4640,200.8500,175.8130,82.1465,63.7906,28.4135,108.1040,190.7400,188.4530,186.3730,129.0670,130.5960,203.5530,293.7380,260.6210,196.7130,101.1540,69.0486,69.3165,66.1179,104.7330,215.2170,305.8280,320.6640,396.7620,327.3870,245.8720,187.1470,123.1870,38.7911,41.9288,82.6116,56.7249,120.5770,147.6790,160.7480,184.4640,162.0720,79.0393,46.5289,59.1695,103.7220,108.1110,139.3650,199.2120,229.0630,236.2360,238.0380,215.5510,160.4050,77.0198,104.2090,149.6410,223.7200,143.8390,180.3270,120.2070,202.2060,246.8330,203.7000,174.1610,93.9319,125.8910,179.6140,194.1020,215.0990,223.2720,257.7150,258.0510,233.7840,204.5640,136.5700,78.2935,162.1310,223.8120,217.0650,172.7130,110.1150,44.7530,74.0118,121.1520,163.0900,186.7330,208.7250,188.2640,111.9830,74.1012,129.2220,170.9530,140.9970,108.9220,129.8310,173.7400,190.7350,212.6830,209.7340,186.6080,159.4980,117.8400,57.0675,26.8511,59.3009,115.5760,179.5070,216.5800,211.1390,196.9470,155.9250,51.3948,44.1571,112.0160,119.4770,86.8091,69.9118,62.6117,61.9454,59.3292,52.3645,39.9940,54.1130,66.3093,68.0237,73.9301,87.5425,113.4840,160.1050,202.2610,230.0580,203.2220,153.2940,109.7110,87.4855,117.7220,161.7590,201.3410,226.7100,184.5350,132.8260,102.2710,79.1995,71.6416,30.7958,33.3833,41.1913,65.3551,114.6830,196.9810,216.6700,202.1050,173.8260,139.7110,141.0170,139.9740,122.6260,111.9510,113.9510,134.3520,132.2570
50652.8000,36167.5000,24184.6000,35894.7000,43780.2000,33195.4000,25582.3000,22016.5000,19296.3000,17233.2000,13406.1000,10001.5000,9105.1600,8657.0000,5372.0100,2962.6900,2494.9000,3728.1700,5981.5300,6027.7200,4611.3400,3779.8200,3979.5100,4204.0200,4575.7300,4377.7400,3175.4600,2125.0200,1753.0600,1633.8800,1614.7000,1698.5200,2202.5500,2745.6400,3437.0300,3815.0200,2951.2800,1974.6900,1186.8200,542.0530,102.1950,546.2070,927.8610,1096.2100,1144.1600,1047.1900,1037.0200,1154.7500,1194.8700,1273.3100,1338.4600,1364.5200,1350.1000,1176.3600,1106.2100,1011.0900,956.3800,787.2480,487.8490,458.5320,796.1310,1042.2900,1336.6700,1356.3600,750.9410,536.3240,314.2650,812.7300,828.3440,1120.0800,666.1600,652.8240,314.5710,441.6610,304.5400,619.8170,605.1330,488.3220,407.8580,437.1670,584.6920,588.3540,384.0600,276.5430,206.9290,403.2500,750.8550,979.9060,1413.0700,1224.6700,930.7730,827.8920,534.2650,442.8360,494.4110,638.1390,778.1690,717.3720,651.6040,682.4000,591.7510,479.5960,438.8920,620.7480,770.9140,833.6590,827.3030,748.7600,612.9700,433.6990,216.5530,168.6330,484.9810,663.0860,876.2500,879.0670,666.3690,491.3020,402.2460,277.3560,184.5860,122.2410,76.4717,144.4020,264.3420,345.9360,410.9810,432.7020,469.3200,509.7540,511.3070,405.1660,278.8650,126.8600,90.0625,121.4360,140.0910,147.1720,196.6600,193.7360,216.3640,276.3750,237.8070,222.7080,192.7060,66.6489,28.7330,70.8162,120.5760,210.2650,203.0600,234.1210,185.3260,140.7040,200.8670,309.5690,290.4070,232.4950,149.5350,98.4984,67.1197,45.4283,114.9730,230.0330,335.0490,301.6880,378.5100,332.7380,236.6450,169.2580,103.3420,61.0434,72.2958,92.5048,62.8880,51.2377,82.3531,103.1530,148.8020,163.1110,89.4130,111.9880,75.9992,90.3326,99.6010,134.1860,176.1150,189.0150,190.8640,197.5280,202.3000,160.2880,75.9087,115.1700,186.1690,274.5220,180.6910,216.3300,128.9310,185.4030,212.0640,184.9100,164.4850,121.0450,135.0340,188.4180,189.5490,197.7610,209.4940,234.4330,232.3900,212.1230,166.2740,92.6698,37.2843,118.3690,161.3020,149.1900,128.2730,89.9763,51.3183,112.0460,155.2230,182.0500,210.1800,226.1580,206.8960,142.6680,102.3720,135.5830,168.7550,137.1480,115.4720,147.4560,172.2140,186.2870,179.8940,180.1340,148.9380,118.6880,95.9367,59.7018,37.9410,43.0618,83.5909,149.3340,185.8750,199.7950,213.8020,204.6900,119.3500,59.8975,45.5521,90.5890,107.7370,110.3090,101.9340,100.3890,92.1561,88.4855,81.1593,63.7319,62.8706,89.1310,109.7530,127.6370,152.3450,177.0290,203.4270,231.8650,215.6030,153.9500,107.1500,104.9120,152.6960,183.2700,203.7130,211.8550,168.0820,111.3750,93.6656,53.2671,33.5952,35.8601,65.8128,78.7923,104.6560,147.6130,219.1170,234.5900,208.8090,173.2900,124.0480,114.4030,107.6590,98.5006,99.8639,107.1110,123.2770,122.1060
51473.4000,36641.2000,24715.4000,36691.9000,44588.7000,33816.2000,26028.0000,22138.9000,19364.3000,17171.3000,13187.5000,9680.4500,8646.0100,8081.2100,5065.4800,3676.4500,3999.6000,4342.7200,5662.6100,5670.6000,4518.2900,3596.4000,3626.9300,3892.2500,4358.0600,4356.8200,3249.8500,2162.0700,1560.3100,1220.2600,1134.5800,1284.5300,1859.2300,2744.2300,3457.4300,3859.3900,2938.3900,1929.9000,1200.5500,652.6590,189.8130,495.0700,873.6820,1059.3400,1120.5900,1036.9300,979.1590,1036.7900,1039.9800,1110.7600,1196.1400,1243.2600,1242.5200,1067.0000,1030.7000,978.2670,943.5170,813.8140,538.5210,482.7970,811.1640,1040.7200,1222.8000,1249.8100,636.4310,512.5360,357.7010,826.4190,772.6840,1092.7400,636.6200,738.5950,373.2700,390.8930,240.3170,589.4240,576.7770,467.4640,375.0450,405.1020,559.7110,544.6520,332.2330,212.4320,166.8500,349.7630,674.5920,880.6720,1315.1600,1186.4200,938.1400,856.5350,590.7610,480.5430,481.0590,578.8110,689.2920,650.0640,649.8910,651.7710,531.4470,399.5910,403.9600,592.4560,765.6340,828.2200,760.6580,666.2560,532.6710,356.4420,155.6060,172.1620,469.4330,644.4570,767.2630,774.1370,598.9280,468.7790,346.9840,206.7550,68.4191,92.2975,155.3750,257.1600,366.7070,443.5770,484.4250,498.1020,540.5850,587.9460,567.7510,419.5480,258.4680,107.2170,116.1820,135.4760,142.1790,140.0430,166.7100,176.2690,183.3040,294.6970,294.5750,298.2510,291.9810,135.4280,66.2415,94.1457,169.1310,278.3940,259.8600,267.2630,232.4830,224.1970,281.8820,384.4720,365.3640,293.8890,201.2650,144.2700,113.9800,57.3433,122.9710,247.8200,356.0050,314.3720,407.8400,374.7820,286.3930,223.7330,167.6200,113.0160,116.1940,138.5560,117.9400,79.4579,37.4865,35.1290,133.5650,181.6600,164.9520,169.4220,114.3130,89.5978,91.9401,119.0130,141.3190,145.6090,153.5940,168.3440,178.5160,153.7850,173.3090,179.6640,148.5350,205.1960,122.7140,198.1840,164.5310,206.7970,232.0570,193.1880,140.9240,128.3640,156.2770,246.6000,233.5440,223.1930,200.4390,227.3810,237.4950,207.4300,183.0990,121.9570,71.5864,86.2290,147.5480,150.5870,134.9620,119.9960,96.7819,120.9750,157.5900,165.6030,171.3240,165.5600,154.8700,118.7460,100.8400,143.8040,205.6350,194.1540,150.1610,162.2530,201.9130,200.4200,196.7460,156.4540,115.8820,114.6010,111.2640,56.2301,43.5335,87.7165,138.4620,191.5820,226.4630,200.3070,160.7730,107.6330,33.6337,48.5028,90.7328,113.7460,49.9792,64.1769,53.3833,63.8702,50.3042,28.5114,26.0217,50.6329,53.1727,62.8326,88.7854,100.4700,122.7340,160.9910,194.6540,204.5030,200.4390,171.0060,118.5820,89.6798,135.6160,180.5620,219.6290,237.5460,187.8080,139.0180,107.5640,65.2805,39.6506,33.2775,59.4581,78.8982,118.6680,168.1300,209.1190,201.9430,184.7530,163.8120,146.6410,128.9760,86.4250,54.1061,55.9400,83.2097,94.3580,91.2899
51196.3000,36662.3000,24683.5000,36679.8000,44233.0000,33114.6000,25376.3000,21571.6000,18751.1000,16354.0000,12502.1000,8856.3100,7554.3600,8099.7000,7129.0700,6669.5400,5746.1600,3132.5200,2511.1300,3888.4900,3860.6100,3410.9700,2651.0600,2479.4500,2822.4800,2873.3100,2172.5800,1477.8900,1200.6200,1153.9800,1270.8200,1561.1700,2317.9000,2952.3300,3284.6300,3371.5300,2401.7300,1532.7900,1068.3600,604.2070,277.9920,693.6270,1438.1300,1699.5400,1637.0200,1537.3400,1294.5200,1191.4700,1024.1900,949.5250,967.6260,968.7460,976.1370,885.2470,887.3780,863.9430,831.3070,862.0210,919.4480,926.3520,1008.6600,1120.7500,1231.1600,1283.4500,715.6840,378.6070,356.9210,893.3300,993.5250,1274.4900,824.6580,455.9590,132.6360,353.1520,539.9530,723.6140,574.3540,405.7090,335.7840,399.3290,547.6890,576.6720,418.3770,261.2940,171.0920,181.1900,311.8080,229.5980,357.2980,299.6770,321.9230,365.9380,492.3680,711.9030,966.4050,1086.7000,1225.4900,1223.3000,1168.4300,1085.0300,859.3580,650.2090,646.8450,803.1600,858.8350,622.2430,342.6070,246.0570,319.6910,312.7120,221.4680,104.3040,197.7100,369.4530,456.3090,483.2900,318.8040,160.6860,158.1790,246.9920,289.3990,270.6200,261.0880,338.8530,461.9270,542.3460,569.5070,539.6270,509.7230,547.4790,571.6960,495.4820,408.8010,251.2820,116.5680,78.3072,52.0999,25.0108,48.6342,103.2720,90.0199,219.1840,325.0710,355.5160,426.5660,315.9510,187.4250,121.3840,73.6173,67.4152,93.9509,126.0570,130.7740,148.7600,203.3450,316.1360,370.5110,416.2660,399.0320,395.1660,418.4610,326.5720,229.1820,130.0310,222.9900,341.8610,446.2700,437.5190,335.4310,230.8880,140.6080,110.9720,147.6600,181.2110,123.8550,67.7253,76.5567,83.8995,117.6770,121.6560,82.8571,83.4498,67.4232,48.0946,73.8222,143.1220,202.1860,256.8480,283.5400,328.5450,344.1920,248.2240,152.0740,163.5920,171.4660,267.1170,205.0550,149.7490,70.3192,14.5211,42.4990,61.1149,77.4422,55.7256,86.5749,107.3680,105.1060,111.5290,108.1710,110.2790,96.2909,72.5411,41.0831,44.8200,104.1670,225.0730,258.4650,190.4870,142.9940,81.5295,12.5627,80.7990,79.6484,70.8638,61.8392,77.0310,69.4521,62.5602,108.8780,170.6900,199.4690,133.6080,90.0895,137.4670,158.2350,133.8470,103.8590,86.3223,93.8875,112.9660,119.6940,88.0201,55.6720,81.6400,111.9380,152.9260,177.1940,110.1300,60.9786,40.8274,61.1070,89.7241,102.8570,93.2943,24.3302,60.4974,105.0980,138.4400,137.0030,107.1060,86.9201,91.1287,100.9800,101.4690,93.3724,61.2247,35.9873,110.4530,169.2540,233.1750,216.9870,174.1820,156.3200,138.8470,152.7550,174.4010,204.7670,224.1980,206.8550,152.2780,109.9140,57.2252,53.3795,23.5136,85.0760,110.2440,150.3170,183.1760,215.0530,209.6250,184.9250,148.9630,112.2150,106.4550,123.4880,112.5620,82.1299,80.5418,104.3430,94.0193
50396.4000,35948.5000,23936.2000,35594.2000,43347.3000,32702.5000,25141.3000,21418.8000,18771.7000,16483.8000,12331.3000,8583.8500,6859.0000,5993.8100,4085.7400,4951.4300,6607.5600,6353.9100,6274.9000,5361.8700,4158.6800,3137.7000,2679.8900,2150.9800,2054.3300,2360.2400,1797.2100,1035.0900,416.7210,158.6350,558.0430,866.5640,1512.7900,2237.5300,2263.9800,2265.0500,1423.4400,734.4810,598.2850,357.4420,330.0080,743.0450,1446.5400,1771.8500,1717.4100,1571.0000,1406.1100,1262.9200,1046.5300,818.7240,701.3300,624.7590,619.0410,534.5680,548.7030,566.5380,589.5500,678.2960,849.0090,974.8030,1026.4700,1080.7300,1114.6800,1065.2700,512.4520,223.1720,471.2800,867.7460,935.8310,1236.7700,825.1100,668.7090,279.3930,194.0140,477.1280,819.3590,765.8680,627.4030,474.9190,411.9340,521.1490,509.8500,407.7970,383.4530,425.0680,619.9640,813.8540,850.4020,1150.6900,996.9020,743.5900,654.1010,468.2270,481.6720,711.7810,876.7500,998.8250,1119.5300,1200.8200,1201.0400,966.2970,697.2270,554.3250,703.9850,885.0070,845.2900,545.9680,268.9520,120.9100,201.7220,171.0690,85.3457,191.6900,392.0060,433.8510,483.9860,400.5430,320.9530,271.3570,190.9110,145.9430,176.3910,272.1520,427.8960,551.3690,580.7160,644.4540,652.6220,686.5350,692.4750,653.7950,507.3170,309.4660,206.7730,272.9960,297.7140,291.1950,235.8930,197.5710,177.5660,153.0380,163.5360,272.9400,268.9020,309.2770,255.2140,166.7860,106.1940,150.4570,213.6440,266.8780,329.0520,297.2890,258.7660,319.9850,441.0670,474.8780,447.5670,381.0300,325.2030,297.3960,172.4170,76.1734,155.5320,320.6310,353.9770,457.6700,479.4510,364.5290,264.7350,165.7600,61.7949,99.8743,154.5840,127.7770,55.7235,24.6059,43.3805,110.7590,127.8270,140.3270,137.9050,87.5731,80.2519,94.7484,149.3730,218.5550,281.1640,302.3420,361.1680,351.4750,257.3940,170.1830,173.2340,137.0560,224.7460,155.4500,118.8340,36.9074,83.0642,100.5140,111.4810,136.1620,115.8320,163.3230,199.8070,183.2860,173.2920,163.9720,172.5360,169.5870,159.8550,132.3260,76.5793,46.0276,98.8387,111.5900,92.5113,80.1102,59.2896,98.8191,133.0770,102.9720,76.9754,55.2197,49.3298,33.4432,69.2262,125.6920,178.8580,191.7980,128.7090,111.4120,161.3650,177.6780,156.1470,137.9180,104.8950,85.5923,74.5683,72.4840,72.1459,58.7911,50.2765,73.1129,80.4229,118.5100,106.4190,71.5861,63.6302,41.9963,85.0203,79.0044,89.4507,43.7595,95.0547,116.8760,150.8550,155.2910,134.1300,107.9410,85.8372,91.2329,114.9980,122.6950,106.2060,22.3923,115.9380,178.9760,228.5670,228.8610,215.0400,193.7730,170.1230,180.0790,182.0230,198.0200,214.6110,201.8780,165.9220,133.1320,75.2767,27.9383,9.1838,42.4785,86.6787,137.8040,184.2640,214.4350,212.5740,188.4090,153.1460,99.2019,84.0996,80.2695,62.9846,53.5198,68.4505,93.6412,80.6544
51153.2000,36348.8000,24391.1000,36300.0000,44168.4000,33387.1000,25642.9000,21679.9000,19031.7000,16652.1000,12325.2000,8540.2500,6802.0400,5811.3200,3817.2300,4688.0500,6597.6600,6657.4700,6755.2900,5873.7700,4848.7700,3710.3800,3114.7000,2542.1400,2494.0600,2875.9200,2345.2600,1510.3500,787.6570,308.3740,505.3930,823.1280,1415.8400,2133.7000,2212.3600,2280.1600,1464.9300,796.5880,718.9870,511.3980,395.9330,599.7220,1354.2600,1717.6600,1664.1600,1520.8100,1345.5100,1262.9400,1134.5700,944.5390,812.7150,705.9580,624.1240,495.9580,497.8600,494.3790,489.0460,538.3080,686.0770,827.8720,925.5520,1008.7900,1094.6800,1121.7300,654.5890,281.0010,324.0030,749.1670,950.4780,1318.3100,901.1390,844.8250,397.0250,173.5150,379.5620,733.2030,702.0370,644.9760,464.6530,361.3120,453.0770,452.4770,384.9180,357.3610,391.6540,554.7360,740.2250,804.6620,1063.7500,902.9900,662.3170,575.4280,437.6050,475.6860,676.2490,818.2640,913.2370,1017.1200,1127.2300,1157.3000,929.2300,713.0900,647.7860,799.4570,959.9640,908.5730,604.7270,329.4740,81.9034,200.2000,193.7710,129.1300,95.0654,305.2220,361.0640,453.5880,376.4510,278.4900,233.4110,158.9080,111.4240,151.8070,238.4290,375.0450,529.8220,631.0520,720.4820,731.3970,750.5190,758.2750,695.2930,519.3290,303.2050,195.3180,288.0370,303.7700,299.3990,228.3500,205.8870,187.4710,148.2050,90.2589,193.6220,211.7450,289.7280,248.0550,164.4940,127.1930,144.0550,227.0320,242.6210,287.7850,267.0440,236.8470,304.5430,438.6740,473.6690,432.3330,369.8990,305.0160,272.6950,170.3230,71.5062,127.1460,287.5020,319.0920,406.8630,427.2490,343.8910,249.0240,174.3800,83.4930,79.6107,97.7616,68.3476,21.4514,34.3230,89.3465,163.5550,154.7160,127.0560,102.9120,30.4618,16.4438,45.6438,112.2660,204.8900,257.5680,287.4740,355.5090,370.9760,270.7570,178.7750,175.0030,138.6270,240.7730,187.8230,140.3590,67.8030,25.0547,46.0204,70.9703,107.2560,108.7830,166.1710,216.7750,208.4380,196.3140,169.8920,158.4090,174.1880,165.1870,111.8370,86.1871,57.2048,98.0250,110.8670,75.9318,74.8358,61.6360,108.2130,149.9000,118.6260,80.6175,69.7461,69.5442,62.5571,96.3471,151.5550,193.9330,209.7960,164.1110,155.2870,202.7860,206.9060,168.9600,131.0790,93.0386,78.8767,78.1337,76.8703,59.5158,33.5641,37.0369,88.6958,140.5950,175.3090,143.1360,76.7115,37.8624,81.8661,143.7650,139.3550,118.5460,19.2357,75.9952,122.6060,164.5600,161.1930,123.2910,97.7152,96.0782,110.0580,113.9900,103.7770,70.8786,55.3180,125.9310,206.3760,275.2160,283.6100,239.2120,222.3570,212.6100,209.5140,197.2380,215.1540,231.8600,216.5600,159.3740,128.1400,69.5550,19.7128,53.0143,101.3440,135.2670,169.9500,199.4760,243.7640,226.7810,181.2140,126.9070,72.7811,59.0161,73.0823,73.1463,39.2810,42.1890,71.8190,58.1080
51104.6000,36515.9000,24564.6000,36606.8000,44193.2000,33084.1000,25468.5000,21535.0000,19007.6000,16531.3000,12456.9000,8918.0200,7240.4100,6219.7600,3410.0900,2986.5200,4715.8900,5936.8400,7465.8900,7321.5600,6172.9500,4726.1500,3844.8400,3201.9400,2904.0200,3077.8600,2646.8200,1875.2700,1163.8800,526.8970,324.5120,589.2920,957.8170,1357.5500,1634.2900,1656.4400,958.9540,509.2880,509.6870,405.8930,421.6640,539.4160,1275.2600,1643.5500,1534.8000,1428.5400,1376.8200,1315.1500,1154.9300,963.7220,867.5440,751.9120,651.8230,544.3050,562.5380,541.4000,528.8190,573.4350,731.1340,905.2600,1021.2000,1075.6500,1133.3700,1132.7800,649.7870,304.5280,282.3020,697.3590,940.1770,1346.8000,973.2130,903.4090,448.6540,175.4330,386.5840,730.1030,732.1490,610.6760,506.1280,428.5230,521.5120,490.1740,386.7870,371.2890,455.2540,689.3970,994.4790,1002.3100,1216.8200,1161.0500,783.4220,685.5790,412.7550,308.6640,519.4210,737.0970,892.6700,1064.0900,1186.0400,1210.4500,990.4620,732.1790,586.9850,693.8300,823.9280,853.5100,705.4060,430.3170,196.0440,182.3650,252.1650,211.4220,58.8304,239.4820,340.4910,399.4990,274.0400,229.1360,252.9010,184.6090,143.5870,163.7490,178.9330,303.5530,474.8340,571.5310,639.1570,636.4600,674.6810,700.2420,645.9550,466.0770,253.8230,156.6560,234.1140,295.8010,288.6960,299.2670,275.7690,239.3970,204.9630,140.7640,136.3360,129.4870,220.5130,193.2140,119.4100,100.5270,137.4590,228.5480,267.0410,298.3820,307.8910,283.6390,320.1040,438.5420,446.4390,386.3380,314.0600,253.0630,209.7570,103.6540,70.2698,97.8031,248.6260,285.8550,387.8720,411.1640,338.0760,272.4650,222.7170,118.7530,75.4470,90.8415,43.6482,55.1824,87.6951,139.6820,210.5570,190.4950,113.7070,65.5659,35.0779,34.8216,52.3316,126.8060,236.4800,305.0520,345.1710,392.8750,410.4340,317.6870,190.4640,132.7710,100.5040,191.5560,172.1340,148.6560,79.7334,25.8070,71.0517,110.4730,177.6830,192.9350,192.7470,235.3230,205.2190,182.8950,181.4720,187.6510,183.4830,143.2990,87.7236,49.7756,38.4025,125.7330,129.3790,117.4230,99.3374,63.1505,83.4225,112.8770,93.7901,59.4890,41.4494,56.8111,60.3457,110.5440,163.2240,206.0980,198.4900,148.8480,158.3300,229.1030,250.8080,215.3240,178.9300,140.2830,138.8040,162.1920,179.3840,129.3100,45.8169,44.6231,87.0066,128.7880,147.0880,133.9870,105.2920,71.2589,14.4800,95.9441,101.5090,101.3110,20.0196,63.9343,107.6060,150.5740,169.2680,148.8380,100.8070,68.0361,105.4640,142.8590,139.9490,106.3940,76.3100,108.4830,186.6460,263.7730,285.5380,242.4920,212.0640,214.4800,217.8220,223.3510,226.3810,213.2750,178.5240,128.5540,105.2640,77.4703,38.8271,54.8612,89.8126,121.6420,147.6860,175.8390,193.3250,191.4330,159.2260,122.0670,74.1489,66.2656,87.4777,96.6090,70.2052,55.2542,53.5194,56.3318
50295.4000,35922.4000,23890.3000,35602.4000,43288.3000,32489.8000,24930.2000,21182.0000,18580.6000,16202.0000,12117.9000,8330.3600,6383.1000,5163.6900,3012.6400,4397.2400,7037.2600,7728.3400,8053.3200,6950.4000,5645.5000,4143.9300,3270.5700,2588.0600,2440.0200,2757.4400,2188.4500,1345.2400,664.8020,299.2930,556.4550,832.3670,1302.4600,2050.1800,2230.0000,2218.7200,1666.0000,1054.8800,837.3940,518.0270,423.4630,684.6570,1456.9900,1798.4900,1703.9400,1524.7900,1337.5600,1251.3200,1117.9400,914.5790,807.3680,733.4500,668.3670,578.3390,563.7320,532.3270,531.3960,591.4260,751.6890,923.4270,1049.6400,1121.4300,1188.9300,1194.3800,675.6480,328.5750,248.6710,702.7220,861.4870,1232.2800,842.7560,782.3920,365.4920,155.3860,384.1200,712.3950,688.9720,609.3140,457.9130,395.7640,531.4560,544.6810,426.9100,346.3720,350.3650,480.3650,681.2340,699.9400,990.2090,808.0320,640.0220,516.8430,422.6640,552.7670,788.0760,928.9650,1037.7400,1128.7100,1190.0700,1184.2200,939.5120,698.5600,673.0440,840.0950,1046.3800,974.4380,600.8400,278.0150,106.6880,272.5360,236.7410,150.1740,110.7320,292.9840,379.7850,447.6200,380.7810,290.9850,189.9560,85.4332,93.0621,239.9430,286.7400,354.4970,472.7590,548.0580,612.0950,598.5010,612.4010,648.9460,623.1140,463.4910,272.2580,142.1080,194.9180,250.5450,247.5470,196.4930,157.5780,163.8970,148.0290,96.3320,199.1270,213.1450,282.6550,238.2880,141.1370,109.4870,155.0710,222.0970,233.6850,270.7410,231.7940,210.6940,277.0170,385.1190,386.2450,351.8320,270.3590,189.8530,168.7600,98.7004,52.5474,102.0470,228.7490,285.2460,400.9850,428.9540,360.1660,301.0680,216.2140,115.1380,95.7655,121.4380,98.1782,74.1820,89.5995,87.9064,140.1050,137.2250,77.7324,51.4390,32.0588,14.1531,31.5358,105.9490,205.9340,258.6330,295.7300,346.5260,373.0160,295.8680,194.2460,166.7590,132.5060,248.2210,214.5620,204.3910,122.6320,27.0309,39.5728,90.9857,168.1430,175.9830,203.3720,226.3410,182.7060,160.5500,164.3380,170.6180,152.4670,101.4810,57.6265,26.7644,51.1229,117.3620,121.7280,103.6920,96.2892,74.0754,89.5294,107.4260,75.9675,67.0442,95.3420,105.9430,98.6319,103.5000,151.8470,195.9960,222.4820,183.4050,175.7680,217.7620,213.3510,171.2970,142.6870,136.4840,139.8690,139.2330,143.1670,119.5490,74.4460,35.5208,56.7769,121.9300,180.4270,179.7460,145.2880,93.7354,26.2901,74.8402,121.7440,146.6120,69.7552,107.1810,94.3541,132.8590,137.1910,113.3270,73.4072,66.3948,92.8599,103.0510,95.9160,73.0872,44.8610,117.1940,196.8590,267.4570,270.1970,243.2430,217.6040,177.5400,170.2980,177.9490,200.7360,200.0770,188.9590,145.1620,106.4440,59.6485,22.6842,41.2907,86.8877,112.6480,145.8600,172.5630,200.9920,196.2590,166.5560,131.8970,85.1792,69.7343,69.6048,63.8805,46.2723,40.6573,65.1839,66.0926
51013.7000,36226.4000,24251.3000,36142.1000,44054.9000,33356.5000,25660.2000,21793.1000,19137.3000,16789.7000,12570.5000,8897.0100,7199.0000,5953.9700,3059.2300,3197.0000,5269.0600,6580.8400,7902.3300,7397.2200,6025.2700,4352.2200,3807.6700,3467.8800,3214.5800,3005.6700,2142.7300,1208.7600,464.3030,329.3340,687.6790,998.3070,1334.9700,1702.0500,1925.9800,1876.5900,1156.0400,695.6060,660.3290,419.9880,433.3800,659.9700,1404.7500,1738.8500,1704.3600,1574.3000,1419.3500,1328.0100,1157.4200,964.5700,870.1700,802.4710,735.4430,631.3860,583.4530,513.4940,505.6460,552.0630,731.5610,907.6890,1032.5600,1084.9500,1119.8200,1066.6600,483.4360,365.3150,352.0750,728.1620,778.7550,1140.2000,860.1090,745.7650,459.0750,278.2290,510.7040,794.3940,755.1470,609.5350,483.1300,575.8540,730.4460,662.3720,457.5370,370.4500,379.1840,631.9390,907.6190,1089.5800,1487.1700,1328.6000,971.5640,789.9970,510.4450,433.5090,573.1640,696.8390,842.6370,995.8640,1107.4200,1087.1500,898.3260,684.5910,510.5700,571.2720,708.1030,748.7770,581.6510,371.9220,314.5710,348.9370,297.7670,173.0940,142.8870,317.8380,423.9240,419.5210,306.3990,298.1160,276.4640,194.6940,105.1710,127.9880,163.1200,197.9320,294.5550,379.8070,463.1860,485.1960,555.1610,642.7490,616.7630,444.6040,263.8740,123.2060,179.0760,238.6470,252.1960,216.4180,187.6720,195.1250,184.8320,132.7770,222.3180,199.2930,287.5060,241.9780,162.9800,144.7320,194.5680,260.1900,249.4110,281.5930,278.9280,270.4860,299.8970,359.5500,350.0280,335.9260,262.8620,187.5950,141.4590,72.4591,39.0087,145.0250,253.7290,324.1420,410.6180,378.4850,303.5320,241.7660,171.6700,82.8806,62.4512,61.2053,49.8857,78.4239,117.4030,158.2270,209.3630,185.6500,110.6000,50.7348,31.5297,48.2990,43.0688,69.8537,159.2250,230.2580,283.9170,338.1970,375.4250,318.8780,201.8370,163.5090,119.6530,237.7580,208.4900,190.4160,105.2800,31.3299,84.1380,144.3870,229.3320,219.7500,239.0560,264.0750,214.3670,190.2440,198.2610,213.3450,220.6470,188.4980,139.2770,73.8923,35.1716,112.1270,144.7720,131.4480,106.8930,60.7320,47.1709,70.5716,56.4614,39.9165,60.3830,70.9050,60.6768,67.2456,115.8050,157.5530,164.3890,118.5580,114.2110,165.8050,180.0730,152.0370,135.3290,143.9460,162.4090,154.8330,133.0920,113.1850,69.0842,30.2995,62.1871,142.0670,178.4090,140.9360,117.0820,55.6493,50.2217,76.0481,107.1690,99.9768,43.4609,65.1160,74.4937,99.9079,95.3998,68.5227,40.3253,51.8938,94.9619,109.2430,105.7740,87.7769,84.1247,136.8030,202.1470,255.4410,250.2410,226.7920,198.1050,163.7360,165.7080,176.8900,198.2620,197.7150,179.5530,123.0700,88.1888,35.5989,37.0870,70.7737,110.4360,132.7230,154.8140,181.9420,222.3170,206.5820,165.4110,120.8540,84.9110,72.8812,78.5196,67.4010,34.2425,32.6714,71.4625,67.5449
51293.5000,36565.7000,24642.2000,36739.0000,44324.2000,33172.4000,25383.1000,21437.0000,18702.7000,16137.5000,11873.3000,8032.7000,6152.4600,5302.2700,4096.9100,5599.3000,8052.2200,8233.2600,7973.2500,6672.3400,5067.9300,3617.8700,3222.9300,3038.6100,2840.1800,2539.7600,1521.3900,611.0440,522.9440,817.5800,990.9570,1261.2500,1805.3200,2304.7300,2536.9900,2634.1500,1876.8700,1203.3000,1015.7900,595.2050,347.6500,809.0290,1664.0800,1959.8700,1868.6900,1704.9300,1379.1000,1249.4000,1115.7200,973.2770,930.9520,902.3290,871.3590,762.2650,666.1390,571.8150,583.8120,662.3790,853.6160,997.9260,1132.1800,1198.0900,1266.9200,1187.5600,559.7870,476.8780,338.1760,761.0470,672.0940,1068.9300,804.9410,768.9510,517.6280,227.3210,358.1070,667.5290,649.7140,535.2460,430.6270,545.6050,720.3340,704.6350,507.2220,348.6720,305.4320,483.3650,674.2260,1004.6600,1327.7900,1107.7000,879.9600,685.1620,588.5900,648.6250,722.4560,757.6220,855.4890,950.2570,1052.6900,1059.2400,889.2420,707.9360,606.3070,710.8920,848.0250,766.1020,487.1360,289.3300,369.2700,435.6360,366.5120,219.5700,244.0870,380.6130,517.8220,518.1200,424.8090,335.7850,248.6320,159.2650,32.0515,187.9290,193.5220,191.3960,261.6950,346.7290,427.6580,449.6570,515.6660,590.4230,550.7940,399.9880,262.8020,85.4755,61.4787,103.5930,109.0760,113.7510,122.8800,130.8760,108.4420,114.0110,229.5350,281.8070,379.6340,303.4420,199.5630,154.0850,189.6190,203.6910,243.5650,263.2420,234.1850,228.7110,249.8870,305.5420,324.9420,326.4010,226.3370,143.7610,123.9810,99.4982,114.4410,223.8500,302.0320,388.7990,441.4460,385.6260,302.9080,241.3140,155.2380,71.4110,78.4514,94.9098,77.8752,110.9580,143.6420,153.7110,195.5390,174.6990,86.4995,61.0039,71.1993,75.5512,55.1722,40.0692,137.4350,191.2780,238.3760,306.7790,358.7890,293.0950,169.3120,129.8390,133.7490,259.2710,226.9720,223.8600,109.7220,52.3523,81.6075,165.8220,248.0510,232.8920,280.2920,278.5780,214.5350,183.9070,199.2080,222.5550,222.5810,157.4940,84.0090,38.6768,62.1815,140.5370,147.2920,134.6050,123.9120,112.0040,92.6466,130.0420,110.3010,93.1788,89.5437,91.7697,74.0758,34.1267,77.1441,124.5760,133.0330,101.7260,101.6520,138.8600,152.8900,146.5530,128.4370,121.6430,110.9690,110.3030,117.7080,90.9595,66.7414,42.1042,57.9515,126.8850,155.2870,126.0940,96.2156,39.3688,44.2642,80.9619,106.9460,92.1835,35.6348,36.3051,51.8202,74.4611,87.7303,86.3120,71.8914,86.0242,130.3390,148.3800,145.4050,102.6610,56.9550,112.1270,185.3520,245.9080,263.0510,235.7840,195.4590,171.3460,147.8630,145.4260,173.4020,198.2060,182.2840,138.9180,106.4780,59.1139,26.1264,48.8971,93.0042,125.3060,165.1210,198.9900,249.8760,260.5430,229.6600,186.9260,130.7830,117.5840,118.2500,99.5770,89.0596,108.1930,134.7460,126.6330
50596.5000,36201.8000,24186.2000,36013.3000,43642.3000,32696.8000,24955.0000,21316.8000,18361.2000,15985.5000,12093.9000,8365.8100,7357.9200,7985.5400,7385.0900,7477.3100,6890.4600,5011.9300,4628.9400,4750.1700,4063.0300,3195.5400,3170.4100,3437.2300,3471.8100,3220.9800,2163.4900,1282.5400,1177.3500,1280.3200,1616.6700,2290.8200,3144.2200,3815.7900,4183.8500,4423.8600,3587.9100,2528.6200,1836.8000,1097.0300,528.9360,849.4020,1674.4600,1938.8400,1916.5600,1722.2500,1478.8200,1377.0600,1157.2600,1060.7300,1065.0700,1057.6700,1053.3000,860.2170,695.0670,620.4020,636.4290,701.7630,844.4790,945.4460,1075.5700,1111.6300,1328.2500,1234.9900,684.9480,709.7190,392.1080,873.8700,730.0520,1068.8600,690.1510,575.0340,192.8580,283.5020,468.8410,800.6310,744.1360,603.1200,555.0360,675.0230,888.4380,865.8370,553.6600,343.7720,308.2920,297.8460,401.1930,296.8040,562.6710,673.0580,729.3610,849.1260,970.6900,983.8870,1007.1800,1040.4800,1137.9900,1129.4900,1001.3700,777.7090,643.9740,605.0970,673.3810,764.4290,657.5730,382.5780,310.8390,461.3220,500.4170,413.9070,305.7750,190.6480,205.0450,335.7840,508.5420,541.0490,345.9560,208.0890,183.9350,170.6940,205.7640,249.7310,227.3260,115.3340,132.5470,233.5230,321.2000,352.7920,349.4340,382.8480,388.1720,354.0610,349.8970,186.4730,196.3960,175.7170,186.4750,196.7620,204.6930,218.4450,144.1260,186.0960,220.9190,315.7940,402.1150,291.8320,231.3230,165.1720,153.6670,127.0120,81.7137,61.1882,66.2695,98.3382,129.1030,162.0110,179.3780,196.8610,115.7970,76.6706,98.2889,93.8463,83.9097,134.8180,217.1710,310.2170,347.3710,297.1560,241.3940,184.2840,119.4520,73.4397,67.2059,64.7583,69.2804,93.2222,139.8650,152.2420,165.6640,146.5520,73.1507,29.1896,35.4779,17.2812,45.0978,110.5680,187.5820,222.5630,260.3550,323.5380,355.3920,265.2400,177.8830,130.2020,155.4260,277.7990,281.2200,313.9550,226.0680,117.4030,106.3850,74.3249,202.0330,217.6300,245.8090,263.4810,219.5000,199.6670,200.8910,214.0220,212.8650,171.7170,127.0570,72.8920,73.4713,171.7540,209.5840,193.9530,152.0960,100.3420,86.6455,67.9019,92.3909,101.3310,120.9710,124.4140,105.6860,75.6227,104.1730,152.2330,143.2910,111.3970,140.0730,173.2850,158.9790,166.3870,188.6820,202.2190,183.2400,171.2640,178.0940,148.3440,84.8077,33.2071,48.4192,114.4190,138.3760,135.1810,131.1510,120.2020,58.7330,35.4979,80.7536,74.4292,71.9070,54.3164,52.0083,61.0115,87.4650,104.9740,81.1962,56.3143,62.3722,77.0553,77.7596,56.4189,38.6681,112.1790,167.4030,222.5880,238.9020,196.5580,134.3090,91.5799,96.9082,134.0120,167.2150,192.2350,166.9450,127.9890,97.5707,52.8121,29.8551,24.3371,41.7152,63.9900,97.5459,149.5580,206.4700,214.2590,199.5730,176.5630,146.6130,137.9290,134.3470,114.2580,105.9000,135.1700,173.6730,184.0130
50907.1000,36161.3000,24196.9000,36004.6000,43872.9000,33229.0000,25551.3000,21785.4000,19089.9000,16738.1000,12481.4000,8746.6000,6850.1700,5847.7900,3972.9000,4265.6100,5020.5600,4490.0900,5212.7900,5599.2900,4602.6000,4348.5600,4611.1300,4750.0300,5308.2200,5232.9600,3830.2200,2167.0000,1097.2100,840.4300,1757.5700,2785.0200,3639.8700,4418.8200,4628.5700,4683.6400,4082.6300,2746.5700,1636.5100,919.5510,439.2570,279.0180,883.5540,1231.0600,1304.1100,1342.6600,1360.4100,1370.7900,1230.1500,1098.1000,1028.9600,1095.0300,994.0430,700.7970,551.0090,500.8470,435.5260,445.4760,684.5290,1095.6900,1344.8000,1322.0300,1529.9300,1363.9500,733.5080,764.1650,485.8470,947.8570,814.3210,1101.3200,650.1130,377.7870,179.7100,478.3110,762.8280,1075.4200,1036.6700,862.3900,732.1790,740.2960,872.2670,798.2070,477.9760,250.2530,46.5026,68.2805,192.6440,475.9080,615.7740,569.5880,536.1120,671.3400,924.5410,1140.2600,1184.6600,1143.4400,1107.2900,1080.1400,905.1860,586.7720,349.3510,500.3120,795.4510,963.9900,1085.5900,782.5250,432.5790,190.6810,65.2551,72.9869,128.9050,224.9210,310.7040,377.0050,419.7300,410.2450,224.4340,125.8890,193.0830,387.4630,491.8900,483.1940,411.0970,338.3610,325.8170,367.4340,432.6680,436.2500,438.5690,484.0390,493.9320,374.5370,250.8040,107.8760,43.1208,93.5634,140.1550,172.4120,177.7460,169.4330,84.2509,135.6840,197.6840,260.4770,339.8330,289.1800,222.8650,251.9170,326.5980,301.3540,310.9060,278.2210,319.1170,434.3090,508.2120,568.7900,593.4740,637.2230,562.6840,426.5750,293.7570,174.6910,147.9000,287.3680,361.6660,456.6590,460.4470,369.3100,274.5850,212.2720,157.0870,112.2160,108.6820,164.2030,167.0410,195.6760,227.1870,189.6430,182.9890,138.9800,65.6971,91.5074,139.1310,140.4810,97.4566,102.7800,155.2970,217.6820,269.1560,306.6570,340.9780,284.4550,127.7130,121.0520,161.9490,241.9660,174.7720,171.6880,65.2993,184.4610,211.1620,232.3210,245.0540,211.3610,118.1400,66.7929,12.5748,20.7913,24.7056,7.7636,12.0143,10.7835,41.4047,106.6670,148.2070,241.3160,211.3680,170.8950,154.0300,108.4410,118.2760,158.9440,153.3590,133.8120,125.8340,105.1730,68.5426,71.8058,125.9340,184.7250,175.7810,102.2770,57.5493,72.8732,144.9130,141.3980,118.7700,89.6327,84.0175,98.9299,115.8200,102.3510,67.2044,36.2924,71.9494,149.4930,187.9590,169.8460,155.3680,122.4300,34.2195,64.3298,50.3971,37.0086,39.7704,73.0895,107.1770,114.4330,108.3920,108.4680,89.8516,63.9727,88.4021,122.9670,121.3490,90.0621,50.0363,87.9856,144.9210,207.7620,229.9750,191.9170,155.2270,149.9660,184.0540,215.8230,247.8080,231.0590,179.3180,125.0560,85.5763,37.9549,37.2785,60.0112,124.4490,130.8220,160.1890,175.6810,192.1550,178.1640,155.4270,130.5930,117.2080,106.5130,99.9182,84.1711,68.1269,101.9560,156.4840,162.0900
51314.6000,36579.4000,24676.1000,36737.2000,44424.4000,33413.2000,25717.5000,21769.6000,19204.0000,16715.0000,12531.8000,9048.9300,7186.3600,5712.2900,3112.6500,3298.5400,4945.3100,5169.4600,5684.2200,5600.2700,4540.0900,3949.3600,3733.0200,3751.2100,4097.3400,4190.6100,3257.4000,1971.8900,1010.1600,898.3390,1224.1600,2091.9300,2983.5600,3961.1800,4162.9700,4128.7500,3549.6900,2360.7100,1503.1200,900.1930,365.0390,319.8360,909.9970,1297.0200,1403.9100,1453.3700,1514.0400,1525.6400,1340.0800,1105.6000,1018.0300,1027.1600,861.6170,590.0100,408.9420,337.9180,303.5480,213.2910,472.2960,994.6280,1428.8100,1448.6800,1666.0700,1561.9900,898.8160,739.1470,260.2600,740.0110,897.2240,1229.7400,767.1800,511.4670,155.6510,508.7270,833.6420,1165.7200,1080.2600,901.6480,794.5440,818.9830,947.6510,833.4760,612.7100,466.0950,384.5750,443.0060,470.3040,657.2810,764.2570,564.4560,443.9880,445.6250,635.4600,843.0190,918.9600,870.0460,815.7140,751.5550,616.3530,473.0650,333.8640,455.3680,834.6530,931.2630,1160.8800,979.6230,534.1000,293.8720,95.8651,46.8329,147.5240,259.0420,318.4230,374.7210,393.9240,415.7990,320.5490,135.8960,131.9740,278.9300,420.9560,462.5320,410.7110,395.1940,451.5480,466.1080,498.0580,437.4830,443.8060,499.7130,510.7870,378.8820,212.5390,102.0880,151.1810,176.3810,159.6670,166.7070,186.5490,220.2990,153.7740,234.6480,292.8100,287.3750,356.8500,335.2310,286.8110,301.3330,425.2570,447.1450,391.0420,414.3790,432.4430,507.9980,565.1320,607.1530,587.5360,561.2000,486.6460,378.2630,267.6080,111.1750,50.9067,265.4060,347.7700,390.2850,408.6470,336.4570,257.8270,203.9440,148.0320,141.9460,187.8150,231.5240,217.7890,104.5000,73.6391,100.0590,220.4050,229.2900,207.8600,222.0200,138.3780,135.2180,102.5520,88.1119,118.6040,159.5750,188.5260,215.9300,246.0780,227.2790,122.5050,137.2970,114.6690,186.8260,132.1710,169.0970,106.0610,172.5790,194.9310,166.3830,191.0350,129.7500,129.5570,151.0480,126.6150,131.9790,105.0560,94.9586,93.2162,85.2648,101.1130,152.9990,145.6740,212.9710,205.0240,137.4760,119.2090,95.7807,79.4567,128.3110,104.9000,82.2798,74.4525,75.4970,65.8441,99.2488,162.7410,226.9260,199.9050,118.7460,49.4163,79.2688,162.1750,168.3960,140.4640,81.3031,43.1426,109.5310,138.9370,138.4190,101.7740,56.5520,69.3900,138.4520,187.9070,178.2220,139.0370,100.2230,16.4694,72.1755,63.7533,45.5879,49.5268,87.1377,116.0870,139.3810,142.1620,121.6980,100.9340,75.2351,69.0774,86.1388,86.4849,72.0615,89.3820,154.6030,206.3080,238.9530,222.9880,175.3730,164.2120,205.7330,234.3080,258.8500,272.8420,263.0940,200.0900,134.2990,81.1851,36.1920,27.9100,36.9417,78.8995,105.9260,132.1190,173.2850,206.4270,194.2000,161.0240,125.5130,81.5387,68.6740,67.1975,53.2509,49.3233,79.1623,112.4600,106.0300
50543.4000,36224.2000,24206.1000,36009.7000,43605.9000,32675.1000,25152.0000,21357.1000,18831.4000,16409.9000,12445.6000,8946.6400,6990.4900,5548.9300,2827.7400,3050.8400,4784.8800,5113.0500,5795.2100,5771.7600,4672.9500,3860.2500,3291.6200,3151.2700,3441.9900,3668.4500,3099.3800,2037.1600,1038.4600,1036.2000,1218.2100,2025.3300,2915.4500,3909.2300,3994.7800,3641.8400,3056.3700,2162.1700,1573.9100,1026.0100,450.1280,407.2030,987.7250,1422.5600,1533.9400,1550.5100,1528.5200,1548.0700,1349.1500,1022.4800,840.0850,936.1630,781.7910,622.8210,463.4510,322.6960,307.8940,117.7560,324.6740,914.0390,1454.2900,1552.9700,1786.3100,1714.8000,972.1100,560.2450,294.7940,856.1890,1160.4000,1480.1400,903.4140,532.0130,205.5510,644.2670,913.2200,1181.4300,1090.0000,920.4710,823.5130,837.9900,980.4940,879.0360,665.1120,530.5350,436.7330,468.8240,459.6920,508.1110,559.0530,321.2040,267.0730,458.7590,649.5870,884.6290,970.9800,873.5980,688.3360,576.9400,453.6140,422.8380,327.4820,445.7950,812.9870,883.3470,1034.4800,877.1350,475.8360,286.6000,132.8770,110.7060,156.6500,234.7350,295.6600,368.9040,389.1400,362.4700,305.5000,196.2490,168.4800,262.7570,397.5610,445.4350,434.2220,447.9030,544.1860,623.7050,662.3340,596.5020,546.2220,589.2150,565.5770,386.0950,197.5620,65.9573,187.8390,240.3600,240.5740,227.2740,219.7070,231.2670,162.1110,230.3780,335.8810,338.5800,411.9220,396.3260,356.6640,325.1000,444.1850,481.0490,428.2940,443.4400,447.9370,500.9500,553.4230,590.5200,563.6700,538.1480,471.2670,385.0630,279.3370,148.5850,75.3524,203.1330,307.8750,350.6760,393.8460,365.3760,331.0030,264.6580,195.8490,188.2330,218.6160,246.7430,223.7130,145.2770,116.0930,198.6210,338.5980,356.8120,322.6750,290.7680,148.0500,96.9700,58.4837,46.1660,92.6735,155.5430,196.8750,246.4730,304.5060,270.3530,168.3660,117.9580,46.6839,116.5820,129.1120,168.8890,117.5950,134.9960,147.0550,117.4730,152.6440,104.7810,141.6310,143.2570,128.7920,135.5600,147.9110,142.7130,125.1040,119.5620,143.6080,186.0480,161.1490,182.5870,162.6580,91.9961,83.9208,73.2435,79.4746,122.8930,87.5230,54.5654,44.4829,41.6271,39.3844,87.9246,132.7340,171.2650,164.6910,75.6286,61.9544,123.9550,209.3940,185.7990,132.6840,63.5269,60.4657,116.8140,138.3670,136.3450,90.8483,41.0033,91.3763,164.0960,197.7510,166.6900,114.5140,60.9937,33.1904,89.7361,97.1736,88.6087,45.4318,59.1497,97.4689,114.5990,123.6940,134.7670,106.3210,70.9036,54.8472,73.9082,80.6701,61.5788,57.0770,94.7556,142.0700,177.2310,178.5980,162.4590,153.8380,165.0020,194.7460,221.1870,247.8550,250.0340,211.3510,153.6190,102.8510,54.6950,49.7633,29.4661,75.6743,89.3390,108.8060,143.8930,178.3800,167.3630,140.3630,118.7580,59.3164,34.8036,45.5325,32.1949,18.6126,44.8760,71.0479,83.1186
50694.6000,36111.0000,24141.2000,35882.3000,43791.9000,33238.0000,25673.7000,21936.7000,19392.3000,17246.5000,13238.9000,9907.5000,8468.5300,7359.6600,3777.1000,1570.7900,2778.9300,4873.5300,6973.5300,6749.5600,5417.2000,4271.9300,3552.4200,3006.0400,2458.6300,2535.5700,2319.5100,1681.8800,956.2510,640.1970,519.6440,1002.9600,1547.6300,2386.8400,2738.0100,2583.4000,2349.0700,1799.0500,1398.1300,971.9880,377.2640,270.4930,823.3340,1189.0600,1296.0700,1337.6500,1336.4500,1411.7700,1283.3600,1037.5400,869.9840,1011.7500,891.6910,689.9370,542.2550,413.3410,426.4580,243.9860,315.8380,821.7230,1407.8000,1543.5100,1771.5100,1748.5900,1043.3300,613.7000,300.4990,801.1480,1168.5800,1512.0500,923.4640,649.3930,137.5810,674.0780,907.0430,1253.7900,1211.7700,1007.4400,900.4910,981.9770,1141.1400,1009.6800,775.3920,613.6850,630.3790,740.7230,841.1920,706.2930,812.7980,641.4000,470.0620,407.3130,413.8490,554.0510,720.2000,732.2920,671.3540,572.6610,458.1020,435.0640,351.0700,406.8850,726.9480,858.8840,900.2980,860.1290,505.6210,311.3820,220.1160,188.9280,252.8420,359.2890,464.3870,487.7100,438.5980,390.1840,322.9430,288.4530,220.7210,173.1580,227.1190,281.5450,290.3550,366.9420,519.2550,613.0620,637.5900,586.2720,520.1290,519.9420,521.7890,373.4260,200.5760,53.1188,192.6870,265.2820,282.7420,279.9480,275.3040,273.6800,204.2460,225.3740,291.6740,264.1030,323.7540,302.5990,279.4420,289.5600,413.8110,483.4610,408.4110,404.6440,445.5650,515.8560,558.4970,558.4680,493.2860,402.7890,320.3120,241.3500,206.7010,152.9410,192.7120,145.3820,260.2760,241.3970,331.2460,336.4370,298.0940,241.8190,171.1230,133.7090,134.8670,162.7270,153.6230,129.7050,165.6870,263.8570,376.3280,390.6380,310.7230,278.7470,162.3740,104.5330,106.9780,113.9530,160.0710,224.2990,270.9480,331.2170,354.5180,295.5510,213.6660,138.9120,51.6742,126.6180,184.0150,238.9500,183.2830,159.0740,148.3980,87.4171,165.2420,164.4610,205.4630,208.5680,177.3390,179.0640,177.1630,172.3640,132.7350,93.0051,67.4035,92.0445,88.8734,139.4770,158.8610,114.4120,115.9340,76.1619,71.3955,87.8472,76.3029,62.0100,37.0251,23.9857,53.4050,80.6271,115.1150,153.9410,164.0830,77.7100,45.6555,132.1410,204.3140,196.7090,164.4450,119.0330,36.2126,53.8586,73.4165,82.9162,72.5076,70.6023,104.3820,159.4640,197.5980,181.0310,125.5170,77.8140,12.2743,77.0166,91.6751,81.6113,44.9498,58.0418,115.0290,168.1220,186.5900,173.5460,134.6210,86.8730,51.0535,84.1996,96.9816,79.0564,46.7202,92.2333,156.5050,205.6560,196.2690,155.0540,140.1520,176.2650,234.2990,263.5020,282.6790,257.6200,200.0350,142.4920,106.3770,48.3944,30.9152,41.4869,78.0643,91.3633,101.5810,118.7160,153.2980,156.9620,134.4800,113.5990,87.8093,85.4728,80.3184,61.5539,38.0723,25.3836,54.7612,73.1132
51302.2000,36531.8000,24616.7000,36613.8000,44379.9000,33494.7000,25858.0000,21852.1000,19389.3000,16969.2000,12877.9000,9427.6000,7557.6000,5924.8100,2615.9800,2419.4600,4594.7300,5830.7500,6888.6300,6518.3300,5383.5300,4003.0600,3368.6000,2649.1700,2209.6100,2458.0300,2342.8300,1764.9400,1124.2700,1099.2400,1042.9700,1528.1900,2269.1700,3294.2900,3676.3000,3329.6800,2893.0200,2148.8600,1551.0000,977.8960,329.9710,327.2240,909.1870,1278.5600,1315.9700,1280.6300,1242.9600,1320.0300,1236.5000,1028.8300,946.9690,1097.9700,966.8160,727.6680,547.0680,451.1660,430.8950,233.5590,328.2040,775.7280,1263.4300,1379.5200,1603.6300,1614.7900,970.3280,607.5120,211.4650,699.4730,1060.5100,1438.7300,888.2890,689.1960,134.6150,641.4130,839.5280,1156.4400,1090.5300,919.5880,817.0590,818.0920,966.3900,907.6840,685.3530,504.4410,420.4520,439.9400,414.0750,384.9670,557.1130,455.7100,405.4930,312.9120,457.2060,724.1280,909.3320,892.4770,786.5130,713.8840,630.9840,611.1350,470.1960,522.8600,907.4900,1033.0900,1087.2500,998.7660,539.7570,362.1660,237.8730,191.7100,241.5760,316.1890,401.5310,432.6140,420.5740,402.6460,353.8400,221.8560,88.9936,123.0700,251.5940,357.6400,374.1000,438.9370,584.8000,661.9170,674.6370,596.1660,513.5130,491.3580,478.4220,341.2280,169.2540,87.4867,232.3070,261.9340,240.7420,245.5220,251.5110,259.1710,209.5880,245.2080,310.3420,275.0620,296.8140,271.0280,253.6940,258.0700,383.6270,437.3450,385.5340,356.2370,404.9010,477.2430,550.4330,577.8400,506.1970,421.8420,349.8390,303.7410,241.0960,170.6840,188.9420,142.1410,262.4320,249.7340,350.2300,339.2280,270.5420,205.2550,151.8900,118.3550,132.6970,153.2940,163.3300,116.4320,67.4223,142.8660,268.2150,273.8500,251.6280,262.9520,166.9990,146.7790,116.2020,114.6420,155.1880,196.0640,228.3230,288.7260,344.8950,288.1900,196.6540,128.8830,28.0930,105.2860,173.7090,238.3240,185.3680,186.6000,171.1180,107.9470,160.9380,142.4230,178.8910,182.9980,152.0470,158.4750,163.8690,165.8530,129.6790,112.9230,98.2414,148.6280,123.4660,175.0390,166.6610,118.4350,113.8120,108.9160,93.8970,145.4330,112.3350,87.8375,52.0500,30.6761,20.4606,52.2612,95.8121,138.2100,148.9020,80.9355,45.0115,106.7380,172.2820,163.6030,143.3720,93.7870,20.4818,58.6510,75.0914,81.9052,65.7219,49.9462,94.0462,150.4450,179.5440,173.9530,128.0620,93.3623,18.5313,72.8162,66.3937,52.7265,34.6448,68.8931,114.4050,156.4850,176.6920,157.3340,111.8900,67.4458,65.9741,89.8309,90.7407,65.7587,55.2577,88.7789,136.3760,179.4960,189.4120,178.3840,174.4680,197.0880,230.3780,252.2810,265.3170,239.8380,180.1710,130.7840,96.3509,54.0086,23.6395,26.9427,62.4213,104.4420,131.7890,164.9980,193.9140,172.8970,134.1900,97.4031,76.1954,80.3534,67.8588,46.6613,30.3127,48.7335,77.9934,93.5310
50786.2000,36366.9000,24451.0000,36345.1000,43880.6000,32971.4000,25559.3000,21789.5000,19348.1000,17049.8000,13198.7000,10105.5000,8941.5800,8273.4800,4898.9900,1794.4400,1680.1400,3811.5200,6486.4400,6631.0300,5417.9100,4269.9100,3651.0000,2948.9100,2216.9900,2242.3700,2082.7000,1560.1400,951.4930,646.4340,427.5980,890.5910,1348.9300,2113.0700,2491.4500,2416.0500,2341.6300,1864.4000,1415.9400,991.9980,572.9410,378.9960,596.4400,889.5990,951.3620,1042.6300,1150.4600,1318.3500,1299.0200,1152.7800,1078.3800,1173.6900,1022.2000,687.4040,558.6350,473.4420,458.8780,296.5350,412.3910,867.4780,1336.6300,1409.1300,1638.1200,1604.1400,971.4540,609.0250,188.0360,670.2260,1008.3600,1366.8000,849.1840,673.4720,137.4150,694.2250,853.5070,1223.7700,1156.8100,941.5690,831.0910,908.2530,1068.2600,990.8180,728.1890,647.9980,627.7410,745.0850,818.8040,606.4000,740.5740,715.1030,638.0740,700.0400,634.5550,640.5890,779.7490,861.9590,853.6370,797.1190,681.0040,583.1220,444.7790,456.9970,756.3860,916.5430,962.6160,929.9540,541.9670,304.5130,220.7080,190.4540,263.0080,362.7770,479.1210,535.8360,508.5090,484.7330,301.2930,165.0460,132.9510,160.6500,243.3750,298.4680,276.5950,289.6180,394.4720,472.8340,494.7260,435.0780,380.2770,382.0180,413.7790,350.3760,197.8020,77.3771,146.6350,192.3100,201.5070,218.5870,247.4090,264.4350,208.7990,219.4160,258.3420,202.2440,240.8410,199.2720,189.6460,223.4030,327.6030,359.2470,307.2970,346.2130,382.9070,464.1880,523.1590,553.8180,478.3410,386.8960,323.2780,277.9850,227.9110,236.9060,269.2500,168.8100,266.9780,209.7330,304.8500,286.5410,232.9230,197.0910,156.9980,98.9224,77.6612,85.2928,71.8418,25.4225,109.6290,186.5580,287.6510,295.9580,217.8730,216.8850,136.2300,114.1660,124.6210,150.2350,181.0700,235.5100,273.7620,346.3790,363.5760,293.2870,222.2450,170.6270,21.3210,108.5930,173.7290,243.2520,195.1570,190.2030,187.0050,124.6630,173.4080,173.2550,181.5730,213.8750,179.3920,160.8000,151.3620,147.1270,129.0520,93.8824,42.8894,55.8228,86.3748,177.4720,194.0170,159.1640,136.5080,93.8625,59.1884,95.6940,95.0011,89.6566,92.0616,87.9775,72.8604,59.0434,94.7643,133.9740,138.7890,97.4007,79.7404,139.6300,194.0300,199.8220,192.8250,154.6330,71.6002,51.0342,55.8667,70.4824,58.4179,66.3645,110.4150,164.7150,195.3850,186.9520,155.7460,119.1260,48.8759,31.4089,49.9024,44.4019,25.2698,67.1498,109.6940,141.9740,144.3430,128.4610,104.4290,71.4589,65.9251,76.1334,80.3702,65.2499,56.8103,92.5848,145.2050,185.5430,187.3920,160.5910,135.4540,155.8280,200.0610,217.7340,229.4120,218.4500,162.6600,117.4540,96.4991,61.2974,58.1101,68.8137,94.3287,100.5760,109.5890,130.3170,163.1190,156.5360,136.1480,118.1980,105.5280,103.6100,99.0389,80.7201,59.8891,56.9121,84.7318,100.9530
50462.5000,35939.3000,23930.2000,35536.5000,43347.8000,32827.5000,25353.3000,21587.3000,19085.1000,16838.2000,12848.8000,9364.8400,7552.0200,5967.7200,2640.5900,2469.5900,4585.7400,5674.0900,6695.8900,6272.1400,5079.3000,3836.8300,3202.9900,2783.0200,2581.5100,2829.2800,2486.4600,1745.5500,1045.8300,887.1820,800.6430,1405.9100,2210.0900,3338.7300,3683.3100,3336.5800,3002.2000,2186.2200,1487.4900,935.0290,427.7430,259.4780,808.5290,1135.9100,1149.2500,1180.6100,1248.2500,1351.6000,1265.4500,1089.4200,1046.6200,1144.7700,1027.7500,710.7920,580.9940,491.0680,423.1590,277.4590,448.5480,889.7330,1270.8600,1332.7200,1564.5900,1527.1200,944.9320,691.3370,94.1299,597.4270,852.3050,1221.4900,759.1040,593.6580,98.6825,537.9990,780.0250,1114.7400,1053.9700,862.4750,739.6940,717.5040,849.8530,790.0250,577.2630,441.5710,398.9360,471.5010,446.6570,525.2760,706.9710,597.0830,556.2040,424.1730,481.8460,667.0750,835.7420,879.2520,839.0360,807.9730,722.8960,628.6670,470.6750,557.8560,951.9890,1071.2300,1156.1100,1000.3700,525.1950,287.8740,172.6480,163.3070,258.2290,341.8590,429.6920,477.5300,487.4790,481.0120,348.3330,166.1390,67.3135,143.7050,296.1770,373.6020,360.6580,396.3960,500.8030,546.7360,564.5640,480.1980,427.6210,461.0780,502.5770,404.9310,253.9440,139.9560,157.6170,182.0690,179.9580,182.1820,214.8960,261.4780,221.2660,241.6630,277.5140,214.5050,232.5580,194.8500,175.5730,218.3400,347.4590,397.7070,376.1470,375.8550,425.7690,504.9920,564.9110,584.8310,521.3500,436.9740,358.3460,292.1220,210.3300,115.1210,126.4630,199.8810,292.4600,292.8510,378.3770,352.1010,284.9180,226.2210,147.6700,61.9576,77.4259,116.0930,118.1930,77.3600,52.1457,69.6574,191.1950,203.5920,236.1280,259.3880,182.0520,184.5900,142.0830,127.2140,136.7400,167.2490,201.1080,222.9700,269.3600,238.1180,174.2740,186.1160,82.4105,149.6780,122.9550,210.6350,171.0790,201.5080,194.7480,139.6700,154.1560,141.4690,164.8920,198.4820,164.7480,147.4740,149.0330,148.5040,135.2950,113.2310,72.5280,70.6970,51.8958,126.7210,152.2650,138.6150,154.4480,130.2910,126.8660,169.6840,138.7240,114.8290,97.9661,87.7085,83.9918,75.9535,100.8650,144.4210,173.1060,136.1180,94.8225,113.2310,166.5570,178.3200,170.8400,123.2860,24.0528,59.0858,87.1867,97.9580,89.4616,60.9910,66.6970,137.9670,198.2110,172.3580,128.1970,70.6735,19.3326,41.4842,53.5383,39.5114,24.5086,65.6346,99.2594,120.6390,109.3680,98.5807,76.7390,42.4696,45.8326,94.1584,100.1860,79.7811,49.4732,96.0064,156.5980,201.6680,187.6660,147.7120,147.3540,190.3950,226.5320,246.9180,259.2460,247.7890,202.9930,144.5280,104.1020,61.0657,45.9081,43.1380,84.4035,102.5060,127.6400,168.6430,200.8500,178.7010,144.5840,110.1500,72.2107,65.4619,75.2279,53.9221,30.5622,53.7706,83.2935,97.9481
51332.8000,36545.2000,24588.9000,36476.4000,44330.7000,33623.9000,26040.1000,22106.7000,19614.6000,17357.3000,13278.4000,10089.8000,8870.2700,7855.2500,4262.0400,1526.2500,2332.2500,4568.1000,6813.7400,6581.9600,5238.0100,4065.2100,3379.1800,3038.2900,2696.2100,2822.0200,2425.1600,1668.1800,964.5280,437.0060,364.3960,929.7150,1520.7000,2412.4400,2859.8200,3133.9400,2999.6700,2215.1700,1507.3300,986.9920,584.2020,215.3560,574.0930,788.4780,896.8390,983.5960,1181.5500,1354.9600,1325.4800,1232.9600,1188.8500,1267.6700,1161.8600,816.7840,621.2950,529.7960,467.1630,340.7710,460.1160,852.3460,1221.0500,1269.3600,1558.4400,1520.8700,975.7260,755.8720,90.2141,583.9570,848.0790,1223.2300,773.2260,575.7000,116.2400,538.2980,834.4310,1189.7400,1109.2600,898.3930,753.6670,779.5170,928.3470,858.1100,621.2930,505.0220,488.1540,618.3980,728.7450,736.1520,1026.8700,898.1630,781.0620,737.4020,629.3230,621.5040,728.0320,808.6600,860.3370,820.1810,635.3840,488.0160,359.9520,446.4240,781.9770,910.4820,993.9280,891.6620,541.8980,267.7620,125.9180,85.1215,211.4590,375.4440,511.5780,570.9110,597.7460,556.4930,343.2910,184.0860,104.8570,127.9670,232.2450,263.4480,213.9510,225.4290,318.4660,370.2640,394.4090,360.1110,356.1800,447.0740,514.3460,399.4710,253.4550,96.0115,97.3453,144.3290,150.2050,175.6980,216.1290,251.6540,214.7170,235.7070,260.9930,195.2930,206.3810,179.8430,177.1370,221.2920,317.7030,353.6210,345.1950,375.3080,436.6320,504.0230,538.9740,542.1590,470.2720,382.2460,297.8050,212.1240,120.6440,138.6040,154.0060,249.6360,336.9170,284.5830,350.0940,292.4110,223.2730,168.5940,120.0870,47.5852,43.1242,56.9647,32.2544,50.3208,116.1030,172.4890,242.5090,251.3000,161.9070,184.6750,110.1580,127.9100,115.0300,146.8090,187.3100,199.5370,209.7990,235.7140,253.9950,196.1020,161.6310,156.3790,100.2130,172.4930,146.1230,239.8650,189.2820,214.2820,206.6570,137.5730,172.6560,150.6530,181.8010,204.5950,162.9310,154.7260,151.1680,137.2240,100.1030,99.4765,92.6616,34.6048,57.2268,158.1480,176.7640,157.3510,134.7310,101.5330,74.4554,130.0380,138.3310,141.7240,148.9290,148.1130,124.5890,88.8750,112.8980,175.3020,185.4180,150.0590,126.1190,131.3550,168.9300,195.2910,200.9100,162.9140,78.9804,32.9294,60.4733,78.2735,52.4012,57.3199,99.1105,154.2190,192.2730,183.3600,163.6800,126.1760,40.3420,23.4031,48.3153,40.3109,26.6391,50.9828,71.1143,96.6131,71.4927,68.2912,63.6182,42.3556,34.6488,89.1656,78.9725,69.7575,68.6221,105.9850,149.2180,195.9100,195.5200,150.9450,125.7560,148.5310,198.2440,224.0370,239.4190,216.8440,179.8130,139.8720,118.5110,61.7637,40.6414,41.0242,89.5610,101.6060,126.1440,160.9340,207.9750,193.3700,157.6290,118.2640,88.5287,94.6885,99.0410,92.4025,77.7243,84.0528,115.7660,128.0160
50980.8000,36449.3000,24450.5000,36296.4000,43800.4000,32840.7000,25360.5000,21503.6000,19031.3000,16535.0000,12518.7000,9080.4700,7216.5700,5621.2800,2565.1200,3020.7700,5264.5100,6045.1500,6709.4700,6198.6000,4964.6100,3790.9800,3155.7000,3182.4300,3260.6600,3393.3500,2641.7700,1684.7200,931.7990,666.1140,696.6960,1429.2600,2384.3200,3507.3300,3710.5700,3858.6000,3435.0500,2335.8400,1458.4400,864.8460,539.3660,256.2320,734.3820,960.7480,1030.5200,1078.0300,1175.9200,1313.8000,1280.0300,1182.6400,1148.5800,1233.1200,1143.8100,807.3380,619.5550,469.2510,391.6600,299.4340,525.7510,944.8410,1259.0300,1272.7800,1499.0200,1455.8200,899.6470,804.7710,184.4660,667.6460,733.2380,1102.2000,695.2530,531.6300,92.7308,435.1390,721.8920,1062.3200,977.3420,759.0400,605.3670,576.5580,691.6480,622.4720,386.6590,259.3640,191.3790,310.0060,393.4280,703.1080,905.3810,776.0570,691.8880,525.9810,542.6370,655.7020,740.2810,769.9530,784.7130,764.9770,683.1750,576.3780,435.0050,546.5340,896.5700,993.3620,1195.8500,999.9720,564.7280,266.4240,82.7019,80.1916,186.2970,356.5620,475.7910,515.6770,551.9080,538.2840,377.6260,178.6660,113.7130,152.7960,290.8200,352.4870,338.3920,356.2050,458.5900,476.8210,502.3620,432.1280,453.4300,542.6960,576.0020,451.8810,290.0710,150.5340,111.1220,112.2390,114.2760,149.4900,202.2090,244.4320,197.7890,233.5580,253.5460,185.9590,211.3820,175.0870,171.5060,224.3780,355.1000,378.0040,348.5140,374.5810,405.3090,473.7460,506.7000,537.5660,494.4210,433.2640,338.8290,257.9540,188.7490,60.5868,64.0365,252.4540,337.2900,359.7710,418.9300,347.5290,262.8450,205.5230,131.9880,30.0816,59.9100,120.5690,155.6730,103.4160,140.9320,111.8670,173.6780,159.4740,159.9740,190.7800,166.8530,170.4550,114.2830,110.3710,133.2260,149.4710,163.6870,178.4010,199.2030,166.6560,111.1160,145.5800,142.9770,198.8020,120.1270,184.8540,142.3720,198.7660,198.2700,149.9990,172.2840,123.7620,153.5880,167.8700,150.5360,143.7350,148.5510,148.8820,130.6190,119.2650,84.7801,67.8592,52.3153,144.0750,159.1100,140.3780,133.0710,102.7320,110.0820,171.1880,165.1010,159.7870,145.5060,143.9140,109.9740,88.7219,118.7420,171.0690,203.7300,177.6630,123.2850,86.2922,141.2410,182.9610,196.6710,141.4840,37.7341,42.9992,95.5492,116.8260,90.8807,54.2440,58.2520,104.3320,157.0300,166.6090,165.3320,129.2260,44.4171,17.7048,22.5669,10.4397,44.8872,54.6038,71.0998,64.8129,62.1910,58.5956,45.2289,43.3762,67.1608,91.4596,89.5338,70.4249,59.5099,102.8990,157.3040,210.2480,213.3000,156.9420,133.5390,165.7480,201.3920,225.6150,238.9810,224.6600,179.7930,130.1550,90.6330,40.5333,30.8831,31.9839,78.8260,96.3720,115.0640,148.5590,185.8050,169.5680,139.2400,109.0640,70.3777,50.3393,59.3685,60.2534,41.8153,58.1918,96.3611,120.0470
50354.3000,35899.9000,23848.5000,35456.6000,43247.4000,32708.0000,25318.2000,21633.4000,19185.0000,16962.7000,13073.8000,9749.3400,8114.1200,6701.7800,2779.1300,1529.6800,3894.1300,5927.3400,7597.8200,6900.8600,5329.7900,4114.3900,3411.7100,3385.1200,3346.6200,3428.5800,2684.5200,1749.4400,997.8200,452.0460,374.3130,930.0890,1708.1100,2752.6900,3192.7700,3504.0200,3254.7000,2320.1100,1565.7300,1017.3300,608.0660,167.5840,559.9660,761.0730,904.9470,1046.8200,1226.6600,1389.8300,1367.0200,1284.0000,1227.0100,1309.6400,1255.6700,946.4320,738.7690,668.3800,570.9950,447.8780,546.0010,886.0310,1167.4200,1196.6100,1446.7600,1401.7500,879.9620,805.4120,183.7910,635.1460,713.6120,1099.9200,728.8350,558.7280,120.9510,401.6960,727.3720,1088.6700,1007.3100,795.4390,654.7810,650.8480,785.6920,712.6350,496.3580,363.8010,313.7160,419.1500,530.2230,729.8150,1049.2000,887.0700,821.4590,690.5690,578.3920,585.0510,657.6280,726.1460,802.0320,775.2570,651.0780,555.8500,446.6200,544.8950,827.3350,957.7370,1123.8000,976.3920,621.6790,336.8980,127.3190,66.1183,215.8320,402.0010,538.4580,574.4960,618.3310,558.0810,360.1530,188.0960,83.8712,80.5138,162.7300,207.0860,202.2420,239.9210,333.5410,403.8640,418.6190,421.9160,431.9440,507.2500,557.6860,446.0120,296.5190,126.3010,70.6731,121.6720,131.8460,158.0930,205.9780,254.1800,220.0730,282.5420,286.4390,215.9720,223.9480,178.5610,162.5390,197.3570,306.7940,346.0440,339.7970,355.6910,388.0470,447.4940,487.2240,513.7290,453.6900,387.2860,292.2640,212.2240,131.8630,90.9138,102.4190,272.8700,336.1180,338.9810,383.5150,333.6400,268.9450,208.8270,134.7830,35.9211,54.3118,85.1360,69.0966,26.0564,111.1060,152.2760,246.9610,234.9950,139.2750,141.3940,93.2702,125.6630,126.4430,147.2650,158.9890,153.5910,160.0130,168.7170,199.7050,182.1240,131.1200,168.3360,139.5040,213.6790,139.1170,210.8350,151.6720,209.4230,200.4020,148.5390,172.5310,137.6650,167.6820,198.9140,172.4850,156.0160,165.5390,168.2650,161.8800,148.2600,111.5960,46.5121,42.5063,136.3960,163.1510,152.6010,130.6050,98.8468,83.6984,149.5140,157.1810,167.2100,166.7740,175.5260,139.7880,108.7430,132.6650,168.5860,185.1920,171.5190,127.1750,95.6604,136.3170,185.0440,209.2840,169.6640,72.3030,38.5048,64.9070,79.0416,62.2002,28.4292,45.6643,117.7830,165.8360,166.4370,176.7340,154.2980,79.7134,47.8742,14.8921,28.6009,70.3280,66.8402,66.9603,45.4572,35.0781,42.0129,27.9183,27.6314,53.6369,75.6302,82.3662,68.4452,62.5561,122.3580,177.4960,218.1190,198.6090,143.3250,124.0630,163.5330,207.5930,229.6850,243.3070,226.8260,164.6990,109.6640,70.6674,29.1760,21.3988,41.1497,90.7994,114.4400,137.8150,172.7850,199.1720,187.1660,162.3280,136.9560,118.0470,102.8100,95.6672,77.1772,62.8262,88.7605,118.3960,138.6870
51169.8000,36328.4000,24313.3000,36142.9000,43998.5000,33330.9000,25718.7000,21783.6000,19238.1000,16852.2000,12697.3000,9162.9400,7289.3500,5511.3800,2332.9700,2997.8000,5445.1000,6477.3100,7183.8000,6485.8000,5136.8700,3997.1300,3537.4100,3715.6700,3810.6700,3796.8900,2828.0800,1790.8000,1029.6100,442.1360,396.7800,1169.1700,2234.4700,3387.3600,3705.7500,3881.9400,3417.8400,2289.4500,1460.9900,906.2590,574.5890,312.6950,692.3450,849.7650,942.9640,1065.1200,1202.0200,1317.4200,1293.5400,1255.6700,1244.8600,1362.9200,1313.2800,998.7620,784.0370,650.6200,557.0000,445.8250,555.0320,905.7410,1204.9800,1250.9800,1482.7200,1412.9000,832.6990,784.4840,274.3370,731.2550,686.4090,1034.9900,666.2540,528.9160,91.7051,347.7910,611.6800,967.8360,886.4030,689.4180,553.5040,537.1950,658.2680,609.8380,373.0630,232.3590,157.5050,238.4970,389.9090,726.5030,939.8920,831.7250,751.7010,579.4550,509.5600,564.2070,636.5950,667.6630,719.2830,707.0780,642.2210,576.4770,519.4920,666.6000,952.7140,1106.6500,1253.5200,1057.4900,664.8300,364.0500,160.3960,104.0110,235.8260,426.1030,537.0310,576.9190,629.2860,562.0410,354.9610,155.5870,83.5886,139.0810,260.6000,320.7420,327.8600,357.6710,428.8600,446.4860,466.1420,450.7510,484.2200,576.6470,610.3450,481.3890,329.7500,170.5260,59.7248,74.4763,105.5990,134.1400,164.2310,192.4910,174.9140,252.2580,283.7830,228.1340,236.6880,167.5540,128.1930,171.3760,283.1900,305.7840,308.8500,344.3150,392.4580,437.0840,451.7660,477.2210,442.1170,397.0370,314.4610,258.3390,194.2100,77.3020,73.6011,240.7280,328.3600,375.6420,445.6230,367.5940,282.6500,229.6790,166.8090,47.9241,47.7908,112.7040,127.9420,103.8170,165.8280,161.5410,196.1380,170.2790,110.2610,126.8530,146.5460,166.6150,143.3290,131.6830,133.3800,144.7980,157.7330,188.6250,222.7480,174.1850,98.8737,117.8990,152.8300,207.3350,135.0420,187.0420,133.2640,195.7640,196.0480,144.0960,160.5240,109.0780,167.9090,187.4660,161.0440,153.2530,168.2590,184.8510,169.7900,155.1910,118.1390,64.0132,30.5618,122.5660,155.0280,134.5060,121.7590,82.0538,100.3980,172.1530,182.5940,186.0470,174.3040,171.9070,139.7810,100.2680,118.2480,167.9220,198.0200,171.6440,120.4100,60.1914,115.5230,155.3590,167.1230,135.7800,62.6041,31.2402,69.4256,92.1520,64.6714,33.9839,44.4447,103.3150,149.6180,149.2550,153.9300,131.2250,63.7404,36.9983,19.9423,25.7887,70.9132,59.7209,55.1242,39.2538,52.2165,68.3965,53.4381,46.4892,76.4286,99.4429,88.7661,71.5204,65.4765,112.0040,159.2060,201.4590,198.2740,149.5300,123.9680,160.9670,215.1140,242.7740,261.6020,249.7490,190.4040,135.3370,97.2021,64.0347,55.2409,68.0007,108.7930,109.2460,125.0650,150.7380,201.4970,192.6500,158.7070,125.5620,103.2260,101.1710,79.4108,53.3282,42.0497,57.2346,85.7500,102.1500
51152.4000,36534.8000,24581.1000,36495.9000,44033.4000,33077.8000,25600.3000,21667.3000,19262.2000,16787.1000,12869.6000,9539.2000,7534.4800,5709.0500,2010.1300,2208.0100,5150.5100,6922.3100,8063.3400,7185.5400,5601.8100,4323.2800,3737.5700,3909.0700,3898.8800,3778.0300,2756.1600,1751.5400,1028.4500,512.8430,419.0100,916.2860,1767.4100,2701.8400,3078.1200,3784.5000,3238.2100,2121.3300,1552.4900,1021.9500,592.3540,247.7120,477.2490,649.4450,802.0830,997.1680,1163.3800,1319.2100,1333.9100,1325.9400,1337.6000,1473.9100,1432.0900,1104.7900,894.2550,827.0930,722.2660,566.6340,594.6440,871.5140,1127.6100,1146.3400,1381.0500,1312.5000,803.6360,826.2230,283.5400,686.4100,616.0930,1002.4400,680.1980,536.9500,118.8150,330.1280,628.6890,973.7890,888.2830,668.5660,513.4890,476.2290,616.0870,610.5480,392.9020,297.5660,259.3040,371.7020,529.1410,875.6540,1096.7700,884.1640,765.4710,564.6890,451.4090,499.8350,565.1200,624.6500,704.7300,653.6950,596.6910,574.3200,523.3260,647.0330,922.3930,1095.0500,1221.1300,1045.8700,698.6540,417.2690,212.0640,119.7250,257.6350,463.5630,574.4940,626.5830,658.6360,580.0270,370.5530,174.4330,72.8030,113.5040,184.9510,244.9450,244.3540,275.3910,359.1540,374.3100,401.6450,423.5840,488.1430,585.0280,618.2940,491.0920,347.6480,177.8010,26.3935,76.7805,109.6790,126.6160,151.8310,160.4720,168.8900,245.8540,279.3380,238.3170,250.7930,187.9490,131.1210,147.9170,246.2500,266.4090,290.4400,314.5480,370.7080,414.8880,429.8930,455.2450,435.8640,413.1080,330.8020,262.1190,181.8890,65.7820,100.9970,306.1290,377.7690,421.3890,472.5510,403.2120,304.2160,227.3680,135.0080,44.5672,85.1642,144.2910,132.5730,94.2391,162.7030,162.8390,223.0480,203.1640,107.0100,132.5240,128.4000,169.7770,148.3510,125.5210,125.3220,138.4900,159.3160,180.7840,206.0020,183.7470,106.0480,130.9230,158.9420,194.9350,125.1530,155.1810,118.1220,189.5080,192.4080,156.5170,167.2770,121.0700,150.5630,170.7530,147.1830,148.5950,174.2530,195.7270,186.9280,154.9400,101.6540,43.1497,61.9485,170.4440,192.1290,173.6310,148.1530,93.6082,97.6846,163.3250,178.8530,190.4210,187.4400,174.1250,133.2320,96.4067,110.9560,147.9070,162.4260,134.8920,92.4209,54.4183,117.4060,149.7900,154.6220,102.9400,36.5553,32.3799,62.5937,63.5725,47.5919,43.4350,63.5300,119.5850,178.6700,191.0950,204.4830,161.6560,90.7198,56.0897,15.3712,24.4009,51.0304,37.1693,21.5300,42.2755,67.4575,91.2117,78.6555,64.6972,81.4501,97.1667,85.1935,68.8913,65.6680,117.3960,163.1290,204.6000,189.5190,128.7160,105.6030,157.7700,219.7240,238.1860,254.3840,218.2790,170.3510,128.5970,98.0538,60.5695,50.3351,56.7190,113.1290,128.8800,147.4610,178.9380,205.0180,190.7720,167.6350,148.0660,134.3070,104.3820,80.7299,68.0403,48.7303,65.1158,104.9130,153.7160
50409.5000,35992.1000,23955.4000,35576.6000,43227.7000,32560.2000,25154.7000,21450.4000,18987.3000,16684.1000,12765.1000,9288.4900,7396.4000,5774.6500,2243.6800,2497.9500,5105.2100,6698.5300,7846.5200,7021.3000,5462.2200,4362.0200,4107.8200,4414.6000,4486.8300,4241.2300,2994.4200,1836.0000,1106.4000,631.8800,486.8440,956.8450,1927.3000,2905.6500,3432.6200,4065.3700,3313.5500,2189.7600,1535.6000,903.7960,429.0150,346.9150,549.4450,671.4060,789.1790,935.4180,1065.6800,1219.9500,1253.5100,1252.5500,1258.0300,1428.5600,1435.3400,1127.0400,923.7250,816.2900,738.5280,530.1470,486.7780,721.4770,1033.1400,1132.0500,1438.2800,1385.0400,827.8300,767.4160,275.1090,724.1690,689.2070,1028.1900,662.1580,518.7420,109.2560,313.4450,529.4370,878.2780,794.8750,621.3980,455.8350,426.6900,585.0150,598.5580,399.7620,299.2900,262.5690,391.3070,558.4530,913.9250,1143.9100,906.3270,773.2590,527.1130,360.1960,377.3380,449.0550,533.8290,626.6100,566.8910,498.4780,502.1590,527.3660,688.8520,951.8190,1119.6700,1228.7000,1097.5000,796.8850,500.6700,286.5950,170.7230,279.2220,497.9660,640.6660,718.6960,752.4020,621.6180,394.3150,207.9230,76.4675,80.9122,156.6980,228.7660,253.0490,266.7890,333.0170,380.4830,424.2740,452.1440,502.9060,587.8410,618.9030,480.6500,331.6930,144.2620,52.6008,85.9015,103.0500,117.5280,146.9900,165.4330,148.8910,211.0960,220.9240,197.3960,212.2700,168.7770,119.5030,116.2610,204.7050,226.0940,257.9680,279.4800,322.4790,347.8610,392.2680,427.7760,395.2550,369.0160,291.5290,226.8150,153.1840,71.4201,109.8630,269.9020,346.9410,385.1230,432.8410,367.6200,289.7770,230.7400,157.1410,48.4577,56.8390,120.0550,105.3610,125.0170,184.8370,192.1760,227.0010,195.9520,75.0460,88.8579,98.3150,145.7260,152.4700,125.9510,121.4250,123.8450,130.9900,145.2080,163.3680,148.8560,68.2581,99.3435,170.7900,204.5220,126.6870,161.3030,127.8330,213.6910,214.8140,173.7750,166.6700,105.1970,116.9100,137.0970,141.9720,160.0580,195.1800,218.4250,212.0510,190.7130,136.0760,65.6302,29.3756,131.4480,167.1470,163.6580,158.9500,111.8880,105.5980,162.7150,183.7990,194.8890,190.9370,149.3470,110.8560,85.5224,97.1715,140.3990,155.8060,135.9270,98.2620,59.7846,104.0330,142.4250,158.8560,126.8930,71.8310,43.3653,49.4260,59.7022,49.4112,41.4602,72.2258,126.9750,159.4050,169.5290,178.8600,158.5410,103.3950,64.9398,43.6383,55.6154,83.6860,59.3961,38.2398,43.9056,61.9452,75.3221,62.5467,59.7128,81.2790,95.7312,87.5452,71.8431,67.5188,113.0940,160.3840,206.1040,176.5070,108.0270,97.9049,146.1720,191.5790,216.0390,237.5430,239.4040,185.5270,132.6100,95.9753,57.2758,49.6793,54.6372,88.2187,95.4236,120.9690,158.7790,191.7310,181.6200,161.5290,142.1270,124.1630,111.5630,90.5381,70.4740,60.1226,81.9901,109.2490,160.6810
51152.3000,36363.2000,24380.9000,36122.7000,43983.5000,33406.7000,25840.3000,21981.6000,19485.0000,17156.4000,13040.0000,9504.1100,7481.5500,5525.5300,2177.2700,2935.1500,5662.6700,6893.7600,7711.9400,7061.6200,5699.0500,4793.8200,4590.9900,5085.7100,5174.9900,4594.0100,3124.0700,1812.5100,1172.6100,770.4080,640.6300,1133.9600,2188.2600,3056.2600,3796.3700,4223.4000,3227.2700,2183.9500,1400.8900,677.1900,243.9790,270.8860,445.9560,623.9750,752.2250,887.8960,1025.5700,1195.1400,1251.6200,1272.5400,1297.6200,1457.4100,1428.0200,1118.6600,915.0030,789.4750,685.5460,406.6440,308.3140,562.2780,949.7390,1068.6700,1386.0900,1319.7400,786.3500,772.3920,320.2590,752.6900,650.5720,957.4850,601.9080,481.2080,105.8880,395.1470,473.9070,771.5790,684.8270,505.1000,370.9690,360.9550,468.8590,436.7560,195.2310,181.9980,171.8690,339.4060,589.7510,995.2920,1178.2200,902.9270,678.5670,353.2680,206.8110,244.4940,273.4150,351.9980,417.6230,367.9170,391.5850,434.6290,481.3150,685.2530,900.9070,1132.8600,1233.6400,1084.4000,838.7710,615.6160,401.0260,217.0520,233.4200,437.5080,561.1710,668.1070,707.0930,622.9190,413.4550,232.9330,89.4945,59.4843,175.9760,257.1930,249.2560,257.0920,299.9520,327.6480,380.2190,394.1950,472.6570,571.3560,571.3120,424.6160,296.4340,116.4400,27.3158,39.2102,78.4829,105.2420,109.5700,88.5418,61.2156,135.3530,190.5560,219.5780,258.1140,235.5260,179.1120,153.5670,224.9930,233.5530,276.7850,297.1240,277.9640,290.0450,356.8670,430.5150,433.5530,433.7920,348.4460,267.1260,208.7110,136.9000,171.3890,316.2440,393.1420,451.2140,516.3250,437.2020,306.9740,225.0830,128.5040,62.1369,93.6432,175.7160,171.8230,201.5310,242.3170,197.0180,217.7350,167.1480,62.1485,74.0488,125.7550,136.5540,109.4440,99.8539,95.3740,95.5704,130.4600,168.9920,199.8260,162.0050,55.1660,88.8513,194.3730,233.7830,137.2390,139.7650,88.4065,182.3980,196.1990,174.3850,159.1730,101.5490,61.0022,81.7656,84.2993,109.6100,150.2170,181.3860,174.1090,152.5300,98.1082,61.8388,78.7097,198.9290,217.1000,195.9420,183.0640,115.2590,139.4110,191.7290,190.2770,190.0310,176.5410,151.0930,105.3890,53.9426,62.7622,118.0020,134.3380,101.7100,65.0890,45.7673,93.5688,120.2160,130.2030,99.0770,38.7771,33.8507,65.1353,70.6915,40.5344,33.1705,79.5870,140.8470,169.2950,176.5470,198.0920,167.9770,108.9330,80.9722,61.8107,69.3965,78.5123,75.0152,73.3887,85.1105,106.6640,124.6180,107.3210,76.1554,104.8230,124.8260,100.5220,69.4596,58.8781,106.6100,155.3600,198.9560,166.2510,102.1020,94.0594,135.2040,174.6280,199.3470,232.3330,231.1220,173.0050,129.8270,93.8192,69.4941,52.8068,54.6904,79.6823,94.8526,126.3140,157.7280,183.6980,184.2450,169.7800,151.3960,119.1720,99.2166,101.0560,89.7733,72.7724,88.9722,112.7610,166.6540
51504.2000,36783.9000,24767.6000,36677.7000,44253.2000,33246.0000,25657.3000,21720.4000,19207.1000,16682.8000,12560.5000,8988.8200,6979.5200,5657.4900,3362.4900,3815.6600,5536.8000,5700.9700,6473.2300,6693.5200,5791.4300,5175.7300,4992.2400,5546.8400,5563.3000,4668.2200,3053.8400,1808.1800,961.0780,515.4110,716.4450,1694.0100,2886.9300,3619.4000,4465.7800,4549.9600,3287.1400,2171.5500,1405.5300,646.4780,185.4380,165.5690,319.2910,527.6950,685.4190,806.8190,873.0370,985.4890,1029.9800,1056.4100,1082.3200,1239.8700,1186.3200,886.5910,721.3650,625.3960,520.6270,286.6790,352.1750,698.5500,1069.9500,1133.6100,1419.1900,1279.9200,731.8930,748.3390,453.9470,908.0160,801.1020,934.2670,561.8150,312.7580,113.1430,459.9710,488.8280,721.2180,604.2360,431.9150,347.7900,441.9190,548.6100,518.3120,227.5830,101.3060,204.4820,332.8030,519.1650,863.0770,989.8250,800.3000,588.3960,383.5900,331.9960,361.7270,296.1810,256.0550,286.9140,298.8250,383.9870,437.2400,523.0710,720.9830,938.2240,1186.1600,1211.2400,959.2200,693.7050,572.5530,436.3550,315.3330,338.2590,452.1170,562.3360,638.2200,692.5800,623.4000,411.9040,216.2680,60.3576,188.9110,308.6610,371.8090,359.9100,311.4990,284.2410,293.8000,325.8190,390.7120,453.0840,498.2100,489.7540,379.9740,314.9710,169.3630,62.1639,83.3622,147.2040,190.0380,200.2540,182.8530,92.7594,49.6465,102.8620,165.3110,242.0460,240.6680,185.3910,186.5780,237.9050,220.6740,297.1170,261.8070,254.5360,295.5460,359.0290,461.0480,509.1070,529.5580,423.7100,343.0710,282.3600,210.1940,225.1830,334.8410,413.4140,510.3060,527.7780,428.9670,333.4630,260.8690,160.7380,119.4890,164.4750,244.5050,245.1190,297.1040,299.0930,216.4590,167.6680,96.9815,61.3323,83.6071,141.9410,122.7480,62.4491,34.3895,83.4994,144.3950,190.1180,218.1410,237.5720,174.8760,61.7374,82.0120,215.5690,238.2430,145.6190,106.6650,60.0515,150.7200,201.3570,215.1960,216.2900,134.7140,41.6893,26.7298,27.3434,62.0173,99.7043,134.0030,146.6260,122.7520,47.9473,61.5164,132.7900,232.5170,237.4760,204.4410,190.1280,107.5320,144.6570,191.3920,179.6710,178.3150,150.1850,134.1110,87.4993,36.1826,57.2860,106.8970,110.2100,88.4969,63.1942,24.4399,85.2149,87.5036,81.7074,60.8898,48.9013,47.0604,66.0329,74.3991,41.7262,34.1445,75.8018,122.6980,141.6110,160.7630,173.1300,136.8720,98.0936,69.3267,42.1442,63.1489,86.2386,73.2445,84.0158,103.0430,118.5040,123.9780,100.1040,85.7469,118.8910,136.7420,107.9170,56.1203,60.7524,108.8740,145.8150,170.9470,153.7530,96.8642,70.3435,111.1750,159.4940,191.9800,239.9240,225.7450,169.0400,143.4030,108.3970,75.8481,67.1914,52.9751,90.3593,86.6272,118.4740,139.8820,170.9860,171.2100,153.8090,132.8300,107.3630,100.8690,88.5268,73.7255,73.0142,95.1251,121.7580,176.0680
50463.8000,36057.8000,24037.3000,35766.8000,43328.1000,32451.1000,24958.4000,21230.3000,18700.9000,16221.9000,12179.1000,8516.0600,6359.6700,4843.8700,2787.0400,4142.6800,6385.0300,6610.9600,6966.7400,6671.2400,5540.5100,4640.1700,4252.8000,4644.5800,4661.8400,4080.3500,2751.5000,1659.7900,1184.1100,873.4930,680.9370,1212.1400,2081.9700,2728.6800,3681.4200,3712.5700,2568.2200,1893.1700,1170.6300,575.3740,240.4040,281.7270,394.5770,554.0330,679.6290,821.1070,920.8800,1055.7300,1096.9400,1102.7800,1120.1200,1256.9800,1144.6100,814.6720,683.5590,610.8060,568.9470,325.8530,325.2330,653.1110,1005.2200,1093.2400,1423.5200,1304.3600,758.9110,763.6040,413.0890,891.3130,789.8200,938.4240,556.1770,386.3650,141.6130,517.4230,509.8900,797.5130,692.1270,481.6640,369.3620,497.3060,625.7990,607.9880,349.2630,112.9110,112.3180,322.7680,625.2180,1012.4300,1179.3600,884.4420,577.2320,210.0980,244.6410,253.1950,162.7580,150.8940,210.9550,199.9520,317.6850,489.2840,617.7290,728.7180,961.4310,1191.8900,1237.0900,1051.1900,820.1080,672.1050,477.2570,318.0820,348.1650,521.7660,672.8370,795.6690,840.1520,726.0570,497.9650,297.6080,119.3310,84.2466,238.3460,348.8300,368.9140,344.8980,338.1320,299.5240,275.8410,312.5390,388.7830,479.0800,506.4260,434.9410,397.2310,247.3430,139.7500,115.9740,140.6870,148.9820,109.8400,109.3650,51.4948,135.8250,197.2680,200.5330,227.0790,175.4760,124.8140,109.5770,216.1600,255.2420,346.7980,361.6160,317.7350,318.1070,371.5040,439.1030,458.1440,439.4230,332.9620,277.4400,280.3240,208.9920,194.1860,299.7620,374.1090,492.9810,524.2280,421.8640,331.0090,274.9490,169.6510,85.8088,123.7660,213.4850,214.3610,239.0880,252.0810,179.3260,143.4410,79.0244,102.1570,124.3740,164.8300,157.5170,89.1242,61.0129,82.9415,129.1100,196.6100,232.4000,263.8060,200.8990,54.1136,68.4077,209.4840,250.7420,165.3220,127.6820,39.8683,115.8600,159.2410,160.1530,168.8320,96.8592,102.6570,115.5860,113.4000,124.1520,157.5810,198.0900,218.1450,192.8820,119.6600,95.1845,73.6509,189.8480,195.1700,171.9310,159.0820,96.2747,148.6470,192.1080,180.8470,189.0530,170.1140,154.4440,123.4030,73.9334,45.7447,74.4818,101.6010,94.0686,78.0874,12.5712,44.9472,50.9998,49.3845,32.0736,16.9995,32.7465,56.1218,75.9452,70.1519,37.5473,38.7803,104.5190,137.5690,147.5270,162.5740,128.2650,89.2446,59.6947,53.5513,85.4745,98.0396,76.5590,83.7690,114.9160,139.0600,155.1160,132.9050,109.8550,115.9110,120.3340,107.4740,78.6849,57.6717,95.3721,148.0330,186.6610,155.9020,106.8720,84.0836,114.3550,161.4880,193.0420,237.0530,220.1950,172.2570,141.6550,119.5210,86.4771,67.1662,56.4309,82.2202,82.5941,113.4390,146.4380,181.3190,171.4430,154.0030,133.9510,111.4330,91.6833,82.6903,80.2832,70.5128,80.5771,101.3080,162.9610
50872.6000,36132.1000,24112.9000,35870.1000,43757.1000,33130.4000,25507.6000,21717.1000,19176.8000,16788.2000,12599.0000,8854.4700,6579.8500,4552.5600,2346.2100,4176.3100,6776.5200,7290.3200,7565.1700,6979.5500,5736.0500,4692.8600,4326.8500,4746.2000,4789.4900,4182.1700,2820.1700,1704.4100,1256.0400,951.6270,699.4060,974.3990,1756.0300,2426.5700,3490.0900,3644.5200,2578.9600,2074.2800,1334.1700,686.6710,306.9330,231.0470,321.7450,474.5250,627.6560,768.4320,882.7000,1020.4000,1078.1900,1135.2300,1189.0200,1377.6200,1306.6800,985.7700,825.8930,757.7780,672.1310,442.7610,443.1770,735.2240,1065.3100,1139.2600,1439.8100,1305.3800,744.1980,715.2630,367.4320,824.4700,734.3420,930.6560,569.0980,462.5520,151.8890,440.3020,408.2200,725.9580,648.9930,450.2390,274.9990,321.9870,430.1610,437.0430,274.0470,129.8280,143.5940,281.8450,588.1680,1003.9300,1167.5700,842.5700,535.4750,197.7130,178.0960,134.7820,70.4899,237.4410,275.2400,214.5740,216.6110,392.0460,528.7570,708.3240,940.5180,1210.3000,1291.1900,1088.2300,831.8950,665.7120,469.9320,316.7530,359.7040,548.7590,705.6710,830.8860,876.0450,796.8410,586.4800,392.0410,181.4380,25.4257,126.6110,207.8260,237.5970,263.2680,272.0190,310.1450,331.8980,387.0550,419.1480,460.3330,486.8510,389.3330,343.9410,186.9060,81.0445,60.2006,82.8145,118.8410,98.9433,64.5098,20.5619,109.4770,173.8040,207.3580,244.9440,188.0670,90.7225,87.6680,173.9120,249.7290,375.3530,398.8620,348.5360,299.6710,325.8560,403.4210,432.5450,427.1920,328.7190,257.1760,217.1640,147.4250,168.3760,315.1110,387.0460,460.6790,497.2980,395.6330,291.2340,258.9690,189.2610,93.6322,88.0451,175.1910,182.0360,248.7140,260.2040,203.0380,187.9150,109.0250,89.8227,100.9170,163.1330,163.8310,96.6458,56.8728,80.7196,136.6210,194.0360,231.7980,264.1080,207.8030,68.9654,60.4362,190.6910,253.4220,178.2100,164.3400,69.7154,156.9150,180.7600,181.3910,179.1340,104.9300,68.0814,63.2252,67.8053,110.3950,158.0680,203.8580,202.6900,152.9800,91.5024,52.5850,69.8510,175.6130,182.0000,153.5910,146.6770,87.1822,179.2270,216.0010,209.4140,209.9720,203.6860,200.3240,170.1890,115.1910,64.7028,76.4347,109.1640,113.4940,95.9742,24.7729,38.9572,41.8641,44.1341,26.0464,21.0009,38.7936,56.6781,59.0753,56.1718,37.4926,36.2354,75.2404,96.7070,126.1580,152.5320,142.7200,117.6450,85.0864,62.3645,93.4165,100.0700,74.0230,93.6806,143.3680,168.3180,184.5150,158.1190,123.0300,130.8170,145.6200,128.4470,100.9990,80.2955,112.2560,162.0610,205.5770,174.5400,111.7590,96.7521,140.8150,175.8060,204.3430,246.5240,236.8940,170.3840,129.1860,96.6167,77.6622,60.5290,40.4032,68.8032,82.1760,124.7590,158.0050,173.1640,172.4800,161.4970,145.4670,112.8170,87.4179,72.9840,64.0324,63.7334,81.1072,105.8230,163.2290
51335.8000,36558.8000,24626.8000,36716.6000,44377.7000,33290.7000,25599.4000,21645.8000,19129.4000,16595.5000,12443.2000,8848.8700,6705.6300,4928.2100,2487.9500,3855.0400,6374.9200,6920.3800,7202.7700,6637.7900,5495.5700,4433.2400,4141.1400,4410.0300,4407.8300,3900.1100,2687.1500,1668.8200,1211.5100,869.9280,611.1400,898.0480,1692.0700,2376.3600,3305.8700,3539.5700,2607.7600,2000.9300,1386.9600,807.6260,413.5520,286.3320,346.8550,452.4020,587.3700,712.1060,827.2210,961.8940,1033.7800,1099.3800,1162.9200,1343.4100,1299.6400,1003.8000,838.4950,754.7920,681.7010,486.4850,528.4350,845.0030,1146.6700,1189.4500,1483.5500,1314.1400,738.9880,682.1950,370.9810,840.1470,752.7220,894.8340,522.1620,482.4330,215.5110,465.3330,349.9410,702.0760,644.8960,501.7400,300.3810,287.7590,440.1580,503.4580,369.6110,189.8560,59.5519,240.9530,542.0660,972.6000,1171.7600,863.3660,587.5130,187.9720,78.2898,71.3477,96.8619,269.6070,310.7660,243.9780,235.8400,376.9380,504.3130,692.0770,907.0820,1168.8200,1272.7200,1105.0700,842.4450,640.4030,422.6080,272.2390,312.9400,538.1980,704.3250,882.3750,958.6340,838.4140,610.1410,416.0180,222.4130,61.3816,99.0864,167.3570,215.9860,272.6790,284.8070,327.8380,372.6270,448.2740,480.9500,488.1690,508.9740,426.8250,395.5370,230.7870,87.5631,60.9443,67.9262,107.9160,62.2063,73.2705,70.0827,156.8560,202.9270,188.9720,171.8080,109.9960,63.8080,28.3756,144.0670,254.0660,374.5010,394.3080,346.4620,309.2210,332.0140,399.7470,399.4660,366.2890,295.0890,260.8690,257.2550,199.2300,172.6580,281.8840,349.3290,422.5120,444.0710,332.0650,261.7330,229.7720,163.9620,69.9363,49.7977,114.7060,145.6800,214.9820,244.9120,203.3480,204.0170,134.5210,86.3477,112.3610,174.1430,185.1650,119.6660,78.6946,84.6250,139.1190,200.8800,234.8240,257.1340,207.6660,68.2902,69.4573,217.8420,264.6380,188.4640,142.5170,40.7189,118.6090,167.4040,173.7230,190.2130,106.2500,116.7160,107.1530,91.4792,97.9197,141.2320,190.2340,204.4820,182.0420,120.8540,98.0572,50.3059,142.1440,154.6640,133.0320,137.1080,81.4743,157.6480,188.1760,174.1550,182.6610,192.8810,204.9810,151.6120,105.5680,91.1177,84.8298,92.3896,103.3190,108.2090,42.1335,30.1870,50.4652,57.4712,49.0761,37.4274,51.9477,35.0938,47.7371,35.9644,40.5333,48.1962,68.9868,92.1383,125.4770,148.6110,121.2950,93.6617,60.5374,57.4560,96.1340,100.2040,73.9328,101.3380,143.0700,161.5210,171.5880,162.7010,132.1440,115.7040,130.8970,118.0840,102.2990,90.3010,125.1400,175.3660,222.2690,192.9960,116.9740,103.6290,162.5330,191.9190,214.7200,245.7500,247.0610,182.4810,133.1100,95.1075,74.3361,51.7502,43.6108,61.2455,76.2569,105.8490,132.9140,156.2990,163.5730,156.5470,145.1360,113.7820,87.5145,79.5251,72.0634,58.3332,71.4140,99.1217,160.5230
50571.7000,36176.7000,24187.4000,36039.7000,43562.3000,32543.0000,25011.5000,21297.0000,18780.6000,16255.8000,12188.5000,8487.1100,6248.8000,4793.5900,3007.6500,4383.6300,6499.2900,6487.7800,6790.1100,6603.9600,5472.7000,4650.5300,4413.4700,4893.4800,5007.5700,4405.5500,2891.6100,1607.1400,916.8660,456.2650,581.7380,1441.2600,2603.5000,3412.8400,4051.4900,4294.2700,3170.8000,2138.5400,1408.7800,787.0310,361.2230,420.7600,586.9150,707.2410,829.0350,929.4810,963.9510,1038.7000,1050.2100,1095.8900,1163.3800,1387.7200,1363.8500,1007.8000,804.4720,683.0030,629.3890,529.7490,639.9690,928.6810,1194.6700,1232.9100,1522.7500,1342.4900,744.2800,699.7350,385.4580,857.9950,754.9660,952.9400,551.7540,475.7200,151.0660,341.7890,364.2040,707.3600,662.1050,599.3560,340.6790,238.8450,410.3390,506.3880,382.0700,209.4180,104.2300,90.8942,241.1480,534.0250,672.6970,539.7330,394.0700,242.6450,239.4460,290.9230,282.4400,349.4080,419.8720,448.4540,496.1230,489.7240,526.2050,756.0440,995.3290,1263.3900,1364.5400,1068.3800,686.1930,497.4200,383.7580,311.3620,382.4450,583.4920,708.9420,827.2660,895.2630,795.8470,539.9480,337.4800,144.3630,181.0390,254.3160,256.3450,257.8890,290.3970,330.4550,371.4970,432.9020,460.8810,509.0500,593.3730,602.5360,456.8210,380.1880,213.0080,96.2168,91.5082,129.9080,146.5010,118.8110,113.6540,51.8674,137.2610,192.1530,190.2820,181.1940,112.1280,40.3764,45.5478,157.4730,260.9590,363.1630,355.4360,303.8580,280.6320,333.9580,422.7020,436.4590,427.0420,356.7530,287.4870,224.6900,168.5150,199.2750,282.6670,325.0620,393.7630,383.2380,303.6800,263.3830,234.6220,161.0780,86.4025,75.5638,144.5110,198.4650,276.2020,303.1330,243.8830,214.5990,104.7800,51.5494,107.5340,177.9480,177.5290,98.2440,57.0338,107.4380,162.0530,220.9360,260.5210,297.6120,233.7410,76.1321,55.6400,194.4520,225.6420,165.5170,150.1320,90.4605,164.8580,189.6320,197.5840,220.2080,143.1160,106.2880,81.9621,67.1787,105.2240,131.6450,158.8720,157.2480,123.8760,62.6688,59.3283,82.8953,164.1650,156.1540,120.5650,115.2520,82.0105,167.2550,214.5050,204.1720,210.2780,193.8020,184.3120,141.3170,75.2698,55.7489,97.8785,110.0090,115.0640,101.3160,61.4262,22.0288,12.4205,13.8142,5.1939,30.3492,50.8973,59.8987,49.4157,54.3923,46.1324,41.7354,79.6320,109.0170,137.9160,133.4680,106.2290,76.7214,45.5339,49.5322,80.6479,106.8300,95.8970,100.9030,122.3260,147.8300,172.0680,144.9420,122.2830,129.1320,125.5650,122.4640,101.0990,80.6680,97.7702,161.3780,225.5500,192.5960,137.1810,120.1910,135.5270,167.0280,192.8360,235.7920,234.8770,177.0110,133.2510,100.1240,77.8984,65.3748,53.6243,80.5971,74.6079,94.4379,115.1260,152.5070,157.6590,141.4130,122.8430,92.0251,75.7403,63.3528,41.8103,30.5981,64.8120,96.8179,153.2460
50749.7000,36131.7000,24079.6000,35772.3000,43612.6000,32986.4000,25377.9000,21698.5000,19077.0000,16748.0000,12591.9000,8906.4300,6842.8800,5125.5800,2696.9900,4020.0500,6439.4900,6852.1300,7184.2500,6760.0900,5616.2000,4874.9400,4599.4300,5053.5500,5092.4500,4496.0800,2972.3000,1662.7800,949.7590,497.3240,580.6660,1339.4400,2462.5700,3336.1900,4046.3200,4453.5300,3436.5000,2316.4200,1551.5300,844.3460,371.1190,339.0060,551.2100,689.8380,816.6130,898.9550,947.5760,1032.0000,1077.0500,1119.7900,1174.8300,1383.9500,1411.0600,1088.5400,864.4200,690.3270,622.8000,495.0720,595.5690,890.8960,1175.2000,1227.5000,1490.6300,1322.8000,712.4250,691.8650,408.0290,854.9510,722.5770,910.8340,511.0430,523.4630,199.6810,331.4880,346.5210,700.8580,667.6850,626.8100,366.3860,268.5400,421.1830,507.4750,359.0370,169.8370,78.2953,153.3070,366.5430,703.2660,886.6940,723.4570,561.5360,310.8390,204.5700,227.1750,281.1490,375.2800,476.3390,482.3280,504.0750,462.2880,455.3700,660.5670,955.8960,1230.4200,1355.7100,1141.5700,809.4320,580.3850,414.0230,294.3870,337.2170,551.7890,685.9360,832.1060,884.2620,766.0810,540.2910,345.0140,194.5090,142.5310,246.4470,281.7620,292.7070,330.6500,388.6320,414.4620,477.9310,486.2260,547.2000,628.6350,629.5520,479.5700,355.8740,181.6050,49.2821,59.9169,102.5040,116.3670,109.9360,94.7188,99.1456,166.8680,210.8370,196.4410,185.2040,110.4830,45.5417,59.5090,185.1340,255.1730,350.0030,350.3200,323.6060,328.9880,353.0380,409.3660,398.3130,395.2290,320.6620,254.6670,235.2370,196.9960,202.2160,276.0480,320.1760,396.8490,407.0900,326.2970,276.6480,222.2620,143.2340,68.5514,41.9680,115.2070,146.7680,216.1960,237.9190,202.6940,186.0960,125.3740,78.6153,114.1840,181.7810,182.8050,129.1310,95.4049,88.1235,134.4330,211.8690,247.1270,264.6550,191.8940,58.0389,66.0675,205.8900,226.1030,156.5810,130.4430,93.5838,163.1150,178.5750,178.9510,195.7170,129.7900,132.5380,128.7120,114.3590,119.1710,148.0990,170.5180,168.2910,161.3140,109.0000,127.0740,78.4946,163.4760,151.1540,125.3840,140.4210,104.3360,181.6180,208.9380,181.6920,179.9220,175.1570,168.8990,125.0240,78.6659,66.3803,91.1411,118.8380,119.0860,106.8620,55.3898,14.2623,16.5730,29.7669,18.8449,17.1205,31.9834,54.6609,66.9453,60.2338,54.2833,74.2532,94.2041,113.8790,133.0930,146.4840,119.3590,89.3085,77.7667,78.4704,93.0077,101.5970,107.6090,105.3790,112.8300,126.1260,143.1080,111.9650,90.0991,104.8470,113.3900,106.2620,81.5501,64.3072,98.6756,154.4810,205.3320,182.0410,121.2960,98.9945,134.0480,162.7990,190.0230,225.9870,240.1940,179.1470,134.3700,88.1179,60.7679,49.4261,47.7450,70.9413,78.2362,105.3510,129.8280,147.3330,142.1970,135.8760,130.3750,126.6750,107.1950,75.9518,61.9036,57.7952,69.7703,92.7915,139.2840
51427.8000,36636.9000,24675.5000,36655.7000,44379.6000,33420.5000,25687.7000,21803.8000,19178.6000,16688.0000,12366.9000,8714.0400,6893.6000,5771.5100,3703.6400,4255.0900,5798.9200,5778.4800,6438.9300,6565.0200,5618.7700,5119.0300,5018.9800,5669.0500,5756.3100,4879.9500,3122.7100,1723.9300,773.3740,411.6340,921.3520,2007.4400,3321.0900,4217.9500,4924.9000,5199.1900,3996.8600,2641.7500,1741.4500,939.7250,365.3150,291.4250,570.6560,786.2580,944.7390,1016.5400,967.1870,987.3100,1020.7800,1070.7000,1129.2000,1316.8700,1280.6100,917.1420,693.0840,594.1050,534.1910,536.9010,687.8250,990.3000,1243.2100,1261.7600,1548.7900,1354.5200,742.4260,724.4590,446.6420,954.2710,827.9040,959.7140,506.8720,443.5320,147.8380,359.4440,364.9140,704.3580,661.3320,621.8360,361.6590,311.6980,504.4000,594.5250,410.2200,200.9900,141.0930,147.4440,214.8870,473.7270,648.5330,593.6370,529.4380,422.1250,425.6880,448.2410,467.2100,521.2550,630.2350,680.5580,665.4010,560.2280,481.6170,637.8790,863.6850,1154.2200,1224.8500,950.9750,657.1890,539.2250,469.9610,344.6010,314.2790,446.2660,582.2690,689.9900,748.0670,677.1700,436.4320,274.4590,88.4730,272.3570,351.8600,374.5160,348.7160,325.7210,364.9750,429.2550,500.4910,533.0390,586.7940,646.2590,618.9230,472.0160,362.9640,208.7760,75.3366,145.4390,201.8490,225.8770,231.9790,204.2570,104.1700,78.8781,114.7370,107.2170,140.6270,76.3892,61.1564,110.6250,194.2440,256.1480,301.2290,248.9100,236.8320,285.2150,339.6760,403.3420,411.1250,426.5260,376.6070,291.0690,236.1860,212.1040,243.7920,273.6620,325.4270,388.4020,371.0330,299.3540,296.8890,213.1650,135.5570,88.5769,80.8823,141.2320,200.4610,281.5280,288.1590,235.9540,194.8290,128.8760,34.1205,66.2603,128.0320,118.8250,67.8392,74.2569,127.5250,177.2080,229.9220,268.5780,302.0010,245.3560,100.5680,48.8532,160.0470,187.0490,152.8320,130.5730,63.3819,131.7880,152.3540,164.2470,195.6300,144.3300,121.7860,95.2873,62.9943,98.1291,123.5470,149.4460,149.0440,130.6190,69.9743,85.8861,89.4939,183.9500,171.8070,146.5220,144.9160,105.9460,175.7660,207.2620,186.4100,178.3120,157.1120,139.9820,93.6194,44.4286,50.3967,90.3896,109.3420,106.0180,107.6140,55.1704,35.7304,33.2593,43.0671,44.7045,39.2278,39.4271,61.1878,58.2726,46.6527,57.1098,68.4253,83.0777,102.1900,132.8260,128.5010,89.3718,56.1833,35.9597,61.8515,96.3949,113.0270,94.4528,93.9322,112.1620,135.3020,149.0700,114.6200,76.9835,95.4614,125.4990,115.0480,78.8083,62.5504,98.6694,147.0820,195.9080,189.8770,124.5120,78.0013,85.0676,123.8950,158.0920,199.5030,206.6250,159.1830,136.2710,87.9859,51.1997,63.4963,70.1697,110.3230,91.8668,103.0130,110.3880,145.6130,138.8950,124.7230,111.7030,106.1240,106.0880,91.9061,65.9780,43.1354,64.9706,110.6530,148.7140
50787.7000,36333.7000,24342.1000,36242.7000,43750.2000,32696.2000,25172.6000,21466.6000,18955.6000,16447.7000,12388.2000,8926.1300,6948.8800,5359.0600,2750.3000,3852.9200,6304.5300,6730.3100,7096.8800,6739.1100,5634.0900,5062.0200,5002.2200,5587.3700,5682.4400,4968.8300,3236.7200,1805.9100,949.4340,456.7550,588.7880,1471.6500,2735.9000,3812.4200,4395.9900,5031.6800,4015.4500,2538.0100,1706.5000,944.4030,372.6040,282.7110,529.4300,728.6280,877.2420,935.5560,952.5800,1061.9100,1112.7000,1160.9000,1221.4500,1422.9000,1412.1300,1063.1100,820.0510,627.4360,541.4960,465.2310,589.9370,905.0280,1203.4200,1247.4500,1501.3100,1321.4800,702.2010,696.4460,449.8580,943.1860,815.1050,976.4080,533.4260,477.6700,139.6960,309.3400,400.4940,727.1960,710.0790,684.3680,442.1380,335.7310,498.2170,541.1550,389.1250,230.0820,130.9170,142.5960,333.2990,704.7470,920.3320,758.2540,695.4700,404.8850,312.5840,347.1840,402.2590,503.4190,637.1560,661.8140,599.2920,478.4230,338.3950,509.2060,880.5850,1166.1500,1345.9300,1182.3900,863.4870,632.0510,468.4910,320.1100,335.0870,545.7200,697.2950,844.2640,873.0190,741.8440,519.0220,331.9100,206.6380,186.1660,305.6910,342.7560,323.9400,321.0610,362.3120,421.7880,491.2170,517.1610,584.1570,673.3200,652.2630,484.7470,322.2570,150.5600,73.9417,111.6820,126.3770,121.3620,133.4220,120.5190,111.2590,171.4670,209.3240,194.5470,163.8890,96.8537,24.2495,106.9440,234.4660,285.3180,345.1640,333.9160,320.4570,349.3750,374.8810,403.6130,397.2040,386.3260,317.5260,268.5380,249.1450,220.1620,230.3610,276.0420,309.4870,375.5100,350.4640,266.8210,240.5290,197.4990,131.6100,62.0250,33.7595,92.8980,130.1360,199.5070,243.0610,220.8110,211.4250,150.1940,52.7877,70.8887,143.8530,136.1350,104.8420,92.5844,96.2847,131.0280,198.6570,246.0650,285.5820,227.0120,91.4882,48.1419,150.6150,180.8750,149.1910,139.1760,75.5624,136.8040,135.6230,140.0150,169.2400,123.3690,169.2080,160.9530,132.5780,128.4500,154.3270,182.3270,183.2890,170.9930,120.4250,132.0510,79.4894,176.3090,170.4050,146.8970,155.3690,108.6380,147.6570,175.1040,159.8030,153.1990,137.4910,110.4000,87.9368,62.4366,64.8556,125.8430,159.5390,149.6220,124.5270,60.1809,17.9211,29.7099,52.7203,46.4836,15.3951,26.6012,59.5314,48.5034,37.9104,56.0331,84.6325,102.1650,120.1390,139.7780,154.7450,132.2270,96.7405,65.2353,72.0577,107.4590,118.8420,98.1463,87.1649,100.4620,117.3460,126.6410,94.1769,69.7230,98.2586,119.1020,107.9300,79.3685,74.6576,122.3520,179.7570,231.4720,206.4780,132.4670,92.4315,125.7260,159.2330,189.9930,219.5890,236.4980,194.1850,147.2170,100.6310,39.7450,32.9096,42.0347,85.2427,92.6692,118.8150,142.5260,164.7780,158.0660,150.8050,146.4180,130.1720,97.5519,85.1320,70.4926,52.1925,55.8562,94.8777,154.9690
50595.4000,36075.1000,24017.3000,35657.6000,43475.6000,32866.6000,25257.8000,21646.4000,18959.0000,16695.4000,12552.0000,8856.4800,7112.5900,6097.0400,3883.5700,4199.4500,5595.0300,5661.4600,6546.5800,6724.6100,5711.3500,5390.2100,5514.4900,6177.4400,6234.7000,5214.2800,3257.9600,1705.8100,755.3630,491.8870,1055.8400,2182.5600,3549.7500,4582.0400,5162.5200,5725.3700,4658.0700,2911.5300,1774.2900,899.1510,285.1220,398.5350,778.7600,974.2130,1081.2400,1075.8600,1042.1600,1058.1300,1044.2800,1082.3300,1135.8500,1337.0500,1286.4000,934.7270,703.4910,542.6940,484.7730,518.4130,713.9640,1041.6700,1301.1500,1305.5700,1620.7200,1395.5400,764.7890,724.1110,482.7690,1015.4900,902.0380,1008.5900,520.2590,424.7040,151.1150,361.6250,392.1720,719.9330,714.6440,711.1100,473.3800,326.7930,511.6400,625.7790,485.8180,307.4480,155.1610,86.1720,139.8060,372.9000,539.8050,550.3180,522.0170,433.7470,450.2470,495.5440,553.6890,632.9550,793.1270,876.3160,789.9850,593.0770,375.9600,486.9170,792.3630,1051.2400,1153.7500,905.4630,627.0380,505.9300,473.9830,372.6330,344.0270,472.5560,619.6470,728.5550,754.2950,640.3880,389.8370,249.3040,121.7680,306.7090,395.4910,406.3200,357.9630,297.0450,340.9030,409.7830,505.7330,524.0000,595.8200,663.4510,623.5170,450.3430,301.8130,130.1150,106.3880,169.5380,218.2770,220.7370,239.9060,188.7330,117.0120,106.6960,136.5290,106.9150,84.7546,34.1340,81.8182,156.0260,240.9070,289.2620,318.2390,260.1180,238.3900,289.4910,342.2400,378.7210,371.7440,377.9060,331.1040,248.2810,197.4200,198.3490,221.2580,239.6670,297.5860,367.0010,329.9350,308.6430,279.8800,212.9230,163.8250,118.1280,83.4536,109.8000,183.7280,278.1000,301.3420,258.6230,224.8350,161.6100,84.9624,93.6296,150.7310,137.9930,80.7432,71.8101,113.5750,159.2160,224.3430,278.9100,331.1850,292.1020,154.8500,66.5843,107.7840,156.9820,164.6680,151.1030,106.2540,144.1040,138.6350,140.3320,176.0380,124.7360,135.0780,103.3580,76.7865,99.6314,120.8790,139.9470,138.0460,138.0080,79.7611,110.9310,99.1299,186.4610,159.3990,128.0790,129.7520,86.3576,162.0640,181.3720,157.9150,152.9250,141.2090,122.8290,69.4980,31.7647,58.5105,115.1160,124.1880,106.7850,86.9904,40.4176,25.2468,27.6733,27.4472,30.0093,37.0030,53.9002,73.0158,66.4652,54.1982,60.2000,69.1435,87.0772,106.4600,137.9410,124.6570,85.2994,58.5028,55.1954,71.0667,95.9548,122.1710,119.0660,117.8490,125.9550,149.2330,165.3790,127.9130,93.8366,99.5433,110.1730,101.3820,76.6543,62.1186,84.9481,140.9860,200.9600,190.7250,131.6760,89.9440,74.0947,102.5070,134.7450,176.8800,193.2460,146.8760,113.7660,84.9530,64.9556,58.7211,71.2341,99.9249,91.9621,108.8110,127.2850,151.9860,143.6200,132.7190,126.8030,108.9820,93.2998,92.7742,77.9857,55.4294,70.6567,117.0660,178.4190
51338.0000,36538.9000,24605.9000,36561.3000,44367.8000,33536.1000,25815.0000,21959.3000,19315.9000,16939.1000,12669.5000,9102.5000,7347.9900,5921.9400,3396.4800,3981.7900,6046.8800,6352.2500,6829.2900,6638.2200,5637.6700,5263.6000,5402.6100,6066.2700,6191.6500,5306.6100,3397.7000,1851.9700,943.2840,437.2950,693.6390,1802.7900,3316.5800,4582.3700,4822.7700,5531.5100,4551.2800,2802.9000,1648.7900,853.3070,281.9900,414.8300,733.3350,904.1380,1004.2700,1012.2100,1006.9800,1088.1100,1110.6600,1141.9600,1190.7900,1405.7000,1421.9000,1061.9500,796.2920,585.3440,507.2250,466.1100,609.3400,948.4200,1268.4100,1318.5800,1563.2100,1365.7400,690.1980,668.9410,542.0240,1065.9600,924.0090,986.8450,502.9990,435.4550,170.3170,332.7450,386.3650,758.8900,784.3640,794.3830,564.0870,407.9770,508.1170,564.3530,439.8410,285.3730,136.8500,70.4640,240.8240,558.6820,737.8470,707.5550,662.6860,421.9900,362.3640,400.0750,457.9930,548.2940,694.8510,749.5610,659.8620,486.1940,311.6650,506.0600,893.4570,1167.1100,1328.8200,1130.8200,824.2040,618.7880,485.1990,350.8010,363.1820,531.4240,681.5950,796.0220,821.4900,733.6830,512.9600,326.5870,155.5360,203.8290,300.9450,320.9750,286.9240,281.6500,345.3550,421.1780,487.4050,525.9530,579.4000,649.0120,620.1650,441.1320,266.2200,80.5862,79.5651,133.1380,160.6290,161.1730,170.2260,145.6790,118.3550,175.0480,209.7950,178.7540,147.4670,79.9550,45.5922,143.2270,251.5710,290.7130,332.3920,299.4220,269.0820,288.4190,341.1740,383.4030,382.2350,361.9950,306.7950,250.3050,200.9550,186.5850,210.2690,235.9140,264.5640,347.8380,325.4210,280.1390,260.5780,190.9870,131.6240,78.3351,57.6194,113.4980,172.3730,265.9790,302.4060,250.0970,235.5010,137.7720,54.6400,80.4419,141.1970,146.3280,96.3199,81.1966,113.7280,158.5010,223.3210,277.9410,321.2700,263.9610,136.7970,64.1080,143.3930,181.2670,190.5120,161.0160,87.9895,120.1910,112.3970,119.9770,151.9940,112.4020,149.4450,135.9000,106.5210,101.3920,123.7040,145.9070,143.3190,120.1390,76.2585,109.0570,99.7503,186.2770,172.7100,142.7560,148.1400,97.0229,143.9210,164.6530,152.5150,148.3730,137.0840,112.0740,74.9975,35.5806,46.2632,109.0560,128.4000,112.1190,82.6831,37.7724,16.7073,40.3962,51.6325,49.6643,37.0712,43.0399,45.6595,52.3108,63.6265,77.5238,97.1433,113.0590,122.4930,126.8200,141.4190,113.1690,77.2923,63.0564,81.2917,102.5350,113.1220,117.0780,121.7900,130.8400,144.8750,142.0800,97.6916,69.6590,94.0252,123.9570,118.4860,86.0855,57.4750,112.8540,180.3850,218.5310,196.5150,140.0140,93.0924,76.9945,115.7200,145.3840,182.1870,218.6450,185.6500,149.9590,98.4996,50.9858,48.9738,47.6241,79.5724,79.6142,101.5050,120.6970,154.4960,157.1600,149.7940,139.8010,125.7530,118.5810,103.0660,79.5289,63.5706,86.3541,131.4230,188.1990
51134.1000,36613.1000,24646.0000,36592.8000,44095.6000,33038.9000,25470.8000,21758.9000,19152.4000,16702.6000,12734.6000,9268.2000,7660.8800,6826.7000,4338.6900,3855.8400,4769.3300,5176.2200,6698.4600,7189.4900,6320.0100,6032.5000,5976.2700,6586.6300,6406.6600,5063.7100,3034.9900,1569.1600,625.6220,630.2250,1291.8600,2464.1800,3852.7700,4825.7700,5582.6800,5917.5000,4720.5600,3040.5300,1944.3400,1042.3500,351.6030,216.3950,672.5710,936.1030,1081.1500,1051.1100,958.1320,971.9630,960.5640,965.8160,977.0840,1137.3000,1110.7200,811.0690,611.8280,547.2750,465.8980,517.4560,723.3390,1091.2700,1322.2500,1272.4700,1552.2900,1256.0200,689.6300,668.6610,639.7710,1126.6200,992.4390,1032.6200,577.1890,296.9040,89.7307,287.2350,403.7260,744.9400,761.2080,763.2110,529.3060,392.0420,566.7430,631.8630,416.2340,201.1000,107.7550,206.8870,267.8770,454.7870,646.2950,658.9760,669.3800,560.6670,523.7720,527.9340,536.5860,586.5230,728.1350,812.2610,674.5900,466.2980,267.8340,432.3850,692.3470,959.3710,1010.2800,784.9770,606.5580,559.8370,503.0370,391.0840,262.2610,329.5350,482.5970,619.2900,710.4900,648.0710,423.7020,205.3970,74.3383,249.7870,330.9710,345.4520,288.1960,219.3920,272.8000,357.5510,449.4440,469.4710,510.6510,562.3750,532.0050,402.6530,282.9290,142.0890,99.7495,190.2920,241.3610,272.1910,303.2960,279.6050,222.1410,185.6270,178.2570,111.4510,38.7780,51.9959,156.7730,235.2690,278.8130,309.2460,309.6230,247.3190,217.9540,263.2070,342.9320,399.2640,407.1130,422.3550,372.8650,275.6610,197.9800,193.0390,249.6610,289.7820,349.5190,363.3540,306.5120,262.0570,215.3440,115.0330,77.0896,71.5681,85.4484,122.8120,189.0350,278.9280,286.6250,236.0600,230.7920,158.4090,59.7447,41.9476,76.2788,74.5161,54.0396,73.2538,116.7630,156.1850,204.0550,254.3600,311.2590,264.0030,138.7680,58.8456,131.9360,173.4660,198.3370,171.0710,79.2188,89.9182,81.9838,105.4090,159.3130,127.6240,142.5420,97.8147,76.9621,124.6010,151.1280,157.1110,145.1610,108.0550,39.1422,52.0494,115.2180,198.4760,183.2910,165.5280,156.2990,107.2880,158.4940,188.2430,162.6400,141.4160,109.8290,81.6482,21.7015,47.5268,102.9780,139.5390,107.6930,77.8161,57.1611,24.8620,66.7995,64.2925,56.5336,42.1832,46.8606,54.5748,49.9800,43.6495,34.4937,40.3414,63.8484,79.4381,91.7602,101.4450,100.0830,78.3406,56.9127,48.4231,60.6607,86.1318,128.0700,119.6300,98.1147,99.8804,113.1020,116.8390,77.0536,49.3183,58.7443,80.3571,78.9159,57.6032,35.8132,72.3011,119.6100,165.4120,174.9870,136.8620,98.6120,44.4899,58.9046,101.4230,164.9670,188.0290,154.1260,140.3650,109.1950,77.1070,60.9748,55.6959,72.5476,77.1769,100.7430,125.5740,138.3890,130.2240,127.8010,126.3350,114.7110,108.5650,113.9330,94.6478,61.1534,69.4037,121.8400,178.6540
50443.9000,36031.1000,23969.6000,35566.6000,43323.4000,32678.8000,25159.1000,21550.2000,18960.7000,16615.4000,12466.5000,8854.6000,7051.6400,5931.4500,3639.0600,3856.5700,5159.8700,5187.1600,6133.4200,6575.3400,5835.0600,5595.9100,5406.7100,5583.4200,5299.5200,4280.7900,2643.6600,1431.4600,717.2410,523.9420,1024.8700,2089.2800,3313.6200,4193.6800,4882.5300,5068.3200,3880.3300,2573.0200,1751.0000,1076.5400,513.2990,117.7870,555.3520,848.9950,1008.7100,1065.8400,1071.1100,1099.9500,1034.9100,970.4800,954.8380,1026.0600,911.7930,592.8580,458.7680,376.8010,339.8210,379.8510,659.7920,1072.4100,1291.9800,1218.8000,1389.8300,1100.4600,651.9790,755.5920,736.1630,1165.7700,898.6840,923.7390,486.9820,432.9890,134.1650,315.5340,488.9900,906.1690,906.3910,882.2940,687.5590,590.6410,737.2950,713.7850,497.0640,270.5720,155.2370,200.1570,476.6460,884.5610,1104.2400,998.4070,874.2420,666.3110,635.8800,635.9590,553.2210,527.2420,596.5630,617.9220,550.4880,445.0760,328.2590,404.4830,665.3890,1006.2800,1136.5300,928.2830,687.4000,575.0530,451.7600,357.3160,233.4660,385.4150,564.9340,712.1380,751.7610,649.6140,439.8340,241.2960,63.9743,202.7520,309.5930,337.3590,330.1470,299.9980,287.5260,301.9950,316.3450,350.4210,432.0600,555.8310,589.9270,484.0490,403.0710,264.9990,92.3580,122.6590,147.1030,190.6300,249.8680,260.1630,205.8970,214.1710,209.4090,141.4070,109.7230,44.2379,123.0180,210.2150,314.4080,379.1420,437.7000,414.5590,424.8300,452.4610,444.6210,447.9320,449.7520,423.1580,379.5720,352.6110,303.1110,248.4900,274.3590,306.0430,383.3560,431.4060,363.9050,254.6390,191.9820,114.1540,25.4341,56.0679,109.1330,197.6820,183.7730,211.8270,227.1330,157.8260,146.8610,82.5280,51.1597,61.1610,90.4652,95.0846,79.0083,90.7880,111.5080,151.9970,210.8550,258.8360,303.4570,249.5490,124.9810,63.8394,154.8950,198.5730,204.7330,184.9400,83.0863,56.6583,30.7863,71.3011,137.0030,159.3130,234.1500,198.3980,143.2060,127.5020,146.7510,163.1780,167.8720,156.7260,90.6114,116.5920,99.4353,195.6190,188.4730,151.3940,152.8160,112.9010,154.9880,199.9060,171.3880,150.9780,120.6650,95.7648,56.9086,42.0234,82.4732,128.1930,125.6840,120.4390,118.3270,77.7813,70.3235,51.9274,18.5017,16.5221,66.8639,71.3620,85.0129,73.5593,73.6591,68.5482,55.8714,50.9255,61.4245,92.8110,116.9280,92.3374,75.5304,50.7122,46.4115,50.9027,68.0460,94.7796,97.5008,97.9406,107.5460,125.0620,91.0487,73.8759,115.0360,120.6080,112.1140,70.1036,41.0856,74.6849,131.3760,187.7500,170.5210,122.3550,78.7448,58.3559,87.1312,126.0220,186.6760,216.7960,184.6890,172.7900,140.3390,100.0220,80.3264,77.0571,92.7428,89.5455,114.8950,148.7930,160.5610,140.2400,137.0250,137.6940,135.2290,114.1880,101.8190,79.4506,49.6060,54.9260,93.4031,153.0880
51120.4000,36320.2000,24383.6000,36248.3000,44076.5000,33354.2000,25681.7000,21789.8000,19198.9000,16790.9000,12561.4000,8829.6700,6709.1800,5137.9800,3032.3000,4152.3200,6258.0200,6347.0500,6714.4800,6676.0600,5809.7500,5328.2100,5138.8700,5355.0700,5086.4300,4092.3600,2522.9600,1360.5000,749.4470,443.7640,735.5290,1638.6700,2809.1400,3695.5100,4278.8900,4663.7500,3673.0500,2366.4100,1545.1500,931.6050,485.3220,153.8020,569.5460,788.0120,915.0300,1014.9400,1057.7200,1111.6500,1060.1900,1037.8900,1073.5000,1192.3500,1065.2500,689.0950,516.3110,408.8530,360.9810,463.1890,736.4530,1089.4000,1248.8500,1166.8300,1301.6700,1058.1000,646.3840,788.5420,727.8440,1117.2800,810.6950,848.1980,437.8170,469.8660,167.9510,313.7690,495.1440,937.8620,949.9040,935.3260,689.9980,526.5560,646.0040,674.8430,508.1370,302.4490,193.6220,197.4920,457.7250,840.7610,1011.2300,883.0680,759.6450,574.5330,574.3230,568.9530,502.2760,502.7370,581.1490,637.7560,587.1180,472.9380,336.0170,497.7230,757.1320,1089.7100,1232.3100,1007.6300,710.2600,566.2010,439.1520,313.0240,311.7570,498.4110,671.2750,811.6750,854.6450,746.5710,516.9330,308.8390,125.3360,194.3290,299.8350,327.8140,321.4340,281.7470,283.7770,323.6180,352.6360,377.2960,473.8920,583.6320,610.8220,489.3740,368.1560,216.4970,70.3934,100.5740,150.9370,164.5000,214.8510,209.4430,174.8670,217.6230,221.7890,178.8980,130.1290,55.9625,93.8700,192.8210,303.4540,376.0900,435.6090,392.9740,381.2060,430.1240,436.8410,453.2960,441.3700,424.2270,377.4320,313.9240,249.3230,190.9810,235.3530,311.6770,366.0340,428.3240,349.8880,249.4420,214.9540,148.9740,57.4080,72.1361,78.5399,162.8210,148.9650,210.5480,227.1740,177.4110,180.5360,112.5200,27.8036,40.1443,97.7652,113.6390,92.6690,87.6265,109.4840,151.9470,197.9240,250.4200,297.3590,246.7550,118.6380,61.1696,164.2930,190.5100,194.6350,152.4240,65.3968,76.8229,71.6013,102.9910,154.4820,145.6960,198.1780,158.3490,116.7810,130.0090,148.0580,165.7450,164.1440,140.8990,66.4223,81.6176,105.7740,189.4570,173.3340,140.1900,132.1580,80.1871,154.3180,183.2400,166.2540,164.6830,154.6280,139.4040,72.5091,41.4494,53.7428,95.6376,97.2881,106.1160,108.8710,70.6250,60.8658,36.1582,19.4829,33.8529,52.9632,65.6043,79.5778,86.9684,76.8066,61.8081,53.4917,60.2483,75.3354,103.8240,105.9230,77.4068,66.1362,34.3379,21.3135,43.5446,89.8402,77.7281,72.9626,82.2669,113.9890,127.2540,93.5958,80.9437,100.3190,108.2390,103.5400,75.0553,37.9910,78.3845,133.6420,177.0040,168.5030,121.1920,82.9993,65.2176,99.3412,135.2520,180.9810,203.8570,180.1700,157.1100,129.8990,77.6978,60.7783,50.9785,88.5147,83.4275,109.9660,117.2010,136.6200,144.6730,137.4220,130.2300,125.5210,130.3820,108.9610,80.4451,51.6750,71.3278,118.8730,200.6540
51188.8000,36541.7000,24579.1000,36607.8000,44178.0000,33069.8000,25455.4000,21572.6000,19063.2000,16537.9000,12401.6000,8887.9600,6905.7200,5415.3400,2946.9100,3783.6900,5983.4600,6323.3100,6723.1200,6573.2600,5657.5100,5115.0600,4869.2200,4993.5500,4700.7700,3847.7200,2391.4500,1276.4100,766.8560,434.1060,645.5980,1462.0700,2549.4700,3491.3700,3866.3300,4328.4700,3455.9100,2268.1100,1499.7300,927.4910,508.4220,208.4040,607.8000,801.9080,876.3680,969.8080,1002.1200,1052.2800,1009.5400,995.9350,1046.7900,1191.5800,1105.3500,754.5750,586.4930,440.1550,396.6300,448.1490,711.3870,1073.6400,1235.5700,1145.6900,1276.6400,1023.5100,650.5290,782.8720,724.3360,1101.1300,792.3390,847.7120,416.7830,501.4300,185.5970,363.3120,507.7430,954.7570,954.2260,939.9090,683.3740,513.2990,658.4380,742.2450,624.2450,452.7100,423.7880,402.5460,590.7530,963.2290,1124.5000,959.5480,814.1760,551.8130,454.0360,460.1870,449.9320,494.2720,600.0090,678.4330,650.0690,542.6960,398.9440,503.2700,760.8500,1056.9600,1216.9400,1036.4900,755.1870,591.1970,458.0820,330.5570,350.1400,553.3710,743.8510,906.9590,922.9480,787.2360,568.2130,367.7210,161.4810,83.8993,187.1640,216.8970,233.9280,242.6850,265.8680,308.2140,365.1860,384.9540,458.8200,572.3460,602.3360,476.1310,348.7540,194.2810,52.8103,78.3129,122.7110,157.5750,218.8770,218.8770,219.7390,251.5940,245.9440,189.4980,120.5440,63.2172,68.5549,167.0830,306.2950,378.5460,427.1010,429.8910,453.7470,478.9850,474.2040,481.2860,442.4020,412.3720,345.2460,279.9780,240.4720,204.8420,216.4570,276.0760,308.0770,366.3880,314.5770,219.6210,192.5480,145.1570,77.4877,71.7248,42.7810,80.4036,85.0991,151.1960,208.8620,179.1700,196.0390,115.9130,59.3486,78.9444,153.8730,152.3360,110.6510,93.8895,110.2580,158.7010,222.4330,279.9440,326.4050,274.7430,135.0120,78.9899,189.6640,220.0180,229.9520,177.7940,70.0682,75.8807,64.6619,106.7900,168.4430,174.4150,238.1990,206.3970,172.0610,150.1710,159.2160,172.7300,201.2980,190.4740,112.4670,124.2270,79.3729,156.3730,137.6540,107.4120,110.9150,92.3658,160.4390,220.8960,201.0480,196.8090,173.1890,147.5800,93.3765,40.8652,38.2003,88.9705,109.3840,116.3420,109.1490,58.0286,36.4069,24.2638,33.2244,28.4211,67.0496,71.1814,90.8251,90.0587,68.8523,60.9171,62.5776,74.1001,84.1608,95.6365,103.1620,80.5789,60.5177,33.1497,27.1717,52.4808,89.5857,87.6550,79.9059,75.2516,99.5590,126.0030,102.8150,83.5581,100.0300,108.9600,103.9480,76.5339,45.2667,81.6650,139.0190,195.5370,180.2090,122.2720,86.9626,68.9861,87.7996,127.6740,188.6440,225.6050,178.8420,144.7950,101.2720,74.2202,71.9406,46.5837,54.7888,46.3533,73.9996,100.5210,121.5570,133.0810,141.1300,149.3500,135.2230,116.7890,117.3970,100.3920,71.5051,71.8992,115.9950,194.6160
50418.2000,36007.7000,23981.5000,35621.8000,43250.8000,32507.9000,25036.7000,21361.9000,18818.5000,16408.6000,12338.7000,8649.2600,6553.0100,5257.3600,3188.8300,4057.5300,5950.7100,5900.7500,6407.4300,6538.2100,5615.1400,5222.1800,4932.3100,5306.6800,5034.6100,4040.6000,2470.2200,1286.3900,759.4690,401.9170,765.3670,1839.2000,3075.2500,4025.8400,4195.4900,4649.9600,3757.9600,2471.0400,1575.3300,911.6120,446.9230,251.7620,729.2040,953.4230,1029.9200,1116.7200,1132.2700,1143.1500,1061.4100,1036.4900,1071.7200,1214.2600,1094.6500,711.9190,524.9840,386.5200,344.0800,440.2750,706.4520,1050.8900,1175.1000,1063.6900,1208.3800,947.9740,658.5770,775.6430,742.8620,1139.4700,835.4980,907.4280,442.9520,479.0000,149.4740,329.5600,515.4460,946.4900,960.6750,960.4680,699.2170,469.8620,587.3350,693.2260,596.3970,431.6590,375.3960,271.8370,461.9390,722.2490,791.7580,684.2840,606.8040,501.3760,541.0750,550.9720,522.3220,544.3050,662.5410,787.6540,732.3940,556.8950,376.1230,517.0260,800.3330,1091.6700,1229.0100,963.3520,641.1790,520.7320,456.8690,348.4200,384.8310,586.5800,787.3240,913.6840,880.6680,731.9340,484.2330,317.6590,75.8196,251.3870,304.7710,298.3500,262.8900,224.6480,253.4240,301.0290,387.2140,444.1800,537.5310,625.4290,607.0900,454.6880,307.7430,137.7840,41.1615,116.3060,178.4550,210.1700,269.8940,233.9860,208.8020,230.1010,241.6710,212.7100,149.1470,79.1319,65.2900,151.3200,269.7170,348.2530,399.6390,362.3760,367.5900,420.5160,431.8460,461.6820,452.4870,453.6110,392.3290,293.7740,217.8100,170.4280,198.7230,238.7370,289.8870,348.1440,276.8570,245.0400,230.6700,153.5410,109.8340,84.9978,12.2091,81.1581,134.6090,237.0630,257.2280,218.8850,212.6390,141.3440,55.7419,77.3285,146.5570,156.4550,111.9150,94.4220,135.4090,193.6760,257.1050,316.3210,364.6760,306.7640,153.9610,90.6364,178.2800,189.9310,199.1550,156.4850,78.4528,109.5610,84.7076,108.7090,129.8610,129.8590,181.3380,165.7020,137.5630,132.3450,150.7140,166.9050,173.8550,146.3760,68.6994,83.5135,92.7873,165.9440,146.9560,104.4570,106.2700,90.7909,189.4270,221.1560,217.7150,217.6180,194.6680,158.6870,102.5870,53.2040,22.3088,60.9406,78.9049,102.2850,112.2140,87.0487,63.7664,36.8487,29.4393,62.4773,76.8916,76.8410,83.8224,87.9462,86.8454,71.7075,63.9913,61.5706,82.1741,105.8500,86.3769,63.1810,43.3138,18.2074,16.2598,42.3939,72.1894,69.0472,80.1775,96.8202,132.4820,148.4300,135.3670,102.4540,87.0991,104.3740,117.5470,97.6954,39.1748,60.4580,124.0120,180.3120,168.6920,131.1090,101.2110,63.7112,70.7202,111.0230,179.8670,196.8340,164.9990,141.1280,124.2140,98.7667,89.7815,75.6597,90.6637,69.4318,76.1102,87.5009,117.2700,133.4270,133.8280,135.1890,124.8490,119.7480,118.6810,100.2370,70.4718,79.6234,128.7560,214.4870
51098.6000,36299.5000,24316.5000,36144.9000,44016.1000,33351.5000,25715.6000,21887.9000,19303.1000,16977.4000,12763.1000,9173.6000,7309.8600,5707.5600,3007.2300,3528.0200,5545.4000,5941.4100,6514.8000,6480.7700,5598.7000,5186.3200,4921.1400,5051.7800,4695.1400,3773.8200,2366.2600,1396.3300,989.6580,559.6800,563.6630,1309.9500,2364.3800,3309.9900,3694.6200,4158.4500,3350.6700,2249.0200,1525.3800,977.4240,561.6820,178.6400,618.8130,789.0230,903.7290,965.2040,1014.4800,1056.9000,1008.1700,1015.7800,1081.4600,1245.5600,1160.4100,805.1830,613.8700,451.0210,354.4990,373.0230,600.6800,945.3310,1105.3100,1021.5900,1182.8500,929.5940,668.0020,776.0570,763.8880,1152.1800,850.9740,911.5250,455.7110,496.8780,179.4820,398.5630,489.8800,920.0200,895.4510,884.6460,645.3130,491.9210,623.0220,723.5270,646.8650,583.1310,613.4700,574.8900,695.3550,978.0920,1066.4200,879.2060,726.6180,472.3200,358.4250,355.0810,378.0000,458.9800,606.2020,724.2050,727.1420,628.6040,461.1490,485.8810,723.5720,1036.9300,1218.5000,1048.6700,778.3830,622.4540,484.7050,348.7420,403.9380,620.0200,837.5710,996.0410,986.7070,820.5250,577.7570,370.1830,129.4600,69.0347,144.6120,167.9980,174.7640,207.9450,290.5450,344.0800,412.5830,461.5730,551.4820,638.8240,616.3360,469.2440,321.3040,147.5050,32.1611,112.4170,152.4280,194.8010,246.9470,209.6940,216.4210,212.4130,207.6960,183.2680,126.6260,84.4703,97.1908,173.5710,296.3280,358.9520,400.1790,406.9290,447.6780,479.1070,453.0540,443.1120,401.7940,396.6920,338.9160,272.3500,218.5040,175.7430,181.1610,224.5490,245.0610,302.5940,245.5960,189.8550,169.3670,128.8440,81.1325,92.5424,58.3974,64.7282,62.0712,134.5890,184.4040,164.0640,170.2710,109.3910,38.1327,93.6366,178.4220,181.4960,137.4960,124.6000,137.1860,182.2200,256.1410,318.1130,361.5420,292.4500,144.3470,104.9350,206.0240,223.6170,224.4990,170.8190,63.4557,71.6085,53.4311,94.7801,149.7310,169.5730,249.7930,212.3660,169.4520,155.4360,168.9470,187.2990,206.2990,188.9600,122.5170,119.7310,71.6774,120.0170,116.6260,90.3719,119.9310,106.2410,183.1310,235.8650,216.7130,213.7950,186.5940,158.4370,115.7050,66.8139,33.8157,53.7444,81.4314,98.6903,120.2730,97.5263,58.4905,41.9561,52.8247,72.5664,84.2397,68.1606,68.6715,79.3919,71.5046,54.4495,53.7583,64.2974,82.7297,97.1214,103.6190,88.1263,78.3669,53.2230,43.7279,67.6586,78.3685,82.0094,93.9324,107.5870,130.2200,143.7940,121.7920,99.0235,107.5400,116.7530,111.8830,80.0852,39.7413,55.2678,113.0480,186.5320,186.9640,129.0140,86.2059,59.5031,90.6455,127.1850,172.9360,202.5710,181.8830,148.9360,127.2410,84.8836,71.0746,58.1562,83.0662,69.8334,82.2398,97.0401,136.3130,156.8200,154.3170,152.3630,136.8510,131.9650,125.8470,104.7990,77.5350,87.1985,135.5550,216.0620
51383.3000,36663.5000,24749.6000,36742.6000,44290.4000,33222.1000,25592.5000,21685.2000,19137.4000,16589.2000,12358.3000,8742.8800,6844.3400,5744.2900,3740.9100,4271.7000,5659.5700,5483.9900,6194.6200,6492.6400,5632.3800,5202.5900,4927.7400,5247.1700,4955.6800,3935.9500,2386.2200,1243.4500,696.0490,351.8950,816.2580,1974.6400,3196.0800,4067.2500,4201.0600,4578.6900,3697.7500,2452.5300,1545.6200,862.3200,390.3560,264.3290,784.3840,1011.7300,1070.4900,1135.8500,1142.1300,1159.9700,1053.8400,998.5150,1012.8200,1138.6900,1020.6700,651.4980,437.6170,302.5960,295.7870,435.2430,694.8830,1042.1700,1133.7500,1009.8100,1196.1500,949.8410,731.9740,841.0610,764.2030,1166.4100,852.5000,952.4030,479.2180,505.4600,157.6470,387.5950,511.6000,934.9750,905.1880,887.2860,612.6660,422.2280,589.8850,710.4640,606.1610,444.4090,375.7520,245.2740,399.3700,611.6840,688.2090,614.0460,562.2570,488.9360,535.0070,563.4900,570.2770,610.6140,752.7190,880.7720,842.6390,670.9940,461.3350,471.6260,705.1790,1011.0100,1166.7300,914.1040,612.8990,503.0470,442.7890,338.8850,387.6420,558.8370,756.9730,863.0310,842.6380,686.0060,442.4260,283.4330,119.9880,303.8680,346.1410,333.9280,265.3600,185.6530,200.6280,302.4190,397.4590,476.1090,570.0620,661.5050,628.5040,447.2020,282.1760,101.4360,75.0172,163.7870,230.9310,261.2640,304.2940,256.4450,191.2200,209.9150,211.8860,174.4140,114.2690,76.3739,93.8056,148.4530,240.6180,307.7510,340.3150,307.1090,343.6100,419.9550,422.5650,436.6590,420.3130,434.8300,398.0870,314.1540,217.7500,156.5520,174.6610,190.8250,248.7410,297.1540,247.5020,257.4390,219.5400,142.1850,109.4940,89.3180,33.7025,74.3168,144.6840,239.9940,273.0960,240.1770,210.7130,131.9630,63.0872,106.2760,177.0400,190.4830,137.0290,103.3570,133.7040,205.5780,299.2700,362.3840,412.0420,332.1880,178.8810,108.3490,155.0810,173.5690,187.6880,156.5560,85.7385,117.1850,92.0488,105.7040,131.0590,119.2040,172.1870,159.1850,132.7110,130.7960,147.4210,161.2690,161.4690,131.6300,59.3975,82.2382,94.8183,165.5160,141.6900,98.8844,107.7300,102.2520,194.7290,230.0490,213.0680,213.7330,180.5100,145.5830,92.9526,45.7552,14.4626,65.7069,78.6412,96.7814,117.1660,100.9490,86.4796,69.6694,49.0570,63.7375,80.4341,84.5382,90.7824,85.1606,66.0811,55.7028,59.6693,75.0877,88.7971,92.1765,88.3973,71.2849,65.1353,42.4939,22.0680,43.3798,81.2587,83.7907,95.3995,110.6830,151.3160,174.6700,151.3020,117.2500,111.7150,118.2550,123.2510,89.9623,41.0331,64.5927,122.3970,173.9800,189.4850,150.3200,103.5660,59.9443,85.1703,121.0830,156.1510,186.1400,174.2080,146.9220,122.1830,95.9710,80.1964,57.9015,64.2223,54.1200,66.5280,92.4271,133.9840,149.1070,147.3840,148.8470,140.8080,139.9180,133.5490,113.6400,87.9388,87.7193,128.7790,198.3510
50491.0000,36101.2000,24139.7000,35847.4000,43393.0000,32600.8000,25184.5000,21456.9000,18981.8000,16596.9000,12612.2000,9112.2100,7209.1800,5590.2900,2578.1600,3185.3400,5451.7900,6162.2000,6837.8900,6505.8900,5438.2500,4967.8900,4682.1500,4939.3100,4643.9800,3861.1200,2465.1300,1468.9200,1040.8100,611.2320,492.8080,1107.3200,2108.0200,3148.4700,3460.8900,3905.2200,3264.0000,2207.7200,1461.5400,901.5310,501.1860,169.1760,664.9030,872.1990,937.0530,1019.3000,1070.8700,1139.0800,1071.8400,1041.5800,1085.0500,1235.4800,1152.1200,825.6010,602.9560,448.6420,294.1330,270.3670,495.4020,838.1730,1017.1700,964.3000,1186.2700,984.0840,733.5680,830.5830,687.6740,1085.6200,802.0690,997.8090,563.4270,532.8810,144.0810,333.5560,536.3870,946.5270,891.2730,854.1850,657.1720,586.1370,740.5640,784.4800,698.1350,632.7690,649.0570,641.8990,648.8870,952.4370,1087.9700,877.2870,755.1800,541.8720,413.9320,408.9740,465.8620,573.6410,757.2450,879.6310,838.2690,705.0590,514.2620,486.6100,710.5990,1015.5100,1248.7500,1133.8400,816.7490,594.7350,415.7160,292.4470,371.2360,613.7260,794.0640,931.7570,925.1940,771.0170,530.2030,311.0790,97.2901,116.0740,191.6090,187.3810,157.1600,184.6900,309.9900,416.4470,469.3340,518.7470,587.8940,670.6090,640.6860,470.9830,293.9840,101.5350,82.0756,155.9240,191.6300,208.5210,250.4080,203.0600,204.5890,214.9630,194.0870,145.6780,92.7303,57.4082,77.3515,168.5060,289.4620,341.1860,387.2480,381.2050,463.7140,534.7990,519.3720,485.1820,447.0700,414.4780,346.0440,279.8120,213.5450,160.7560,171.4580,211.6150,228.5720,273.0180,223.7360,151.6800,126.0460,91.2690,59.8233,81.7381,85.6970,71.5656,63.5501,77.8814,137.2720,147.6390,173.6390,118.8350,66.0296,96.3042,177.5180,212.9980,180.5560,148.6030,141.1400,171.1110,240.4690,301.0950,345.3250,287.2030,136.7910,76.4529,175.4420,205.6210,199.5660,165.7620,88.1502,116.8220,84.7286,104.1100,129.8630,142.6480,224.4200,203.6740,182.0590,185.7880,198.0540,211.5650,206.2210,194.0600,140.0790,119.7130,57.2772,99.7241,100.3170,114.0210,125.2260,111.8370,166.0100,226.5130,214.5090,201.1680,180.2780,157.9850,117.2050,60.9539,35.2038,72.8524,108.1510,119.0750,134.2940,94.1761,41.1028,14.0610,50.8243,58.2518,90.7737,75.8859,77.9518,74.3414,61.7826,66.2366,67.8102,71.9728,74.2601,89.4788,107.2290,94.7265,80.9951,69.6064,61.0626,60.2523,65.4149,65.1986,73.0886,85.3137,121.3650,151.7480,124.1970,93.3699,104.2650,125.5120,128.5640,87.0695,40.5938,64.6531,122.9770,182.9760,195.5200,152.6450,110.3760,75.6839,95.1994,133.4300,180.4210,209.2150,191.8590,161.8120,136.3390,101.9790,86.8354,61.3843,75.1396,56.2783,65.4671,90.3178,151.8510,172.1850,161.1460,150.5590,145.6920,151.9590,132.4820,109.4850,90.0798,86.0233,122.9000,208.5740
50957.4000,36218.7000,24270.1000,36008.0000,43806.6000,33185.3000,25577.6000,21779.2000,19153.5000,16737.9000,12459.6000,8737.2400,6786.8700,5501.8300,3471.5600,4220.8300,5775.1100,5629.3900,6223.3400,6369.4600,5400.1800,4946.2200,4707.8000,5035.0500,4834.0600,3992.9300,2527.3100,1390.8800,736.4460,363.3670,838.5480,1938.8200,3124.6600,4095.7100,4290.9700,4319.7900,3552.0100,2340.5400,1489.0200,872.5630,397.9910,333.0600,933.1700,1194.3900,1237.8900,1280.0300,1287.1700,1295.8200,1146.8800,1045.7000,1039.1300,1146.9100,1034.9700,706.0740,465.1810,312.1640,251.9520,380.0980,650.0810,1013.4600,1134.3300,1029.5100,1239.2100,1001.2200,744.6970,846.9340,686.6990,1115.0900,821.3430,1039.8800,570.8130,537.0750,121.7540,342.5950,564.3650,976.8660,925.1650,897.8510,663.2720,513.8580,653.5110,758.5970,671.1410,550.4070,482.5400,354.4230,371.2350,557.6110,595.6080,528.7000,492.7350,460.6730,556.6920,632.4150,691.5290,767.3440,893.2410,1014.3900,971.3400,773.7620,539.5850,483.3990,721.8330,1002.5900,1188.3300,920.5340,581.3250,416.8640,347.7580,284.9390,365.2890,561.4620,726.7210,837.8600,821.9290,659.9110,393.4770,268.7690,142.0630,357.7920,413.7810,382.3770,297.6890,213.6390,251.0460,340.1970,416.8610,493.4900,587.8850,708.6270,677.6430,470.3150,272.8100,73.2406,103.8130,168.6130,225.7400,252.6040,300.2390,247.5970,185.2570,179.2240,163.8190,150.1720,97.1848,61.0245,90.2487,150.0690,248.9740,305.7400,318.1700,281.9210,357.0710,448.3460,452.9970,458.0360,422.6800,426.3840,380.4360,308.8130,210.1650,135.4890,146.4870,177.3060,234.6530,293.8130,245.0270,240.5200,219.9100,143.1170,102.3480,71.2616,10.9843,83.2559,131.6190,225.2720,240.6650,202.3550,174.7490,115.2110,58.8983,121.3430,209.5570,216.9150,152.3560,120.3350,140.1510,208.6880,307.2340,372.6750,417.6720,333.2000,182.3890,107.0960,157.0910,180.6110,193.8450,161.1360,94.4197,134.6410,102.4800,115.1040,121.9280,114.4020,165.8990,173.0610,148.7950,146.7330,163.6900,174.2300,152.1950,125.0730,72.8602,76.1902,71.8843,144.6850,122.6430,95.7750,105.4380,112.7890,198.8800,231.7180,205.6100,198.0550,186.6390,169.4800,99.1501,46.8337,15.7558,51.4565,81.9083,106.8920,151.0000,114.4750,91.7168,67.1410,69.0372,86.9518,94.6169,90.7794,96.2753,91.3822,69.0594,59.7388,51.5182,45.0439,48.7947,81.8812,101.9450,76.8902,70.3640,50.4067,37.4230,41.7724,62.7357,75.6682,95.1362,123.7320,165.3270,178.0880,153.3250,124.4070,129.2720,138.6860,145.7590,118.4640,52.4338,52.1052,126.2720,200.8190,196.1830,162.1900,134.4090,98.2438,102.2630,141.5990,195.3730,226.8650,219.0420,187.9540,157.4310,113.0410,101.2190,68.8729,73.3259,54.2200,64.7495,88.9589,134.1160,147.1370,144.3020,145.1290,148.3530,137.5460,113.3810,93.1034,76.9588,83.3510,121.2670,194.0250
51430.1000,36661.1000,24810.8000,36803.3000,44377.8000,33416.0000,25828.1000,21852.6000,19375.9000,16910.6000,12769.1000,9340.9600,7606.4700,6051.8400,2845.8600,2752.7500,4864.9000,5911.2200,6772.6900,6337.8900,5206.6800,4397.3900,4004.8500,4074.1100,3780.3600,3287.8200,2271.2900,1573.9100,1107.1900,620.1810,259.8570,827.8920,1743.9100,2753.5000,3099.9700,3278.6800,2807.8200,1879.8100,1218.2900,778.5270,528.3100,233.0200,731.6740,884.4850,896.1940,930.3130,979.2460,1055.3900,985.7530,956.4610,1024.0400,1205.4800,1191.8300,921.0310,709.3610,547.5880,414.4130,328.1730,500.5010,859.0600,1041.6800,980.8750,1202.3000,1017.4600,737.5910,851.4310,618.8940,1074.6000,803.3250,1123.0900,670.8760,583.1420,141.7660,287.7240,566.8800,944.0330,869.6510,823.9060,644.6890,579.5060,732.9570,798.4240,753.8010,732.4880,794.2140,831.3000,801.5780,939.6820,1039.2200,765.7280,667.4780,501.6070,367.3530,352.0480,445.9570,574.0150,784.1790,923.3950,919.9390,799.3480,610.4710,478.4080,669.7910,951.5560,1195.0000,1107.8300,780.9870,530.1010,367.7680,269.7600,334.4680,586.9380,751.3690,914.8170,904.7940,706.8640,453.9720,230.1940,97.3105,155.9610,207.2680,190.0890,135.0920,181.6640,353.2020,463.1330,497.4760,535.1000,585.0760,666.2050,623.5410,433.2660,237.4410,85.2636,149.3600,184.0230,184.6310,204.1850,252.5530,214.4440,225.6710,233.2830,219.7970,162.1130,86.4531,52.9896,84.3767,141.5320,257.7040,312.0520,340.3620,365.6320,447.7290,523.0720,512.5220,467.2900,421.4060,361.8980,291.3160,233.7880,158.1030,98.7108,100.7580,135.6600,141.1990,210.9300,182.4450,158.9120,129.4210,104.7890,88.9050,87.7536,71.3652,33.1975,32.1007,62.2491,106.2100,141.4270,184.5110,155.4380,76.0217,108.7960,190.6470,233.4780,199.5680,152.0910,126.5640,166.9810,241.6060,292.8090,321.5540,261.2970,124.8990,59.4593,154.9930,191.2480,202.4470,184.2050,110.7580,144.4950,95.9608,130.4550,146.6110,167.6140,238.6990,248.4110,217.2610,202.2810,210.3980,225.5450,210.0770,195.5980,150.5830,113.6640,41.4381,82.8836,79.1148,101.1880,121.4450,117.3580,170.0740,207.7720,204.5090,207.2880,214.1940,198.2030,140.8960,80.5210,40.5589,64.4875,103.9390,114.1530,122.0090,81.4859,33.5698,17.0134,38.7235,48.9281,63.9491,79.7203,73.0240,85.1899,86.4617,74.9870,61.4737,65.0308,76.5545,97.6023,96.9809,89.3211,78.9599,73.0524,55.5990,42.5020,52.7963,65.4785,77.0306,91.8469,116.7410,132.1460,117.8740,100.7330,97.8812,114.8090,121.7310,99.3378,42.9747,45.8826,101.5380,160.2150,178.1890,135.8320,91.9091,62.2648,99.3816,144.6930,185.7350,219.0140,206.1660,175.7020,151.7690,124.9080,109.4490,77.6698,71.4808,47.5545,49.5108,66.7598,105.2560,139.7830,142.9940,143.6750,129.9440,140.5900,132.6000,104.2150,81.1771,95.4541,140.2760,216.6940
50689.5000,36291.0000,24302.0000,36036.6000,43539.0000,32647.3000,25200.7000,21404.7000,18914.6000,16428.6000,12422.0000,8886.7300,6894.4800,5468.9000,2942.7600,3485.0200,5405.5300,5610.4900,6171.0900,6164.0500,5196.4800,4575.6300,4153.6400,4316.2800,4040.6000,3392.8400,2225.0900,1409.4400,910.6720,413.8960,414.8740,1299.5900,2389.2900,3432.0500,3652.1000,3703.2900,3004.4100,2001.6000,1333.0300,810.6780,507.4680,292.5960,818.5890,1014.6300,1034.0400,1069.5400,1108.8700,1165.6700,1052.3200,987.1750,1008.9000,1151.1200,1064.4700,755.6100,540.6280,392.4680,285.7000,307.7550,548.9780,928.6050,1101.0100,1050.8600,1279.1400,1055.0700,758.4640,830.7950,602.8240,1054.3500,804.2730,1097.9000,643.7420,564.9550,135.8460,309.2770,547.8150,940.4860,879.2570,851.3430,637.6360,514.5680,623.2030,737.5590,735.3440,727.3180,774.4430,698.7690,622.5600,782.5440,747.3630,561.0950,456.1760,345.0000,363.1660,400.0660,463.1160,566.1730,740.5300,916.0700,939.4920,799.0230,598.8290,503.3680,720.2240,1014.8400,1207.5300,972.7010,620.4570,441.6240,358.9900,298.8450,370.4670,584.2110,757.4670,885.8730,857.8510,693.5010,437.3710,273.3600,74.0011,257.3820,298.0650,279.5870,232.2370,199.8000,300.3310,424.8960,482.5560,541.1400,615.2510,714.1200,667.8170,467.1690,265.0800,93.4661,127.4410,167.3590,183.7970,205.0290,253.7600,208.1150,194.8260,201.8650,190.8640,154.8120,106.0540,77.4263,90.4187,149.8690,261.7800,316.5320,334.6360,315.4050,371.9940,452.4020,464.8750,446.7560,418.9830,399.8350,355.2240,314.5610,222.3690,112.4630,110.0140,161.8980,200.4880,268.4910,228.6810,216.9210,200.1530,137.3440,88.9255,63.2984,32.9557,67.8697,80.8863,141.6270,191.9690,174.9090,180.4220,103.3190,88.8079,131.7410,230.4670,244.9210,182.0080,118.8290,97.5079,181.1870,281.4830,338.5240,376.4630,301.9000,150.1840,84.2505,167.4340,196.7560,210.3530,190.3270,114.8580,153.4010,112.2840,129.2350,146.7350,143.0690,190.3810,176.0820,160.7710,152.2440,165.4240,173.0370,179.0480,153.4410,94.4070,95.1107,61.0061,113.5160,113.8300,99.0080,140.4230,145.2270,223.4900,260.3560,239.9210,222.8590,194.7370,169.1420,137.1600,85.6270,41.7822,52.1926,79.0906,93.9850,126.2820,112.4520,84.3910,63.2068,51.5849,67.4131,79.3005,77.1007,79.6088,93.1964,96.3203,80.9816,70.9591,60.2644,60.6993,72.3589,93.6258,90.9223,79.7305,67.3257,50.6662,38.0273,34.6567,53.9831,79.5172,108.7180,138.5910,157.9270,146.6040,120.5030,116.9820,124.4630,136.0060,122.5780,60.7193,48.2458,114.3230,180.1430,195.4760,169.6030,132.7560,86.2182,106.7710,155.9120,212.9370,238.4600,221.0640,187.5050,157.2640,121.2080,103.0850,67.8078,63.6865,56.3461,67.3819,96.5901,136.5200,156.0720,154.7210,153.6400,139.7410,135.2020,122.3000,95.7261,80.7564,96.9136,135.7260,203.0110
50813.3000,36202.9000,24273.2000,35958.3000,43787.6000,33260.7000,25732.1000,21981.8000,19433.4000,17233.4000,13150.1000,9788.5400,8317.6900,6968.8900,3236.0800,1904.4800,3748.5000,5518.3400,7132.2100,6713.4800,5433.9500,4766.4700,4335.5700,4413.0900,3944.0500,3233.8500,2124.5500,1538.5700,1277.0700,819.8460,528.3420,698.0090,1362.0700,2318.1300,2706.5000,3097.0200,2702.3800,1883.1400,1293.1900,863.2140,592.1080,231.0360,670.7090,778.6640,807.8980,869.8240,947.6070,1025.9600,965.6080,954.5080,1027.9300,1215.6800,1193.5300,913.9990,710.1920,594.2410,478.6680,372.1460,534.2690,865.7730,1051.6800,1019.6300,1247.0600,1066.4500,683.4370,764.8380,595.5760,1062.7400,849.5130,1170.7500,715.4910,584.3680,154.3210,255.5130,563.8270,934.3810,865.0520,821.0900,638.3370,603.0600,807.3870,895.8940,865.6680,870.2620,952.4350,995.4450,961.6860,1026.4300,1140.0500,815.9660,719.7820,626.6440,488.4250,432.1070,445.7880,583.9440,820.0160,955.1960,899.6480,778.1580,604.9280,498.5590,625.8120,874.8180,1078.7800,1050.8300,819.1540,598.1420,453.9820,310.2820,351.8720,594.0200,774.3120,943.9920,943.3460,745.0140,478.6630,245.2390,119.1840,174.7820,214.9810,165.6260,84.2515,143.5580,341.3330,458.0550,490.6410,562.5440,597.7760,654.2550,603.5510,411.8700,218.0610,112.0520,184.1860,231.6700,241.5790,266.2100,293.2730,246.1920,247.4000,241.8430,230.5210,162.5860,83.0784,79.7430,126.5760,150.5920,245.7420,309.2260,337.6020,374.9140,463.0990,543.9440,524.4120,487.7910,442.9620,375.9190,290.6970,231.4250,173.7510,116.8080,100.7720,112.3090,118.1050,163.0400,135.6250,109.8030,82.6585,59.5703,48.7445,57.6251,56.1362,39.4676,55.8368,89.6564,128.5120,164.2690,195.0680,157.3450,64.3340,93.0328,198.9260,250.9000,213.9780,167.5520,116.3980,131.4410,206.9260,273.5750,320.3610,259.2180,127.0630,61.6333,152.6870,182.5920,196.8160,174.3080,105.2740,139.4420,102.3660,131.3910,150.1780,161.4230,229.6150,225.3050,208.5140,203.2110,195.8440,215.0680,232.7750,222.5150,173.3370,135.8080,68.9977,53.5416,69.9659,113.1720,139.4130,140.8290,187.5420,224.0210,203.8270,200.0400,205.9180,205.2440,142.2170,81.8977,55.5733,72.8085,109.1180,122.0390,144.6170,97.2771,58.6294,39.1256,21.6911,46.4459,54.2568,76.7376,58.1760,63.6668,62.3353,60.8804,63.8812,71.7804,78.9202,92.9302,111.3450,113.6140,104.4850,95.9758,83.2820,62.7436,59.6742,72.0376,82.0097,98.6991,118.4210,129.3260,110.1680,80.2210,76.7777,97.7516,108.2910,86.2194,28.1044,45.4025,99.5007,154.9830,168.6020,129.1650,85.3918,62.4032,98.5615,140.8860,180.6460,214.4350,194.9790,168.2860,151.3690,134.8730,106.9270,78.7985,72.9307,55.8843,61.6951,83.1500,121.2820,147.8310,158.3410,170.9370,167.8310,144.9230,127.5260,107.6290,102.6150,120.3340,168.7950,252.6110
51464.7000,36663.5000,24831.3000,36808.6000,44464.2000,33598.3000,26004.1000,22055.0000,19559.8000,17179.3000,13059.7000,9735.1100,8137.5100,6654.8000,3134.8900,2232.0200,4187.2200,5739.0700,7089.2600,6709.2000,5581.0900,4984.8900,4698.0300,4647.1100,4129.4200,3319.3500,2142.8700,1470.7600,1260.3800,880.1650,542.5530,672.2300,1402.4000,2307.4600,2651.1800,3184.6300,2650.4000,1759.4600,1188.4000,777.5350,535.8420,291.0860,663.7570,755.8960,772.1180,828.6250,877.4700,951.2740,931.3400,951.0060,1047.2000,1227.9600,1169.6200,889.6360,671.4330,559.4260,478.8520,420.8370,583.4350,889.2430,1068.2400,1019.6400,1193.8100,973.7770,615.8790,719.0070,658.2940,1106.9600,871.0870,1110.6300,641.3820,565.9710,162.1010,279.1080,487.3640,850.5280,820.8540,795.9000,564.5640,503.2500,731.3220,876.2240,870.7650,890.2070,965.8330,985.6160,955.2080,1082.4200,1170.2100,854.1120,784.2460,652.1670,447.9220,384.3570,401.4290,513.3650,755.8760,897.8940,824.1630,708.6330,536.9060,466.7300,582.3470,837.3970,1048.0900,1052.4600,850.4970,628.4140,462.8500,343.0100,400.5160,589.2150,781.6370,951.8930,944.8960,729.7680,465.8170,241.2260,82.3548,180.7170,213.1800,178.6940,104.3240,137.4640,327.7320,431.5190,469.8150,544.5440,619.3990,674.9910,603.4070,412.0900,220.2260,120.5990,172.2660,217.9590,230.1460,263.1730,292.5720,237.7990,234.6990,219.3520,199.3730,161.6070,104.7700,104.5830,141.4170,171.8560,259.5420,309.9120,364.8450,384.5240,477.4180,532.9500,507.5240,483.7210,451.0680,393.7610,298.7930,243.0500,200.1400,165.2640,141.9470,123.3630,115.7950,144.7540,124.5960,103.3840,78.7518,54.9796,44.0563,61.1281,50.0545,28.6488,37.3423,67.2290,109.5050,145.6900,184.7920,141.6290,65.3787,92.6911,205.7930,240.9300,198.2620,155.6220,107.6000,119.8420,194.6570,261.2460,308.3430,251.2250,128.0490,77.5325,152.9280,182.7110,188.1760,165.1160,85.3146,117.9980,79.6711,115.9420,120.3210,144.3840,205.5720,194.9650,174.1960,170.6530,169.9750,189.6170,218.7100,232.5080,169.6070,147.8020,70.9993,78.7268,75.2529,96.3630,123.9860,131.4350,186.0340,242.3450,217.6860,197.8930,175.4790,150.9690,108.7970,59.8288,40.5770,59.3889,78.5112,99.9661,135.9930,119.8650,99.3871,70.1207,14.9189,29.0021,63.6048,82.3091,69.8074,65.3821,56.3245,48.6239,46.2853,52.6467,64.7107,82.9843,94.7115,95.4781,95.5848,94.8275,84.0338,72.3312,68.8279,82.1679,102.3190,127.7400,156.2890,143.0380,114.3910,92.5910,87.5707,104.8530,111.0300,88.2371,33.0502,41.2092,89.1680,143.9970,163.1390,119.6170,72.9287,36.6211,86.2076,127.6420,166.1760,190.2700,170.0130,150.0640,145.1280,124.6900,97.1774,84.1791,87.8361,89.0036,72.9531,83.0964,105.2320,140.8130,149.5170,158.0510,145.1600,145.0090,134.4450,113.5610,107.5230,119.6260,161.7780,227.8720
50913.9000,36492.5000,24544.8000,36411.0000,43911.6000,32983.2000,25583.8000,21830.1000,19412.6000,17039.8000,13130.9000,9980.2600,8449.4800,7070.7100,3209.5700,1787.3600,3750.5500,5651.5200,7338.7700,7009.5500,5777.1700,5319.4900,4928.8400,5102.0000,4705.7000,3889.9800,2539.9800,1705.5800,1401.3600,1019.2400,729.4630,812.3430,1448.2000,2320.1500,3011.3400,3655.2100,3011.1600,1971.0600,1354.2900,840.4930,459.9770,191.7220,501.8880,667.2470,815.3870,877.7050,937.9990,1045.0500,1063.1500,1117.4100,1219.2500,1445.0300,1420.5900,1041.4400,824.5340,652.1760,592.9520,505.7900,622.8920,879.4230,1050.9100,1033.4000,1248.9900,1069.6500,638.3310,693.1970,575.5750,1022.3000,842.8280,1101.6600,661.8510,555.6070,181.2610,214.3500,468.4180,815.1320,812.4250,794.5660,551.5520,429.7830,599.8710,761.3440,785.1490,800.6290,857.6960,863.0540,823.0990,907.3180,1046.2100,759.8260,762.0990,643.9800,481.5430,435.4090,450.4860,538.7340,765.6550,880.9880,803.4080,666.3920,457.8180,402.5780,632.8770,883.3270,1097.5400,1081.7100,858.7360,627.9880,482.6030,348.5310,381.4850,563.4100,741.4930,887.6670,888.0750,711.8630,451.8050,234.3290,66.1582,154.0470,180.9220,158.3180,88.1221,127.4940,310.3260,421.3610,466.9260,550.3810,598.0400,628.0980,562.5670,385.4110,220.6250,146.0400,196.6870,221.7790,220.7170,235.5320,255.8100,210.9350,222.0210,227.3110,237.5800,200.7890,128.6340,65.9014,71.1606,132.7010,254.5530,319.0890,363.3990,342.6330,403.2990,462.4060,450.8400,451.9850,446.8460,401.6580,327.7620,264.5550,206.4360,133.7950,102.5510,121.3080,127.6290,163.2780,128.4500,82.2058,43.0111,14.1114,20.7379,45.5680,63.6598,46.5602,18.6056,58.9909,115.7110,159.8250,210.2650,186.6820,54.7757,54.7873,160.9840,193.2580,157.7610,107.9260,67.7986,109.8010,197.4320,249.3780,278.8120,219.6340,107.9660,49.3937,125.1610,153.7280,170.5570,161.9880,130.8960,163.1990,117.2910,96.3344,98.9284,109.4750,182.0300,166.4660,143.5000,133.4020,139.5340,168.7250,191.5960,178.2390,114.3190,95.6562,45.3557,98.8002,109.3910,95.8193,131.3320,118.8760,192.7510,248.6670,238.1430,224.7710,204.9920,169.9380,109.3860,66.1309,50.1608,52.9333,75.1295,88.5316,122.5340,104.3310,87.9487,79.9609,34.7704,28.6334,43.0265,52.8141,39.4607,35.8853,45.6232,42.1825,39.7993,48.2387,74.2166,99.5773,116.8560,127.8130,123.1460,110.2210,92.9840,107.7440,103.3820,93.6666,109.7830,134.8980,165.6140,143.0010,117.9060,109.2760,101.1180,105.3370,105.5860,89.7735,44.0180,39.0632,87.2374,146.0420,158.0810,104.6490,59.1013,39.1067,82.9456,125.7890,171.3950,217.1650,185.2870,154.8590,142.8280,125.2120,100.9130,87.1316,96.4541,92.5366,86.5765,95.9787,112.5520,134.5050,134.1390,138.4960,131.3270,129.2760,116.7220,90.4215,88.0230,115.1120,156.1810,212.9880
50620.8000,36079.2000,24056.7000,35711.1000,43474.6000,32805.5000,25213.8000,21501.9000,18851.7000,16489.9000,12239.2000,8386.1900,6598.7900,5952.9700,4013.4900,4019.2200,5118.6600,5606.6200,7117.3400,7505.2000,6426.1600,6055.8300,5755.4100,6353.5700,6211.7800,4856.2200,2768.0900,1331.3400,319.3270,826.3360,1493.6300,2030.5900,2433.9900,3110.4100,3572.4800,4164.8100,3715.3100,2195.8800,1335.2800,677.0630,356.6920,584.9780,938.0670,1069.6000,1064.1000,1100.0300,1031.1700,1033.4500,1052.3200,1039.2200,1051.2300,1110.9500,1035.4600,796.7890,639.0780,557.7050,534.0480,634.3730,831.9300,937.9170,944.1580,899.6700,1064.8000,872.3780,505.4030,572.2390,790.8330,1210.8700,1023.5200,1149.0700,693.4390,338.0030,152.2290,283.0730,594.1630,866.4620,815.7050,749.2570,417.0820,387.2700,741.6660,981.9250,795.8480,594.4490,457.6620,427.1580,379.5230,115.3840,330.1130,463.9200,634.4220,744.9920,824.2490,881.7210,979.3070,1069.8700,1282.0600,1262.1800,823.1910,456.8410,319.1760,474.6420,624.4940,707.9000,738.4610,606.0080,456.5860,326.9820,220.2130,178.7470,291.5080,402.8460,477.8760,513.5770,472.2780,303.9390,151.8120,168.6770,425.0530,508.9230,488.0240,422.9990,321.1640,105.0070,216.5720,357.0910,407.3520,377.6750,373.1210,441.4540,420.5760,237.3960,115.9090,218.9100,343.6910,387.7470,392.0790,385.8870,352.1720,279.6490,238.8720,266.3850,347.5400,292.6370,261.4730,191.3240,122.2480,70.2568,60.3569,120.2360,123.6800,94.0916,162.0330,238.5550,270.8710,290.3750,338.6740,345.8210,249.2780,170.0930,133.9150,118.0720,130.2870,137.9560,139.5340,130.3240,88.3287,60.1775,12.3100,11.2407,36.8443,75.6128,77.0911,42.5150,71.2880,152.7260,228.8880,272.2520,287.6620,265.1760,145.7720,107.1450,159.2590,159.6690,137.6580,145.4930,152.7750,192.6430,265.0720,336.3490,382.8200,317.3570,191.9300,105.1690,127.6240,171.0560,154.5200,109.9720,59.1399,100.8550,137.3790,170.6330,225.3870,227.3500,238.1140,255.9480,244.5910,249.7070,248.5450,260.7400,262.0560,235.9150,183.1500,115.4060,86.4341,114.7620,125.7630,95.3475,41.3564,30.2629,62.6204,93.5333,101.2440,87.8998,40.8714,44.6026,61.9398,78.2453,110.3180,110.0270,75.7246,87.3459,106.4480,132.5160,170.8180,179.3190,166.8670,137.9700,104.5860,82.3277,76.1270,86.4774,87.6368,89.7759,77.5008,72.5901,64.1525,69.4115,86.5656,90.0377,86.2312,84.6495,81.3518,73.6374,67.7724,70.7387,77.2365,93.4082,117.6510,114.9180,83.5889,64.1855,53.8789,58.3621,65.7966,63.2681,34.5973,24.7071,62.3921,114.4230,135.6750,115.8760,97.8159,50.5384,27.1244,78.3534,141.1990,206.0800,187.1400,155.9500,126.2620,98.4938,66.6846,60.7879,76.7544,84.7772,96.9552,90.7727,110.1390,144.2290,151.2080,149.7800,162.6070,150.7630,122.3370,103.2630,89.2645,97.7013,151.2190,249.3330
51444.4000,36533.9000,24550.2000,36519.3000,44284.6000,33361.0000,25585.4000,21642.2000,18920.8000,16387.9000,11965.5000,8003.5500,6252.1700,5971.6400,4674.9600,4965.9800,5688.3900,5578.9300,6905.5100,7463.2800,6440.3300,5734.5500,5383.1300,5828.9900,5654.7100,4330.8600,2439.4400,1123.9500,320.1250,972.7530,1690.8000,2371.7500,2927.7900,3427.2300,3716.5400,4181.2400,3607.1200,2199.1500,1204.3400,564.1710,294.4410,581.8930,1047.6500,1233.6500,1241.2300,1275.4100,1238.3600,1187.2300,1053.7700,947.8670,898.8490,883.9680,747.9900,560.4200,522.2020,543.3630,546.3950,650.2050,842.7880,961.7010,941.0510,914.9820,1068.2300,861.4980,626.4380,685.7790,745.0050,1179.7700,970.9840,1144.7200,690.7270,377.1360,165.8760,323.8560,682.1910,960.0530,873.0640,775.1910,459.7630,484.5700,851.8780,1106.7600,930.7830,680.1420,470.7300,359.1780,295.7680,117.9180,273.7670,432.9860,618.9810,809.5780,944.6780,994.0270,1074.0300,1154.1400,1382.3900,1398.1500,1007.3000,634.7150,398.7440,461.4840,608.0140,731.2640,730.7060,535.5380,396.8000,306.6950,222.2940,166.2450,287.8270,415.7430,479.0210,486.8950,421.8340,272.5390,139.4630,231.9100,521.4660,618.4060,591.4760,531.7950,413.6410,188.6180,202.1250,344.5670,418.5480,403.1570,428.5550,492.8370,470.8430,288.3310,132.9460,132.2170,322.4440,413.0530,411.5870,394.4090,352.0670,283.8360,221.4620,265.0260,318.3660,282.1550,259.2430,192.6760,101.0730,45.8267,94.5012,187.2790,200.9040,120.6860,146.9920,259.4240,303.8880,325.6400,365.1080,412.0540,364.2280,268.7120,193.5280,139.7910,123.8050,151.7430,204.3340,216.0870,169.7790,120.1340,59.2781,32.6246,42.7751,35.2894,37.7689,70.5348,107.2160,156.7520,197.6880,226.5350,218.4420,195.0040,111.5120,105.0580,156.3730,150.4330,115.7390,124.3650,148.9480,206.2400,280.8690,340.1180,377.8600,289.6200,170.9780,99.1811,124.2870,168.1110,145.4010,85.0353,52.6440,108.2020,150.4270,189.8830,234.1500,213.3820,201.2320,183.3940,168.6860,203.2770,218.2550,223.6360,208.4090,172.4440,125.5870,77.8608,84.9711,131.6610,133.2660,95.4898,50.0897,47.5838,131.0820,156.1290,152.4940,122.9210,77.5804,48.4422,23.7626,33.1673,58.7621,64.8841,55.0821,94.8998,119.8310,147.7230,176.6630,173.0610,133.2800,112.3540,96.8221,88.2366,75.4646,77.1198,69.4621,48.9988,53.6091,60.9555,76.7705,90.6480,93.2219,80.3250,66.7698,48.6537,35.8556,50.6457,68.2938,59.7179,63.9562,79.9905,119.0380,124.2420,89.1217,68.1760,64.9527,81.9609,96.7248,66.3544,27.6053,25.8164,54.4067,110.5870,129.7500,112.5670,96.4444,50.0447,42.1330,74.2197,123.5380,153.8280,156.2470,143.9610,134.9250,108.5390,82.6706,80.1413,109.2610,103.3940,118.3240,117.6760,134.8940,148.3050,144.0820,140.6790,145.4880,141.1270,120.4910,102.3710,85.2784,86.1853,128.7660,214.0790
51015.9000,36437.8000,24475.0000,36462.1000,43939.7000,32736.1000,25015.5000,21135.3000,18425.5000,15720.3000,11386.5000,7344.9500,5309.6500,4974.9000,4990.3000,6658.6800,7982.8300,7001.0200,6969.4900,6764.9100,5824.5100,4755.0100,4271.4500,4694.7800,4681.8300,3771.1300,2126.7200,864.3950,284.2760,756.6100,1456.2600,2365.6800,3351.3300,4183.1600,4280.5500,4318.7100,3412.1400,2011.9900,1046.7500,433.4990,291.7780,777.9230,1314.2400,1595.2100,1599.8400,1584.5500,1508.1000,1352.4300,1083.0900,878.0210,781.6910,741.7090,595.8680,437.0070,438.6960,483.8560,518.4260,560.9790,772.2540,971.2340,1038.7600,1059.8100,1268.4400,1080.5800,675.7860,741.7340,607.4090,1109.7300,915.9310,1118.7300,625.4270,422.0150,48.0829,288.2550,625.8260,943.7360,852.7840,763.9610,405.3830,395.1810,736.2490,1006.7800,896.2790,641.5210,437.0100,217.7640,114.9880,269.0370,451.4250,514.8950,578.8030,669.2530,827.6420,853.3560,867.9120,953.9460,1093.9600,1186.8900,1003.5400,756.9340,625.9500,632.7720,766.1790,993.3670,1120.0000,854.5320,510.8170,322.7330,270.2260,281.6420,392.6010,545.0330,639.5490,681.2180,651.0480,517.9250,247.6410,201.1470,305.3890,498.5650,533.7410,501.8810,404.4350,315.0990,258.0470,325.2770,374.9980,366.5280,435.9060,549.8550,563.4240,400.6910,281.4060,131.6300,181.1530,257.3890,257.3830,233.6650,210.7390,157.4730,170.2970,277.7050,343.3310,319.9720,290.0540,201.3980,118.3150,82.4190,139.3110,243.6400,301.5240,263.4160,282.1200,328.5730,358.7720,363.4010,412.0770,422.0310,339.4760,261.5110,190.0250,114.6260,124.1510,184.1290,278.6440,317.4740,256.0740,205.3300,155.9770,81.8518,50.8397,46.6198,88.3447,160.2010,165.1900,210.2770,216.2060,192.6340,136.7200,99.3389,82.5830,143.0780,204.9720,193.2200,115.0930,70.9613,104.3050,187.3700,272.3560,320.7590,351.7390,271.3010,142.5110,98.5857,168.0340,192.6200,158.6300,91.0492,39.6863,82.1565,125.3240,171.2160,216.8970,199.5080,215.8880,199.5650,167.3320,178.8860,187.3730,193.8970,179.0730,141.7350,71.9934,34.3593,81.2554,137.8430,128.3210,74.4597,35.6674,67.8821,164.8280,208.0170,207.3220,188.7200,140.5040,98.2639,50.3424,30.3840,10.2593,17.2753,42.5217,84.4498,117.0540,137.4120,153.5060,150.2960,127.6450,116.1160,127.4780,120.6920,111.7470,83.7502,59.2108,40.8971,27.1731,35.6005,55.2441,86.6530,103.6730,90.9293,85.9583,62.8290,20.8233,24.7203,47.6666,46.8752,54.8922,77.6075,106.7450,125.8780,106.8320,80.5562,77.5157,85.8355,92.3033,70.0385,20.8560,45.0450,75.5135,127.3230,126.2250,96.1620,78.0782,58.1291,54.3156,78.3479,140.1350,209.1050,196.0260,178.2060,151.8530,129.5180,113.3220,93.0703,113.3760,92.9204,102.7000,113.4630,141.6790,159.4240,153.1440,146.0270,146.4470,129.7670,105.8790,81.8275,60.6893,66.1884,107.0660,182.7060
50446.9000,35924.7000,23883.3000,35607.0000,43323.9000,32490.3000,24784.1000,21090.2000,18289.0000,15771.6000,11433.7000,7193.1200,5645.4700,5767.5500,5615.4800,7100.4500,7687.0500,6284.4900,6635.8300,6654.3600,5754.1400,4796.9700,4501.5000,5158.5000,5159.7200,4056.5500,2245.5800,918.6400,311.6660,832.7590,1658.9600,2582.9900,3456.8500,4167.5800,4323.6500,4663.4600,3688.8200,2178.5900,1152.6300,522.1440,308.2430,808.3290,1361.3000,1638.7500,1626.9700,1593.6200,1454.1200,1260.8900,994.6600,806.6360,701.8780,687.2880,551.6870,453.1750,554.1960,612.2370,664.3170,661.4840,797.3000,938.9650,1037.8000,1154.9900,1378.6100,1182.8100,742.6660,741.8310,538.8020,1072.2800,938.5750,1177.3500,688.2420,379.3830,80.0716,313.0190,623.6220,921.4170,819.5930,729.3870,351.7780,337.0020,696.1820,1017.8100,895.4620,642.2840,432.9680,266.7040,205.6310,77.8939,293.6890,430.4470,544.2950,747.7280,922.6100,910.6190,909.3560,936.5170,1102.2000,1177.8000,1001.4000,796.0320,712.7130,725.0180,818.0580,973.6350,985.8580,704.1640,436.6590,313.8050,231.8890,233.6330,378.6560,507.2140,568.9410,584.4810,561.4000,458.8690,201.4840,142.7120,359.1030,537.9370,547.2180,487.8300,377.9970,254.6040,232.8100,319.7680,380.6250,378.6400,405.1010,511.0500,548.0840,392.5210,284.1710,142.1480,188.4520,276.2770,278.9690,266.9470,260.3070,219.0460,189.3600,284.6300,316.3530,283.5760,270.2130,178.7030,105.0530,93.4870,129.1960,224.0800,266.1840,210.9340,205.5530,243.8220,289.6270,320.3220,387.5240,419.9260,336.3050,244.1480,159.6280,94.9523,102.2470,158.1760,233.7770,270.1890,242.0050,216.4230,181.4000,102.7270,67.5809,41.6343,55.8318,113.5070,147.3580,187.1800,212.7420,209.9300,165.8650,118.5840,49.1732,77.5350,120.5600,117.7630,72.8314,47.0487,99.8771,199.3500,266.9090,299.6370,311.7930,221.1250,105.0930,61.2787,128.9240,168.1580,132.1580,78.6600,41.2586,104.1330,147.8410,196.7260,251.4560,230.3440,220.9340,211.9790,197.6110,223.1180,227.4550,229.2050,208.2770,164.5040,106.6860,52.2695,58.5465,115.7900,132.9540,80.6442,44.2831,71.0947,149.9880,177.6010,181.2360,167.3690,133.2460,104.9080,64.0740,39.4306,20.3796,43.9021,96.7497,128.2500,140.5940,152.1830,156.2220,143.9800,133.9060,122.8200,110.3330,95.4713,86.4274,85.1005,77.9405,47.7184,30.0261,43.0126,64.0085,101.3780,93.1479,71.7060,47.8199,12.3343,36.1216,62.0990,81.9560,70.5392,72.1603,81.7177,96.9517,93.9502,60.2075,45.5405,65.4570,79.4075,87.8552,72.2964,36.6802,71.6941,88.0400,127.9220,131.5100,108.3640,82.0877,48.5707,46.3147,92.4429,160.6130,220.9740,211.7990,187.7310,166.5820,132.6620,106.5820,75.9564,101.7280,89.3743,116.5800,115.9520,135.3420,169.5490,160.0950,150.7630,142.4200,142.8810,107.1290,73.6599,71.0713,88.7300,120.4680,180.6890
51133.4000,36238.1000,24296.0000,36285.8000,44107.6000,33206.0000,25370.5000,21439.2000,18662.7000,16079.4000,11557.1000,7387.5400,5394.0300,5040.2500,5079.1500,6819.2900,7902.6400,6757.6000,6796.6200,6562.3500,5716.5800,4593.1100,4258.2900,4679.6200,4687.1500,3743.7200,2193.1500,1055.1100,467.9230,492.6840,1156.2000,2111.3600,3078.5600,3725.5700,4188.5300,4347.9200,3168.2300,1834.6300,1058.2300,545.7320,327.7650,681.8390,1137.5200,1398.2300,1421.7200,1439.5700,1330.2400,1220.6600,1043.0400,888.2090,792.6680,794.4160,676.4820,513.0910,531.6730,543.1510,558.7470,505.8510,627.5420,798.3530,941.8960,1101.0600,1369.9400,1187.2100,755.7040,734.1720,520.8640,1077.7600,964.7100,1149.3600,641.1950,316.3750,118.9920,359.6700,548.1270,822.1950,703.2520,657.5030,266.1370,273.1910,566.4860,891.6620,801.0050,608.9310,490.0700,306.0930,275.8970,390.8860,489.3230,419.9410,397.4520,417.0330,503.9900,551.8480,605.4220,696.2670,863.0780,945.3570,871.4340,732.5230,667.6360,728.9810,913.2820,1151.5100,1186.6300,839.0150,507.7950,388.6760,357.8410,353.4130,472.4660,599.0540,716.8960,769.1180,745.1780,583.3050,303.6350,208.4760,263.6120,427.9000,449.1010,433.4380,366.7380,266.2670,201.9970,248.7100,303.2010,331.7610,409.4750,506.7690,521.9600,367.9430,291.7690,118.6390,176.1640,216.6170,234.2940,227.4050,232.1600,196.1050,187.5230,288.9690,349.3300,334.4320,311.6050,233.5540,165.3550,132.6540,121.1390,217.9630,333.6430,305.1760,266.3100,299.7910,350.4760,365.0040,407.2340,420.3180,338.8200,245.6900,170.3270,107.6450,119.7960,167.4450,230.1100,297.5390,267.8810,241.1460,217.1330,147.6890,97.7591,69.6239,91.4242,147.9570,184.0570,217.6760,229.3790,196.7150,128.9120,72.7069,93.6111,140.9430,179.7320,137.3610,67.8266,59.5649,118.8370,205.3470,269.4280,296.3510,310.4600,245.4030,129.1810,82.2060,159.2080,199.8570,144.5300,77.7897,67.1869,115.8020,138.5590,155.7140,185.7330,153.4310,159.8550,140.5860,123.4430,153.2060,176.7590,187.8970,173.7400,123.1150,47.4723,54.4276,99.8537,169.2520,174.8390,98.3420,49.4373,107.6670,196.8570,209.4110,206.3850,187.3690,152.8190,133.5830,104.7720,77.7057,51.3150,61.6659,108.4050,127.4250,148.8580,163.4960,172.2140,137.3980,112.5060,138.9800,131.4240,95.6284,69.1744,50.3734,36.4243,14.2134,11.2330,33.7033,36.1536,76.4911,86.2832,85.3838,82.6691,50.3266,17.6712,33.3386,52.9534,55.5760,79.1283,99.7895,125.9230,132.3840,93.5966,56.5859,56.6483,76.0918,90.8805,77.6660,33.9057,68.8468,84.8531,130.2410,133.0540,98.4812,76.2763,46.3798,46.3680,83.0505,146.0740,196.2340,201.1950,191.9480,179.9600,145.7330,108.0240,72.3085,94.2370,91.4767,118.2210,142.6760,171.7020,175.9890,163.7560,158.8790,151.8760,130.7550,96.4166,73.9706,65.6991,74.8367,103.3780,173.6570
51273.8000,36575.5000,24582.1000,36667.5000,44225.6000,32989.1000,25201.1000,21300.0000,18535.9000,15870.9000,11585.6000,7488.4400,5909.4200,6043.9300,5564.4000,6594.1300,7087.4900,5935.5200,6546.9300,6798.1400,5967.5100,5037.0500,4853.7100,5276.7100,5025.3200,3669.2100,1945.9200,818.7070,426.6020,716.9780,1448.2500,2517.4900,3446.8700,3969.4100,4344.4400,4315.1100,3089.9900,1885.4100,1075.6600,523.1810,356.4550,696.3930,1079.0800,1243.7000,1227.5300,1232.2800,1133.4500,1025.3100,889.6120,824.7800,800.3530,856.2470,735.2270,575.8430,581.6470,570.7050,552.6640,481.1520,571.5740,705.7710,827.6780,979.7440,1282.7900,1113.1000,789.1040,743.5050,561.9260,1074.6600,981.7760,1196.3700,728.3140,307.9100,194.2180,402.0340,631.4290,842.5640,681.6070,619.3000,218.2260,291.5720,592.0020,932.8930,795.4090,605.8680,438.9790,230.0900,199.0360,248.9710,410.6730,447.0750,411.1550,483.3590,534.8880,554.2570,610.1130,720.3580,869.3330,870.1900,748.3670,650.2210,650.7250,730.7810,894.4840,1046.8400,922.5630,610.1560,457.2830,426.1890,374.7750,373.0970,481.0500,542.8240,646.0290,684.2040,669.7800,485.9010,237.6980,118.5750,363.3640,479.6580,470.6840,408.8640,344.7560,197.1630,134.4980,232.2530,332.6540,356.6630,390.6480,456.3130,441.4330,291.4940,215.0900,81.9242,248.9260,323.4700,319.5860,309.5220,295.5660,254.9610,206.0580,281.9280,339.4960,318.8160,299.2420,225.1260,144.7670,91.6971,103.5440,211.1420,267.7250,232.5670,221.7220,246.7510,272.9210,313.4500,368.6610,393.8510,314.5360,204.8360,117.2770,85.9373,108.6820,133.8800,162.9020,205.6830,184.0970,212.6820,179.8120,124.8980,99.3920,86.5032,66.2554,90.9380,140.5530,166.1240,191.4860,199.2040,164.2040,115.4470,80.5022,117.3090,157.8720,140.3240,69.4064,73.5903,148.2760,200.2850,260.0820,292.4780,320.2650,231.2740,101.1540,85.9061,167.4290,199.0570,145.8740,90.6355,40.0787,104.4800,149.4430,197.1050,227.9910,189.6020,166.9730,149.4760,150.4790,221.7720,251.4130,259.0020,243.8030,185.2400,93.9982,45.7629,68.0560,145.1670,178.6530,107.4930,55.7148,134.3570,201.4730,215.5740,218.6950,193.1850,142.3910,110.4910,85.3905,69.9683,62.7184,76.2290,110.5450,160.9520,184.0990,195.3820,192.8630,182.8710,157.5060,111.7850,99.3484,103.3390,92.8803,75.3249,52.2623,37.5838,21.8144,20.3709,20.4950,43.2908,60.8722,56.1223,39.1983,28.3435,48.7562,76.2808,96.9875,91.2648,87.9037,93.2646,101.2290,87.4904,45.5326,41.4437,67.1277,70.3312,70.2940,50.0740,42.2315,68.4652,79.7506,108.9200,114.0450,97.1327,97.4853,62.5891,39.3480,66.9061,136.8950,205.5640,214.6070,199.0600,178.7700,151.6320,110.4700,67.1317,72.1273,83.7927,115.0890,138.3530,151.0750,169.1410,169.2220,164.9210,150.9420,138.3870,133.2330,102.1090,86.2611,91.3705,129.5640,207.3750
50373.0000,35905.7000,23857.1000,35656.3000,43333.5000,32430.6000,24784.8000,21072.4000,18363.0000,15805.4000,11471.7000,7378.6400,5329.3300,4966.1100,4961.7500,6705.4100,7915.3500,6812.4700,6863.9100,6704.8100,5934.9600,4989.3900,4819.6900,5170.1400,5006.8300,3752.2900,2099.4600,1032.7000,540.5560,501.4640,989.5570,2006.3800,3042.7700,3647.7200,4104.5400,4153.5400,2890.2700,1747.7800,1041.7600,514.4490,401.1790,656.1220,952.8760,1110.4900,1109.4400,1135.5200,1084.1300,1035.8900,921.9170,870.9090,863.2750,942.5470,812.8170,576.6540,495.7790,437.7130,396.2450,290.6310,385.4850,613.9000,826.6940,902.2450,1242.5700,1062.2800,767.0960,743.4870,579.4040,1085.0800,980.1830,1158.9700,704.6300,268.7700,165.6210,404.0330,533.7150,753.7830,593.3530,552.5940,178.7950,292.6310,518.5340,830.3560,675.6740,608.2170,577.5490,452.6900,498.8490,574.0120,571.9470,399.1210,271.4640,195.6880,204.3770,254.1310,278.1480,394.7230,536.3900,579.9150,572.9400,560.7560,573.8580,715.8540,964.5250,1223.8000,1174.1700,815.6350,543.0010,492.7070,489.9550,485.3580,597.0970,719.9650,854.4120,905.5360,837.3750,633.3520,419.6710,258.1650,245.0820,385.1280,383.8980,358.4100,310.9380,195.3070,124.6440,187.3430,283.5060,318.8360,367.1250,433.8770,436.0490,294.2860,221.7950,74.4069,222.2810,271.9650,269.4190,255.3390,235.3970,200.0760,186.8350,287.8680,370.1970,359.9940,343.1960,285.6100,182.0720,84.2918,118.1360,247.9470,353.1180,334.4560,298.2580,310.0680,323.3080,347.7510,376.7450,378.8110,288.0950,201.0730,139.6910,109.7890,135.1240,162.9000,213.4690,246.6890,199.9640,209.5210,189.2420,137.3720,122.2970,100.2010,99.9634,132.1100,187.0500,229.5260,226.7150,197.1940,146.7040,100.2200,89.2797,137.0830,171.0480,142.1000,76.4061,77.1012,142.6340,227.7430,303.8500,329.8920,353.9790,273.8930,144.5590,97.6854,150.9300,183.7910,138.4420,85.4913,50.0968,98.3172,131.6550,165.8160,195.9320,151.4320,124.1580,95.8700,85.9520,149.5060,185.0250,193.8810,183.2820,137.3040,70.3374,63.7429,88.1808,162.4800,184.0120,115.1080,50.3615,89.3353,186.1480,207.7530,209.6030,195.6650,165.4800,133.1830,107.3110,94.1408,98.3090,111.0280,116.9910,148.9410,196.4190,214.2390,215.2490,185.1760,152.6760,151.1260,142.6860,114.8220,84.9352,67.3218,45.6483,27.7836,24.6688,23.0483,13.4455,52.9466,75.0674,85.7939,88.2990,63.1815,45.3868,71.0117,98.3818,105.6190,124.3530,142.0190,156.9040,139.7520,96.2793,78.4890,84.4198,83.1781,75.8135,48.3751,47.8430,74.8569,99.3289,124.4390,131.9380,90.5967,67.9227,15.2186,40.1326,85.4731,145.8620,209.2840,206.1800,197.0740,190.2710,170.8600,126.4750,88.4639,103.9820,88.2046,113.8640,119.0610,155.9860,188.0060,174.1830,164.2390,153.5570,144.4050,125.7890,105.9300,99.9361,112.9880,142.3110,207.3740
51102.1000,36289.1000,24325.5000,36208.5000,44076.2000,33302.8000,25476.4000,21653.1000,18810.8000,16380.1000,12020.4000,7924.7300,6256.7500,6251.1500,5447.5900,6174.5100,6668.7900,5859.3700,6744.6600,7071.9400,6370.9900,5553.2600,5656.3500,6009.0600,5410.1000,3728.1700,1996.5100,771.7300,616.6050,796.7290,1358.4600,2413.9200,3265.0400,3774.9900,4564.9700,4527.3900,3238.9700,2131.7500,1290.3000,532.9780,236.6350,404.0920,662.9590,818.8550,949.8090,1009.6700,933.7290,908.8240,941.6380,998.5390,1034.7600,1108.5100,930.7220,702.6160,645.6300,550.3630,427.3840,380.1490,446.5020,627.4520,784.0590,803.8170,1154.4600,949.6620,836.2570,788.3850,663.0600,1127.8000,1013.9100,1219.3400,805.0970,369.9790,322.8770,499.4680,647.4670,788.4780,546.8940,449.8370,52.3264,449.3210,627.3860,886.0240,658.2450,489.3800,400.7230,269.5600,295.4680,390.0810,540.7790,467.6130,349.0630,261.9250,242.3580,254.8810,290.3600,456.0040,610.8310,625.1330,543.1790,485.2290,524.7260,676.5110,888.5890,995.2800,805.0170,586.9740,559.3900,582.4450,551.1150,520.7910,552.9670,671.5760,742.1440,741.0650,699.7840,513.4870,337.5250,116.5350,371.4970,423.8520,398.5200,352.0510,276.5870,102.9880,134.7130,254.4800,340.5170,368.8300,353.8210,343.2130,304.7470,176.9600,78.1109,135.1260,271.9970,335.8430,338.9340,362.1320,327.7050,291.5730,251.9500,337.0400,405.0250,369.7920,351.3780,292.0580,202.8600,108.3520,66.1605,171.6690,264.5040,228.0180,206.9420,217.4100,232.4580,279.9890,318.6930,343.8380,277.2850,154.9480,80.4018,108.1140,111.7480,115.6340,102.9440,115.3870,134.4210,209.2900,183.3830,162.0600,166.3570,168.6070,155.1090,130.6870,155.8120,198.3860,215.9320,219.8900,192.3400,178.8840,147.3280,152.9980,175.3130,136.9670,79.7100,92.6601,156.0430,225.9020,294.9920,325.0360,344.1770,263.3660,140.0310,89.3904,145.9090,195.4170,161.4950,108.9730,92.1211,139.7970,187.2170,225.8760,236.4460,188.4950,160.7560,157.9000,181.1950,216.0430,237.1550,245.6890,248.1970,186.3350,71.6151,43.5888,104.9010,188.5250,215.9200,147.3710,81.6532,115.2370,167.9270,178.1030,167.4250,148.9040,136.1320,107.7950,83.8148,72.2057,74.6209,98.7088,119.5060,152.6450,189.4240,228.2510,250.0830,229.7160,182.6920,135.0120,103.7610,87.6223,84.4511,79.2154,59.9616,30.4045,19.3255,11.6430,34.0239,40.7852,40.0660,43.3429,52.8318,65.3713,89.7348,119.6000,119.5410,112.4860,119.7800,126.9670,123.6200,91.2833,83.7722,78.0166,70.4336,64.7080,71.3858,51.3637,74.2166,92.8009,88.2315,93.7532,76.0261,39.1736,40.4296,27.1755,63.8469,88.5741,125.8000,188.0740,188.7800,183.5800,179.9220,165.1540,108.9270,69.7060,66.1480,77.4252,106.1150,130.1600,164.4120,198.7040,200.3280,197.0070,182.4850,166.0140,148.8000,115.2330,103.5560,103.1410,136.0880,180.1790
51258.6000,36498.3000,24573.6000,36703.4000,44335.4000,33149.7000,25353.0000,21402.1000,18716.7000,16074.1000,11674.3000,7685.7500,5582.7500,5186.2200,5069.9600,6794.0900,7882.7300,6753.8900,6892.9800,6768.7100,6284.1900,5540.3200,5701.3800,6049.8700,5524.8400,3866.4900,2157.7000,949.2130,603.9110,516.6130,857.9130,1961.0000,3079.8800,3690.3400,4271.0600,4317.6700,2981.8300,1943.3900,1128.1800,442.6830,299.7170,413.1800,603.2510,737.6890,820.0680,888.3960,826.5760,857.1460,906.3070,971.2130,1052.6400,1171.5200,996.0530,674.5650,521.2940,448.7280,353.3170,364.3740,535.2590,764.4710,946.4770,871.8170,1178.0400,904.7950,768.4080,745.1370,705.6550,1175.8200,1035.4700,1152.8500,709.4690,243.9950,282.1890,524.1040,570.1090,712.9080,435.2900,395.4940,116.1660,499.9080,598.9060,824.9680,564.7860,511.3700,503.2050,500.2260,597.6010,640.6080,599.5400,406.5390,262.3330,252.3700,270.7460,199.0270,94.8653,191.4280,347.2220,406.3300,415.7030,385.4330,457.3710,695.5690,1002.9900,1270.6100,1180.4500,856.0320,646.4350,635.4190,634.0980,617.3540,664.9680,843.2030,977.7410,998.7660,886.8280,653.8280,473.5920,240.5010,301.3580,376.1740,371.9190,327.2820,259.6810,115.7360,123.6170,253.1370,353.0070,400.7540,406.6290,403.3940,370.7920,248.0560,132.5130,62.1505,221.6220,293.3340,280.9810,289.0470,263.9910,246.6510,228.0750,333.6470,411.7530,391.4780,375.1630,323.0790,203.5770,51.9314,109.9780,248.7150,354.7990,332.9720,301.5790,292.3760,282.6930,307.4800,380.3420,410.6220,318.6890,213.1130,176.6050,168.5350,159.9670,141.2170,133.8210,135.4220,126.0800,198.6880,177.0640,161.0190,155.6040,157.4050,131.1160,125.2790,192.6930,249.6520,254.8980,231.5400,184.7370,146.1320,121.6620,141.3300,166.0810,127.2440,74.9569,116.5870,201.3930,267.9650,336.5660,359.1380,387.9890,316.8540,187.4590,122.4060,159.8550,201.1870,160.8310,105.6410,53.1291,101.8590,142.9670,183.3410,202.3190,152.9060,117.8930,101.5790,103.3520,156.2470,201.2710,208.3250,197.5670,116.9320,29.7286,71.5730,143.3140,228.0060,242.8220,156.0610,74.8998,87.5027,153.5520,173.4670,183.9090,161.5930,133.5090,123.1160,111.2700,111.3320,96.1161,97.8570,106.2570,134.8350,188.8430,231.5760,261.4070,247.0960,187.6750,129.9700,105.9340,103.2760,99.3952,86.3551,65.9395,26.1019,25.2760,26.8558,36.6331,63.2890,75.3876,81.1144,75.1932,70.1668,96.1645,138.8800,139.4510,124.6760,127.3050,138.6870,153.0370,128.3480,91.0269,84.8012,91.8062,87.6595,79.4564,51.9821,41.3762,72.0086,83.5922,109.3920,96.1606,59.3647,54.1681,23.2976,70.5493,87.2802,137.2850,197.1430,216.9160,203.4250,186.5830,133.6480,105.6380,64.2937,78.3198,72.7688,106.7930,134.3950,165.5420,185.9960,187.7770,187.2600,181.9530,167.1680,142.2690,115.8700,114.0400,123.3110,170.7320,241.1390
50455.4000,36014.4000,24053.9000,35884.0000,43466.5000,32554.6000,24980.1000,21316.0000,18630.2000,16142.6000,12002.8000,8103.2500,6323.6600,6225.5300,5117.2800,5628.3200,6344.1100,5795.7100,6779.6800,7221.5600,6760.5400,6042.7400,6423.2500,6768.3600,5726.9400,3639.7300,1836.7400,517.2290,840.1180,952.9050,1410.4300,2462.0800,3283.6700,3939.5400,4888.2100,5035.7200,3693.8200,2519.1300,1503.1800,560.0460,147.8870,279.6620,523.0530,700.4090,830.8580,855.5660,807.7340,876.8840,982.8530,1067.5900,1141.0300,1245.4600,1076.3400,791.3100,645.7430,578.4740,478.1150,498.5490,617.9110,784.6550,872.1070,781.6340,1052.9600,810.1480,773.0250,760.6490,821.9710,1305.6000,1170.9100,1287.7100,891.3690,446.0760,494.6150,625.5240,715.9380,774.5870,444.7640,392.8660,261.6810,665.4180,796.1840,1024.1700,715.6610,458.3530,294.8050,136.2140,159.7970,269.1050,448.8690,369.5480,243.9730,153.2320,135.5150,189.1470,243.0790,437.2090,608.0210,594.1690,482.6340,356.2230,410.1090,607.6970,788.1120,851.2760,668.5190,568.4410,645.5580,638.3320,579.9010,526.7560,541.9550,671.3200,750.7660,738.2440,681.4440,491.2000,301.0260,82.5237,401.2290,433.6840,410.8500,377.5330,307.1260,99.1585,235.8770,332.8440,414.0340,424.2470,368.2830,323.7030,310.8670,244.0140,168.4100,189.1700,287.5930,360.4100,388.3160,389.1340,314.8070,294.2400,296.2190,383.4780,456.2470,383.8370,347.4110,285.7650,171.6750,48.1763,65.8884,175.4120,217.5080,192.5360,201.4540,211.8630,195.1570,227.3880,282.5960,336.5150,230.1520,108.3530,73.8760,119.6680,112.6990,105.0340,58.0843,52.3926,101.5410,153.6370,154.5600,146.8240,104.9750,131.1100,146.5050,105.7600,100.3120,151.0240,218.3860,250.3850,238.5180,194.3060,135.7070,139.5560,168.0370,143.1600,81.7866,92.4523,157.7040,218.1620,299.9150,335.5150,373.4420,300.1680,156.0210,80.2439,138.1150,207.6620,167.0750,108.7880,67.0628,128.3680,173.5570,208.7730,217.8230,179.3590,152.2270,138.1280,145.9440,219.5910,258.3140,268.7040,262.4270,207.7490,112.3180,70.5356,87.0958,189.8610,191.3090,129.0480,76.6989,57.5609,103.2300,130.2600,145.4970,117.8110,79.7266,74.0185,63.3277,68.5650,69.2562,93.6838,122.3630,154.4390,182.4300,229.6150,263.1310,245.9620,174.8370,116.2250,85.9173,89.7693,106.0710,98.2241,79.8148,56.7916,21.9814,49.8448,53.8562,50.1063,46.2278,46.7788,60.9220,87.3903,127.2600,169.2270,156.0130,123.1790,117.1520,117.9620,124.4150,107.0430,94.2764,72.1721,54.2919,43.3398,50.2859,42.5183,63.2218,84.3057,80.3537,92.5113,84.7159,60.9541,85.4325,70.0107,106.3790,108.8020,134.0220,190.7390,199.6730,191.0400,179.9870,146.3680,118.3630,67.6231,81.1033,71.4240,98.3698,117.4480,147.1100,166.2640,182.8040,189.0470,196.9290,180.3590,161.4640,129.3680,101.7520,84.1724,133.3200,211.3730
50830.0000,36087.9000,24111.8000,35947.7000,43844.0000,33134.2000,25373.4000,21598.0000,18821.9000,16346.2000,11886.3000,7770.7200,5900.3800,5689.3300,5342.2900,6952.4600,7746.9800,6453.5700,6706.5400,6886.9800,6556.6200,6032.4000,6351.9000,6792.8100,6081.6300,4089.6700,2190.3500,695.2140,448.5990,606.7850,1271.1000,2504.5400,3718.9300,4460.2900,5058.5700,5222.5600,3755.5700,2307.9600,1341.6800,499.7800,232.9580,408.1580,620.9980,749.1640,851.2320,899.4130,818.8760,829.7970,849.7740,917.6520,1013.2900,1132.1300,955.2240,637.9590,492.5300,438.2140,431.3090,508.8700,667.9340,862.6050,985.5790,885.9000,1123.8900,831.6680,675.6660,684.0400,794.1890,1295.2900,1158.6500,1212.8800,774.2580,319.0850,417.0850,581.9150,581.6350,640.6540,335.1840,381.1650,267.3410,615.7190,720.7920,971.4150,681.0260,525.6880,413.3630,313.6430,364.6070,420.9060,425.5480,287.6040,158.0710,166.4400,175.0000,192.8060,166.6710,293.2420,492.4330,529.6560,436.3860,287.4500,364.2460,690.4420,969.1900,1211.9500,1128.2900,876.7110,711.4030,676.5780,636.2670,591.4370,668.3750,803.3130,914.4410,877.5770,760.7090,543.5340,354.6440,81.1253,385.0350,427.5170,414.5820,369.8630,293.2570,101.0200,191.2530,328.6320,434.5650,463.8800,463.2610,451.3860,419.1820,300.6440,145.8350,101.9690,259.2680,343.3470,359.8260,356.3580,299.1940,283.1480,272.6890,319.9620,398.3750,348.6840,327.5150,275.7850,150.6060,77.3882,142.6780,248.7660,324.3890,300.7230,292.2410,277.4150,265.3050,291.6660,364.0170,391.1060,291.2340,181.8820,152.3460,174.5700,156.8260,146.1500,97.0773,71.0172,123.7230,161.5210,142.7630,128.1380,97.6240,96.0741,104.4630,114.9410,145.4890,194.8070,251.5070,268.5940,238.3860,192.5080,123.0350,122.6890,155.4150,119.5080,90.5307,126.8250,169.7500,240.0090,334.1080,357.3530,388.1970,311.5480,162.6580,79.5072,142.2290,207.8960,155.0400,95.5517,47.2134,85.2748,115.6740,148.5460,184.9140,134.1310,106.1370,83.1061,106.9670,183.9180,217.3150,229.0190,224.8370,167.0630,83.9364,54.2329,85.3156,183.4970,222.0990,159.7790,93.9310,30.8757,90.2407,119.6610,134.9980,124.2840,91.7299,72.4405,69.8256,83.0853,101.4960,111.8780,113.3860,135.4680,179.2750,227.3510,261.7060,248.0910,165.9180,102.4060,98.6001,103.8400,111.1790,97.7425,70.1640,21.0977,49.2128,65.3062,79.4097,86.5497,79.4453,58.5660,54.1555,74.7906,101.9900,135.2330,145.0500,142.2180,144.0240,146.5620,148.1200,135.2140,99.9031,72.8457,67.8727,71.7996,66.3440,53.9836,25.2360,84.7036,98.6327,152.4060,117.6660,84.1735,65.1236,57.0586,102.1710,121.4300,161.4420,193.1920,181.5090,175.1020,173.5840,150.2760,82.5922,40.6635,49.6985,77.2652,118.1400,152.8400,177.7380,199.4190,198.0080,195.6860,194.1310,187.3050,158.1860,126.8670,104.8830,111.1340,148.7180,226.8580
51411.0000,36580.3000,24662.4000,36740.2000,44391.2000,33336.3000,25613.7000,21696.9000,19037.7000,16464.6000,12135.8000,8323.6600,6589.7200,6210.1600,4913.9800,5532.8300,6568.1100,6260.0800,7061.2800,7207.6800,6908.2600,6244.0600,6783.6200,7050.5400,5757.1100,3519.1900,2007.3100,505.0410,883.8560,953.0620,1365.1700,2282.9900,3046.7600,3806.4100,4576.3200,5142.3500,4078.4000,2707.9300,1790.4100,790.3790,336.6140,302.8120,525.8620,679.8660,831.8760,894.7020,865.8620,953.5980,1012.9500,1080.2000,1171.8600,1269.4200,1102.7000,816.3180,670.4760,648.4520,605.1460,685.2540,796.4060,858.5550,889.1830,784.4510,883.3780,626.0670,634.5490,720.7970,928.8420,1444.2100,1263.4500,1343.6900,962.1710,536.2520,528.7780,598.7220,708.8140,733.4860,432.7950,385.5090,337.2840,706.2770,939.5540,1203.0700,914.2380,673.6190,483.1990,331.3220,351.9800,337.8080,450.0730,287.0120,240.3310,211.8520,258.4160,333.2510,459.3460,659.0600,877.6870,787.2740,552.0750,320.5920,374.6650,574.6210,706.1790,749.0740,736.7190,760.3890,782.7420,666.3230,554.5990,481.9280,547.1660,683.3690,774.6970,794.4160,762.3010,564.6140,313.8300,101.8590,336.3330,430.0080,456.1850,439.5610,344.5730,103.4320,169.2480,282.6240,375.7390,422.7480,434.7380,409.5300,382.2720,306.7650,222.6050,217.4920,291.1040,340.4240,370.7800,366.1640,307.7280,313.7190,343.6960,426.8140,522.7490,439.8830,361.6130,286.1540,154.2620,58.6201,50.7262,107.4710,145.1210,146.7060,161.2670,166.5780,168.3290,185.1480,220.4470,254.5180,173.1910,74.6308,52.2586,111.3860,121.4780,137.3750,68.0789,87.1329,84.0940,98.9643,124.9300,128.8160,79.3603,49.5683,40.6026,32.4943,51.1737,136.0440,222.7920,259.6230,255.2060,224.9260,127.9190,92.8380,135.6450,146.7210,108.4500,95.3731,111.7690,158.7150,245.0510,283.9870,323.1910,260.8190,122.7920,52.2270,103.2020,194.5140,158.7680,106.6600,52.1241,78.0801,110.7000,140.3030,184.4050,161.3780,151.2700,126.9910,135.6520,222.8530,267.0180,286.4310,285.5270,229.7890,152.0910,69.9547,31.5573,119.9070,158.3810,122.0580,87.6730,25.2931,55.0648,91.5289,98.1718,85.9706,38.2218,24.5884,33.5745,33.9417,55.6252,88.1939,105.6310,113.2360,144.6970,199.4430,240.8560,210.9180,136.6880,81.0587,65.3156,88.7598,91.8538,72.7483,51.8317,31.5421,28.3534,89.4051,104.8410,93.3817,59.1620,54.0828,80.1762,109.2500,137.0470,166.8400,157.4480,129.8530,121.3260,114.4310,117.8820,98.3393,55.4832,41.4228,67.4797,71.0897,56.9441,31.6278,27.5533,63.7818,85.6517,110.7410,101.0290,49.4260,57.4939,58.4105,113.8740,141.7900,158.2400,196.4690,183.4020,164.8930,160.7960,136.8520,82.5093,39.8640,55.1015,71.8967,95.5549,103.8200,139.4580,180.2180,186.5070,193.5480,208.3590,194.4400,142.8310,111.4020,90.3226,90.8296,127.0360,204.8730
50631.8000,36176.9000,24165.0000,36068.3000,43650.0000,32625.0000,25024.3000,21310.1000,18629.1000,16063.3000,11887.6000,7925.0600,6113.5100,6190.1300,5564.6200,6406.7100,6865.1400,5798.3200,6537.3400,7114.9600,6850.8900,6343.6900,6784.8500,7182.5300,6099.0100,3841.6900,2031.3100,601.3860,752.1900,895.5800,1517.1400,2749.4600,3917.8200,4707.0500,5380.5800,5658.2900,4248.6100,2723.8500,1592.3700,609.9920,177.3440,346.6660,625.9650,804.0170,937.5590,988.9690,914.6330,933.3090,910.1990,918.2570,977.5600,1037.5900,850.4630,579.2110,507.5670,553.2330,583.9260,660.8710,807.8490,903.0910,915.2350,812.1070,954.7250,705.2620,637.0360,703.8730,915.3840,1442.4800,1281.2900,1316.2400,911.2250,443.1490,478.8630,572.0090,619.5700,665.9770,369.3550,319.9890,291.8650,611.5800,837.6490,1063.2800,754.4530,554.6680,317.8630,92.6199,90.5106,187.7920,329.0550,269.1420,226.3640,156.4610,225.4590,310.6040,385.4650,569.7180,789.2770,740.0130,517.0020,291.5940,286.1110,619.9250,860.9630,1050.4700,952.8710,796.2820,720.7410,658.8320,524.4450,456.3800,530.5160,675.7310,783.2060,752.0430,669.0690,491.3580,270.7280,73.8515,316.8040,387.0650,415.2630,392.7590,325.6270,119.5640,142.6570,277.4850,382.5260,433.2680,473.7720,461.7830,388.6720,257.6760,110.3590,110.7870,290.9360,371.6770,385.0760,381.0740,323.6200,319.1460,339.4900,369.6930,476.1730,396.5850,312.4660,229.7890,89.3241,57.1177,135.8020,238.5820,265.5100,222.3680,221.7830,228.6800,223.1610,245.3480,306.8880,359.1420,279.5950,171.4620,140.0100,149.7840,149.9520,138.9120,84.7398,46.8618,71.1518,93.0095,106.3100,101.8940,41.2944,31.6479,45.4978,44.6191,78.6976,137.5340,209.0140,259.5610,236.3190,204.8660,125.8240,113.0120,152.0750,145.3450,118.6540,126.0900,151.6920,221.1550,301.5590,328.5790,353.5490,294.1410,158.6280,62.9949,95.3721,174.0130,147.2610,101.5570,44.3416,57.7134,104.8990,138.6000,173.8120,114.7770,92.0867,61.9694,80.9153,148.8950,191.4260,218.1110,238.7860,192.6260,106.3400,43.4504,37.8369,118.5670,147.8030,110.1380,86.4730,44.3879,95.3956,104.6430,100.3370,82.5250,34.9350,16.1060,17.0748,33.2699,53.6305,80.8960,102.0400,127.3160,166.3590,209.5730,238.1540,221.5110,159.4460,104.5240,91.3696,97.7412,97.4150,80.7697,52.2744,20.1102,62.3766,103.0080,115.6500,116.1150,97.9105,74.3251,79.8468,109.6620,144.8450,175.3630,162.8080,141.6900,133.6680,132.6100,118.2620,96.8615,78.4335,60.0233,61.0917,61.8979,53.4663,26.7471,26.3964,63.5442,86.5974,117.6770,101.8330,56.2295,55.2159,48.5053,101.9270,128.3670,152.9640,192.8940,182.8040,162.2290,151.0330,124.0590,85.9646,43.1978,47.9913,63.8080,104.3270,118.1090,135.2590,174.2370,179.2940,184.7810,183.4820,178.6580,142.3890,106.1130,75.8179,84.1965,142.3560,225.8160
50799.8000,36118.6000,24093.4000,35838.0000,43693.8000,33045.0000,25358.5000,21659.0000,18881.5000,16520.2000,12254.8000,8269.3000,6572.1300,6387.0200,5199.1300,5746.3900,6507.5800,6025.1100,7000.4800,7403.7000,6985.2400,6293.6700,6654.1500,6824.4500,5562.1000,3369.6400,1777.0800,502.6740,975.5190,1162.8000,1697.5200,2614.1400,3448.1900,4213.1500,4932.5200,5393.3700,4297.5200,2939.1700,1898.2700,958.6110,458.9280,318.7410,624.2400,788.4940,947.3230,1031.5200,992.1390,1019.0700,1014.7900,1017.4400,1057.3100,1114.8000,975.6830,743.8570,667.0500,714.4980,737.2760,856.1070,995.9890,1002.1000,958.6510,849.3750,881.0630,603.2850,583.4460,691.6500,1041.3000,1531.7000,1337.8800,1352.0200,998.7990,553.7990,493.1550,544.4040,697.4120,766.3380,530.2340,437.3680,191.4400,557.2030,958.2630,1220.9900,943.0770,763.1910,545.5580,358.0350,345.0590,256.0370,374.1290,256.0550,313.1170,349.0820,438.1400,521.6220,642.0020,816.7120,1016.7300,937.3490,676.7340,413.5040,298.7020,501.2500,659.2630,732.7270,696.5700,714.0570,753.2520,645.3310,484.4080,375.7840,460.9990,628.7770,748.5900,729.2250,638.4870,460.3910,234.9820,105.0080,324.0770,417.0640,450.7260,425.7160,334.5180,90.9038,169.5410,308.2180,405.4320,449.9310,477.1670,457.2940,401.1100,293.4120,219.9130,238.4420,304.3380,362.3710,396.0760,401.4280,336.0090,322.3640,347.5020,410.9620,516.8310,442.2200,348.4620,278.2240,157.6580,59.1806,75.6456,151.0470,163.0970,140.9760,170.8340,178.3460,173.3450,190.3800,237.6940,287.2110,205.6110,104.8920,55.9309,85.3086,100.9840,118.7370,55.7492,70.9138,81.3223,112.2520,163.5460,164.9060,102.3210,62.7638,39.8387,35.7226,45.1127,127.2330,226.1190,257.9110,255.4690,231.1870,150.6660,120.3290,163.0690,156.0200,109.7160,103.6320,100.1640,148.5300,250.0940,296.8020,333.3420,277.7920,155.9690,66.5819,57.5729,143.1050,128.1150,98.3587,48.4804,27.6367,48.5903,78.7088,122.2390,100.4010,122.0220,99.1402,106.0110,176.8850,232.8980,265.7930,289.9530,229.4230,152.8180,81.9966,35.1596,88.5229,138.4530,128.6020,125.8880,63.4728,107.2290,106.0180,94.9064,76.1186,18.3895,9.9674,17.7645,27.5721,60.1656,113.4120,134.8290,147.2630,178.6980,224.3130,251.8150,218.4950,164.8230,122.1080,89.2828,85.2458,94.1226,73.6497,46.7190,18.9300,35.2800,79.4623,94.2103,93.9889,82.4977,81.3312,88.6288,98.7031,127.3840,153.0190,145.6010,124.6560,105.4810,100.3960,108.7840,98.1342,62.8350,46.2629,49.5024,44.0166,32.1294,16.6901,25.5011,67.1359,83.9183,105.1890,102.3430,47.7586,81.8369,82.2885,137.6820,141.8640,141.6960,180.6560,182.6370,158.0550,158.1590,148.6080,106.8590,45.7666,37.8986,41.3353,66.6461,91.6968,123.2990,154.1750,170.5140,180.0920,203.2650,190.8370,147.2650,116.8690,88.8774,83.0813,129.6270,221.1920
51442.5000,36531.8000,24561.5000,36668.6000,44422.0000,33391.4000,25562.1000,21668.5000,18863.1000,16291.6000,11950.5000,7929.6700,6480.7000,6709.4800,6005.3500,6489.1600,6601.7500,5581.1700,6377.9300,6868.6700,6417.5900,5956.6700,6185.5400,6511.4500,5690.6300,3793.8400,1979.6800,669.9680,451.2480,894.1300,1787.7200,2891.2800,3802.1200,4505.2300,5082.9800,5475.2100,4350.9300,2734.0900,1752.9000,921.4120,464.1730,449.6400,804.6120,939.0150,951.3170,1010.1800,959.8680,939.5320,899.4030,907.9940,966.9940,1027.2300,860.6430,643.7900,590.1970,662.9700,728.5360,864.4850,1030.1800,1073.8100,1055.7200,948.8150,1022.1600,748.2970,520.4940,631.7650,953.2630,1471.0400,1283.4700,1273.0600,865.8280,436.7160,464.2060,533.7860,684.5440,779.8940,563.2910,496.3290,131.7680,505.6490,931.4570,1237.6100,970.6230,773.1580,508.7710,271.6410,264.5240,202.1500,337.4840,306.1890,360.2980,429.0730,520.4060,562.8750,629.8270,762.1280,980.5710,957.0010,691.0120,419.9450,280.9620,499.5720,675.7050,810.0920,768.5710,717.5500,720.5450,619.7090,471.3210,403.9390,490.6490,652.6230,748.9080,663.5960,534.5370,373.4600,185.1270,125.9060,420.8310,492.1990,495.7410,450.5210,357.1340,124.3220,183.0050,335.0240,452.8890,496.2660,515.6820,488.0760,409.0460,278.9170,195.7110,221.6840,328.1530,386.1830,409.6610,388.5820,305.9020,276.1540,298.9280,355.5620,461.6540,388.7440,316.8030,247.9420,134.3390,53.4966,93.5699,165.6630,168.4880,154.4300,171.9740,176.1120,200.4950,235.6840,288.9680,335.8270,239.8150,112.4280,68.1966,108.6110,108.4900,98.5034,42.4480,81.4599,134.8170,150.3490,191.1380,162.7490,105.1460,80.5115,67.8963,42.5307,42.2855,110.7110,222.3710,279.8360,279.8130,248.0290,177.7100,173.3670,202.8330,175.7320,140.9800,135.8870,135.2320,212.6060,326.9770,380.5380,409.5210,333.4800,192.7990,79.6877,71.8927,153.3160,130.9370,94.8411,46.8976,53.4807,86.7723,121.1820,143.9200,102.9760,108.5240,80.0126,93.9296,171.0190,225.5130,259.4710,286.4240,238.9550,147.1190,65.4976,26.5608,120.5070,164.7280,139.6350,99.9799,19.4716,36.0583,66.2402,93.6571,97.1716,64.5771,56.4776,58.8687,61.1954,59.1656,99.1438,136.0210,162.8290,200.7360,236.1840,252.8840,218.8040,162.9220,126.6320,106.6120,90.8167,75.6109,59.3726,37.4282,14.6933,48.2842,99.1639,105.4150,98.3018,74.3708,68.5751,72.6526,84.2160,110.8830,123.0240,112.7410,100.6790,106.9290,112.6840,109.4750,80.1631,54.9617,36.5318,25.2847,20.5453,25.0681,33.3081,57.5281,86.8613,81.8135,97.5396,80.4492,70.9850,100.9590,86.2067,127.2350,122.3860,124.6550,167.3510,185.8320,166.4650,165.2270,144.7200,120.2800,61.4337,60.7084,43.6882,64.0264,80.4081,131.9270,170.0710,172.5450,183.2510,201.8370,188.5280,140.1900,111.3980,88.3432,82.1089,113.7440,216.7970
50748.0000,36217.9000,24240.7000,36240.0000,43769.0000,32665.3000,25045.7000,21335.8000,18605.5000,16017.4000,11961.5000,8081.8100,6308.7000,6394.4000,5489.3100,5923.9600,6268.4500,5325.9300,6179.4900,6760.2900,6174.8600,5865.0200,5944.9000,6229.9300,5551.2200,3867.5000,2095.5900,744.3120,287.7480,778.3410,1690.0700,2710.1200,3538.1800,4228.4400,4783.1600,5298.7100,4361.4400,2759.8000,1755.7500,1023.3900,537.8810,364.4710,748.3660,917.1650,945.4090,1002.3500,989.5340,1023.7400,1002.0600,988.0670,1025.0200,1076.2900,928.7570,689.7910,587.8830,648.8680,729.3750,880.3570,1077.7400,1138.3800,1082.9100,947.6470,991.6880,709.1610,521.2450,631.3800,945.2130,1421.7300,1211.8300,1223.4100,803.0390,364.5400,378.5390,483.5590,711.2180,869.6500,679.3970,592.0110,156.1910,493.0200,942.4700,1264.4100,1047.3300,803.1380,567.5190,334.1110,289.3860,196.3930,286.3150,283.9400,358.2110,470.0040,594.2400,656.4550,730.5550,883.5270,1076.4400,1060.2900,794.2080,516.3780,258.7570,398.3170,551.6910,681.8980,691.6380,653.1110,661.8800,587.2790,445.4660,346.6450,411.2230,586.2840,697.2730,622.3370,501.0540,342.2970,157.6600,136.8660,400.6500,484.9340,499.3660,451.4350,356.7300,113.6560,203.1520,370.2840,477.7100,510.7080,557.4780,546.6880,438.2870,288.7730,227.1540,282.3350,364.7560,408.2510,422.0510,386.3640,297.3480,269.4320,275.7740,332.0490,421.7870,379.7850,310.1100,256.1570,146.2890,47.9683,81.5140,162.4990,168.4650,131.5160,167.3620,186.8100,195.4270,239.8960,283.1460,315.3060,229.2400,122.2660,71.6648,92.2001,94.1189,103.1370,39.7166,94.3668,133.5900,163.5140,218.6040,209.9600,131.8620,96.2478,90.0725,61.9749,44.7658,113.2070,215.2030,271.6850,287.9790,266.4480,189.7380,164.8960,208.1880,202.7940,133.3220,101.9760,139.3660,205.2400,287.3170,355.5450,410.8570,359.7820,224.6840,110.7410,56.6255,109.6840,110.5710,94.7219,35.4195,43.6214,79.2927,115.2980,149.5680,115.4130,129.2990,90.1357,77.5297,138.1800,186.0140,223.7700,257.1630,230.5300,138.5550,61.6475,35.3328,124.6970,162.7590,149.6180,120.7860,42.3093,35.9303,59.6409,89.2027,116.0450,86.8676,72.4270,58.8967,47.2271,66.0096,115.1490,141.4790,169.9990,212.6760,252.7960,272.0940,239.3670,176.7150,119.7190,104.9470,100.4590,78.2449,54.1991,25.6506,10.3173,50.2005,89.9250,106.9630,106.4470,92.6491,79.3730,76.2927,82.7162,90.2131,92.1463,99.7351,102.1850,106.5850,109.8070,116.0280,101.1900,65.4696,41.7552,18.6951,28.6829,46.8468,45.0028,51.1057,81.2732,81.0106,110.2760,91.3195,69.3034,78.2940,67.9840,108.9610,136.7880,140.4750,189.9150,203.3140,171.9300,170.3520,159.0620,134.2980,69.0423,33.9038,15.2428,38.5841,74.7843,108.3310,130.3380,152.0930,167.8090,194.9950,184.6340,145.1330,116.8170,92.6131,104.8720,153.5810,226.9970
50454.0000,35852.1000,23859.9000,35662.4000,43488.0000,32764.5000,25058.3000,21442.5000,18586.0000,16193.4000,12071.3000,8075.2400,6536.6600,6708.1700,5712.1900,5926.2400,6026.6800,5102.0500,6033.4100,6587.0800,5914.4300,5516.6400,5478.2500,5660.0800,5043.3100,3492.8600,1794.7500,592.3810,477.2840,1011.1700,1879.1600,2723.3000,3355.4100,4001.1200,4532.2300,5133.6800,4363.6000,2853.8700,1839.3900,1095.2000,635.4290,418.2030,889.0520,1100.9800,1138.3900,1183.3200,1129.7200,1093.3400,1002.0100,937.6780,933.3940,981.9720,866.6180,672.9910,588.3740,637.3320,691.1910,862.5800,1067.7900,1095.2800,1059.9400,967.4400,996.9440,723.9840,548.7790,667.7680,1017.7200,1452.3800,1219.2900,1216.9200,832.1830,381.5710,333.4800,430.9420,697.5090,864.0780,706.3880,599.2880,217.9420,542.3080,1087.5600,1406.9700,1185.2800,990.3440,792.3980,564.0980,495.1830,385.1050,421.3930,378.3110,423.5320,587.5200,696.4930,741.9560,799.5140,962.2750,1187.2300,1159.0000,877.9390,579.0900,359.7910,362.8930,468.6570,636.4100,746.5440,789.7670,742.3730,593.3150,416.4140,331.5740,413.0770,565.8300,658.0670,605.3290,492.8860,314.3830,178.2670,188.9170,450.1710,508.0700,516.1320,466.6730,378.9630,111.3670,222.8350,381.0610,478.7400,504.2140,529.5370,509.8060,452.2470,345.6670,262.3970,303.5920,380.4360,384.8950,396.6700,361.1360,266.6220,219.3590,227.4140,295.7000,374.0860,331.6880,290.6910,252.7620,171.3370,63.4983,42.2907,90.1687,104.6660,91.6042,155.6710,197.1760,188.8210,217.8050,252.0840,297.9050,184.8200,70.2416,40.9728,100.7360,80.5453,76.8116,38.5000,102.8120,139.9780,178.3440,219.5210,207.7920,151.9610,129.3170,123.5020,83.9780,38.7837,81.3284,207.6060,280.0650,308.6260,297.4610,211.3930,180.9770,237.3560,234.0860,173.3680,134.8060,129.7480,178.8440,270.1060,347.9390,403.5590,344.8350,228.6060,117.9770,61.4624,135.6360,141.6550,138.3130,61.8276,30.3042,62.2533,106.4600,152.0780,136.3240,172.0290,153.6760,137.8140,180.2510,229.4030,286.8430,337.9590,287.6640,194.8040,116.0530,49.4497,70.0046,130.3170,129.9880,101.1490,32.1726,18.3172,46.6862,81.8231,107.3220,85.9069,75.4952,64.4028,61.1821,90.2940,145.7190,168.2030,190.5270,214.9830,252.2970,272.8370,249.7680,197.0570,138.5400,117.5760,114.5170,96.6222,69.3700,40.4066,17.0743,56.3650,81.7639,91.1430,98.1927,95.0138,68.7493,55.1227,73.4433,71.1326,69.1147,90.6017,96.1670,96.7422,98.5059,112.2660,91.2155,46.6204,22.9599,7.5926,11.4002,25.0362,29.9468,56.7384,88.3138,90.9007,98.2567,93.7003,65.7327,92.9072,88.8261,124.8880,158.7870,149.7930,195.3100,201.2320,175.0870,178.0150,160.2220,112.4970,59.9152,45.1627,30.5164,47.7998,74.1880,111.6380,142.3830,167.5590,173.6840,204.2910,175.7320,125.2890,98.5784,77.4387,72.4601,108.0800,189.9540
51142.0000,36247.9000,24373.6000,36487.0000,44290.5000,33322.9000,25458.7000,21588.7000,18746.9000,16225.0000,11891.8000,7826.7900,6215.8400,6291.3200,5568.1400,6155.1900,6304.3700,5179.1400,5955.6700,6436.8800,5634.5200,5110.5900,4872.0700,5259.2100,4897.1200,3689.8800,2133.6500,988.2660,312.5890,669.8160,1695.1300,2752.6400,3586.2300,4257.0000,4556.0600,5018.7700,4162.9300,2695.1100,1659.5400,918.1210,510.2680,515.0460,990.4640,1156.5500,1145.0900,1134.9300,1039.5500,963.0320,874.4590,837.7150,867.0730,951.8330,829.4470,616.4120,539.2190,579.7960,662.3590,856.2680,1099.0000,1186.5000,1168.1600,1057.7800,1107.1600,814.3080,495.0860,618.6080,910.5460,1369.5000,1143.8300,1133.0600,718.2110,275.8460,284.7450,406.1140,639.2420,819.4300,657.2840,565.7740,156.3750,521.2490,969.6020,1310.7900,1081.8700,857.9030,619.2390,285.7650,161.2500,123.4600,185.1060,246.0640,320.2440,432.8070,645.3920,719.2330,771.9580,896.5830,1084.5700,1082.5300,799.8870,529.9160,283.6770,392.3820,550.4830,722.5930,770.3120,686.6760,635.2940,585.2590,480.5000,427.8080,461.0350,586.2550,703.9650,601.7920,420.6940,241.6820,159.4810,208.1780,439.1770,499.7270,501.9190,452.4530,366.1630,127.4150,199.6590,372.7600,489.9100,533.1240,574.3210,575.8800,481.1500,315.9280,213.9570,245.5270,338.2660,365.7310,392.2020,384.4650,293.8880,238.8550,239.1970,314.7540,383.4890,341.1490,301.7160,257.6290,163.8740,50.1078,88.0200,179.3690,191.5960,147.8810,179.7000,225.1890,243.0780,289.1960,328.0730,357.9040,257.3940,111.8310,71.8522,105.0850,74.2651,41.9152,41.6071,117.6550,197.8300,236.4990,258.6140,238.7280,159.9620,130.8750,140.4400,126.2650,109.3380,141.0840,223.8420,296.8210,314.1220,287.1990,209.2720,225.4060,288.2170,241.5320,153.7900,128.8660,173.9450,268.3500,373.2720,446.4430,484.3510,404.0800,274.4670,152.4880,88.1162,120.9490,117.5990,84.8706,25.4618,73.9447,107.9520,136.6740,150.9810,116.0470,106.2130,108.8260,107.9810,144.3060,199.8410,243.0610,287.0700,220.5190,124.6470,69.3891,47.7898,146.9690,187.0750,138.5520,96.0469,47.5604,73.2621,111.6640,140.9730,151.3100,139.3160,130.2510,128.8430,131.8170,139.0800,147.5570,167.8170,220.1950,269.4860,310.7590,325.8970,283.6670,215.1550,159.7190,132.4710,127.8680,110.7920,85.8637,44.8889,11.4413,35.2566,70.7461,93.0808,96.3117,82.9045,70.1885,73.5171,78.2985,77.7516,73.9386,77.3252,94.4479,109.8990,127.1020,134.9950,110.5510,76.1211,54.2925,34.8420,38.0762,60.3251,58.2627,67.3454,84.7189,80.5551,111.1650,119.2410,103.7780,138.3230,102.6380,139.6750,155.4330,156.4380,208.6330,213.9500,177.0530,176.8270,168.4510,132.0290,75.1454,60.5238,44.0887,58.1211,81.1984,101.7840,121.6750,144.5440,150.0970,167.7060,152.8370,130.7920,113.6110,98.0209,82.0128,106.5930,190.2660
50908.7000,36341.7000,24395.4000,36450.6000,43979.1000,32813.2000,25111.4000,21352.4000,18610.7000,16042.2000,11927.3000,8027.9600,6223.2400,6194.1000,5196.9300,5664.0000,6218.3300,5417.7000,6158.6400,6624.3400,5769.8700,5435.7700,5253.9900,5772.9600,5454.7100,4142.2900,2378.8100,1122.6800,411.6100,666.6580,1582.9500,2500.6600,3249.4100,4113.9600,4444.9900,4787.2700,4225.4100,2677.0600,1539.0600,893.0720,495.7820,543.4170,854.7910,951.5820,906.1110,893.9120,850.8050,885.2250,902.9050,946.6850,1055.7400,1197.5300,1042.4200,712.9910,593.6860,648.1660,748.6720,924.4910,1147.4900,1280.3800,1263.5300,1125.7700,1141.1300,843.8380,421.7420,554.1440,831.5700,1316.6100,1126.6200,1148.8900,710.3430,257.6600,292.4100,423.6570,660.8380,838.5780,678.0260,605.2470,133.4670,462.3680,850.0050,1228.1000,1058.7100,758.7750,562.4660,248.2030,111.5270,89.8793,188.5590,266.8340,338.9680,437.4050,589.5130,673.8460,737.6000,840.6180,1008.2700,963.8460,682.8720,438.4090,201.5360,318.5700,460.5770,602.8840,657.7270,606.8520,567.2740,524.0150,431.4550,387.6960,423.4440,544.8150,621.2260,495.6280,351.9130,226.3140,136.0200,181.9110,400.7950,459.3440,474.2840,424.7900,347.2810,126.5120,216.6730,402.2840,523.4900,557.8000,575.3650,562.3810,478.8880,326.3480,248.8480,280.5990,365.8210,381.5540,408.0490,391.0260,319.8270,253.3990,234.7190,288.8880,366.3900,321.4950,279.8830,225.5860,147.1140,43.6949,77.6245,168.1440,185.1780,104.1070,125.9140,198.8840,239.8370,315.1420,350.8690,374.8570,254.6250,129.1670,82.4355,77.8104,48.5645,54.1044,89.7292,187.2320,263.0910,282.1320,288.6360,245.1780,171.2800,170.4050,175.5350,139.1740,125.8870,174.3160,259.7560,324.0030,350.9830,327.8920,231.2630,200.1260,252.3150,230.8150,146.9620,92.6339,140.9640,250.7340,366.8680,443.3370,494.0000,415.1540,261.7010,125.9940,73.2267,130.6750,110.3890,67.4549,47.4547,116.3140,151.5710,187.7010,215.9460,168.1760,121.8740,104.4000,93.3533,151.9920,213.5300,251.7520,288.6040,239.5660,156.2150,77.1598,26.2856,109.3420,149.4620,124.4680,86.3515,24.7062,64.5773,98.2627,124.7280,128.9430,119.8470,120.3390,134.4970,134.1330,123.0530,152.3220,184.9780,223.9360,277.8820,323.5400,341.7950,287.6870,226.2480,189.5990,151.9720,114.0460,85.3533,65.6368,32.6930,20.4099,52.2372,73.6099,91.3053,89.5325,74.8299,70.9497,88.7266,88.6634,67.0958,62.8374,77.8909,97.1204,105.7210,116.1990,113.5440,92.1597,67.5934,50.3974,28.9833,26.8393,42.2061,46.9514,45.0948,71.9280,66.8462,97.8738,98.5094,77.2332,100.7400,76.1331,119.3860,146.2760,160.4510,219.0370,225.1280,181.2970,173.8300,151.5160,111.0060,67.9785,63.8469,67.0994,69.9273,79.6419,83.8798,124.1440,145.5690,145.8840,158.5300,165.4850,146.3110,121.5270,98.4006,100.4730,136.9010,202.3230
50275.1000,35731.0000,23736.1000,35581.5000,43354.1000,32516.3000,24823.8000,21234.4000,18446.1000,16004.1000,11808.8000,7756.0800,6117.3800,6192.9800,5438.2200,6083.9000,6344.6600,5245.4300,6018.0500,6528.0800,5798.7100,5431.8400,5335.0200,5528.8200,4936.1400,3431.3500,1778.3700,675.4250,326.3920,849.9410,1845.8100,2931.1700,3773.2000,4398.8500,4871.9900,5404.7000,4442.2700,2681.1900,1654.4200,893.9550,487.1930,461.9600,815.4130,929.1010,908.6200,924.2780,867.1270,849.4590,855.5080,904.0510,1012.0300,1121.2800,945.2250,661.6120,585.9360,684.1450,786.6890,977.4840,1199.8100,1332.4400,1334.2700,1201.9800,1199.9500,852.1750,404.2470,516.5060,924.8100,1405.4700,1237.0100,1206.9600,801.4290,338.5040,371.7830,472.1950,635.3550,788.2860,608.3740,553.5530,98.2123,437.6140,797.2110,1134.1100,905.0700,742.9650,572.0490,253.0940,210.9440,188.6220,298.4200,362.7330,376.2050,411.5980,507.4610,543.1290,559.8270,655.9140,829.4570,809.3300,589.5190,369.5430,270.4040,455.6090,638.0570,790.4270,779.9320,678.1250,625.3430,602.3600,505.3180,466.6930,522.9200,673.3240,759.8850,637.0440,482.8480,315.5680,220.9220,162.8870,384.0550,434.3690,448.6230,408.9330,314.9370,108.7610,220.7840,382.2740,512.0930,563.3550,555.2800,507.9130,430.8030,316.4410,235.2620,224.0450,286.0190,314.7250,353.9020,356.2250,293.3880,252.1000,253.0620,332.3700,422.0790,392.1390,337.4780,281.4070,162.4420,82.3023,109.6050,189.9620,212.2180,165.3540,172.0510,219.1290,260.7440,314.6060,363.6270,384.8620,275.2320,147.7980,115.2890,132.7070,95.0593,78.1440,71.8588,158.6600,221.7990,249.1470,276.8280,229.9530,135.1900,141.0600,170.7750,121.9840,88.1051,130.3210,213.6800,272.8400,296.5520,278.3520,184.4030,162.3040,222.2050,211.9550,135.5860,85.0580,130.7850,244.3130,360.8480,433.3080,479.2320,394.9080,251.4130,121.9590,67.3771,127.1040,116.8910,79.4262,45.0350,97.2653,134.7360,173.4570,201.8120,146.0680,102.7370,82.8353,95.0397,158.3070,203.3560,239.8940,275.2530,252.3650,178.2960,104.9430,59.1544,123.9870,162.2210,126.2480,89.9007,21.5537,56.2739,91.6123,121.9120,115.7210,88.5885,82.8487,94.2933,113.2590,124.0900,143.2930,174.2240,223.6330,268.6260,310.7400,329.2590,296.4430,231.5670,175.5920,129.9150,130.2870,132.9080,95.7101,37.6994,26.9462,51.8018,85.8439,101.4630,102.6630,94.1787,92.2592,98.0821,106.4930,115.7300,108.5190,111.5670,108.3700,104.5120,93.2401,83.7886,81.2877,51.1316,26.2852,21.6612,32.0807,37.9609,32.6113,32.9671,63.0773,73.7125,116.5170,103.4630,97.5005,106.7420,76.4056,116.0430,132.8020,147.9550,206.0450,214.0940,192.3890,191.8960,176.1170,141.0360,83.6022,66.8756,52.1962,66.3548,95.1928,130.5070,150.8920,168.4860,172.3440,179.4580,165.1400,135.2890,110.0400,87.9690,80.6524,120.1590,202.8840
51072.5000,36164.9000,24209.1000,36306.2000,44201.5000,33289.8000,25453.5000,21625.6000,18848.7000,16361.5000,11967.7000,7972.3000,6083.6700,5778.7200,5038.1300,6088.3100,6671.4300,5542.5500,6062.2600,6420.4500,5813.0800,5568.3400,5530.6300,5723.0100,5108.2900,3552.4500,1881.4600,802.0210,284.3330,650.5150,1585.6600,2827.3400,4010.6300,4884.1700,5102.2100,5662.7200,4575.4800,2729.4500,1589.9500,841.3280,416.6850,430.4530,761.1540,881.7410,862.2520,931.9790,895.3350,936.4150,964.9160,1022.6100,1142.9400,1245.8100,1040.9800,691.6580,547.4120,640.1120,795.7740,970.6320,1169.8500,1310.5900,1324.0500,1171.3800,1136.3900,762.8470,383.6230,500.5410,994.4760,1497.8100,1339.7600,1292.0800,879.9920,392.6680,411.5040,507.8540,557.3860,666.3220,432.9460,425.5850,166.4510,495.1290,775.2620,1103.0800,854.1220,823.7460,671.4850,411.9600,391.3800,313.7070,265.6160,210.0150,254.4300,333.6230,458.8480,538.0880,519.5110,616.1510,798.2680,779.6230,585.3670,392.7100,256.6110,448.1500,681.9970,922.3720,994.3470,853.6200,727.3410,676.8100,616.2990,573.5350,589.4220,757.0900,878.6770,759.1030,569.7510,377.0970,205.3520,95.7127,294.6450,349.4980,387.7970,375.2100,311.8990,109.7560,181.1080,353.5730,482.5140,536.7810,552.0350,550.1200,496.0380,362.4730,237.5340,195.4320,252.1630,288.3220,320.8870,310.0700,244.0070,223.5340,251.1400,317.5810,428.0260,384.5700,300.2810,244.9200,160.1150,73.9555,135.4680,247.1480,266.9750,198.0700,191.9140,226.9350,275.0780,355.6760,392.5670,406.8100,314.4740,225.5510,198.3490,167.0650,110.3520,56.7330,28.6744,127.1100,215.2270,225.2910,233.2350,180.9790,131.8690,139.1280,153.3380,124.7710,104.9580,150.8800,218.1730,262.9960,278.4950,257.3040,171.6370,151.1110,208.7770,196.9530,121.8920,87.9274,151.0550,255.1330,347.8600,410.6010,451.1960,391.7380,241.2960,114.4480,86.8339,138.2110,114.9290,73.6557,61.2191,126.4670,158.9850,177.4480,183.9330,140.4610,65.7264,33.9014,36.8191,106.9700,144.6980,186.6270,216.3390,192.1430,125.0520,128.2720,89.5141,152.0600,172.0320,111.6320,104.6380,52.6865,127.3230,129.7200,121.9860,103.8070,62.2641,53.8169,64.4758,83.5725,98.0234,129.4060,144.1050,179.0100,249.1290,297.9560,319.5980,280.9790,239.7780,192.7650,150.5690,152.6050,143.9420,113.6180,68.3796,17.1701,75.2856,100.6130,98.9132,97.0370,91.0418,98.3058,116.5620,133.5670,117.9460,104.1110,109.6040,113.7670,114.4980,126.6430,145.0920,142.6830,106.0120,70.2123,53.1681,73.5550,86.1874,65.4658,26.2572,50.2536,92.9654,133.4920,114.7240,98.8921,92.5243,62.2985,116.7690,139.4960,160.0500,217.2530,234.5000,200.7480,192.0770,172.0850,137.5760,86.1546,53.9020,50.9931,56.3259,79.5172,94.5300,102.4370,119.5460,124.7070,140.6950,151.5010,144.5200,125.9740,105.5980,91.7921,126.3350,209.5720
51135.6000,36469.5000,24528.4000,36660.7000,44260.3000,33059.6000,25312.6000,21481.8000,18769.4000,16174.2000,11986.2000,8139.7500,6344.5500,6171.3400,5093.7300,5629.5700,6301.4500,5603.8300,6355.6800,6775.4000,6112.9000,5871.8700,5924.7000,6176.9100,5462.1000,3759.2800,1989.6000,682.7070,285.4720,784.3830,1657.0100,2666.4600,3537.4600,4293.4600,4735.3700,5416.5600,4517.2500,2670.7800,1765.0500,919.1570,456.6840,444.0890,684.2080,775.8710,757.4260,784.1080,783.6430,895.7800,1005.0100,1091.1600,1239.6000,1350.1000,1138.8500,783.4860,667.4990,759.9370,877.2100,1053.3300,1247.5700,1375.5700,1364.4800,1205.5300,1131.2800,790.8390,371.1190,527.8310,986.4380,1508.4400,1345.6500,1315.2900,934.3230,498.6970,500.0530,551.9560,636.8320,717.1600,478.2740,395.5060,195.0350,572.9100,865.1470,1163.8300,905.7020,742.6570,577.7360,269.7770,224.7220,208.0640,282.3390,289.1190,319.6510,357.3930,486.3910,516.3470,508.7650,596.3360,771.9980,736.7980,525.7810,327.5080,260.5150,402.5460,558.2400,674.1570,701.0610,661.5140,626.1040,623.8870,571.5310,520.5850,506.6430,652.4950,719.6630,577.2220,431.3150,274.4010,146.8870,151.4040,317.9760,352.3300,384.0390,388.7700,344.8600,124.0330,168.2350,325.5750,454.8850,513.8730,484.4100,425.6030,416.7550,363.1650,297.9860,276.0780,309.5020,332.9670,362.8230,355.1220,276.3730,242.2750,262.2440,339.5330,424.4310,369.6690,304.4810,241.7880,125.7720,64.3609,117.0430,193.6940,169.3220,81.0238,112.9760,205.6810,253.5880,329.8680,367.9170,395.5170,275.2920,160.1420,149.7910,150.6400,100.3740,82.6613,115.7160,235.3720,283.4720,303.2010,309.0040,225.4610,140.9710,163.5830,183.3150,136.5170,117.9830,154.8730,225.5720,265.1260,306.4030,305.5950,232.0890,183.9730,215.0780,210.2960,136.5920,65.0177,105.3160,224.1110,332.6920,405.2980,468.3650,370.4220,204.4430,82.6272,69.6541,142.9190,128.1960,79.4929,72.9572,147.2350,184.9850,214.7020,226.3490,185.9440,111.9370,86.1908,84.8252,143.5680,184.1410,221.9000,255.9360,235.9710,177.9750,118.5440,80.4958,93.4158,129.8460,97.3684,75.8895,13.8232,69.2087,79.9740,80.5400,75.2931,44.5694,38.3178,41.9628,67.5710,102.0860,115.1090,136.2560,183.7430,222.0040,273.8960,302.5660,292.5410,234.5140,174.7770,156.0400,164.4970,153.7590,120.8080,68.2068,18.4537,58.5636,86.1694,97.5030,94.8518,76.3587,59.9785,83.9154,109.6340,127.9250,131.7840,117.7070,105.0330,102.5020,106.6510,109.7330,110.7320,85.0640,53.1619,23.1155,21.0093,28.8204,13.1426,38.8535,61.8240,77.7532,110.4180,91.2796,70.9457,76.0668,73.2747,124.0150,148.6480,157.2060,208.1650,207.6020,182.7770,186.4290,168.1660,125.7290,90.3310,80.2747,70.3528,53.8262,63.6132,86.8717,127.4300,137.5000,137.9600,165.3630,173.3000,151.3540,133.5660,113.3420,90.9785,111.3890,187.9460
50306.9000,35823.7000,23810.3000,35669.6000,43372.4000,32476.7000,24834.5000,21211.9000,18478.0000,16025.8000,11846.8000,7827.8600,5943.7600,5866.8400,5134.5600,6013.4400,6507.9200,5349.9800,5965.8400,6429.1000,5756.9200,5523.4500,5480.5000,5790.9400,5229.5600,3678.4000,1964.0000,817.2920,289.0440,725.5600,1685.8600,2834.7400,3874.9200,4729.6800,5114.2500,5725.7500,4650.8900,2721.1600,1689.5900,843.2170,381.4280,419.8120,689.5230,800.9120,791.9020,813.4850,816.7320,905.7760,984.0640,1061.1900,1204.7600,1344.9200,1140.3800,783.5930,628.3140,716.6270,842.3860,1047.5300,1269.7800,1474.5400,1534.4100,1386.7100,1350.8300,941.6210,270.5520,390.3800,924.1070,1455.9300,1333.2200,1285.9300,870.0600,404.6970,447.4900,539.3900,585.4730,693.9290,457.4910,420.0500,123.7040,530.5070,760.2020,1073.0800,795.9790,687.8600,575.2410,360.5430,390.1650,302.7150,291.8870,321.2250,406.8180,481.4840,549.7980,567.9120,465.6660,499.5280,645.4550,626.1440,449.1940,277.3100,228.0680,424.2350,609.6080,782.5950,814.8070,690.8850,589.2700,602.2770,560.4530,572.1440,591.8830,762.1230,852.2710,669.7670,466.9910,298.7350,170.9170,163.3160,306.5690,317.4560,345.2050,324.0070,267.4900,115.4450,259.5770,407.4860,545.3690,583.5150,543.6690,493.8200,442.6710,351.1090,263.1120,226.2740,272.0110,302.3800,334.3300,335.6930,282.2190,238.1210,241.8230,314.6840,402.3370,350.1390,299.9880,210.1560,77.0553,93.6504,190.3730,284.6990,242.3000,142.1980,180.2650,280.4430,340.4360,417.2280,448.6520,466.5060,345.6420,223.2700,207.9340,177.0820,92.7112,44.3087,139.8410,246.2230,299.7730,311.1810,301.5740,220.3670,153.2750,169.7940,191.4440,151.2590,117.5530,159.8980,247.7210,308.7200,338.1980,323.4770,235.8940,197.6890,228.5360,207.9570,136.4080,65.3234,97.2611,232.4800,337.7630,405.1360,452.1660,371.8380,226.7490,101.9190,50.7012,123.2810,92.3868,48.7056,97.1844,146.8370,161.7480,180.9580,191.1800,153.0020,83.0336,51.9495,61.0461,105.8590,146.3780,189.4260,245.2080,230.8120,143.9800,107.8570,74.4014,123.3360,159.3450,102.1510,65.9811,27.8679,93.7559,109.3450,110.7230,94.9970,67.1213,72.0389,94.5773,95.5876,92.2875,106.4230,127.7660,185.8490,262.6310,318.7100,342.2020,294.5340,236.3090,198.5180,174.7140,169.6560,142.0300,112.0730,67.0810,29.4093,31.9767,72.2177,83.6630,74.6412,42.3419,56.2849,91.9941,122.7190,112.7890,94.8790,108.3240,124.0830,123.8650,115.7830,100.4730,108.6820,88.1381,54.1751,18.6594,31.8132,37.0244,20.3334,26.8632,55.6976,75.9553,122.8890,104.8700,91.6306,89.7383,69.6670,117.4750,140.0080,158.0320,214.3510,232.1890,216.9770,229.2780,205.0490,144.9140,108.5600,96.4075,100.1250,95.7566,103.8960,127.1780,137.8180,145.3760,148.9520,161.2510,157.6460,133.5790,123.9840,117.7960,119.4170,124.6510,180.3660
51037.3000,36200.0000,24221.5000,36209.8000,44176.8000,33379.5000,25562.0000,21752.6000,19004.4000,16624.6000,12253.1000,8331.1200,6553.3300,6041.4200,4665.7600,5223.5000,6089.1500,5559.1800,6259.8300,6572.0200,5757.8100,5631.4600,5593.7500,6056.5300,5555.5500,3981.6300,2162.5300,866.3040,240.7460,731.9710,1578.3700,2529.1600,3408.2400,4324.2300,4627.0200,5316.1300,4586.5600,2795.3600,1786.5100,987.8400,509.1600,474.3690,683.1980,752.2090,744.2090,762.7590,794.6990,952.6690,1098.7800,1190.2700,1341.1300,1518.7900,1352.9400,927.4450,736.1370,746.0410,865.6550,1079.5400,1317.7200,1518.1000,1592.1500,1458.3100,1410.1800,1013.6300,268.2980,376.7380,922.0560,1432.9700,1307.5300,1296.4500,864.7160,427.3080,465.3780,558.2160,660.4450,804.7310,595.2240,471.8330,117.5390,478.1760,805.7230,1163.1000,971.4750,726.0230,569.5990,282.5100,213.3300,236.6150,297.4590,286.8620,333.8770,422.9970,552.7000,651.5890,590.2220,651.1150,779.2140,754.1480,545.3490,353.7220,212.0250,315.9260,437.0800,528.8750,528.7310,476.3510,481.8990,490.8240,439.1420,429.9370,451.4440,593.3300,666.8320,504.4840,331.0800,179.7480,83.2299,198.4660,303.3320,326.6170,364.3880,336.7740,271.4520,88.8707,242.7170,412.0040,524.3280,558.7680,534.2250,470.8180,411.4740,345.5360,320.7280,358.3140,410.8440,407.6040,410.8520,390.9290,330.8400,283.9130,273.6910,320.5320,362.3490,313.0880,257.0080,180.8990,77.5025,70.9093,142.1530,212.2050,196.0350,88.7757,116.9020,251.9820,317.5580,356.0350,361.2880,376.0320,298.7750,197.6880,182.5890,151.4820,72.2704,40.1091,152.6700,268.7350,334.6760,348.5880,337.5630,225.7860,156.8990,183.0830,198.0660,153.6510,118.0280,143.6480,239.8290,298.6720,340.4000,333.5550,244.8800,208.3640,266.9920,261.3270,192.5270,101.5480,71.5962,180.7860,309.4830,405.0010,510.4190,437.8000,275.3790,155.9740,28.5457,94.7674,87.6348,51.6835,74.9063,155.5350,182.7290,196.1740,192.9020,169.8060,118.0240,92.3654,89.5898,116.8440,166.1480,208.6960,269.9790,238.4880,141.1950,111.7590,67.7783,122.7970,145.1240,93.6573,56.8935,21.1973,85.9599,116.5070,108.9680,87.4520,48.5357,29.2772,55.8078,62.8917,56.4532,73.3072,104.9500,182.3660,266.6270,315.9690,327.0180,273.4660,244.5730,208.1140,162.8400,156.2690,162.3930,146.9910,111.4180,46.2767,29.7249,60.0351,71.6623,64.6670,30.1510,26.9280,59.4610,94.8217,102.6310,89.7171,81.7144,85.5537,106.8460,130.7750,132.5410,90.7933,60.6947,49.4275,37.4146,18.1295,11.6179,10.4091,30.1263,66.7314,92.3633,118.7010,104.0820,80.9439,100.4000,68.2488,115.4520,117.7540,127.8240,177.1010,207.3850,197.3630,211.5020,191.6350,154.4780,128.1980,117.2250,104.3730,88.2276,87.2376,108.3320,114.7790,105.6180,106.4940,118.8330,140.1800,132.1340,111.5560,87.5887,73.0252,107.8860,165.7990
51285.2000,36523.0000,24534.5000,36696.4000,44397.6000,33209.7000,25400.2000,21510.0000,18793.7000,16213.0000,11950.3000,8094.9500,6327.6600,6088.2300,4954.2900,5467.5700,6108.7900,5372.0500,6024.7900,6312.7000,5461.7400,5218.4100,5161.9100,5679.6100,5353.4800,4039.7700,2261.0200,1020.3100,417.7930,756.5560,1660.6000,2654.9500,3508.7400,4380.8600,4698.2300,5101.3900,4541.7900,2929.2900,1733.9700,1032.0400,591.4130,445.6880,707.8110,772.8380,746.2850,744.2040,737.4390,798.4780,911.0720,1050.3200,1235.3700,1457.9100,1302.4600,916.0220,734.3040,775.6880,909.5380,1104.0000,1339.7600,1581.6900,1690.8700,1543.7900,1436.2400,1066.4700,307.5230,448.4350,840.5820,1312.4400,1135.8100,1128.6000,691.9750,241.5520,269.3520,425.1190,610.5540,849.0730,706.7360,614.2730,248.1290,331.3330,663.4090,1031.6100,968.6570,681.8920,562.8550,292.5020,198.3300,222.4480,260.3250,301.1960,376.4010,461.7280,634.0240,753.5270,729.8700,746.1810,889.9930,871.5510,602.3510,392.4820,256.6010,340.8000,453.3860,561.4250,571.7730,467.7140,386.2840,365.5380,337.2510,321.6570,391.3540,520.0580,635.1710,532.1400,368.1160,249.5770,200.5220,196.2890,330.5190,320.4300,321.5920,328.6450,253.7720,82.8022,280.0870,475.5650,573.5380,626.2820,637.6030,587.7900,485.7920,348.0000,284.6500,352.0280,436.6530,437.8290,452.1150,408.8200,334.8050,291.0210,274.8550,321.7300,362.6920,317.3980,259.3430,172.3390,75.8169,84.7669,135.0210,195.6650,203.1660,105.0370,119.4060,235.8650,300.6160,354.3270,363.7410,388.9670,300.7310,181.2060,153.9750,122.6510,74.4926,61.5354,147.1520,232.0020,277.4760,264.2380,257.7520,194.7340,149.7170,177.5860,193.8030,155.9380,122.1380,148.6550,243.4170,306.7950,341.6580,317.5960,224.6370,219.0160,298.9100,289.7890,212.1170,121.3900,78.9786,196.0320,337.2840,440.7540,540.5780,470.4710,298.8250,157.6470,50.0157,115.0640,101.5400,76.7497,86.1221,183.1170,205.5040,223.5570,210.3450,171.0040,103.8840,86.1019,85.6764,147.8010,190.9440,226.9000,262.6510,245.8860,170.9810,132.0560,94.0879,107.2840,128.5830,71.1593,31.4098,66.0392,108.0220,121.0120,116.9000,104.0500,66.1531,45.4677,47.9150,69.9469,66.7523,57.7136,112.5700,221.8830,296.2910,328.3520,333.7340,278.0460,209.5120,155.2610,118.7490,111.4260,112.3950,90.8118,65.9630,30.0533,34.1685,45.9577,45.0569,35.1708,34.4417,53.1829,79.2814,104.9780,109.5390,80.3499,77.2446,108.5870,126.5170,141.6430,139.8950,136.2560,112.9220,82.2751,52.6740,37.8248,33.2673,16.4859,15.6356,39.4361,62.1055,84.4875,85.6152,62.2129,59.3950,38.4868,94.9930,127.0400,147.8670,207.7260,238.0350,214.1850,227.0570,203.1170,155.9050,125.6410,124.0460,101.1860,79.6987,81.1800,97.8281,104.0700,99.2030,102.6160,116.0360,124.0960,88.6474,72.6809,82.0267,99.9875,135.8070,192.2810
50348.2000,35884.2000,23866.5000,35779.1000,43425.3000,32443.6000,24844.0000,21192.5000,18546.1000,16053.4000,11887.6000,8063.3800,6130.6500,5637.9000,4323.5000,4931.6500,5735.4500,4911.2800,5407.5100,5618.7200,4554.0200,3951.5400,4082.7100,4418.1400,4589.4300,4272.6300,2998.5600,1757.7000,1130.7600,1157.7900,1785.0100,2639.3200,3170.3300,3913.9700,4298.5100,4514.7000,4387.9700,3103.6600,1759.9500,1078.6100,714.6450,443.4650,849.8890,949.1770,930.4660,930.6560,931.8220,868.2880,810.2920,905.4140,1089.6400,1329.4100,1311.2000,993.5850,823.3270,812.3390,950.5730,1067.3500,1367.5300,1653.4200,1778.6700,1640.2800,1494.1700,1177.5400,380.5000,410.7940,731.8180,1195.7900,1033.4600,1368.6200,879.6580,591.7750,231.5400,332.5430,733.6220,1114.8500,1088.3500,964.5430,751.5400,460.2360,497.4420,678.5870,742.3490,663.8070,563.4730,477.9670,237.8810,243.0920,149.0120,84.6731,171.2620,377.0980,539.9160,763.6080,916.8000,963.6100,1028.8200,1052.3700,836.6050,562.6960,353.6240,351.3520,483.2300,665.5530,800.5010,672.3630,479.8390,369.2010,254.1230,161.6950,75.5554,174.7860,351.1470,355.9540,286.8600,260.9780,298.0190,255.9680,357.1890,332.9190,246.5560,179.4860,138.2180,125.7740,398.4330,586.4300,650.0240,655.4300,685.7180,663.9720,553.9960,375.0110,270.2150,397.1560,595.1550,620.5010,589.8370,563.9050,527.7610,455.4090,372.8700,394.4110,426.9690,314.0770,225.6990,104.3140,48.6429,79.8900,143.7800,205.0570,239.2020,162.3880,76.5826,79.4953,173.1600,274.8780,293.2640,291.8200,271.2020,239.0670,238.7680,229.7800,259.5760,293.4250,252.1580,202.2680,192.7150,117.8490,110.7680,93.7914,83.1338,62.7221,68.4636,62.5132,102.7090,193.0160,257.2790,281.7250,313.2960,288.5250,190.6050,174.2270,277.1420,332.9190,270.5880,190.2290,82.8502,170.8170,327.0410,451.5590,558.7200,532.2640,387.5340,269.7380,205.5000,218.1960,245.6420,247.0000,127.0690,221.2240,204.7900,206.7800,199.1090,147.8510,89.7824,73.9252,66.6306,102.9590,150.3040,181.7520,215.4920,201.3020,146.5890,118.3940,83.1787,62.4056,37.5711,61.9923,71.9928,110.1470,154.2430,177.6460,125.6290,85.7640,28.5634,14.3090,49.5682,81.1274,60.9024,37.4552,51.5788,177.7300,319.8760,344.3760,385.7450,331.3790,264.6030,206.4450,141.8830,113.1390,121.9520,116.5720,97.7725,60.2327,30.4448,39.1410,55.1747,37.4080,41.9969,36.4872,32.6139,40.0752,26.3841,35.1089,27.7241,79.6879,90.0605,105.1070,126.2630,145.5640,143.6810,133.3150,123.9590,104.9570,68.1747,24.8166,27.8552,69.8593,113.5940,151.2560,144.8710,115.7990,90.6614,78.1983,101.7000,139.6130,176.6230,226.8420,256.1000,220.4430,217.7960,205.3880,155.1440,122.2670,117.8230,96.9997,94.6619,104.5240,113.9340,101.4140,85.7612,76.0212,75.3390,73.6187,72.5628,64.7460,53.0579,52.7253,92.7877,160.2220
50834.9000,36074.6000,24048.9000,35890.1000,43832.6000,33151.7000,25447.6000,21678.9000,18989.0000,16610.8000,12290.9000,8505.0700,6778.7000,6013.3500,4144.3300,4427.5300,5402.1400,5140.9800,5832.9800,5639.3800,4642.3400,3381.1200,2911.7200,2801.0600,2699.9500,3102.8500,3004.5300,2195.9600,1814.2800,1729.2700,1328.4600,1611.8500,1678.9600,2100.2200,2834.1800,3007.4800,3057.4800,2708.8200,1925.7200,1196.2100,821.2570,617.0310,606.0820,841.7160,802.4360,775.2320,776.4690,777.8700,567.4900,446.7610,431.3340,491.3910,464.0040,386.3180,540.7970,658.6880,728.1330,809.0680,975.7920,1216.4200,1391.7900,1412.2100,1410.7600,1281.1800,682.0060,292.7820,672.0330,1431.1300,1531.2700,2000.0000,1449.0000,839.7380,529.9410,798.7430,1099.8600,1408.4000,1273.4200,942.9980,784.6110,757.3380,803.3970,676.7280,485.8370,510.0140,677.1220,757.8150,777.8480,368.8910,187.9990,243.3000,382.4790,522.8470,676.3670,696.7130,762.1170,992.0550,1118.8700,1310.9000,1172.5200,673.8990,256.9630,265.7290,715.5120,1011.0100,985.7460,1157.6800,1003.7300,724.5570,529.0490,422.7460,190.4980,102.1280,231.8250,356.2990,368.7960,357.7710,332.5110,332.9150,274.8780,223.4590,244.3590,283.2890,225.1040,118.7060,97.2069,275.7250,407.7930,455.1750,497.8860,485.3610,452.8100,356.5610,219.9020,187.7130,285.3260,326.8010,330.0620,355.3800,400.6350,454.4300,420.3250,291.5270,237.2050,171.5030,79.7235,60.5593,98.0648,110.0680,120.4640,111.9320,95.0822,67.6684,51.1206,34.5414,52.1357,104.9040,191.4240,289.5750,287.3340,245.0790,222.9450,225.3730,243.1760,214.6290,142.1980,125.4520,168.4840,211.3170,196.2120,157.6770,140.3210,151.3820,166.1620,140.9170,104.7260,127.0870,228.9180,308.8830,398.8260,426.0510,311.1780,251.6010,354.4970,430.9510,401.7180,383.5770,345.7960,372.7740,477.4040,564.6160,615.1490,528.6060,366.0340,230.7240,289.6860,432.6450,412.6450,361.2130,197.2140,103.4780,172.8050,256.3750,286.5580,239.3870,181.3300,160.2500,125.4070,130.4130,156.9900,205.7730,232.3170,208.0020,170.6100,118.2490,53.9443,82.1190,133.4370,194.4300,176.6680,134.9760,132.0740,147.8490,114.0760,76.3392,53.3886,34.6282,56.1918,79.1853,56.3388,41.9183,73.3647,189.5540,262.5830,292.0440,306.2970,290.0510,253.4560,196.5110,152.6810,130.9190,110.1250,106.9220,113.6840,130.7740,137.8980,157.5870,177.0640,173.3070,133.3950,107.0460,74.5254,19.8556,44.5356,33.2985,28.8954,58.7161,111.5360,154.2740,202.1430,204.8080,164.1420,135.4020,116.0940,118.6160,107.8700,87.9081,32.3282,77.7568,132.4970,168.3630,160.4350,122.5920,89.1415,117.6350,175.4060,213.8340,243.6340,295.7380,315.2590,260.9900,231.1680,215.7310,163.6920,110.4260,96.8340,86.0754,73.8538,83.4099,87.3055,104.5820,118.4070,124.0590,143.4290,149.7830,132.4330,110.4150,88.5369,98.8415,145.5160,215.3240
51261.1000,36379.3000,24401.8000,36662.9000,44362.1000,33050.2000,24963.4000,21023.3000,17936.0000,15210.7000,10923.4000,7686.4000,7571.0200,8101.3800,7091.4700,6917.0800,6332.8900,5052.0300,5304.8000,4733.4300,3305.6000,2204.6000,2481.6700,3191.4900,3686.0100,3929.7100,3650.9000,3151.3400,2332.9100,1228.4600,491.7610,449.6800,299.7590,349.1700,1032.0500,2068.8400,2627.9200,2576.0900,2413.5700,1777.9200,865.7300,374.2330,574.3710,978.7930,908.3290,713.5940,645.9070,575.8340,631.5280,748.5070,640.7390,838.7020,966.5020,918.9940,795.5210,793.4280,936.0250,1092.7100,1219.4500,1344.7000,1486.2200,1487.1900,1552.9700,1165.0100,536.9800,566.7450,1324.8800,1905.3300,2013.5000,2364.3500,1946.6700,1279.5600,890.4640,629.3280,653.3050,778.3570,766.7040,650.1600,705.1070,751.7430,794.3160,445.1680,210.6610,389.0430,591.3330,498.8250,490.9870,827.5450,1091.3500,1036.5900,1080.2800,1264.5800,1361.9900,1296.2700,829.0670,409.3390,543.2480,883.3670,1014.4000,901.3930,644.5400,359.3370,158.0320,176.3120,228.4750,317.9270,390.3000,369.2720,376.5820,414.7240,496.4400,556.3470,483.7890,330.1190,285.1860,243.9640,225.6770,304.1740,321.0320,299.8680,228.7080,204.4650,126.8120,195.8830,244.8650,363.0280,514.9760,566.2140,583.2510,571.4130,471.5880,202.4100,189.1050,215.2960,321.4580,249.9240,192.4950,224.8040,156.5570,131.1720,211.8740,461.0120,570.0330,520.4980,518.6730,294.6640,135.1920,207.5050,259.6550,275.4690,294.3300,254.2170,255.8330,274.4930,297.4520,372.8040,436.7990,424.7700,349.7670,374.1670,415.1000,418.6110,419.7030,459.2630,507.3420,560.3050,576.1840,583.2870,547.0770,464.9160,392.3050,257.9710,161.8650,113.6480,113.6580,157.3950,199.7520,237.6070,265.8250,244.2680,158.4800,199.3560,306.5560,308.1480,244.4230,189.2640,223.6540,334.9820,415.1300,493.5890,535.1850,460.2490,294.4360,204.5640,272.5430,364.2570,374.1570,324.1270,254.2130,238.2860,285.7480,315.0270,294.5410,238.5100,173.3260,139.4970,116.8910,125.0030,106.1640,98.8364,143.2180,131.6140,146.0800,147.9470,110.3200,124.8960,141.4220,111.1910,130.2830,109.5440,81.0718,71.5021,49.4789,66.0770,97.9387,91.7822,97.1143,123.1330,129.0430,135.6450,129.8840,126.8450,204.0530,195.3220,191.0670,167.0710,140.4660,144.6910,183.6600,182.7560,143.2490,123.5070,112.6990,122.0390,141.7140,147.5340,111.2310,23.7085,72.2338,145.3490,206.6220,200.6280,151.6510,114.9140,69.1597,47.4467,72.0783,114.2180,145.6960,138.7820,106.6520,72.9653,78.4683,109.4480,99.2611,69.4463,53.8736,78.9421,96.3192,107.3950,110.3780,96.3766,102.1330,158.9600,212.2850,208.5220,227.3330,261.6410,239.6050,221.1260,210.2960,176.8580,118.4300,77.9101,63.5704,92.3535,110.5940,147.7830,173.3280,218.0250,203.9860,158.3310,105.3280,75.9803,53.2003,37.2509,62.5780,100.2330,75.3251,130.7440
50601.5000,36028.0000,24291.6000,36737.9000,44366.7000,32922.1000,24641.6000,21310.9000,18852.3000,15734.0000,13467.6000,12522.9000,12302.4000,12015.0000,8133.6600,4922.6400,4422.0600,5111.6500,6290.4100,6326.8000,5009.9800,4488.7400,4886.7200,6208.4300,7323.2600,8516.6300,8057.5200,5773.0100,3298.3200,1843.2900,1918.5900,2202.1500,2198.3300,2347.2300,2687.3100,3005.0300,3022.5700,2785.2700,2528.6000,2356.0600,2006.0600,1423.0600,1270.3200,1465.0300,1667.1400,1595.8200,1441.6000,1131.9600,534.0800,529.9370,1084.7800,1293.6600,952.0260,705.5990,549.9720,515.4030,440.5450,558.2440,774.6030,1010.8200,1154.2900,1202.8300,1234.2100,1076.9600,718.8830,689.4440,1007.7800,1250.8900,1323.1500,1426.8000,923.3480,454.3110,334.0710,690.7840,629.8390,315.6430,154.2060,287.9990,265.1550,148.2550,182.6850,397.2550,490.0690,513.7870,508.2220,402.3700,231.8630,551.0940,662.5920,896.6080,788.5640,395.8450,169.1310,198.6040,249.3900,297.2170,423.2930,455.8250,493.6620,216.9850,324.8150,272.1010,388.7930,373.3740,485.4430,786.4160,788.1260,1095.0500,1022.1100,725.3810,521.1230,266.1950,118.5060,156.3490,228.9150,162.2710,181.4860,93.0332,55.1562,120.5800,255.5250,287.6280,240.5150,242.5640,339.0650,377.4790,402.5900,346.0090,362.3750,442.0170,464.8910,387.1840,221.3620,159.5340,298.8200,307.0160,223.6660,116.5160,119.4790,98.5816,36.5342,209.5070,341.3580,419.7460,490.4210,439.6470,333.7590,230.3140,120.3410,59.2276,127.9310,174.3290,220.6570,260.8810,282.7530,238.1150,229.5440,211.9900,173.7730,115.7860,67.7757,67.5371,61.8584,42.9191,130.6110,201.6450,291.7720,260.5320,200.3150,140.7660,107.0240,140.1200,202.1600,279.6800,270.6060,193.1180,212.1170,176.5750,159.9710,211.4980,156.3410,146.0620,103.9630,46.4752,31.7864,62.8695,102.5790,169.5660,250.5710,262.6090,246.3820,229.3240,88.4020,73.3707,110.7250,173.8660,98.0555,101.8840,66.8618,107.2350,88.1446,90.0810,78.9927,59.3592,12.0025,41.8100,42.3538,32.3496,71.7411,108.9760,141.0620,113.0080,62.4434,100.7070,109.7130,157.2030,158.3960,116.3080,92.2392,109.0700,81.4656,97.6281,78.2559,55.5326,41.2087,87.7282,158.1410,210.0370,249.4810,231.4010,197.6390,148.1930,198.9060,284.6110,369.4530,409.9200,372.0230,283.4020,194.3960,169.7430,207.2580,233.4480,218.2690,171.6230,154.7650,172.5710,175.6920,162.8630,141.4160,107.9680,64.5740,37.4710,30.7958,21.9605,17.4226,18.3271,38.7451,84.8288,105.9560,99.6264,63.6167,91.4672,124.2260,85.8962,72.4431,95.6255,111.3730,181.4820,253.7510,292.9760,280.6480,209.1560,178.4580,156.5510,160.8090,191.1950,192.4800,184.9800,158.3150,100.0540,85.2273,92.3033,105.0100,109.3650,139.5000,115.5550,106.1890,119.7400,135.7840,132.8760,125.1980,117.2120,109.7950,126.8220,148.7940,133.0960,113.4150,91.9024,104.4510,144.4400
50290.6000,35586.9000,24024.0000,36532.3000,44518.5000,33556.3000,25582.5000,22149.0000,19415.5000,17142.2000,12874.4000,8683.8200,7710.9800,8667.0600,8551.6500,8622.3100,7835.4700,6223.1500,5773.3100,5691.0200,5260.2600,4307.3600,4555.1100,4813.7600,4804.7500,4154.5900,2793.5200,1557.0000,1066.5800,1273.7200,1587.2200,1209.2500,652.3150,460.2150,603.2560,595.5390,549.5060,213.1350,611.4530,789.6230,928.6970,897.9370,545.1360,226.3700,369.1440,725.2910,1090.7300,1309.5300,1155.4100,925.0810,602.4870,637.2080,780.2610,767.6730,823.1700,793.7300,788.8960,872.4910,1137.1900,1549.3200,1775.8000,1711.0800,1656.5500,1329.1000,583.8270,363.2190,919.0250,1307.2400,1474.3300,1644.7600,1022.4700,457.9400,190.8260,599.9710,722.2740,841.2050,759.9360,587.5280,603.6460,570.5570,645.6910,262.0290,548.8130,529.1530,627.8540,375.6230,544.5670,1118.5200,1425.0300,1283.0700,1161.5500,1104.3900,1068.2800,968.3930,765.9160,754.3600,844.5490,767.7640,629.0910,487.7090,298.7520,175.0430,166.2130,330.5920,409.9580,377.7940,269.4050,108.5130,232.9960,368.8700,367.0110,354.5010,298.9610,189.7800,155.8560,249.3720,315.0300,354.2930,339.6890,340.4920,376.1250,453.4300,571.7620,643.4340,544.3450,430.1040,434.9880,516.3730,588.9580,639.6170,590.7420,467.2640,377.9970,327.0890,348.9440,343.5010,329.6820,252.0950,128.4540,92.7870,146.3890,167.6080,195.7960,233.8610,308.8580,299.2700,193.0510,100.1990,28.2200,88.3902,160.6320,208.1830,227.0180,208.5000,169.4250,186.6400,266.0450,329.0000,296.1530,276.4870,296.6390,305.9500,282.1450,247.8150,160.9250,116.8110,175.6390,257.5810,305.1250,234.1280,158.8120,116.6330,114.6050,162.3550,249.9240,322.2200,274.1830,211.3750,171.2540,111.0550,46.0583,55.9830,115.7040,126.9020,142.4860,212.0770,224.4820,292.1220,374.9650,289.3330,254.5540,147.1590,114.3960,165.7310,277.8640,367.6420,289.7110,259.5720,181.3240,75.0473,46.8563,24.8841,77.5837,94.6311,136.3910,128.1710,109.2010,161.7380,223.7320,251.1790,269.9960,226.2150,149.5740,113.6170,81.3796,136.0780,170.7440,141.6580,145.9260,122.4110,117.2010,131.4620,160.3650,190.6910,192.9800,175.2500,167.6410,178.5430,193.8730,199.2950,174.3340,46.1387,134.3130,221.8330,325.1780,388.3390,387.1470,349.9910,296.8100,242.9560,191.9320,150.0400,110.0880,58.8743,68.3586,135.0100,185.7310,202.3590,204.9040,193.0040,148.3670,123.1650,145.9250,192.7010,209.8360,244.8600,245.5200,192.3550,168.4990,162.9390,174.3120,180.6780,173.2410,124.3850,68.9500,35.0612,58.6297,110.3350,160.8060,173.0790,159.7080,139.4590,138.8470,142.1430,151.4880,170.5910,149.6460,129.3720,94.7890,54.4744,98.6509,120.8620,131.2800,138.8930,141.4600,123.8510,91.1808,65.7742,59.2832,67.7487,76.9699,104.4930,134.3710,156.3520,163.6660,168.8660,182.9440,186.9990,168.9090,178.0830
50955.3000,35950.0000,24517.4000,37486.9000,45276.1000,33748.2000,25293.3000,21697.6000,19026.4000,15975.3000,13131.1000,12286.5000,12876.2000,12135.0000,6975.9000,3320.0400,3529.3200,5612.0300,7365.8100,7056.3200,5732.4900,4346.4700,3474.2500,2948.7400,2650.1200,2673.5800,2444.7400,1944.2900,1328.6700,685.2730,451.5850,504.2170,694.0010,1223.3900,1627.0600,1860.5600,2010.3400,1929.9600,1314.0200,753.1160,763.1910,1082.0200,1109.8600,1023.9800,987.7550,940.8950,953.7720,915.5840,751.8490,582.5650,488.7460,509.2330,642.4570,653.2010,726.7610,839.7500,949.5630,903.3710,796.0680,752.3520,961.6370,1143.5900,1421.8800,1417.2900,899.3930,447.8550,675.4700,1379.7700,1568.0500,2020.7900,1651.9000,894.1290,432.2000,361.1510,528.1280,708.5040,613.8160,567.2920,676.3470,778.9890,882.2400,655.0820,278.8970,227.1090,417.0450,559.2650,313.0620,144.8000,456.1920,677.5620,656.7140,636.9700,552.8280,635.0670,806.1340,850.6680,849.4170,956.9590,980.7330,849.2510,702.6100,476.9150,232.1610,456.4880,823.8420,1114.6200,1068.1900,856.0960,705.9200,536.1460,411.4320,174.4630,160.0800,235.7340,394.8550,420.4010,383.9110,363.0530,379.2630,373.3410,336.8340,355.3310,373.5440,486.3320,654.0170,778.8370,805.4420,803.3790,746.0430,694.6400,640.4700,475.9550,295.9020,162.9220,152.8790,157.6400,160.8690,124.9640,97.6084,123.7960,178.8620,264.9800,324.3900,319.5650,325.7840,228.0350,178.9120,155.1080,110.0090,76.9745,45.1459,28.0297,37.0958,113.8450,207.1910,269.0720,311.3360,369.5530,328.5790,155.9930,90.1961,114.9210,207.9470,256.1230,256.7540,248.9150,217.7510,163.7660,63.2955,70.6397,85.3160,123.7430,55.0071,95.2344,145.0960,252.6640,293.2210,263.7450,213.6390,183.6570,134.9730,121.1000,138.8610,164.8940,174.2330,201.3240,247.7490,296.7360,337.7770,346.1850,328.3420,191.9710,112.3070,155.6030,311.1940,366.1660,276.7530,179.7870,85.0492,105.3200,220.4710,243.0920,267.1310,177.4400,93.1274,111.7220,122.1260,129.4910,68.7139,75.5242,150.1880,173.4670,169.7570,177.6890,123.7890,86.0486,78.1411,99.5073,110.6040,81.3250,68.4496,52.2524,25.8895,46.0148,88.9965,121.7800,144.0960,186.5910,212.0140,196.9440,157.9430,68.0246,115.8630,193.1180,237.8170,220.3980,187.6530,131.5820,103.2050,118.3660,120.8240,95.3592,90.7217,113.5080,127.5400,143.3090,163.0490,159.3010,132.6720,105.8970,76.4655,39.7121,69.4199,134.2290,138.8760,129.8420,143.0020,108.1770,69.2064,43.4774,29.9034,41.3035,50.6401,59.3822,58.4358,66.9283,84.6701,75.3048,70.1076,76.7766,91.2694,95.8600,94.2014,84.9919,106.0270,115.2870,103.3650,116.7270,141.4600,144.6690,168.7670,138.9270,104.0630,99.6126,81.4946,60.2348,41.1681,45.3102,40.3531,78.6814,84.6083,86.2306,99.2344,114.1670,117.2770,86.6479,76.7125,91.7518,99.9193,94.5173
49542.7000,35144.9000,23513.2000,36031.6000,43706.9000,32509.5000,25255.6000,21276.8000,19476.6000,16545.6000,12971.8000,8276.1300,3589.1000,1493.1300,2359.0500,4808.8800,6153.5100,5403.3600,5540.1600,5188.1900,4496.8400,3618.0800,3915.6700,4422.4800,4223.3000,3259.3000,2118.4800,1159.9700,517.8470,647.3220,648.7860,315.3790,429.3800,842.0660,1215.9100,1765.4500,2521.6600,2845.7900,2493.3500,2036.2300,1183.9800,847.3140,997.1310,1006.0100,812.5330,820.3140,824.2690,682.5080,493.4830,405.9930,388.1980,144.3380,437.4300,470.7200,479.4660,445.6860,511.0970,447.5950,362.8130,573.8930,998.1980,1152.4600,1221.8800,1114.6800,617.1260,297.3940,352.7360,655.5580,856.4290,1053.6000,643.4150,314.1640,339.0110,867.2050,918.8000,911.8600,694.3400,546.5640,718.1840,661.1020,472.7930,178.4070,256.5070,411.3770,603.0980,566.0160,320.3890,307.5950,515.2520,506.3710,430.3430,288.3550,233.0510,182.2600,218.7210,366.9090,515.2640,504.6820,305.8840,139.2910,195.9630,294.4430,236.2050,172.6140,138.7550,217.3810,307.4830,560.3890,664.0010,647.2100,639.1340,605.9590,667.4140,685.1720,556.6080,447.9600,402.2110,383.9660,336.9900,380.1210,429.6530,359.1860,202.4220,151.0680,371.5160,608.6490,713.8590,766.4290,725.3170,594.4780,559.3200,472.4080,293.2070,187.6170,168.7580,232.8610,196.2720,153.5230,132.8540,145.8620,144.0050,254.4940,293.7330,261.8830,227.3740,190.8610,184.5060,156.2360,134.0760,165.2410,232.5540,328.1240,346.2890,394.7160,326.3910,187.7230,64.7587,53.4971,173.6060,195.5830,140.5290,106.6330,50.3513,66.1305,143.7880,180.3540,228.6770,245.4530,178.5730,91.2421,73.3764,163.4910,164.2390,139.8700,67.9243,181.7410,263.9320,300.3070,308.3740,265.4420,129.4090,155.2550,285.5370,305.5850,227.0520,184.6650,205.5440,268.6470,298.6900,343.5110,344.2480,265.6580,136.3630,202.5280,427.8400,526.8030,428.2930,365.2020,212.3620,38.4932,52.6759,94.3119,100.1640,76.1763,84.3133,99.6793,71.9399,77.6139,137.8250,180.5260,208.7610,177.5800,107.8430,49.7809,40.3232,131.3550,159.0170,155.8550,169.1350,118.1620,92.4852,84.5116,80.1275,33.2383,35.9829,98.7365,163.1870,200.0560,192.5750,157.9210,105.0720,104.7280,175.7930,227.5020,245.4920,203.4060,179.9190,202.8840,215.5320,177.0390,126.3950,68.9769,56.5633,45.1439,34.5364,70.1205,90.8131,66.2025,58.0203,86.6432,116.1250,140.7030,130.2360,101.0260,89.7661,95.5469,101.0880,97.9322,87.9393,63.1933,25.4451,16.1498,42.2777,59.2055,77.5084,101.3290,131.4280,173.6980,185.1820,178.8160,156.5250,130.2260,128.3050,150.7670,185.4200,179.1340,163.4120,157.5610,135.3300,132.5480,146.8730,142.7200,126.7930,117.9450,104.3170,94.4893,74.6878,58.1054,43.8060,40.8885,65.7641,86.0379,76.1984,74.6016,82.0224,71.1132,51.4634,17.7869,38.3508,63.5678
50143.2000,35590.2000,24153.2000,36763.8000,44762.6000,33842.8000,25916.7000,22729.4000,20220.0000,17940.7000,14888.7000,12240.4000,12076.6000,11962.7000,7845.7400,4535.2200,4066.3300,5332.1800,6897.8100,6834.8600,6396.7000,5384.0600,5709.5600,5968.2300,5852.8100,5238.6900,4004.3900,2898.6800,1878.8600,993.7530,339.4450,250.0970,446.6820,599.5000,666.2200,733.6600,842.2500,1124.9200,1424.8600,1299.4500,926.0650,670.3500,598.3450,618.1230,559.1430,481.4080,597.2400,753.2570,806.7860,908.5620,912.9370,968.5120,905.0780,563.4920,475.8670,475.7890,581.2510,576.6220,563.7960,832.8260,1234.1800,1374.2500,1398.7400,1191.5000,609.3940,369.3650,723.2070,1143.6700,1031.5600,940.9920,581.5990,580.5260,567.4390,432.2810,211.3710,190.1480,426.5910,600.6400,733.3870,800.9500,700.2590,502.0770,329.1670,232.1650,237.9300,214.4260,156.7250,253.4540,394.4460,388.0300,331.2920,241.7000,209.1590,253.3340,362.7530,488.4510,444.2550,304.9450,157.0600,75.4486,374.0170,477.5480,531.0620,490.1480,311.8620,155.5410,101.6070,99.6469,188.0430,306.5190,471.7290,550.6240,565.6350,560.9720,571.5820,506.5720,324.7740,254.9950,256.4140,204.0330,177.9930,184.1110,206.4120,230.5810,306.6860,384.3830,355.9570,317.2690,336.1820,393.5710,457.9120,356.5090,163.4300,174.8670,374.0150,381.7240,317.7870,188.7830,119.1900,149.4090,168.6540,93.0508,139.4970,93.1555,78.0897,42.0317,23.3656,28.1686,109.9410,159.9800,238.8460,264.2560,220.3800,171.7170,140.5620,97.1556,40.0042,25.5092,40.3871,70.8213,107.1780,120.7890,135.5990,171.3190,193.4380,245.2430,283.0620,268.0760,181.0080,115.6670,158.6830,249.0140,254.6800,224.5950,162.5370,134.8910,129.3740,67.6515,41.1533,61.9181,91.0076,118.9200,100.0090,74.1170,39.5704,89.5012,166.8050,243.7510,307.1060,305.9290,328.7670,248.4620,151.7340,197.3240,318.5830,347.5890,319.1870,278.4420,185.6220,93.1924,69.9740,61.1994,117.1420,92.5367,47.9026,18.8358,46.9894,113.5650,123.3550,128.5240,142.8180,111.1160,89.2353,81.0871,66.5248,52.0275,87.0919,84.6401,120.4990,80.5710,67.9050,56.7327,56.6955,41.3757,49.2463,74.0413,99.0583,102.4350,87.4801,76.3967,73.2339,109.7370,205.4820,270.3500,324.1550,369.7430,379.8740,345.4710,297.0170,234.3960,163.8700,75.0025,44.2108,50.9483,52.6841,46.3082,61.9695,118.9840,147.0440,106.2780,73.5598,57.6323,82.7016,114.7580,88.1230,104.5650,98.5748,96.5200,100.2960,100.5780,84.2019,81.1782,107.2090,118.3320,111.1370,103.8160,122.2370,177.5730,208.5310,215.5350,207.6270,195.6290,209.4930,234.5470,267.6040,268.3380,270.5690,254.8720,209.5310,156.7130,128.6570,116.1240,88.2538,74.6024,66.4043,46.3506,50.0053,62.6405,63.1854,70.5501,81.0184,98.6878,100.8930,103.9680,92.6554,69.4246,46.6366,39.7606,43.0383,50.2253
50410.1000,35390.4000,23968.3000,36956.0000,44788.3000,33187.6000,24773.8000,20947.5000,17888.3000,14934.8000,10588.1000,7349.7800,7477.6100,8092.4500,6741.4600,6596.3300,7435.1600,7440.4200,8057.4700,7912.8300,6887.8500,5918.2500,5699.5900,5208.6900,3903.3700,2781.8500,1881.7600,1343.5800,1090.1300,1013.1900,824.4790,369.6410,164.0490,84.6160,167.2960,503.5080,594.8960,768.3110,672.4960,413.3340,278.2590,148.3890,110.7510,184.9810,181.8910,299.0840,302.0900,400.7490,465.5240,508.7240,575.9750,643.6230,623.4190,438.6310,340.4780,254.6200,171.5140,314.6430,524.9350,879.3380,1281.6100,1414.6200,1472.5200,1423.1700,764.3200,457.6910,897.4430,1595.8300,1678.0700,1674.3600,1061.1400,257.8140,319.5960,693.2300,427.9700,504.5280,433.9490,677.2430,633.0960,454.2480,314.1780,167.9990,134.1280,285.0760,529.0790,462.1010,402.6600,228.6650,394.5260,487.8670,509.0080,534.3170,502.8350,538.4660,541.0990,493.1360,208.5700,222.0720,408.3020,655.0200,726.9410,684.2410,541.3990,486.4670,280.6040,307.4440,415.2570,511.6300,555.6710,577.5730,504.3740,329.2700,199.9500,116.0270,90.3155,113.4480,104.4580,48.5289,102.0550,281.1590,417.2010,405.9930,344.5170,227.2570,69.8023,274.3770,367.4640,434.0320,421.5690,435.0550,536.7530,540.1360,411.7790,330.6280,294.0000,395.8160,455.6540,347.1510,262.4730,213.7600,262.8190,376.6300,416.5970,285.5720,230.5110,102.1300,123.3240,143.1720,182.0460,224.6520,246.1330,256.2270,212.2350,135.1230,72.2500,87.9455,137.7960,160.7570,175.1840,197.4050,213.6150,198.9190,162.6160,133.7460,111.7890,83.5657,86.3113,112.1600,137.9940,202.4280,251.1060,211.4410,180.9120,180.0330,236.4790,316.2370,365.1590,403.2500,373.3500,320.4700,325.8910,359.3450,393.2300,336.2970,166.8810,91.9759,199.7790,325.1470,412.9280,411.1430,440.6790,320.3500,114.3560,42.6837,83.1441,104.5880,68.7902,37.8913,68.0226,108.7170,131.9160,130.3850,125.1060,95.9530,93.9748,118.2410,90.4270,66.1166,68.6525,107.5000,134.0110,139.5380,110.6840,50.7182,43.0900,147.8430,196.1980,221.6780,233.1330,169.0700,140.4300,118.9080,73.5756,26.4492,73.2094,151.1820,228.0260,241.2110,200.0150,155.3120,150.7600,183.0630,236.5090,275.5030,325.1370,318.2080,242.0630,170.5840,135.4370,119.9850,112.9680,109.0030,112.3550,131.2070,163.1230,169.6080,169.9750,177.7540,174.3910,135.7450,123.5010,123.8270,128.9770,116.6700,58.4565,87.1826,72.7342,72.8075,67.1047,52.2014,41.4338,84.3324,131.4560,137.1800,128.7970,129.1280,139.1060,171.6370,188.0050,178.4420,137.6860,130.1830,170.7010,184.3540,192.7800,203.5950,174.8140,144.7860,114.3180,82.5347,62.6671,77.2533,68.2501,69.8658,59.4063,47.1796,55.6125,51.4378,57.8936,62.0891,65.4391,68.8630,88.7227,120.9910,136.2310,102.9160,56.8175,30.9318,86.1631,120.6010
50445.7000,35859.5000,24417.3000,37372.8000,45120.7000,33657.4000,25690.7000,22239.2000,19406.1000,17087.9000,13483.7000,10067.2000,8946.9300,8654.8700,5855.8700,4826.2200,5567.4800,5674.9400,6849.0300,7436.4300,6662.3900,5618.2100,4993.3700,3993.3500,2772.3500,1857.3400,1473.1200,1814.0500,1981.2600,1498.7500,1139.8700,902.5880,976.1130,973.9430,986.4290,1123.7300,1280.8100,1283.6000,1017.6700,710.3710,656.8770,806.8220,867.8800,790.5580,536.4560,409.9820,299.5870,96.6428,128.7620,256.1390,452.0570,699.3760,860.1040,951.2490,1162.1400,1245.2400,1202.7900,1225.9500,1217.8900,1536.9600,1965.4500,1913.2000,1847.8200,1473.3000,647.1800,473.2580,1009.3500,1402.3100,1296.0100,1363.5300,734.5730,228.3850,324.8070,650.9430,558.6670,505.2170,457.5160,360.7480,461.0080,430.6880,484.8170,572.9110,575.4220,489.0990,332.9400,376.6190,529.6900,420.0050,151.3630,226.0710,454.4920,370.6280,382.4260,195.7120,191.0030,112.3790,243.7190,260.2160,289.5880,316.9900,366.1590,296.4750,299.3380,459.1580,504.0590,601.5990,649.9780,703.7620,663.7910,512.1860,366.7410,227.3750,207.0070,193.9690,168.4650,193.3090,195.7040,130.8400,95.7593,107.4300,106.1070,80.3560,83.7853,96.4775,259.8590,427.2090,504.2590,547.5980,512.4770,382.0680,361.4700,327.1880,241.4950,178.3360,194.2610,240.4920,214.3020,126.5130,113.8060,158.5550,220.1380,308.7750,376.7280,344.8850,313.9280,273.6940,208.9280,147.7070,103.7770,83.1483,66.9047,58.1407,54.9900,60.4104,76.4759,75.6239,53.3972,57.7935,79.0490,121.4590,153.5030,167.4460,200.9560,248.0060,286.2600,311.2880,289.7350,300.2950,309.3460,273.7270,238.1930,138.0070,74.8481,48.5492,38.5958,42.5822,41.4434,57.6013,87.9682,129.9980,86.6992,91.6541,74.7223,81.1249,96.7868,124.0740,140.6670,160.4760,191.1840,142.5300,120.3170,105.0270,279.3730,364.1550,319.3840,271.4900,199.8130,203.1930,248.9120,224.5530,170.4910,134.3500,76.9574,56.1823,163.8160,270.4340,253.6680,204.3980,128.6520,115.9100,136.8390,150.2250,131.6670,86.2139,36.4672,47.1213,94.6946,32.6069,27.7506,78.3703,73.9746,83.3408,106.2790,89.7679,68.1595,90.3276,123.4460,140.4090,132.2600,102.2930,56.3204,51.0936,122.4220,208.1800,291.6440,292.4310,217.3950,145.1930,127.3270,147.7190,147.2110,133.2440,105.5370,69.4626,38.4414,41.4044,59.8977,51.4866,28.2064,38.0780,96.4608,126.0370,165.1350,174.7810,136.5450,136.3210,104.0600,72.2302,77.8410,105.4310,127.9150,160.2390,182.9200,197.5020,221.9740,226.0770,225.0720,261.2470,270.9560,254.9630,216.1320,170.7950,167.7210,185.2240,203.3270,204.2880,183.2990,188.3550,167.5100,140.9120,152.0480,141.8640,102.9690,69.5423,46.2379,49.6588,68.4824,89.0680,101.5830,104.9780,100.9360,80.3370,42.4076,19.3674,65.4591,70.6611,67.8717,29.7741,23.3504,37.6261
49406.6000,34643.7000,23641.4000,36510.8000,44000.5000,32153.0000,23284.1000,19869.9000,17568.0000,13782.9000,11719.2000,10902.0000,10699.4000,9540.9600,6930.9800,6624.0400,7691.7600,8048.3100,8652.4100,7910.7500,5937.7800,5194.1900,4928.6200,4324.2700,3555.8700,2242.9400,1780.8600,2509.2300,3041.7000,2636.7800,2055.1900,1470.4900,1008.8800,559.6840,249.8540,214.2000,325.6930,330.4350,530.5100,560.7920,725.1300,1047.4000,1209.3100,1265.4100,1281.9500,1256.4900,1260.1200,1164.7700,1012.9200,896.4450,825.2520,564.4190,474.8190,473.5630,611.3960,668.4030,559.2100,579.0610,803.2400,1082.5000,1492.6500,1643.8300,1145.3200,815.8100,373.5960,573.8950,1142.2200,1421.1200,1274.1500,1396.9800,682.0820,552.5350,534.8120,1030.6100,898.3500,546.1940,223.7190,345.2640,516.3970,548.0830,439.6920,351.7320,288.2640,274.7030,401.2140,614.9100,784.8820,903.9370,1067.9200,1007.3700,929.3370,875.4300,761.4560,672.4900,572.1150,626.7880,670.7950,527.4320,257.1470,217.2780,351.2280,581.0320,481.5310,362.1680,404.2890,498.5060,499.8100,544.6840,587.4190,655.8570,622.6520,486.5480,400.5730,363.2190,352.9980,411.0870,454.1850,481.3710,415.7600,380.8780,429.0660,478.8900,466.3000,439.7520,460.8190,414.1900,357.2530,363.0900,393.4110,438.0840,384.2400,202.5740,200.2000,150.7360,271.2110,239.4350,206.1500,185.9280,197.2300,151.8390,167.8060,227.6940,256.8120,251.6910,293.1390,176.6330,132.0460,99.8593,138.5260,179.1110,156.0320,118.8040,76.6630,112.0190,176.8590,249.6670,237.7460,187.5610,166.9510,108.0590,98.6075,166.8020,188.7790,162.6750,148.4670,137.7630,146.1920,140.3090,52.6868,77.1875,109.0800,165.3490,159.9760,130.0400,108.4940,98.2348,102.6990,96.8164,94.6482,129.3000,199.9600,253.6380,242.7230,212.1320,180.4810,152.7960,164.9200,193.3300,205.7350,137.8540,120.6920,128.1060,300.6300,373.5110,323.7150,264.0300,162.5520,110.5790,143.4160,186.6330,173.1320,111.3720,58.1471,96.2273,157.0190,137.3870,97.2285,49.8762,67.5161,90.6721,106.2550,69.0841,47.8253,62.1725,112.3360,111.0720,110.3360,61.9312,83.8481,141.8780,146.9820,139.3110,136.4190,111.0490,66.3174,29.1642,68.2851,88.5416,91.2734,56.8750,30.4631,56.5968,90.3061,122.9240,157.6350,141.8300,85.5052,68.5625,113.6530,123.3430,123.5120,86.0050,62.3293,26.7070,28.6072,58.5388,86.9557,89.5186,87.0314,87.9701,91.2418,119.6250,157.5820,157.5160,142.8620,136.2080,126.3260,117.0100,105.1540,91.3734,51.9522,63.6356,99.1436,91.6076,81.9188,101.6430,114.7940,116.6880,135.3350,135.2670,133.9430,112.8390,102.4360,127.4660,181.6460,207.0750,188.2730,175.7470,129.0990,76.1367,95.8644,67.8082,56.7842,48.7570,55.9465,43.0594,25.1407,16.0658,18.6891,26.3564,38.9181,34.4394,25.6647,22.6239,25.3541,25.6411,27.8641,28.2268,15.1032,26.1018
50456.5000,35515.4000,24485.5000,37765.2000,45648.3000,34069.4000,25510.3000,22092.7000,19479.8000,16478.6000,13086.4000,10757.9000,10470.2000,10582.7000,9229.2900,10138.4000,11553.7000,9453.3500,6894.4300,3954.8000,881.2720,2046.4400,3014.4600,3391.5000,3340.7100,3453.1300,3032.6600,2718.6100,2660.6400,2610.8500,2266.7800,1829.4200,1858.6100,1736.0400,1586.1300,1567.0500,1633.0800,1462.6500,1000.4100,590.7410,310.4000,334.7930,341.9500,187.9890,242.2720,290.1990,234.5750,233.7720,212.4830,177.1750,296.4180,429.5160,490.8960,494.7050,606.9730,583.8470,500.8580,406.3230,478.4460,694.5240,1009.2300,1246.6500,1089.3500,942.3220,726.2410,774.0230,1191.0600,1552.7100,1456.8700,1675.5200,1223.8900,642.2200,342.9240,354.7040,812.3600,1170.2800,1064.0700,978.4160,682.2640,387.3200,381.8010,617.3380,851.6570,858.6640,680.3030,588.7420,463.0850,437.0700,741.5010,748.2490,620.7450,507.8080,339.7970,289.0850,276.3000,194.1240,318.3520,426.0900,527.8980,640.3530,712.9730,597.8240,431.1450,346.6770,307.4740,278.2500,322.8680,370.9510,405.6110,335.3600,157.1030,220.2730,191.2600,267.3900,243.9610,274.7060,295.7480,232.3440,163.8320,128.9570,181.4530,253.2860,346.1040,331.8300,360.4990,463.5070,468.2270,483.1020,573.6490,587.5290,492.6660,426.7560,359.0320,135.4600,111.4240,98.6305,163.5460,285.1420,428.8870,419.2710,386.0100,389.6090,335.5740,228.1690,191.2520,187.1810,243.9130,243.0510,234.3960,224.1880,164.2000,109.8080,94.8239,112.0340,171.1360,179.1680,225.5060,203.3410,126.0030,63.3636,80.1192,202.3630,262.7350,297.7650,308.7730,297.2630,280.6890,280.0740,302.2230,273.9040,246.3210,144.5890,89.6837,103.1110,101.4210,88.2454,83.0337,122.3290,124.2640,127.7580,127.0260,105.7940,92.6851,117.0430,103.7710,41.3539,51.7243,152.4400,221.4220,223.0300,207.4710,161.7760,85.1564,52.0435,98.6434,164.7930,136.5760,83.7014,105.3510,134.8970,148.9250,170.7390,201.2610,210.3110,137.5920,137.9800,84.7665,47.5585,36.6339,49.2267,81.7744,120.1640,113.1010,109.0330,107.1480,92.2709,60.9567,81.9585,149.8800,178.9510,208.4670,186.3560,132.9320,82.0959,41.7138,38.2550,46.8308,44.6032,41.2914,35.7923,72.0389,136.0070,160.6460,180.5590,167.4080,113.0990,69.9267,32.6599,30.5426,52.1250,61.6378,50.0003,36.2469,42.2916,56.3872,77.5077,106.0830,90.2179,67.3199,32.9599,36.8657,49.8148,64.5196,71.0224,82.3175,92.7738,101.1640,89.4930,63.1289,57.0999,62.9061,76.9091,97.4507,122.8870,137.3850,157.2650,186.8210,198.0880,184.6150,151.8940,103.5120,79.9949,72.0982,49.5596,55.9885,84.0891,64.3263,65.6149,61.7070,85.9104,87.0764,68.4774,86.3812,98.4732,78.9257,72.4960,81.2752,86.3595,73.3502,61.6842,59.8462,36.3069,28.4480,58.5079,68.0712,84.9561,107.0150,112.9160,127.4300,142.5340
50421.6000,35701.0000,24638.9000,38082.2000,45776.1000,34002.3000,25671.8000,22267.0000,19495.5000,16634.9000,13004.5000,9844.4400,8904.9900,8914.4200,8487.4200,10436.4000,12188.3000,11241.0000,9592.1600,7651.5900,5237.2600,4486.9800,5083.5000,5611.2000,5058.1800,4280.5900,3222.2000,2760.3400,3402.6800,4065.4700,3939.1000,3554.5200,2717.6600,1086.0400,340.8940,371.5770,336.0880,625.1330,1094.3600,969.3120,695.7560,699.1040,1014.6100,1405.1700,1889.3500,1761.6900,1348.2300,1035.2600,494.7680,165.7790,354.0000,669.9260,660.4280,394.2310,268.8820,284.1730,268.7770,279.1620,382.9990,532.2020,847.9720,951.6110,886.3120,950.5010,414.4600,382.9240,429.9020,813.2840,707.6820,963.4070,539.9940,935.7110,829.9620,710.3940,627.8620,520.5080,418.5580,157.5320,378.0980,780.1490,1158.0900,978.5140,587.9530,250.2470,310.6380,461.1780,407.9880,298.6980,360.3840,426.8260,465.0490,410.0360,393.2870,296.6310,138.3050,150.2250,354.0240,390.9660,470.4800,519.5950,411.5570,380.4370,193.6070,144.8970,165.1710,257.2090,322.4390,296.1170,296.0710,323.7100,348.6920,250.9340,135.0400,148.3210,176.7060,267.2880,240.8780,136.4440,126.2130,78.5645,40.8311,103.1950,156.0230,222.7910,322.2690,438.5890,590.9550,676.9280,774.4210,787.1230,669.4850,395.9000,170.5890,172.4930,365.6880,380.2460,381.6780,368.1260,349.0040,275.1900,158.5930,65.3521,60.5641,133.2210,188.4470,174.7020,145.1870,120.3360,107.5680,82.1054,49.1233,118.7480,178.1160,227.1520,218.6960,225.3390,258.2680,232.3660,176.2720,111.9080,89.9251,115.7880,132.2090,115.3280,119.5040,173.0720,256.6740,308.3430,322.8210,274.2060,209.0180,128.0780,94.3406,106.4810,120.8110,119.5820,71.6430,25.3404,28.9368,42.2019,47.2604,88.1537,128.1490,159.0370,193.6810,180.6200,145.7270,123.4430,85.9604,53.1119,148.9590,216.1480,273.8520,269.8250,249.8350,241.8380,235.2430,216.1900,183.1410,129.4600,94.4813,83.8130,69.4260,84.2712,67.1009,60.2202,79.6721,115.9460,171.1770,152.2840,88.7555,35.4571,30.6553,41.4561,54.7490,61.6420,73.5810,30.6452,101.7180,130.5670,179.7840,225.0340,194.0460,126.9770,65.3010,38.6417,64.6839,87.5193,72.0008,45.1744,33.1250,30.6508,44.4438,58.0926,66.7444,97.4642,108.3970,116.2800,105.0500,64.7501,28.5139,17.0629,31.6292,19.8824,8.7116,3.8527,7.4866,9.9593,9.2718,10.9392,38.9036,68.7783,107.4560,134.3120,120.7900,98.3818,71.9772,37.5824,20.2604,39.1133,74.6438,99.3931,93.2820,105.0420,108.2710,98.8701,84.2903,69.5012,58.5915,42.8495,47.7230,57.7141,39.6802,36.7803,39.3732,53.2454,14.3583,15.8225,20.3004,51.5242,85.3957,123.4610,117.0940,83.1726,41.3538,17.6474,68.3590,89.2876,81.6843,66.2068,42.0831,17.8963,26.4881,51.7501,61.0465,38.7304,75.6011,139.6450,187.4090,180.7400
49101.2000,34636.0000,23482.8000,36473.1000,44178.5000,32721.3000,24734.2000,21197.6000,18289.4000,15795.3000,11783.7000,8037.9700,6448.3800,5852.6800,3862.9400,4358.3800,5808.8200,5477.9600,5853.1600,5768.8900,4727.1100,4613.8400,4580.9400,4662.3200,3750.1200,3001.8900,2860.4100,2720.2000,1946.7700,1034.6900,1037.8900,1727.4200,2041.3000,1680.2900,730.3020,439.4060,558.4350,450.1960,291.4700,266.9480,495.1910,954.1680,1560.5800,1944.5100,2216.5700,2299.9300,1793.6000,1206.0900,839.0820,869.5090,1020.6100,1079.4400,947.8140,602.6700,467.4360,461.2170,427.4380,408.6380,466.3050,543.8020,648.7560,957.9510,1083.8300,933.6530,954.6610,612.9130,507.5540,720.0010,839.9690,1275.9000,920.9840,1034.8800,652.4120,305.4070,196.3290,553.0910,655.6190,777.5600,597.8910,592.9840,710.9600,540.7380,688.3190,609.1090,836.2880,1054.5100,990.2590,909.1690,1009.1800,1011.3400,1009.5500,756.7330,320.6400,231.7680,472.6500,768.8060,743.1550,591.3620,568.9990,566.3220,454.6660,260.8440,178.9260,244.3300,306.0710,343.7520,422.2300,358.4160,181.0680,149.4610,233.2060,287.9620,321.6550,311.7480,281.4330,243.5300,270.3880,215.8170,231.0550,167.4260,174.3430,176.0500,133.4850,60.5168,101.8140,238.4550,445.9700,579.5650,820.4950,916.6790,734.1090,585.8040,525.8320,283.2230,218.8310,151.0140,156.8020,119.2770,58.8461,129.0340,226.3530,290.7410,435.1380,487.5060,487.4990,449.6820,386.3530,302.5530,178.4080,133.2250,38.1459,65.6461,120.2890,214.2310,235.2930,227.5840,118.7630,112.9820,170.9590,219.4260,204.6010,160.7760,77.8785,32.7980,61.1349,104.2550,142.8730,190.9380,326.7830,366.1370,319.3180,305.6540,260.6680,186.2840,97.6346,102.6670,187.6440,212.9450,209.6300,252.3130,287.3000,353.2450,405.2210,469.3290,474.2960,398.8780,357.2940,315.1200,289.1510,212.5000,103.9830,140.8700,212.2390,185.5940,129.5050,121.2190,123.0740,116.7560,107.0020,118.7900,127.0200,113.8420,88.1517,64.4027,46.2671,31.2264,55.4379,94.7714,138.8070,220.6990,270.3980,231.5360,187.9880,153.1790,144.3770,161.8820,168.5190,187.0860,203.8670,186.6480,166.3230,150.2460,87.3412,87.8990,89.3204,92.9766,110.4950,144.2330,198.5850,180.8150,129.6200,74.5379,42.2913,66.6619,76.6936,64.9605,47.7406,38.8816,14.1703,23.6425,71.4597,85.8077,115.5780,138.9690,160.4880,132.8840,124.5000,84.3656,52.3370,32.8578,29.4223,45.8249,74.3646,106.9640,133.1200,140.5380,147.9730,94.8095,45.9530,53.5296,64.6912,73.0634,88.9837,103.4010,101.1800,107.3430,142.4630,146.3120,123.2600,86.3793,54.1987,65.6413,83.0523,74.6984,68.0997,97.3823,108.3660,80.9376,61.0215,70.2523,70.8520,111.0030,111.4720,95.2176,83.2804,79.2596,70.9056,73.4487,77.4892,60.4390,46.4690,57.7492,56.2426,70.0486,62.5813,66.1515,66.2286,46.3147,43.4830,39.1200
49778.5000,35017.9000,23858.0000,36896.8000,44866.6000,33698.4000,25819.9000,21861.2000,19255.0000,16762.4000,12467.6000,7891.3300,5499.2800,5889.5900,6207.1000,7330.8200,8202.2800,8036.9100,7697.5700,7096.6500,6136.3000,3789.3100,3001.9400,3223.1500,3082.6200,2881.5400,2809.6100,3182.2000,3375.3800,3915.7900,3914.2500,3330.6900,2509.3300,1607.2400,1080.2100,1153.7500,1264.5300,1208.4800,908.1090,611.4070,372.8710,446.0960,965.2420,1385.6500,1865.8300,1997.6700,1709.0800,1332.6600,1020.1000,673.3340,365.0300,330.3770,405.4010,458.2430,534.3430,666.4390,758.8770,722.1990,820.5400,1065.6400,1293.4500,1619.5000,1756.8900,1522.2700,1066.5100,636.8360,703.7840,1344.7100,1757.6100,2112.7200,1432.2600,860.5350,658.1350,710.0530,752.4710,516.8810,450.9220,537.2540,667.6170,871.3630,816.5420,889.3790,860.2610,558.6170,338.8640,159.0400,134.2330,539.0960,778.7370,717.9980,636.4860,606.9490,681.8380,672.2810,649.1470,685.7920,700.0530,797.7350,738.0880,642.4620,565.5280,560.5310,405.6100,221.2510,324.9610,594.6640,632.1460,612.9260,503.3920,414.0380,443.6130,348.8640,236.2820,177.4430,167.1140,259.7280,300.1810,259.6180,177.4050,161.3550,292.5050,303.0170,216.9720,153.2950,353.7570,417.1790,472.7010,571.5670,736.4050,838.5790,792.7430,555.5620,263.3050,191.5850,407.8500,374.4880,360.3760,411.6490,483.3810,449.5110,296.6140,240.0390,343.5670,493.0560,484.5710,485.7140,426.0010,276.4130,133.9530,118.8260,250.7770,359.5610,352.1610,405.4830,246.7450,130.2890,41.6541,176.2710,244.2510,284.3180,348.6410,341.2360,303.7630,290.4350,309.6130,393.3700,424.2260,455.6230,374.3720,242.5040,188.3090,180.5650,230.3590,300.7820,285.4770,240.9280,148.1310,104.7880,93.7804,45.2275,138.5660,268.2030,419.7640,544.9630,547.6550,472.9450,388.9180,349.8410,282.2400,239.5890,294.9890,432.3660,523.1460,446.9650,323.7110,241.3710,176.3840,158.4220,111.1290,72.9871,62.8629,96.0739,156.0800,196.0190,224.7050,249.2860,262.3590,261.0680,210.2140,151.7070,108.3530,82.5563,80.4407,85.7474,82.6066,67.1865,64.1256,44.8442,24.0313,25.9702,29.5258,29.9640,61.0303,86.0874,110.6670,152.6400,230.9560,256.5170,235.8930,223.0720,161.4430,113.2930,100.6910,112.2240,139.0170,110.0780,78.1185,74.6525,99.1194,128.1060,175.0280,245.1810,287.0650,275.9020,283.0070,267.8310,157.4870,73.3966,41.2090,40.7193,47.2463,32.8459,48.2615,69.8072,66.0588,69.6262,64.2193,42.6152,46.6165,47.3905,44.7018,87.4128,98.4388,132.5210,142.1980,141.1070,157.0270,181.1620,179.0290,157.1030,101.1830,63.1748,78.7432,106.9830,127.3120,129.4950,114.3550,99.3163,99.5449,79.0018,79.6498,90.0244,102.7760,85.9725,67.3750,113.1720,151.9330,167.3210,161.8910,123.1120,82.9543,72.9076,63.6855,66.0048,67.4394,69.3377,78.2762,96.1303,118.7270,150.5370
50024.0000,35332.0000,24209.7000,37463.8000,45147.6000,33578.0000,25762.8000,22018.4000,19512.5000,16975.5000,12768.3000,9324.9700,7854.8900,7235.0400,5272.0500,5242.6100,6174.7700,5548.2100,4854.5300,3916.6700,3053.5900,1779.5100,1741.8600,2300.1400,2674.2000,3066.0300,3320.2400,3601.4200,4247.0300,4423.3800,2818.9300,1226.9500,1112.6200,2814.0900,3114.9800,3147.4100,2569.1700,1333.1000,483.1080,284.5540,402.7190,333.6840,945.9500,1329.3300,1814.2000,2007.5600,1714.0300,1285.2900,890.0000,511.3030,462.3580,640.9970,669.1130,488.6500,442.8630,454.7850,510.6240,429.5840,377.1810,469.9720,564.9750,611.5750,672.9820,316.5080,723.1910,825.2500,1250.4700,1617.9600,1338.7800,1260.8000,849.8060,540.4330,554.2640,432.3240,357.6080,674.5960,1101.8700,1623.3700,1584.9400,1168.7100,1239.7000,914.3410,943.6650,1097.2300,963.9800,824.2900,835.8160,553.1450,244.7300,153.0100,251.9630,461.2220,470.1200,516.9800,397.4040,309.5370,320.7780,323.1620,263.6190,262.5920,253.6060,240.6220,205.9030,170.6150,139.9130,66.0299,145.6310,213.2410,306.1350,365.9350,399.1240,412.5000,386.1290,269.3070,206.2550,132.2910,65.2681,111.5000,279.8700,390.6930,461.7280,564.2580,656.8560,802.4810,889.1820,887.4780,953.6510,1034.0000,1154.8200,1173.7700,948.9380,452.2260,287.3470,413.2350,638.9350,420.8180,280.2770,57.6330,193.2780,300.2320,375.9020,379.5170,370.8450,383.4940,407.1810,306.5770,109.4860,97.8085,264.7460,281.4150,224.5820,181.3840,187.9970,188.7940,152.7010,164.9020,254.3370,287.8890,260.8860,238.5180,221.0430,204.2840,168.1310,161.5630,217.3840,346.3110,430.9690,431.4030,399.1330,194.4620,93.6979,190.5990,308.9470,292.7770,207.1450,132.3640,49.7932,19.2979,56.1660,107.5160,197.1000,316.8160,418.5410,545.1070,613.5790,579.6830,515.8260,449.3340,378.6450,275.9440,205.8910,224.7630,302.2320,368.0940,328.8560,332.6670,250.6040,218.2290,200.5770,161.0630,116.1090,111.9840,157.9440,235.3480,327.4680,315.1870,254.0910,212.1850,179.4680,122.2510,63.4943,57.0154,61.2296,67.1117,69.9390,76.2266,127.7990,202.8190,188.1790,174.0120,174.2120,178.6450,125.1230,104.8510,34.0176,128.7360,244.9960,349.7240,319.1260,273.0670,216.2150,147.1130,124.5670,97.0931,66.3830,44.7782,38.3261,60.2488,89.1068,111.5820,139.1770,171.9680,218.2250,257.0850,223.7860,167.8250,116.6800,106.3450,123.3110,132.1970,141.8310,134.0860,107.9320,61.0862,25.8424,15.1596,59.0545,122.4310,178.6950,169.0030,132.3590,78.1008,52.9109,108.6320,138.4980,127.9640,159.6850,222.9060,259.8170,229.6200,160.3820,116.5610,85.3050,81.9680,124.5880,151.3230,141.8850,143.2820,114.1920,100.9620,106.7020,118.2260,121.1080,101.5690,96.5037,147.2640,204.5480,223.7860,223.6030,204.8900,139.7810,29.6143,57.9825,103.7540,138.9370,154.7680,142.2310,156.0690,213.2050,207.7650
49276.5000,34894.9000,23704.0000,36723.7000,44430.5000,33048.6000,25242.6000,21792.4000,19026.1000,16560.0000,12516.0000,8761.5000,7309.7800,7206.4300,5600.8600,5935.1100,7173.5500,7061.6300,7181.6300,6509.9500,5206.6200,3718.2100,3189.7800,3100.3900,1960.4300,723.8370,459.1460,1407.8400,2180.2900,2097.7400,1742.7200,1374.5400,967.7310,902.3390,878.5270,662.3800,523.4400,615.6890,821.1530,832.6040,663.5350,294.4140,674.8120,1260.4700,1712.3600,1838.6800,1396.0700,907.7210,530.1980,358.5240,639.5380,753.9390,854.8840,658.6510,570.9230,629.8270,787.5350,861.7150,875.4550,908.1910,948.3430,1022.1700,932.9410,500.6250,571.5640,470.5620,867.0150,973.8640,905.9650,1126.6800,797.6720,864.2970,843.8860,680.2390,618.5180,595.7640,741.5640,965.7120,898.1600,670.1460,470.3300,339.3520,329.5470,270.5620,75.1953,113.0070,386.9060,346.4540,484.2160,376.7250,250.3410,146.9720,34.3861,254.1770,436.8260,616.6160,683.0480,399.6920,191.9400,245.3970,590.3410,621.3200,588.1870,448.9300,238.4870,78.5803,218.6580,313.8200,398.6830,326.5890,195.4600,195.2630,318.7060,387.1530,323.4600,277.7370,388.4020,524.2920,597.7270,625.3680,526.8830,457.0220,466.2850,578.7850,630.5910,593.7970,593.6260,622.7360,634.1290,606.2610,539.2490,356.1580,345.7380,174.1980,185.8510,114.8060,117.7760,118.8350,71.4064,117.4450,204.8560,292.8290,409.1590,435.2890,407.2820,362.6030,115.6840,288.3240,294.7820,376.9270,386.3290,368.6610,310.5570,276.7170,288.7870,345.9340,406.4810,333.7060,227.5150,157.7420,167.9610,242.7140,308.3760,251.2440,110.8290,132.8640,278.8790,279.2490,232.3420,140.0200,68.7565,76.9912,69.6705,22.2033,41.2684,70.8957,105.8120,126.8810,167.8550,212.9680,303.3880,450.2200,588.6070,569.8920,541.9300,494.2320,385.9950,258.9600,184.9840,96.3708,73.1121,107.5680,270.6410,327.3500,344.5080,340.3770,244.1080,215.3470,266.3550,303.0590,285.4550,225.5440,103.3680,132.8560,257.0310,330.9200,347.8600,274.1590,182.4400,169.1670,218.6100,220.6190,216.9770,189.4310,144.4240,70.7245,77.4200,96.1176,34.2775,83.4645,105.6290,108.6100,91.5178,111.7530,58.5951,114.7190,182.7490,335.4700,332.5050,252.7780,202.4410,115.3620,30.9946,39.4990,43.1002,50.7936,49.7274,37.3749,41.4535,80.2848,120.2970,183.7950,263.4080,344.9600,344.0140,294.7290,246.3080,189.5970,155.4650,147.1050,130.7220,93.1727,80.3898,80.8948,47.2469,54.8191,62.3627,103.5380,145.5120,158.5530,109.4930,58.2063,70.5932,74.7906,57.1707,97.1554,119.4970,131.4780,136.2160,165.2870,155.6300,83.6384,46.3075,75.4913,146.2440,175.1000,193.9820,198.6370,158.7110,133.4210,116.2470,60.2710,25.0563,55.5813,85.0657,133.0580,198.7670,212.3930,231.9440,239.5590,200.6780,121.5430,110.9310,61.4826,65.4405,82.7201,131.5540,172.4500,177.5090,167.4560
49485.6000,34736.3000,23583.2000,36613.5000,44516.4000,33223.9000,25234.6000,21645.8000,18896.9000,16477.0000,12207.6000,8610.4800,7133.6500,6416.3800,3991.7400,3146.2200,3007.9400,2468.5300,3705.4700,4359.5800,3701.4400,3646.4500,3340.3900,3280.4500,2695.7400,2573.6900,2534.1100,2220.2100,1639.6500,930.5960,442.8590,762.2410,898.0920,1113.2300,1424.5700,1640.7200,2015.4200,2477.4400,2924.2800,2678.8000,1969.8000,1423.4000,1704.9400,2179.6600,2371.4400,2143.4600,1242.4000,626.3010,369.2730,279.4790,371.1210,631.0550,764.4010,918.2510,840.9080,619.0500,586.6710,601.5560,644.4200,814.8820,994.8910,1074.4900,1011.1300,385.2170,814.8990,1049.3000,1883.3600,2254.5000,1931.2700,1831.0500,1248.9200,589.1570,514.7810,327.5020,545.3760,866.6830,1017.8000,1142.3700,1110.3600,1323.6200,1517.0200,1498.8100,1307.5900,1168.4400,965.8300,953.4520,880.4450,412.6470,342.8540,554.3960,784.2300,786.7530,747.0590,712.4520,691.9510,650.0500,559.6270,434.1310,324.4040,235.4550,281.4770,357.3680,331.5270,302.2760,254.3050,274.4660,392.6660,549.8320,588.1250,548.8260,475.2700,387.9460,355.3640,433.9200,510.1540,488.5040,428.8580,379.7230,361.5820,330.9100,239.7370,113.6290,76.5571,246.2940,430.6670,509.3190,573.4770,605.7760,631.8820,626.7130,505.7260,226.5930,177.3930,291.4330,398.9400,214.7550,120.9030,212.0280,203.7000,216.9890,333.4960,359.4620,387.4890,439.2340,530.9680,579.9520,595.0660,589.3260,496.1640,381.3380,293.1240,206.4480,150.3980,112.5890,95.4330,153.6340,256.5680,268.9780,213.3720,166.1800,151.0840,162.2150,163.3390,170.0080,211.7880,314.8800,405.5780,402.4060,333.1490,244.1740,209.8420,221.8680,230.6470,200.5830,129.6190,71.4223,57.9623,83.7744,103.9440,125.8510,149.3680,186.5110,279.3860,350.6780,454.7570,481.8020,420.2390,344.0470,282.8750,183.8570,171.5200,280.5860,439.6290,500.3570,446.2270,409.1030,362.7090,352.0880,356.4280,314.1450,266.4290,227.8820,180.8460,99.6672,48.7245,73.2772,90.6623,67.8405,33.4728,64.1940,115.7390,144.1740,141.1190,122.8760,80.1424,52.6541,62.4992,70.5344,42.8225,122.8560,146.6640,150.2350,142.2370,106.4620,83.2957,178.3060,223.8620,303.2110,311.1090,256.4450,197.2370,136.8890,61.5493,15.1806,46.6752,72.2255,89.5884,92.5565,77.3729,67.3668,50.3968,52.6775,130.3230,234.4030,262.8170,224.3120,189.7430,171.6710,161.1140,162.4380,165.2520,173.2010,159.5190,121.2280,83.1311,76.6217,81.3393,110.0040,148.9290,154.3140,102.0020,76.4248,120.2840,110.9590,72.6773,102.9190,155.2890,193.9760,219.9170,228.6570,172.3300,134.1720,126.3830,143.3860,202.5090,220.8850,205.2130,190.7390,160.1420,129.4840,104.3140,92.2436,44.3648,43.1924,75.2374,149.5200,202.2520,222.8100,215.9340,202.3920,140.8140,43.0634,52.3928,104.5820,132.2560,107.8770,117.8840,144.3230,147.8520,151.7310
50212.4000,35434.7000,24310.2000,37584.8000,45316.4000,33743.7000,25724.3000,22080.1000,19230.7000,16727.9000,12651.8000,8942.1700,7511.8600,7274.2900,5566.0200,5856.7000,7330.1200,8050.8600,9420.8100,9130.3000,8227.0300,6020.3800,3485.8600,1588.6600,657.3080,941.5460,1229.5500,1126.3900,833.9240,492.9850,245.1250,475.5140,611.0040,516.4230,307.8450,288.4630,283.0930,243.5500,230.0880,289.9920,361.1830,196.5880,655.6550,968.3570,1511.0300,1894.7000,1659.4600,1314.8900,953.9750,629.4440,774.7090,1074.1200,963.4860,683.7780,783.9420,766.8570,642.5650,365.4950,231.8890,286.5770,315.6820,236.2530,469.2850,419.5760,491.3640,357.6090,633.2720,1058.6600,1282.0700,1848.9700,1622.9600,1081.0500,709.0540,277.6710,465.0700,807.8150,935.8580,872.3570,852.6530,880.7230,782.8580,465.7040,220.3070,276.8020,501.6070,487.4970,300.9360,139.1290,602.1250,777.7960,850.8540,823.4270,646.1310,338.5340,123.5200,79.4826,185.0350,319.3030,405.0270,391.4140,494.7340,643.0230,591.6130,442.1580,234.2240,288.7070,510.8180,667.4060,725.0040,677.8360,624.3370,530.3520,451.6190,395.7390,363.7230,229.2120,198.8580,182.1830,169.1880,154.4750,155.5220,208.6870,266.0520,453.4460,569.5120,630.3040,694.3500,760.1960,812.3930,820.1660,714.4000,469.9520,448.0580,178.3660,262.9110,60.7160,77.3592,169.2120,172.3450,230.2080,362.0180,401.0740,388.7640,348.0420,355.8570,341.7540,339.9340,328.5120,306.8060,229.3390,208.2900,135.0820,106.3950,159.5590,224.0100,211.5390,258.4080,178.4220,57.0220,34.5735,126.3740,180.1180,182.4190,186.5190,189.2070,249.6970,317.1130,275.8430,230.0760,163.0110,92.9763,75.3464,103.7190,118.0290,112.3210,98.0633,57.6260,80.0575,139.6100,184.7620,237.6930,323.3230,402.8330,389.6100,390.5510,407.6610,347.8830,253.3200,188.7920,98.7829,124.7300,229.6660,395.5900,482.9310,419.5240,370.0040,294.2850,257.5740,227.2380,156.6460,127.6650,112.2180,73.7324,63.4420,95.5184,148.5910,196.2750,239.1860,230.6080,181.7160,190.6090,245.5730,300.8580,306.7060,311.2350,268.7230,227.7550,232.8880,202.8020,170.6130,129.1330,55.6330,34.4168,40.9775,82.2893,188.6520,208.6430,291.0500,307.6760,242.5180,219.5530,197.0800,163.9850,134.7180,130.6280,103.7480,89.7047,95.1980,110.1030,112.3840,98.3592,93.2085,138.5760,206.7940,207.4520,158.3710,119.6080,93.0306,66.7857,55.2077,66.5536,91.0554,88.7627,61.6916,80.0526,63.9158,81.4149,122.3190,159.8630,152.3380,106.5360,130.6570,169.0680,126.6090,85.5253,127.8840,175.9990,184.4920,198.4320,205.6730,178.6560,99.0981,90.2481,158.9620,212.8460,208.1810,190.3410,176.9760,164.7920,136.6060,100.2350,65.3177,22.8821,67.1736,120.2570,169.8330,206.3230,221.1500,213.1580,202.0830,167.3580,80.3970,92.1591,61.1786,72.5382,60.4269,72.7258,102.6790,93.7181,67.8400
49347.3000,34903.6000,23708.8000,36798.1000,44411.6000,32866.9000,25005.0000,21465.5000,18681.1000,16198.2000,12251.6000,8560.3800,7039.6500,6836.8600,5110.9000,5059.2300,5480.1800,4711.8100,5482.7400,5879.9700,5283.3000,4202.7400,3873.4800,3420.1800,2723.8300,1735.9000,652.2380,680.5960,1470.6300,1198.2400,874.3520,585.5260,529.7120,367.2610,176.9400,92.8949,175.8060,280.4820,404.8880,439.1450,542.0730,864.1260,1355.0400,1613.1400,1836.5300,1937.8900,1550.5900,1093.8800,817.7870,392.6810,188.3480,476.0780,798.9840,881.2880,1034.3800,1231.3300,1426.8500,1301.1400,1005.2500,865.6840,1019.2900,1164.6400,1377.7200,1196.1500,682.0800,496.7990,922.6150,1377.8300,1560.4200,1824.2700,1395.6800,576.6550,318.8800,702.4210,662.3500,517.6670,162.6570,281.4870,294.5300,332.1840,338.6900,363.4950,271.4680,145.6100,174.0990,146.2820,93.1982,319.8460,700.3290,794.3010,856.6160,812.7590,809.2670,684.2580,475.0460,362.0230,240.8230,160.4670,75.1492,69.2503,276.9630,419.0250,414.8540,390.4410,166.9840,148.5480,226.7790,350.5570,431.8510,469.0490,461.2220,397.6180,340.2420,271.6790,239.8990,158.7040,51.9189,48.7534,138.5490,191.6040,185.8410,186.6120,237.8010,340.5470,416.1160,430.4920,492.6630,562.1860,692.2300,778.2600,763.0830,701.6010,761.5650,542.1120,341.4460,304.3710,347.7950,408.1130,398.6110,466.8200,536.0870,484.0190,430.4270,415.5870,377.6940,371.9990,401.6090,436.3280,336.1960,219.0210,153.4390,86.3858,72.2661,79.6723,140.8450,123.1860,156.3990,127.5200,117.2790,100.7090,95.5480,131.1470,170.3610,170.0620,137.3460,185.7230,252.6370,268.0510,270.2100,249.0360,216.4760,185.1010,186.5140,157.3180,82.6086,50.2333,51.7876,28.6998,15.9947,38.7371,65.4055,149.5130,265.9090,345.6080,448.8380,451.4790,382.0020,308.4010,246.1260,134.8600,119.7220,240.3430,387.7130,462.9480,426.3720,383.5380,335.1170,294.2250,288.0640,273.0840,245.8420,211.0270,179.1230,129.3800,78.7275,70.9368,80.7362,109.7540,147.3870,174.3260,207.5380,228.5880,231.5870,231.5900,213.9730,153.8810,116.6040,147.4000,144.4230,137.6440,128.3370,100.8300,90.1975,106.9920,63.2798,165.6390,190.6090,272.7480,272.1420,208.2810,151.1700,86.7732,45.1630,37.0840,132.7520,164.8600,198.1090,170.1770,132.3180,100.0910,45.1133,60.7765,154.3650,242.5960,294.6210,294.0240,280.5880,248.0470,188.6470,113.4280,62.1216,58.8358,80.1284,86.0934,75.9906,80.0239,69.3668,82.0877,97.2743,105.0460,85.2998,102.5420,142.2760,128.3240,82.3812,73.7710,111.7590,112.1330,83.6184,69.2837,81.4279,74.5232,53.0756,93.9848,152.0280,138.2530,119.1010,119.5880,139.2100,135.5140,128.5210,117.6160,94.0437,51.1228,60.9314,144.1300,211.0520,223.0510,218.3500,229.9350,172.6140,105.5320,118.9950,78.5387,67.1791,43.2979,63.7517,79.8772,35.0558,29.9695
49553.1000,34869.1000,23710.2000,36696.6000,44589.7000,33336.6000,25248.5000,21823.1000,18940.5000,16480.1000,12459.0000,8656.4200,7075.3000,6836.1800,5248.3300,5611.7600,6698.6500,6341.5200,6887.8800,6724.1100,5674.7600,4248.4300,3555.2100,2642.4900,1586.4700,1209.8200,1073.0000,1184.4700,1587.4900,2116.2900,2427.0700,2020.8900,1590.6400,789.2910,277.7090,298.3190,345.2840,425.9500,509.3500,400.9520,343.2760,553.3860,1026.7100,1358.5900,1662.4400,1832.6400,1560.8700,1211.6500,914.0260,419.7390,177.7090,334.2610,460.4650,372.5730,323.2140,316.5920,348.4630,404.3590,445.0410,475.0430,591.2110,585.5350,633.0890,639.9940,322.6280,265.9530,455.1470,901.7350,1180.8400,1623.8100,1378.6500,922.7950,585.7400,237.9600,450.0140,766.2880,674.5580,350.9920,123.9940,275.2720,437.2670,583.0740,676.8850,813.6210,829.7150,709.7680,664.5640,1000.4400,1341.4200,1266.1500,1125.5100,794.7950,446.7630,214.2680,174.5350,187.7390,252.7830,409.3500,511.0150,631.0410,759.1410,819.8560,671.2370,459.3580,388.5550,481.0110,520.7320,549.9720,487.8460,424.7640,420.4730,373.0510,296.5090,220.4240,144.0750,73.1401,51.1050,55.0419,63.2315,98.0791,147.2640,168.3610,225.3740,333.2440,434.7970,459.1160,477.4560,513.6470,570.6820,666.0010,683.6550,503.8890,470.0820,240.9540,93.5248,75.9364,102.0360,117.2210,182.5800,281.9830,364.4370,332.9420,327.7290,307.9010,276.5310,204.2580,158.2880,227.9250,248.3760,311.2650,302.6660,199.7130,152.0740,117.4490,95.5752,51.3161,67.9318,115.3740,141.5880,169.4530,215.4520,242.4420,250.1550,220.8310,215.2170,274.8760,320.8150,303.8240,258.9650,181.3420,134.6430,149.8770,193.0380,197.5430,138.7060,90.5678,59.7739,65.3617,65.2967,77.8052,116.7000,199.4560,320.6860,358.9910,416.3110,434.9740,345.4930,223.8600,151.0440,30.4772,133.5750,219.7880,353.8870,428.5470,421.9170,467.1860,459.7680,457.1300,460.7720,423.1700,377.7020,326.0040,284.2700,232.9250,213.6460,190.8230,152.4170,127.6860,74.4389,28.1229,102.1090,146.6250,173.1040,208.3510,239.5640,220.5810,167.2660,159.6120,147.8990,112.0730,64.3271,62.6485,110.7550,165.0740,260.3560,301.1580,263.3300,291.5050,299.4060,230.1570,232.4090,201.5480,163.4250,156.4540,191.9290,159.6910,126.9270,86.9448,34.7852,50.8651,79.9372,60.7001,83.3261,184.7520,237.1610,218.7550,218.1080,215.0550,200.8180,128.8320,69.7453,38.3041,23.8714,36.5041,84.4475,136.5760,168.6110,197.3420,214.2310,189.8050,177.2790,231.3370,233.7920,192.2170,177.1780,167.7480,161.4380,138.0630,132.6030,142.0100,111.6120,71.6260,53.7948,59.4574,93.1277,100.9310,73.2616,57.5589,35.3295,39.3502,50.3750,47.5268,23.4269,59.1450,92.4538,160.5750,205.8810,195.7790,198.0920,190.1660,140.8230,120.5190,140.9520,140.7880,133.8500,139.9720,154.5920,167.1270,154.3720,138.6360
50113.8000,35267.9000,24174.8000,37429.1000,45223.4000,33715.2000,25719.0000,21922.7000,19178.3000,16678.1000,12497.5000,8896.3700,7543.3900,7172.1100,5226.9500,5080.1400,5823.8000,5701.5700,6232.4900,5809.8200,4734.4800,2644.1200,2058.3500,2504.8600,2642.2200,2476.8900,1985.2200,1591.7700,1510.3200,1545.4100,1680.7600,1826.6600,2069.6900,1713.2400,1186.7000,701.4100,274.7700,74.5966,115.3170,121.1850,92.8026,341.1160,845.3700,1186.7300,1487.4100,1649.5500,1337.7400,1013.0600,763.3870,459.9510,242.4760,349.0970,505.4900,494.1420,578.1680,725.5050,842.5120,1068.6800,1390.4700,1639.1400,1538.2600,1459.7700,1421.4000,1161.2000,523.9080,339.3570,965.2520,1445.7100,1349.0400,1488.3300,994.0830,474.0190,237.1430,256.9320,235.8030,415.2220,416.1430,475.0260,530.0360,510.9680,365.3790,474.2740,828.5640,1193.2700,1177.2800,787.2740,685.4440,383.0980,929.5170,880.6670,800.6010,630.5000,448.2100,409.7270,504.4450,543.8200,464.6180,330.6450,283.3420,182.0870,306.7530,352.7980,265.7830,205.4590,58.1611,285.6560,345.5160,385.8120,365.5300,338.9530,329.7120,285.5530,272.3870,267.2520,253.0130,177.2030,65.6592,58.0111,55.5259,71.6422,113.8540,220.8430,272.1740,400.4520,441.1590,409.2080,424.5210,422.2310,447.3870,426.0120,303.9870,138.7640,185.9570,271.4290,308.1780,180.5690,101.0140,40.7024,110.3710,210.9830,354.7910,446.6380,514.7700,487.3600,476.3310,373.8330,307.8280,373.9120,381.9560,313.8490,283.5680,255.7100,288.3640,233.1560,107.9730,52.5481,135.3620,194.6560,233.7800,244.9440,259.6630,235.1420,186.3310,128.9500,156.0260,255.0720,332.1720,335.8780,299.9960,250.2050,252.8740,269.0410,310.4830,255.5910,156.4880,114.8100,94.3419,85.7122,75.1222,106.9080,134.0860,219.8940,365.2550,393.6630,445.7230,471.4550,374.7060,277.7590,194.7380,153.2800,187.8160,282.6750,376.0670,391.4980,303.5160,238.3620,193.5440,204.7810,242.5240,240.2940,233.5880,214.7060,155.9120,128.9380,139.2000,125.1850,102.1880,89.8852,67.0346,41.6107,108.6190,195.1870,219.2320,261.9010,308.2050,336.0690,279.6110,238.8040,217.5270,199.0170,146.8890,100.3540,83.2279,94.1051,192.1610,310.8710,342.0070,391.1030,360.2260,231.6960,115.9860,78.1581,106.8830,173.4550,233.9930,230.8900,191.5280,121.7490,69.2491,65.6689,86.5647,145.5140,228.8490,316.6580,351.9640,312.3910,273.3430,231.0180,195.1710,130.9740,44.2710,37.1616,72.3082,62.9215,52.9523,52.1536,71.4404,98.0849,123.0060,112.5910,76.7789,75.6444,78.0392,79.3645,100.7440,103.0550,86.1155,60.7825,36.8825,32.6713,34.5451,59.5448,76.2471,55.9997,35.1230,26.0100,90.3240,143.2850,177.0450,195.1750,194.9100,167.4400,123.8490,126.7200,189.8100,257.9550,294.1070,304.2470,287.3330,260.3540,164.6000,78.8837,27.1279,21.9670,45.9689,34.7380,23.0242,67.8188,119.6440,157.7240
49401.8000,34881.7000,23780.4000,36970.1000,44484.0000,32789.2000,24863.7000,21288.7000,18489.1000,15947.5000,11966.9000,8285.2100,6698.6800,6348.3100,4340.0000,4092.4300,4692.7100,4250.8200,4892.9900,4521.8000,3885.5400,2781.1700,2029.6800,1510.5300,2477.6600,1952.2700,1924.5200,1552.4400,975.6790,700.6700,209.8960,249.1420,237.9850,256.5790,531.5140,853.4460,672.0410,534.3180,374.3260,358.9050,192.0620,385.6440,727.1380,1064.8400,1494.3400,1796.3500,1583.2600,1280.3100,1067.6200,671.6530,517.9930,699.9570,756.9180,783.8980,927.6940,1125.8500,1203.2700,1004.9000,994.1310,1224.9300,1463.9600,1583.8100,1721.5700,1310.1900,650.1520,710.3860,1395.5800,1884.6800,1720.0300,1532.4300,766.2400,464.8990,571.7120,746.6110,665.5880,664.1280,850.4700,893.3150,678.7140,493.2200,350.7830,329.7690,337.3180,401.3510,388.7430,455.0110,762.8280,1266.1600,1443.5900,1256.8800,1060.2800,732.4750,635.0500,538.8630,467.1880,479.9090,351.9330,306.8970,315.0210,427.7050,587.6170,509.9790,290.2080,246.8880,421.3390,531.0070,548.1410,564.5960,486.7000,404.6680,440.6190,470.8700,397.3650,298.6820,173.6570,69.6782,118.2260,160.4310,153.6090,157.5620,199.7450,300.1380,403.2850,484.8790,583.7050,555.8560,493.6080,449.2240,392.7560,379.7110,305.4800,84.9075,185.7360,344.2270,395.6880,208.0330,99.6254,30.9167,140.3950,297.0870,460.5510,465.8480,453.0200,388.8680,296.2980,95.6138,188.5040,340.5010,326.3930,161.8510,117.8120,194.0690,191.4810,192.0740,37.1463,79.8596,86.1839,86.9654,107.3790,112.6320,60.7939,74.4039,177.2220,285.6350,336.6340,368.9750,404.7790,351.7450,266.8070,205.6790,155.3380,140.5660,122.4640,97.6604,48.6311,98.3147,113.9740,129.2200,146.9620,175.6230,215.7840,296.9880,395.6090,410.2210,384.4840,366.6020,298.7830,172.2420,177.9110,86.6921,212.8400,232.1130,344.3220,445.0130,416.4820,397.4360,371.4610,365.9220,370.1590,337.7120,271.3050,184.4070,139.7380,214.8590,291.0340,362.2900,376.6400,288.2580,145.6660,60.7766,128.0040,186.0380,197.9360,213.4660,227.9670,205.9020,181.1440,238.0440,263.7340,250.1780,216.2850,196.1480,191.7330,161.6420,205.1160,304.8320,339.2220,375.4790,339.9050,215.9720,193.3570,186.9010,216.8650,313.0760,420.7770,397.0290,303.8050,256.2140,204.7980,192.1190,163.3910,153.8490,239.8880,383.9900,460.5370,421.9510,384.5610,341.8320,299.5240,217.2040,143.9390,91.1736,56.1756,68.1735,94.4837,145.4760,139.7630,139.8760,139.4840,104.9880,41.0769,37.3121,54.1127,42.6365,70.6741,113.3480,117.2840,97.4613,65.5466,28.4463,26.3141,87.4098,133.5960,166.5000,147.1040,71.5059,23.2952,27.4356,56.7787,73.6586,96.5676,108.1830,50.5800,67.6141,119.7590,206.7740,286.9960,341.7770,358.5330,365.8960,317.6220,212.0340,145.4420,112.9170,102.0110,102.6620,104.3870,76.8991,81.3338,120.4480
49252.1000,34675.3000,23457.9000,36377.8000,44210.5000,32928.0000,24953.6000,21505.5000,18595.5000,16216.0000,12162.0000,8356.8200,6835.4200,6467.7200,4491.1400,4378.9200,5098.5600,4658.8300,5313.5400,5177.2100,4094.5900,2832.0800,2164.3700,1816.6700,1367.9900,1420.5300,2588.0900,3036.9500,2828.9600,2674.5600,1560.6600,686.9350,428.3410,507.7040,406.9360,285.3920,321.9340,464.0940,449.5780,389.0340,536.4970,847.2920,1147.9800,1360.1900,1584.1200,1761.2100,1406.4200,1055.2300,943.9940,612.8730,348.5870,365.6260,404.3390,390.9870,295.5600,306.5110,386.3790,386.7980,478.4370,584.0060,587.0910,552.7520,392.6300,161.7400,453.4740,957.5700,1552.6200,1777.1300,1611.6500,1714.1200,1096.4900,733.1910,625.9600,399.3500,429.8410,657.8390,846.5500,1013.7300,1117.9900,1385.4300,1473.1100,1133.5500,932.0850,496.1310,254.6240,151.8830,274.6000,731.7770,1186.7700,1233.1000,1185.2800,1067.3300,932.4630,709.1910,606.0110,525.5440,354.4720,231.6270,197.3950,306.3060,489.3230,521.5870,376.1400,291.8740,331.1140,428.7210,486.5940,536.0110,530.7160,395.3530,233.7720,163.8700,160.4710,139.6440,111.4680,85.6820,93.7768,113.3800,130.7620,142.8270,87.4695,59.9795,176.8580,355.2180,446.5100,430.1330,471.4290,523.8370,630.7320,720.7960,695.5750,475.6330,404.9900,128.4110,103.0620,167.9990,224.3460,224.5450,259.0540,316.5250,394.2260,454.4580,484.9410,433.6600,423.7250,284.3990,183.1240,184.3600,205.2130,259.6340,234.5110,138.5370,114.0180,154.6510,148.7770,139.9800,110.5260,106.3020,70.0580,136.7910,196.2900,235.3570,250.3710,235.4810,229.0630,276.2440,309.7780,252.9080,178.7380,145.8720,124.0880,83.4955,64.1578,113.4750,234.7440,308.7990,397.6800,368.6880,215.4860,166.9330,162.8110,258.2380,425.8940,443.5040,436.1210,428.3830,349.6080,239.7150,181.2320,95.0888,73.5225,90.1069,171.6230,230.7430,199.6190,180.2800,139.5910,167.1350,222.5280,245.9290,248.9880,245.8120,248.9740,247.4040,262.9790,244.4890,174.4100,127.3670,99.1231,74.5564,129.3760,118.7610,128.1950,146.9580,215.1970,241.0440,187.7000,162.8830,193.7920,226.5000,212.9660,143.0100,123.1240,140.1860,216.3630,336.1070,368.7520,347.8660,319.2780,176.7670,137.9130,176.2310,249.8560,321.9470,369.5970,340.3460,286.3470,250.6580,237.2950,203.5630,177.3490,202.1150,284.4870,359.8100,361.6570,309.0000,259.8650,238.0480,203.7780,139.7840,103.4780,90.2624,89.4879,95.0090,111.3180,141.7860,135.4720,150.6630,168.9640,183.1990,173.4320,151.0670,135.7340,137.7540,134.3670,125.2810,100.2160,100.4470,114.0670,118.1390,117.1680,97.1708,115.3870,52.1364,80.3264,54.8488,83.0828,104.0180,130.8190,142.0410,148.5000,145.6630,97.8419,52.7634,97.7905,221.1160,289.2090,278.1270,256.9990,233.4780,188.4900,113.0590,53.6185,26.6965,25.6126,20.2253,15.1520,25.6777,42.0613,51.1876
50148.4000,35288.6000,24195.5000,37387.4000,45188.4000,33719.6000,25592.4000,21963.3000,18991.5000,16581.3000,12487.5000,8680.8600,7189.4000,6877.2700,5106.1500,5156.0000,5985.2000,5683.9200,6350.0700,6276.0700,4895.3900,3840.3700,3215.3100,2620.2800,2197.1000,2205.0200,2722.0200,3490.9400,4687.7500,5619.8400,5888.5000,4430.4100,2433.1500,1069.1000,1764.3400,2551.3500,2533.0900,2111.9200,1817.6100,1609.4400,1435.5400,1439.1000,1762.5100,1670.2500,1641.6100,1556.7000,1253.6400,1035.6000,883.5000,584.5210,351.0990,339.5510,338.6430,432.9570,713.4970,823.6620,798.7220,785.5100,711.6450,645.0820,559.6680,505.1780,423.0090,96.0064,331.4890,647.0400,1134.9300,1402.2700,1270.2900,1365.2600,825.4850,342.5610,137.5320,322.7220,185.7670,368.9070,284.2900,241.4340,301.3630,496.1380,759.6480,685.5530,345.2930,212.5060,444.6890,466.5430,437.7280,194.8580,485.8460,516.6830,502.9060,486.0640,434.4060,377.2020,328.8970,304.7920,325.5420,197.9280,145.1510,177.3300,260.0360,333.4270,176.6390,98.6705,296.9300,549.8350,624.6340,656.6780,623.2270,587.0860,540.6960,384.1260,252.5450,123.2260,87.7130,124.7080,253.1970,336.1940,337.7000,349.6330,359.6440,435.2610,472.0000,558.4190,640.2490,556.0740,518.4380,513.0240,566.0340,632.9350,579.1800,460.9120,547.7630,364.4880,358.4350,261.7420,177.7080,109.0290,216.8580,303.5590,446.7240,522.2990,556.4970,485.9690,400.3500,249.6500,132.8060,123.4140,88.4775,66.7271,133.3330,219.7890,227.7140,190.4020,173.2820,155.8920,134.7890,91.6952,81.1048,124.8920,159.7070,174.4840,177.7710,236.8760,313.3400,417.0940,450.5440,379.3080,280.8120,220.0060,180.9600,191.3900,198.8510,161.6480,290.6570,408.4600,450.1740,514.8960,566.4130,507.7510,330.5870,192.3290,233.9390,342.6450,380.1580,377.3960,301.6940,177.4620,94.0216,130.0630,216.3430,249.8520,318.6860,351.1880,271.1440,252.0750,134.0890,89.8017,175.0440,256.2330,278.2110,256.7280,233.2520,275.3800,348.7560,391.2500,325.1640,217.2710,144.4500,179.2250,270.5260,293.2480,290.3560,270.6470,276.7880,244.6860,175.0650,175.5770,192.3170,196.3640,178.5760,126.8010,95.6657,89.4408,139.4920,255.9410,330.0520,342.9080,351.6160,209.2180,116.8610,161.0270,255.9100,359.2720,398.8060,407.5050,392.4510,363.3900,306.7960,277.0110,204.7830,160.7230,232.6720,341.3920,362.2430,320.4380,276.0800,226.7550,193.1650,140.9650,94.2795,56.6361,36.7780,38.7027,56.1624,103.7750,121.0520,130.2410,127.2500,123.5560,113.1750,122.0630,142.5770,129.0810,109.2760,102.3860,95.1617,96.4729,110.5690,141.8900,171.2240,126.8720,77.1607,28.1293,48.9394,82.1380,120.7740,153.0140,180.0730,178.6660,151.3690,102.8240,49.8211,126.3560,207.4820,278.9520,310.1070,353.1520,363.5100,312.6630,245.8720,152.4000,127.4100,108.3570,58.1925,30.2364,46.2513,84.0803,96.4199,85.4390
49864.2000,35257.9000,24186.5000,37418.9000,44905.9000,33201.6000,25266.5000,21708.3000,18912.4000,16396.7000,12397.2000,8721.3800,7205.1600,6898.7100,5031.8700,4927.5600,5615.9200,5280.9800,6084.0100,5978.0000,5153.7700,3862.2600,3509.0100,3117.5100,2639.5300,2389.4100,1993.8600,1865.0200,2007.2700,1864.5300,1830.8000,1848.4300,1823.1500,2070.4000,2458.4000,2904.7800,2601.6300,1648.1900,1044.5900,1330.8800,1598.5000,1609.3300,1595.5100,1703.6700,2149.3200,2404.6700,1950.0900,1228.5300,775.4730,476.9130,468.1930,491.3490,492.1790,405.9720,410.0590,409.2030,482.4070,530.8800,637.5070,789.3480,920.7890,1101.9500,1212.4600,934.7010,486.0430,267.7910,719.7590,1069.8900,1253.0700,1390.8700,950.0170,453.9350,208.7890,218.3100,180.9840,321.1740,276.4770,246.6310,290.4520,445.6000,618.4860,561.1740,357.9300,192.8680,170.7140,158.0880,204.3900,327.2470,707.0340,661.3420,564.5630,393.7280,204.1950,151.8080,201.4000,229.2950,185.0650,395.9560,619.6750,769.3650,887.7820,865.9800,582.7010,319.2790,359.4310,659.4000,809.8980,788.2820,746.0780,664.4960,544.2870,368.0630,224.9450,232.9630,257.6670,315.7790,394.6150,365.0700,299.9190,248.4660,202.7070,151.2280,115.7880,202.8490,369.5380,423.0430,438.7310,457.5520,494.5980,584.7800,609.2970,494.1310,523.3190,286.6010,202.5410,64.8831,55.6860,105.2400,154.9650,215.5130,286.8760,346.9680,405.8870,386.6290,338.0060,211.7820,201.1090,301.4600,360.7030,316.3390,303.1530,329.3480,342.2850,318.2520,312.7310,293.3430,279.8800,294.4940,358.9260,396.9300,379.5570,349.9160,303.1690,233.1870,238.1410,317.3480,420.2080,436.4290,382.3800,329.3850,282.3320,277.3720,278.4410,187.2620,164.1460,221.9230,253.6900,296.2460,322.7820,285.4380,206.1040,227.5590,375.2490,438.3050,443.1380,411.6650,322.5610,197.1640,98.8121,20.8453,65.0671,75.2973,173.6560,231.7870,326.0240,387.7910,289.0960,181.3320,166.8970,260.7970,283.6670,283.3280,211.0460,134.7490,176.2500,263.0340,264.0130,179.3250,127.0540,180.9670,266.1190,289.5700,282.1330,249.3340,248.5180,244.5680,228.2100,250.3300,258.5540,242.1510,198.9570,159.5630,180.9510,183.1940,186.5060,267.0110,347.8850,371.0080,346.0680,208.1470,98.7212,145.0990,264.8520,359.2120,394.4390,368.6000,318.5230,306.9710,272.9950,235.1500,208.1890,228.6100,288.0810,368.9360,396.1460,346.2260,287.2620,267.6440,220.8470,183.2360,159.4320,151.8980,136.4450,100.3860,59.3479,46.3062,79.4893,129.0170,194.7750,198.3300,161.4020,143.0610,142.9240,141.8680,140.9730,106.8380,62.1353,42.5533,42.0945,47.7551,84.2242,77.1017,87.8402,71.7329,33.9567,37.0320,49.3905,115.0240,171.8400,170.5370,177.4030,148.2850,68.9577,44.8836,107.4490,193.5450,262.6500,283.3310,249.4630,210.9890,158.3760,161.3610,186.5560,181.2230,141.4120,100.1680,56.1334,55.9036,77.0743,51.3595
49246.0000,34718.7000,23584.5000,36475.1000,44174.3000,32899.0000,24999.6000,21528.5000,18659.7000,16334.7000,12349.7000,8571.0800,7107.8500,6788.1800,4881.6600,4849.3500,5560.6200,5176.3800,5947.2700,5862.4000,4914.3900,3622.0600,3191.9800,2837.9300,2272.8900,1967.5500,1541.7100,1331.8400,1360.8700,1121.0400,947.9480,729.3740,578.4810,343.1120,263.7180,238.5720,129.4880,159.8000,271.1180,337.4300,434.0700,739.5560,1199.5100,1469.4100,1746.6300,2092.0100,1818.8600,1390.4600,1123.3700,659.1430,425.3530,501.0700,581.3250,552.7550,599.4500,659.6920,751.5390,749.1340,731.9250,825.8180,906.7300,963.4730,966.7340,612.1730,218.8370,289.8630,913.4450,1314.4100,1279.4600,1479.2000,955.5240,530.1910,261.8590,287.2910,214.7700,458.4940,347.5160,261.9960,309.3370,447.9950,597.6050,620.9620,590.0890,513.4840,428.3690,301.5770,219.3600,322.6840,697.9480,720.2630,678.5060,650.2620,562.0610,413.9020,376.2380,394.2660,297.0820,238.3550,248.2340,288.3640,335.5580,388.3050,189.1520,211.0460,185.4940,383.4590,413.5790,335.9230,338.6730,279.8900,241.4030,240.5540,307.4310,438.7060,508.0200,445.2850,410.4220,331.2960,294.0000,222.7370,135.0400,79.9419,96.7075,240.5520,424.3980,537.5470,631.2350,708.0350,787.0320,828.6190,772.0850,505.8080,463.2600,149.0880,338.4170,222.9740,232.1090,194.7420,236.4460,311.4470,420.9300,481.0530,509.5980,443.9630,367.7710,220.8760,112.4800,125.5980,140.9480,138.4280,196.8240,260.8810,228.2210,194.7480,190.3040,236.5440,256.5610,167.8810,118.4190,172.7010,208.6750,197.7250,198.2100,203.8760,237.6730,338.0920,426.1880,362.6940,275.2290,163.2580,27.6890,85.0187,122.4630,137.8780,116.2550,193.1320,231.5770,273.5010,316.7800,269.3940,193.9100,280.0260,462.7630,503.7000,502.7580,455.1320,343.0610,180.8580,66.5246,56.5346,101.1680,73.9280,141.9410,210.4070,303.1200,395.1820,304.7910,207.4850,213.2450,255.2240,269.7240,280.1870,245.9710,179.7600,196.2240,270.4780,233.9850,115.5410,68.8695,144.2760,262.2380,306.3590,275.8890,253.3340,224.6600,177.9490,96.7716,69.2104,39.9317,53.1961,50.4483,41.5285,84.5466,119.1120,135.5810,169.9370,237.9100,303.0180,344.9220,282.3140,136.0120,90.8365,131.2500,243.8590,315.1570,336.7480,316.0460,291.9240,260.1120,244.3830,207.7920,150.7240,162.2780,233.9860,247.8690,250.0440,278.2120,288.7590,266.5690,203.2740,168.2960,169.3510,140.2540,116.7770,99.9230,99.2277,102.2180,91.1173,109.8190,118.0790,101.0800,95.5991,96.7102,93.3047,65.3536,23.2104,28.5800,29.5245,68.6481,72.7555,119.4650,94.4113,80.1806,39.3595,49.7397,77.7539,112.5860,164.6240,194.5660,192.5830,169.9040,134.2830,40.8884,74.9046,135.6930,185.3380,226.5390,281.9520,312.9940,305.2100,277.7300,233.6420,189.3520,199.4560,176.0200,99.1379,54.2131,76.1587,110.4830,106.9640
50025.0000,35189.6000,24117.2000,37202.8000,45015.3000,33688.5000,25631.5000,21932.0000,19019.4000,16618.1000,12479.0000,8711.7900,7204.3400,6782.6600,4928.8200,4885.9600,5576.0300,5264.2600,6014.5200,5867.3900,4956.2100,3628.5000,3231.5400,2835.5300,2295.1200,1965.5100,1514.2600,1311.1600,1312.9600,1084.7600,921.3610,762.0000,642.2940,407.8270,290.7650,292.8620,179.1000,109.9500,183.1750,227.5400,300.2070,585.6270,1078.1700,1482.4400,1881.5000,2087.7600,1765.0000,1282.0500,852.8170,640.7880,959.5660,1235.8400,1385.0700,1066.2600,786.6860,595.5330,425.8240,314.0110,344.6080,528.7200,581.3610,544.2860,656.0910,534.4370,242.6130,244.9550,756.6590,1169.0500,1136.5000,1423.6900,988.2570,571.5870,269.8250,222.2290,303.8110,564.8540,499.1580,371.0690,294.9640,348.9820,404.4380,269.1460,93.8063,117.4290,281.2330,387.2260,421.6480,673.9740,919.6310,893.1370,818.0630,676.7820,506.1460,273.3990,211.0750,247.7260,185.9530,121.5700,159.8730,200.6830,301.2910,291.4390,104.0580,117.4700,361.9320,616.9740,665.2380,656.4860,602.1110,446.1880,329.3590,235.7250,185.5820,149.5320,148.1420,140.0820,115.6690,108.6210,122.3400,122.0140,79.5741,129.7540,208.3490,342.5720,526.4810,551.0560,547.3910,555.4880,614.6680,691.6930,656.4530,470.7690,483.2100,240.7200,125.1500,57.1195,123.8900,165.0860,254.6460,400.2980,532.4320,525.0510,500.1890,469.1960,414.1700,321.3410,240.7490,255.0120,249.3510,151.4180,99.5714,24.7228,27.1284,27.1933,87.5587,109.1480,130.5880,143.0130,139.7300,155.4080,151.4040,144.4120,155.1130,201.9290,295.5860,390.7940,425.6800,335.5440,237.3780,155.3280,96.1759,95.5017,118.6870,123.0650,165.9960,268.7360,313.0380,355.9550,414.1350,439.9940,387.9320,413.1750,554.9130,577.5910,515.7940,415.2930,259.5950,108.1150,85.7919,160.1180,205.6540,161.2150,106.7750,116.9880,226.8540,305.7690,210.1890,103.5970,154.3530,266.0750,301.3310,310.5050,264.8980,215.5690,208.1930,204.9470,198.3180,163.3420,93.6113,113.7560,224.2900,245.0110,235.5490,212.4360,201.9050,177.0130,128.0010,103.0430,87.8783,85.0211,55.8367,56.4548,91.8460,126.7910,187.2400,274.5950,317.9290,337.3850,318.2940,222.3710,90.9924,65.2270,154.8390,245.7930,316.8320,315.1250,282.0810,262.2080,240.0380,217.6010,181.4660,142.9130,165.6390,250.2620,270.5650,224.8710,212.4120,211.9560,201.7330,182.2630,153.0750,130.2550,129.6780,140.1540,131.9700,149.0470,153.1090,144.9920,161.4220,167.7860,150.8250,131.5730,144.7250,140.3220,133.3300,63.1572,48.7971,38.9408,50.3203,67.1577,97.8353,83.1313,61.2349,54.7967,63.5949,95.8896,129.6850,173.5410,180.7230,170.5830,147.1960,112.0080,82.4682,127.9250,197.9610,252.5120,278.5000,275.9320,257.3910,240.6640,224.9440,220.2640,221.4410,209.6520,159.2790,80.4419,68.8346,144.2230,165.7590,119.2540
50032.6000,35398.7000,24319.4000,37553.7000,45079.4000,33383.3000,25389.0000,21745.6000,18901.2000,16371.1000,12365.6000,8669.7000,7146.4000,6865.5500,5036.4900,4940.4600,5639.5300,5274.2200,6000.9600,5870.6800,4947.9100,3598.4800,3172.1500,2785.0100,2227.5900,1917.2100,1439.0900,1196.4000,1249.6300,1002.0500,839.5800,637.8470,529.6560,302.6800,161.3050,132.7630,58.4209,115.8850,203.3470,258.4340,353.3430,607.2280,1029.6800,1270.7300,1543.9500,1791.6200,1565.0100,1294.3100,1133.4200,808.4340,637.9470,817.1460,1032.9200,1151.8000,1261.9400,1265.0300,1186.5800,1046.6600,1076.2100,1073.9600,958.3490,772.8200,520.2840,237.5430,410.4270,636.9790,936.8700,1066.1700,951.9510,1398.3100,1127.2000,1087.5900,846.4670,434.8990,352.5970,576.9540,670.9940,648.8400,623.3560,723.7590,765.8450,614.8020,444.2290,352.2720,383.2800,373.1480,253.5260,503.2880,944.0990,1013.1600,959.0450,778.6560,593.1910,448.4010,444.2820,422.6460,260.6160,130.8590,51.2933,118.8190,281.4970,336.8570,216.3180,116.7190,292.3130,604.7050,727.5690,782.2090,759.6850,684.6090,610.7170,485.3730,369.1090,310.3160,248.4020,172.7420,123.8760,95.0299,49.2598,55.8096,142.0490,337.9160,443.4670,545.3350,650.5940,588.5490,533.8690,501.5090,512.9600,478.9010,324.5880,315.8980,283.3810,219.6230,166.3060,79.7739,146.9970,224.8190,307.4130,401.2020,433.9740,450.9710,486.2810,455.1740,437.5420,301.7890,200.9100,230.9520,243.7850,156.9660,93.4580,151.8850,182.2140,165.5260,58.1453,108.5830,187.6570,185.8810,202.0950,256.2440,280.9910,296.3190,283.9390,331.6020,384.8900,462.7680,501.0590,470.3530,385.3720,293.0780,197.6270,117.7500,94.7461,78.7841,142.0500,210.7130,247.2440,263.6030,297.0850,293.1360,300.3040,398.9220,536.1390,548.8500,514.4550,465.6280,331.5070,128.1540,58.1663,127.8230,166.3800,150.6630,209.0590,279.4660,278.8580,344.7310,219.9370,111.6950,109.1540,185.2490,227.6240,232.5560,223.9820,213.3320,234.5580,237.6550,173.7990,92.7874,43.6539,106.1210,218.7560,229.2720,205.0220,157.6640,146.2970,145.7160,100.5340,85.1100,82.2096,70.1869,69.9459,106.5350,146.6380,127.7250,167.0940,308.9700,384.4020,396.9110,393.5750,262.8960,93.6811,90.5543,165.1940,299.9030,380.0070,338.6180,280.2200,206.7580,164.7800,111.5720,80.3860,96.2186,157.2260,265.0350,327.2820,279.3520,245.0860,228.4190,219.7770,197.3410,156.2190,118.1460,100.7490,74.2190,63.7331,66.9239,89.6975,135.9060,193.1370,208.2060,150.5640,131.8390,144.9770,141.9280,137.7860,116.1660,118.1200,129.2900,127.7050,127.4900,130.0960,112.1920,84.0668,93.4427,137.7630,178.1100,209.2040,247.8580,261.1480,207.9420,146.5270,102.1990,71.6799,124.4150,191.3900,241.3880,244.9860,255.1480,262.5700,229.5540,197.6080,158.0720,157.8690,165.3060,153.1710,106.0410,89.9299,113.2850,111.2440,92.4114
49245.1000,34828.0000,23674.6000,36590.1000,44249.8000,32901.9000,25018.2000,21549.8000,18674.4000,16314.9000,12390.4000,8609.1000,7086.4900,6832.0400,4928.0300,4816.2700,5540.4700,5177.9100,5930.1700,5829.6600,4892.7000,3577.8700,3149.6200,2772.7600,2227.9700,1953.9400,1493.5600,1282.5100,1359.1400,1090.5900,917.4820,707.6570,598.5300,339.7110,220.6320,238.3890,132.6410,137.1820,239.1480,280.0010,355.0460,607.9600,1060.5500,1391.2500,1713.1900,1920.5400,1636.9000,1272.2500,954.0900,513.3180,340.2810,510.3260,601.9950,494.4550,475.3320,493.4590,567.3290,517.3300,568.0190,660.2930,752.8950,871.6200,1017.0100,844.6160,420.8550,310.7970,913.7730,1338.2000,1412.5200,1540.2000,932.5360,581.3020,393.7600,402.9890,173.5500,208.7970,377.7780,408.1750,281.8780,401.6040,574.8840,495.5020,350.1330,284.2890,386.7040,400.4190,232.1200,220.1370,660.7750,796.5770,812.6320,691.4670,483.0790,304.1270,299.0770,305.8910,204.0650,116.0680,124.2030,163.7220,279.6880,294.3620,145.2250,137.8270,373.4330,601.5150,657.8950,653.8180,596.3260,488.8020,412.6420,335.4100,259.9220,250.6550,236.6860,217.5960,259.2350,235.2370,179.4740,158.5730,168.6830,89.0383,113.6340,283.4360,510.0110,649.8930,769.3960,828.7090,913.5880,873.5850,724.4820,493.3660,319.6420,108.6250,97.2442,66.5946,79.4148,67.5742,135.0370,214.0660,300.9480,329.4550,398.5380,385.8930,384.4480,270.5220,167.9040,185.9790,164.4990,117.3810,91.1265,114.8550,144.6530,143.4970,77.9905,89.8745,172.1370,188.2900,186.1040,230.8330,234.9380,208.4490,204.3020,236.8990,281.8000,361.9470,428.0150,378.1150,269.5870,183.1180,95.1008,31.7751,44.0557,105.3220,215.7340,265.8790,290.8130,299.4010,332.4300,317.2860,270.5860,317.8530,440.5790,479.8640,465.3300,452.1330,356.8180,223.7670,130.1620,78.0938,81.4309,98.9190,158.8410,182.0370,218.9480,275.0710,166.0200,112.3540,78.3389,218.6240,255.0460,257.4870,231.5400,158.5010,121.9060,135.1460,114.7370,87.8775,117.8920,128.1950,174.2400,168.7360,156.3660,132.5810,108.6070,117.9470,123.7250,110.3360,50.7250,58.6083,90.6142,84.4652,55.3258,59.8564,111.6590,209.8680,242.1830,285.3380,286.0860,211.5000,102.3420,92.8626,117.2350,241.3150,319.9620,310.4470,270.4400,205.8180,132.6250,100.3900,110.3350,124.2070,170.0290,248.2340,274.9830,246.7390,246.4050,257.4480,252.0220,185.1060,125.9710,111.7700,92.7524,88.6699,100.9090,143.1610,144.6530,161.2650,182.8570,183.4600,131.0050,125.7310,155.9010,137.9870,99.8905,41.9177,53.3576,84.6956,112.9830,134.9980,140.3730,109.3630,77.0920,87.4899,121.3640,152.5850,176.2310,198.3800,194.8360,150.5990,105.4260,62.8127,31.6026,96.8145,153.0350,191.0500,227.1650,269.0810,262.7010,192.9760,148.6360,123.8560,124.6930,130.7250,98.9192,29.4830,38.9838,100.3720,94.7878,64.2251
49953.4000,35130.2000,24036.8000,37136.2000,44984.7000,33677.1000,25621.3000,22016.0000,19087.7000,16691.0000,12530.6000,8734.1300,7270.4800,6887.1500,5002.6000,4938.2300,5608.1000,5265.0400,6011.8900,5861.5200,4928.8100,3630.3600,3204.5800,2836.8400,2260.6500,1944.7800,1507.2300,1295.4000,1337.2500,1077.8700,909.1630,693.3950,558.8160,302.9780,199.3390,200.2640,113.5450,141.8350,219.0100,263.4020,378.6640,641.7620,1082.0500,1381.5000,1671.4600,1857.7200,1583.0700,1235.8200,950.4830,532.2140,356.4370,551.9290,693.1190,651.6980,657.9110,659.3460,672.4360,625.9460,670.3300,768.1680,807.2890,812.7840,796.9630,518.6520,275.9520,534.4870,1099.6100,1454.0000,1363.5200,1488.7500,907.6520,439.0600,166.2050,297.0340,271.8490,497.8280,408.1880,337.0760,443.4800,559.2180,662.4310,504.6920,325.7850,341.3150,494.6380,468.7950,252.9640,408.7630,832.5300,910.0600,862.5380,710.1190,555.3400,415.1810,360.7480,320.6120,206.2570,102.7430,89.2747,176.2590,363.6120,409.7510,261.0820,139.1370,246.6600,513.8930,611.5230,656.5430,597.4850,505.8880,489.6820,440.8200,357.8870,271.6960,178.0880,62.6643,64.7692,103.3530,128.6960,145.1040,214.9690,326.0010,411.5830,465.6740,564.9400,569.6050,564.6410,525.2920,613.4670,651.8330,574.3110,582.9280,634.4560,410.8270,264.3830,260.7950,311.6920,359.9890,483.4720,641.8570,719.7720,607.2330,506.5890,467.3380,382.0880,338.5720,259.2240,204.8140,147.7790,95.2610,76.8246,78.3735,37.4077,31.0437,100.0580,129.1390,130.6070,123.1280,119.4400,146.9160,159.1460,178.3220,225.8120,267.9740,317.7650,384.2970,444.2300,421.1290,318.9220,260.4370,161.3880,83.9439,58.2933,82.6662,172.4100,265.8480,292.1580,304.0210,294.9470,269.9340,241.6050,313.3910,455.4940,476.9110,429.0410,359.0670,219.0930,87.9747,62.1467,124.0700,180.1760,142.5950,194.8090,206.0270,249.4800,290.5200,155.3580,70.6271,109.7610,210.9210,240.2220,250.8150,260.1610,239.4340,235.5370,229.7010,206.2040,133.5570,56.9830,87.2237,205.8650,222.2110,200.1510,170.7960,136.9020,66.1679,58.4522,40.3706,41.6807,35.8401,69.1004,103.7520,86.8028,113.1820,165.7690,262.8560,300.4600,326.5940,332.2240,236.2110,102.9750,64.8316,116.0660,230.6020,317.7880,299.0100,242.8430,187.6060,160.8840,149.9290,134.5600,153.7700,223.0940,298.5300,321.6120,290.1210,294.6790,295.3130,284.4220,229.1750,141.5470,109.9370,109.9150,100.6380,102.5430,140.0750,170.3510,206.3120,244.0990,245.5690,191.3950,167.4250,155.4840,110.5830,70.2284,39.9522,95.6013,99.1285,93.8825,86.7550,91.2449,74.1121,70.0498,123.5430,173.4540,168.6380,164.5310,172.4330,188.7740,157.7590,137.4460,111.8300,49.9389,91.5754,100.5460,133.3910,161.0940,181.3850,168.5780,130.2720,98.3267,120.3760,163.8850,183.9390,143.7520,99.0971,71.5674,97.7152,141.2010,128.2890
50237.5000,35505.9000,24432.5000,37677.2000,45246.2000,33574.8000,25549.9000,21843.1000,18983.7000,16438.0000,12405.8000,8725.9700,7222.3200,6926.3500,5082.7700,4948.9900,5627.2500,5290.3200,6017.9300,5855.3600,4950.5500,3604.4500,3209.0300,2823.9200,2261.3900,1942.8500,1491.4900,1258.7200,1275.5600,1041.1700,848.1510,670.1300,549.8940,303.7770,176.9880,184.0540,73.5662,56.9567,136.3730,190.6680,300.7250,557.6870,1000.3700,1302.7900,1608.0600,1828.9900,1594.4500,1276.5400,1013.0300,586.3080,388.0010,596.8190,747.4250,691.6190,670.9640,637.8450,635.1080,557.6460,575.1680,635.6120,638.5620,661.5220,716.5610,483.3890,336.5390,220.2400,814.8350,1172.2000,1324.3500,1632.9800,1178.0500,686.8300,270.1330,270.0950,359.1870,488.5950,315.3880,176.8730,271.6800,377.1190,407.8810,428.8390,391.9650,346.8390,379.2550,329.3800,231.9990,447.4200,769.8560,800.1690,736.5160,639.4250,493.8210,335.0190,300.0560,266.0770,145.1920,67.5824,114.3670,225.6470,384.4500,393.6490,221.9940,120.8760,275.4440,515.4670,592.9360,610.8400,546.9370,431.0810,376.7480,308.0450,233.5860,195.5120,162.3700,120.6750,121.5560,107.3670,72.6546,87.2830,88.7910,163.3420,229.9080,341.5470,456.5380,422.5120,377.8600,370.8530,358.7140,346.1100,302.5200,146.5760,308.9120,248.4420,239.0800,56.8899,108.0760,252.2180,388.2670,562.4500,665.0950,611.7570,541.6210,479.1660,376.8290,289.5850,193.4670,159.4710,138.2320,157.4650,250.9070,312.8510,195.7280,142.6770,258.5940,283.5680,274.3510,202.9790,143.9750,157.3280,214.0500,258.5780,271.2970,280.3770,352.9490,434.2720,468.7600,390.2510,278.1850,196.5870,107.6100,63.8687,65.2011,66.1782,173.4910,269.8260,296.1820,311.8540,310.6190,294.7470,238.8510,268.2920,376.4870,399.7520,372.7170,335.4900,240.9400,132.7040,85.5558,45.8566,57.1466,128.4890,250.5490,342.8670,411.6250,451.6830,273.0960,149.3900,205.3120,296.5390,325.6200,317.4730,261.2860,138.9050,106.4000,147.5030,151.2440,91.8582,43.7538,102.6950,189.0930,172.4490,131.2750,92.7354,46.6102,59.2752,107.9200,112.3900,84.7708,88.0744,123.3180,125.2100,59.6136,31.3323,32.8468,126.0640,195.2410,267.7770,300.1200,239.5770,138.6740,57.6614,70.3398,196.3660,310.4850,323.0370,292.1360,226.9370,202.8780,210.4060,180.4750,158.5550,201.0200,269.8740,290.2900,273.8260,251.6400,269.4270,270.9220,222.4450,158.6460,160.9920,150.9360,112.3980,96.6458,114.2250,115.5730,131.6530,150.5430,158.4510,127.7130,104.3940,96.8246,96.8539,104.6850,76.8033,128.0950,144.6050,137.3180,135.1560,106.6930,59.1351,51.3871,101.0560,161.6630,164.5830,180.3470,185.9420,190.9530,166.5300,124.7720,81.1873,19.0985,79.0188,113.3140,138.5360,144.4870,178.8580,189.6810,165.2870,135.3460,110.6050,121.1730,145.9990,147.3260,99.1795,79.2004,120.8730,138.7300,111.5480
49383.2000,34954.0000,23802.4000,36764.5000,44326.4000,32885.5000,25030.5000,21523.4000,18670.3000,16230.9000,12329.3000,8598.5600,7073.4600,6826.0300,4915.2900,4796.4700,5532.7800,5151.5100,5894.5200,5820.6300,4900.7200,3581.9600,3152.2200,2769.1700,2226.7100,1952.5100,1512.0500,1314.6600,1376.6300,1114.8900,938.8350,743.5450,602.6180,330.2610,215.7430,230.4170,128.3230,121.1190,200.4130,236.1660,334.0490,601.3930,1065.2400,1392.3700,1709.8900,1921.7700,1624.2900,1262.1800,966.2390,543.4730,377.9650,588.3750,731.7840,664.5290,650.3890,630.2830,637.5460,581.3030,611.2430,703.6650,742.4060,776.3830,783.5290,493.6860,224.4430,283.1450,864.4440,1244.8200,1241.9800,1487.1000,1011.7600,605.4250,315.5150,176.1090,238.1120,533.1990,496.3480,438.5800,417.6560,542.2670,643.2450,577.7980,473.0420,545.1310,799.5590,858.2160,650.6130,476.3840,597.4930,767.7190,838.3620,795.3610,708.0410,566.1150,481.0830,400.0930,266.9860,147.4530,140.3010,181.7650,349.6180,375.0070,207.5130,115.8950,287.8950,519.1660,587.1890,598.0290,542.2470,464.6700,415.4930,345.7980,255.4060,167.3400,84.4039,15.2184,37.8049,58.3361,98.5067,146.9930,178.6490,235.5520,261.2630,252.4520,362.0430,383.1620,411.5630,466.8990,564.6850,629.6190,556.9080,475.8490,386.5460,83.4457,125.0490,307.1570,391.9420,397.8010,440.6490,465.1950,474.9890,404.3300,390.3750,373.0270,287.0420,230.9710,135.3050,109.8480,105.2020,117.6550,117.7100,106.8290,171.6440,217.1110,215.4760,188.8250,44.8802,35.5326,43.1682,9.8242,35.3939,100.7860,182.2310,238.5230,292.3220,354.6150,403.8230,352.5000,274.6890,204.6310,123.8770,67.7360,80.8618,95.3868,160.3610,244.6140,281.5020,307.0760,331.3220,315.1490,274.4390,343.0570,476.0720,496.1360,468.6000,401.7120,259.8100,124.3620,45.9046,69.2031,139.1640,132.7720,121.5890,164.3860,184.7650,299.9330,210.3160,126.8660,65.0921,147.7230,187.8500,214.7990,212.4960,164.4700,175.9530,235.1370,207.6310,144.3840,79.0183,65.8783,169.8430,213.4360,239.0940,250.0640,245.6830,216.0790,166.5790,125.5820,52.9626,19.0638,28.6459,43.9814,56.8149,70.6577,106.2400,213.3580,264.8750,268.5130,259.9720,167.9050,56.6822,60.5894,153.2110,261.7440,316.6590,297.3090,251.6530,222.0420,200.1900,199.7440,175.6520,181.3330,232.3100,295.0830,302.5760,265.4880,234.5220,237.5590,232.3910,196.7390,150.2870,144.6840,156.4500,138.6780,101.2190,78.1852,76.7770,97.1584,148.2850,145.9980,97.5833,94.5029,118.8270,138.4990,129.9030,59.3378,23.0976,17.2357,36.3622,54.5272,58.8049,57.6275,41.8879,30.8621,73.5764,111.8800,160.6260,193.0020,192.0420,177.0220,148.4640,104.9770,30.5601,62.2188,119.9490,170.9680,215.2470,251.2860,244.1560,197.2180,155.3810,140.6510,164.6150,189.4400,161.7720,100.7440,85.5843,119.3930,127.6220,100.7700
49808.3000,35042.2000,23912.0000,36903.3000,44762.6000,33528.7000,25507.2000,21928.1000,19013.2000,16678.6000,12550.0000,8741.7000,7257.2300,6863.4600,4974.5900,4915.7300,5595.4200,5262.4200,6013.4000,5861.2600,4940.7400,3631.9500,3211.1300,2832.7600,2282.2500,1976.3200,1538.1300,1355.3700,1399.7600,1127.4300,932.3560,730.8120,579.6420,313.0490,212.3660,242.9400,146.5430,119.7020,197.8370,240.4330,341.7040,630.1890,1089.2900,1400.5700,1707.9400,1918.4600,1624.2700,1262.3200,969.2070,562.1320,373.6260,555.8400,692.9290,641.6500,642.8190,633.7820,646.9200,578.7300,594.8380,669.8280,701.2410,728.5290,738.0170,442.1350,260.4540,365.2020,945.2520,1286.4600,1246.3700,1474.2200,991.5910,598.0720,325.1260,227.4550,227.0500,525.4360,463.1280,395.1290,336.8730,435.4540,521.7290,419.7580,295.2380,341.4600,528.4590,534.2140,311.0690,278.5360,633.0600,740.6100,722.6880,593.0150,399.8490,262.5640,274.6340,241.6710,117.3340,40.6502,103.3970,251.1160,412.6480,501.7800,396.7150,257.6640,295.0630,522.1960,623.4530,641.7670,568.6780,461.5070,414.5440,341.9450,240.9650,159.9570,98.8830,57.1824,83.7161,91.0595,117.0270,144.8600,144.3820,179.7920,199.8030,259.0100,389.5290,404.2310,435.5340,471.5780,556.9400,615.7550,511.8060,402.3230,422.8870,245.3770,177.9520,75.7068,146.4730,217.2100,305.5770,450.3530,592.7410,639.0580,664.3300,646.6360,595.1400,498.6160,450.3030,433.0580,366.4750,274.1060,219.3390,206.0690,214.3190,187.2280,72.3760,40.1516,118.0770,138.9130,112.5150,134.4740,178.7120,218.2090,273.7100,331.5180,371.6830,388.8640,410.6890,348.2470,249.9680,177.2760,114.5510,81.9075,59.8525,39.2191,162.6860,258.5960,287.1040,325.5100,355.3810,347.0640,268.7070,320.8930,454.8490,464.7050,429.6230,358.3620,231.1340,94.5324,38.4238,81.8056,121.1780,96.6256,146.5870,212.1820,258.6750,358.8580,238.1130,122.2260,88.3409,162.1080,194.7220,207.0060,182.5320,112.8040,95.4143,126.0210,127.1130,110.8900,134.9600,113.4060,140.1940,133.9380,72.8904,70.0428,46.4375,70.1787,73.0781,34.4293,32.9060,90.9479,104.1710,82.2222,47.9620,17.8242,78.4922,193.4110,260.1490,318.8540,335.6190,237.7730,105.2080,53.4426,136.1300,248.4880,304.1720,311.0710,291.6340,273.3460,244.9140,220.7660,183.3220,175.4020,238.2880,332.8670,351.7530,321.2780,297.4050,268.7400,253.5900,190.5610,126.9660,119.5730,154.9850,162.9800,132.7200,129.0840,101.2980,116.2590,148.2440,164.9950,126.6020,101.6570,86.5329,72.8038,57.2383,37.2394,85.9212,92.4572,94.6030,83.6422,71.2364,50.8843,32.0683,53.0376,96.3342,119.9920,143.5540,174.1210,187.8640,162.6780,122.2150,69.8947,25.5297,92.3971,150.5070,201.9810,224.5810,252.5020,275.4510,234.8570,172.4680,128.4900,157.0210,189.8300,157.7880,97.0782,81.8242,113.9860,114.0600,85.6442
50284.4000,35479.0000,24413.9000,37636.5000,45253.7000,33642.2000,25606.8000,21853.6000,19009.1000,16487.3000,12392.3000,8704.7100,7220.2400,6852.9100,4977.8600,4886.8100,5559.1000,5221.6700,5966.7900,5798.3700,4919.0500,3591.6300,3213.8600,2782.9300,2241.3000,1934.7300,1488.6800,1306.6300,1333.9900,1105.0400,892.6490,727.7390,606.2190,343.2790,194.2300,184.6510,69.4696,64.7494,157.0080,204.4540,326.1410,603.6850,1024.7900,1314.9200,1619.8100,1852.3100,1612.3400,1281.9000,1008.3200,592.6750,400.7430,590.4500,721.2830,663.2110,651.4860,628.2340,642.7710,572.2560,562.7980,623.0980,633.8050,642.0270,629.4370,375.9840,254.5060,384.3490,964.8570,1284.6400,1239.9300,1461.1800,989.8470,619.4570,340.6990,195.4650,218.6330,495.5290,448.3080,381.1130,355.8150,466.2230,557.9070,474.4590,341.5440,388.5070,577.9650,583.2710,347.4570,342.7870,720.3990,837.6930,818.4270,669.2110,468.5040,323.7140,303.0610,286.4680,184.8070,145.1110,199.4780,282.1900,427.6720,431.3450,257.2370,136.1520,280.9630,499.4970,546.6420,560.3010,495.0670,433.1910,412.3490,332.3840,245.4820,179.9740,130.6150,69.1887,68.1205,71.0485,109.6440,158.7520,159.4460,225.1060,249.4790,306.8630,460.4520,476.3330,493.2490,528.2260,607.4830,677.6140,604.5970,436.9180,401.8000,163.2720,110.9580,83.9436,151.5740,189.7930,246.6750,351.9640,437.9080,435.7210,433.6670,404.3870,363.8570,296.6040,209.5990,165.5510,131.2630,83.9615,82.6542,141.0960,189.1170,218.5550,102.8400,71.3146,59.0342,91.9206,85.1648,97.2144,158.3780,248.4780,309.8660,334.8350,374.3970,412.0280,430.3170,355.6160,244.6780,219.9810,233.3340,193.8230,137.1410,59.0564,130.7550,249.1460,299.9290,339.6340,360.0620,339.0600,259.5460,303.9880,434.3480,448.6720,427.4320,380.0350,277.9710,134.1460,55.2870,81.6512,121.5050,120.6960,175.7130,212.6460,249.9170,320.2840,188.9870,91.2081,80.9269,181.2850,200.4680,193.7640,159.2590,129.8660,143.0480,162.0690,138.9700,73.3401,37.1555,91.8978,185.4690,207.1800,161.3690,123.5410,71.8886,21.4560,20.9045,21.7765,12.8687,79.6170,86.4675,71.4439,31.4605,20.4749,66.8827,155.4120,217.8220,273.6020,284.1500,224.4010,107.5040,72.8476,136.3660,257.5590,314.3590,297.4800,263.2460,223.5230,202.9800,217.8890,226.6040,222.1040,255.3310,331.9730,354.1070,317.2890,288.1360,266.7530,255.6790,189.3580,133.2830,152.8930,186.9970,169.2250,128.1070,116.9110,106.2700,124.1350,155.3630,150.8040,110.1680,95.9819,106.3080,103.2200,85.4161,28.6648,39.9665,52.2142,63.6327,71.5566,73.6689,53.0825,42.2662,76.0572,119.8730,140.8180,163.1870,189.0560,197.2220,155.3490,112.8500,72.3622,17.4212,83.0922,124.6560,162.2260,187.5860,208.7270,194.0020,146.1220,117.3940,145.5260,196.3400,232.3170,225.2210,150.8400,108.5590,126.7130,131.0350,99.5771
49516.5000,35070.5000,23978.8000,36991.8000,44442.4000,32912.4000,25070.0000,21567.3000,18744.7000,16248.0000,12312.8000,8608.8600,7061.4700,6771.2500,4870.3400,4775.0500,5536.5700,5170.9900,5905.1800,5843.8500,4930.3800,3623.7300,3193.5500,2804.1100,2251.3200,1972.3300,1535.5800,1319.5800,1367.2900,1108.0700,924.3460,723.3600,575.9390,313.5680,208.2290,223.3500,121.5030,125.5750,208.1880,260.4110,376.1220,650.7410,1096.3200,1394.2700,1689.3700,1878.8600,1605.3000,1254.0100,965.3700,550.8890,375.0720,562.1470,700.5760,661.1350,657.5750,649.8500,656.5710,574.9600,562.0720,597.6530,589.9730,578.2070,531.4280,257.0240,257.7670,463.0030,991.9660,1299.7900,1219.9300,1454.9700,956.6510,630.4190,365.7110,173.5830,163.1940,460.5320,456.1000,405.3700,401.2780,533.9870,639.6400,506.0650,335.4910,374.3430,578.2980,601.4200,358.3280,363.2510,769.5810,879.0270,844.9380,671.1000,489.1200,363.3890,344.1780,312.1770,177.5940,111.7540,194.5430,328.2960,517.4770,518.0010,326.6970,225.8620,381.1340,593.4610,642.3180,624.5130,533.3580,439.2920,384.3410,305.5720,207.9430,139.7630,103.7390,83.7258,115.7580,156.6080,193.1470,206.8460,183.4010,249.5680,268.5810,363.4840,509.4190,517.9020,524.9040,540.6380,585.3600,636.6770,571.3040,384.9670,372.2080,145.0270,155.6000,51.8411,108.5970,156.0370,238.2390,351.7870,453.1850,477.1200,484.2460,475.0220,477.2320,417.2910,307.2390,266.5270,242.3950,156.6530,83.7879,116.1390,116.4400,76.1369,94.3830,188.5960,233.7850,244.9470,266.8070,300.7040,296.5950,283.3190,304.5060,317.3060,377.8710,426.1790,402.9870,314.0450,233.3730,158.1320,99.4769,78.8048,55.5136,57.2949,225.0880,298.5450,295.1580,315.9840,311.5250,309.9220,248.0600,284.1220,433.0690,464.8820,435.6810,379.2480,264.8890,123.3740,51.6884,103.9820,160.6520,148.2600,204.5990,239.4560,242.4880,306.9940,163.5160,73.1681,125.9020,238.2790,256.0220,250.2060,205.7670,137.4470,122.9780,138.5860,115.2740,48.1166,55.3852,121.4870,212.8010,209.2400,162.3560,120.3770,82.7733,56.6110,79.0248,93.5148,41.0901,76.4213,98.0437,117.9730,98.5845,94.8669,87.3221,179.0320,212.3610,265.3680,290.4300,212.8930,101.0230,42.6939,109.9180,213.8910,275.5360,278.6670,272.3550,231.9920,231.9370,218.1810,188.5190,201.6680,250.7720,319.5650,369.0680,353.4710,335.1200,294.3020,287.7500,234.3630,197.6770,200.6500,184.5660,160.8430,126.4390,120.0880,103.2980,120.4390,155.0630,170.3270,129.2030,87.0535,85.6682,91.4049,81.5644,38.4267,43.4205,63.8173,80.9324,92.3196,91.3355,67.4487,52.0144,71.6369,103.4260,129.0700,157.7300,184.8100,180.2030,152.0800,122.6790,83.3525,52.7966,86.6282,146.8610,194.0460,214.4910,234.2060,228.0400,181.1230,152.2390,151.3610,164.2150,184.8040,165.9320,118.3070,104.1090,133.7740,134.3070,102.8550
49619.2000,34975.8000,23862.0000,36785.3000,44582.6000,33358.3000,25371.1000,21865.5000,18934.5000,16606.4000,12546.7000,8739.9200,7246.4600,6876.2800,4974.1200,4924.0000,5633.8300,5296.0400,6053.5100,5914.5600,4973.3300,3660.4000,3229.9900,2852.3100,2283.8300,1988.9500,1556.9500,1344.4000,1376.7000,1107.8400,932.4010,731.8600,579.3010,320.5540,222.7260,217.6250,102.9170,138.2990,234.1760,261.7890,362.7300,627.7480,1071.3900,1383.8300,1693.7200,1898.3000,1627.6600,1284.0000,1000.2200,590.3870,405.9770,598.6960,733.4070,678.4560,673.0600,659.8420,663.4440,557.2980,530.7030,569.0370,552.5760,530.3390,482.5930,229.1980,238.0630,476.1810,1001.8100,1299.1600,1234.3000,1479.7100,1008.8000,683.6510,422.2180,131.5060,167.2530,472.9960,467.5950,414.2010,410.8370,536.8830,638.8950,531.9200,379.8170,420.0300,626.0980,632.8140,366.1550,338.4860,756.4530,868.0290,836.1600,672.6180,491.0590,369.5120,371.9000,344.9550,210.0430,134.8400,198.9260,310.9550,498.3150,555.1620,377.8670,225.6210,351.9160,548.3510,575.9200,559.3320,465.6320,405.2450,367.0770,289.4860,189.8030,111.2460,74.7147,72.8097,121.9650,145.9550,151.2830,165.3480,156.5890,221.9210,252.6620,328.2450,474.9400,485.9910,503.4730,521.9670,578.0460,608.8030,531.4770,384.7350,400.4160,191.2270,164.5040,31.9689,69.5211,117.3520,201.2140,331.3210,437.8770,437.8520,425.2490,396.3000,366.3160,266.3770,196.8150,225.6570,227.1810,154.7400,128.4780,145.7540,140.3060,125.3330,26.7696,76.6868,87.8964,64.3871,71.6691,135.2920,193.4250,226.4240,265.6610,336.0360,389.6050,473.0000,466.9940,332.6200,216.6470,123.9970,72.5316,62.2084,39.8229,32.6516,147.1860,225.7410,248.5740,279.0830,284.2460,220.2140,147.8880,241.4190,429.5700,463.6360,446.5430,392.3620,262.9190,119.3960,52.1973,102.2240,169.0810,160.4610,179.2480,202.6600,211.4810,283.2510,161.3710,76.8937,102.8130,200.3150,217.9390,221.8420,188.7850,142.9870,126.5790,119.6610,101.7070,73.1644,69.3053,86.0799,191.3740,177.3630,120.4720,85.5502,74.1304,39.4151,98.9661,69.0052,62.5724,105.3560,117.0170,107.1400,58.1300,33.3931,51.9887,136.5440,193.1380,262.3420,280.5690,208.2190,113.9470,72.2418,104.3390,220.5210,293.0020,271.3970,237.6380,164.7510,164.0090,213.2290,210.5650,201.2940,265.3050,346.7060,374.4420,348.9330,327.7250,283.8420,277.2440,233.8550,155.4450,147.0870,177.4960,152.6160,108.3980,102.7790,99.4280,123.9770,163.0010,170.9140,135.2350,97.5025,94.9350,96.6335,97.3630,35.2093,78.5801,80.6063,87.5371,91.5515,90.6649,65.0513,32.9400,34.4923,77.9089,102.1340,128.2570,147.0420,168.7880,158.3900,136.2580,102.4610,29.7534,75.9779,133.0590,195.8100,232.2970,242.7930,228.5160,191.6630,159.0340,137.8800,157.7090,171.3620,179.5660,149.0980,114.4240,127.0550,139.0440,120.0930
50334.4000,35519.3000,24430.0000,37579.8000,45282.0000,33778.1000,25726.0000,21963.6000,19116.2000,16605.1000,12400.4000,8670.8100,7237.6600,6866.0500,4984.2100,4889.6100,5560.0300,5256.7000,6011.7100,5846.1500,4961.0200,3625.6300,3245.1300,2828.2700,2298.5600,1980.1500,1523.9500,1340.5400,1347.5800,1109.6800,891.6220,725.9870,593.6080,325.2540,200.0930,205.3280,91.5672,67.2974,152.4040,213.3570,316.6530,567.2540,1010.2500,1319.9400,1643.0500,1869.8900,1618.0900,1295.2300,1028.4000,621.5090,403.8660,591.2190,742.4970,690.4830,678.9180,659.8520,666.3790,588.0230,585.0430,636.8590,639.0610,646.8880,650.1350,343.5180,424.2450,478.1800,1040.6200,1306.8500,1227.1300,1473.0600,1016.7200,684.2480,422.8350,150.0670,188.8900,486.9780,468.2670,416.3740,359.6930,452.8830,539.8810,462.6740,308.3410,354.1250,614.9270,667.5230,410.0910,344.1490,702.5410,816.8900,798.6570,661.7280,506.6570,352.5230,323.4800,327.2160,222.6310,163.4420,242.1680,343.8170,513.0820,569.0190,401.8410,260.2270,364.5430,562.9960,616.0580,636.4450,558.9420,495.1730,469.3860,400.4730,316.2120,244.2690,166.2210,98.6136,57.3361,84.3566,90.9107,107.9050,124.2670,194.0760,233.3470,288.2310,416.0630,413.9600,444.3450,499.6540,585.9360,649.8090,602.8640,496.6110,491.1410,217.0170,160.6870,48.3933,120.9510,154.2060,209.9150,308.1200,444.4450,468.2520,436.9330,400.5150,378.5500,286.8560,188.3170,186.0330,191.1710,153.1740,123.1690,116.0420,144.7800,152.7410,89.7923,75.4810,131.5670,159.5550,124.6010,98.9015,140.7160,197.4870,208.2150,252.0460,343.1490,462.2550,519.0310,428.5940,309.7130,207.8850,172.5890,154.6460,126.6620,70.5983,89.4881,160.6280,201.5430,241.7170,272.0840,278.9740,224.6130,242.2180,383.5820,431.7860,450.3780,419.8040,301.5010,147.6860,60.7047,134.3010,200.8350,187.7170,220.7190,228.4350,258.7560,364.1440,278.3290,203.2550,84.1267,102.7270,167.8160,205.8210,179.1100,119.6010,95.6976,104.3690,101.4430,53.7599,42.8424,104.9970,193.1500,184.8820,147.5370,103.0180,64.8053,27.0547,83.4868,70.5727,51.1508,83.4334,111.2540,119.1190,67.1358,45.2442,36.1489,150.7680,201.3060,280.6690,276.0810,201.5840,121.3140,50.6538,78.6521,208.7400,286.1400,284.1700,267.0520,236.8840,229.4490,224.5280,197.8430,204.6850,271.1950,322.9980,326.6730,295.3360,282.8340,239.8040,229.3260,197.3190,152.3180,128.8710,113.1300,89.6852,66.3133,75.9798,98.8722,129.3150,168.4020,160.6920,125.1650,124.4270,133.1480,120.0200,82.4773,33.7982,57.0304,79.0840,83.4785,85.3215,84.3652,66.1774,44.2196,57.8158,113.2720,151.7190,190.7510,208.2480,217.1160,200.5660,175.2970,132.9070,49.0775,56.6639,120.6360,185.4800,208.1110,232.6120,255.3150,226.1620,181.4930,159.2720,188.5590,206.8290,198.6380,157.8930,120.1890,128.0090,148.4020,135.2160
49726.5000,35251.7000,24081.7000,37082.5000,44559.4000,33022.1000,25186.5000,21591.7000,18786.6000,16229.2000,12254.7000,8569.3600,7065.5200,6805.0200,4934.3200,4843.2600,5575.8700,5225.9400,5981.8000,5862.7200,4950.6200,3619.7500,3232.2200,2826.7500,2262.8700,1965.7600,1527.1200,1314.8600,1333.5800,1095.1500,890.1090,714.3580,589.4170,346.7590,217.9090,197.9870,92.2754,79.4458,154.3130,207.6480,316.2490,583.1230,1036.8600,1351.8800,1686.6800,1920.4300,1671.3400,1330.0100,1044.5200,628.1330,434.2030,614.0570,733.4860,679.5560,672.8410,654.2810,649.9740,564.8970,586.3770,678.8220,721.8530,764.7430,815.3120,574.4340,240.2930,251.2580,865.9180,1229.6200,1221.8500,1471.4000,991.9360,647.8280,369.8260,198.0460,197.7580,523.6600,496.0250,469.1830,380.2140,403.8150,460.6380,342.1830,218.0220,306.6580,566.7810,630.8700,386.5420,363.5110,738.7440,846.9900,827.6930,687.6810,532.9970,363.3490,330.6020,337.3600,227.0300,154.3880,229.8040,336.7740,512.6850,568.3810,381.4440,242.7130,352.0450,539.1610,590.9780,601.7890,519.9520,431.9470,386.0050,317.4130,222.2000,142.6370,80.3234,55.9650,101.2660,150.2290,152.9680,146.8970,134.3820,169.7320,185.7590,295.5900,439.5460,451.7560,480.7950,528.2160,592.8590,628.3440,574.7520,446.0960,473.7740,243.0370,195.0240,56.3195,93.7702,158.1590,205.0460,320.5670,429.4930,440.9130,415.8290,379.1800,345.4730,290.5510,240.5960,243.0860,213.1370,166.4880,84.3120,51.0926,99.8447,104.3390,54.3372,53.9974,124.9440,110.8740,105.1090,126.3860,134.6980,162.4820,218.1800,282.4030,336.8810,382.6330,383.7770,313.2360,227.2060,148.8770,93.7174,84.8492,72.4816,39.1794,116.3020,192.0620,219.3900,263.6820,299.8460,304.4520,247.2310,292.7710,412.5430,423.9100,428.4860,379.2100,253.5500,121.5530,45.6952,91.9358,162.2580,170.9590,236.7580,267.5620,253.8620,320.8740,199.4170,93.9757,81.7976,203.3530,224.1380,235.0090,188.2850,101.4610,48.2482,54.8825,76.1372,38.3193,55.5592,98.1436,171.4580,159.7660,115.4210,77.9492,37.7014,26.0604,53.5162,46.8945,19.0883,56.8463,67.2687,65.1491,31.0782,17.9565,27.2014,139.7150,204.5740,288.1170,301.1780,236.6310,150.1380,63.6394,63.7667,197.1160,276.2950,283.5980,277.6040,238.5800,198.2640,172.2110,171.8200,185.7390,224.8670,283.2270,299.3130,264.1420,250.7690,229.6510,224.1410,170.4460,109.9290,111.5750,124.9780,96.5697,61.1806,54.6314,72.2693,106.6620,150.3160,149.9740,116.9910,104.1220,98.8430,87.7061,67.2020,19.1327,64.6782,75.0375,92.7008,107.1730,115.9410,82.1733,56.9107,79.7002,117.4550,134.4210,152.6930,154.8920,139.2610,122.2340,115.4150,99.8900,51.4323,110.0290,128.7520,174.0170,200.2440,207.6730,199.1990,175.2350,144.3820,122.4020,128.5210,146.9320,148.2140,114.5590,97.9383,117.3360,131.6670,120.3290
49518.2000,34974.1000,23748.2000,36512.7000,44286.0000,33116.3000,25219.4000,21697.8000,18827.7000,16486.4000,12409.0000,8585.7600,7133.0400,6833.2500,4929.6200,4862.5300,5541.3200,5184.0700,5989.8700,5876.4400,4921.8200,3600.3200,3192.8000,2839.2300,2290.0700,2021.4800,1590.5500,1354.6900,1362.6500,1107.7500,914.0900,722.7360,577.6350,317.7370,210.0900,233.6420,135.9730,119.6680,198.8390,261.6980,396.4050,674.5560,1103.2300,1411.3300,1724.5300,1942.3400,1654.2900,1298.6900,1010.1200,601.7310,384.0790,564.4300,719.3870,677.5930,671.4030,655.2270,644.1010,560.9070,567.5980,628.8910,657.9870,679.8760,716.8130,484.6640,168.8110,317.2380,901.1000,1255.8300,1255.2700,1485.8200,1000.8900,646.2330,384.3070,170.9260,156.1820,486.1340,503.2500,500.5770,441.8990,463.2680,529.5430,395.1690,236.5860,281.3740,526.4760,607.4420,386.9760,375.0090,755.0490,886.7400,876.4280,725.8980,554.6360,399.6680,353.1990,352.5000,246.0290,159.0840,205.5320,307.3880,466.4920,574.0420,414.1850,272.8670,385.9990,575.6000,635.9370,659.6260,595.3770,520.3960,454.4850,347.3910,256.9640,181.6610,117.0530,50.2863,82.3436,100.4250,105.8400,118.6560,125.6410,182.5270,180.6620,284.8300,375.3760,382.0920,408.4930,455.9390,515.6870,537.5150,450.5080,381.9290,360.1380,163.2500,111.7720,56.1750,112.2900,151.7510,218.7190,314.1890,398.9490,407.1160,390.3430,347.9270,309.7370,223.5450,197.1360,255.6750,245.9140,210.5460,143.3530,90.1674,131.5310,149.4880,76.0485,71.9519,86.7090,113.1010,95.0579,101.0470,116.2990,147.4990,211.0330,272.3500,326.6910,389.1750,410.9080,334.1590,246.0930,175.4040,128.9650,102.1060,107.7160,83.9529,160.3520,230.1980,263.2090,290.9830,319.5680,295.8630,215.1010,270.0980,417.7460,427.1610,413.7750,376.8040,278.4680,147.3150,59.3849,65.3559,134.9740,163.3380,243.5930,314.5180,291.7710,369.6430,242.4860,116.8270,105.9050,233.3400,277.6650,301.4960,244.4700,191.1320,182.2150,163.0790,139.8440,94.5073,67.1531,55.3368,121.1390,125.1230,109.8980,81.9927,39.2894,37.6059,70.5532,93.5015,81.9750,50.3610,59.6406,65.8059,44.9229,45.8072,77.7356,153.8280,173.6720,228.7720,225.0240,151.1170,83.6865,69.0099,90.7207,188.6200,258.9040,245.2690,217.7490,184.4460,190.1640,193.9590,151.5110,157.4130,220.7730,270.3530,286.9640,265.2780,254.7080,231.8840,221.6800,184.3130,133.6480,122.0480,136.7190,122.8220,94.8857,68.3254,67.4847,70.3804,106.2410,108.1410,71.8688,48.8876,58.5022,52.2164,36.8993,40.7889,77.3813,87.7785,110.4990,126.4300,133.9060,98.9515,92.8853,133.7410,168.4950,157.7420,144.8310,132.4910,119.3870,88.8823,111.1600,111.9580,101.0350,144.3820,128.4200,126.3870,128.2980,133.4070,140.6430,119.1380,90.5110,84.5954,113.1060,152.6630,160.7880,123.5720,90.0761,97.3562,115.9190,108.8990
50320.6000,35473.8000,24374.0000,37440.5000,45161.7000,33781.4000,25752.6000,21981.6000,19102.4000,16617.0000,12423.8000,8687.3000,7243.9600,6815.1300,4910.3500,4865.7800,5580.9400,5273.9000,5997.4100,5827.1700,4943.4700,3618.7300,3234.9400,2829.1500,2303.3800,1985.4200,1540.5300,1351.2100,1347.0900,1121.5200,890.8090,731.8210,598.5850,350.8530,238.0540,218.0570,95.9823,58.5414,121.0050,185.5080,320.3770,590.3900,1034.1700,1342.9700,1684.8700,1921.6200,1680.8000,1334.1100,1040.2500,606.5150,432.9760,625.2030,748.3540,693.4890,678.8490,653.9670,650.8770,556.7210,540.9880,588.5230,609.9550,629.9160,654.2880,438.6480,161.1640,345.9650,936.0780,1304.8600,1274.1200,1497.8200,970.0650,641.9590,382.5340,191.9660,150.8530,477.0600,505.0150,479.2490,469.2140,593.2210,671.0600,500.7830,301.8700,364.0690,613.3360,668.6380,434.0830,449.3350,814.4380,933.7310,901.7920,712.8270,553.1070,462.0510,427.3210,377.3270,236.9850,126.7410,159.8040,274.7000,449.9390,571.7370,431.0360,270.1000,365.0050,563.1610,628.4100,645.4750,589.3120,520.1610,459.7300,376.6900,266.3780,173.5680,78.3988,28.2645,60.6389,104.7850,105.0570,105.0080,104.9490,170.1830,184.4960,324.2240,434.1850,441.8010,472.1890,527.4990,603.3260,639.9470,509.3050,382.1770,349.9350,169.8380,200.0610,56.9484,46.5364,76.8697,161.9250,291.9220,401.0320,418.0960,425.4660,411.9160,384.5030,226.4530,150.1960,224.7940,227.4290,190.1150,126.3390,93.7541,139.9100,176.3630,91.7201,83.5426,71.6598,106.2730,122.9400,150.0660,150.1910,138.0980,155.8570,211.0730,267.3300,353.9150,388.3370,342.2280,272.7660,226.7930,159.7420,123.6150,143.4010,132.1320,182.2080,221.5780,227.0950,237.5400,252.9650,265.5500,236.3550,269.4450,376.4170,396.9800,407.8040,376.7620,259.0740,118.0240,43.4538,105.5460,193.4540,227.6120,252.8110,303.9040,214.6850,302.3150,189.2170,115.0750,72.0518,168.7870,217.0030,240.7380,203.7330,160.2750,142.2140,131.4960,112.6780,75.8257,52.5967,36.4332,81.6943,82.3786,60.4886,34.0977,24.0441,79.0767,119.8260,122.9280,103.2340,70.8845,65.8425,60.0171,39.0283,47.9336,74.6825,152.2030,208.1500,280.9100,278.4940,181.5260,101.5790,78.5116,98.6321,217.3220,302.3800,293.8630,263.8080,231.0980,216.0640,207.0830,183.0720,188.7530,249.6880,323.3940,344.3080,312.2700,296.2040,258.6520,215.5910,175.0820,127.0040,84.0813,80.5873,75.5841,81.1190,97.4272,123.6380,159.2350,201.5110,205.7070,147.9310,116.0890,116.0450,92.2671,69.9157,69.8468,91.2973,115.8970,121.7120,129.7620,113.6390,90.6577,82.9375,102.5810,128.4210,118.6190,113.8180,95.9119,86.7010,100.8120,154.7310,177.3050,140.7200,133.6970,93.6360,80.9056,106.3400,129.3510,129.8030,114.0150,85.9877,74.6786,99.2003,118.0570,114.3510,97.7608,101.8890,136.0580,160.5270,154.3410
50064.5000,35513.0000,24369.3000,37428.3000,44865.7000,33238.7000,25338.7000,21695.7000,18865.3000,16317.5000,12377.5000,8707.0200,7150.1000,6870.3100,5015.2800,4888.5500,5631.6900,5311.0900,6054.1400,5946.1400,5029.1800,3675.4600,3262.0900,2864.7500,2307.6700,1989.5200,1536.5300,1317.4500,1319.6300,1081.2700,853.2360,682.4500,546.9500,282.5940,178.1420,198.5530,71.3513,70.2362,172.6690,206.2430,313.2540,602.0820,1038.8900,1335.4500,1673.8400,1904.1600,1656.0300,1324.7700,1050.2400,632.0240,423.3600,615.1580,757.2290,706.1270,694.4280,667.4870,657.5320,567.1790,560.1900,616.7100,627.9690,635.1280,632.0670,401.9510,162.1250,352.4370,937.5230,1300.0100,1273.9900,1506.5200,1006.2600,654.7980,383.3970,164.7210,173.4170,462.9860,451.8790,406.5140,418.7620,534.3320,617.6840,498.8330,338.4300,394.5810,641.4700,720.0380,478.3340,430.6700,761.0790,884.6050,865.3650,677.6570,464.0720,347.4330,359.4940,353.1780,234.9930,148.5830,194.2340,302.5800,449.3660,569.9650,409.8760,232.3150,325.7330,542.8290,605.7900,611.8950,548.2150,467.7070,415.4160,342.8650,243.6090,171.5720,117.5190,80.7868,122.8130,140.9100,147.7510,153.1450,146.3370,196.2990,204.3320,327.0830,461.3150,475.7710,508.0350,555.6370,621.3840,658.6550,546.1860,391.0900,359.6130,163.0410,193.4760,74.1927,21.6117,53.3531,136.3080,259.5810,354.8800,400.1000,418.0530,432.9240,420.0940,303.5850,209.0980,211.5650,230.1800,210.7920,146.8340,127.7790,183.6650,174.2020,81.5347,47.6614,94.0900,95.8016,93.3737,131.9330,161.4060,157.2170,146.0470,182.1850,260.6470,358.1460,365.2330,309.6160,249.2020,221.2380,182.3420,133.7480,125.5590,148.3140,229.6280,258.4450,254.5800,263.9680,280.4880,252.0540,187.7410,250.1690,370.9920,394.6820,400.9140,383.7160,294.7580,169.2210,69.5238,61.6308,154.5330,182.2520,202.4680,227.9910,159.7130,244.3980,135.3850,107.2640,61.4216,146.5350,172.3660,179.0040,149.0000,129.2070,160.4970,167.5210,128.7630,82.0888,64.4560,42.8770,104.8400,97.4181,74.7885,54.2852,53.2581,54.7872,110.5660,83.0856,60.3312,47.6577,63.9201,59.2058,29.1359,42.5916,88.7524,171.8800,218.4090,275.8080,269.9150,184.4670,104.9340,105.4270,123.1960,232.5630,296.4710,281.2700,250.2240,237.2870,225.9650,222.6840,198.7220,192.3300,235.7500,298.0740,308.8140,282.8340,257.5060,241.2950,215.6330,174.8320,134.6050,121.0630,136.4000,122.3720,112.5930,94.9907,106.4140,119.9610,151.3660,137.8330,98.0670,77.5739,67.8740,53.3412,28.5678,47.6449,90.2405,106.6060,123.5380,138.7100,141.5950,90.9028,46.4281,67.8760,122.7000,129.6850,150.3230,146.3630,140.2300,150.0410,190.1480,178.7680,111.1670,76.3894,49.3903,62.2824,106.5930,129.7700,127.4210,115.3070,75.5817,47.4329,68.5649,90.1475,91.6470,74.3902,56.1589,75.2596,106.1090,99.9129
49460.8000,34975.0000,23783.8000,36521.9000,44171.3000,32966.7000,25108.7000,21586.5000,18717.7000,16375.4000,12385.2000,8597.1700,7111.6800,6818.2600,4922.1500,4833.3500,5551.4000,5225.3600,5999.8300,5890.5500,4945.6900,3619.3800,3201.5200,2842.4400,2305.4500,2000.5400,1554.4000,1356.4000,1373.2900,1112.6400,922.5690,738.4600,582.2070,318.3470,237.0420,242.0710,117.2850,111.9050,200.2310,262.6740,377.3060,649.3810,1090.9200,1394.8400,1703.9900,1918.9900,1655.4900,1302.0600,1010.0200,582.1510,394.0320,593.3010,721.2550,655.4580,652.1610,645.9660,659.1040,565.9000,546.6300,577.7370,573.2140,568.4520,542.7200,299.5160,184.7980,435.9850,999.9030,1357.6800,1315.6900,1562.3000,1046.5600,656.6720,369.6700,165.4670,172.0350,439.7160,422.5320,387.8380,401.9460,524.0890,604.9990,470.7780,278.4470,306.5340,565.2780,666.5840,443.1600,420.1360,759.5060,873.9200,856.2940,668.5370,456.2810,332.3250,330.3240,325.7930,222.8960,152.1440,188.5710,284.9100,408.1730,499.4540,335.0560,184.6340,316.0040,577.1870,615.2460,594.4970,492.1280,423.3470,393.8000,300.8100,214.7210,170.1960,127.9680,117.7980,140.6150,154.5060,158.4430,140.4190,125.7650,155.1480,183.0730,335.0790,473.0610,473.0590,513.1160,554.5480,619.6960,631.0260,516.1190,330.9350,329.6790,185.5180,214.1000,85.6024,56.6662,68.4837,138.8190,295.1710,409.7910,448.2640,493.6540,506.1220,495.3000,333.4560,219.7210,242.2120,245.9510,197.3570,152.4440,155.4440,178.6580,168.7720,92.8421,93.6529,145.5910,140.3000,133.3920,172.5230,204.1470,202.0700,194.2420,198.3890,246.0670,317.8140,342.3890,269.9750,182.8120,126.4400,87.6951,67.1108,63.7724,101.0650,202.7990,239.9690,256.4360,279.7430,305.2030,318.3870,282.4790,318.4750,386.5960,390.6450,372.9550,334.2320,226.3860,86.3580,41.2505,103.1630,157.3540,157.1770,151.8620,190.7490,161.8180,252.2570,154.3220,88.9878,37.4044,121.9530,158.0340,160.7400,144.7220,142.9290,183.1740,208.8860,187.9670,120.3390,48.5104,65.3607,140.7480,143.1950,127.0920,109.6210,92.4512,23.8695,32.1674,53.2644,16.7271,37.6326,55.4290,55.3165,29.0568,30.8375,59.5504,110.2960,156.9290,212.3130,222.4180,151.1150,94.1468,95.9840,113.8730,214.3330,284.5720,262.8100,232.9240,216.4850,211.5150,213.6410,201.1360,192.6920,214.8640,271.1320,300.3170,283.9750,270.1100,263.4800,264.8960,212.4910,129.7090,96.6272,87.2473,74.9860,69.3876,87.0531,95.9153,114.1550,143.3190,153.6180,130.6630,104.2650,91.9052,76.3295,57.5926,53.3143,84.4045,89.9606,104.7070,115.4000,113.4760,69.3678,35.0050,47.3730,95.1334,108.8390,139.5570,153.3550,164.7540,177.1810,192.1530,168.5210,97.2612,39.1363,51.0003,134.2760,162.2740,154.9950,140.1800,125.6510,89.9545,92.8085,123.5900,144.9400,126.2190,91.7644,67.0486,77.6063,97.2890,75.2893
50214.0000,35408.3000,24252.2000,37156.5000,44947.3000,33739.3000,25738.4000,21952.2000,19044.7000,16616.9000,12431.3000,8640.5300,7200.2200,6804.6100,4910.1900,4869.3900,5571.9000,5270.1800,6042.7600,5898.3400,4978.7400,3638.8000,3243.7500,2840.1500,2303.7300,2002.4100,1574.3300,1375.4800,1350.1000,1114.0500,890.0580,728.1980,591.8030,347.5290,239.3280,229.7260,114.3110,79.6556,152.5750,204.7520,328.9240,611.3250,1047.6500,1359.4300,1697.8000,1936.3400,1694.3200,1344.9800,1046.0100,603.0630,411.4510,602.4310,721.9800,658.1570,648.3390,641.2450,656.9750,567.7410,563.4980,619.6610,618.2570,613.7670,546.7980,251.4920,251.2490,507.0380,1065.8200,1374.7500,1295.5200,1511.7700,1029.3900,648.6730,385.3640,172.7910,189.2540,454.9660,411.2280,384.2770,430.2980,559.2190,648.2840,542.2420,353.8160,372.5930,623.1360,691.4670,454.0290,416.3410,729.4280,835.0410,810.0650,622.6300,409.5510,314.9270,347.5550,342.7700,229.8630,153.3200,181.9700,289.2080,408.9290,518.5100,351.4500,210.7960,353.9990,593.5510,632.0980,615.3050,520.2330,414.7790,369.8060,294.1930,199.9830,161.0580,119.1690,133.1290,161.0080,173.6750,187.4390,192.0690,187.2360,209.0080,222.9210,318.7110,457.8260,456.4280,495.6180,540.6270,607.6890,638.1460,530.2250,345.2660,333.3660,191.5990,205.5250,82.0154,58.3525,62.6579,135.0090,292.8440,429.4050,484.3190,518.2000,527.2160,521.9070,358.3460,195.2600,172.8040,170.7390,130.7240,103.0020,96.5660,107.4490,77.7563,28.5734,44.7752,104.8860,111.8710,100.6480,144.3410,188.3830,187.7470,192.5930,186.6120,229.7670,305.6330,328.9550,258.3180,182.0590,126.9410,108.5450,117.8700,123.9430,117.0820,183.2270,221.3040,219.7880,222.2760,233.8700,226.2520,166.4240,194.7800,306.6460,332.7120,335.0080,327.6690,246.8530,123.4840,67.5630,83.0520,159.9950,166.8600,212.4120,229.1560,179.4280,243.0780,140.5250,109.6200,26.1339,106.1390,126.5820,129.9700,121.4130,127.5850,168.2190,191.6100,167.7080,101.9610,55.1863,72.9516,160.0820,155.2080,132.9920,103.3220,82.7947,17.3114,51.5348,40.7313,36.3459,72.6527,96.1783,87.5626,63.1124,62.0202,71.6543,133.4470,160.6090,202.1660,218.7840,131.8820,64.1567,57.9904,116.1870,216.9910,291.8290,276.4110,242.5050,253.1750,246.2660,258.3310,236.6530,214.4460,241.9150,320.9890,349.0260,309.4940,259.8250,223.0020,208.3680,161.0550,114.2780,102.3460,87.1982,59.8956,48.3355,52.0830,75.8442,111.2460,155.0820,162.9960,128.4930,106.5910,93.5523,74.4162,40.2635,39.4489,83.0819,122.7830,155.1220,176.8430,174.2560,136.8000,105.0810,112.9110,144.6000,147.3560,155.8380,157.8840,169.4230,176.7490,189.8370,167.8360,102.4410,49.9272,56.6210,134.3430,130.5950,135.0170,141.4480,132.8960,91.0760,69.4522,110.4450,136.3300,116.5090,91.5370,89.2472,108.3030,117.8950,103.2530
50265.4000,35628.8000,24474.2000,37558.3000,45028.9000,33388.3000,25461.8000,21741.5000,18924.0000,16350.6000,12344.5000,8672.8200,7157.8100,6863.3700,5001.5900,4895.8700,5647.4000,5350.1900,6098.5800,5966.4200,5044.7400,3671.2800,3259.1500,2857.4400,2307.9000,1978.4700,1533.4900,1334.7900,1314.1900,1059.2300,819.5290,652.3670,525.0420,284.9340,181.8350,171.5100,64.9773,69.6476,147.4650,197.7630,317.6030,588.1100,1035.6900,1339.0100,1674.1400,1890.5700,1626.7500,1301.4600,1035.0100,639.0650,421.7930,607.3200,754.3550,696.8760,684.4090,667.3030,667.3410,574.2970,554.6530,564.9430,543.4760,529.1820,494.3890,246.5380,250.2770,491.1410,1058.6600,1386.2200,1311.6200,1535.1500,1030.3300,625.6000,360.4820,197.4730,184.1400,467.0120,427.6420,361.9700,366.8100,490.7800,597.0030,478.5430,314.8880,349.8540,557.8770,620.1380,406.0780,347.2280,668.8420,776.6870,762.7570,574.5880,364.2060,269.1650,291.3010,304.3460,219.0690,162.6370,198.2960,301.1700,394.2510,471.9040,285.1740,194.7900,395.5420,626.0780,648.1790,619.2990,522.7600,406.7820,361.5650,291.0020,207.8130,154.5880,106.5320,120.3470,174.4110,206.9460,178.0120,179.5630,184.1190,169.2490,169.3860,294.2980,437.0230,459.6940,504.4570,556.7520,624.8560,672.8730,574.2400,374.6500,369.5200,202.2510,247.9670,95.8147,44.6143,48.3323,122.9550,289.2940,445.3200,510.7500,541.1980,550.9160,534.2210,393.7030,255.0990,206.0800,206.3690,181.6390,156.8640,170.3070,203.3460,175.7340,83.8980,125.2820,219.6010,193.0460,162.4450,210.0890,245.4160,249.3990,235.1970,224.8650,272.1070,344.2190,372.0600,299.2040,207.1020,145.8200,120.5590,116.1530,106.4840,76.2024,136.0660,193.4250,212.6750,239.3040,265.2650,253.3020,175.3150,185.5600,294.0900,334.7250,362.8520,376.3470,297.3080,174.5860,85.2538,79.3277,138.1220,173.9610,235.1410,244.0450,202.1400,248.2990,125.1900,126.4980,62.4103,130.6010,121.7280,107.9430,75.8441,71.5885,108.2250,150.3030,139.3750,67.2449,61.6610,78.5008,137.1730,124.0480,96.4016,76.4402,66.3267,50.2899,85.8306,62.3896,47.8239,69.2764,78.7324,79.6460,64.6848,65.6576,34.6399,60.3736,112.6710,164.6290,163.4440,118.4800,81.5633,102.1560,144.5870,236.7630,313.2380,299.2860,259.9020,260.1550,247.9470,255.6680,223.2060,215.0990,247.2140,306.5800,324.9320,290.0000,237.0840,213.6060,205.3410,147.9090,97.1779,103.6380,101.1260,79.7509,75.0778,85.4318,120.9540,148.8200,176.5840,151.9740,110.5050,101.0790,111.1100,88.5438,81.6791,62.5560,136.3340,148.7720,151.6990,163.3310,172.3110,158.6700,129.2130,132.0440,156.6130,144.9880,142.3280,132.7040,125.8580,130.4500,160.5400,161.2410,102.2330,97.9473,74.1654,115.2130,151.5620,149.3160,138.3400,124.0700,103.6880,83.0331,90.8598,105.1250,109.3180,94.2849,64.3150,88.4726,125.7130,132.5260
49438.9000,34989.5000,23799.5000,36614.4000,44220.6000,32923.6000,25093.4000,21550.5000,18701.9000,16292.5000,12326.6000,8559.5800,7068.1800,6800.8400,4899.5600,4844.5000,5617.7500,5268.8600,6019.8700,5899.1700,4957.0300,3614.1100,3208.2900,2845.5600,2295.5300,1994.1700,1562.2800,1357.9500,1372.7600,1115.3700,900.6950,715.0780,582.2690,342.9220,236.1340,233.5790,120.3550,109.8750,201.9530,258.6320,354.9200,631.0760,1101.2600,1417.7800,1736.5400,1949.5000,1676.2600,1309.4800,1006.7600,585.2460,405.2500,584.6740,719.1880,680.5260,670.1520,662.7160,666.4310,580.0700,567.9000,610.7700,602.7360,594.9910,537.9410,244.3690,297.7300,511.7260,1067.8900,1397.7700,1292.1400,1504.5500,993.0480,584.2600,326.9810,213.0570,186.7430,454.3060,418.0790,385.1570,389.3030,518.9530,606.3860,495.2870,307.0930,306.1010,533.9000,599.1720,386.8240,342.8220,685.7180,804.7360,806.5420,655.2540,450.2860,311.5880,324.0760,330.3040,224.2260,152.1560,176.5570,277.1430,387.1620,466.3620,282.8040,191.9940,396.9310,642.9460,672.0140,654.8440,554.4450,432.7270,368.1590,300.1710,209.2260,165.1230,117.0960,100.9090,142.4650,162.8790,172.1220,190.3200,178.5880,170.5640,157.8120,274.3830,404.7360,437.8000,496.8020,555.8900,626.6000,665.6050,576.3980,392.6630,385.9520,183.2660,230.1150,76.2254,38.3401,70.9739,122.9000,265.5430,434.6210,508.3980,537.0200,545.6410,535.8630,391.9180,257.3350,226.6290,214.9000,185.0000,154.9070,166.3620,184.0330,168.8050,73.1111,81.2384,185.4940,205.8230,163.6520,173.3590,197.6310,200.4410,199.8520,199.0390,245.8150,318.1460,336.4640,268.4490,188.3990,124.4440,82.8820,71.1412,78.1336,50.8982,139.4840,197.4830,230.1660,274.9250,318.9890,320.4210,229.9170,191.4470,278.2400,324.9490,359.7000,342.2330,260.3250,142.3650,55.0782,103.5940,179.7420,191.7800,235.4520,233.6840,208.7610,266.1880,153.8410,84.1694,36.2527,114.1210,134.5320,125.8920,94.8014,89.6363,121.2960,147.1640,108.9040,32.7142,52.9104,132.1730,186.2830,142.9310,95.6104,65.4568,50.4817,17.4832,65.2748,27.5428,22.1137,92.4653,89.2104,68.5154,59.7879,62.8584,49.1729,93.3128,159.8420,223.1840,218.9540,132.0940,84.3320,101.0660,157.2150,240.7300,292.2690,294.4410,280.7410,274.1370,267.0570,279.6900,253.9040,223.4580,255.5080,302.7590,294.4400,259.4880,235.5700,227.4730,214.1680,158.8620,107.8960,97.4667,106.7430,98.3048,101.9950,113.0840,130.5920,151.1160,174.6990,163.5570,132.7340,120.2800,119.4470,90.8620,68.6999,46.4227,127.3970,151.8300,153.7610,147.9490,139.1910,113.1250,82.7687,76.6707,111.4350,110.0330,95.6683,83.8045,90.2477,121.1920,162.8990,172.1720,114.7930,69.0158,41.7496,127.5190,150.4550,150.5250,150.9470,137.4080,88.2016,62.9393,111.4080,150.5580,136.2010,98.5553,73.7201,107.4120,135.7530,130.6830
50154.8000,35322.9000,24154.1000,37097.5000,44927.9000,33705.1000,25694.5000,21997.3000,19088.2000,16689.9000,12511.5000,8707.0600,7250.8200,6854.7700,4975.6800,4967.0900,5675.7600,5342.7000,6091.8200,5917.9900,4992.9100,3682.2500,3274.0400,2885.4300,2325.0600,2038.1300,1592.6700,1353.7400,1345.1400,1082.1600,890.2600,701.8070,569.4930,326.6420,219.5100,222.4360,122.9740,116.1030,195.9850,270.7540,391.1760,650.3480,1100.5800,1408.0300,1713.8300,1909.5100,1631.6000,1281.7300,996.1510,570.8740,375.7460,577.9840,728.3150,672.0800,661.3000,657.4120,676.4410,593.1820,578.8400,625.9290,613.4650,607.0410,551.5140,280.5680,283.1490,473.2360,1039.0600,1383.4700,1294.6400,1517.5400,999.6230,583.1830,321.6730,226.2710,174.2970,439.5450,424.1210,398.7680,416.5810,551.6190,648.0170,528.0750,329.6910,307.8990,503.1460,549.6260,358.8200,374.8240,708.3710,824.6340,819.9070,667.3280,468.1330,362.4920,380.1160,359.5990,245.2680,152.5420,149.8830,211.4380,323.7360,425.4540,280.8390,176.5590,372.7320,628.0580,662.7530,653.9090,563.8170,472.3890,417.2310,315.5890,211.3000,138.7370,86.9992,68.8907,112.3550,146.4540,167.2230,174.0530,170.7250,175.6650,184.3490,285.9910,425.2480,435.6160,483.1870,546.1340,622.6630,674.5720,599.4820,441.6700,435.2710,184.9490,215.3890,50.1568,84.9815,150.2300,185.9270,311.2020,466.2800,516.3830,521.5630,519.4320,515.4680,393.8670,238.9450,218.3150,228.0810,191.8730,159.4280,165.9530,179.2340,128.1010,38.7306,81.2483,171.3310,169.8430,132.0530,152.9830,180.9660,170.0490,184.8580,223.4260,276.6480,350.2570,371.8070,285.8100,198.1470,106.3950,60.0014,52.7135,67.8524,75.9682,176.5920,232.4550,255.4620,290.1690,324.8250,320.3050,247.0520,235.5910,321.9630,353.6710,394.3610,361.0680,272.1050,169.1050,79.0340,85.3341,174.0680,211.8850,274.8160,277.7120,225.3100,268.1570,134.5500,98.8813,57.8486,129.8530,144.7010,137.7020,112.4500,93.9920,121.1830,146.9330,101.7690,33.8278,65.2123,131.7840,217.2380,195.0010,146.0470,107.3950,69.9717,32.3257,59.7060,39.4680,16.8392,60.3153,58.1851,49.9561,51.2763,55.8567,37.1491,50.6233,102.6140,153.2750,160.6770,100.2300,97.3877,108.8560,156.1990,227.7610,273.6280,262.6200,255.3490,260.1800,259.0060,257.1390,202.7220,192.5390,245.3000,287.5820,291.0220,258.5830,238.0640,217.8480,210.1430,162.7820,98.0084,83.1344,108.6660,110.1220,103.5820,116.9970,123.2530,141.1970,168.3830,176.7690,149.6500,118.9040,95.8864,74.3799,66.0753,50.2563,102.9220,113.4920,128.0170,151.4160,163.7090,135.9820,90.7980,95.4683,120.5000,115.2430,125.3260,134.5120,140.9480,155.1890,175.6200,164.9640,101.7060,44.0070,37.2256,114.6270,165.0420,185.5100,181.0880,160.9230,119.5680,73.3780,86.3599,111.4680,110.4660,91.2230,83.0037,118.3360,155.4070,131.3360
50373.4000,35616.0000,24476.0000,37598.7000,45133.6000,33554.3000,25600.2000,21832.8000,18984.9000,16397.1000,12346.6000,8676.8900,7211.0300,6897.7600,5044.4900,4979.8500,5702.5100,5385.4800,6121.3300,5924.4600,5018.9000,3650.2600,3259.1600,2847.1600,2292.0500,1954.0600,1507.9700,1304.3500,1288.2400,1054.5500,835.4220,662.8880,515.9230,282.9910,183.1430,182.3390,77.0833,62.2139,153.2970,217.8640,318.2540,578.1550,1025.5300,1325.4300,1660.8100,1866.5000,1614.2700,1293.8600,1026.8000,610.3990,392.4480,588.0500,733.4160,673.7630,664.6670,652.0310,650.5620,541.4670,518.7010,532.8090,502.5980,473.9540,403.8460,128.8170,246.5520,569.6590,1102.3900,1430.9900,1332.4400,1547.3400,1021.8500,605.9710,355.4690,190.6100,162.7780,451.8980,430.4790,398.8070,413.8890,570.6740,692.0410,575.6730,352.2300,284.1940,461.2420,496.4090,305.1680,353.5070,718.6230,820.9020,801.1560,641.0680,453.7230,353.9450,361.4990,330.0010,205.1960,108.9080,121.5200,206.4000,327.5920,413.7620,264.7510,183.9520,384.5530,617.7970,650.7350,634.1610,534.6070,447.4090,416.8530,322.8470,202.3510,111.5690,60.7437,57.5266,117.9790,153.3430,160.9320,167.7620,155.0610,182.8880,164.4020,301.4670,438.0040,450.8700,484.1660,549.7710,634.9650,715.3180,633.0330,456.2290,430.3360,170.9320,217.8590,45.6951,64.9387,107.1180,160.6760,295.6250,449.2780,503.8830,520.9860,528.0400,516.4110,373.7970,230.7910,193.9090,191.2850,165.4960,144.6180,154.7810,170.7270,139.3060,51.1324,64.1605,148.1760,154.4120,132.8360,155.4380,180.5700,179.2970,165.5090,166.5530,218.3870,306.5070,335.5870,280.3120,214.7180,149.7320,82.4808,53.0026,77.6090,84.3138,177.4990,221.6960,240.0020,272.3850,302.0630,274.0720,201.5340,214.7800,306.7280,341.2130,379.8310,367.6870,283.8700,165.4760,81.7382,119.6590,201.4870,235.4090,288.8020,292.8750,223.3090,270.7520,139.9890,94.6424,39.5419,116.7900,130.1120,124.1740,82.9760,77.8398,121.0290,144.4290,100.7300,53.3407,83.1067,144.7190,224.4530,204.3460,153.9950,118.4750,73.9333,69.3227,82.5501,49.1105,36.9576,66.7874,65.5561,57.6785,58.4571,61.4695,36.2226,81.8192,145.9940,202.2780,199.1890,148.7640,101.8140,117.5570,135.0470,215.5830,274.8350,274.1270,241.5880,239.2150,228.1230,253.7450,233.7440,193.3370,220.0670,288.9340,296.1930,264.9200,233.9490,219.0860,199.2390,153.8520,115.6330,98.2763,97.3495,82.3290,76.5300,78.0087,114.5700,144.9680,177.2790,160.3990,120.2310,100.2370,98.5478,83.7881,85.0949,49.5336,109.8670,121.0190,134.0360,142.4040,135.4960,84.1650,46.5400,75.0665,118.7000,94.5493,93.3026,85.9711,102.7310,126.9570,155.6600,157.4770,106.1070,53.4209,44.9555,123.7210,161.3560,172.6560,162.4930,137.9590,91.3735,56.2889,89.9383,131.9980,139.6070,118.2360,103.2510,121.8730,143.5490,121.8350
49458.2000,35042.6000,23821.0000,36671.9000,44278.3000,32918.8000,25073.0000,21474.5000,18635.4000,16227.6000,12280.5000,8509.7400,7039.5100,6808.3900,4922.0600,4892.1600,5663.8400,5304.4700,6059.9300,5906.6900,4956.6500,3616.4900,3218.9100,2854.0700,2293.7300,1995.3400,1561.2000,1351.6800,1362.1600,1098.5800,905.0410,712.6530,564.9640,319.6470,245.0010,250.9970,135.1850,116.1150,193.6800,270.4830,374.2620,614.6870,1080.2000,1398.4500,1717.0500,1901.0000,1627.1500,1278.2400,987.9520,559.9830,377.9240,572.7570,696.5030,641.0630,637.2590,638.7760,639.4740,523.3410,528.4530,602.3370,601.8780,605.5050,577.0470,277.4050,381.2660,534.0340,1111.8600,1405.9300,1305.3500,1506.9600,1017.5000,594.9660,345.1390,191.7290,163.5550,416.7770,384.8630,369.3070,382.2230,529.4820,634.6060,524.0780,320.6550,291.0400,476.4850,492.7380,304.2670,328.4370,694.2300,798.7650,787.7130,630.6540,446.0000,315.9110,312.7740,316.6110,189.4460,90.0834,86.9892,189.3270,343.8570,414.5420,268.3570,176.0070,360.2040,590.0620,626.1770,615.3560,524.7730,445.3900,402.3250,318.8800,204.2180,114.8570,51.6070,56.1887,106.5000,148.3840,159.4930,171.3670,166.7210,161.3990,149.4270,281.9960,421.0120,455.3620,516.0290,586.2010,659.5240,695.3510,615.4050,425.1870,396.6530,152.9300,198.4910,47.9131,49.3639,102.9380,162.7420,295.4130,422.3590,474.9310,509.4610,535.6920,522.9460,355.8700,205.6210,169.8850,183.9920,184.6400,168.7800,182.7600,192.8030,158.5910,64.6427,52.0725,121.1150,150.1180,157.4290,175.2620,183.5790,180.4490,178.6090,181.9580,218.1110,279.6960,319.3000,272.2350,205.5550,155.6040,107.2350,67.9862,69.8053,71.5999,165.1560,225.1090,234.5530,263.5690,288.1510,266.1520,194.8020,193.7250,286.3770,338.8650,370.8770,362.4140,258.9020,144.3830,90.3579,137.3470,204.9610,232.7500,277.5810,269.8040,198.9350,239.3950,120.5940,98.4469,57.4737,126.5290,131.5610,131.3480,108.8320,72.1200,86.2582,126.8390,97.8042,62.6576,73.8051,104.2670,165.8420,150.6300,98.1603,63.3039,44.2081,63.2941,104.3690,72.3660,44.4837,63.3182,74.3959,75.8919,89.3453,89.8633,56.2777,70.6965,147.6100,222.7940,235.6520,185.1010,130.2380,126.0260,105.4080,202.6900,259.8360,257.7940,242.4520,239.9560,233.0910,224.3890,208.1880,198.9940,218.4880,265.4800,283.6380,258.5100,234.0910,213.4990,211.6800,184.8920,135.1140,105.6950,111.1820,100.7880,103.5250,102.6750,129.9840,164.1260,204.4680,188.9840,127.8310,111.1130,106.5770,87.2120,75.8425,52.0479,104.1030,116.6020,124.8230,132.6740,128.9760,89.3981,59.2390,67.7244,84.8672,84.5463,100.3290,125.4660,127.9940,135.9960,148.2980,156.7260,109.3910,60.6048,56.5285,137.9180,167.0450,186.0270,182.6540,164.0850,123.0910,104.2720,120.7860,134.3510,144.3700,120.5260,96.1958,114.5160,133.4910,112.2160
49898.5000,35109.4000,23908.6000,36865.0000,44738.1000,33536.7000,25541.4000,21910.8000,18990.1000,16644.5000,12525.3000,8704.0400,7244.4400,6874.8100,4997.8100,4996.9500,5723.5900,5398.3300,6143.0200,5936.2100,4985.8400,3647.8900,3243.5400,2885.1100,2311.4500,1988.6700,1555.4200,1350.6100,1370.2900,1099.3100,891.6930,688.8010,538.1720,304.4340,232.8300,244.9170,134.7950,110.3080,186.1650,256.8400,377.8660,651.2990,1092.3100,1390.1900,1706.0900,1902.3900,1618.3800,1260.4500,967.9560,553.9630,397.5000,601.1180,719.9610,666.5200,669.3400,671.0210,664.4910,549.0410,556.4410,646.1520,677.1990,704.8830,706.2720,415.7470,299.4880,420.6370,1038.6900,1386.1600,1324.2200,1537.2900,1011.6000,588.8800,312.3430,228.8090,182.0440,450.9780,427.2250,417.5060,407.2280,476.1080,561.8600,476.9090,284.6850,246.5710,475.0360,518.8180,318.6910,374.5700,763.3470,848.6030,835.1340,661.4130,457.4820,305.0870,300.8610,309.9530,199.9260,118.2780,143.0970,234.6920,384.8380,434.2280,266.8390,175.8110,348.8310,566.2250,608.9680,602.6240,526.2450,457.1700,401.8420,302.0980,201.4500,118.4710,70.7271,61.5398,104.6000,143.7400,170.5860,160.1150,131.2710,132.2750,122.6840,275.5490,411.5470,438.6350,487.0120,557.2860,652.0830,719.1170,631.3990,455.8290,422.0620,170.7170,171.3830,36.7178,106.1920,180.8420,232.7520,344.1940,469.0160,513.2170,530.0120,547.9270,542.0640,431.0700,314.8020,264.0480,244.6590,199.0260,170.9540,154.3930,165.7140,122.5550,38.8975,69.6850,144.8750,142.9220,162.4230,206.6530,209.8870,197.7050,220.9010,248.6010,279.7160,321.9860,348.0100,289.3120,213.9700,136.2520,78.4860,57.5097,73.6618,86.4128,188.6540,246.7460,262.9900,292.4050,317.9600,281.3730,201.1870,211.2250,288.0220,314.0720,345.1900,329.4320,227.3820,112.9420,71.0089,131.5320,188.2040,209.0690,252.0260,245.2910,195.3170,244.6180,143.0380,90.4914,25.7671,106.2110,123.3380,121.4090,92.5288,83.4127,113.5910,144.2780,109.0920,41.1839,52.1000,93.5309,161.2410,156.0430,106.5120,72.9351,49.0794,34.0183,73.5769,38.8432,27.8636,95.6894,102.0670,86.9612,55.9726,47.2724,37.9775,73.6939,136.9380,197.3150,204.8560,165.8550,112.7340,132.8050,127.1580,233.6450,273.9650,270.0620,251.4550,241.0190,240.7660,236.1100,195.1990,190.4290,235.7610,269.9080,281.0280,259.6660,254.3030,231.0860,219.1050,189.1980,152.3180,135.3960,126.2580,103.5160,94.3516,105.1490,131.3380,157.7950,196.0580,190.6830,146.1480,101.9330,88.6034,79.3934,91.5388,61.6103,124.4980,128.8240,137.0540,141.4130,140.9430,83.4276,51.1194,86.8460,110.9590,106.9270,118.5120,138.4590,145.9120,154.0790,165.6110,156.3600,85.8166,57.4673,76.3952,158.3430,193.3390,197.0500,190.7850,176.0480,138.1630,93.4362,111.1330,145.8730,138.8590,96.0173,81.1162,115.2040,136.4620,112.6650
50284.3000,35494.1000,24374.1000,37553.9000,45191.9000,33616.7000,25607.1000,21837.6000,19000.8000,16441.0000,12308.2000,8610.1800,7169.9300,6844.9100,4996.2900,4947.1400,5684.4200,5386.5600,6100.8300,5874.4300,4980.0900,3636.8300,3222.0100,2791.6300,2268.6700,1961.8100,1515.3900,1316.6800,1306.8700,1082.7000,850.8020,688.6970,569.8160,326.6240,197.4990,202.7790,94.5872,56.4246,133.8480,196.8970,328.4870,603.2150,1033.9200,1327.5100,1666.7600,1879.0800,1619.1200,1289.3400,1018.6300,610.0310,413.4460,602.6490,720.2560,670.0130,672.2850,664.5530,649.4360,541.5610,545.3170,624.4820,674.3020,718.0560,769.0570,511.2680,208.8360,355.5300,988.5010,1367.5500,1312.7900,1509.1900,970.0500,541.8770,289.2580,269.2760,172.9140,473.0320,452.4840,469.9310,438.0340,490.4460,558.0060,432.8400,261.9340,236.6750,448.3800,489.0170,295.2540,340.3840,738.2550,836.4380,834.6460,696.3480,505.9570,320.7160,294.3790,297.6460,186.6590,103.6170,129.4170,225.8520,395.6830,449.8210,255.2130,143.8480,343.1210,582.9220,631.8260,629.3890,545.9410,461.7060,430.0220,344.7240,222.9490,128.8230,53.0075,45.0152,87.0780,133.2160,153.7170,140.8510,120.7850,134.0510,130.2560,262.9760,364.8570,392.5260,446.4500,508.3670,577.3830,622.8380,554.3790,412.4430,389.5840,161.5480,133.3840,59.3534,126.5300,192.5130,238.0650,355.4160,462.7250,491.9480,493.8250,492.3280,472.6120,384.5630,311.9930,292.3150,261.8240,222.3390,164.1270,152.6440,172.0060,125.9130,70.9055,59.7276,128.8900,138.3370,163.7670,208.1830,206.4640,195.6480,220.8200,264.0330,305.9000,331.4220,325.3880,287.3110,227.1050,174.8560,89.3998,51.6073,79.9910,96.5907,183.4600,240.7780,266.1630,292.8200,322.5970,294.2880,197.9910,183.2200,265.7970,289.4270,327.1030,306.2740,207.5170,90.3410,32.0015,106.5550,162.0330,177.9890,231.1630,256.9210,205.4340,255.8070,130.1590,87.7109,50.9143,124.8090,145.8130,151.1530,132.1320,77.9366,62.6559,81.5231,75.0875,61.0065,112.5030,140.7040,213.1240,159.4740,99.3652,54.9208,35.0828,62.5476,91.4417,62.5728,26.1093,58.4606,65.2734,55.3992,30.3241,34.0247,39.1840,90.3529,144.5840,193.3160,198.5530,146.8330,94.3821,94.3314,121.6120,208.4370,273.2450,266.1230,237.8560,208.2970,204.0370,191.4520,153.7420,166.2460,218.2210,264.5860,275.5750,252.9840,233.9320,225.0570,214.3200,163.7340,122.1840,117.2370,106.8900,84.1444,69.2834,79.1245,109.5500,141.8180,188.9810,187.4230,145.7030,129.4510,127.6930,123.1490,99.6065,43.6199,78.4807,85.7098,102.6020,117.6900,131.3460,92.5781,51.2334,60.2707,86.8985,98.9669,118.3880,139.7540,139.9550,139.5670,144.3700,136.5440,64.1678,56.6299,98.8216,171.3650,204.5120,215.8510,193.7390,161.8990,118.4730,108.7760,134.6510,149.4030,138.3830,96.7922,71.5132,107.5880,136.8380,116.6390
49522.6000,35084.7000,23930.7000,36908.3000,44426.8000,32949.0000,25109.0000,21521.0000,18689.1000,16199.8000,12274.0000,8562.6100,7051.0900,6779.8700,4903.6900,4876.4300,5660.0500,5312.1800,6054.0400,5886.6400,4954.4700,3594.1400,3202.7800,2806.0700,2261.3700,1989.8400,1551.0700,1347.0800,1362.6000,1101.3800,875.8830,691.9410,557.5860,313.3810,226.4690,231.4470,116.7000,107.1650,184.9100,241.1810,361.7220,651.1310,1109.3200,1403.2200,1705.6000,1886.7800,1608.4400,1256.6700,969.6090,556.2310,380.0280,573.5880,693.9430,638.8730,643.3800,646.3480,648.1720,527.2230,512.6320,613.3820,672.7800,716.5020,758.0100,524.0220,180.4730,340.0170,974.3380,1364.1100,1317.3100,1516.5900,993.8360,572.0720,330.5070,264.8990,148.7060,447.1060,435.3440,453.8150,431.5390,484.9920,567.1770,454.2220,258.8540,215.5320,435.3760,481.6600,284.8460,337.2590,747.3140,835.6570,816.9820,656.7260,508.3030,359.7910,305.2850,309.7020,213.8100,141.5380,164.7600,239.9860,402.3580,451.8660,270.0750,157.1510,360.4870,602.0790,650.4000,650.9670,578.1930,477.2990,414.8740,334.8730,216.4380,113.9460,26.6871,47.1097,78.7327,122.2060,156.3600,161.0050,151.1650,165.3160,146.6960,251.0250,343.7310,351.5240,395.3920,450.9770,515.2670,547.1150,477.9460,373.2530,368.5410,172.5310,125.3710,58.2991,141.2300,217.1830,275.0920,383.5110,469.3080,480.1440,484.6130,485.4650,466.8060,357.8750,312.5990,347.5810,309.6480,266.2420,193.1760,185.3620,209.0310,160.0740,83.3831,53.1034,90.3253,108.6490,140.1140,183.0870,180.5910,176.4410,216.3830,281.5090,326.2330,343.5130,359.0080,312.2740,243.9450,170.5540,100.4540,54.6766,55.0249,55.7627,145.5500,214.3650,238.6990,273.1020,303.3670,290.6650,221.7520,212.4210,289.6790,317.5320,362.5740,312.2430,201.3490,104.1580,59.9515,82.3557,193.3860,201.4490,263.6130,272.5930,202.8390,231.5410,112.9280,52.7155,58.3299,119.0160,134.0040,138.7320,121.5150,100.4260,114.7800,128.5320,90.7665,48.3498,66.9991,120.6420,201.0820,163.3160,118.2710,62.9736,33.8438,69.8810,131.1850,127.8070,106.1550,67.5732,82.0245,63.4642,42.3068,21.0203,31.2502,94.1480,143.5300,198.8400,192.9480,137.6600,113.9870,128.8660,154.2910,236.2450,268.1950,251.4010,221.2580,206.3590,193.4710,189.8830,157.2420,157.3000,221.3520,274.7480,271.2890,245.3910,231.6910,235.1970,239.4760,178.1120,111.9910,110.9710,114.7550,96.6728,80.3669,73.9446,105.0360,133.8350,169.8770,170.1560,135.3080,122.9190,113.5730,98.0082,70.8476,18.2607,36.2666,66.2315,95.9971,115.3480,113.4770,79.7760,69.6170,75.2102,91.0214,106.5270,130.6350,153.9270,153.5250,149.2380,148.7690,134.8570,51.7215,48.7499,113.5570,168.1180,195.7450,210.9680,190.4130,152.1100,105.8440,95.7621,118.2080,138.1520,143.0840,104.1390,64.5880,92.9957,121.0230,116.9700
49707.3000,35040.7000,23856.9000,36713.8000,44580.5000,33432.0000,25441.6000,21815.0000,18890.8000,16610.7000,12528.9000,8689.0500,7252.2800,6914.5400,5028.6400,5028.6900,5752.9400,5413.0000,6145.6800,5920.9000,4988.2300,3622.8900,3211.8300,2843.0200,2309.6600,2004.9700,1565.9200,1371.1700,1366.4500,1088.9400,879.3820,697.2890,554.4530,314.6840,237.0660,232.4990,106.6910,101.9020,186.5240,252.8140,379.2420,651.6280,1088.9600,1384.5200,1685.8400,1878.1200,1595.3800,1242.4800,955.3330,554.4130,389.9970,577.0120,680.5100,616.1720,614.5420,611.3820,611.6300,510.6460,491.9090,550.4680,589.5840,612.2910,660.6740,488.2760,227.2660,420.7920,1005.5800,1387.6000,1349.3500,1534.0800,982.8210,557.9240,306.6050,282.9130,164.2550,474.6570,480.9200,487.2810,486.2780,528.6120,612.3700,505.7170,314.4040,265.5220,470.9080,526.0030,329.9110,355.2430,737.5030,834.6930,816.1890,648.9570,492.5860,373.8870,339.5700,305.9840,178.4430,103.4110,133.0370,259.8450,430.7560,475.5810,283.0060,152.2650,339.3250,599.2860,660.5900,660.4380,575.3200,479.1260,436.4860,349.4440,226.5690,121.3380,42.0695,47.1941,92.6206,131.8040,168.4990,171.7420,162.9710,178.7550,167.5160,280.8020,376.0380,362.1750,402.9620,463.9330,544.8310,550.5480,420.2580,336.6180,321.2100,164.7630,143.3910,43.1996,102.3540,170.1200,219.0610,349.0880,451.1850,460.4010,474.8880,477.5460,465.5030,334.4220,275.2490,319.9150,284.3070,240.5230,163.8990,177.4260,232.3910,185.8150,97.6735,57.6550,66.8184,104.5570,131.7880,171.1840,184.4480,175.7740,194.8180,244.1850,307.5460,354.3700,380.6940,334.0620,264.0480,180.6730,113.5780,91.2013,94.8115,89.4049,146.8460,201.0270,219.1800,244.6770,277.0050,270.7100,224.7010,263.1010,326.4120,340.7410,358.5350,313.4700,210.4330,119.5070,91.5199,80.8114,184.0870,198.0700,221.3680,230.5190,168.6880,213.7740,114.8890,73.6492,60.3444,138.5420,149.4480,159.5700,148.2590,151.8080,164.1780,171.0030,145.3310,119.4160,121.0700,99.2841,159.4850,121.9370,90.0619,51.4855,32.4017,76.2066,124.4420,113.2690,88.0712,47.5232,72.2082,66.6415,43.5124,23.4623,46.5179,126.6040,159.4470,209.6280,208.8990,142.6930,108.7750,99.8517,120.6200,189.5420,257.1360,250.6950,222.3280,180.7970,163.4010,155.0140,135.6720,136.0450,192.6520,255.9440,253.0530,224.4730,198.7480,195.6970,195.4530,154.2990,127.7450,130.4630,116.5720,99.5957,94.1779,115.5290,127.6470,145.9050,171.7870,164.9910,123.3020,104.6980,97.9023,88.4284,74.8789,21.0957,70.8744,78.3982,96.5367,112.1960,128.7760,86.3212,50.6949,60.7886,89.3174,106.6880,133.1710,151.8670,153.6690,160.3640,169.1700,131.9840,40.1844,42.7019,104.7150,155.5930,193.2060,200.6000,193.8250,177.9740,152.2740,88.6095,84.1742,119.4930,116.9400,85.6871,75.3307,113.5700,137.6320,133.3960
50439.4000,35542.3000,24460.9000,37605.2000,45233.3000,33749.5000,25753.1000,21953.0000,19101.8000,16567.4000,12391.9000,8666.6500,7242.1300,6867.6900,5006.5000,5011.9700,5735.0100,5409.2800,6127.9900,5861.6600,4968.0100,3623.8500,3216.1200,2798.3900,2273.9300,1949.8400,1508.1500,1335.4900,1314.3400,1083.5700,849.8240,705.9460,582.6120,322.0350,219.2280,226.8770,108.1040,54.2712,103.5760,179.9920,317.9200,591.3110,1024.0300,1313.9800,1655.8300,1854.2100,1581.1200,1254.1600,986.3500,602.7100,417.5360,595.7590,715.4080,659.2930,654.5730,644.1700,637.7210,501.7480,467.4100,530.9030,560.0160,581.2710,609.7950,405.7990,188.2080,424.4000,1028.7600,1384.6100,1327.4700,1508.4900,969.9690,560.2310,323.7590,308.4820,160.1690,440.8090,440.3070,442.0140,423.8440,487.2180,586.9800,463.2210,278.0390,301.4030,539.0340,582.5170,365.3650,339.9930,724.3680,833.1880,816.6980,643.6340,474.9010,352.4480,338.4390,315.3000,165.4890,106.5820,130.6900,257.7560,423.5630,477.7060,309.4440,160.4370,282.0750,561.0060,628.8610,632.3130,542.4760,469.7050,433.5500,340.6840,226.1790,125.4690,46.8920,43.4167,102.7480,142.5560,146.2620,153.5170,153.6340,184.8390,157.9210,245.3570,310.9450,306.4340,349.4690,410.0730,486.6900,514.1300,403.4530,332.6830,311.3010,176.7240,152.1470,44.4212,89.1952,160.1940,220.9240,351.8770,433.6030,453.4960,485.5560,498.2310,484.6810,346.9230,291.5770,338.8800,313.2290,274.2350,192.7390,178.7500,223.9980,191.6800,100.8620,48.3145,43.3166,72.0612,107.4630,152.5740,164.1490,155.8720,168.1430,222.2690,294.5190,373.4030,401.0520,338.9870,262.6470,185.7490,125.0780,87.7580,87.7906,81.4405,132.8540,184.0490,212.5470,248.8310,297.4940,299.7110,232.6680,245.6710,321.8840,349.4330,384.4100,346.8870,240.9650,154.2510,86.9731,32.8093,100.1330,133.0200,194.0050,235.3290,202.5070,258.5300,145.2770,79.4626,56.5331,130.7250,149.0540,148.4030,141.1260,142.3250,148.6870,155.3410,132.4230,105.4170,108.9740,89.6009,132.5950,102.9990,58.6169,24.7800,42.7551,107.1080,143.1260,139.6350,115.5370,84.2279,79.6753,62.2214,23.3226,18.2036,42.3765,131.6650,185.0140,263.0870,243.7450,182.1110,151.8500,155.1110,137.7120,221.9710,255.4390,233.5980,213.3710,180.7330,171.7940,148.5880,113.1450,131.8000,187.2540,220.8020,233.1060,224.4710,202.3900,193.7840,186.3710,169.1640,136.2420,122.9850,125.1180,121.5700,121.7650,122.0240,128.8220,141.5540,162.7450,148.8000,102.8360,91.9180,82.9099,72.4286,51.3965,65.1559,81.0236,84.0340,105.8280,124.0880,132.2780,83.5585,56.0804,70.5796,94.8623,98.1029,112.4080,127.8950,152.0530,154.5250,165.9640,127.1540,57.5678,34.1307,86.1235,164.6540,208.3020,215.7540,206.2740,180.4200,144.1480,121.4250,143.4470,152.6500,125.6890,94.9358,64.9019,84.2168,111.1720,110.4250
49878.5000,35347.3000,24163.2000,37133.6000,44569.6000,33044.3000,25235.4000,21557.0000,18748.9000,16203.8000,12271.3000,8580.1000,7095.2700,6857.6200,5001.6200,4971.2600,5737.7600,5379.0700,6111.3400,5922.3300,5026.3400,3672.2300,3254.1400,2808.0000,2264.7500,1982.3500,1543.1400,1332.9300,1320.2700,1080.4700,843.9500,677.9930,560.9690,323.6510,222.7780,242.9710,126.4150,56.0875,117.5750,191.4100,303.7600,571.2710,1014.3100,1313.1600,1665.6900,1873.7800,1607.7300,1274.7800,997.6190,603.7140,428.6040,604.4850,710.4130,649.5910,642.8900,635.1530,635.6960,501.3760,465.0770,560.0110,625.3830,675.2290,714.5270,490.4800,172.4750,325.0470,926.3850,1324.2700,1280.7900,1480.2100,943.5430,558.8380,312.3630,291.8500,152.5500,450.5910,423.9070,423.5580,418.6400,507.7450,593.9470,468.4820,290.4470,325.0070,592.0250,633.7150,394.3980,346.4210,737.3260,847.3350,835.4370,666.3260,501.8830,362.2990,334.1670,334.9040,207.1940,128.3190,141.6610,267.8150,437.6820,474.1710,284.3280,154.4760,322.0500,576.7780,650.2030,662.7240,595.8430,505.2330,452.8890,363.3090,237.8420,126.6720,30.4721,41.6879,82.5151,134.4310,151.7260,148.6430,147.5740,184.7470,170.6520,279.2400,345.1240,336.4520,383.7480,438.4790,510.8420,530.6270,412.6700,330.3550,318.1460,180.6750,149.8390,69.4248,136.4070,193.0110,251.4100,361.6190,442.7340,464.6330,491.1570,508.7280,495.0330,388.1290,325.8950,318.0930,269.9350,232.2150,151.8480,151.2370,188.2110,157.9490,85.6797,34.5357,60.1659,94.3533,107.2860,153.1640,177.5540,172.9520,197.6890,263.3800,337.4060,403.0660,424.6750,354.2530,269.5250,204.9880,142.5300,94.1742,96.4987,81.0585,159.1700,205.3840,238.9470,281.2780,328.9420,303.0000,242.2960,294.1250,381.7810,403.4680,439.2600,390.2910,270.8260,153.5470,92.1495,44.4352,129.0700,158.0390,192.7310,227.5140,165.0480,223.4050,118.8310,82.1755,50.5271,119.8180,133.9490,143.4070,128.3570,105.6370,124.8790,153.2330,126.0650,113.1340,125.5860,108.8850,152.9360,103.9670,46.4101,28.7883,51.1842,103.5610,134.3930,123.2370,90.7985,69.9298,68.5076,42.0786,34.6865,46.3372,59.8664,135.6190,179.5360,240.7540,249.4350,186.2490,128.8890,105.3510,92.0857,175.2810,247.7310,240.6060,220.6010,179.9280,163.9870,150.6470,125.0190,132.4650,179.3250,236.5840,259.7120,243.1480,227.8100,220.5760,218.0430,187.7370,157.5350,137.6820,115.0620,102.0210,97.8931,113.6750,114.8170,124.6070,142.4370,142.2120,100.7990,71.4581,68.1934,66.3540,67.7841,61.5465,87.4003,90.5683,101.0070,105.6090,98.0838,61.5530,48.0107,50.3340,67.5417,80.5032,108.2040,131.7380,152.5970,169.3910,185.2280,160.5750,89.5519,54.2211,82.1350,144.6400,198.3450,210.5920,192.4750,161.8250,135.9800,129.1690,130.1720,122.5690,114.2350,81.5142,47.9386,73.4907,96.1969,94.7063
49627.1000,34968.2000,23749.7000,36534.8000,44270.0000,33129.2000,25270.6000,21679.3000,18806.8000,16484.5000,12453.6000,8647.3300,7197.5700,6858.8600,4950.2600,4966.0400,5715.4700,5355.3600,6086.7100,5869.9500,4961.8900,3598.0800,3200.7100,2793.0600,2260.1800,1977.1000,1550.9500,1351.3300,1329.5600,1069.1000,864.5900,684.7820,538.1740,300.0730,231.9460,245.9610,139.8540,99.2561,163.4520,247.2840,369.4470,641.5040,1091.5000,1380.1000,1671.5900,1850.8300,1583.9500,1237.1200,953.0690,547.4770,378.7970,559.7590,666.2630,614.5720,616.9400,620.9900,625.0710,500.7650,460.6930,513.9510,544.0100,562.3840,557.7520,301.1210,193.9640,494.5970,1077.5300,1413.3900,1314.8500,1480.6000,929.4760,538.6730,318.6690,298.7280,147.2450,448.2060,473.5800,494.2150,512.4540,568.4570,635.7580,492.5380,283.4110,286.9890,569.6710,632.9180,403.1210,348.7310,759.6740,894.3730,894.9360,719.1570,541.4130,415.2010,379.0860,354.3920,238.2800,136.9100,171.2740,261.7880,448.1020,480.8520,288.7530,153.9710,306.5190,568.6470,634.2820,645.1930,570.4080,506.8710,477.4850,369.2100,241.8240,138.4300,59.2953,30.1823,94.0519,127.3170,140.5470,144.5120,135.3220,146.4130,130.1630,241.9080,327.3080,335.0580,387.0370,446.6710,517.9370,534.5050,426.9430,319.6260,310.9140,169.4880,145.5060,59.1122,116.4480,166.1800,222.4660,338.5530,437.7020,459.4490,473.0950,486.2210,473.4610,355.8240,286.3980,327.4000,300.3660,252.7670,159.2080,138.1190,188.0640,180.6920,94.8367,55.5689,67.4251,101.6490,122.9890,157.4790,169.8450,166.7840,203.9390,273.4750,343.7700,431.4410,474.1670,402.3230,310.5900,230.6910,169.8300,140.3210,123.6130,92.8793,149.3800,211.6210,242.0840,270.4280,290.1840,287.8440,267.4420,295.8450,363.1820,382.3590,421.4110,371.0750,235.6210,117.9930,44.9131,48.9443,131.5470,157.9660,204.9860,215.8020,164.5300,216.4210,123.1430,97.7474,26.0624,92.8384,103.6720,113.7500,90.2770,73.1977,95.7203,108.8000,88.6041,92.2678,124.3330,124.3230,159.0880,91.2929,40.7562,36.4574,62.5848,130.7250,163.7990,148.8950,110.6470,80.9506,68.8496,28.0267,25.4178,39.9862,18.6648,85.0660,156.3700,237.9380,246.5140,186.3770,130.0370,114.5680,89.2100,186.0110,235.4260,204.7470,184.5450,146.4140,125.3600,114.3180,128.4580,156.1040,202.8600,251.5990,249.9930,226.2320,210.8790,208.6270,197.4290,159.7120,135.0830,123.0800,106.8610,86.8696,75.1756,84.4635,104.5540,125.5330,152.6050,143.8140,110.4670,99.5832,93.9711,76.9093,51.0983,43.7146,69.7030,77.5791,91.0164,100.9580,94.9400,66.3748,59.0060,71.2527,91.0774,97.3618,113.1970,126.4840,138.2830,141.4830,149.2260,112.8780,37.2630,37.3731,93.3459,155.2870,187.3530,184.3540,170.1340,161.2410,139.6960,112.7450,109.8470,123.3590,109.8690,80.7015,59.5029,82.5480,108.5750,115.1070
50357.9000,35424.0000,24286.4000,37355.7000,45121.4000,33781.9000,25783.8000,21940.2000,19082.6000,16633.5000,12440.0000,8667.7700,7244.7900,6863.6400,4994.1400,4994.8600,5717.7600,5418.0800,6136.2900,5842.7000,4956.6600,3625.3900,3234.4200,2790.7000,2256.5500,1951.5400,1494.5100,1289.2300,1280.0600,1061.3200,832.5380,667.9160,539.4070,303.6150,207.7010,225.6960,105.1480,56.5632,131.8080,190.5440,306.4970,581.8270,1010.2200,1305.7700,1657.5300,1880.8400,1603.6000,1264.2800,985.6000,593.3650,415.7070,596.8410,724.8110,659.5770,643.0710,627.4280,632.1280,508.8150,480.8790,563.3240,603.1060,640.3290,640.0580,391.7970,225.5320,384.9010,980.3560,1339.0400,1252.8700,1445.4200,910.3000,566.4140,319.9540,309.3400,161.0980,488.0500,476.8770,471.8480,482.0120,585.3310,681.5940,549.8230,341.7550,353.6520,625.8760,664.6400,416.9440,349.3540,730.2640,837.4050,819.5870,638.2080,460.3050,355.9130,356.5590,325.3000,182.8200,106.6060,142.5020,288.2250,469.4840,520.2650,339.7140,183.0940,312.3310,575.9710,643.2970,656.3150,585.5100,500.7830,440.0560,344.1060,233.5960,139.4430,71.4299,45.1193,102.2590,142.9110,165.5690,169.8630,160.0910,187.2100,161.1530,286.1720,373.0600,388.9230,440.6950,502.2420,572.3310,582.2640,441.3230,324.3980,294.2500,180.8150,173.9670,39.4937,71.2440,142.1600,206.9360,335.8220,424.8080,437.5060,461.6800,479.1960,476.7270,381.2840,295.9920,289.2860,278.1330,241.0840,182.8160,158.9020,192.7150,167.9290,81.6811,39.3240,81.8832,101.1380,111.3630,134.4050,161.3590,188.3000,229.2520,287.6460,359.5840,464.5560,491.3900,403.5120,302.3320,246.3200,185.7490,142.2450,121.1090,93.9188,127.6490,199.0380,228.0620,257.5510,272.4870,257.5320,228.2430,241.3250,311.5890,331.4110,378.3000,337.0820,229.3720,121.8380,96.4941,88.1921,167.6850,159.3410,191.4710,202.4610,172.7530,232.8790,125.2640,111.5690,55.5672,135.5690,148.7540,151.5290,126.7230,107.7950,125.6020,122.0870,82.3644,70.3678,80.5493,105.4170,148.1090,100.2890,48.0817,29.3180,56.9815,107.6480,136.1090,126.7260,104.5790,96.7490,112.7230,72.3322,24.2847,19.3930,43.8655,124.0240,167.6860,229.7300,234.2070,164.6080,100.9900,86.2288,91.6097,197.0630,255.1430,241.6350,225.7300,188.1960,133.0750,109.3530,114.3040,127.0490,183.3790,246.1470,239.7970,213.9420,198.7930,202.9150,193.7170,138.0220,113.8070,117.2640,94.7572,73.7033,62.0041,82.7836,96.1845,109.6690,128.3910,125.6640,93.8347,63.9205,59.2251,45.2033,35.0660,62.9530,102.6410,102.4750,110.8640,112.3320,106.8910,62.3469,49.0600,81.0508,102.9220,95.4934,97.3637,119.8670,136.8690,142.4940,150.9240,117.9700,49.8623,36.4031,97.6434,176.8170,214.5700,222.8530,219.3120,204.2060,184.3820,150.6970,152.1910,146.9020,124.0520,113.4240,106.4380,120.2620,136.8270,130.8230
50084.3000,35451.4000,24292.4000,37363.6000,44819.6000,33229.1000,25380.3000,21683.4000,18884.5000,16323.4000,12341.4000,8638.9200,7144.5000,6908.4800,5041.0400,4986.7300,5784.4400,5458.8400,6171.3700,5930.3400,5016.4100,3641.6500,3229.9100,2803.2500,2244.4900,1942.9400,1502.5600,1286.4300,1271.9600,1033.6300,817.7420,661.5210,550.2280,300.4220,188.1230,199.2020,85.6725,53.4186,126.3020,172.4490,295.6800,583.9500,1014.1800,1306.3800,1663.5400,1876.2500,1620.0300,1292.3700,1014.9300,601.1220,416.8670,604.6290,704.8160,634.5530,626.9230,616.3570,607.5140,472.7000,457.2150,516.5750,531.5950,547.2190,530.7540,279.5780,248.0320,490.0600,1069.4800,1391.9000,1282.9700,1457.0300,914.2900,529.7870,295.4290,304.4740,162.2740,436.9740,430.4900,410.8800,415.6060,534.9900,646.1600,487.7760,291.8210,339.1440,602.4950,654.2000,415.8470,307.8680,683.3980,804.1580,799.8220,620.0240,436.1880,323.7750,311.2660,284.9240,155.9230,138.6600,181.3070,309.3580,479.3960,508.8860,325.4840,196.8180,334.3270,558.0450,625.0630,632.0410,548.6400,458.1600,429.2130,353.0540,234.6100,138.4580,73.9492,66.3379,121.2340,165.8190,184.4620,173.9890,154.3180,161.5060,160.1400,260.1700,380.1810,387.3110,424.5820,469.6380,526.0740,570.0430,505.1920,340.9630,362.9620,205.5890,224.2790,78.5784,69.9136,125.4650,188.5600,305.4120,409.3210,448.9050,475.4950,495.1730,492.0770,404.4490,304.0580,273.1260,256.5340,205.2180,157.6090,158.1120,210.1830,195.9630,84.2802,77.8124,154.1860,142.1190,120.7000,154.4040,198.3310,207.5990,227.6380,255.4930,325.6170,430.8480,471.5500,388.3990,287.1770,210.6740,144.1970,116.2990,111.4230,71.8218,147.5100,182.7360,196.1490,235.0440,271.8470,265.6410,210.8380,233.9700,307.9690,329.9940,361.8490,326.0660,226.2760,124.6230,74.8786,89.5280,167.8580,181.1680,248.4140,248.1190,194.0120,223.7260,99.0653,93.9508,70.7941,132.9860,138.8830,133.4620,107.8140,68.7676,65.4644,76.3028,53.3317,59.0230,94.1950,138.2990,182.0260,119.2160,56.0901,26.8886,42.7584,93.4620,127.3080,106.9100,91.2423,110.3220,125.0280,106.9640,75.9013,63.9170,17.6934,102.5900,176.3540,244.3500,231.2080,171.2200,100.7200,74.6127,97.3995,209.3090,273.6860,262.9910,249.1000,204.9580,149.0470,107.6690,106.5190,155.6580,216.5720,248.3470,246.1050,222.7290,206.7840,202.9760,201.0350,158.2880,123.2470,119.5030,102.5230,78.3669,66.5851,71.1124,83.2518,105.1290,133.8990,124.3480,83.3125,70.7209,68.2431,45.4888,16.9422,43.2950,79.0644,106.4080,118.4350,119.1320,109.1250,75.6130,50.9634,78.2512,108.4280,109.9500,126.7900,150.6500,165.0060,171.2480,175.3290,138.9660,62.6403,49.3470,115.1140,183.2400,216.1950,236.8560,230.2700,203.5820,173.6830,154.2480,161.2390,172.1540,150.7000,113.3840,109.7260,130.7430,133.1160,106.6560
49518.3000,34948.2000,23722.0000,36468.1000,44153.8000,33003.1000,25194.6000,21596.0000,18750.0000,16399.6000,12395.5000,8602.8300,7133.1300,6819.8900,4926.6900,4942.2600,5713.2500,5368.1900,6100.7200,5861.3500,4935.7200,3561.8200,3189.0000,2787.5200,2231.8800,1952.9400,1525.8200,1314.5200,1318.4800,1063.2500,866.6300,685.6370,551.3050,297.0780,213.1030,247.1010,132.6220,102.1760,187.5370,244.7770,344.9200,617.4640,1066.0300,1361.8700,1688.7600,1872.4100,1587.1800,1233.6600,944.9660,545.6620,384.6110,557.1110,662.0580,622.6840,626.7710,631.8300,633.4630,515.9490,487.2970,529.9340,540.6310,545.2750,512.4880,250.3710,211.2450,501.7360,1053.6100,1377.2600,1275.9500,1472.9300,920.8600,586.0160,320.5040,280.5360,130.0320,414.6420,422.8250,416.4040,437.6850,570.5950,680.3240,523.3170,305.6150,364.9990,648.9300,692.1030,449.3250,335.8370,685.3880,827.5140,830.2030,662.0980,466.7560,373.1710,385.5530,363.1450,230.0980,158.4910,183.0870,280.3350,464.2610,529.8990,342.8670,190.3390,351.0970,591.4850,639.5130,642.6000,555.8880,467.5090,412.9790,321.9950,222.1000,136.8540,83.5351,52.8353,116.2690,160.1930,176.5810,176.4390,166.6980,196.8410,182.1230,286.8250,380.4510,385.6190,429.7540,477.0160,532.0870,586.8250,540.2400,381.6120,404.4110,196.1010,217.0060,46.0109,76.0448,160.3470,209.6890,317.8450,433.3640,454.7600,466.5300,466.9820,466.2560,358.4990,247.4300,243.0180,222.0160,172.8750,139.0700,161.8190,200.7630,188.1690,96.1842,68.6427,122.1590,131.2460,112.9180,135.0270,169.7560,193.0520,225.9570,291.0070,358.9510,450.7310,483.9210,398.1630,289.4650,193.9090,116.1070,94.7395,98.4134,61.3350,130.5700,177.4830,196.4200,239.9430,286.4260,293.2820,231.7880,253.2200,333.2820,359.7930,385.4630,339.5110,247.9970,140.0660,64.7449,69.1691,148.9440,192.0900,266.7460,297.4100,218.7210,246.4280,89.7199,96.1057,85.0707,128.9750,127.0050,117.6000,81.8781,26.3145,32.7408,43.0341,14.4556,63.3660,121.3530,183.2090,220.1610,148.0910,85.1196,39.0110,27.4176,64.4515,81.5141,62.1951,65.6589,104.3030,114.0020,93.8944,58.5463,57.7220,14.4012,107.8560,168.4600,226.6760,200.0040,137.5760,71.7489,59.7523,107.8790,232.3520,299.5350,281.5310,266.2470,224.4450,165.4960,125.1050,127.8250,159.9670,220.4270,269.1170,256.6070,229.0740,197.7290,191.3550,183.3790,157.9160,135.5910,115.3900,100.9580,81.8827,74.1620,90.9370,111.6170,125.8720,151.3870,122.0930,78.2936,54.5744,66.3206,57.5153,32.6085,67.4376,109.8800,112.9400,120.6370,124.4070,126.1110,101.4040,84.3725,79.1414,94.5156,106.9710,121.1350,137.2710,140.7560,152.7530,167.9300,139.6680,54.2020,38.1921,104.6320,175.1270,213.5440,232.4000,230.9340,209.9290,184.1110,150.5720,149.7930,150.2300,137.9540,125.8810,115.8600,125.1750,139.6530,124.6570
50345.9000,35372.0000,24204.8000,37175.3000,44963.9000,33745.4000,25788.5000,21968.2000,19108.9000,16691.8000,12477.2000,8672.9200,7250.4700,6868.7500,5010.1100,5023.3800,5727.0900,5423.9400,6153.5200,5852.1200,4969.1100,3638.3100,3257.8600,2803.8100,2257.7000,1974.3200,1546.1700,1342.4400,1323.8900,1096.5400,863.4550,694.4520,559.5440,325.6500,239.8640,265.4900,141.8650,73.1955,141.1700,202.4410,317.6990,603.8830,1039.4100,1334.1800,1694.9400,1889.9700,1606.1300,1261.7000,973.8470,577.9550,397.3520,554.4170,655.4810,605.1720,597.0520,593.6810,589.3490,487.2130,500.5240,532.2810,515.6540,530.5960,479.8990,174.3610,385.9830,617.3440,1162.9600,1435.5200,1273.3700,1453.8800,896.3390,580.6260,329.2240,256.4590,131.6060,426.4910,436.6070,442.0890,465.6920,610.6880,700.8400,535.5690,313.1430,353.9160,618.5660,671.4090,444.8760,373.9560,698.2970,834.7550,821.6000,638.6210,423.3570,352.7470,387.9430,358.5350,221.5660,174.1760,234.7050,350.4660,528.5240,559.2070,391.3740,267.2410,389.4640,573.9850,623.7710,626.7670,541.1890,447.7250,405.0980,328.8420,223.4960,138.6870,89.3559,60.5188,120.2390,148.5070,155.1770,166.2400,152.3940,173.1890,144.2360,280.5700,404.1960,413.0090,421.6370,464.3020,510.1140,572.0400,525.1920,373.7270,394.1910,195.2360,205.8540,46.6922,82.9139,162.8680,214.5360,336.4510,445.6360,450.8810,456.3690,454.2100,443.2070,331.9320,218.7290,214.3780,213.6640,164.3050,119.1220,117.5940,150.1680,145.2420,71.0302,90.2327,153.7180,143.0290,130.6160,151.0910,185.6550,204.3300,232.7020,273.2190,344.0550,454.8150,459.4740,356.3500,248.0000,179.7240,128.3190,95.8200,72.7884,23.0750,110.0660,175.4770,213.7010,246.3820,279.2520,294.3730,256.6820,251.9780,323.2420,349.6470,379.7450,325.9910,230.7380,125.9140,49.7231,102.9870,186.8380,203.6410,245.5040,235.1140,178.5690,235.6480,130.2510,144.1990,77.0556,153.7430,147.7580,163.1410,123.5290,60.2731,55.9339,78.1771,62.4658,106.7360,134.9940,165.5520,208.6100,147.9610,69.8395,30.4868,60.5373,92.0797,82.1433,53.2445,66.9738,110.3210,124.1600,116.2710,99.4942,90.6039,45.1384,79.8204,116.4350,173.5710,165.6190,114.8330,50.5378,44.3542,131.6580,234.5010,281.3570,273.0530,254.2070,212.1770,167.9200,150.8090,146.4830,170.3500,229.3680,262.8000,245.0420,228.9970,188.1330,180.1770,164.9620,122.2580,106.7770,127.6070,119.0180,97.7553,83.7984,98.1578,112.3330,113.3720,137.2800,91.3042,48.6625,47.8171,43.7159,27.5537,39.1395,64.6919,102.6340,122.2130,129.5520,121.8150,124.0160,115.3870,85.0203,87.0016,115.4540,122.2770,139.1410,160.5110,175.5080,182.0510,188.7600,150.4180,68.9247,42.0037,107.4600,186.1780,215.4460,229.4630,233.7680,222.2180,207.2070,162.1420,141.2490,132.4650,121.7280,114.2960,116.3930,136.9920,152.6910,136.4780
50433.9000,35684.6000,24488.3000,37525.3000,44994.5000,33443.0000,25594.9000,21820.1000,19035.8000,16432.4000,12373.4000,8696.7300,7232.4400,6939.2900,5073.0300,5021.7200,5773.4900,5465.9800,6187.7500,5907.6800,5019.5400,3668.2700,3238.0300,2794.2900,2260.6800,1942.5600,1481.4400,1291.3000,1289.6000,1049.4700,800.8070,633.8100,509.7160,260.9530,142.4850,162.8560,78.5473,53.9141,137.7330,213.7460,335.7290,610.6730,1045.8600,1324.7900,1675.3800,1859.0500,1593.6200,1265.8000,994.1810,590.2470,410.1470,599.2290,712.9450,651.3290,645.1490,639.9050,640.8490,528.5140,518.4130,554.4570,526.5000,559.7370,491.3890,192.3370,422.0780,618.4750,1136.9000,1409.3300,1272.0100,1479.8000,922.8240,609.4880,345.2290,249.2830,123.8650,410.1160,419.7400,414.9450,426.3260,574.9410,677.9750,538.4180,322.4090,361.8430,616.4600,654.4580,418.8250,376.3910,723.3450,837.6860,808.8820,616.8010,423.4310,340.4170,363.4260,363.1130,228.2300,178.9910,235.2840,346.2750,538.4760,613.0080,439.5580,274.6740,370.4380,534.7140,572.6180,569.7040,476.2010,410.7880,395.8500,332.1270,223.6690,134.0920,79.0015,59.1919,122.3880,157.8900,160.8440,161.3850,142.0280,168.6650,146.9530,311.9610,435.6570,445.7890,460.8540,515.3580,574.5660,636.5550,584.7540,400.1230,403.9890,175.3080,225.7720,47.9746,59.8468,130.1110,166.2710,260.1020,395.0180,443.3760,440.0660,434.5110,414.6090,315.2030,176.2700,142.1930,169.9330,138.4280,118.1690,152.8600,177.3200,175.1100,93.1450,93.1022,151.5910,150.8440,146.9450,191.1520,234.6880,230.4080,243.2320,254.0360,321.9090,444.2440,466.1160,355.6330,239.7110,183.2900,154.3930,121.3310,93.4719,53.6468,93.5165,162.5490,202.9960,232.5700,256.2130,264.6950,231.6300,240.5000,321.9500,354.4490,384.5560,325.9560,232.9610,121.9270,54.4290,143.5650,216.6500,240.6530,280.0060,270.8360,205.7740,270.7820,141.6460,152.2900,51.1638,117.2870,118.1780,126.5510,99.5293,37.4119,36.5423,58.2803,49.3317,89.3382,116.8530,150.4420,196.1530,166.6490,90.9643,35.9327,28.1708,73.3592,80.8431,61.6521,90.8450,144.4570,145.6080,137.6560,121.6400,128.3700,78.5313,54.4815,120.9870,192.1820,197.7410,146.5250,72.4365,45.8975,127.1360,234.9140,300.2480,296.8870,292.5620,255.0800,206.7260,175.4600,168.1990,190.2110,243.9100,293.6150,278.5820,254.1880,195.1720,183.6970,191.8490,161.0660,124.9910,138.9500,143.6760,124.1230,105.7600,105.4190,126.2570,135.6880,153.8200,126.5570,75.8702,32.7671,21.9738,29.1954,41.3945,96.4794,141.7620,141.6700,140.1700,125.5010,120.5480,109.4450,95.4895,99.3137,104.6560,105.7000,121.7250,163.9670,178.6260,185.0580,192.5260,172.4690,95.8267,43.9583,79.9791,150.5180,199.5080,230.9630,228.8970,205.9630,183.8360,154.3200,142.4960,139.3610,137.9490,129.6230,111.9710,109.8290,115.8100,101.6630
49655.4000,35111.9000,23877.1000,36588.8000,44171.0000,32990.7000,25232.7000,21619.0000,18779.6000,16370.2000,12386.1000,8604.4100,7145.1000,6864.4300,4942.6300,4947.9900,5734.9300,5362.7600,6090.4600,5867.1500,4955.3000,3587.4100,3199.4500,2793.6100,2244.7700,1960.2100,1527.2700,1325.5800,1333.3700,1075.5400,861.6120,675.4380,534.6570,291.9670,214.9390,242.6010,138.1910,104.2370,173.2930,243.6410,373.2850,651.7390,1087.2100,1377.6300,1722.0700,1901.1200,1609.8200,1261.4600,975.7180,587.3520,406.6890,572.6930,691.3860,638.3000,632.0220,632.6520,645.4630,530.1540,513.2750,588.0890,596.9120,641.2510,603.4880,283.9530,426.3270,516.6530,1067.3000,1339.3400,1243.4400,1449.3000,934.6250,589.1440,327.3440,230.7420,148.7650,415.8300,387.7490,351.8460,337.9280,463.8780,552.9480,402.2800,221.0830,351.1120,651.8100,678.2360,421.7760,375.1290,715.1000,840.1040,821.7560,658.0990,436.9730,319.3390,362.9720,381.5530,246.7630,211.7800,273.4880,389.0270,576.6030,657.8630,487.1390,323.8270,400.5480,541.7100,577.3540,581.9770,488.9310,399.9990,369.7940,332.7270,239.4400,158.2520,94.6859,64.5485,105.6360,141.0870,140.2810,139.2520,137.7460,133.7220,138.5530,278.7400,423.9110,435.7780,451.6480,491.5120,532.6400,599.7480,578.8680,388.7780,415.8590,192.8990,230.4660,67.5665,56.3942,119.1080,145.5120,250.1740,374.4830,421.2930,430.2210,430.9710,396.7340,285.2070,177.4650,153.5870,169.5850,132.3640,104.3890,155.0680,184.2420,190.1490,117.4640,125.8140,182.4040,174.5140,156.7820,179.8830,216.8800,212.7910,226.1270,239.3910,299.3870,401.6260,423.1830,328.5810,224.1730,145.4990,103.6790,87.5793,70.2668,36.2784,106.2800,183.0670,217.7670,266.2980,296.3850,277.2920,228.8840,246.7750,314.5980,341.6930,361.3940,330.2590,253.3440,145.0280,75.2853,135.8180,231.0980,275.5800,334.7610,304.9230,195.6680,223.9350,113.9150,165.0870,93.2185,126.0240,94.6638,74.2807,46.3967,23.2869,42.5628,59.9501,21.6057,79.9910,112.0670,139.6510,161.7220,111.7250,47.7880,23.3980,46.8883,73.7850,61.9530,38.1543,99.3116,199.0110,197.2570,176.1020,129.5720,118.4130,83.2557,50.7701,126.1610,203.1060,192.4240,116.2810,48.5565,48.8177,144.2920,262.7500,323.6850,322.0080,298.8490,256.0380,209.1280,186.7240,174.1380,195.0460,255.9230,304.3600,299.7060,283.2350,232.1130,216.8120,213.9200,182.9910,150.7880,138.2900,129.0500,117.4240,111.5030,108.9500,103.6690,111.0170,145.2730,114.0240,57.3007,16.5099,14.6680,16.0943,51.5175,113.7920,143.8460,132.8810,128.7800,118.2000,120.1930,102.6810,76.4411,70.0510,87.3354,100.8920,130.9230,178.4280,206.2200,220.8410,235.0030,204.6100,122.5680,47.8713,64.8465,164.1100,227.0140,241.9770,241.0800,228.6010,212.5330,177.9510,174.2710,146.9100,113.7690,126.2690,130.4960,125.0490,119.6150,108.8040
50300.7000,35450.9000,24278.0000,37149.6000,44997.9000,33871.5000,25874.9000,22091.2000,19164.7000,16799.4000,12603.7000,8744.4300,7303.5400,6946.1300,5065.7100,5077.5300,5815.3200,5493.6000,6208.9000,5920.5600,5017.4100,3643.5400,3264.6600,2854.4800,2306.0700,2004.5500,1551.0000,1347.6700,1350.1000,1083.1600,875.4900,690.9130,554.9300,319.1460,222.1110,231.8140,152.2100,111.3400,167.2620,247.0250,362.9660,632.1160,1079.5800,1374.0200,1710.2700,1888.0400,1596.3400,1246.2100,959.6600,565.4560,381.5700,554.4280,684.8000,638.9820,639.3000,645.3080,657.9660,554.7210,555.8260,616.1870,620.7710,662.6500,646.6870,315.8930,453.8180,507.4070,1054.6100,1320.8100,1215.8700,1425.1900,904.3600,611.3650,350.6380,236.4740,124.9020,412.0820,404.5350,380.9140,379.8240,494.8920,574.0020,411.2320,215.1250,323.0520,639.7730,705.3280,457.9620,394.8050,699.6650,819.6520,800.1900,645.0920,468.7500,348.5490,360.7060,388.5480,268.1870,226.5120,288.6470,407.6100,574.2260,683.7530,524.4630,353.5880,397.7540,531.5230,576.7510,590.8820,509.9050,419.5930,372.5390,311.5710,220.4360,141.7010,90.6822,65.5618,120.2660,160.0840,154.5920,150.5940,156.8280,168.9130,165.2770,288.6250,419.2010,426.0180,429.1400,477.2250,517.6260,578.9460,562.6740,405.7200,422.9080,200.9690,205.5580,47.3888,65.0522,138.1570,180.2390,270.1200,385.8470,426.8020,420.3580,404.7590,357.2100,255.7580,188.6420,175.5890,159.1280,134.4840,140.1860,179.8700,202.3500,205.9160,111.3540,78.6920,143.3430,168.5710,144.2410,138.7770,165.2080,184.6710,195.8760,255.1890,314.7140,397.7830,404.5260,312.5180,215.5570,153.7680,101.7190,68.4576,55.4484,40.9645,148.6200,211.5270,230.3000,259.5590,293.3690,303.8610,252.4500,244.7410,300.9070,331.3040,360.1770,324.3950,212.5380,100.0050,54.2267,152.9010,256.6940,282.0410,332.4200,289.6120,186.1760,236.5330,139.1790,168.6090,70.6182,84.6611,69.8246,93.8227,87.2185,43.5315,42.9390,21.2420,25.1154,58.5527,90.1728,124.5840,136.9550,102.3170,50.0955,22.8713,33.2973,51.0203,28.8754,43.8967,106.3010,214.2150,209.4610,180.9390,134.9210,117.0110,69.2062,60.4456,132.0990,199.0810,194.8030,129.0320,54.5333,63.8883,173.5590,274.6500,321.8740,320.9700,313.9650,280.4130,230.2750,205.8240,195.7930,213.0780,268.1090,312.6730,304.5490,293.6620,245.7340,225.5070,219.1590,203.1760,161.7670,148.4270,159.6040,144.5820,130.8850,120.7810,118.6100,119.2450,144.7690,110.7440,54.1467,23.3283,29.4070,22.2628,33.0777,100.0150,138.3020,136.6060,131.1930,116.5400,117.0080,102.6190,75.7958,72.1033,100.1290,110.2960,136.6610,163.0520,192.3320,214.9450,238.9020,211.2810,126.3070,57.2829,64.9620,146.1100,204.7640,229.4290,230.1420,222.6510,212.3270,179.6050,151.5700,141.8750,147.7420,148.8840,130.9290,128.4750,119.8080,129.5120
50509.0000,35719.8000,24578.4000,37728.1000,45305.3000,33716.4000,25729.8000,21908.7000,19060.7000,16495.9000,12412.3000,8708.0800,7246.6500,6941.8600,5098.4000,5076.9800,5838.1800,5521.0200,6208.3400,5915.3900,5035.3200,3690.3300,3267.8300,2802.7500,2245.3600,1933.6600,1489.1500,1286.6600,1271.4100,1029.2100,789.3220,626.7730,508.1470,233.7200,125.2320,165.4570,77.2008,79.2447,154.7620,203.1250,318.3290,598.9320,1041.3800,1322.9900,1677.6900,1847.7900,1567.2000,1238.8500,970.9290,577.6620,401.0500,582.0550,694.2500,656.2610,661.5830,668.2170,663.3800,563.2600,562.8130,622.6340,645.1430,691.0490,691.7490,343.8360,443.3510,466.6200,1009.7300,1291.8000,1225.2400,1456.9500,924.6660,636.7680,330.1890,233.0860,163.4700,436.3180,411.9940,366.7570,332.7970,451.1240,537.3740,399.1130,215.9960,341.9480,668.0420,748.6780,473.0600,393.6870,698.1990,814.6360,782.0060,614.2290,430.5150,351.5540,410.0680,417.8940,280.3590,228.1270,308.5260,438.3300,594.4430,698.1540,527.6820,379.4420,441.2670,563.7610,584.2230,579.3170,474.7700,382.1880,349.9430,297.1780,203.4320,122.7430,64.4574,47.6976,98.9345,158.4870,176.5950,174.5240,176.4010,168.2270,161.6210,255.6900,398.5780,413.4620,420.4260,472.5740,533.5970,577.1970,567.5060,433.9920,448.1820,204.5220,192.3360,29.4559,104.7320,132.0770,174.1170,261.6280,373.3110,393.4790,362.6720,335.0660,281.6280,180.4640,111.5000,117.0500,140.9450,134.1070,128.0920,136.0900,153.2900,152.4290,60.3765,62.6808,147.0020,146.3480,105.6110,125.3350,152.6540,158.2680,173.2710,233.9810,291.3060,368.4850,384.8130,288.5890,194.3330,115.8460,68.7851,51.8548,58.3841,43.7870,160.8030,211.6320,237.5730,281.2310,312.6990,280.8760,224.8600,243.7510,314.0230,342.1920,367.3540,327.4430,232.3060,110.3750,52.6988,172.5340,271.4980,287.2160,319.6450,280.5200,185.1600,255.2950,155.8080,186.1610,69.6268,82.7568,65.1778,88.8145,81.4909,49.0965,35.6666,43.2036,62.2896,72.6343,95.7632,125.3830,163.3030,136.6920,75.0592,32.7189,20.3106,49.6309,42.5930,68.7773,79.9154,188.5530,200.7560,185.2980,148.7890,106.6520,57.4307,54.4847,112.6430,161.5950,140.2440,97.5868,47.3956,56.7555,158.1210,270.6110,331.1990,333.2850,320.0550,276.3980,227.6670,213.4220,214.3180,231.7380,275.9880,332.1830,343.3500,329.4280,269.0260,224.9740,237.1000,214.1160,145.1100,147.7610,166.7920,144.7730,118.7030,105.7330,108.2550,112.7800,127.5570,88.5251,57.5895,32.3560,11.9522,14.4894,34.4484,89.2296,120.3920,105.0420,98.5763,103.1220,107.7370,83.3765,58.7898,82.1196,113.5090,108.9330,130.3940,158.5490,185.1970,205.9410,227.2320,208.1040,128.2210,50.1518,74.8742,176.0200,224.2550,230.6710,228.5620,220.2580,211.4940,167.8390,118.5430,98.9777,100.4740,114.2430,137.8230,136.5500,127.6590,115.1210
49575.1000,35114.5000,23922.1000,36808.3000,44358.9000,33018.2000,25211.5000,21636.2000,18762.7000,16280.8000,12348.3000,8601.2300,7093.4600,6826.4400,4942.6300,4951.7300,5773.6300,5424.7800,6138.3100,5906.5700,4983.0900,3606.1700,3223.7400,2816.0800,2269.0500,1991.5000,1545.6900,1337.1200,1333.0100,1074.4900,872.5400,698.8790,554.0660,278.6990,217.6720,254.4810,138.2480,120.1740,207.0520,261.1830,355.8940,629.8650,1078.2900,1367.8000,1699.0400,1865.7700,1576.3200,1222.4100,931.0180,536.2200,387.6200,563.2930,666.5770,629.2090,640.0690,657.0920,662.1160,545.8610,549.7270,612.6690,625.1890,679.8700,664.0730,337.4500,451.3050,477.0930,1033.6500,1293.3400,1222.4500,1439.0200,927.0070,634.8390,352.5390,213.0100,153.8400,425.0560,397.0260,347.7540,344.8960,462.2110,561.9520,417.7360,203.0440,347.8800,680.7300,753.7790,486.2360,396.3370,693.6740,825.7710,800.5030,627.7870,422.4270,342.2540,378.7980,392.2630,290.8230,271.2070,373.1880,486.5440,631.1840,713.4670,543.6030,405.5070,461.9210,580.3520,586.5160,568.8180,441.1920,354.8850,341.0680,290.3410,196.3040,123.9160,83.5766,87.0688,139.9050,208.7610,214.5620,197.9860,193.7320,175.2640,163.6410,250.4680,385.2140,407.5950,431.7730,499.1610,555.8510,607.5210,605.7250,425.4230,435.1470,205.3730,212.2450,74.5150,92.0454,98.8831,128.8350,202.0300,345.5190,407.5650,385.4810,373.2670,314.4160,193.5590,96.6070,98.8212,171.4810,175.8180,159.6070,171.4240,213.2710,237.7390,133.8910,90.5450,168.3950,181.6410,139.9610,133.0950,156.6850,163.8590,175.9500,207.6120,277.6420,384.2200,400.6370,308.4860,216.8620,139.1080,83.6726,58.5167,56.2346,51.8364,153.6670,205.2610,239.5870,274.7620,309.3420,284.0160,216.4930,211.3480,286.3550,315.4510,352.5860,327.8560,233.4550,114.7270,68.4387,181.6740,290.2990,299.7700,331.3590,277.5590,156.1930,217.7680,153.1850,201.2880,102.7470,109.6320,86.4179,86.9088,89.2460,28.0760,18.9428,36.0127,36.9909,76.8299,97.4474,122.0800,161.0020,154.7040,87.2338,38.5351,21.2935,52.1634,53.0667,50.8066,53.8290,160.8280,182.6150,172.1860,152.1910,135.8270,100.3970,51.0797,92.7399,148.7620,135.9920,91.5462,50.7366,64.5261,157.9100,286.1720,342.8410,334.6410,337.0000,308.8860,273.4240,232.9210,220.9140,234.0670,278.6530,339.1210,351.8420,337.1620,284.0910,269.3220,264.4300,217.9680,146.8610,135.0780,155.0530,136.9150,115.4580,90.8903,94.1156,98.1779,143.2740,118.6820,77.8966,41.5544,16.1053,14.4715,28.5683,66.3616,97.4375,90.1312,82.5303,76.3586,82.8748,69.6116,42.2359,56.1264,87.3363,86.0219,109.5010,145.0510,178.7450,202.2190,224.1740,209.6680,147.0270,68.4582,72.0236,166.8690,225.2260,239.6650,237.8470,225.1390,207.5170,167.5800,148.0450,120.7170,91.9123,89.6358,101.2840,114.0260,123.6770,150.1240
49935.9000,35137.2000,23975.3000,36970.5000,44864.9000,33654.3000,25637.7000,22002.2000,19074.1000,16720.1000,12567.4000,8718.0400,7252.6000,6907.9600,5051.7500,5079.1500,5841.7900,5522.6700,6225.2600,5937.1500,5020.6600,3651.8800,3272.3500,2852.6500,2285.5400,1998.5500,1556.0400,1342.4000,1352.3400,1089.0700,872.9080,684.3400,541.7700,294.1900,215.1970,240.7300,139.7950,110.0360,180.9760,242.1010,363.8360,649.3290,1083.0500,1365.8300,1703.9300,1878.8400,1595.9300,1240.7500,946.8630,543.0100,392.4140,577.5430,687.8240,631.8240,633.9160,647.6580,664.6170,557.4420,553.6290,591.1480,611.5480,677.8660,624.9400,318.7580,537.1860,576.9850,1096.1200,1329.8100,1222.7000,1459.7200,960.8980,667.2490,396.1110,165.8790,147.5090,401.5990,355.7140,306.9810,352.6150,462.7430,566.5650,460.7890,249.7070,360.9050,686.3950,738.1020,457.0080,399.9720,700.7400,804.5220,759.2580,600.4870,408.7770,332.1080,405.8670,437.3020,301.5140,264.8890,342.6340,455.6160,604.7130,705.1790,547.4670,412.9260,481.1110,585.9940,579.3590,536.3210,425.9130,352.4770,325.0480,269.2160,183.5940,113.7770,79.7967,79.6084,133.0530,191.7930,203.9260,209.2760,207.2130,167.8830,161.6440,215.7620,380.1290,420.3800,438.6830,506.0430,557.9860,610.3320,601.6640,436.9380,443.4490,199.0630,218.3840,66.7543,67.4612,77.5759,92.1991,189.8270,347.6630,389.7350,372.6270,369.6100,331.0170,209.9770,88.2060,97.7137,193.7860,201.7720,177.9450,187.6060,220.2180,241.3590,145.9260,93.8540,156.0480,179.4120,151.2320,163.5810,184.4120,190.2970,195.9400,193.3690,240.5520,342.5990,380.4450,296.8750,212.8650,119.8630,52.5499,29.9373,35.9277,43.0807,141.2670,208.1370,234.7250,276.0210,299.8640,276.8500,209.0480,198.6580,272.1650,296.5840,319.5130,272.3670,184.3050,84.9452,83.8089,209.5280,300.1290,299.8150,325.3840,277.4410,167.9210,226.1320,140.3820,181.2960,87.8948,135.7300,130.7310,121.4010,100.9280,42.1223,43.6074,57.8116,15.0442,54.5644,95.1266,131.7140,165.0740,145.1830,89.0027,44.7199,28.5294,38.0004,29.8105,39.2047,105.6550,201.2910,207.2800,189.8970,177.0790,163.1440,128.3950,85.9681,114.3160,162.6510,146.9280,86.8111,33.9887,62.9823,172.0690,289.2470,336.7270,331.2200,329.7640,295.9590,277.0720,257.3020,233.0700,238.3620,280.2110,332.4910,347.3120,330.8990,270.0520,239.6840,249.2040,237.1760,173.9400,140.6450,148.6100,139.0340,133.1170,136.5660,141.1030,129.0830,164.4010,127.2430,90.8755,66.6780,48.6406,52.7615,71.7102,118.3690,121.6890,113.7010,113.7820,109.4430,83.8389,49.6628,54.8787,71.6596,82.7812,92.6166,121.0990,157.5840,181.9220,199.9930,216.4440,199.5190,135.6790,64.9027,68.5426,156.3100,208.1790,204.5710,200.4240,201.7760,189.9410,134.3320,104.6980,101.5940,78.5021,75.8814,97.9604,108.8610,119.6540,153.7990
50407.8000,35561.3000,24458.8000,37667.8000,45328.5000,33782.3000,25764.1000,21957.4000,19101.0000,16540.9000,12386.8000,8657.0600,7190.5300,6863.3700,5029.7900,5021.8800,5789.3100,5491.8700,6191.2200,5884.7300,4994.3600,3657.7600,3246.4600,2793.0500,2252.8200,1948.9600,1504.2100,1317.8400,1313.3500,1091.0300,836.6770,679.1040,552.5890,285.8710,186.3700,223.6640,100.3770,60.3019,140.2190,196.8050,310.3930,583.9430,1016.8200,1297.9400,1661.5000,1833.4300,1564.3600,1255.5400,1001.4400,614.8810,413.4130,589.1080,706.8750,665.1500,679.7040,694.0060,705.0770,579.2380,561.2800,609.9500,609.9320,682.4330,658.5850,343.1960,517.3290,522.8830,1058.2500,1304.4900,1224.0600,1469.1500,983.1300,656.3550,361.0150,184.4730,198.4930,424.8980,347.6830,273.3120,318.1260,426.5070,521.3840,440.2890,268.3010,372.3050,684.9690,747.6830,466.8610,417.9320,729.4550,824.9450,772.0020,627.9420,450.8350,365.1010,434.2140,469.5290,319.4030,266.6770,326.9530,443.6970,599.2270,711.7800,566.9660,427.6420,467.2680,565.2180,560.9650,517.9310,432.5890,373.6110,335.3660,283.6170,202.7100,133.2620,87.0403,74.5837,109.2640,153.1090,165.3380,194.1140,190.3620,149.6940,128.0720,232.5550,391.8540,438.1420,455.2760,514.4970,560.6280,630.8870,634.5190,443.0890,447.4230,202.3290,219.7780,59.8993,62.1183,127.4040,137.1760,192.9790,331.9410,404.9390,403.1310,403.8080,363.1620,222.3210,83.8974,59.7658,127.9170,156.5260,171.5310,210.9290,222.2190,214.8000,110.7460,104.2990,199.0750,203.9900,149.8670,148.4370,184.9320,207.0410,236.1090,240.0610,270.5490,339.8000,373.6760,291.7020,202.0280,105.0040,56.6160,53.3202,42.2143,20.6171,129.5830,200.9170,244.1210,291.1210,331.9140,312.8990,247.0080,241.1060,309.9550,333.5400,351.3320,301.9250,215.3510,122.1730,100.1860,208.5450,305.2210,329.3850,361.2560,277.4990,170.7560,204.6840,150.3120,195.7040,116.5280,137.0560,121.2310,93.8771,67.1968,22.7972,36.6752,44.8735,11.0305,63.7016,109.6320,154.1400,169.3670,132.1850,82.1387,42.4606,14.2849,33.3817,28.7892,37.1776,95.4711,195.3640,218.3890,195.5670,187.9180,164.3530,137.5210,79.0808,87.2195,139.7670,137.8680,77.2075,39.8061,83.0119,174.2960,282.2730,342.9690,336.8740,333.9760,297.2900,275.6580,245.8290,234.0960,264.2250,303.1380,344.2310,348.5690,329.6880,260.8130,229.3520,256.1530,240.3220,162.8140,143.5380,165.3630,149.2290,136.4300,131.2420,119.9370,126.3630,161.1810,142.1160,114.7140,95.1208,72.7024,67.3854,67.1454,100.9230,115.4680,105.7760,101.8970,95.8494,83.0197,56.5371,41.2150,45.5699,75.0330,93.3211,135.6770,160.9860,174.8490,192.4070,209.4680,191.7190,118.6460,51.1343,63.7598,140.3610,200.5080,227.2520,224.3290,215.8410,189.2180,134.4230,112.6960,103.8390,83.5910,95.8490,123.9990,132.9090,135.7790,156.9390
49640.2000,35131.1000,23982.3000,37013.2000,44523.7000,33044.8000,25212.9000,21599.7000,18752.3000,16249.9000,12315.5000,8568.8700,7035.7200,6799.9400,4960.1600,4948.0700,5756.4500,5438.3000,6153.6400,5900.3000,4975.3900,3599.1400,3226.7900,2822.0500,2274.9800,2006.8100,1572.1000,1359.4500,1354.1000,1093.8700,883.4500,704.1440,564.7280,304.2190,226.7560,252.3590,137.9150,115.6220,193.3800,240.1440,354.6440,638.7590,1078.0800,1369.4400,1708.6900,1885.5100,1585.8800,1228.4300,936.3050,536.2680,393.8960,585.7930,697.8910,657.6310,664.5650,677.1810,684.5730,586.1540,583.4990,641.9650,661.1290,724.5320,728.4330,389.3720,496.0630,451.0470,1004.7800,1261.3800,1221.3500,1466.2800,986.6020,654.7670,350.2500,181.6760,201.7680,450.6770,377.2760,298.5010,247.5060,344.0030,431.9750,314.1770,199.1320,365.1320,658.6770,711.3080,433.2540,389.2380,720.0910,819.6430,774.5990,618.4320,443.4590,335.7500,382.4040,424.1270,287.1520,241.6100,322.5190,449.9390,610.0030,722.7170,559.0820,411.2070,455.0920,563.0090,570.6620,544.3480,453.9980,370.4280,327.8430,266.3270,187.3850,120.7770,77.5858,71.0669,108.3830,160.2620,163.2030,157.1730,149.0890,106.1000,102.4670,225.4080,387.8090,432.6160,448.3350,508.4900,557.8960,622.7950,617.6390,427.3940,433.8480,194.5140,216.0630,72.0537,71.6573,102.9550,143.7900,218.1830,343.9160,419.3750,429.5380,436.0020,389.6060,249.0680,118.5490,78.5526,137.4490,181.7920,196.2650,210.6620,215.5810,185.8920,96.3203,79.7651,152.0000,194.1590,161.2860,140.9350,186.0820,227.6690,244.5770,258.7100,290.7090,345.2480,357.5380,286.2170,197.7570,130.7720,85.1932,86.1545,89.9029,66.0741,122.3120,194.4550,226.4940,281.8410,329.8120,317.0130,252.1630,248.9700,300.8980,329.3260,351.5600,309.6930,206.5890,109.3030,90.9170,200.8310,302.9270,338.0300,385.1600,313.2340,190.7430,223.5770,142.5490,205.2810,123.0600,139.1250,105.3080,72.2651,63.1400,43.9080,79.5614,74.4770,48.0609,56.0329,105.2180,147.3350,167.9030,141.0370,90.2849,52.3928,23.2317,24.9939,24.2319,42.4546,90.6798,199.6240,238.2850,218.1510,207.3600,183.3930,149.1730,80.6779,93.2120,146.2920,139.9140,81.8503,43.4540,102.2960,214.2680,313.4840,363.7960,352.3020,343.5200,292.1700,270.6210,273.8890,284.6310,293.1720,307.3070,352.8590,361.9500,352.8200,296.6370,267.5230,269.2500,252.2040,186.3960,154.9320,169.9070,160.3600,151.5580,138.2670,128.0290,124.6510,172.1470,162.7780,121.3620,93.6420,73.8783,95.0703,96.9206,118.7250,141.0170,126.8520,118.8790,112.4580,108.8020,81.4052,40.0804,36.3964,74.7668,97.7471,138.7710,173.4280,189.7230,202.6070,215.4680,201.6270,132.0890,50.7964,52.8204,141.4010,209.2290,213.3170,198.0520,197.2650,180.7640,137.0760,103.6470,102.6860,105.0220,104.5520,105.3510,110.8170,121.1830,137.6640
49742.1000,35051.6000,23869.5000,36736.0000,44578.1000,33428.6000,25464.8000,21882.7000,18960.7000,16634.7000,12528.5000,8683.5900,7244.7500,6919.0300,5043.5200,5080.4900,5851.7200,5524.6900,6240.1900,5958.3500,5027.0800,3634.8600,3246.9500,2857.5800,2308.7600,2014.7400,1578.8400,1357.3900,1342.4100,1081.9800,887.8330,706.0530,564.3070,317.0040,240.7270,264.1220,142.2060,103.0140,182.1020,241.7060,348.5380,611.8410,1058.6200,1360.5300,1706.8500,1881.4900,1586.3300,1240.2500,957.4490,560.1430,385.4330,570.7570,689.0310,637.6730,653.0150,672.1740,698.7240,588.6830,581.0540,657.2930,689.6140,728.6060,758.5670,450.6680,390.0350,386.4210,984.1850,1293.8000,1281.1500,1506.4800,974.5850,606.1370,288.5040,216.6570,207.7320,464.2060,417.5260,386.4220,334.1340,392.2630,452.3390,310.5960,141.4370,253.6540,545.1070,600.1630,347.4020,359.3690,725.8920,827.3480,791.3010,638.8950,477.5500,365.1090,376.9330,401.8040,276.6140,209.0170,271.1020,390.2080,563.8180,688.0260,516.9330,348.7360,391.3450,506.2130,525.4130,527.7640,467.4560,384.2380,328.9650,273.1990,205.5820,142.1050,98.7261,64.6756,105.9060,140.0050,149.9190,140.5340,124.9360,112.5000,102.3690,259.2510,404.5360,436.8340,441.0740,504.5970,567.5340,635.8700,612.0850,432.1740,405.3150,144.3470,182.5890,58.4184,118.3180,150.4500,183.1500,242.8130,349.0110,404.3140,395.4390,394.4970,328.5200,200.0060,128.1850,127.1240,155.9750,155.5810,137.1450,134.1910,151.7020,157.8990,47.1858,62.5167,156.4320,162.9910,141.3650,155.4060,167.8850,203.6570,229.5580,280.5240,312.6600,364.4730,367.9680,286.6240,205.0930,150.6810,107.3580,91.0533,115.5260,111.1090,168.2110,241.4160,248.7250,281.1230,315.2950,327.5300,258.7680,233.4370,278.4620,304.6450,320.3940,266.6220,181.2080,90.5726,66.7535,183.6090,278.2470,311.2320,363.4430,303.0830,203.7310,245.7990,149.2150,199.0490,101.8190,111.3680,78.7453,64.2455,66.9752,32.0557,49.2094,41.0720,42.7719,71.6522,110.9850,156.4580,189.3170,146.4650,78.0277,31.0707,38.6284,66.3865,56.7853,69.5465,62.8577,160.2950,188.7460,172.7010,165.7770,142.5110,107.4900,65.6092,101.4730,158.1330,140.3140,80.1888,37.6512,62.9285,164.0430,282.9040,326.9220,311.1910,299.5470,256.5490,238.3310,240.2130,244.2070,262.6080,308.1520,355.2170,360.8970,341.4130,282.2880,275.0800,275.5450,238.8880,175.8790,151.5840,152.8790,127.0080,112.1020,99.3638,102.4760,97.1707,145.3220,154.5270,117.6670,94.9214,75.0260,93.9761,100.7840,101.1700,132.7890,118.2050,115.2170,110.6980,99.0804,84.4635,68.6554,51.6926,54.8623,73.9244,106.7010,144.4750,172.6330,191.2670,211.4030,195.6610,135.9310,62.2050,60.6045,130.7060,193.2540,190.5440,179.2960,169.5780,148.8770,100.3840,91.8543,112.7160,95.6420,81.3334,94.2572,106.6960,117.2750,131.8840
50398.3000,35501.8000,24385.8000,37582.9000,45310.5000,33814.1000,25776.0000,21965.9000,19113.3000,16599.1000,12395.3000,8641.5400,7221.8900,6865.8100,5028.3000,5073.7900,5820.2200,5492.2300,6197.3900,5879.7400,4985.2600,3642.7400,3247.6400,2810.7500,2273.4300,1977.9600,1541.0500,1351.8700,1328.1400,1096.0800,855.1760,702.5360,578.5430,318.3830,216.5380,232.8780,112.0200,63.2563,130.6170,185.8500,313.5280,605.6640,1028.6300,1310.0800,1666.1700,1875.7600,1615.3600,1283.7300,1011.4300,606.6550,411.9070,595.2600,720.6540,675.3200,680.2280,677.4030,683.8520,559.9410,532.4470,606.4750,630.4370,653.4650,642.0570,365.7240,242.7080,377.8700,948.3820,1276.6200,1282.9300,1504.8400,973.1440,612.2260,308.1060,202.0490,179.7550,450.0020,433.6270,410.0600,397.5400,504.8700,609.4460,462.1880,219.5370,206.7350,467.4200,543.8170,340.8410,358.4890,701.6940,803.3570,770.8570,624.5840,476.7140,388.2870,398.7590,407.3770,283.3810,213.4550,263.9410,371.8630,551.8300,655.7260,479.5260,327.4820,397.0610,522.5650,544.4330,574.0820,517.4450,444.2700,393.1670,311.3740,222.6050,141.1930,74.4585,32.4838,93.7201,144.2900,150.8330,146.9950,143.8510,180.0350,168.1870,281.2870,385.5750,398.4600,406.5860,456.8360,501.3310,558.7680,539.1600,434.2700,438.2740,195.2100,193.0620,52.0642,135.8580,182.1820,215.4980,312.7580,424.4160,437.6950,412.9300,389.6830,322.7260,191.4620,133.2610,165.7910,189.3030,158.9560,126.8040,137.8190,174.0710,182.6560,58.1458,48.4688,113.3190,118.7260,108.7480,141.5590,159.1930,180.9050,206.7270,257.8320,299.1950,340.2340,347.2160,285.9750,215.9980,146.7020,89.0751,82.8048,122.4300,103.1320,192.5560,229.8330,240.4130,275.4300,314.5850,300.7810,228.4520,214.6970,263.1020,298.9160,329.7570,274.9590,181.5220,95.7913,42.8436,140.9340,233.0730,275.4000,335.1140,311.2640,217.7430,248.0710,118.6720,158.6140,79.5259,113.3210,109.8670,92.3640,78.4499,21.9403,9.6324,19.5779,42.7542,73.7213,117.2950,164.5120,201.5260,181.5090,124.2050,61.3603,33.9516,95.2875,95.9409,64.7235,17.0731,80.4835,121.3740,132.0140,140.2430,134.6950,101.1030,54.5660,100.2570,185.0090,186.4490,106.9580,74.5527,83.1203,191.8230,297.7720,323.6700,301.9810,285.7390,254.8230,246.5100,230.7130,216.7930,237.5420,283.5490,323.3890,337.7470,330.1190,285.9300,264.3070,259.8660,239.9660,164.8340,116.7990,121.9910,113.9450,104.9530,84.8357,101.3470,113.3950,159.7760,141.9400,110.7880,96.8367,95.0556,89.2808,80.3193,64.5489,102.8650,93.5953,91.5910,84.5264,78.8057,69.7996,70.9929,75.3671,93.2441,104.1850,136.3680,140.7810,148.7220,169.3810,194.4120,186.5370,111.7810,41.1136,42.3619,123.7170,183.6460,207.6620,202.6170,188.8280,156.4180,108.1060,101.4470,112.1290,93.5379,83.3037,92.2315,98.6606,109.8130,130.0690
49818.2000,35241.1000,24047.5000,37122.1000,44661.5000,33122.5000,25272.8000,21609.2000,18793.4000,16268.5000,12313.5000,8594.2200,7074.4400,6843.9800,5010.2300,4991.4700,5809.0600,5490.9900,6189.7200,5909.3300,5002.7900,3642.6400,3243.2200,2817.6900,2278.8100,1996.4200,1548.2200,1342.1800,1329.8700,1089.2600,842.5400,678.7240,554.4160,309.7780,228.2910,256.7110,131.6560,65.2219,131.5240,199.2020,309.2490,567.1090,998.8530,1311.6500,1696.5000,1920.8000,1656.5900,1313.5100,1018.9300,600.8140,457.8170,648.4790,731.7460,666.9080,655.3560,643.4440,636.0090,511.2770,503.6930,563.8900,569.4440,585.7090,573.3110,302.3640,301.4960,445.1250,1002.2400,1308.1300,1284.9900,1498.5800,958.6740,582.6800,271.9140,228.7140,205.1760,457.0540,444.0880,418.8170,422.5880,553.9690,659.8720,513.4230,255.8400,231.3880,468.0970,505.2650,305.7910,343.1730,702.2210,800.9310,763.5600,611.3680,464.0870,381.7910,378.1220,380.4560,251.9970,187.6450,232.0730,336.0260,540.8570,611.3340,440.2990,309.0660,392.2140,519.6270,561.4310,590.2920,528.4180,447.9910,408.7860,328.6100,217.3270,120.1450,44.6125,18.9144,75.8094,150.6970,175.6990,184.8010,187.4080,229.8720,202.4840,317.1500,426.9240,425.1160,426.4580,486.0340,542.6950,589.1840,542.1870,425.3880,415.5040,175.5250,193.3320,45.2459,113.9720,151.3420,189.7040,282.2010,397.5130,404.4570,377.8370,357.7410,309.5300,170.4420,101.0780,148.3010,170.6790,146.4180,131.0910,136.4950,158.7760,163.4640,59.2391,36.2059,103.2110,110.9460,105.5700,133.7630,148.1420,148.8560,189.4770,231.7240,277.8540,304.1050,318.9760,277.4940,221.3940,149.5870,84.7695,64.4520,82.5472,69.8006,158.0720,203.6810,212.5730,249.7000,285.3180,271.4920,190.7870,192.5120,264.2990,304.8560,333.5920,286.1040,196.0290,100.8570,44.8586,139.1230,245.3690,295.7380,372.8320,321.2800,217.5370,227.8250,109.3720,158.6140,95.2767,139.0200,122.7960,107.3990,89.2217,35.7522,32.8517,44.3752,16.8230,56.0153,97.5865,149.9420,199.7530,163.8690,99.7786,43.9481,30.8046,93.9856,105.8860,69.4939,34.9592,103.0900,118.8120,122.4210,119.1680,120.9370,94.3849,69.7199,123.1780,193.6560,183.3390,114.1570,48.4579,47.8947,149.6010,251.1890,288.6710,284.1700,289.3610,265.1320,271.9240,272.9350,249.1760,234.3860,272.0300,334.2210,348.6810,334.2240,278.4680,283.6630,305.2970,248.1600,152.2100,126.8230,135.6410,121.2100,108.7540,110.8520,117.6170,130.0020,181.4170,166.5830,121.7520,95.5453,88.0190,86.0722,77.3955,41.0058,80.8364,99.5709,110.5070,112.4830,92.2643,75.0219,72.6864,75.1610,83.2286,87.8054,107.4010,135.0370,157.6260,170.1380,182.0670,166.3850,112.6030,41.2437,50.1435,138.8260,192.0530,207.4710,208.6150,197.4160,177.3610,120.4290,105.6560,117.5170,107.7700,98.1976,82.5741,89.0445,112.4630,132.0410
49583.8000,34955.8000,23711.3000,36504.4000,44352.5000,33249.0000,25349.9000,21717.7000,18820.2000,16488.2000,12441.5000,8628.7300,7170.4400,6849.0300,4995.7400,5043.6100,5801.0400,5458.2800,6175.7500,5881.8700,4962.3600,3586.1300,3201.8200,2817.3300,2285.9600,2012.5900,1583.6300,1366.8500,1353.0300,1098.8800,891.5210,711.0400,568.9730,312.4490,226.1170,257.5540,138.2280,98.5272,191.8700,274.4410,372.8440,632.6640,1077.2600,1376.2000,1721.0500,1908.1900,1622.4000,1269.5300,979.4600,580.7840,418.2220,596.8740,691.4300,635.1420,633.6600,635.6740,633.2280,532.9500,539.7680,591.1650,586.5620,612.5890,586.4320,287.8590,366.1430,483.1940,1046.7100,1330.4400,1295.5300,1502.6200,963.9250,596.6180,302.6870,208.1020,175.0500,434.1850,413.5820,379.5490,390.9750,538.7170,657.9230,529.0430,292.4550,253.1050,464.7370,499.3530,299.7070,368.5620,720.8170,811.4480,774.7780,636.1870,469.0920,358.9650,384.4750,388.4130,239.8400,136.5740,169.2410,293.9950,482.6240,556.9240,419.8180,317.1960,427.3960,560.5890,581.5560,602.0830,526.2560,432.6380,385.9020,320.5540,222.8910,131.5010,54.7796,24.8056,97.0296,169.6030,198.9410,208.9790,210.1720,244.6850,223.9390,287.3790,404.9260,407.7840,435.0090,499.1440,564.1610,607.8100,534.2640,416.2290,408.0700,183.0630,223.0580,49.7259,61.0495,110.7500,155.3150,268.8200,376.4400,394.6330,396.2400,395.8210,351.9960,204.8390,126.9420,170.1750,206.0200,175.3670,140.4940,142.9300,165.4770,158.7440,71.5892,93.7706,176.4800,141.3020,104.8420,122.4400,141.9230,146.1360,181.7650,221.3130,273.5540,333.5400,354.1390,283.5390,216.8790,133.5610,76.0439,43.8487,52.2720,53.1685,146.9280,197.5100,215.8900,255.6690,288.1320,268.9240,211.8660,217.1690,286.5720,317.4770,339.3640,278.8050,189.6410,98.3926,58.0286,162.1620,245.0330,281.2910,337.3970,300.9480,202.5780,226.7790,120.8370,157.2970,86.1649,132.9200,125.4300,103.4260,91.0879,73.5149,85.1127,94.0044,66.2207,37.2474,78.1604,140.1440,197.2050,164.2300,103.1300,49.8010,22.4448,82.0005,102.2070,74.2298,38.9214,98.9784,119.0240,113.8310,88.3759,92.1859,65.1849,60.4532,118.0890,176.1950,170.9120,129.5770,64.9435,46.2302,128.2360,227.1290,271.9290,268.8880,274.1350,249.6580,262.4090,267.7700,239.9050,228.8830,271.6190,316.4860,301.6370,296.7890,256.6030,256.3310,257.1400,213.3790,151.8970,119.4240,100.9470,96.3395,97.9223,106.6100,101.0630,118.0110,162.7820,168.7190,124.9280,91.9643,91.8224,89.0477,74.1752,26.2557,60.1494,90.5500,107.9180,115.1060,103.0620,87.3789,66.2435,70.0419,86.7495,101.1670,128.8630,171.8150,190.9110,191.9370,191.4890,168.2210,117.2710,48.0311,46.8223,126.1820,188.6650,203.6410,195.0980,172.5630,157.2360,119.6280,102.3340,117.2260,115.8990,87.4726,63.8020,80.1955,104.6320,121.2830
50407.1000,35464.7000,24303.7000,37374.5000,45165.5000,33825.7000,25825.3000,22004.3000,19145.5000,16655.2000,12435.7000,8675.9000,7264.2500,6881.8500,5025.8200,5065.9500,5809.9200,5501.8500,6199.7300,5860.5100,4982.9200,3650.2200,3255.1700,2827.3600,2308.4100,2004.0000,1562.1400,1382.0700,1362.1200,1132.7000,887.8590,729.3280,589.8030,348.0950,263.1880,268.1620,129.7300,56.0323,113.9740,178.6740,306.3430,583.1200,1015.3000,1311.0800,1675.8500,1879.9800,1629.1400,1300.2200,1018.1900,600.1610,440.4330,633.0740,731.6680,668.3490,647.7430,629.3910,611.9820,507.6390,503.4380,525.9410,516.8940,560.5140,513.0650,214.4640,335.2120,520.3580,1064.7600,1343.6800,1305.1000,1496.4400,960.4400,588.0400,294.7730,190.6740,193.1730,441.1270,423.8230,390.2890,410.0730,575.4510,714.0060,600.0740,338.1700,257.7080,461.2030,478.5680,272.2200,329.5630,716.8250,807.1450,771.7710,646.2670,501.9690,393.4680,393.6070,379.9640,228.9150,113.6960,130.2380,256.8840,442.2720,505.7870,373.3380,263.3380,347.6360,486.5020,533.5240,563.6250,502.2080,439.0730,389.0810,300.6460,213.7230,130.2610,63.5618,39.4564,100.7460,164.7200,197.6000,213.9060,223.2830,274.7000,252.3210,318.6480,427.5700,420.2610,443.2670,500.4300,563.2290,596.9790,497.2410,381.2730,383.4560,218.4580,251.3730,69.8447,50.2550,118.7230,182.0180,281.9060,386.7150,425.5140,439.2800,452.7290,431.0190,294.5790,154.9060,141.9760,177.3420,162.3360,152.8530,154.0000,162.5080,129.1130,62.0542,93.0043,166.5200,162.8780,127.1670,139.8950,178.2230,193.4680,211.5060,218.9200,256.8690,305.8520,323.0730,275.4890,220.4550,143.4120,68.8202,55.5830,80.3646,74.0098,150.4920,191.0760,211.7610,247.3800,274.3120,247.6130,196.6600,217.9870,292.1080,329.2500,360.8700,323.6080,221.3040,111.5360,41.1193,145.3360,229.3700,257.8120,300.2600,253.2620,165.4190,201.4490,118.4790,155.8850,75.0582,119.1800,106.0230,100.3910,88.5828,69.0042,78.9688,96.5999,65.1182,55.7427,85.0017,142.5680,185.8650,130.8180,67.7601,30.7012,49.1017,100.6490,110.6190,77.8477,43.9233,103.3130,123.3260,112.7410,77.1718,75.7884,59.7987,70.0517,136.6100,209.0380,185.2060,121.1840,55.3424,42.0676,131.4600,233.2360,274.7240,263.0420,262.5360,236.9270,263.1470,261.2300,218.0780,218.2900,272.9780,323.0680,330.2140,327.0330,290.4180,279.3320,273.2880,220.4360,148.8570,126.8160,127.4500,117.4900,106.0860,104.8500,128.2590,143.9520,184.7500,152.7860,118.2820,99.4431,94.6213,85.7844,84.6417,36.6958,87.0719,93.4253,106.4710,116.5680,135.7170,106.6970,51.5381,47.2870,95.7263,116.9500,160.8500,182.4600,181.0000,182.9650,185.0590,166.8090,112.3310,44.0373,63.6690,152.6580,192.7870,200.9220,201.0110,186.5120,160.6550,114.1880,118.8540,151.4020,142.1010,117.4530,94.3448,98.9724,114.6450,119.1290
50115.4000,35495.5000,24308.4000,37335.8000,44834.8000,33313.4000,25445.2000,21714.2000,18877.8000,16350.9000,12378.1000,8648.1500,7139.9200,6904.0400,5092.8200,5093.5500,5862.8800,5508.0500,6218.1800,5945.7600,5033.0900,3650.1200,3233.3600,2841.4000,2306.5300,1987.3100,1541.7300,1350.9800,1339.3800,1084.7300,840.5220,680.1720,572.1270,324.9350,210.2580,221.9100,104.2310,57.0839,126.0110,198.3430,336.2900,598.8680,1028.8800,1330.7700,1709.8200,1900.6400,1620.7600,1289.2800,1010.8400,606.2440,429.0700,614.9750,732.3960,671.3900,650.6420,637.6750,626.4780,520.7340,529.5040,578.0810,592.1220,662.4370,627.7190,327.7740,457.1970,503.1600,1058.2700,1328.7000,1264.7100,1470.6300,934.3920,574.9560,265.4280,234.1550,205.2460,448.1150,415.7560,401.9450,441.1090,605.1970,733.3460,604.4000,360.9570,309.7180,505.9820,528.8320,320.9320,349.5080,730.3100,845.3110,821.7700,663.9820,484.4950,387.0520,405.3530,385.0880,234.9150,86.3552,99.9280,249.1760,423.9340,477.9700,349.8090,242.9830,365.1220,536.0610,586.6230,607.5720,535.7440,464.3580,410.4870,331.3000,228.9660,131.5130,52.7611,42.0232,110.3180,173.8690,212.9000,230.7450,234.8990,265.1010,236.1520,293.8950,415.0230,425.4880,449.1580,503.3140,555.2630,589.9750,496.2740,381.1660,382.1740,242.5820,255.8280,78.6947,48.3763,101.8470,145.8640,270.3120,383.3320,416.4000,456.7760,489.1010,483.9850,320.5710,152.3760,113.7250,148.0620,138.5350,139.1120,154.9110,171.2800,153.6030,95.1788,113.5200,167.0580,161.2390,141.1540,161.7050,183.4800,197.7780,194.0930,188.7460,237.9470,313.3690,327.7570,273.7620,212.8890,140.8980,77.8831,64.8973,89.7182,67.6388,150.1940,197.9130,206.3490,238.4900,259.2250,248.8940,201.0290,205.6890,290.1770,336.2700,384.0210,343.0600,237.9510,135.3290,71.9618,127.4850,205.7600,244.7930,297.5070,260.7170,170.5630,189.1830,101.4520,128.2780,59.9435,100.9230,86.4623,80.7318,59.0191,57.8082,90.0865,118.8190,71.0665,73.0428,79.3068,122.1500,164.9890,130.5440,75.2826,32.3543,27.2608,71.1475,79.3680,50.9219,42.2263,102.9430,117.0330,119.0840,97.9798,78.0784,37.9689,63.2558,131.6910,211.4590,201.6650,137.0690,71.5672,55.2964,119.7370,227.0020,280.2340,273.6490,276.3860,253.5010,242.7170,234.6340,208.4370,177.8270,202.8110,273.9400,298.8260,294.4470,256.6230,263.5380,260.5840,208.2320,157.3940,142.2460,131.9070,125.5410,121.2870,118.8130,116.0310,126.9540,151.1280,144.2780,103.2790,89.9113,97.6935,94.8862,93.8125,43.7387,86.3707,104.0890,117.9020,128.8710,137.0960,120.0570,80.5608,74.9040,115.5600,138.2350,179.9390,190.6250,186.6370,189.1250,193.7510,173.7520,110.7790,48.1166,67.3434,137.0990,175.0990,197.2560,193.4580,171.1600,143.2730,118.0000,124.7380,155.1870,153.8660,111.2280,78.5255,86.8971,114.0460,113.2510
49439.7000,34911.7000,23715.7000,36474.5000,44206.0000,33068.1000,25211.7000,21622.9000,18737.9000,16414.1000,12424.8000,8616.0400,7159.4900,6870.6600,4981.6900,5015.0300,5818.3300,5463.1000,6149.5800,5870.0700,4958.1200,3585.8600,3200.5300,2821.0100,2293.6100,2010.2500,1564.3200,1349.3100,1364.4200,1116.8400,894.1470,695.2970,560.6620,350.4900,292.5440,290.7750,133.6980,95.1612,196.1410,265.5520,379.6770,650.7470,1084.8800,1383.3700,1718.5600,1904.3000,1618.9200,1264.9100,971.7280,572.5600,406.6170,583.0140,686.8790,633.6190,635.1600,641.4290,647.5110,544.8190,547.0320,599.5210,608.1010,627.2960,619.9680,341.9840,294.0310,406.8090,966.3810,1276.8000,1266.5200,1470.1400,934.8920,579.6590,275.6340,221.5400,202.3480,465.7890,439.8140,405.4380,409.7130,559.0300,693.2740,583.6970,343.3910,274.6430,467.0540,483.2470,289.4620,361.1730,740.6680,823.6330,796.2710,635.0770,456.7110,327.9170,346.7660,349.4580,212.0080,80.2342,87.5121,217.1760,398.7630,441.1500,276.6160,162.7650,336.7510,567.2540,616.7660,627.0620,547.1670,461.7720,409.1420,319.6460,208.1270,106.9130,36.3107,64.4174,118.0120,183.6170,242.7710,248.5740,241.1840,250.9220,219.9200,296.7180,418.0430,431.8610,467.3740,534.3560,587.1720,626.9450,544.2650,409.5070,399.5560,235.9190,267.7470,91.2983,40.3922,90.3208,155.7920,284.5750,398.4910,424.3620,442.7370,482.1590,494.8180,336.0250,159.9720,99.3984,123.0800,126.0940,134.4930,138.5310,148.8970,121.5910,49.2667,83.7539,167.2490,159.0170,135.8660,159.3080,161.8680,169.4200,155.6790,160.9970,205.5970,280.4250,312.4820,252.1290,191.0210,115.2490,66.8486,59.4804,81.2786,55.3248,142.1840,184.6330,213.6230,262.9360,308.9570,268.2930,181.7000,209.7820,309.9430,354.3210,388.7450,349.0640,257.6750,136.9720,55.2742,122.2290,205.9620,241.2130,301.3760,268.8370,216.6150,236.2360,130.6570,132.5600,56.8882,103.3720,94.4935,82.1572,53.7338,62.8490,93.4462,111.1280,69.3884,67.2396,85.9768,156.4620,179.5090,130.8420,87.6155,49.3424,20.1657,74.3837,76.4367,46.8313,60.2333,111.1100,118.8050,116.5760,99.0044,93.8260,52.2674,58.6666,133.8370,212.0570,215.1210,150.0700,70.0736,38.9884,140.6070,226.2640,267.4580,280.4060,298.7790,289.1880,269.4870,245.2640,214.8390,183.3440,196.2880,255.0430,278.0110,269.2200,235.2180,248.0840,260.8120,204.5160,143.1390,128.6530,114.5630,106.9880,101.7530,109.3380,125.5140,137.4660,167.8000,150.1540,108.1090,81.0011,83.7501,89.0721,100.6650,68.0346,106.4410,125.1900,142.0120,147.7640,152.9870,99.8024,62.7700,92.9194,135.0810,149.6370,170.9700,179.6720,183.4020,184.1220,187.2220,169.8770,105.3290,48.6321,90.3530,168.5850,194.0540,203.4960,194.0010,167.0570,142.9730,144.0240,159.3690,166.9180,170.4660,141.3240,106.1640,95.8116,119.8750,149.2310
50208.6000,35317.5000,24150.3000,37193.9000,45088.0000,33820.6000,25779.8000,21979.0000,19085.4000,16666.0000,12458.4000,8658.6300,7234.1800,6854.3800,5014.6100,5091.7400,5858.1300,5543.1100,6217.9500,5856.0200,4972.9600,3635.8000,3255.5700,2824.8600,2297.3700,1994.8000,1546.9500,1356.9200,1348.8900,1118.8600,896.3360,724.4040,578.8860,357.4370,274.4290,270.4530,144.3580,72.8879,133.9430,203.0210,319.3550,595.9870,1039.9100,1342.1900,1695.0700,1894.6700,1636.3300,1290.8400,993.9480,572.6520,430.8180,613.6850,687.0150,625.3270,615.2200,611.2140,599.9320,491.4620,499.3970,565.9220,594.0690,628.5110,626.3040,368.6020,237.4540,374.9380,950.1990,1285.0300,1277.5300,1474.5400,922.3150,575.8900,274.5740,252.3220,179.7790,448.6550,420.7100,396.7050,399.0010,539.0550,662.5870,566.2110,369.0790,266.3800,398.7630,437.3290,271.3750,352.4370,711.6860,786.4460,763.0960,608.0880,428.7300,281.1170,276.2860,277.4140,157.3140,51.0482,80.7686,214.8070,373.7770,413.9000,262.3920,173.5770,372.7540,607.1690,644.1460,645.0390,557.9590,474.9580,411.1280,315.5150,211.3230,110.7820,32.5248,59.3401,99.2432,157.9590,215.9780,227.6430,230.5010,262.5730,232.9440,330.3560,434.5530,459.4630,499.2410,556.1840,603.7400,630.5100,539.4870,393.8260,376.5650,209.6180,233.1800,61.2419,43.1539,106.2730,155.7920,273.9920,385.4020,418.9070,450.3890,472.6010,466.0240,331.6890,200.1370,166.9070,162.5500,150.5220,160.1560,169.4060,182.7280,142.6760,80.6279,101.9220,150.8070,151.9790,150.9270,162.5630,147.1020,140.3820,152.0430,187.2240,244.9440,312.9160,351.4100,311.4030,247.4460,163.9790,89.9241,90.8582,110.2610,81.9612,153.3210,200.2330,231.6230,272.6130,295.3250,256.6730,209.7040,227.6800,302.3490,341.6030,377.1770,321.3670,202.2110,104.7070,40.1944,127.9720,207.7170,239.3770,287.7430,262.7680,191.3280,233.2870,122.4450,131.0110,44.6338,86.4215,90.9358,88.7867,64.7575,34.6134,65.7047,99.4391,71.1296,62.4512,92.6176,157.0620,195.1180,141.2750,89.4195,43.4186,23.5534,68.0170,78.2738,56.3284,71.6258,121.5750,126.4750,110.8540,90.3608,83.9407,29.7773,79.1869,145.3720,208.7940,183.9740,116.7450,50.0451,45.4907,140.4340,223.7990,266.2790,269.7230,270.5710,244.1300,246.1140,257.8290,220.8240,169.1010,185.3360,238.9490,259.6300,262.4850,244.6600,251.9960,243.2150,209.1470,183.6020,171.8120,145.7080,129.9930,116.0980,119.2270,120.1890,121.8300,145.0900,121.6290,88.2108,76.3030,80.5164,84.8470,92.0302,60.8826,117.8680,130.9900,139.8200,142.9420,133.3020,97.3773,83.0741,112.6450,137.5020,146.6320,164.4680,178.4590,183.1030,187.5400,196.1560,170.8240,79.9052,37.0390,80.1823,148.5750,191.0150,208.8320,193.2240,160.1630,125.0650,115.8910,132.0670,153.8120,157.4120,130.9990,102.5100,106.1840,119.6910,123.5400
50180.1000,35452.7000,24364.2000,37546.7000,45075.2000,33480.9000,25538.4000,21783.3000,18937.1000,16386.7000,12359.2000,8634.5900,7155.4600,6918.2400,5109.6200,5111.4000,5909.0100,5595.4200,6266.0400,5928.2400,5039.9900,3684.2800,3282.8100,2842.3500,2298.1000,2002.1200,1547.5500,1324.9300,1300.6000,1058.2200,828.2820,656.7120,535.6720,309.0500,208.7810,223.7050,107.1020,57.0155,131.4700,191.1070,308.3370,592.4280,1023.1100,1308.2600,1649.2400,1853.3700,1592.3700,1265.4200,996.6330,596.7340,407.9280,596.2630,717.0660,661.0120,652.4090,644.7990,632.3680,514.4330,505.1440,567.5330,582.8120,606.7580,605.3640,353.4710,264.0020,383.1610,958.4580,1281.3400,1271.9100,1454.2500,903.8210,529.3190,238.9120,279.0400,169.4840,423.6610,387.3230,381.7880,320.1390,409.7280,545.8740,488.3410,303.4210,226.2420,389.9620,410.9320,245.4870,345.1410,715.4950,809.4230,807.5740,687.1280,498.9810,332.5740,320.5190,305.9220,171.5690,74.9104,82.8530,205.4300,344.8910,371.8930,235.0200,152.4850,334.8000,565.8540,615.3050,631.4110,547.5160,457.3910,402.1860,307.4090,206.7300,117.0940,45.7747,45.3424,110.7600,164.8820,176.6100,182.8380,182.7970,210.7970,180.7510,272.6080,374.5040,391.1370,421.2740,477.7050,527.8140,544.8030,456.5440,363.1270,375.7720,200.5790,201.3790,51.7355,110.1800,182.3040,188.0730,296.5980,407.5240,426.0000,447.3680,465.0900,452.6350,342.1320,234.2780,201.5990,185.2950,152.5690,133.6580,152.6550,173.8090,121.1950,47.6733,91.3376,164.1180,165.7840,162.7110,156.8460,137.3610,155.5580,199.9500,242.3220,278.0470,337.9140,375.6190,319.1430,246.6080,183.8990,135.4200,105.2660,102.1610,94.2421,141.0170,203.6180,214.8330,244.4890,266.8320,247.4240,192.1470,204.8380,277.9660,315.5450,348.2630,300.9740,190.1940,100.3850,33.9383,104.7020,196.3980,227.5310,297.0600,240.0580,197.6990,196.2370,106.6400,107.5840,47.3840,72.4358,75.5834,64.1338,43.5359,40.3922,68.4108,90.6560,42.1879,92.3698,140.0430,197.9530,239.0590,182.0240,114.7320,58.6787,24.4969,68.7503,80.1374,50.6055,66.4032,127.0390,141.6450,132.6690,117.0740,103.1690,46.2363,65.8913,144.1120,231.0790,223.9590,167.2240,112.2210,100.2390,147.4590,242.6930,267.0660,273.5710,287.5440,281.6410,265.7260,235.5170,222.0620,209.5260,219.6760,260.1790,254.5200,252.7980,229.3290,249.2480,259.8540,219.1970,171.8360,160.2320,139.3260,122.9880,100.3530,97.0761,123.8590,146.4330,185.1580,171.8440,114.5310,94.8336,113.7050,116.5040,116.1300,50.3375,102.6850,111.1460,125.6180,136.6100,153.8580,131.5940,84.7312,99.1605,146.6960,162.2240,180.4730,177.4510,186.0440,189.0840,194.5440,166.9760,96.0122,52.9608,79.0480,142.6500,186.6080,187.1820,170.7730,148.6540,124.3850,110.5900,133.0270,165.6580,164.4230,135.2490,102.8740,109.1750,132.0200,132.3930
49388.2000,34920.7000,23682.2000,36506.7000,44220.5000,32984.4000,25139.3000,21561.5000,18682.7000,16286.2000,12341.7000,8569.4600,7090.7600,6834.0900,4979.4900,5018.8600,5838.3400,5501.0000,6198.9800,5915.2400,4987.6400,3602.9500,3229.7500,2833.4000,2291.0900,2020.2000,1573.1700,1366.6700,1372.4200,1100.3200,889.0920,704.7500,563.3760,300.4770,226.2620,254.2140,145.1170,113.8650,183.3690,247.5020,366.9680,642.0700,1088.1900,1385.1400,1702.9200,1888.8300,1606.6800,1248.5000,952.6070,531.8290,381.0880,584.5830,698.9760,639.5680,642.4430,655.8840,670.9930,564.9180,560.8860,645.1130,697.7440,754.5830,791.4350,492.0820,335.1640,339.0140,937.4560,1253.8100,1251.0100,1437.8500,915.1640,519.2060,216.2430,244.5920,228.4100,494.2660,463.4080,461.8370,393.3140,418.0360,509.1950,457.7900,301.5570,226.8000,388.3950,403.0760,235.7150,381.5180,763.7990,836.2300,820.5140,682.9850,502.9870,341.3120,324.5580,317.3720,193.6180,71.1713,72.9677,203.8200,350.3140,352.7200,208.6570,124.2600,317.7610,561.9050,630.2280,649.8690,570.4670,461.1580,396.8570,313.0180,221.0400,128.7450,57.3128,71.1290,115.7920,147.8570,178.0940,185.1230,180.7310,185.8870,158.2720,255.1200,366.4290,386.1140,400.2390,461.1190,512.2940,531.1860,441.4260,363.5490,351.6500,164.2720,157.5110,58.0733,110.1250,185.2720,232.0770,341.7370,420.7430,425.6790,454.1620,465.8310,460.3230,359.8540,266.2270,225.3650,190.5180,137.5180,107.3850,88.4719,87.4906,58.3132,50.3755,112.8750,177.4620,168.6940,160.5280,162.1360,163.3700,179.2840,216.1450,284.2250,330.7090,367.6950,374.9140,320.0290,238.8020,176.6730,110.8960,99.3713,113.3690,85.1093,177.8320,229.1740,252.5430,288.1190,307.1320,270.4810,222.1530,254.2390,329.5920,361.4170,389.7650,325.9830,205.5760,113.2380,38.8476,90.9847,180.7250,216.6160,298.2970,280.1360,198.1230,208.1850,88.3779,92.7515,48.3772,83.6306,88.4560,85.5117,70.6013,21.3447,27.3913,54.8842,33.2342,90.9821,138.5200,181.1910,231.2650,165.9960,96.6181,44.7896,15.8316,82.5180,100.0080,73.1737,40.9546,69.3382,74.8064,54.7483,54.3685,58.9945,26.1098,88.1060,146.2320,200.3270,186.8930,132.2740,75.3473,75.6687,157.7580,250.3990,281.9640,276.0000,274.0910,261.3240,281.2380,264.4340,208.5900,187.8050,222.0370,264.5300,254.4680,239.9220,197.2210,212.8800,231.5220,172.2180,114.8200,108.3450,96.3835,89.7263,96.5230,114.9910,129.9940,154.4180,196.9510,198.2430,162.9750,137.3120,131.3390,121.3640,104.6710,46.8535,83.6372,104.6880,131.5960,154.8990,163.8510,116.9350,89.3891,108.8510,118.4620,134.4070,160.7410,196.5190,206.1770,211.0920,219.3100,190.0380,91.1050,43.0832,85.7742,151.7850,177.0740,182.4680,178.7500,160.3950,133.0470,109.7480,132.4960,157.1570,150.3530,134.8680,108.8940,114.1540,141.9860,151.7980
50062.4000,35262.5000,24029.4000,36965.6000,44945.6000,33800.5000,25762.8000,22028.0000,19089.3000,16711.5000,12526.6000,8695.2400,7248.6600,6864.8800,5016.0700,5099.0400,5890.6600,5589.7200,6293.7400,5964.3000,5023.6000,3624.5100,3245.5300,2867.7800,2320.2900,2021.5700,1567.9300,1351.0400,1354.6700,1080.8800,867.0650,667.8480,527.9470,289.6460,218.6860,224.9030,94.7389,108.4110,198.6230,248.0280,369.6500,652.0760,1090.9100,1378.1300,1677.7800,1864.8100,1574.2100,1228.2400,951.5050,563.9400,385.9290,562.8320,668.1900,630.6940,650.2860,664.5470,661.4150,529.1600,518.5100,607.4790,676.0330,745.0630,801.3990,549.1860,213.1460,277.4100,926.9630,1291.0600,1302.6200,1466.1000,886.4650,531.1170,223.1050,362.3430,194.7390,471.9780,437.8080,468.8980,427.2590,486.7010,571.4490,472.0040,293.2830,224.7460,361.4020,351.6710,203.2940,347.2740,739.0590,834.1830,835.3050,735.0850,570.8840,358.3000,290.5500,304.2280,204.3940,86.5063,85.9574,224.2530,355.3490,340.0070,192.2230,135.7480,364.0670,596.0310,663.5190,690.3680,619.6580,492.8500,420.8180,339.6330,240.5520,146.4560,68.4663,49.3598,124.4000,152.4430,175.5760,186.5500,223.8050,253.2320,207.2660,318.3090,381.3040,389.4330,402.5410,456.6540,503.0920,522.3060,424.9200,368.9470,362.3770,208.1110,184.9340,50.9853,125.1710,217.7150,278.1190,367.1540,422.6500,408.0430,428.0840,436.8440,437.4970,342.5040,247.6450,243.3960,218.6040,166.0660,106.1020,85.3054,112.2630,92.1924,53.9136,67.9583,145.1250,156.5010,148.1680,129.0630,93.7665,121.5640,186.8530,263.3860,325.8040,380.6800,396.5450,339.4940,264.5750,179.7720,122.7140,116.0600,111.5510,92.7401,159.4950,218.9230,243.5470,274.2800,291.9890,256.3150,205.1050,237.7290,312.6390,345.1100,372.3280,309.1980,194.4110,103.1840,27.3197,97.2429,160.5680,184.7070,226.3000,219.1950,158.2730,216.3200,130.9580,143.4440,39.6133,77.1295,68.0031,77.6201,69.7568,41.9289,20.2058,27.0291,29.6578,69.2109,122.4310,158.8270,219.8500,160.3680,87.5182,38.1195,32.1096,80.6272,112.5250,83.7766,59.9636,48.5257,59.4809,60.5849,56.3727,32.3083,38.8937,96.6475,149.0950,207.9080,203.9120,126.9390,81.5887,62.6200,135.4050,235.3580,284.2740,272.3570,264.2710,238.0620,242.8120,225.5910,192.7070,178.5500,208.3930,250.0700,243.0120,224.0290,189.5720,195.5290,199.4360,161.0230,124.4570,117.3730,109.7080,93.8323,91.4536,109.0920,131.0240,166.5410,212.7290,203.2290,155.3050,130.0430,141.9910,151.2730,135.8370,58.5232,73.7830,75.6310,99.6787,125.4380,140.0400,97.6497,69.9466,88.3129,106.2170,123.4490,148.6830,177.8690,198.6660,201.8820,202.5150,167.9410,84.0448,62.7237,113.6830,156.1300,175.8110,211.7670,209.5470,183.5260,133.4990,123.6230,156.2420,177.0380,179.9000,147.8400,115.8100,131.0000,154.6890,147.2980
50348.3000,35599.9000,24414.0000,37574.1000,45202.5000,33615.5000,25630.9000,21886.4000,19051.2000,16476.5000,12351.0000,8621.1600,7159.1000,6897.6700,5090.6400,5068.4100,5868.5200,5607.6000,6292.1900,5952.6700,5034.6100,3657.3500,3262.4400,2843.9200,2284.2500,1978.0500,1551.0100,1324.6200,1275.8900,1041.6300,846.7610,678.9860,525.3740,287.4070,215.5830,213.9690,92.4935,82.0189,166.8870,226.4410,335.4770,610.7540,1041.6400,1320.8900,1661.3000,1857.5500,1596.2500,1263.1600,993.8240,590.6920,389.4030,557.6220,670.7670,625.7430,640.5560,649.0100,646.7280,492.9830,466.3480,551.4900,593.4140,628.0830,670.9990,465.0110,181.4300,365.4330,950.4850,1293.9100,1310.3700,1488.1500,898.6080,562.9950,253.9420,308.0980,146.6260,423.4630,414.9470,439.8900,425.7880,522.8210,626.6680,504.9860,340.5850,254.4410,365.2720,389.5440,239.5870,357.7870,757.9320,837.4220,825.9670,693.2450,574.9790,416.4080,359.0480,332.5820,191.0840,74.4141,95.0999,238.3150,383.7350,369.9520,230.9930,152.5890,328.5760,556.8060,635.0610,668.6580,602.6390,520.1250,451.6480,332.5080,224.4300,124.8850,49.6914,25.2312,73.4015,147.0510,197.3590,208.4490,210.6590,242.7590,206.8400,306.1680,394.1440,390.2490,416.1110,467.5500,524.6540,531.4620,413.0100,309.0430,332.5680,220.3030,243.1800,60.5183,92.3613,187.3970,195.6850,283.0090,389.3290,411.0110,452.0070,471.4550,476.4290,356.1000,259.1730,267.4070,229.2340,160.3840,99.9357,114.3280,146.9450,104.4150,48.8761,107.1030,193.9370,198.4490,180.9290,168.4080,144.7810,133.7220,155.3940,203.4400,265.2410,324.1270,341.3030,304.3220,245.0630,202.9390,139.5710,112.8790,124.0310,98.7170,157.8840,215.4050,211.4560,237.7130,234.4150,226.6650,222.3740,256.7370,324.0820,359.6340,392.5510,331.2660,201.5460,99.8672,25.1649,110.9460,187.6700,210.1030,273.5740,243.3450,188.6910,209.7720,124.3160,104.9900,23.3125,61.0196,89.0667,109.2580,114.6830,89.1885,59.7663,40.9819,31.9254,49.5431,94.2332,118.8560,164.9850,125.6150,58.7014,32.7411,60.2006,120.7080,131.0350,102.6070,86.2419,95.1834,100.4960,78.2119,50.6576,43.7574,24.8122,106.9570,173.9030,250.2840,224.1260,139.8750,118.7460,100.4530,178.8800,267.6980,291.7900,284.3210,280.6780,257.4440,250.4330,227.1530,210.7710,206.1530,228.7140,269.4120,257.9760,230.6750,171.0440,164.2230,190.7160,175.8450,139.5780,132.9220,119.2240,95.2166,78.0869,92.7783,139.5310,169.4350,219.2760,193.4630,157.3800,138.6570,127.0830,106.9400,77.7417,29.6129,59.5658,88.8924,116.0000,138.0010,154.2910,137.8910,114.0550,119.8270,124.9300,141.2140,162.1580,187.5180,206.3870,198.6430,205.2190,180.2070,100.2730,42.1370,74.3850,147.3940,187.4120,189.4180,171.9270,153.9980,125.8320,119.3860,136.4890,160.5030,175.3540,140.8580,91.8110,94.1670,126.3060,127.7110
49448.6000,35021.7000,23780.0000,36628.2000,44276.2000,32951.0000,25114.9000,21534.2000,18700.1000,16276.3000,12289.7000,8509.7900,7032.4600,6790.0000,4932.0300,4962.9900,5800.3400,5471.5300,6171.8800,5907.0100,4970.1000,3605.6300,3241.0400,2856.5100,2286.9700,1988.9300,1559.7700,1354.8100,1340.4900,1066.6300,866.5760,682.0470,551.4930,306.5630,250.0800,272.3640,142.1330,116.8040,200.9740,276.3580,382.6390,640.9700,1090.4300,1385.6100,1708.2900,1883.9000,1586.1700,1233.0100,949.0900,562.3610,380.4240,550.2290,682.7060,637.4700,635.3000,637.7090,646.1700,525.8270,498.3670,578.0730,618.0110,648.7480,642.0920,372.3350,192.8470,412.3650,1008.3600,1324.4200,1300.6400,1459.2700,897.4120,543.1120,264.6650,261.7770,148.3910,419.0320,405.9360,403.2870,398.2900,524.4990,651.3170,541.7960,361.6450,278.1570,380.3360,381.2470,236.8820,374.6700,747.7690,830.7730,812.4930,676.9950,542.3370,397.9030,359.8120,350.3330,201.3780,97.2764,108.0820,243.7880,404.7880,416.6460,257.6120,160.7120,340.6350,531.5100,590.5640,620.2380,562.5110,501.2920,440.1500,338.8300,245.8520,151.6860,69.6833,22.8502,98.2042,175.1570,205.2690,201.5500,204.4780,236.5540,218.2290,302.8460,402.8000,397.7470,415.0270,462.5750,512.6770,545.2720,461.7010,361.3830,369.8510,205.5430,209.3630,51.9957,100.7380,181.2130,223.5240,316.9330,396.2620,415.8230,443.1530,438.9490,411.5580,301.8400,230.6380,225.4360,209.3530,173.6160,135.8180,134.5510,143.2870,101.8560,38.1544,72.7826,140.8490,141.9640,137.8220,139.9130,128.9870,128.0470,160.8570,211.0600,274.9290,366.6810,383.9540,314.8000,240.2280,171.2180,107.3210,96.6009,136.0290,109.7600,188.9940,228.8970,234.7730,261.7290,280.9520,258.2370,205.7260,217.3340,288.9870,322.2570,354.1090,303.9500,195.4600,104.6900,34.5363,113.4510,192.4670,222.7430,284.9010,267.9350,190.1150,221.0570,105.9470,129.6440,65.8445,133.3880,111.2420,107.5880,68.3066,41.0601,37.3342,38.9031,27.8207,62.9787,111.2870,156.7270,193.1320,132.4890,69.5707,25.9189,34.5114,79.0721,85.7923,56.0709,51.1721,96.7095,104.9760,92.4833,64.7894,52.2522,32.5521,120.6070,192.5660,263.4290,251.7620,177.4120,113.3340,97.5398,168.8340,271.8670,318.2360,304.7690,294.8620,264.0420,261.3980,235.2080,200.0650,192.1400,216.3930,253.6480,247.6830,238.8530,201.9350,194.3440,191.2110,168.5660,130.2490,97.8160,74.5308,60.8156,67.8977,88.0084,114.5260,142.0170,183.2950,168.4080,123.9080,113.1750,112.2330,97.6201,71.4428,41.8360,87.7977,109.2540,140.8540,168.2490,181.6340,134.8750,93.9143,95.4667,119.5310,138.4210,162.2930,174.1860,172.1590,171.0500,180.2080,159.9310,75.5702,39.4212,88.8961,156.0470,191.5720,200.0300,197.6200,183.9580,144.6740,130.1060,166.7350,186.5130,175.7680,160.0480,141.6220,139.0700,157.7720,145.8710
49848.9000,35083.4000,23903.4000,36818.7000,44717.2000,33592.5000,25609.7000,21975.6000,19028.9000,16661.9000,12525.8000,8685.6300,7239.8100,6896.0200,5048.7500,5108.5000,5880.1100,5557.5200,6259.2000,5953.7000,5028.0500,3652.4700,3275.8600,2864.4900,2292.1500,2024.6100,1600.2100,1376.8000,1375.7300,1103.4400,878.5750,680.9150,542.0590,299.6180,237.9420,269.5510,152.4950,120.0770,203.7260,270.0470,371.4270,633.5400,1078.4600,1375.2200,1710.5100,1886.9300,1593.3000,1242.9000,958.5270,556.9430,379.7470,557.5110,668.6500,631.2890,637.6950,643.5940,641.2240,541.2960,524.5870,590.4720,646.3330,696.7510,719.8650,434.0090,216.8890,358.4890,963.2300,1297.7300,1300.7500,1472.3900,913.3680,541.7560,252.2610,280.0540,171.0050,429.8810,390.3460,383.8240,356.9820,456.1580,565.9160,470.4500,294.7820,221.5160,373.3790,401.2820,241.2680,376.5710,757.2550,833.8060,817.8730,683.9830,521.7460,356.6840,339.3650,337.9480,195.4330,99.7345,109.5560,250.0460,402.7720,397.6290,265.8000,177.1360,289.7340,495.6470,574.0920,610.3500,551.8710,470.9770,403.5310,327.7770,247.8850,159.5350,87.5278,52.5002,136.7790,176.6950,183.9900,185.7790,193.4630,225.2350,176.5630,271.0110,358.7580,379.5660,398.3350,463.1980,516.0990,531.0020,456.2370,382.6050,393.1400,191.5640,197.0110,51.9851,110.7600,186.4570,224.4100,313.1970,388.6910,400.2730,423.4310,422.0210,396.5420,280.1000,210.7070,223.1920,209.5690,160.2970,119.9490,81.5260,82.8392,54.6028,56.0455,113.3090,192.3500,166.5420,136.1120,126.9820,118.5010,136.7700,175.0650,216.6960,264.3280,341.0240,364.6940,309.6800,240.5800,193.4340,137.3270,98.5063,105.9820,94.0889,175.9720,235.6760,238.7030,260.8300,270.8810,254.8300,198.1230,205.3020,281.4950,312.5040,337.3140,272.8920,167.7150,79.8130,25.8994,127.4780,180.7740,210.3840,264.2690,265.7580,194.6680,249.0810,134.2250,155.3690,51.2079,101.1460,77.1927,77.1892,43.0657,14.3283,26.7415,41.5483,41.6631,29.6393,89.7486,133.3260,183.6910,127.3050,59.9109,26.1892,45.4143,75.1797,73.9507,43.2097,46.4307,105.4000,111.7170,94.1762,55.9686,44.1532,31.8571,112.1640,186.2200,252.0020,245.3410,169.9510,89.4182,74.4562,163.5390,260.2360,303.4950,305.8100,297.3750,257.2460,233.4360,237.7450,218.4780,190.1940,217.3840,260.0790,245.5130,231.1700,188.8140,181.7570,186.8780,144.2170,91.2701,76.4875,59.7475,50.5486,39.6964,56.6488,94.8078,131.5540,177.1450,167.9820,133.7850,119.8610,111.5390,96.3646,67.6312,47.7959,98.2542,120.7500,148.6240,168.6560,162.3080,121.2230,107.4320,124.2120,138.5360,153.8250,174.0500,194.5240,186.1350,166.7920,154.8680,133.5920,72.6241,54.6359,100.5460,156.0800,198.6890,207.7070,190.1600,178.2760,154.5190,127.4640,129.2690,166.4000,171.5010,131.1980,103.4310,123.1000,147.3070,144.1650
50352.2000,35506.2000,24380.9000,37558.1000,45224.6000,33711.7000,25716.0000,21921.5000,19068.5000,16516.4000,12367.6000,8633.7100,7187.0500,6865.2200,5032.8300,5043.5200,5791.6100,5477.4600,6200.0800,5913.5000,5022.0600,3680.1800,3246.3300,2795.0800,2270.7400,1976.0500,1542.1000,1338.9000,1296.7200,1077.1700,847.3270,692.2840,559.9960,326.3760,237.3040,240.1470,109.0290,59.0937,138.7470,213.0360,324.2570,577.1120,1017.0700,1315.9100,1679.8200,1873.3400,1598.3800,1272.9300,1007.7700,614.7820,428.6490,602.4360,712.3880,673.0560,676.7370,669.1010,654.5910,545.8250,534.9280,608.8740,658.5050,707.8540,757.0700,518.3480,196.1780,278.4910,903.0590,1254.7100,1286.0700,1461.9200,911.3570,523.1690,219.1920,320.2980,191.9990,438.5430,386.0230,393.7790,340.5410,408.6520,532.0410,456.6510,284.6710,188.9570,302.9040,318.2790,194.7430,400.1020,760.8970,836.3370,820.2210,698.6760,532.0070,371.1750,339.2930,308.5050,168.8180,62.0830,101.8630,247.4490,406.6570,408.2780,280.5290,179.5070,269.1790,469.6070,554.5290,599.9770,550.0200,484.2670,428.1060,343.5990,259.5390,172.8190,85.6749,28.5767,84.0163,135.3780,157.3000,152.2670,147.5450,158.6000,136.7300,245.8950,348.7470,383.8620,403.3130,464.5880,514.2750,533.3180,464.0730,388.9880,388.3780,177.6800,159.4710,79.1271,132.2760,195.0510,212.1430,309.0640,408.0410,424.3420,433.6350,422.3140,399.9530,334.5560,295.5740,284.4850,245.6600,197.3530,146.7540,79.6935,69.7803,59.8786,74.8632,86.5164,163.3970,164.3630,143.7510,138.1260,133.5720,144.2670,179.4730,234.7420,296.2920,361.1780,363.0050,316.8560,253.3670,210.5010,144.2440,95.5367,106.1510,99.1218,172.6240,230.8630,235.9130,261.7740,281.5220,262.7970,198.3300,209.7300,287.0020,323.7650,350.6910,296.1880,201.7070,116.2100,44.6977,105.8620,177.9580,213.3200,271.1400,265.1690,190.0920,234.1190,118.8070,122.4760,19.1673,56.8148,73.2308,92.1690,100.6990,62.4435,44.9100,23.4568,28.0434,62.7762,108.8680,153.2850,192.9470,129.2920,61.8165,20.9775,46.6974,77.4000,72.4814,46.2048,23.2429,91.5739,94.7951,85.2487,72.3650,59.9144,46.7897,118.8320,184.4660,246.1430,217.8490,149.8830,82.0638,74.4387,150.5520,258.2110,312.8100,294.7940,281.9860,247.1580,250.9290,230.3480,198.1970,201.7800,234.4300,271.0570,257.2440,241.7900,194.3810,182.8840,175.7260,133.2750,101.7180,97.2934,91.8145,80.8112,89.2103,108.6520,121.3050,159.5500,191.0340,172.6690,119.7470,95.9158,102.2300,100.6710,74.6588,56.2320,96.2265,116.7830,144.1270,168.3250,182.4600,145.0060,111.9610,117.5370,123.9990,138.2390,155.1970,167.9580,171.1650,162.2970,162.6330,136.4200,62.6615,45.6670,109.0220,184.5750,199.1860,196.6690,188.3800,171.8010,141.4330,105.3330,108.6090,128.4390,131.6110,109.8230,89.0064,103.6860,126.7610,124.8060
49613.4000,35154.9000,23904.2000,36900.3000,44534.9000,33071.4000,25208.2000,21570.0000,18737.5000,16259.7000,12291.6000,8522.2300,7007.7100,6796.9200,4960.5800,4958.4000,5783.1200,5446.9800,6150.5300,5919.3200,4998.2700,3622.5700,3232.0600,2810.8900,2247.6700,1993.9300,1589.9000,1361.9900,1344.3800,1090.4100,882.9090,696.8730,566.3280,338.2530,268.8010,252.4460,124.7000,139.4750,225.7860,263.6610,376.1690,653.8210,1103.9300,1400.5200,1727.1500,1896.3300,1621.9400,1264.7500,966.2780,536.6940,398.1560,600.9120,695.0480,638.2200,637.4770,638.2580,634.7070,525.4300,501.2310,539.8460,554.9740,569.2220,561.5830,339.9380,160.9280,390.6590,975.8400,1327.9100,1314.4400,1490.3700,921.7930,543.9530,255.6550,304.2890,177.2390,456.2610,437.4380,459.5440,461.3550,544.2310,643.2450,536.5920,345.2460,258.5830,391.3500,384.0640,226.1860,331.3980,731.7550,839.9890,832.3610,706.6350,578.5410,459.3980,407.0060,356.2710,212.9040,82.7206,90.7250,237.4360,392.2110,422.0680,303.2540,198.4610,286.2340,478.9280,558.0740,602.8250,549.5720,482.5300,428.8950,345.4680,256.5250,162.1160,76.6637,42.3005,119.1650,168.8140,183.9420,179.1190,177.4110,204.5720,181.9280,296.6130,381.4950,399.3850,415.5670,466.6670,509.4020,518.3550,451.6700,384.9810,382.9050,185.0400,166.8570,57.3144,123.0910,191.7110,227.3590,319.7890,395.5890,412.9660,420.3700,388.3200,331.7150,247.6240,230.2630,241.2560,207.7020,147.5550,104.0420,98.4802,105.9760,84.5074,46.1323,84.9434,161.6620,159.5440,141.5840,143.2160,121.1230,115.6250,154.3540,225.2090,283.1610,333.4590,367.2050,338.1230,276.2090,218.7710,144.6760,97.1244,109.1160,101.3770,158.6310,214.1270,222.4360,253.5640,281.7830,274.2760,225.9560,247.9010,325.6910,365.3960,394.9490,340.0950,232.2440,133.1980,57.5720,126.8830,207.5940,230.5980,283.4970,262.1100,180.9570,217.9420,123.0110,96.8329,20.6138,57.3773,99.1513,138.6720,154.4590,100.0040,63.7268,36.7016,52.0767,72.1601,100.4900,135.4950,188.6330,132.2960,85.7820,41.5962,32.1153,62.0722,62.6617,35.0577,27.7439,99.9675,95.3681,77.8686,65.3764,64.8105,54.5746,122.1050,191.7670,253.7100,228.6200,154.9180,74.5015,54.3105,154.4210,244.8550,294.8170,292.1470,283.5130,244.2250,233.3400,226.9640,210.6670,196.9060,227.8560,276.2250,258.8760,234.1800,179.4590,164.3770,155.5860,126.6020,78.8586,65.5778,81.6689,63.4275,61.6177,66.2719,103.3890,157.7270,211.3890,190.9340,136.3840,93.6021,91.2455,92.4773,72.7431,31.0781,81.6923,106.2060,123.4000,152.3210,167.6450,134.8260,107.7970,116.8120,132.9100,152.7810,170.3450,174.5780,188.3130,185.9760,181.8570,134.4090,48.3775,43.3520,107.5880,179.1860,215.1020,222.2350,212.0830,199.9210,177.0580,126.5540,108.1790,134.6330,147.4150,123.3650,95.1197,112.9850,140.2750,146.1300
49724.5000,35029.7000,23768.9000,36610.5000,44559.3000,33450.8000,25478.5000,21857.5000,18926.6000,16579.5000,12496.1000,8689.7200,7244.8800,6907.6400,5068.8000,5125.3400,5877.8500,5537.5200,6240.5300,5937.5200,5015.2300,3650.2600,3273.4200,2869.6100,2308.9100,2012.6400,1561.0600,1358.5100,1375.9000,1105.4200,874.7510,678.8980,538.3430,301.9150,237.5320,270.7850,163.4550,127.8640,213.5280,273.8740,363.4960,642.6840,1112.5500,1411.9600,1764.3300,1927.1700,1634.1400,1285.7800,999.0220,592.3720,408.1820,595.4680,707.9380,637.8620,639.2940,642.7260,661.6360,548.7590,532.3980,579.9200,575.9180,580.8600,553.4710,275.7590,293.9920,466.2060,1024.5100,1330.9600,1281.2500,1458.6900,906.4320,517.3070,226.6490,268.6590,216.9380,488.7720,455.8870,443.6820,446.8780,552.7010,671.0110,581.5540,387.2390,297.6040,427.2640,426.5960,247.8070,324.8520,710.5630,801.2790,769.3790,652.4550,518.5010,410.5550,388.6640,354.7930,197.2130,97.3535,149.4700,324.2500,492.3810,497.9940,355.2720,264.6950,358.7140,517.2780,571.1470,609.2040,546.4810,484.1450,437.3520,353.6140,253.1950,146.0520,59.4952,45.7175,100.7280,167.4770,211.5510,208.8820,199.8560,196.8240,175.5780,295.4130,402.6080,422.1800,441.5000,510.6200,565.3460,569.2290,492.7490,412.2540,410.4890,194.4020,229.1460,50.8133,73.0473,117.4170,157.6770,262.6300,356.5960,381.8120,385.9090,370.5150,333.9350,223.4140,146.6950,181.1580,212.1280,159.5370,113.6660,86.9406,102.9230,110.9760,43.6882,39.7494,109.2980,142.8870,131.2170,128.5080,121.0440,127.0890,142.3880,196.7170,278.2800,360.6780,365.8320,315.1580,250.1340,212.5650,155.8390,112.2150,124.1500,114.4750,178.1800,233.4020,239.7880,263.1700,273.6520,241.3600,195.9110,226.9600,320.2300,362.2460,402.3910,325.1740,208.1100,112.9640,47.1767,103.8180,182.8240,224.5050,282.4780,270.0690,187.0900,216.6930,111.6560,100.4580,31.2020,98.7243,130.7520,154.5860,135.6610,102.0250,75.0760,62.4417,60.9029,73.5562,102.8590,148.1650,193.5730,126.4100,80.0921,28.0732,30.4254,63.6710,62.8556,36.6973,44.1233,92.6366,92.9261,70.5961,51.5774,45.4755,31.1938,118.7300,186.5320,244.0840,232.9490,165.6550,85.2270,68.4637,133.0580,236.7180,295.9140,285.0250,272.0640,235.1840,224.9690,202.0350,178.3340,181.6970,205.9330,242.3690,245.5490,234.4480,197.3370,179.3160,165.7550,132.4670,85.4810,58.5146,49.8762,42.6622,49.7557,71.2553,109.0960,154.5580,206.3220,199.0410,162.7760,132.5220,121.4240,107.8540,89.7098,71.0826,132.7160,160.2250,172.4790,175.7670,163.4020,138.9560,101.3180,98.7457,130.4620,147.7560,171.0590,185.6430,178.0740,174.3300,174.5850,138.9550,44.8918,44.8216,109.8470,160.5090,196.8960,217.0720,216.8050,210.9100,192.2510,132.5750,89.0449,98.5235,118.7240,112.5160,105.1710,111.6790,124.7520,112.5760
50402.2000,35526.9000,24297.6000,37436.3000,45268.1000,33838.3000,25801.6000,21965.0000,19091.6000,16570.7000,12390.7000,8637.5300,7196.6200,6867.5600,5054.7200,5068.2000,5814.1000,5521.3000,6221.6700,5893.8600,5005.5800,3668.7800,3267.9500,2813.5500,2268.3100,1970.3600,1549.2700,1367.8100,1347.3000,1119.4600,860.7480,702.3570,577.4940,337.2920,221.9330,220.5450,108.0300,74.6259,153.5660,205.7820,317.8400,597.6530,1032.1600,1316.9300,1699.0000,1874.6500,1591.2300,1267.4100,1000.6100,603.2450,403.9410,587.3460,721.4980,678.1910,672.8640,662.5560,646.5370,532.0570,540.9490,597.2210,603.7800,624.2650,636.7770,373.1910,308.8100,400.7590,974.4500,1282.0200,1249.9300,1437.3700,908.7170,528.5950,244.4990,248.3010,201.4390,454.9770,418.1670,398.2320,415.9300,560.8880,671.7310,551.4960,349.5990,304.4940,470.8170,461.8330,257.5790,299.6850,692.6200,776.5780,739.6040,616.2630,486.0550,377.5320,353.9300,323.6040,173.4910,96.9551,155.6340,322.0450,490.3850,510.4710,361.3680,267.9540,374.5570,517.9260,548.5690,579.2420,511.2250,451.8870,432.6570,367.4350,259.0910,157.3670,75.4330,30.1765,126.5560,180.2240,189.9110,201.0370,200.9000,226.2580,176.4410,293.8680,403.6210,436.8310,456.9260,516.3630,569.1170,606.2940,539.9420,440.0420,442.9320,210.8810,249.6390,64.3427,57.9122,106.3240,158.0150,263.5510,350.4330,367.0520,378.9970,376.2300,357.5570,243.2380,127.3870,129.0640,166.8800,139.5940,102.9400,96.6119,104.1140,101.4340,33.7470,58.5453,148.6010,145.6540,120.4620,118.6450,115.6220,115.9780,129.2180,165.9050,219.6090,289.9310,317.3160,270.5210,204.8940,169.5350,129.4090,120.9440,129.3660,98.6056,163.8510,211.0550,213.9430,234.3850,242.0210,225.0620,181.1460,221.3380,322.0620,360.1060,395.0080,329.4910,242.1450,149.4690,82.1840,101.2110,190.7090,229.1580,294.5990,268.0160,200.0040,220.9220,106.9950,100.9130,33.5456,92.0694,99.7138,113.3950,89.1247,52.3405,27.7161,26.5505,30.9083,16.6967,38.5542,89.7872,137.9170,112.3730,76.6618,46.6472,26.9139,65.8385,67.1339,48.4022,99.4084,158.4500,158.1040,129.6470,87.3600,80.8566,20.0534,118.0330,175.1430,233.8400,197.9650,139.1760,70.6475,84.3775,151.4520,251.4520,293.4050,278.5870,256.7400,212.2830,211.0630,190.0520,155.1810,187.9950,238.2080,246.3850,232.0590,215.2010,176.4100,166.9410,165.1240,129.5700,62.5324,36.9451,62.9402,69.4541,61.3490,94.3041,114.0200,162.2550,209.1290,193.1340,141.2270,106.0890,78.1150,61.7703,38.4142,47.1625,88.3334,110.0330,134.3130,152.4650,166.0000,130.7730,101.9050,117.2620,124.8600,128.1470,139.8630,168.6450,173.7800,167.5000,161.8210,139.2870,83.7107,43.9625,91.1782,164.0170,210.8060,240.5670,236.3200,227.3550,208.5640,175.8610,151.2590,147.5660,154.0510,134.5750,104.3420,114.2870,135.0590,138.7770
49773.6000,35273.5000,24001.4000,36995.3000,44618.7000,33142.7000,25281.7000,21611.7000,18776.2000,16227.3000,12269.4000,8564.2200,7040.0400,6815.8700,5029.1200,5031.8300,5839.8300,5516.4600,6215.6600,5944.0100,5034.3700,3669.2400,3268.9000,2838.5500,2269.9900,1963.5700,1550.9800,1369.4100,1363.6400,1120.1400,876.0960,704.5080,558.0820,304.0230,231.6650,254.9850,121.2450,75.6916,156.9150,201.5890,313.7300,602.0380,1047.8200,1348.0700,1741.8900,1935.4300,1656.3900,1319.1800,1033.5400,618.7600,446.6400,644.4690,776.4850,722.8560,705.5100,687.3070,674.5930,546.6190,521.2770,561.7190,560.7580,569.7120,567.2670,292.2220,362.4630,451.6260,994.8400,1287.4600,1232.6300,1452.1200,944.1460,589.6210,297.5890,175.1690,197.3140,453.3980,427.5780,396.0240,444.8440,603.1580,735.3650,614.2110,406.8210,367.1470,545.8670,568.8740,342.4670,292.1160,657.2580,759.1320,737.7090,601.5070,455.7440,328.9200,321.1580,301.8830,140.8880,111.0020,188.7150,356.9150,538.3660,551.2470,400.5450,305.0480,370.5860,499.2110,529.6850,539.3580,461.7430,388.9080,361.4850,289.7170,192.1230,99.9811,36.5224,37.6488,108.1120,178.3180,214.1930,217.8770,216.7700,249.0330,231.7080,335.6570,457.1450,442.9570,455.5550,509.8920,558.2030,589.0850,552.5330,411.7330,451.3180,228.7060,281.6860,95.4184,56.1284,108.7450,156.2300,242.5600,354.6050,405.4080,401.5900,386.0370,338.0030,274.0940,206.9630,163.1960,151.9440,133.4270,127.6180,140.8880,148.4620,131.3320,44.2084,80.8706,175.4120,167.0910,131.8230,117.5380,106.7520,117.5750,146.0660,179.0480,225.6870,275.6000,289.1030,243.5040,187.0150,148.9740,115.5940,106.0290,122.5420,108.8810,196.1260,234.6350,229.4200,247.3000,256.4520,232.1700,190.6080,232.2800,309.3000,340.5210,368.9890,330.1670,244.4830,141.4840,63.3498,98.3892,186.1420,231.7690,314.2440,281.8070,247.9630,264.4320,134.0980,125.8530,56.8978,119.5120,123.9270,137.3270,108.3500,36.4588,27.6469,56.3459,53.1522,29.3172,51.1688,109.0950,160.8150,132.2600,95.7879,61.2474,42.4993,24.2251,33.7061,45.3534,114.0590,178.7940,166.1220,143.2540,97.6933,57.1856,19.3978,111.8950,184.7540,246.1130,214.2670,140.3780,61.4982,58.3812,156.6410,263.5620,296.2850,294.8450,298.2260,279.4380,276.1160,261.0820,215.2110,186.7120,235.6820,288.4680,270.0420,250.1990,207.5240,216.9060,220.1240,142.2000,61.7677,50.3504,66.1082,46.1159,35.8677,55.4276,83.3940,132.5130,173.5680,175.4690,143.6470,112.9910,82.2486,69.7102,35.9873,76.8961,93.3163,104.5660,117.8690,122.8740,115.8290,100.0970,78.7981,83.6524,118.2440,128.6160,145.2250,152.9360,161.2170,165.8480,173.7790,155.8820,77.1808,84.0152,109.9620,198.6440,205.4510,212.9730,228.7760,230.6630,209.6890,152.8470,118.9590,114.6140,116.8340,107.0710,95.3239,118.0820,138.8230,132.3870
49518.9000,34944.2000,23656.5000,36488.3000,44385.4000,33223.4000,25290.8000,21739.1000,18841.4000,16503.2000,12447.4000,8627.9700,7161.8300,6857.7400,5003.1700,5046.6400,5832.5900,5504.2000,6227.8900,5935.0600,4996.3000,3611.1000,3253.6600,2853.2000,2287.5300,2012.6400,1574.9800,1375.1100,1402.4000,1139.8900,914.9250,725.0840,577.3520,329.2070,257.2870,254.4320,131.3140,121.6830,196.5340,260.4870,387.6380,650.8580,1082.2100,1380.5400,1727.9900,1910.4100,1621.0500,1267.1400,978.0440,574.2410,403.4540,590.8130,718.8500,677.2410,679.4670,682.3490,685.9470,568.5670,552.1010,618.5350,627.9390,643.6380,644.2700,369.9240,350.4110,408.3510,985.7600,1274.4600,1255.8400,1462.0800,952.5590,576.9930,256.2300,231.2310,258.2440,497.5080,404.2220,345.7700,350.5820,474.1650,554.0520,450.4340,304.8060,345.2050,562.0100,554.7340,327.5300,329.6850,653.8370,738.8290,716.7720,602.9100,449.2400,301.9150,303.4750,305.6960,164.7990,139.2220,206.8950,372.4940,558.7500,570.1540,399.8790,286.0730,345.6950,478.9110,509.6050,540.1310,469.0880,396.6150,366.2250,296.1250,208.3380,122.9730,75.4897,72.7340,130.4470,170.8880,206.7520,214.8690,209.0060,217.9140,201.9260,239.5080,366.0000,377.6440,392.0930,445.7050,483.5430,523.4410,507.0230,411.1990,447.3070,235.3990,227.4950,55.3724,61.3729,134.4080,149.5730,228.6700,358.3090,394.1080,375.5080,346.4670,308.6370,275.6900,232.1210,205.0330,183.9810,149.1670,150.9580,167.3330,173.2120,142.1280,77.4704,123.2880,198.6800,179.9130,152.6380,142.5000,121.7700,128.3730,165.2430,196.2750,239.6620,300.7130,301.4540,239.9170,180.4350,140.5090,105.5050,89.5048,113.8450,112.6470,208.3740,266.9950,273.0640,297.3340,311.1470,274.4690,196.5760,204.5450,290.5970,336.6640,370.8350,314.7530,232.8210,148.4010,65.1604,107.8640,204.3870,257.9940,341.5100,319.1980,240.6420,255.6960,109.4120,118.7680,55.9481,103.3920,93.5908,89.7800,51.6669,22.9548,43.3229,59.6137,59.9246,63.2206,76.7971,139.9350,200.3060,155.5020,103.3870,69.4507,44.2925,17.5545,7.1526,27.4220,106.7300,197.0230,183.1930,170.8370,119.6140,92.6129,42.9930,111.8100,165.2330,242.1200,231.4940,168.9810,95.5939,95.7050,146.1150,248.2170,295.3730,293.1450,278.9880,235.7910,221.2050,226.7130,224.4820,225.3650,256.6640,289.1360,269.8190,251.7540,209.0850,182.6440,164.5970,109.2830,61.0771,81.7858,101.5890,75.7088,61.5603,74.7490,98.0124,153.4190,188.0060,156.6890,118.3690,89.8633,81.3052,74.0490,71.2307,34.2329,100.6220,114.8240,117.6180,108.9280,91.4600,76.3583,50.4278,54.4147,91.4072,105.5610,129.6580,153.6160,169.8880,175.0060,185.6580,148.0270,74.9454,56.3626,77.2676,154.6860,221.7030,230.2500,221.4330,226.2320,216.7830,170.8390,123.8510,105.6330,92.0530,87.2528,93.0458,124.6360,150.2830,147.4080
50301.0000,35452.3000,24283.5000,37365.5000,45254.0000,33921.6000,25852.1000,21995.5000,19095.6000,16634.5000,12435.0000,8664.7600,7244.3000,6859.1100,5014.0700,5090.6300,5872.6600,5549.8300,6229.9600,5903.7400,5014.3500,3668.7900,3260.4100,2830.8700,2301.4900,2002.0600,1573.6000,1395.4800,1375.8500,1140.0400,887.2670,734.7030,613.4070,350.7380,237.8490,254.7070,134.0170,66.1386,129.6410,193.0750,305.9750,574.0530,1008.6300,1301.0300,1709.5200,1889.0400,1612.2700,1289.6000,1018.5500,606.3120,439.4060,649.7770,757.0070,685.5970,684.8650,682.6090,685.1620,535.2570,501.7500,557.8530,554.4330,557.3460,528.2450,273.3520,291.0970,466.6050,1039.1000,1332.9400,1296.2500,1484.8400,946.8050,562.6390,262.0340,248.4280,204.5970,442.4780,383.1120,346.4850,356.4980,509.1980,629.3760,521.9140,309.6650,299.1190,514.9940,510.3830,302.9320,320.2100,680.1260,783.5840,770.2380,670.1300,559.7920,411.7230,348.8360,335.3180,219.9300,138.3840,195.4590,340.2700,544.2340,566.6650,402.7730,289.9630,370.3120,527.8690,574.2140,585.6960,500.5850,420.9020,388.7190,310.6940,218.2390,131.0040,66.0873,40.4196,117.7960,180.5450,209.2520,221.0300,222.0270,245.1360,195.5100,275.7680,378.3710,401.7560,427.6950,466.0100,504.3840,520.0290,480.6470,416.7690,422.3490,207.4290,175.8710,27.3711,101.3800,163.9310,182.7810,258.3060,358.4360,372.2490,358.0670,333.5970,294.8170,218.5920,156.6250,159.2210,175.0900,136.5810,101.8290,116.6290,135.4100,130.7960,40.3745,78.3792,172.4630,199.2150,169.9640,132.3400,115.2670,131.8610,169.4890,195.1970,253.7410,330.8490,341.2430,283.8300,223.5620,158.1830,108.2560,90.6794,107.4020,112.6120,203.4280,263.0140,265.4600,285.4250,292.6350,272.2920,225.3290,232.1750,306.8970,346.1570,383.4280,322.0780,218.2550,131.0880,57.1918,103.5580,179.0570,217.7100,283.3110,272.0100,223.0270,264.5850,126.4220,135.9930,48.8159,88.9925,74.8100,89.8750,67.9826,77.5829,89.0935,85.9414,83.6661,94.3793,119.6810,162.6880,189.9560,154.7560,106.8730,59.9282,24.4185,40.1525,32.4714,24.5987,84.9398,168.6610,190.0600,183.7110,150.9700,93.0838,39.3753,74.4145,144.7920,187.0160,138.6450,88.1658,40.0761,58.7238,145.1000,242.1110,275.6740,278.8020,277.2730,257.2490,263.0700,249.4000,209.5130,185.7410,212.3090,257.8810,262.2560,235.5470,169.5530,154.3480,192.8510,177.4200,103.6040,69.5294,75.7305,72.8101,51.7276,74.0511,87.5742,141.6430,173.9280,149.0840,108.5420,86.8726,78.2509,72.3047,52.6185,53.7867,87.9311,111.7650,128.8330,134.3960,103.0310,83.6796,99.0079,113.8000,140.6220,151.4630,168.4300,165.6040,162.9390,161.1890,162.9640,120.3510,34.0078,57.0666,104.2000,170.5290,221.5590,237.3020,244.6880,242.3740,224.2290,181.5400,148.3100,137.0340,116.6790,90.1347,89.9611,124.6710,137.8980,153.3970
50051.2000,35461.9000,24259.2000,37316.2000,44870.6000,33317.0000,25418.3000,21694.0000,18845.6000,16279.1000,12326.4000,8637.5600,7125.6100,6884.6100,5085.9600,5099.5500,5915.6300,5596.2700,6279.8500,5965.6800,5049.2800,3668.7800,3256.3500,2819.9000,2256.2200,1975.6700,1544.1700,1332.4200,1323.8100,1069.3200,835.8470,670.4340,551.4420,283.0710,176.1840,202.9030,88.8951,63.9373,146.4250,209.7690,320.3430,578.6050,1008.2200,1296.5600,1688.1900,1866.8600,1588.7700,1270.9300,1006.7000,605.0150,425.1700,628.3010,750.7860,692.6970,683.2520,670.1620,655.5490,540.0460,520.3720,561.6700,555.7850,563.1540,518.3820,210.6470,324.3900,509.1150,1038.3000,1310.7900,1264.1600,1452.9100,941.0640,560.5490,262.9590,235.5780,232.4210,474.0210,420.8220,390.4730,445.0880,599.5050,734.4530,608.9620,375.0740,367.5960,554.9430,518.7990,310.2760,329.6830,676.5540,777.2760,747.2040,614.7460,468.7610,387.2650,372.2870,336.7790,213.3060,81.7363,152.7490,340.1050,535.1520,553.0440,391.2010,293.0350,409.2650,557.1070,594.6700,612.5230,546.8150,456.4520,390.9730,313.2660,228.3230,137.8540,65.9074,43.4727,118.1760,189.8960,238.7840,262.9410,269.2190,297.8030,247.2000,289.8460,402.9850,411.5990,435.4990,475.4650,517.7310,530.0310,495.5260,424.1640,446.6120,214.5910,225.9180,36.5945,119.3220,171.9590,207.3770,297.6760,388.1100,391.9640,370.9370,342.3340,287.5010,223.5980,180.0410,160.5680,162.4920,139.0190,114.0820,116.1320,132.6730,121.8820,40.9417,85.0338,177.1460,195.6030,160.1720,142.1630,154.1790,181.5390,222.0450,252.9190,310.1280,360.6180,353.8670,296.4810,225.1230,167.8750,117.2140,99.0294,99.8468,88.4519,182.2040,259.5010,270.6520,297.8520,306.1930,272.6620,199.3870,219.9630,318.6040,358.3060,391.7040,332.9660,234.9320,146.2010,71.2909,114.7790,189.4650,237.1860,328.0330,293.2180,248.7730,252.1010,116.1430,115.4610,54.1226,105.7130,101.9490,117.1850,93.1063,41.1812,30.5382,33.4373,46.2355,71.5434,118.0520,180.7440,233.6710,189.9610,130.4070,87.3880,56.1393,66.1326,85.8437,47.0284,48.6753,111.6730,126.4390,123.2760,105.9480,88.9719,20.7014,105.9940,165.1490,225.5390,208.6000,126.2700,85.7983,98.5609,189.9050,282.0490,322.6600,326.8470,306.6600,283.0240,257.4100,241.4890,236.0280,234.4790,258.8910,309.1170,313.9890,292.9700,241.3560,219.1450,203.3830,140.7360,86.3477,98.1091,108.9090,86.8648,67.1945,64.4370,84.1848,124.8980,177.3430,165.7320,122.5350,98.3783,83.7562,80.6552,57.6197,61.1069,90.0739,104.1120,117.3490,119.4660,94.8922,78.8537,84.9074,94.8335,122.0880,136.9900,162.4820,184.6010,160.9520,142.7970,145.8550,118.0790,63.7206,84.8888,86.8934,146.9760,168.0380,168.8750,162.6660,160.2500,149.2000,118.9290,101.3830,94.7002,84.3640,68.7184,72.0052,119.7600,144.2710,160.6530
49416.3000,34896.3000,23645.7000,36469.6000,44250.3000,33048.6000,25170.4000,21620.4000,18749.5000,16409.9000,12404.7000,8608.4100,7146.8300,6841.7900,4980.5200,5041.3500,5830.9400,5488.5200,6206.1200,5909.3300,4973.2700,3582.1100,3197.5900,2813.6300,2280.8900,2022.3900,1579.2700,1353.3400,1365.6400,1102.9000,880.8060,680.6770,556.9520,320.9180,237.1340,251.5710,142.4450,143.1060,227.6670,276.5890,395.2380,665.6250,1103.5900,1394.0700,1736.5500,1881.4000,1579.8200,1239.1000,960.0710,564.8350,398.5640,585.0790,693.1650,648.3290,652.3560,661.2780,654.4350,536.1170,530.6860,583.9450,592.6620,646.5380,613.7580,288.8620,398.1630,483.6450,1013.1900,1298.8100,1244.2100,1459.8000,949.0450,559.8800,241.5840,231.7290,262.9860,491.2690,418.7880,370.9810,425.4360,563.4500,694.7230,589.8010,357.7520,345.1760,543.6850,521.5660,309.8900,365.5650,702.4760,798.0520,765.1910,629.2990,452.0750,350.1410,368.6920,335.1710,185.6760,85.4919,167.7110,350.6110,537.1870,543.8270,389.6540,287.9690,395.3660,548.1410,581.5550,597.8490,529.8910,483.2080,420.0410,300.5960,205.6150,113.3760,45.3847,44.8478,108.1620,189.8910,245.7870,257.6890,256.2490,273.8470,236.4820,270.1370,392.0060,401.8060,421.8240,461.2820,511.3560,548.6750,498.6030,416.4190,423.7510,207.5100,222.3910,37.8449,96.1189,139.0340,170.4660,265.5720,392.3300,410.9260,383.7870,348.3710,301.1310,231.7530,170.9810,167.9650,173.0960,125.4410,101.2900,122.1060,122.3100,104.9350,58.4860,99.7664,159.1020,144.2930,117.5830,106.2470,113.5320,160.4010,196.5390,254.3510,296.3520,347.6920,348.6580,277.4510,206.7900,131.8730,76.2593,52.8030,69.5259,80.7228,189.3910,260.5870,268.8360,295.5980,299.3110,263.1990,200.9050,217.4860,301.2470,336.8940,365.1580,314.3870,228.1580,146.9840,70.7553,93.9188,174.7140,224.5450,312.8910,294.9680,236.7390,253.5650,110.5040,121.3650,67.1788,124.6270,116.3770,103.7880,75.3141,18.8416,24.8492,38.8133,44.3407,66.3766,120.1380,176.3880,198.2640,161.0020,111.9220,66.6076,26.5517,27.3405,25.1673,31.4877,88.6828,159.2520,162.5780,142.2560,99.7734,76.4077,37.9239,91.0198,161.6590,215.4810,197.5700,134.5620,52.0286,43.8236,137.2760,232.6970,284.6260,286.5100,281.2830,259.2180,272.6590,263.0070,222.1890,201.6550,236.4010,286.2620,279.7980,250.4060,203.0950,170.6830,172.4030,144.4620,93.5064,78.2217,78.5258,64.8412,63.5401,55.0749,73.1511,103.6330,139.5270,136.9600,98.8208,75.8823,74.6396,78.8261,74.6692,52.7986,92.7482,101.9160,113.5470,119.3870,121.7880,104.8440,92.8962,107.8200,137.3010,144.1070,155.3950,156.6140,147.0150,137.1400,155.1600,127.6430,83.6286,119.6370,115.2490,159.8310,168.7060,165.9130,179.8090,180.5860,169.8760,132.0080,108.1310,104.8630,92.4357,78.9927,96.2676,142.1410,160.5760,154.5670
50181.3000,35322.7000,24151.2000,37174.1000,45056.4000,33799.3000,25764.9000,21975.4000,19059.2000,16638.4000,12478.0000,8680.8700,7216.8700,6851.2900,5029.2300,5084.9400,5857.8500,5555.8800,6229.9100,5886.5200,5002.6900,3661.9800,3277.0400,2855.3900,2336.5400,2034.1400,1583.7100,1400.6100,1390.6600,1151.0700,896.7130,726.5410,592.6920,354.8740,255.6060,258.0370,140.1170,103.9590,190.9930,234.2130,320.7340,604.1060,1055.7500,1354.5700,1742.6300,1910.1900,1616.7300,1282.0300,998.1470,605.9200,435.9600,618.5790,743.2970,669.6290,638.3090,618.8230,617.5250,514.1490,505.8520,578.7110,604.1110,635.0720,642.2240,358.0080,335.7210,420.4290,991.6290,1301.3900,1276.9700,1493.3000,974.9430,578.4420,246.8600,236.2710,272.7340,496.8700,421.7910,389.3240,452.4930,589.9710,699.4420,584.4360,358.1640,335.2670,522.3520,494.7420,292.2030,374.3180,712.8200,794.7050,758.9730,611.1900,427.5830,317.8210,339.1520,308.8780,144.7350,99.9509,184.5540,354.1680,511.4990,513.8070,366.5120,278.1090,401.6150,541.8740,571.2320,571.2130,504.3760,446.1650,391.5150,297.8500,200.7540,105.8100,40.3518,81.6733,129.9390,182.2540,244.5870,269.8720,268.5860,271.3540,221.2990,255.8300,381.9410,404.2780,431.9860,502.7560,557.2920,565.2800,513.8310,415.6660,417.6900,195.8640,197.7240,27.0342,84.9928,142.8890,171.0280,258.3000,381.4780,415.7090,386.9290,347.3860,293.2430,236.3100,157.0850,120.4960,147.7030,132.4160,110.2820,127.2090,117.4870,82.2566,70.0112,122.9910,179.5990,164.5490,130.0640,117.5840,120.0560,146.5600,187.2630,235.6850,281.9070,322.9730,340.3400,288.2910,224.0080,147.1200,72.9760,41.8694,57.2877,62.3228,166.2000,225.9300,237.7720,270.5010,278.4730,233.5310,181.0900,215.8830,291.8510,326.4240,356.1220,308.7190,207.5270,119.6220,41.8258,112.2930,206.4640,261.1640,353.6430,341.4000,266.4050,268.1990,111.7860,104.8100,67.8172,121.1830,105.4140,84.5518,51.3700,25.6740,59.0923,56.1326,65.2974,139.5750,211.2730,280.9590,307.2060,232.9890,134.2540,63.0025,31.6686,64.7826,76.8730,45.2312,47.9237,144.9470,157.5950,150.5650,117.9000,88.1620,37.2269,87.1527,155.9630,207.1570,207.7550,149.2120,67.4270,54.5237,146.9360,238.4940,285.9380,292.8890,289.6110,265.1260,266.3200,253.1620,228.4700,222.1970,265.9220,309.0970,295.3680,252.8690,196.9080,173.0250,176.6380,147.2420,95.5329,85.1365,98.8009,96.4774,92.2912,63.4203,76.5007,109.8880,157.1580,134.3940,96.6231,75.9512,78.8517,96.1888,78.7485,73.5245,103.1470,104.3060,107.9280,107.6450,106.5460,89.8615,67.9398,82.9352,114.3840,122.7320,145.9780,156.5060,156.4290,159.1630,178.4710,133.2080,78.7137,92.0490,101.6720,150.5220,176.9750,184.9160,182.2870,174.7650,151.3500,107.0600,100.8750,123.6540,109.1430,90.7312,92.1894,118.8150,147.9440,150.9700
50153.9000,35491.9000,24370.1000,37531.8000,45060.2000,33449.4000,25509.0000,21775.7000,18926.2000,16363.0000,12356.1000,8645.0000,7149.0100,6906.9600,5110.3500,5117.9600,5913.5900,5588.1400,6283.0500,5988.9000,5080.9600,3703.3100,3278.0600,2849.0800,2290.3000,1996.2700,1571.4500,1347.3600,1326.2900,1085.2100,862.5260,679.0080,533.7990,306.0970,226.1550,225.6650,103.0090,96.6748,183.3090,237.7040,353.0600,624.7740,1053.0900,1335.7800,1704.2100,1877.7100,1590.3300,1256.9400,984.9480,605.8530,429.3380,592.3360,720.4860,689.7200,672.8810,653.0740,625.5100,514.6330,501.5710,541.0440,542.3740,554.2940,548.8040,274.6920,314.2540,447.0650,993.2870,1309.4000,1292.8000,1512.6300,988.0540,574.9740,254.0470,223.2160,240.6260,472.8560,412.4860,368.9570,391.0150,537.2430,669.8900,576.5810,354.8080,317.9840,498.4650,469.5020,264.7160,337.9550,708.9610,792.5830,759.8180,626.0450,477.2240,354.3260,343.8470,330.5860,177.0530,140.8800,197.3490,362.4370,504.9110,483.4050,352.5430,282.2660,383.7140,520.9250,556.9100,574.1150,518.4420,456.7690,394.5210,293.8810,196.2550,102.0580,32.7766,66.5292,132.7340,184.8910,204.6290,223.7700,225.4580,245.7500,205.5300,262.0430,380.8760,395.4980,411.9460,472.9050,532.8180,571.9480,527.7120,418.5920,425.4080,193.2380,210.4170,30.3826,68.7313,127.8800,166.9440,272.0620,382.6680,408.0820,384.2150,350.3650,296.3370,236.8980,158.9550,108.0430,116.8100,106.4240,89.1467,112.1920,99.7137,70.4361,58.2710,110.4000,170.5430,158.6470,122.3390,110.6970,131.6220,167.7270,198.7340,232.5090,272.7450,325.8910,335.4110,279.0590,213.6230,141.2670,59.1756,35.2143,56.2895,45.7154,159.2600,215.0040,236.5250,271.9690,294.4760,252.0140,199.0700,238.0410,310.9310,341.3390,371.6430,337.9020,236.6110,139.1940,90.4451,114.0590,231.1090,233.2080,285.8740,255.3250,141.8590,188.6800,127.5580,162.4930,78.1791,94.1306,66.8286,63.4634,50.0186,26.6611,26.9963,30.2743,9.8796,51.6912,86.9146,130.6180,170.0470,114.5410,95.5743,73.6010,80.7357,91.9301,69.1313,66.4775,136.0940,219.2640,209.9730,172.2580,107.5670,47.4549,39.6344,137.2410,204.7960,257.3680,223.9110,121.0960,56.3443,62.3265,152.3880,251.1230,301.6520,294.2380,278.2300,247.3670,223.6430,190.2800,178.4130,185.8770,218.4260,255.2930,247.6700,246.4780,219.3940,222.3250,244.7390,229.4650,163.9170,116.9270,110.3020,110.4010,104.8780,90.0711,95.4006,124.2940,150.4170,133.1140,96.1634,77.4268,70.8714,77.1102,72.2611,58.8846,90.7291,107.1780,122.1280,132.2530,119.9400,88.4057,82.3229,102.3390,116.7210,123.9600,139.1770,161.9000,151.4800,135.5630,126.6690,110.8080,44.1368,110.6710,132.8830,192.3270,190.9200,188.3450,197.1360,189.3760,168.4030,121.8920,93.0440,86.4673,77.3014,69.7845,90.9923,138.3560,161.2980,159.0810
49381.1000,34913.8000,23644.1000,36515.0000,44259.8000,32991.2000,25133.6000,21570.9000,18695.8000,16301.9000,12359.7000,8587.6900,7081.0200,6810.4000,4956.1800,5001.7700,5833.7000,5489.2500,6194.3000,5924.4600,4988.6400,3597.5100,3222.4500,2836.0900,2286.4200,2012.3500,1569.4400,1348.5500,1363.9200,1104.9300,909.4780,708.7940,580.8880,349.0880,282.0830,288.2100,164.6720,142.7360,219.4220,266.8350,374.9210,650.1460,1088.5500,1386.8900,1731.8000,1915.1100,1619.1000,1259.1100,962.9240,566.9220,426.1670,611.0830,718.2940,674.5100,666.1010,661.3890,636.5240,506.2990,499.1330,543.4870,535.0250,547.0700,504.7800,196.5030,375.0680,567.3280,1104.7500,1373.5400,1283.4200,1473.5200,932.0810,528.9440,208.7370,229.4500,243.2610,450.6410,411.7630,404.3990,473.4680,635.1100,770.9530,641.7590,403.9050,368.4770,526.5670,482.1300,281.0240,328.4750,701.1820,802.8270,781.4900,656.5930,502.8850,361.9440,360.6950,372.5850,219.1150,119.7860,147.2610,318.7720,459.5730,446.5460,304.2830,231.6900,349.0210,501.5340,545.2530,562.9910,491.4500,426.0180,390.6720,295.7050,189.3770,100.4530,37.7893,97.4939,154.1560,188.5940,220.3090,254.3280,267.4430,303.7910,257.1070,284.4730,386.3960,393.0530,421.6910,481.1090,532.9310,567.7140,508.9130,405.5420,419.9190,209.1850,237.1260,46.6838,65.0088,127.2880,152.7200,258.5410,392.7400,410.0230,387.2390,354.9940,318.4260,237.4720,133.2180,112.0050,156.1510,143.7100,104.3450,96.0723,91.9568,79.5682,41.1932,63.7361,104.5490,101.8930,88.3420,94.8441,125.1910,178.7000,212.2400,274.3610,327.8480,374.2840,359.4040,294.9040,233.9690,174.2220,91.5168,41.3874,73.4717,71.9725,148.6880,205.4900,219.8160,264.6420,283.6370,244.4770,179.9150,193.0530,266.7060,319.4820,362.8660,304.1440,189.4200,98.7021,84.4842,210.2080,294.0140,324.4590,353.7930,280.7080,160.0620,187.8600,130.0010,167.1200,75.1338,79.3254,58.4966,97.4211,120.3500,84.3516,67.5214,49.7507,84.8907,142.5970,177.7670,195.7130,225.7790,156.4410,75.1428,43.4342,37.8346,80.6588,81.7198,35.4112,64.1641,163.3740,160.4020,130.4780,88.3464,57.3821,40.5526,117.9110,176.5390,212.1880,163.7620,76.2914,33.4183,72.3672,151.6920,227.2570,271.5780,274.9930,262.2940,233.1860,208.2120,169.7130,142.0730,143.3840,182.6860,237.1610,243.2410,224.4430,186.2980,196.1040,215.9700,166.7900,107.3970,102.0390,98.9497,86.3213,78.2084,69.6079,83.6416,119.0190,154.3840,145.5730,113.1050,92.7936,73.9703,80.6349,78.2566,65.7496,89.9002,96.0189,104.0590,110.6810,115.1830,110.0590,94.9110,80.5215,93.7021,110.8990,137.9610,168.3020,165.9010,153.2230,159.5360,151.7790,73.6653,90.6442,111.9780,181.9380,207.6930,202.2050,206.7480,198.1960,173.7120,119.7520,85.7614,100.2240,118.7070,97.5940,90.5932,127.1660,140.3990,126.9200
50089.1000,35250.6000,24053.8000,37011.6000,44934.9000,33778.9000,25747.9000,22022.2000,19080.1000,16713.5000,12530.2000,8680.7500,7238.6900,6887.4100,5042.0000,5085.5000,5865.1000,5587.4600,6278.0500,5927.2200,5001.5300,3638.0300,3268.1200,2880.1100,2328.0600,2038.1000,1584.5700,1357.1700,1360.1600,1093.5400,889.4720,676.8350,532.6200,318.6310,255.8800,261.3780,162.3020,138.4400,206.3280,269.6780,383.9450,659.9960,1100.1200,1380.6400,1722.6300,1881.8400,1590.1100,1249.7600,971.0180,571.9630,404.1800,596.5920,716.9550,668.4320,666.4780,662.8770,651.1970,516.0900,493.2530,525.4000,506.9240,505.9360,450.8430,172.2500,299.4710,524.5670,1042.8300,1331.8900,1261.8900,1464.8000,929.9480,563.1600,265.2960,203.7390,206.5500,449.1090,429.3350,425.5370,505.5110,671.0950,807.5860,696.1580,467.6490,415.3020,557.9610,498.2180,284.6880,341.5510,731.1470,828.4170,796.7340,658.9280,502.7040,409.1970,395.6350,346.3690,187.5760,78.8195,158.4660,320.2020,458.9960,446.8240,303.4240,228.4670,346.3350,496.8310,542.1730,579.5210,521.0400,458.5500,403.6300,301.4080,196.6700,94.3829,24.3209,94.6527,151.9440,210.3560,235.1130,238.5040,255.0970,297.6300,263.0190,279.1820,370.3760,375.1890,402.0520,462.2160,521.6780,574.4050,517.4350,428.5930,453.5200,233.2330,239.7980,39.3574,84.2770,164.8050,205.3650,314.1760,420.0030,431.9110,431.2920,416.4200,395.6070,291.7710,159.8570,105.4250,103.7020,98.5020,102.6930,122.9260,119.1250,107.5550,50.7232,61.2515,116.2630,110.5960,80.7354,98.7871,138.2160,166.2070,206.9770,239.9280,255.3370,286.7310,309.8650,287.8270,303.1040,283.4150,202.3810,175.0230,114.0540,79.5884,168.6010,250.7390,243.7430,265.5720,242.3130,159.9210,102.7240,181.4380,273.8310,316.3640,368.1390,305.8070,212.0820,140.9810,57.3610,122.5830,188.3250,228.2450,286.4170,247.5830,175.9340,174.4090,92.2698,115.2680,93.9513,147.7040,133.0540,126.9310,103.3200,72.1785,56.4077,44.0490,40.5996,80.1775,117.0020,159.3580,201.9490,143.2760,78.9865,43.3578,54.3076,83.5685,74.6607,52.2070,87.9847,138.0430,132.2370,121.1480,88.0563,69.2792,45.0980,101.7270,171.2090,238.7650,214.0000,139.9210,98.5865,92.7825,147.2740,228.9500,258.7390,262.3920,256.8980,236.3990,186.7040,147.4640,134.0740,144.7950,190.6560,242.2140,244.1940,231.8730,196.8340,167.9050,168.8590,156.2000,122.0820,106.6250,101.8480,99.3592,94.2487,84.5965,81.3129,89.3470,115.4630,85.2717,49.2901,47.6329,54.6026,55.3489,51.1064,46.0534,82.9345,88.5445,99.3339,111.0650,112.8090,66.5205,38.9062,75.5929,98.7901,94.6087,111.1490,130.2050,148.4490,167.1070,187.3230,185.5810,116.9690,47.1459,52.5612,132.0860,180.7190,174.6550,166.7040,163.3100,141.0970,114.5920,122.0310,152.9630,132.5660,96.3685,102.3170,129.7430,149.9450,143.3220
50375.0000,35589.6000,24384.4000,37565.7000,45223.0000,33642.0000,25641.3000,21856.2000,19001.3000,16463.1000,12388.9000,8673.1200,7232.4800,6946.6900,5118.1400,5129.5900,5892.7000,5571.2100,6285.1500,5981.3800,5077.4100,3705.1800,3267.8600,2833.9900,2307.5500,2010.3500,1543.6900,1323.8500,1305.2000,1063.5000,822.8270,642.6850,498.9990,278.8360,214.4330,217.6740,94.5978,78.8607,155.4690,213.9670,327.2920,587.8220,1024.8300,1310.7500,1677.9100,1846.0200,1554.6600,1231.6100,970.0550,587.2740,402.7540,594.1550,745.2250,700.2060,689.3000,680.4020,670.0320,538.4360,501.8700,537.7780,530.0410,521.9720,476.8520,186.5950,315.6130,535.5410,1062.2300,1344.2000,1259.3700,1439.6100,903.7260,515.9460,216.9680,220.0730,247.3960,491.5860,445.0740,434.7100,492.4030,658.9400,770.5940,651.1100,449.0560,383.4570,500.5850,448.3260,264.3710,383.7620,750.0840,828.2470,802.4430,665.7230,496.6350,360.0470,336.4240,299.2890,156.5940,89.1066,162.1800,330.8510,451.8620,380.2910,224.6440,150.4610,305.0660,450.7680,508.4040,537.8240,487.0330,431.9530,388.5090,288.1400,182.6100,90.8808,33.8158,79.9615,147.4180,198.2530,218.3240,237.1960,242.9230,274.4810,223.5770,292.1650,396.5420,410.8170,439.1610,505.4210,561.8300,591.7520,511.0270,410.3530,421.0690,208.2890,234.2870,42.7684,70.4783,153.6820,207.4320,323.0330,417.7620,448.0940,474.3790,468.9320,447.4990,320.9400,178.4370,153.8360,179.8450,140.4510,132.0440,184.0000,175.1640,153.8080,145.3110,194.3730,229.8330,195.2240,191.2770,244.7980,342.8490,448.4390,485.9670,561.0460,591.5250,608.8540,577.8650,482.2610,364.2900,243.6520,86.6233,54.4915,66.9910,39.3696,104.0020,194.5340,249.0570,284.8860,291.4780,264.1500,228.8330,260.5950,340.3530,363.8240,386.9450,314.2580,179.6960,74.9722,38.9729,165.5450,217.3980,209.3710,240.6430,191.3990,186.4580,210.3970,114.2480,85.5051,68.6302,133.7670,159.5020,174.3940,138.4220,72.4430,64.8112,79.6338,51.6683,73.4090,105.5430,165.5920,226.6720,166.8680,108.6470,51.6829,27.9037,65.1459,64.5967,37.8877,45.9229,100.5840,107.9410,97.4696,66.2457,32.1838,40.2632,110.5940,158.4700,190.6680,164.7990,106.4150,41.7327,36.3194,112.1860,190.7550,260.4670,284.7990,284.6230,262.5040,208.3310,160.9190,130.0480,145.1210,201.4200,248.7770,249.0220,228.9710,192.1470,188.2940,219.2490,201.2310,155.7260,143.6410,122.1300,109.3900,98.1101,102.2230,84.7340,78.0028,82.4638,88.4243,69.7154,51.2540,52.7603,63.7250,77.4190,91.3969,135.8400,147.1830,143.1630,137.0280,119.1810,76.9779,58.7280,70.9132,77.7645,81.1527,91.0747,130.6920,164.1610,175.9000,203.8080,196.0410,104.6480,58.2668,59.8512,131.0410,169.2060,194.1800,200.7760,193.4710,168.1370,129.2790,126.3610,149.3870,138.3600,112.4800,108.8730,139.0300,169.4260,164.8330
49484.7000,35009.8000,23766.1000,36649.5000,44282.8000,32946.4000,25118.9000,21542.7000,18687.5000,16237.4000,12304.0000,8558.6900,7059.0600,6797.2300,4939.4700,4992.5100,5832.1500,5476.7000,6175.4400,5902.6700,4973.7800,3593.3000,3208.9900,2802.2400,2247.9300,1987.4700,1559.6600,1338.8800,1353.0500,1108.8100,915.7960,722.7180,552.6850,302.6240,247.8250,253.6590,131.7670,134.8490,213.8700,248.6290,361.8600,640.2510,1072.3200,1353.0800,1707.4400,1858.4900,1562.7100,1221.8900,942.1690,550.9480,409.6010,593.9810,689.2720,658.9190,666.8140,667.2490,648.1840,521.3390,494.4300,535.8900,543.6740,552.0080,538.0250,255.7920,327.8390,474.5790,1018.7400,1304.6200,1240.1500,1417.9000,893.4810,517.1180,229.1990,213.5870,227.3260,483.3080,439.8220,405.3300,413.2070,576.9310,706.5610,600.7480,417.5960,352.3280,429.0580,355.6220,210.2690,384.8040,752.4110,831.2760,818.9050,696.8230,489.2880,300.3890,299.3520,305.7950,156.4360,70.3201,141.4460,272.0340,375.3270,332.0670,204.6460,147.8650,292.2160,446.9760,511.7700,545.0550,496.7580,441.2150,395.5850,301.2240,194.7570,104.7800,21.1875,81.0700,117.0280,172.6850,196.8980,201.1970,200.0730,226.8570,190.0930,281.4150,369.6190,383.8830,423.7380,489.0320,543.8810,569.5060,491.9950,381.4730,383.2970,191.7780,199.1140,45.7681,100.2930,180.8010,205.6900,303.0190,403.6370,418.6040,443.2660,438.6590,424.7890,298.0680,177.0880,168.6660,188.7820,190.6760,174.7020,133.6050,85.2963,32.3755,110.3780,161.2580,215.9380,208.8820,202.0910,280.8600,345.4110,336.8720,323.4960,278.9420,298.0790,376.6180,426.4920,368.1610,274.6360,183.5150,102.9470,94.6845,120.5110,90.6350,187.4730,243.4380,251.1130,277.0060,289.6670,257.3530,201.1880,228.0050,289.9240,302.6150,299.5250,217.7590,121.1730,57.9001,37.7320,124.7710,172.8040,180.2010,230.1520,217.8450,176.7320,202.5910,115.2030,114.1680,51.9844,111.8860,123.5010,124.2350,103.3070,52.8284,58.8737,86.8374,45.6198,92.7601,117.4810,166.8820,221.4340,180.1010,105.5070,49.6213,14.4342,32.5951,65.1825,59.0546,70.8480,112.4350,119.1340,115.5700,88.7703,54.3400,50.1659,143.7410,205.6430,262.4600,236.6190,147.6670,76.9045,72.2466,128.5250,230.9000,296.1410,301.0530,288.0310,260.6500,222.6600,194.2170,179.6980,160.0470,195.5270,265.9790,267.8580,240.2120,184.9560,192.7150,229.8570,199.7340,157.8260,147.5800,125.0680,121.5820,116.9380,121.0610,111.4840,110.0200,109.5500,131.4510,105.7090,91.2769,88.7056,109.8800,103.4250,118.7520,141.7510,134.4520,130.6320,125.1770,106.9600,72.7930,54.0614,69.2682,98.3158,106.9130,133.3850,165.5710,194.4840,201.4620,218.6960,209.5310,124.1720,47.2173,68.5985,128.7520,146.4250,154.7820,146.0940,130.4470,110.3750,114.6300,142.0400,157.9210,147.9340,106.5180,93.4988,133.4460,159.5530,154.6420
49910.0000,35117.1000,23897.4000,36824.7000,44735.6000,33592.1000,25608.7000,21961.2000,19033.5000,16677.5000,12531.4000,8683.6500,7224.6700,6882.9300,5047.4800,5103.5700,5868.7900,5566.8900,6274.4100,5938.5900,5016.6600,3633.1000,3255.0500,2848.5500,2309.7400,2019.0300,1556.1300,1353.2000,1367.7800,1101.0000,885.7940,695.3100,553.9830,306.3040,240.7710,270.5500,182.2890,165.1630,219.9230,249.3620,348.0140,632.2950,1083.6900,1372.9200,1721.3600,1864.9700,1551.8700,1214.3800,939.1770,559.9470,387.1210,569.9400,693.6010,646.9910,647.7040,648.9410,635.9780,499.3040,479.7160,516.3990,532.7430,556.5140,571.0070,312.6390,279.4120,454.0250,1032.1100,1338.4500,1301.7400,1475.5400,929.2400,502.0440,192.1330,254.9810,246.8860,488.9700,444.6410,408.8080,419.7240,592.1380,752.9520,669.0140,481.0930,379.7100,410.4580,344.2580,201.6230,362.1960,768.7560,860.8590,850.6510,696.3470,499.7930,351.6690,321.6690,299.7510,183.8480,75.8959,106.7330,242.2370,367.3020,337.2150,208.9170,114.7310,264.6650,466.1710,540.8200,580.0990,522.6060,449.0970,405.4240,299.9910,190.7000,92.3754,21.7148,90.7479,141.5160,177.8120,197.3250,196.5680,210.7840,251.9470,221.0200,320.7870,402.7860,405.3200,437.6990,491.8710,535.4640,546.7070,469.2130,358.4330,380.2980,221.6090,228.8020,61.0053,71.4956,127.1150,190.0670,352.5240,477.9850,513.2630,533.4680,506.4390,447.1940,300.7430,252.8510,344.3230,386.6600,275.1000,154.9830,116.8490,115.7430,99.1951,68.1302,100.5490,134.7210,143.2730,150.8800,176.7670,201.5240,215.8320,226.5170,260.9460,291.8160,343.3620,385.4650,345.5950,272.2490,187.5010,91.1934,73.1272,97.3315,86.7413,196.5630,236.2680,265.9540,287.0340,287.1150,268.0800,230.9320,233.1080,294.9410,317.1980,337.4210,276.6750,169.2950,100.4190,65.2914,89.9239,146.4930,145.2360,223.9340,205.6820,244.5690,251.5420,130.7270,108.1050,84.1061,137.7230,140.5620,139.8080,119.9550,71.9662,43.7619,50.6239,50.4744,46.7750,97.5726,168.0230,218.5840,158.1930,112.4610,74.1146,59.9144,34.9968,40.1720,57.8774,116.7520,162.9810,136.4340,100.4270,53.4250,30.5290,84.1965,179.9790,231.7560,258.7960,206.0140,131.5950,48.2419,67.9558,173.3800,276.6200,330.0100,323.7020,301.7300,260.8320,226.1120,189.0340,136.9720,143.4220,199.8900,227.6330,216.1290,197.3920,162.6120,157.3140,185.4660,176.7370,118.4800,85.9641,83.1239,81.0031,81.6710,78.3530,78.0715,98.8505,119.4510,115.2280,90.4629,83.2858,99.2483,116.8460,119.9840,70.4724,78.2984,66.5347,89.2430,99.1437,102.3180,71.8488,55.0230,64.8018,69.5387,77.9077,99.1897,140.3620,175.5510,184.3660,202.8680,194.7300,113.6520,38.0268,64.4279,140.2080,169.9990,174.6410,181.2300,175.3550,156.1800,150.1650,175.3990,206.3350,200.6320,160.6530,129.8900,152.6410,194.9370,196.3170
50388.2000,35567.1000,24424.4000,37542.8000,45211.4000,33750.8000,25761.7000,21905.6000,19036.0000,16497.4000,12363.6000,8626.8700,7197.5100,6861.3200,5016.4800,5072.9100,5862.2600,5547.3900,6217.5400,5854.9700,4976.1700,3648.2900,3239.3600,2790.2400,2276.0200,1984.9200,1535.2800,1334.2400,1296.7900,1079.0700,843.0660,689.7800,559.7900,328.9000,227.6310,207.7260,93.5439,79.3939,152.1810,190.0580,309.2290,590.9310,1011.3600,1285.1100,1664.9800,1825.6500,1529.9600,1214.5500,957.3840,589.1380,417.6440,606.9580,750.5090,704.2120,683.2450,655.9340,618.2070,496.1980,483.7830,529.3180,536.1770,544.0320,536.2940,268.1890,272.3720,450.3930,992.7410,1321.2800,1263.6500,1470.3100,928.3830,526.9340,226.0580,244.1050,229.1500,479.5440,434.2030,410.8320,429.1170,575.3520,690.9330,610.2880,463.2470,374.1260,392.7770,312.7160,189.7550,409.1760,782.5870,854.6050,836.6290,707.1430,513.9300,327.7830,299.9900,283.7000,168.0120,101.9600,139.3400,250.3760,370.9610,317.6600,179.5470,97.6139,283.5160,470.8170,532.0500,566.0330,511.8110,444.2870,392.1780,296.9160,192.4010,106.3350,27.9532,85.2052,127.7130,190.8880,199.3630,186.7590,185.4230,233.7840,206.2140,290.9480,387.8960,426.2470,462.1690,519.6460,573.9940,620.3330,535.9310,404.4000,375.2220,176.2760,201.2530,129.5380,176.8800,225.9600,321.8370,431.6370,450.6900,416.0970,421.5660,401.6310,400.8440,339.4870,234.9370,226.7730,207.5060,126.9750,101.8340,121.4890,101.6270,75.8802,99.1546,141.6280,165.6370,162.1660,161.4800,173.6390,191.7620,234.6160,259.6000,312.2610,351.6070,398.7760,409.6470,348.3770,265.6180,177.8380,80.0192,55.2893,69.8701,43.0810,162.3010,233.3620,284.5500,332.8890,348.8630,303.2740,248.0570,286.4760,362.4350,388.5020,394.9970,337.9550,227.3200,124.0460,70.2258,96.1386,152.8540,152.6490,169.7560,157.0690,200.6810,252.6520,194.1290,161.7000,30.5197,73.9261,104.9150,127.7130,107.1630,59.1968,39.4564,60.6050,51.2474,60.4959,70.6910,126.2400,172.2900,139.6260,114.5180,91.9284,104.8630,98.2848,100.7900,87.9255,109.2850,152.2610,122.5390,83.3936,75.2044,61.3558,75.1665,175.5580,233.8130,269.4680,213.7570,112.4780,78.3643,90.3975,182.7470,278.1610,329.1170,325.1070,300.9650,265.9150,245.1750,222.9170,201.9760,184.1310,214.1570,251.3500,230.8090,217.3150,188.7600,204.9350,219.7660,176.7420,117.6180,99.6206,76.3010,50.4484,22.1499,14.1644,46.4713,81.2844,144.0590,136.3340,98.9354,103.7170,126.4200,148.7640,128.4950,80.0418,81.8350,73.7944,85.5966,96.1336,103.0360,74.2101,28.1394,45.4280,81.9130,84.8537,114.6880,157.7590,184.7390,198.8070,211.5350,213.2570,146.5850,56.6339,79.9370,151.9770,155.3060,164.7470,179.9600,187.5700,173.3100,160.5290,145.5480,144.5100,145.6180,137.8050,137.9120,156.0170,178.9110,166.6280
49662.0000,35172.1000,23957.2000,36895.7000,44449.4000,33031.6000,25212.5000,21564.0000,18718.0000,16224.8000,12310.2000,8572.7600,7045.8000,6820.3900,4975.9800,4976.8500,5822.8800,5503.8600,6179.4700,5875.0800,4956.2500,3584.8900,3209.2300,2803.5500,2242.1900,1981.4500,1576.3800,1357.2500,1350.3100,1096.5700,898.4860,712.8540,583.9720,343.3460,246.0980,259.3010,149.8290,120.3350,207.4400,262.4980,362.3740,633.7010,1065.6800,1354.0200,1713.9700,1874.6700,1561.8200,1214.5100,927.7580,544.9670,432.2430,639.0700,744.5400,673.3680,654.2150,638.5610,620.1690,501.6780,479.9820,510.6260,512.3960,520.6780,511.6400,259.1470,276.3870,448.2450,1001.6600,1336.3700,1284.4500,1475.4100,919.3660,489.5520,172.1090,241.8450,256.5300,494.1630,446.8060,417.5700,404.4800,529.8520,683.4400,612.0430,425.3670,304.3500,339.1170,301.0840,191.2410,406.2560,797.3040,874.4810,856.3900,705.6270,517.9820,353.3740,307.7610,276.0360,164.0980,98.0330,159.2150,274.4860,362.8140,317.4730,194.5540,104.7640,282.4070,496.1110,563.0500,598.9670,540.9820,462.1460,409.0560,300.8360,184.3570,94.0680,70.6059,142.6510,199.5530,262.7030,279.3100,268.7540,230.9530,192.9060,151.9880,257.0710,380.1340,456.3210,519.3820,585.5760,585.9890,541.4600,465.9760,450.8140,435.3090,233.8790,164.6730,79.3479,162.8220,247.4670,300.3530,412.9320,494.1320,520.9610,535.9060,502.7920,469.6810,364.7350,237.0420,210.3520,207.8590,130.5110,91.4037,110.7180,89.2631,50.9062,68.9690,110.0780,137.8320,125.3090,76.1806,76.8666,144.3370,204.4850,236.5760,265.5800,299.5750,337.5490,339.8620,284.7470,210.3520,157.2360,92.8549,56.9533,64.2181,78.4845,215.8140,325.3850,332.5070,380.4410,373.8290,342.3090,283.1720,293.0020,363.1130,399.4190,413.4470,333.5890,213.8280,125.0440,73.0609,105.5260,161.5770,152.4150,151.0920,128.0610,153.1080,199.2090,157.7380,129.4940,22.7301,72.0856,102.7990,119.2420,111.7050,65.5792,35.6573,59.6982,63.6975,70.8440,90.2328,144.1980,204.7940,170.1090,150.8160,137.9210,166.0420,165.7470,124.8760,118.2320,119.6350,136.1890,116.7340,112.4230,119.3140,104.9470,129.8180,201.3010,247.0780,277.6290,237.1750,158.8150,113.4870,115.5880,151.5150,235.8880,283.8070,271.1240,246.1230,214.2970,189.8260,137.6820,101.6970,130.5990,198.5960,234.8890,213.1010,192.3050,197.1000,235.1360,266.8500,208.7230,147.5310,130.1840,118.3910,117.7950,120.8020,124.7690,112.8500,128.6160,133.4830,100.0310,79.8800,84.5656,97.7341,110.6870,112.7310,77.4273,103.2730,87.4571,89.6336,94.5617,99.9393,73.4080,52.2896,61.4199,71.9555,91.3761,124.0520,174.8060,207.6010,221.9540,235.4160,215.0820,113.0630,45.1153,77.1708,136.0910,164.8860,179.1280,160.1350,138.9240,119.9490,131.5880,134.7090,144.0890,168.1160,146.8800,131.7960,166.0960,202.0010,206.4380
49744.7000,35012.3000,23783.8000,36642.5000,44493.0000,33383.0000,25458.7000,21868.5000,18930.8000,16585.6000,12525.2000,8686.1500,7213.1500,6906.0400,5065.8000,5097.6800,5870.1600,5577.7100,6290.1700,5951.4900,5018.4200,3626.8500,3256.1700,2839.5300,2280.8400,2004.0300,1558.0200,1328.9700,1318.6500,1060.8800,864.3470,682.9030,544.3040,311.8440,250.9670,255.0970,124.3630,107.5590,192.4690,235.1410,348.8230,622.5100,1042.3200,1335.3300,1705.3600,1885.8400,1578.5200,1232.9000,949.7460,564.5820,407.9180,593.5510,714.5360,669.2980,665.6260,658.8000,642.3960,503.9100,485.6610,535.1640,535.4450,542.4240,527.8130,274.9530,271.9150,448.6570,1003.0500,1321.9800,1266.3600,1440.3900,889.6140,468.5490,164.7760,256.1070,255.4370,505.7710,472.9470,455.2050,474.1740,573.9890,703.0070,647.1330,452.0570,281.7920,334.0670,328.3600,202.7470,386.3010,789.8480,867.7510,849.3750,693.9680,516.7480,362.4400,324.5660,305.5920,200.2790,118.8330,136.8530,223.6680,336.1260,321.4320,199.6480,97.4449,278.7530,531.7060,633.5710,715.7500,681.5860,543.2390,419.9420,351.3910,296.6010,264.7600,186.7530,121.6030,137.1760,120.3570,70.7505,48.2466,114.2980,234.0430,372.4170,562.1670,645.1830,632.8230,587.9060,593.7420,588.7940,568.0460,414.0190,304.1020,253.3730,171.6690,157.2820,87.8898,142.9260,239.6770,312.5240,418.0950,489.0500,494.0650,519.1610,508.9900,489.7400,368.6040,253.4700,226.8900,175.8430,104.8570,76.9329,107.9030,97.7682,65.3647,47.1494,95.4927,139.7830,170.5850,186.3120,201.1220,211.3120,237.8980,245.9250,280.5810,304.7190,342.3340,357.9090,295.1710,200.6680,112.1150,53.6168,86.3949,70.9885,49.1175,132.7790,227.9280,285.3720,332.2320,358.2530,335.6420,298.4870,325.2330,401.4940,423.6670,433.3940,329.4510,173.7470,71.2189,27.9350,99.0559,152.4130,129.5900,147.8580,116.1420,204.7760,255.6420,186.8760,137.6670,36.0491,110.7420,154.9000,172.1920,157.4200,111.2710,75.3519,80.1654,78.2179,78.3167,86.1671,117.6820,209.4400,177.9980,198.0140,127.6850,106.1390,104.1090,84.8476,61.1240,59.2256,45.9026,54.2855,125.8390,203.7630,180.4850,172.1720,208.7320,227.4670,231.0950,194.1030,117.9090,55.5524,73.7145,160.6000,277.2930,348.4950,324.7000,279.6890,246.3530,227.6050,190.5870,132.7610,156.1420,247.6200,283.8840,267.7980,251.7130,223.6990,214.0030,203.3430,178.0290,126.5670,79.7321,51.7877,30.9237,33.6981,34.5992,55.4460,105.8400,157.8880,145.0370,127.0150,144.3730,169.4560,185.0490,162.4570,82.7045,53.4910,30.3193,40.9463,53.5267,62.5043,52.9616,58.6120,75.6546,85.6377,106.0740,148.7980,206.3360,225.5250,231.3650,236.4420,229.4110,154.4040,88.9209,108.6090,161.7360,202.6740,218.0130,199.1840,193.3510,178.9580,192.3640,189.3900,205.4270,211.4360,185.2150,193.5720,236.4750,272.8330,257.6450
50381.4000,35507.2000,24353.3000,37468.4000,45206.7000,33786.1000,25778.6000,21975.5000,19098.2000,16564.4000,12403.3000,8660.2300,7188.4700,6837.9100,5034.6400,5090.1600,5871.4600,5560.6300,6220.4900,5851.9800,4965.0900,3628.2500,3232.9900,2799.0800,2265.2400,1972.1200,1534.2500,1328.1600,1304.1800,1085.0500,861.3140,700.0260,556.4510,308.6130,224.8630,229.6530,109.6480,72.3704,141.9680,205.0610,321.1350,572.4840,983.0060,1268.4500,1672.5100,1861.8300,1573.4700,1250.0600,984.1220,611.8990,452.1580,626.4440,742.0710,694.1510,666.4410,630.1520,584.7420,491.3860,511.1380,533.9310,519.9020,523.8530,519.5630,281.6270,246.3190,442.3950,1007.6000,1352.8400,1305.8000,1501.9700,919.0720,488.9310,154.5750,299.1430,265.3330,500.1390,430.1700,406.6880,439.3890,638.9070,788.1790,673.2880,497.0050,388.4540,408.9980,354.2830,224.9350,386.2940,761.3310,847.6540,844.3480,731.9300,558.2360,369.4550,338.0290,304.8000,154.6530,61.6837,120.8930,252.7460,307.4770,170.0210,90.3613,254.1760,532.2640,805.3180,886.8450,912.5130,819.9210,660.3480,520.5860,362.2910,243.5940,172.7000,122.9240,41.5893,57.4975,69.9865,130.4340,157.7860,139.9360,206.1670,210.6130,388.6550,497.7320,488.6880,488.3760,509.5690,515.5980,485.3970,337.3870,282.0500,279.5080,289.5050,266.8320,109.6690,115.6000,183.0570,241.5250,386.9270,479.4940,479.0110,497.2260,509.4200,476.7000,307.2670,184.2920,182.0780,170.7970,112.4620,75.0251,78.5308,104.3940,168.2620,246.6420,293.5130,319.0460,211.5020,131.2910,137.9890,158.3030,201.2070,255.7920,311.0320,353.3930,363.5940,332.9490,251.7140,162.0990,86.9591,83.4778,97.2817,102.3830,38.4527,169.9700,229.9140,274.0030,311.0750,343.3270,335.1820,302.9450,314.9990,365.6140,392.6820,401.0000,322.7780,197.4390,99.5982,49.2747,107.6280,152.3120,132.9530,142.0480,121.5090,191.8160,240.7290,184.1650,118.1220,60.6207,129.8570,202.1530,269.2270,267.6620,193.3570,167.1500,128.2320,114.1370,133.1330,166.3580,230.5040,260.9780,168.2150,111.8810,64.2569,77.2476,93.2183,144.1410,135.0190,110.6520,108.1080,93.2305,85.6382,81.6458,73.1817,109.7830,201.3040,299.6340,351.5380,330.1810,271.6020,240.2300,217.0800,145.7950,196.0900,227.3820,227.0400,211.3460,197.6510,192.5840,168.2350,126.6310,136.7310,190.1180,233.6420,237.8320,226.0400,198.9720,188.1270,203.1410,161.0710,118.5160,90.0176,79.3037,65.9776,66.7591,78.7014,86.3308,97.2138,117.9170,110.5110,90.8048,121.2470,151.9760,140.7040,123.3090,56.8332,47.6126,66.4999,88.5871,106.8270,99.6006,53.7917,62.2845,105.0850,113.9740,130.4740,164.0100,208.6260,208.0770,206.5510,204.8930,192.1090,112.4710,76.4881,119.6860,171.0190,199.3800,213.2170,217.0800,209.4750,177.3250,148.9120,146.7250,163.3140,163.4750,161.4960,198.8030,237.9670,247.1700,219.6580
