40732.1000,34023.6000,21954.4000,34039.3000,46750.1000,34939.4000,23852.9000,20652.2000,17407.7000,13741.2000,9123.4300,8164.6500,10934.5000,12733.1000,12478.5000,10404.3000,7714.7200,4483.6500,3242.2500,3805.5300,3665.6000,3140.3300,2671.5000,2269.2700,2256.8000,2180.3500,1516.2100,993.5160,969.5440,896.7130,832.8220,824.1780,770.0020,787.6810,721.2520,710.6110,640.5860,504.4040,327.7490,217.7110,170.7160,137.5780,120.3590,117.0930,123.7640,157.2600,258.1440,332.2170,254.7330,275.8380,185.9840,128.0660,92.2415,47.2345,50.3061,45.9478,50.9802,67.9669,73.8485,75.3835,102.8190,156.3600,200.3160,190.9230,160.7090,135.7560,108.1550,82.2506,66.5786,67.9536,70.6631,67.2832,54.3885,12.3641,9.3037,19.8886,36.6274,68.2096,57.8439,31.8069,41.2018,66.9669,79.0117,80.4861,79.6332,89.0920,91.5020,75.7844,69.8938,45.7014,35.9115,39.7744,37.0431,36.6070,40.1962,45.9564,20.0822,22.5971,41.5412,18.6418,19.1761,49.2324,33.0973,19.3404,31.4688,29.9233,28.1146,21.7458,35.6963,39.5657,15.7949,10.4478,39.1377,39.3732,31.0175,34.1478,45.5114,60.4524,50.1847,22.3065,26.3933,36.6264,64.7725,90.8414,93.5577,86.1616,77.6757,68.2248,49.4149,25.5798,24.7751,47.4365,73.0567,89.8302,93.6161,85.9627,71.7842,31.2168,15.6475,24.7895,39.6427,58.6839,63.1473,57.1415,59.4292,70.4929,73.4404,82.1947,68.2811,50.7018,45.7519,33.7517,37.2281,57.0318,60.6723,59.4976,18.6896,27.7322,39.3674,40.7453,29.4891,31.4875,50.6319,81.3724,56.4733,56.5220,24.6250,40.0246,14.5810,36.0665,91.4183,100.2770,85.0497,98.7344,119.3060,150.7150,165.0470,113.2270,65.5802,37.2792,83.1045,58.8919,28.5439,24.4756,29.1098,21.5466,14.8375,42.8693,87.1894,97.0373,105.6920,76.2194,57.5858,65.0429,56.2393,54.0419,93.6234,105.6550,95.1926,68.5577,46.6035,39.5281,22.0401,7.0338,8.3599,47.0356,51.9836,70.7167,66.0006,65.0362,59.3621,61.5515,37.4648,31.0041,43.6106,79.0385,100.2880,96.2119,75.5615,54.8041,22.7401,18.2377,23.6543,32.6477,36.8850,40.3970,61.0338,64.2654,29.3486,13.3922,24.2313,27.3584,65.7876,70.2647,61.7548,41.3374,27.1411,17.6071,30.5681,18.7040,30.3703,11.5728,14.3221,36.6360,37.6709,28.6645,14.1576,16.4900,26.6900,42.0223,56.6004,50.0986,44.0233,33.1293,46.1698,57.2906,53.7059,53.2021,50.2182,33.4568,14.3963,4.8428,34.4982,69.1019,138.2300,152.0270,149.5890,144.2780,110.6340,89.8292,116.4610,128.1530,135.5270,157.2400,147.2450,182.3720,266.3890,340.6920,335.2560,209.3650,133.3700,116.7710,102.2170,87.8803,35.7570,33.9975,33.3536,53.4463,76.9274,75.9680,56.3061,52.1467,72.3981,77.7871,59.9143,24.6555,35.8536,57.9055,62.1436,37.1000
40185.0000,33701.3000,21632.6000,33581.7000,46128.7000,34247.4000,23456.5000,20414.7000,17143.4000,13586.8000,9219.5300,8257.5900,10861.8000,12578.3000,12196.5000,10203.0000,7783.8600,4814.1200,3994.7200,4454.7400,3887.6300,3275.6600,2489.1400,2113.0400,2204.2400,2397.1100,1829.0000,1307.2900,1220.5400,1031.8900,991.0950,1024.0500,969.6000,874.7310,805.8680,680.2620,561.5480,459.6420,334.1350,237.2020,201.4850,172.3820,137.1530,137.7820,165.3990,224.2020,331.0730,416.3140,310.5260,283.0160,152.6930,75.3660,82.0637,85.3346,101.9690,110.3220,95.0108,73.8253,55.8561,81.6466,129.3560,169.9260,193.3750,178.6020,157.0570,137.9270,124.4870,115.5000,108.0730,91.0703,80.3916,75.9817,71.2908,55.0043,40.6019,41.2360,65.2686,90.1010,88.0024,73.4292,54.1839,52.6376,66.6355,83.5501,87.0866,90.7360,87.5898,66.0790,50.3236,44.1677,47.3856,50.3640,57.9454,40.4741,29.0415,14.1580,10.6720,15.2212,26.3244,23.3728,18.5263,14.7266,14.8156,28.4469,41.4875,43.2229,44.7979,18.9680,39.8402,73.3592,55.8232,56.8264,59.8171,64.8305,41.5362,16.0133,16.9158,38.7097,60.6261,42.1703,25.6490,14.2294,22.2630,28.8654,33.1785,27.6440,10.9750,15.2329,22.9679,12.3163,8.1902,9.6427,23.5076,44.7570,64.8667,49.5990,36.2424,15.9653,10.4480,37.8064,50.6517,66.8202,65.7412,65.5480,75.2526,95.9885,109.1970,111.7240,90.0300,53.2179,57.7703,58.9537,54.5491,72.5562,70.4963,69.0398,31.1483,32.3469,46.1457,78.8629,58.0620,29.5714,8.0941,17.1233,33.0659,15.2118,12.3025,7.1023,14.6678,22.1120,27.8129,12.8519,20.8635,62.6974,104.8780,98.2192,104.8100,76.6301,35.3968,26.8712,60.7388,59.3662,35.0925,20.0050,29.6367,52.7153,61.5868,78.9402,121.6300,139.4060,145.3260,112.1940,105.2110,103.4900,92.1974,99.5670,127.4810,138.8520,148.7130,107.6110,55.8750,85.2489,105.3170,61.1369,32.4573,10.0491,8.0510,35.6604,57.2335,60.8849,67.3101,66.9705,41.6652,23.7240,35.8806,40.0161,43.5075,59.7191,62.5832,56.1970,51.5280,42.6095,29.3576,21.5935,58.1410,80.9596,97.4304,99.4706,75.0587,46.5140,27.0049,21.2941,45.3341,67.9898,46.1423,24.5005,30.8488,55.5856,67.2093,74.7585,66.3782,47.6411,35.5200,31.0827,27.2389,18.4776,21.3184,33.0831,37.4813,34.2868,58.2048,81.6384,65.6158,49.8038,44.5293,36.2836,17.2709,31.5426,50.5033,46.2265,33.0307,59.2349,96.7760,134.6350,148.9880,146.6560,136.3350,127.2360,90.1755,54.4108,71.5480,104.0880,127.4070,156.2360,171.2580,192.4530,235.1610,292.8520,304.7530,223.5060,173.0430,149.7030,137.3090,130.9670,107.8640,83.2280,75.1140,74.9164,112.4060,92.6805,57.8774,29.8418,49.4191,58.8024,42.6868,12.0172,18.9302,29.7691,34.7129,11.4739
39943.8000,33305.2000,21124.9000,32999.6000,45679.8000,34305.9000,23550.7000,20436.7000,17249.9000,13572.5000,8553.8500,7031.0400,9725.6500,11135.7000,11597.0000,10203.0000,8267.4300,5231.6700,4208.0400,4232.4900,3750.3500,3208.2100,2751.3900,2201.5100,2144.2300,2379.9800,1948.3200,1408.1700,1232.1400,913.2350,746.6370,785.5200,769.5510,809.9430,794.4610,722.5530,537.6930,391.2650,297.9920,264.3660,275.3630,243.3100,199.2030,184.6790,198.2820,253.2250,345.6350,385.3440,253.0900,197.0310,96.5809,64.2073,88.6068,102.1920,98.1219,111.4780,110.3330,87.6189,85.0031,32.6331,80.5377,123.6600,149.9800,147.2490,121.4840,113.4080,116.8880,148.3530,163.3100,137.4670,117.4080,116.2460,120.5470,121.7650,118.0470,124.0570,146.2290,141.8690,100.3130,54.6723,34.2285,38.1086,47.5265,93.9069,125.5900,138.6820,79.3074,69.3354,68.6424,53.1963,21.3838,31.2394,58.1971,30.4893,61.6059,54.3334,87.0660,73.8211,48.9762,29.3752,7.4882,15.0430,34.2189,56.5003,76.0309,88.1176,63.8931,53.2793,62.9178,83.5415,87.5306,80.3978,47.6726,24.4486,12.0981,25.5267,46.3089,30.8960,20.1154,43.0835,59.0465,72.6319,149.6160,92.3292,46.6112,70.0413,87.2651,87.1453,82.6826,34.5984,49.2678,83.5139,98.5126,60.2797,71.6207,78.9209,64.0367,48.6371,25.4113,40.5342,84.1803,118.3920,140.1520,161.8130,148.3340,114.4930,94.1534,92.3001,77.7584,46.9071,55.3913,60.1774,67.3543,77.5699,49.5181,24.2525,30.4170,45.6274,48.1840,43.7174,18.6613,63.9002,102.6480,105.0970,33.2052,25.0493,39.7163,34.7584,65.7033,56.8131,34.2808,40.2172,67.6269,144.7560,198.8660,209.2340,186.2320,146.4510,112.4250,68.4093,96.1831,146.2790,119.9460,101.5720,97.8226,100.8070,113.6570,124.1210,91.4308,66.5958,145.5440,229.7240,183.0430,117.5860,112.7670,118.5010,126.1920,134.6010,145.5020,132.1140,100.4570,83.2343,73.7485,27.5126,20.8556,50.8106,47.5240,61.8888,98.0732,94.0085,72.5172,36.0789,35.2387,51.7626,37.4977,44.2739,76.2861,127.4930,140.2030,104.0550,67.2366,63.3062,71.1058,53.6114,65.5545,113.8410,155.7920,140.4460,104.3910,57.4489,15.8808,35.1035,41.7935,73.1655,76.9765,61.0684,59.4072,92.7480,112.5320,84.0224,98.0709,97.6949,58.0995,14.9293,47.3047,33.7226,35.8865,72.9254,88.3392,91.4346,98.3493,87.8961,42.0982,23.0342,35.6404,46.1753,54.5123,63.0477,65.7428,59.7474,70.2691,80.5888,88.7223,75.8911,111.4000,153.8080,140.1140,130.7150,119.4030,147.8630,164.7110,177.7810,210.3120,237.2880,242.8120,254.1380,296.3430,345.6300,327.2960,205.1210,152.9960,134.1640,109.0760,81.0083,33.2197,52.1541,55.4379,69.5180,114.6300,115.6530,91.4768,43.5588,104.6720,161.0060,157.4550,65.5554,35.5156,73.2720,83.0873,85.8225
40502.3000,33764.7000,21662.9000,33710.8000,46429.5000,34803.0000,23858.8000,20540.4000,17513.6000,13473.5000,7973.6400,5893.6300,8353.9800,9971.4800,10427.7000,9235.2100,7838.6000,5085.6200,3558.3700,2969.8100,2671.2200,2821.3900,2432.4000,1990.6700,1844.4400,1911.5900,1668.3400,1312.5800,1128.5200,773.5610,595.0450,617.8500,640.8420,691.1750,692.0170,623.4500,425.3910,267.0380,199.1350,229.5550,221.7750,160.3290,95.8895,150.2490,205.9740,265.8770,361.7360,414.0730,302.1340,243.6250,86.2145,51.8529,63.0633,96.1740,130.9460,143.9070,116.2160,75.1024,41.4329,48.6732,89.4005,124.4380,170.4510,148.3220,81.3525,81.0465,100.2850,108.9760,124.3800,158.3470,175.1180,156.1950,149.8290,139.2410,119.6840,105.8520,145.4220,165.7530,137.6600,104.0790,65.0563,51.3186,49.3226,29.3285,37.4236,59.3351,66.3653,81.7006,82.9287,73.6817,68.1555,73.6981,92.4509,80.2787,66.1745,65.1912,38.9480,41.1046,33.1294,38.1225,52.8330,41.0238,44.2330,11.4258,34.8432,44.8343,55.0195,41.2451,28.7348,16.7687,6.0710,14.1798,15.3221,12.0282,4.4633,31.0585,46.3522,82.5338,78.5554,55.0571,49.1034,28.4958,36.0554,52.5795,61.5857,39.2586,23.7938,72.0053,88.5639,79.6206,29.4118,39.7353,58.2277,45.6583,42.5352,67.2515,89.8198,95.4417,93.1396,24.9331,53.1210,70.6093,90.6085,78.7435,72.3045,83.8630,88.7223,85.3384,42.9856,42.7921,56.4277,30.3659,33.7476,86.9879,64.9335,61.6487,59.8010,58.9262,20.7896,15.0089,26.2641,38.1428,38.9256,17.1078,14.8555,17.7592,27.9702,41.4101,53.3857,58.0517,30.0140,29.9255,56.2692,42.5113,59.8996,128.3160,142.5460,138.8170,115.3670,120.1700,151.9640,125.4640,95.9172,61.7751,39.5694,27.0274,25.7496,36.6727,55.9687,74.0809,94.7115,88.1213,62.9435,48.2799,75.7966,104.5140,98.0023,84.9048,82.6853,102.9470,106.7290,89.7943,80.4766,53.2162,48.9877,26.7666,61.4914,58.3004,50.2878,46.9389,46.9156,43.3609,24.6226,18.7131,28.8642,42.8337,53.4433,75.8263,82.3469,54.1149,48.4955,65.5796,55.2274,25.8754,51.7931,77.3003,95.5339,67.2964,31.8358,9.2754,27.8872,54.6937,89.0170,90.4191,78.3292,66.9649,58.6194,63.5048,77.7256,91.0244,79.5997,74.4224,75.8398,61.0420,55.0345,69.1954,79.6762,96.8980,105.8460,98.4758,68.5423,68.9944,35.8485,27.2805,64.7462,52.5019,39.0474,85.7938,96.7085,96.4504,108.1060,118.0710,122.7150,120.4630,126.6480,115.0720,97.4165,94.6311,89.8998,104.1610,109.9020,107.6100,153.3500,192.2660,177.4020,195.1790,263.3580,315.5430,289.1120,205.5420,159.6390,140.5800,143.8870,153.9370,169.3380,132.9500,77.0456,64.4257,53.1336,54.4637,52.6272,33.3137,36.8502,83.0131,121.9150,87.7903,75.5095,36.8182,47.4074,48.0349
39940.1000,33413.1000,21299.8000,33271.1000,45853.4000,33981.0000,23276.9000,20053.2000,17325.2000,13073.5000,8090.3600,4652.8000,6644.5900,8503.8500,9082.5000,8372.1500,7719.1800,5448.6000,3606.5700,2174.7000,904.2740,888.7970,1118.6100,900.6640,544.6120,521.7600,360.5510,207.6150,328.1790,234.2700,210.3510,322.5950,372.1030,407.7340,497.6480,615.0710,528.1620,364.0450,241.4550,169.8720,124.8030,67.0411,119.4950,190.2630,222.7300,281.6090,378.4590,398.9650,263.9360,175.4920,42.4837,83.8407,86.0868,82.3897,99.5965,100.5430,67.3826,63.8664,66.6470,65.1412,73.2882,76.2526,84.9876,87.6693,73.7171,59.4431,57.4601,75.9308,98.1535,124.6070,164.4730,163.9450,141.8020,120.7050,94.2398,100.9300,153.8330,186.3810,155.4630,124.1850,76.1299,38.6270,27.2691,17.2582,45.3517,61.6921,99.7386,106.8430,80.3270,63.8997,44.4927,26.8243,36.1437,42.5814,54.9622,49.2555,31.1825,26.3688,46.4396,42.8702,82.1389,60.7557,44.1957,40.4799,60.3254,57.0548,17.9024,31.7740,65.0648,45.1501,24.0936,37.2502,62.1907,59.4832,31.0877,28.8009,47.0592,56.2622,63.6781,63.7279,31.7295,19.7304,36.7715,49.5709,50.6085,56.8511,40.3162,75.6061,110.5740,88.4925,43.0169,42.7777,95.1246,94.0582,86.3680,73.1830,58.7547,41.8320,44.7001,53.4074,95.1752,96.5440,108.6320,54.5387,61.5497,92.8875,104.4590,109.5090,98.0781,71.2813,38.9344,23.2283,34.3549,42.6248,52.7585,43.0272,29.1307,24.0017,31.4597,18.8141,18.2409,5.9417,23.0277,22.6219,42.2255,25.1311,24.9583,40.6694,47.8205,53.0712,57.7302,50.8810,16.5627,41.6737,94.7713,97.5186,97.7601,176.0640,198.6020,217.8220,152.7740,110.9200,133.8690,112.1470,73.8233,56.7062,65.8699,57.3279,62.2974,101.5260,139.5810,159.1070,135.3980,133.5240,172.5150,173.3580,148.0910,110.0730,78.4616,71.7204,99.0053,128.1480,78.3013,57.5116,14.1610,8.6273,19.5291,62.5216,58.1631,59.2174,66.6934,84.2949,55.5542,46.5676,42.0611,46.1660,46.0369,38.5900,62.4039,73.6188,46.6864,21.4706,41.3578,44.4012,29.7312,25.6734,46.1080,65.6197,30.3744,39.7763,40.6575,63.2564,85.3242,80.4836,86.2236,113.1240,109.5060,89.1722,68.2012,80.4762,76.3595,48.9232,27.8223,53.9833,104.9130,95.5564,80.0076,99.3464,120.5170,128.5760,110.5980,87.5898,76.2005,59.7353,38.7357,40.0970,39.3200,33.4291,76.7025,119.0430,124.5270,119.4840,100.8190,106.5410,109.7070,92.9513,91.8918,91.9485,93.2416,58.9112,75.6126,121.2200,135.1550,184.8260,233.1110,256.8960,317.1310,364.4010,327.0220,159.0180,109.1190,153.0070,142.4740,118.1300,117.4180,106.1190,90.4763,26.6351,101.8760,114.3760,137.1860,96.6281,40.9001,18.2502,24.6262,21.6948,10.0007,6.0179,7.6867,14.4661
39513.6000,32949.6000,20868.3000,32717.9000,45400.0000,34107.0000,23528.8000,20354.3000,17606.0000,13584.1000,8482.3100,5313.5200,7362.4700,9013.6900,9773.0100,9260.0300,9209.2700,7963.6900,6934.4000,5348.8300,3692.8400,1244.9800,582.7510,875.8180,1142.4700,1457.8000,1277.5200,1042.9600,1055.9500,825.8960,699.8850,674.8550,616.4990,615.1470,741.1470,895.4490,808.5100,587.0700,390.0430,199.6460,110.1240,138.6780,182.9060,209.8960,234.5900,276.1800,366.0070,400.2610,264.7710,175.9770,15.7499,51.2429,58.1700,62.4289,92.6012,97.8966,62.2786,42.0131,26.7376,13.2594,56.1148,82.6914,115.4910,152.9370,120.8690,87.8219,83.7236,106.2690,132.4410,124.7000,123.2520,118.9640,108.1810,95.3676,74.9009,79.7746,103.8190,90.3796,55.9022,24.4976,16.0010,46.7156,60.4134,59.3722,55.2781,44.2130,17.6028,10.8485,31.0347,22.3999,31.2120,21.3937,23.7042,38.8311,14.4555,26.6765,25.9328,39.9662,42.9429,67.3037,41.8083,42.1956,21.8255,35.6349,21.0484,20.2929,18.7679,18.2957,13.3888,13.5949,27.8325,35.7065,37.2014,46.0019,39.3937,23.2497,36.4613,53.7402,87.6145,64.4822,72.4883,28.5101,18.2133,12.5125,30.4887,32.8103,27.5041,21.6608,21.1149,21.6563,23.1834,33.1520,48.2115,71.0275,83.3577,79.1848,69.2896,53.9026,43.9346,38.2569,62.7955,100.9270,123.4310,85.1493,66.8391,78.0106,73.2686,54.6990,21.6709,42.3323,76.0201,73.1614,40.5586,37.2764,43.5420,72.9980,48.3983,52.9484,46.1217,72.2180,92.3678,98.7426,96.1231,71.1422,48.9879,32.8967,33.1363,45.4643,65.3106,55.5797,47.1806,46.7268,56.0724,83.9843,111.7840,110.6970,109.5340,118.4650,132.4290,110.2590,84.3866,67.1919,60.5125,33.4639,21.5713,39.6328,15.4420,17.9878,66.3884,105.9410,124.1250,151.1060,161.6420,103.6310,68.0205,78.8995,90.6861,95.7663,100.2690,92.3591,51.7068,33.8437,30.2557,33.4303,17.5358,15.4399,28.2912,21.9760,16.0566,5.2358,6.5481,23.3132,29.5527,37.0602,38.3594,43.0522,57.1655,59.6479,64.3291,67.1445,78.8796,60.0148,25.1785,24.1144,49.3019,75.1501,76.8064,68.1954,10.5999,89.9233,114.1140,144.1640,147.6970,103.7910,64.6198,83.7616,89.6853,67.5272,65.6325,89.4971,107.4590,95.7121,49.3411,32.6726,48.9281,61.8306,73.4505,74.5422,67.9870,58.5012,65.5806,67.9852,23.3082,22.3643,51.0870,53.9582,64.9632,96.4963,101.2790,90.9365,92.9390,100.9290,106.8290,103.8780,102.5910,88.0420,53.2099,30.2885,77.3237,120.5230,163.0610,165.6080,132.1940,132.8950,185.5740,259.2880,307.1740,335.6180,313.1100,170.2480,98.5005,165.6530,215.4890,184.7850,145.4740,111.4580,87.5365,66.8176,68.3332,94.3176,103.6210,100.6860,78.4036,85.2844,110.2000,80.4666,38.4756,11.1029,23.6799,49.0989
40306.6000,33579.5000,21503.3000,33584.8000,46423.0000,34998.2000,24106.9000,20800.5000,18017.5000,13965.2000,8730.1100,5405.0300,7139.2400,8670.1900,9156.6800,8688.1400,8735.7000,7637.3800,6823.6100,5742.8900,4324.7300,2833.9400,2191.5600,1345.8500,823.1220,1135.8100,1171.8300,1012.3400,999.3400,814.2080,701.6390,686.0390,684.3250,621.1620,707.6700,823.8070,776.1940,539.8350,343.3180,136.2870,59.7783,118.5300,179.4310,214.0650,220.9850,243.1270,334.1830,352.5470,204.2670,95.1761,90.8781,120.1250,113.8550,98.4132,103.2420,89.7680,37.2342,36.8402,32.3147,38.9912,47.7580,72.3423,65.6742,59.7583,56.2251,64.1823,76.5382,84.8509,82.6321,76.6303,75.1838,76.6455,78.5833,79.1354,98.6076,105.2090,93.2171,96.2954,101.4610,91.1901,61.2973,67.8707,65.8519,80.7847,17.8496,17.3055,33.6093,29.9240,56.3406,51.8850,35.8605,22.6782,30.0161,35.9482,35.2708,33.9100,38.3100,8.1801,25.1272,73.0165,53.2284,61.4718,34.5931,33.0618,35.1037,25.5669,20.1941,75.4162,64.1334,89.9170,46.2908,46.8659,44.4116,64.0092,32.3361,64.5450,49.1510,39.4700,27.1550,42.3409,69.8033,92.0948,50.4394,40.0639,80.5983,67.6876,46.8225,32.2367,51.3651,71.9070,34.9639,21.1773,8.7010,16.6572,47.1437,51.6489,40.4106,30.7622,35.4640,46.2308,86.0410,91.6253,95.5700,45.7371,25.0227,55.9581,91.1742,89.0880,91.4467,50.0566,33.2242,47.2898,64.0566,76.9188,79.5859,76.7408,63.5784,71.1049,68.5310,36.0043,16.8006,44.9479,78.4981,76.1773,78.3420,46.2965,19.3136,29.2112,46.6225,52.9667,57.2440,77.5180,107.0300,101.5260,55.4777,107.6950,218.2800,221.7290,195.6490,166.0590,69.5917,99.0528,93.5476,95.6736,82.0449,39.3624,20.5785,24.2322,17.7224,52.7258,81.3924,106.1940,130.6820,126.7020,83.3958,70.1778,92.2277,102.7820,108.9520,123.7540,109.5800,70.1311,58.4626,65.2275,85.7701,84.0091,92.5068,108.3440,118.3850,95.6013,78.3830,59.2316,40.5340,36.4152,44.2834,47.6996,9.7955,27.3892,27.9310,41.0698,56.9001,61.1890,29.2151,62.5621,129.4150,138.2260,112.3540,82.3431,36.4623,85.7974,136.5750,172.6470,150.1120,110.0680,91.6666,93.2313,105.7020,93.5746,80.2573,76.4726,91.0609,110.7560,100.6760,66.2302,47.4235,61.7418,94.9272,107.4750,109.7930,81.7353,59.9323,80.6676,74.1093,27.6524,26.5504,73.2168,105.1180,104.4000,86.8221,72.2546,52.9113,55.0074,75.8539,103.3390,114.4370,96.8241,64.8658,31.7997,52.0087,108.8100,145.6610,183.6390,182.2140,199.4840,243.9440,298.3100,339.1240,359.6210,326.0330,184.9540,130.6280,154.9520,139.5840,134.2110,113.7830,63.1769,48.7808,64.6640,91.3253,140.5870,143.4720,122.3430,97.4911,117.3040,112.5990,56.5826,56.3169,39.3912,48.7595,55.0651
40076.1000,33469.5000,21460.6000,33592.0000,46170.9000,34157.3000,23224.8000,19985.3000,17088.7000,12678.6000,7360.5400,4387.4200,6812.7800,9053.2600,9266.2500,8822.0200,8585.6600,7182.6000,5866.5200,4067.2600,2467.0800,1437.5600,1454.4700,1209.7000,862.9400,902.3960,798.8670,779.2650,919.8430,688.0590,457.5240,358.3760,276.4080,338.0810,497.5850,621.5790,605.8680,422.5050,259.3010,180.8210,164.5650,151.1440,128.9040,79.6754,101.4550,189.8610,329.7600,360.9000,243.0690,185.0440,52.6616,78.0520,71.2898,92.2642,107.6370,122.1110,61.6029,26.5780,46.5863,34.1968,30.1395,32.7630,22.1305,43.4015,67.0443,96.4673,120.2940,80.2153,52.7972,116.4510,137.9020,132.2260,123.8260,120.8160,108.3670,94.5883,123.9660,164.3800,145.5670,108.4740,72.8680,42.6990,36.3733,64.1612,93.9245,111.1460,81.8110,45.9589,32.6632,45.3017,50.7467,53.7420,42.2048,40.5841,56.0381,64.1387,51.6063,41.9572,20.4580,8.9900,20.6511,47.0768,45.9080,41.1089,30.2022,29.4362,41.3808,41.8934,36.7903,31.4332,27.8968,30.5386,16.5027,21.6427,14.1097,18.5797,54.0407,51.1806,47.9754,21.1165,37.6350,43.8796,31.9877,25.3922,29.7461,36.0855,32.9140,13.3148,8.4298,20.0603,21.0497,14.5293,5.8536,20.3457,13.1839,12.8801,21.7827,41.0731,73.7818,151.9670,162.0800,137.2450,86.4400,45.1163,81.8026,71.2933,45.4745,35.0498,39.1055,36.1528,26.1286,29.1238,20.7888,18.4058,9.6290,26.7539,53.7388,49.5184,53.8968,23.6568,9.9247,3.7469,18.8197,40.4192,47.6778,20.5444,25.6647,20.4684,23.3928,86.8497,143.8570,140.3810,143.3320,151.3100,179.8480,201.4900,250.5640,300.5570,260.0190,212.7710,162.0300,149.1350,110.5050,46.4125,56.1315,97.0348,111.3920,87.5514,62.9160,81.3876,91.0280,140.4050,115.2780,65.5948,50.8029,67.8005,108.2010,130.4220,156.2060,120.2270,50.3904,17.6965,22.7877,14.3369,14.3250,38.1751,31.2343,36.5603,21.4601,70.7070,72.2516,110.9940,58.9665,28.9923,7.8351,20.5659,35.9948,39.8294,38.8682,16.6840,18.4434,42.5799,32.1114,69.9508,87.9397,123.8810,87.4400,76.0176,40.1482,58.8499,68.8373,84.2008,73.1512,38.8022,40.0287,63.2335,52.2583,50.3086,14.9462,37.8240,25.0374,18.3533,15.9169,22.5651,29.2076,21.5980,25.3197,58.3612,85.7705,115.4360,118.1720,88.8450,83.3992,89.2554,76.0237,40.3243,53.6431,40.7812,46.1526,59.4786,83.3326,103.1060,123.5160,136.6750,124.3560,122.2880,127.3880,124.3350,86.3212,90.0711,131.3810,125.6660,137.9150,201.4540,225.1430,234.6550,265.2350,311.7320,312.6390,184.4030,81.2877,41.8127,71.1582,63.3931,49.5065,14.9886,14.8904,40.5336,78.8734,98.3304,90.5550,95.9862,106.1740,115.7610,102.9260,70.0393,64.5933,16.4967,40.3384,86.4815
39389.7000,32756.1000,20760.5000,32784.0000,45266.6000,33500.0000,22655.8000,19636.9000,16532.0000,12852.5000,7841.1800,5503.2300,6398.6000,6628.9400,5791.2400,4966.2400,5364.9600,5210.7600,4523.0100,2864.2300,1469.2200,1567.3100,1768.9000,1497.0300,1218.9800,1017.6300,817.6650,715.7740,606.1570,215.0510,285.1270,454.7530,506.0760,551.0000,481.7960,412.3450,381.3320,242.7140,197.3200,141.1510,104.8410,126.3670,200.6450,232.8960,250.0340,306.6100,386.9700,435.9890,269.2810,207.2330,59.6051,56.5970,35.3046,25.8739,26.9281,54.2507,24.1908,33.0822,33.4795,57.5726,104.8830,125.7210,96.2873,92.0201,85.0508,84.8709,51.7635,43.4038,63.3334,68.7198,44.6618,27.9510,53.0995,65.8658,62.0245,63.4731,63.2722,66.3573,59.7448,45.8876,22.6849,28.7943,48.4589,69.0331,56.3995,39.0088,57.8032,66.6370,73.8211,36.7861,24.2094,26.4231,39.5596,36.3858,18.6076,34.5830,40.6169,24.1625,49.8614,63.8844,64.0086,44.7069,43.5394,33.8826,23.9438,25.9777,21.2252,31.5735,27.2961,17.8154,17.0687,14.1622,22.6855,46.5173,23.6471,25.5534,18.1374,5.3443,13.1505,39.8860,30.1339,37.5637,32.3586,45.4211,30.9478,20.5912,12.4733,14.4540,8.9879,22.5425,47.7525,69.5149,91.1786,90.4159,82.4160,74.7291,64.1392,52.8006,40.1051,8.9785,27.9681,49.0620,69.3115,88.8681,70.6763,49.9284,74.8693,68.2194,57.0536,21.6790,36.4075,53.0629,32.7533,37.1029,36.3568,50.5158,24.9948,25.0699,33.3059,48.8027,25.2214,14.0107,17.9475,23.3486,34.2308,37.9046,36.8071,24.4868,41.1893,76.2644,89.1212,79.3906,89.2954,120.9820,147.5110,198.9240,253.1750,273.3220,244.9330,221.5130,184.8830,171.9050,68.4945,131.4500,116.5460,111.4790,106.1760,78.6312,29.6543,75.0440,129.9840,173.5280,186.2400,154.5680,112.3980,112.5310,122.0020,114.1050,81.1353,50.2892,46.2543,53.2724,65.9857,74.2122,57.2082,42.9816,35.1186,28.7222,41.2395,62.3263,71.3138,70.5368,79.9569,64.9446,47.8090,59.1034,45.7956,62.1466,71.3383,96.3934,105.5960,97.7254,92.6993,87.7164,57.3794,39.9952,56.5393,87.8631,61.2048,18.0100,30.7195,82.8654,128.3140,135.3800,114.8020,94.4084,59.2749,56.0224,75.7722,80.4812,66.2738,51.6140,37.7305,37.8545,52.9628,49.4523,42.0194,22.3424,38.8127,51.2167,52.5674,32.4315,16.3138,17.4207,33.1159,31.1037,47.1004,31.9149,53.5893,49.9006,61.9665,77.0275,104.8450,113.0600,125.9700,134.5010,143.2810,112.5050,45.7911,31.4167,63.1252,95.1751,135.2490,180.6250,210.9190,219.9500,233.3010,253.3270,244.6510,134.3920,52.7105,59.6140,62.6019,34.1656,11.7669,26.9108,35.8174,33.0590,63.8254,100.7960,91.0123,96.2777,125.9240,148.8890,118.1380,45.7796,38.9566,36.4624,60.6966,42.7063
40243.0000,33558.5000,21587.3000,33695.9000,46577.3000,35230.1000,24415.8000,21393.0000,18576.6000,15245.7000,10355.3000,8085.9300,8723.7700,10511.4000,9754.9300,7061.1200,4495.4100,2216.4900,1885.1900,3005.1300,3307.2600,3367.0300,2980.8000,2317.4200,1552.4400,1177.3700,904.3140,982.1110,1190.9200,985.8920,747.2190,564.7960,469.2350,447.8450,467.2200,492.4300,452.9430,315.9110,154.5380,145.1150,175.6220,163.1430,180.6960,161.8740,177.6210,273.3320,288.4910,302.3190,124.7410,113.4220,138.3390,197.8260,153.5240,101.3350,76.6026,63.4782,49.2818,51.1750,83.3990,128.6160,158.5960,170.8990,177.4940,176.5620,153.6580,119.5330,99.3083,77.5331,73.3384,47.6738,85.3349,76.1246,76.0253,89.7181,102.2220,112.1070,119.8440,148.5210,150.1710,104.3210,64.7352,38.3851,59.2682,73.4689,78.2079,90.8849,101.7150,102.9720,64.2938,53.9403,50.2893,43.3579,31.9861,23.3059,26.9194,34.0713,31.9677,36.6888,61.5350,89.9408,83.7847,53.4430,63.1083,112.5800,109.9670,87.9819,31.2932,32.1984,49.5041,47.5193,18.8841,36.1727,67.7714,73.2113,63.1535,68.4150,85.3719,93.0397,95.1247,35.8389,45.8504,49.8565,69.1406,55.3868,60.1362,63.6851,54.8017,49.3546,48.8725,43.7845,30.2915,46.2394,83.2063,112.9010,106.1100,92.0165,90.8783,90.7386,80.3014,88.3948,109.0890,135.8050,133.4380,92.3605,61.1522,56.7081,62.4628,52.5014,38.1662,17.2819,20.7234,29.5786,34.5186,30.8228,30.8520,7.3376,12.5826,41.7496,32.3497,34.8922,21.3864,20.9517,29.6500,18.5402,44.2531,41.5850,70.6377,52.4926,35.0741,38.8943,34.0455,23.3638,43.3767,52.5558,62.8064,95.0288,157.6730,192.5010,155.1840,136.7690,118.7110,98.8860,75.8282,83.7371,78.1535,33.6804,13.3761,20.3188,34.3724,35.2702,32.6219,75.5551,117.9950,91.4876,57.5108,21.7834,56.4677,76.7536,81.8693,67.0176,78.1540,105.8180,85.5248,59.9078,48.6472,55.5677,43.0659,53.4236,58.9525,64.5573,44.0557,41.4023,28.0471,49.0566,50.9213,49.2722,40.2011,25.7826,34.1440,41.8516,35.1940,36.8325,34.1493,29.5707,28.7442,38.0120,53.9968,64.3460,72.9169,97.0441,119.5980,108.2150,94.6666,80.0774,64.2480,47.8888,25.9626,15.0628,45.9481,56.8856,57.6575,38.2634,41.9669,45.0317,55.4551,73.9879,73.9630,63.7483,65.8332,84.8410,85.0622,57.3927,33.3954,11.2342,32.8658,33.4104,56.6820,89.6435,96.2820,93.1335,72.4526,44.8763,61.2476,131.7650,198.4620,185.4980,159.1530,120.1010,109.4960,123.7840,120.2060,131.6150,171.5440,183.7400,185.3230,211.4800,254.6800,273.4830,218.5940,99.1451,57.8835,104.4380,127.1280,90.2484,55.5874,28.1080,21.8996,33.8381,55.7790,68.6301,63.9180,82.2940,97.5296,95.0128,80.5580,40.3133,60.9521,68.7652,100.0430,114.6590
40556.9000,34006.2000,22123.6000,34376.7000,47168.7000,35289.2000,24386.7000,21386.2000,18520.0000,15028.4000,9867.0700,7696.0000,9481.5000,11478.8000,11453.9000,10214.3000,8276.2700,4904.4600,2472.7300,1506.0600,1449.6400,2262.8200,2265.6600,2012.1500,1717.5300,1613.8700,1170.3000,962.6210,1112.4800,798.4010,528.3610,437.7040,371.0310,508.8000,584.5930,575.3640,444.4870,197.5790,108.5790,181.8380,187.7840,119.4660,179.6520,219.5600,199.7590,238.2310,234.2620,274.6160,126.2830,229.8220,214.1660,203.7840,195.8390,180.8590,143.3470,92.1821,59.9182,33.6085,52.7805,113.7340,132.0700,99.9438,93.3869,152.1340,195.3400,221.8590,132.9260,55.0546,30.1914,50.2935,56.3470,81.7597,103.5030,114.0790,112.5090,111.8670,117.6140,160.8390,172.2290,100.6100,39.4647,57.4286,62.1380,55.5163,54.9977,61.6062,71.4174,97.8662,127.8190,153.0190,138.2160,111.2640,90.3577,62.8425,43.1516,50.0801,83.7122,117.5690,127.6030,134.3990,119.1020,46.5434,29.3230,9.1304,46.9182,67.1553,87.3455,72.1947,29.2674,13.9024,18.8262,30.1161,25.4561,15.3135,14.0622,26.8407,35.8601,46.4217,51.6756,41.6572,41.5165,53.6315,50.5739,56.0999,40.6593,62.3147,72.8274,65.4221,46.0967,46.3740,50.9059,42.8255,44.4132,52.7309,76.0509,58.8806,46.9158,6.2048,9.1304,20.6692,56.5984,69.3495,90.5841,83.3412,45.1457,33.9381,47.9371,39.7354,38.1903,42.7201,46.1122,43.8736,51.9912,37.8469,50.5902,22.7851,17.0339,39.0755,37.1861,20.5340,44.6151,72.9310,44.4475,34.6213,102.5520,117.6700,85.1112,76.3930,80.3245,102.4970,72.6526,32.8598,21.1170,65.5520,91.0542,118.0580,146.2650,164.9710,143.6330,133.1320,129.5730,108.4490,86.0443,73.0742,82.2810,95.9370,100.1160,68.6541,38.2335,106.4750,173.7800,223.5020,166.9450,113.4500,97.4435,95.9373,106.7530,98.4219,66.6892,63.7072,108.5170,152.6380,169.3370,94.8036,62.9053,63.6906,65.9499,86.0586,32.3791,46.5342,21.2519,33.0725,34.0391,56.9980,39.4512,19.9723,33.9074,49.2795,40.5608,78.8645,47.7593,39.1468,43.4873,56.8615,33.5700,34.1885,53.8625,107.1740,114.6710,112.2710,117.3860,121.9630,51.2378,98.8593,82.5602,75.2233,47.7182,58.4892,37.1758,22.4437,56.9096,78.7586,65.9713,49.8469,43.0214,37.8414,41.1065,66.9727,97.4289,86.0754,47.1238,48.1397,43.1535,55.9992,23.2661,10.4838,22.1946,50.9931,75.5967,92.7131,103.2240,118.2590,147.9380,201.0410,258.4500,254.8390,223.9340,187.6350,127.2870,93.2060,104.0230,124.1690,126.4320,163.6260,231.0720,287.7660,311.7790,308.9920,225.9560,98.9294,131.0780,184.6260,155.8410,177.3410,152.2150,155.2150,80.9621,117.1520,92.5715,54.0779,27.6956,64.4114,79.2503,99.1527,61.4010,50.5639,64.6343,110.8170,144.4600,156.3830
39721.5000,33272.3000,21260.9000,33260.7000,45932.2000,34312.7000,23667.1000,20754.9000,17776.1000,14248.5000,9048.5200,6760.3600,8633.8100,10175.4000,10444.2000,9557.4200,8659.9500,5854.9800,3523.3500,2043.5500,1150.5100,1830.4600,1908.9600,1639.9200,1290.0300,1321.6700,1109.5200,918.1590,1061.5300,903.5310,726.3840,598.5030,464.2430,175.7260,94.2339,165.4690,188.4350,201.9760,184.5500,142.2900,100.2950,57.0491,54.3846,95.3229,117.8510,199.6940,236.6330,299.3210,148.1210,161.9170,103.2300,112.3490,91.3411,67.9387,48.9728,57.5882,65.1464,39.8613,27.1992,29.3298,40.3157,44.6491,65.7004,91.7674,112.7110,129.7510,118.8960,91.1506,99.1607,135.8310,156.5390,165.1430,163.3350,164.6020,139.8090,104.5390,116.3330,157.9510,165.1450,154.6930,126.3930,80.6066,62.6657,42.0616,25.2209,38.6945,49.5169,46.4056,44.4434,39.8809,48.9055,57.9207,44.7266,31.4073,10.3240,29.9106,27.9826,76.4931,57.7655,76.5796,26.9181,19.2743,24.4582,31.7259,27.4150,34.5564,16.6047,25.4049,24.9368,22.9259,21.4554,20.7029,20.5984,29.1629,37.4167,40.0335,44.5395,63.1367,65.1030,42.1120,35.0368,20.7525,42.4652,37.4387,48.0167,56.0002,63.0829,53.3515,34.6651,17.8080,27.4121,47.1955,47.2044,73.3962,122.7110,104.3990,82.0981,68.6156,77.0895,51.4033,36.6253,72.2761,67.5329,52.1383,64.7800,65.6538,71.6749,80.6071,88.6283,68.4530,73.1210,96.0740,79.2251,75.2261,77.2042,83.0132,76.6607,81.5511,83.9317,76.4206,81.1595,69.8770,54.6964,49.7659,81.5779,102.3880,76.1431,61.3472,49.8604,27.6333,10.2869,31.9452,64.7354,116.1510,149.7100,150.1130,152.0520,156.6880,144.5970,99.1135,59.1930,37.7030,44.1397,75.7677,128.7900,166.3270,162.7810,135.0760,119.7250,125.4530,140.5270,148.6870,140.1990,128.7580,110.6400,103.6550,117.2470,104.3360,92.7464,69.5347,68.3674,54.2651,14.9898,33.2722,52.2829,56.6387,68.8439,73.8361,72.8050,73.0481,83.3967,80.2102,57.1088,33.5443,72.5050,106.2910,117.7300,101.6220,95.2651,84.9908,86.3769,109.5570,131.4120,113.6460,79.1431,71.9393,73.6291,91.9224,98.8003,106.0480,100.8900,71.3869,111.3720,108.8530,106.1490,112.4740,113.2250,75.7516,22.9517,24.8194,42.4035,55.4743,51.3067,24.8607,44.2753,84.7368,95.1327,100.5990,106.7180,103.0380,97.1452,92.1770,71.0289,41.8805,28.6295,34.0347,44.3478,51.8499,50.3313,47.7245,59.7451,78.7318,101.0230,129.0370,171.2360,182.3230,167.4710,141.5750,86.2240,60.0924,103.9480,167.7750,193.0430,180.6840,197.6510,249.0590,291.2030,308.3990,276.1220,215.1490,191.8490,181.7950,158.2710,113.8730,88.5457,76.1922,75.9752,35.9467,58.6679,49.4637,48.0538,42.4458,41.0670,30.8201,46.9331,63.4883,58.9335,67.1788,58.6451,67.5196
39829.9000,33201.6000,21107.5000,33081.7000,46008.4000,34839.2000,24289.3000,21192.4000,18927.7000,14995.5000,10742.4000,5022.9000,3091.4700,5594.5000,7015.6400,8536.0100,9033.8200,6441.5800,4224.1300,2644.1400,1564.7100,1185.8400,1567.9300,1584.1600,1398.2600,1381.2500,1091.4800,933.7090,1039.8800,896.1250,859.1340,820.2090,676.4730,600.3530,701.5920,810.4230,783.3110,644.9400,462.8220,347.0840,339.3130,347.7270,291.7260,222.3140,176.2470,246.5790,280.1720,259.3340,63.4170,104.8410,121.3320,109.2570,58.0394,52.1251,62.5896,83.8909,106.1770,63.3546,53.7016,39.9214,58.8474,84.6591,133.8110,185.7220,204.6210,189.1190,160.7840,153.9480,162.1530,181.6960,155.8580,135.2830,128.8590,140.8450,154.1990,178.5830,188.5650,166.1660,142.0400,109.7830,80.9976,60.5282,61.5963,62.5720,45.1103,33.9212,42.2210,34.8076,25.1051,31.5134,44.9891,52.4212,61.8214,71.5850,70.8698,56.3492,43.0649,46.1011,27.7600,39.3239,15.9678,10.4747,21.6204,38.7126,19.3970,54.7762,44.7479,44.2868,23.3540,10.0548,24.2000,42.1976,55.1389,60.4653,40.0468,22.6774,36.4578,56.7887,78.2903,39.3174,23.8209,10.0831,28.4384,47.8065,51.5869,48.5142,41.9394,44.6074,50.1041,27.9162,24.2742,14.9200,26.9436,49.2162,81.4550,78.0857,65.8811,61.1124,52.5856,37.7690,33.2008,54.4278,59.1486,31.3856,22.7578,51.0835,50.6395,46.0886,38.2817,43.7081,36.4509,35.6851,39.7315,42.3233,42.7649,47.4037,29.0962,11.4465,37.5180,38.8581,53.2504,25.2806,19.4237,15.4521,33.4622,67.1213,87.9398,93.9742,94.6040,91.2111,74.9156,53.7020,81.4608,135.6760,170.9410,190.5130,218.2570,224.8530,194.9130,156.5440,109.9600,56.8373,23.2565,50.9437,36.0733,103.0670,67.8124,47.4877,65.1587,89.9538,99.3735,109.7590,129.1440,110.9050,101.1190,89.2099,82.4503,60.8052,61.5414,73.8475,58.7906,67.3043,83.7855,90.6759,85.0734,82.6614,94.8053,83.1961,62.5448,40.7266,23.5696,31.8393,43.0083,44.8559,49.0656,48.7861,38.5795,29.7116,23.2942,25.6321,17.4423,20.3508,10.0658,13.0940,20.0410,18.1235,38.5386,54.8472,64.4472,82.7067,110.8680,119.3420,166.9540,133.8370,96.4935,79.1844,68.7640,45.0190,21.7025,20.1994,26.4189,29.7115,15.5904,18.8434,36.4066,57.9252,73.5723,75.6835,67.0039,45.2352,44.0552,56.7711,56.3370,49.1815,45.9252,52.6888,79.3112,101.4490,110.1460,112.1420,106.1660,96.1974,99.9604,146.7490,191.0320,178.0260,156.0050,122.9980,72.4895,57.3032,79.4984,97.1547,110.6470,135.4160,162.2890,221.4830,273.9590,318.9470,319.5240,190.4920,107.3870,125.9740,118.7660,76.3708,43.6138,55.0273,59.6043,54.9665,48.4883,38.7060,28.5883,24.2660,15.2866,12.9357,19.3464,26.9246,54.9236,70.1047,80.5633,76.4784
40649.1000,34311.6000,22284.1000,34245.7000,47451.0000,36209.9000,25860.1000,23105.8000,21357.0000,18490.3000,15356.3000,11591.7000,7667.3500,5780.4700,3649.2800,3219.5300,4735.2000,4196.1600,3398.3300,3400.1700,3215.2100,3158.3600,2909.9000,2450.0400,1817.8400,1479.0100,1135.5400,938.8730,929.5790,784.6920,674.6730,624.0350,579.4280,531.3290,600.6740,680.8920,596.4780,337.6720,138.5240,125.9350,181.1070,195.7840,203.5090,168.0840,127.9470,173.4140,221.5530,272.6700,115.2810,169.1200,95.7512,73.8375,36.2835,46.7081,18.0786,48.1578,81.3091,99.9983,79.3157,42.3659,18.9629,34.4485,62.3842,96.5583,112.6300,107.7130,124.0190,147.4220,155.5300,146.2090,98.8781,53.7553,44.7251,68.6455,78.4942,84.3300,90.5039,93.1351,73.8482,51.5695,50.5918,74.7537,96.7995,109.4940,91.5858,76.9465,65.7541,57.4324,61.9353,75.9499,85.5140,80.4496,55.5021,34.0394,25.6362,24.7552,41.7562,76.5301,92.8624,114.4530,93.7526,51.9000,30.9582,21.4530,44.3336,53.5541,42.6202,38.2543,36.9070,37.4300,33.9985,34.9037,28.9898,18.1044,25.5381,43.4879,54.2513,60.0825,60.9935,40.4613,28.0698,23.7388,44.9378,45.1965,55.5599,67.0386,57.9997,47.4550,37.3955,36.4147,37.5477,37.5350,24.2288,28.1467,64.8698,88.6966,67.5692,48.5557,37.6765,43.8935,61.6946,78.7373,83.6427,80.4849,86.8329,76.1608,68.1372,63.2089,42.7724,20.8328,16.3340,25.5039,37.9196,88.1043,74.8220,79.0171,76.9259,64.4911,35.7408,32.6844,41.2551,61.7615,46.4995,38.4062,33.7923,4.7733,31.2919,33.6520,40.5694,70.2492,98.9335,83.9015,99.8247,128.3240,133.1190,153.2790,177.6840,203.0000,161.6930,94.8610,52.3761,26.6183,26.2738,46.9821,44.7146,43.7393,34.6317,51.5539,112.1940,122.3370,109.9550,74.7806,72.1816,108.6390,65.9106,62.0280,105.3790,114.3340,99.8315,34.0651,28.7778,42.5901,34.4693,32.2639,20.6020,28.1787,38.8562,60.5550,41.3036,23.9735,50.0006,67.0778,85.3566,61.5575,43.5400,53.7230,47.5927,35.8750,31.7324,44.7292,52.2205,38.6179,35.2769,58.7183,52.8790,61.4784,35.0158,101.1720,84.8955,105.1200,87.0007,64.8011,63.1235,66.2443,75.2991,58.2215,39.5272,14.6558,43.6720,44.5857,46.4199,16.2330,44.7296,39.8031,46.1107,59.4593,76.0432,72.3731,84.1775,79.8432,64.0723,16.7298,48.5907,74.1814,74.1258,53.2182,53.5199,59.1294,60.1848,58.0429,43.4230,23.6936,75.7221,140.4990,194.4810,187.3660,169.6650,149.1920,81.4032,30.4137,65.5593,116.3710,124.4610,97.2547,99.4991,183.1280,270.1220,295.1960,317.4330,204.5670,101.2900,90.0368,77.1949,39.7482,18.1498,39.9506,33.2628,20.2254,8.2256,15.5502,28.3680,40.3586,42.9013,20.8447,32.3335,52.3804,39.4381,45.4388,81.6310,94.5550
40318.8000,33921.5000,22038.7000,34121.4000,46797.9000,35060.8000,24421.3000,21787.9000,18618.3000,16021.9000,11731.0000,9325.7600,9793.7500,11208.9000,10017.7000,8255.6600,6733.1300,3888.5200,2874.7400,3379.0100,3468.5600,3688.4600,3220.2700,2589.9500,2055.3400,2042.3000,1606.5700,1218.9200,1196.5900,924.4610,783.9360,783.3000,668.0350,752.7320,934.8500,1018.3200,1022.3300,781.7090,429.5340,239.0990,265.5590,275.0700,254.2540,225.3290,176.7660,172.2080,233.3490,285.7330,129.3530,137.5890,108.8920,154.7180,136.9730,128.1050,131.7340,152.4750,144.1580,137.8420,138.4220,155.7680,157.7520,129.1390,144.8950,164.7990,134.1860,94.8821,79.6802,98.5603,121.2160,133.6450,103.1490,49.3244,37.1300,69.5244,95.3965,114.8990,133.5220,151.5980,118.2310,80.2110,56.2075,64.0572,83.4394,106.7120,100.9500,80.9146,62.9469,55.3708,53.4017,54.7335,61.5396,64.0668,78.8148,82.0684,69.6571,58.4227,57.2460,50.4597,45.2019,27.9595,17.7547,33.3466,48.5729,50.1082,37.8080,35.7289,47.8324,42.7606,43.7923,20.1413,12.6316,28.5540,41.7719,45.6113,46.3519,37.4684,41.2762,30.4730,24.1166,33.4886,37.0037,33.0687,17.1914,19.1158,18.7248,29.2939,24.2976,24.6410,17.7817,27.3834,35.6870,37.7986,40.8664,23.0397,21.2284,24.5924,28.2521,36.2722,65.2893,49.4115,37.7599,56.3192,78.0365,96.1007,85.5403,74.8589,72.2207,71.3203,67.0484,38.3535,35.7413,72.0880,96.0730,96.0087,98.4006,93.7474,81.9218,65.4656,58.4520,64.2219,52.4886,34.5125,28.3911,42.4968,72.5130,84.0054,86.0040,94.2464,97.3226,100.6790,122.6750,112.7490,95.8463,118.3380,175.7640,224.9600,271.0400,298.2020,270.7850,187.8630,113.2180,55.1119,63.0090,91.6188,118.9610,144.7710,130.2850,68.9735,51.5484,53.2103,78.2976,99.7581,89.0759,87.2936,87.2797,80.1120,88.8217,95.1007,94.1443,99.6827,133.5520,130.1680,112.9860,86.2226,67.4063,68.0834,59.0486,49.8959,50.7371,46.7430,23.1169,14.7658,4.3058,6.0543,9.8640,21.9156,35.2360,19.7098,11.0129,27.2102,47.8380,54.6461,72.6618,42.5473,67.6565,61.6230,75.8038,77.2380,56.1050,37.5015,54.8924,73.1486,125.8900,133.4710,125.2370,120.7910,111.1530,68.4145,52.5848,87.2114,64.8581,35.2923,26.1324,30.5047,49.2462,31.3996,50.8132,78.6181,94.9309,86.8133,58.6717,23.3029,43.2754,65.6910,55.2290,29.0333,17.2058,41.3649,63.3409,89.8863,120.0900,127.3770,122.2900,126.9650,169.0750,196.3190,154.6270,131.1400,53.5033,38.0459,74.2457,86.8080,98.4749,127.8800,136.5530,193.5600,268.1020,322.8970,348.2560,231.4040,148.8320,162.6760,151.7630,115.3410,63.2646,29.4761,45.1557,62.5093,77.6897,81.1184,66.7685,53.6367,41.3571,40.2686,51.3498,68.9502,76.1162,76.6272,74.7687,69.1847
39921.8000,33393.3000,21324.0000,33198.3000,46136.2000,35022.0000,24532.4000,21586.0000,19319.0000,15927.7000,11929.6000,6874.6100,3235.1800,4392.1000,5625.2100,6949.5600,7556.9000,5247.2700,3574.3700,3122.6900,2169.2200,1420.1100,1149.6800,1339.0400,1553.8100,1563.3100,1403.4000,1307.6200,1453.0900,1184.2400,872.4640,611.3200,409.3240,466.0260,694.6020,791.7140,761.6510,492.8220,133.6600,169.5040,328.2980,359.9190,275.2180,175.7210,146.7540,268.3580,274.9050,202.4540,129.1530,179.0670,204.1870,150.4230,113.2190,145.5010,165.8670,134.1810,144.0380,172.0160,163.4070,179.3660,91.7796,86.8771,19.0891,23.6974,75.5086,72.7229,68.6203,69.8789,79.9350,76.2323,65.6452,55.8843,47.3552,50.7477,64.3830,72.6218,94.3545,108.8990,75.7725,47.3503,53.6591,66.9674,73.8286,37.2991,59.1919,74.9449,137.4790,173.1860,158.9560,159.1260,147.6910,130.7790,141.0720,135.5130,141.0600,110.6490,50.9465,44.4510,34.1242,76.9415,78.4005,74.2298,79.1560,67.4352,22.9356,37.0445,43.2300,53.1526,15.1606,36.0441,123.9180,173.7960,172.2940,190.5500,122.2220,70.9159,64.2352,42.1571,73.2560,36.7401,51.8885,34.4250,47.2797,28.5724,13.1764,28.4395,77.3528,73.3294,106.7070,71.4272,74.5987,87.4197,101.8540,69.2228,59.6278,42.9266,54.6812,49.0023,64.7233,65.5424,53.8603,70.3511,49.4336,51.7406,63.7910,82.8908,84.2733,94.8518,108.4330,78.5987,74.0427,93.4130,91.3185,80.4460,55.3000,54.9832,93.8787,57.6007,60.6926,18.9562,26.5667,59.1192,84.8380,75.1934,66.1837,56.6713,27.0908,29.3664,68.1720,108.8410,102.4800,80.8837,90.3619,179.0560,255.8620,318.1610,345.9070,307.6830,237.2550,205.9490,223.4710,198.4850,149.2000,62.1133,65.6949,85.1494,66.1704,59.9291,68.0710,83.1827,129.6780,146.1110,131.8110,180.3900,215.4390,214.3130,164.9970,119.1570,113.8480,132.6280,170.7360,216.8120,230.1000,195.9270,150.1850,104.1460,73.3294,89.5526,122.5980,135.6290,74.8055,40.1195,89.9778,122.2520,126.7870,125.2790,82.9690,62.6354,62.2360,51.8092,54.9413,61.8716,69.2892,55.5915,18.7313,19.4390,40.8424,58.6257,34.5007,19.6308,9.4564,37.6622,93.0389,157.9490,135.7150,121.0290,54.8414,31.0712,84.2675,167.9590,212.5190,145.4020,89.9867,41.2068,45.4032,64.2287,71.6285,59.2656,22.3080,40.8709,68.0612,37.5734,19.8364,12.0364,38.1072,51.9586,77.2874,94.5849,91.6359,70.3803,43.7873,48.6053,75.6990,91.3086,90.8637,96.3505,95.6032,87.8326,62.4493,46.4340,49.6132,93.8644,162.5450,173.2690,156.1130,204.5970,241.6580,259.6540,210.8180,107.4350,64.4837,75.2138,58.6591,37.5935,48.9623,25.7946,29.6722,67.3992,84.0562,79.1620,77.9874,74.2415,56.3850,41.5967,56.2830,79.3983,129.2460,130.9930,127.4840,108.4500
40578.5000,34146.7000,21921.2000,33648.7000,46727.6000,35543.9000,25167.4000,22167.6000,20312.5000,16710.7000,13231.3000,8377.0400,3919.2400,3709.4500,4827.8600,6191.3400,7330.0300,5384.1400,4282.3500,4891.0800,4486.0900,3617.1500,2542.1900,1680.4000,1318.5300,1506.9200,1547.5800,1276.2900,1334.1800,1300.3200,1065.8100,1017.3600,937.4600,792.6240,812.3190,911.9750,819.6960,500.5480,266.1520,164.0190,77.7975,48.8222,171.8010,245.3460,234.5670,242.7580,241.3850,260.9000,186.0480,190.5690,242.0830,239.4440,235.9880,187.3090,93.1712,88.9725,131.8190,219.2990,125.8660,93.3682,51.1888,73.3221,110.9220,136.9730,71.5487,81.4049,96.3690,205.5580,210.4090,188.0080,175.3220,162.9930,152.8280,147.9770,168.2920,189.9750,223.2220,225.1510,219.7650,218.7840,231.2760,164.6270,59.2004,62.4449,165.3600,122.0990,81.9136,14.2361,61.7871,69.1587,73.6422,78.7364,74.3933,74.0388,96.3603,154.4210,100.9600,97.9777,81.5951,142.3560,115.9340,95.2236,80.6617,12.5955,54.7897,55.5508,41.5258,20.7621,43.8780,76.2998,127.3660,86.4527,83.2129,35.0798,65.9473,106.0680,102.2110,90.9151,52.6999,99.4873,82.7727,97.3427,54.1279,55.5721,79.6208,114.4820,97.9062,98.9413,105.4290,110.5030,32.4403,66.0866,104.2780,138.0360,154.2060,213.5130,198.5690,147.2140,82.8940,53.8040,69.6161,126.5540,171.9180,192.2140,128.9680,132.7860,186.4990,207.8510,245.5870,210.6720,146.2270,111.9690,120.4540,93.1469,125.1870,55.7705,51.3869,81.5359,81.8338,61.0115,50.3408,51.2018,45.3678,58.5177,103.5730,99.6402,97.1968,13.0703,89.4047,133.1650,175.4920,171.4900,147.3150,158.1650,179.8490,180.0620,158.1030,166.5570,166.2080,142.0110,156.7170,141.0560,131.7950,86.9091,95.8053,75.0677,64.2565,16.7965,19.4520,96.8816,137.4720,229.9000,151.3630,123.6380,141.1460,127.9980,68.9886,51.8483,71.7271,69.2463,104.9190,123.2890,64.9442,35.4144,45.0550,51.6094,60.9743,95.8420,126.4040,191.2630,144.2050,121.8520,95.1483,76.2259,45.1596,90.6398,167.2380,162.4330,135.1590,121.6710,114.4560,111.3280,106.6630,85.7388,68.4515,55.8803,47.3906,55.4337,85.5039,104.8610,53.5533,36.6903,52.9716,71.0063,32.0516,76.8625,46.4538,55.0765,26.9239,36.8010,55.1316,94.0442,60.0209,72.3574,28.3777,28.5470,35.2307,75.6572,86.0924,100.4330,95.8398,110.9610,95.1150,79.8185,73.6274,57.1535,44.6346,76.9312,98.7059,71.4977,24.7843,49.3033,97.7455,125.3670,134.3260,170.5620,195.4830,215.3250,208.2460,195.3320,175.4610,148.8850,129.5920,86.4551,88.3810,206.4180,306.2970,320.3290,313.6660,204.7970,166.6920,168.5270,140.3600,117.8130,101.3660,47.7331,80.0678,54.2602,30.5876,25.7962,66.5663,65.5319,57.2796,60.4465,78.4015,41.4374,29.0596,22.9082,39.3776,59.4754
39945.4000,33537.1000,21445.4000,33360.9000,46058.6000,34348.2000,23810.0000,20799.9000,18269.9000,14479.0000,9955.2200,5053.6400,5049.3900,7422.1500,8586.1400,8795.2500,8661.3800,6289.6000,5158.4000,4554.5700,3335.9900,1830.6500,1285.2400,1471.5900,1625.8100,1621.1600,1288.1400,1074.7800,1150.7900,1012.9000,1040.2900,1188.5100,1191.8000,1070.7800,953.5550,842.2560,702.1070,516.1980,291.1960,179.2440,165.9480,118.7710,53.2979,70.7316,119.1070,211.7440,214.1470,242.7330,96.2006,186.8340,194.3510,231.1370,225.8420,159.7980,113.2820,114.3990,121.9160,121.8950,128.9120,116.8690,81.7155,62.2885,51.7899,52.6562,26.2269,45.3455,33.8419,39.9827,32.0334,22.0496,24.2416,17.2135,48.2217,76.9136,99.0912,94.0430,91.6486,105.3860,87.1707,75.5880,78.0145,84.2256,83.5933,61.0013,22.1906,13.3770,26.9741,23.7295,22.3491,27.8689,28.0306,50.4234,81.2645,74.5351,63.2615,36.3527,25.4474,42.8959,39.0131,37.8226,29.3854,36.9169,52.6434,57.1535,58.7630,59.4258,28.3789,22.5075,17.0872,31.5954,32.6269,23.8314,24.1958,32.5737,42.6446,61.2597,72.7067,89.2315,94.4866,80.8640,60.8199,53.3234,53.9316,52.8547,53.2737,59.4714,70.2201,61.1519,25.5351,21.0206,33.2999,24.2923,14.3360,23.4401,51.3838,48.3133,34.4221,64.5152,78.3420,71.6694,71.4904,93.4961,112.6430,103.8600,71.7664,53.2216,69.3792,73.7778,63.1692,59.2194,50.1665,43.4002,51.0328,59.1157,34.5943,15.0147,30.7759,41.2355,42.0590,19.2612,17.5190,50.6100,47.3929,55.5867,52.7421,41.1811,41.2907,43.5130,50.2170,26.5557,24.3616,78.7756,112.1710,98.9881,103.3770,127.7700,161.4630,151.7900,103.2470,77.2652,59.1443,42.4642,29.2780,16.4197,35.7454,48.7963,50.2727,60.1290,71.6346,67.1162,92.7466,135.9660,93.5978,62.7610,90.2062,129.7080,137.8870,135.4020,98.5754,96.2912,128.3310,100.3480,70.9494,50.9596,32.9898,14.1574,36.6989,45.5381,80.3112,82.7055,83.7615,43.2652,34.9125,49.0924,31.2223,25.4220,38.2876,29.3888,17.4624,19.7949,45.3357,57.2618,83.3875,36.1557,89.2756,68.3229,78.8861,38.1157,31.6154,24.5372,55.9584,64.5722,97.2945,82.2218,75.5840,79.4169,80.9115,73.4445,69.3185,68.5355,60.7801,70.6522,72.3805,58.6075,37.5126,18.7025,10.5060,43.3997,76.9595,113.7310,130.6490,83.5426,73.4282,68.5607,75.4829,21.7044,84.5209,74.1601,65.5740,51.9333,47.3195,54.4652,98.0634,156.6360,185.1830,172.8020,146.7690,103.2330,103.5310,105.2620,77.9500,101.3630,141.3000,145.3170,180.2980,235.3780,268.4730,286.2080,291.0320,216.5530,116.8100,76.3824,54.7933,27.6569,41.1302,50.4725,63.5869,37.5447,100.3970,74.7483,62.8577,17.7577,32.8176,65.9613,90.4431,82.6165,92.6049,89.1424,72.1789,58.8296
40466.7000,33958.4000,21839.9000,33800.6000,46772.0000,35541.9000,24905.7000,22276.7000,19146.0000,16908.2000,13274.2000,11247.6000,11564.3000,12751.2000,11323.9000,8034.4300,5464.6500,3165.3000,2326.9200,2698.0800,2690.9400,2768.1000,2754.4500,2355.3300,1382.8500,939.5530,869.4270,971.4050,1044.1400,799.4820,741.5520,933.3990,1025.8600,1135.4600,1181.1000,1123.3000,902.7350,617.1280,323.8740,151.4600,195.2750,179.6090,199.5630,212.9960,205.5440,275.1750,371.2610,461.6200,304.8570,171.8840,86.6083,31.7570,18.0547,91.7800,129.1560,175.0050,154.6110,107.8710,93.1999,97.8113,82.8185,65.8018,62.8298,79.5027,83.1898,75.7616,51.5995,26.5495,68.0026,140.3250,185.6310,161.4720,121.2770,83.2192,43.0990,54.2513,92.8270,149.5910,161.2220,76.4744,47.7790,92.0412,118.7670,85.4516,37.4245,54.3090,76.8817,96.1855,64.3066,75.3363,104.7000,97.4759,91.4904,81.1651,69.7046,40.8161,40.9276,15.4216,21.6231,26.5034,17.2373,10.1596,33.1492,67.9791,90.3476,103.1160,115.6920,106.5340,43.2372,44.0055,40.1041,59.8954,78.7553,69.8536,24.5164,16.7896,39.8327,48.9155,63.9788,35.9776,43.6426,84.0913,61.7865,55.6182,86.9309,85.2729,68.2521,25.6164,36.8469,55.5571,59.0788,45.5315,69.1424,75.1524,42.1761,38.0306,50.0048,50.9197,21.9514,15.0738,32.8813,52.4561,71.5933,60.2615,50.5302,50.1827,40.8870,30.8119,41.1556,60.0350,68.9318,67.8763,47.8490,32.4476,20.9379,35.6709,49.1745,53.4315,50.0023,48.3208,36.4091,18.3430,34.8375,73.1238,81.5432,88.5376,77.2652,27.8790,22.4187,18.6451,29.8609,45.2334,49.3723,31.6427,48.0160,70.0828,109.7850,146.1790,135.8720,143.7710,115.7580,60.7851,33.1644,46.6333,69.6932,104.0050,89.7978,78.5303,100.0020,100.4750,78.5256,43.6827,80.9101,134.4090,110.8180,59.9596,83.2901,138.1940,131.6490,86.2626,40.5544,77.7180,37.0766,73.3383,64.2319,69.6714,46.2037,56.7687,106.6730,128.8650,84.3054,37.0252,43.8081,46.7313,29.5156,47.1160,87.0719,70.8487,58.7750,78.2095,95.3475,111.5380,113.4460,77.9198,35.8436,36.7832,72.7322,106.3280,126.3960,146.2430,121.7750,76.7354,55.4876,57.0533,67.5604,69.0359,79.0241,51.8525,36.4676,61.5682,52.2205,25.9146,30.4173,57.3098,46.8556,27.0247,17.3840,27.9505,55.5923,79.3861,112.5550,61.0726,58.5713,24.6132,34.3211,62.4557,125.4080,109.8060,84.2673,50.8310,32.6978,49.1035,82.0790,133.9280,139.0260,131.6280,137.3580,133.6150,113.0410,123.0470,167.7100,193.2860,183.4830,170.6320,182.5030,215.6260,261.3840,287.2570,271.1860,163.6490,113.3780,135.1160,125.7170,97.0484,69.5193,38.1839,18.4144,38.0628,63.7363,74.4691,78.2394,82.4010,88.5128,64.4969,53.4595,69.9943,92.8860,110.0640,83.3072,60.8438
41218.8000,34704.4000,22689.9000,34775.6000,47908.2000,36642.9000,25932.4000,23217.9000,20412.3000,18314.1000,14579.7000,12478.7000,12871.6000,13383.8000,11559.3000,8171.8600,5914.7500,3353.9800,1595.8600,1248.4000,2460.6900,3538.2500,3395.0500,3121.8000,2697.1200,2839.3100,2635.0700,2065.2000,1555.9300,1251.1300,1250.3800,1291.8400,1148.1200,1035.0000,933.1250,918.8050,841.0780,658.2380,524.4730,631.1140,733.0620,613.8250,446.3950,331.1000,293.6850,411.4560,466.5400,504.1410,279.9740,97.6170,147.0720,216.4440,157.0010,120.2890,163.3990,182.1620,169.5910,115.9740,68.9741,78.1182,107.5900,129.8950,110.1830,130.8680,84.6160,65.8595,36.4224,44.6124,73.6115,66.2253,63.8551,59.4105,42.8910,30.9765,70.1112,103.7090,125.7030,130.7260,124.0280,93.2939,62.4020,65.3667,79.0894,91.7485,98.9131,120.6530,123.7400,94.7999,65.3971,43.0187,26.8262,17.8225,21.4581,28.8130,33.1092,40.7651,55.6258,50.2476,27.2673,21.3298,28.5870,32.4029,44.9915,41.4568,47.3793,24.4926,27.1170,34.7857,66.7284,45.3196,44.2882,27.8414,23.8287,29.2389,29.6811,23.9174,24.2865,23.1670,17.2787,8.3856,38.2362,59.6752,92.2418,95.5670,90.3221,74.0406,55.3515,19.7460,20.0989,54.1248,87.1486,126.4480,140.8860,98.3789,65.4816,39.0926,24.1997,24.1285,48.9521,73.4900,118.2300,142.0040,167.4180,136.1070,101.2590,77.4243,62.4196,47.7783,45.8245,56.4972,63.7243,56.8232,44.5011,27.6346,51.2607,62.3792,21.3615,26.2101,67.9189,39.2420,16.0734,46.8010,53.0855,66.6446,50.0133,40.1977,40.2006,47.0613,47.3733,33.1700,40.5083,54.1536,56.8108,60.3784,60.7876,79.1221,110.7650,121.3860,91.2278,82.2582,56.7593,42.9466,64.7097,70.6974,58.1043,45.6598,31.9069,14.7482,68.2741,96.8764,108.5120,106.1590,65.2502,43.9906,68.5319,88.8164,87.4483,68.7556,45.4988,25.6700,31.4340,50.6119,32.4106,46.2545,40.3328,56.6749,66.7598,69.2590,59.6257,78.8426,83.4846,57.8712,40.5269,27.3406,23.8718,12.8760,20.6069,34.4488,37.2903,23.4499,27.0447,35.1044,41.2483,56.2862,62.6009,69.1610,70.6923,65.9856,40.9085,61.1937,55.2323,89.8736,81.4822,51.4092,54.3845,78.6114,88.8651,86.4223,85.3280,96.2499,62.5757,28.9980,28.8161,58.5535,60.3191,58.6500,20.4458,56.7258,54.9821,56.7787,33.8121,31.0908,17.5837,19.9964,37.6070,33.5223,43.2890,67.9057,56.3564,38.1334,29.7007,58.4712,87.4375,105.5880,116.8440,103.2940,84.7939,59.4450,66.2919,84.0170,98.9526,142.4750,170.1330,123.1410,101.5380,153.4210,215.2370,224.1860,202.9740,116.7740,80.1864,111.3810,104.2830,54.9867,28.8721,15.3825,25.8864,72.7967,135.2200,131.3940,109.3280,83.1552,71.0184,63.6419,58.4082,50.2473,52.6776,60.7940,47.9005,40.6885
40911.6000,34595.7000,22623.6000,34656.1000,47597.7000,36005.9000,25486.7000,22995.1000,20190.2000,18090.4000,14514.1000,12568.3000,12650.6000,12983.3000,10552.8000,6454.1600,4291.1800,2897.8400,2573.5300,2615.8900,2573.1400,3109.1600,3396.3200,3407.5400,3468.0900,3496.2000,2994.4200,2131.5900,1366.8600,889.1240,1240.1500,1797.0100,1962.2200,1931.3100,1589.5500,1207.1700,968.2600,813.7640,622.6570,515.2790,524.0590,500.1190,445.9600,336.2520,94.2115,304.9100,413.1880,570.4550,485.4030,292.6590,183.1970,153.2690,129.8560,115.5540,126.9020,131.7490,98.4396,66.9508,73.3102,69.7553,68.9192,69.8404,84.6192,83.1582,64.4992,65.3352,54.8887,101.7470,121.4060,138.9700,135.9930,91.1856,83.3606,83.9996,63.4676,41.4064,38.6924,46.0147,43.0544,41.2980,43.8404,40.2813,51.3988,72.6469,92.9490,109.0120,114.4100,90.5220,67.1900,51.9192,46.9354,31.5160,9.0589,11.9542,10.3544,8.5359,26.5042,34.1363,42.7646,49.2896,33.9057,21.3078,11.3438,19.0176,28.6970,21.1429,11.2057,10.1155,7.5728,16.2774,4.2981,9.9243,31.6034,55.2315,51.6808,54.2591,35.0662,54.2549,84.2518,90.2686,112.1560,78.6603,76.1548,76.2373,70.0295,56.9205,54.8227,31.6232,7.9127,7.9457,20.0682,33.8735,42.3934,39.4948,38.3958,35.0191,30.9734,14.9088,19.3089,36.4585,49.6175,55.1350,62.0020,72.7164,81.9915,73.4173,64.7197,56.0154,60.3556,66.9362,68.2277,42.0367,25.4683,13.3888,10.1303,24.2889,42.9042,45.1467,47.3752,37.1366,34.1064,59.0407,66.5709,69.7811,69.6617,54.3622,50.9642,64.8905,76.8193,54.3947,50.1821,19.0184,10.8462,28.3682,71.5449,87.5811,118.4730,118.9150,96.6465,78.4902,78.3895,63.6851,89.2611,78.2010,66.7543,51.5669,21.8190,28.4916,56.7186,76.5905,94.8861,107.3330,92.5819,89.0418,110.8210,123.3000,128.4910,112.9070,96.4495,68.6303,75.0449,92.4292,62.6922,39.5288,44.5623,19.9709,21.3771,41.0022,45.8128,49.2343,54.9645,46.6554,26.5740,19.3348,31.0830,31.7661,34.6931,61.6204,74.8631,65.9834,75.9518,75.5839,69.8623,31.9796,23.1955,52.5284,91.2962,94.7162,86.2159,78.0338,81.3061,67.2013,101.8240,83.4525,69.9535,78.2820,92.0417,92.7183,67.7055,51.5810,47.1708,39.9009,31.5321,25.3919,20.1244,33.8668,32.6044,53.5727,81.5375,96.2679,93.6390,44.8198,14.6285,10.8691,28.9387,52.1164,53.1549,48.7681,41.1733,29.5309,27.2361,57.2906,91.6818,120.0760,123.2340,120.7550,121.9350,119.3860,88.4898,36.8443,46.4763,83.2026,110.5280,123.7390,118.7080,134.3780,145.1220,141.2830,111.4490,47.7779,33.0724,54.4784,67.2580,45.2809,26.3129,47.6209,65.8716,65.1238,101.4670,122.0730,74.3903,41.1346,49.2703,51.8668,35.8392,17.5170,44.0128,75.2536,83.1496,77.4447
40436.4000,34029.9000,22004.8000,33954.5000,46976.0000,35845.6000,25435.8000,23021.6000,20164.7000,18257.4000,14671.1000,12586.9000,12669.4000,12914.6000,10351.7000,6183.0200,3951.6600,2779.4800,2980.7600,3569.5200,3578.5100,3405.3900,3156.3100,2695.8600,2076.6200,1833.3400,1276.3200,789.3150,907.7890,1100.7200,1163.2900,1126.8200,1022.2700,771.2440,525.7510,422.8100,373.9420,283.8540,170.4350,134.6500,130.9960,86.7700,60.5423,156.1290,278.5870,368.3940,422.2230,435.1700,257.8850,97.4939,46.3549,147.2890,118.3650,86.0953,66.3999,76.5143,59.4884,42.6926,23.3659,28.6082,34.7795,39.5464,85.6279,120.2430,110.2290,111.1560,75.6297,23.2428,29.4259,80.7709,78.1831,84.2040,91.8876,94.9890,44.6831,46.2902,104.6920,140.8330,125.3730,91.2977,53.0229,48.3216,62.7615,87.0537,116.5240,142.9330,141.8380,118.2250,86.7952,59.8180,36.8161,21.5152,22.0722,39.1279,61.9174,45.8631,61.7619,23.4603,20.3287,35.0494,33.1310,42.3838,15.5697,8.8276,11.6428,14.6900,35.1568,36.7845,40.3691,20.0623,17.1958,21.5248,20.4039,15.8250,6.9016,4.6830,13.6830,30.2149,58.3419,58.4036,82.5066,65.0794,53.2136,56.4244,50.2653,45.5680,49.5499,59.8441,59.1061,35.9764,23.7398,5.8875,8.2187,26.7893,64.2028,59.2582,53.8450,39.6502,46.5742,9.2641,41.6225,76.9690,88.5878,79.5853,79.6309,69.9933,61.8958,45.0951,27.8719,13.3339,16.9232,32.6683,34.7067,54.7786,51.8181,62.9427,37.0898,22.0041,29.5337,34.5873,42.4693,33.4694,24.8592,36.8778,31.9884,25.8512,26.0771,33.9920,44.8694,61.3092,69.7051,72.6415,69.6279,76.0501,94.1989,119.7570,147.6620,154.1050,132.5650,120.4510,129.2010,116.3980,99.0850,94.4226,69.4515,77.2640,67.9843,51.0671,24.2569,52.9301,84.8488,92.7816,90.2026,75.3917,63.1880,62.9439,73.6550,86.6373,85.5462,69.8877,79.8420,116.3210,122.3540,116.0190,102.1090,61.8328,48.3996,54.4713,63.1205,56.8254,57.5937,60.2962,54.0692,17.4696,10.2259,19.7937,20.4887,31.5029,33.8131,43.1657,64.8643,57.0567,35.9097,29.0966,46.7874,59.1192,85.7003,118.3880,82.0485,58.7721,56.0952,68.3938,134.9230,154.6740,131.2030,121.5600,98.6771,68.3961,48.3561,45.9117,48.1367,59.0548,63.1213,39.5187,22.2889,22.3535,37.3585,38.8165,17.1162,25.4975,34.0795,64.5549,35.9985,39.0069,12.6574,8.8296,12.0348,21.5952,28.9139,38.7920,44.8554,60.2921,81.1799,110.6270,114.8730,110.4350,104.4240,93.4463,67.8549,66.6045,58.6801,65.3582,121.9290,143.5860,147.3620,194.5010,235.6570,256.0170,226.7410,154.8890,106.2810,107.1680,120.9350,107.1530,84.1475,69.4811,47.9977,19.0378,52.0012,60.6293,52.6256,35.3714,33.5491,34.4180,28.6580,13.8011,37.1484,55.6844,48.6020,32.1927
41129.5000,34587.7000,22606.2000,34682.4000,47814.3000,36646.1000,25955.8000,23247.1000,20453.9000,18458.4000,14717.2000,12646.6000,12752.7000,12984.4000,10405.4000,6245.3000,4029.0500,2868.2000,2978.7900,3390.4600,3291.8300,3243.0500,3272.2400,2875.6200,2592.2200,2450.6600,1975.1900,1425.1100,1180.4100,822.2110,611.9820,643.9680,874.1850,1090.4300,1286.8000,1388.5300,1280.9800,967.9440,654.8710,379.6410,223.6200,200.2200,123.8160,60.8210,73.1572,183.0840,289.2960,382.7660,246.2460,98.7622,92.8894,208.2370,180.4960,143.0250,114.3280,115.5240,94.9830,43.7474,16.5847,33.4452,71.1358,91.6840,86.5870,73.6024,54.9853,29.9527,53.5088,87.3852,105.3490,52.6944,32.8357,65.1384,103.1510,99.1680,77.4717,42.3597,49.6654,139.6780,157.5510,150.3610,80.2260,53.7185,73.2757,81.2936,102.5320,127.0480,118.3210,95.4650,88.8029,101.1710,100.8390,105.0290,96.9061,52.9638,18.5664,3.0177,13.3533,26.0535,46.5163,28.2655,26.9086,12.7336,9.6031,7.0591,11.9149,20.9171,30.8185,28.5029,22.9774,21.4280,25.1593,27.2222,43.7966,51.7993,49.1281,49.5264,47.8895,48.0545,58.2828,65.4445,29.3344,26.1608,41.6552,25.2452,11.9327,20.3122,15.8419,7.4350,12.8142,17.4036,8.9843,5.4546,8.0687,14.4597,28.7806,22.4581,29.7617,7.9516,13.7335,7.4417,15.3148,28.8967,51.4025,51.4405,58.6412,62.4304,67.5043,60.3319,59.9315,64.6709,55.8265,53.5363,55.8904,66.6790,74.8925,70.7316,61.3428,41.2718,23.3398,13.5183,24.0186,23.9550,22.3552,34.9173,50.2424,45.4030,37.4667,35.4531,29.4787,40.1996,47.8328,24.4599,27.8725,66.7233,76.1530,93.9166,121.0760,145.5420,105.2200,73.2772,47.1959,20.5839,24.6558,24.0648,44.4301,45.7076,31.8405,29.2934,42.7479,57.1376,71.5353,75.6649,52.0603,55.5855,76.6572,71.1852,73.3661,66.9447,56.7153,29.4356,29.3169,37.6561,16.3447,21.1866,42.0849,40.5497,61.3123,69.1370,49.8218,33.0706,53.5427,73.4788,22.0778,23.7531,52.1136,45.0281,45.8360,71.5032,96.5029,88.7889,77.4606,81.3160,101.3070,110.9710,61.2092,25.6329,46.8852,83.2533,79.4461,59.8372,48.1909,35.0702,77.2248,98.6735,93.1347,98.8855,109.4840,114.2440,81.7459,64.6345,53.2710,48.5657,32.5443,21.0897,24.0109,41.0339,72.9465,90.1233,93.9437,90.5860,71.1881,69.4909,49.5305,25.8384,63.7198,73.1410,42.4187,90.4365,113.1980,129.6340,33.5277,59.1084,117.8690,66.7991,97.7613,156.2820,144.7120,108.3980,63.9144,92.2765,104.6890,94.6176,125.2510,157.1310,147.7390,175.0580,230.9930,264.3750,231.7480,104.2010,102.9270,126.3750,99.0760,142.1630,123.3240,76.4585,45.5621,79.1186,64.8916,58.1128,69.3712,63.6436,20.5781,40.3043,77.2773,59.7273,75.9916,75.7663,66.4722,73.5420
41224.1000,34850.3000,22804.0000,34853.7000,47846.7000,36229.1000,25655.4000,23131.7000,20321.5000,18258.7000,14692.3000,12721.1000,12682.8000,12889.4000,10422.9000,6287.9100,4142.3800,2989.7100,3057.0300,3534.4700,3260.8700,3018.4800,2446.6500,1645.4700,1029.5300,1126.9900,1193.2000,1147.5000,1186.5600,1095.5700,953.0940,866.5460,831.5370,995.1810,1183.5500,1234.9700,1036.2100,737.0050,537.3840,415.7130,410.4710,409.7650,299.2090,105.6390,102.2470,197.3510,296.3480,378.7630,265.8580,188.2250,80.4569,55.8013,33.8103,30.8468,36.3665,61.5111,83.2573,74.1959,66.2622,20.8949,17.8649,50.4800,87.7595,138.7840,112.8770,50.9973,15.5685,49.2782,39.1284,56.5053,54.3842,34.6722,53.6481,75.3641,113.2830,76.8022,99.7811,110.3620,112.3890,113.5780,51.5022,36.6300,26.3415,41.6463,48.0214,29.2238,35.5196,72.9428,71.0864,59.6500,32.2754,50.7678,86.3498,89.1093,58.9424,38.6169,55.0234,68.7141,84.9001,28.4112,86.7765,89.3775,117.7310,107.0110,86.3898,61.3895,50.2098,43.1063,36.3518,19.7022,27.5982,46.1767,67.6997,53.6025,30.7156,45.0435,48.5197,57.9754,66.3877,63.5607,94.1539,65.2614,39.5666,27.6832,28.8516,6.9646,50.3981,57.6415,58.7953,15.8578,4.5417,13.4628,20.1756,24.4894,40.0385,19.5455,17.1859,9.5068,14.1159,28.3176,37.9301,38.0119,38.0033,32.4190,16.2071,12.1829,20.7708,12.9371,24.0710,57.1986,59.8327,44.3699,29.8401,10.7693,20.0697,44.7995,23.6388,42.2874,33.8095,44.5281,67.4087,76.8206,48.7742,38.5802,42.8209,71.6029,54.8126,59.8806,55.7536,53.5326,49.4304,43.0603,37.4977,54.2263,109.2130,157.4580,216.5360,242.0790,151.8970,80.5302,51.9198,41.6532,42.2035,41.1250,55.6325,43.4393,30.9557,21.1212,21.9339,69.8546,93.2856,116.5470,111.3130,115.3050,96.9226,72.0101,75.4770,65.9693,50.7568,50.9061,78.9252,97.7886,83.1725,46.0189,28.0941,27.1307,52.2500,81.6684,102.2080,103.3540,93.9755,89.6932,87.8718,93.6591,84.6047,73.1336,57.4747,51.4969,75.9335,104.9130,124.8130,123.9570,102.4440,75.4523,85.9179,83.5813,59.1959,67.0826,69.0992,48.6057,21.9234,27.1767,86.3680,121.2250,112.2290,103.4280,87.9309,52.8512,38.0032,69.0086,89.3678,61.4878,58.4077,57.6111,40.2352,24.6131,18.0760,63.8577,91.3038,93.5642,88.2032,49.4959,14.7035,22.1693,47.8128,59.4576,63.9324,74.3006,73.3713,67.0469,52.2430,40.2256,58.5781,98.1006,134.2420,130.0270,108.9370,80.5132,82.1751,110.5540,118.9590,107.3640,101.5230,100.5450,133.4460,204.2860,242.7400,242.8000,210.7550,102.7980,63.8090,106.6980,124.3120,67.2779,27.3234,51.5829,80.8367,78.2956,55.5014,36.3034,34.4734,39.0874,38.2532,28.2818,17.5436,42.5176,76.2092,86.3423,85.1319,66.9197
40428.2000,34076.9000,22028.9000,33964.5000,46993.9000,35759.6000,25364.2000,22988.0000,20184.2000,18251.4000,14665.6000,12681.5000,12645.8000,12886.7000,10212.0000,5991.6200,3971.1500,2775.9700,2700.7500,2954.1000,2561.5800,2429.4800,2551.3000,2277.7900,2105.1600,1942.5000,1540.4700,1175.0100,1278.8200,1295.9900,1089.3500,1134.4900,1379.6400,1553.0700,1676.7300,1630.9900,1294.8400,808.7070,440.8180,270.6830,322.1610,355.9600,345.1890,312.2410,200.8390,153.8710,252.2770,334.4060,188.5200,123.8970,53.1310,79.0488,36.5745,75.8539,105.4390,132.9390,111.3450,93.5488,71.1590,57.2955,67.9271,75.2396,90.5611,91.0727,77.7879,88.1874,83.2075,55.0301,43.1140,87.9335,113.4140,126.7230,110.5690,46.8138,41.3282,77.9750,103.3210,129.3360,97.8006,85.3052,66.0717,33.0483,43.7248,58.1821,102.8110,108.4270,103.6040,94.8100,70.6409,43.2936,80.3343,112.2580,119.4060,69.7024,23.7730,48.3801,85.8749,141.8910,100.8220,59.4481,82.5527,105.5540,110.8290,85.9538,48.9978,36.2782,41.8186,62.1927,82.7986,77.0858,67.0328,33.1040,49.9947,85.7902,39.3789,21.3083,41.1486,27.7548,19.6822,11.5565,26.2886,53.5154,62.8711,65.7820,19.3745,38.0876,73.8874,41.9159,41.3315,69.8050,75.4381,68.5262,56.8607,76.4909,121.4980,105.1990,61.9766,28.5358,87.2895,93.2075,83.8524,62.0771,18.1293,37.0733,81.8864,76.4267,82.6483,57.6321,41.2825,84.9296,94.8554,88.6141,50.5498,73.8089,51.4700,64.5152,40.6114,71.3469,52.4284,122.3000,80.8777,72.0050,56.1185,105.2130,135.9090,108.6940,113.9270,114.7150,109.1730,90.6441,114.9990,103.6780,52.3248,43.4254,85.9511,107.2950,127.3020,119.3920,59.7910,48.7473,16.4003,11.7023,37.1240,54.2996,61.7470,59.6007,82.7798,110.8700,131.1300,167.7830,206.7580,243.3950,197.3930,98.3813,68.7675,88.0141,84.5277,74.7646,56.5706,44.1745,77.4811,98.9182,103.0620,85.7975,89.2785,108.9490,89.0389,62.0310,43.5496,54.6356,58.2408,31.3282,39.7536,55.3364,23.9054,17.7282,55.5413,51.4385,44.6846,70.2551,94.3384,112.9650,87.0613,48.0610,31.2953,23.8559,19.3620,28.6781,43.9344,37.2505,55.9475,78.0533,95.0640,70.3927,68.7197,68.4853,77.6825,91.3604,104.4880,78.4559,69.4261,105.8160,93.5489,60.7565,45.0143,43.8241,33.0315,33.7040,62.1938,85.3922,97.8228,69.4905,71.6187,142.8080,146.6810,133.5440,82.6474,63.7107,81.8516,57.1724,74.8527,55.1912,73.0875,92.4113,90.0325,71.7997,52.0786,51.0011,57.9291,57.8746,80.4107,120.2150,144.9380,126.2070,136.3130,210.0480,245.3710,261.3250,228.3100,141.7730,95.7506,117.1910,131.0930,93.7515,105.5990,78.3081,110.8330,101.2790,95.4751,100.7790,80.9220,50.7699,15.5013,16.9666,17.9450,50.2448,65.1481,65.9507,88.2448,87.9747
41070.9000,34561.5000,22526.0000,34529.6000,47672.4000,36546.3000,25951.7000,23331.9000,20574.3000,18562.8000,14805.8000,12861.8000,12821.9000,13076.4000,10503.0000,6368.0300,4321.8400,3129.8100,3083.1800,3328.7700,2994.3800,2779.3000,2450.0900,1879.8900,1324.1000,1344.2900,1215.8600,1095.8900,1234.9000,1183.4000,1193.5000,1101.7400,1178.0100,1143.0400,1199.7000,1275.5500,1139.5200,856.7840,619.5720,447.8540,391.4710,338.3660,271.5290,212.4270,108.8540,59.8845,127.5030,214.7920,158.5100,183.6190,97.8687,94.9161,35.4707,13.5580,20.2539,43.8249,64.7755,59.8899,54.2930,29.8149,15.4159,34.5452,59.2322,59.0325,42.5610,33.2764,51.0543,86.3474,143.7180,192.5500,247.5060,247.1200,217.6300,218.4740,209.0860,189.0320,138.8460,78.6548,85.6800,98.3805,69.1598,74.1824,83.0498,106.0340,88.5166,91.2316,95.6061,84.5324,60.4036,65.3349,101.1690,109.6710,87.5943,75.6992,62.5674,57.2615,75.0382,97.3016,128.1630,156.0610,105.0740,90.9645,51.0883,54.5437,52.8333,46.4041,49.3011,66.3343,98.0354,77.4907,89.0234,43.6727,27.3504,19.2526,46.3527,71.6825,63.7676,63.6781,57.5218,34.6280,23.6521,16.0537,23.6789,14.2204,10.1156,21.3307,25.3527,33.9062,52.5629,55.9073,63.2813,71.9314,86.4427,83.6626,85.3978,65.6711,44.5198,18.3904,18.3089,67.2861,97.3987,92.7796,81.6394,27.7328,23.7549,40.7238,68.3972,68.5958,59.5133,30.0718,53.7138,83.2561,73.2089,51.1466,36.4650,15.9210,9.4409,29.8304,42.7673,58.5695,40.0244,32.9499,58.2239,102.2690,99.1644,107.9470,79.0438,25.1933,29.0038,66.4266,68.6271,30.5139,52.8479,72.5539,88.1999,85.1584,102.1870,83.6550,94.1565,82.4567,56.2412,50.4759,55.3925,58.8486,67.6250,90.6010,61.1746,46.2853,116.1110,160.1520,179.5940,180.5180,155.3020,129.5810,124.3950,125.8740,115.2960,108.7440,78.5756,18.8799,6.8015,16.8590,56.3808,78.4166,77.7589,33.2402,11.5281,27.4315,38.9381,101.2880,100.5620,101.4450,53.4917,49.1306,80.2843,79.7241,74.2214,82.2311,90.0946,94.2972,99.5193,92.2558,87.7218,91.8632,52.9514,39.8563,94.1956,119.5810,109.1960,86.9876,60.0289,17.6115,88.1708,93.1384,89.2348,51.3054,58.3932,95.7167,130.7340,112.2970,91.7393,72.6199,40.3675,44.0445,125.6390,114.3100,93.3006,83.6486,96.8179,80.8487,30.8571,61.0331,105.8990,94.0525,105.2650,86.2126,69.4521,8.3701,25.4710,25.9520,36.9834,53.4580,84.1654,131.0510,197.0260,167.4710,127.8130,81.8896,65.9259,67.0337,70.4378,102.8720,134.4940,146.8090,162.9930,180.0060,215.4490,247.9920,269.3500,197.8250,156.5860,162.9370,149.7320,129.8490,106.4750,70.0836,102.9930,124.4540,133.1510,138.2470,145.0290,118.4680,79.5725,49.9398,37.1914,50.7564,59.5176,68.1964,89.3557,93.6791
41240.2000,34840.5000,22832.7000,34855.1000,47851.7000,36324.4000,25715.0000,23103.8000,20339.4000,18251.5000,14645.1000,12719.6000,12711.9000,12888.6000,10319.5000,6175.6300,4046.5600,2937.1700,3098.7900,3468.2200,3012.1700,2736.9700,2129.3100,1237.9600,696.2210,993.8490,1217.9500,1227.4300,1131.9400,771.6400,558.9730,377.5540,425.0140,391.3950,298.3440,187.8840,189.2480,288.9020,387.2290,341.3760,305.1530,333.4940,285.7430,233.8500,190.3320,180.7670,104.6490,193.9380,175.3730,254.9080,148.5940,133.4150,47.5694,22.8874,26.2595,63.4965,79.4248,64.6852,47.7604,9.4036,56.3897,83.5311,125.2020,110.0860,81.4737,77.5049,74.2070,57.3633,34.2425,79.1254,145.7510,159.0620,184.6170,142.4620,49.0606,41.3247,126.7870,161.1660,140.1760,105.8960,53.7122,54.1547,80.8773,106.3150,116.8140,120.6890,112.1130,91.7159,84.4768,84.7926,104.2420,106.6210,97.1504,104.3960,88.4913,110.8500,135.0360,145.5980,159.8850,138.8960,79.9767,48.2774,43.2923,59.5487,71.0508,66.6716,70.2960,75.4083,65.8834,33.1991,44.8428,81.6679,76.3024,56.0415,29.2282,38.8825,43.0276,37.8508,53.3911,46.3584,23.9325,46.4245,60.2871,56.3471,24.7579,78.4844,73.9560,72.4797,49.2045,52.9936,30.0473,28.4918,77.4848,81.0141,48.1306,64.9704,92.6760,89.1361,59.7311,38.3194,55.0327,72.1085,100.9950,136.7270,103.1730,74.7626,81.6726,80.3207,80.1051,82.8029,83.5004,65.6176,74.6056,83.2550,67.7374,56.1324,23.1336,17.7490,27.3724,40.2249,73.1300,97.7179,69.1488,50.2999,35.1827,41.7657,20.2726,34.7878,20.8035,19.8142,36.7658,59.4916,68.2678,62.0774,30.0423,71.6008,162.8260,161.1440,137.4170,115.0900,76.1859,47.1399,50.4712,59.8660,55.6275,56.8596,68.5846,114.0230,148.9510,130.4420,109.9350,76.2608,71.7958,68.9063,69.1301,86.0646,56.1267,32.2256,57.9892,79.5067,69.9455,52.5318,37.4121,46.3437,41.4438,27.7420,46.3308,59.5837,71.4771,102.9580,74.7655,51.7736,12.7370,15.1996,20.6985,34.0533,27.8472,30.0810,35.4339,51.9482,46.0318,31.3066,32.5228,29.3193,21.2928,12.3504,16.2181,20.3202,54.3400,79.1323,97.2866,112.5360,128.5800,147.6090,150.8110,143.6870,136.4680,117.4850,56.6724,23.6895,50.5600,44.8866,20.9547,47.7288,72.2715,56.7472,45.2198,73.1924,107.8610,112.7140,113.2100,140.9920,115.8660,90.6327,50.8721,60.0142,57.4116,29.1253,20.2665,11.6974,12.6199,4.8400,26.7038,48.1310,87.5599,126.8520,103.0140,85.3297,74.5697,102.0260,101.1030,70.7943,114.2370,148.7480,132.8810,192.2960,257.4560,263.9820,241.9810,119.5110,69.2124,108.8060,125.4600,106.7950,70.3824,34.6147,50.4149,112.5900,122.1290,124.6620,120.8090,106.0270,85.7846,53.2985,60.9008,37.0389,31.2307,27.3608,7.3468,12.9347
40520.2000,34219.8000,22176.1000,34106.2000,47052.4000,35674.3000,25364.1000,23040.2000,20206.7000,18261.7000,14775.0000,12805.5000,12666.1000,12802.3000,10239.6000,6033.8700,3883.5100,2907.9200,3088.1200,3293.4500,2908.1400,2826.9200,2853.4700,3008.9400,2896.3300,2986.0300,2445.4900,1685.4000,1374.4800,1260.1700,1196.1300,1223.0900,1241.6600,1279.2900,1190.3700,993.3130,637.0880,195.4130,146.8450,320.1580,355.7920,246.1720,217.8180,287.7670,343.9850,355.0450,340.5600,336.1330,149.6390,198.3480,127.0380,114.3910,64.5291,72.4742,95.1482,118.6460,136.0970,158.3650,142.1950,85.7071,34.9677,143.6160,139.4520,114.6420,93.6654,115.2440,152.5640,219.7510,226.5040,122.2080,67.4510,65.9783,44.1235,44.0122,89.7090,80.9069,114.6800,146.6470,194.5810,81.6817,92.8747,128.2830,167.8260,126.6490,105.4300,100.8800,115.4810,84.5485,102.7760,122.3020,142.6460,130.7360,113.5040,118.2070,119.5430,92.9462,45.6435,78.9266,67.4498,34.6422,107.1050,127.5650,205.3230,120.8160,183.4920,100.7470,60.4590,85.4115,107.6410,129.4770,151.1290,180.4380,87.5134,45.0641,142.2350,140.2530,166.8160,81.3342,111.3470,106.2520,122.7010,106.8710,147.9080,170.7490,92.9654,45.2338,105.3690,194.0770,74.7253,125.9350,95.2281,45.8367,137.6900,90.1430,94.3755,29.5377,30.7661,29.1272,20.9908,62.1793,113.3240,123.9600,123.5920,133.0300,140.8540,132.2360,97.8528,82.1407,150.7290,213.6670,216.6610,103.3430,138.0640,212.1210,188.5860,175.6650,85.2958,71.3247,79.5537,48.5599,39.2767,42.6866,113.9320,103.2150,119.6820,72.4903,159.1510,125.3290,196.5860,151.2410,258.3730,236.4320,222.2350,143.4760,115.1070,104.1770,134.4700,181.1980,218.9040,317.2060,195.0310,165.0700,45.1766,119.8340,140.8310,184.2500,97.1188,177.4370,107.9860,114.6240,49.1857,30.1283,58.2510,148.7250,208.2970,142.7910,65.5830,145.5670,149.1110,186.1970,233.5530,323.9290,170.7780,75.3009,141.1080,125.4910,106.7860,81.9497,117.3920,24.1658,48.6829,121.3980,57.7433,49.4615,127.8760,138.9200,119.7050,94.1227,72.1926,20.6728,108.1840,108.3420,97.2089,81.8185,132.8100,205.2800,166.3630,92.6375,43.8410,31.5129,55.5782,39.8341,93.1805,143.2470,290.1460,242.8390,232.0660,107.1320,49.7407,98.0974,178.1280,117.7500,138.4160,63.4185,80.9520,33.2926,95.1692,264.5300,274.1250,352.0010,181.3490,74.0117,152.6510,140.0660,177.4060,87.3094,230.9110,237.5970,274.5420,182.5550,89.0613,62.2702,61.4521,138.2340,192.2040,235.7700,259.8980,282.9650,240.6260,124.9890,61.5230,53.0123,82.7346,63.8499,62.6116,116.9300,192.5280,193.1030,186.2330,117.6880,65.5362,90.7342,83.0547,149.8430,117.4320,103.1270,80.3893,158.4770,211.6460,194.4810,214.6030,128.1070,104.1430,84.0071,189.1980,236.1260,226.4420,284.3760,216.1190,154.2690
40865.2000,34373.4000,22256.8000,34206.6000,47372.0000,36374.3000,25873.2000,23323.6000,20538.2000,18579.7000,14873.7000,12903.1000,12868.6000,13069.4000,10483.7000,6349.5500,4292.5600,3270.5900,3356.0300,3385.5000,2852.0800,2685.7100,2402.8000,2098.6200,1515.7100,1134.9200,630.6890,670.5560,1213.9800,1165.6900,1083.5600,732.0740,505.0510,349.3770,202.8600,329.5560,622.6520,693.6930,640.2210,591.8250,407.7220,203.2760,120.4150,126.1970,101.5470,149.6010,261.9740,352.8090,264.3920,230.1500,83.4437,56.6861,110.5190,145.2120,174.4330,200.7580,187.8720,156.5780,76.0794,55.5823,107.6350,167.1580,170.5380,113.4040,56.5359,25.1282,67.6693,93.6353,105.7360,124.3310,119.2750,58.2825,65.4696,101.6040,118.6880,116.5630,143.4070,157.1540,135.7350,159.4050,80.5993,81.2615,61.4572,64.1732,107.2380,83.2923,74.2612,38.9158,41.2713,57.7068,55.7185,53.8721,72.6914,82.0482,129.5680,103.4250,104.4460,84.2723,53.1781,44.2274,39.9472,40.0719,41.5764,41.6198,36.2309,21.9447,25.9608,60.6030,72.9670,85.1332,78.7935,89.6262,100.9920,53.2855,34.6496,85.5818,108.9540,86.5902,74.7066,95.1899,118.2270,123.2440,113.3960,85.6516,38.3213,26.3478,55.9875,39.5672,18.8513,46.1088,49.3297,80.4702,32.0065,67.0556,61.2313,60.2020,55.2676,74.1043,73.5112,71.3595,76.0458,80.7880,83.8589,108.7640,110.4340,109.6920,113.5620,134.1450,134.6810,132.7020,116.7360,77.4557,45.0338,22.9462,18.9565,17.6567,11.5679,13.9038,33.0749,48.9905,40.6622,18.6128,24.0574,35.8259,30.8977,16.0244,12.0383,32.6376,63.1638,112.1300,121.7670,101.4730,87.2750,81.8841,69.4967,21.8769,67.3386,86.5211,95.4199,78.5650,45.6007,84.5474,149.9290,149.3620,131.6920,129.1480,66.6282,46.1471,33.5342,34.4445,68.8633,110.9290,137.9800,116.1640,122.2790,96.8644,84.5214,129.9490,135.7980,122.5900,60.3162,49.4977,59.2530,47.2474,44.1455,46.4626,29.9039,59.2511,108.1260,107.5500,80.3435,50.1836,98.1762,141.1850,128.1000,106.7280,84.2502,59.6027,37.9879,48.2217,76.5583,73.4639,79.4054,48.0008,24.5845,61.4341,109.1520,135.1310,158.4190,126.7080,74.5511,68.3740,100.8110,100.2440,73.9441,54.9219,53.7987,38.2946,9.6474,16.1497,38.3465,88.4893,128.4340,181.0260,149.6830,82.2691,38.1514,56.0139,119.4300,138.9740,189.6450,114.3180,92.8902,35.5595,36.8044,18.0642,26.4701,64.0322,83.0225,61.5253,27.8616,78.5700,110.7530,104.4180,108.4430,153.5000,127.0260,119.2260,147.2570,167.2000,105.5730,72.1480,150.5970,223.8290,240.7890,261.0630,335.0760,372.4100,383.1660,296.5520,197.5400,213.5750,187.1970,114.8990,63.0484,69.6197,35.6777,35.5600,84.2886,94.3279,69.5181,78.9400,70.3987,44.9390,23.1076,43.7819,26.8167,22.4053,32.1556,80.4510
41147.4000,34657.2000,22650.6000,34808.9000,47862.5000,36366.2000,25762.7000,23144.5000,20402.1000,18305.7000,14656.9000,12769.3000,12694.9000,12850.9000,10265.0000,6140.9900,4099.9100,3071.6800,3260.3700,3657.0100,3185.5900,2986.4400,2451.1200,1889.9300,1280.7900,1156.6100,993.4220,914.2550,1047.8200,895.6500,668.6260,457.5320,276.5940,84.3330,208.5850,423.7600,528.4540,403.3060,343.1290,266.0560,284.2580,204.8460,143.5200,72.5998,95.8570,127.4040,278.0030,343.3160,364.9640,372.9000,209.0190,145.0200,80.3464,93.8302,84.7788,160.3770,155.1010,145.0800,138.1070,139.6420,78.0305,72.1813,175.1150,244.3760,185.8670,142.6460,76.6079,52.2463,114.5510,161.5350,164.5930,140.7460,195.9220,197.0590,178.3400,215.3170,226.9390,192.9210,124.9990,143.2240,113.9850,69.0365,73.5456,56.2113,48.7878,27.3292,46.3744,62.7186,74.4270,89.3012,89.5971,103.6820,146.9930,141.8320,125.9620,107.3690,89.7288,48.0782,88.8041,166.6650,112.3310,63.3169,27.1858,36.7672,49.0159,34.0789,43.1387,58.1070,47.8143,31.5197,8.7443,16.7763,34.0041,53.2002,49.9744,20.8140,69.3658,109.7740,144.9910,93.1878,48.3776,35.1047,28.3139,33.8260,58.9197,58.7596,41.4037,44.9905,77.7310,126.3800,135.6740,89.0332,103.5100,56.1583,98.1538,52.1136,43.0880,43.7491,66.6552,56.7266,139.5950,134.2180,112.6160,72.9498,51.0188,68.0643,36.3049,44.5543,51.6681,95.1160,127.3390,165.4030,80.8943,34.9702,59.3001,43.1970,52.8307,112.5600,117.8310,121.9270,103.4640,110.6430,92.9833,62.6412,61.4523,71.4382,102.2790,74.9625,60.8505,31.7438,9.4501,3.7502,11.0128,18.2498,60.3990,113.2440,223.8250,182.3920,151.3390,133.9900,172.2280,186.1540,111.2140,79.5245,31.3641,7.2934,8.5402,17.3307,23.6432,42.0778,40.9743,39.4546,50.9979,91.3553,128.2240,123.4720,145.6250,146.2620,147.2520,90.7619,74.0597,110.5260,100.0490,67.7531,60.2892,64.4996,67.1257,45.9897,26.3201,23.2801,41.7563,62.8883,55.3890,67.9166,90.0544,113.1680,113.7680,114.8710,133.5970,110.1590,123.6980,68.2158,90.0314,37.9576,39.2387,43.8708,63.5382,61.7666,63.0069,81.0454,63.3411,72.5680,60.8517,85.6946,136.0770,117.7490,88.1853,62.9524,54.2866,32.4777,26.6226,35.5990,51.7317,81.1136,89.3130,39.4746,94.7053,137.7110,101.7460,71.0545,95.9927,146.4650,52.5414,40.8937,116.1000,84.3350,52.1511,25.5970,75.7794,81.2853,88.5383,112.0760,129.3760,117.2770,155.4440,219.4420,160.9720,124.9960,123.1800,155.3460,137.6430,127.1820,166.1240,157.6360,171.0010,243.0160,277.8850,299.4960,294.0960,221.9920,112.1720,121.1500,171.7390,125.3950,94.1761,65.5233,61.6408,124.6340,123.4570,151.0450,41.2620,27.6045,66.7478,33.9511,56.3668,78.7721,98.5595,141.7220,51.4404,56.8499
40467.3000,34189.6000,22084.7000,34046.3000,47076.3000,35680.9000,25336.7000,22956.6000,20256.4000,18202.2000,14567.7000,12757.4000,12602.6000,12906.8000,10360.0000,6156.0300,4193.8900,3523.8900,3903.1800,3859.8300,3323.0600,2518.1000,1756.5400,990.2360,638.5460,911.7700,1010.2200,931.5510,1039.4700,921.8020,749.1690,554.9720,574.3640,747.5920,875.6190,759.9810,463.2370,290.3710,326.2830,402.0410,429.8600,398.1660,246.1060,183.8890,191.3920,204.2050,290.0450,354.2530,231.5810,247.6620,82.3304,91.6787,42.4380,6.2750,43.9567,92.1145,110.8250,100.7100,78.5962,34.7044,86.7971,141.2500,223.6180,261.6110,240.4550,215.0910,194.2910,194.9570,188.9510,131.3700,50.7806,67.5311,117.8020,135.8770,153.6530,137.0610,106.7490,58.7327,39.1672,59.2254,77.8353,110.1300,143.7380,138.2550,139.7490,118.0660,64.7720,29.3269,22.9423,35.1431,38.5241,41.5147,27.3593,15.8172,24.2006,35.5295,27.6929,48.7929,48.7334,46.4393,25.9716,54.2115,101.3570,91.3472,75.8125,67.3947,45.4183,19.3341,39.1460,52.0529,27.2044,52.4358,76.5472,69.5106,35.5937,24.4560,37.7769,45.7270,41.5316,38.7680,25.5322,19.0312,45.2861,80.9633,74.2964,44.2786,35.7976,65.5732,69.4952,64.7415,76.1484,88.6454,85.3009,83.2279,91.3637,107.8570,120.4870,104.0230,71.9694,56.8760,79.1655,101.4620,103.7530,58.2512,56.3261,79.1273,56.9202,40.7882,17.3516,34.4668,49.9276,38.1740,31.7539,36.5402,60.4287,87.7354,98.3937,76.1138,47.7756,18.1338,38.5944,49.7655,53.9919,53.2021,58.0348,53.8757,49.2177,48.9192,45.3717,30.5846,32.7651,58.8089,85.4799,68.7882,51.0404,46.4317,78.9655,120.7520,161.9040,168.7530,151.8930,146.2990,141.3450,139.2920,111.6300,83.7619,68.1874,44.7234,54.0503,89.6300,89.9279,78.8691,76.2403,99.1578,93.3770,83.4698,111.2610,108.0330,82.9573,58.8379,56.2798,66.3495,23.3666,32.3360,46.5778,32.7640,52.6072,85.0986,75.8952,61.2236,51.4342,54.9815,63.3162,68.2569,75.4064,107.3080,87.9785,63.5763,111.7990,125.7020,109.1330,82.3701,79.4468,89.5462,92.9810,75.6857,47.4392,49.1299,43.7156,23.4714,30.8178,37.6921,35.9151,65.8502,73.0344,65.8958,47.5292,57.2732,76.1779,86.7498,102.1460,72.8886,42.2365,73.5050,113.3600,116.1990,114.5580,108.0470,124.1030,125.0870,106.5120,108.3880,114.6830,94.2989,70.2260,46.5599,51.6496,72.0973,82.0432,63.3014,35.6165,31.2189,49.8128,88.3603,120.0490,114.0970,98.2164,99.5381,111.6090,125.5080,120.7970,96.0482,92.2384,122.1880,131.7990,152.9560,229.3700,249.4540,248.4240,160.6260,79.9785,95.2645,98.2255,96.8159,107.6820,89.1971,90.8267,82.2702,100.7800,82.0697,98.4376,44.6792,35.4469,20.7303,42.5930,54.0914,39.0978,28.4746,41.4612,47.8462
40590.4000,34096.6000,22276.4000,34246.0000,47181.7000,36220.0000,25889.6000,23426.8000,20568.0000,18670.0000,15054.3000,13072.6000,12940.3000,12965.7000,10313.6000,6211.7400,4285.4200,3894.8600,4804.3500,5145.0100,4319.1300,3152.6800,2139.1200,1240.5000,486.8710,876.6240,1373.6300,1824.0300,2082.8800,1905.6700,1589.0700,1276.9700,904.4200,568.6240,495.7690,607.2410,523.6180,184.5720,263.4950,340.8640,187.6900,325.1950,530.0420,348.9490,248.6880,477.5680,509.4900,540.4570,171.6260,338.3600,265.0640,271.2530,164.9020,189.9000,225.5930,261.4430,336.6570,302.4060,181.7190,156.8380,188.4250,208.1430,122.0000,61.1799,66.0750,93.0144,123.3370,108.7010,107.0140,97.2465,120.9870,111.9830,209.7530,95.9466,173.0280,196.2940,192.5230,372.7790,247.6840,193.8440,89.3166,123.6330,172.3350,145.1760,80.4934,76.5930,134.5260,181.1550,172.9230,149.1770,114.3130,133.0530,179.8860,156.1920,127.6250,61.3225,32.9247,11.9757,9.4383,42.2134,82.0519,135.9850,99.7015,60.4030,113.7430,204.2570,171.9820,135.8310,76.8221,192.5980,103.2340,61.1935,58.2539,58.8986,51.7085,156.2460,228.9630,276.1970,211.9570,181.2380,147.6830,188.5260,101.5640,155.0710,251.5660,250.4270,262.3410,235.6160,201.0580,130.9220,152.3000,151.6390,60.7524,96.9176,174.0420,234.3340,235.2600,158.4270,120.7310,64.9339,34.5979,96.7667,87.0967,110.0570,128.1680,129.1340,116.5400,111.3320,93.4005,71.4814,78.4697,93.7309,60.1024,30.5972,68.8343,153.8910,203.4910,232.8720,204.3830,55.2109,31.0712,49.8727,66.1382,168.1320,198.6360,196.6580,170.8360,125.0920,97.9186,84.0965,89.2207,100.5270,91.5778,21.3811,30.2706,61.1865,99.7844,173.7890,228.9060,264.8830,274.0970,273.8460,197.0780,122.4160,210.0710,303.2060,239.9370,234.0730,113.6340,35.1986,45.2498,50.0352,83.6333,56.7535,61.3633,51.3710,130.6510,245.1240,308.2570,299.1680,246.2110,213.6110,198.2970,270.5170,351.7240,275.1900,216.4700,137.3390,50.0405,42.1624,73.5790,78.2441,83.6620,101.6300,114.1790,133.0520,100.8830,77.7487,83.6917,113.7980,166.4310,179.7270,226.8980,196.4780,86.6778,43.9560,42.3357,60.8046,19.3054,29.2373,98.4376,91.0827,101.3820,83.0912,57.9621,28.8190,69.0148,125.5480,131.0880,112.8890,68.5257,51.9393,27.9471,78.0778,168.3420,181.6220,131.2130,112.5170,120.8370,167.3650,155.3380,168.9530,195.4220,123.5570,95.8884,20.2191,63.0058,113.0660,160.7990,171.9680,176.0990,198.0730,206.2480,207.5370,243.0400,260.9430,245.4010,210.9370,180.5620,175.2380,168.1590,127.1060,81.7041,51.6433,72.9729,109.3630,110.6330,95.2792,57.3986,45.0855,69.5916,94.8552,22.7282,101.1820,140.9550,180.9640,183.9060,163.9660,173.9730,206.9180,202.0690,186.3700,145.2930,125.7830,101.9080,111.9200,93.1248,54.8192,29.6438,66.8351
41059.9000,34451.4000,22485.7000,34757.1000,47827.3000,36347.4000,25674.0000,22991.6000,20072.9000,17886.3000,14210.8000,12118.3000,11847.2000,11643.4000,8687.9000,4582.8300,3138.7000,3133.9700,3810.8500,4339.2700,4242.2300,3904.0800,3539.7600,2855.9100,2243.5500,1863.6200,1248.6500,942.7850,1088.6900,857.5410,566.2480,577.2190,711.7810,736.3460,661.1490,577.5640,471.6130,355.1660,328.7320,354.5720,325.0150,247.1710,156.4650,87.0619,72.2009,189.2610,289.8380,392.9890,218.4750,127.3360,107.0340,129.7520,78.9949,71.6793,92.1788,141.6750,80.2595,79.4820,47.2076,84.6464,61.5883,61.8342,86.2504,97.7374,121.5720,80.0989,36.3673,60.9036,86.7938,86.5270,46.5893,108.9510,135.7260,110.1640,51.0710,20.9838,30.2076,58.3728,120.5450,98.5809,60.4536,13.6478,50.6169,74.2754,91.6158,105.7770,82.3396,77.2778,82.7254,85.4949,104.4720,105.2210,89.2328,50.7910,58.0682,59.5679,72.2973,112.5000,117.8920,113.6910,100.1550,78.6491,75.1707,50.9196,78.7331,64.0759,49.3591,103.9010,58.6324,90.1651,71.6979,77.6037,87.8311,92.9087,87.5895,60.7933,137.1960,254.2710,237.1810,142.2710,69.1991,21.1185,67.3389,104.9710,98.9751,56.2141,44.2458,78.9080,106.6150,116.1470,85.5507,76.1283,129.2070,147.4550,126.6400,100.1250,71.2458,24.5942,27.5076,46.9128,60.3269,40.4521,58.9939,121.3650,89.3171,72.4939,16.8021,83.3187,91.7717,130.5960,30.8516,111.0130,174.4700,214.6150,142.2370,101.0030,59.5517,74.7438,102.5580,204.6930,102.6610,65.4520,52.7637,84.0570,96.9034,38.9683,29.9214,67.5607,86.3895,102.5170,62.7106,90.4700,49.8849,99.2344,39.4194,11.2506,97.0834,89.3151,111.6870,73.8849,40.2143,23.2754,116.9530,96.5079,102.1870,93.4161,51.3785,81.9009,26.4650,31.5407,34.0887,35.4974,42.3787,70.8197,127.3070,101.3810,89.0393,20.7813,48.7450,90.7904,66.6819,111.0320,48.6455,29.8007,106.1050,115.8830,129.5100,139.3460,179.5550,129.1800,136.1470,211.1850,129.7120,219.2040,56.0626,52.2525,156.4400,154.7010,46.5877,62.8162,109.6430,27.2536,71.2957,218.2910,161.4060,125.6480,72.2823,109.7490,99.8155,51.8203,87.2336,105.1530,119.4870,66.5261,91.4314,67.9878,94.6205,170.6400,108.3410,113.5740,75.3625,75.7703,133.9950,42.0194,77.9993,69.3433,26.2399,87.4645,231.5650,196.2820,207.6840,60.2655,122.8580,90.1161,89.2688,89.0148,64.2086,47.1639,68.3289,105.7710,132.2640,185.0170,242.7830,239.2430,158.2090,200.7850,206.1990,214.8300,94.3254,89.8156,136.1640,169.5370,184.2970,235.3230,211.9710,186.1290,274.0190,284.8870,268.9630,145.7440,148.1550,300.7350,322.0890,295.6360,239.5230,120.8560,42.0933,124.9810,73.0689,77.6861,67.6566,59.8914,98.7772,102.7860,78.3520,79.7923,92.9182,142.1770,138.3210,71.1201
40649.1000,34312.2000,22410.2000,34452.3000,47296.6000,35661.5000,25153.6000,22829.8000,19823.3000,17855.4000,14346.2000,11937.9000,11900.3000,11813.7000,9358.9600,5837.0200,4612.9100,4665.1900,5279.9600,5303.6000,4021.3600,2996.1500,1964.1800,1706.8400,2134.4600,2238.2800,2242.0400,2052.5400,1797.0500,1125.8300,915.3850,1156.1200,1092.5600,856.6770,560.2590,310.9670,231.9810,262.9860,289.9460,309.3880,299.8350,207.3820,174.2580,208.7430,268.0780,335.9340,457.3270,390.9580,309.4540,241.4650,130.0930,154.8380,218.0100,201.6570,256.7240,211.5980,172.2710,158.7680,153.7520,96.1597,81.6837,167.8790,228.6240,209.5110,175.9230,151.3300,163.5210,193.1660,149.6640,98.3050,103.5190,141.8710,171.7950,193.6220,200.7830,155.2610,127.8410,192.7990,225.4250,218.7940,138.6620,104.6110,141.7060,136.6640,104.5450,65.3166,34.1410,61.6218,89.8634,93.5647,116.7740,128.2280,139.3640,111.6860,79.0978,58.2282,33.7803,45.8714,73.4579,94.8406,79.6723,32.2901,54.3163,77.3729,123.2610,101.8760,85.5327,74.0275,78.9226,27.4740,18.0633,23.0802,65.6122,52.2695,67.5335,90.1136,97.2065,76.6080,103.7550,118.0810,82.4128,35.7054,42.5594,73.8367,46.9965,43.2166,52.8158,36.7857,16.9956,27.0247,80.1313,102.4780,117.9940,118.1860,114.0130,81.8836,53.8452,35.4154,41.4488,60.2881,105.1220,114.4550,79.7041,56.3196,134.9170,114.4680,76.5178,85.8279,102.3580,96.8905,66.8478,97.1637,123.1940,102.4260,102.9370,106.0460,98.0130,88.9280,66.6670,36.8280,50.9847,90.4437,75.3086,56.8608,75.0585,89.4028,85.5698,61.7841,119.2340,169.2740,107.9480,80.9324,100.1420,179.4590,212.0840,163.5620,142.7950,144.5210,160.1310,105.9060,61.4960,62.9640,64.9838,87.4191,110.9540,109.7460,109.6450,98.6367,103.1820,106.9180,75.4589,91.7681,177.2050,184.4280,178.4850,147.5090,129.4740,96.2689,66.3345,43.8098,20.7184,40.4794,83.2234,117.1310,128.5390,113.2530,85.3713,15.5504,13.0858,39.3845,24.7312,50.9765,28.8848,30.8593,34.2080,58.5437,66.5663,63.3403,47.8088,67.1242,75.0641,60.6897,50.8820,76.3085,112.6780,123.1500,105.8870,80.8037,46.3761,14.7548,35.4406,42.6828,39.3167,35.8627,45.0211,45.9085,36.5911,51.4699,90.3760,127.8310,137.8650,61.0713,68.5031,67.9172,94.7989,77.9007,69.4856,58.8381,30.1232,45.7057,102.5800,135.9640,112.2370,88.4601,64.2051,77.8887,122.1630,158.1020,124.3630,107.7620,86.6065,62.3966,62.8790,70.4401,98.6922,120.9600,104.8590,79.7497,132.3220,206.4590,207.6080,147.9130,135.7290,125.6780,124.3480,210.6750,320.8500,355.9960,356.8590,278.9540,194.3690,126.8060,94.3541,74.0200,36.5273,56.4666,100.4950,79.9158,82.7714,101.9210,142.8670,102.1950,64.8034,29.9345,52.3799,106.3600,160.3020,139.0670,123.9430,149.0760
40547.6000,34088.8000,22096.3000,34153.5000,47237.4000,36112.1000,25639.3000,23322.4000,20390.9000,18683.2000,15268.1000,12978.3000,13292.2000,13467.4000,11166.1000,7273.6900,5031.3400,3974.7300,4004.7300,4155.9500,3428.6800,3001.6200,2278.4500,1722.0200,1324.6100,1455.2900,1409.1900,1338.1000,1461.7000,1475.0500,1331.7300,1159.1300,900.4010,648.2230,706.8630,863.6790,804.6150,627.0460,421.1800,322.2750,323.8230,278.7490,237.1800,295.6790,388.6750,539.7210,698.2450,702.5470,625.9280,533.9960,389.9360,345.1850,358.3120,315.6760,293.3790,306.1050,303.3000,277.4270,257.4980,251.3590,213.1570,181.5610,157.2740,133.6400,95.6295,54.4194,56.9325,106.9500,139.3850,161.8040,176.8660,119.6600,67.4276,95.5650,141.5030,151.0850,145.1440,122.1440,59.2794,30.6281,46.6404,86.5833,87.7024,99.3076,54.1370,30.3252,36.4325,37.9751,11.4693,23.7813,60.3630,25.2537,29.8598,103.2180,59.4436,40.9667,39.5781,38.6442,26.1113,24.5996,43.3947,68.3935,105.4070,83.8381,40.0913,49.1986,60.4893,52.7840,36.4469,53.4345,55.2049,43.1712,75.2046,59.3196,39.1763,45.5784,72.3649,109.7780,78.2630,41.8970,23.5817,19.1467,24.2737,34.5395,39.8992,29.1063,47.6095,109.2010,95.2006,66.7346,24.7864,46.1373,32.5775,40.1880,78.0207,58.5170,34.8572,39.5075,50.6063,46.0534,27.9514,51.2859,77.3914,22.4273,51.4327,135.1210,81.0531,52.9670,28.6528,50.4883,18.5314,12.7720,61.5226,56.2060,44.1616,20.4567,60.5846,46.7570,26.2135,50.2924,55.7751,71.4169,56.8199,59.9798,131.0610,93.2399,69.0138,36.3713,18.2738,18.2818,28.1137,32.7014,49.9653,99.2485,149.9910,164.2660,162.9320,158.9750,103.4760,81.7071,133.2380,140.0800,86.8795,40.6122,52.4046,115.3920,125.8340,129.1410,53.9467,75.0290,147.8400,223.3930,188.2190,97.3291,38.0673,106.3190,142.3980,136.3210,103.3550,23.5853,65.2019,107.8770,144.2410,122.9750,77.4963,39.7157,10.6974,24.5526,51.4693,83.1563,85.7029,78.0589,20.5548,24.2089,49.8212,36.1664,36.8929,46.1129,49.6840,58.1339,43.5190,71.6492,81.5912,100.4320,118.8070,81.3785,65.5446,38.3831,38.1784,45.4526,96.5558,93.6341,93.4882,100.4260,128.2140,135.9760,121.8480,103.8270,63.5408,37.0053,15.3297,8.1243,34.7017,36.9872,49.7562,36.7649,95.1082,125.1570,139.8430,146.6820,120.2440,95.8062,85.9220,98.5489,100.4320,91.7177,66.1564,24.2961,23.0202,36.0926,44.8648,60.5663,77.8294,91.7758,119.8570,147.6940,138.4470,126.5030,119.7300,118.7320,86.7019,34.4879,35.7317,83.2733,159.3440,276.8360,316.7080,293.8230,250.5530,182.1670,175.9050,214.0080,212.5550,170.4890,133.6030,110.2740,120.1540,101.3630,62.8970,86.5287,105.0230,107.2800,77.1194,36.7342,62.5891,118.6300,131.8160,101.5290,80.1554,73.5442
40862.3000,34311.2000,22302.0000,34395.6000,47488.7000,36182.9000,25468.8000,22713.0000,20076.0000,17794.8000,13737.6000,11871.7000,11255.4000,11220.7000,8653.9000,4683.4000,2611.7500,1853.9700,2217.5500,2563.9300,2618.7700,2763.8100,2666.5900,2293.8900,1918.7000,1772.3000,1461.4100,935.1160,448.6730,361.0120,914.2320,1232.0100,1213.6100,1144.7200,702.8680,404.0700,298.0960,282.7390,278.2480,260.3760,234.9070,225.1310,141.2220,105.1800,172.0120,334.6110,515.9270,620.4950,589.8660,543.7650,484.7600,397.1280,324.7220,233.7050,160.5470,178.4290,238.0280,271.7190,283.9770,303.6390,311.1110,296.0070,294.4800,274.0800,229.4910,177.3610,113.4930,146.6420,217.8370,225.4190,161.0460,113.2950,77.7607,53.3004,23.8444,35.9939,52.0593,93.4557,83.7922,52.4698,26.7670,31.9311,54.1630,74.0210,98.3270,122.8420,106.0380,85.8031,42.8004,28.4755,39.4275,46.8107,32.5066,29.8209,44.9160,36.7365,28.6267,58.5041,98.6957,120.7920,127.9810,91.4441,88.2015,112.4820,86.5977,49.6472,30.3232,67.0155,79.2529,70.9945,32.7203,28.8612,25.9037,29.2321,22.0663,27.4634,45.2623,41.2200,60.8731,29.3681,19.1005,13.5391,44.2404,38.8569,68.5127,54.0587,45.0203,32.6145,15.2752,8.9843,5.0614,11.2284,22.5784,20.6149,15.7927,12.3151,20.6880,25.9236,57.1692,60.1511,103.6140,71.6816,59.9226,35.8176,53.9851,43.7970,38.8105,43.0237,51.8228,45.4315,45.1569,47.8705,40.2860,44.7311,54.9040,65.8102,25.6880,21.0121,38.2202,56.8107,48.1715,35.6088,15.9998,23.2652,41.7985,33.0074,17.6432,13.8717,7.8796,13.9282,31.6612,36.5500,39.0686,20.3990,11.5239,32.2346,54.5982,71.1949,95.6235,104.7040,90.0892,78.2502,62.4774,50.8035,30.6418,63.1684,76.4777,92.4425,102.7020,90.4592,54.7090,52.3834,107.5570,125.5710,106.6180,68.4079,50.2240,66.1043,65.2634,66.3019,97.0168,127.3940,130.4490,106.3130,80.0428,61.9696,60.9321,59.7094,44.4388,25.4110,41.9948,65.4947,58.1858,45.0331,55.6038,54.2058,61.4251,45.2444,11.2666,7.2970,16.6541,23.4576,33.6395,44.4132,55.6570,39.7437,18.9463,13.9968,40.1118,67.4458,94.1378,112.1100,125.8640,113.0390,99.6115,94.2633,79.0512,62.4736,33.6354,25.9338,25.3242,29.8529,26.7674,26.2028,52.3018,78.3094,67.8607,47.2532,14.4696,28.6392,31.7194,20.8734,33.8085,43.6462,27.5807,26.5240,47.2135,51.0701,38.5244,37.8192,44.6571,38.5937,30.0074,14.1796,61.8110,76.5083,77.0640,67.7039,75.3760,107.8150,136.4130,134.7550,89.9741,46.7903,65.9637,150.1150,235.4890,259.4270,258.1790,169.2150,102.1320,115.6280,109.0280,66.7730,49.3662,76.9964,81.6948,69.6876,34.3063,58.5232,113.9050,108.0810,72.2824,56.2058,62.6027,81.1197,74.7473,59.2850,45.3059,30.5687
40865.6000,34463.2000,22535.5000,34722.1000,47599.6000,35830.6000,25201.9000,22835.6000,19674.8000,17748.7000,14476.8000,12251.3000,12318.3000,12709.4000,10605.0000,7023.4300,4837.8700,3402.2900,3198.8900,3741.4800,4020.1700,4015.1600,3563.9800,2692.8400,1983.5300,1736.1600,1461.6400,1317.0300,1299.3200,889.3490,467.2910,376.5020,514.4260,620.5060,688.7640,723.4530,584.2640,301.1520,117.9780,124.9510,198.7870,221.3050,261.2290,348.2740,438.9840,412.9020,362.9870,369.2540,410.9250,508.1460,539.4720,440.9690,257.6840,158.0720,240.3610,318.0880,333.3680,323.9180,330.5110,278.9500,171.5310,87.0321,61.2444,53.0144,95.6152,69.5133,46.3740,28.7078,44.1973,52.5109,25.1194,53.3747,98.5053,109.4770,114.8860,102.0870,92.3653,48.5255,14.0667,5.5471,14.7457,38.7371,35.6392,47.4251,47.6226,49.6429,61.4576,50.8420,56.8451,49.9153,52.1695,59.4810,42.0981,39.8342,16.7232,17.3303,53.5067,50.5553,71.8368,73.0784,50.7322,55.4493,20.5769,12.5918,10.3433,42.3602,29.3320,61.8936,50.1473,60.1690,27.1616,27.0277,52.8468,61.2299,65.7105,63.7403,65.1959,53.3933,31.4791,23.6460,15.0474,33.0255,68.5547,105.6550,88.0534,63.8014,66.9487,61.9854,46.9934,50.0052,63.5159,73.9382,46.6043,18.4333,15.2878,14.8474,20.5789,47.9569,42.3901,38.6141,35.1299,37.3342,62.4715,31.3483,23.0942,25.5924,35.6980,25.7068,10.4102,25.5199,54.6009,48.4264,61.2452,76.1864,113.4090,75.8617,70.2092,38.4635,85.8132,57.1521,45.8817,33.8241,46.7045,68.6851,80.3918,78.3421,75.2944,65.8769,41.5830,20.2583,43.6268,97.1891,83.7023,55.9716,92.4945,128.9540,177.9290,196.1490,192.5330,153.5380,143.1350,109.7390,65.6075,107.8400,127.8310,122.0450,131.4640,136.6960,126.2100,67.8332,35.1597,23.7895,45.8280,74.9021,109.4540,104.0020,82.8407,59.3971,40.6677,46.5731,72.2476,89.9079,81.6888,56.3007,47.5077,31.0702,32.7695,26.5320,17.3665,10.6906,28.4887,20.2486,35.1873,22.0782,39.1428,26.4299,36.2477,23.8716,35.8233,21.4183,29.1223,28.4482,33.6071,56.6862,37.0861,58.5745,24.4510,39.6695,35.4714,39.8851,47.5709,68.3725,99.4116,116.4670,112.8300,108.6440,104.5020,92.1358,49.1447,24.3181,13.7596,8.0932,1.4395,10.0758,14.5385,30.2083,28.6423,33.8687,21.5233,20.7295,25.8923,38.7077,23.4300,11.3896,34.9604,52.2797,65.6462,64.6626,60.2329,45.3215,29.0084,14.0996,20.0093,62.6264,85.9512,81.8389,74.5733,79.2770,102.2630,127.2990,114.8210,76.2889,89.8400,126.5660,136.0330,180.5740,246.9580,256.4720,243.7150,199.0520,156.8110,174.1260,177.8540,132.3190,100.2450,73.0778,59.5708,32.4171,44.8181,40.3219,47.6907,47.0223,33.0140,13.5346,26.4958,50.0247,56.5850,32.3413,15.4331,26.1729
40403.1000,33958.3000,21964.0000,34034.4000,46996.4000,35673.8000,25093.2000,22800.1000,19798.1000,17785.0000,14415.4000,12156.2000,12289.7000,12595.6000,10329.2000,6335.2300,3968.7600,3031.2400,3324.6500,3789.5000,3796.2100,3666.6800,3311.3000,2622.1400,2103.1900,1965.0700,1616.9900,1087.4300,779.5410,460.4040,266.3470,580.7970,794.8920,943.4590,994.3940,908.1180,723.5140,515.6840,338.4420,79.3397,309.6210,510.6720,740.4260,684.2700,585.5940,577.5470,356.6820,329.6310,312.9060,321.5260,319.6030,246.2510,198.6310,133.4940,88.2996,136.9220,204.9870,255.8440,285.1020,268.2300,222.8260,161.2960,102.0030,54.6626,81.8495,103.3410,87.4050,93.2909,81.6281,45.8435,41.1931,123.0680,137.3770,119.8950,114.4170,87.2623,68.6011,47.7742,53.9127,23.2602,15.2118,16.5111,65.8943,59.3391,56.9726,22.8136,36.4792,61.7761,61.3626,51.8240,43.8663,34.4102,41.4159,43.9827,55.2137,36.3922,72.6267,63.7845,67.9292,62.4330,58.0089,55.3504,54.7906,45.6773,33.9313,19.3409,28.5236,32.1812,31.0414,46.4032,27.4779,24.0231,30.7147,21.0758,14.4463,51.0104,67.2376,73.7110,63.4251,38.9206,15.4125,10.2419,22.4164,28.9035,27.5638,35.0937,60.0711,92.0526,88.5363,71.5158,73.5024,92.4724,99.2695,74.0308,93.4877,109.0350,82.6880,55.7036,9.4926,32.9124,55.5820,80.5553,66.4094,44.6447,45.5907,36.8521,21.4913,54.3681,82.0499,93.6189,80.1835,73.5025,57.1782,38.2162,49.5362,78.6612,84.3107,51.7311,33.6558,60.8303,80.2637,79.6359,64.7186,31.1611,26.0102,38.0794,39.4139,33.8431,27.4398,26.7490,35.4953,55.9193,85.8167,106.0500,125.7830,144.9570,179.9620,214.3920,204.5030,147.5460,110.6340,52.2398,18.7166,18.3416,61.8174,133.7270,132.3480,124.1610,88.8737,71.6790,98.0544,146.4640,151.7490,119.5270,111.4580,111.8170,112.4390,96.8097,76.7918,48.8125,18.9681,40.1827,74.8722,52.7804,27.3461,8.8128,30.2105,73.2051,104.8340,114.0050,123.9950,114.4820,69.8563,58.3336,51.5086,61.2063,72.7317,71.0150,61.7844,46.8767,28.7550,27.7046,58.7170,87.6351,93.2013,85.1827,83.8957,94.0994,68.2413,36.0042,55.7813,89.9668,103.6600,115.8450,124.4510,118.0820,95.0837,89.9978,120.7760,141.8180,111.4570,82.9896,77.1378,76.0321,71.7744,43.9112,33.8878,37.3978,45.1325,55.0996,57.4981,34.6571,16.7548,19.8105,51.8368,98.2190,73.5156,58.0256,60.7304,74.7416,71.4333,64.0949,94.8151,150.2320,174.8200,138.0610,109.7770,102.7020,112.6120,112.9960,95.0444,96.0224,97.2129,94.5484,146.2540,259.4830,329.2560,319.2470,284.9430,192.7890,139.0730,164.0430,168.4750,110.3580,64.2487,37.4066,33.5696,26.2819,39.4239,33.7780,57.0896,36.1503,43.2240,39.7242,31.6750,31.0404,65.7905,85.4606,80.5995,58.3832
41097.3000,34519.2000,22514.6000,34684.8000,47865.1000,36649.5000,25915.1000,23321.0000,20394.2000,18577.2000,15068.6000,12924.8000,13449.6000,14043.8000,11503.1000,6944.4800,4016.9800,2032.3800,2330.4600,3623.0500,3920.0600,3731.1500,3522.9900,3082.8600,2489.9200,2487.6500,2128.5200,1496.1100,1001.8900,612.9760,207.1170,249.8900,409.3890,541.6080,597.9420,670.7640,565.2930,388.3780,318.1300,496.3890,664.2560,759.2040,520.2610,279.1050,185.0990,198.8880,232.4130,363.7240,463.3680,516.3310,476.9830,406.2930,355.3760,313.0830,239.6910,152.7750,101.4050,107.3040,102.5050,23.9926,71.3380,127.3630,181.0710,96.6724,97.5283,63.9949,107.1540,85.9345,81.5922,60.4661,57.9947,59.2526,68.7303,35.7608,22.6814,15.5701,43.7529,29.8791,73.9668,66.1485,122.4440,118.7160,115.9080,97.0921,44.4377,57.5871,66.9955,101.0660,70.4901,44.4784,23.1054,30.7648,52.3578,71.1107,51.7355,67.6563,95.6411,105.4000,118.2060,130.9000,120.1700,78.8663,51.0437,46.4774,46.6662,71.7642,103.5150,118.2960,108.7190,73.3049,39.9213,64.2293,65.5209,61.5217,52.4345,35.4008,46.4980,63.0181,76.4041,58.1975,32.3317,25.7824,49.9297,88.8366,67.7178,52.0160,51.5695,55.3114,37.9029,38.3595,66.6455,90.9944,86.2137,85.2960,81.9239,62.8213,33.6759,23.1605,36.7059,44.2382,116.0390,152.6220,213.2820,173.1880,114.7460,83.5877,55.2501,54.6348,54.3527,71.1184,62.5846,72.0775,20.1014,32.1061,78.5434,100.8400,75.8033,60.8032,15.8439,47.2330,57.7015,71.0719,60.6838,16.8957,21.1175,57.7192,28.3596,26.1667,73.3873,84.1511,94.2048,102.4500,137.2210,173.3880,183.9250,160.5570,139.6570,124.4330,140.8210,157.5990,94.6084,51.3197,54.6550,116.9230,128.1620,159.1350,180.9740,193.1780,158.2660,87.8955,66.9230,54.6676,73.7179,127.8500,127.8750,111.9810,123.6270,143.2800,142.2850,87.2729,52.1667,28.0196,23.2554,33.8345,56.4265,57.8589,76.2056,70.1518,33.7888,14.9474,45.2008,32.4565,23.8957,19.7453,22.6171,12.1945,20.0778,36.6597,47.1278,32.7223,37.8922,18.3749,42.0498,50.1272,60.3850,85.3624,103.9120,83.9851,64.1918,16.5509,34.5154,68.2754,87.3935,71.2405,58.6150,50.4648,53.9769,70.4431,74.7091,63.6007,54.7172,38.8894,28.5537,21.0110,17.9461,23.2998,35.4410,59.4802,50.2154,30.4119,32.5355,38.6966,45.4996,58.9797,63.3642,38.5582,28.6181,46.2413,41.7877,33.1025,57.7578,84.5436,126.9610,219.3240,277.8810,232.4900,183.4830,141.4920,127.5260,123.2460,133.9190,144.5020,148.0760,155.4260,165.1720,208.1790,264.3000,256.7130,230.9160,187.7260,152.8350,135.5040,85.3698,36.7325,11.6955,18.4595,27.5264,46.0645,68.8857,51.3314,24.7679,31.1629,63.3645,66.9279,94.6587,73.5132,88.3095,83.6852,61.8979,50.0400
40943.1000,34672.6000,22692.3000,34710.4000,47830.5000,36364.5000,25862.1000,23340.6000,20816.1000,18767.2000,15090.7000,13659.3000,13022.0000,12928.1000,9826.8600,5259.7200,2759.7700,2030.8700,2488.9900,2973.8700,3092.6300,3084.1200,2918.2100,2401.3200,1627.7300,1343.9100,1218.8500,1088.6400,1006.9900,734.1780,557.0920,479.0600,436.9600,359.3550,316.8460,402.9190,523.4020,541.4150,479.3430,422.4060,355.8930,366.0700,391.2060,322.2500,238.3620,181.5000,188.9670,214.5930,201.7320,201.7070,185.8720,116.6940,61.9923,70.9832,80.9340,74.8458,71.1485,88.6223,136.2400,142.5220,196.3350,142.1100,102.1240,96.0441,121.5610,138.8420,120.5150,99.6338,76.0328,46.1248,12.0479,30.2062,28.4051,21.4016,24.8407,18.0060,24.3688,65.5431,78.5671,79.2519,52.6892,43.3638,68.3829,97.5423,101.1040,89.3426,74.6743,66.1646,57.9225,55.5258,55.6529,52.5694,46.0011,58.4580,67.0924,34.5456,47.7547,45.8312,40.2973,36.3815,61.3770,116.0710,136.5280,106.3430,80.6458,72.6312,75.5276,38.6876,36.8435,41.1001,67.2491,51.1014,22.8480,54.6176,87.9871,67.2337,57.3790,76.7652,107.3740,98.7456,74.4407,38.7470,15.3984,74.3651,66.8708,46.7444,31.7121,54.7296,58.7000,51.1799,66.0053,81.2687,73.1980,93.1160,115.3530,77.3788,50.8890,70.9183,69.1810,51.5438,35.3217,67.4975,89.9645,100.6410,43.4927,43.3712,21.1368,22.4807,27.1872,33.2317,12.5907,34.8327,55.6574,75.6471,87.9469,70.5766,47.8408,63.1982,89.9658,72.3584,56.8417,9.0325,57.9350,71.4450,75.1419,48.7279,54.4928,88.4004,71.9979,55.6037,42.2411,8.2946,34.7499,68.1515,126.6230,150.4960,143.9650,155.3970,161.6980,176.0560,121.7880,53.8479,20.2706,62.6562,142.6660,228.9130,230.5990,226.2930,195.7850,115.7220,52.2777,61.3748,45.8729,41.8255,66.3547,98.3286,86.3700,77.9568,73.5409,40.3838,31.4767,25.4622,30.2184,32.8877,19.9961,42.8633,37.7691,44.1961,34.2387,33.8107,27.3623,26.1410,36.3264,13.9530,34.0810,43.2379,33.4811,34.5956,57.8788,72.5298,53.2164,18.6525,7.6349,16.9424,44.7278,39.8427,33.0102,60.9980,77.3164,95.4426,94.7599,74.3328,69.8516,78.0572,100.4380,108.0820,108.0810,119.3320,132.8660,156.3350,151.1660,104.3640,89.7170,37.8566,38.1927,24.1206,37.9523,62.5390,69.8460,94.1054,111.8050,134.7950,87.7425,39.8605,29.3525,43.4527,63.6690,57.8397,42.3648,19.3299,55.3709,101.4310,151.8200,233.1430,250.4000,203.2280,181.7030,164.2530,154.7450,110.5230,63.2218,67.1035,93.1899,84.5706,94.6713,166.0750,230.7330,244.9350,239.1850,174.7700,93.6447,98.6709,114.7150,85.2287,75.8638,78.8063,89.5943,71.1125,72.6657,47.2400,52.3257,63.9790,70.0579,49.2228,34.8210,28.0292,16.4038,13.6582,18.6261,29.1340
40217.9000,33863.0000,21887.8000,33811.9000,46752.4000,35527.5000,25204.2000,22859.5000,20105.2000,18167.7000,14514.5000,12594.3000,12237.9000,12400.7000,9741.5200,5493.0100,3670.4500,3027.5100,2956.7800,2603.9000,1832.7800,1726.1100,1943.5400,1796.2800,1519.7800,1125.5000,855.4700,957.5350,1188.7400,997.4940,837.7520,930.9440,977.2080,949.1040,906.6820,779.9410,626.2440,475.1530,342.2170,201.2310,180.3150,285.9280,348.4310,381.8500,389.0800,370.8100,356.3300,332.2220,284.5080,268.2660,268.5600,303.1000,257.3820,158.5750,88.8183,84.2612,118.9900,155.7250,157.9090,133.5940,106.0840,68.9152,14.7206,35.2719,45.4056,44.2496,58.0767,86.2865,116.2540,160.0920,174.2420,153.9630,119.8900,76.0493,46.4119,117.4920,174.0400,208.3390,191.0150,142.9840,97.5255,51.7584,44.2157,50.2973,33.7140,27.2184,31.6160,23.4086,20.1688,28.8560,32.8086,46.6575,46.7685,28.9550,16.7005,10.4219,13.7202,14.3495,15.2759,18.0688,9.9854,13.6689,17.4455,34.4825,30.8344,33.1902,37.4116,35.7026,19.4359,17.1212,21.3764,34.6713,56.0837,60.9181,53.6291,44.2709,42.8371,44.6605,53.8640,48.9697,31.5118,38.2362,40.7167,53.6000,70.7861,63.3530,50.5715,65.6995,66.2195,55.8059,35.0448,45.1262,62.0080,47.5608,28.4474,10.1980,10.2477,30.8535,32.5180,44.5100,68.8073,59.7134,55.9660,34.0082,23.7802,16.4463,19.0014,32.9424,46.9311,31.7164,25.6392,25.9267,29.5991,48.8848,64.1222,67.1731,58.4173,71.5700,77.1244,58.1466,43.2147,33.2011,37.3725,45.3782,39.0937,22.0359,19.3169,30.1289,39.9570,44.3903,55.7150,41.4010,58.5670,65.6638,56.0592,80.0453,113.5430,161.8500,159.6550,110.3150,75.3752,37.1158,17.9092,73.6443,83.4447,89.3780,121.8490,137.5510,144.9730,112.1010,71.9483,41.4984,35.7074,47.8037,53.2622,69.1180,82.1567,98.3796,71.3596,21.8280,33.1890,70.4780,64.4629,58.4283,54.2314,43.5381,14.2975,23.1741,46.3592,47.9601,26.5705,14.4664,15.0961,35.0071,71.1035,75.7747,61.2791,35.6266,14.3844,20.6893,78.7749,114.8850,122.8900,110.5800,70.3181,56.2163,53.8785,50.1674,60.1560,83.5011,90.8864,83.3845,76.4695,76.0875,82.3812,92.9321,90.9114,87.0710,88.1772,110.2980,131.4300,119.0230,106.9180,112.0600,106.8760,117.2420,120.7600,127.1930,91.7620,45.4456,32.8747,43.7731,64.0599,89.7495,119.9120,135.7180,126.3730,99.9665,68.9626,47.5753,58.1500,96.0246,137.2240,167.6830,195.6150,184.5970,155.9240,143.7780,138.9510,148.0660,115.9660,72.1530,87.5224,122.8220,126.7680,174.1620,254.9700,262.2690,250.5990,188.7830,141.4060,130.9320,124.1100,94.7014,78.3622,29.9056,37.7581,67.4410,74.7182,83.8519,65.5538,57.8163,72.0221,75.8703,94.1000,51.9902,55.7345,47.0042,43.8499,41.9647
40862.6000,34346.2000,22316.4000,34361.1000,47581.7000,36613.6000,26076.6000,23461.0000,20809.1000,18879.6000,15101.1000,13419.7000,13014.1000,13093.0000,10040.1000,5217.7000,2550.1500,2273.8100,3296.0100,3769.6000,3449.1600,3063.4600,2684.5500,2294.9600,1919.6500,1767.8300,1229.6300,507.6150,203.1410,360.1800,648.6330,910.4040,1005.4200,1005.1400,964.8830,923.9240,700.7470,427.8330,264.9650,226.9160,226.1070,204.1180,186.0280,105.9460,212.0360,264.9440,252.3180,250.2180,97.3828,93.5023,88.8086,121.9090,115.4320,134.8300,109.4140,75.9050,33.7250,127.4990,150.4940,164.5830,165.8520,147.2420,88.6450,66.9122,78.8720,59.3160,55.1447,59.2705,42.2086,34.1163,82.3757,106.9170,98.9791,42.5579,14.9272,6.2486,18.3890,39.4172,37.6497,24.2483,18.3261,31.0926,50.3464,61.8900,66.4009,42.8129,32.7590,41.5760,44.3492,43.0027,45.5974,29.6590,38.3042,37.5766,37.1209,39.0616,46.1280,47.2048,41.8187,35.0570,31.1565,22.5159,17.9352,25.6408,32.6179,36.5280,26.1865,28.6230,20.7763,9.9749,23.7654,28.8281,25.9551,31.2810,43.9235,46.7895,27.8291,33.0307,54.4945,46.2519,41.0319,24.5903,18.4030,27.5923,28.5247,35.8590,43.0077,47.8896,27.5398,22.6978,46.5304,46.5664,32.9168,38.0672,34.9825,35.7140,39.3657,41.8414,33.8669,17.8008,14.4554,29.7749,41.0076,30.0786,22.8487,17.7199,18.2228,21.4488,32.3542,30.6050,21.4621,13.6344,26.8307,29.8972,19.7019,26.4270,43.4013,36.5864,40.4837,55.8002,44.8244,36.5857,10.8415,15.0561,20.6361,28.8959,50.6725,41.1711,33.2132,12.8333,12.2854,24.3532,26.1536,19.1485,27.0273,20.5840,34.2640,41.7802,58.3992,58.1117,72.6858,57.0783,45.4081,46.4876,57.0034,92.6682,105.4580,119.0900,111.1400,62.1969,39.8340,32.7691,64.5889,53.9859,62.8576,88.2399,84.9185,78.8218,69.3900,50.2923,14.0742,9.2556,12.2423,36.3248,63.5097,47.5254,33.2299,93.8790,122.2890,91.5933,61.8789,29.8647,38.2887,39.9008,25.9962,28.8435,53.5743,79.7096,34.1367,19.2906,47.3938,35.4200,30.5530,52.3423,57.4018,64.9177,70.4117,64.9923,21.4704,60.1744,109.6480,145.6110,160.2990,137.7900,127.1310,140.0220,152.8810,153.3410,131.5830,75.3289,26.0124,48.0560,75.6599,39.6135,52.1122,112.6120,120.8750,107.0800,88.5816,60.9940,31.0325,26.2113,33.3673,22.6013,15.7130,47.6644,80.9146,62.3053,57.8697,85.6910,109.9850,95.2272,83.9999,138.8790,174.6520,141.1760,101.1730,64.0252,98.8790,157.9980,201.7840,207.7830,145.2690,89.0540,99.5402,203.4330,336.0800,348.1350,318.0450,235.4090,136.5270,135.1590,154.9250,128.5270,95.8633,74.0128,58.6547,34.4934,36.2867,16.8926,25.8568,33.8144,76.8781,50.2646,95.6589,83.2564,163.6060,154.5860,140.9910,116.8680
41257.8000,34917.7000,22916.0000,34994.7000,48176.4000,36733.8000,26215.0000,23743.3000,21138.1000,19242.7000,15725.9000,14096.8000,13906.2000,14006.2000,11228.6000,6897.3000,4924.9300,3975.6700,3843.3600,3688.5300,3208.3400,2896.0000,2432.1700,1880.4000,1201.3200,953.9830,635.6930,538.1710,676.5930,713.5520,771.5140,802.4780,710.1800,603.5890,483.2520,391.1740,288.1030,88.8942,131.4730,256.4010,366.9520,368.6660,337.8890,300.2150,262.1940,251.8160,318.8700,360.0530,257.4950,178.3960,74.4406,117.7060,226.7880,154.4530,145.5370,24.3071,51.4870,118.1560,121.4960,80.6826,46.6005,13.4465,57.2967,80.8754,65.3798,52.2601,98.8291,133.9770,159.0850,150.4670,172.9520,204.4410,173.0510,126.9210,129.6980,165.5410,180.4640,165.7900,135.9730,80.3040,66.6180,84.2426,62.2632,90.1406,129.3580,137.4350,115.3190,117.0090,162.5610,152.1020,97.3327,67.8656,103.6170,134.3650,133.6630,114.8370,86.2072,109.8640,138.5810,83.3651,69.9647,82.7407,89.0056,40.0575,78.0679,53.8363,51.7328,27.0530,28.6333,9.0474,17.1436,73.0100,86.7503,111.6730,73.1430,70.3887,91.9585,82.0664,108.4560,116.3900,95.4287,106.5070,36.9236,69.2612,59.7463,40.2268,22.4872,41.2693,35.0187,14.2495,21.4947,22.0181,49.5566,75.2139,84.3437,32.3516,71.0142,90.9059,49.0648,23.1072,26.0819,62.9958,103.3700,32.2337,24.7417,136.0910,94.1981,78.8764,60.2312,108.5770,51.4521,23.3148,73.0166,62.0993,57.5247,23.9241,37.3238,30.3641,42.1885,29.1372,24.5955,21.8675,30.0310,75.2437,142.7920,95.2442,56.6350,81.0114,131.5420,149.8150,60.8669,28.6521,37.6453,9.0187,33.4679,55.6231,105.2540,64.0793,90.6748,57.5175,81.4728,74.2564,47.5889,124.6640,183.9040,167.9790,176.8260,85.5765,87.2697,49.7929,76.7815,64.1183,85.6782,169.7430,144.9450,69.4997,77.3406,204.3090,211.0350,204.7290,162.8550,141.1060,324.5000,209.4170,185.2990,174.8830,56.3378,36.5947,59.1794,88.7521,47.0446,32.0166,45.5488,44.2302,52.5890,33.3269,23.9785,54.3542,49.7965,102.1140,75.9545,24.3801,64.7806,115.0890,109.1820,172.1490,141.0360,83.6575,20.2503,104.5210,133.4650,157.6130,186.8800,164.5680,119.5680,139.4160,150.4440,130.2590,37.0042,63.7349,55.8910,50.9698,168.2980,132.6090,163.8320,184.2580,81.7892,111.1080,68.2793,55.1046,61.0348,58.1360,152.4090,232.2080,128.7740,74.0599,276.7800,220.9780,202.0250,114.7480,224.7480,313.4710,119.4590,72.4642,132.4640,90.9294,144.5090,203.1190,236.0990,131.6080,89.2833,156.1830,66.3409,69.4471,155.5990,77.8396,94.2107,335.6280,299.6410,311.3600,89.9293,130.6390,313.1880,232.1140,320.3050,226.5120,246.9810,175.2140,85.9649,65.5631,128.4360,188.2210,337.8440,178.5760,124.1540,142.0510,156.4100,135.6190,302.3880,193.4430
40241.8000,33992.3000,21853.5000,33700.5000,46776.9000,35576.1000,25195.6000,22723.9000,20125.9000,18141.8000,14372.8000,12659.3000,11776.3000,11648.3000,8745.4600,4277.6500,1850.9900,1665.4200,3035.6000,3855.5300,3324.6200,2590.5100,1767.1300,781.2290,434.6680,660.9170,804.7940,822.5720,905.4150,691.5800,374.1740,162.4920,108.4330,100.0290,147.1430,154.0140,147.6650,141.3860,156.3920,179.7660,224.7300,202.2320,178.9820,191.6990,229.9150,276.9240,323.5430,330.4090,276.4980,217.5980,168.7610,119.7090,71.4954,40.6345,75.6103,155.4100,183.1630,175.2350,163.5840,147.2940,136.0030,123.2400,120.8750,95.1640,57.7556,60.9916,74.6686,78.2634,78.4883,87.8534,101.1370,61.8834,86.2232,65.3332,49.9890,31.5392,30.6541,48.7379,66.2771,55.9286,39.1849,33.0636,35.2891,38.4199,54.3699,67.2285,69.6307,56.7884,34.3071,15.6343,52.2462,62.5056,117.6290,119.3250,126.2740,155.3090,173.4810,162.9290,146.7920,132.9400,107.3010,84.8403,93.6776,109.6740,85.1965,53.6461,26.8148,7.3387,15.2976,12.5932,28.3217,42.9810,55.1630,63.4289,69.7463,70.9930,88.4215,105.9080,128.4670,119.3260,78.7084,51.8255,63.1009,94.0764,93.1948,107.9750,150.0670,159.6010,157.7900,132.9450,129.2710,113.9750,88.9769,88.4070,96.3946,92.0637,79.7032,80.2107,82.3801,35.4360,92.6220,87.6215,113.7290,65.9517,43.6259,50.0437,52.1550,71.1672,63.5747,36.5310,31.6430,67.8929,69.5303,65.1826,61.0789,56.6227,43.3982,59.2015,77.3888,71.5143,40.4911,53.3480,73.8199,80.9125,87.4348,80.0460,74.7206,66.7263,52.8260,21.0455,67.9893,61.2760,82.2802,26.3010,50.6044,50.4209,69.2768,82.3488,60.2113,38.8526,15.2300,24.1877,22.3941,36.2671,31.9875,34.5590,18.5968,17.9819,53.5564,70.8003,88.9622,109.7580,121.3740,104.6310,94.6953,81.3772,55.0297,27.1812,21.7262,41.5100,31.5472,26.3114,73.3431,121.8610,142.1990,157.1770,152.3070,124.5470,80.6342,63.2340,79.0734,75.0950,68.1577,40.3409,10.5390,19.6913,36.9528,53.1077,34.2596,14.9029,14.2647,25.1194,45.3389,59.0910,56.8504,61.0545,83.4328,107.2490,120.4520,70.8173,31.3400,54.2484,86.6352,123.9780,170.8910,181.8940,181.4140,146.1480,133.0440,115.2260,81.8731,53.2061,20.5727,18.1818,32.8645,62.5856,82.7646,82.0671,88.4587,88.7443,93.0669,65.9440,75.4552,54.3177,98.6844,124.9880,111.8990,99.3278,95.1108,103.1900,101.7320,69.4392,53.0706,93.9075,157.8380,157.8640,140.2910,115.8670,117.5150,108.1150,62.4880,42.9108,47.3739,27.5684,65.8973,165.8820,241.6220,246.1120,231.2090,202.1640,168.5810,175.6300,172.7640,120.4520,80.3829,49.3097,48.7839,47.7910,32.1392,24.6154,18.1575,9.4156,7.5047,14.4144,50.4521,103.2800,167.9170,135.6070,98.7511,56.9127
40805.9000,34349.1000,22191.3000,34133.1000,47448.5000,36637.7000,26217.4000,23686.5000,21166.3000,19372.5000,15576.2000,14018.5000,13430.4000,13377.1000,10206.1000,5569.8800,3331.3200,2954.3700,3395.8200,3282.2700,2496.8800,2430.4000,2777.6500,2815.6200,2861.4900,2736.3200,2141.3200,1604.0000,1494.5500,1288.2400,1048.5400,759.0620,358.4500,293.3580,384.3110,473.2940,419.1440,301.7120,253.3360,309.1680,329.6580,279.8010,264.5020,227.1110,205.8230,169.3960,209.9590,250.5040,184.3830,142.0210,127.0190,160.7330,161.6700,72.8788,41.2335,105.0120,163.1090,195.5730,219.3320,238.9370,235.6550,214.9030,188.7130,157.4570,124.9270,100.5420,60.3868,26.1662,31.4225,35.4351,25.8438,48.7049,73.5576,101.1470,126.8160,153.2410,120.6880,90.8621,44.2968,56.3003,54.5622,41.1498,36.9166,24.6820,33.8242,41.3115,35.6253,36.5604,49.7359,56.1788,65.2987,57.4318,44.5696,41.6186,43.2854,46.9161,43.9012,31.1168,19.4547,24.0406,28.4137,47.0847,70.9635,70.7160,65.5530,69.0116,63.2598,28.0526,13.8189,36.0911,42.2766,43.4415,53.9059,57.4341,51.0686,58.0002,86.2584,113.7970,107.7680,75.7418,45.6473,30.9030,20.9779,47.9438,48.4135,50.8370,48.3791,39.6687,29.4333,43.1512,57.0195,54.8882,72.2533,88.4906,73.9132,56.3224,53.2471,46.6439,37.2270,25.7464,56.9668,83.6555,101.1100,77.2959,57.8893,67.1110,80.4854,81.4761,73.2758,58.9822,63.3007,60.5635,37.9275,20.0974,24.1506,29.8464,34.4479,31.7979,45.2420,79.4011,78.9986,73.6503,61.7609,44.3521,26.7604,22.7780,13.3718,14.9720,19.1601,24.6252,20.1036,25.6031,48.9959,51.9800,41.5795,45.9780,62.8508,86.7238,90.1614,63.6694,78.4515,56.6006,49.7921,40.1169,20.0850,18.9838,39.3739,57.8692,51.4785,40.1017,23.8750,22.2051,25.1985,41.2089,69.2197,80.5440,68.8567,55.6675,40.8157,11.6021,25.4991,33.8401,53.4001,62.6785,61.2799,56.3649,85.8526,104.4430,71.0953,40.5087,26.0324,31.0727,32.8081,35.7141,40.1196,46.3324,55.2507,41.7105,13.9660,18.1911,40.6753,56.1383,64.9378,60.1650,44.5394,26.2805,21.9019,47.3782,68.3436,88.6424,111.3890,133.6510,132.9340,108.7270,101.2180,110.4140,94.4483,69.3431,44.2881,24.5163,14.8465,24.9613,25.3886,19.8443,30.7967,47.8040,70.7666,81.8757,60.5151,42.4424,18.8716,19.6282,18.4546,40.2851,74.2513,79.1063,78.8787,88.2976,90.5936,97.3835,98.5676,100.3970,115.3510,152.7720,159.8750,128.0230,97.9533,64.6062,69.6961,85.9474,74.0146,52.2291,46.7811,25.0626,44.0660,125.4470,207.8210,212.0510,185.6760,143.7200,71.5269,84.2533,126.9340,85.2913,63.0857,24.9155,48.5473,45.7261,73.6558,35.7935,63.2256,37.1950,61.1606,31.3298,30.2487,28.0941,53.3353,55.6434,54.1477,46.8044
41168.1000,34765.9000,22695.0000,34766.2000,47995.3000,36678.6000,26127.6000,23503.5000,21017.3000,18955.9000,15145.9000,13648.2000,12973.9000,12806.9000,9663.4000,5118.5700,3386.0500,3656.6600,4199.1800,3811.8100,2799.8000,1468.1600,698.5360,1416.4200,2253.2300,2614.5400,2521.7600,2044.8100,1709.2200,1379.4000,1185.8600,978.2710,685.9440,352.8380,384.0350,506.8450,502.0480,305.1610,170.4850,219.9040,265.8940,205.4210,172.1940,183.0500,187.0330,138.9590,132.1860,173.9170,218.0740,234.8650,192.7220,137.4970,123.8030,157.5990,171.2340,161.2210,130.4540,145.4970,185.4630,168.3240,143.1850,125.6280,124.4280,116.0210,74.7401,32.5410,14.0940,48.6514,57.6513,65.3366,71.6989,59.5367,45.6383,55.6706,70.6165,91.8032,105.0100,132.0770,125.3240,119.8730,84.3583,55.0952,39.4195,32.7790,33.5935,55.2619,91.7219,95.8756,98.1087,59.6051,45.5655,75.0201,105.9200,93.4888,73.6871,49.7157,23.6332,14.2456,22.4080,19.5780,18.4696,30.7294,45.6344,44.2263,19.0190,11.1163,25.8863,26.2075,27.1570,34.7261,52.5324,53.7799,36.9305,28.9568,36.6773,73.5731,100.6440,132.5400,105.0210,58.0831,31.7531,13.8662,24.9455,45.2217,41.3063,35.2902,35.1700,36.9729,48.5203,65.3711,73.5207,49.9002,45.9651,73.7141,91.4048,84.7171,72.4496,54.1333,39.9100,16.0548,45.5648,81.5618,113.1340,101.2930,94.9871,82.1386,67.0651,49.6453,62.0335,73.2149,28.7183,14.4512,43.1664,58.8460,53.2648,44.5618,23.6259,20.0284,44.3558,68.1976,54.1156,45.0388,47.8121,62.3284,73.2203,54.5651,44.5250,33.5386,24.6707,11.6744,27.7723,30.7968,34.6759,46.6022,54.0880,51.5140,102.8560,154.1810,134.6040,125.2130,48.4252,19.8383,31.7086,47.5081,76.6094,92.8824,92.4527,84.9018,40.8179,17.5916,23.4132,39.6485,68.3783,115.4530,153.1880,148.5500,115.8980,87.8126,57.9399,58.8669,62.5577,58.8918,49.6268,58.5498,61.8256,47.7583,70.6522,106.1390,98.4563,84.1808,62.5425,40.2396,10.6423,35.6629,56.2164,70.3225,41.1307,14.8272,18.3486,16.0570,21.5792,51.7810,44.3063,31.2101,19.4803,37.1794,21.1616,42.5263,83.5629,119.8370,145.5410,172.5970,164.7580,112.2470,91.3024,97.6730,86.9918,66.2820,64.3075,71.2902,69.2689,65.1267,58.1545,37.6347,43.7984,69.9705,64.9137,61.2281,63.7228,60.7231,69.0694,81.9052,92.9798,75.7266,66.9540,64.2863,73.3383,88.4632,86.5772,68.0092,42.6412,53.2740,81.2144,141.1440,214.4240,187.9590,139.3130,106.9540,105.2740,106.2420,86.6506,82.3873,81.3379,76.3544,90.7158,159.0350,242.0410,228.1210,209.5920,152.6560,122.6140,127.5710,102.7780,71.8282,56.9616,57.0266,87.0245,88.4061,98.3621,79.5330,31.2062,13.1639,29.0401,32.8427,33.3126,71.7003,87.5444,73.9298,53.2939,46.2835
40630.4000,34426.1000,22283.4000,34145.9000,47275.4000,36020.2000,25721.9000,23374.1000,20779.2000,18976.8000,15545.0000,13968.0000,13815.3000,14135.9000,11338.6000,6579.2200,3848.0700,2895.8900,3467.0800,3867.2200,3210.7800,2676.8100,2244.6400,2145.7100,1840.1100,1323.4200,393.2830,396.8790,985.1160,860.3750,421.7120,190.6650,310.6320,513.3370,533.0810,471.2570,289.7570,210.3850,314.2450,416.6860,361.1670,197.0500,119.4830,179.4550,262.0190,249.7520,253.5920,269.2400,297.3860,308.9260,246.6840,101.9690,79.4557,169.4530,152.9570,141.6630,180.0710,192.2050,182.1800,146.4400,71.6543,44.4022,42.5174,76.7218,102.4150,115.3140,105.9600,68.9602,40.4427,69.7912,119.6120,102.1240,85.1071,47.7658,29.0061,18.5629,24.5577,69.6269,101.5360,97.6719,98.8934,98.8791,105.3580,74.5691,38.9424,43.0961,77.0444,93.2747,91.3752,83.1895,82.9552,100.6380,108.5880,70.8206,42.7331,44.8322,36.9259,29.7003,29.8344,23.2163,10.5586,30.1493,37.7733,45.9659,19.7329,11.6758,8.2339,16.8565,19.9906,28.9089,23.6818,29.6545,48.8172,32.4131,14.0066,69.0845,98.1218,119.0670,127.1140,114.1010,75.8637,41.0711,37.1644,63.5337,67.2005,51.4301,31.2268,63.8925,93.4105,83.2994,25.3450,29.3034,71.4385,62.6829,68.2631,75.3094,63.1516,44.6402,37.1549,31.8415,16.5460,34.7534,50.3235,47.4435,41.6395,34.4414,26.2124,14.9308,6.6982,18.4965,18.1017,20.8829,30.4868,70.0636,63.9749,81.2991,51.5726,20.0891,28.2707,55.7322,66.5147,67.3886,28.8436,21.3180,45.5251,54.1655,58.0264,74.8059,101.5800,112.7610,58.9442,56.8288,40.6101,69.3413,117.8880,174.5510,164.8510,145.5590,101.1530,74.9191,50.2921,75.2154,135.3730,182.5000,164.3870,159.8210,179.4430,169.9920,147.2420,112.6120,81.1920,62.0151,85.2933,119.7040,117.0710,108.0740,115.7370,117.0120,112.6270,74.4944,40.9383,35.2669,21.7047,36.5931,95.5450,48.0010,59.4979,60.9076,53.0257,25.5474,41.9134,57.8460,53.2867,34.5963,37.8475,54.9691,55.9049,31.2841,64.3377,106.2580,60.1113,34.4891,63.3091,54.1975,24.6211,59.5819,81.7606,50.2621,75.3248,69.5788,90.3964,111.5440,160.8110,172.3210,158.3260,131.6290,106.4580,73.3653,70.3083,54.2452,24.5249,48.2671,70.4388,43.0331,34.8492,39.6384,76.4673,109.7090,94.9282,80.4408,83.3956,105.4640,31.2196,31.3867,88.5228,78.6352,73.1180,72.3818,68.6071,62.5273,72.2504,48.5225,33.3248,82.4529,141.2930,125.3290,102.6050,88.6813,111.6550,152.2100,170.0340,140.6150,112.1100,67.8444,33.4966,85.7312,170.9730,191.9890,198.2330,135.8430,74.3775,125.7070,184.9880,140.8820,116.4700,103.6050,123.8530,107.0070,74.1315,38.1926,40.5380,72.6840,119.7770,88.2435,51.1502,53.4141,61.1364,67.1786,77.6961,79.2954
40720.8000,34190.7000,22065.2000,34048.8000,47160.0000,36161.2000,25681.7000,23209.6000,20344.7000,18541.1000,14882.5000,12805.9000,12544.7000,12502.0000,9412.1900,4712.8700,2414.5600,2434.6000,3899.7400,4570.2200,3860.0400,2993.1500,2225.3500,1623.6100,1496.8500,1509.9500,906.7750,414.1650,608.8500,703.7880,470.1370,367.0360,285.3260,293.0990,289.3860,194.3460,216.0930,292.7520,326.8680,331.2480,288.2800,156.1610,56.7489,35.1950,94.7164,181.1070,219.0970,240.3710,267.0690,296.5920,194.4130,115.7750,37.2898,14.8935,13.9454,13.9255,20.9266,46.6072,37.8262,25.3449,44.4293,91.4730,100.1400,105.3610,125.2020,138.2910,142.1840,105.2790,51.8339,21.8981,28.3993,52.9188,70.6598,79.5031,89.7805,95.9014,129.3580,164.3000,153.6060,128.7090,102.4480,93.8496,100.4590,110.1310,96.8190,71.0442,67.9776,87.6097,89.6586,86.5422,64.5952,54.7038,48.9147,41.1689,51.0045,62.7894,68.4860,65.4913,62.2256,36.6445,20.7187,16.7581,11.2421,27.8400,48.5243,54.5676,32.0633,34.7630,27.9154,46.1788,49.6373,55.8509,63.5223,41.0997,31.0648,46.5698,52.9925,54.5262,51.2553,37.8445,37.1637,51.6912,63.0437,62.2420,47.8645,54.5161,56.5168,58.3690,61.5618,58.6480,38.4260,34.6095,54.7192,78.1575,102.8700,96.7252,55.1901,29.8937,60.9409,64.2398,62.4134,60.7209,74.4538,67.9901,46.6236,31.6192,30.8822,48.2268,38.5807,22.3416,29.5337,31.4559,31.9093,6.8785,5.8787,14.3416,35.5981,34.9132,23.2473,17.4491,15.1117,13.1478,22.6482,21.6357,8.7993,31.4626,36.5148,32.0889,25.7559,24.3061,33.4602,65.4486,92.7612,114.6310,144.8910,180.5200,169.8450,119.6370,67.9137,81.6061,142.7990,158.9550,153.5530,59.1373,41.1002,55.2458,61.8255,30.4983,27.6752,53.4719,86.5350,107.3370,122.8400,109.5270,81.5943,69.2308,70.8552,60.6959,57.2853,67.1665,74.7645,68.0869,49.8147,43.8536,55.7600,35.1488,26.1843,61.1298,67.9145,66.8176,61.8977,61.8694,34.5966,23.6417,50.2172,58.6595,58.2645,74.3811,61.2330,52.7987,85.4702,95.7895,90.0061,68.7072,67.1614,30.9970,18.7202,18.4402,19.1785,41.4204,57.1183,76.8637,112.5180,139.8400,128.7530,113.6900,90.3287,89.2287,112.8930,125.4140,88.6283,57.1923,70.6687,63.1143,57.7694,48.3720,40.1037,73.6047,83.8405,82.8275,74.4607,90.8277,77.2809,32.9573,29.8648,57.6955,80.1914,103.4280,108.2410,104.0000,69.5596,29.0787,51.8615,102.9020,139.9200,127.0410,104.0950,94.4159,82.3144,75.9882,80.0005,90.7182,104.8490,92.6905,66.2970,93.9014,151.3350,159.9000,151.4920,110.0410,76.2077,98.3965,106.5610,58.1499,31.1241,27.5507,49.6226,41.5161,110.5540,102.1960,117.0160,100.5040,81.6210,84.1329,92.1110,90.3118,53.9893,45.5195,56.0045,51.3012
41129.7000,34591.6000,22549.2000,34725.5000,47888.2000,36539.7000,25831.9000,23142.5000,20334.6000,18323.6000,14642.8000,12620.9000,12356.6000,12270.4000,9176.5300,4504.1200,2798.6300,3397.7900,4471.0600,4606.8600,3656.0200,2768.7500,1881.5100,874.2700,1019.9400,1324.5200,1437.5800,1410.8400,1307.1800,1064.8500,890.3640,721.9910,486.2590,286.2920,138.2780,177.5220,237.3360,151.8280,161.7450,54.7384,74.7104,35.4338,52.8297,104.0790,144.8200,176.3320,225.3510,277.6960,372.1210,408.5430,345.2520,261.7380,188.3930,157.3220,167.4700,172.2000,167.1190,141.5040,112.0910,81.8145,51.9971,56.9116,99.3416,107.7760,91.7094,58.5023,51.7702,73.7921,77.9546,62.3920,57.7466,71.4285,68.2881,53.7451,26.0408,53.5210,78.0211,122.1100,143.7910,173.2140,126.1280,82.8455,87.5509,108.3280,111.7090,105.8510,100.1880,97.8063,96.0869,52.3565,19.8945,40.0443,72.7465,79.0617,82.0463,79.5803,79.6328,61.7213,50.2725,54.8546,50.8199,44.7860,57.5572,84.2259,99.8580,109.0750,74.9524,57.2191,75.3031,64.5306,44.8684,39.6104,43.6219,38.1964,13.5237,34.3957,53.6235,72.9213,94.9275,98.2238,57.5754,43.4336,14.7880,20.4588,12.6221,9.4277,23.7470,44.5963,53.4495,52.6417,42.0173,40.7798,51.4214,61.2987,92.5080,124.1790,106.5650,87.4592,60.3117,29.0811,25.4460,44.3854,60.7311,48.9532,63.3487,53.9769,45.9224,11.2390,7.9421,11.7091,33.3085,22.0371,9.8880,11.7097,20.2132,41.0572,37.4671,29.9115,11.0687,36.2371,38.7889,38.7572,46.5535,60.0591,66.3896,36.3466,28.6854,52.1521,42.1045,37.3775,46.1522,70.8790,56.6490,49.5651,78.7028,69.7538,59.8581,47.3395,57.7220,55.0899,47.0008,49.4116,40.1919,42.1850,60.4508,75.0459,80.6616,94.5323,99.1839,79.6354,38.3606,43.9949,77.2775,73.8335,68.6654,98.8145,126.4610,132.5050,128.2420,83.3970,33.6983,22.7671,26.3959,35.8742,54.0865,36.6128,26.8689,28.4749,46.6318,45.3132,35.2706,22.7299,31.3160,36.3195,17.1834,8.9168,29.8555,24.0669,15.3416,14.9279,29.5051,45.2122,70.8266,105.3030,129.3010,119.8930,109.1050,101.7670,85.9453,64.8026,61.4333,77.6175,101.4470,114.5840,110.0720,109.2880,99.0840,86.9443,51.6387,11.4935,18.9811,37.8603,60.7334,59.0968,41.0476,39.9221,39.2902,50.9727,71.3499,67.7068,65.3712,46.3134,44.1972,63.7081,68.3100,56.9942,38.2484,17.2959,35.5938,46.4571,22.8159,31.1782,65.7284,91.8661,119.7470,139.6540,136.6670,121.7640,113.4250,113.3060,111.1480,98.5278,99.8191,90.0093,52.4994,70.1055,145.9260,175.3580,185.7490,159.0260,140.8470,149.5650,156.4470,136.1120,113.2620,72.4061,48.2666,34.2915,21.2133,12.5541,9.7359,34.3721,52.4380,75.8063,90.6535,76.2538,72.2218,58.9655,29.6427,17.6939
40360.8000,34067.2000,21923.0000,33930.3000,47067.8000,35688.3000,25310.7000,22837.0000,20376.1000,18193.6000,14292.8000,12806.3000,11850.4000,11732.7000,8812.3500,4556.4200,2792.5000,2662.2800,2827.3800,2518.9200,1956.5400,2151.9900,2375.2700,2210.8800,1649.5100,1121.9200,462.7360,482.9960,961.2640,1129.0400,1030.3100,806.4650,542.0650,287.3880,323.6370,410.1340,420.4170,216.3940,164.5280,158.0120,229.8690,307.2300,343.3530,267.0840,202.9720,199.8810,223.7570,271.1680,261.0870,209.7170,165.9600,129.7440,70.0594,29.0004,65.2207,114.0940,148.0110,193.7110,219.7400,242.7750,248.9400,230.6310,207.0370,179.7100,148.9440,120.8280,61.2744,45.7245,75.3977,89.7521,99.2635,62.0169,35.7995,66.0293,109.4920,118.6200,100.8010,83.3490,49.7041,15.1686,25.0881,62.8551,62.6055,75.6952,69.3690,49.3839,42.0002,46.5402,54.3153,59.6794,59.4458,61.3496,42.3966,29.2135,17.7807,30.4550,38.5490,27.6187,11.5319,5.1543,7.3307,20.1305,37.9228,60.7225,64.9105,60.6552,51.8793,39.1579,41.2891,60.8064,80.1076,83.0912,72.0594,62.9418,58.3457,69.3854,84.0654,101.4790,99.9117,72.7882,60.3151,46.8839,35.0474,56.1728,42.0215,37.2189,31.8889,27.7199,22.6945,26.4118,40.0004,56.9303,69.0845,78.7686,59.7164,51.5096,49.3407,52.7668,49.3785,27.7895,57.8701,58.9330,83.0697,63.5024,44.4682,30.3438,22.1862,21.0134,22.1251,24.9944,37.6966,52.0063,34.5120,32.4343,11.8307,25.3192,40.9328,32.7621,29.8459,32.8175,36.0383,8.2062,12.2432,37.1717,24.3629,21.7681,4.4251,20.5205,36.8896,55.6076,70.0540,81.9296,90.2325,95.4940,117.8310,133.8810,131.2460,97.6064,79.1510,103.0970,123.4450,100.9670,69.2010,31.1067,38.5596,47.3154,56.1379,72.7649,78.9724,45.9756,27.6144,59.0819,96.3056,115.4390,123.3650,110.3220,102.0150,91.0669,83.1928,59.1662,30.1068,24.6510,27.3419,46.0717,58.6195,30.2043,21.2312,49.8957,64.1274,65.1664,58.9934,27.2290,22.5509,37.6909,46.6932,72.3140,99.1411,84.3766,66.8015,45.5731,39.1643,66.3898,88.3333,103.1460,105.2720,96.9351,68.9087,53.1629,45.9658,54.1980,53.3114,66.0717,88.4554,126.4020,124.1280,92.4993,69.0275,49.1210,37.6299,42.0669,55.7194,70.0785,56.5667,54.1913,62.4821,58.7020,63.7891,76.4885,66.9382,33.9196,34.9561,31.7269,41.7210,44.1686,60.4915,72.0332,64.3479,47.9619,43.8300,71.2366,92.4101,70.1757,69.2910,64.4267,81.4721,96.8749,102.6210,104.7660,97.2769,84.1141,63.4612,50.4024,55.1878,47.0575,41.5610,108.7480,199.0410,209.5480,209.0010,156.6130,104.8070,98.5126,121.7690,106.9770,83.5725,67.0758,84.6911,79.1543,96.7230,87.6331,45.6963,21.1133,34.8043,53.1987,46.8860,33.0569,39.2976,76.9179,85.3521,79.8322
40116.7000,33692.6000,21625.9000,33603.7000,46812.2000,35964.1000,25694.6000,23254.0000,20796.5000,18844.0000,14919.7000,13372.2000,12915.7000,13205.7000,10763.8000,7031.4700,4843.2300,2949.0600,1659.6900,1121.6200,1397.2800,2004.0400,1968.6600,1594.5000,738.6110,304.8980,435.8300,733.6330,960.6510,703.9270,510.5870,400.9620,248.8470,238.2050,328.3140,438.6010,516.3000,440.7170,489.3470,388.8870,247.1190,190.0980,167.0680,104.9220,92.9848,57.6303,137.9050,134.0910,174.9180,220.5270,242.3870,232.2690,227.2850,196.3860,166.1100,167.6180,158.4610,179.2780,211.3730,245.6000,192.0220,99.5861,107.9920,102.6090,71.9879,122.8830,182.9860,202.2210,218.1400,135.0930,50.0771,95.0399,173.1540,149.9410,164.9590,236.3530,281.9550,324.2250,223.5870,95.3800,36.8716,72.6521,67.4744,48.9194,31.1848,96.5329,115.1240,96.6325,92.6516,96.6123,97.6667,123.1470,153.7820,149.6550,151.8220,175.9220,184.0570,144.6430,113.4610,94.8315,88.0946,62.7091,88.4615,148.7800,201.3640,235.7190,289.7640,308.5670,308.9930,259.0800,291.2920,273.3870,221.1520,257.7920,258.4810,250.6330,261.2780,311.1650,352.0030,323.3980,278.5130,308.4780,326.4320,270.6250,267.1570,278.2320,244.7140,189.8310,160.5190,117.0230,92.3248,101.3490,99.1903,113.6710,126.9200,107.1630,114.2190,128.3760,152.8640,191.9970,213.4920,291.6140,329.3890,299.5640,278.3710,307.7160,306.4780,261.3750,240.8030,248.6880,215.2700,193.5220,194.6700,215.6970,245.1890,170.0860,161.9220,157.6170,177.3540,189.8130,239.8830,281.2630,317.2720,324.4130,319.8290,321.6230,287.6510,222.5950,236.3710,266.0480,230.0230,217.5640,181.4050,157.1760,192.8470,167.7470,173.0480,157.0610,152.8250,177.6750,232.2390,221.8700,220.6490,239.8690,300.7220,353.9650,318.6940,261.0800,264.6590,220.9900,143.5840,113.9290,105.7010,98.0112,133.4050,187.8110,217.3360,236.6840,257.0470,227.7280,142.3380,68.1385,46.9010,106.5560,166.0330,158.1640,153.1340,171.0440,210.3470,225.6660,193.2430,197.6430,219.5190,271.9520,301.2170,309.5190,335.0740,280.8180,216.5420,169.7460,131.0760,76.7005,33.4026,47.6689,62.4237,78.7491,92.5951,82.6976,55.6724,57.1361,45.8044,27.6872,25.9680,54.7058,103.2250,167.6200,202.1470,220.0380,240.7010,247.6140,251.3050,238.7960,236.3910,227.5000,241.3560,226.2090,210.4580,203.3100,209.7960,204.2980,171.2070,136.0420,109.9480,102.3250,98.7813,109.8910,105.8320,120.3470,151.8400,134.8230,114.0330,148.9880,194.3550,231.2130,221.2200,181.5310,136.9660,98.4258,85.6840,111.9050,93.9075,38.6387,8.9040,15.6060,66.3912,166.5130,263.7590,259.8320,238.0150,205.4950,175.6710,165.3790,122.4550,63.7174,48.3431,43.4290,62.0365,72.0663,69.9517,59.4509,63.0258,66.2035,63.5842,47.5918,35.4412,83.0679,126.1610,99.4146,94.1510,154.8750
40817.7000,34251.0000,22302.0000,34596.0000,47857.4000,36651.6000,26011.4000,23393.5000,20719.9000,18744.5000,15022.1000,13230.4000,12936.8000,12919.7000,10006.1000,5582.1100,3702.0800,3514.4900,4083.0500,3826.4100,2962.0500,1916.6000,1420.6600,960.8140,227.7360,602.1030,978.4830,1112.4400,1178.9000,643.2740,211.0780,132.5840,235.2490,292.0210,314.6270,489.3000,514.9200,470.7140,457.3160,303.2130,150.9860,116.2980,132.8730,105.3190,95.4203,113.3570,141.4170,184.8690,201.1210,233.1860,250.9150,287.2270,223.0460,101.0010,55.7905,75.6131,69.7829,55.1083,45.2553,55.3046,69.0246,59.3475,52.5047,61.3473,76.9975,77.6429,100.3810,91.6058,103.4360,109.3920,114.7910,74.7427,42.4753,64.7378,71.4119,49.2897,40.9381,26.5832,11.0904,35.4480,42.1891,44.3333,39.2748,37.7216,46.9544,65.9212,61.0018,64.6582,47.5474,24.4983,30.4076,38.2307,24.2140,25.9886,44.8977,44.5361,43.1993,41.6278,55.1932,41.9432,16.2299,10.2638,27.3724,46.0957,53.3373,52.7358,40.0147,32.1348,26.2337,10.8721,18.7770,37.4960,28.6527,22.5821,31.1330,61.5754,82.8012,117.8030,111.1350,64.6850,36.4125,21.6251,15.7754,8.7199,18.5629,30.9079,39.1058,60.9229,70.9973,79.3663,68.6358,60.8374,56.6249,36.9486,26.7139,39.6437,56.2927,61.2980,54.3118,45.3878,50.1086,66.5048,65.6174,55.9978,36.9620,20.2131,29.0068,40.2985,47.7467,35.3073,46.1778,38.6351,33.7236,15.0840,16.2928,4.7348,20.2609,32.4637,50.4730,51.9839,33.3014,23.9297,24.9263,40.1830,30.3519,12.3017,18.2621,39.9250,67.7786,75.5618,80.1839,51.5011,55.4659,96.5689,93.8419,75.2115,77.2903,72.1631,60.9934,24.5668,23.5459,50.8803,87.1918,130.0020,117.7710,109.9900,107.9400,115.5570,100.5810,68.0343,70.2862,88.7174,105.3660,114.2980,101.1090,109.8860,125.0420,127.9040,106.1380,67.3857,60.3854,62.7485,65.2018,84.8899,99.5411,85.9199,80.8807,91.1040,99.6883,98.1702,90.3904,80.8820,61.7732,36.0250,16.0322,5.6846,10.9383,18.6566,10.8783,11.4957,17.7028,15.7934,9.9663,14.3500,14.0765,15.7692,28.2544,43.4404,60.2130,70.4929,84.8585,90.6750,103.0860,90.1121,83.1725,122.2680,138.3600,125.0200,113.0180,113.5020,95.0852,58.4311,38.4226,30.5361,43.3588,71.8338,98.3624,83.9172,64.0906,61.0386,47.8641,42.9757,44.2239,40.3223,40.8990,58.0541,83.7114,111.1730,127.2700,95.2321,75.5587,83.3761,117.7730,155.5430,145.8890,122.7640,105.0210,85.3563,74.1991,63.3929,49.7936,51.8834,68.6284,63.5843,64.2427,117.7810,172.0770,159.4020,130.2870,85.6547,101.3110,141.7320,144.1520,105.5360,75.1099,60.5209,54.4844,48.3030,62.3671,56.2728,39.6540,30.0774,23.4916,24.9041,22.3885,23.7149,32.6353,47.8145,63.0829,64.1769
40590.0000,34198.9000,22309.8000,34575.3000,47561.1000,35883.9000,25269.3000,22894.7000,19856.9000,17922.4000,14527.9000,12142.7000,12209.5000,12348.1000,10285.2000,6882.7300,4978.3200,3712.7700,3241.4200,3325.9200,3368.3800,3503.2000,3244.0100,2625.0600,2181.4400,2203.7100,1987.5900,1407.8700,732.7070,296.9450,557.6690,1070.8700,1137.4000,1070.5200,1015.6000,957.6600,610.4870,407.6920,357.9230,283.9020,374.2190,313.2950,291.4640,365.6920,448.9220,499.8970,502.4670,415.1140,326.6230,324.1370,279.9160,209.5530,150.1470,180.9850,210.9990,231.8140,214.2410,150.1580,91.4066,55.2767,42.0793,37.2101,53.1817,80.8522,128.0310,137.8640,111.8090,94.7342,62.8684,28.1393,23.3057,12.2134,10.0602,25.0767,51.3148,80.5028,112.6420,134.6750,126.7100,108.4350,88.9613,66.3167,62.7355,74.9853,80.0837,91.8424,107.8910,96.0537,91.3519,54.8455,23.7335,30.2434,57.7204,66.7295,55.2462,41.6252,23.8152,26.2974,36.0504,42.0935,47.3020,42.9447,34.8151,32.4528,31.0922,33.3169,35.8997,34.0098,21.9499,31.8479,53.8337,36.7903,16.8133,32.7310,43.2434,46.7461,52.3010,59.6071,60.4776,49.5905,38.1244,39.8962,34.3962,42.4556,60.2418,68.3319,53.6698,41.3973,32.1768,36.7169,51.0707,58.7644,31.4636,27.6062,59.1643,61.8198,36.6668,15.1578,10.5851,30.3075,59.2975,61.6797,56.3425,61.3125,74.9870,73.3088,41.2468,20.6494,16.0417,17.6139,11.7684,11.6181,16.6891,22.7996,41.6497,67.3398,57.8809,53.9083,22.6495,11.7033,13.9812,19.9118,32.4481,52.6269,72.1927,58.9493,37.7649,23.5585,42.1313,50.4148,48.8188,34.1548,15.5292,40.9502,82.1579,79.6752,49.9259,29.7348,27.2842,39.7152,96.3395,101.6820,113.0380,123.1840,149.5970,138.0340,116.6290,113.5720,114.3070,96.0533,61.2305,71.4261,89.4739,86.5203,70.5844,58.8275,77.2988,90.7234,89.1458,83.2040,82.4314,52.9983,31.0231,22.9183,26.0041,34.1906,43.2344,58.5214,78.3515,57.5464,33.4942,12.8846,13.4508,8.9577,16.4305,22.9779,27.8178,37.2466,45.7488,43.7931,50.0647,54.5273,46.5848,32.4269,26.2182,42.8055,55.8290,57.4803,76.4355,109.2690,124.6550,138.1660,153.1180,151.5960,155.0950,155.2420,130.3840,114.5630,95.2511,93.9808,62.4899,25.1786,14.1233,17.2922,39.0489,67.7423,74.9624,71.7674,69.8432,64.4621,77.2040,78.2774,28.5822,34.3169,78.7250,74.4280,64.7789,79.2662,86.8540,86.4587,58.1055,32.0314,64.7271,110.8730,125.0070,113.7700,97.1522,86.1792,69.4175,66.3680,83.1864,93.9080,78.2418,60.5206,74.5194,135.0880,208.2210,202.7740,176.0010,107.1530,69.9951,97.6191,107.7890,81.9031,57.2399,36.2594,23.7128,16.3528,40.3875,50.5466,29.2930,11.3321,40.3126,38.2373,37.5222,16.7544,15.7287,39.3009,59.0152,63.4682
40011.4000,33566.5000,21575.8000,33680.4000,46776.9000,35647.2000,25223.0000,22913.8000,20093.2000,18218.5000,14540.3000,12452.2000,12049.2000,11828.0000,8941.6100,5179.8600,4250.3100,4259.9000,4180.9200,3325.7500,2043.2300,995.6240,1176.0900,1513.5700,1690.8100,1555.1200,1233.0000,1159.9100,1209.4600,975.4020,914.4460,1097.1900,1195.2500,1206.6700,1043.5200,910.0630,578.4600,302.2790,479.8550,536.9720,635.8150,575.9010,518.3010,602.9050,698.8530,730.1500,712.8820,616.4460,478.7030,391.1960,384.7030,361.8870,289.5740,252.8150,225.8330,230.4430,222.1710,206.5170,216.3350,243.1250,252.4060,302.3060,295.6970,262.6390,230.2060,201.6430,135.7500,44.1889,64.6187,131.6310,112.3930,63.6416,38.4937,26.6993,63.0473,104.6490,98.5554,83.5013,39.7198,24.1252,50.0450,56.0323,59.7400,54.3971,40.1167,52.7938,59.4335,62.7802,51.7339,53.5136,44.3133,20.5815,10.2649,21.0846,35.7283,44.7073,39.4436,30.8850,28.2477,31.7037,36.3255,54.3886,74.8128,89.7567,43.7846,43.4877,12.8896,14.9855,31.1066,43.1844,39.2441,38.5512,45.1020,52.8235,43.3500,33.1456,43.3508,72.2399,108.2140,85.4110,50.0615,34.3323,50.0780,59.9863,49.4209,36.8539,35.4754,37.0823,41.1403,34.5313,13.0924,15.5148,20.5638,38.0623,53.8043,49.4804,38.1977,29.9662,23.9853,47.4443,77.5858,87.0555,81.8894,66.1939,62.0505,46.0737,24.8967,15.4061,15.1039,28.2169,20.8312,24.0040,13.1845,38.9508,45.0137,44.8192,16.2161,27.1726,50.6718,34.8298,22.7328,40.0901,53.9722,67.4629,46.0694,26.7133,44.8664,50.0599,44.3454,52.7561,45.3405,39.5559,62.6270,89.8577,109.2340,126.0010,116.6550,47.9322,36.3726,71.2404,126.9760,149.8320,151.1720,152.8400,162.2410,149.6360,110.3130,86.9568,79.7312,79.5563,82.4754,72.8177,60.9061,41.3537,21.2570,9.7646,16.7491,40.7907,50.3976,52.8725,52.3194,63.7226,69.2860,44.5586,24.0492,15.4946,25.7185,46.9218,60.4586,64.6666,58.4618,42.2863,23.1260,31.8919,30.9662,16.5323,45.3951,60.6676,63.9006,63.2308,49.4758,20.2204,7.7155,12.6242,31.3598,50.0569,30.7001,40.4083,68.0320,76.1773,102.3980,119.9110,126.6410,121.3430,134.5390,137.6550,126.3670,117.6100,107.1090,94.9085,57.4971,29.4931,38.5766,40.6270,47.6930,29.6820,19.6889,43.6905,63.5914,90.4456,114.5630,107.5800,88.4484,67.7394,40.5712,39.8493,30.1716,52.1317,69.7188,75.8019,80.9965,67.7997,86.3930,138.1740,161.0510,153.7960,139.9950,108.5910,77.9253,78.7105,77.2427,87.0373,113.5680,123.3640,120.2990,160.8040,241.2720,251.6780,228.5680,161.6940,111.6200,115.4530,86.8869,41.3291,32.4951,28.2552,34.7517,74.1843,118.0520,112.1930,104.9580,76.8366,42.4635,41.8111,42.0987,66.7713,55.5002,40.2926,24.9116,25.4919
40638.3000,33941.6000,21847.7000,34326.9000,47812.7000,36806.0000,26064.2000,23329.8000,20552.5000,18489.4000,14641.2000,12737.8000,12142.5000,11748.2000,8823.8400,5318.6100,4611.0800,4619.3000,4396.6300,3518.8800,2811.1800,2197.3400,1830.9500,1452.1200,1051.5100,950.1320,536.0530,632.7950,1186.7200,1274.7300,943.0920,657.3510,529.2430,617.9910,734.6920,860.3620,722.7530,494.3410,418.6640,334.3340,310.4170,411.6770,308.9440,246.2660,203.7470,280.7920,404.1300,427.6960,286.5930,191.4130,191.5300,134.1810,112.6950,313.2240,397.5080,426.5140,355.7730,298.0500,302.0170,270.8050,252.5430,220.2780,230.2190,322.3950,371.9530,487.5010,360.6160,259.6610,220.0360,132.3000,196.4370,178.6660,117.2280,139.5400,204.7720,469.0210,510.2490,590.0030,463.4110,274.4320,191.1010,199.1620,218.1240,202.7960,174.4520,142.5680,211.8270,371.2350,359.9810,323.0120,168.2800,87.9264,179.1030,280.0390,331.0420,289.3920,189.5930,135.7230,49.2575,30.9022,47.2738,84.4270,100.3440,197.8610,297.5190,282.6710,278.7240,185.3250,64.4557,49.7186,108.5390,164.6320,210.1500,158.7210,83.3326,175.4190,322.6930,336.1150,374.7510,409.8370,435.9870,280.3650,147.0390,43.2340,142.8900,111.9140,99.9822,180.9610,393.4210,419.1890,425.7520,371.6630,299.0090,123.9480,166.3350,181.2230,241.7130,195.3670,122.8610,123.9380,246.3430,271.5000,240.2950,222.7580,147.2020,231.7000,165.4670,114.2170,41.1807,46.2489,110.0680,146.1240,177.5720,99.5998,39.3817,57.5301,44.0939,119.1950,227.1920,159.0020,69.3257,117.3730,131.5370,95.5491,43.6231,41.6661,76.3709,87.3992,79.6582,50.4691,114.8640,213.0490,185.5240,125.3580,133.3590,166.0480,210.3900,132.1030,74.7397,181.7030,203.1600,125.9870,78.9963,102.9360,156.7730,142.8590,169.8390,76.6510,117.3950,90.5253,124.0140,104.0460,230.2070,218.4580,218.3910,145.7860,94.2866,134.6370,201.4600,223.4600,172.3600,97.5419,38.1524,127.1490,172.2890,185.4910,187.1800,159.4370,55.5488,91.1307,171.3830,201.4290,209.9410,137.2840,78.7844,24.0562,33.6482,44.9962,65.4398,95.2416,206.5000,221.8810,248.8350,159.5630,62.5195,124.5360,163.5610,227.8840,211.2630,120.8850,61.7200,59.7910,50.4553,29.8690,83.6318,188.7520,259.6490,295.8500,332.4600,331.2280,291.4930,241.8800,247.6020,164.1030,119.4250,96.0842,122.3300,244.3750,270.2210,270.8970,199.7050,94.9881,81.7302,106.5620,139.8770,107.0350,92.1233,34.8842,59.4536,88.1231,191.5900,275.6900,404.3830,345.6130,298.1310,269.6640,284.5830,315.9380,325.8780,441.4810,452.6340,462.4610,496.6450,445.3480,400.8850,455.9570,465.4180,473.3380,373.4980,183.4340,184.2880,162.1630,222.2970,304.4240,390.7300,330.2090,227.4770,120.6210,85.6679,168.2980,277.8360,250.1290,159.1460,97.8836,83.5508,139.1720,173.7870,125.3820,135.7440,65.3312
40850.5000,34432.0000,22556.4000,34826.9000,47859.5000,36239.9000,25609.4000,23166.1000,20209.8000,18227.7000,14730.3000,12520.6000,12403.4000,12317.9000,10145.4000,6768.8700,5166.0900,4410.0500,4362.5700,4197.6300,3477.1700,3185.2700,2696.3800,2242.1700,1540.3800,1276.8600,835.1770,408.3380,479.4340,612.7010,638.3090,558.9510,356.7480,246.1310,332.1680,588.1120,735.8100,738.3970,704.9130,549.5940,347.6850,205.1000,193.0300,199.5550,157.0390,156.0080,251.1310,378.4250,454.2050,474.8560,455.5450,429.2420,393.3220,331.1190,246.8560,174.7370,137.2380,141.6180,169.7470,180.6290,185.6440,147.9780,107.1860,80.0626,62.7356,54.1412,59.3978,67.5648,103.8750,73.3176,49.2333,44.5039,70.9507,100.1770,143.1790,177.0690,161.9660,137.5680,147.3150,130.3050,77.5126,60.4537,10.0165,14.4953,36.7050,35.4722,28.8400,36.1126,37.2168,59.9477,68.2374,63.4102,61.7104,62.1729,52.6318,39.0329,37.3428,44.4085,50.1816,36.0577,38.9585,53.6621,59.4574,62.1545,71.8238,67.3289,37.0767,44.7271,65.0917,47.3374,29.0970,25.0674,22.8695,15.8461,19.4189,46.3379,60.2338,89.1237,98.6901,64.2890,69.6099,28.4943,42.9951,40.1080,55.9985,55.2822,49.4180,42.0792,69.4275,87.0144,57.5599,35.8617,31.8253,40.1358,50.6567,43.5911,36.8892,37.4204,30.5591,20.7018,44.7938,57.4108,53.2439,38.5863,53.0282,46.7760,36.2308,42.5768,35.5752,31.3830,27.1389,28.2974,20.1421,23.8336,26.9641,31.9111,15.1645,24.8454,49.0111,47.2675,32.9060,25.9595,21.2927,22.3390,12.6719,33.2830,29.8913,27.8456,21.7488,24.0118,18.7676,12.9765,14.6326,25.0647,40.4316,63.6570,41.9311,48.4661,35.1108,73.2204,66.9451,60.6696,56.4665,50.9380,37.9424,32.5426,59.9499,65.7183,70.2650,65.0135,83.6143,115.0310,104.5220,77.1792,70.6354,72.7665,75.3671,80.4583,80.7565,83.0621,96.1757,99.0974,76.2746,54.3568,33.3367,12.8014,25.7310,35.4319,37.0377,34.3406,26.2385,23.2218,32.4696,16.8211,15.6864,43.0705,53.5548,51.7224,48.4933,44.6042,59.4021,72.5083,75.6405,80.6050,103.6210,91.7698,51.4974,14.7808,26.6164,27.2965,24.1102,24.5024,33.4157,56.6824,66.1619,78.0609,112.4270,133.9390,149.3880,130.4630,103.3920,77.1279,55.5658,36.6163,25.4236,26.4709,29.4447,24.9387,29.9087,51.9214,66.4341,60.8194,56.8014,47.2756,37.4474,29.4414,33.1099,45.2089,88.8079,99.1677,104.0210,108.4000,139.8080,183.1110,195.4500,170.0550,143.2930,117.9870,115.5340,114.1120,71.2099,28.2199,40.4335,71.9365,101.8950,157.9130,218.7330,206.8470,162.1820,95.8762,96.6553,127.5680,119.0880,87.4325,70.5193,46.3139,19.1588,26.0208,59.4519,51.1556,45.9642,30.0254,15.8221,16.6618,12.4868,29.0351,55.0735,39.7957,45.3282,71.0747
40095.2000,33705.1000,21759.1000,33859.5000,46858.1000,35533.2000,25012.8000,22707.4000,19692.6000,17853.5000,14317.8000,11941.0000,11680.0000,11515.4000,9041.4100,5337.9200,3558.8900,2984.7900,3601.9100,4195.9800,3883.0700,3466.5800,3041.6800,2525.8100,2251.4600,2307.6200,1880.2700,1245.2900,1210.7900,1347.1700,1268.2100,1176.7400,978.2150,412.6540,228.9300,248.9670,388.9340,372.8410,340.7520,301.8570,269.7350,229.7900,158.5660,192.4510,332.8950,383.4020,343.9140,383.2860,463.9870,572.5400,601.8920,450.3240,295.8480,202.7930,206.3430,234.5950,220.7270,206.6830,162.8440,126.5400,114.8450,109.8970,78.5515,56.2256,36.6417,26.1572,46.2674,84.0687,102.2600,112.0880,116.2440,70.3699,20.9279,22.4128,60.1503,112.4650,134.6450,119.2720,101.0980,72.0443,53.5530,44.7073,36.1481,52.7791,89.3222,89.1649,66.6515,44.3979,20.4279,23.1009,32.3697,38.5142,25.9667,14.3654,23.5642,26.1843,28.7593,46.9794,46.1817,36.3741,37.7022,30.4539,19.3779,33.6252,51.0336,61.2570,45.5204,27.3991,16.3608,26.1448,34.7700,29.3472,20.9468,16.9789,16.6636,33.5776,60.4743,86.2944,113.9150,98.9432,67.9693,68.5079,47.8696,71.3669,61.3176,47.7806,54.8693,64.5161,70.5042,67.0424,65.7936,63.4218,44.1891,21.8917,18.0553,38.4271,45.2058,38.3721,35.4450,32.7264,73.8782,67.6335,65.6963,52.9332,53.1498,40.1046,31.7000,27.4664,24.1217,19.9771,19.8992,8.8644,4.7774,21.5871,33.3444,52.1340,45.2477,34.2152,42.8598,46.5875,43.2535,28.0134,25.3501,35.6430,33.3597,27.7060,31.1378,21.0133,15.1701,15.5530,23.5826,33.1160,48.4754,52.4990,37.4431,34.2942,19.8816,22.4415,39.5184,59.8391,57.9093,72.2616,72.8358,55.9376,24.7983,35.6342,62.4557,75.8093,72.6492,53.4381,50.9495,57.2062,72.6699,101.9030,90.4860,68.2847,66.9990,72.6961,78.6298,77.8127,77.8316,55.8190,45.9166,54.9390,41.6319,34.6143,45.9788,49.6492,65.4789,79.9529,81.9797,70.8249,53.4597,42.8130,28.9472,25.9635,40.4215,41.9851,22.0330,22.4889,53.5953,47.9652,36.6190,47.1516,64.2714,73.5255,64.7809,51.9356,50.4074,65.0830,66.8142,80.8158,98.0608,108.0540,98.6089,87.7561,76.4787,77.7763,84.8189,96.9280,84.0310,65.3644,53.7569,46.4774,32.7973,23.3341,21.3010,33.5105,37.4884,45.6324,61.0814,76.9452,52.1362,46.8556,13.7726,13.7237,25.6641,57.9788,78.0882,80.5207,83.2254,81.2838,108.3700,163.7830,214.2990,208.2800,182.8490,149.2100,109.0520,95.0254,79.6296,30.6478,19.0001,49.2534,81.1247,146.2470,215.4520,208.6220,178.0440,132.0500,98.4964,109.9550,104.9680,48.8727,17.6208,18.6400,28.3687,63.0802,104.9760,90.5954,73.6616,43.7433,33.5117,37.4770,31.1441,24.3278,21.0360,24.3492,42.7681,92.2853
40860.7000,34313.5000,22395.0000,34605.8000,47817.0000,36740.3000,26117.2000,23663.5000,20749.6000,18964.1000,15421.7000,13318.9000,13485.5000,13603.8000,11204.6000,7285.3500,5127.3600,3726.8300,3023.1700,2905.1500,3014.3900,3348.5000,3351.2000,2878.5400,2299.8700,1752.5700,957.0730,642.2500,945.6980,1269.5800,1474.2500,1441.5500,1209.2900,974.1750,656.4440,477.7870,434.1020,337.5520,336.7100,188.4970,99.2282,37.9221,11.1193,39.1573,72.0397,49.0119,28.1781,128.2630,187.3490,217.2240,204.0640,156.3400,124.4130,78.7028,40.3771,15.0615,27.3171,41.2624,74.9114,80.3967,90.1500,84.2031,48.8682,30.9365,18.9581,8.6644,10.3349,32.2512,70.1204,92.8010,131.5890,120.2080,83.4455,44.9350,68.6116,116.0340,141.6250,135.8970,98.5523,63.6716,49.1295,74.1267,78.7024,69.2618,58.3955,52.6248,32.6435,24.9862,42.5188,31.8863,19.6399,26.0065,33.5011,43.8162,24.3403,19.6936,22.8335,24.2344,13.8856,13.8706,18.8007,13.6218,29.9831,50.8802,50.6855,46.7059,35.4411,28.8429,48.8110,69.7311,46.5799,25.8311,32.0554,40.7253,43.6013,26.1644,46.1766,80.1025,62.8536,48.6474,33.3538,21.4438,6.8119,13.0379,21.3040,6.1681,5.5247,11.5546,6.5560,10.6879,12.4114,21.4651,16.5526,21.6520,34.7469,42.9250,33.0880,19.5835,11.3774,29.6140,74.1184,69.4576,81.0978,75.8880,83.5146,77.2454,63.7755,45.3258,38.3280,56.6359,53.7190,27.4194,15.2963,33.9906,39.4878,45.3954,51.0714,69.5896,72.9149,64.2958,58.0629,54.2812,47.2698,52.7161,61.8641,52.3313,50.1378,57.2743,64.4916,34.4643,27.0318,45.9110,56.5173,92.5616,113.4360,136.2340,99.3086,28.5829,33.0505,75.4917,112.1400,115.8010,106.3750,83.8977,62.7571,41.9638,53.9719,63.0282,52.4615,26.9318,42.2589,66.4467,76.7744,81.9932,103.1130,103.3920,89.6700,82.5362,72.2984,77.0378,83.5709,81.3583,42.6506,37.0736,65.7072,65.5898,67.3570,96.4935,109.9090,102.1300,91.6518,66.7868,37.6740,43.2988,60.2279,43.2376,31.0492,54.4560,70.6838,95.6876,117.5410,99.6403,89.1987,85.2008,98.4707,90.1610,82.3912,86.6729,60.5736,32.3313,9.1592,37.1246,77.9416,100.5590,106.9370,108.9750,114.5700,106.4060,111.3250,132.7120,124.4960,111.2680,99.2369,92.7298,50.1568,27.9723,25.3594,37.2064,47.4491,55.9774,60.6611,54.3208,27.8984,8.0809,16.9365,13.3167,31.7409,50.4887,49.1485,37.6005,33.3650,56.2602,95.8334,154.0550,205.0490,196.8340,171.0460,130.0050,96.8711,92.1651,87.2948,94.7621,94.6982,51.7987,48.4721,136.6300,229.0800,220.9010,188.9860,138.6840,132.5060,159.1840,138.4930,95.2198,60.7195,42.4531,46.0209,47.6409,51.4406,56.8770,65.9892,56.3987,36.1952,38.8640,58.2764,97.9422,128.9590,135.1830,128.1810,102.4470
40884.0000,34473.8000,22630.5000,34887.8000,47971.3000,36395.8000,25746.9000,23255.5000,20476.2000,18457.2000,14960.3000,13112.0000,13466.4000,13976.3000,11747.8000,7832.8900,5694.5600,3996.8700,3134.9600,2581.0600,1906.4300,1477.0500,1484.2300,1612.1300,2042.7400,2555.7000,2548.5700,1931.9100,1306.3100,761.9000,999.3690,1654.2700,1828.1400,1843.9900,1612.4500,1198.6900,716.9410,448.0100,531.3160,738.9030,772.8790,730.9110,669.6470,547.0880,474.0510,387.6070,315.1310,288.0300,331.4220,355.3910,251.9360,184.3380,68.1640,38.2718,56.5337,88.1379,127.5790,178.3770,200.8130,185.7030,148.4770,112.4510,107.6390,103.6050,90.0755,81.4625,62.9581,63.0374,104.3270,141.5030,136.4260,131.4060,126.3760,112.6690,101.1500,107.6770,134.4780,146.1280,134.7230,96.3900,54.9354,35.3709,52.9043,64.9347,71.2009,79.7252,72.8655,43.3933,44.0285,23.2551,34.4026,24.7355,18.0355,15.6035,18.9475,16.9722,13.8902,18.3012,12.7748,8.3235,23.9239,28.9563,41.7632,38.9819,35.0115,32.2363,34.6728,17.3672,9.0329,25.1810,42.8532,37.0089,27.6922,26.2592,41.1849,57.3692,54.3353,65.6338,96.6591,91.7901,77.8329,52.3050,19.9766,12.3848,16.2654,21.4213,11.9114,35.7579,45.7007,49.8605,41.9224,40.7957,50.7178,67.2899,70.7262,59.2508,44.5058,31.7321,21.9034,14.6834,28.7148,44.4472,54.4231,52.4525,60.0171,60.2036,60.0066,54.6789,57.2294,71.1603,68.9990,50.1392,29.8263,29.1997,40.7078,41.4633,34.2229,50.7213,65.0181,59.4711,53.3030,48.7903,38.2227,38.4260,45.4852,46.5845,32.0277,20.8864,15.8636,17.8754,29.8601,61.0799,88.8089,108.7330,128.4600,154.8690,146.4510,76.3628,36.4697,29.1541,71.7534,81.6999,74.1339,78.0197,86.3198,96.5850,113.7420,125.3300,112.5820,78.1135,70.6882,71.6529,71.3336,73.5185,75.8766,91.4597,91.9402,87.5201,52.1504,30.9994,43.3399,38.6816,15.8513,14.3235,20.7221,8.8111,24.1907,59.2273,88.0505,99.5766,96.4740,90.2163,70.3115,46.8317,27.6771,30.8794,56.3602,65.0119,46.8714,37.4707,52.2434,66.2806,79.4924,85.4288,73.6675,63.4573,91.8656,102.1730,91.3905,94.5522,83.2948,79.5375,91.1234,74.8915,72.3546,66.3641,60.8859,25.5840,15.8601,27.3032,25.2433,22.3663,9.4186,14.3180,35.7174,51.1101,71.9440,96.1550,112.5030,119.2800,118.6120,82.4838,49.9256,70.1330,89.4015,70.6590,48.7822,49.4947,70.9990,73.7514,67.5053,79.8734,120.2020,170.4080,179.1540,155.7760,133.7510,109.8250,97.7133,85.9322,71.3323,34.3245,36.1016,55.4227,66.2350,133.3750,224.7030,218.0170,181.3960,126.6980,111.5580,143.1800,153.1560,111.3530,73.0690,46.5669,38.1293,35.8595,54.5412,38.9544,32.5999,17.1551,8.1550,29.0840,51.5122,75.8066,71.7858,69.4505,92.1574,98.9901
40190.2000,33878.8000,21979.1000,34063.8000,47078.1000,35740.2000,25265.1000,22907.6000,19980.7000,18106.0000,14697.6000,12597.7000,12852.6000,13189.9000,10662.0000,6391.0500,4072.4100,2987.1000,3291.3200,3585.5300,3108.2500,2949.6900,3025.9400,2603.0000,2405.8900,2165.5700,1646.1100,1237.8100,1227.2600,1122.9800,927.1440,657.7130,343.9780,220.9870,645.3520,764.4610,825.8140,826.6370,629.9880,394.8210,326.4270,293.5950,297.1190,319.1350,340.5590,375.9350,336.9240,220.7110,224.0130,268.7830,210.3980,158.1840,158.6020,159.1660,111.9000,86.4273,147.1690,186.7260,179.4800,168.5020,125.5360,88.0058,143.1180,190.6000,199.0870,173.1820,111.1750,85.7312,116.8620,166.3690,192.1220,196.3690,170.0610,139.8560,106.6040,109.3870,140.0820,152.9700,121.0560,88.0948,75.1560,77.7959,87.3992,89.9966,85.4976,84.3974,87.1661,61.1499,46.0990,43.9129,33.4214,27.3136,21.4368,30.8293,44.3576,35.0553,52.4317,39.7159,54.3546,57.9648,54.0753,46.5057,28.9349,7.5067,13.1478,21.6234,27.9972,39.7591,55.7346,69.0722,53.1126,41.8375,33.4415,30.3732,11.7801,15.5567,26.6074,31.5936,50.0823,56.1809,32.8486,18.3255,18.4646,23.0537,22.5806,20.2113,18.1004,21.4958,47.2215,79.1325,99.6477,104.8670,93.5593,101.4960,82.8049,54.8274,20.2308,42.8156,51.8783,41.1534,47.5607,87.2334,115.7590,108.2220,88.7620,70.8809,52.0461,64.3608,85.5866,76.7764,63.4622,47.6097,34.5184,38.5054,42.0193,48.6796,50.9653,48.5945,29.1701,29.1906,38.7675,38.9179,42.0550,35.8247,52.7459,64.5971,74.6909,66.8586,73.7200,78.3207,72.1644,69.8792,50.3749,32.7245,56.5161,66.6990,56.3380,24.0561,89.1103,136.4500,173.1770,121.6540,68.2282,75.4807,85.7526,85.0367,91.4378,96.9977,105.5420,125.7480,124.8140,107.3470,101.0680,107.4520,106.2580,97.9606,106.4500,108.7910,95.0396,53.4893,21.9990,33.9428,24.9290,31.4135,54.4562,64.4750,66.3792,75.7883,87.0761,86.5632,78.5379,77.7956,75.8756,63.9856,33.6469,35.1952,59.3808,60.4571,40.6527,17.3734,47.9181,79.9287,88.6590,90.3454,87.3281,113.2860,157.5410,159.0670,120.3650,99.9579,79.8008,69.2094,97.8558,112.1050,102.1500,93.4042,88.3984,75.9216,58.8204,54.3617,73.6886,72.3533,56.8021,46.0184,36.2327,29.9688,34.8152,20.7621,15.3048,14.2428,14.6809,23.2336,33.8787,31.5964,24.8525,30.5874,21.7684,29.8236,64.4511,74.5032,75.7641,68.6707,75.8142,110.5620,159.0710,159.0590,141.9060,117.3420,113.0020,102.6500,69.9447,60.2188,91.1974,112.4470,89.7287,120.8160,208.4870,214.4750,200.9760,145.8400,104.2990,101.2560,132.3410,124.2830,95.4214,60.2788,35.6261,36.9286,54.4291,55.1173,58.5035,17.2536,33.7572,81.3932,77.0279,79.7417,86.8300,104.2060,113.2510,101.2880
40666.8000,34139.6000,22266.2000,34424.3000,47555.2000,36511.5000,25910.2000,23406.6000,20424.1000,18603.2000,15072.1000,12864.0000,13094.9000,13245.2000,10603.0000,6227.0200,3791.1100,3112.9400,3964.6600,4700.0700,5062.7000,5549.1800,5575.6200,5114.6200,3817.5300,2266.9200,1133.3300,913.8420,1015.7500,630.4060,358.2320,141.0120,109.2850,70.5413,88.1657,324.8260,484.1840,770.5830,777.2410,618.4960,500.3770,381.3380,256.1610,139.4400,156.1250,193.3200,75.3067,108.7580,254.3250,422.3030,365.0640,272.6300,165.1320,101.5500,110.8620,90.9535,44.7681,23.2732,16.9236,16.7991,26.5192,45.1333,62.8692,52.8829,33.6129,56.5161,103.5940,128.7660,140.0540,129.5990,76.8808,32.1757,25.5568,50.0309,92.6679,145.8390,152.0500,117.7270,84.7172,44.3892,39.8334,44.9099,35.5363,26.3876,29.5420,36.9424,60.9267,48.3728,40.8074,22.6609,24.6618,20.9139,25.5105,13.8297,14.8522,28.6756,53.2467,56.8375,36.0611,23.0137,13.5291,4.4003,17.2813,20.5237,22.4792,31.9331,33.4537,29.2749,18.5680,10.6982,21.6927,19.6582,18.1393,11.1427,10.0106,13.2644,19.7090,32.2306,52.6021,47.9008,51.2699,34.2218,18.7119,14.1966,12.6932,19.4916,41.0906,45.8622,43.9413,26.8270,9.9694,26.1974,48.8643,54.7790,48.0838,27.2198,40.8974,16.6904,18.3661,55.5495,46.7329,32.8514,16.6992,27.6212,44.9745,49.0990,36.7931,33.8054,19.7458,11.2993,21.7013,52.5328,59.6589,66.6630,74.4727,80.7558,63.3750,52.0308,44.6596,40.0689,57.9025,63.6373,61.4466,59.1433,60.0286,38.0871,30.0344,26.9814,40.2259,54.0030,53.4510,52.1736,60.7883,70.8364,84.5682,89.9195,55.1087,35.7759,46.3042,77.5971,107.2320,143.3710,141.8190,104.6200,82.8361,82.3560,83.0499,67.9806,74.8722,92.1441,74.8087,65.4171,89.4347,98.4873,96.7524,109.8670,114.9060,116.1520,86.6144,50.5578,53.1146,44.9794,21.0035,16.1985,29.7834,27.3083,29.1338,27.6217,35.7383,53.3170,70.4793,65.9679,54.8952,46.4747,37.5490,33.6678,31.9995,32.4119,43.9218,34.6319,65.0152,43.4741,28.6747,12.1627,15.5613,35.6262,56.7949,90.6931,58.4664,103.6530,92.0233,103.9850,117.4500,124.2900,91.6805,69.5938,71.5697,78.2481,84.2676,87.2194,69.6171,17.2479,26.3515,47.3580,35.8901,56.5947,99.3891,95.5735,81.9431,80.1575,77.2456,52.7415,23.4959,41.9058,61.2340,55.8778,57.9129,68.3838,76.7646,72.0837,64.4839,86.8084,117.6880,143.6140,144.6510,140.3540,130.5700,117.7940,119.4560,111.8940,75.2477,58.7420,88.0037,94.6945,72.3192,111.5000,186.8160,190.9270,179.5630,129.2280,83.9061,92.3702,77.1197,54.1093,30.4241,14.8446,29.2925,40.1896,67.7701,68.6951,67.1572,64.9452,36.3203,40.4486,61.8862,83.1166,74.6206,39.2394,58.8930,91.5782
40986.2000,34545.4000,22727.9000,34928.2000,47972.4000,36474.4000,25792.0000,23196.8000,20410.5000,18299.2000,14672.2000,12840.1000,12948.4000,13354.0000,10977.0000,6644.8500,3710.1700,2052.4800,2566.6700,3647.3300,3895.4500,3763.8800,3329.7600,2343.2700,852.7370,718.5870,1088.5900,1306.3200,1431.0700,1434.9400,1519.8300,1544.6700,1485.5300,1156.1900,666.0670,388.0550,221.8220,274.1620,312.1810,430.7390,454.0520,346.3820,253.3550,163.3210,100.5130,208.4180,227.5260,319.4250,228.4090,286.5880,236.3320,151.9610,95.7606,63.1937,77.2363,93.0353,135.6070,168.1670,191.0200,197.4840,185.2170,141.3010,88.6411,40.4812,47.5216,66.6211,65.3916,37.6078,55.1055,101.4750,121.0790,106.2590,90.0057,100.3320,130.7160,161.1580,195.8170,185.5840,119.9910,62.5850,60.2134,99.8175,109.1960,98.5820,66.0713,38.9018,37.7516,50.7118,78.7086,95.9002,81.8077,72.2692,66.3022,59.4406,25.6328,24.8169,47.2108,67.2182,61.6855,56.9184,43.0556,49.9338,74.7298,81.6450,63.2342,61.3966,46.0481,36.0973,43.3905,53.3893,36.8550,29.8030,8.3720,14.3708,33.1806,40.7329,54.3007,82.5172,103.3540,84.3074,85.0680,61.0506,41.1036,51.0758,39.7202,36.1352,38.1364,51.3352,59.1029,33.4036,21.6153,49.2140,55.9315,52.9409,79.3397,80.5003,69.3351,55.8571,59.3969,38.9444,70.0096,75.0602,101.0660,72.2875,60.6425,86.7065,74.7923,59.8830,34.8427,29.6106,27.0315,14.1718,23.1912,48.0619,64.1169,74.3642,69.2452,67.1641,54.7714,41.9486,29.6978,23.9519,19.6888,32.3222,53.7464,59.2374,64.3659,66.0709,68.4572,64.1092,70.8026,85.1585,90.2285,112.1050,116.8930,119.7040,99.3741,79.3660,58.4122,41.8017,44.1028,48.7109,70.1442,112.7780,146.5360,167.5260,161.7220,144.2590,104.6870,94.9145,122.4910,132.6410,112.8980,111.0840,148.3750,166.0770,161.1610,145.7700,136.8340,97.6668,36.5932,35.1151,60.5472,59.2534,66.4179,53.4282,46.6230,48.8990,74.5204,81.1062,92.3988,107.4190,98.2010,70.3119,50.2902,33.9847,9.1263,4.9546,11.9728,31.9719,43.7904,41.0126,39.5599,32.1041,25.6528,29.0196,39.8936,53.4251,54.7044,70.0044,53.3216,50.0464,50.4205,49.0506,30.2534,28.4725,27.3715,36.6152,30.3234,41.3140,49.6210,66.4164,74.5225,65.4008,63.8718,59.3047,69.4286,55.9152,54.7345,63.1723,78.4145,70.3092,54.1073,34.7139,22.5238,31.6890,44.5563,63.1404,103.6940,102.8720,98.6662,91.9131,102.2090,127.5720,124.2320,100.9070,76.0676,47.3046,55.3914,76.9508,85.6839,83.3351,92.8549,111.6890,112.5770,122.0860,167.8430,179.2640,175.0880,124.5810,90.3870,112.9940,121.0360,105.7540,101.9060,94.6469,81.2195,82.7563,95.3391,81.1521,62.6294,49.7912,15.4850,16.3082,36.1266,64.8733,48.1932,48.9032,93.1332,89.7315
40403.6000,34147.8000,22355.5000,34431.5000,47355.4000,35883.3000,25491.2000,23180.7000,20310.8000,18352.1000,14931.6000,12992.8000,13281.9000,13742.7000,11531.1000,7759.4700,5747.4100,3801.9500,2438.8100,1932.5800,1801.3600,2208.1000,2372.7700,2201.9200,2104.9400,2111.7300,1799.3100,1330.0800,1020.5600,491.4390,329.4820,927.3890,1246.4700,1338.8000,1387.5800,1392.0300,1017.3100,531.6780,227.9610,91.3400,281.3830,393.0020,361.0060,284.8150,113.7900,136.0690,259.2150,423.0120,382.8800,302.7270,224.2830,80.2873,42.2052,75.5227,184.9530,275.9710,297.3480,307.3270,269.4500,152.3350,62.6692,91.8988,147.9870,134.8600,106.9480,65.6612,62.4163,118.2430,145.5030,139.1460,77.2284,29.1393,13.5273,30.5550,46.4653,59.6025,59.8888,56.3752,16.9013,62.4274,77.2174,110.6950,92.6504,99.4702,109.5560,125.6730,118.3270,117.2410,98.3975,77.2294,43.9152,39.8078,52.0369,31.9332,12.9279,19.0706,32.3791,47.6112,63.5663,63.3536,60.2021,40.9135,47.6199,66.3051,48.8226,39.1597,11.8773,9.7078,30.1603,40.4377,54.3888,32.7193,21.5350,17.1965,23.7736,32.9849,36.6026,40.9919,61.1711,44.1164,51.7540,32.0327,38.1837,27.6414,14.6295,12.2695,40.8064,45.5499,52.4610,43.5911,22.2022,8.0010,15.3890,23.2570,38.3167,50.7962,45.4159,39.9100,41.4865,23.5365,38.6514,32.8401,35.2181,38.1994,39.7453,11.2368,3.5467,20.3582,18.7708,31.2837,48.5112,50.2525,62.4729,39.5930,35.7978,43.3925,32.1199,21.5637,26.9895,46.1267,57.9965,68.9447,65.9348,51.5380,57.1455,63.7434,54.0764,40.1774,47.9361,66.4977,90.4252,84.1388,86.2145,127.3320,142.6930,134.5820,108.9940,64.8244,57.2059,69.7579,67.6539,64.1387,84.3561,104.7980,100.2950,79.9009,67.8750,66.2088,84.7679,101.4630,108.0150,112.4640,120.9750,137.6860,146.1480,124.6090,96.3704,94.0763,103.8800,94.2058,65.9372,56.1456,50.2723,36.4544,45.9383,80.8295,118.5120,121.2920,94.6738,82.5288,79.4396,70.1437,47.1417,40.3710,38.5219,26.1244,22.3892,15.0179,29.4677,59.5103,75.3675,84.9824,83.7465,86.7902,45.6622,21.3995,24.5917,28.7276,26.4206,27.2446,32.4460,34.7647,40.7021,48.8975,53.6952,32.3091,34.7331,63.7953,34.7065,43.2839,27.7278,41.6907,44.9511,36.6738,29.9879,24.8653,34.4414,48.6541,46.4710,48.5239,38.0642,28.4357,21.5405,13.1729,12.4135,18.3159,41.9861,65.3699,75.5223,79.8275,76.3631,79.2080,100.1660,149.2090,186.1280,164.5640,132.4670,86.3858,72.6017,90.3220,88.7400,69.5170,82.5812,108.8360,111.5930,152.5190,225.6420,237.3950,228.6060,154.4600,104.1870,98.2033,95.8568,78.0189,61.5339,32.7035,11.2355,14.2762,41.2343,46.1754,55.5968,45.6242,34.3799,43.5464,55.0288,75.5391,78.8438,65.8532,84.8064,95.6473
40294.7000,33767.9000,21784.8000,33832.6000,46850.1000,35708.0000,25149.6000,22568.5000,19774.6000,17411.3000,13283.4000,11245.5000,11025.9000,11329.5000,8521.2600,3709.7500,1512.7600,2364.3400,3838.2200,3784.3900,2799.1100,2248.1800,2120.8700,1830.4400,1414.2800,1210.5500,908.5960,676.0810,641.6770,734.5090,522.7410,479.1200,185.6770,141.7450,124.5630,126.3330,121.3660,100.2410,61.5528,80.7681,87.1983,187.6740,160.0190,162.3460,173.2640,224.4840,173.0240,246.0470,185.6760,305.2180,280.8550,207.0210,144.6760,123.8220,136.1390,143.8720,121.4590,72.7302,54.0308,60.7396,50.4606,40.0508,56.8399,76.7790,84.1543,82.4807,62.9871,81.0715,142.7060,211.1930,244.7530,235.6890,229.6480,168.7870,104.7270,110.1980,133.3270,124.2780,103.5460,59.4382,11.5119,41.2911,80.2193,114.1280,134.9990,117.5020,107.9780,83.3387,60.7479,76.4132,91.4801,102.9800,79.8968,50.5265,26.0624,13.9262,18.3094,30.7849,11.2361,23.9668,54.6061,57.8234,59.3493,50.4348,35.4316,40.7857,55.5203,74.3519,42.6971,52.6625,50.3326,53.1686,51.8799,40.5032,13.0283,17.4989,27.8868,46.4425,63.7303,67.6640,51.9341,53.9705,32.2210,46.2703,34.3708,27.0905,24.3240,42.6765,69.9880,75.6149,44.5944,24.7731,19.4130,24.3394,15.4815,12.5960,22.4887,27.4188,31.5598,8.4579,25.2172,41.9015,55.9682,42.8943,22.7666,31.9979,68.2366,67.1337,67.6487,57.1908,76.2996,82.1652,56.6905,47.8244,50.3027,51.8186,39.2686,46.0210,62.5360,51.1033,49.4551,51.3596,47.8088,38.3478,33.4631,29.4632,22.0024,21.9198,28.9585,22.4108,36.6602,45.6670,74.9941,91.2471,102.3080,96.3867,94.2889,31.1645,35.6165,29.3188,39.1941,38.6536,27.0089,16.6518,21.0188,57.5675,89.1113,84.3259,60.0377,36.7875,61.2802,76.9588,75.2886,91.0546,125.1950,152.1130,148.6230,138.4890,105.8900,52.4187,54.6612,59.9622,53.4338,37.2779,28.8377,25.6549,46.9797,37.1789,19.5853,37.3660,60.4018,56.3728,60.6993,67.8376,73.9844,60.8726,54.6247,48.8804,41.2422,48.8526,66.4369,89.4530,96.3005,95.5402,81.1002,69.4010,71.1404,63.0851,53.6537,60.7707,84.4882,87.1098,88.1249,84.9509,58.9464,43.5099,25.6934,21.5430,26.0660,29.3762,24.4336,38.9221,39.5757,41.0468,48.2723,77.1311,98.1050,87.2304,83.6523,90.4039,94.8933,100.0930,94.2086,90.3071,51.4457,51.4074,71.7887,67.3018,62.3100,30.6048,28.7657,71.6397,89.9955,142.2000,146.3700,113.9640,91.2941,48.1895,46.5196,80.8008,112.1900,112.1640,88.7494,75.6361,90.6333,140.5100,201.8940,220.4680,216.5840,154.9480,122.4120,122.3320,112.3610,98.3346,87.0038,63.2596,17.9329,16.2329,16.7153,23.8229,30.2297,37.9508,51.9243,56.6063,52.7476,50.0774,61.7643,54.3155,46.3222,33.5358
41171.3000,34652.6000,22847.5000,35078.9000,48073.4000,36551.8000,25721.8000,23008.7000,19866.3000,17832.6000,14493.9000,12572.8000,13119.9000,14286.3000,13088.4000,9173.4800,5195.6900,2085.2700,2194.7800,3265.8400,2770.5600,2343.3800,2281.9000,2138.8400,2000.5200,1907.4300,1452.5000,1124.8600,1121.6100,855.1550,608.0540,487.4990,582.1860,648.5590,641.5700,715.8990,849.1630,808.8060,709.3170,417.1850,105.0810,144.9910,239.0570,300.6190,328.6190,223.5910,249.4180,363.3420,238.7130,112.2330,112.3790,207.8990,201.3500,170.1000,117.5000,89.1254,72.1873,94.6785,145.8260,193.1710,240.6560,299.5640,212.7110,64.2784,95.5962,177.0140,181.6150,164.2220,119.0360,91.5780,96.9770,132.3410,174.9540,167.3930,100.2470,99.7228,188.7540,260.0080,232.5450,170.8580,137.5290,98.8379,56.4215,28.9725,50.4042,75.0634,73.8100,73.3631,36.9331,50.3283,82.5369,162.9010,173.8940,124.2210,70.1847,23.5714,116.6680,186.6840,177.4890,151.7980,155.7990,258.5210,333.3790,275.8830,217.5100,171.8140,149.1350,124.2240,90.2148,98.6092,127.8060,150.8680,101.8690,89.3489,128.2570,115.0050,144.5280,208.9610,200.4530,187.9130,174.8510,176.4800,155.2150,160.5570,169.4400,153.9490,188.0020,267.6010,274.3530,241.8130,198.6640,215.1540,273.6530,295.8260,258.8300,229.5850,278.6070,292.4300,257.1330,253.4920,224.4640,217.5230,231.0850,244.6590,168.2470,97.1282,84.4238,58.0061,52.4781,66.8857,85.2589,60.4921,33.5606,84.0335,125.5510,117.0380,94.3284,49.5612,76.4438,125.9270,174.2160,162.5830,110.4210,68.6922,49.9003,52.0482,60.9330,64.6617,26.8990,13.7164,55.3436,80.2576,101.1330,129.2920,155.2860,197.6360,241.5840,260.0060,262.0230,184.9630,146.6310,145.0010,123.6170,141.7960,169.4490,168.1460,144.1960,118.8440,114.4520,101.1970,98.8547,133.8850,164.0430,165.7580,173.5020,171.9250,183.4900,200.5230,205.1260,192.1510,160.2530,151.8890,160.6630,199.2010,213.4900,170.4520,132.7450,116.3580,143.7270,151.3740,151.6820,65.0706,79.8539,95.2312,115.5570,87.4031,80.2191,78.6134,90.5396,117.1480,157.6470,165.3310,146.3950,134.6990,118.0410,108.3160,57.0248,20.3430,31.3093,8.1303,30.5809,54.9595,47.5270,25.5588,14.4063,34.7040,84.6122,95.7913,80.0190,66.7439,50.7075,51.3022,87.3834,92.6990,61.1352,29.9857,37.7199,52.4234,21.2225,47.6864,59.6462,69.4606,67.2016,32.3394,24.6284,48.3966,67.6053,88.0780,140.6450,163.7080,111.3680,93.4975,167.3270,210.6760,228.7030,248.5280,282.4890,278.9710,214.6590,185.7140,210.7280,224.4710,219.1080,189.6260,153.0650,119.7040,149.1380,203.0850,215.0740,188.0970,152.8410,164.1930,179.7330,141.4980,82.9186,47.0945,42.6953,100.7960,154.9300,172.3540,143.7850,102.3250,70.2663,96.7043,117.1580,86.3684,62.0714,61.4994,44.5787,43.7356
40531.2000,34141.7000,22306.0000,34432.1000,47188.6000,35447.1000,24733.6000,22251.5000,19019.1000,16895.6000,13366.4000,10863.2000,10467.6000,10424.2000,7881.7300,5270.3200,5001.1300,4637.0300,4372.7400,4476.3500,4334.8000,3849.5500,3333.9400,2479.3200,1724.1700,1441.8400,1235.5000,1309.7400,1488.1100,1226.0000,1017.5100,873.0340,836.5500,545.9410,307.4740,438.0540,589.0460,533.6690,413.2900,170.0250,180.4760,303.7770,362.0360,376.9430,383.6510,469.6500,599.3540,621.2430,516.7520,451.4460,366.5770,336.0450,244.6660,158.0120,161.7480,185.5650,181.2270,184.9340,198.3640,197.7580,183.3760,153.5440,116.9200,90.1825,54.7081,31.0079,38.9997,50.3610,59.5697,52.4117,59.5446,31.4673,45.7192,41.4272,32.9248,22.8480,29.5009,39.5052,41.7801,31.4228,16.7263,56.7448,86.3704,102.7770,87.9265,82.5143,84.6127,61.3508,43.8198,29.6747,40.1424,35.0050,48.6453,48.6907,57.8336,63.4401,78.1003,53.6781,40.7563,47.3925,56.7527,64.4258,49.8991,23.6201,11.6105,24.1093,18.9249,23.9190,27.9896,37.5843,8.7038,15.4390,17.7843,13.1214,18.2866,26.4991,39.8932,35.1144,43.3027,45.2170,44.3637,20.9622,7.8121,10.8056,26.5627,32.7104,39.1705,39.5939,40.7857,31.7002,22.2311,10.4933,9.1694,43.1572,52.6120,50.5498,37.2324,39.3457,43.8279,33.7178,44.2752,60.7208,70.0690,83.3465,84.7733,81.8631,74.9067,71.8640,56.9950,66.7495,79.5866,45.8604,27.8698,52.6694,64.0590,62.3360,46.5298,50.3041,64.0719,71.8114,67.7564,68.1709,66.7391,59.0729,31.7235,27.7744,37.8156,40.9183,51.6794,53.1919,49.6636,59.1615,94.2196,139.0900,191.9910,183.6060,137.0750,88.7240,46.5493,75.1233,86.7307,74.3335,62.6482,58.8580,64.0782,90.1755,103.7540,108.0560,105.2590,90.0513,55.6122,73.9463,114.7240,97.8813,89.5261,114.9840,109.1270,93.0370,60.5849,53.4984,66.1078,78.2023,59.0223,61.9064,92.0493,71.0250,42.4146,22.6415,25.6170,31.8182,62.1579,71.7941,61.4368,43.2147,66.4168,84.2424,91.1802,103.3770,98.0262,120.7120,136.5990,136.4550,105.3710,73.2936,74.3264,86.9638,117.3430,146.2520,147.2740,126.4340,83.1032,45.1429,66.1715,101.2310,98.2114,89.2564,73.3131,84.1792,116.1530,134.5500,87.5067,51.4059,39.0914,31.4573,55.7537,56.6755,70.2661,74.3360,78.4168,47.7826,38.6539,39.5786,53.4818,44.5047,40.9214,47.3082,68.6394,56.5147,35.9288,21.3941,33.8635,58.7105,87.4881,108.4880,114.1170,117.4400,111.3350,92.8651,83.2886,103.7340,119.1590,118.0010,135.9180,155.0500,153.9930,180.6520,226.4740,249.0410,239.2540,164.7480,124.3550,168.8240,188.8630,116.5470,53.9732,43.0516,51.0103,59.3640,114.3290,139.6460,150.0580,106.6250,54.8305,66.1592,92.9920,82.8503,76.6307,55.7547,36.0882,27.1547
40318.4000,33805.8000,21877.0000,33908.1000,46813.9000,35588.3000,24904.8000,22417.1000,19307.6000,17254.0000,13478.3000,10868.8000,10501.1000,9866.4100,6728.5400,4401.6900,5468.2600,5732.2400,4194.1700,2867.5900,2638.1100,3379.0000,3282.0300,2834.9800,2474.5300,2056.7100,1112.5300,464.6120,488.0690,544.2550,405.2760,278.1320,266.0560,351.3030,393.7330,349.0940,232.5950,131.7860,81.4650,77.9801,205.9240,290.7830,322.9440,362.4000,269.3440,139.4030,208.9880,413.8610,515.3340,485.3860,480.4420,306.0650,145.7690,102.5130,157.2910,230.2170,242.3290,240.4200,229.6150,202.0410,120.5190,73.0814,11.0788,53.0156,73.7212,87.0361,90.2344,44.3934,24.5204,61.6498,96.8170,86.0170,74.6869,56.9023,35.6094,17.0206,13.0320,20.0940,28.3719,56.2785,61.8413,73.1337,46.6751,55.5272,62.7204,61.8791,64.8933,50.1717,21.7177,41.7672,76.7916,51.9622,28.8132,18.4805,18.6556,13.2106,41.3680,63.6300,73.3607,64.9141,47.9807,56.1898,62.8506,58.7771,60.0989,66.0782,66.4455,58.2415,23.6399,13.9167,24.1100,14.2165,9.9567,6.3957,13.0791,39.4324,47.7204,62.4413,66.8823,58.7834,41.6469,27.6034,20.7035,18.7863,14.0209,10.3087,20.8144,33.5695,43.9340,33.9079,17.6082,25.1617,32.7573,27.9236,24.7435,26.6807,27.9218,28.7086,28.9733,27.7717,36.3564,60.1812,74.4799,51.5331,42.5812,52.5704,59.1193,66.9561,62.6706,54.9344,56.6840,46.7549,32.9970,21.0907,37.8342,52.4502,32.5294,51.3725,61.1163,58.2282,41.3772,33.7391,34.8913,29.1047,40.0061,66.5848,71.1967,60.0793,38.3814,32.5708,38.4227,42.8941,83.5563,141.9540,184.7570,173.0420,128.9770,88.7900,47.8999,52.6059,63.4103,56.3500,60.4811,77.1359,71.8959,86.3521,122.5530,128.8110,123.1130,103.6930,70.5133,62.9612,71.8073,92.9873,126.9970,133.8600,126.8170,106.6620,68.3581,21.0660,43.7452,86.7576,95.1448,67.9106,37.6169,12.3878,24.0549,39.8277,66.7891,96.2171,103.1460,98.2994,83.6886,74.6028,60.6825,48.8122,69.1799,87.9412,79.4216,80.5611,91.2671,100.1880,94.9009,60.6198,18.2905,42.9188,78.8527,95.1002,75.1184,38.0708,15.0331,31.7760,65.7388,101.1370,113.5890,112.0400,118.8380,131.6740,133.3630,106.6580,65.6094,58.6686,60.4574,26.5966,26.3798,76.5840,85.8509,77.3839,72.3800,65.0496,54.0210,47.2920,44.8853,49.3916,63.4731,27.7309,18.4316,74.9863,73.6092,58.4263,52.9259,75.1537,101.8400,121.1260,135.3280,119.1130,100.5620,113.3390,124.3510,132.2170,108.9130,82.8504,79.8650,92.9418,114.8320,174.6840,249.3030,267.6200,263.4840,192.5510,133.1850,139.5610,142.1000,116.9510,87.6211,62.2654,34.6580,11.1927,41.2869,57.2853,62.1358,42.2059,22.0871,32.0703,37.1605,28.9747,37.5956,48.9604,65.5436,71.7145
40882.0000,34175.4000,22319.1000,34596.1000,47396.0000,35768.8000,24761.7000,21997.7000,18703.7000,16379.6000,12397.1000,9540.5700,8776.6300,7759.1400,3814.6300,3919.1000,6959.0700,8890.9900,7569.3700,4594.0700,3252.8800,3772.3800,3025.5900,1749.5500,782.9220,1780.5800,2204.4700,2286.8000,2147.7700,1559.5400,1128.6600,881.4370,509.5230,179.7330,347.1800,501.8360,605.6890,580.5540,339.7650,227.7140,186.1040,193.3090,134.4390,135.9420,236.9010,306.8120,360.9460,417.7400,430.8460,441.4560,415.8510,388.0960,291.7260,252.2060,264.2220,255.5820,275.6830,279.0980,236.3380,175.9430,84.0673,83.8112,122.1880,138.0220,104.3880,54.8994,42.2883,101.2720,144.0740,145.3300,140.8650,94.1017,68.5496,49.7482,47.7399,47.0424,52.1851,54.2373,44.6481,57.8379,59.0959,28.0170,21.3019,84.7331,96.4550,88.4356,78.4985,79.8662,83.0814,58.0123,40.9350,52.2360,40.3524,26.5944,15.2990,16.2531,17.3658,25.2080,30.5061,29.8980,27.8256,24.3245,42.3175,52.5875,42.8656,37.8961,20.0681,12.2488,8.5298,7.9060,14.2747,15.0108,27.7282,27.5832,34.1536,44.1492,52.0082,54.0227,69.3439,63.4901,64.9216,40.0504,39.3832,36.0274,24.5837,16.2878,39.3893,55.8411,68.3590,79.2112,72.1271,47.3248,32.0988,31.9635,43.6161,48.5403,51.5377,46.1884,34.9916,9.3095,33.5192,60.5143,66.9588,42.3359,40.0248,48.8646,46.1324,44.9732,25.9874,20.0023,24.8483,40.8762,33.3198,17.0397,6.6490,13.3748,30.6208,44.5032,46.8441,45.1114,44.2591,27.8736,14.4729,23.5451,27.5960,31.7611,28.3967,39.1423,30.8393,68.0514,75.2655,76.6330,88.0060,113.6060,138.6160,123.7620,87.5214,52.9224,30.8110,35.3101,83.7696,100.0170,107.9610,112.8800,107.8470,101.1810,104.9280,105.6860,102.5980,97.0331,81.4710,70.9035,100.8440,123.1250,98.4086,76.7888,86.1609,102.1830,99.5173,52.9828,17.5996,14.7218,40.4627,63.9599,63.7735,62.4590,52.2790,28.0788,17.0929,19.4338,26.1085,38.8136,49.8984,32.1510,21.6744,11.3167,28.8747,34.4717,36.3714,50.3294,72.7639,89.8701,101.7730,83.1760,56.1309,37.5408,25.2489,26.7648,36.6769,66.7683,77.5928,86.1095,92.7606,91.2500,96.9787,96.9467,99.1547,106.8950,109.7130,93.6683,47.7212,19.1772,32.8800,55.7199,67.7299,69.5359,63.6042,62.2674,57.9953,56.6050,46.9553,54.1624,63.7533,57.3732,61.0647,54.6519,45.2661,50.8608,67.0512,69.2364,59.1429,69.2227,97.2298,134.0570,157.5640,165.4550,167.5710,156.6100,125.6120,99.1022,104.9550,106.8410,100.5550,107.6750,128.3450,188.0960,262.9500,287.5080,288.7350,241.2300,172.4570,136.9800,130.0470,100.7930,65.1866,32.7903,20.0832,11.3431,40.1131,64.9667,76.2483,74.4053,74.4476,112.4430,103.1470,97.0945,57.0776,61.4236,94.2567,79.4920
40769.3000,34510.6000,22588.0000,34576.1000,47540.7000,36042.9000,25605.9000,23175.9000,20454.0000,18361.8000,14772.9000,13017.2000,13127.3000,13708.5000,11542.8000,7632.8200,5291.3400,2960.8000,1736.0600,1927.0500,2359.6500,2860.3900,3220.6700,3289.4800,3555.8600,3880.8500,3278.8700,2377.1700,1588.0300,934.2640,603.1620,1146.4400,1701.7200,2284.0100,2531.6100,2132.5000,1549.2000,1013.6800,495.9060,248.2580,285.0200,352.8110,376.0920,396.1170,422.5780,342.9940,314.1440,386.3440,412.2180,451.2480,509.7600,504.7150,436.1350,344.3150,340.7890,336.7340,304.5490,257.7680,214.3990,181.9890,154.2120,115.7790,154.0290,193.1240,188.8540,162.0360,131.7070,109.3060,40.7947,29.7611,103.6270,87.4072,67.6483,39.6206,26.5943,34.9931,66.6165,87.3436,93.8698,111.8290,84.8606,38.8480,26.5310,64.4636,100.2450,108.2540,111.8360,106.2860,76.3264,39.2927,21.2329,27.4901,30.3338,23.8198,24.3120,33.2597,70.0970,89.4710,131.1550,74.7094,39.7211,40.1486,38.3356,19.8245,58.0571,55.3310,52.1570,37.7595,58.2067,63.3045,39.2933,58.1002,63.3404,37.8995,12.0345,52.2686,75.0229,97.9620,115.6890,65.9107,62.4100,32.6780,31.8079,59.7753,83.0572,67.6719,58.4297,38.2291,67.6966,86.4398,63.8221,61.7347,49.6890,41.4798,22.2267,9.2386,45.1085,32.2175,44.0516,28.8880,38.2179,37.9617,37.0479,52.3211,62.8089,54.2195,53.3695,62.2072,69.6032,50.6998,56.3937,79.4943,76.7670,74.5097,85.0334,98.0872,84.4713,68.7987,72.2490,72.4376,57.2393,52.5866,62.0064,67.1516,34.5577,38.9843,78.9699,87.0044,51.9151,54.1825,94.4300,107.3610,116.9660,127.5640,138.2110,128.2280,102.5960,62.8613,70.6806,51.9974,100.8590,102.2240,91.0244,95.8261,92.6447,42.0826,29.0614,51.3262,94.2457,111.8890,134.7330,126.0670,101.3580,89.2154,90.1372,87.3077,78.8140,76.1394,64.8297,37.0409,53.6241,100.4310,84.8740,54.8079,48.2965,37.0765,66.8392,62.4251,51.3081,62.3000,75.8410,102.4810,88.6330,75.6060,101.4630,86.0135,88.7559,67.0037,59.4615,82.1908,78.6572,63.7344,56.4880,55.9569,73.1940,87.9606,79.9801,57.4417,66.8647,77.3036,75.2723,120.9640,177.5050,161.5240,137.2770,120.1690,117.3950,98.1592,77.8304,82.8141,51.7772,25.4263,43.0518,51.3610,49.1544,63.0893,59.5175,40.6046,30.6712,58.6570,92.3761,65.9774,30.2447,14.7504,32.7373,33.0777,18.7991,58.2435,53.6736,75.4836,36.2691,32.8302,26.3407,54.4256,67.8460,85.5431,98.5598,109.0710,96.5201,67.0919,38.0429,54.8309,70.5015,111.1720,124.8540,138.6120,186.6810,188.1590,177.2760,99.7318,40.2154,57.2095,64.8997,41.7264,23.2872,47.6425,66.6487,78.6360,69.5584,32.2315,13.4195,16.9706,29.5119,51.6039,95.1490,127.1550,107.4740,38.1898,70.1255,107.2020
40271.7000,33892.5000,21951.7000,33881.4000,46826.7000,35722.9000,25281.6000,22874.8000,19886.3000,18043.4000,14577.4000,12405.0000,12637.6000,13009.4000,10530.8000,6456.4000,3880.0500,1392.1300,980.9600,2703.1000,3952.0100,4611.2300,3856.7700,2795.8900,1571.9800,983.2940,1354.0900,1782.0000,2057.6600,1834.7000,1512.5200,1158.9400,836.7020,931.1040,1158.8500,1301.9800,1293.6400,919.2210,542.6890,401.4950,160.8160,256.1480,261.3260,302.4380,328.4340,351.0300,416.1510,498.4950,588.3460,602.9930,522.1790,429.8780,329.6120,293.1240,310.8740,285.3930,221.6340,191.2590,179.9900,224.4950,286.1410,247.1310,185.1690,141.9810,113.8690,104.2160,91.6799,107.1360,97.7034,97.3549,61.1682,29.0900,25.2591,22.7207,29.8584,51.0092,77.0677,122.3260,101.9490,78.6538,28.2557,23.3846,44.7039,50.8470,41.2232,40.6610,54.8584,70.6179,63.0973,60.4448,41.6509,37.5836,60.3422,57.0331,55.6031,48.3269,51.7168,37.5366,32.9586,43.7492,53.2803,61.4410,54.3394,52.3525,63.9562,80.4196,63.3472,56.0406,36.7123,19.9849,18.0304,24.8909,28.2950,22.4073,25.7661,43.8845,36.8327,24.9380,27.2710,47.4939,57.6440,66.4101,21.3367,11.6869,28.2111,28.1408,45.2662,49.0435,54.0317,48.0151,21.1029,19.2441,40.4053,34.6596,30.6361,35.1680,40.9156,44.7595,54.9606,21.1376,48.7715,44.2822,33.9129,40.3914,73.0467,53.7344,48.5220,55.7498,91.6676,76.1435,55.4345,26.1767,9.1656,20.6733,31.9979,35.2696,30.4571,49.4212,64.8184,48.7469,34.7042,32.2434,36.9529,28.0621,15.2057,28.8145,37.2217,39.5253,40.9184,50.0010,62.1534,86.9517,100.6600,84.8414,70.1150,48.2129,58.6926,82.7557,87.5422,57.1534,50.3045,79.0779,83.9942,92.2286,83.3951,76.9606,60.9402,39.6965,18.4593,53.5009,87.4849,109.7490,98.7852,74.9694,88.2489,99.8787,104.4340,92.8351,89.9784,83.0901,102.2250,108.4950,79.4597,57.0594,42.2700,19.3454,43.3302,41.4956,39.8553,45.5818,62.9308,73.3119,46.2577,33.2155,29.5026,17.0427,17.0536,38.6247,51.3744,59.2283,62.2080,52.8674,50.3204,49.3433,29.4115,24.0723,26.6517,43.4993,48.1101,59.3328,87.3134,88.9376,91.4865,97.5189,93.8105,79.4536,67.5522,66.5237,67.4038,67.1601,60.5154,42.9007,47.9046,28.2065,27.5643,10.2880,19.8402,34.0149,18.9510,26.0013,44.9076,48.1941,41.1632,43.9198,56.1391,39.6079,31.2263,46.7533,66.6802,73.9052,72.5366,61.7269,81.5772,143.6840,178.8030,138.6370,98.5337,57.1387,73.7945,93.0761,95.4077,78.3976,91.2494,124.1850,152.8730,180.4760,213.6690,216.2590,205.7390,161.5490,96.3015,65.3976,50.8625,32.1305,20.5778,27.7068,42.4139,62.7171,68.8582,46.9147,30.1763,14.7779,9.7270,32.2339,52.8312,69.9974,77.2034,69.2688,87.2403,94.3725
41017.9000,34468.2000,22569.4000,34703.7000,47809.9000,36680.7000,26009.0000,23368.6000,20422.6000,18434.1000,14785.4000,12625.4000,12820.5000,13013.2000,10486.4000,6276.6800,4025.6500,3487.6100,4402.1700,4600.1200,3503.7300,2107.6900,1457.9000,1765.2200,2185.8900,2628.9000,2265.3900,1577.2900,1090.5600,665.0340,197.6790,648.1800,941.4340,1139.6900,1134.2900,907.3740,646.7320,438.2560,432.8820,583.9340,635.5040,590.1020,510.5030,432.6080,320.1690,283.0210,421.7500,490.7130,432.6350,361.9740,336.9740,286.3090,264.7190,310.0260,330.5940,279.3060,224.7010,226.5810,218.0030,201.3680,170.4600,94.4855,60.6247,87.3516,103.7910,88.1011,91.5718,122.2720,152.9990,184.3000,171.8540,117.6940,84.1222,38.1404,16.6396,7.7217,16.0013,58.6602,54.2413,45.3132,24.9556,45.9357,69.7148,61.0758,59.1807,63.9348,46.1198,23.4860,40.7386,92.5104,95.0635,92.4690,66.1547,62.9210,67.8544,52.1278,42.6805,35.6402,36.7136,20.8228,37.0935,41.7939,51.6682,52.8527,57.2540,46.3438,24.6463,8.3468,20.2995,37.4202,41.0933,52.9514,18.9431,27.8362,35.5628,40.8922,34.0886,45.2261,67.6598,50.4524,59.6095,21.1185,14.0437,20.7580,45.4572,32.5344,22.7801,22.0110,38.1349,50.9125,56.0006,54.8255,53.1262,63.8898,69.9892,65.2343,54.8450,50.2560,56.6293,29.1787,40.1377,34.3792,51.0212,43.8294,38.2232,36.6365,46.3936,57.6061,74.8321,60.3947,37.3509,32.8278,44.3745,58.7012,58.3104,45.8493,39.9456,35.2802,49.4591,55.3857,45.5839,40.9202,48.3726,47.4388,20.7020,10.4793,8.0590,22.5322,38.1743,47.8272,57.4769,71.3623,63.2333,44.6691,38.2601,66.0283,91.7040,113.1330,89.8175,60.2126,33.0335,41.2963,86.1418,107.5740,131.2040,111.0560,82.2334,65.5686,39.5559,34.1803,59.6094,86.6436,113.9580,134.5740,130.6590,111.8690,112.6490,116.0330,114.1840,84.5872,59.3575,46.2814,35.6759,61.4829,72.4812,45.1931,30.9874,33.3093,32.1776,36.1907,46.6357,53.4965,46.4160,36.8383,21.5390,6.7715,13.9160,7.7257,8.4923,27.4508,47.8238,62.7040,78.5744,70.1629,44.6211,22.9000,12.2785,44.1927,44.3238,51.2057,56.3087,74.4899,87.1115,102.4330,89.5212,96.3106,94.6184,88.4135,80.9697,84.8444,71.2316,44.5281,32.5619,22.6562,31.0131,35.8793,45.1228,58.4669,69.5142,78.5094,79.4500,56.1021,53.0550,79.3009,74.2852,51.2077,30.5127,47.4256,82.2936,99.3942,100.0420,107.0440,143.1820,180.2920,193.7040,189.3170,159.7560,125.9790,102.6090,109.1940,89.7832,76.0701,91.9965,106.2530,150.2060,216.7290,260.8890,254.0120,225.2190,182.4390,158.5690,169.0310,167.4500,137.4830,100.0280,75.3398,47.8003,20.0989,39.8333,54.3332,56.5566,22.2858,43.5513,102.6580,108.9120,126.0240,102.8920,77.4087,98.4192,113.7240
40976.1000,34618.2000,22662.9000,34781.4000,47821.9000,36303.7000,25787.3000,23286.4000,20493.5000,18421.2000,14894.2000,13071.5000,13189.5000,13598.3000,11274.8000,7233.2400,5219.5100,4247.0100,4266.6600,3927.0100,3447.5600,3253.9000,3458.4400,3945.3900,3768.2600,3051.5800,1801.2400,781.9330,608.1430,1076.0600,1059.4200,1018.9100,903.1390,956.2590,1257.1900,1580.2300,1716.7900,1552.9800,1193.1600,829.3500,487.8450,271.8560,181.3720,88.7489,232.4140,483.9260,671.9430,826.0400,753.9130,620.9580,575.6320,508.6790,397.9090,307.8510,238.9070,208.0330,176.2640,178.6850,209.9560,165.3240,108.1110,57.1433,48.5853,77.8893,105.4560,104.6790,93.5296,77.2826,43.9413,51.4507,76.2383,125.5730,111.4460,76.5521,56.9600,39.1602,24.7716,16.1786,31.6430,53.0684,35.0578,57.7082,51.1157,64.4784,83.4456,114.7810,108.4820,70.9537,40.3833,38.5100,59.9425,61.8458,52.3214,45.8214,45.2332,40.6865,65.7575,84.4453,80.4017,65.6636,43.9878,54.0151,69.2134,88.1998,55.1116,17.0942,28.1078,38.9868,54.0952,40.9554,53.6652,67.1334,59.3487,64.8003,75.5248,99.9154,71.3333,61.9038,43.7148,25.0873,26.8131,29.4776,24.4544,10.3248,11.7620,22.2445,32.7143,29.8599,42.3073,25.9939,18.2130,28.3224,39.0215,50.6118,57.8989,61.8484,44.2480,31.1633,16.7462,71.5882,88.3938,96.5885,91.1501,87.3636,108.9440,106.2560,99.4660,84.1834,57.3976,59.8217,95.2886,109.0670,105.3970,111.4770,120.5780,129.5080,136.2650,125.8870,119.8900,104.7980,75.6195,66.9093,101.1310,126.3750,145.7890,151.7500,128.0660,79.1580,43.8863,24.5469,32.1837,74.4546,89.7267,58.2904,29.0738,50.4631,75.8442,84.0636,86.1873,55.1614,46.0936,39.5632,33.2523,8.8991,42.5008,52.3032,51.5686,22.0737,24.4727,47.6899,72.7859,92.7298,105.6300,116.8850,114.6350,111.5820,138.4550,142.5930,147.0960,74.5235,27.1761,4.5125,11.7034,20.4294,30.3561,24.7477,42.4035,67.5145,66.0318,61.6124,58.0157,53.6001,28.8176,29.8082,53.6322,63.5940,80.1361,88.8909,64.1730,64.9250,90.4327,96.2841,91.2136,94.5810,93.0710,74.4384,78.0357,85.3111,99.3110,105.6350,126.8160,112.5060,84.0695,79.7874,68.8243,71.7248,83.4798,86.6769,88.1657,72.5947,49.6827,27.5207,27.2367,29.0403,55.5281,32.3847,15.1840,20.2379,15.6879,10.7317,23.3330,29.0536,18.4217,7.8535,16.2382,11.1765,14.8516,30.8821,47.6505,77.0344,92.9887,106.1240,98.3475,126.7270,170.2220,160.1740,148.3350,128.2010,129.5830,140.4350,105.8830,47.8872,59.2804,93.5382,116.8110,215.4210,284.2110,286.4420,261.1830,224.8710,171.8100,151.4960,151.2110,113.0870,73.3198,41.0200,18.2942,43.5386,70.2204,66.8835,49.4203,38.1620,52.9681,69.4567,45.6059,71.6712,58.5388,54.6425,60.3495,57.9282
40160.1000,33814.7000,21880.8000,33911.6000,46916.9000,35687.0000,25221.6000,22810.0000,19918.8000,17957.9000,14330.6000,12246.3000,12190.2000,12536.2000,10103.4000,5969.5500,3676.5100,2185.4300,1922.1300,1994.9800,1505.4600,1033.2500,1073.2000,1066.2700,1918.3700,2521.5900,2404.8400,1867.2400,1369.9200,187.0210,434.0470,601.3320,449.8100,337.2940,622.7130,851.1030,926.6520,1079.9800,996.8440,835.3040,730.4580,669.2730,427.7700,274.2680,300.1360,444.2340,496.4120,550.6040,351.8060,159.0140,119.2600,130.1270,115.8120,98.5097,71.2883,68.5899,80.5300,164.0160,180.6470,173.2950,160.2990,175.4850,163.2480,102.7760,123.9360,222.3190,241.4990,167.9810,93.2738,115.9240,182.7840,211.3170,216.9410,199.9650,194.0840,198.6210,180.4870,178.0580,201.3300,176.2570,154.8770,156.1860,167.6650,144.2800,123.3100,142.7590,89.3330,54.0627,19.6066,24.8117,28.6077,75.3269,59.7589,57.2574,42.7621,70.1802,137.3460,87.1697,60.8077,61.0767,95.3410,69.9085,65.9027,104.3440,90.6474,98.8289,68.5947,46.3101,31.8088,83.9155,54.2285,44.8172,37.1267,59.3018,20.8494,45.6283,44.0045,36.7277,67.9482,108.1460,63.6413,49.6702,14.9277,22.0527,44.3975,61.7594,56.1719,87.3998,63.8783,66.2106,44.3336,45.2315,74.3204,93.4229,82.2682,68.8957,23.6527,70.8340,35.9988,12.3925,43.2712,64.2661,67.5531,47.5922,53.4953,54.9505,54.3693,23.1733,20.4938,68.2398,94.5879,82.4608,58.4306,79.2359,150.6730,178.5990,135.2910,101.5420,70.4522,24.2729,10.7280,21.1594,21.1818,8.8854,41.9604,49.2315,62.9979,58.9870,40.1511,58.3820,12.7649,10.4008,9.9703,29.5820,15.3400,6.3704,43.4992,49.2618,74.7130,25.4993,40.7053,50.8138,18.9328,63.6732,80.1786,125.3910,119.5080,109.4340,91.4617,65.9087,88.9625,93.0649,38.5584,89.8826,200.5200,190.4090,176.6920,195.4340,196.2450,179.5470,75.1946,27.5251,35.3647,26.1084,15.0107,9.7517,11.1762,19.0144,55.5693,66.9648,116.2150,98.0745,57.9882,36.4467,63.4116,92.9088,139.4520,128.4950,85.5313,43.0855,66.1463,60.3520,71.6628,66.9792,69.7821,84.7833,113.1280,137.2980,176.0600,215.6950,193.3440,172.9940,156.7150,147.5900,140.0250,127.1990,120.2560,69.3284,62.6569,79.5894,149.9650,88.3793,49.7604,27.5124,37.0829,39.8857,43.1251,36.7815,70.9060,124.9290,177.1770,171.3170,160.7170,151.8600,114.2060,68.2795,42.9726,32.1155,24.2779,56.6483,84.2576,103.4400,129.5420,164.4460,179.6160,135.4950,110.7600,165.9220,197.6080,193.5410,204.1780,251.4450,222.7560,152.6760,173.4050,260.7810,330.0810,333.5070,306.6330,267.0800,233.4120,147.7820,118.7360,170.1080,139.7320,93.1032,65.0879,84.5816,148.8100,174.3280,170.8800,154.5880,121.1020,48.0253,53.8329,85.6182,73.1276,38.6299,44.9284,71.5871
40720.7000,34154.8000,22273.4000,34463.5000,47578.3000,36492.0000,25862.8000,23315.0000,20395.4000,18453.9000,14712.0000,12567.2000,12615.5000,12840.7000,10192.1000,5941.8000,3645.0700,2207.9300,2016.5200,2125.2600,1816.5500,1835.3800,1555.8300,1117.6800,542.6840,645.9890,1878.4800,2499.3100,2840.5700,2515.1300,1557.6700,1041.7700,965.1540,1052.6300,1132.9400,1151.6300,1193.2600,1046.2400,753.1110,444.2870,222.4080,52.6818,104.3860,106.4520,186.8040,300.0380,333.6760,378.9930,230.3370,78.5910,80.7408,169.6650,139.6520,117.1730,118.2230,175.0050,190.4880,214.0730,222.9990,189.8150,150.2520,123.6880,82.2603,50.8043,68.2098,96.1813,121.3870,113.2790,125.3290,133.4240,147.9490,159.5710,184.3140,222.5950,236.2740,208.4980,177.1280,154.0220,110.6520,48.4243,36.6238,60.4490,55.4419,53.9823,48.2984,41.5355,37.0962,34.8387,25.1085,18.3142,28.5752,40.6969,51.8995,54.8309,43.5099,41.9319,30.3257,9.0150,7.0930,12.3006,8.9823,26.2595,31.8525,36.4264,39.3789,61.2371,60.2983,56.7605,38.3128,18.8655,6.4770,20.6597,36.8979,44.3574,15.1569,28.6401,59.6806,90.1378,103.1800,108.0990,118.4440,115.0090,68.9886,34.7763,18.7898,14.9005,25.9116,41.9773,54.9849,30.5677,16.4633,19.9881,20.7389,17.4612,6.8207,15.4828,21.4124,54.2444,49.7750,62.3244,58.2497,43.2051,66.7126,48.7904,39.0391,34.6657,65.2942,103.0610,90.8242,74.3567,75.7978,67.6001,70.5058,83.5067,89.0714,76.1101,32.2857,38.7802,68.9150,75.0654,64.1728,60.5733,61.1910,65.2483,59.2364,29.3911,23.9198,12.7399,7.2698,7.4500,7.8104,15.2588,38.2862,21.2151,42.6163,55.4490,55.6587,51.1674,75.6454,92.4878,130.6570,121.9830,107.9620,115.2650,124.1960,136.7210,123.9860,118.7130,128.9100,148.4060,145.3940,112.1010,105.5380,110.2300,102.9630,113.4590,117.3130,89.4171,66.0799,68.5747,72.4806,54.7854,62.2403,77.5982,74.7675,75.3521,100.4260,110.3010,88.5841,60.5085,34.6072,29.7419,44.2117,47.6543,43.3069,30.5865,29.6819,43.0095,48.3256,55.3612,81.7472,76.9350,61.7150,49.0349,51.9434,60.3846,67.1249,66.7360,43.3133,38.7131,40.7874,48.0829,71.5312,86.8048,83.7832,81.1997,102.6450,88.6893,72.1312,56.4547,31.4993,9.0885,33.9938,55.9388,87.9869,105.4090,105.1180,95.3814,92.5190,77.4283,52.8382,52.7018,28.0619,36.7688,55.2758,50.4957,46.9952,23.1362,42.6688,73.7336,94.1570,120.4350,114.9480,124.2120,177.2040,190.3030,182.3740,161.8850,165.3910,155.9510,102.1560,80.3456,106.1260,126.0320,158.9620,214.1350,272.9070,290.3490,281.3640,216.5090,130.6260,139.0440,154.9040,96.5347,53.5445,43.1848,23.5185,23.7491,56.7231,54.5473,38.9330,73.6786,102.0700,84.7824,68.3990,82.8607,104.1700,112.7970,107.8550,124.1850
41031.6000,34621.8000,22755.2000,34899.5000,47898.3000,36375.1000,25709.3000,23107.0000,20291.9000,18202.5000,14554.0000,12573.5000,12676.1000,13037.3000,10654.8000,6565.2000,4473.9300,3346.3700,3280.7200,3322.1100,2897.7600,2723.0800,2473.4400,2053.6700,1111.5100,265.7650,610.7550,1234.6800,1804.9400,1496.4600,1128.6200,919.3160,832.3860,775.6020,539.8800,454.2330,470.1120,420.1790,344.1380,311.5420,283.7630,230.3870,70.8845,81.1788,166.5290,162.6860,113.4300,71.1860,100.3460,168.8830,203.0620,132.8910,81.2332,34.5457,39.7546,137.4620,156.5350,163.7920,107.1590,59.7105,57.1148,43.8952,32.6755,12.9096,23.5722,34.0711,47.6209,46.4605,36.9793,14.2100,56.6967,64.2847,73.5702,46.2765,43.7982,59.4248,99.5649,86.5891,92.5202,67.2409,61.2546,63.6813,81.8293,72.7581,47.8008,54.8355,66.0350,65.1568,41.4047,10.8385,17.0461,30.7091,47.6917,51.6411,45.9721,50.8317,31.4321,31.3476,11.8024,26.9534,27.2351,40.3376,26.6714,30.2376,63.5557,66.0717,68.5430,38.9174,39.9211,29.6329,29.0532,20.8358,40.0157,74.1208,47.6731,63.6529,32.2678,29.6057,23.3647,36.7862,72.2239,135.3140,91.5972,85.1853,28.9304,24.6933,11.7905,11.8163,24.9711,28.4742,30.0767,27.1796,31.3101,23.6541,76.1825,62.9367,51.1045,29.0211,57.1495,86.4864,109.7060,116.3020,59.7617,31.3579,88.0848,109.5390,119.2760,133.9840,129.6810,77.0748,55.1814,50.9134,32.7313,29.2045,52.2320,65.4077,69.9119,30.4447,33.5856,86.7508,67.1036,50.6942,68.2214,99.5525,106.0580,53.8719,45.6763,26.2119,29.7832,42.1050,71.5146,85.5235,57.5405,30.7225,46.6570,74.9512,95.8694,110.4710,75.0169,40.3712,82.7727,132.7440,148.9580,166.3210,207.5750,199.9500,171.8480,147.5020,106.9780,94.7901,150.1620,170.2160,97.5853,74.2093,92.9811,96.8465,107.5290,135.8210,162.2560,150.7050,82.5000,50.8313,61.5678,50.7917,56.7517,74.8686,69.0349,58.7619,39.7040,14.3934,31.8257,66.4524,73.6359,55.4031,61.8163,50.4370,74.4640,73.7793,43.8315,31.4553,39.1860,44.6734,33.5516,34.7202,76.9328,129.1700,151.4770,94.9114,62.5320,45.8569,75.2168,77.3956,106.3320,89.0406,87.3761,72.5845,63.2071,21.9653,57.9434,68.9918,82.8591,95.9651,67.7031,59.8143,41.9437,40.6040,22.2012,33.9664,39.7423,36.8005,65.1822,27.8380,22.9114,9.9947,23.0895,11.6103,20.2417,46.4281,38.4736,29.7690,10.4160,33.4318,50.4511,125.6550,146.1420,137.1510,114.5780,80.6315,77.5679,57.6461,26.0110,34.5866,80.7625,159.7810,194.3160,207.9700,239.3890,243.5180,221.3460,126.9970,83.1077,120.1930,128.2490,77.5452,38.1181,22.1813,49.4777,124.5480,162.2510,145.0410,138.2610,121.7750,119.3710,107.5570,117.4540,93.1840,45.6808,33.9595,48.3790,75.9570
40312.1000,33993.0000,22059.0000,34047.3000,46963.2000,35615.6000,25205.5000,22848.5000,19978.8000,17997.8000,14422.0000,12397.2000,12431.0000,12768.4000,10228.6000,5995.7100,3629.7900,2107.2300,1985.1000,2333.8800,2230.0100,2367.0100,2208.9500,2109.4900,1897.7400,2009.5000,1871.8000,1583.6600,1295.4800,890.9650,623.1190,544.2290,576.9890,668.1010,710.2590,625.9640,459.1550,316.9600,213.4110,223.0760,279.2230,284.5850,262.6240,221.1090,191.2150,292.2750,443.9190,568.3110,470.0430,271.4990,136.0170,101.1310,120.7770,119.7890,103.2020,96.2748,140.9030,192.0010,205.6330,193.1370,140.5140,116.2690,99.3263,58.4476,44.9107,27.7599,46.3047,32.7844,57.0539,44.6897,84.4367,71.2525,75.8341,89.1999,88.9247,45.6083,78.4116,112.8540,64.3857,47.8564,98.9000,111.6870,105.2910,97.8264,72.1062,28.0658,30.2945,61.6305,84.7463,87.1755,73.0326,67.0253,69.4598,66.7218,65.8393,40.5897,15.7067,27.2116,30.1064,40.0612,26.6725,32.1272,34.5933,25.8005,33.8725,19.7529,52.7560,54.2255,59.7549,56.7088,37.3818,15.5012,19.1740,29.2707,40.5968,12.2108,20.5452,58.5782,78.0082,87.5206,69.2698,51.1704,23.8883,22.2731,15.1150,27.4492,40.5367,38.4215,37.8067,39.9942,34.8881,46.3506,42.2459,34.2333,70.7490,77.2488,90.4051,29.8653,14.3416,21.8505,27.7171,57.1571,93.5220,65.1845,43.7355,31.2793,27.1552,33.1951,48.3951,54.6787,26.9763,30.2187,21.7921,39.0126,33.8018,38.3525,14.1607,35.4199,48.1625,62.7648,47.3127,40.9751,74.7147,82.3182,81.8301,38.3497,25.5949,32.1802,36.9182,37.5240,51.4168,60.2722,54.2709,40.2230,48.7611,73.8000,75.5925,68.4498,65.2324,79.5607,100.7690,92.0065,73.0548,61.6244,61.5912,58.6063,57.9901,67.8723,75.7340,73.6742,52.9598,60.6490,73.5877,49.7756,50.9711,80.9917,74.4811,56.5128,25.7362,19.0745,27.6924,50.0652,69.1232,81.7811,90.3440,77.5046,41.2592,39.5793,53.8625,42.1243,32.4338,23.2973,37.8809,54.2302,49.4029,50.5147,25.0790,24.5234,16.5248,43.9171,44.3894,48.3815,41.6705,52.1976,67.3611,67.8167,78.0480,83.1816,54.8768,42.8473,39.0865,54.4444,80.9771,101.0180,76.2388,64.9834,71.0005,75.8049,64.1919,50.7457,56.1608,56.5901,62.7341,51.8726,36.0102,9.6919,20.7005,44.2308,57.2145,62.5225,34.7428,32.3830,58.1240,65.6618,65.8236,53.6674,35.5591,24.8208,49.0354,64.6270,69.2066,80.4543,100.6910,135.5240,158.8890,151.2610,134.5970,123.9840,119.3700,129.8720,121.2470,110.3110,123.6380,129.4220,137.1230,221.5670,316.3680,323.0510,299.8510,201.5870,116.6590,95.8532,119.7870,110.3010,69.2741,50.6146,45.6091,67.7087,109.0580,128.9450,104.5350,78.1708,55.7139,45.9784,19.4848,32.8902,56.9209,66.4995,45.5872,49.9907
40671.6000,34163.8000,22177.8000,34222.2000,47369.1000,36393.9000,25820.1000,23224.5000,20367.9000,18412.8000,14730.1000,12749.5000,12783.3000,13100.4000,10593.7000,6553.4100,4452.1400,2894.0600,1996.2000,1338.1300,1153.2300,1966.2700,2004.1100,1641.0200,937.5450,921.1310,1109.8300,1104.5700,989.7280,795.4500,734.0270,736.4750,817.9040,799.4680,787.1240,786.0300,604.8850,406.3510,167.6990,180.2060,313.1490,409.9090,450.8940,423.3400,399.7390,504.6330,680.5220,765.7450,611.5400,428.1470,355.7030,285.1890,226.9290,190.5550,207.0510,220.3060,149.4440,94.2685,87.7886,58.5038,26.4683,59.6995,89.9865,127.0790,145.3160,113.5960,92.2985,72.7382,76.1580,79.2670,47.1733,31.6305,31.0982,40.9356,49.7390,59.8023,49.9454,40.9572,28.9969,19.8951,55.6287,86.5512,90.9770,95.3974,115.9710,138.9990,117.0870,84.1985,59.6753,49.8022,60.5970,65.8195,33.5374,15.8601,7.3311,9.8459,39.5955,47.4768,48.6900,11.4951,52.6671,56.4797,67.7763,78.5215,71.5535,49.4614,40.1905,25.6056,10.6474,20.6069,19.5619,23.0788,29.3558,31.8776,27.0504,55.5397,54.5306,67.2538,55.3965,42.9821,54.0437,42.5137,29.7229,15.5839,6.8661,6.3703,12.6927,20.4844,29.9418,40.3650,41.9535,46.9893,60.9202,76.0399,80.7988,79.6229,62.8420,49.5761,50.1688,28.6358,54.0758,84.8625,109.1340,72.3313,46.0645,19.4648,46.5368,71.7603,105.4300,129.8850,114.3080,74.6924,39.9870,35.5003,49.7779,52.2127,28.6578,25.2990,46.3983,72.9888,86.2677,75.2471,60.9263,34.1529,13.1989,39.9290,55.7959,60.1711,26.2264,13.1269,26.1405,39.8990,57.6574,54.1205,48.1027,46.2444,61.1229,65.1403,23.3907,23.8091,60.5194,78.1232,73.2226,67.7828,57.9432,62.5692,99.0199,86.3678,90.0662,38.2482,29.3576,37.5241,32.4837,40.2246,42.9611,54.8867,57.4368,57.3708,45.9207,49.2408,50.1210,33.4960,26.4943,26.5441,24.6408,26.7796,18.5433,21.4666,31.5689,26.0729,17.9644,7.1822,19.9499,35.1670,38.6280,35.7750,40.3652,47.1864,42.1969,53.4659,59.9911,47.9872,33.4144,28.3036,37.7863,40.3043,37.4371,26.5987,15.6594,21.1132,53.6134,74.3698,86.6630,85.8201,91.5717,74.6360,50.1868,25.9045,30.6546,40.9988,44.1898,23.3459,21.4980,20.2164,27.4088,35.6124,43.2011,45.5524,44.2814,42.2675,28.3354,19.6725,25.9782,41.1928,37.6577,38.1899,38.0228,29.2877,36.3830,20.9740,13.4027,9.9045,32.2703,57.8411,80.2221,88.1316,88.1963,37.9994,37.9835,82.4476,106.4540,73.1399,60.6909,83.6181,108.5030,184.6550,267.9030,290.1360,286.6280,221.5990,158.9670,137.1610,143.4310,113.9140,76.9238,21.9414,18.1016,21.8789,52.3484,68.5942,72.3309,50.8402,55.0839,88.9868,76.5711,52.5446,35.7893,42.9941,54.5227,52.1252
41008.1000,34556.8000,22632.2000,34772.4000,47818.3000,36356.5000,25618.4000,22935.0000,20078.6000,17923.3000,14232.1000,12246.9000,12150.6000,12364.0000,9924.8900,5493.1100,1923.4300,1391.1500,3365.6500,4939.2600,5108.6700,4977.3000,4279.4900,3596.7000,3080.5800,2603.3700,1604.6600,759.4800,501.8450,328.5820,521.5500,1045.5400,1230.8800,1293.2100,1339.9500,1382.3000,1043.7700,534.6970,218.3460,153.5960,367.7570,567.8810,644.0860,652.6920,636.1950,557.3140,596.3170,676.9220,689.2690,608.7440,500.9260,354.6930,221.9880,173.7710,207.2510,267.7250,253.5160,217.7580,229.3380,256.7380,248.6370,233.5430,220.2550,250.4940,267.9380,244.1380,207.7200,198.9420,199.5210,216.5280,211.7520,172.1090,123.2530,76.8808,44.0126,51.2513,57.4290,60.7003,33.9891,56.6603,48.8845,55.4279,37.8725,56.3609,48.1938,49.3140,67.1693,87.5689,93.6006,48.0715,30.1357,47.6992,46.6657,40.1711,35.7292,37.6717,17.8060,11.9400,9.1529,18.4082,36.0460,46.9709,59.7058,63.5693,50.9983,20.3634,32.0396,27.9052,16.5706,18.7766,21.1867,25.4870,32.5052,38.4690,56.7108,52.6099,28.5120,13.4128,13.4910,28.0687,33.9985,30.8169,32.3923,22.1135,22.3367,43.1088,52.5858,62.9449,69.5756,56.5649,28.7679,15.7974,12.3657,30.4084,77.8003,67.2076,62.0534,26.1734,35.1570,28.7959,23.8061,51.3480,55.2233,70.6687,132.2880,139.9680,132.9380,112.9040,92.4324,53.8329,33.9091,41.1845,29.1055,24.3129,37.1529,47.9738,57.2390,65.2665,55.5520,44.4546,41.9550,48.4312,40.8655,18.0785,18.9463,18.4892,25.1528,59.2359,43.5764,28.3115,62.4449,87.3026,115.8540,150.9320,225.6430,230.8540,170.3000,121.2150,37.4574,59.6721,91.8693,97.7867,85.0030,100.5230,108.6490,95.1181,92.7781,76.6150,58.8938,62.8567,84.0932,92.2502,84.1240,87.3371,99.8571,102.7680,83.5337,63.3979,48.9705,63.1632,67.3567,50.7916,48.5854,55.3972,33.6685,17.3360,43.2465,44.9011,26.7521,42.0969,89.4505,77.8106,69.3175,33.9218,21.3107,18.1488,8.5886,20.8925,35.6300,61.9048,73.4691,47.3652,41.0799,24.4091,48.3201,48.4385,56.8523,21.2362,15.5796,12.0001,71.2585,100.9180,149.3670,146.3110,125.6380,104.6930,76.5600,72.1175,88.7887,101.6260,68.1819,29.2439,29.8636,27.0724,22.5761,27.6787,56.3794,69.4127,55.9098,51.9965,48.2492,60.3521,63.5960,64.9471,69.5763,76.0849,60.6229,29.3371,24.2128,22.3681,39.1270,53.4811,87.2006,138.4770,169.6690,170.9050,151.0240,92.8727,86.4758,93.5674,78.8246,112.5020,157.0420,135.6750,151.7370,236.2070,292.9340,311.0240,301.8020,226.0950,130.8670,127.4040,137.1110,97.7398,73.0312,61.7502,63.3769,64.3777,62.9999,53.0501,68.3450,68.5171,81.8541,99.9115,116.1800,82.6408,42.8813,35.8602,40.6647,60.0978
40633.7000,34375.6000,22511.1000,34539.3000,47524.8000,36154.5000,25760.8000,23450.1000,20501.9000,18733.5000,15478.9000,13311.4000,13755.6000,14060.9000,12336.6000,9036.2200,6680.5000,4726.2800,4003.2200,4539.8200,4388.8300,4133.4900,3247.0700,1958.4300,1480.5100,2110.2000,2234.5900,1868.5100,1540.2700,1154.6700,877.5490,838.2580,760.0310,650.2510,391.6000,443.3270,415.9680,267.9990,238.1970,123.0330,102.3140,106.4010,119.8480,139.7060,152.8650,136.9360,178.0660,313.2160,429.3160,455.3960,440.2330,360.5070,268.3220,249.9430,267.9710,264.3950,229.6680,216.9520,207.5230,224.5150,241.1630,180.2420,127.8050,115.5260,125.0410,127.9960,87.8851,76.1559,88.8865,90.2092,78.6162,49.9150,31.8449,44.6696,85.8768,123.0460,109.6160,79.0068,48.6242,82.8542,118.2670,136.6460,115.7350,76.8410,40.9221,14.0347,62.7967,75.3396,97.8638,76.9308,49.0340,39.5150,34.0486,28.9482,13.2487,20.3141,20.4281,37.1667,35.6484,59.8814,53.8949,53.6074,41.5183,31.9996,31.6883,53.1644,50.5571,39.7823,21.9126,23.6950,32.7654,27.0719,49.9545,44.8719,40.5484,30.8137,68.5045,99.8593,122.1590,73.4383,32.4807,13.2395,45.6659,54.2623,50.1306,48.5719,49.7181,56.3052,67.4987,99.3059,97.0694,81.7788,68.9815,48.1131,27.9675,22.7148,16.5262,29.3437,28.4927,52.2931,82.4612,97.9591,103.5580,105.6070,97.3372,73.1924,56.9106,51.5841,38.3081,19.6010,35.3078,40.4046,29.5929,27.2733,31.9149,31.8152,14.3889,19.0066,34.0671,52.3191,76.4444,76.6778,72.9397,63.3067,58.3196,55.7717,65.7609,55.2546,39.0615,66.2497,67.1525,56.3068,58.4909,65.6097,62.5836,36.7671,43.5588,82.3122,96.0527,103.1390,101.2560,81.8469,43.2386,26.7740,46.1319,40.3073,61.6703,53.0841,57.7627,52.7382,30.1886,23.9692,29.9876,45.8661,93.4113,113.9780,109.2600,92.4744,64.1089,58.3459,49.4985,62.9010,41.3812,43.1205,26.3290,25.0636,42.2664,54.6909,49.7999,49.0995,52.0698,44.8525,31.9229,62.6734,96.9355,61.3236,40.9308,14.4843,11.0575,26.9826,48.7897,61.3448,76.6459,53.6658,51.4566,28.0099,70.9153,62.1975,70.3561,80.2349,107.2610,110.5320,135.3680,108.4480,80.0990,70.2286,74.9363,79.9198,79.2278,70.9776,59.7910,56.0871,56.1993,60.9724,56.3693,51.0514,51.0601,44.8049,47.4266,47.6307,48.1013,23.9710,23.7475,54.1211,74.7246,68.0525,61.6161,38.4663,12.1471,27.5537,43.8977,43.0852,55.1278,80.2049,99.3988,123.1250,128.9800,117.7030,77.7146,75.1092,85.5909,86.3677,109.6900,100.0410,75.1640,148.3360,254.8020,260.3530,252.6460,197.3020,145.5290,122.1240,89.5322,66.2714,39.9491,16.2282,21.5283,45.5960,85.0934,112.6080,92.1118,61.9741,23.4911,30.5137,37.1886,33.2341,43.5571,59.8471,70.5058,55.7217
40509.9000,34021.1000,22088.3000,34081.6000,47125.3000,36139.2000,25582.5000,22993.5000,20147.8000,18183.9000,14304.1000,12148.1000,11418.7000,10909.3000,7672.2400,3532.7400,2903.5900,4382.4800,6057.1600,6257.1900,5169.3300,4244.3400,3200.3200,2099.0600,1139.1100,735.8670,481.4470,528.8890,628.2850,472.0830,559.1340,803.1960,906.4380,1005.0100,1041.7200,1011.2000,991.4030,841.1090,545.2870,332.4270,260.1370,234.2910,203.7820,226.7400,278.4290,338.6900,393.1200,442.7380,423.5210,333.9520,283.1600,216.7180,110.6550,67.7606,97.1177,105.0200,101.8240,124.1630,144.4920,151.2060,153.7130,156.2260,160.8810,196.1280,219.0610,221.8440,231.0570,220.4270,189.6210,156.5570,106.7790,108.2950,145.1770,144.2040,105.9430,97.6272,69.7750,80.6507,43.9672,66.3163,43.0359,23.3244,17.6350,56.9141,45.7994,36.2336,30.5935,40.2860,20.3920,20.5554,11.6112,20.7221,33.6256,48.1940,47.4809,54.4827,55.9100,53.9364,60.0923,60.2493,32.8559,21.9914,11.3880,28.2483,47.8548,68.2711,63.6174,48.5445,40.1106,30.6462,31.8662,42.4365,47.7009,43.8289,21.6847,11.7011,22.1394,27.5342,23.4324,22.5211,21.4159,29.9704,21.5707,17.8916,38.8733,20.8348,15.2984,35.3269,35.8990,45.4987,21.9318,14.5901,24.9955,17.3657,23.7741,32.8981,44.9455,51.3083,44.8812,64.0264,78.5225,121.4720,96.1968,74.4407,88.3718,89.1239,95.3089,97.3563,76.9639,49.2888,48.9228,56.0191,54.3851,42.3141,75.0821,106.5530,110.2530,89.7107,69.8144,34.2523,70.5067,120.3740,98.0029,52.9592,32.9408,32.0183,34.0942,33.0135,34.1263,39.9494,53.2314,46.2353,20.2085,37.3595,79.5447,106.7770,87.5208,73.0505,27.0614,30.4446,41.7148,17.0256,38.0726,56.8500,33.1718,13.8023,44.3634,28.4371,41.5075,55.2762,62.2094,60.7618,94.2777,116.5900,90.0288,84.3369,78.7660,69.7660,48.6056,58.3812,85.5237,95.6480,56.7494,37.8044,47.2701,32.9279,16.2077,47.6434,34.8375,27.0026,35.6282,49.5867,41.6205,31.4868,52.6871,40.5100,25.8560,36.1206,39.1638,47.1402,62.1812,74.7246,68.2212,58.0755,59.9242,58.2052,81.1703,116.6110,131.1480,147.5820,115.4240,67.8282,51.5244,50.6215,53.7036,23.8177,37.3688,29.5619,38.4458,12.0560,14.4290,24.8935,23.4472,24.0540,40.7121,68.7250,67.9306,66.5715,76.4194,74.9657,64.8439,43.8318,29.2025,33.5517,50.7729,76.5204,74.0086,50.6518,21.8255,21.4926,34.7449,33.2129,60.9914,103.4790,99.4534,105.1480,96.5370,44.2371,79.8163,65.8927,70.2839,49.1929,74.2381,126.3480,188.5250,268.5840,330.2480,343.3300,340.4940,269.4740,162.7710,131.6520,148.2260,120.7470,85.1108,45.8895,29.6574,34.0418,30.5354,67.1468,66.8939,55.0879,47.9720,30.1515,26.7648,31.0174,50.8946,62.0213,63.3674,80.8627
41037.6000,34576.9000,22689.8000,34775.2000,47852.5000,36481.8000,25735.0000,22988.1000,20142.5000,17892.6000,14104.5000,12008.9000,11960.7000,12056.6000,9479.3500,5357.9400,3550.3900,3068.5500,3115.1200,3371.2700,3517.5200,3513.7400,3267.1900,2613.4300,2148.2200,1773.8600,1268.1000,860.9670,833.2110,813.1840,812.8880,805.1570,651.6720,459.9440,182.7170,77.4396,163.4290,219.7450,234.9560,201.6520,141.2920,125.5700,187.3880,186.8860,134.3400,135.8790,211.9530,319.0890,289.5780,200.2920,167.0300,167.3760,150.8110,104.2090,85.7687,56.9986,63.9758,91.8713,170.2810,184.3390,111.5020,63.0084,152.7970,214.0380,273.8310,207.9430,72.2828,78.5211,184.4180,175.2710,132.2820,92.6420,94.7835,115.9320,111.5440,50.5891,69.6567,172.3080,98.8462,66.5341,19.4580,75.0146,78.3352,201.6260,159.2500,173.4710,91.3025,84.3726,60.7851,31.4196,69.6346,99.0609,111.7980,93.8895,40.9342,34.0691,74.3928,105.9840,76.8402,103.9990,120.3620,125.7010,40.9290,62.0524,133.7250,135.6220,97.1258,71.3213,56.5469,29.9332,90.7069,128.5250,235.8540,184.3670,187.8220,90.9372,65.7824,78.4877,49.8553,31.8072,61.1067,139.6940,182.5950,203.4830,200.5840,117.4220,76.2125,78.4407,91.1787,113.8940,59.6567,45.3971,77.8322,115.7450,135.2090,121.7290,68.1196,60.9792,86.3892,104.2390,121.5270,151.8070,183.4940,179.1230,131.7100,135.9760,183.1900,205.2280,207.9160,88.8333,81.9690,23.7160,23.3138,39.1481,79.1150,98.2464,96.4666,117.4610,155.7930,204.2490,202.2210,185.1870,148.4810,133.4510,165.0490,194.4340,172.6180,130.9040,106.4030,96.5086,125.4910,187.3990,246.8190,288.3320,302.0410,333.1430,288.6840,276.2460,202.3660,132.2750,75.5470,43.6048,20.6228,31.5204,69.2416,111.2420,104.5910,98.8113,92.0559,68.4847,60.0220,76.8276,24.2500,29.3918,114.5960,78.9156,83.6320,25.7761,24.2566,40.9927,95.5662,123.5240,130.5520,124.7860,56.4684,63.6163,136.7570,125.7060,91.0448,41.7786,14.6175,39.1044,64.6708,82.9859,99.7221,106.9090,91.6139,73.6351,95.6904,111.8810,114.0180,100.2130,102.3400,103.8430,89.2270,68.5717,56.1677,46.1982,23.5529,18.9339,25.6913,38.2644,46.1795,61.1781,92.3707,104.2490,114.0330,112.0380,103.6810,79.4066,55.0709,70.2483,76.8748,136.0760,168.2020,141.7380,112.9510,104.8090,129.9940,154.1580,147.8390,100.8360,62.4112,96.8284,162.0230,162.3810,143.3900,124.8490,110.9150,60.8024,38.3279,30.2010,35.6399,99.6765,119.7670,138.9710,125.6860,126.1900,89.5304,48.3061,52.4109,63.3779,32.7672,58.0847,145.5890,251.5610,318.0130,332.0990,317.0340,256.9670,217.1980,221.8290,251.4340,210.4160,134.2060,42.1525,60.2820,58.4564,81.4070,114.7380,123.7990,97.8261,72.2339,69.1344,75.6665,94.2986,56.4701,34.8336,59.0656,101.6100
40629.4000,34363.3000,22468.2000,34417.5000,47338.9000,35952.3000,25625.8000,23245.8000,20590.1000,18614.0000,14998.8000,13419.6000,12912.6000,12899.7000,9725.4900,4488.5700,1553.9300,2535.6800,4751.9200,5186.5500,4178.0600,3211.3400,2320.8600,1659.9700,1712.6900,1943.9700,1769.7900,1454.8800,1244.0000,750.0220,420.9120,230.1530,371.3680,583.9190,640.4390,581.1500,500.5950,406.1180,269.1950,255.5550,296.3910,210.8210,119.4040,109.8360,127.0690,183.7260,224.7320,229.8800,192.3010,132.2560,66.5962,32.2217,47.3029,58.4218,119.4800,122.9150,127.4400,101.2260,106.3950,132.3220,105.2970,59.4950,32.5920,83.0677,110.8790,96.9670,83.8346,97.4971,142.9630,135.0650,79.6311,86.0683,86.3564,81.4790,22.4690,44.8768,32.4887,25.7586,11.8470,42.4284,82.9565,142.0660,151.5060,88.3694,46.9971,19.3630,35.6345,41.0357,45.8667,45.1662,54.0441,76.7826,64.4050,38.9397,48.5247,72.2849,76.8497,72.7302,65.7371,50.4854,46.2973,35.2322,68.4269,64.9505,87.6985,85.0416,95.6645,88.4285,75.9046,45.9727,57.3043,83.9987,61.4567,53.9035,42.8291,30.6440,35.7083,29.1416,49.6773,43.7756,56.0005,13.0349,4.8605,23.2406,54.8338,107.5460,68.8662,32.5531,47.2683,53.7817,62.7729,49.1822,30.2743,25.4990,56.5110,60.9031,58.1260,20.3377,47.7749,105.1840,119.9290,116.3630,106.8670,83.0400,28.8966,44.3147,60.3106,38.8718,83.5051,140.8390,66.7507,27.2767,61.5490,47.5465,61.3793,116.1050,110.3170,83.1475,70.9081,76.6780,72.0120,21.6694,20.8710,39.0706,64.9236,70.2750,105.6100,26.7889,48.0937,75.9443,56.6365,10.0816,29.7539,47.8118,68.7191,14.9183,26.1851,23.4923,62.1312,115.8480,128.1960,103.5120,70.1095,64.2459,43.7259,52.3239,26.4849,55.8730,138.6590,103.4640,111.9670,82.8329,70.3662,107.2480,37.3368,87.7350,159.7010,91.6083,46.3101,47.1311,46.8962,46.4304,42.6783,42.4671,33.9801,25.5511,29.9958,68.5060,85.1762,68.9138,44.5835,74.9300,62.9233,69.0277,55.8089,51.4387,22.5786,24.0728,63.1423,53.9907,52.1788,56.3516,81.5740,73.5277,44.1315,49.7025,37.7364,106.4750,83.7924,145.0950,84.0507,99.3706,44.1930,51.9330,88.4522,89.8151,90.4861,112.5470,140.6510,161.4760,76.4703,77.6039,42.4911,39.4147,78.1686,81.8904,123.7710,116.5520,52.3221,23.1630,80.8506,104.7390,126.1030,147.1690,139.9340,104.0580,87.6790,49.0597,22.0030,48.7252,81.8404,92.0108,115.4490,113.6180,77.1295,59.8508,107.4140,132.5410,101.5590,85.5151,75.5611,67.7231,155.7330,162.0100,84.8393,163.2450,229.5050,224.4480,245.7710,244.6580,159.2390,124.5510,169.3330,68.3827,43.3779,68.5044,72.7812,89.4019,101.6960,62.6206,86.3039,84.9297,51.6953,116.7040,53.9332,30.2486,8.4292,38.8058,150.6190,194.9840
40603.4000,34274.7000,22234.5000,34135.3000,47303.2000,36395.6000,26077.1000,23770.3000,21000.5000,19316.5000,16007.2000,14360.4000,14825.7000,15272.4000,12366.0000,7748.0400,4996.3600,3178.0900,2498.5300,2310.7200,2307.1600,2899.6700,3158.9600,2953.2000,2529.5000,2254.8400,1694.9200,1153.2600,958.9270,784.6800,581.4460,308.7850,119.4130,204.3350,240.9580,205.1440,207.5620,180.3550,153.0370,60.4326,185.0720,129.0430,130.1780,121.8310,193.0280,297.6030,391.9580,550.4790,459.8790,353.7350,277.3940,188.6890,73.8447,75.8273,168.3220,202.4590,184.5130,167.6600,146.8580,168.8690,178.6720,148.0090,108.0010,124.4620,92.3295,135.1230,56.2579,57.0077,36.9010,22.9583,128.9850,156.0500,279.1830,215.9790,287.8490,187.8800,177.6630,177.3510,117.0440,168.7050,157.4900,201.3120,259.0390,180.8850,168.1310,25.6780,68.4049,147.9260,224.7550,208.4730,222.4590,143.3230,83.3836,140.3270,105.4280,99.0642,71.1855,56.8374,98.5492,80.1580,122.4710,118.1880,155.8710,89.2448,37.2646,81.7771,95.7187,130.7790,42.8123,75.6649,145.8890,165.2500,171.6390,226.7360,186.1830,145.2680,72.1362,126.0060,223.4410,141.8590,115.0050,153.6230,257.0450,275.3890,234.0080,218.8130,237.6000,257.2640,271.8050,218.9260,162.5690,71.9018,25.8163,9.2250,48.6760,83.5346,50.0405,175.0390,139.5740,186.9760,163.8870,174.1080,115.8060,86.3865,135.2470,208.9680,171.7550,56.4883,78.9128,181.2530,156.1000,116.5130,78.6141,138.8680,200.3770,267.8180,168.2290,109.2450,58.7326,140.9030,131.7790,107.1220,88.0198,150.9230,152.0070,144.7830,155.0390,173.6430,164.5310,140.1770,40.2352,25.2068,34.5716,104.5310,108.0410,103.8140,104.7490,160.1760,184.7350,147.2150,199.9390,229.7530,224.0350,203.4810,121.1730,114.1440,120.6010,88.9999,61.8191,49.2754,67.8341,61.7953,63.2519,110.8620,42.3945,34.0407,38.9082,32.7326,107.2750,211.0410,224.4910,240.7600,214.0230,167.0240,152.9210,97.5259,43.4470,130.7020,158.8820,237.9430,132.4140,106.9680,27.3082,47.4784,126.2310,142.9920,182.0580,131.4270,65.1361,22.8430,130.5210,88.6253,77.0804,50.7102,76.0237,130.3520,125.4800,128.0830,184.3430,137.1940,112.1300,86.3360,82.9458,52.3313,60.7893,93.5685,104.7040,72.7453,66.7559,52.5735,94.1502,54.0441,36.2516,26.7139,90.2838,113.8350,163.6600,196.7550,158.2000,97.7694,84.2192,146.9750,183.2040,204.2460,242.7750,277.8670,235.4180,176.3400,128.9280,104.5210,95.5347,102.2730,153.8620,178.2110,75.0049,60.9298,161.3730,135.5630,102.1030,111.2460,121.2330,108.5060,129.0160,136.9480,87.4938,147.5770,236.3270,159.8330,100.7370,70.2102,151.3240,194.3320,245.1960,171.9820,198.9450,162.3830,115.4700,99.1364,51.0783,45.1016,56.1193,64.8108,47.9677,53.7948,63.7963,94.7932,95.4901,35.4720,96.8803,135.0300
40849.3000,34409.8000,22446.9000,34454.6000,47716.0000,36895.3000,26407.5000,23520.0000,21106.3000,18881.4000,14890.7000,13487.0000,12640.8000,12648.9000,9777.9400,5454.5500,2720.6900,1679.7900,1976.1100,2711.2300,3093.6000,3258.7400,3174.7700,2417.2500,1053.8300,413.6810,194.8470,225.2820,377.4320,215.2330,113.4200,319.0310,636.4340,831.3330,811.8550,795.4920,623.9470,516.0750,352.8230,351.6380,199.9840,495.0770,506.4540,570.3600,513.3390,222.9620,160.2250,402.7380,493.1040,540.0290,545.5890,301.2360,402.1310,353.3380,298.7080,257.5740,110.6620,45.6888,70.0982,91.5374,106.2140,149.9800,170.5650,211.6520,266.3960,274.8880,244.3260,196.9740,170.4380,199.4730,284.1820,360.8860,276.1210,177.1320,101.8750,66.9216,34.0067,25.6540,77.9833,137.8430,248.2940,333.1150,291.6540,271.8150,223.9950,236.4060,249.7910,200.1520,182.2760,177.1830,215.2230,219.8840,190.8000,210.2530,210.8580,151.1840,106.8390,73.0602,53.2414,109.5690,150.4510,150.9360,149.4690,137.6750,97.4624,47.2171,52.9232,73.5030,62.6574,57.6670,63.5883,63.0914,66.7270,83.5875,88.4032,93.6595,102.1100,88.5845,66.7151,21.0087,20.2307,16.3771,16.2354,29.8868,51.7213,86.3163,124.2690,152.7280,187.7490,198.9820,184.2260,176.1430,157.3330,175.0370,190.5660,224.8970,173.2550,182.9490,231.9760,230.9560,225.7210,144.8880,80.2673,63.3718,44.7886,26.8679,16.0580,34.9599,51.4801,108.3870,111.2030,116.7970,150.5200,181.4320,143.3380,112.2360,102.0730,100.2130,75.7281,74.2583,75.3909,70.7250,39.3259,26.8156,59.3543,99.2362,105.5690,110.2200,106.4310,97.8355,73.4463,52.4446,31.9600,19.6253,50.4321,86.7420,111.1370,79.2870,84.9862,131.2360,139.7030,128.5620,100.3280,74.6751,93.4020,107.0140,108.8730,75.0544,60.9224,64.1707,88.5605,135.1120,192.1650,160.6940,108.8090,110.7530,108.3700,98.4501,92.7486,89.5632,38.2948,35.7451,60.7034,61.2881,31.7893,37.9894,37.5885,39.5403,51.3353,38.8485,20.5701,55.7440,68.0663,59.4694,42.7555,46.1546,15.8668,49.1180,95.0890,138.1070,152.0510,100.9300,47.1509,24.6297,37.6961,41.1182,34.8952,26.2817,53.2299,94.8227,89.8347,90.9480,98.5289,128.6920,130.6330,108.2070,94.1932,79.0790,69.8905,57.0568,50.9356,48.6917,56.2908,49.6740,35.8335,32.3372,29.1304,29.8942,45.8544,59.8599,71.3412,41.7024,19.8401,41.1236,37.9308,18.6120,40.6314,84.2518,110.7470,90.3483,76.6720,26.2746,39.2454,82.8170,81.4964,68.4895,55.7817,53.9482,74.9161,94.3546,97.9585,64.1479,69.0041,95.9485,74.1032,88.6551,160.1200,154.3270,150.1220,69.3640,80.6577,73.7991,76.5200,51.7390,74.3716,110.4550,93.9116,93.8117,125.6750,105.4740,70.5396,42.8023,83.1226,101.7740,95.0616,51.6793,68.7362,105.8490,64.4313,30.3199
40791.2000,34458.2000,22462.2000,34517.7000,47474.0000,35881.8000,25346.3000,22885.7000,20076.4000,18068.9000,14584.5000,12735.1000,12782.2000,13125.1000,10572.2000,6340.5100,3509.3300,1473.5000,1597.7300,2605.6700,2608.4600,2442.9500,2115.0600,1560.7600,1282.2000,1360.6800,1062.3000,577.4230,437.3930,282.6000,338.9990,712.8090,835.4520,906.2750,908.0860,810.4500,628.3030,420.4620,284.0390,193.8970,198.2220,246.7790,264.0180,255.7120,191.3810,180.4730,285.7870,383.6620,320.1300,246.9250,169.6680,179.5890,207.1840,188.8120,174.6260,180.7440,183.5370,187.6950,182.3920,171.9740,135.5330,103.4640,118.8200,140.3720,131.6960,114.7730,88.6035,63.1151,42.3887,34.4465,54.5172,84.7394,67.8862,52.0032,98.2220,133.7090,157.3330,162.2080,123.2780,73.3865,37.2461,46.6531,60.3784,64.7664,67.5650,74.0396,64.6066,69.4951,68.6264,56.4100,25.6995,51.2874,97.2000,108.9990,68.3120,40.4510,14.1462,29.7702,49.8577,56.1113,41.3904,36.4061,55.0192,39.2161,23.0260,19.1433,25.1772,35.2454,27.5123,13.7640,14.6048,56.1702,58.1695,76.1938,50.7887,56.1828,49.0271,80.8545,69.6633,40.0918,21.3474,29.6519,22.1577,29.9822,21.4581,34.9008,51.7572,88.9139,63.7794,53.0413,7.6165,37.2365,35.5317,39.2451,17.3582,22.3037,28.0095,46.3626,27.7949,10.6823,17.0593,51.7150,54.4580,59.1761,50.0762,38.0164,32.9975,39.4837,56.1566,60.9521,67.0995,65.2681,45.0088,76.4667,92.9537,80.9014,76.2005,66.9937,87.7236,71.6235,39.6467,55.6796,67.5640,53.0264,30.5323,64.8444,88.8067,95.4361,63.4880,55.0242,58.2641,59.1223,65.9829,87.6592,135.6530,148.9010,149.6430,169.6790,119.4050,72.3752,47.3433,35.4829,30.1718,44.1026,64.3773,82.6711,63.9234,53.7576,37.2433,114.5640,128.4020,146.7890,114.3520,93.4979,99.9040,109.4670,131.5030,119.8900,107.5820,41.0672,42.4361,86.4904,142.1180,139.3020,85.6103,50.9181,13.5938,11.2238,6.2216,24.4348,41.4586,68.8217,60.3986,28.6990,13.8189,19.7547,19.5031,46.3171,19.8701,39.0330,83.0432,78.7388,70.9357,29.8648,28.3818,42.6666,60.5848,38.6680,29.0519,97.4596,131.0300,147.4680,135.7500,154.8370,152.1650,147.6840,132.2010,127.8730,111.0420,116.4990,87.2493,60.3624,63.8416,33.0243,30.6556,86.4799,75.4313,63.0747,39.8647,22.9183,47.6503,68.1910,77.5500,130.3560,44.1542,119.9800,147.5240,98.8388,128.8050,186.0880,129.1600,103.0730,220.0040,137.8330,90.1253,104.1910,199.6230,95.6032,115.7190,189.7300,134.3240,125.7320,204.9390,62.8524,123.8610,107.6490,98.0521,239.5780,308.2150,236.1130,188.2670,99.8682,52.0265,77.7415,253.0040,100.5800,56.6829,276.5340,197.4460,122.3290,138.3870,237.3380,175.1760,171.5730,226.1370,229.0400,323.0640,87.2526,117.2240,292.7470
40320.0000,33862.7000,21858.9000,33899.8000,46919.7000,35753.9000,25281.5000,22858.7000,19891.4000,18096.2000,14692.4000,12517.2000,12757.4000,13019.4000,10367.4000,6112.7700,3516.4000,1897.7500,2525.0400,3535.3300,3587.2500,3651.0200,3426.2500,2966.2700,2364.1000,1900.5800,922.0580,354.8320,720.1560,908.0000,891.0750,979.5160,1031.0100,966.1740,730.9360,646.9040,682.2430,572.5770,444.5580,377.6140,387.7250,434.1940,299.1580,76.4754,97.2340,238.7570,276.6320,289.7220,307.8150,320.7860,297.2910,136.3460,68.1090,86.0928,76.5226,39.5970,51.7510,89.0410,51.3584,20.0543,29.9924,45.6938,80.3237,47.8678,37.9194,52.8715,47.1215,93.3046,138.7980,215.3670,171.4830,104.4210,62.0651,44.0032,44.7135,73.7603,101.3140,65.2355,54.9896,31.9283,46.2587,95.2157,125.6000,145.2510,135.8950,102.3310,94.9925,93.1827,89.2854,82.4106,50.2065,29.7477,64.7476,93.5522,143.8820,111.6040,89.8896,20.8096,52.4917,28.7694,30.2803,36.5660,39.5237,45.7289,47.1181,142.1670,142.5580,256.4040,166.1800,198.9900,99.8191,99.5052,44.4297,61.4953,75.0607,121.5220,79.1247,52.9946,78.2907,93.1636,96.7494,105.4500,144.6830,92.6012,85.4626,34.8016,48.9766,41.8571,83.2301,112.5130,138.9590,57.3753,40.8995,80.7787,193.8100,138.7750,92.4125,34.0108,48.4273,50.8474,28.2748,53.0011,67.8733,27.2670,34.6306,90.5237,89.9919,118.5580,95.0720,74.5700,97.8430,114.4220,135.0830,107.6400,64.8983,77.4140,90.5064,37.8393,60.6596,190.0180,215.5470,221.9620,223.9100,200.1950,128.2200,156.0000,153.4560,159.3940,227.6400,156.3850,132.3370,110.7660,183.4810,249.4280,194.3520,155.6540,195.5860,281.1540,315.3170,203.6130,120.1820,63.1905,34.4381,64.4020,141.2630,206.9190,206.1140,198.4450,154.8530,128.0010,86.5625,36.2124,58.5436,114.8310,97.9663,90.1213,104.9440,137.5330,142.6300,119.5250,108.7630,145.8420,218.3030,185.0380,161.6650,104.3360,110.5430,104.0730,108.9880,103.9730,100.7290,56.7189,24.2309,7.9252,27.1276,38.7331,54.9684,82.1941,104.0830,65.4750,65.0596,97.4265,120.1120,132.3870,106.1920,115.1070,111.8330,116.2920,63.7407,38.8586,10.6999,34.9707,84.2978,115.8980,163.4980,204.5250,204.4370,167.5180,115.4600,177.4830,278.9730,251.6560,133.0040,80.4558,99.4965,75.3698,45.0792,46.0781,33.3221,137.3640,122.9740,98.2974,137.6330,200.5120,222.8460,162.1420,208.6590,199.6110,139.2580,118.1570,127.9520,135.3520,43.9598,93.9143,218.3120,208.7000,216.2800,146.8980,174.3210,243.4850,246.2600,283.6990,178.1480,103.1320,60.0579,50.1230,62.6331,92.7397,196.0280,222.3870,180.5330,116.3920,65.3610,99.7847,131.0900,137.7270,75.0491,46.1279,10.2816,49.0418,76.3208,127.4110,72.9947,58.4284,30.2550,58.2794,103.0860,111.7690,111.5790,29.5437
41278.0000,34752.7000,22746.5000,34739.8000,47804.5000,36650.3000,25925.3000,23334.3000,20234.4000,18304.1000,15004.5000,13199.8000,13783.7000,14227.4000,12086.9000,7862.2000,5015.6400,4061.2700,4592.5900,4871.5600,4176.5300,3811.3900,3130.7900,1985.0500,760.2110,764.4790,1092.9000,1278.0700,1224.6900,857.4220,623.8440,454.2270,357.7050,198.9450,206.2740,403.4980,515.8430,509.4660,486.9430,443.3570,474.4880,513.2610,448.5080,247.7680,108.2570,70.1379,206.6780,478.2830,504.0050,509.7560,413.1130,414.2400,385.1980,257.9370,227.6430,222.5510,198.2320,119.6730,45.1012,91.4035,140.6200,231.1560,91.6604,71.5214,201.1350,192.4900,196.0630,200.2240,230.7520,256.3390,350.2210,329.7460,261.5560,171.4730,144.1910,172.8140,135.8190,134.4840,108.8260,145.1510,162.1670,134.5800,102.4470,43.7632,101.5200,155.1540,147.4370,95.7585,146.2740,129.1490,147.8000,85.4904,77.4746,132.9810,141.2050,146.0730,139.3510,170.6440,109.7250,131.3060,106.8170,89.4170,77.4415,69.1418,14.4287,35.0089,59.5606,77.7518,108.8710,100.9440,112.5350,63.7552,97.9167,87.6312,170.5030,127.2320,123.6310,145.3380,176.6120,71.4878,28.3088,91.8853,79.1678,104.4090,130.1920,161.9850,101.0580,93.6108,135.0180,118.0060,94.8066,56.3504,22.5996,9.0488,37.7277,97.2366,128.7770,157.8820,44.4044,51.3158,153.8720,57.7679,53.9272,78.1133,50.4054,34.0782,56.5109,103.2420,170.2050,164.0450,179.4900,172.3530,164.8200,68.4598,34.3415,29.2158,36.1109,73.4311,98.2911,120.1870,117.9600,120.1920,165.5880,135.4820,107.6790,11.8678,14.4104,61.8638,157.3500,158.4650,158.1130,141.8590,155.8660,122.7500,99.8201,153.3180,168.9270,147.0900,99.4314,78.2912,88.4753,58.1040,39.5214,103.8850,191.5430,180.5610,155.6750,109.7010,53.6755,91.1357,134.6790,171.7250,139.1350,29.9570,61.4210,130.2780,146.5790,66.8525,53.3402,138.2930,164.3820,144.0600,118.3150,98.5377,103.1740,136.7030,142.6510,81.2542,68.7924,59.8605,52.5728,39.2169,61.0279,97.4517,119.1890,104.7100,118.4060,161.0160,240.3290,204.8530,167.2670,100.6740,81.5788,22.7265,40.5231,75.9175,104.1540,100.8520,43.7575,79.2541,156.5340,204.8850,247.1930,198.7560,143.8780,29.8546,94.5964,129.4880,146.8110,131.6420,66.2873,41.6464,59.9137,107.7970,170.2220,133.7950,93.5704,90.7486,114.8510,137.4240,147.2270,87.0351,87.6104,46.2042,55.4619,62.4662,73.3053,46.1014,31.6017,17.9199,34.7274,113.6620,134.8550,176.7940,203.4570,164.8930,113.2860,52.7467,77.2483,165.3390,203.3130,215.3420,98.8421,62.8234,148.7980,249.5710,266.0700,240.6730,193.9720,97.5588,30.6335,50.0425,64.5200,75.3949,66.3641,72.2642,129.5610,209.5880,213.6320,141.1140,96.5348,121.5480,183.6440,185.1380,168.7600,130.6790,86.3101,127.5860,199.4490,205.1730
41093.6000,34725.3000,22805.4000,34883.7000,47787.9000,36190.8000,25679.8000,23213.3000,20212.5000,18074.7000,14621.0000,12572.4000,13368.5000,14328.7000,12650.6000,8738.1200,5520.7100,2428.3200,1226.6800,2529.4900,3375.6000,4293.7500,4136.4700,3576.0000,2407.3400,1579.0500,1027.5200,762.0110,772.5100,500.4040,220.4080,192.2890,363.3860,498.3840,564.8010,662.3840,547.6880,447.8560,380.9940,345.7350,298.4730,254.4380,146.8180,73.3969,139.2890,253.4170,419.3210,575.5800,573.0280,515.4520,489.5990,457.6300,399.7790,337.8450,337.3920,323.7970,263.5940,178.0840,150.7870,189.5440,224.5830,208.2770,210.7220,209.2470,159.2360,114.0380,134.5520,174.3090,206.3580,193.0300,182.6930,174.9550,117.0520,75.0241,82.4863,100.5450,112.3500,104.4560,57.6642,38.9454,21.2107,20.5919,57.1332,60.3801,75.9571,71.9709,68.6226,64.0782,66.0152,37.7692,20.3650,62.5105,35.3208,39.5149,25.7349,33.8708,61.0382,75.7126,68.7100,75.7277,33.7686,56.9470,31.8372,37.9053,23.8451,53.7113,57.6793,62.2859,28.4321,45.0865,54.9935,70.6598,91.1808,116.4230,135.7950,99.5348,70.9078,92.0799,93.0988,70.5893,46.0911,23.7638,28.4170,43.2547,51.2303,54.7719,24.4020,33.5574,26.5074,25.8756,22.4198,21.7603,7.1588,14.4356,19.8110,27.7013,22.0258,14.7959,8.2446,8.8619,24.8426,22.7144,35.4196,66.5904,78.4622,73.7463,27.1937,29.8012,75.2662,134.8780,178.4470,155.7170,125.8410,99.9085,90.2953,74.1895,60.2654,41.0602,32.8791,53.9067,58.2672,73.4586,88.5644,105.4580,110.2540,117.6370,103.0500,75.5549,57.0749,21.0591,28.2036,81.2532,66.7154,32.2062,51.2977,118.5200,180.0880,165.6690,145.9860,86.3633,87.5143,90.4632,87.3888,140.1360,157.6390,114.2000,100.5310,99.9497,90.9824,94.2092,104.8280,116.6360,91.4420,56.7445,63.6813,63.2459,63.1178,91.0306,79.9901,51.8602,29.6392,32.3702,19.8199,82.6168,125.3660,138.1030,93.6031,77.9260,59.7343,53.2961,53.8648,47.0499,26.6534,47.1825,71.7236,53.3807,46.7756,36.5446,26.0795,13.7165,42.9422,45.7192,47.4794,25.8227,35.2501,72.6336,104.8810,85.0012,67.1686,51.1837,54.4514,46.8351,121.0510,147.5690,116.4420,76.8238,63.5732,112.4760,144.6700,120.5860,84.9034,120.0790,139.1480,81.2225,41.3778,66.5890,71.3469,79.2946,107.6230,132.7740,112.6830,55.8424,56.5434,82.2143,54.4055,51.7316,53.2194,94.5231,115.0950,122.8290,125.7160,91.2822,85.9238,134.3300,160.0120,165.7750,163.4290,133.7050,95.4783,114.8770,137.8430,119.9120,106.6520,81.8985,54.2024,114.8340,200.4090,237.9680,259.4380,247.8620,197.8040,159.0180,137.2780,106.0300,71.7780,31.4114,42.0668,56.0264,87.5115,112.5510,101.2980,32.9221,35.9626,72.8061,65.9407,45.7988,35.8245,50.2752,114.1180,126.7130
40249.5000,33833.2000,21826.0000,33805.2000,46641.5000,35255.3000,24755.4000,22341.6000,19213.6000,17074.1000,13496.6000,11598.7000,12015.1000,13153.0000,11381.6000,7500.8500,4621.2100,2301.8500,1726.1200,2368.5700,2967.3800,3887.7200,3573.6500,2849.6800,2218.3200,1893.1400,1472.3100,917.1770,669.6530,363.3540,330.3110,727.0660,789.1410,765.7640,759.9360,700.0080,519.0060,408.9890,257.3390,95.9596,24.5426,73.6829,140.3070,216.1300,133.2690,79.9360,209.4560,337.1380,315.7080,321.0710,318.9130,320.4980,176.7070,119.6350,211.0570,226.4380,196.8470,170.3690,170.7830,205.0320,220.2810,222.1240,190.9850,184.8590,157.2990,98.5647,85.8934,109.2490,111.9330,98.2770,89.1202,110.8020,71.1218,65.7058,62.3764,119.3720,89.3560,60.8024,39.0040,51.6623,65.8218,70.4778,37.8574,20.7089,21.0918,22.7229,38.5422,40.1458,85.9047,53.4243,101.5280,60.2344,97.7954,60.0260,63.6001,76.0508,54.7362,52.2274,83.3291,76.4692,57.9160,30.2106,41.0483,62.5461,20.5648,20.4053,19.5253,44.9120,52.9051,81.3374,26.9276,36.3036,44.2943,71.0440,85.7687,53.2837,56.1547,89.6826,75.2854,57.0082,34.8917,36.7264,9.9293,7.0238,10.9191,49.2526,50.8139,64.7757,85.7267,37.8553,87.9162,92.8378,122.1260,106.5630,96.7862,43.8620,30.7691,28.4123,37.3069,28.5994,29.3247,28.8836,37.3801,62.9550,40.8446,33.9011,35.1150,42.9317,51.4195,21.1224,36.5113,56.2023,34.4853,49.9358,70.9856,77.4917,81.4842,93.5802,93.4393,78.9222,63.2572,65.3605,53.8132,62.8511,92.1909,123.0490,79.2691,58.4882,41.1464,68.7089,53.6025,57.7053,46.5005,47.2853,31.7989,27.4222,45.0709,75.9184,89.1252,102.7440,92.1746,117.5150,70.5043,82.9269,91.6272,96.6164,77.7384,59.6710,85.2732,122.5880,87.5744,66.6178,136.5110,197.2180,192.3270,203.8550,193.6480,121.7500,103.0380,84.5960,66.7402,66.4096,85.7520,79.2011,63.5235,38.7068,7.5619,39.0115,41.1011,19.4483,107.1750,96.3050,99.6276,56.9755,49.6521,65.4630,54.4097,90.6402,76.8556,55.5602,22.1369,84.3762,104.3760,104.0150,74.2377,100.0630,116.7480,125.5540,142.0710,111.4620,118.0890,138.8290,182.3340,170.8430,134.6630,109.2390,84.9107,51.3355,56.3868,73.5587,80.1730,88.6405,118.9580,144.3340,100.1930,50.3872,23.3171,63.2752,61.7511,41.3853,45.9287,86.5767,138.9930,171.2390,217.8640,223.4400,183.1680,112.4010,75.1260,91.3649,79.6368,102.5230,174.9050,219.0150,203.4980,188.0830,161.8460,130.0360,96.0972,86.2644,96.7296,83.3933,51.9970,23.0935,16.0366,50.3725,85.3281,106.7530,111.8250,111.6950,119.4930,152.8460,129.4270,120.0000,90.4421,42.6519,60.0468,48.2688,53.9432,64.9965,87.0330,61.6938,66.0184,95.0073,60.9653,36.5819,20.0666,31.5350,23.1576,34.2153
40785.0000,34086.3000,22137.7000,34282.6000,47166.0000,35854.9000,25086.9000,22336.9000,19147.6000,16668.9000,12578.6000,10526.7000,10799.8000,12580.4000,11443.8000,8221.6400,5274.7200,3532.0100,4106.5900,4782.1300,3989.1500,3456.5400,2848.0300,2056.8100,881.7760,515.0950,493.6430,509.5420,618.3050,586.3050,736.0250,868.0980,978.5310,931.0700,652.8250,525.3310,456.0230,383.8390,247.2750,77.1324,62.4278,131.9580,189.7620,256.1650,281.2070,300.2370,347.3490,391.0200,389.6480,380.5390,329.3070,307.0100,266.1090,249.6690,275.9640,294.4870,227.3140,142.3000,127.9730,138.6960,117.0570,83.4971,80.1840,85.5149,42.6948,16.8033,19.6287,30.3133,44.3170,61.7538,102.3730,108.3920,78.9423,56.4040,32.1056,5.9489,37.6376,51.2395,70.0174,89.5763,121.4760,122.2850,71.4553,40.7748,24.2576,22.7495,13.5485,43.5187,38.9430,32.7801,11.4010,6.6998,20.0815,41.2264,55.3180,41.5520,30.3789,36.3895,47.2191,37.7168,65.8255,105.3440,73.1901,49.0517,31.4175,30.8631,16.6049,31.3162,62.4794,28.7172,12.2670,32.0559,45.1725,59.5507,82.5620,82.4145,59.2965,36.4189,13.4581,24.3154,17.3974,22.9776,18.9394,34.9409,36.0547,42.5171,58.7792,44.2388,35.6944,38.2657,50.6565,52.9590,27.3641,28.9400,63.7582,68.8940,53.1750,26.7120,27.7500,69.5586,90.0261,106.6930,109.8010,68.7205,34.6380,53.2158,66.3800,66.2824,58.8920,36.8702,32.6266,28.4788,23.1309,43.1402,61.7160,68.0667,55.1902,51.6594,64.8219,69.9028,69.9975,60.9912,45.4606,31.7526,23.9230,17.7941,12.9991,17.4939,7.6204,11.1704,9.1861,32.2765,58.5709,61.5641,83.5695,108.8080,137.0010,89.7233,46.6637,71.4225,67.4269,89.2242,81.2367,92.9609,118.6270,153.5300,121.3540,94.0789,79.3039,67.8423,42.8784,38.4389,37.0447,25.6656,65.2242,103.5470,121.4410,149.1400,129.5800,78.2856,46.1432,25.0783,26.8227,14.0712,14.6457,23.7084,21.7385,6.2710,18.7085,50.4542,64.7103,41.6181,24.4283,32.2175,58.6228,80.1309,93.4271,90.1433,80.5320,63.2841,50.4085,25.2812,35.6514,36.9682,28.5086,20.0415,83.7955,77.6206,99.0901,56.2637,47.7274,57.2026,75.6704,62.0539,38.2493,40.7314,58.5909,69.2660,78.9258,58.3897,20.5150,41.9672,63.6217,33.8886,35.7078,66.2842,54.3781,35.3494,56.5079,72.3793,73.3371,19.9656,48.8056,92.8485,98.1553,74.6344,75.8682,101.9330,112.2470,116.2450,83.3398,27.8510,63.4854,128.8530,157.6170,157.0840,137.4030,107.0070,57.3202,48.9369,71.8432,92.0739,73.0079,34.8256,68.9109,148.3170,200.5220,191.0800,156.4770,100.3250,82.2231,106.8670,89.1268,21.5302,41.1325,70.0391,77.9383,121.4440,180.3470,167.2120,124.7670,114.8100,137.4010,144.3620,113.0920,64.9376,51.4111,29.0095,9.7757,6.0814
41014.9000,34529.5000,22638.4000,34847.2000,47759.6000,36077.0000,25329.7000,22717.9000,19669.5000,17420.5000,13698.7000,11238.0000,11352.4000,11758.5000,9821.8200,6490.2100,4545.8400,3686.7100,3934.0400,3929.4900,2952.8300,2459.8800,2051.3900,1548.0600,1293.4300,1223.0400,917.3840,731.3750,824.4960,822.3810,727.6920,540.6480,370.9050,105.6960,129.8670,263.3920,305.3250,193.7150,190.6830,115.8160,184.9640,155.2460,140.8960,171.3890,194.6650,159.0840,258.4130,426.1190,434.7620,380.0720,300.7920,256.1210,224.7190,209.9220,198.0970,190.1630,189.0150,183.4630,182.7410,176.4300,177.6210,159.6410,124.5640,62.7003,47.9964,68.7733,42.5345,31.6332,63.6557,81.2546,89.1072,37.3416,43.6208,80.7860,97.0038,113.7070,131.7970,130.8960,95.0017,40.3482,19.5368,75.6317,68.2775,56.1453,37.7206,29.6752,44.0175,45.6128,26.9675,15.9024,5.8257,6.0640,12.8579,28.6093,51.6194,65.8820,75.5642,88.7686,41.3471,16.6455,24.3783,15.7605,30.2165,68.9084,82.5303,86.5394,67.5080,67.0618,56.4660,43.0223,38.6721,36.8692,33.2910,43.3218,45.1534,31.3582,78.0906,130.6810,110.1250,103.2800,102.3590,99.6222,48.0211,23.4451,34.3839,51.9868,55.0378,89.7158,50.7040,56.9727,19.2247,44.7708,39.3849,34.4688,104.5340,106.1080,97.2358,65.3832,76.0833,27.1265,55.1234,75.8593,81.4046,50.9976,72.5535,139.2810,154.2030,158.0990,114.4000,29.3451,16.9195,42.6260,28.5922,19.3500,24.5425,44.3226,61.1366,87.7312,57.5433,90.7998,61.6380,75.7536,55.6019,56.5361,42.7697,32.9398,31.5763,33.5596,47.3090,82.7681,109.7500,82.1765,67.2171,59.9210,59.6824,55.3126,68.4643,72.2988,91.4215,70.3097,36.7612,86.7010,173.1550,164.4640,176.5550,115.5070,100.2200,83.8263,75.4883,8.7278,51.3191,65.9469,44.9714,16.1144,28.8384,13.1637,27.9895,37.8007,34.5879,100.7260,162.1780,108.1210,62.0653,38.0204,56.1407,46.1284,35.5865,50.3449,35.6294,33.1863,77.5471,78.8931,136.8000,116.3080,70.7781,45.2424,38.6972,29.0360,20.4460,42.8733,65.3598,105.7770,63.4062,55.5069,43.4716,30.3882,61.0185,123.3840,114.8080,104.9870,84.6711,129.5510,143.4930,163.5710,159.3050,134.3280,97.6563,80.1661,79.6299,103.3750,86.8588,53.8425,43.4254,27.8248,35.4945,60.5940,122.9500,143.4890,136.1470,118.5610,124.4360,118.5180,51.9233,43.3329,117.2680,95.3939,50.8060,47.0915,93.6708,102.7780,93.9918,32.2124,60.5731,116.9940,136.4280,137.6390,134.8730,86.1607,32.9711,25.9704,33.2271,65.3979,91.4829,115.2460,162.5010,198.4650,177.2750,148.7400,125.9750,157.5330,204.7730,222.7530,154.3820,62.2332,82.9558,97.7736,97.4922,141.0260,142.0990,113.2490,90.0670,86.3314,99.4454,119.8220,154.9380,121.0710,113.1210,104.9750,94.6292,94.6040
40414.3000,34034.5000,22146.2000,34205.1000,47066.3000,35711.3000,25236.7000,22949.1000,19807.1000,17777.6000,14274.1000,12145.2000,12447.3000,13235.8000,11375.3000,7330.6900,4277.5900,2870.9100,3411.8700,3840.0200,3669.2800,3559.3800,3292.4600,2588.3700,1586.3400,1078.8700,984.4330,1105.1300,1207.7700,918.6560,570.7760,329.0830,334.4630,493.1750,540.8000,613.4760,496.6380,204.8680,146.0920,235.1590,239.1030,252.7870,311.9350,313.1030,293.1520,355.7310,523.9590,572.1210,532.1590,489.2000,428.7440,354.0110,268.0480,243.3410,190.9910,121.5520,88.1427,48.7357,32.0521,59.3669,106.2970,48.9793,52.2537,131.4700,111.7090,152.3560,185.7700,162.2100,138.7420,167.1340,188.5300,145.8080,148.9020,122.2930,73.1784,150.5370,188.2170,103.0040,77.7119,180.1050,147.5210,79.6432,151.2950,197.2010,195.3540,130.3580,156.8880,198.1400,127.5370,55.7036,48.8569,70.9869,45.9132,48.7936,124.2680,181.0040,191.3790,182.0240,175.5760,158.6080,169.1530,109.1810,139.2890,97.9686,200.8620,110.5210,62.0612,91.8907,122.7540,173.5130,91.7807,103.7580,78.2662,80.1236,77.3730,48.7844,65.5344,61.2851,103.3380,39.2466,22.2862,112.5470,170.9870,222.0440,106.7650,44.0250,119.4960,153.1600,268.5790,233.3690,191.1860,142.2370,122.1080,133.4160,147.0410,122.4650,61.6647,74.6291,117.1200,152.2370,191.8920,198.8570,194.4190,233.0820,207.3520,185.2510,129.8620,170.2700,187.4010,146.2820,181.1680,232.1090,267.1190,300.0750,327.6400,314.2170,248.7490,180.6680,165.5890,189.8090,154.2160,129.9820,159.7150,228.0180,181.0160,93.8391,41.2906,84.1963,54.1703,17.6463,21.9795,27.8541,64.2854,64.1559,42.8572,42.2372,38.9522,61.3172,48.0921,97.2285,88.7684,117.3480,145.6750,142.9330,76.6137,26.7422,31.9257,77.1040,147.2610,229.9590,178.1350,112.5060,140.3190,101.0780,74.2350,75.2681,111.7950,91.3829,78.3155,68.6617,75.6383,104.2070,165.5480,133.6420,117.0260,124.3050,163.5710,173.4360,139.2230,77.7224,87.9514,86.7765,125.1860,142.1940,110.2660,85.4134,117.4340,169.0830,202.0470,195.3980,190.5780,162.2800,125.3150,72.6472,94.5271,165.7400,142.1090,87.0244,62.9564,62.1643,58.6837,70.7696,127.8100,156.9060,141.7240,170.4250,166.2350,144.9440,153.4210,120.9960,86.2902,94.4207,94.2854,95.7393,38.2682,76.7573,179.2160,138.2760,113.4880,27.1873,108.8050,152.1860,178.0810,208.0680,170.1820,92.3710,60.8316,104.6610,100.7910,76.2004,66.8136,92.0649,108.8550,143.2420,263.7600,313.8610,283.4770,249.9340,220.6860,184.2680,122.6170,49.1887,59.7303,153.5280,215.8040,221.8120,299.7560,323.8820,309.9660,198.5540,115.0920,110.4310,63.2612,46.9690,43.4301,49.9021,111.6620,190.5010,232.1450,239.9070,216.7590,214.2600,208.9450,228.1450,226.2380,212.2920,184.7230,153.5870,139.7620,158.1270
40883.9000,34279.5000,22367.6000,34512.9000,47470.2000,36248.7000,25612.3000,23147.2000,20047.9000,17995.1000,14471.2000,12390.9000,12729.1000,13553.2000,11618.6000,7408.4400,4236.1800,2777.2900,3440.6000,4196.7400,4294.0400,4178.2200,3721.5600,2849.1000,1625.8800,1114.5400,1094.2300,1188.2700,1240.6500,949.4660,712.4660,686.2110,757.4770,809.4250,812.5550,731.8990,420.9180,200.1620,72.4916,170.2770,196.6080,224.1270,241.4410,251.6350,275.4980,327.1010,404.6900,458.9520,419.4510,328.5570,270.2890,216.7130,161.5400,114.3160,151.3770,183.1260,144.5830,154.8340,203.3080,188.1900,161.1010,136.2690,125.5200,131.8640,129.5260,82.3786,56.6028,91.5029,133.9020,185.1130,194.3750,154.3300,100.6070,46.5773,79.9755,118.8620,147.5820,157.3280,145.9830,92.5168,53.4305,55.1697,58.0369,67.3337,71.3922,82.2462,51.8324,23.2523,36.2487,58.4746,66.2704,63.8769,15.9637,12.2571,22.1491,9.3102,17.2443,27.3262,31.6028,44.1159,61.1859,72.0357,65.3798,56.4651,63.9567,81.8859,105.4280,131.1670,126.8310,103.9750,45.3589,51.5947,88.4516,89.5343,26.3470,15.7487,24.6718,19.6024,32.5522,49.1008,57.3823,54.4769,59.8656,68.2485,63.7611,92.0525,73.4147,63.7057,71.4935,97.4913,125.7370,126.9830,114.6960,110.0990,106.8050,114.3860,60.8752,47.6945,23.2823,53.5294,87.9988,79.5898,81.9615,92.7111,97.7757,82.1420,98.0914,96.0877,88.9912,81.3928,61.3215,20.2111,32.3998,88.0815,71.9720,58.9979,59.1854,72.0686,76.9416,71.6051,71.3225,74.1109,68.2216,69.8238,45.5099,32.7795,60.0858,91.7046,104.7270,120.8410,99.3681,69.7850,47.3270,38.2095,55.7683,75.5825,93.4927,69.7569,62.0749,63.8458,70.0781,58.4483,64.3179,92.1347,117.3030,86.9175,60.8060,46.1987,50.0912,61.9896,74.1358,85.0390,106.3410,126.4510,109.4130,110.1650,94.2707,50.3183,20.0656,69.4995,52.1464,43.1704,38.0343,49.1300,80.9256,85.8517,68.1930,28.8465,18.9413,18.4742,16.5117,28.0298,43.1923,61.4018,38.7383,17.5116,20.3674,28.1450,39.7280,59.2241,81.0739,67.3621,53.1697,45.7198,65.0269,24.0219,22.4667,79.4472,57.5198,61.0647,37.9718,39.4935,33.0418,23.2883,15.1821,34.3115,49.8441,62.2994,94.4379,122.8960,135.6790,61.1409,50.3111,98.9558,84.3174,77.3278,117.1440,116.3200,105.4070,92.9525,115.2410,121.0090,104.8320,133.1030,167.1810,185.9630,210.4270,222.8620,249.1910,266.0700,247.5020,202.4760,209.0970,263.4090,309.8510,311.3900,269.2460,187.3350,168.4120,201.2940,219.7100,187.8120,194.9640,175.9550,115.4850,117.2510,161.5670,196.5800,190.3380,168.9850,141.5020,148.6010,152.3560,55.2068,43.3527,90.0199,117.8380,146.6240,131.5250,115.9350,121.7660,114.7450,105.6880,109.5980,125.3470,53.5287,80.8758,79.3949,108.0950,134.3800
41309.5000,34809.9000,22927.3000,35101.3000,48034.8000,36472.5000,25705.3000,23020.1000,19861.8000,17782.4000,14363.9000,12404.7000,12779.0000,13632.9000,11811.0000,7720.0600,4566.1100,3081.5400,3650.0300,4431.6100,4577.8200,4322.2100,3828.5500,3007.5300,1713.0700,1204.4500,1106.2800,1232.6500,1291.7500,1032.4700,988.9460,1130.7800,1188.2700,1146.4500,1038.1300,751.4970,424.0010,230.4800,218.1080,311.7030,335.2250,313.2080,269.1820,232.1260,241.3400,334.0070,444.7390,494.1580,441.3360,348.5590,283.1690,227.6600,192.8970,132.1820,119.5220,139.0140,141.5030,172.6000,226.7620,215.8440,180.9620,150.4610,118.9260,105.1160,85.1180,54.0302,37.7191,37.3984,45.3697,61.3000,82.4520,73.6863,57.3722,73.4306,98.3583,116.6860,110.4440,100.3220,83.4844,52.0449,23.5234,23.0281,32.5792,37.7160,46.5719,43.8221,40.1366,39.7742,33.8950,21.2393,16.8694,26.3067,25.3727,26.7445,28.4480,32.5704,20.9081,11.8892,14.2842,39.1320,26.1375,14.5308,34.6898,54.3707,75.7017,89.9875,82.5482,56.4112,35.3209,36.3929,37.4764,25.8962,27.2397,40.5584,27.6641,17.7652,37.1903,71.1556,92.9542,70.3796,46.5668,18.0919,14.6730,20.8592,19.4999,6.6693,13.7917,18.3993,13.1408,16.3567,33.3083,50.7198,65.2110,73.1821,64.3875,51.4510,50.6407,51.4476,46.5842,8.5402,26.2921,35.3300,39.8407,46.9836,42.9658,25.7728,25.5399,40.5491,35.2937,41.8791,19.1132,17.1687,8.4730,17.5347,24.9171,32.0993,38.2952,27.8334,31.7664,36.2321,34.1889,50.2192,65.7753,84.7217,79.2550,66.9955,43.2802,28.0288,16.5386,32.5052,66.5564,56.1144,68.8464,43.3140,64.8778,143.7640,160.2990,153.4440,119.0070,82.8841,88.5653,112.3800,143.0190,136.3250,150.1280,114.2830,70.9502,57.5452,64.2859,67.1153,70.3421,49.3384,39.3496,58.0430,73.2088,105.9390,118.6820,104.5030,64.6164,38.2023,59.9617,63.4173,42.4854,29.8397,34.9825,64.6017,60.8137,39.9975,28.9992,36.9043,35.8310,33.7045,53.3794,37.5799,15.2257,30.9143,24.7382,27.3929,11.8132,7.2271,20.8678,40.1161,42.7224,63.0944,51.9229,48.1565,23.5619,13.8560,46.0396,55.9651,61.6121,67.6326,80.3055,65.7398,50.1374,45.6978,42.1118,21.1275,30.1159,59.8800,54.6610,30.8421,19.8354,15.6590,28.3389,33.7860,42.1327,67.6878,71.8227,67.2752,34.8015,36.3300,74.9248,108.2580,117.4240,120.9690,111.1390,89.6768,79.6813,67.1876,53.4099,46.9809,79.8886,131.9850,162.9250,160.9240,142.2840,111.8750,83.5649,91.6751,84.1246,59.6810,71.3226,61.8892,68.2976,141.8950,196.4640,199.1630,171.6540,135.1790,128.9510,146.1650,138.5250,89.6257,92.9375,111.6990,84.1637,85.7828,125.5920,119.9160,89.3161,66.4432,75.6476,80.9048,63.7443,18.6733,56.0539,73.1449,78.8794,87.8980
40683.4000,34382.3000,22405.2000,34386.3000,47257.5000,35741.2000,25271.8000,22901.8000,19811.0000,17874.2000,14543.5000,12532.4000,13024.1000,13872.8000,12074.8000,7888.0000,4634.7600,2899.4200,3492.8200,4462.3200,4671.1400,4476.5900,3884.0500,3061.8800,1726.6200,1273.1600,1186.9100,1223.6300,1313.6500,1200.3500,1187.0600,1244.3000,1206.9000,1130.2600,858.2340,569.2130,443.1390,474.2670,469.7590,399.3850,384.7340,332.5620,287.5620,260.9000,274.3790,332.3670,438.3680,504.3880,456.2160,384.7380,323.5340,263.7780,176.4650,144.8340,167.9140,183.0150,179.8980,196.6210,215.5090,200.7270,188.1330,169.9330,141.5890,90.0882,42.1441,30.3750,36.1724,44.8330,50.4559,56.0155,64.6698,56.2483,63.8450,71.4093,79.7136,82.2983,95.7716,99.8089,84.3882,62.1292,36.3909,52.7976,64.2895,66.9245,43.1689,18.3482,19.0280,13.1329,24.8405,52.9709,59.4647,44.3008,31.5150,21.1110,26.6763,32.4880,25.7908,37.6045,33.1652,37.3547,14.5561,15.0196,20.0992,31.0544,44.9561,63.4288,59.0060,48.6265,38.7371,27.1134,20.3437,31.9200,39.0451,23.7511,16.4835,14.6790,33.6951,71.5043,86.9750,67.1773,51.4544,37.4359,16.2953,35.5460,42.8320,45.4026,45.1646,45.9677,38.3962,26.2403,28.3946,46.4197,69.0303,66.3635,60.8504,67.9095,60.6154,48.5902,27.0002,38.8862,52.6036,54.2012,58.7279,74.4413,71.0934,53.0111,35.1019,44.2403,60.2654,63.2344,56.5901,66.4292,71.6000,62.5748,56.5791,26.2208,12.1803,19.8757,15.5740,10.7535,12.3759,26.5087,55.3537,32.0382,32.6585,33.2409,37.6610,22.2086,13.2609,33.7967,40.2088,35.9528,17.4819,23.8890,49.5107,79.3959,87.2936,83.2545,71.6334,56.1754,69.9325,102.0240,115.8580,116.6040,112.5920,80.6648,75.1412,80.0291,71.8282,66.5819,57.7150,32.8756,33.3868,69.1434,95.7185,96.9948,82.3529,61.3555,26.8965,26.2672,46.5480,61.5322,49.9493,23.3018,38.8270,59.4093,46.4227,77.5848,90.6848,71.6608,61.4492,54.2329,51.3060,40.5405,40.7350,21.1909,12.1519,24.9561,34.5043,36.5508,46.4337,48.0664,48.8745,32.9025,11.1885,14.5982,13.0239,14.8633,38.6384,59.0165,67.5637,71.3857,82.3809,99.3371,76.5158,51.1526,48.4638,70.3337,90.7628,103.6180,78.0649,40.1359,47.5448,56.2890,36.6879,29.2804,55.2639,63.3252,60.9362,45.8200,39.4017,31.9932,46.6128,92.3635,132.7800,107.6600,93.4874,114.4940,124.6580,115.2970,103.5490,119.9500,132.9590,146.5010,182.2600,200.9280,189.3590,163.5230,135.8320,98.7335,85.2690,94.7560,98.0262,84.0210,87.3337,154.3650,246.4700,241.6430,188.7440,110.6940,117.2670,143.8420,149.9230,110.5560,105.2950,137.4750,133.7100,108.9690,122.7890,141.3500,131.1520,131.8140,123.0980,127.1320,113.2370,42.8439,45.8455,51.9635,70.0193,85.0786
40854.7000,34350.3000,22305.2000,34279.9000,47356.8000,36308.2000,25762.4000,23274.9000,20225.8000,18343.3000,14839.0000,12675.1000,13319.1000,14003.7000,12032.1000,7841.7300,4725.2900,2907.7900,3278.4500,4166.4000,4273.6400,4046.9200,3431.2600,2547.3200,1452.9100,1247.3300,1275.3500,1251.1300,1277.5200,1196.3400,1145.7700,1194.9400,1163.8500,985.6880,655.5670,467.1700,497.6600,531.7070,439.6010,380.1560,343.2040,299.9230,272.2960,252.6650,250.0500,292.9200,429.8470,569.0850,537.7690,445.8630,343.2910,272.4220,181.4380,132.6680,145.3620,168.5360,143.3650,135.2270,180.0090,191.0810,176.1340,153.1070,114.9450,84.3108,35.3951,19.7113,57.9125,63.4969,52.0425,31.5786,23.4159,37.2143,43.5803,54.7096,65.9695,74.8370,84.9440,86.4051,80.7565,61.6767,32.4386,21.4137,35.8127,39.8576,40.5828,25.1860,7.5206,30.6870,46.5815,70.2105,34.2087,19.3581,36.7453,37.0384,36.2864,32.5569,36.6722,24.9613,18.8053,14.0286,19.8321,13.3166,9.6280,19.3276,32.9480,52.3994,58.2246,46.9843,40.4676,37.0035,32.8373,14.2767,3.9412,4.0375,12.5147,21.8688,30.7081,42.1043,56.4037,45.7214,20.4218,8.9551,34.8517,35.9330,27.9893,36.6966,40.3630,39.2750,28.2559,31.4315,38.2278,53.7786,68.3570,62.8598,61.5728,55.2141,49.2113,16.7711,18.1723,30.0114,28.9177,25.4097,24.0053,28.6005,48.5028,46.9639,44.6220,69.8281,84.1716,97.6826,70.1375,52.2816,45.7838,40.7240,34.2670,18.6813,12.9805,11.9684,12.1921,5.9252,18.5037,34.0156,46.4529,24.8458,17.4413,10.8476,24.5111,29.0640,15.5479,20.4522,52.5780,59.9524,49.1266,67.8780,95.8391,128.2840,165.7870,123.6560,87.2262,36.9464,36.0576,81.9703,103.0190,86.4971,91.3498,80.2766,66.7945,79.6986,97.2246,92.7854,83.8912,23.0053,11.6850,33.1134,34.8032,43.5717,51.0494,64.4175,51.0451,26.5123,17.7296,59.2609,51.6661,59.5565,57.8995,51.7851,50.0426,54.0183,36.8820,27.1457,25.4204,24.2117,10.2878,11.1458,21.9676,25.9709,21.8548,24.8987,23.5555,16.8554,15.7457,37.6324,29.3242,26.8682,35.4486,67.9657,53.5757,28.3302,63.1268,90.9400,120.3920,122.6890,146.3690,129.8350,89.3360,62.9215,61.6122,87.8917,110.7480,122.4670,100.6050,88.9823,72.5760,54.3964,35.3893,24.4877,52.3506,75.3348,77.3140,62.8297,42.1510,34.3141,57.5336,88.0749,102.9550,118.6320,120.3800,112.0500,118.4660,118.1660,103.0250,70.5896,75.5857,102.9380,156.1150,193.9700,178.6340,143.7990,102.6060,93.7441,90.8115,106.8810,130.9940,115.7850,98.4259,137.3110,195.9530,184.0830,136.9570,116.9640,185.3360,219.8610,198.9700,142.7340,138.1960,143.6230,140.3360,145.2340,163.5780,173.7590,151.4910,104.3090,95.2479,118.8620,133.0280,74.0933,24.5072,22.8133,47.4289,78.1659
41236.0000,34747.6000,22770.3000,34823.1000,47868.6000,36547.5000,25860.3000,23166.8000,20290.5000,18182.4000,14520.1000,12365.5000,12934.5000,13609.2000,11683.4000,7657.4700,4735.2100,2630.0500,2658.0900,3474.4100,3419.2700,3290.2800,2811.9800,2189.7700,1427.0700,1366.2700,1271.6200,1001.8300,930.8470,895.8280,941.3360,1060.2600,1078.3600,963.9050,719.5640,586.0100,601.0440,578.9080,463.3060,334.4550,241.1230,197.3610,207.5010,250.1890,224.4190,211.7780,312.4970,427.0390,429.9320,379.5020,333.4800,283.4180,190.3570,107.5170,128.8730,181.3330,194.4360,186.4470,177.0760,151.2170,139.0900,116.3640,97.2540,71.1488,76.0659,100.6820,105.5630,77.3245,43.1506,16.3638,12.5483,24.0815,40.8707,64.1859,65.2342,62.5971,59.3843,65.9997,89.9036,125.4490,112.4900,60.9828,56.3359,60.6277,49.7874,20.0805,28.7890,40.9981,37.9918,23.7637,28.2262,31.5795,21.5645,19.6730,39.6243,42.2303,69.7600,88.4230,78.7591,62.9125,31.5747,29.5943,42.9616,51.9092,43.4690,33.7851,17.5586,7.3745,17.8416,32.6534,61.4914,98.8127,103.9360,102.6680,104.7110,102.5650,99.5374,105.9760,103.4700,73.5092,45.3016,7.8784,30.0909,45.6344,58.1286,69.3635,72.3622,87.8809,101.4960,111.2600,100.1550,94.6778,89.5440,64.8991,49.2804,56.1802,53.6945,44.7534,16.0389,9.6938,21.9812,29.1248,27.0799,15.8961,9.3194,9.5541,3.1658,4.5127,6.4670,13.1723,19.9759,20.3632,21.3368,22.7915,26.2615,7.5694,25.6795,49.5359,58.1168,34.4369,17.7356,16.4024,33.2052,42.0823,51.8594,64.5928,68.6151,69.8029,65.6264,54.0761,31.5579,27.1877,56.9709,87.5950,111.9780,108.1420,89.8941,47.8513,19.3630,43.1524,45.4676,102.2310,128.1780,125.6670,137.7690,106.2810,69.1368,75.6677,79.1573,75.1866,68.3120,70.1136,75.2644,85.7121,97.7906,100.9180,95.3769,99.9007,91.9524,80.0041,77.1443,74.1378,43.8989,19.4389,33.5588,62.8644,72.4661,83.1913,85.8925,86.0094,69.9426,43.2087,46.5260,65.7106,57.8571,39.7934,39.1664,36.9712,29.4802,15.3005,16.3988,28.6069,39.5150,51.2810,42.8207,21.6032,6.3420,20.9476,22.3609,27.8075,46.3708,50.5497,63.4092,47.0545,41.6294,31.2984,77.6879,96.7104,107.7990,113.3800,88.9832,54.2686,44.1884,25.1860,31.7535,51.3372,93.1038,103.0190,96.8370,81.9830,41.9616,23.3912,49.9134,81.4688,100.3600,99.3944,89.2845,69.5441,58.9863,73.3164,100.2330,115.5060,109.9320,127.2450,172.6020,182.4890,158.5550,117.8130,74.7239,81.4193,107.7130,129.2200,127.4210,111.0730,113.3840,176.3450,239.5570,233.8040,201.8720,204.4260,207.1960,201.9920,169.3890,150.4600,157.0520,161.8050,137.9010,126.7510,167.6950,185.2840,150.1670,106.2790,96.4907,102.3980,81.4417,14.8281,50.3129,77.5250,88.6552,96.4527
40643.4000,34356.8000,22373.1000,34252.8000,47101.8000,35690.5000,25413.2000,22885.2000,20016.2000,17743.4000,14153.2000,12204.6000,12071.7000,12386.9000,10133.4000,5872.7700,3639.7700,3161.9500,3873.6100,3930.3300,3194.8200,2630.6900,1949.1100,1224.8300,1268.4400,1707.5700,1543.2300,984.2590,830.5280,817.5420,774.4450,729.2750,614.1130,505.3490,424.7160,472.6460,570.5290,505.8160,326.4980,152.5060,105.2030,106.0920,163.0670,266.0970,317.1410,328.6860,314.2620,342.4330,434.3940,548.5130,513.9960,485.9540,300.9610,85.1053,119.6720,189.7910,311.8800,341.4700,272.5040,219.9850,98.8274,39.2968,83.2280,154.5350,150.5210,113.4470,83.1051,57.9256,17.2428,37.0155,62.1639,89.9746,83.3366,79.7543,95.6556,122.0800,133.1020,133.0940,157.7970,116.2940,123.3520,161.3140,152.4880,168.2860,180.8980,163.4650,146.8690,196.2750,125.0720,218.7530,144.9470,165.6430,83.6046,92.2348,77.9960,148.2040,156.9710,118.8060,107.9190,56.0357,59.1397,98.4706,179.6840,258.4910,231.4560,240.8480,239.4590,189.7150,161.1220,150.6930,119.8120,96.9089,107.0730,96.4413,75.8369,59.3865,19.8710,23.2426,47.3298,110.5110,165.7850,223.4910,279.3030,289.4020,251.4490,269.8000,214.3430,131.9800,103.7970,111.3620,89.1344,104.5300,104.9070,74.1336,65.2125,45.9693,55.9909,99.1943,112.9320,119.8330,149.3760,191.4350,215.0140,190.5710,175.7270,216.0000,250.3300,302.9460,331.4460,309.3030,281.2290,269.4110,282.4350,275.7940,276.6520,275.8700,277.5010,276.0300,272.3250,266.9350,286.1570,286.6810,283.6280,318.1000,311.1390,296.8570,281.8280,277.5600,247.8270,192.7170,147.8090,123.0480,101.0650,68.5865,68.4452,56.9242,93.7229,96.9868,194.1610,180.4470,144.6020,156.6040,156.1720,162.5020,165.1400,184.7600,207.5630,185.8040,109.2930,42.0027,21.5379,34.9883,41.0158,53.6100,95.6189,141.7930,152.9610,181.9860,212.8640,196.1540,176.3230,170.1730,167.6210,121.5400,103.9860,119.5630,82.4985,68.1114,44.4480,49.0017,42.6335,25.9139,24.0574,61.7016,73.9196,79.9996,80.2555,88.4040,109.6040,117.5900,81.7895,58.7337,44.5415,43.0476,85.7457,99.9745,74.0835,64.0851,67.0916,77.8107,81.5396,72.4615,43.1844,49.2711,54.2731,47.8171,77.4922,101.1790,102.7180,108.0050,81.8143,38.4226,27.8457,27.7394,54.7453,104.7490,133.7200,131.4960,129.7970,121.7320,94.9642,53.8696,39.3741,74.3827,98.9957,73.7120,62.2264,79.9416,82.1070,78.1294,60.9177,60.6215,86.8759,125.1630,134.2480,121.9400,108.1840,93.8345,89.0937,91.9349,97.0704,93.4333,107.3030,116.7550,125.1690,183.6400,249.6920,250.2610,220.2390,204.9340,207.3940,229.5150,196.6180,134.6230,104.5290,100.1940,85.3003,60.2450,84.6057,144.3590,127.2860,101.8450,80.9058,86.8515,78.6947,30.2455,11.8810,33.8623,60.7270,72.4420
40308.3000,33823.8000,21667.6000,33559.9000,46588.9000,35542.5000,25040.6000,22455.7000,19697.5000,17381.4000,13117.6000,10793.0000,10243.5000,10160.1000,7868.3400,4577.1700,3430.2400,3366.3800,3797.0500,3982.4300,3579.5500,3115.4600,2590.8100,2133.4800,1751.3500,1676.6600,1194.9800,724.0690,637.5320,554.6550,499.5940,432.0320,386.9120,191.4390,134.7250,227.9110,448.3480,458.1850,348.1890,247.2710,96.1129,38.4307,58.7398,121.9460,154.8440,179.7680,255.2170,356.2640,361.0650,328.5220,293.6640,246.7760,174.0280,128.3760,114.9470,111.8720,121.6130,127.1620,134.2620,146.7150,150.6930,141.6700,114.3160,93.0409,92.1568,96.5411,100.5860,101.1940,103.1910,87.6206,53.3155,36.3914,20.9055,22.3330,17.8429,20.1422,14.0681,23.8549,42.5916,40.6846,22.6111,17.7339,19.4318,32.9740,39.9598,44.3474,48.4379,33.0655,17.1696,16.9785,17.3799,29.3647,46.9762,55.8041,65.2230,72.8423,55.6831,31.8522,24.3541,25.8557,29.8359,44.9464,69.8568,63.0789,62.2080,50.5906,43.4618,36.6982,31.4809,37.2886,36.5896,28.4870,34.3787,48.7704,50.3322,41.9371,45.0077,61.3795,58.2758,36.9911,24.1520,29.8742,27.1262,24.3760,37.9037,40.0683,39.4080,51.3140,59.4966,46.9535,28.8498,52.3249,39.2474,17.1389,41.4432,53.6704,49.9046,48.7070,37.2285,25.9947,51.8792,70.2921,75.9882,52.9979,25.1677,14.1835,28.6429,30.4569,26.9993,21.9375,7.4199,6.1884,9.2143,8.0887,12.7135,13.2293,30.1309,34.4934,35.5091,28.6316,31.1550,45.2836,60.0041,60.7310,57.2395,48.1160,44.6787,35.2748,21.3295,34.5081,56.3373,61.1332,56.2442,84.4416,149.2220,179.6620,202.2750,128.5210,72.8518,84.2758,90.5952,83.7294,79.7840,69.6194,60.0301,80.4487,103.4710,130.5170,140.1760,135.1640,95.1958,87.7155,74.2293,60.0340,82.2267,101.5540,104.3890,95.2834,72.5505,44.9688,28.3103,18.4146,35.7126,57.5654,62.7753,28.7273,29.4196,56.9733,56.8767,48.7912,47.3690,46.6419,42.2079,23.3851,9.7435,20.3124,23.5657,45.9711,32.9012,35.2185,18.4681,19.8447,21.9951,18.4136,16.7645,29.6144,51.2338,45.3626,55.1059,58.0611,70.5694,83.4668,98.1011,73.2171,52.2709,36.9639,38.4281,55.1579,69.9230,70.6856,44.8222,38.6541,31.7866,22.2950,17.0647,40.5953,46.2012,46.9667,42.1892,31.4095,36.0304,40.6833,15.9483,25.3704,43.3927,16.0080,22.5310,56.7210,62.0132,80.9652,95.5193,107.6290,130.2680,167.8480,180.4060,148.6960,123.8360,89.4751,62.5083,67.8732,98.4134,104.7730,71.1208,48.9468,107.2510,229.1620,317.8290,290.2640,248.4230,181.8580,148.7910,153.0330,152.7630,132.1700,112.5500,114.4940,108.4100,110.0060,141.1530,160.8220,146.2070,123.8040,114.4120,123.5140,103.6120,65.4225,69.2294,72.2159,60.8193,89.8438
40989.3000,34418.0000,22350.0000,34414.3000,47446.5000,36157.8000,25463.6000,22597.2000,19786.0000,17269.4000,13008.4000,10687.3000,10144.8000,9983.6000,7947.9100,4990.9500,3849.8600,3636.4300,3998.8900,4179.4800,3595.3600,3122.6900,2465.0500,1599.6600,904.9880,785.7810,459.5090,246.2960,363.7350,319.3720,271.3240,248.1270,200.6950,333.6100,360.8460,381.0950,477.8420,350.4930,328.6470,227.5760,123.5870,75.7682,68.5420,84.4228,124.5130,183.8590,275.9090,356.7400,378.8360,364.4370,341.9990,307.5780,205.6700,100.0500,42.7169,23.3010,31.5827,69.2646,98.7345,109.1070,122.4020,122.4900,109.4850,101.9340,92.6506,85.6107,90.1987,100.2100,107.6450,119.4680,124.5450,103.9420,66.2535,30.9677,15.6455,36.2674,53.7570,30.9966,20.1803,70.9656,82.7389,107.0780,89.4462,72.6101,69.1034,69.4494,20.2309,14.5072,53.4369,33.6711,36.8860,55.2372,68.6221,27.8079,16.8034,36.2737,23.6628,41.9104,29.4533,16.0576,18.8573,26.4237,26.6484,41.8721,53.8896,45.1327,37.0099,18.6354,13.7174,56.7652,60.4811,62.1425,47.4551,38.6243,20.9144,31.0936,57.6928,76.1401,71.0648,67.2249,63.0357,34.7811,21.8159,46.5524,70.6002,47.8990,39.2063,29.7119,35.3427,49.2837,37.0564,40.9578,47.4135,49.3826,21.6056,18.3530,20.6194,27.7662,39.6703,15.5918,33.4651,29.7898,27.4784,29.3462,41.2616,39.1213,45.5398,45.6082,37.5242,22.3146,23.1146,32.6826,18.7200,44.0006,50.4097,71.4423,58.3568,48.0117,57.2104,69.1089,78.0877,57.2896,24.9475,19.2933,49.5740,60.6949,38.0556,13.8008,11.2913,11.5936,66.1701,74.1824,93.5502,47.4053,63.3565,111.0210,77.7729,49.5000,18.0711,58.7337,81.9916,108.7840,110.0490,92.4460,89.4768,80.4400,77.4857,73.4607,78.9859,34.6084,47.5203,68.7041,86.9226,77.8732,97.5227,118.5320,143.6700,147.9420,105.5470,53.3581,39.7825,44.1154,54.1011,46.3552,63.9623,82.1177,111.8270,111.2400,111.1670,65.4334,33.1747,41.7685,65.9449,42.2781,34.7295,30.6580,25.5932,31.5123,21.0671,20.8207,51.1013,55.4258,61.1251,65.5040,66.7689,47.9759,55.7470,75.4406,54.4487,33.3880,18.6812,55.9248,53.1110,38.0530,29.0683,21.0773,13.4682,38.1499,54.9029,57.4000,44.6222,21.6811,42.6080,60.2046,93.7156,91.5733,70.1984,63.4881,68.4099,50.8119,44.1224,22.4199,18.9343,24.9085,35.2697,24.5079,44.9383,80.9309,69.5478,70.0565,83.6482,92.3538,107.4580,154.9490,199.4300,177.7320,135.2480,85.0515,80.2751,100.8300,103.0440,72.2294,87.1163,84.0664,102.8050,222.2830,311.5270,267.4980,218.6760,182.2380,194.2580,216.4600,217.7620,191.8660,178.9200,145.0080,86.9873,118.4660,204.5230,207.7590,186.1200,153.2450,134.5600,114.7560,114.5230,94.7973,52.9306,61.8023,67.9474,74.8129
40726.0000,34340.0000,22279.3000,34275.4000,47154.1000,35520.6000,24947.9000,22365.0000,19544.2000,17074.2000,13038.0000,10743.2000,10381.8000,10381.9000,8327.5400,5216.3000,4064.7300,3824.3100,4115.4600,4230.7300,3458.9600,2894.6100,2170.7400,1231.7000,654.1320,641.6270,381.6760,297.3960,465.3980,319.1270,176.3470,215.3930,291.2210,399.1440,485.2450,562.7990,580.3690,423.0200,251.1620,105.3790,99.1186,140.4170,171.0830,168.5600,179.4110,221.9190,307.9320,393.9040,374.5660,321.0530,274.1430,210.6700,102.5670,71.5162,101.4760,101.9290,105.4690,133.5380,142.4600,116.8230,93.6929,78.8570,101.5400,114.6260,90.8692,72.3010,59.6093,47.3490,20.0923,17.7147,31.2223,31.5396,24.6496,40.9653,69.9646,60.5177,34.6639,19.3442,24.3459,38.3313,37.0585,48.0404,31.5965,49.2036,59.4775,58.8968,50.2402,32.1735,7.4478,23.0440,32.6414,35.9545,31.0204,25.9549,28.1118,26.0944,25.9645,33.3515,40.6642,43.6568,42.2072,28.1750,30.0804,33.4270,25.5980,18.8985,15.5316,10.4562,10.2603,16.5920,25.0736,17.0063,14.1558,16.8401,16.5885,46.7294,52.6783,70.1369,78.3631,56.1967,52.4240,39.6031,30.9680,44.6042,64.2174,61.2105,70.2823,27.6959,17.6481,38.8158,32.2241,15.9005,14.0769,45.3443,89.3610,80.0761,66.7063,57.9893,54.5663,22.8921,21.1162,36.6169,22.5344,38.5481,69.0999,69.1861,74.1449,72.8172,59.5983,43.6003,37.2987,40.2673,28.3541,23.5019,33.8944,36.6501,28.2595,22.7409,13.5488,17.5320,31.2241,41.8818,33.7669,41.8784,50.5136,47.0947,46.9894,45.7495,32.9500,10.5207,14.5730,36.1062,60.0960,89.3768,83.1748,55.5335,29.7696,37.0749,124.1620,148.2020,142.9540,119.0860,102.0010,107.4890,117.4130,130.4190,135.6140,132.5370,127.3650,104.3980,76.3879,85.1685,120.4200,147.8890,143.4810,125.5010,113.6890,93.0696,58.1576,26.8323,31.7129,35.5929,12.0678,13.9804,32.9696,48.6927,52.4207,39.7431,23.0600,20.9694,41.7993,38.8577,30.4113,36.3257,39.2512,25.3478,20.6607,36.3459,42.3720,48.6437,52.2997,43.4538,35.5118,20.7853,22.7585,49.5790,44.2680,36.3052,61.8304,73.5599,86.1668,87.0430,111.3950,127.8560,104.2950,87.4979,71.4413,65.8108,71.9532,95.4259,90.2901,67.9746,51.5287,39.8163,37.1405,52.1379,81.3468,79.9262,75.6906,60.9401,37.0719,39.6361,69.9186,63.4987,65.5455,33.8780,45.5568,84.3937,89.9190,70.4898,56.0316,71.6175,100.8540,144.5390,162.0850,140.9360,121.9680,100.2670,73.6315,58.2732,63.4339,77.6127,77.4886,56.0456,72.2942,156.7490,237.4930,241.4380,219.2860,168.5190,162.2800,189.8130,176.9880,121.6490,101.2740,97.5887,64.2508,50.9914,101.2640,141.0620,141.6360,128.8280,116.5490,110.8910,97.1294,60.7310,42.0734,16.8433,37.0616,57.7724
