41394.1000,36599.6000,22050.4000,16679.0000,15642.6000,21523.4000,17059.7000,14759.9000,10361.3000,8047.4400,7316.7300,6064.5500,5337.1100,3737.2100,2885.9000,2877.7400,2816.7900,2967.6700,3461.2000,4163.2000,3795.9100,4132.0100,3362.2600,2222.0400,1864.7500,1634.3500,1656.4500,1198.0300,1005.2500,427.2710,448.6370,926.5800,801.9310,943.2390,620.6660,428.4260,388.0980,218.1030,241.7600,186.6960,186.8260,208.5920,180.2330,150.9960,74.9880,65.2037,206.8410,265.8840,301.1270,235.9170,104.2650,71.5736,154.0090,274.4210,239.7860,177.5490,156.8050,196.9390,260.8310,232.1370,236.0590,209.9230,216.1410,226.0000,253.5830,317.7370,296.1070,256.4980,220.8900,88.8566,59.8688,80.6122,94.7991,69.6923,44.6159,48.1731,51.2546,8.7098,80.7087,116.5550,161.7860,120.6790,117.5850,67.3139,31.4146,12.2563,99.3818,120.7070,216.0500,176.8430,159.9420,133.7330,117.6250,152.3890,155.2680,215.3200,184.5400,118.0620,83.0021,65.3278,115.9300,130.7600,127.1110,159.9380,143.7550,117.1630,91.4090,44.9560,40.6305,100.8190,85.7011,149.0140,93.8194,93.1593,114.4280,122.8300,84.3365,82.1903,125.4100,146.3670,108.6290,61.0190,74.6160,115.5860,118.9640,31.7610,80.8844,125.6720,40.7308,45.2370,226.6190,213.6000,294.7370,281.7070,93.1772,232.4100,259.5560,162.2050,264.1020,87.8051,40.7721,148.3980,107.2810,19.1218,59.5967,230.2560,142.3150,228.2780,168.2020,104.5250,191.2190,93.1794,115.7150,48.2298,34.6857,33.5605,46.9619,16.5267,25.1402,93.9394,95.6688,209.1770,148.0550,198.5680,114.6330,107.5550,62.2162,53.0845,28.1438,15.8530,33.8016,75.9840,95.2175,107.5110,66.0422,45.9299,6.7920,19.0482,29.3179,68.2389,49.3844,88.4893,51.8283,35.7485,142.4850,108.3200,171.1530,128.1040,128.0950,90.8370,48.8676,21.6755,25.2964,62.4842,57.9097,132.2130,86.2046,185.1850,104.7450,152.2360,65.7159,21.5098,94.2628,87.9209,82.9700,53.0314,30.8302,43.3866,30.3779,42.8117,25.7691,24.1091,74.5284,66.0243,102.5330,106.2780,126.2190,180.3740,129.8800,157.8130,149.5170,101.5950,202.1110,137.8230,152.8450,140.6870,117.0340,115.4910,104.9940,93.3028,82.4760,92.2226,47.3557,37.3219,41.4281,80.5217,55.1025,81.9908,46.1807,52.3808,44.0159,64.7578,82.5550,90.2776,96.0984,70.7018,73.4364,94.4826,89.5530,92.0684,87.1880,45.1951,40.8338,23.6860,23.5371,46.3249,11.9290,13.1615,52.6834,65.0234,70.1564,62.9923,57.0414,54.7084,69.1911,91.7652,99.4489,128.4740,51.3395,29.7068,80.6933,175.6170,148.1840,187.7350,83.1457,128.4900,68.3576,111.4910,76.3062,91.7502,44.9326,42.2024,63.1231,68.1263,152.4330,88.9485,121.1220,47.8600,36.9238,34.4962,33.7003,26.1349,12.2579,27.0842,42.5804,33.7440,13.1295,15.0359,48.6586,40.2360
41717.2000,36615.6000,22498.4000,17103.9000,15342.5000,21130.0000,16925.8000,15206.6000,10846.4000,8648.7600,7986.6700,6888.6700,6665.5500,5253.1200,4527.1600,4173.1400,4543.7000,4306.1300,3004.4700,2676.8300,1855.8800,734.6080,271.0690,617.7630,664.5540,828.9460,612.2060,363.0010,369.7570,562.5680,917.3640,1132.4700,911.6270,1020.7100,750.2400,527.8220,504.2150,292.2540,228.3240,196.4360,151.4510,162.5830,176.5150,112.4640,104.5010,136.1910,232.9000,227.1220,158.7380,130.1410,186.3740,339.4830,371.1240,380.1130,400.5290,265.5320,244.4740,277.3260,418.5070,400.7840,336.0100,294.4450,196.7980,200.4700,200.4450,247.8180,176.9950,80.9976,46.7050,105.4870,140.6940,126.5240,158.3380,201.7090,261.7670,263.0130,168.5640,130.8620,98.7582,101.4610,102.2660,94.5530,98.7800,33.8968,30.6690,131.3630,135.9290,201.6290,163.4880,118.3750,93.8931,50.2220,92.6914,151.1190,171.5970,176.5840,90.8888,47.5183,52.8799,122.3310,113.0280,175.0410,125.7410,164.5480,138.6050,114.5960,116.3700,118.7450,108.0260,118.2390,139.5190,199.6250,184.1500,155.9010,148.5240,122.5010,94.8434,84.4157,86.6569,124.8300,110.2770,120.4410,76.4951,28.3935,27.3234,50.4941,76.1779,85.8481,67.5607,64.3895,65.4005,91.7166,109.3990,125.2930,150.8580,90.0951,69.1782,55.5269,101.1430,83.1675,70.6499,44.5761,89.0724,108.5450,120.3200,95.7613,49.4101,34.3033,19.2901,12.9348,24.4646,47.3109,51.0657,65.3745,43.4375,55.2565,22.7069,13.6543,9.8071,19.7754,22.2031,59.8948,65.3971,124.9250,57.5542,65.2615,64.6150,45.2232,76.1121,64.1804,59.3359,75.9837,36.0572,21.8853,22.4329,46.8727,40.3607,39.0172,45.2934,53.6118,81.0011,74.7916,75.4291,30.6020,24.1142,23.4279,19.5402,25.3508,39.0637,34.1485,49.7860,29.7484,24.5611,21.4429,15.2517,14.2169,4.5161,13.6165,17.9923,32.7315,12.0023,10.3216,39.6553,50.1097,38.0207,108.2210,72.3928,126.6530,93.9170,93.2003,54.0878,45.1371,82.1170,82.2556,109.3280,57.3873,41.1788,21.1141,23.8707,35.5742,19.9503,33.4835,37.4885,53.9949,22.2000,8.8421,59.1985,61.3488,75.3889,41.1000,18.0481,28.3159,37.9448,51.9663,40.2980,45.6960,26.1828,40.5040,25.7522,50.7685,28.7545,18.5225,31.0229,80.2934,63.1212,75.4379,74.6906,43.9565,78.7282,50.5254,56.4087,87.8118,101.7700,106.8760,80.0597,69.7242,26.6490,39.0444,14.5374,11.0994,4.0255,24.8933,31.8330,61.9169,68.6146,83.2319,67.0302,57.5673,28.6143,16.9118,44.8234,79.0261,65.9671,76.2308,49.4073,43.0776,47.4966,36.6436,64.6625,42.6747,69.8048,47.1174,73.6000,68.2882,73.6143,88.7950,69.1954,80.9002,66.7358,32.9935,11.9670,29.9884,74.0875,54.1283,73.6597,25.5827,36.7565,20.5483,16.1693,12.1791
40694.5000,35523.3000,21667.2000,16418.0000,15001.8000,20561.6000,16109.8000,14335.3000,9782.3400,7405.8100,6637.3500,5474.3200,4883.8700,3189.1800,2566.0100,2409.1700,2405.9600,1937.2600,998.1220,783.2280,813.8020,1021.4100,1277.2100,1658.2000,1307.7200,1105.3200,923.1390,815.4450,860.6950,919.7750,1118.6600,1223.7900,912.5850,886.8610,753.0070,505.7610,458.1730,324.9220,184.6760,156.9740,132.7940,83.2955,54.0402,51.0478,137.2940,151.1700,211.6440,122.8230,150.6350,78.5588,224.3800,213.1270,421.5130,372.0520,428.3090,420.9020,289.4090,291.4380,195.6080,134.2630,115.7380,132.5250,142.3660,123.2320,123.6990,144.5360,84.5740,58.9814,100.1890,138.9530,272.1420,205.6900,200.5850,178.2340,182.1510,151.4650,144.2570,85.7850,77.9017,132.5280,151.8990,215.0620,218.9280,160.5140,164.0650,85.1390,115.9170,159.5310,199.2360,149.3810,158.6080,87.2660,80.4379,124.0010,145.6110,167.2840,144.3150,132.3550,175.3120,112.3970,74.8530,42.9047,62.0898,125.6730,115.3580,121.5850,164.8470,113.7440,147.1570,111.5550,100.5790,137.1260,121.2070,82.9952,78.8467,118.1570,136.5910,120.6340,103.2500,46.9981,36.8379,40.9253,57.1599,60.1964,51.0110,60.7329,39.2961,25.6841,21.4415,25.9863,26.7097,16.3515,15.2826,30.7349,42.4095,65.6285,58.4143,54.5069,58.5298,32.0140,16.8678,42.1287,52.5056,87.1767,48.5695,47.8036,10.2506,20.4328,26.4486,41.6863,24.2288,11.5733,33.7042,49.4081,87.6469,64.6366,78.2657,48.3145,34.6539,29.4444,31.8545,14.4011,28.8749,80.5062,57.8189,59.0768,19.9502,25.2100,30.8488,48.6973,75.2676,141.8820,105.0860,144.9810,85.7744,55.8008,35.2397,42.1223,48.6020,31.7878,20.9978,21.0168,22.8090,41.6031,37.7564,38.7168,48.3319,48.3528,46.6379,64.6068,46.2141,43.0586,12.7159,16.4528,57.4721,53.3990,84.6071,52.0666,68.6135,31.5900,50.6944,24.0977,35.1793,23.1829,26.8514,47.3258,43.6723,70.7336,48.5216,47.7340,34.9427,23.3863,30.7251,43.7949,78.1520,58.2009,82.9685,40.5326,37.4587,17.1344,10.6223,11.4068,19.7837,23.7580,62.6566,44.2720,65.0458,29.7444,10.9056,35.4859,54.9274,45.6988,61.9334,18.7459,29.1997,23.3234,32.4840,37.2615,50.0313,37.5484,18.6627,36.7428,55.4428,85.6885,60.4117,53.3570,33.5368,12.7654,30.4706,16.1959,11.8075,16.3057,30.6358,29.1436,22.3652,31.6069,17.1036,22.4587,30.8981,11.9554,26.2495,31.6224,19.4753,52.5176,34.9979,48.6419,35.0772,18.5646,7.7737,14.6394,22.4357,41.5703,36.8988,68.1820,37.0116,63.0964,41.6086,38.0510,44.5909,17.2549,9.4186,26.7500,45.6664,58.6710,59.4534,35.0983,38.0229,23.1850,20.5602,61.1605,56.7203,89.8599,64.2454,86.7529,49.9160,47.7081,32.7628,35.1720,55.6983,70.6702
40745.0000,36099.0000,21846.3000,16615.2000,15425.4000,21318.3000,16755.0000,14876.0000,10382.9000,8454.7200,7548.2500,6513.3700,5346.6000,3110.0200,2540.2400,2725.6300,2830.5100,3144.5400,2857.3500,2404.5700,2281.2700,2268.7100,1915.1300,1448.0100,1208.9800,738.5300,323.9430,417.2100,898.4920,1095.0900,1523.7900,1573.6600,1144.7300,1103.9500,714.6130,412.2630,306.4210,95.9857,236.5440,315.8660,395.3330,338.9200,306.3320,265.6150,93.9247,61.6974,140.3770,141.3940,154.6750,38.8119,84.7852,205.2790,304.8220,325.0360,409.2320,344.3990,304.3840,355.2520,357.0650,282.7100,268.8910,192.2950,141.4580,180.8650,213.9990,320.8220,242.0240,190.9140,63.0013,61.0731,196.6580,182.8930,186.4100,161.6440,154.9540,134.3930,148.6200,116.9300,80.8108,65.7423,66.2069,94.7323,105.3660,88.7467,86.3913,61.2766,61.6607,100.8530,72.0527,100.3100,49.4920,119.1420,94.4980,147.4820,109.7020,93.9595,33.6353,44.1674,42.1374,48.5130,61.2932,65.0034,112.1410,58.7068,91.6932,59.6960,98.5313,91.3661,100.5820,79.7958,80.7729,115.6740,107.4670,80.3420,61.9859,67.6649,79.7699,93.7102,92.3036,61.1374,69.2531,73.8781,71.1470,94.4392,66.5350,72.5941,45.8388,58.2860,54.1065,69.6407,38.8245,65.7666,43.5064,43.8038,44.0448,14.2154,46.7465,67.6407,102.8490,73.8366,65.3051,15.6046,27.1201,32.7728,19.4946,34.8552,17.6758,29.8850,21.8006,26.4063,40.3011,25.8417,40.8946,57.7254,52.7925,100.2760,72.3598,69.6180,55.9195,73.1185,67.9561,102.1900,59.9082,34.3755,33.9637,57.2210,67.9154,35.0207,18.6503,30.3336,49.0649,45.2561,74.2586,88.5815,136.3660,77.4058,84.3042,22.5486,10.9538,46.7515,45.6407,66.2030,26.7284,17.2910,21.5662,52.6129,23.9195,21.5956,39.8090,39.2821,39.4488,56.2349,26.1683,38.5459,17.7894,19.6953,25.1712,36.0192,44.6087,63.9900,37.8817,48.1519,11.6251,7.9608,17.0168,43.5186,71.6976,77.7616,76.9356,62.7650,36.2106,24.6272,29.7287,39.0439,51.1037,55.9251,45.1661,57.9003,49.5138,62.7213,51.4569,48.9627,25.7614,21.3966,27.7649,62.3234,42.3219,49.6560,18.8023,23.1187,45.8075,62.3425,73.9614,52.6503,54.0959,15.4307,17.1925,67.4248,65.6880,97.6228,67.4740,57.1827,39.2892,16.8167,9.9963,5.6110,15.7009,17.2801,23.2891,45.4027,66.3260,78.5324,90.5825,59.0566,46.3672,14.4805,21.9965,27.2165,46.2537,38.9030,39.5995,46.0351,38.8921,37.8414,46.6415,35.7823,30.8115,14.6933,12.7697,22.8630,23.8423,34.0325,24.5395,47.2897,31.8503,66.3556,38.2626,60.1700,33.6977,20.0973,27.0363,29.6979,23.7930,42.3272,25.0966,21.5206,22.7795,30.8226,22.8812,28.7405,12.0548,32.3304,55.6072,72.8253,70.3270,96.4694,81.7016,95.1122,81.7782,55.3386
41205.4000,36275.9000,22314.5000,17129.9000,15595.1000,20974.6000,16067.5000,14883.4000,9767.6600,6624.6800,5631.3400,4884.2900,4420.6100,3199.6200,2644.0500,2617.2500,2801.1200,2739.8600,1850.5900,1488.5400,1348.5000,1386.6900,1316.3900,1184.8100,1030.1100,920.6790,568.2280,320.9000,233.9980,460.4370,674.2510,1046.7300,784.6160,731.3210,584.4320,371.1660,219.4330,51.1306,141.2210,213.7130,266.7120,365.3480,362.3190,444.3240,326.3410,250.5740,246.1380,366.2460,256.8430,424.6400,302.3040,446.1390,440.5620,415.5850,471.2790,295.5180,257.7870,241.5040,268.8080,211.4820,201.2660,211.5400,296.0190,291.4070,334.1510,382.0570,265.5390,236.4050,108.5350,139.4020,216.2570,200.7240,160.8700,71.0762,119.5510,145.5890,181.4160,185.5380,144.1960,133.6590,114.5440,125.1600,131.6370,135.6540,117.5830,57.8981,27.3750,93.5249,71.5974,92.0031,57.9307,37.0999,25.8270,11.8419,8.7895,6.6019,27.8007,49.0728,88.0581,117.4230,104.5040,125.7970,122.4120,107.9470,125.4460,87.9811,43.2914,39.0025,53.7550,85.7145,44.3990,37.9684,50.7152,100.0770,98.8020,82.3363,84.7732,105.3010,107.8160,109.4690,117.1260,66.8182,44.7554,22.5462,36.5842,68.6831,84.3489,74.7928,86.7713,54.0747,35.7374,28.0811,9.9084,40.2595,42.6185,76.3513,65.3191,68.1443,83.4102,75.1561,63.2606,46.2995,12.6928,27.5396,37.1184,44.2079,28.5822,12.3452,13.3500,17.2036,23.5274,20.2870,17.2489,19.9112,39.1892,27.7905,44.9712,19.2611,17.8070,8.0194,30.1579,27.2967,50.2134,26.8207,31.7887,11.5411,20.7102,31.5900,41.7362,39.1910,50.5800,53.8387,57.8148,64.3499,98.8017,66.1325,60.0248,30.8242,36.8189,25.2818,26.8592,9.7081,8.2809,9.2832,9.7589,32.4713,34.2132,47.2478,41.5308,27.2322,12.2159,27.2417,23.7614,33.0770,47.0440,47.0338,72.2230,45.6194,35.8121,27.6447,37.8804,24.2963,22.1544,6.1295,12.9448,21.9491,17.2007,15.2379,8.8697,10.7821,9.8341,9.4472,8.6700,13.2470,28.0869,16.1426,11.4274,12.0135,21.7195,28.8317,22.8592,25.4739,6.5079,5.8084,25.5858,24.7417,26.3892,12.1198,8.3227,13.5912,14.2692,33.9569,43.4707,74.2385,65.3923,85.1937,78.2450,55.2694,48.2234,32.8087,22.0865,16.9393,16.1847,17.0841,15.5044,13.9138,27.1152,36.1328,69.4779,48.3262,57.5063,13.8902,10.2284,34.8533,41.2627,36.5603,23.6065,25.6599,40.2016,39.0229,34.0736,32.5430,16.6295,22.7715,14.4043,18.0068,15.7312,13.5234,20.8745,23.9128,42.6467,36.3493,38.1711,40.3950,23.3448,25.0209,23.6199,23.4197,52.7255,28.3024,22.2407,16.8697,46.9787,42.6894,43.4990,33.3170,48.5038,48.4991,74.0713,48.5069,44.5136,26.0357,14.0325,9.8674,6.1140,19.1125,27.0822,61.5788,53.4340,70.4815
40243.1000,35254.1000,21412.5000,16128.2000,14617.3000,20195.5000,15531.0000,13941.5000,8948.7100,6380.2200,6005.9800,5181.8700,4803.7500,3483.8700,2829.9400,3008.8300,3049.5900,3190.7100,2304.9900,1759.4300,1554.6200,1483.1700,1458.7200,1420.8000,1099.6400,839.8100,431.7330,719.6300,1032.6900,1111.4300,1347.3600,1581.2700,1181.0800,1221.2600,711.4770,413.2360,277.8300,277.3810,191.9820,300.7060,246.8910,263.2950,267.1070,185.4810,150.6870,143.2710,186.8530,214.4430,230.8500,270.3950,329.0090,424.9990,420.5410,367.1820,411.3830,382.5200,317.7120,321.3510,336.0580,285.3030,231.4650,227.3710,202.5510,166.1370,151.2640,175.9190,148.0350,105.2310,58.1482,40.9202,68.4179,90.0595,87.6621,89.9662,86.8425,80.2947,103.6060,40.0435,57.5564,99.3352,113.3910,169.6880,149.2970,107.2960,55.6088,26.6453,73.0015,62.5115,65.8286,37.7744,23.9660,32.0347,25.8128,96.2261,84.3506,149.9930,88.4148,114.4550,64.6775,72.0638,93.2744,83.9126,148.2010,93.2350,131.2870,47.8869,54.4563,34.7757,11.6446,19.3002,46.8950,46.2310,83.5250,84.6177,80.4662,106.9040,147.5090,135.6830,167.7780,167.3280,118.4400,132.9050,97.9153,64.2933,59.1241,55.3247,45.7556,46.4842,36.6675,22.0447,28.1235,59.8702,72.3523,141.8800,104.3270,141.3470,108.7080,91.6314,97.5533,108.5460,88.7865,80.6108,85.5738,91.2335,68.2894,60.8953,40.8583,43.9557,39.7245,39.6275,13.4263,7.4070,28.8633,21.3147,20.6540,6.2648,15.4284,17.2954,14.2163,11.0586,21.9692,18.1166,21.7295,43.2230,22.4257,36.4952,11.0416,2.7540,11.4071,10.4498,14.8973,30.1798,31.2497,32.7488,21.3214,18.8530,26.5123,28.3758,25.9275,29.0353,29.7219,39.3383,15.1041,12.6478,32.0283,26.3191,43.2600,19.1519,22.3760,22.1114,30.8726,55.4005,39.0795,39.9329,8.6447,21.6299,35.0105,53.5798,19.6315,18.7660,33.0403,31.4196,42.3611,23.5836,13.4088,18.8378,50.6588,43.0250,63.5462,40.7977,35.6934,39.9702,35.1095,34.9539,18.0719,13.3906,5.7659,8.0157,22.5825,16.3734,17.5851,9.6794,26.4382,27.6160,30.3046,24.8532,11.5196,19.5207,27.7833,14.8495,10.4810,8.0596,7.0272,15.9438,19.4587,26.9390,47.4617,26.7846,62.3659,37.0788,57.8782,32.4590,32.7167,20.9435,20.2572,28.6234,21.7786,22.0540,12.3652,17.4943,28.6712,32.1335,19.7756,8.9487,25.4333,70.0539,56.2619,73.7693,35.5430,24.2416,19.8950,36.7767,18.5380,21.4764,15.7691,11.3038,18.9286,27.1947,42.9945,32.0046,32.1317,24.5036,26.0566,27.7485,34.4948,29.7106,24.9805,26.5190,35.2579,34.8763,35.6573,42.9873,59.4551,37.0501,34.5049,8.6142,9.3578,23.1931,25.3143,36.2249,26.2201,9.2269,30.7837,43.1033,27.3874,60.5976,37.4407,50.1753,26.5404,31.4046
40930.4000,36191.8000,21863.3000,16562.6000,15384.3000,21090.6000,16743.0000,14351.0000,9945.3700,7829.6200,7515.7000,6522.8400,5894.3300,4810.8200,4412.3000,4286.7600,4342.8300,4354.2200,3366.4500,2722.0900,2476.2500,2134.8700,1453.4100,1068.9900,843.8190,786.3930,963.5530,1058.9200,872.2040,785.6830,706.6230,885.6880,821.6260,1034.0600,888.4650,746.6650,882.8160,471.3550,599.1100,282.2820,315.8150,236.0970,212.7520,312.2410,267.1840,250.3310,224.1670,140.5840,130.8210,188.1360,204.7910,280.9920,264.2320,213.6940,186.3590,155.9810,175.8790,214.4540,296.9310,260.0920,253.0520,232.1660,234.5330,245.7950,274.0860,306.3880,219.0060,158.1240,133.0510,172.7430,223.6320,170.5660,148.7350,109.9890,87.5219,55.2656,78.1532,107.7930,179.2560,141.6530,98.3311,81.8823,100.9220,136.0530,119.8700,120.3960,122.6730,108.4190,76.3067,60.7203,74.5391,142.0630,169.5490,157.3730,165.8430,141.5820,123.7090,129.4080,87.8907,31.0587,43.5880,68.7555,100.5820,103.7520,73.5143,80.6341,30.9780,21.3310,25.4259,71.7126,60.2009,115.9290,88.0579,108.3030,57.2980,26.2953,42.6657,47.9503,35.4403,57.0567,100.9420,117.1230,128.0810,105.2480,75.8683,73.1696,84.0180,107.6580,109.7140,102.8380,121.1740,108.2250,81.6969,84.8876,43.5856,36.9965,80.5971,45.4995,55.8686,11.5902,32.2653,42.9014,84.1681,42.3974,57.8896,18.3424,18.7007,16.7495,26.1930,39.4757,36.8253,44.5624,65.2013,55.5069,76.4977,18.1713,15.3841,69.6252,66.4584,72.7165,51.5536,55.3560,71.5509,72.5705,48.7861,57.5616,37.2197,55.3283,31.6304,75.1699,51.3784,65.4943,56.7492,63.6961,72.5276,110.7280,86.7455,84.2096,53.6612,24.5556,26.7050,51.9589,80.5109,134.9720,98.6817,109.3870,101.6770,52.8633,124.0110,93.3230,70.1933,34.5136,29.4139,52.3678,22.1172,58.4992,70.0104,79.2894,60.4664,51.5867,30.7325,25.0674,27.1603,29.5751,29.7119,64.9917,60.6827,90.4345,51.9518,36.5762,53.6692,107.9130,125.9980,105.9190,111.1350,59.4507,38.7956,16.0498,25.4591,48.6921,35.5133,54.6887,31.7332,60.1028,32.3453,35.9946,13.3272,41.3309,45.4723,77.3302,51.6038,31.0573,50.8220,56.2314,80.4769,104.7800,101.5860,103.2640,62.4402,118.0300,65.0134,107.1790,46.6888,16.0014,39.1109,41.4389,12.3250,18.2309,63.7229,66.5759,90.1675,124.2370,94.5330,121.1800,40.6318,30.2937,77.5026,55.1663,80.4651,38.6006,43.6745,37.0754,39.3359,85.3122,51.1786,59.8172,11.2970,7.4904,43.9903,35.6928,26.7873,34.5043,58.6572,42.0956,74.2723,26.2121,13.2004,26.4029,25.2492,43.2456,99.9871,64.9700,112.7230,42.8334,35.1772,57.2910,29.7976,24.4004,10.7625,6.2590,9.2572,12.1833,34.6841,51.2291,79.6592,77.2044,74.1794,41.8019,14.4311,15.8830
41252.7000,36507.2000,22123.8000,16741.7000,15121.1000,20588.8000,16156.8000,13899.0000,9539.3700,8037.6400,7989.8500,6900.9700,6441.8800,5030.0400,4177.1600,3783.4900,3715.9000,3305.3500,2196.9300,1739.4700,1578.1200,1738.4200,1849.5900,1717.2300,1595.9500,1427.6200,795.2460,569.0970,683.2520,896.8730,1337.5600,1485.3800,1267.1400,1451.6800,1095.2800,765.7700,630.6570,195.8600,69.7124,134.6610,190.1740,221.4460,285.0940,195.7430,83.4739,171.6790,221.6040,344.7420,266.4720,199.6590,181.9410,58.0161,109.4420,165.1670,131.7930,101.4260,166.9720,254.5180,345.2060,254.9590,228.2680,181.0920,173.9300,181.2860,205.4270,284.2230,209.2840,215.2210,100.1980,48.8365,14.4871,61.3566,95.4306,159.1510,176.7750,200.9820,130.4710,138.6450,64.7719,78.2030,40.2025,98.4661,83.5970,96.5930,78.8956,91.2389,129.5060,130.1310,109.3070,58.8337,121.2600,96.3503,184.3160,193.8470,195.3800,235.6420,155.1690,134.0080,111.6360,119.3510,90.0616,77.5281,80.2689,151.5170,182.1140,194.3900,199.2700,113.7980,97.0539,30.3103,16.3758,16.4667,26.0834,27.7637,20.1223,13.4808,38.0019,50.6836,86.9962,103.3870,103.5560,146.8400,145.6680,122.7830,127.1410,54.0023,28.9721,49.6070,69.5391,100.1440,101.1880,90.0244,101.7300,64.4314,53.2461,56.5082,82.2028,62.7405,32.5153,9.8451,22.4119,33.5268,48.0329,72.5368,62.7691,68.8744,71.4771,69.9196,52.9540,43.8038,60.6593,112.1820,81.5459,80.6619,47.7204,63.8898,60.5588,53.6628,39.2530,52.5386,73.7401,74.8843,81.0550,96.2668,52.7770,32.1282,21.7533,33.0332,41.5033,36.9999,48.6873,48.9719,44.7197,25.4922,40.6536,37.7002,47.1179,16.1290,28.0551,101.6300,75.1096,104.6700,37.7563,28.4713,52.7369,70.9169,76.3230,56.6814,51.0749,51.8190,49.3309,33.7398,31.0298,13.9502,27.2282,33.3403,73.5099,76.0468,73.8412,63.0637,42.1944,37.4169,44.7582,21.0898,26.7054,39.3793,48.3416,74.7763,64.3896,55.8052,48.7423,34.3058,28.1016,24.3624,33.7650,59.8014,50.5042,57.5394,57.5655,70.4939,80.6806,104.6180,73.2013,98.4043,60.9506,74.2922,46.4813,29.6914,14.1353,22.3118,26.9079,42.9226,33.6340,33.3222,37.0854,42.9851,40.4796,48.3348,57.3516,45.7631,68.7149,46.1878,61.8705,50.7787,74.4083,87.9347,84.8707,81.4981,42.0976,21.7940,13.9103,6.5811,16.5402,29.1495,22.9295,21.6703,12.6926,22.8158,32.9638,33.7468,39.1607,47.2325,45.8664,44.5146,45.1819,32.3629,19.8588,23.2603,33.5408,62.1031,35.4103,22.0424,31.0849,55.3768,60.7715,42.0318,47.4727,67.1876,82.3624,64.0384,62.2391,64.8584,58.7130,58.6026,41.1608,17.2348,24.8329,36.3271,70.6171,52.6807,59.7143,68.1135,88.6359,99.8748,120.7610,79.3671,74.8564,64.1118,31.9697,21.7985
41542.8000,36663.8000,22878.7000,17658.5000,15749.3000,20862.0000,15801.6000,14900.8000,9398.6100,6249.4600,5400.4000,4861.1000,4484.7100,2961.9700,2169.1300,2224.8200,2352.0600,2625.9400,2125.1700,1683.2700,1558.6900,1505.1600,1311.2700,975.6880,826.4470,380.8460,213.2760,554.2060,915.1260,1025.8100,1300.5100,1573.4400,1193.3400,1185.5200,989.0390,665.5430,551.8130,281.2700,107.8390,189.0750,265.9820,228.3350,226.4790,280.1510,330.8850,298.8720,307.5450,331.7460,304.7920,284.8010,328.5220,255.1310,188.2400,91.1682,83.5823,111.8760,144.6670,105.6400,91.6440,93.7828,91.1022,78.1724,98.6578,127.3140,191.5790,190.4240,141.8120,106.1940,175.3680,175.6450,354.5630,342.6420,332.8210,371.0240,356.9260,301.0580,332.7380,263.8480,174.4990,136.3720,120.7290,143.5190,99.7362,75.2156,29.2769,37.6642,66.5801,63.2435,54.1974,53.6342,30.2167,21.1469,65.0177,78.6782,98.9775,79.0318,36.1059,31.2364,92.8698,103.5860,114.6240,75.5908,96.8586,128.4850,182.9390,114.1050,120.6130,70.7692,60.1410,68.7697,85.7190,87.0300,103.7350,86.7827,37.9794,11.5593,50.4914,64.4982,89.5795,72.7610,64.6021,31.5491,30.2616,99.9060,81.7884,108.3510,29.7380,12.9267,56.5155,46.7083,47.4583,35.9730,58.9414,52.6520,62.6330,24.9937,24.2374,48.6953,57.9726,66.9129,57.4569,59.4100,89.0266,81.0057,54.2606,23.2391,14.1274,31.0389,29.2290,26.8151,72.8304,86.5296,90.2733,51.6847,48.1325,70.2240,116.6060,92.7838,105.7350,70.8752,36.3818,17.6790,9.8034,5.7575,16.6155,47.1520,40.9141,39.7738,20.3134,27.8065,34.3537,40.1409,28.3449,18.0641,13.0088,8.9714,12.2008,19.0188,18.8386,31.4883,15.2418,18.5922,9.8118,9.8925,11.2527,15.8599,17.1317,14.7861,11.1083,13.6258,17.4455,28.6315,52.2658,36.4982,69.3001,28.3851,28.8411,13.1910,15.1381,23.7478,18.2803,52.4425,69.8252,40.1529,54.8700,40.2020,31.4944,72.3956,47.5491,46.0895,56.8934,48.3892,78.0416,35.3828,56.9878,30.9154,41.8974,48.8346,42.4071,51.7191,21.4110,16.9940,21.7507,33.0021,16.3183,4.7809,9.9961,31.2211,21.3196,19.7312,19.1994,6.7921,7.0231,9.8269,16.0062,28.1163,41.8636,59.8751,67.1630,56.6282,43.4475,39.2101,19.4355,31.6573,23.8076,29.4010,46.0585,43.9903,32.5936,8.4500,18.7444,45.4000,20.1382,15.6644,12.4512,21.7932,37.0525,69.1230,53.7524,80.5603,38.0074,35.2756,57.2474,31.7502,32.7353,16.3307,24.8356,41.0061,48.2104,78.2137,60.1286,53.4713,36.0891,15.1709,28.6529,39.3660,72.3160,73.0808,92.0039,53.1944,47.5080,10.3922,19.5848,37.2781,35.8226,23.6800,40.6601,57.5679,87.7352,66.3872,47.5106,37.6159,57.7164,40.9689,37.5583,12.9083,27.6160,60.4413,44.3079,53.5708
42318.6000,37614.6000,23488.6000,18421.1000,16969.9000,22826.2000,18234.0000,17017.1000,12294.6000,8973.9900,7488.0900,6743.3400,6189.3600,4925.0500,4229.0200,4065.1800,4233.5300,4228.3600,3120.4200,2455.7200,2097.5800,1832.0300,1701.9600,1784.8600,1607.5800,1676.1300,1329.2100,1051.9800,897.3470,871.5590,1086.7900,1411.2900,1189.7700,1236.4400,1056.4100,668.0740,612.7090,172.3440,361.6420,352.9430,459.4960,313.6630,306.9090,159.8220,96.2786,55.4458,80.4787,155.8740,95.0243,134.5410,153.4880,170.3680,274.1570,173.4800,165.1980,67.6207,206.9330,246.5190,387.3670,295.0790,227.3060,132.0370,96.5208,153.4440,151.1760,171.6590,128.7730,73.7169,82.6226,113.9350,179.9820,171.8930,123.5520,106.3590,123.6660,161.7910,111.5250,93.3604,41.7304,95.9454,153.7400,148.5070,167.1500,89.4749,59.6164,55.4036,86.4293,96.5584,69.2682,77.1421,40.3431,78.9434,65.2193,152.0820,128.0300,157.8740,133.2690,89.7131,74.8355,72.2332,56.0578,34.5259,29.1135,52.7133,67.9163,95.5854,83.3634,102.8970,91.8775,75.4890,87.8431,84.6609,65.7506,67.3137,90.4825,108.5220,87.2995,99.4441,78.7216,53.5784,44.5122,42.4369,65.3689,54.7030,52.5887,42.5844,49.5000,43.5826,43.6124,53.5891,90.7817,83.8399,88.6724,78.4634,30.2486,12.2396,61.0919,70.0355,102.8230,82.4074,81.8278,103.2940,137.7130,99.1247,104.0550,62.6860,36.9761,32.1551,38.9063,26.8357,15.3468,41.7838,46.4504,66.3333,42.7088,23.4687,8.3873,24.2645,39.6088,88.5461,66.1747,82.8227,53.5116,36.6981,36.5933,31.0766,18.2013,16.2504,26.1747,26.2759,46.7497,36.2827,52.6279,27.1748,29.3710,16.9618,22.6645,40.0233,29.9875,22.2377,19.9488,24.1299,10.3852,5.5276,23.2715,25.1681,34.1508,15.5054,10.1279,18.5768,25.8554,35.8393,22.8133,19.0427,4.3394,9.4985,26.1923,29.0610,32.1086,37.9443,24.4431,19.0270,13.4914,21.1945,24.4468,24.6972,27.6545,17.3878,25.8246,15.4970,32.5369,18.0570,21.9542,6.1467,18.9433,21.0289,33.6658,9.8501,5.7059,15.4253,33.4233,16.9865,28.1925,12.5423,12.1604,19.2754,20.9624,21.1369,24.3988,35.7573,26.1190,24.8275,8.1067,19.9471,19.4645,35.6922,14.0733,22.5609,22.5569,7.9555,10.5978,42.6141,29.4360,35.4872,18.4412,19.2974,27.6156,16.6659,28.8253,19.9541,18.4241,26.9452,10.6091,16.7151,19.3291,7.4390,6.9399,14.3597,13.6478,13.9847,8.6087,23.7274,30.4649,67.6746,52.3375,67.7848,48.1260,34.4543,22.2280,16.5407,48.3359,64.2432,73.5069,63.5899,33.4561,18.9111,19.5099,30.3291,38.2579,36.5037,43.7009,29.6961,19.3121,20.5473,25.7640,28.4290,32.7313,35.1334,51.0090,39.7558,33.8932,22.1018,7.0764,3.3909,8.2989,11.8100,16.8294,27.2773,21.8798,30.5694
41575.5000,36801.4000,22894.7000,17815.2000,16439.3000,22062.5000,17161.5000,16007.2000,11126.2000,8363.4300,7438.4400,6669.1700,6487.9300,5247.6900,4335.6200,4037.2100,4091.9900,3978.6400,2842.4700,2227.1000,1944.2700,1906.3700,1907.4900,1822.8000,1740.5000,1637.0800,1097.1400,825.0610,797.1060,912.8950,1336.9100,1750.4700,1455.6100,1480.7400,1264.4200,906.5970,725.0250,422.5360,185.2530,399.4910,413.3320,473.7350,392.7550,230.5310,259.8870,114.8370,157.8480,58.4210,24.3771,145.4680,163.3720,263.0180,256.0040,256.1260,239.9290,114.5800,112.2340,146.5180,252.1230,192.5690,152.7230,118.0350,143.6870,192.4990,183.1610,225.4050,155.7710,84.2391,93.8054,145.0380,260.6950,215.6090,187.4390,150.7590,132.1100,122.3670,111.9640,92.6719,77.2704,116.1430,132.4530,155.3020,155.9940,90.0653,61.4631,58.1288,93.6423,98.8920,62.3785,39.0124,26.6210,52.0497,90.4995,106.3470,110.8220,143.1500,110.2340,83.1876,55.6912,12.0464,14.9186,39.4304,61.6583,53.8381,70.2120,37.7104,39.0491,88.9001,70.6355,68.1463,71.9305,96.6747,78.0733,78.0958,96.2086,169.4030,152.0180,172.4390,142.1450,93.8582,74.0696,54.5413,45.5785,55.5950,48.7614,47.3433,37.3871,47.5492,61.4788,66.2995,80.7873,50.2028,38.9829,24.1849,23.8079,45.2327,53.0858,59.1311,50.2572,61.8953,91.0457,115.8100,135.4610,101.2100,94.5827,108.7740,64.3631,45.2681,17.0141,31.7061,49.3107,27.0444,17.2639,11.9918,26.9502,57.2981,64.1119,52.4470,47.3339,48.7219,59.7186,57.1415,61.8507,43.0841,38.4319,45.4983,40.6242,24.5564,4.4667,8.9679,6.8839,17.8825,36.9283,37.0382,29.0663,21.4310,25.0634,21.4595,16.8299,7.1290,9.1445,24.6162,21.7921,31.2381,14.8900,20.5777,11.3563,14.2634,26.5270,32.4137,36.6052,27.0129,34.5733,15.9904,29.3989,17.8262,19.8499,34.0561,38.6979,44.4880,39.4993,26.4059,22.1531,13.2304,21.8667,17.2705,42.8425,25.3749,45.4330,27.3919,16.5066,24.5583,13.2244,12.1644,12.0143,12.2436,10.2040,13.7343,7.4962,9.5433,11.2041,17.3928,10.3637,9.8594,12.4877,19.1114,23.8627,25.1122,41.7585,39.8408,36.2778,44.6898,44.4793,46.9716,50.1718,34.7802,20.3000,9.5560,34.6610,51.4520,75.5740,65.8724,68.1567,41.4987,43.5978,46.1151,32.8532,40.2364,22.1083,25.7108,18.6120,24.7793,25.3511,26.6598,32.7958,40.1861,32.5040,33.1715,23.5452,32.1720,36.2183,39.1510,45.3650,59.8439,51.2111,60.1338,22.9521,13.6695,23.7202,29.9580,43.5697,72.1680,61.3794,82.0405,32.6251,13.9373,5.2514,7.6995,10.4006,38.9654,29.0724,48.3186,20.7293,22.2170,10.4354,10.9234,10.2697,15.0130,44.3662,39.3516,45.3059,25.5879,19.4197,14.0828,9.8013,5.6607,5.9304,10.7196,14.0921,3.4834
41800.8000,36824.4000,22876.6000,17598.2000,15686.6000,21003.6000,16489.0000,15135.5000,10580.7000,8348.8200,7537.2900,6669.9000,5941.4800,3853.5900,2955.5700,2845.1300,2996.7400,3082.7500,2577.6700,2204.7200,2006.1000,2090.7300,2137.6200,1862.4400,1567.3400,1204.8500,633.7620,590.8630,938.0680,1231.4200,1570.8500,1932.7500,1404.2700,1294.9700,965.3340,632.4480,407.0570,159.0710,252.3620,355.8650,582.8810,418.0410,433.4250,256.1050,141.1570,47.1383,169.9640,121.9090,135.5220,170.8450,236.5160,400.5890,553.5410,452.2760,527.4320,301.6100,249.4540,289.6680,421.9700,409.1860,258.5100,172.7660,73.6118,164.9540,262.5100,201.9750,174.5180,57.6579,121.2450,133.2060,141.7060,80.9069,102.9080,111.2510,123.4660,30.6033,43.0616,157.4900,181.2480,218.7170,251.4410,191.7890,194.6390,176.3940,130.6770,121.9440,120.4000,68.0713,72.6245,32.9812,112.6720,106.0030,170.9610,165.0320,144.0780,162.7080,139.1190,104.5400,110.9280,58.6037,42.4473,44.9260,75.2042,131.0750,133.3660,146.7040,157.5650,127.9910,163.4880,124.1110,133.7140,138.0840,104.8320,100.9590,98.5280,62.4727,51.1696,43.4598,47.1280,40.4302,46.7687,59.9689,99.5362,110.5010,110.2800,138.0540,99.8941,85.2041,75.9733,86.9443,73.0645,71.7461,45.6376,28.9361,27.2334,90.3699,76.5323,111.8100,64.8030,36.7847,28.7555,48.2257,97.3578,85.1926,94.2406,63.5819,39.9786,67.6809,95.5379,140.2940,93.4871,111.5190,62.1061,43.1401,28.2208,13.6693,24.3465,37.7591,55.6988,93.2988,87.1756,109.3550,101.5870,60.1925,34.9295,25.2714,49.1858,30.8633,26.5854,28.1847,43.1962,35.6582,43.2959,31.1296,40.3612,32.0269,48.1182,29.6767,42.8045,27.1743,25.3831,25.8865,47.3974,61.7154,87.4938,98.9546,71.5274,68.4374,30.0341,13.9580,49.2846,74.3875,106.5880,96.1604,78.2268,36.6369,68.0801,44.0077,46.1657,48.7555,54.4958,46.4161,49.7350,63.9990,80.1487,59.5751,52.7029,54.7201,70.2363,47.3499,32.4337,7.1401,16.0466,25.4577,43.3317,71.5095,61.8706,68.1562,60.3422,66.0938,66.5474,81.7596,94.6677,72.0557,72.8236,47.7311,27.6093,21.6700,19.8802,22.3414,20.8969,14.6992,35.4205,47.2938,69.1722,38.9898,18.8607,25.0187,49.0165,40.6531,54.7450,33.9863,28.5053,29.9690,49.9672,64.9634,75.3844,100.4890,61.6373,72.4730,21.2184,24.0632,42.7937,16.4298,18.3101,26.4297,20.9519,29.9212,24.9457,21.1128,5.3257,39.6557,50.6590,65.6544,52.1833,53.4087,62.2433,49.0273,48.1916,17.3820,38.2254,83.7688,70.9727,78.0991,30.2137,28.3248,50.3988,66.8193,91.7898,81.8711,72.4701,57.5834,46.1781,48.2148,44.3290,36.3541,29.6398,33.3199,38.7462,36.8559,33.6816,39.6245,35.5154,52.8915,29.7923,39.9018,24.8148,31.8094,38.8220,55.8834
39873.8000,35217.6000,21116.5000,15728.0000,14449.3000,20318.7000,16068.7000,14215.0000,9921.9200,7656.0200,6692.6100,5664.7600,5033.2600,3582.0500,2884.8600,2682.9600,2712.0700,2518.6600,1717.4800,1430.6100,1394.8700,1633.3300,1650.3700,1317.9200,1200.0200,906.6380,520.8630,471.5160,610.9580,843.3270,1270.4400,1703.8200,1328.7500,1459.4300,886.6060,661.5170,572.4930,600.3790,394.1820,262.7110,202.3940,233.4200,218.5040,170.5200,146.5690,143.5160,146.5850,150.0090,177.4940,247.1120,284.1630,260.4300,312.7570,253.5170,203.5650,218.4440,326.1930,419.3000,339.0480,354.4130,320.1530,335.4320,335.1880,422.2630,344.1370,271.8650,209.3780,97.6837,131.7140,156.0630,202.8960,169.1190,135.1700,140.3170,207.5820,159.5940,196.2760,114.6610,106.7300,30.9998,67.2220,39.1347,22.6023,12.2492,40.1306,47.6813,48.5764,63.2586,66.2783,52.6265,58.7539,74.5384,112.6380,141.1250,131.1500,161.6810,87.7566,53.7599,40.4529,64.0615,60.7520,46.6610,62.3544,98.4178,128.7930,109.7820,129.9890,75.4749,75.2595,52.6299,48.5421,66.0543,67.2847,73.4896,88.5664,133.2390,124.0320,124.5160,150.9870,144.1830,112.5620,85.6886,38.3810,77.1456,92.1976,109.0630,99.0687,66.4895,60.2818,69.9430,87.7469,65.3870,55.0693,34.2437,13.4624,23.1831,46.1302,44.0617,54.6290,46.2677,47.7543,49.1309,62.7807,27.9627,15.9551,9.4914,27.4320,14.5881,35.0572,44.1480,52.9118,45.9195,50.9571,65.6774,67.1627,62.8146,71.5157,61.8278,44.6356,47.1863,32.7867,18.2222,13.0085,20.3202,17.3174,41.5446,47.8934,51.8352,32.8195,19.8835,23.1849,23.1177,13.3158,17.9367,28.9775,48.3735,32.0421,30.7498,38.6080,51.0699,43.7170,47.2545,37.2825,30.9894,32.2855,21.6495,9.7758,20.6472,21.6532,27.7257,16.7283,21.0842,28.9635,34.7644,36.4379,31.7969,31.0666,34.5785,29.5822,32.6503,33.2646,45.0750,18.5091,10.6175,25.7053,57.6589,57.5327,75.9057,59.3722,47.7479,22.7252,23.0955,26.3027,41.0171,43.3649,48.1932,30.8560,40.6398,26.1285,45.6815,31.7285,42.4056,29.3510,20.0823,17.9457,10.2534,24.5520,30.8148,54.7083,45.0669,66.4346,52.6219,52.7405,29.8136,43.8498,22.7417,41.7287,27.3211,37.7240,20.6648,43.5266,35.3196,56.4609,46.7445,46.5104,34.8180,29.6339,28.4974,11.1100,7.8416,18.9626,44.1955,53.0275,82.9265,61.3324,54.8845,56.1498,77.5426,69.5368,63.4764,50.6355,16.5581,10.2818,35.4760,38.8976,48.1543,44.8080,49.1863,52.6690,74.1589,60.4866,49.6557,40.7948,19.7526,13.6915,24.8279,31.5767,47.5714,25.7459,16.8265,20.9247,35.6768,33.2660,29.7543,27.2430,19.9586,12.2046,6.1506,19.1866,28.9296,45.4308,42.1840,35.7425,22.2598,2.9462,11.1765,35.4253,21.5503,32.1928,16.5729
40993.5000,36290.9000,21938.0000,16628.8000,15327.7000,21001.1000,16440.2000,14291.6000,9939.8400,8322.3900,7736.8700,6308.2800,5711.4500,4073.7700,3226.5700,2932.7500,2933.7500,2966.1500,2483.5300,2056.0100,1833.3900,1804.6400,1594.5100,1332.6900,1071.0300,847.0770,488.6580,661.0970,1180.5700,1355.6200,1826.6800,1873.9600,1408.1500,1311.1000,1066.5700,983.1710,837.8480,839.9080,479.4340,334.0190,322.3640,369.9070,374.2040,268.2000,206.1030,169.1450,160.2330,204.3990,189.4340,191.0340,159.0180,132.7800,140.5440,170.8720,215.3810,330.0340,257.5610,298.6950,174.6700,114.9780,67.3957,31.2800,31.7154,59.1551,86.4354,149.7780,160.1330,153.8860,129.9390,81.3045,86.9147,79.2056,143.5780,133.1790,176.9070,158.6190,98.2769,56.4173,34.3233,77.8122,123.5010,106.5440,106.7570,106.4090,142.9090,168.8030,189.2400,226.0590,145.7340,117.4160,64.4826,53.0496,86.9618,96.4392,109.2250,127.8060,124.0270,98.4606,96.9619,62.0334,56.0287,65.7291,78.7669,108.8810,129.0640,103.8930,115.3730,93.7940,75.6119,73.9948,87.4763,57.0882,87.2441,53.9201,68.2453,54.3741,60.6305,77.0022,112.9600,80.2003,84.2239,38.8936,16.9291,45.2391,62.5769,99.8232,83.5453,59.3297,9.6380,30.4202,66.6423,59.6666,40.0993,27.3355,40.2961,80.6432,87.2756,88.3983,103.5840,68.5317,54.2436,43.4083,60.7532,54.4251,52.2425,33.3000,8.9622,4.4329,17.3136,15.2149,17.9152,27.9698,47.1684,23.0515,10.4535,36.0771,68.3537,89.9471,76.1672,92.3562,71.1354,56.3138,49.4012,39.1655,30.6499,41.6768,12.6855,25.6891,42.5554,47.6714,59.4158,64.8485,47.9266,53.6547,50.4266,34.6180,33.8049,26.4906,20.2745,17.0100,11.6572,3.4468,7.7411,12.1342,16.5567,24.6558,22.7376,33.0255,35.8510,34.0345,44.5655,31.5986,42.4677,30.8030,25.5298,22.4789,24.1139,24.3359,28.8789,33.9308,17.9427,22.9928,37.8301,38.0864,76.1450,54.2949,49.7367,25.7576,16.8641,27.0538,29.1261,31.0607,35.2719,52.5553,60.8303,65.2460,69.4222,52.0863,45.6182,47.5631,36.5561,26.7471,26.3538,14.7328,16.0649,12.4532,11.8222,19.4214,18.5930,19.2053,49.6529,44.0750,50.0963,34.3287,23.7369,28.8942,19.9910,26.7079,33.4037,33.2722,47.3576,53.0284,49.1872,62.0789,68.1949,47.2970,44.3144,44.0167,43.3480,35.5994,14.0424,33.9166,28.9366,22.1662,9.6755,38.1468,40.2212,58.7220,42.1680,27.7984,19.7266,18.6988,28.3509,27.0942,23.0914,22.9987,43.5882,54.9457,60.4324,44.2272,51.0094,20.4261,35.8937,18.4065,7.1574,12.5843,20.9697,10.6078,11.7549,20.1073,23.0216,15.9590,4.5601,5.7578,8.0469,7.1211,8.7625,23.7045,19.2433,30.3380,11.2155,9.6801,18.1660,42.3789,30.7680,30.8823,21.7279,20.2825,36.7945,20.8391
41044.3000,36717.6000,22135.2000,16860.5000,15443.0000,21212.1000,16676.8000,14844.3000,10302.5000,7834.3300,6795.4000,5860.8300,5100.6300,3227.2000,2343.8500,2152.3600,2141.1800,1808.3300,954.6210,969.6290,1206.4500,1399.8100,1639.3400,1374.8300,996.6650,715.0570,514.9110,829.8130,1235.5900,1267.1300,1669.8600,1436.7700,1039.5300,825.5550,502.0810,550.0120,485.9270,542.1380,208.6250,90.3881,164.9050,222.3400,358.6810,246.2340,271.6880,157.9370,130.2610,137.7270,208.3290,197.4330,179.5370,179.4430,117.8640,92.9799,25.1250,71.1615,166.4330,210.4680,277.9320,268.2160,201.3800,172.5970,146.0400,201.2840,219.9450,334.2560,267.9050,223.4410,123.9620,48.9319,75.4821,158.2550,177.1190,223.3580,273.0030,222.0460,222.9240,166.6660,87.1991,109.4440,127.5150,186.2850,123.6690,96.0559,88.3779,39.8261,94.5806,78.6602,92.5775,61.9109,85.3084,139.5190,161.7760,117.0790,87.0240,91.8846,94.9870,99.6863,14.1148,54.1865,109.7270,108.9190,103.8040,136.1140,137.5480,108.1620,78.2197,49.4769,73.8300,90.6948,102.8940,69.5106,79.7691,101.4270,88.3866,131.4140,90.7467,77.8861,71.9872,86.5725,70.9730,78.7067,51.6881,43.2894,43.4233,63.8038,39.8949,52.9385,30.5863,52.0043,31.6592,51.0502,14.7988,7.6517,27.7763,49.3186,38.3859,26.1794,13.6332,12.9499,17.5718,33.8719,29.3229,37.9290,28.1712,18.2177,28.4207,41.1003,56.9214,82.0638,88.9511,67.8371,72.3576,56.8694,42.9399,30.0470,11.8472,43.6287,45.7237,74.3406,42.3214,37.6189,21.8786,36.0507,53.7245,40.1693,40.5268,46.9946,63.6987,45.5519,32.9350,33.9722,35.8468,25.1269,34.3994,66.4992,60.7155,74.3727,59.1617,34.3455,26.2442,36.8226,61.2902,64.5720,48.4767,50.0128,44.6578,32.5446,28.3947,28.6859,23.6074,32.1400,46.6442,75.9326,63.2027,57.9284,8.8299,18.0831,42.8897,51.3419,51.5204,78.0927,38.4460,33.2645,21.5669,36.0013,35.5022,38.7485,8.4175,24.0715,29.6770,36.4397,28.0301,10.0103,16.3611,62.1370,51.7744,59.3115,27.8435,58.9133,72.6500,94.9538,64.0081,38.0470,38.4536,53.3717,67.2637,38.0751,40.6386,32.4783,32.1061,68.0903,26.7205,17.6814,45.7986,49.0871,68.5664,34.9306,24.5871,4.2479,31.8546,51.8920,95.0873,75.2551,83.0300,61.4238,41.6307,36.1951,38.6967,49.4870,30.3800,17.1433,42.7415,62.2078,115.5350,80.0475,99.5486,61.9742,46.7641,49.8919,31.0482,55.8874,35.0781,47.7988,24.1535,23.1552,6.5177,8.5359,35.2360,35.6620,75.9644,40.7678,57.5716,37.0412,23.7119,55.3595,28.7014,24.6094,20.4659,22.2127,15.0899,20.6552,28.1845,47.7704,20.5927,14.1001,30.6858,38.8816,39.0584,23.4701,14.2517,9.0311,24.4929,62.2702,60.3904,90.2361,43.1424,68.4492,33.1618,39.4604
40807.0000,36385.7000,21729.3000,16452.6000,16004.5000,22151.8000,17711.0000,14979.1000,11047.6000,9713.9500,9401.7600,7931.4900,7539.7200,5519.6500,4326.7600,3992.6500,4034.2800,3803.4200,2484.7800,1844.5600,1513.8100,1463.6800,1454.8300,1497.6700,1345.7000,1284.5100,1189.4100,1207.3000,1110.9900,1139.6500,1264.3200,1282.1200,1040.5400,1062.0200,765.9670,603.9450,583.5100,452.7990,214.3800,96.6821,98.3832,165.4130,332.6820,255.1850,364.1720,172.6880,196.9120,75.1157,166.5070,235.6960,336.1110,278.8910,330.8360,141.9580,91.7432,97.4974,130.1370,194.1270,145.7950,155.4070,93.3118,68.7385,90.1371,135.0060,221.7370,171.6700,176.6710,135.8130,166.7380,154.6040,186.3920,106.7680,106.1250,127.7920,217.5440,154.5340,179.6640,95.8306,73.2778,22.4421,26.0639,32.0064,88.8831,109.9260,180.6250,133.1850,128.6640,114.1790,93.4169,56.7650,48.2976,84.0036,179.8920,234.5880,224.2150,290.4620,227.0170,173.4160,133.5750,110.9570,136.7540,141.7070,163.4590,216.8150,188.5830,201.1110,167.6210,100.6810,83.0077,89.0220,92.5986,71.5499,76.9685,83.2115,59.4752,83.6686,57.7882,54.6172,49.1500,29.9342,33.1307,17.7915,28.0516,15.3630,33.4525,22.7906,21.7320,28.0195,16.8474,37.2195,25.2708,29.6905,17.7770,27.2221,31.9525,59.4689,45.3969,39.6572,33.3636,31.5121,22.1709,21.6451,30.7403,57.7167,40.7307,40.2447,30.4038,59.9646,61.2569,82.0505,69.0834,43.9573,30.6869,8.6486,18.3660,37.3890,26.7380,23.7623,19.8279,29.3350,21.9268,20.9970,52.9954,36.8390,66.4258,34.9258,31.8022,10.0050,12.0433,16.0825,37.7173,34.0060,55.9417,35.7701,42.9616,34.3626,26.3554,28.6952,21.5947,22.4252,42.8311,35.6078,60.0026,29.1873,30.4471,9.9139,23.2581,23.6215,30.6590,18.6918,6.6623,2.2345,1.6530,9.7207,12.9303,12.8898,11.2503,8.3919,14.2110,13.2689,24.9966,15.4476,23.8740,18.7359,21.5814,38.7337,27.3637,53.8766,47.4244,49.2802,71.7401,40.1403,44.1624,12.4358,8.7219,10.0323,19.4012,12.2773,21.0841,17.2629,26.3977,18.3464,17.9395,8.1430,13.7565,40.4610,28.3277,44.2879,16.6766,27.1904,27.0016,30.0777,38.2186,34.4866,24.1652,26.9133,10.6772,17.7773,21.9836,12.9442,26.0720,12.6521,5.9207,2.7988,18.6914,26.1249,33.8495,27.2164,30.3157,20.1320,23.1541,9.9702,28.6617,26.5372,30.8957,45.1928,64.4053,87.6691,119.5950,94.7163,114.3420,67.6995,45.4588,9.2490,29.4636,69.6994,49.5012,43.5832,20.9456,33.0805,71.0204,49.5885,39.2663,33.3129,41.8678,42.6434,33.3311,24.6872,23.1561,48.8499,36.5129,40.6250,12.9369,22.4615,62.8041,47.5965,58.8184,33.4840,25.6308,22.9570,14.6787,20.6590,39.9668,59.2278,70.4005,65.1781,61.5469,40.4909,29.8194,9.2173
41010.3000,36552.7000,21679.0000,16527.9000,16475.7000,22725.2000,18258.2000,15134.4000,11475.8000,10393.6000,10168.6000,8665.7200,8161.9000,6160.5800,5080.0700,4790.6300,4921.3200,4718.0300,3093.3600,2210.3100,1717.4000,1552.8300,1636.4300,1674.3300,1464.7600,1408.0200,1264.4200,1143.6500,968.4910,926.0440,1125.2500,1382.5600,1086.1000,1079.2400,641.4890,470.3190,371.9970,348.2740,198.3710,179.2300,231.3550,243.3620,294.6190,161.7430,180.3260,47.7575,93.7756,126.0260,114.8200,221.1550,243.2360,319.6230,389.4790,288.5240,309.5580,136.1620,98.9325,142.4900,213.8700,227.4420,143.8420,100.9120,56.0294,115.5640,218.9270,206.5460,250.9520,204.4000,156.3580,145.7630,156.9930,149.6140,162.8690,171.1750,224.3980,213.1180,137.2090,99.2669,51.7042,82.3488,117.2430,92.5630,82.7097,87.8559,175.0650,167.0070,172.4180,146.7880,122.3740,90.6505,69.8110,76.5593,159.8900,235.8730,200.9970,245.4780,217.9880,164.0030,143.6770,111.6670,119.2500,112.3030,111.0880,113.9200,115.0000,96.7418,97.8454,45.3647,40.2806,46.2824,85.9086,68.7058,101.3590,93.5015,86.9167,115.5480,78.8979,105.3380,63.6416,57.7941,24.2148,28.0505,25.5909,64.1539,58.8596,101.4160,55.6913,74.4198,39.3219,36.4576,73.4346,62.6951,73.8209,68.6516,41.8484,42.8825,44.9962,45.9197,60.1866,54.9903,45.2984,46.0134,55.9849,44.8062,32.2854,44.9829,64.0248,108.6890,120.6390,112.8910,137.5640,105.2410,76.7749,55.6853,17.0676,22.0515,53.6107,49.4945,67.3922,55.5646,41.3276,47.7552,25.2023,38.2712,23.2674,47.4069,43.1923,46.7469,52.9860,52.9257,54.0558,75.7551,79.1868,59.7465,57.7267,15.6521,8.2014,30.4036,35.0680,47.3747,30.0956,36.9185,16.1501,13.0696,7.3645,14.5910,12.7393,18.0211,26.0324,40.8166,48.4834,82.8956,59.6881,80.3905,50.9780,39.2688,38.3561,38.1176,25.1938,19.2586,8.1710,19.2159,20.3048,34.0654,15.8886,10.3233,10.7391,26.1693,26.5598,25.9668,16.6181,16.2030,8.9782,26.4844,29.9674,31.3834,20.1327,31.7104,61.0476,84.6001,65.0405,35.1151,16.8536,62.3276,43.9540,42.8814,16.9243,37.5339,54.3037,37.9746,36.9473,50.7279,71.6114,58.5598,64.6061,62.5913,42.2114,40.2630,20.3608,15.2490,14.2481,5.5145,25.4252,36.8199,28.3676,21.7207,38.1575,78.1886,85.9903,78.7104,67.7580,47.9667,39.8261,33.1362,9.5592,9.7517,9.2308,2.2010,15.3668,53.0845,43.9420,80.5657,67.0206,77.7740,97.6780,81.5866,101.8660,98.6923,81.1460,87.7064,72.3309,50.1039,41.9219,41.8685,38.4409,33.1312,30.8648,31.8217,33.0372,35.0688,33.8194,35.9457,42.7493,37.9789,48.3158,18.8059,42.2824,42.8000,64.0329,51.3885,59.6621,36.9717,23.6283,20.3530,29.6916,50.5053,44.4752,38.4226,35.3405,37.8961
41158.9000,36889.5000,22225.7000,17122.1000,16769.4000,23172.4000,18862.2000,16621.7000,13116.5000,11236.2000,9432.4600,8490.8600,7078.8700,4588.4300,3703.8400,3526.9300,3595.5300,3232.2600,2253.7300,1880.4900,1752.1500,1720.3900,1580.0100,1658.2400,1441.1100,1393.2100,895.1030,788.6100,1050.0700,1221.2900,1623.3500,1800.7500,1360.7800,1213.5600,901.4840,826.9440,774.4330,778.4820,735.7410,642.0360,577.7810,566.2110,568.8570,417.8310,318.7650,222.1220,189.9750,293.8950,299.0050,426.0760,369.5580,321.6770,304.6340,149.7260,113.3230,55.4261,75.3696,182.0010,159.4820,213.8290,171.3100,140.4370,142.0630,194.6040,250.3920,249.0270,316.0720,238.2850,190.7980,154.6530,104.2540,92.8185,109.0100,129.4680,176.8450,111.0730,108.0940,17.6642,72.6780,88.3426,130.8980,139.9990,134.0410,165.9570,172.3040,154.4410,154.2050,148.7700,102.4590,81.6319,88.4300,116.6390,177.8010,219.4040,204.8320,247.2490,172.3070,115.8560,95.6651,100.6190,108.6490,96.8781,102.1940,138.0790,149.9490,130.5490,141.6080,71.7112,59.9921,40.0015,63.6862,69.3707,99.5771,115.8640,107.6620,146.0910,98.4853,76.9101,60.0533,62.2456,42.4485,37.2339,8.7144,11.5307,22.8377,13.0067,8.8225,15.9818,38.6170,32.4796,30.2101,13.4594,9.4512,21.0321,23.9005,30.4599,44.6783,30.4205,45.5157,14.9116,12.1335,18.5565,26.8310,21.5025,38.5934,14.8818,18.6316,4.5184,4.0339,5.4781,10.7198,10.9936,12.6785,20.9593,24.4782,24.4412,32.9455,25.2738,25.2612,31.9682,32.3543,33.1362,33.6389,17.4180,14.1872,13.1695,13.7366,21.9320,29.2665,23.0798,24.1093,9.1948,17.1574,20.6734,30.3983,15.5338,9.3502,0.8423,2.9842,14.3345,18.4523,32.9235,33.6149,31.0660,39.4995,24.1328,17.5747,15.5370,20.5573,41.5412,23.0024,17.2257,8.4379,14.1234,18.0498,18.4991,20.4435,24.7199,11.6928,7.8064,4.5103,11.8060,5.8924,8.6203,4.4121,12.0548,11.9023,24.3669,14.1966,12.2613,5.3242,12.6453,28.4322,28.2458,43.0329,21.0110,18.1060,7.3411,9.7484,17.1692,16.3293,22.4400,30.1957,47.3104,32.1156,41.0881,11.8666,14.8486,15.8610,12.5064,20.3600,31.2326,60.0131,49.5472,66.0334,44.8920,41.5392,32.5905,28.4435,19.7449,22.4771,13.5639,12.2546,16.4639,20.6273,49.7955,59.2834,85.4080,96.8700,79.6035,89.7213,54.4542,47.6242,42.8302,35.5765,33.2773,27.8631,19.8043,6.4481,23.8316,20.9676,26.4336,22.9835,31.3730,53.1957,54.7534,87.6453,59.2979,64.8844,61.6344,55.7107,58.6751,50.8243,36.6582,31.2554,31.5772,8.1650,6.0671,29.4534,26.5747,21.2363,7.7746,27.5311,31.3237,51.2400,37.9606,33.1574,27.9449,11.3513,12.9408,54.7858,55.1881,90.8931,79.9339,73.8760,66.4859,34.8415,28.0537,24.4654,11.3384
41059.2000,36714.4000,22317.6000,17262.3000,16518.6000,22894.9000,18481.8000,16818.9000,12781.9000,10114.8000,8073.7300,7455.9500,5789.8200,3597.2900,3227.1700,3432.2700,3842.1200,3894.5900,2921.7600,2391.9100,2127.7100,1847.5800,1717.1700,1778.3800,1571.5800,1505.6500,1064.9400,1060.2200,1135.3000,1305.3400,1599.5900,1645.4200,1341.0100,1346.3200,891.1380,623.4240,535.2000,579.3820,541.2790,363.2470,293.1270,195.3520,145.8610,104.6260,110.1400,73.3111,64.3794,198.9140,168.4380,336.3490,270.8170,348.3300,313.9370,212.7580,180.3570,124.4140,194.8600,241.3040,288.2910,324.5700,248.0460,219.8340,235.5020,326.4560,374.0670,372.2140,411.6430,292.2120,225.7430,198.7430,179.0220,145.3170,174.8860,190.9520,260.4160,207.2310,136.7840,97.8426,78.5893,122.6560,150.7310,128.7390,137.5370,121.5690,113.0760,92.0887,78.6829,46.5701,54.1647,70.0613,99.0930,134.3180,219.1680,212.0310,198.9760,207.7460,151.6100,109.2130,71.7626,63.3297,113.5650,107.5400,120.2540,127.3760,111.9900,130.5800,139.0940,96.6254,100.3410,54.7803,56.7851,71.2554,120.9730,114.3760,127.8480,148.4390,113.8390,105.9260,94.8561,86.4126,63.2273,61.0357,22.8134,30.7767,38.7848,38.8080,13.6383,9.1646,29.7879,28.9966,27.7568,23.0627,14.1763,32.4711,43.6898,63.2608,57.9131,42.3393,25.2905,24.6810,19.1793,35.0010,21.6456,15.4473,8.7480,26.4780,28.0998,27.9477,21.4580,23.9843,26.9785,28.7191,33.3864,53.6296,54.1563,59.2714,54.0908,42.0176,40.3862,52.6037,47.3186,33.9048,23.5681,6.5331,13.5260,13.6956,13.4213,23.1119,17.9286,21.7955,22.6243,10.3139,9.4443,11.3310,20.3839,17.1504,18.4142,26.7532,20.0686,27.5717,21.4493,18.2768,21.8198,22.5586,16.6826,15.2512,11.9459,13.9773,14.3868,14.2114,17.2148,9.6021,19.1040,7.6359,5.9764,10.2070,23.3254,11.2455,6.8828,8.1720,25.8340,19.1177,25.7665,19.0536,17.3127,22.3240,25.4199,24.0939,40.3016,34.2510,49.0789,25.3754,27.3679,6.9527,8.9597,12.4464,19.1129,6.8181,7.5903,2.3652,2.0266,5.6979,4.8910,10.0974,12.3199,17.0068,22.7207,22.6025,26.5843,19.4102,15.7667,11.7133,12.1611,11.9599,18.2051,14.5059,25.2269,31.7309,41.9842,36.7812,38.1048,25.4937,22.7185,29.0768,21.5771,20.8994,14.2818,10.2898,11.7464,12.7126,18.3914,18.5186,23.9273,38.3136,42.8407,49.5607,57.0859,35.0131,30.2937,25.2067,47.4596,52.1405,56.8353,53.8736,48.5789,49.9779,62.2022,64.5993,54.5097,60.2944,61.8004,46.5855,40.6402,41.2706,46.2570,39.3525,40.6658,39.6112,27.7891,21.6248,26.9524,48.3936,61.1749,55.4696,45.4452,23.5651,25.2561,40.7817,37.7259,33.6967,20.3250,17.6585,15.1975,19.7147,11.5807,10.7773,29.3840,21.0061,23.9164,21.2486
41324.4000,37012.8000,22507.9000,17460.6000,16655.7000,22911.9000,18581.7000,16721.0000,12874.5000,10585.2000,8719.8100,8005.9100,6463.0700,3965.4200,3315.2100,3447.0600,3820.4200,3884.2100,2891.6000,2348.0500,2067.1000,1806.2100,1687.5200,1787.0900,1563.7400,1488.3500,1114.7400,1175.3700,1347.7800,1482.8100,1869.0500,1833.3800,1451.2700,1392.7300,953.1040,707.3320,592.7910,583.2370,534.5220,425.2250,345.3060,322.7430,222.8850,127.1170,89.1940,117.4840,129.8660,305.1250,258.3840,407.1280,338.6840,351.4700,296.0640,171.1510,100.4660,53.6759,141.9130,200.8820,208.6560,248.5480,207.6310,190.5480,208.3840,286.6820,325.8170,294.3720,303.8130,225.6640,212.9220,219.7620,235.8310,174.3430,157.2510,160.9560,194.8190,153.8800,102.1710,72.5188,73.4981,111.7400,144.7490,140.4280,150.2630,164.2110,140.4570,119.5380,98.0580,51.8674,36.3384,38.0798,69.8016,102.5490,182.4020,198.3710,181.2900,197.4470,128.1960,86.1883,54.1939,60.2435,100.5780,88.8423,93.2097,117.9500,104.8960,127.4480,113.4310,89.2397,92.3108,82.7720,76.8646,90.6365,95.0923,95.6108,111.2970,125.2790,93.3702,88.3392,76.9004,48.9495,36.2279,23.6764,19.4633,12.0878,9.5386,31.4320,33.5774,49.2439,33.5343,23.9136,20.0381,16.8169,13.4502,22.8815,28.5563,33.0805,44.5061,35.5662,28.9678,12.3482,20.2371,49.0377,39.9622,45.0200,19.7997,14.7457,15.9856,14.5157,7.0058,15.5061,17.3254,22.0495,20.4737,24.0087,33.3720,43.8143,63.4328,43.8325,39.2353,32.3538,48.5650,41.8780,46.1131,29.0323,19.1112,17.0094,16.5247,15.5026,14.1607,17.5998,24.2762,31.2939,42.0645,26.5675,30.6828,18.7871,19.6123,18.0823,22.0928,14.6875,13.7000,21.9890,39.4156,39.3426,29.3078,18.7151,11.5652,19.0328,17.2860,20.1468,10.0535,6.9258,5.6341,2.0603,7.8632,9.6080,22.4760,24.9113,36.9411,30.9193,23.1980,15.3041,19.9753,16.1147,23.8672,9.1560,10.8348,6.3331,14.2717,11.0626,22.2307,12.6446,14.3178,6.2164,5.3848,8.4468,11.9544,9.9419,6.4739,9.0855,11.2654,7.7434,8.5849,13.7540,16.6654,29.3840,21.7758,25.5515,16.5893,15.9614,3.1371,8.9053,14.6709,4.6838,3.4906,12.9101,13.5788,13.3714,15.1420,20.2111,43.5753,34.2253,48.2704,32.7483,29.0061,32.2400,25.9810,40.9403,32.4153,42.3597,32.8545,29.1226,36.8182,50.3777,48.6366,64.5719,37.3669,35.8518,19.4759,10.6910,12.3163,23.3374,27.5990,48.7314,55.4678,50.1746,65.2475,35.1201,24.4418,15.9904,32.2933,38.4009,30.5517,29.7743,39.0338,45.6524,40.0887,43.2575,28.9356,21.4697,23.9189,31.0866,43.4048,38.5463,50.8104,47.2572,37.2554,36.4220,21.9058,21.0144,22.8881,15.3435,15.2072,14.9764,16.1884,18.1681,5.0365,6.2321,30.3655,35.9663
41386.7000,36982.4000,22494.4000,17356.6000,16491.1000,22596.5000,18337.8000,16092.6000,12428.3000,10840.2000,9687.1300,8455.1700,7656.3600,5174.3800,3825.1600,3540.4800,3613.3100,3539.0700,2590.5400,2108.9300,1874.8500,1717.4900,1462.9600,1503.6200,1382.8000,1313.9400,1063.6400,1041.4900,1218.9600,1291.6400,1697.0500,1751.4100,1321.0400,1237.7700,804.9760,527.6220,422.5840,385.1640,386.4210,408.2660,382.3810,399.2040,408.6040,204.6900,156.7380,118.0260,160.5590,352.8920,347.1520,424.9710,415.2090,318.4430,298.3130,163.8530,109.8610,71.1228,37.3520,70.9653,83.3392,59.9533,62.2246,54.8471,114.2740,173.5510,215.2970,161.2510,158.5220,113.0500,142.7650,143.5250,179.9030,154.2050,148.1400,152.7930,199.1770,147.2640,95.5010,35.8062,45.2275,95.1047,120.2640,95.4054,91.6097,104.7720,147.7880,116.8040,111.1190,53.5155,47.0813,72.1105,100.7340,131.9770,217.8590,238.9100,206.9420,218.1180,150.2100,100.4370,80.2497,74.2330,81.4677,55.5503,46.3195,39.0272,63.3031,66.1294,85.8015,67.1567,78.0564,70.4587,70.9946,83.8406,69.5600,68.2398,82.4154,104.1260,78.7638,82.5927,62.7556,32.2759,24.2560,21.3909,20.2014,26.9844,21.8272,19.4164,24.5527,31.8685,51.8209,56.6073,51.2081,46.0894,21.3751,27.6799,34.6035,53.7791,41.5108,41.3152,48.0066,36.9384,30.5865,31.3568,51.3515,41.2452,46.8569,17.1757,20.7862,27.0452,31.6178,38.9959,21.9664,35.6079,20.8373,33.4572,27.3670,31.3934,49.0875,54.4252,40.6182,37.8978,35.5458,40.0204,38.2991,49.6740,31.7564,34.4132,22.2041,18.0303,27.1124,22.5141,37.5091,20.6428,24.0000,5.9564,16.3194,23.7615,33.4286,26.8639,27.2646,26.8844,30.5130,31.2076,34.4550,44.5882,37.0195,39.1363,26.5906,29.8208,25.2269,25.1422,8.2409,15.8383,16.1229,9.0694,27.6010,33.5365,33.1683,33.6550,20.4370,10.7835,6.7495,28.6837,25.7443,47.2116,27.0652,24.4908,15.8257,12.6078,15.7961,7.2366,20.7126,13.6693,15.1242,7.4851,11.6399,16.2669,26.2037,10.3541,10.7095,17.2609,13.3786,17.2712,7.1897,13.6546,17.0250,25.5274,27.3734,27.4996,39.3798,40.1745,29.0736,22.9598,19.7905,28.8810,32.5995,29.0027,14.8881,18.3939,38.6194,45.1567,53.0678,22.3237,26.5123,26.4478,20.2658,25.4854,24.5757,39.1616,47.5073,66.5532,47.1965,58.0015,37.9840,32.8235,22.4793,33.2718,51.6423,73.8279,83.7024,63.7613,64.8131,31.0809,24.7590,7.4262,15.6920,30.2421,28.8742,21.7473,17.3207,7.9829,14.5018,12.1954,20.2928,24.2636,17.3567,43.6110,25.3739,11.8143,24.9582,46.0656,51.3540,59.0136,59.8999,39.8733,40.6006,10.1806,4.7218,18.9482,18.2553,12.9286,4.5161,2.8320,6.8638,17.6080,22.7539,28.7368,22.7005,24.2405,29.7407,44.0177
41129.1000,36913.7000,22331.9000,17253.7000,16594.5000,22661.1000,18329.2000,15848.4000,12202.4000,10777.6000,9783.8900,8297.7700,7661.3800,5381.1200,4011.1500,3641.9000,3664.3200,3620.6600,2738.6900,2236.9600,1979.1900,1767.3700,1468.5300,1452.6800,1328.2600,1262.4000,1052.0900,1064.5100,1272.9400,1340.9600,1792.2400,1803.1400,1353.4400,1304.7700,791.7040,473.3880,324.7790,282.0410,331.5940,472.1650,443.0970,492.5510,474.4550,277.1920,215.5360,37.6938,79.7383,273.0330,304.0700,417.6490,418.5510,340.7660,339.9710,193.0290,169.1070,113.6170,58.2927,127.2930,70.3214,101.0710,35.0437,15.1533,77.1108,108.7300,188.3310,136.4320,119.4540,44.6547,115.0310,117.3690,151.3250,88.3428,120.5280,126.8080,200.2410,101.9240,100.2950,38.4377,77.9781,101.2170,118.1800,83.6669,80.1028,102.1670,144.2270,110.1700,114.5340,81.9507,40.6622,53.7729,91.6820,120.8680,194.5930,202.8910,173.6510,194.9550,153.0480,117.2070,96.1577,94.5571,97.9657,104.0050,56.1266,29.7171,74.1475,109.4330,107.0190,101.0180,48.0078,49.6519,66.7413,121.5150,87.3803,70.4004,53.6265,85.6069,85.5589,84.7315,78.4806,49.0218,31.9308,26.4532,36.1242,49.7610,32.6869,23.9257,19.1595,29.1301,61.1818,78.0052,91.0560,95.6517,56.4246,27.0997,59.5909,56.3592,88.6627,59.4168,67.7616,60.2065,59.6290,63.9797,91.5160,62.2870,63.1105,18.7280,19.7072,29.5900,53.2104,21.2906,47.5026,36.5907,28.8997,15.4338,15.3477,20.2389,29.6486,42.6260,40.7513,52.2071,42.2696,44.5170,56.8997,68.5919,44.0881,41.9536,39.3165,27.5623,28.4668,14.7715,19.4725,38.5132,9.4557,6.9996,31.3320,39.7998,20.3337,29.1312,27.3421,26.4056,23.0723,20.3411,23.9775,10.4610,9.6426,23.9277,42.4128,41.3862,29.2860,22.3833,9.5243,12.5784,37.7554,39.5283,48.0747,48.9863,27.8001,16.9697,12.2345,29.2526,44.6715,39.4010,48.8893,35.7638,34.4431,34.0928,25.8611,32.5453,41.9721,35.3141,33.1859,7.1319,8.8804,36.8159,31.1912,38.1067,19.6271,6.2063,23.3700,21.3355,27.5678,21.1883,19.5285,9.7835,4.8955,2.8871,6.5236,13.3237,14.8285,16.9525,7.7862,14.0380,45.0923,45.8401,69.1311,37.5574,32.4431,24.3523,40.9583,39.1089,54.1258,33.4405,39.3612,21.8799,22.4510,6.4287,15.4332,31.0805,38.6411,44.1743,57.2933,74.1041,77.9744,103.4530,57.5199,49.9351,32.3246,44.0097,36.9525,46.4424,22.2037,29.7317,21.8296,36.3282,28.0098,33.7364,26.4199,28.3890,32.7901,43.5820,54.8962,57.3184,71.6168,72.4424,41.7978,23.4711,19.8608,46.4988,43.0477,36.1698,22.0202,14.0862,33.8692,45.7478,44.0895,44.4002,67.0872,83.3139,92.5611,88.5952,60.0868,54.7458,58.7211,26.9240,27.2611,12.9440,16.5239,21.0926,30.6633,54.4603
41061.7000,36575.9000,22341.0000,17310.5000,16402.1000,22464.1000,18128.7000,16192.5000,12336.0000,10314.5000,8726.2300,7750.3800,6463.8900,4166.2200,3332.7600,3336.0000,3636.2200,3841.3500,2995.0500,2410.5500,2103.3900,1795.5900,1581.0800,1608.4000,1448.2300,1365.1300,1171.5000,1264.5100,1363.0700,1513.1000,1848.1600,1717.2800,1383.6700,1369.9200,877.5840,614.0260,484.7900,436.2260,437.9150,459.1840,424.9630,522.3480,445.0140,327.4000,310.0410,127.7610,55.8885,191.4450,243.5150,444.0840,395.8700,398.1700,333.8380,157.9070,72.2396,89.4539,209.8630,261.4400,251.8960,278.8650,164.2220,131.7390,70.8856,101.9640,141.3780,138.0450,108.8100,58.5238,129.1900,142.0360,204.4520,119.2440,99.0196,103.7820,162.7940,103.2220,124.5770,43.8172,97.2547,116.0940,145.8240,105.2930,101.3980,121.8120,163.8770,141.9990,153.8280,88.9708,62.2778,47.3727,16.0576,62.0887,168.8970,181.8650,197.7730,169.1660,101.8930,78.1694,66.0285,74.7019,93.2559,81.0128,82.9370,60.9343,69.4295,84.9572,90.0422,62.7904,38.2783,17.3111,37.5178,50.8886,78.7381,76.4490,88.0266,122.0930,105.1800,100.4110,104.0730,79.2550,67.7445,51.6622,46.2285,32.0120,77.5453,55.5680,59.3092,36.1999,21.5376,24.5559,27.6638,32.0106,11.4614,7.7367,49.0909,50.0306,108.7170,70.5221,92.0871,35.2625,26.3254,30.0011,55.1155,38.2282,32.5872,38.0645,35.2397,43.5650,19.6163,54.4566,36.4357,42.0452,26.6508,31.5996,37.8974,55.2322,49.8446,38.5118,40.4553,59.2534,65.2306,58.9634,55.8627,20.0991,9.6189,27.3682,42.1942,58.4141,39.1609,39.9352,11.2767,7.0518,27.0042,29.1154,36.6028,42.5865,26.7977,27.8502,25.5730,21.9445,44.0366,32.9922,52.2997,30.3150,30.9709,16.2767,9.8862,10.4296,12.1937,20.4816,43.1069,37.4154,48.4151,29.1947,25.3400,16.6439,12.2954,18.2550,7.8970,7.4236,9.5014,6.4371,2.2756,5.1635,8.0188,6.7611,23.4053,31.1073,65.9063,70.9453,95.3551,99.8266,85.0956,80.2575,43.3914,36.2370,16.5102,7.6829,7.8112,11.5996,29.6211,19.7768,26.2327,15.8379,18.2820,32.1701,33.1425,50.5181,36.7217,48.6869,32.3253,29.4050,37.1499,63.2314,51.1301,53.6975,40.5689,39.9679,35.2078,33.8454,13.4967,27.3563,29.1837,30.5324,22.1648,55.2442,50.4897,88.9325,38.4289,45.6399,18.8089,10.9520,13.3993,40.7823,34.4069,40.8633,28.4307,28.6161,39.1424,38.6445,31.9068,32.4801,47.9683,65.6417,65.6603,94.2757,76.1021,68.5552,39.7896,29.4861,36.5566,58.5728,51.5434,35.1168,37.0348,87.0845,79.6848,105.9490,53.7531,40.8482,39.5048,57.7411,30.5434,19.2578,15.4808,25.2169,5.5376,3.5214,19.1346,15.0109,9.2402,21.6264,28.6000,38.0090,58.7912,39.5320,35.8646,13.8214,27.3173,43.4352
41520.5000,37225.7000,22617.2000,17557.0000,16722.9000,22851.0000,18339.3000,16338.7000,12289.4000,10094.7000,8548.6400,7541.3900,6327.6900,4023.0800,3141.5300,3153.6700,3457.1100,3741.1400,3037.1300,2436.5100,2254.3500,2124.6800,1967.3500,1908.7800,1684.9500,1671.0900,1498.1100,1432.8800,1383.1900,1483.2800,1787.3900,1701.8000,1565.8800,1565.9200,1143.8100,853.5350,788.7430,432.4790,230.7340,148.2460,178.0830,280.6350,344.3780,258.2790,307.4410,88.9496,74.9845,249.4990,226.5610,435.5880,291.3240,361.3690,216.1960,169.0680,70.2877,84.2780,72.4812,113.6390,99.1170,102.9420,60.8268,48.3227,14.9388,27.1135,88.6346,100.2920,101.1190,120.3570,202.2630,199.7810,212.9800,181.6170,160.0210,158.2070,161.8270,149.5490,122.0900,104.2930,114.0040,143.1030,222.7790,215.4110,190.2500,168.6690,179.5310,217.8470,216.1330,239.1190,153.1130,95.6781,91.3154,139.2390,254.1050,312.4250,274.9210,311.9850,229.7870,166.6280,146.6040,176.2500,224.7680,143.6950,120.3670,36.5205,79.5233,82.4438,68.0908,16.2664,28.9673,53.6584,29.2814,25.9373,47.0997,50.5673,69.5311,133.6640,133.8850,123.5030,116.1480,126.9370,101.7990,91.1337,63.5410,101.8140,113.1830,130.4620,114.7990,62.6950,44.3669,35.4859,34.8533,11.7237,10.3454,57.4988,72.4937,105.4830,111.9890,87.7498,86.5343,101.8720,123.7590,96.4640,114.8700,37.6220,53.4891,72.8646,75.0024,72.4527,42.1182,58.8622,113.0720,114.8130,144.5100,112.3170,108.4880,142.3110,174.0060,141.8660,139.9390,163.4800,149.0470,117.6620,118.5000,161.0720,145.2460,115.2890,79.4470,106.0750,138.6400,107.4690,90.2787,62.7959,49.6420,37.1825,41.0391,59.2527,72.0679,60.8037,58.8278,83.4920,45.9862,70.2368,27.9495,27.4820,36.7422,39.4611,41.4995,92.8698,44.3296,63.1469,45.6960,39.1314,86.1952,67.5826,57.9135,32.6663,30.0355,45.8027,27.8339,28.8645,36.3338,45.6325,72.1579,53.6856,39.1754,10.6304,12.3949,21.0522,40.4204,64.8849,75.5493,87.3394,68.6900,68.1038,78.1847,78.8643,53.8847,42.7721,36.2072,52.4544,65.5082,56.7324,53.8920,32.2592,40.0765,61.7290,73.8479,107.2340,87.9069,84.0603,69.0616,46.7026,42.0733,47.0440,56.5079,39.1685,27.1870,14.4268,37.9871,91.7667,106.5920,122.2470,133.2150,83.0465,72.5008,43.2552,29.9093,21.1124,22.4704,29.3203,28.9917,30.5986,31.2316,75.8620,79.8196,90.0445,48.0219,11.3719,31.4279,92.2299,69.8560,82.2304,28.3767,13.9259,53.8621,61.0070,99.9651,65.4799,51.6055,20.7175,38.8318,57.7486,43.2698,31.1912,31.7165,42.3578,36.5681,24.4557,21.1181,34.9540,29.4849,27.8128,20.2046,20.2584,17.2529,15.7194,22.4044,43.4869,52.8269,79.9653,99.4010,86.3809,80.9297,45.2706,11.7733,25.2912,50.3090,16.5411,23.3907,29.4623
40654.1000,36266.4000,21456.5000,16173.8000,15869.2000,21711.6000,17280.8000,14011.6000,10020.7000,8651.7400,8870.0100,7897.8900,7337.2400,6115.5400,5447.3200,5076.1300,5191.2800,5106.5100,3743.4700,2816.0000,2229.2900,1681.9000,1701.8000,1770.5100,1587.8800,1555.7300,1744.8100,2004.4500,1789.9600,1782.8700,1786.7700,1704.5700,1405.4100,1410.1200,1178.0800,1110.7300,998.3210,1024.6300,670.4410,500.1640,498.6740,545.6270,603.8150,529.9430,424.2440,401.3290,265.9630,268.3960,403.7900,443.0620,574.2500,438.1710,328.4520,269.1870,171.1500,80.3316,51.9431,105.4380,132.9090,190.1430,143.5450,134.8480,95.9767,181.5890,161.4470,240.5000,173.4020,108.2040,23.2415,88.6997,166.1450,252.9880,217.4560,253.9550,225.3490,148.4280,143.6680,32.6790,88.5817,142.1740,201.4130,178.0040,189.6660,124.4440,100.1590,94.7771,105.2540,129.2100,121.0620,118.4290,92.1879,66.2422,106.4780,126.9680,158.2960,166.3610,105.1320,76.2791,60.9238,115.6020,174.4170,148.1500,179.5050,157.1640,122.9100,149.5680,83.1940,58.5460,16.9011,22.6875,31.8854,29.8478,23.6748,29.1922,36.0217,69.6981,74.0784,83.5730,118.4320,96.4738,110.1030,86.3935,47.1917,29.5941,23.6885,45.1455,73.4450,54.7176,62.5077,17.1925,19.2069,45.9231,45.6757,40.8772,18.6333,15.2347,13.5833,12.0595,16.4813,17.7189,15.9427,25.6543,39.2199,35.8608,18.4481,17.4249,25.1233,37.4621,15.7437,24.6813,36.0387,57.2972,51.9143,46.2981,50.7362,72.2032,70.4041,49.2378,39.0234,43.3298,62.9323,50.4659,47.3164,46.7814,53.1328,44.6730,41.8294,45.5808,32.5087,17.5085,15.4130,29.3479,55.5159,49.3610,42.7491,28.3429,40.8893,28.0478,53.7129,33.5268,27.8324,21.3483,21.0173,26.8169,35.9812,42.9956,50.8748,34.0766,30.0653,31.5611,40.1627,26.8416,21.5885,12.6478,24.9233,29.0443,24.0662,18.0777,18.7097,16.8539,11.3976,15.2506,24.5611,52.6750,30.9253,30.2124,9.7286,12.4506,7.5843,5.1242,13.9127,21.3472,23.2369,16.9671,18.0630,22.7937,15.5510,20.0418,7.2242,6.5477,9.4585,8.8117,18.5712,11.5939,16.1043,7.4316,8.4224,3.5526,4.2805,12.3142,7.3294,11.2758,4.5291,3.2503,2.4748,3.1236,9.7951,11.7187,15.0231,7.6044,8.9425,15.3183,27.3372,16.0129,9.7643,11.5978,10.7605,27.5961,20.7813,34.9517,26.3143,30.5083,29.6483,20.0825,16.1549,5.6820,4.0024,8.0431,15.5231,18.5739,25.9334,40.4778,43.8292,70.0906,66.8546,60.4207,59.0042,46.0678,40.8470,45.4915,32.2344,17.5455,5.2256,15.3452,23.9209,34.0109,39.3189,41.2306,50.6927,49.8714,44.7716,48.5581,50.2803,28.3008,18.2160,9.7744,14.2247,26.7283,39.0766,35.9705,44.5740,19.9489,19.2317,12.2049,13.4149,15.2672,23.3330,21.4410,19.9932,22.7955
41121.8000,36719.4000,21950.5000,16766.4000,16628.9000,22825.2000,18573.6000,15482.0000,12085.2000,10939.9000,10134.1000,8376.4600,7572.8800,5828.8600,4927.8800,4611.0200,4742.3000,4880.2100,4040.9400,3296.0300,2994.0800,2606.1400,2136.1800,1991.5500,1833.0500,1958.8700,1775.9100,1650.7000,1638.3000,1791.4300,2107.7000,1990.7800,1819.7000,1928.3500,1662.0900,1392.0800,1444.3500,1251.9700,769.2650,653.2920,162.9860,140.5640,284.0670,289.6400,254.5250,164.8260,136.6390,313.8760,347.3290,496.1060,438.1050,352.9000,318.7210,142.7260,92.5941,34.5242,80.3404,164.6180,163.3930,240.4890,196.4050,204.5540,224.7850,247.3450,243.3890,291.8880,257.6980,173.6070,147.1130,172.4260,224.2230,152.8980,122.3110,78.4994,118.9580,115.5810,102.6750,31.5930,107.4860,136.4620,216.8650,160.6270,164.8580,151.9130,166.1770,154.6540,182.1020,196.5310,166.2840,171.9980,117.1260,63.8388,53.4729,51.2501,59.0471,81.6580,71.6071,58.7845,60.5568,89.7485,59.8910,53.2400,24.3028,38.5587,91.0837,55.6747,64.5379,23.2426,12.1886,14.5345,25.4543,45.4076,46.9266,87.7772,71.6709,113.4000,84.5497,103.9680,105.0130,79.5181,94.7870,39.7722,52.6228,32.4547,43.2944,36.7860,41.2167,64.6221,56.2964,72.9811,35.2354,18.0862,13.4044,20.0661,10.0185,16.5015,43.0884,36.4009,34.6334,33.1264,53.1440,55.8057,76.6595,59.7296,43.5084,19.8556,17.6864,13.8661,24.0913,18.7858,16.7048,13.6533,18.0313,33.1168,45.2179,57.2305,79.5126,47.5265,45.6767,22.8225,29.6460,20.7889,14.4952,15.8957,44.1884,33.7426,33.2308,32.3767,43.9228,43.7404,36.9833,28.8799,7.8673,9.6751,14.8504,30.5310,31.3080,33.0984,46.8268,47.0950,39.4332,42.8020,64.7991,54.1339,45.4214,15.3813,17.5355,53.9678,40.0065,50.0280,9.0601,10.4312,51.8430,40.6157,58.7840,40.5617,29.4293,25.7501,6.6093,2.9228,6.6263,8.7688,9.2068,9.5288,18.2549,14.7104,2.9287,1.8615,13.4320,18.5129,7.4388,17.2991,23.0783,13.8019,27.1183,15.5381,16.8779,11.1255,16.6621,11.5037,21.1119,35.7532,11.6280,17.5870,38.5099,24.4686,25.5870,11.4227,16.4443,13.7527,15.2000,10.9128,19.8380,23.0091,31.8379,25.7695,25.6075,17.4190,11.5740,10.7980,28.7905,48.8226,50.7432,47.0017,23.6102,13.0008,14.0975,11.4544,5.2812,23.9401,22.5834,27.2852,44.0740,26.0470,43.9025,25.6841,7.1310,14.2423,45.4980,37.2441,49.6389,38.5536,30.0267,27.3634,29.3238,29.6345,31.2677,32.7733,18.8996,14.7883,23.3654,50.3551,58.7973,67.9027,43.8727,36.1936,21.1211,24.1098,52.3576,38.0439,40.4672,43.1377,34.3832,45.4623,31.0336,27.4449,20.9079,20.3827,21.2005,35.0304,21.3417,20.0290,10.0330,31.6495,45.7292,64.6477,45.7800,45.6445,6.8423,4.6553
41198.7000,36803.6000,22361.1000,17268.5000,16485.3000,22726.4000,18265.1000,16319.5000,12264.0000,10104.2000,8673.0400,7716.5900,6838.0400,5053.0500,4110.6200,3775.1400,3790.8000,3683.4000,2575.5000,1876.7100,1503.4300,1501.0600,1734.3600,1582.7300,1519.0900,1432.4700,1270.2500,1113.4200,1028.8100,1107.4100,1389.1000,1424.3700,1473.9300,1599.8300,1246.9200,1100.0100,1119.0700,801.6370,633.3880,510.0370,160.9370,104.7480,288.5340,214.8960,274.4020,109.4690,92.3301,171.8390,238.1360,380.5510,370.9760,421.0290,410.0240,230.3880,165.9840,60.2602,121.2860,161.2990,154.5640,159.8860,164.6440,181.4920,201.3260,248.4370,237.4510,202.9700,210.3570,215.0310,232.4080,217.2090,243.6840,176.6160,143.6210,132.8900,137.9940,108.9940,79.8774,65.4531,82.5068,139.0030,190.5930,163.9320,177.0610,120.2040,115.3740,119.6890,133.8090,96.2700,73.8815,59.1021,37.8157,50.5674,127.8620,172.9870,191.5660,251.0740,201.1350,177.9560,150.3070,104.3980,74.2187,56.5117,60.2571,104.8190,140.4500,117.3630,117.8220,72.4302,68.5501,74.2759,101.4230,77.9990,91.6483,98.5658,76.5559,105.3540,71.8955,60.7604,56.9534,49.7929,34.6976,15.5529,15.8473,54.3129,45.4246,52.4790,22.8556,18.4527,27.3475,38.3051,31.3712,21.8771,19.2101,21.9079,24.5995,30.7191,28.9807,32.7208,31.8466,44.0540,69.0867,58.8337,91.7585,53.5996,71.4369,37.4168,30.1605,17.5928,10.2398,6.4824,7.0536,14.0024,26.2252,38.6576,53.0943,63.0773,78.8295,60.8089,74.3732,44.1431,36.0952,21.3660,14.2486,10.1393,7.1577,8.9911,14.7502,12.7012,8.0390,17.0731,22.9289,37.4684,30.4557,28.6244,30.9635,28.4005,24.7694,26.2622,17.8167,25.2438,20.2989,25.1220,17.6947,11.6728,14.5753,19.6616,24.0564,14.9118,14.4784,6.3958,11.8315,10.2214,14.7659,20.3645,20.0440,21.5445,16.0142,10.1863,14.9873,16.7721,22.1061,11.3032,6.4433,5.3432,8.8993,12.3445,8.6564,10.4122,22.6111,26.1972,33.6204,16.1785,9.0481,7.0454,17.6907,11.0416,15.4926,7.8936,14.3801,8.6904,16.8923,14.2144,18.7341,27.0285,26.9923,23.3491,26.6417,18.1276,17.7204,3.4329,16.1903,22.9843,28.7331,24.9954,26.7388,14.9532,12.9573,8.5004,23.0202,31.3460,59.6195,62.7246,71.0135,81.2061,60.9058,76.9715,53.6798,54.6856,34.3108,30.9303,17.7658,16.9355,22.5393,26.0152,24.5566,18.4021,19.9183,36.1953,37.1101,39.1249,24.5646,30.6967,34.2690,41.1413,45.1647,56.7755,69.1557,78.9960,52.4819,47.4398,41.1455,33.6158,26.1768,26.0960,31.3684,30.2418,16.2706,10.9991,18.9965,36.7295,36.8712,33.6488,32.0292,18.4067,19.1565,17.2721,17.5046,28.8018,32.3084,34.4132,32.7605,19.6444,15.4623,18.3720,16.4142,11.6117,6.3936,12.1892,23.7056,18.0059
41037.3000,36627.4000,22137.2000,16986.6000,16358.8000,22547.4000,18197.8000,15848.4000,12016.1000,10251.0000,9171.1200,7729.2600,7028.2700,4964.6200,3974.8400,3850.0800,4101.3600,4278.4600,3325.8600,2665.2900,2267.6100,1776.8800,1521.8400,1680.8400,1563.2400,1514.7600,1323.0200,1434.2600,1476.0900,1666.5200,1964.9200,1861.9100,1588.1400,1565.4800,1066.9000,841.1310,732.3720,622.8890,317.4730,212.0980,348.2060,488.5090,691.4560,461.8660,470.9240,138.3420,76.0986,238.1130,252.4520,363.1790,349.3310,273.6630,282.6670,114.2070,62.7907,105.8420,193.3230,250.4940,191.1230,204.8430,207.0890,187.8520,197.2970,184.3630,172.5520,170.0080,182.7810,183.0150,175.1350,159.9410,177.0520,146.1260,152.5940,172.5400,220.9100,207.1380,120.6070,80.0386,76.3068,131.4960,123.4560,87.7928,79.2518,117.9750,220.1750,177.1690,225.8060,102.6940,54.4828,52.2222,82.0495,112.9360,167.9930,189.7700,197.1850,237.0130,200.7980,172.3170,170.9960,113.2790,76.2297,57.4309,48.9217,75.1021,115.6830,102.0930,109.3430,38.1302,26.3381,38.2985,91.8135,61.8543,89.2971,81.6051,80.0731,114.7850,106.2450,94.0468,101.3400,92.5626,70.9704,78.8483,30.9526,21.9822,20.4724,9.8884,3.0404,37.8707,50.5885,57.6747,36.6185,27.4235,31.2120,27.5208,18.3400,16.3777,28.1103,36.1042,26.1595,28.7652,44.1572,40.8633,70.9504,51.2971,64.6191,41.2295,29.3785,10.2318,12.4489,10.5065,13.7259,18.9009,17.6977,18.4559,7.9542,20.5778,63.7024,59.4357,83.8710,64.3088,39.6435,13.9985,14.6721,38.8510,29.4299,20.8150,22.8404,37.8766,29.8382,23.7383,33.9591,59.8428,58.5297,46.2636,25.2074,6.8796,13.3270,15.8846,24.1407,7.0180,20.9007,34.5491,17.3786,31.9767,31.8441,22.9818,46.6192,20.2353,18.1136,21.8445,26.1642,54.5656,35.7689,39.7818,10.3205,4.8816,15.4508,21.6356,34.2024,25.3753,39.0132,21.2762,10.0338,12.4193,36.6651,27.9668,51.5769,24.6546,28.5662,10.8447,8.7438,11.4551,8.5171,12.7530,3.6576,5.1184,7.0621,18.0032,13.2082,6.7425,26.0020,26.4348,13.8388,25.4201,19.0908,13.7642,17.7705,18.3148,13.9680,20.9962,22.5845,20.2147,25.8908,51.6197,18.4787,10.4569,40.5724,46.0440,49.9510,44.0498,60.9663,60.5127,74.4489,53.3104,38.3248,10.9014,28.7262,39.2206,79.9228,42.1873,79.5851,45.9983,11.9539,21.2981,92.5947,77.8716,122.8290,89.7850,33.7874,75.8791,95.8280,61.9372,74.2272,41.0255,81.5648,109.1440,168.4700,66.5829,76.9587,104.5730,99.5528,130.8490,176.4420,73.6347,158.8170,133.5180,74.6079,154.8360,121.7380,111.2080,209.9690,87.5176,135.0940,154.0720,80.5182,190.2890,144.3650,139.6160,186.8100,95.1017,204.0060,117.7190,135.6140,185.3030,95.4919,211.8020,135.7040,160.0860,145.2500,75.5757
40842.7000,36309.9000,21727.6000,16533.1000,16213.0000,22239.7000,17798.8000,14861.9000,11033.7000,9842.7500,9489.9100,7985.4000,7170.2000,5417.9100,4602.2700,4385.1800,4587.1700,4778.5000,3957.9100,3121.3200,2746.1700,2099.5400,1506.1200,1474.1900,1367.2200,1330.9200,1219.5200,1318.2900,1422.2700,1538.1500,1954.8600,1887.1900,1501.7000,1517.8100,1007.5500,711.3840,557.5530,362.7730,100.2710,114.2080,453.5460,452.8050,707.3850,437.4010,392.1440,90.2195,139.7060,201.0030,264.8080,238.0590,318.8000,193.1520,216.8520,76.8230,76.1371,94.8299,73.1459,139.4110,87.2024,92.1237,120.7330,122.0690,137.1970,100.9540,85.8554,121.7540,157.0200,200.5790,183.5680,171.7960,179.9590,106.3980,93.8218,101.9060,139.6060,76.1433,37.9873,79.2930,100.1540,139.9760,146.6930,129.1440,136.2650,163.7260,188.3470,170.4900,172.6570,176.6260,130.6870,90.5686,81.8142,129.0340,258.7020,290.3230,300.6390,325.0790,227.6540,203.3270,174.8930,133.4940,133.2820,133.7870,135.2190,90.1123,116.6240,126.4640,170.6640,97.2465,81.0172,72.6500,82.5031,65.5938,69.5306,101.4610,84.3495,126.7400,79.7437,80.7185,58.7341,40.4544,44.2684,36.9875,26.3980,27.4940,33.7558,35.7566,51.0508,54.1481,45.2103,52.7322,29.6150,49.5311,29.7941,57.6530,49.7271,53.0562,39.8298,38.7022,27.8867,41.1270,29.6081,31.9533,44.3735,56.7544,53.1067,43.3421,15.3275,10.3013,13.6794,18.5745,33.2223,16.1494,14.6839,42.0931,43.7697,79.6967,60.0615,63.1429,35.5529,12.4512,37.8906,41.5896,56.0425,54.8760,18.7009,45.1665,35.3396,13.2045,39.7729,36.3731,54.8920,42.4749,45.2630,17.4117,9.9217,11.6025,21.3264,15.0938,9.2545,17.9322,18.1832,32.1399,46.3749,70.6049,46.9302,46.8374,29.4325,41.6541,36.8657,40.5382,27.0896,34.2401,53.7946,42.7606,102.5570,63.3710,123.2930,76.4833,72.1892,52.7301,13.2376,34.6588,31.7161,40.2126,41.2163,62.8875,68.1761,62.2687,44.9166,17.3862,30.1643,38.3323,66.6229,39.1503,31.8032,36.8925,37.1640,54.4170,11.3406,6.5434,44.4271,63.8508,48.2688,52.7776,15.6515,8.4786,3.1853,6.6036,17.7543,30.3788,34.4216,63.9101,46.9088,47.3632,55.7894,76.3389,72.3919,94.6556,72.0533,63.2654,65.0977,70.1066,57.7868,67.5989,35.0464,23.2837,19.0554,31.1520,18.3841,16.8739,53.0344,34.8386,40.5109,15.6696,58.6262,72.4138,150.6120,98.5278,135.1470,58.5440,44.2377,10.0740,17.0591,13.0727,24.0216,14.5081,31.2952,22.5637,43.5213,29.0046,46.8953,32.8466,50.2169,29.2607,44.1541,39.4911,35.2431,84.0042,41.6043,40.3555,16.5510,16.9841,47.4063,37.4951,64.7384,58.5488,64.8764,95.0751,56.4802,64.6247,28.3830,16.8197,53.0669,33.5082,48.9529,35.6946,45.7390,60.9275,53.7159,41.3886
40807.7000,36348.6000,21576.0000,16327.4000,16208.1000,22391.7000,17896.2000,14825.8000,10954.8000,9722.9800,9402.7300,7912.7200,7068.2400,5296.9300,4418.6300,4194.9500,4308.8700,4509.4800,3766.3400,2929.7400,2643.3500,2194.2900,1655.1700,1503.9500,1319.9900,1220.4900,1039.8300,1126.0000,1309.7800,1376.7000,1837.2800,1811.6300,1419.0200,1453.7900,1016.0800,727.5600,619.8180,409.8870,143.9190,90.6638,442.5260,435.7250,655.9070,464.4410,360.8660,115.5920,113.7500,284.3670,378.3600,385.6880,461.7750,277.3960,249.7420,68.9506,63.7447,189.2240,170.5460,237.5580,162.0400,132.0690,109.7640,74.6096,77.5592,90.0880,147.6600,139.5190,115.9720,111.8330,143.7550,134.2790,142.1580,104.2840,101.1080,119.8300,145.3280,135.7620,80.9544,58.1613,53.2605,75.9593,107.8420,97.6988,102.4200,112.9270,159.5570,145.9190,199.3610,141.9790,97.9126,61.8753,60.3078,78.7064,172.0600,202.3940,201.2780,244.0830,198.3680,172.0000,154.9760,109.8370,101.5480,101.7230,105.2140,104.6260,116.2250,135.7220,136.4930,84.8906,79.0682,115.9170,171.7620,135.8880,167.5110,113.7430,102.4410,119.6580,81.0790,72.0660,48.0662,71.8596,72.5642,113.1660,64.1066,66.3425,23.5272,18.0282,27.0082,36.7575,57.7870,54.4946,42.2560,37.7631,12.2960,25.6444,58.4310,65.6568,101.5480,70.1605,51.8753,50.5495,110.7250,80.9415,125.2880,59.3779,71.8221,37.3991,65.6549,49.5636,69.9109,56.3210,43.3928,43.7867,32.4546,35.6815,46.3202,60.2826,64.5251,48.9880,46.6779,53.4963,64.9918,48.9307,42.6045,27.7457,35.8728,32.3266,28.3524,23.1237,33.9187,30.9535,35.2926,42.4805,67.0683,43.2149,35.8814,30.8792,48.7474,27.5209,36.0600,35.4011,28.2115,28.8420,30.9764,48.0032,44.7162,55.2274,64.5813,45.1962,59.1082,12.7335,19.0161,48.8780,29.6134,39.9327,11.0179,5.2309,6.5026,23.2130,29.2448,59.9605,38.4273,40.0367,22.0164,22.8476,19.7680,17.6887,24.0859,45.5525,46.7510,52.5687,35.8204,7.3521,15.0929,34.0279,18.7111,27.3380,18.0842,28.9240,29.0683,54.9745,32.4507,37.8311,12.0620,23.8684,27.7220,39.5671,31.9505,11.7569,20.1672,26.6215,19.3094,46.9022,26.8247,52.0083,45.1241,45.5674,45.2927,28.6750,19.6111,11.2919,20.2777,31.2758,48.7332,59.9705,52.6674,57.9931,36.7160,32.1848,27.1616,24.6086,26.0477,47.4883,48.3672,77.2630,81.4327,83.2851,85.8459,48.3802,32.4741,9.9758,21.5024,44.0621,62.8504,76.2185,100.3760,59.1089,46.2917,40.3963,31.7477,44.4380,29.9224,22.1789,24.5655,20.5629,14.9581,11.9694,24.8597,57.9593,46.5187,62.9298,36.2886,28.7019,25.9651,17.5325,43.9800,32.8642,53.5078,36.4990,14.3296,67.6496,83.5747,91.1868,67.4284,34.8724,20.7314,25.7719,33.2985,28.5047,25.9861,26.1497
41151.9000,36880.9000,22067.3000,16864.5000,16338.6000,22285.6000,17753.8000,14860.7000,10971.4000,9843.4800,9463.9200,7921.6500,7139.0600,5346.0900,4407.0800,4101.4500,4198.6500,4321.1500,3625.8200,2873.0000,2656.2300,2293.9200,1739.5000,1559.9800,1351.4500,1227.4100,987.4120,1052.0000,1275.5300,1349.2500,1828.9600,1890.4900,1450.8500,1466.2500,952.5740,659.9370,524.0420,397.8790,104.2710,102.5820,475.2930,457.0640,667.2400,424.7680,287.9790,73.0867,153.1980,401.1490,415.5930,423.8050,466.3880,298.7300,268.0700,110.4000,88.4972,229.3180,215.3480,293.8250,161.5030,129.6710,103.5470,102.2970,90.4460,115.7870,174.9540,233.6020,190.4580,217.3440,215.8020,175.1100,169.1020,137.6630,154.7220,145.4650,188.6670,121.2450,79.5489,31.8608,43.6197,46.9683,75.9407,88.1362,93.0364,110.1790,145.8490,98.7640,88.3548,33.8943,33.4378,61.1591,93.8341,116.5480,189.6580,189.4390,169.3650,181.3320,150.7550,111.8000,97.1587,86.3850,82.2889,70.3495,73.7175,107.5470,143.4890,105.4000,114.8940,55.7041,37.4434,37.4392,64.8290,82.4435,82.3388,110.6540,78.8786,96.9826,61.3649,60.0421,76.9362,70.1585,67.1793,50.8470,37.7801,39.2951,64.1824,50.4506,66.4445,36.2246,54.0844,16.7217,15.8197,34.3015,33.1229,50.4263,30.6614,31.2427,48.2764,79.2045,67.2762,84.0303,79.1197,70.2863,93.9465,80.9043,62.8992,40.6015,44.7815,29.2343,39.5425,45.9965,50.5525,54.0174,54.7377,41.3892,43.7132,47.6181,54.3410,67.8624,74.3889,93.3309,79.6742,44.9837,31.5281,35.2463,37.1792,22.8311,20.2865,26.6207,24.7128,28.4619,41.6069,50.3529,45.8981,26.7131,25.6798,27.0026,28.0605,26.8155,21.6881,15.9348,13.4302,20.9452,25.0408,23.8818,39.3494,49.0892,66.6636,36.9458,36.1009,14.8654,11.0321,7.2280,17.3457,11.4066,9.4010,12.6962,18.5646,14.4977,10.6306,9.5016,14.3126,17.2248,22.7883,36.7637,23.7625,29.2565,9.9199,5.4914,13.3844,10.7617,11.3729,19.3381,11.3041,22.9781,25.1459,33.3605,31.2927,35.4680,19.4380,22.6452,9.2965,17.0115,36.8296,17.8577,33.7152,33.1170,22.0165,35.6440,14.4223,20.3055,24.8075,40.4011,23.8965,24.4911,16.6998,8.6294,2.6713,11.7063,23.2814,7.4956,10.1323,33.6064,30.8592,47.0546,31.5478,28.8740,35.9746,33.8867,42.3262,28.7124,21.8466,20.2030,35.1173,35.7737,44.7654,25.6217,23.2712,34.3645,47.7068,49.7014,50.9213,51.9660,64.6267,38.2309,29.0917,25.0120,25.7493,18.6439,23.1951,26.6027,18.0879,20.6059,25.8469,25.4072,31.0203,9.9236,7.0772,13.1803,21.2661,26.1821,34.1047,19.0484,15.9298,21.3338,44.6141,33.9654,39.3897,23.4420,20.7017,24.5463,18.8721,19.0543,12.2807,14.5491,16.5887,12.7019,12.9995,3.2486,7.3629,21.5351
41026.9000,36652.9000,21790.9000,16562.2000,16373.3000,22448.9000,17914.0000,14813.6000,10934.9000,9813.8600,9647.8600,8187.5200,7420.5900,5541.2800,4506.8000,4196.3200,4308.0600,4421.9500,3646.4400,2861.4200,2603.6900,2202.2400,1751.0100,1685.5900,1441.5500,1316.4700,942.7720,915.8820,1096.1000,1237.4100,1647.6600,1936.2500,1508.5600,1562.5000,1117.6000,757.2190,621.7970,470.1800,151.2320,73.8038,356.5400,365.1820,592.7540,362.4760,299.7660,61.8425,106.2900,334.3620,359.7060,424.5120,475.2680,325.4030,316.5000,162.6460,106.7250,168.1230,212.8900,310.1350,205.6890,185.9480,132.2990,161.9810,177.3090,202.5150,240.2630,187.4570,173.6110,163.2900,195.7390,168.1350,224.8000,106.3840,64.6066,33.0830,62.8787,55.1833,64.8578,32.4309,72.2206,64.1809,78.1997,69.6818,79.0398,96.2211,153.0720,114.2250,133.0640,52.8517,63.7140,53.9757,126.1510,159.8220,208.8110,252.1620,176.1800,166.1060,148.4340,150.6380,132.2320,143.3390,113.4000,92.0255,90.1042,115.7060,131.5800,121.0850,137.6280,76.7397,60.0432,50.1762,75.2955,72.1627,82.3030,95.2881,77.8745,77.8851,66.5260,80.1577,80.5887,146.2800,95.4047,123.0000,42.5297,50.9605,38.1336,33.2927,41.8105,19.2302,17.3543,45.7201,50.3231,80.9509,46.1206,72.0380,49.7592,75.2101,58.5130,67.5355,45.4928,44.6365,59.9208,50.7849,48.6528,33.4031,18.5919,18.7182,33.5964,47.0306,40.1194,37.9963,10.6102,13.3042,43.4072,49.3087,82.7682,67.4523,53.2715,42.6177,51.9714,61.6002,63.0720,78.3067,74.1932,68.9982,87.1100,57.9500,52.5952,29.9980,9.0331,3.6955,13.5186,25.9326,29.2338,35.3049,18.7739,16.0517,70.1288,65.3559,99.7938,58.2917,42.0123,32.2737,45.1114,52.7696,60.2532,65.6568,92.1786,76.3966,53.7506,39.5817,15.4465,13.6993,35.4117,37.1750,56.4468,24.2437,13.9234,13.6574,28.4623,23.8522,19.2032,8.7198,4.4846,3.6355,4.8779,12.5032,16.8175,28.9581,34.2020,31.8716,42.2949,29.0747,22.2981,17.2213,32.7948,45.3080,39.1645,42.1506,36.3207,29.6404,33.7865,21.2647,15.8454,18.1735,9.4542,12.7938,39.7380,29.0410,37.7340,18.0477,16.5547,19.5436,25.2794,19.4013,15.4082,14.4220,17.0754,22.8515,41.0553,35.1482,51.3720,29.8024,42.5582,37.3720,55.8468,66.8242,54.3220,52.4055,31.4802,41.7175,47.7044,72.3935,54.0069,57.8114,53.2160,39.5490,47.1661,28.5760,26.4076,11.9256,22.4769,52.4971,38.1431,40.4060,17.7599,12.9505,17.5205,24.3372,28.8424,18.9297,17.4575,4.2406,9.1320,12.9684,21.8198,42.6002,38.3726,50.2299,41.0454,33.3061,34.6447,47.4355,42.2870,51.9903,48.5855,52.8653,62.1460,93.9393,61.4870,72.1396,25.7249,18.9877,6.2358,21.5708,24.5631,46.6751,29.4121,30.8731,13.3328,4.4209
41084.3000,36629.7000,21795.9000,16655.5000,16579.6000,22863.3000,18413.9000,15327.6000,11517.3000,10150.4000,9746.7900,8231.8200,7522.4600,5662.9400,4624.2300,4330.5900,4474.1900,4592.7800,3686.1200,2915.2200,2567.3300,2101.8900,1693.7000,1632.8500,1398.3100,1302.6400,933.2140,877.6500,1037.1300,1180.6600,1599.1900,1889.4500,1462.1700,1521.7800,1014.0100,697.0240,578.1820,509.1960,236.8250,102.9480,236.1760,294.3020,536.4780,368.3960,374.9700,158.8340,137.6970,136.3070,254.8100,279.9380,424.8800,292.4430,397.7930,183.5200,185.1130,54.3078,60.3836,164.9300,121.6770,129.3990,108.0540,75.8327,64.0387,68.9582,99.7233,97.0353,95.6124,145.9260,196.1070,259.0010,188.2260,179.5140,195.5500,178.7040,139.9740,85.8735,41.2819,83.3030,86.0482,106.3670,116.9920,105.1020,110.4440,114.5160,120.6840,110.7110,138.0370,94.5659,61.7452,48.1077,61.4073,106.1220,185.9520,255.8810,220.0970,274.7230,259.0650,206.4820,196.9140,190.6730,157.4830,127.1320,129.8450,182.4020,193.1320,178.6640,167.3560,95.0703,78.3402,84.7563,83.9554,67.6575,79.2689,72.0870,75.3781,80.6882,44.8665,18.4740,17.2266,55.3325,38.3711,31.6548,27.4284,63.2823,71.5202,58.0604,23.7139,13.8397,40.7029,46.8256,49.9414,62.2994,64.8912,36.1115,30.8285,40.5632,71.1382,64.6429,47.0489,34.4818,40.2086,52.9399,40.7902,39.4789,28.7943,23.5792,59.6654,44.3069,48.3129,23.5300,22.4607,39.8352,46.6853,60.8551,41.4098,36.8820,35.6755,47.9483,43.7148,51.3404,41.6146,23.6971,17.9016,16.6729,23.6353,26.9902,28.5260,46.7257,27.6799,39.2482,14.7628,8.0624,12.0989,7.9797,10.9243,30.2932,27.8677,52.7477,32.6810,32.3928,25.6478,26.9320,29.4598,19.9815,8.6267,20.9464,21.8735,34.1165,15.6952,1.8886,14.8519,23.3123,15.8243,10.8422,11.7170,20.7956,10.4812,10.6316,4.2750,2.2992,5.0609,4.3790,4.4089,10.3094,33.8620,30.5495,42.8475,8.5880,12.0839,40.9195,46.7331,36.1147,21.0633,6.6284,13.7040,20.8132,20.1667,11.6997,8.4436,10.9905,24.9115,19.1749,17.4015,4.7127,11.1794,22.4394,24.3334,32.0622,23.6555,27.6550,23.8720,26.9485,44.3447,44.4489,53.2762,35.4722,49.0107,18.4070,21.2788,14.7681,29.4467,36.3272,46.9209,44.5944,34.4004,40.2140,25.6337,22.1673,7.2628,3.0208,9.4825,11.3848,26.0750,25.5492,43.5119,42.4026,38.8911,34.8639,28.8402,29.0776,39.3028,23.0746,16.9126,3.3976,5.6233,7.3105,11.2733,10.5587,25.0482,26.5492,41.1061,25.6700,40.7102,18.2252,26.2134,17.9646,20.5072,38.8655,33.7571,45.3159,25.9235,14.3849,24.6339,55.3919,56.9953,65.6835,38.3564,34.6211,41.3738,41.8747,30.4636,13.0534,14.8524,34.2520,35.8284,48.8161,28.2190,40.1900,17.3572,24.8608
41336.6000,36899.0000,22513.6000,17464.5000,16515.2000,22424.4000,18108.2000,15931.8000,12167.3000,10408.6000,9235.0800,7867.6600,7184.2900,5343.9000,4485.3100,4326.2500,4558.4000,4713.9400,3542.3600,2681.1700,2157.4400,1688.6100,1577.4300,1550.0500,1383.6100,1318.6400,1161.2700,1267.5800,1322.1000,1483.1400,1786.9900,1678.8800,1507.9100,1507.4300,1115.6000,868.1590,902.3730,696.3490,451.1320,362.1350,210.2080,246.1420,244.9200,341.0340,219.2120,150.1660,22.4520,99.1810,170.7670,326.7240,352.5930,407.0260,456.1510,303.3230,249.7530,155.2590,251.9360,367.2800,406.7960,499.9880,345.7510,322.2130,280.9310,309.7920,324.4460,436.0790,444.0230,345.0210,342.3050,152.0960,115.7840,33.1396,65.0125,54.2289,102.6450,53.3423,73.6214,48.9632,84.2916,98.3099,132.4570,97.0858,97.1081,62.1414,48.9785,81.7690,93.3114,117.9290,69.9266,55.3886,64.6700,98.7443,191.7390,221.5250,241.5550,225.3030,133.9120,97.8262,58.3999,35.7471,106.6870,152.6630,152.9050,160.0740,181.5470,169.8400,247.7370,138.4440,120.2650,81.7214,134.3210,127.1520,188.1630,126.5950,128.7480,134.6280,93.1944,88.6269,44.2119,33.6091,37.0948,35.2242,23.6023,22.7707,30.3007,30.5700,41.7614,64.9552,90.5067,62.4474,66.4151,16.2160,13.7566,54.1092,73.7319,101.1390,124.9650,82.5105,89.4620,67.0563,51.2657,44.9408,28.0925,33.8574,44.7657,54.7094,36.8526,37.8251,24.3964,37.4891,63.1959,27.9312,65.3376,69.3224,67.1709,95.3024,37.0582,23.2266,42.6529,100.7400,67.2803,100.6280,31.2288,38.6991,16.3910,7.5752,29.9240,38.7190,73.6698,59.3826,78.4047,54.6129,46.2491,17.7004,9.4096,26.9695,47.0554,52.2027,71.3842,54.4235,74.1319,49.6470,77.6400,46.9207,77.1012,27.6912,44.7818,67.6693,38.3773,69.9012,32.1646,35.6957,20.6574,38.9635,24.6891,56.5165,32.6724,31.9681,37.8980,27.2147,34.7296,59.3074,47.6756,82.7387,30.8130,48.3760,72.6280,54.8219,125.4480,72.0820,116.5230,59.9326,69.4228,72.7081,47.6693,82.5306,46.7065,62.1323,27.3949,20.0286,17.4800,28.8167,36.5114,24.7785,61.3953,39.2013,75.0277,50.1749,65.6912,33.2303,24.8768,18.4751,28.8131,15.6300,18.5427,35.5827,79.5253,78.5371,86.3812,87.0917,58.5099,67.4836,30.3636,36.8634,24.4820,29.2723,24.5994,23.7001,49.6153,43.3014,61.5473,31.2024,24.1762,24.1918,25.1412,53.7570,48.4861,65.6881,69.4258,57.2866,70.2167,46.9285,37.9318,38.7731,33.8278,38.4475,19.5161,45.1369,32.8912,51.8511,34.8567,32.7408,25.3035,38.8309,43.4937,63.4083,61.0804,59.8299,75.0868,77.5098,66.3185,87.8378,60.1348,66.4526,48.6092,46.2401,61.9559,56.3059,75.5316,72.2767,59.2346,63.2274,76.2885,56.4871,54.6825,40.9616,33.4042,25.5390,19.3644,4.3143
40816.9000,36615.6000,22202.8000,17162.9000,16326.7000,22551.3000,18201.0000,16384.2000,12299.1000,9764.8700,8227.5100,7463.9000,6542.5700,4663.3200,3926.2300,3806.9100,4090.1700,3943.6800,2521.4300,1867.9600,1315.4300,1240.1000,1462.8500,1358.9600,1345.3800,1165.9300,887.7640,736.2040,659.0810,598.3670,728.6750,849.4460,801.8520,886.6620,543.5230,512.9740,466.4740,345.8660,470.9560,382.9700,343.5330,275.7250,128.9750,91.4454,77.2512,75.7755,43.0407,95.4937,226.1660,303.5040,348.5090,491.5050,505.9430,451.3390,473.8210,354.3760,361.7000,428.2860,629.7790,593.2260,551.8110,567.6520,394.6020,324.4100,285.7840,248.1940,190.7510,201.5970,82.7020,61.0486,67.6228,49.2092,47.7536,23.7475,72.5805,77.6383,116.9610,62.8848,155.8080,117.2980,164.8210,130.0760,164.7690,218.1130,369.1080,455.0800,407.3610,496.2690,433.9570,366.7510,353.5800,369.2250,344.6300,282.2160,266.0400,232.5330,205.7950,184.9880,183.8930,212.0300,247.0960,232.9160,245.6230,297.6210,275.6020,220.0200,208.7430,84.6039,45.3507,22.7394,36.6245,26.7290,44.8902,28.2719,35.8559,25.1535,46.8518,57.2023,78.2543,67.4962,60.1015,72.6630,76.3078,74.3271,75.5852,83.0949,34.3163,26.5258,46.2391,74.8983,70.9806,57.0170,55.3276,69.6905,41.0626,30.1257,28.2212,41.4316,86.2057,60.4440,57.3289,48.6536,62.7618,54.2125,72.3351,43.3597,38.1493,25.6990,15.2405,16.8890,33.3580,40.6486,43.4339,48.8505,70.7288,69.3558,98.0088,67.8465,54.2017,58.9555,96.9300,71.9606,67.7912,23.6225,31.3939,24.4719,40.5234,69.1711,71.5558,109.6310,109.2480,85.5097,86.0520,41.6247,22.4440,20.3129,31.0065,58.7623,35.5958,36.8959,16.1469,17.1199,22.5446,37.6101,28.9104,26.9135,21.0049,27.1493,56.6854,45.5171,44.5901,50.9885,48.8288,39.2566,48.4801,24.3162,40.9778,26.5420,43.0509,29.8409,49.4216,31.3322,51.6648,22.0609,31.9407,14.8069,3.7891,16.4758,16.2236,27.1004,20.7222,34.5060,15.3875,23.1879,11.9879,16.7350,15.5862,25.1354,23.2340,23.9407,12.8836,15.3561,12.6785,18.1672,32.0642,27.2209,34.8945,24.0527,23.6417,27.8798,38.9228,49.2058,44.9114,58.3669,59.4464,42.9980,43.7630,24.4565,17.3896,15.9306,16.5858,16.2085,24.4050,20.0439,26.9960,23.6058,14.7346,8.2517,5.7281,10.2542,20.9738,15.9811,16.4802,7.2825,11.7500,7.7883,10.9633,28.6993,19.5792,27.3595,12.4297,16.0887,22.8726,27.2967,18.8064,15.9044,11.8951,11.4409,15.9449,14.3382,20.3505,15.6183,19.1402,4.1581,2.9789,9.9031,15.5582,9.8438,18.3955,20.3297,29.9442,51.5521,47.9179,54.5271,30.3337,23.3603,31.7110,27.4668,32.1455,7.8434,16.3107,22.5090,12.4700,11.9364,16.1499,34.7629,28.9076,33.7885,25.1161,15.9513
41147.9000,36899.3000,22472.8000,17412.4000,16354.2000,22524.6000,18240.9000,16568.2000,12568.8000,9944.5300,8044.4700,7441.7800,6081.3100,4096.2100,3644.0000,3714.9500,4026.4400,4027.2400,2880.7700,2190.4900,1846.7200,1481.2000,1301.6300,1280.1800,1323.5500,1242.4000,921.6910,756.0590,696.9340,752.5040,1073.0600,1201.8900,1133.2400,1131.6700,601.4320,468.6130,326.7680,303.8260,262.3750,305.5730,175.2990,113.1250,85.3706,142.4400,234.1790,164.1370,138.6340,161.2230,301.1530,486.4540,467.5670,580.3780,515.7220,365.5620,317.9020,327.8020,470.2030,462.4430,563.5220,570.0220,406.7960,412.9200,298.7190,188.4890,144.1100,133.1830,174.5580,141.7410,138.7330,143.3710,220.0760,223.9460,269.8750,286.3010,210.4170,214.7530,168.4760,88.6702,66.8779,23.5719,13.3121,18.1386,34.1809,111.7890,108.8690,178.3830,112.7920,121.4680,46.1298,58.6180,46.0686,69.1497,147.9160,158.2660,231.7100,238.8660,200.3350,228.4340,110.9260,93.9553,50.1454,66.9433,133.4360,119.2720,105.9440,131.1040,139.2020,104.6930,108.1980,103.3550,69.5861,59.9460,24.4233,55.8721,89.8683,107.6680,128.3460,85.5848,93.4578,27.3637,16.3857,55.5389,48.1182,67.4000,38.5453,49.5795,63.0179,107.4700,99.4082,75.4366,71.6629,64.3977,45.5538,39.8739,42.1010,54.1315,66.6032,84.4404,85.3767,107.1950,55.6239,35.5832,12.6906,24.3323,42.1280,37.8197,35.9923,39.9339,49.4789,50.9034,42.6127,32.9332,26.2607,27.8078,66.1844,57.9695,58.4253,28.6376,32.2377,38.5378,33.0489,23.7700,34.5898,49.3065,36.1090,33.4388,26.6345,33.9145,43.9499,50.1655,71.4241,60.5634,61.2785,77.0699,54.4435,52.1001,24.3129,23.5637,23.6071,43.1799,20.0527,29.5583,30.7183,6.1175,16.9831,29.5907,49.4451,24.9051,19.6954,10.7236,16.8798,14.2329,9.8115,23.8864,29.4386,36.9301,43.3272,21.2864,14.5368,23.6335,53.7186,36.8988,40.9554,42.9167,33.0875,44.8621,28.5690,24.6591,26.2396,15.7300,14.5141,12.1197,41.5618,41.8657,71.2017,37.4401,34.4458,5.7860,9.8276,28.7352,24.3084,28.3863,5.6348,6.7542,35.8908,28.0805,43.5542,24.5892,24.2855,12.1557,10.2189,18.1870,30.8601,28.6603,35.3517,25.5066,21.7658,20.9723,23.8451,40.6029,41.1821,52.2058,43.3600,37.1684,38.1950,54.4924,27.1745,32.5134,37.5327,26.6147,52.5187,22.4573,16.6678,29.2648,29.7810,48.0937,33.9122,34.1343,24.8029,24.4005,29.4400,40.7091,58.7623,47.5823,67.3492,39.6206,51.3439,20.1471,42.1435,30.1626,41.9268,28.0108,31.9579,19.0139,10.5931,1.2310,8.3568,12.2272,28.9898,26.4667,48.9839,26.8165,43.1807,17.7485,21.2497,7.3845,5.0273,9.3258,24.3907,18.3249,24.8445,6.2966,4.1520,18.0431,31.6658,25.8112,53.5935,34.3799,68.5572,43.2877
41137.8000,36836.8000,22122.3000,16954.4000,16649.4000,23019.3000,18679.1000,16070.1000,12359.3000,10696.2000,9715.5800,8099.5600,7553.2000,5335.3800,4144.9800,4051.1900,4403.2000,4847.1400,3971.2300,3236.6000,2829.2100,2163.0500,1591.5400,1584.8900,1439.7100,1432.9900,947.7260,862.8780,958.9580,1084.4800,1424.0300,1606.0000,1286.1500,1326.6700,846.8720,550.2160,422.7540,344.6220,277.0470,426.2710,532.0940,621.9670,721.9570,466.3710,418.0590,156.5140,99.1708,255.5860,300.0940,435.4760,442.7170,354.2930,369.7080,133.9120,99.0076,198.4920,179.4580,336.4670,223.1450,239.0950,179.3170,125.1750,118.1260,134.3990,179.8670,149.2680,181.1420,94.3170,72.2380,79.0897,135.7340,97.6314,75.0215,44.6598,73.3627,59.2262,124.5520,79.1056,136.8710,83.7821,90.5358,57.1903,83.6844,94.3461,165.7240,105.3450,131.1640,63.9012,72.6650,76.1066,83.0158,134.5760,95.7330,120.3160,69.3578,41.7316,7.6368,48.8853,72.3801,96.1293,92.5971,108.1030,172.7840,121.2140,159.3740,63.7047,82.8891,38.7011,52.2802,66.6370,58.7345,66.9354,43.9644,88.7759,99.2910,174.3690,145.6460,125.9420,119.7560,87.9691,71.1066,62.7776,26.9400,14.6156,6.3784,4.4135,26.8826,44.6957,66.3200,49.6065,49.3185,19.5323,13.6733,13.0048,48.1569,56.2287,101.0690,83.2320,85.0276,89.2506,82.6131,77.6104,95.2876,61.7843,57.7858,41.5732,21.9600,24.3223,16.5987,29.4140,24.3879,27.7392,18.5842,19.7747,34.8537,45.7611,72.1580,68.9327,68.6121,77.5324,81.0340,64.0200,70.5769,47.2988,44.6247,42.0416,50.9261,19.5417,8.1882,8.9075,5.9835,10.9465,17.9795,31.4324,29.8344,26.1026,31.9703,17.0378,21.7490,26.2207,38.0068,41.5670,32.0839,13.8811,16.5174,25.4154,44.7069,55.6267,43.9287,43.6201,22.7066,7.3666,22.6581,22.2075,3.7072,15.9247,36.9579,26.4356,33.8359,10.1083,4.0983,11.8676,13.4941,18.5736,15.4547,20.5476,33.4842,28.8541,39.1769,22.0345,17.5432,10.2943,10.7106,19.4517,23.3505,18.4973,11.2073,31.7521,49.9308,68.8838,54.0729,43.3889,15.4634,4.1011,18.3073,23.7755,50.3348,34.1253,41.8824,32.7712,12.2021,24.7480,17.3418,19.0485,27.5740,17.9694,28.7078,19.9733,21.2531,58.2722,38.3153,54.6145,28.5836,21.4786,17.7080,10.0553,26.1976,26.1196,34.3353,32.0549,40.1948,70.2658,65.6772,66.2635,42.5868,23.4031,22.9697,30.0782,30.6450,27.4717,29.2164,38.2179,27.6253,24.6207,23.2913,25.4628,21.1282,27.9516,15.0711,19.6633,6.0980,10.8755,18.5696,14.5528,34.9893,22.3738,38.6103,18.2475,15.6174,12.1105,18.8560,12.4942,25.8507,20.9621,8.9829,14.4552,4.9399,7.0191,15.4903,19.3162,21.0859,12.3906,8.9212,14.7520,24.8523,24.7602,22.5660,6.6216,4.5412,21.4870
41116.1000,36918.8000,22003.2000,16743.2000,16231.4000,22233.1000,18005.3000,14864.1000,11069.6000,9734.2700,9569.5200,8156.2200,7373.1600,5477.5800,4403.0800,4117.8000,4147.9800,4379.7200,3895.0400,3258.8000,2966.4600,2738.1600,2004.0900,1579.5100,1327.2200,1196.3600,999.3920,960.1900,1064.4900,1152.9900,1503.8300,1664.7100,1275.8600,1218.8700,824.0980,532.2910,431.9050,406.1530,460.5960,565.2490,575.2370,596.4760,676.6140,487.1540,375.0250,201.9490,95.9882,262.0680,377.0450,398.8960,451.1460,283.8230,242.2450,146.6620,129.4940,256.4050,265.0110,421.3330,285.6050,277.3680,216.5670,148.7040,128.8730,108.0260,132.4090,157.4260,157.0510,170.7480,192.0000,174.2940,197.0420,98.5928,57.7435,135.8180,153.3080,201.8430,92.4555,51.8438,61.5432,84.5244,137.1840,139.5950,140.1820,166.3030,215.2690,187.7020,195.5710,188.6990,126.0000,101.5610,57.9007,27.8308,71.1614,158.0990,150.8170,205.0120,177.3200,132.4930,125.1040,130.2540,126.6030,110.2220,97.7361,92.6421,113.0700,142.3610,160.7780,106.0530,98.7027,86.4785,92.0773,121.7540,126.5840,108.1240,121.6180,153.8270,126.2950,128.7130,109.1970,93.3284,83.1023,97.4287,84.8160,69.0387,65.7162,82.7411,86.9199,67.6095,60.6127,52.9763,40.9947,36.2756,34.1699,37.2934,23.5816,12.6352,25.9309,44.5145,45.1392,43.7173,53.7285,63.3422,69.9443,51.4025,23.1236,49.0278,49.8779,64.3910,38.9948,49.3645,58.7570,78.6391,69.6260,36.6411,24.4879,37.5855,77.1259,84.4880,65.1935,46.9450,35.6551,59.8185,53.1520,63.6867,20.8901,18.1903,31.7369,31.7938,41.7309,31.5221,29.1521,34.2065,55.8445,45.5280,31.5035,10.3420,6.5930,13.6295,12.2532,17.8610,22.1500,20.1882,25.5915,20.9162,51.8896,42.7880,49.9723,17.4944,11.3503,26.3271,45.4512,42.1979,28.8142,12.4458,10.9143,19.6035,25.4778,24.9000,26.5039,31.4735,15.3743,12.3414,18.7427,38.4247,32.8071,34.2317,25.7274,16.5502,14.6772,14.1514,17.6043,19.4930,28.0409,24.4219,19.0760,15.9822,11.1887,6.3275,9.1881,10.1019,14.8156,12.3182,12.5463,36.5192,24.9309,24.3895,11.7492,21.8478,26.9825,27.2861,30.2534,17.6851,19.7742,34.0884,44.7385,63.4748,59.2164,45.8986,43.7216,46.4020,41.9452,64.5975,39.0274,59.4007,33.1511,52.8885,33.3424,48.0575,42.8094,41.0741,49.2650,37.1607,37.4410,38.7681,41.5731,43.9881,58.2332,62.8613,50.3825,53.0068,43.7285,30.3683,27.1050,7.1325,10.2026,39.0401,41.7107,51.6929,44.2328,32.2203,31.1179,41.2089,36.7161,28.7953,24.1967,25.7063,14.5343,13.6129,16.6876,15.0965,23.0595,11.1921,11.4860,16.9032,16.5693,12.8963,4.6475,12.5138,22.7840,35.7079,37.8290,33.8979,24.6535,9.1038,19.0372,24.3012,49.9997,31.0625,37.2366,16.9552
40953.4000,36670.4000,21703.9000,16500.4000,16204.2000,22208.6000,17848.2000,14508.2000,10600.0000,9329.4500,9387.1100,8083.2600,7180.2700,5417.9600,4511.8400,4388.2500,4259.7800,4522.6200,4006.0800,3316.1000,2977.0600,2711.4400,1921.1100,1499.6800,1261.9300,1133.0900,930.4200,939.5940,1141.8500,1271.7000,1628.2900,1834.1200,1390.1600,1325.3500,887.7270,592.0930,530.6720,548.1500,625.7380,593.1380,529.1310,543.8000,603.4700,451.6970,351.0190,179.1470,90.9409,259.0920,345.9430,368.1850,410.9140,259.0720,239.0120,92.2226,38.1918,140.9040,155.7300,280.6140,220.2230,212.3890,207.4560,153.5360,128.4010,85.9897,113.3070,210.4150,202.7710,267.5320,254.3380,209.0780,214.7590,149.6110,150.6370,195.8450,269.6300,304.3440,202.0840,198.9630,72.4799,54.5214,25.9722,49.0946,62.0073,81.7717,126.5100,130.0850,110.7410,110.6460,131.9510,128.5370,109.8750,117.4250,166.7030,224.2050,191.2980,240.7340,163.4350,109.1070,48.5488,18.5299,43.8567,47.3918,65.6995,79.0402,135.8830,87.3939,97.8129,43.0008,28.2212,23.1412,37.3629,47.2336,87.8532,104.0000,112.0040,142.7600,116.4940,114.7570,125.9080,121.5500,97.4035,102.7040,90.3116,94.0672,87.3948,112.0580,50.5004,39.3653,27.5580,26.3202,38.0232,31.2609,35.3489,36.3161,28.0503,37.7784,36.7111,87.7493,68.9886,93.9712,67.8392,57.6035,72.5633,84.8666,60.2377,66.7441,36.9442,31.3580,41.1505,40.7422,35.2614,45.6071,29.0805,15.9367,30.0408,40.1242,61.2304,64.1900,59.1842,73.6840,37.1749,23.7095,20.6204,37.0596,31.2318,19.8700,8.3503,6.1623,18.3677,26.5728,56.9540,47.6058,53.4785,30.3650,17.2852,27.0099,32.0651,44.9369,31.4060,29.2037,23.7794,18.3031,20.9984,24.6082,28.9895,17.5228,12.8047,12.4521,32.7129,50.8156,44.1562,45.6352,33.5019,35.5085,48.2713,54.9788,39.2862,32.5181,38.5489,31.3164,70.5540,51.5942,62.8087,25.0179,13.1940,20.2717,25.4083,41.6230,24.1813,21.6421,9.7877,15.9481,12.2892,11.3650,8.2569,18.7303,16.2875,20.0327,15.1907,15.6130,18.8573,21.0968,19.2865,10.3948,21.9708,11.7300,11.9352,6.0361,9.5156,8.1768,5.7987,16.4879,20.8502,43.8490,51.7518,59.1898,66.0092,42.1875,42.0994,39.7156,26.2559,30.1717,14.4967,13.1329,12.8805,13.6002,18.1788,21.5817,15.6739,14.5281,9.3772,17.3642,17.7820,26.5004,13.7584,17.2990,26.7869,54.7986,49.4585,56.2105,57.4349,39.2060,37.3706,33.2007,24.5305,32.2208,18.5356,42.9550,45.4564,40.5855,24.2939,18.0342,20.1807,12.9124,7.8272,15.8664,24.9026,38.8719,55.4547,44.9819,47.0710,45.8300,56.7934,63.4726,78.7176,51.6498,52.0418,39.6363,26.7147,24.3167,22.4157,22.0059,35.6326,42.0194,59.4693,56.4459,60.1915,30.2251,35.1553,22.1578
40989.5000,36741.3000,21828.5000,16850.3000,16762.2000,22965.6000,18435.8000,15318.8000,11575.9000,10347.5000,9845.8100,8220.5200,7458.8800,5491.4400,4379.9600,4109.0000,4287.1700,4682.6700,4082.1500,3189.6100,2907.5400,2360.9800,1709.3200,1608.0400,1443.9500,1350.2800,1086.7000,1122.5300,1303.5100,1350.0900,1783.0900,1865.3700,1456.7700,1400.5100,940.6130,684.6740,632.7350,661.7450,724.8300,727.4410,685.0250,739.2290,734.0130,520.8370,458.2900,290.2760,163.0630,271.8750,333.7720,469.8810,468.7220,346.7580,380.6350,207.8810,101.0990,122.1770,189.1150,350.7140,260.3950,268.4310,220.6950,154.8210,137.8350,156.4840,242.2530,295.6150,259.9500,311.8070,295.7200,219.8450,204.2350,105.7930,120.9330,160.6590,193.7090,180.1900,89.9324,51.4293,55.1129,57.6179,104.4220,87.5253,71.6780,68.2517,92.4755,101.0370,88.9170,90.9508,88.3340,85.9804,103.8940,134.6840,216.3010,223.5300,218.6180,257.8520,213.2000,173.0650,137.8830,79.4017,70.1891,61.6685,40.3411,34.4333,87.7003,72.8414,90.0954,49.1767,39.7980,41.3386,67.2048,46.8828,63.2808,57.5593,63.3741,109.2610,89.9224,100.9180,87.7641,81.5381,80.8836,94.3979,81.9049,78.0253,90.9171,89.9966,45.1101,26.1182,22.5351,51.2954,70.4285,61.6311,84.3092,74.8411,64.8311,60.0095,48.6854,37.4410,41.6778,28.2757,34.2444,41.3729,73.6700,46.1257,48.6207,16.4409,11.7906,12.1216,36.2947,46.2023,79.0051,72.5288,80.6873,42.6765,40.7607,55.7484,83.2541,60.8638,56.3802,59.6613,54.9213,35.2200,30.1169,35.8801,42.8811,26.7630,16.1284,10.0825,5.3617,20.8263,37.8074,37.6993,32.7281,33.5197,48.9549,31.6622,27.2569,10.6168,26.0231,18.1626,6.8292,29.5104,25.5145,9.9213,18.3176,60.9299,60.6198,85.2559,52.4512,46.3936,22.7813,18.5756,31.8339,27.3260,23.5848,19.3262,42.6427,34.6714,40.4064,19.6300,30.5522,33.6018,58.9358,35.6815,39.6230,20.7322,14.7254,13.6121,15.2821,17.6686,28.4970,38.1820,58.1284,42.1251,51.0981,29.0603,23.1732,14.0335,4.7955,13.9569,13.6924,21.6252,7.3733,11.5096,18.8034,52.0058,34.6225,63.2751,34.3775,38.0773,23.8683,19.1687,23.1783,6.9215,19.6510,31.5840,48.3582,46.8595,57.6545,32.2414,27.1256,29.8722,55.4267,44.4679,66.5376,35.2617,47.9354,17.0446,20.3500,7.0892,8.8043,36.3516,41.1239,89.4231,71.4439,83.3767,73.4958,55.1885,56.8148,46.0122,28.2093,20.2552,15.7130,19.7538,38.1230,39.5647,46.0622,27.0668,10.7659,30.9382,36.1364,59.1082,38.2221,33.2372,18.6136,17.2565,19.9908,36.1642,40.4136,34.1335,32.5816,33.4984,38.2113,37.4301,42.1169,35.8617,32.9996,33.3861,46.9567,40.9104,35.6506,28.9089,12.3919,9.6649,8.1908,14.9469,19.9594,33.1950,30.2268,19.8271
40862.4000,36870.5000,21999.4000,16961.7000,16830.4000,23155.6000,18930.0000,15890.9000,12360.1000,10873.7000,10097.6000,8370.2700,7727.9300,5607.0500,4502.2900,4348.3100,4656.9400,5096.3400,4315.9500,3443.4500,3055.6200,2380.8200,1796.1500,1754.6100,1564.5500,1524.0400,1217.2500,1284.6700,1382.4900,1583.7600,1907.1300,1863.5800,1509.3100,1489.7600,1004.6900,851.2980,817.2940,906.9010,922.1780,797.3620,733.2210,800.0570,771.8160,622.6680,628.2700,403.7590,198.6000,205.6850,261.7900,404.3800,422.2480,345.0370,385.7570,208.5840,124.6300,184.7150,260.0570,363.1990,257.6060,238.3580,216.7720,215.3550,206.8480,225.2890,297.2260,300.4530,273.0760,284.1440,234.0280,168.1170,151.3910,71.5234,99.0418,118.7100,142.2710,106.5170,46.8521,17.5056,40.5505,61.3553,107.4630,105.9390,95.3844,106.6120,118.1830,93.1147,92.8146,42.6734,18.1293,49.9521,100.1480,118.8780,193.1770,219.5050,195.1490,229.1500,183.3100,134.3460,132.3940,95.0228,70.1894,67.2156,73.5688,93.8297,114.0290,95.7942,109.8350,55.6460,40.7149,39.2236,58.4522,48.5391,59.6256,100.2820,84.7513,145.9950,94.2390,87.9964,74.2136,95.5860,79.9525,94.9402,33.6893,23.5771,26.7011,58.6894,24.6743,43.3853,35.4163,32.2486,27.2317,26.6370,20.4901,19.2839,5.5482,32.1594,38.2917,69.6011,59.1703,77.3461,71.8576,51.6804,51.2123,48.0386,40.3988,32.2866,25.0467,39.8340,67.9063,47.9186,48.1364,30.5853,24.2434,13.4783,30.2158,45.3129,88.6230,62.6716,55.4260,33.2522,46.4240,55.1625,53.2212,40.5854,20.8604,29.1852,31.8717,44.3121,44.7462,27.6237,19.8035,9.0818,24.8179,20.5711,27.0289,6.6606,16.2639,27.1416,19.0540,45.5462,27.7008,50.9373,34.0345,34.2090,38.3784,41.6974,59.2818,44.2803,27.1025,18.1099,23.6568,27.1661,18.4418,23.5577,29.7136,44.6112,32.3832,26.2599,16.3161,11.8190,15.9163,14.5665,16.3723,22.4830,32.9608,25.7567,31.6177,15.6738,18.3195,11.8483,13.6031,11.8805,9.9649,12.4548,21.6741,27.4483,27.6122,28.5076,23.3561,17.5628,26.8383,21.8306,22.3141,20.2713,12.9331,9.9451,7.8843,8.4019,19.1823,24.7313,33.6158,28.2933,24.6987,21.4432,20.6416,28.0935,39.1701,34.1652,42.6688,43.4211,35.0038,39.8750,20.4357,15.2084,17.1779,13.4900,36.9196,27.6425,52.3373,36.1977,44.0111,31.0259,25.8407,23.7756,33.0546,44.0729,49.8713,47.7217,27.3755,27.2110,35.6381,53.3812,41.7468,42.5089,37.2097,21.4604,21.7188,7.2397,10.9756,16.5580,17.3126,18.4301,26.2639,29.1303,18.4851,3.0110,21.7895,47.3262,51.0302,50.4111,35.1504,17.3593,23.5162,26.9598,36.1908,38.7458,38.5015,48.4786,43.8170,28.1484,23.3131,14.4852,20.6915,16.5214,39.9796,26.3019,25.7102,23.5186,27.3377,20.6534
40857.9000,36715.0000,21814.7000,16779.7000,16672.6000,23045.3000,18786.3000,15635.4000,11988.8000,10549.2000,9958.5200,8293.1300,7542.1300,5486.2800,4456.3000,4332.3900,4556.4700,5025.0400,4368.6000,3467.8800,3171.9500,2576.9900,1848.4800,1649.5900,1444.6300,1409.8800,1008.1600,944.5540,1123.2700,1242.1300,1683.1100,1800.8000,1442.7700,1426.9500,1022.4200,848.6470,788.5840,882.4200,797.7670,573.1410,531.9150,626.3800,833.7060,652.6570,707.7740,387.4880,170.1710,116.9960,237.1970,387.5400,436.9060,315.8250,331.7090,150.7440,95.0231,185.8160,252.4660,376.1790,265.1190,256.4220,167.9970,162.9890,186.1670,221.2590,286.8230,244.2700,228.2800,219.9200,220.3220,179.2510,171.7030,99.4274,102.3830,112.7840,123.1610,74.5616,26.0273,47.6546,114.9640,126.2100,187.7430,163.2450,133.3230,132.6770,177.9040,166.7130,138.8300,112.3000,94.6944,97.5886,108.6000,128.4640,175.1520,171.8860,159.0330,183.6240,204.3000,138.5250,115.1190,94.6198,116.9310,91.0215,86.0909,96.3188,131.6000,87.3130,84.3893,28.9304,53.4934,63.7718,97.1918,82.7620,82.4914,98.6426,76.8565,110.3500,74.3981,72.0660,65.2523,69.4566,59.2896,67.1943,39.1528,30.0156,30.8710,41.8583,25.8506,24.9197,33.0484,49.0572,64.7189,48.2683,28.8462,9.9643,7.8170,15.7617,28.3785,80.7692,65.1011,86.9512,46.6501,42.3918,55.4521,74.9048,59.0575,61.3525,51.9775,26.7594,54.6828,20.4167,16.8058,30.5473,24.1186,37.5885,56.2248,53.0766,67.1790,56.1099,48.8625,47.7965,56.8907,40.0554,27.8079,15.8891,25.6212,36.7201,75.9203,51.0267,48.1106,11.8067,24.6208,28.7959,31.1471,35.0828,53.1281,43.6497,48.4937,43.5916,24.0358,26.6854,29.3925,20.5039,23.0547,30.4171,72.4708,57.5656,82.2329,36.2148,19.5598,23.4326,33.6782,43.4210,25.1978,20.3859,24.4278,40.6161,32.1766,27.4047,23.5122,31.7894,24.6905,29.4445,12.9550,15.5840,20.6593,35.0048,31.4564,37.1165,51.1436,33.5882,39.2002,10.0510,18.4460,55.7703,60.4502,79.6125,54.6499,54.1665,40.6831,26.7277,41.1661,21.8172,20.9621,5.7355,2.2616,5.3658,5.7075,4.3868,6.0400,13.1728,36.2017,29.6335,47.2298,20.4380,18.7270,11.5764,5.4107,7.0043,16.5736,47.0535,42.9334,65.5978,44.6650,41.9619,41.4639,34.0452,26.7765,10.0389,9.8020,28.4524,21.0885,17.7856,27.9493,55.8760,69.5237,60.9493,66.0907,77.3084,69.1122,86.1594,63.0123,36.8247,35.0810,50.3832,94.7286,92.5383,108.8490,100.7500,62.7086,51.3774,17.0993,6.9520,8.8542,14.8878,15.2593,9.3133,7.3210,22.5108,33.1637,39.7228,51.2592,37.0007,49.3576,23.4026,29.5408,8.2602,5.4622,8.8273,9.6269,15.3953,13.0224,20.3130,11.0837,12.8343,9.0832,2.6754,6.6186,10.5378,13.5136,2.3600
40580.6000,36456.0000,21476.4000,16674.9000,16613.9000,22947.8000,18620.6000,15232.3000,11603.1000,10265.1000,9857.5400,8294.1400,7464.2500,5492.5700,4378.5800,4190.4500,4231.1200,4648.0100,4172.3600,3376.4100,3139.6300,2778.4400,1975.4500,1666.0100,1450.6900,1445.4300,1076.9200,905.3370,999.6860,1104.0300,1522.8200,1707.9800,1371.6300,1377.0400,972.9190,781.4980,717.8960,816.7020,690.7770,442.8090,369.9710,415.2950,636.0240,525.2090,566.0820,373.0670,144.1330,61.9509,199.3020,263.6200,361.8510,268.9470,274.9590,149.6640,96.8054,202.1350,245.8310,371.9730,249.9200,232.9290,190.8480,196.9200,183.5640,194.2680,222.7660,228.6330,213.4440,245.4700,256.7530,199.3580,188.2170,97.5818,103.2780,125.2160,120.4040,84.0922,54.6052,75.2345,87.9211,102.3330,128.2980,116.6530,105.8930,111.3630,144.5830,136.8640,101.8630,84.8878,68.3066,61.1857,84.3203,123.0810,162.5130,232.5470,193.4610,203.5000,180.7570,104.6490,73.5432,60.4399,91.0188,111.7080,100.2380,107.5560,134.5640,95.1043,92.3121,42.9825,54.9488,61.2433,103.3310,79.8514,80.1746,94.9493,74.4375,107.1710,68.2544,62.2745,21.2824,9.5484,24.1050,24.0667,31.9746,52.8679,48.4073,73.1273,36.4282,43.7789,20.3080,36.9464,45.9557,62.5084,48.7602,59.6783,51.5520,35.3620,30.4922,37.4074,30.5272,43.9049,52.0356,67.5752,85.0566,106.8890,60.5088,54.2364,16.1843,12.0659,25.4548,23.2957,29.0554,35.1518,27.4904,15.4165,33.9793,37.1354,50.6723,35.1472,26.9834,27.7170,24.1436,16.6926,18.3035,21.5549,30.5904,38.4777,29.2502,36.7610,19.4150,20.7354,34.2707,28.0140,23.9017,21.4084,20.5183,12.3918,8.8860,9.6772,14.0930,22.4780,16.8130,21.7137,26.3252,37.5396,31.5618,24.5919,25.8251,22.6578,8.3577,10.2652,20.9661,29.2700,32.5674,26.8411,30.5025,26.7282,21.3585,6.5089,24.5273,27.5181,29.6344,23.1883,27.3735,27.2676,24.7262,54.0369,28.3878,57.7029,46.1493,35.6683,37.1599,6.6087,4.4542,18.1576,21.3684,8.5393,19.2001,32.7509,31.6699,34.1113,37.5574,23.5796,28.5619,16.6077,21.1922,32.3073,28.6758,25.8107,11.7747,4.0316,7.8796,8.9474,10.5734,13.3115,11.6492,20.6090,25.3097,35.7929,26.7586,24.1471,29.1999,47.8077,31.0934,29.4190,24.4885,39.8001,49.1518,46.0788,34.5325,5.6627,2.2293,10.2153,28.4790,24.2008,38.1719,54.5995,57.8431,96.9262,59.9848,53.3291,32.3005,40.3482,32.7668,11.1464,19.9531,54.2062,34.2608,40.8994,24.5998,35.0213,58.1812,27.9648,32.3457,34.1176,28.7747,14.4814,39.2391,51.1049,34.1774,49.7272,20.0526,13.7706,9.3853,25.2502,31.2939,57.8917,50.4498,54.9503,41.1203,47.6234,57.1379,91.8709,64.2915,65.0269,25.4472,17.6516,25.7254,42.6021,35.2004,43.4602
40638.2000,36550.8000,21518.3000,16667.7000,16611.1000,22996.8000,18720.5000,15325.5000,11788.4000,10419.6000,9912.1700,8324.5000,7517.8500,5487.3000,4332.2800,4264.8200,4317.0800,4852.7700,4335.1200,3444.3500,3253.2200,2790.4600,1912.8700,1628.1500,1405.7000,1383.4600,992.9250,913.0100,1072.5200,1165.6100,1596.3600,1786.6600,1427.8500,1428.4300,1020.2100,810.0740,712.7340,770.7200,623.5070,448.9740,462.6770,544.8580,765.6000,613.4800,596.0310,410.6020,154.6290,110.6560,223.9820,296.1130,393.3940,272.8920,246.8880,104.4950,108.0030,311.5230,305.1450,439.9670,339.4180,268.7560,270.1130,280.5410,248.8450,269.0590,314.5420,308.0440,262.9570,286.5740,256.1980,192.3710,161.3520,83.5968,103.5790,174.9150,149.4040,155.6810,120.0870,115.2760,114.1290,125.9050,161.2220,160.1160,130.4850,126.5040,155.6220,175.1530,135.1410,115.5230,66.6642,66.0648,70.6789,102.9420,140.3340,231.0300,194.6370,204.7690,165.4610,91.9717,72.3417,74.2563,100.6150,107.5540,100.5000,106.1430,141.4620,102.2900,109.2780,55.6139,39.2552,42.9547,87.0384,84.4020,95.6343,102.6620,81.9568,94.1976,88.4982,59.3462,56.1498,50.0619,34.9451,27.6626,14.0933,16.3802,27.3797,25.0319,30.0000,28.3270,25.2810,29.1963,45.9770,55.1974,47.6260,51.2950,29.3405,26.2347,28.5859,26.2770,36.4492,44.8429,47.1370,36.9871,46.6761,53.7895,37.2164,38.7950,11.6824,17.9622,26.0748,47.2453,39.0469,57.3721,31.1047,15.2297,26.4454,38.0353,71.3207,53.2449,46.8519,34.5353,25.0777,17.4755,20.1063,26.6210,43.1719,34.0488,23.2142,21.6569,27.7405,25.9088,20.5085,20.2851,25.4008,23.5674,17.5951,14.5406,12.3571,4.8889,13.1883,14.6291,31.1523,20.8768,54.0694,48.2087,78.2164,55.6293,62.2449,44.0816,23.8826,13.1193,10.7359,20.4645,13.0220,12.0196,7.0896,13.2004,23.7830,23.0524,18.1944,11.0423,6.8175,11.7042,11.1437,12.5971,13.7948,14.0475,14.1811,13.5333,5.1354,2.1138,7.2608,8.6888,14.7503,12.2207,18.2509,13.9913,20.6525,17.5179,24.7637,16.2600,35.9145,21.1573,38.1654,22.4119,23.2552,15.7018,16.8566,17.3459,25.3920,19.0879,26.7056,12.7175,17.3566,10.6033,17.9467,19.8687,34.2681,44.6281,56.1917,76.1728,59.8433,78.7292,56.4586,53.6460,40.3541,27.5340,25.4571,32.7036,17.3443,9.3784,10.4296,14.2260,20.3691,33.8515,45.1275,46.7838,56.6005,75.5534,70.3346,93.0802,79.2072,49.0504,32.8033,13.2346,25.7193,47.1000,36.3437,33.8439,9.3873,11.7789,27.3126,26.7468,19.6703,6.3750,12.8612,9.9440,7.3756,7.7138,26.0833,18.4830,27.7413,9.5740,6.3615,6.4249,12.2216,9.5743,10.1670,13.6818,20.5022,26.8923,39.7970,31.9230,39.8756,31.8236,27.6151,25.8856,11.4195,4.4090,2.0535,6.5773
40901.1000,36696.7000,21773.8000,16799.4000,16721.3000,23091.7000,18899.6000,15618.4000,12132.0000,10755.4000,10159.9000,8499.0200,7717.1000,5659.7100,4569.7700,4475.3400,4654.8900,5200.6900,4586.0700,3636.4300,3372.4600,2780.1400,1900.0000,1663.9000,1508.8900,1475.1700,1227.4500,1230.3500,1357.5200,1494.9000,1883.7100,1930.3300,1557.1100,1517.4900,1066.9600,878.1050,815.8180,839.4700,818.1870,746.8340,708.7480,799.5060,871.5900,652.6540,625.9200,401.9800,183.1180,197.4170,270.7870,376.5980,429.0860,333.7700,336.5070,215.7240,104.4160,167.3730,208.1720,345.0110,316.1480,268.9380,295.9030,275.8870,239.2640,249.9630,301.7010,294.3110,244.4550,240.7640,198.4910,152.3280,129.2840,102.4400,141.9100,212.7600,170.5330,170.3740,111.7760,117.5430,132.5470,150.8950,179.6720,154.4770,136.3870,145.3460,205.7700,210.4570,162.7010,133.3520,90.2374,90.1986,89.4638,106.4210,158.6770,226.5130,182.0060,190.7570,127.8120,89.6489,98.0197,110.1080,132.4730,104.2980,97.2643,105.4150,155.6210,110.5460,110.9790,50.5887,44.1853,55.6320,92.0878,84.2505,77.6890,93.5747,75.1702,88.6357,67.9462,42.6172,29.3354,35.1131,29.0113,27.1199,4.7235,5.1014,14.6454,9.9385,9.8072,15.1136,11.5642,12.4397,19.6291,30.8633,35.2333,34.8318,24.6199,20.8558,31.4261,32.6203,66.8977,51.9794,83.2676,57.3816,67.6721,51.9028,35.1658,17.7924,22.4180,15.9958,19.8994,11.0804,12.5666,16.4277,26.0845,24.1413,16.2448,19.7747,37.4897,70.0309,55.5091,69.3964,32.1653,23.5247,25.5141,41.3389,27.5954,20.4450,13.3468,15.7673,18.9936,13.7080,40.1101,23.7598,31.0524,15.5496,15.4085,13.2318,19.0392,10.6664,9.2520,9.9921,25.9707,15.3996,11.4006,12.7863,38.2283,33.2266,39.9705,17.8399,7.2438,12.3081,14.3452,15.2204,6.8019,23.2700,26.9889,52.1619,24.8053,20.7189,7.0555,30.1188,21.2261,20.9858,39.6892,26.3645,15.5302,25.5875,28.2720,16.4683,19.2507,30.7154,11.8670,7.7866,9.4952,25.2414,29.9363,26.4000,16.7526,9.9634,7.7462,4.7395,13.9339,20.0722,38.5857,42.7336,42.0536,51.6501,30.5885,30.5262,18.8092,17.7534,18.4645,9.8482,7.1101,30.1429,33.6466,52.0704,57.1542,52.8231,68.0181,77.8813,57.0571,64.2151,36.4064,32.7801,33.8831,26.5249,35.5203,26.7747,24.4185,27.3076,32.5416,25.3971,36.2354,33.0550,48.0711,42.8537,55.2825,52.2975,47.5172,48.9367,48.7141,49.5852,44.2626,40.5813,38.0234,64.7692,67.9779,90.1905,70.6877,52.6767,45.0859,35.3557,13.3144,14.3602,29.8836,33.3352,30.9051,31.8771,33.8964,34.3044,24.7117,17.9975,18.4829,15.7447,13.8387,17.0182,19.4637,15.5966,16.3477,6.1214,13.5410,13.7968,17.9971,14.3610,18.2808,35.3616,35.7994,39.3602,20.5580,12.4650
40147.4000,35947.8000,21060.9000,16117.5000,15960.2000,22079.5000,17554.2000,14217.9000,10036.0000,8475.0500,8754.3200,7730.9700,7044.8700,5376.1900,4415.4900,4392.0800,4283.2400,4530.6900,3730.1700,2944.2400,2716.3200,2433.8600,1742.7900,1347.8000,1111.0500,998.4600,993.4090,1327.6800,1416.2200,1466.2100,1750.5400,1720.4000,1375.1800,1350.8000,957.2940,738.0200,613.9350,504.8570,243.0330,358.2110,559.0210,593.8800,699.4230,535.1380,425.8040,370.6620,152.4890,67.1469,171.4970,203.0950,261.9120,231.9810,149.4330,129.0570,160.3280,304.1540,255.5510,286.4870,142.9650,82.3315,27.4089,89.3112,90.4668,166.2830,106.3760,74.8671,91.3049,165.8240,334.8440,334.7710,400.2510,415.4390,330.7470,328.3290,365.1710,351.0750,275.8200,281.8990,225.1970,188.3250,183.1410,201.6530,200.5250,165.5920,211.2160,105.8160,98.8444,13.7221,13.8465,58.0606,59.3086,87.4107,107.6280,90.0023,90.4394,27.8545,49.4054,94.6735,153.3860,165.3820,129.1860,134.2910,107.5470,82.0693,98.1062,75.3244,53.1420,36.9375,32.8313,65.7501,69.5287,80.5135,62.8766,43.0977,75.9882,110.9750,141.3410,173.8200,157.5360,139.6760,153.4900,157.5930,125.8750,93.1111,78.6015,64.6895,60.1436,44.6025,32.9557,28.9160,29.0384,14.6122,22.4156,49.1349,37.6236,21.3384,27.7605,89.1250,80.5838,92.2913,49.1706,35.0032,46.3460,69.4039,46.5676,49.4529,23.2512,44.7449,57.2245,53.3915,33.4389,27.7055,29.3689,43.2963,71.8122,76.5732,131.5570,69.9695,97.7014,63.3999,63.9735,129.5840,73.2577,104.5340,44.8057,85.8066,52.9954,96.7266,58.8795,71.7124,48.5012,36.3534,47.7571,28.1217,30.8928,54.7451,23.8807,32.7937,14.7929,8.3445,16.0535,8.2789,3.3832,17.5001,26.6869,54.9801,53.1426,59.3930,72.9501,58.7370,56.3347,44.9124,22.0478,12.9385,18.3482,27.8942,28.4613,13.1713,20.8003,32.2393,58.5137,50.9887,22.7378,44.8559,49.6641,26.4069,67.5918,58.3218,57.8059,43.7187,43.1252,53.7364,49.9575,74.2470,45.5843,54.8881,30.6810,25.1315,25.1065,23.4397,31.2864,13.5270,16.3417,24.1727,42.8721,25.1911,33.9955,11.8199,14.3004,22.5303,10.1696,14.3882,8.7461,12.8421,39.3812,35.3620,62.9838,22.4344,25.7280,34.4434,20.9136,15.4396,20.5284,24.9717,19.1047,19.3759,21.8277,47.2940,42.1680,53.5369,47.7428,52.2139,82.2239,89.3765,86.8995,84.6564,67.6266,59.4581,55.6747,42.3008,34.2032,13.7102,7.8302,11.2754,14.7518,39.5616,52.7956,100.9810,68.0653,73.6286,43.9900,44.9113,38.6426,46.8713,16.3546,14.5655,12.9555,6.6301,3.9280,0.9680,4.1106,11.1946,31.1791,32.8611,48.1863,27.8721,29.6543,41.9247,76.6792,66.9576,72.2700,50.3511,58.8440,28.5620,49.7191,35.3238,26.7306,75.5675,44.1848,41.3770
40267.5000,36010.6000,20991.7000,16221.2000,16065.2000,22092.9000,17652.8000,13965.8000,10024.4000,8712.6500,9081.2300,8003.3800,7305.9000,5794.8000,5134.8500,5224.0300,4854.9300,5332.6100,4887.9700,3898.4900,3421.2000,2868.6200,2158.0800,2006.3300,1868.8100,1885.4100,1939.2500,1933.4100,1767.2200,1814.4000,1985.7800,1957.2900,1650.8500,1680.0300,1465.8500,1237.1200,1205.0100,1113.8100,527.5170,296.5660,200.6360,322.3760,474.8270,362.8010,350.8010,289.5310,156.6630,96.8062,128.9290,188.8870,298.6170,192.7480,263.5930,116.1860,189.1320,126.6890,143.0570,68.6467,15.5501,105.7520,89.4655,96.3511,84.3605,154.4230,162.2090,225.6240,156.1790,88.2010,25.2773,113.9510,170.6000,221.3320,156.1190,139.4000,141.0670,197.2980,168.3200,153.2440,99.3247,77.4467,144.2230,165.1500,186.3530,184.4360,164.2260,184.0390,213.1440,275.5250,244.0220,194.3680,177.4800,107.2160,71.3665,78.0679,84.8644,99.0674,77.0975,73.0879,89.2280,105.6480,135.5080,150.2880,132.2950,145.0160,137.1560,84.8553,86.8919,35.8108,26.2997,13.2749,23.8892,27.5812,39.3301,58.5287,84.4165,114.9930,161.0050,107.9130,132.0930,75.3255,50.1921,34.6262,31.7427,25.2139,45.7228,33.7345,60.7468,39.4139,46.6937,33.1887,32.9410,42.7150,51.0058,35.7360,31.3770,18.9699,14.4346,48.2745,37.7002,57.2661,34.4278,28.0628,30.4033,41.2711,20.2717,13.7915,3.1048,6.5601,12.0118,24.3546,24.7595,25.5560,33.3021,46.7615,49.1752,52.9084,69.8781,50.7174,39.5510,26.7108,32.0322,32.7693,24.0341,13.6935,21.5076,54.4376,42.9985,65.2409,40.1517,36.0938,17.7001,9.5598,9.0481,11.4461,28.7779,26.9249,35.4635,47.8243,46.0410,57.6025,55.0282,31.7242,21.9387,25.4368,57.3496,66.0661,64.3753,71.9709,58.4134,51.9058,57.2702,28.2546,19.2476,3.3192,4.0449,5.3080,8.3544,13.0579,11.5728,7.6752,7.5545,16.4290,18.3899,16.2604,9.0995,4.7554,8.4311,14.3475,11.3661,8.0785,13.4360,43.1112,28.2239,44.8965,18.2690,8.8236,19.6484,15.2749,14.1846,17.1098,17.7321,34.1409,20.6417,26.1738,31.0041,22.7933,22.2129,20.6622,12.4466,7.9227,16.0104,23.4489,37.4594,22.2515,21.1844,32.9573,51.1070,38.5307,34.8038,32.9782,33.8782,55.7814,40.5041,38.2731,30.1927,25.8385,21.0273,19.8454,24.1815,34.5327,43.2658,47.8101,58.5223,58.3174,60.2179,62.1243,81.1717,66.0761,52.0270,46.3663,51.2242,49.8377,41.7258,43.0214,62.4101,71.1611,57.0813,46.0124,24.5167,29.6972,29.8481,25.8880,14.1489,8.9914,15.1425,25.7938,25.2127,34.0112,25.0387,19.2155,15.4923,12.2806,15.0235,23.1615,24.7871,31.9100,22.7077,11.8091,8.8873,15.9207,30.1620,31.6600,30.5172,31.6117,17.4702,15.2543,17.4521,26.0905,19.0156,28.1138
40956.7000,36714.9000,21910.6000,16763.7000,16698.4000,23170.0000,19031.6000,16070.6000,12490.8000,10829.7000,10017.3000,8292.8100,7668.4500,5663.8300,4730.5400,4502.2500,4704.0400,4881.4300,4116.2000,3330.4100,2976.8900,2475.3800,2171.8700,2035.9200,1791.7700,1717.1100,1743.2800,1949.5000,1897.6100,2002.7200,2245.3500,2225.5000,1956.6100,2031.4100,1604.9700,1346.8400,1360.5900,1179.8000,715.3360,523.1860,275.0040,192.2870,251.2610,260.7390,284.2130,183.1890,122.6990,233.9200,283.7370,430.6650,457.3230,386.2920,440.0210,203.0710,101.9640,192.6430,297.0760,546.2630,428.5700,512.1670,378.8460,272.5930,224.3780,188.4080,206.7530,199.0060,203.8560,200.1600,223.2300,204.3350,199.7540,155.0730,131.4020,152.3020,145.2150,161.3000,172.0980,161.2720,139.7560,142.8090,173.4750,220.0230,212.9530,229.5620,239.1480,196.5340,167.0700,181.0670,200.5390,151.3970,129.2580,95.1837,103.4110,134.2430,119.8480,126.2560,89.6454,62.2104,74.4947,85.4732,106.3220,105.3950,112.8070,133.2080,160.6620,97.8454,103.4590,45.1782,34.4256,40.5172,74.8739,81.4498,109.5300,133.7860,102.1480,117.6500,101.5700,76.2770,71.5783,62.6955,46.1643,34.5483,19.8017,10.1806,20.0703,29.7226,20.3970,8.3184,13.1290,35.9819,46.2832,47.7488,53.6802,27.3482,21.2684,15.3718,31.8437,60.6969,48.9416,55.1394,49.1169,55.5004,61.9144,75.0465,41.4455,30.1134,13.6112,30.7728,48.1346,36.0405,33.4530,9.8510,5.3372,11.8074,26.9337,32.6037,54.3538,58.8242,45.4711,43.6450,42.2439,39.3453,34.0924,27.3064,33.2797,28.0628,29.2870,13.5602,18.3835,49.2772,24.6503,22.2133,9.2624,24.0566,26.4517,40.9650,33.9218,47.8001,30.0557,33.0419,16.2997,15.8746,24.3128,30.9518,47.1273,50.1312,41.8185,32.1056,25.1550,49.9650,46.3834,57.1156,19.7262,10.8850,28.2618,37.3252,41.9720,24.7420,20.8645,17.4145,12.5979,12.0347,13.3879,21.4647,16.1042,16.7093,23.4063,25.1336,24.0957,4.5437,12.6958,25.2775,15.0714,11.3576,10.0615,21.8524,24.7047,20.4287,16.8402,13.3614,19.9831,19.4716,22.1810,20.9138,25.4001,25.9980,28.5664,10.9481,5.1056,11.2621,16.3211,24.9024,39.7120,28.6124,28.8515,8.2899,23.3792,39.9569,61.6118,69.6081,58.5567,58.7528,31.9621,30.5863,40.8700,49.6326,37.2482,9.8766,30.4328,40.8025,26.9146,18.1399,25.0649,48.9110,59.5926,51.5747,56.0838,64.7215,58.9848,67.8865,76.5093,54.0361,61.6741,38.9542,27.5735,25.9280,23.9148,35.3126,30.2963,25.5032,9.4804,25.2506,29.2099,44.6135,29.6055,23.8151,20.4917,8.5266,14.2091,48.3306,41.8881,49.0923,28.6679,43.3922,43.2181,58.8412,17.3284,5.8130,38.3823,34.5786,40.9121,44.6925,38.7808,42.9905,26.3908,21.3692,20.8102,29.1070,8.8738,14.0913
40889.9000,36435.2000,21666.9000,16529.9000,16426.5000,22643.0000,18252.4000,15193.0000,11433.0000,10039.3000,9500.6100,7892.9000,7078.2800,5162.4500,4219.0000,3978.9900,4043.3400,4240.7900,3707.1000,3059.5600,2749.9100,2519.4800,1917.9300,1571.0100,1331.9500,1218.1600,1189.7300,1470.8300,1657.7900,1668.6000,2160.2000,2272.9100,1793.8400,1816.2900,1340.8200,951.6070,849.3130,737.3290,364.2650,202.1410,302.3270,409.5800,615.1930,428.6160,397.5140,194.9500,88.5377,209.9710,283.5730,389.6290,499.5760,361.9990,417.2830,182.8900,79.2623,166.1790,230.6560,407.4220,306.7060,337.9730,291.2190,211.7310,194.6860,167.5750,141.2450,144.5300,151.7730,190.1280,240.0250,216.1290,217.8310,197.7400,151.4210,141.1780,144.0040,155.6690,137.0830,127.1890,131.3120,148.3400,115.2250,87.2266,103.7550,131.1920,188.5200,164.1040,149.8320,153.0280,154.4180,105.8050,74.6124,47.4988,106.3010,194.1930,169.5680,206.1100,165.3500,100.0790,70.7307,32.6739,38.3167,53.7934,87.4895,106.1640,174.5820,111.5100,132.6720,60.8114,49.5151,54.0502,90.6946,70.5255,75.9483,71.0305,53.7173,50.3075,47.8702,56.7155,50.0757,57.4078,33.0752,21.2334,38.9649,50.4879,77.1740,48.6684,43.0963,29.7544,35.8433,26.1744,23.1393,10.7062,7.0959,12.2677,15.6399,29.2285,35.9599,61.9741,73.2370,68.8703,85.7512,65.0476,58.5589,60.3289,39.0912,29.1252,33.1247,56.8512,67.9289,51.6568,42.1583,27.4991,30.2397,35.2111,12.6571,26.7892,37.2128,30.1984,32.6804,16.0597,7.8764,5.8520,6.8472,7.2448,7.6178,9.8709,11.7173,20.5399,12.4366,32.9201,21.5001,30.5272,16.6524,20.2338,8.0288,18.5949,13.7135,19.5045,25.2651,20.6261,21.5398,12.3101,32.0560,42.6965,58.3049,55.4023,37.8012,29.9649,11.2231,12.1256,14.4333,23.7621,19.7380,17.7129,14.3606,6.4257,2.4411,4.6787,7.5912,12.2189,16.7850,18.7467,28.5205,23.6197,19.1062,8.9251,5.2504,18.4711,19.2856,23.8387,17.3897,11.8780,8.7998,12.2167,13.3271,14.8902,16.9180,9.0611,6.8104,6.9757,12.7121,25.0295,20.2605,25.7276,21.6533,18.2052,23.3761,12.8499,18.5887,8.0785,13.8774,8.1378,5.8819,9.1537,5.8838,10.4702,24.6078,31.5812,48.2189,39.6652,45.7777,37.3843,38.9689,44.9140,67.3538,52.8124,41.4481,23.2554,11.7491,11.4070,21.1345,25.3832,33.2356,28.0727,29.6720,35.1701,46.6668,54.5401,43.4468,50.3198,32.8832,15.2320,9.2947,14.9661,28.3674,15.4488,13.4210,2.1720,9.7597,14.2996,27.1362,38.9048,40.5290,60.2314,47.9045,39.9246,21.0272,16.0551,30.8582,27.2414,27.2826,20.2383,21.3401,19.3022,18.9116,8.9303,4.9990,11.2863,17.7885,23.3780,29.9711,35.2100,34.0620,33.9671,45.3534,30.3737,20.2095,6.1757,10.2931,19.7251
40853.5000,36629.2000,21654.5000,16508.5000,16208.9000,22123.4000,17648.6000,14405.6000,10359.3000,8847.7200,8827.9400,7584.0500,6703.5200,5013.2400,4218.6400,4177.3000,3862.5200,4059.9000,3829.6700,3551.8200,3006.5600,3059.5700,2344.5000,1698.2200,1335.1900,1142.1300,966.4880,899.3500,985.4240,1162.1000,1518.6900,1928.4700,1549.2300,1634.0600,1374.2200,950.1970,842.7350,660.2710,318.5800,178.5030,111.1550,184.5660,339.1290,307.4480,288.5760,213.2340,71.2939,43.9997,132.4410,170.1670,235.6470,162.3360,207.7350,74.5805,103.2670,140.0390,111.9250,223.6200,138.5180,158.1780,104.5570,85.9437,86.5397,99.1332,110.5870,110.6170,119.0390,154.9380,231.7180,207.0990,221.5090,176.1130,124.4740,116.3360,116.8500,113.2350,58.5184,44.3410,85.3558,112.1310,154.1520,128.3350,117.6670,126.7090,168.6160,158.7900,134.0980,141.0850,144.7710,103.4060,80.4664,53.9019,86.7671,168.9500,170.7310,202.6590,200.1720,115.2550,77.3680,44.3475,73.1136,85.1422,86.7049,99.4628,153.9730,121.7310,125.5840,64.3204,46.9436,71.1921,110.2340,108.3960,94.8986,92.9252,67.9290,77.8382,72.7702,49.4058,45.8817,48.8463,54.1222,54.4640,58.8987,40.8767,32.7149,33.7538,45.6878,38.8459,32.0345,22.8114,31.4245,45.9341,41.2286,48.9582,47.9991,37.0879,46.9571,18.1218,21.4245,22.2137,24.2929,42.1643,54.4238,81.9002,50.0446,50.4578,37.7821,30.0302,23.6906,11.5843,18.0315,25.0639,17.1354,1.6880,16.9668,20.3860,26.9954,31.2856,31.3028,43.3596,27.4132,18.8708,7.5476,7.5927,4.9006,6.2545,25.0813,26.0274,34.1402,32.9329,28.6858,26.9654,25.8295,30.1987,32.4986,39.8778,34.9799,29.7298,23.5135,20.6537,21.7456,23.3007,21.8803,19.5177,11.4160,34.4972,40.2006,63.8110,52.4290,39.1329,33.9513,16.3712,9.9590,5.5686,9.5950,22.1946,18.9933,23.8020,24.5890,20.7151,27.7412,21.7445,20.9836,9.7319,11.7815,5.0107,7.4111,18.8746,29.8094,35.5829,30.7088,18.5231,11.2750,20.5799,16.6072,29.0276,14.5822,26.8785,23.7608,29.1009,17.5082,18.7352,15.7546,14.3106,40.9545,29.6472,39.5698,15.7261,10.9980,4.3795,4.9257,2.0896,12.5036,37.4163,45.1896,59.7758,55.1098,43.2044,46.2232,66.4032,49.6551,60.7771,21.5647,19.9648,28.3801,58.6705,36.4572,41.4570,7.3562,14.7221,29.2314,35.8180,38.8909,51.8828,75.1859,64.4932,74.0091,69.4262,57.2814,55.7599,55.7975,44.7561,39.8481,45.5956,34.8580,26.2862,17.4315,23.0453,20.1005,39.0937,25.2397,19.3815,10.8596,23.0462,31.8678,26.7229,28.0579,33.9320,22.8965,20.9459,39.7295,28.0457,40.1617,34.0430,32.6431,40.5138,27.8646,14.4570,5.8875,17.1651,28.2149,41.0572,26.6722,27.4221,14.8357,10.5716,20.1675,21.6457,22.5889,30.8491
40485.6000,35939.7000,21202.0000,15917.5000,15678.5000,21653.5000,17185.9000,13984.6000,9820.7700,8360.6600,8518.5200,7356.8400,6521.7900,4863.7100,4049.6100,3971.3400,3644.0700,3768.0500,3513.7100,3330.5000,2876.6300,2932.6700,2293.7500,1666.9800,1287.8000,1099.1200,843.3510,705.5840,788.1490,1010.8800,1307.3400,1818.6000,1449.7800,1536.1000,1353.8200,911.5240,834.0460,606.5620,243.5700,116.9030,224.2210,228.6710,353.0670,298.3390,240.1550,191.4300,48.5453,52.8264,178.0050,184.7720,282.1530,189.0250,191.9930,92.3760,66.0686,64.3235,60.0299,144.5780,87.7996,145.0280,78.6923,83.7632,27.2750,22.5434,34.9399,52.5465,72.0167,103.7080,191.6880,183.8550,187.6140,164.1650,159.8750,152.1930,180.0800,130.0080,67.8655,33.4448,48.5885,73.3442,100.6700,94.0861,105.2560,128.2170,188.1600,175.4650,157.8630,146.8070,109.3530,79.8543,59.1616,58.3037,97.5795,172.4140,163.6740,176.2980,158.5980,117.7790,117.3510,128.5630,161.9300,130.6700,106.9700,113.0920,128.9280,93.0473,85.3614,55.0504,60.0123,55.4444,90.6932,62.6329,70.9133,74.3146,67.4537,87.1740,75.0084,50.8007,38.3775,48.2888,72.4764,61.4487,68.5181,45.6531,38.2815,38.9239,53.5375,58.2994,41.4094,35.1808,30.9992,27.5534,22.1077,21.8374,38.4932,26.2758,64.3502,45.8160,75.4490,47.6790,40.2960,17.3097,27.3881,30.6578,41.4834,19.9684,16.5130,6.4499,5.2663,3.8485,2.1505,11.5838,9.6990,8.8438,11.4910,24.0304,25.3087,28.0096,20.7222,19.7480,21.3765,14.7514,31.9928,36.8682,63.5991,51.5690,40.0158,31.3814,14.2627,12.4229,25.3126,27.1660,32.3876,32.8855,31.4482,35.2009,26.0007,19.0772,13.8214,16.2845,16.9532,13.9349,19.1946,28.1324,47.6359,62.5549,57.9586,73.4757,62.3459,40.1943,30.0333,20.2421,20.6802,23.3957,30.0807,31.0599,34.6742,15.4758,11.9607,14.9225,16.5067,13.0871,21.7875,23.7146,26.6748,16.4379,9.2198,7.9876,2.9029,11.4581,19.4494,13.8488,30.8628,14.9193,17.0542,11.4811,7.3072,7.3064,9.4197,3.3487,10.4452,8.9633,13.3679,5.1258,2.8218,4.0128,8.7743,11.1615,17.5393,10.2832,8.4856,4.1029,6.4134,9.7909,36.3628,33.3596,64.6502,40.4936,52.1908,31.6177,25.9849,27.6280,27.3714,20.3862,22.2053,14.0965,21.5051,14.6885,29.9463,25.0248,27.7595,38.9901,57.6820,56.6841,77.2068,76.7521,62.3856,74.9768,41.9604,33.3060,7.8670,12.2384,25.4729,26.5695,25.7646,23.3025,24.1201,22.3983,32.7343,29.0994,44.1291,33.9901,41.9727,21.6199,14.9602,5.4927,12.4989,21.1567,18.1279,19.1528,17.9499,9.1237,13.5884,24.9608,30.9767,42.4068,45.6492,33.4559,41.1163,22.9531,38.2574,20.0940,43.2839,28.8243,27.5351,12.5166,11.3171,22.2359,19.6358,15.7800
40403.7000,36160.5000,21215.7000,16113.1000,15905.8000,22001.6000,17505.8000,14162.7000,10097.0000,8761.7400,8848.4300,7578.7200,6661.7600,4943.5300,4174.6600,4206.7700,3934.9000,4187.0100,3930.7500,3489.4300,2932.7100,2831.4600,2042.2900,1532.5300,1217.0500,1022.3300,777.9830,805.9120,1027.4600,1230.4700,1502.1600,1951.6900,1503.1200,1548.5300,1215.0300,750.9020,601.5830,383.0930,136.8160,106.3030,387.0260,356.8360,467.0660,375.8200,243.5560,157.2430,56.6025,135.1420,276.9810,271.5090,366.3860,302.8720,213.8530,147.9720,135.5650,276.7600,255.3640,333.3590,216.2940,146.7040,115.1570,127.5050,94.9606,81.6141,78.9963,123.8220,143.9990,154.5770,213.0550,219.5640,193.9150,201.9320,158.7300,129.9240,133.0340,91.1773,36.4642,21.8868,108.8870,121.2620,182.6180,183.1530,169.6720,188.9020,225.3550,175.1550,163.0890,131.4200,107.6070,84.7412,75.4317,22.0203,41.8552,127.5250,186.7850,187.3140,214.0590,126.9850,104.1020,92.0526,99.5522,82.3171,87.5139,101.1260,156.1830,105.3180,113.4860,29.8781,15.5484,44.9042,33.4569,46.8830,34.1887,46.2451,65.5872,74.6425,94.9451,68.3177,62.4163,22.0420,4.5076,42.7001,48.5522,93.6647,69.9883,88.5382,53.6225,35.0892,23.7958,31.1325,22.3920,29.0381,16.3716,15.4395,58.2230,50.7454,64.8513,61.6957,42.6251,30.9623,29.6509,56.1250,49.4063,64.2596,55.9177,40.9515,43.4448,16.5396,16.3175,12.7051,15.4816,17.5049,17.7677,14.6445,21.9628,29.0906,53.1413,41.3071,44.8355,26.3700,12.5373,12.7916,15.1661,18.4695,17.5191,21.5280,34.0861,27.4977,68.1615,45.7056,89.6437,47.4115,58.8769,24.2246,30.9888,24.3416,53.0450,52.2644,68.4615,53.3395,42.8389,18.0200,52.5919,42.2306,69.3160,59.9038,51.1790,56.7550,27.3012,22.5978,21.8349,21.6279,35.6850,19.5626,12.5672,8.8734,7.8491,6.5740,10.5146,7.9226,6.6920,21.3010,19.3255,35.6905,24.3482,25.0339,13.5677,12.3900,16.9028,15.1009,12.5794,12.0993,15.5410,23.2247,29.7711,37.5316,26.5754,22.8234,17.6889,12.4571,28.6321,20.3232,23.7167,20.4421,15.9594,24.4171,19.4875,33.8981,30.9150,36.1510,30.8220,22.8528,16.9497,29.7101,34.5934,52.3437,62.6093,55.7581,52.1574,24.9016,18.6381,24.8997,40.3090,38.6172,45.6053,62.4418,41.4419,49.7241,20.9685,27.1442,31.0190,55.9944,75.0471,76.8299,83.9656,64.1448,65.9789,83.7230,53.8183,56.4184,25.3062,27.2615,33.5774,62.0014,46.2842,56.0780,42.8823,34.2277,48.2722,32.0436,56.3024,25.9431,37.1626,26.8401,11.4382,18.4453,47.5003,25.6925,42.7436,26.5406,21.3812,12.7093,13.1285,26.5080,41.6365,44.2958,57.8828,34.2681,23.6261,47.9769,34.1684,47.8264,23.7860,20.7820,25.3248,35.0201,27.1325,28.2008,37.3687,24.7970
40805.3000,36523.6000,21663.2000,16488.9000,16224.0000,22163.1000,17705.0000,14454.8000,10484.5000,9112.9100,9051.5000,7747.7200,6832.4300,5186.2100,4494.5000,4550.8600,4288.9600,4701.0500,4466.2300,3774.9800,3320.7600,2949.5500,2006.2200,1559.6400,1290.2100,1128.0900,882.5720,913.7320,1170.0800,1365.5800,1713.3800,2077.1800,1586.8800,1593.5800,1149.7700,655.6940,454.1110,256.8590,260.3320,480.8590,571.8840,534.8660,579.3930,427.5390,306.4490,234.0430,190.4570,310.8640,424.5940,426.9630,535.3090,383.3900,293.5880,177.6170,126.4830,244.9540,249.8950,308.9320,264.8440,198.8840,185.7850,195.6060,160.2800,148.7640,156.8320,119.1680,109.5100,128.4200,222.2760,218.7710,218.9400,181.3700,116.9610,101.1420,121.8670,86.5674,69.7824,29.3882,116.6180,113.7920,163.8230,161.1620,159.5680,180.3880,245.6640,206.0030,195.3490,171.6880,143.0830,108.3850,99.8290,27.7671,37.5846,118.0880,134.2410,143.0180,155.1620,111.3900,83.6666,77.5318,85.6271,93.7946,87.0797,92.4328,93.1063,64.8952,57.1347,51.0851,59.6615,51.3762,81.0150,62.3001,62.4059,66.5293,59.5071,67.8439,65.9069,42.5228,39.4307,53.1398,56.1130,45.9110,32.9706,10.3218,16.6605,17.8122,24.5347,10.4242,6.0506,12.9002,15.3320,23.3336,22.8321,28.6396,31.9837,55.2944,70.6974,90.8217,116.6660,90.0377,103.7350,49.4928,34.0088,22.9221,41.7907,39.7183,42.3820,34.5943,13.7441,7.9560,10.2518,11.3214,8.1147,17.7325,37.2627,43.5902,50.6443,69.9068,61.9515,57.2696,59.4464,39.0872,21.2813,20.1279,30.6371,58.3504,39.0526,34.8266,14.1896,15.9176,14.0073,10.9675,15.1383,22.3309,47.9786,31.8774,34.9776,23.8800,5.8061,11.2650,19.9070,20.5783,25.9433,25.6278,18.5083,35.3240,49.0562,63.1334,59.7715,39.6949,36.2788,31.4684,18.3876,22.7672,60.6718,62.3031,62.5161,32.1626,26.6847,37.0028,28.2830,23.8452,5.3321,10.7453,22.7123,22.3139,26.0110,45.2517,36.4558,36.6918,24.5390,25.3895,22.5931,24.5577,16.1692,16.8695,15.3989,16.2410,17.9911,32.1131,32.2061,47.9922,40.6976,29.9350,20.3556,8.1374,5.9639,9.0049,17.7428,26.7960,36.0615,26.8721,31.4784,12.6188,28.1697,29.5357,53.9154,52.6894,71.3601,52.3675,58.6698,63.0344,49.5327,61.1254,57.4351,48.6833,66.7826,53.6208,63.8410,50.1494,45.6781,34.0264,23.4862,23.0115,39.0953,51.3338,60.2420,83.7142,70.0550,81.9372,76.4371,51.6279,46.7318,33.6277,26.3512,29.8429,26.5018,22.8897,29.2788,35.8675,32.4827,43.8543,37.6387,34.3320,29.3088,13.4867,9.8670,2.8870,2.3045,4.7515,14.5613,16.3409,26.6266,25.7323,24.7970,33.7735,25.4186,22.5163,4.9619,7.9424,29.7516,29.8797,42.7549,46.6553,39.2716,52.5205,30.5264,21.6879,9.7007,22.9443
40479.9000,36367.3000,21468.8000,16315.9000,15994.8000,21931.4000,17572.1000,14285.2000,10335.2000,8912.3400,8878.8000,7609.1900,6715.9000,5070.2600,4308.3800,4295.5100,4035.2600,4347.0600,4192.4000,3673.3100,3166.0900,2937.9500,2087.7100,1590.9300,1265.1000,1064.5200,780.8130,808.6100,1104.7400,1355.0300,1693.7300,2137.4700,1647.0900,1615.9600,1287.3900,959.0900,763.3800,706.4150,580.6430,512.9470,490.7370,514.7400,565.0220,510.0390,399.6790,354.0560,182.6550,222.4440,343.9710,391.9280,498.9190,403.3440,347.9330,279.2350,138.5060,182.9270,214.3070,307.1080,241.0290,194.5860,195.8650,229.6680,166.1530,151.3450,120.3990,133.8340,132.0250,146.7300,196.9350,214.0870,207.2960,195.9800,112.3400,92.9711,106.3130,87.8164,86.5348,54.6808,147.0740,139.9490,177.4460,200.3830,192.7190,211.6900,284.4450,244.9320,212.6380,184.7500,121.2870,75.7304,46.5155,56.9783,97.7012,166.7960,169.9520,178.8990,191.8210,122.8090,98.7608,97.9798,123.9000,89.4134,78.1480,84.6569,132.8200,94.4118,86.6641,29.9830,12.5165,37.5590,35.4997,59.1619,48.1972,82.5665,82.3826,96.1857,90.2519,56.8875,44.9542,43.9391,45.7333,37.4502,40.7543,68.3761,82.0048,82.2318,85.5027,41.0161,35.2813,18.0942,20.8816,44.5149,46.6595,45.0873,51.6786,43.0489,44.9228,74.3626,68.7223,68.2202,72.4379,54.8321,52.9465,38.9317,13.2967,14.8907,19.8763,27.7967,12.5060,5.5818,21.1186,23.3810,29.2619,17.5315,31.8037,60.4078,77.8490,90.2046,51.7388,39.4654,29.0666,39.0891,40.4045,43.2803,57.2467,31.1685,26.8879,10.6698,15.9869,34.8920,26.9733,67.0320,37.0624,55.1599,22.4443,31.3449,19.4042,37.8644,28.2236,36.9344,20.2739,9.2402,11.7041,23.8552,41.6878,65.3706,53.9142,66.8551,36.6766,24.8376,16.5586,13.7569,14.7635,36.6631,35.3094,58.1150,23.7615,15.5834,27.5935,32.0577,18.6345,20.1321,25.1624,23.7544,43.3371,26.6660,25.0680,6.0058,4.3492,16.5961,18.1752,24.8708,14.2569,12.4881,8.0728,18.9743,17.7252,31.4294,16.7834,19.8700,14.9820,6.0194,17.9957,20.4766,13.0016,36.7200,22.8775,23.8508,12.6513,25.0970,40.6832,34.1919,28.3817,21.1205,28.4123,65.9273,52.0279,59.3851,65.4500,57.1705,62.6991,61.7352,48.4414,48.9870,54.5214,38.8473,35.0029,28.5823,24.5571,26.9035,23.9244,39.1808,36.3667,42.0690,61.6309,79.8080,89.7003,109.0120,66.3187,57.4064,36.0879,34.4885,37.9687,50.0609,81.7849,67.5421,79.7075,63.6194,46.3059,55.5675,30.5015,51.2965,28.7471,50.8945,36.9328,49.8736,43.1984,49.0929,37.0517,43.3761,17.5171,34.3113,19.7581,11.4792,30.1132,23.1483,31.6256,23.5294,14.1325,7.8748,6.4244,11.7072,28.2258,26.9561,39.2969,24.1886,20.2177,13.5769,9.4762,8.5489
40656.9000,36374.3000,21378.7000,16378.7000,16167.7000,22208.6000,17699.7000,14327.9000,10316.3000,8932.1000,8956.6000,7702.3800,6827.6400,5151.5200,4272.2200,4128.9600,3851.8000,4066.1000,3761.4000,3315.1500,2857.8600,2709.8500,1905.0700,1368.3000,1052.8200,855.8080,675.7560,826.7010,1153.6700,1370.4900,1719.4500,2083.8200,1600.9400,1568.0900,1298.6400,1069.3400,874.8890,923.8730,678.5950,463.4420,393.6060,416.8460,534.1720,518.0530,464.7490,412.8850,191.0650,170.3290,268.9650,350.9330,457.6220,362.3920,346.9920,302.4650,208.4060,197.5200,214.5770,267.5010,195.4460,182.6060,205.1830,262.7470,229.8720,243.6900,264.7810,253.1890,241.3060,249.8740,252.5070,226.2010,251.3250,171.3450,104.9730,90.5561,111.5460,94.0660,64.4560,38.9260,124.7820,144.5570,191.0230,230.2100,187.4100,192.9760,223.9130,214.6450,179.2700,168.8020,131.5560,100.7380,79.3959,55.6369,78.9614,163.4240,176.6110,184.0570,196.9090,121.6720,89.9870,75.4194,101.1930,103.1630,79.9664,76.9979,103.1810,105.9800,80.9755,53.3331,37.9745,55.3044,56.0593,66.5376,45.7118,67.8856,47.7365,62.8946,47.6260,52.2418,63.5935,100.4470,89.2313,81.0845,72.5582,54.1054,49.1219,47.9262,49.9045,35.4527,29.9697,32.0729,40.9879,39.2350,21.5061,13.3230,9.0447,34.4579,47.4817,83.8269,74.3006,79.4932,77.7479,50.2496,42.3179,41.8248,40.9404,21.0246,20.3297,24.5634,34.8247,25.0615,36.1847,37.5309,46.8377,27.3501,31.5706,56.9649,66.3578,93.8441,70.6765,60.1069,45.4021,39.7361,43.1539,39.8640,38.2616,33.7110,28.3567,23.5061,12.9110,8.1645,17.2855,17.6696,16.3577,12.9171,13.2576,14.9681,11.3425,6.9010,6.7359,8.7848,5.2936,5.0675,18.0216,34.8880,41.8452,64.9809,44.4994,42.4673,38.5963,36.4550,26.8631,17.5505,6.0857,12.4366,21.1806,19.8373,25.5825,17.6564,19.5435,11.1927,28.8472,22.6585,28.7731,40.0036,32.5855,53.4883,23.3545,29.5453,22.4712,5.2071,6.6534,11.6398,7.7337,2.2357,5.3827,24.8665,22.2908,39.4398,20.6081,23.0243,7.3513,5.2929,3.8680,15.9121,23.3969,22.0809,24.9526,24.4092,16.8917,20.6136,6.7984,10.5249,34.4299,31.3528,32.1756,27.6909,33.5471,55.4509,41.4381,33.8007,22.1969,36.8456,38.8425,38.7505,25.7572,18.2794,15.7403,20.2048,9.6475,24.2382,27.0862,59.7735,62.6426,78.4295,66.8246,49.0695,47.6611,67.7269,52.2151,65.5262,48.1704,40.2304,47.6728,42.4315,32.0754,32.2829,50.8814,56.8612,57.1566,59.6407,44.3766,36.6693,32.2472,9.5974,3.7051,16.4354,13.2698,10.5800,7.8135,24.9311,21.6660,32.8034,14.6691,5.2118,4.8265,20.9146,14.9184,16.9336,20.5946,8.6135,10.0403,5.7736,4.9486,5.5379,6.2792,5.4148,15.0460,16.0895,14.0384,14.2569
40658.8000,36575.8000,21484.5000,16422.9000,16173.4000,22253.9000,17809.5000,14433.7000,10471.0000,9010.9800,8924.2600,7654.0100,6777.4800,5163.4700,4321.4600,4213.8000,3897.3000,4189.3400,3911.1300,3426.1000,2946.1900,2779.5400,1951.2500,1436.0600,1136.7100,956.5550,762.7930,869.9460,1149.6300,1331.9800,1677.6100,1985.7500,1557.3700,1526.3500,1362.9100,1148.5300,964.7310,944.8700,619.7940,429.5650,396.0460,460.2150,647.7220,607.7460,552.3440,470.2830,221.4190,137.2360,195.8410,274.1020,410.8580,359.9040,322.5570,249.1760,138.2610,159.6850,185.6730,258.7610,161.3150,143.0580,120.3660,152.2840,140.5700,152.9460,173.0460,187.5220,169.9890,188.6020,209.7400,190.1100,185.0270,157.6960,119.7120,117.3890,130.4560,124.9670,71.1488,69.1714,121.8640,142.4230,160.4500,186.8690,149.7790,155.4300,179.0000,163.5990,126.5230,126.3660,109.3620,65.4957,39.9319,72.1192,115.4880,204.4260,186.2820,178.4560,174.4950,120.3120,86.9106,77.3309,89.7661,107.4400,100.3470,105.9900,130.0770,91.2856,70.6240,42.8646,48.6495,40.4150,65.1253,39.0415,48.4743,58.1316,65.2268,90.5280,101.6450,84.6555,87.3685,101.2060,101.2920,89.7892,90.2023,59.6962,52.5230,50.0794,59.3398,42.9579,37.4891,45.6034,48.3113,48.4221,20.7283,9.8984,16.7093,52.9853,68.7742,134.2630,102.4090,115.8750,69.1982,51.6775,52.3492,79.4467,70.4339,47.4122,25.6965,10.2038,24.9334,33.3987,27.7355,27.8475,32.1338,31.6167,20.5459,30.4539,46.7996,91.2985,90.9490,78.6433,62.1505,28.0735,29.2889,35.4981,47.4138,54.9987,37.3803,27.4457,18.3371,35.2273,44.4455,29.5553,15.2839,24.4451,55.4726,37.6450,39.0055,14.6954,11.1492,13.0880,19.4696,14.2112,15.6613,20.8246,21.6012,41.1681,30.9141,30.7210,38.7791,26.6393,20.4969,5.3531,7.5421,7.7176,11.1268,7.0222,7.7669,9.6906,13.8143,25.7708,14.7603,10.0872,13.6585,27.3880,29.3367,24.0929,24.5783,30.1894,19.9047,18.5610,6.2029,3.2691,11.1358,14.5253,17.6042,23.5896,7.3014,12.1267,11.8311,2.3684,2.5451,3.5321,3.3565,17.3096,18.0333,17.6520,14.7154,4.2908,11.8512,27.6088,33.3011,42.5791,31.3500,29.4603,22.5473,26.7684,30.4773,32.1454,24.8103,28.4203,36.2003,60.3119,60.3871,64.4211,65.4376,39.3950,40.6380,10.5225,26.5575,40.8536,53.0782,51.1378,50.1596,43.7904,46.3098,56.8457,58.3933,48.3574,44.7391,51.9149,48.8312,41.1409,43.0658,43.8417,33.2844,35.4423,38.9802,27.2709,36.8193,20.6833,25.4114,27.8068,29.3921,47.0856,33.1198,38.6539,24.4061,21.0414,22.1710,26.9157,20.7575,38.9007,29.5920,48.6691,31.5909,33.1184,18.6914,12.9961,12.2730,17.7288,40.5872,31.0673,51.3917,22.5813,30.9389,20.5295,16.0102,15.2929,18.0738,15.4783
40978.1000,36839.0000,21792.1000,16522.4000,16176.0000,22176.2000,17821.7000,14545.7000,10633.9000,9172.3800,8982.5600,7643.0000,6705.4000,5059.6600,4305.0700,4305.2700,4035.6700,4392.3100,4135.8300,3570.4000,3113.4300,2890.8700,2004.0700,1466.6000,1171.6000,998.7390,797.6330,907.9380,1231.8700,1397.5100,1816.5800,2034.2500,1625.1400,1641.2900,1453.2600,1146.1800,1034.0300,963.7730,603.8390,401.3860,323.0060,404.3850,621.9580,545.0430,546.0010,423.8330,154.7100,45.3770,270.4550,291.4910,489.8430,409.7600,352.2640,260.3160,98.3750,125.9900,161.8950,228.0720,175.5030,151.2370,159.1990,224.3140,166.8890,169.9470,144.0670,110.9700,95.8342,105.1610,164.1330,162.0780,148.4780,101.0150,91.0603,122.7760,138.3060,125.6340,61.7453,36.1816,61.2067,72.5921,86.4281,111.7810,113.0030,112.7040,149.4560,152.1580,114.4150,102.6950,99.1673,80.8390,67.8975,114.7430,160.8950,254.2750,197.5330,195.7280,157.2880,133.5250,120.8500,131.2570,115.6900,56.2199,45.3437,73.0679,120.5220,127.1100,92.5234,74.0263,49.4461,49.5869,60.2513,46.2139,44.5059,29.2922,30.8942,39.2367,66.8475,69.7411,80.1487,116.0160,92.1847,87.2428,46.0710,36.8843,71.2508,69.4260,81.0718,47.0980,38.1772,37.9721,28.4420,14.1580,7.9712,10.1038,15.7555,25.0893,22.9826,56.1206,44.0730,53.7661,41.6120,22.3718,14.6819,14.9209,28.2250,8.1713,5.9895,44.3227,42.0997,68.6106,54.2441,46.0787,40.8721,28.8841,26.1104,29.2241,37.5424,58.9951,75.5551,64.3702,69.0802,43.1756,34.8920,33.8103,40.6771,39.8797,27.2385,32.6934,26.1055,32.5712,45.1457,40.5476,31.5889,34.4004,38.7287,25.5007,26.2753,21.2961,19.9290,25.3607,24.7648,13.8447,10.8596,14.8462,26.7247,17.4609,17.3055,22.9283,26.6099,22.9968,11.5892,26.8463,47.6077,33.6296,31.2465,17.9327,14.5482,12.6789,10.8588,3.9856,2.9051,9.2186,8.0445,20.4896,12.0542,19.1884,10.7975,12.7349,23.2349,26.1201,44.0286,39.9369,20.8043,57.4002,36.8299,45.3769,25.9005,21.5643,21.2740,21.2512,37.2140,44.5828,55.1302,57.8169,44.3611,47.0998,48.6629,31.3163,29.4174,20.4689,23.8255,21.0364,22.9459,29.0077,43.8694,33.5855,33.1180,14.4329,19.1721,37.2547,37.3800,54.9694,47.2194,62.8411,23.6284,61.0933,55.6651,52.9547,47.5372,19.4752,15.5319,31.0377,39.9849,46.9799,37.1018,44.6442,55.6369,39.0579,43.2455,22.7805,6.6032,17.3989,9.8045,9.8880,24.0723,26.8502,40.0827,38.7760,40.2128,36.4619,32.7414,15.2494,23.9113,11.0906,11.5121,21.6531,23.3455,45.0747,23.9914,28.3664,12.7146,19.8439,36.4745,40.1686,45.5756,34.9733,43.6012,26.7043,21.9773,4.7228,7.9293,5.6041,7.1920,6.9645,16.3657,11.5505,10.7955,16.1278,22.5084,14.4919
40567.8000,36367.5000,21495.1000,16416.1000,16173.3000,22194.6000,17765.6000,14471.9000,10521.6000,9167.1300,9099.7200,7798.5000,6908.8600,5328.6900,4589.7100,4431.5900,4259.3200,4480.0500,4003.2700,3313.9800,2997.1200,2641.4200,1744.1500,1294.4000,1055.3100,911.4970,754.8390,941.8110,1338.1600,1527.1800,1972.6000,2174.3400,1668.3000,1641.8900,1324.4800,1059.1400,928.1200,887.3220,530.9610,353.1450,344.1050,423.8440,586.7870,457.4010,390.2260,197.4030,90.0937,254.0180,410.2180,432.8510,580.9970,434.4230,387.4410,241.4770,78.6922,114.4570,150.2350,208.5850,179.1090,172.7930,196.1910,263.8260,199.6650,195.8590,177.6040,176.1380,176.1970,204.7510,262.9250,211.9090,213.0570,140.9180,112.2570,124.7410,141.9120,125.2620,51.2884,18.5308,65.7954,87.2601,134.3720,147.4680,148.4650,171.5650,230.5900,223.7890,187.6960,189.0610,163.7730,133.8350,115.7780,97.3984,106.8360,180.0420,197.4430,236.4520,229.0700,145.5850,117.8800,106.3020,101.7700,66.9578,60.2963,72.5494,118.7710,95.8461,86.9952,56.1872,51.2976,53.1478,81.0956,54.0125,63.6228,44.8084,40.5510,53.6496,59.5643,51.5754,55.4330,56.0569,58.9234,62.9252,70.2441,54.5815,42.3326,42.6625,23.2196,11.1953,36.0674,45.4020,59.2940,63.6995,43.1271,51.4132,23.6883,51.9537,41.2176,85.1313,71.4118,80.2860,73.8705,55.9371,52.4396,56.2708,42.6278,27.9211,21.9244,22.0430,22.9793,26.9456,52.9788,51.6623,72.7936,22.5778,12.7836,69.2280,76.0319,117.8700,77.9804,71.9760,56.6363,50.1605,42.1326,46.7557,47.8351,31.2227,31.5305,9.1660,8.9150,4.4673,18.6068,29.0052,53.7322,47.6308,42.8192,19.3128,18.6232,37.1891,39.8411,59.3254,35.4469,53.8557,15.5007,7.8296,18.7433,60.0704,43.5212,68.8580,28.9288,19.9218,19.1608,42.7734,36.6102,42.7513,36.6075,29.2015,21.6361,38.1005,20.3960,37.6735,28.1292,12.3385,20.5966,14.2879,5.6362,6.3447,6.3929,12.5497,9.3180,17.3494,5.4634,2.4439,14.1023,16.5711,21.9388,19.4827,22.1068,38.4427,29.0449,38.0165,13.8361,30.6024,24.0428,36.4731,24.6715,22.7952,26.3953,20.6384,48.5739,42.7785,61.0088,49.0447,40.2571,18.5082,10.0491,31.4402,35.8185,61.9048,57.5569,62.9984,61.8060,35.7091,28.8413,22.8431,31.7779,39.4235,38.3360,42.2002,29.5537,33.7324,36.1470,46.4916,26.9923,25.7348,34.5214,50.9896,67.7655,58.8642,78.9251,49.9880,36.6741,20.1178,24.6060,55.7771,35.1808,38.5714,36.3313,37.3971,67.0614,50.7556,73.7492,51.6920,47.1553,37.9425,21.4939,25.0105,10.4626,29.7687,29.8069,36.7494,41.1445,26.7125,40.7762,19.0319,22.9687,11.6245,11.6301,17.6523,12.2602,22.8948,14.8298,24.2835,25.8025,28.6026,44.2142,22.4266,22.1017,39.7973,41.8820,79.9670
41946.4000,37571.1000,22670.2000,17463.9000,16508.1000,22170.5000,17725.7000,14740.1000,10657.9000,9401.9500,9428.1800,8136.0600,7266.3800,5651.9700,4794.9900,4438.2400,4463.7900,4598.0100,4121.5400,3287.5400,3079.8700,2496.9400,1540.4000,1237.5900,1106.6600,1050.4100,1006.0000,1287.3500,1680.3700,1772.3600,2301.1600,2346.7800,1836.6200,1830.3800,1460.9300,1083.2800,977.0110,845.8770,494.7820,352.4450,400.3850,486.9820,623.5220,446.0370,380.4990,181.6350,139.1280,362.4400,430.3970,501.1470,580.3280,419.5220,416.3790,259.5830,113.2800,126.8750,174.1670,276.9190,307.1180,270.6890,334.8720,308.2330,258.1850,273.9110,278.5300,221.6930,220.3030,240.8100,297.2060,257.5220,279.8360,196.2840,141.3320,141.5230,166.3510,160.0240,86.0986,52.9800,52.9013,100.4270,170.2480,203.8680,176.0880,184.9240,226.4790,247.5120,211.9670,238.6610,201.9730,141.9050,110.7220,86.1199,124.3790,170.1380,159.1740,183.0750,180.3640,135.7870,119.2340,91.6822,65.3941,56.4939,68.8291,87.1250,140.9610,121.8100,137.5900,125.3510,76.3264,76.9437,62.4703,52.8154,69.3288,69.9343,61.5161,81.8367,87.7051,69.9842,72.3635,60.1674,59.7913,60.4875,63.4867,45.7494,36.7718,33.5166,8.6617,3.7896,12.9027,14.2880,19.2996,28.5866,28.7039,14.0850,8.3177,25.9690,45.0338,60.8310,50.7844,55.1248,67.2672,62.2492,56.2735,48.2151,30.7732,18.4527,12.1751,16.2279,23.5013,39.0613,32.5188,25.4284,23.9764,20.0284,47.6618,78.4965,77.7338,94.8393,68.1080,59.8193,53.2195,30.2879,37.4568,40.1097,58.7913,39.6672,27.3397,16.5836,29.6875,28.3467,62.0965,35.9272,35.5795,21.5912,34.0218,31.9229,31.0783,31.1493,12.6563,22.3911,46.5001,34.1412,76.8288,57.6745,74.7805,68.9368,52.7360,57.6205,44.1342,27.5207,22.8687,25.9044,38.3309,31.5518,25.6010,21.8168,30.5341,43.5132,37.2119,42.9383,24.1580,15.7939,6.1973,14.9966,17.9690,29.0820,22.3457,23.5902,40.5113,28.7400,43.7022,13.3872,10.4296,19.0353,21.1944,15.4310,11.2425,7.4082,15.2506,25.2707,16.9492,15.6950,13.2786,13.9114,32.8804,24.5906,27.0361,13.4246,6.4022,17.4077,20.9319,41.6998,30.7928,43.4629,32.0833,26.6119,26.8601,39.0048,36.5919,41.1862,29.9663,15.6799,10.6214,8.7632,9.5483,14.7590,34.3007,45.6690,64.0272,82.2933,64.9318,70.3087,48.6961,38.5596,42.0457,55.1085,84.0816,70.5965,98.7206,51.1942,48.6079,7.6102,7.1193,20.3118,18.8937,21.9651,46.9966,31.6655,53.6667,29.2052,30.1830,18.9220,23.6577,34.3136,35.0501,39.5994,26.0607,18.9501,12.0833,10.4493,10.7025,8.7735,17.9892,18.6386,36.6477,26.2286,43.8293,32.1426,43.0379,39.9452,31.5223,30.3256,26.6042,27.4741,29.6956,36.7276,41.2483,31.9837,35.5182,26.1133
41043.4000,36950.0000,22064.3000,16881.0000,16114.0000,21704.3000,17245.7000,14101.3000,10154.7000,9201.7800,9353.1300,8031.6900,7109.6200,5425.2900,4673.3900,4478.8600,4398.0400,4587.1400,4095.9500,3309.8800,3061.8900,2553.4600,1634.7500,1314.1700,1136.2000,1039.5200,920.4300,1179.4200,1555.4000,1648.2700,2164.6400,2220.5600,1731.9700,1721.4200,1342.3300,1037.6200,937.1260,845.4300,530.7090,395.4940,409.2580,477.3900,626.2380,499.3470,423.5810,232.8000,196.3200,412.8140,443.8700,527.3110,615.2450,457.8760,463.1580,250.0310,93.4729,200.6950,229.7540,354.6750,291.8700,251.3990,303.2280,316.0290,254.7270,257.1700,251.6640,244.2890,229.7900,289.3490,348.5260,282.0160,297.4950,181.2670,129.8050,145.0480,172.3790,164.6850,84.4513,42.2633,42.0095,72.4657,125.9270,148.1090,125.8830,124.6060,130.5880,148.9400,131.5840,143.5440,138.1090,103.0790,75.6887,65.9385,112.6200,231.9530,216.1240,249.4220,230.6030,155.6210,128.4790,97.8815,59.7991,39.1946,70.7261,94.0485,165.6930,129.7100,131.1920,94.2672,57.6818,50.0732,64.3651,62.0128,64.8833,77.2930,62.3778,72.0090,79.4422,67.1771,70.1804,80.6753,61.4177,55.4874,43.3734,49.8577,45.8686,49.6743,26.0690,12.2994,11.7941,14.6628,20.1906,37.4986,32.2360,27.8529,8.0534,7.2518,17.8506,21.1209,22.0431,25.8848,39.2041,36.3092,30.1182,21.1160,14.3046,11.7355,15.4789,18.3940,39.0192,53.5768,77.0312,57.5156,64.0115,37.7743,29.9734,55.6509,68.6047,102.3840,75.2233,67.2564,57.7285,55.8497,53.6985,52.1423,55.8468,53.8290,48.8681,44.4482,40.7566,15.5239,24.9712,36.7220,44.6651,28.2852,14.1288,11.2094,22.7532,11.7711,17.1300,8.7524,13.1522,22.1918,43.4763,31.4369,33.2859,35.1013,38.0257,45.1746,35.6358,24.5388,24.8253,47.0970,28.0112,40.1978,11.9905,3.6730,14.8731,12.4150,14.4588,27.4385,11.9126,5.6610,25.5350,30.1701,33.4669,23.0553,23.5932,34.5692,22.4142,30.9536,10.9804,6.1133,13.3427,40.9494,37.9260,39.7529,32.5055,6.2028,18.3148,23.8013,12.6085,7.9418,8.8006,13.6902,11.8066,8.3311,8.8559,3.1871,19.4465,23.6454,40.0615,33.3216,41.3260,55.1739,56.7722,69.3855,78.9194,65.5824,69.2827,60.8928,35.2962,30.3683,35.0816,53.7347,38.2288,28.3503,19.4380,22.1249,33.3958,57.5369,58.6838,82.2818,42.2843,35.4856,36.4938,63.8759,53.6700,63.5060,52.3356,49.2214,61.9035,47.1321,34.4666,26.4263,26.1164,33.4911,30.7860,34.6984,12.8691,13.0367,20.4370,45.4695,34.1854,47.8296,24.1323,22.2476,14.2572,15.3194,25.9297,18.7692,12.6980,17.8789,35.6214,24.3375,9.2178,22.5351,45.6829,47.6673,23.1501,11.5978,28.6060,30.3980,48.7328,46.2847,43.1045,46.8966,34.2499,25.8921,19.4695,16.9201
41209.9000,36722.4000,21947.8000,16732.6000,16048.2000,21654.8000,17296.9000,14087.4000,10144.1000,9073.0700,9302.6200,8075.8000,7245.2700,5695.0900,5039.3000,4819.1400,4687.9100,4796.7600,4093.0100,3312.6300,3026.6500,2673.8400,1893.2900,1545.9300,1288.6200,1124.8900,861.8620,1062.2800,1501.0400,1666.6900,2238.5100,2464.4500,1996.9400,2156.8200,1742.5200,1267.8400,1127.8300,890.4410,497.4770,303.7130,304.0680,445.7750,716.1190,440.6500,466.0690,277.2420,259.8730,636.2080,536.4360,579.4740,680.8970,508.5350,549.1530,282.9200,146.8310,236.1490,369.2270,454.5850,350.0360,358.8700,321.1670,269.5010,366.4320,142.7370,218.8200,302.7750,328.7220,428.1130,298.8580,167.3820,153.1230,216.2640,353.7110,357.6270,351.8560,415.8350,268.5800,285.8330,76.7655,245.3240,252.3230,261.8530,171.4910,170.4690,275.4530,265.4150,185.2810,170.9440,258.8740,295.3810,215.6620,188.5310,181.0270,140.3450,87.5180,33.7681,87.6615,156.1180,310.4670,274.5440,325.2480,247.7940,116.7980,63.4009,158.0160,294.0260,379.6360,316.9680,314.7620,166.4880,170.3110,112.3260,144.8560,111.1840,75.7486,65.4939,70.4115,60.2100,147.8590,165.2220,279.5600,189.9140,157.2430,129.1760,149.8700,126.7120,151.6840,67.7570,38.4831,50.0955,84.3198,178.7910,190.5890,163.3570,136.6610,59.9273,52.7161,66.1736,84.3805,132.2190,94.6975,54.4540,226.1700,258.3770,536.0600,355.0950,381.0890,313.4270,284.0380,338.3710,289.9640,239.4160,113.7630,209.4330,117.6290,159.0220,48.2915,78.9055,162.0610,267.7480,326.8850,259.6320,271.4610,149.8370,170.5170,203.7570,393.9800,235.0280,429.1100,210.5960,302.9700,110.3390,65.7226,65.4602,104.8720,153.2800,106.2030,103.3370,130.6820,188.1280,103.1860,68.7933,48.7352,119.6820,116.9580,115.9430,23.1623,113.7440,148.6410,221.3440,186.1960,256.2230,188.7530,198.5110,181.5340,112.4110,104.9210,115.6140,118.9500,141.2730,69.1148,180.7620,146.5230,240.8920,178.9750,216.0360,148.9210,129.0690,85.4196,56.3457,116.9800,118.8410,150.8160,92.4659,130.5410,164.8330,282.8660,173.4240,204.9700,66.7316,43.4166,95.0489,90.8139,121.1050,174.4970,143.3210,181.9260,143.7240,130.4020,166.3420,107.3710,135.1540,80.8940,180.6420,247.9480,297.0850,269.3320,277.2320,182.8770,154.3390,137.4450,110.7190,118.0800,127.6280,73.9389,62.2407,80.9701,99.1540,185.7920,126.1270,124.8570,127.3480,86.3321,107.2350,91.4352,87.3572,232.0560,146.7190,190.6550,88.9274,81.0821,18.4216,19.8519,76.7804,122.8620,161.7430,148.7290,142.1820,79.1792,66.3211,81.5291,101.1860,78.4276,76.5722,29.8439,29.3409,25.8932,65.6714,70.0072,76.6761,102.8180,176.5410,157.8050,224.3760,98.7247,65.2262,44.0143,58.9739,41.2230,40.0711,46.8746,34.3742,64.8020,46.8915,31.4780,44.9317,170.3980,124.7140,140.7700,183.5240
41050.2000,36541.5000,21727.6000,16484.6000,16200.9000,22100.0000,17544.5000,14337.4000,10295.4000,9180.6800,9304.6400,8002.3900,7095.6600,5428.5200,4662.2300,4527.6300,4383.0300,4683.6300,4218.2300,3406.4800,3106.8400,2651.0600,1708.5800,1292.3400,1100.5700,999.9110,914.8550,1164.6500,1570.4100,1713.0800,2195.2700,2330.7100,1793.2100,1755.8200,1402.7900,1114.9700,975.6230,933.1240,600.2310,426.7300,373.3160,430.0170,575.6720,455.0890,403.4860,224.9040,166.3200,344.8750,398.7180,492.8300,613.5970,481.9550,515.9470,330.6830,152.3260,175.5220,235.7760,384.7960,356.6870,321.3360,374.5710,327.4280,261.3880,241.2550,262.2910,284.2250,259.7330,297.3490,335.8310,276.8250,267.7710,200.1590,163.7390,188.3690,213.8270,247.0530,132.8970,85.8094,63.2897,97.6232,131.6490,131.4830,155.0260,194.3920,215.8680,147.0170,130.4910,145.6590,164.8720,100.2260,67.0599,70.8627,117.2500,168.3110,186.0580,197.0650,240.9960,161.9090,123.7530,73.0476,60.0436,70.0281,58.8298,59.4915,80.7218,111.5270,97.0148,121.6260,72.1594,75.6468,80.9250,80.5544,108.1010,111.6820,85.4083,99.4362,106.8600,93.5808,104.5350,101.2340,78.6459,75.3007,79.0158,82.1549,71.1068,86.3088,72.5252,49.4190,43.6213,41.6963,30.6385,25.3566,12.6342,7.7832,9.1305,31.9914,28.8357,50.8136,32.9341,33.5345,44.7814,64.8645,44.7744,38.9096,22.0332,30.1858,25.7465,4.0314,35.1958,56.8737,50.0970,48.1575,11.6315,15.0005,20.3665,23.9901,41.5461,50.4331,88.9788,55.2850,58.1869,17.5547,40.2132,61.8016,84.9556,65.3464,39.0561,14.7580,19.1866,28.8760,14.7234,13.0984,20.1141,44.2629,28.7231,35.1426,15.0470,17.0128,21.1110,41.9507,26.6816,24.6229,18.5824,54.2042,53.6348,90.1813,46.4953,40.6164,12.5325,33.9345,25.7345,48.5803,18.1631,5.9196,23.5631,28.4592,12.8000,9.7509,20.1484,50.3644,44.8779,47.9847,25.5105,9.6129,24.5104,31.8423,45.7633,30.6745,27.4162,41.8672,74.3191,74.6342,62.7182,41.8169,33.8812,32.1350,52.0129,17.4277,11.6194,33.9259,43.5447,25.6922,55.7512,35.9395,28.5657,50.9332,23.3864,31.8446,32.7636,15.1248,19.3693,5.6030,7.1288,14.4568,27.7121,33.7397,50.1738,42.6674,55.8155,68.1903,57.7193,79.0847,42.0803,42.7500,18.6417,17.9851,52.5008,31.0718,38.0179,27.2966,7.7826,16.6722,12.4401,20.3863,31.6393,76.5975,70.5868,101.4240,66.2003,67.9026,57.1143,31.0891,18.4150,23.5906,42.2836,76.3907,56.6066,66.7429,38.5300,31.9325,46.6000,32.3078,59.9477,24.6762,24.9432,29.5138,44.7873,29.4696,64.4385,48.8538,21.3911,54.9961,44.5870,11.2463,25.1247,62.5213,37.0216,55.9999,44.3239,26.6817,43.4146,18.5230,25.1724,20.9390,15.7373,21.8979,54.4536,61.7603,50.7940,30.5762
41265.3000,36939.6000,22023.1000,16776.3000,16177.7000,21894.7000,17538.5000,14345.9000,10468.1000,9202.3900,9220.9300,7963.1700,7107.7000,5471.3300,4681.0200,4561.9200,4399.0100,4697.5700,4271.1600,3480.5500,3166.7900,2690.2400,1776.7900,1375.8300,1145.9000,1015.9100,919.1260,1168.6600,1503.4800,1644.7700,2102.9400,2308.6300,1792.7700,1762.7700,1443.4100,1154.8300,997.1340,945.4910,609.3080,438.9250,427.6750,493.3320,644.7310,503.8450,445.9590,276.3190,201.4820,316.5820,374.6060,461.4820,630.1960,515.8090,552.7490,349.8450,156.2870,226.8590,283.1820,413.6270,299.7100,262.4030,315.4130,381.9190,295.1780,276.6410,254.6160,330.2690,336.4700,416.4120,417.5190,317.9770,292.4310,224.7430,225.3540,240.2610,274.9480,244.8830,126.4330,79.6307,81.8319,125.0000,115.2680,108.6590,146.5460,186.6540,262.8370,189.5130,162.6170,120.0190,167.2260,174.3000,141.0700,70.7307,69.2168,198.7720,192.8120,228.5070,169.1430,91.9499,67.5272,74.5588,96.2841,67.4314,68.6829,82.9257,139.1350,119.9010,105.9190,92.3611,77.9793,72.6011,94.8860,71.2797,73.6556,101.2410,116.4730,138.0250,166.7270,109.6450,106.3650,51.9531,45.8923,44.0393,43.2051,54.3750,83.7115,79.9652,73.6430,31.9212,33.0465,60.7562,72.2751,78.2049,68.6686,72.0288,83.4491,41.9093,39.2589,59.1603,43.5165,95.6079,57.2052,77.2614,49.1781,45.6059,75.2977,68.6578,118.5810,76.1480,101.4440,31.3338,15.7303,20.3524,52.6973,31.0574,50.3048,119.9970,83.1171,132.8040,58.9316,47.8971,10.9858,11.8397,7.2367,34.1958,43.2927,81.5223,38.6755,47.4256,43.8810,38.8191,87.8878,56.6101,62.8229,36.6640,22.3580,17.5093,8.6845,3.5474,17.4512,15.1134,33.1525,31.8332,37.4089,41.3428,53.7780,116.8520,84.1296,127.3790,40.6566,25.8657,59.3369,138.1210,84.9908,138.5850,52.9199,56.9007,39.1183,29.0321,48.9336,84.6974,84.4586,49.3285,28.5265,38.0184,40.9522,52.9463,32.1773,19.8112,34.6163,89.5279,69.1471,69.3053,25.3989,37.4723,55.6593,101.7220,63.0530,49.8534,19.9699,79.4362,77.2350,124.2720,58.8124,48.7290,57.8792,117.5920,79.1758,75.4867,24.6812,73.9449,77.8168,125.1280,68.4642,55.4407,55.5350,103.6920,74.7105,74.5481,41.8629,81.9359,86.8496,134.4870,92.3628,74.4288,39.7036,47.3065,64.9607,97.4532,78.9613,72.2570,19.6131,20.3850,35.8444,101.6710,66.2352,111.8820,55.7674,43.1401,51.1609,68.5480,53.2697,6.6580,53.4245,90.8435,91.4973,88.9899,65.6158,44.9801,37.1325,35.3893,40.9021,47.6122,21.2293,9.8099,33.3214,53.4134,64.4935,50.3143,55.6677,37.6831,29.2288,5.2542,27.9060,39.7598,39.5784,45.2680,23.8179,15.0105,32.3027,56.0543,64.5060,51.6505,28.5814,13.5925,31.8881,36.5067,35.3075,34.3759,15.3806,14.3160
41346.4000,37043.7000,22119.5000,16883.5000,16254.1000,22056.0000,17737.4000,14564.9000,10591.3000,9213.6400,9243.9800,7965.9300,7083.9800,5410.9100,4656.7400,4523.9000,4380.9100,4646.9900,4233.1400,3448.2600,3153.8000,2650.0400,1703.6000,1333.3300,1143.1800,1045.1600,955.9880,1188.3600,1503.9900,1601.5400,2039.1700,2180.2300,1726.2300,1691.1600,1435.6200,1137.9500,948.4840,906.3480,671.9120,519.5860,487.0300,534.4530,621.9440,484.8050,423.9300,252.5600,150.2820,308.0660,414.8830,484.6260,614.2850,471.4760,433.0390,312.7930,175.2440,218.3660,248.0080,370.8330,362.4740,315.6010,366.4110,330.4520,263.2990,258.1940,295.0750,319.8640,292.6850,330.6770,377.0070,328.5750,335.1060,295.3150,223.8400,209.5730,230.3810,236.5020,145.7450,102.9690,64.4335,95.7079,166.8600,141.0870,133.7170,116.9500,160.1690,186.7430,174.1030,173.6150,129.3410,95.8126,71.4948,68.1039,115.5210,210.2900,204.1850,236.9740,236.2250,161.7980,135.9370,105.8150,80.9316,56.6154,47.1919,54.2193,103.1350,93.5534,112.0660,89.7884,65.7792,64.0274,83.8203,67.7138,69.9346,73.3647,78.9911,80.2357,95.7558,69.2937,72.8450,101.7720,108.9870,86.5549,72.5113,64.4984,87.8771,84.3922,101.9240,87.0824,59.6887,51.5004,11.8162,24.0898,56.4573,34.7948,29.1568,31.4150,58.1704,49.6358,49.9939,61.3797,49.8796,32.2220,24.6374,48.4692,39.2263,56.4906,13.1080,7.8515,14.9017,52.1070,58.1023,32.4972,15.8910,47.5329,71.6279,91.6465,70.4822,73.5561,75.8041,53.8645,43.4881,22.5318,53.9226,40.8961,40.4352,34.0202,76.6224,56.8036,66.2452,21.9833,25.4482,32.1212,31.7009,19.0875,50.0004,36.7113,62.0054,39.3068,20.6668,22.2969,14.6315,15.7888,26.4640,39.6938,53.9357,88.3501,57.1415,52.3454,16.6267,21.6695,27.0990,15.7503,25.4211,23.9731,33.3302,34.4131,64.1336,41.3853,68.5849,37.2344,26.0566,58.7317,29.0243,29.2860,26.8434,19.8545,34.9315,26.6857,12.4879,31.8670,27.9329,9.9809,13.4413,8.1107,25.4752,19.0420,23.6408,9.3891,19.6569,23.9632,29.2654,16.6472,8.8275,9.7941,7.6792,9.1653,5.1405,23.7961,41.2644,45.7246,63.5148,27.8123,29.5328,8.8776,25.4732,40.4608,49.0156,42.0148,32.0042,33.8943,31.0658,35.6770,33.3028,51.5833,56.5404,69.6679,38.4535,24.9365,19.0998,17.4359,40.5653,27.7870,33.8310,27.5426,36.4884,77.7423,72.1478,79.8264,68.2629,56.3031,54.4663,39.7516,19.2307,37.4836,48.9102,63.7627,56.6039,55.6289,62.0858,68.2143,39.0094,15.4482,17.3941,28.3778,30.7901,30.0150,49.5764,29.9912,56.1651,28.2031,27.9039,14.3070,15.9842,47.3815,30.5990,56.9882,35.2235,28.0314,31.5070,37.4772,53.6773,77.7486,53.1156,61.6813,18.9436,8.0901,21.0111,22.8245,27.3742,13.2006
41320.9000,37150.8000,22154.5000,16878.6000,16118.6000,21865.6000,17504.5000,14297.6000,10294.7000,9110.8900,9251.9200,7987.0100,7114.7400,5494.1300,4763.2600,4597.4900,4415.4300,4659.5500,4222.1600,3458.9900,3116.8800,2640.0500,1734.7500,1423.7800,1240.1900,1143.5300,1025.6200,1268.6200,1615.5300,1710.3100,2186.3500,2306.6100,1797.3900,1750.2900,1390.2000,1112.1300,925.6240,931.3360,724.8540,579.1520,520.9350,579.2190,598.0580,457.7470,412.9310,257.6960,127.2450,284.9600,435.9250,505.4280,650.2400,454.8670,442.8430,267.9560,147.4330,222.3180,248.5760,360.4050,314.8600,274.0320,322.3520,329.5170,272.6720,270.1800,284.5470,255.8360,237.9990,268.0970,379.6400,344.7490,349.4530,292.8050,233.0960,235.8420,261.6670,264.7860,162.5770,125.5370,115.2660,136.0330,129.4230,115.2650,116.8540,154.9720,199.7190,164.0620,156.4420,133.0590,118.2880,91.5230,69.2255,49.5682,85.2506,165.8520,174.1640,199.3660,211.6920,126.9080,98.2174,78.9727,97.4063,67.4026,58.2480,58.5891,95.5759,74.1292,101.4190,72.8301,63.6828,84.3532,123.8790,102.6370,154.8300,113.4310,97.6695,76.4997,51.8791,45.3284,50.6702,44.3455,37.1716,35.1910,34.4300,37.2340,46.1651,61.5781,65.6611,42.6719,29.0422,18.6396,12.8330,15.0972,15.2477,17.5040,12.4407,40.6580,30.8216,54.9161,47.4902,84.0821,65.1997,80.4960,39.4535,25.3031,19.7527,38.1046,27.3943,36.5118,40.1251,39.9188,59.6557,30.8019,24.9634,19.3621,38.7323,38.7984,42.9110,58.6662,54.2651,49.7723,32.0676,15.1755,25.3276,34.2461,35.6485,28.9475,31.2064,29.2132,29.8656,14.9390,24.3434,42.3577,38.2573,41.9738,24.3414,18.3672,3.0595,7.8277,18.1804,16.8206,13.8827,36.2100,14.8117,20.8529,34.6739,67.1959,40.1976,17.4369,18.6022,66.1007,48.8203,60.2243,28.6593,26.7589,12.4653,20.2502,26.5232,28.9857,38.4893,25.9972,26.6587,32.8208,30.8639,25.9931,22.6855,22.9963,51.3952,20.9265,11.0497,8.5676,30.9429,22.0725,8.7576,21.9374,34.8202,16.0021,25.0934,33.1975,18.8851,22.9081,8.8924,16.3668,19.9342,21.7294,16.6809,24.4922,29.0536,19.6281,14.5479,22.7808,27.5947,27.1188,19.5114,30.1541,22.9027,41.1039,26.0575,27.1908,23.5220,31.1212,33.5233,47.2480,49.1701,39.6813,37.9467,41.8683,47.7062,70.7250,58.5641,48.9961,45.0524,39.1430,54.6922,48.6703,52.4002,50.1023,53.8040,65.3347,82.6542,52.9559,44.9301,11.5652,12.3213,39.0032,49.4741,79.3122,79.3159,63.2208,62.5092,70.2919,45.4861,34.5374,18.5367,57.8052,56.8468,67.3280,32.7692,21.8079,18.9076,14.0797,20.4586,32.5175,26.2393,29.7344,7.0071,12.2295,11.2266,12.3530,10.7460,16.8775,34.5135,17.7298,35.6221,32.1047,18.0405,19.5992,71.5843,53.0271,65.8629,32.8198
41300.7000,37061.7000,22120.2000,16816.0000,16033.1000,21747.0000,17308.2000,14239.3000,10293.9000,9103.1400,9066.0300,7799.8700,6938.9800,5347.4800,4542.6500,4400.3700,4276.3800,4495.0300,4030.6500,3368.7900,3064.4200,2619.6400,1633.1300,1350.6900,1205.5100,1135.2300,1005.6300,1259.9100,1565.5100,1606.0300,2051.1400,2161.6600,1711.1000,1708.0300,1308.0800,1010.5600,869.1000,859.4290,649.0180,567.8730,535.4750,631.4980,530.4140,411.4390,364.2230,267.5940,85.1415,148.9450,352.9730,411.3450,543.0750,375.1280,372.2020,215.2380,79.3013,175.2320,228.2120,377.9010,306.3410,265.8810,283.1420,298.6000,237.6060,239.6860,158.4320,172.0700,184.7880,239.0060,309.7870,293.9910,317.6430,297.9450,237.2370,228.0260,270.2810,259.7860,156.4290,107.8630,83.6244,110.5850,120.9980,143.4110,151.5630,193.4970,166.0260,156.2730,165.1460,201.7200,139.2350,97.1165,81.1747,92.3105,104.6680,166.1560,176.6550,263.4630,202.8870,151.9000,112.9600,108.0770,87.4185,86.2480,49.0719,37.7704,36.7544,40.1753,49.2225,73.8464,65.8107,81.1815,89.1374,99.8811,144.2170,141.0510,114.6630,110.6470,87.5020,75.3643,73.7838,28.6461,44.0231,57.9652,107.2490,64.8320,58.4012,49.8639,43.0383,50.4194,16.5219,31.4240,34.9332,14.9745,51.0149,40.9286,76.8757,43.5951,21.2390,68.9124,48.4571,22.4128,10.8160,18.6289,8.5688,24.0095,29.0685,44.2269,19.0313,25.2206,35.1477,49.2739,21.5509,15.6804,24.3815,39.2933,17.4938,55.1660,62.3102,107.4060,49.9055,27.7399,23.4597,67.3526,36.1604,29.9035,16.3205,38.0596,20.5714,8.4773,20.1217,28.7105,20.0642,25.7944,29.9825,53.9681,24.6264,13.1777,31.5993,29.1221,17.7272,11.1476,1.5111,10.8247,39.4217,39.2632,79.5445,52.0318,53.2328,29.3330,17.3127,13.0476,16.7934,32.3104,28.6343,37.2921,7.8818,10.3295,22.6883,20.3832,11.4265,17.2162,45.4513,32.2884,15.8462,61.6750,56.1134,29.1787,28.9538,36.1889,35.1874,21.9079,24.5680,35.2723,24.6336,19.2772,16.3074,27.5488,17.6044,19.6065,26.7383,34.2789,45.8251,16.4097,10.9845,28.3869,33.1794,33.6426,24.1644,23.4658,45.1339,31.4734,35.1603,13.3132,21.3232,17.8932,20.7764,31.8216,20.9656,19.7950,11.6362,32.8913,69.5272,47.7860,82.5129,37.0456,23.1819,49.6199,20.7990,18.3020,41.5549,49.5074,77.7592,25.9703,40.5472,48.8293,19.5768,16.2504,30.8841,33.8686,13.0750,38.2315,60.0180,60.0954,85.4164,73.0728,56.9043,56.7383,58.1080,48.5129,57.8539,29.1108,22.5712,18.5062,21.7833,34.9710,24.4237,20.8436,20.1376,12.6709,11.2578,45.4610,39.2264,57.3141,15.7744,5.9414,24.7283,25.1224,17.9780,26.2491,35.1263,37.1016,18.6934,15.4855,24.0135,37.5781,10.2497,17.3378,32.9662,14.8339,5.0700,12.6058
40734.2000,36561.2000,21739.8000,16469.3000,15862.3000,21716.8000,17391.1000,14276.6000,10313.2000,8985.6100,8929.5500,7624.8900,6712.1800,5091.5000,4385.1600,4256.0900,4091.1300,4285.1400,3863.0400,3235.4800,2913.1800,2531.7300,1621.6800,1269.6600,1115.0600,1049.8000,990.8160,1189.0000,1480.5800,1593.5900,2052.4400,2221.8900,1714.4300,1688.0200,1251.0600,904.1260,746.4370,690.4530,508.9630,439.0310,429.1730,501.9620,537.5460,402.9240,386.4180,244.6230,84.5644,112.4990,259.3040,333.8090,501.9980,361.5380,413.6560,195.8700,102.9560,92.5216,133.0590,264.8600,228.5090,256.2430,322.6860,294.4140,297.0150,279.6520,256.2770,249.4570,257.0930,242.9950,276.3500,286.7770,327.4500,269.4580,198.4330,200.6150,248.6870,242.6440,155.4120,118.7810,98.8805,106.2780,94.4413,111.1080,137.6030,193.7670,236.8220,194.1220,181.8620,138.5280,78.6681,48.4315,53.0323,100.5360,148.2510,253.9280,227.3930,259.5690,238.6250,142.5150,120.0390,65.5979,25.2710,33.5494,71.4188,102.6020,121.6950,72.9897,44.6476,41.5278,59.3071,85.0625,72.5126,62.6010,59.6277,45.1106,51.6409,33.5198,14.0347,31.0021,44.9236,68.2230,58.8910,47.9139,47.9695,67.7241,60.4549,66.6815,88.0849,75.2802,93.8142,65.7118,62.0602,25.7590,62.9559,36.7204,32.8733,20.3743,45.1491,81.7757,77.4165,96.2455,72.7578,30.4558,23.4876,40.8422,57.9785,28.1087,36.9107,60.5564,79.1080,77.2508,47.6215,47.8962,21.0413,29.4828,65.9887,77.6415,98.5276,74.1220,75.5205,81.2547,123.8180,93.1682,59.7102,44.3398,50.3836,36.6134,23.1126,39.0049,62.9953,81.8067,67.7858,44.5843,14.5462,23.2913,24.9724,20.0512,6.8728,9.1176,6.4401,14.9987,16.6608,27.2698,13.2476,29.4027,33.6089,62.7040,41.5213,42.3768,20.8852,42.0458,40.0801,44.7161,14.9257,12.9387,17.6463,19.2105,13.0969,8.2176,12.3925,11.3976,38.3572,29.9287,34.2954,19.5185,44.7269,41.5357,43.4070,23.2703,40.9394,36.7082,33.7655,33.3975,53.1984,37.0324,34.0916,32.1889,36.1726,54.4271,47.1432,40.3895,19.3096,18.0548,19.0710,22.1840,15.6801,34.6441,41.0177,55.8871,62.7175,59.3377,70.8603,46.6920,39.3310,41.2695,60.0350,47.1205,66.7033,33.5262,42.5184,20.0237,47.8452,44.5385,68.4861,76.2112,65.5221,71.9401,72.5513,79.4059,75.0870,89.8904,68.9257,36.0885,17.3066,5.4062,20.1783,39.9448,46.4790,52.1080,40.0793,33.7918,37.3986,54.5973,38.7857,32.8102,29.5820,46.9774,28.7479,16.5187,11.3604,19.4332,26.7982,38.6547,34.6340,55.8525,28.7857,47.1264,25.4696,19.6882,22.8364,17.0626,31.1645,31.7348,31.4674,38.3483,48.5306,49.2527,71.1834,56.0611,44.7293,44.1951,85.1559,83.7306,122.3670,81.5741,63.2896,11.5545,44.2178,49.4606,59.9965,35.8586
40944.3000,36719.1000,21679.5000,16472.9000,16165.8000,22161.2000,17746.1000,14422.9000,10499.5000,9205.9000,9118.1900,7794.0500,6894.2800,5376.8800,4653.6700,4435.0300,4241.7600,4481.5500,4062.6700,3324.5600,2976.8300,2531.9100,1647.9300,1334.8400,1141.0200,1025.6700,887.9350,1178.7500,1554.9000,1658.5600,2102.5800,2279.7300,1730.1800,1724.4100,1128.7000,744.1720,597.3440,556.7150,432.3860,478.6130,522.1720,615.1100,607.2450,408.8340,354.6520,201.9260,72.0293,123.9390,212.7840,263.1550,360.2030,286.4820,338.2240,214.9990,116.1800,84.6258,146.2600,306.2470,223.7000,230.0140,246.7550,288.3730,280.5750,281.7690,197.9160,188.3890,203.8020,250.6880,311.1260,291.3990,313.6940,268.9400,235.6010,220.3840,257.3380,211.2560,135.2620,98.1217,69.9200,68.5857,133.3770,152.8870,143.6900,127.6830,151.4870,166.5900,158.7260,109.6820,43.2420,58.3626,72.1444,116.0220,162.7940,275.3920,218.6970,224.4070,175.8700,98.8858,65.6107,70.3739,114.0330,122.2780,75.8068,74.4968,113.8600,141.5710,91.8262,50.3905,32.8130,47.0877,79.7416,43.7319,69.8814,45.1782,64.9347,96.0718,138.8700,117.0240,132.4500,159.5350,121.6530,120.0500,77.1217,71.1678,54.6907,62.1993,18.8088,20.1374,42.5407,24.6288,38.5668,50.3123,41.0541,16.8045,71.5025,70.1605,92.7023,66.6663,64.0254,59.3856,50.0554,39.7357,68.3403,65.2767,68.0201,80.1524,90.7267,74.0059,70.6504,51.7362,47.2286,49.7631,13.9890,16.3529,73.0062,55.6935,65.3259,43.5512,71.9883,67.8232,84.5396,41.1253,37.2091,39.3582,42.5994,24.8637,20.6561,22.7494,6.3183,14.2955,30.5814,16.7856,27.2943,39.8679,70.1312,91.9254,41.1910,98.6568,59.1532,30.9527,17.0249,40.6205,27.1292,25.3057,32.6634,72.7380,60.0525,70.2145,28.0480,15.9720,12.7239,18.0922,26.8059,24.0587,38.3193,22.5675,10.1180,21.7826,43.8113,66.3439,23.2709,46.5654,49.0097,19.9172,8.6235,48.8295,62.2952,34.1531,42.6347,12.7403,7.6289,19.7969,27.4646,32.7382,60.5881,40.1449,41.1855,26.1540,20.8285,13.6746,15.8038,29.4577,48.0272,37.4991,10.6138,24.6514,77.0510,37.4151,30.0812,23.7419,53.8348,33.8467,57.9456,26.9836,12.5151,9.3424,20.1307,33.9671,20.0191,31.4162,14.5645,19.4127,6.5899,4.0149,18.9894,32.9987,40.6430,45.3284,11.3871,16.2250,53.7006,45.5984,50.6522,58.8868,18.3963,18.8439,5.8803,29.3194,38.0678,33.2161,21.5063,20.6204,51.2236,38.8900,51.2673,15.0633,12.0353,13.4528,18.2999,8.0135,34.5364,38.5048,57.9150,41.5624,23.6818,26.6311,25.2589,50.0761,49.7839,24.0894,53.2995,27.3754,10.7114,22.5690,28.9291,36.1658,11.0723,17.9903,38.3675,42.4767,24.5256,15.2111,11.8032,17.4556,28.2418,18.2635,25.1608,39.1400,29.0382,17.5935
41072.3000,36767.9000,21826.7000,16632.1000,16332.9000,22200.9000,17769.4000,14491.6000,10642.7000,9342.8600,9238.2300,7947.7500,7087.4400,5544.7700,4790.4400,4613.6800,4461.7800,4710.6200,4226.6200,3426.2600,3116.4200,2615.3000,1712.8600,1417.7600,1246.3500,1162.4000,1060.1900,1278.9100,1581.0300,1665.3000,2166.3000,2277.2000,1741.3100,1734.5000,1170.5400,758.7700,589.4460,427.4300,370.9950,545.1940,563.1200,638.0090,660.4050,466.7220,417.0120,278.1610,110.5190,143.7460,248.9240,312.7140,418.3900,308.8430,313.8570,197.5300,112.8170,169.6300,211.4580,324.3320,282.7040,274.9860,323.6190,312.3780,266.0790,289.4960,249.8580,195.2110,177.6510,181.4790,290.8280,281.0870,311.2810,261.5880,209.5260,196.5790,231.9290,178.8420,83.9517,55.6290,112.2940,170.0950,241.4840,207.9250,211.9370,201.9250,188.9860,167.7100,193.4110,158.5540,92.1306,71.1955,22.2593,62.8448,107.4510,140.8340,127.2190,135.7700,166.3770,130.4590,106.2460,80.2435,73.5172,79.8661,88.3250,100.6630,135.9500,102.3410,90.0289,75.3007,75.3144,65.8760,63.6928,68.7870,43.8421,55.7363,30.8782,60.4053,61.0472,68.8676,90.3437,76.2394,70.8395,63.0332,36.5520,41.0915,57.4953,70.6786,92.5858,106.9800,92.7325,106.7520,63.9499,49.5141,47.3891,60.9790,48.4702,32.2970,31.7982,24.8957,43.6438,60.9301,72.0056,53.4500,60.5227,72.4485,51.9494,69.9295,28.4310,21.5481,23.4401,47.1983,34.9278,35.3866,28.4198,46.0168,73.0668,94.5337,80.8036,97.5822,88.2728,80.7139,105.4120,66.0463,60.7318,32.3256,16.9064,11.9941,10.2832,15.0613,12.6985,12.5743,14.0048,24.0104,26.3875,26.3334,29.6938,32.1621,29.8736,52.2891,33.3712,62.7117,38.1535,58.6017,42.8358,43.7999,44.2461,25.7459,19.9224,17.5077,29.4040,26.2298,26.9409,23.4267,12.8885,11.9933,24.9053,16.5722,28.8038,12.7431,8.1386,4.3575,8.3041,12.6584,24.9453,32.3969,58.7151,59.9088,60.0484,52.4369,33.6726,34.0137,26.4152,23.7214,14.4280,13.6404,28.5815,34.8372,40.4345,20.6041,14.7998,14.8690,30.0053,18.1190,31.9787,26.1026,34.6644,33.5587,19.7140,11.1539,24.3744,29.3180,27.0040,11.5681,8.1220,9.8751,8.7483,4.2877,8.1262,11.0490,19.4515,32.4522,42.7642,36.0886,39.7563,45.9119,34.5775,32.5791,31.1811,48.5789,39.1491,49.7800,17.1024,18.7628,18.8934,17.5872,24.7934,14.4491,10.4883,1.0379,3.4042,6.2598,10.9866,23.8108,18.9046,26.9888,12.7175,11.3187,19.6210,30.4057,49.2934,48.7662,52.2926,47.8334,34.9725,34.9011,34.9583,30.5854,30.8032,42.8251,40.7810,45.9852,25.5189,50.9390,44.1629,64.9397,70.6987,42.3500,46.2090,23.9982,33.2039,43.7474,25.8713,17.3446,2.5124,2.5282,4.9743,11.0620,33.7703,27.4218,38.5304,23.4466
41271.4000,37100.5000,22148.0000,16905.2000,16331.8000,22263.6000,17919.5000,14788.0000,10889.5000,9579.8300,9417.5500,8036.1500,7097.6300,5470.7900,4713.4100,4477.6300,4460.4100,4669.7900,4231.9800,3401.4200,3183.6000,2592.5000,1620.2000,1337.9400,1182.2900,1099.4600,970.8500,1210.8600,1599.1300,1722.8800,2269.1000,2377.1700,1799.5700,1793.5400,1164.8800,769.3710,604.0780,469.6820,386.9220,546.1160,587.2280,694.9840,708.7760,486.3960,429.9760,261.9160,130.8770,181.1430,256.4140,354.4940,458.9180,366.7720,407.9100,281.4450,187.1510,180.9640,248.0340,311.6540,255.6050,259.9350,287.2270,299.5080,268.3820,305.0700,313.9360,257.9620,254.4620,263.1380,342.0500,322.4410,348.3990,293.2080,207.7250,189.7850,209.8270,183.4260,89.1982,67.6366,110.6190,161.6580,217.7260,183.2820,184.3350,170.3870,178.9120,188.5220,211.5200,208.1970,124.1400,88.1015,57.2578,68.6977,127.2450,213.5540,211.5770,305.5200,265.1250,206.3830,185.3260,124.4790,99.7928,88.5159,94.0519,112.1160,153.6870,151.3280,183.8480,183.5570,167.0550,177.6790,225.6010,179.9930,161.1610,136.8850,87.8856,73.3731,88.0941,74.0278,49.1916,27.3619,35.7199,78.2909,72.8932,106.6590,74.9019,70.0117,46.2274,14.5467,10.9576,24.5887,22.0577,20.7466,28.5777,25.3587,13.1962,28.2752,46.6536,99.6991,97.5023,97.6567,89.5632,52.4899,39.8525,30.9682,11.3418,16.3884,62.0130,59.4510,91.2205,60.1835,37.6809,9.3874,28.9875,57.1435,83.5746,75.9229,90.7120,111.9310,95.9101,101.2950,75.2837,36.0034,28.0809,31.5162,42.4152,27.4366,18.2605,11.8896,9.8604,7.7414,8.1454,10.7713,13.0535,19.6289,16.9596,24.7230,17.8698,21.0025,42.5396,61.3042,74.3336,77.6400,46.0890,42.5056,56.7519,67.2876,52.3280,31.7893,12.3796,35.9135,33.3046,36.8585,21.9327,21.0498,23.1015,28.3576,41.8079,30.9114,47.3175,21.6219,30.1220,10.5634,7.1710,4.1463,16.3006,14.3437,24.6128,8.8575,19.5223,25.0153,25.9805,23.1117,25.5337,27.4763,21.2488,21.4630,13.8655,11.5009,34.0921,26.3866,37.0726,16.2562,13.0215,6.2167,5.5967,3.3731,11.2355,14.1322,27.7120,31.4596,50.4404,46.0438,52.6908,32.7096,37.4353,11.0338,17.7015,14.9505,11.1858,17.5618,35.3534,48.3924,31.2119,31.2684,7.4863,7.8275,7.7014,24.2481,19.6571,34.0067,12.8615,3.5461,28.6929,29.7494,41.4470,31.7023,40.2814,32.1751,27.4243,23.7172,16.8232,22.1501,28.7718,38.5205,31.5615,32.3602,23.6874,28.0081,34.2514,43.0742,27.6547,27.4395,20.5273,17.6385,31.9557,24.6242,35.2107,36.3705,34.6202,53.0074,41.4147,44.3496,39.3291,32.0613,45.3432,36.2317,36.8766,24.5507,26.9297,30.9737,64.1679,46.8016,68.5727,41.6796,37.5157,24.2608,12.0206,6.7562,8.1792,12.0630
40979.8000,36652.0000,21842.1000,16688.6000,16317.7000,22105.1000,17700.8000,14492.5000,10658.9000,9453.9300,9376.6600,8040.0600,7139.4400,5547.2800,4800.8500,4541.6200,4485.1800,4646.3900,4160.4300,3324.3100,3069.2500,2477.1600,1602.9700,1382.6900,1224.0100,1138.3500,1026.7900,1264.2200,1611.6800,1725.6900,2250.4400,2363.9600,1791.3700,1777.5100,1212.0400,801.7830,638.8310,459.8410,345.5300,491.5410,536.1460,625.9990,660.5330,453.9140,399.3250,234.0390,114.6000,179.8340,250.4810,324.7520,431.6960,336.4830,366.5050,214.8610,99.1592,137.0040,187.8780,323.2340,299.2480,288.4480,343.7620,360.5750,319.1690,376.0160,327.7110,242.8240,216.0380,226.7480,335.7680,308.6560,342.1920,270.1760,187.3460,165.8140,190.9120,157.3920,75.5312,48.5405,93.5419,138.5730,179.2230,156.8990,160.6690,202.5770,242.7100,198.5630,216.3990,166.9100,123.8740,107.2270,89.3239,65.2160,88.1264,125.8850,154.4840,228.9460,175.8560,189.1990,134.9220,73.6224,67.2759,45.7031,80.5266,54.2006,97.0333,40.9464,40.7275,10.3269,5.6299,16.2996,44.7408,62.7813,122.8980,126.2200,167.6310,171.5010,126.3340,121.2370,123.8870,105.0110,82.3500,79.2250,105.6260,112.3510,89.3522,72.2466,41.8442,39.6764,33.2475,28.6357,27.4648,36.8356,43.2134,28.8993,28.1588,50.1832,93.0571,134.3670,108.4180,130.4650,67.5412,45.9682,27.4753,20.5765,26.7126,22.3743,52.9902,31.1186,28.7553,26.8435,47.3342,38.3474,42.9441,39.6540,48.0116,44.5081,52.4979,40.5650,27.5971,22.8650,28.3579,54.5577,64.4234,56.1321,43.6386,22.7868,40.0847,41.9172,55.4331,37.8224,29.6671,29.6675,23.1098,12.4715,3.6073,15.9891,32.2517,18.3067,50.2407,32.9122,45.3789,23.6262,17.2863,14.8847,18.8533,21.5001,23.3664,34.4459,18.0848,19.3236,13.7146,17.3103,25.8420,21.1985,15.4118,14.5975,18.0051,12.6363,7.1755,3.3633,11.3636,13.4311,19.1290,21.5442,18.9309,24.6156,18.0899,19.5956,21.4505,20.0708,31.7422,24.7271,39.3991,25.9775,37.3142,14.6380,28.2028,18.0090,6.3591,8.8509,21.7819,15.7405,22.7543,13.7086,12.5980,10.7237,10.4707,5.6304,12.5556,9.8436,8.3404,7.9110,9.8312,12.1353,17.3295,19.3716,18.6247,26.2408,22.4550,25.3070,13.6079,29.1603,18.3670,32.8154,17.4034,20.1577,14.0593,19.6939,21.3614,35.4789,41.4798,44.1174,57.5924,36.2318,37.0596,13.9916,12.0409,21.9324,23.2081,16.7316,6.4446,14.2483,15.8935,23.6524,11.8740,14.7550,24.6570,27.1572,66.3450,42.5844,69.8582,32.3513,38.8687,13.7197,10.6900,10.1489,11.1325,21.7788,35.5250,42.2041,41.5638,41.7917,24.6351,19.3206,10.2969,9.5732,7.3468,2.1782,4.0256,13.2000,8.3360,6.4982,21.8329,34.3214,31.8039,23.6714,17.9953,25.0229,22.9749,18.7163
41055.6000,36586.5000,21901.3000,16732.3000,16206.7000,21932.0000,17412.0000,14402.5000,10467.3000,9360.4400,9270.8900,7903.7200,6975.5600,5334.6000,4586.9000,4406.0400,4390.7600,4607.9200,4081.9800,3216.8800,2992.4100,2417.1200,1582.2300,1371.6400,1185.5700,1061.0200,850.2590,1038.0500,1404.6700,1583.2700,2036.9000,2334.0100,1780.0600,1850.0400,1288.1600,839.9760,664.4900,375.3760,120.2090,208.7650,455.2390,479.9680,640.4000,430.1620,373.3320,206.0530,95.3834,163.7180,228.1390,301.2640,430.8990,345.3440,397.3620,246.6120,126.7890,98.1071,139.2620,225.4560,185.6980,201.9610,235.4310,222.2210,207.9450,242.0720,267.4850,233.7030,241.2770,261.9400,326.4270,299.1300,329.9630,269.8420,213.7460,192.2270,217.7900,202.0610,120.5620,74.2832,88.2000,141.0410,233.1290,233.2790,226.3850,265.8680,291.6910,241.1250,245.8850,187.6750,140.8800,107.2780,89.9435,67.7171,101.6200,161.4190,177.4670,229.6200,235.4070,149.6840,114.0980,72.6624,108.8560,119.4610,116.0310,151.9060,190.4550,137.4430,170.3580,76.6302,47.2791,16.3961,27.5223,40.5586,41.7883,33.4560,52.7480,59.3605,53.3388,67.7697,52.3194,43.1547,43.6053,57.8033,51.7822,39.1203,45.7125,53.7656,58.0298,29.4804,35.9563,47.1505,81.8697,58.7318,34.4075,18.6416,35.0989,69.4115,58.1442,44.0413,46.3670,66.9189,82.3495,68.9280,81.6048,89.5150,59.2426,70.1035,15.3506,9.9945,29.5341,40.4281,23.9777,29.5451,25.4046,31.2401,62.1136,56.4723,74.1903,77.0270,60.4795,65.7130,40.0335,18.8266,45.2178,56.5760,104.2200,80.7431,68.0280,15.5756,15.1677,61.2020,42.0399,50.0494,25.4712,13.9040,10.0461,15.8471,32.5677,49.7115,60.4025,59.9382,41.7299,27.0937,34.6724,47.0193,50.7379,35.1347,33.6497,22.8746,18.2482,13.0901,34.5287,27.8770,25.4206,14.7284,8.7595,10.3341,15.1851,7.1207,9.5701,14.7707,18.4696,19.4393,8.4067,10.2443,16.7899,15.0318,30.2606,20.4003,20.4547,22.4423,25.4472,34.6730,21.2932,38.1954,21.6776,26.4767,20.4304,6.4553,15.7223,20.1979,26.0556,7.6353,4.0582,10.8217,18.5006,6.0686,10.8144,11.9805,4.4560,7.6329,14.1909,36.4527,38.1101,46.9909,30.9750,25.4464,41.4608,69.8359,70.6718,97.4993,71.8779,72.5358,57.8470,32.3413,23.1267,24.4925,26.1846,28.7217,13.3889,18.9895,8.5417,10.3082,22.6185,20.6086,24.6922,14.2880,27.2109,29.8911,44.7351,20.6330,12.5110,17.5565,24.2771,18.1095,27.4853,47.2320,60.2830,74.0504,51.5115,51.3902,33.3182,20.6130,16.7079,3.6109,18.4359,24.0387,39.3188,28.2258,29.6032,12.8070,7.7318,4.4870,4.3427,11.6112,22.6708,31.7135,28.0059,32.7328,22.5720,17.1538,16.9543,23.8447,8.1797,9.2223,27.1622,24.9550,37.9851,25.7601,19.4637,14.6889
41218.1000,36857.4000,22183.3000,17044.3000,16225.9000,21828.5000,17440.2000,14492.2000,10568.4000,9362.7700,9290.1700,7945.1000,7062.7500,5360.3600,4599.2500,4436.6100,4462.2000,4630.5400,4024.0900,3177.6600,2969.4400,2417.9100,1572.0900,1301.4900,1103.8600,967.8530,734.8750,864.3430,1264.5900,1492.9100,1931.0300,2267.6500,1724.6100,1806.6800,1333.7400,920.9440,835.7730,612.1000,285.1500,143.7350,300.5490,272.8830,484.7180,314.4610,337.1320,128.8240,53.2252,196.6000,222.4290,329.4250,331.9810,303.5210,379.7280,315.3830,216.7320,181.1870,232.8190,346.2960,308.6280,355.5870,349.2200,297.8540,303.6060,288.5580,270.4720,260.5190,275.5750,305.7030,338.2760,300.1220,316.9590,248.0250,200.8910,191.0370,217.3150,209.1180,115.8690,62.3954,70.3182,119.6100,199.0170,170.6500,158.5890,185.9950,252.2540,211.8140,209.1640,190.6430,150.2770,100.0080,71.1214,64.2433,127.3040,204.3550,198.1140,262.0860,238.7680,167.1060,151.7880,112.0410,97.5880,77.3827,59.1532,53.2418,90.0451,80.2115,91.6256,70.8207,67.4085,73.0717,110.4030,93.5841,110.3640,119.8840,90.5528,115.3920,86.6088,77.6396,95.9830,128.9800,101.3240,115.3970,76.1293,61.1314,56.8527,63.6624,54.9938,56.2379,60.9337,74.1352,87.2263,67.4526,61.8566,62.0489,46.4655,44.1793,25.5962,46.5946,29.3575,41.8508,35.1829,44.5435,59.7670,75.8779,50.3368,46.5362,20.2555,16.8458,14.7251,12.8124,5.9104,5.4274,7.9075,8.5244,24.5850,25.4767,31.5911,32.8857,30.0132,28.0695,25.3306,10.8647,18.9781,16.7511,18.8041,5.4328,13.8207,20.2264,19.1231,22.9989,19.1023,26.3391,9.1044,22.0419,24.6640,13.1518,19.9391,6.9549,5.4770,7.2009,20.0346,12.5219,20.2363,15.3704,18.6318,24.7465,16.3992,14.8089,7.5531,18.3259,19.2736,25.2620,8.9022,11.8799,21.9348,42.6583,37.4281,42.2550,35.4796,28.5419,31.2720,31.9666,16.4497,13.3742,15.8967,23.8672,18.6223,27.4092,32.8896,49.1174,33.0051,29.0405,27.5117,21.2164,13.9838,8.0297,14.5163,20.6255,18.6243,6.5441,13.8535,9.9601,10.7337,13.4525,20.7860,26.3937,34.5432,26.3565,25.0949,27.7198,37.9745,42.0769,46.9337,61.1933,46.0518,45.2732,44.2593,36.2889,34.8239,18.7119,14.3842,16.0109,22.2322,24.2220,34.6326,27.1128,30.8738,7.2341,19.1606,37.4990,48.5230,57.0722,65.9729,44.6724,43.4274,52.5475,67.1682,53.0418,52.2781,19.9638,19.0755,26.9395,33.8530,38.0381,33.7721,29.7662,27.8717,16.2899,15.1799,16.2082,21.9771,20.7987,15.8597,14.4887,11.2988,15.7201,18.5587,25.6738,17.3816,17.8086,16.6189,15.5885,24.0204,10.6977,17.4642,14.9845,22.6639,28.7163,44.7821,36.7001,45.4895,33.4529,32.5542,39.1269,42.0949,22.1491,8.3111,9.6899,22.1624,9.1840
41775.2000,37480.2000,22589.1000,17349.7000,16178.8000,21693.9000,17399.7000,14406.4000,10470.4000,9289.5900,9290.2800,7990.6100,7108.5400,5521.2800,4822.3100,4633.3900,4628.8200,4806.8100,4119.9100,3223.8000,2953.5100,2336.1300,1546.7400,1311.2700,1080.4900,912.9640,683.2590,863.5400,1198.0800,1419.8500,1815.0400,2226.9800,1710.1500,1806.7300,1369.5700,956.5840,868.5590,685.2360,346.9150,199.3740,95.6165,182.3150,380.1980,309.8730,374.6500,207.0290,87.1468,133.9750,203.8300,337.2830,380.2650,329.3290,421.6700,282.5880,178.1570,128.4480,198.2010,312.7040,268.0250,285.3140,277.5030,214.8430,188.6870,201.0440,255.8400,234.4050,227.2950,254.7870,320.1640,274.5270,290.4090,200.9990,146.7960,161.2610,187.1930,207.8420,109.9020,61.7614,53.1421,89.7049,142.3820,139.7620,149.7020,185.5080,240.7440,204.1620,204.8180,198.1120,146.3370,104.0620,84.5733,77.4250,126.3740,216.8960,220.1550,305.1840,266.6390,190.7310,172.3900,144.1950,122.7620,96.3955,72.7963,74.0842,105.4670,85.5929,91.5776,49.9728,42.8067,45.4722,74.2175,60.1540,82.6329,80.4338,75.3817,101.4390,82.2276,87.1279,88.4184,85.1573,83.9208,110.9690,91.2417,70.2452,59.8893,34.6878,24.8220,29.3364,35.9653,36.3303,17.6566,11.6896,15.1352,15.8966,37.2928,38.4955,53.0136,82.7714,72.2981,101.7020,79.2489,60.1443,56.9989,66.8477,50.3880,69.5644,32.2863,35.4452,24.8878,22.4417,31.6100,15.3512,22.0241,33.1046,78.8891,51.8159,69.5848,27.6060,17.5379,15.3148,16.3499,10.2397,26.2099,31.9992,41.4734,46.2934,36.6170,39.2005,33.9984,28.1909,27.2840,35.9775,14.9248,10.7517,25.4232,29.1671,41.3363,27.3456,18.9330,13.2413,15.0663,21.1130,16.5929,14.6489,16.0898,24.4477,16.4886,13.1267,10.8685,19.3527,15.7343,11.0462,14.4677,28.4160,41.0558,34.2224,33.4005,20.8042,21.4284,33.2446,31.6070,26.8721,22.2108,25.1063,33.3298,43.3058,62.3194,42.8700,49.1574,22.5947,22.5313,26.7375,32.1246,25.1913,30.7999,30.4325,39.9892,31.2032,21.3563,19.5147,20.6049,22.3855,19.0120,23.9378,12.0314,11.8250,3.2559,7.2833,8.8002,7.9990,10.3427,21.0969,29.9068,40.9569,28.3167,24.7686,14.3272,14.9995,13.4058,12.2743,17.5327,27.3032,24.9633,29.0805,15.6404,13.0771,10.8866,13.3614,20.1433,30.0745,39.6347,34.7955,43.8315,39.0125,37.7635,45.7868,51.4640,42.5263,45.5721,45.3974,33.1258,27.4733,9.0051,16.7301,44.6515,46.0152,49.6201,53.0069,37.4208,31.2215,20.0691,12.5789,12.0362,12.0390,16.9644,18.6563,27.8011,40.8898,38.8914,57.9422,55.4237,54.8336,69.7799,57.6943,51.3318,34.2813,17.4338,35.3514,39.0515,50.6635,45.5435,47.8970,54.3413,57.6078,32.4008,24.3838,23.0102,16.5891,12.8477,18.3115
41368.3000,36879.4000,22295.1000,17214.4000,16422.9000,22006.6000,17549.8000,14662.5000,10721.3000,9546.6500,9378.7400,7967.8400,7035.0200,5419.1800,4799.5100,4602.2500,4679.8000,4842.0900,4189.3600,3322.7600,3058.0200,2436.1900,1615.4400,1326.2900,1107.0700,965.4510,739.8850,826.7860,1090.4600,1295.1200,1680.2100,2089.4800,1643.5300,1739.9300,1356.3500,953.6610,850.8490,747.9550,402.6720,268.0730,104.9850,177.9440,365.3520,297.3780,337.0870,174.7610,66.7673,149.2230,204.4650,306.4390,350.1890,276.8560,355.6940,215.1130,152.9330,65.2884,90.5359,163.7420,165.9920,215.7970,254.5410,208.8330,204.6440,180.6590,205.2560,210.1660,231.4360,265.9090,338.7830,312.4570,368.9110,264.1570,196.6550,181.9010,229.8630,214.5720,132.2600,88.1636,75.6891,114.4340,132.0130,125.3020,136.4420,185.1840,239.5670,202.4060,198.8630,183.3940,156.5990,115.0300,91.7996,41.7524,86.6150,195.5220,201.4470,261.3650,253.2660,176.4650,157.7670,121.8010,100.0050,81.4692,80.5833,104.2900,152.5490,122.5400,156.9530,95.1041,61.8428,31.6159,33.0871,41.9306,36.3855,40.3309,26.3203,33.6808,38.7655,37.4969,48.1166,34.1044,33.5812,38.5013,40.0274,37.7270,40.4959,55.4833,41.5393,35.0546,28.4553,33.4312,22.7098,22.4392,9.5539,24.8966,31.5478,63.6357,54.7388,87.0624,66.6996,79.0445,80.0256,58.2328,66.7336,47.3146,27.0942,13.1301,7.4202,9.6279,7.1448,15.6027,21.6077,21.7296,10.1030,18.3593,43.9011,44.3814,62.1293,61.0089,55.4192,69.0396,33.4038,22.7677,11.0898,17.3468,29.0527,40.6549,42.0942,46.9006,40.6360,25.2833,21.7785,24.6144,23.5582,11.2455,6.4679,5.8255,7.0192,2.9309,4.8691,9.9239,9.5205,10.1373,12.9010,21.4734,46.0978,59.8563,67.3477,61.5357,29.9109,20.1779,30.0791,49.8600,26.7297,14.4174,15.9328,44.1504,31.7484,29.7089,12.1882,21.0952,30.8092,28.2348,28.5678,21.7118,17.1496,15.3841,15.2034,14.4752,10.4984,9.2606,9.4886,11.1320,7.3981,6.6823,7.7654,11.9926,11.0643,11.6456,14.3832,18.7019,19.5895,24.7125,31.0142,21.3891,19.0860,10.9282,11.4204,11.8549,21.2136,29.1263,49.1214,37.7617,30.4830,24.5293,45.7411,66.8086,65.6049,71.9489,37.3902,28.2033,23.3074,23.1245,12.5190,4.0306,6.1623,8.7318,12.9131,26.6359,23.6390,36.1773,20.2633,19.7189,21.1834,23.5981,33.5433,18.9780,16.6034,20.2139,19.7335,32.3381,13.6084,13.2040,20.8028,32.4547,44.5788,48.1234,59.0640,70.0096,57.7623,65.7608,64.6429,43.6249,38.1325,33.5071,38.3420,39.1640,46.8929,35.8386,31.4111,29.9172,36.6087,45.3717,63.0736,72.8623,51.1722,45.6084,32.0358,42.1503,41.4830,48.5105,28.7377,27.4152,37.5460,61.4002,58.2763,52.5835,15.9128,28.1062,34.0141,11.6646
41383.5000,36832.2000,22232.4000,17043.3000,16267.3000,22010.3000,17717.4000,14777.5000,10893.5000,9588.5200,9467.2800,8113.9700,7241.0600,5553.4000,4844.6900,4682.8100,4782.1400,4975.1900,4349.6300,3487.2100,3246.5900,2595.6400,1719.1100,1428.5900,1238.1300,1118.8700,780.9750,788.5800,1041.1800,1226.1100,1622.2000,1990.4800,1603.6000,1696.8300,1363.5500,967.3090,889.2360,817.1300,516.2660,333.6000,217.9050,220.2400,384.0510,361.4970,394.4470,266.6390,113.0010,150.5280,198.0700,304.5130,342.8610,293.6540,393.0680,251.6880,177.1130,96.4146,170.8280,276.6530,233.5800,264.2710,248.0770,238.9530,253.7080,243.9760,210.4810,205.7300,220.0980,245.2130,287.4600,280.6050,297.9260,272.6270,231.2150,219.5010,238.3340,224.8900,124.1000,94.8485,110.0570,168.0950,188.8780,143.3450,136.0100,162.8540,215.5670,194.2640,189.7350,189.4170,169.9230,133.6050,113.5970,101.3310,144.8070,213.9920,214.0180,269.2890,268.6850,205.2190,193.9480,157.3890,108.3530,80.7596,75.6010,95.0309,147.7420,126.3510,149.8490,93.7501,52.9679,40.7694,56.8375,60.0660,40.5500,25.9717,27.6914,27.0621,57.7268,36.5462,58.4061,39.1258,41.7035,54.6302,76.2429,58.7378,54.1829,49.0812,39.2549,32.0140,32.0393,44.3194,36.3493,29.7994,7.1596,23.9042,15.4503,25.6724,50.0060,100.9730,82.7655,117.3330,98.1120,76.6079,82.4397,53.1778,31.3935,15.3599,7.4545,14.7952,27.3832,24.0973,22.8607,25.7727,5.6513,10.1548,54.5039,42.9159,53.2819,27.7978,42.9490,47.6767,54.7982,33.2177,35.7146,58.2237,40.2152,41.2371,18.6540,14.0430,34.1022,27.8832,15.8953,49.4798,57.5864,54.0347,61.2539,18.2464,29.8842,37.2912,30.1025,41.3488,57.1861,37.5916,28.0175,15.7911,10.4888,16.2092,35.3958,44.7931,74.6813,47.2351,56.0293,37.3024,13.8172,34.6550,48.2387,15.1667,18.8378,59.9063,50.7960,44.6118,74.7417,32.2006,34.3215,43.0457,15.0503,11.3919,17.0511,22.5565,64.7341,41.6693,59.9879,73.8541,39.6523,90.4495,50.0626,69.6815,30.5942,29.1697,13.7856,6.5638,9.4528,4.7894,5.8077,6.0462,7.1703,10.5841,21.9108,32.7107,65.5183,60.4161,106.0490,74.2114,102.5590,57.8609,46.4007,15.4384,29.6347,42.6755,53.7856,36.5178,41.5890,21.8771,51.5310,36.1521,55.8472,24.9307,15.8777,19.6441,29.0071,36.0821,24.1413,10.4543,16.9216,37.1135,38.1119,40.0110,28.2074,26.0079,18.3827,34.0741,28.5326,54.9825,37.6887,54.1751,35.0528,33.1058,27.7429,24.5448,29.6166,34.2029,26.4648,8.0652,13.8593,42.1462,30.5368,49.1428,44.0414,13.8859,37.9244,50.5911,32.7943,58.7171,20.7752,10.4165,12.9985,42.3372,22.5499,22.1027,42.6688,32.5469,50.8974,62.4920,64.2818,101.1640,55.1305,51.4192,16.9287,35.7381,49.5879,61.5733
41338.9000,36581.7000,22063.1000,16824.5000,16092.2000,21833.1000,17613.8000,14612.1000,10823.7000,9597.9200,9530.3600,8192.8700,7306.7100,5592.9300,4865.7500,4769.7200,4832.4500,5075.6100,4402.0400,3512.1900,3279.9800,2688.6300,1826.9900,1506.4400,1285.2700,1168.2100,905.8080,928.7260,1051.9100,1177.5400,1541.0200,1922.4200,1577.9000,1663.4100,1357.7900,953.6960,860.9070,785.8270,522.7750,345.3130,247.6190,276.3380,435.4940,417.5110,382.8120,274.7870,126.6660,252.9530,338.5720,496.3900,507.8440,372.5390,402.1050,222.3570,119.3430,91.3748,158.3170,315.3870,320.3340,338.9020,420.9700,385.7790,354.0770,361.4050,327.1350,301.2870,306.4300,306.1710,310.1360,290.7100,311.3300,253.8250,195.0210,191.4610,206.6920,207.8330,126.9520,90.1751,80.9825,108.6720,148.2880,157.6300,169.9480,196.4380,257.8400,201.1540,183.9930,152.3260,150.6030,114.8310,90.8339,78.5644,139.3780,239.3560,224.5240,271.0290,267.5930,181.4710,164.7370,95.1799,70.9330,70.3912,76.2128,97.5921,130.5090,95.9577,116.9300,47.5850,32.4684,35.2259,64.5076,25.1297,28.7094,29.0396,12.9025,3.2576,35.3279,46.9570,54.8003,40.9023,40.7580,39.5694,29.0529,34.4037,42.1990,65.6427,46.4179,32.9435,11.5979,16.8351,32.4654,19.3662,25.9625,32.6300,56.8048,16.0866,15.5589,77.0666,65.9111,108.9160,80.2313,70.2811,68.6775,62.6358,48.1653,60.0014,27.6376,29.7078,22.1182,21.6503,24.3727,4.5882,6.7020,20.3072,33.4011,36.6937,53.1627,58.0775,41.7389,43.5850,34.8482,26.8060,21.7359,15.5724,11.7278,3.7418,6.0104,30.8893,26.2861,33.7376,15.0626,24.1430,26.9021,43.0699,22.2810,20.3658,13.0938,27.1065,32.5044,42.7432,28.4511,23.9198,5.5470,14.4981,39.2177,44.7666,45.1311,56.2833,52.6001,37.2056,29.0170,33.3750,49.3000,38.2465,35.8464,20.8898,22.5430,25.2748,27.0404,21.1666,16.9239,21.2100,16.0204,16.4815,24.2044,29.9304,34.0772,34.7161,20.5877,16.1787,18.8295,18.2668,20.9887,12.7551,15.8396,16.1167,21.9295,37.2071,30.4029,44.4263,20.7814,17.0387,5.1010,12.3942,7.3990,5.1046,11.7405,25.1468,22.7831,21.2377,10.9528,6.6894,6.5156,8.5567,15.2243,20.7971,33.6644,26.0356,50.5431,27.3315,42.9412,14.7573,14.5524,19.9105,14.6219,26.8775,19.7451,29.8007,20.8258,38.0236,21.6457,37.4480,14.9479,10.4847,16.1926,21.9843,34.1517,28.0611,30.1765,22.8370,20.0489,23.5907,32.1483,48.3165,41.9145,46.9553,44.3443,37.9732,40.9314,54.6234,40.2025,46.7913,26.6748,14.6794,23.2923,30.7418,53.5140,41.7468,35.3372,8.0059,13.6027,36.6152,25.0647,26.0203,33.2811,44.4389,29.0451,19.6543,5.7675,4.5141,18.5505,20.3754,38.9034,32.8721,28.3557,21.4206,26.3464,46.0268,58.2840,52.9690
41642.2000,36956.0000,22405.8000,17219.1000,16251.2000,21849.0000,17630.4000,14732.9000,10909.1000,9629.0500,9497.6600,8139.0100,7273.7500,5564.4400,4805.0400,4621.2400,4705.4700,4872.5000,4247.7700,3404.2800,3205.3900,2650.6800,1760.7700,1446.0600,1253.6700,1184.5800,946.4570,877.5650,998.9530,1155.3700,1532.6000,1909.5800,1547.9700,1608.9100,1297.7500,950.9140,841.0200,797.5410,554.2820,397.3710,314.9840,313.5810,415.7410,395.0570,376.7830,299.4620,185.6280,253.8540,284.6180,413.5220,402.3280,322.6070,364.0010,224.4200,131.1390,123.4520,183.7090,308.8450,285.1090,308.6240,367.5970,326.9160,286.6330,293.4360,300.9940,279.1640,289.0590,307.2400,313.8500,279.4500,285.4610,237.0740,188.9430,176.3090,197.3070,174.3030,79.5418,36.2025,88.4922,125.4990,171.2510,146.0490,130.9480,149.7430,183.6800,173.9270,166.6670,165.1700,143.5390,104.3640,73.9844,53.3733,112.0540,219.1490,208.8580,250.6610,258.8220,165.4840,134.9510,86.5783,132.3960,91.9069,76.7144,43.2817,134.9330,103.1290,118.0850,29.1817,78.1518,82.4540,121.1890,46.6114,37.8844,42.6319,70.8127,58.8549,39.8191,31.5883,17.3045,32.4075,33.9500,42.2386,38.3145,24.9808,27.5539,34.8527,37.0676,14.8960,58.5103,61.4976,108.9830,46.4272,35.2800,50.3729,48.3796,115.2690,85.7849,99.1124,76.1766,28.9889,83.3371,81.2707,105.6220,56.5204,40.5216,60.2119,21.6152,46.8006,68.1553,17.8688,9.4533,19.8694,57.7218,45.3407,25.6030,83.1663,77.7349,59.1216,29.1165,26.4429,46.8502,70.8909,47.7447,19.9759,14.8581,34.8945,23.8111,22.6145,25.6467,47.1447,34.7804,33.8327,10.9192,10.1282,29.8442,25.2414,26.7285,15.7724,16.3458,34.5147,57.1228,30.4881,63.1473,88.3056,66.3858,125.3690,88.7860,46.1052,51.8294,46.8885,62.5663,23.2426,78.4421,53.8456,101.3110,132.3260,73.7618,112.8220,133.4400,38.5282,40.4236,31.3198,35.5004,17.2210,21.9158,29.5484,31.8923,54.2182,88.5590,47.2620,109.3580,75.6176,58.4461,74.9660,25.0889,20.5744,39.2579,47.5426,30.0623,60.2118,28.5725,26.5096,28.2700,24.7981,23.0123,28.6584,16.1946,27.8640,39.1085,24.9806,49.9948,31.8779,24.9328,22.1666,32.2034,10.5078,5.5573,23.9826,67.9201,56.2105,63.2980,135.8110,62.3373,74.1108,33.5986,18.7809,60.6585,98.8181,102.9130,135.7980,71.5822,62.7253,75.7965,102.6230,81.2426,43.3479,35.3546,37.3331,90.6187,66.9117,60.3706,47.1509,22.9744,36.0725,47.2962,58.1286,53.6175,50.1866,38.1068,43.3376,63.0211,76.1664,102.1420,98.4415,73.0500,37.8040,65.8685,82.8766,156.0140,89.7832,110.8570,40.4607,27.9891,34.3826,33.3873,55.8634,65.4355,40.5940,36.6089,47.0685,97.0505,60.4568,55.8788,41.2109,74.1954,51.3743,39.8768,21.6959,78.4084,57.0786
41630.6000,37075.3000,22318.9000,17058.3000,16313.8000,22071.8000,17822.5000,14721.6000,10941.1000,9681.5600,9582.7500,8252.3700,7365.2500,5706.7300,4931.6800,4710.5000,4751.5200,4869.8600,4215.3300,3383.0100,3204.8600,2643.7400,1697.0200,1404.7500,1214.0700,1108.2300,887.7420,925.0580,1061.8400,1202.3400,1535.9700,1954.0300,1575.1500,1632.6200,1295.8700,926.0270,784.4520,739.9400,530.1380,377.6810,344.1280,371.9020,481.2790,451.8530,410.8170,328.0720,180.4200,223.3910,263.3550,353.7140,386.8360,303.1550,324.5210,155.6320,73.6275,185.0080,222.2070,373.0330,320.4020,284.8470,314.5260,270.9370,212.6360,198.4270,230.8850,282.7730,264.8590,318.3660,359.4450,317.7990,337.1290,281.9440,190.3480,170.2770,189.2600,183.3280,96.9843,50.4228,65.9683,102.7040,144.2770,125.5780,128.7960,150.4440,217.6680,190.8240,185.1850,169.7430,126.0430,76.5731,40.0243,74.0570,142.1430,231.7010,207.8370,243.6170,242.4810,166.7290,143.3990,92.3676,81.1312,71.1317,69.0935,84.2650,138.5830,111.6000,121.4560,72.0343,54.8080,54.6400,80.7332,56.5982,54.1715,42.7925,26.7212,30.9018,24.8027,18.6436,17.0304,20.8211,41.3096,45.7548,64.7101,62.3463,45.2933,42.9053,43.4683,42.0795,31.8765,26.7175,21.7509,21.4823,11.7971,8.5935,25.3332,39.4995,72.8598,90.7452,84.6543,99.0064,79.7510,65.0541,72.5442,68.1281,44.4169,33.2616,21.3166,19.8977,28.3727,28.4900,25.2453,18.2837,8.0463,20.9639,50.9062,50.3402,66.8821,60.9920,39.8994,31.2545,21.1925,23.1767,17.6202,12.8674,20.0282,22.2120,39.0029,52.0519,46.2379,54.0889,39.9577,33.8538,38.6817,41.4818,40.4133,41.1153,53.0174,36.8047,41.1853,39.8899,26.8528,19.5438,22.0134,31.4111,34.7642,37.5835,39.1416,51.7149,33.1317,26.1835,10.2627,8.0715,20.8496,27.8582,23.7668,12.2276,20.4039,45.5661,46.7055,43.1057,21.8460,15.4525,26.1546,19.2988,20.8990,2.9900,3.5262,1.9988,3.4590,12.1092,14.8999,13.6501,20.2570,13.8065,13.6585,18.4580,22.8893,22.0037,28.2505,16.1717,17.2865,8.9791,7.0235,12.3544,13.3391,27.9695,25.9643,33.2954,19.8193,28.5195,15.4916,30.4210,23.5482,26.3999,36.4302,38.3603,57.5192,56.1843,46.7992,55.6765,49.0320,45.7803,43.8398,26.0286,25.6704,32.8897,22.5210,26.5950,19.4635,25.9242,38.7585,36.3048,47.8947,17.9988,43.0456,36.5570,47.4015,50.6736,58.3159,75.5062,49.5124,52.3582,31.4716,23.2248,16.4236,30.8651,28.0890,33.7024,36.5963,35.2211,35.1167,34.9047,17.8205,12.6283,20.1508,30.5948,40.8246,36.2642,35.6251,41.2797,34.2758,27.1838,22.7488,20.7557,13.7601,10.0612,9.1701,20.0551,34.1546,39.6539,30.7485,28.8654,18.4841,14.0216,12.3269,16.5937,36.1211,29.9128,35.5326,18.9471
41123.6000,36634.5000,21942.5000,16702.8000,16106.0000,21908.4000,17711.4000,14571.5000,10837.1000,9570.4300,9459.0900,8120.4700,7219.6000,5577.1400,4857.6300,4687.4800,4694.9500,4897.1900,4300.5400,3422.1100,3220.2100,2615.0200,1686.3600,1371.3000,1174.7000,1079.7600,873.6250,887.4870,1013.9000,1147.4700,1491.0000,1859.6500,1513.4600,1576.1400,1279.3000,917.4420,797.0000,746.5210,525.6330,370.2010,304.5930,338.0240,467.3620,434.0990,391.8180,290.9250,151.1990,253.4820,338.7450,469.2630,555.9950,433.1500,485.6940,305.7860,178.5880,126.5060,172.3140,277.8270,240.5050,261.8010,304.3960,263.2890,222.6390,207.4350,232.1900,237.9940,230.4360,254.5990,325.3390,300.9880,336.7060,248.2450,170.1340,171.7170,207.1660,176.5250,83.0206,52.4032,95.4937,139.8380,183.7880,151.9100,145.6010,161.9450,211.6390,184.3740,183.2390,168.7220,147.0890,111.1600,92.6564,55.1339,72.8630,179.8950,176.7810,218.3510,246.7230,159.6730,146.3600,67.3948,57.0265,55.6573,60.0559,78.1104,132.7590,104.7310,111.6940,71.2907,69.0864,68.5028,102.3750,78.7258,76.1718,72.7587,43.4772,44.0743,12.7133,11.3203,19.1087,40.4082,22.7258,16.6868,13.8677,30.9998,43.6656,34.7499,31.6475,27.6680,29.9924,29.1597,23.2487,9.2734,10.4674,18.8356,21.3649,35.9640,67.3169,99.8759,86.2612,102.4020,84.8514,68.6869,71.7163,63.6364,49.7071,42.0390,41.8210,11.2915,12.3851,34.7433,33.6081,39.1356,23.8168,10.3019,23.5587,36.5278,52.8518,65.6356,51.9735,51.1696,61.0014,59.3609,46.8399,32.0694,14.6362,29.8415,25.8986,24.9636,16.5652,19.7223,18.5060,17.9445,19.3171,16.2252,8.4558,8.3691,9.5033,8.4240,17.6582,16.7458,34.1620,34.8948,34.9772,27.5678,17.0036,20.8009,41.9884,47.3051,55.3552,35.2412,35.1105,25.2947,14.8776,5.1887,26.8639,21.4704,29.8495,15.1190,10.1643,4.1147,13.4227,20.2771,27.8111,47.8951,31.8738,53.6394,20.7471,24.9740,9.7989,7.0604,8.1137,20.7935,17.2134,31.8895,18.0458,22.6720,9.5316,15.4510,8.5094,15.4382,10.0528,11.0664,9.7820,9.5793,14.8854,7.8550,11.5388,17.0103,15.4680,37.4534,20.4312,31.5489,23.6213,18.4433,22.1408,6.2995,4.7524,22.5842,26.6029,47.7896,41.3400,44.3191,39.0243,30.7467,30.3978,39.9104,23.5992,28.6793,12.3585,10.1187,7.5040,9.7093,11.4987,16.4591,15.7235,16.4416,19.2171,16.3204,14.5090,39.1896,32.4867,57.5846,52.6613,61.3917,64.6318,51.4673,52.9962,30.5495,31.1262,14.6021,13.2976,1.9821,4.7480,16.2289,21.8791,25.7530,29.9473,17.9203,15.4366,18.4742,34.6467,25.0357,31.6813,12.1443,9.7621,23.3003,21.1105,25.0890,24.1143,16.6433,16.3499,24.5104,28.7137,32.9790,29.3135,18.6824,6.2661,4.8616,16.9817,11.6678
41479.2000,36756.7000,22150.7000,16905.6000,16225.1000,22031.6000,17722.8000,14736.8000,10842.4000,9512.4700,9385.4400,8047.0200,7135.9100,5491.6100,4807.5000,4703.8700,4697.4000,4967.9300,4367.8900,3451.8900,3243.5000,2682.2800,1790.5200,1416.2600,1182.9000,1058.0600,858.4750,890.3000,1031.0800,1180.8700,1514.8200,1902.3300,1527.8100,1572.8400,1266.5200,902.1150,760.9370,723.0100,543.5660,374.4040,307.2560,328.5020,455.7670,439.5170,385.8560,304.4330,181.4590,248.6950,302.3460,380.1580,440.5720,348.4730,340.6970,266.7960,191.0180,214.5440,263.2070,367.2710,321.0570,310.5330,335.9900,278.5440,234.6940,242.9720,304.9610,282.8540,271.6870,243.4670,245.9030,247.9560,267.4490,235.4680,163.1360,168.1450,190.5390,234.0530,136.6670,94.3288,43.4486,82.3357,144.2400,106.5500,103.0640,124.7020,197.3400,167.1710,165.9760,142.4900,132.9590,102.2330,86.2185,33.7807,72.9284,186.4390,195.1360,242.4890,265.1390,179.2310,165.9330,94.6888,69.0326,61.9816,61.4195,71.2680,117.1790,98.5881,110.2510,51.3782,33.2411,56.2532,82.5017,85.0001,60.1471,52.9766,50.0173,46.1076,69.5168,42.4920,43.9903,44.2721,56.6704,59.3237,62.6541,34.9442,27.1662,27.7933,31.2871,17.2778,10.5303,5.2764,8.4288,8.6321,15.2574,44.6925,35.4546,35.2770,32.4622,63.7550,62.6648,79.8909,78.1852,68.3246,80.9824,76.0917,50.2608,48.1074,32.3884,27.3825,24.9429,27.7742,15.2032,27.8454,16.8802,34.8589,43.0149,56.3566,43.3297,51.7777,59.7536,46.2563,62.6008,30.2091,17.1515,16.9577,21.9608,37.5159,19.0163,11.0762,21.1517,35.6855,65.4041,45.2633,55.9285,19.1555,8.3430,8.0730,9.8189,9.7829,17.5842,11.8717,16.3907,28.1782,20.8644,22.8327,27.1975,40.8883,36.3204,38.0349,30.9271,36.8044,42.0011,51.9315,33.8561,36.4247,13.6099,20.3672,25.0167,26.0825,32.1336,21.3672,13.1415,7.6924,5.7409,8.7741,10.3737,10.2388,18.3397,11.1687,14.4018,40.7656,28.2035,49.8742,25.9595,26.6258,16.0539,15.2598,16.5692,22.0517,16.7297,23.6466,15.1269,15.0002,17.5054,14.2602,27.1621,26.3642,22.0082,45.2393,22.9287,28.0640,16.7715,14.0698,12.4189,6.4032,6.0832,11.3605,10.4531,8.4849,13.9615,49.6592,51.2733,87.6120,54.5062,46.6470,23.6450,38.6457,47.5911,54.8539,44.7371,24.3971,4.2841,3.4122,14.6044,38.7961,34.0590,74.8563,46.2978,43.3054,16.8355,25.8406,32.3099,16.7770,25.6651,53.3921,47.4416,83.1089,61.3295,57.2206,50.9940,30.1693,23.8620,22.7849,31.1706,15.2000,8.7681,31.1519,31.8487,45.8854,29.4919,25.4892,18.7560,24.8107,25.3185,34.1568,23.5923,18.8788,17.9044,28.9631,25.1282,21.4086,9.0165,21.4096,43.7982,29.8111,24.9389,32.1939,67.1096,63.2309,60.0558,39.8496
41379.3000,36897.5000,22072.0000,16754.3000,16235.7000,22210.5000,17965.3000,14795.0000,11019.3000,9740.3600,9614.3000,8236.2600,7294.1600,5561.9900,4851.7800,4845.6600,4826.4900,5187.9700,4563.4900,3606.2400,3385.4000,2781.9800,1861.3000,1540.1900,1313.0700,1243.1400,952.4210,915.5830,1027.0800,1141.2600,1499.7800,1856.4200,1527.0200,1606.4100,1269.2100,887.0580,782.2640,773.4080,606.9060,428.0450,336.1690,300.8450,405.6830,376.6890,369.5830,284.9450,128.6410,146.2740,220.8230,315.5480,394.0720,306.9390,343.8080,219.5800,128.0340,46.8896,74.5810,177.0320,171.1810,178.9180,204.0100,183.3480,161.8290,178.7040,237.5900,266.6360,266.9830,312.7180,344.6610,316.2960,335.2060,285.2880,216.5360,208.3200,221.5110,241.1640,165.9680,120.9520,102.0200,123.4490,156.1040,124.0320,114.6700,116.9680,176.3300,160.1660,152.7960,124.8070,96.3462,62.5895,39.4536,80.8002,134.3670,230.2170,209.1480,237.9260,242.1820,162.2570,135.7450,97.0750,91.1627,70.8704,58.6372,42.3696,69.4747,67.4075,73.7671,45.9877,23.5942,29.4639,34.9087,40.8682,27.4490,27.9097,32.4263,30.9963,50.2467,41.6590,49.0946,32.8004,36.4911,45.4960,61.8922,50.2646,48.3489,51.4563,26.2211,19.0148,16.3194,15.9331,21.1259,12.8379,29.2130,22.9843,30.4803,38.4310,30.9292,70.6089,46.3913,49.5881,46.3797,51.4927,50.4571,57.8511,33.2393,32.2584,18.5898,31.7796,24.0621,38.7844,20.2228,14.3067,23.5892,34.1849,56.5450,63.5637,62.1168,69.1843,60.6153,56.2248,67.1964,64.3466,41.0874,34.5219,28.7203,17.4986,9.1558,7.5061,13.2720,23.9178,36.8503,31.4309,42.6544,32.5709,27.6261,30.4547,20.3484,19.6461,30.0003,21.5663,41.6568,15.4973,9.2229,30.7793,42.9896,47.3868,40.3698,37.6118,29.0989,20.3737,10.0002,14.4909,37.4455,23.4138,19.9844,7.1988,22.0603,18.0690,24.9989,12.2319,9.1460,8.1559,4.5262,5.0050,13.5860,15.7922,35.8175,20.5217,34.7176,14.2901,13.5974,9.2450,9.1568,17.9421,13.1858,7.0810,21.8959,13.8817,15.2601,6.8209,5.0200,7.1293,12.4641,17.6311,16.6286,18.1377,9.2000,2.7209,8.4752,29.5900,20.8984,37.4453,19.2460,21.1444,21.3627,14.3457,12.8176,13.4458,19.8375,24.0796,26.6077,32.4668,37.4753,43.0280,46.8851,65.9930,45.8924,44.1863,16.3156,15.6504,18.6707,25.2259,27.2942,33.6305,54.7322,61.7129,59.9857,73.7285,70.5850,51.6711,43.7529,19.5572,21.4607,21.7555,25.4088,30.2617,30.9871,35.9758,30.8547,22.0383,13.2424,5.1882,7.3820,29.1632,33.2553,62.5623,48.6647,54.8453,29.9871,19.2642,15.0750,17.5330,31.7413,9.9970,11.3688,17.2571,14.4594,16.7063,26.6187,33.0380,31.6232,27.7827,15.1983,11.3233,10.5732,5.8917,7.1331,12.7179,18.9309,16.8970
41401.8000,36984.9000,22206.6000,17003.3000,16406.3000,22255.8000,18123.8000,14964.9000,11290.6000,9941.5400,9723.9100,8296.9700,7369.8000,5611.3300,4900.5000,4822.5900,4874.1200,5176.1200,4559.5200,3629.9000,3395.0800,2778.9300,1904.1500,1542.1000,1357.9900,1190.3000,865.6720,874.6350,1008.9700,1143.0900,1502.9600,1909.1200,1574.7700,1667.4400,1347.9600,947.7160,845.6330,795.0830,589.4680,420.3810,326.6260,305.8100,451.9690,423.5410,402.6380,288.4900,154.1620,200.6160,252.1110,326.3610,425.4690,361.6450,414.6040,274.8810,128.0360,113.0870,172.7630,301.2930,268.9820,277.7070,337.1810,276.4770,241.2030,230.3150,272.4640,265.8400,271.6430,306.5650,370.5130,321.6760,331.3020,259.6700,221.8940,203.8470,203.5770,193.4160,177.5450,153.8310,143.8790,128.8280,135.5010,134.2810,132.6150,135.9980,146.1380,155.4290,142.4470,147.2770,112.9970,91.1078,87.5798,100.4490,148.9220,220.8610,203.7520,235.2020,229.2820,168.9010,154.2970,114.2240,59.5619,36.4315,52.1921,80.7780,156.2200,147.0980,145.4610,113.9160,60.7412,44.2387,52.0001,28.0798,56.3516,39.9321,36.3229,43.9054,29.0879,27.1691,63.4766,32.7308,28.0383,29.0372,45.3675,30.5441,28.3400,34.6604,47.7918,38.6284,38.4286,49.7941,59.6931,71.7653,75.3083,48.4165,46.8208,36.9841,36.5967,59.4909,68.7864,63.4956,77.5806,60.4316,60.6796,80.6546,60.3054,71.0618,54.0579,40.5313,40.1959,28.6388,27.1796,32.1879,34.8792,30.5539,39.6240,40.0294,42.9115,73.8014,72.0864,89.4289,86.8528,54.0786,45.2922,21.9428,23.1558,21.1004,57.4572,35.9672,31.5192,30.9559,74.2690,63.7746,59.1313,51.0976,76.3106,58.9949,83.6659,29.0731,54.6644,42.4787,58.0659,49.5280,52.7932,67.4173,70.5849,60.2470,68.6055,69.3226,44.6271,33.6565,24.5476,28.6443,18.7520,21.9018,9.8771,24.3087,26.4156,41.3598,44.3306,38.4701,34.1184,18.3511,15.5150,9.4746,13.2795,12.2978,10.3158,10.5801,22.7513,29.1466,46.2458,39.3983,50.8668,31.1194,25.6574,15.6396,21.4072,16.9738,15.9718,13.1535,19.4042,18.4798,19.7990,24.4647,31.5558,23.9849,20.1744,17.8423,21.8754,23.6040,19.9331,20.8003,20.8397,9.0936,12.1589,20.7713,33.7125,39.6114,50.4971,34.6014,34.8073,45.4275,85.0471,75.3607,78.6047,60.7412,45.2129,36.6903,31.1999,31.1294,56.7364,62.8252,63.0940,57.6027,59.1294,67.0181,80.3473,69.2265,46.5162,13.5215,49.6696,54.1943,47.3356,36.4181,40.1893,65.7212,58.0276,55.4670,46.4309,40.5887,38.0106,45.5593,31.1027,20.7334,9.4561,7.9775,11.7183,17.6411,16.8621,19.1917,28.8272,26.8087,33.8945,34.7393,36.3373,29.0716,32.6581,22.7862,22.7409,31.3543,54.1470,38.1662,27.4402,13.7297,27.8614,26.2926,13.9016,23.7790,29.4824,52.1568
41119.0000,36419.3000,21927.0000,16645.4000,15964.0000,21864.1000,17727.5000,14717.2000,10940.9000,9646.9300,9510.1100,8132.4900,7234.4100,5491.0400,4777.6200,4756.8500,4796.1700,5151.4000,4534.0300,3594.7200,3344.8900,2697.3700,1795.3600,1469.7400,1266.5700,1159.2400,917.1900,957.2650,1099.6500,1207.0700,1620.7700,1912.7800,1546.6000,1613.8200,1214.9200,870.4120,790.8120,780.1080,573.0870,406.3440,318.4350,329.3240,472.3030,410.6770,389.9620,272.3120,180.1990,244.4290,275.7020,350.6680,399.8180,319.7050,313.6810,199.9010,158.4320,256.1690,299.5910,416.7860,297.0420,289.1310,264.8330,240.7290,217.1790,242.5140,274.8610,261.0470,261.9840,283.6990,299.4870,279.6470,297.0560,255.6540,176.7630,170.6070,184.2340,222.2980,161.4060,118.7320,105.7070,129.7010,147.0290,131.0370,128.6550,151.3120,181.3330,167.2670,152.2020,153.1410,133.4140,105.9450,85.6734,65.7968,102.2700,247.4160,251.3210,322.4200,278.1390,170.9060,139.4620,99.8326,68.7816,45.8242,36.7834,67.8945,133.7870,98.8341,111.5450,46.9136,14.1124,30.1424,101.1590,73.8891,116.0080,83.3644,79.1411,97.2969,106.9450,87.7123,99.3880,102.0080,95.7304,97.0394,101.3910,86.0425,70.8142,75.6844,55.3347,41.3806,37.2361,42.9140,38.5346,27.8512,23.5475,21.3188,22.0785,24.7678,47.3723,45.7729,41.4896,52.1279,81.3278,71.9181,85.7560,58.0112,34.0139,2.2946,19.0408,21.5418,9.5848,10.3403,35.2056,32.2802,40.2907,23.4393,25.4314,40.3393,54.5154,63.2192,48.1907,48.5420,64.0977,65.3009,53.8926,53.1048,21.2178,11.7107,22.8614,22.6415,32.6804,18.1468,19.9983,20.1285,24.2576,8.2891,4.6799,3.6554,5.5956,5.2877,15.4309,18.9549,36.3360,23.1806,16.7155,12.6839,25.8472,42.1180,30.2305,31.9762,7.7236,12.3970,47.4424,39.0911,47.4724,14.2863,21.7002,30.8386,45.4494,38.5001,33.1486,40.3118,36.3519,28.2409,8.6376,18.4751,11.9084,12.2356,26.6456,25.0797,42.7605,15.6042,7.6663,18.8652,36.4590,31.4080,23.3091,17.8019,27.9428,24.1057,22.6584,24.4760,47.0536,32.5352,44.3001,8.7761,7.4611,33.4632,33.0135,39.1615,39.4533,48.2037,76.5174,56.9255,73.2645,40.3259,36.6382,43.1346,65.2574,50.8111,54.8418,27.9111,18.7046,20.3296,27.8275,40.5490,40.9129,44.8561,49.1329,30.5838,24.0784,32.9408,28.7701,58.6651,44.2809,47.9842,37.8981,49.8973,58.3411,81.8901,64.7212,64.2243,48.5871,31.1638,19.3018,52.3150,58.0577,56.7460,39.1088,38.9044,53.5265,58.2162,43.5781,39.4914,10.7056,23.6750,49.6662,42.0834,39.4526,49.8393,64.7842,65.0784,58.2367,47.7286,42.9094,46.2647,14.0146,28.9001,45.8371,60.9842,28.2070,16.1874,26.2507,41.5412,14.2988,16.7399,47.3742,74.6654,53.1188,51.7590,15.2252,13.1614
41579.1000,37033.0000,22356.0000,17085.1000,16197.7000,21983.3000,17885.4000,14929.0000,11252.7000,9857.9700,9504.0800,8069.9700,7182.7900,5428.5200,4674.5100,4637.4800,4662.3400,4976.7900,4408.5400,3495.4200,3301.3500,2737.1900,1836.9400,1536.5500,1347.3100,1255.6400,1074.9600,1108.4100,1232.1100,1322.6500,1786.5200,2033.4500,1638.0600,1694.5200,1283.7700,947.9150,876.3400,857.6350,592.0580,403.8710,300.8160,312.1900,488.2490,451.6160,433.7780,296.3590,132.6110,183.6990,224.6070,288.8910,290.3520,222.1410,210.4650,102.6510,63.5914,215.3110,227.6200,422.2990,316.9670,411.0720,378.7570,315.8350,384.3030,347.5860,244.5000,213.0340,88.9006,124.9900,228.6050,218.0360,245.4070,158.7490,134.6170,127.5250,142.9470,98.8784,85.6667,112.7000,118.1150,144.7620,170.8380,185.3060,170.9700,190.2470,186.7410,192.7650,187.4660,210.9990,153.2100,121.0230,122.9740,160.0550,205.5620,204.8990,215.5230,284.7280,220.6200,190.7320,128.5030,71.9133,58.5646,65.0210,21.7487,15.4745,68.1828,90.1340,118.7810,94.3284,86.0534,45.8193,45.6027,56.8094,87.0632,93.8855,90.4329,112.9560,108.3440,84.9674,93.7962,98.2170,80.2824,88.3292,42.2596,18.3040,34.9390,37.9201,40.3340,37.3028,38.1333,43.7912,24.6121,27.6399,26.6560,47.8633,19.9197,28.3766,45.1687,50.2160,60.3335,89.6877,114.3680,88.4687,97.4464,37.8182,29.4217,25.8477,24.2349,37.9460,12.1035,10.9318,35.2426,33.4558,28.9524,14.5932,46.4517,63.2437,87.2092,104.8180,80.7766,89.2229,95.8739,76.4030,83.3794,32.9836,26.8707,67.5620,48.8341,77.1611,16.3642,11.5205,51.9861,57.0036,52.6830,22.5984,12.8790,23.5495,56.5239,35.9430,57.2969,24.5089,40.0693,16.4909,10.3173,11.0541,21.3764,43.5185,43.5512,67.2791,64.1955,50.2481,49.0065,31.0222,22.5974,17.1036,4.5591,6.9818,30.8369,33.1584,60.4770,28.6230,51.0431,53.2037,44.0379,89.7313,40.8110,43.5110,12.2825,28.3517,33.5115,41.3774,27.4325,26.7376,29.8112,44.7065,30.8982,25.5429,29.6823,7.6307,6.3260,22.9414,25.3853,58.1965,44.3679,72.9257,30.6358,34.2226,9.6798,5.9017,16.8834,19.0561,29.2918,14.3980,8.8526,2.6805,15.9131,28.2766,57.5350,43.4488,47.4769,48.0900,61.3666,58.2825,56.0556,16.1769,21.8361,38.3180,57.5552,33.0390,29.2190,23.4856,38.3172,54.2058,68.5848,55.4352,63.7677,39.1643,23.1955,24.9846,34.4439,47.4222,55.2762,54.9295,67.4268,58.6913,54.0803,63.3529,66.5051,42.1392,32.9549,16.1126,6.4657,14.4149,40.9805,43.8762,67.9746,48.2237,43.3192,6.9888,25.7321,38.4533,39.6380,29.4234,26.9371,9.1686,24.2094,38.7298,66.7584,61.9263,88.9848,53.6364,60.2707,28.0302,22.7168,29.1907,26.5548,43.3033,15.7591,13.7267,38.6025,43.3245
41189.4000,36770.9000,22009.2000,16788.7000,16365.9000,22327.2000,18142.3000,14948.8000,11209.3000,9793.3500,9612.0500,8221.5800,7292.2200,5510.4900,4785.9000,4776.1300,4737.7200,5067.4900,4507.1300,3574.4600,3381.6300,2799.2700,1851.2700,1537.0700,1341.5700,1242.4800,1047.8100,1096.1200,1255.2100,1350.0100,1817.1200,2063.9700,1687.6600,1781.6800,1422.2100,1042.4900,971.2570,911.6720,616.7180,432.2540,350.2180,391.3260,540.7910,497.2330,545.9490,439.7790,306.1670,322.0170,385.3560,502.1110,552.2730,581.1650,689.3250,773.2820,689.4940,719.8290,883.7470,941.4920,826.2020,957.4130,909.9020,730.8790,747.3050,579.6360,359.8380,288.3140,290.9700,351.4730,398.9550,371.4650,418.0300,367.7560,298.7170,280.2130,319.3950,283.2360,195.6560,147.0760,93.7193,110.6730,173.9160,201.6040,224.8870,271.5860,272.8160,234.7100,249.5610,220.9220,184.6640,160.8950,141.0470,39.9815,64.0318,201.4370,200.1810,299.9070,256.6830,200.8720,171.2640,78.0558,39.2319,17.8977,43.4545,74.5093,134.7620,98.4644,123.0040,47.1216,30.8209,41.9033,97.9048,75.7909,90.5848,83.9252,70.2897,78.8501,71.5627,65.6767,71.5010,99.1797,74.3881,72.5368,61.6742,44.9208,43.3068,51.0138,73.0896,51.4834,51.0397,25.9292,13.3170,5.9447,4.5664,12.1951,19.2107,34.1365,77.2617,99.9458,89.9940,83.4302,71.6559,74.5283,102.1400,48.9676,25.7498,63.5708,66.2642,77.9681,40.7695,14.7328,24.6808,48.2595,17.1830,11.7986,29.9132,41.1318,66.5511,72.4647,70.8861,87.4229,78.0491,61.3137,58.1588,47.3613,54.2442,49.6456,58.3574,40.8994,24.7302,24.7078,31.3809,51.1795,33.9637,26.9533,18.9350,34.2004,22.3990,28.1106,13.5001,20.1572,24.3429,45.8167,29.2564,29.9888,39.0862,58.4078,52.6610,56.8958,24.1356,6.0343,11.0139,27.8484,14.1183,15.5414,4.8963,5.3479,13.8516,31.0571,31.7627,71.0062,43.2991,95.6510,54.2245,82.5163,62.6472,58.1854,40.8361,31.0442,17.0353,15.7068,20.8368,23.2802,23.3497,13.0922,22.9082,7.5710,20.4554,30.6307,77.9993,54.8497,82.7293,42.6350,35.3870,47.2781,28.4605,57.7712,34.5609,56.8205,30.9106,54.9105,39.6429,52.5674,40.0048,39.6974,38.0522,28.9319,28.8086,15.6249,32.2872,29.6343,66.9514,66.2295,87.5358,71.1887,46.5942,16.4484,12.4912,33.0805,34.0660,32.5758,34.8012,27.6764,16.6780,22.6164,32.4497,65.1203,59.9826,87.2272,62.7914,97.3644,49.0965,86.8200,37.9396,44.3689,60.0305,40.0471,50.1885,45.9129,37.1557,54.7148,26.5060,38.3376,18.1788,8.2310,4.0081,22.3495,25.1277,30.8356,19.0632,16.7597,21.4928,18.7826,14.9273,13.2761,23.9767,29.5428,34.6048,49.5859,51.5820,63.4629,58.4673,42.1290,24.0304,9.4953,7.3670,10.4154,30.0065,31.7300,68.3981,52.6511
41466.8000,37007.7000,22206.9000,17001.5000,16391.8000,22184.1000,17842.4000,14711.0000,10854.2000,9663.1200,9583.9300,8183.5800,7218.3300,5534.8200,4919.5000,4855.9600,4844.8300,5158.6200,4514.1200,3545.1400,3274.5900,2621.9900,1762.9300,1496.0500,1286.4600,1162.9500,967.0140,1115.3700,1361.0000,1473.0600,1971.1300,2200.3800,1746.3900,1835.1600,1370.7600,993.3020,875.0770,749.2490,420.4360,256.3710,222.2720,318.4710,514.1190,413.6670,433.2290,292.9780,209.6120,214.7430,237.3450,243.3870,241.5430,233.1510,298.9370,183.0720,92.6207,122.1710,188.3110,323.4590,248.9880,262.9770,275.2550,294.7700,309.8100,369.2080,498.4160,496.9930,541.0240,658.2040,581.5440,531.0860,519.1080,277.8280,189.8810,63.4561,39.9306,80.0848,96.0542,106.8180,143.8230,182.1610,248.0570,214.3360,190.1110,188.1190,161.8930,130.8500,117.1430,101.2370,45.0644,30.9492,97.4645,128.3330,172.0040,212.2630,187.8700,197.3950,205.2970,129.4580,104.4690,59.9115,28.9339,15.7741,45.7158,54.2926,108.9020,56.6463,84.6292,34.8186,8.9303,13.8496,90.3853,85.0844,151.2970,134.8400,136.7460,168.4370,106.1740,91.3145,32.1565,43.5646,81.8830,71.6864,82.8697,65.4432,45.4100,42.6386,8.0896,4.8886,20.6262,17.5320,18.1937,24.6110,17.4932,27.1534,60.2373,67.6866,89.4783,109.7060,82.5398,109.1300,90.6101,68.8916,70.3235,62.7264,42.5188,44.4136,9.4829,6.3945,30.2694,24.4216,26.2953,10.1625,12.3888,26.6580,40.4952,54.6992,99.8093,123.6400,101.6160,98.2662,41.1667,45.2998,53.5506,80.0431,50.3107,40.4430,44.3616,74.3076,32.2380,18.0263,46.0911,55.8547,48.4234,45.9595,10.9061,14.3645,19.3079,53.8332,28.6845,26.0321,12.7239,37.1597,33.9615,37.1920,26.1776,40.3576,41.2055,47.0046,26.9156,32.1201,36.3870,49.9600,36.3034,28.7587,25.7176,25.3075,22.7703,17.5725,6.7085,20.7127,40.5312,48.6139,46.4318,22.8717,13.9290,38.9728,44.7972,54.8449,38.5853,17.4257,59.3243,41.3607,53.1364,18.0702,23.8596,37.1215,82.9664,40.1833,52.7090,45.5226,34.6205,80.1640,57.3156,83.8557,57.3922,51.3166,6.5567,15.9716,61.7649,40.3447,46.8736,21.2708,19.0175,27.8614,24.9572,27.8423,10.3008,9.2201,24.5357,45.0665,28.0988,39.8832,38.2754,31.0934,70.8164,40.6519,45.0623,31.0844,38.2689,37.4970,75.2523,53.1649,86.2336,61.7698,69.1619,62.7998,56.0474,29.6755,44.1462,34.5067,36.0699,51.5736,41.6544,31.9700,35.5626,10.9262,16.4480,42.8510,35.7352,60.4599,26.7776,36.3042,24.8182,30.5746,42.9919,34.6903,24.8332,20.6627,29.9216,26.4358,32.7386,20.2599,12.2244,15.7412,24.9016,38.4641,32.7843,42.8275,26.8490,30.1679,18.3356,16.6190,18.2798,22.9617,18.2243,22.2882,8.1289,6.7059,26.8070,15.3660
41455.0000,36879.4000,22141.0000,16882.2000,16168.5000,21923.2000,17551.4000,14513.4000,10627.0000,9537.1800,9494.2700,8081.0800,7118.4600,5354.8000,4697.3000,4682.7100,4632.8600,4980.6100,4446.4100,3478.6300,3256.1300,2632.8700,1762.6600,1498.8000,1296.2800,1178.3700,997.2680,1189.4200,1518.6000,1617.5000,2162.5600,2250.7500,1743.3500,1804.9900,1245.9600,835.0730,648.9250,360.6460,167.9080,265.3490,359.0810,468.8620,537.4750,367.5540,347.9730,159.1890,67.8316,142.4590,219.7130,308.6050,451.7080,352.7330,398.6160,167.8690,77.2036,226.1770,268.0580,393.4050,282.4450,265.1930,280.0780,284.3320,251.9890,283.8300,281.7720,228.1220,230.0720,252.0600,303.9550,247.7090,251.6520,103.7870,126.7770,303.1280,310.2270,424.3350,378.0930,324.2970,322.7390,276.9910,243.6770,264.9300,298.7300,355.1790,313.6060,268.3830,285.8420,288.8520,250.5620,218.4630,195.7440,83.7634,76.4422,196.3440,218.0710,328.8170,302.8990,229.3040,199.2750,114.9190,102.2160,88.0968,93.3461,85.9932,99.5843,90.3215,107.3190,55.2821,45.0445,44.0329,64.9424,53.7247,62.9572,71.0761,70.3333,81.2482,84.5404,70.8793,75.3799,104.9800,84.7975,89.5426,78.1773,58.1750,56.5381,68.2469,62.5188,47.0804,50.0099,23.2663,29.2496,29.7332,5.2785,16.0249,81.5388,75.2727,129.9120,108.8000,94.1037,94.8734,64.2111,48.7779,38.2392,21.1027,11.7034,20.2336,22.9825,35.2581,20.7558,14.3762,21.3561,35.3303,34.0848,18.6956,11.0919,29.9094,58.3578,78.4550,69.0962,87.1321,46.3413,30.7122,26.5067,43.8458,51.5154,35.2913,33.2724,35.9805,39.7223,36.8759,30.6231,39.5571,25.9644,53.2568,38.8500,46.3212,34.4166,23.7880,7.9143,4.3191,20.4937,21.7788,32.4908,22.6279,26.8090,12.8171,10.9190,2.8088,9.5453,10.5217,25.7378,15.6269,18.1630,10.6344,12.5501,23.0268,14.1651,28.2941,16.5256,28.6406,22.9021,35.0566,28.9215,26.2556,16.1132,24.2914,30.4269,47.3271,43.4056,34.0091,38.1600,18.2404,27.5887,23.8263,32.5763,49.3620,44.2510,36.0224,31.7327,26.4970,20.0089,20.8706,28.4884,56.1451,46.7578,64.2762,26.8547,16.4338,11.6983,29.3179,19.7005,18.6229,7.4869,10.9004,7.2400,10.5095,19.3827,44.8027,35.2512,44.4335,25.3004,19.0995,15.8811,21.2827,16.9487,26.3355,13.9782,26.3862,33.4060,21.7672,13.6406,5.8833,7.7938,8.9162,16.9674,15.1528,19.2990,4.2349,6.4937,14.1040,13.3019,14.0006,27.1581,21.4593,31.5185,18.9529,12.6644,43.3953,38.9923,49.8321,30.4219,32.6069,14.9797,16.8443,20.7861,18.6043,23.0244,24.8899,21.3522,33.2219,22.9274,36.7899,24.1344,31.8928,18.1161,13.2701,10.2192,22.8536,34.1495,32.9443,32.9167,21.3885,22.8553,26.2174,18.5366,14.0745,5.1274,16.3993,17.5794,39.2047
41146.0000,36858.3000,21948.8000,16659.8000,16153.6000,22090.3000,17805.9000,14602.0000,10782.6000,9537.7600,9427.1600,8043.1400,7085.1600,5387.0500,4685.0600,4664.7800,4571.6700,4968.7100,4464.4600,3493.7100,3259.5600,2659.7700,1783.8300,1500.3500,1296.3500,1187.4800,1069.4600,1337.7900,1603.6800,1629.8600,2150.0200,2182.7900,1694.4000,1689.0400,1121.7600,739.8560,588.3500,504.5260,457.8910,508.4500,521.9800,575.8000,619.9760,452.9350,406.7110,259.9210,135.1330,217.7210,308.1790,413.7250,561.6140,418.8430,456.6380,198.5940,102.2720,245.0550,312.9910,474.6030,372.9880,386.3110,434.5300,386.7800,346.7320,334.3400,289.8050,269.3120,284.9390,327.4150,377.8080,341.0060,367.6320,315.5070,297.7280,275.6830,351.0740,284.1440,180.0910,120.5900,59.5955,66.8455,77.9938,123.2250,142.7590,205.3560,166.3300,105.4090,82.9709,111.1040,170.0730,123.9670,112.1260,135.4930,229.9630,316.5030,281.6600,352.1420,314.7610,222.6030,214.1320,131.9520,65.6688,47.1635,88.4389,137.7550,207.2720,146.3350,179.4940,75.7321,70.8748,35.6519,43.1613,65.3207,75.7908,55.5905,42.3973,39.7827,84.6162,82.5224,107.4160,86.9203,55.9461,42.5759,39.5165,78.7721,96.7443,94.2174,93.2989,46.1739,27.9055,13.3918,16.6423,31.3430,56.5438,40.2379,37.2839,16.8449,55.2967,66.8659,79.6789,55.9166,25.3632,12.2563,15.0550,26.1899,49.7035,55.7113,46.2253,46.2515,49.6040,70.4119,67.6715,99.7130,73.0182,43.2090,34.5319,58.7064,94.3587,64.2336,65.5131,45.2398,30.5543,31.3243,37.8589,62.5118,39.4357,27.0895,17.0170,26.0727,26.3739,17.1779,46.6357,44.6858,69.1867,31.7332,21.7267,23.1744,31.2543,24.1410,34.3652,33.5426,46.0380,23.3297,19.4024,8.7265,26.2090,30.3554,46.8186,49.0711,41.9358,35.5736,16.9023,2.0874,7.0993,22.8196,13.3926,16.9305,24.8163,9.7805,17.2717,14.7441,15.7807,20.5104,28.4411,26.0966,33.2560,17.6742,21.2836,28.8982,27.3481,43.8906,19.3551,13.0821,6.5561,4.0419,7.3522,25.2391,41.6686,35.2550,54.3026,23.4821,21.1481,17.0587,22.9807,29.0739,10.0122,7.4074,32.7519,36.5282,41.9859,29.4228,29.7898,36.7035,33.9262,21.8930,20.6119,25.5158,38.1993,46.6468,53.2659,77.2010,48.6207,60.2785,24.6735,8.0370,24.0452,30.1127,36.7521,32.0358,43.4859,36.2300,37.0479,21.1116,8.4822,10.6207,9.4274,4.7625,9.7108,36.1787,25.9102,41.4271,14.4926,9.4700,10.3818,26.0112,29.2731,61.4032,56.8831,67.7508,36.5480,24.8485,8.7340,21.5346,49.3187,49.8736,95.1196,63.6898,93.6250,40.0817,44.9819,16.3807,12.5085,21.8815,14.4537,16.3938,19.5340,29.1747,20.5168,16.0815,17.3573,27.1964,35.8720,24.4086,16.8589,13.6356,32.5141,42.5849,36.3018,37.5911,31.5602,25.4058
41142.1000,36700.9000,21921.4000,16686.6000,16336.5000,22395.9000,18125.9000,15037.1000,11332.3000,10051.4000,9659.1000,8106.0100,7219.7600,5372.5500,4588.5700,4507.1500,4623.6300,4978.5400,4384.7800,3458.2800,3141.7000,2385.2200,1530.5500,1346.7200,1188.4200,1099.4600,965.9070,1217.2500,1412.5600,1447.7000,1875.4500,1923.7900,1504.4200,1528.7300,962.4990,648.5050,515.0130,484.4480,493.3470,562.9920,574.1200,711.8150,739.3480,553.3970,537.3240,324.5300,221.1130,275.6060,341.7920,496.9210,529.8790,474.7760,560.9110,313.2950,200.3070,125.4260,213.2000,394.6140,365.5860,426.6210,474.0570,362.5550,352.0500,321.2990,338.8730,303.0790,314.6010,267.4060,327.3910,325.9410,396.1640,302.1030,246.5330,236.2820,289.0700,225.8500,198.1150,254.0080,315.2370,416.4430,347.3730,309.5870,271.5800,194.9190,176.5150,186.6310,210.7730,263.0790,238.2850,204.6020,190.3830,147.7790,132.1910,127.8000,146.5570,167.2910,130.7750,124.2140,103.0360,49.0155,40.2229,12.7553,37.0876,34.0571,65.9517,46.8632,72.3197,51.4466,66.3273,61.8571,47.9969,51.0217,72.6196,92.1379,91.9623,104.2000,63.2684,50.7477,46.1746,63.5140,74.0150,64.3921,72.5114,73.4261,66.2122,74.6536,60.0116,28.9570,6.1955,28.1826,37.7401,54.3886,46.0973,47.6403,54.9598,52.0683,39.6990,35.5852,34.4446,40.2759,32.9743,29.7959,34.3580,54.0748,41.0283,23.9094,40.0464,62.1956,131.3080,79.3340,97.8218,21.0456,14.3965,44.0773,49.9568,59.8510,89.8081,104.6330,94.2578,118.7480,90.2851,72.7533,65.4098,74.2053,56.7731,80.8371,26.5167,18.6175,32.9408,33.0277,28.7883,24.4785,6.7813,8.1697,19.4755,17.7109,22.2000,34.9924,29.2763,34.7487,30.7086,25.1140,24.3123,28.3286,45.1490,56.1298,50.9624,51.8829,47.9754,59.9392,59.8557,71.8238,32.0084,17.0299,27.3190,40.9646,41.3432,20.2491,23.4474,34.1652,55.3195,31.0433,20.9430,13.9525,31.2573,22.5984,20.7065,16.9553,16.3210,30.0237,12.8651,8.0284,5.8097,25.0201,23.8409,23.1704,22.7929,3.2363,4.3721,25.5854,23.6144,36.6637,22.7978,15.9882,12.7570,22.6628,26.8362,16.0914,7.4453,8.5402,13.4319,13.0236,27.4707,30.0129,43.6232,29.0370,25.4678,27.8226,45.2398,38.8254,52.9273,55.0940,48.7727,65.0694,44.7551,43.6115,70.7651,41.9828,76.3882,36.2999,31.2890,13.4861,28.1461,23.4966,31.5617,13.1841,13.7122,55.1613,47.6600,80.8196,58.9834,64.4856,53.3479,34.8023,28.9236,25.1501,24.6004,27.5608,23.7502,19.0257,21.5176,37.4684,42.8470,46.5460,64.0868,71.6821,76.7106,102.4630,73.3106,72.8969,62.5203,56.8367,56.2765,74.1268,56.9572,66.5630,61.1895,43.0138,41.4859,18.3862,15.4435,22.7953,41.0898,48.4750,48.6285,60.0158,39.5768,42.7577,27.1689,11.7157
41454.1000,37017.3000,22213.6000,16994.7000,16456.5000,22418.2000,18087.4000,15070.7000,11273.7000,9990.2200,9607.4200,8070.2400,7139.0800,5360.8400,4656.1200,4608.0200,4667.9900,5008.2300,4436.7700,3489.4800,3213.3400,2515.2700,1628.6400,1371.0300,1155.5000,1006.1300,807.2390,1050.5700,1410.8100,1584.5500,1996.1000,2323.4400,1757.9900,1803.2500,1183.2400,707.0610,499.6910,372.7240,291.0160,284.6740,327.9830,389.6290,496.2200,334.8440,314.6940,114.3120,91.3169,238.8920,266.8360,382.4640,429.3850,345.9360,442.1800,258.0060,164.7730,94.7684,159.6010,312.1100,313.5970,388.4220,448.4620,350.0890,351.4710,369.4330,394.0460,328.2960,349.9160,306.9680,345.0260,320.5510,353.6780,236.5890,214.3640,212.2250,246.9040,193.2230,173.8000,234.8370,287.2750,399.4050,408.7440,340.5790,383.6090,322.5470,228.6230,183.5670,128.0350,101.6730,80.4676,66.3592,88.6977,129.3030,207.7500,266.9850,240.1260,296.2760,246.8580,184.5000,159.5560,149.4980,181.4750,202.6650,204.7090,248.2730,225.5010,178.6330,179.0910,76.6841,46.1547,40.8550,88.4052,60.8549,100.5960,81.9377,74.2594,61.8297,65.8509,99.9297,63.6930,40.6418,50.3713,75.5114,97.5613,83.1817,80.3934,80.2209,37.4579,32.0902,46.8679,59.5463,37.4258,21.2513,48.3952,49.5771,61.1715,46.2979,49.7111,53.7407,67.0395,57.5189,49.0852,58.6344,48.0570,28.0548,14.3910,17.0613,25.3140,52.3946,54.0940,52.5684,61.3831,44.5503,49.1796,31.0070,40.2490,27.0986,39.9860,59.0156,52.1810,78.0471,47.1998,39.4947,43.7437,58.8737,30.0463,21.9754,24.7406,30.2927,22.7252,48.0759,42.8365,49.5802,26.0157,32.1533,25.2477,21.5951,8.5382,15.3564,17.3921,11.7628,6.9009,12.1820,34.8181,67.2912,79.2845,70.4222,47.5167,21.1600,21.1821,35.1115,18.2794,21.9865,20.8732,16.0087,31.0490,17.1271,17.1331,13.3115,10.3305,18.4585,14.9041,28.1380,28.7182,32.8474,26.0981,31.3190,64.3201,47.5455,75.6520,23.2665,23.6508,42.7248,28.4486,10.4353,30.2136,33.0838,8.2404,3.2883,18.6805,58.9996,33.3891,46.1491,35.2684,35.6814,28.9133,60.1620,28.0906,17.0335,33.0483,70.4625,52.5622,31.7621,30.2640,56.0962,66.3900,70.8209,58.5289,65.7218,75.5535,59.3026,67.6180,47.1342,72.1434,44.3762,56.2927,15.9905,32.7536,39.1188,92.1668,59.0385,64.1367,32.2571,18.7618,17.9725,12.8309,5.3944,13.0014,56.9450,55.2375,86.3428,62.4414,63.1953,35.9783,26.9105,24.1465,35.5520,67.3272,78.0390,79.9160,81.0065,49.1718,43.7168,24.9354,15.7148,42.8671,46.7701,64.2885,54.5381,46.8344,52.4198,58.7396,40.8637,42.9631,27.2795,31.2553,18.6164,42.7075,31.2308,22.6551,21.9721,40.0090,59.3365,84.4114,73.1942,60.3892,16.2426,12.7074,43.0144,26.1612,30.1672
41297.1000,36903.6000,22077.2000,16787.3000,16145.6000,22070.8000,17855.6000,14768.9000,10890.5000,9378.0500,9154.5500,7802.4600,6862.3400,5183.3900,4455.4500,4450.5900,4248.7400,4643.4000,4339.4000,3630.6500,3264.9500,2842.6800,1817.9500,1328.8100,1086.9900,938.3270,782.1040,982.1860,1405.2100,1609.7000,1982.3700,2368.5200,1773.1800,1777.1900,1280.5500,774.3630,617.6940,509.0890,346.8090,235.9530,241.0840,278.1510,379.5200,277.2620,294.8700,171.0210,79.0816,33.9299,93.0711,172.1690,267.3040,226.0310,335.1440,182.7450,175.9740,55.0132,100.5620,279.7560,244.9310,303.8790,288.7550,249.8350,262.9150,282.8530,296.5100,286.4640,299.4590,313.9270,333.7340,303.7740,346.3490,262.6360,203.6880,211.1940,248.4270,243.0130,154.2860,149.5300,170.4830,231.9820,220.1900,206.8170,216.3660,260.1790,230.0250,188.7500,200.1290,215.6470,168.3120,139.4760,78.1010,66.2740,151.4150,254.7660,257.6940,366.4270,293.9860,225.7110,179.1980,127.6320,107.9150,80.8769,73.2477,84.5986,149.4020,141.2320,154.5990,137.5580,100.6200,94.7113,114.6620,68.8415,102.5310,67.5657,87.3653,65.2053,63.4362,62.4212,21.9450,26.1526,67.9393,80.7803,104.0240,81.6937,73.4883,80.1092,66.7486,36.0302,28.3261,41.9380,68.6047,68.2225,41.9321,32.9735,35.9563,58.4734,59.1866,53.3681,56.7824,46.6845,44.2777,45.3005,54.8248,35.5393,29.7750,35.2372,53.6854,48.8306,29.5300,25.5762,34.2253,36.8282,31.1083,23.6857,37.3972,37.2572,56.8235,52.5015,42.1467,24.0059,18.0079,24.3154,44.9036,27.4940,56.9707,33.9323,62.3658,43.2946,56.3918,53.3766,42.1421,49.8956,18.4152,12.2436,29.9457,28.5088,31.8531,15.0858,13.6313,18.9649,40.1156,36.2844,30.2607,41.8798,30.4856,27.9541,36.8453,23.2551,29.5069,20.9280,21.3858,52.6204,27.2328,37.5402,9.4811,5.7690,22.1232,20.1238,33.4444,31.8238,36.2352,32.0290,39.2624,29.6175,56.6428,37.0376,71.6664,39.6567,46.9573,22.1379,5.5981,4.5076,3.5416,10.0525,26.4804,13.0318,11.7258,10.1787,25.1436,14.8422,13.8350,22.0333,22.0201,5.2623,6.3419,40.1208,35.8581,45.8629,55.2225,59.4033,78.3728,70.6437,61.3767,64.4737,80.2965,47.3832,37.9952,37.1030,56.9567,38.8275,35.8007,40.1780,54.9763,37.3211,35.5628,44.2266,45.8709,29.0982,13.4035,22.8999,38.4837,46.2835,33.9128,38.5860,21.8640,15.9235,13.1483,19.1517,16.1912,18.4244,13.9054,12.7693,13.7136,18.5378,26.3412,26.6877,52.4082,40.5242,44.4132,34.2840,21.5964,30.3486,24.1706,36.6212,52.2809,40.7337,31.9331,23.7982,30.7045,32.9749,44.5034,53.9861,37.7624,39.9407,17.6465,12.8602,39.2581,40.9097,47.1427,56.1263,35.0149,29.6560,21.2914,21.2946,20.7667,16.0972,14.6964,9.4203,23.4254,17.8865
40992.2000,36618.0000,21814.2000,16535.9000,15862.5000,21666.3000,17284.6000,14209.1000,9980.9300,8438.2900,8580.4100,7402.2400,6555.6000,4948.0500,4334.4600,4265.9600,3902.0800,4038.7200,3721.6300,3402.9700,2882.9100,2836.7700,1994.7500,1390.4000,1050.1100,825.6180,574.5500,692.6280,1112.8900,1360.5500,1676.7800,2153.6900,1637.2900,1565.0400,1252.9400,802.3240,603.2630,558.5050,531.8400,424.5250,362.6820,405.6720,461.9040,384.5120,438.7790,334.4460,195.8650,109.6240,78.2060,188.6940,217.4230,243.2270,300.2430,198.9080,238.2730,62.3653,33.8128,151.6400,130.6980,141.1360,89.1958,150.9910,177.1750,248.5940,203.6710,172.1300,173.6830,218.9540,313.8370,287.6720,334.2170,243.1000,181.8120,171.0110,207.4980,163.0720,100.4210,92.1151,109.9860,162.1290,199.8220,183.4020,188.2530,190.0210,180.2910,173.0410,183.6760,221.7990,203.9930,170.3210,142.9800,57.8817,43.9251,130.4050,195.5700,279.4210,355.9530,242.6070,243.9520,143.6520,108.1090,88.2724,75.7379,86.1577,153.0610,127.9480,168.8020,77.0972,55.8727,36.1772,57.9434,51.4266,69.0053,54.8727,60.9071,70.9650,40.4661,31.9788,9.6347,29.0550,30.7656,30.4776,14.7212,24.4757,46.0948,44.2366,50.2416,22.3351,17.3208,6.1736,2.9116,4.6447,26.7077,53.3594,94.9466,88.3360,108.1490,70.8031,67.7533,85.7012,80.8164,58.3472,50.7418,68.4467,75.8206,58.9546,44.3778,50.8187,94.9664,78.1107,100.8620,32.3637,23.3019,57.4495,62.2888,81.5696,87.1097,68.8805,64.2935,64.8470,70.8377,47.3825,37.5120,12.8936,31.3921,46.0858,47.2482,55.1774,91.5476,71.8062,71.3563,44.6081,36.8536,33.5950,34.9782,30.6045,32.7422,24.8656,23.4774,6.3359,3.3577,8.5750,11.9126,17.5239,14.1976,22.0624,24.5723,35.4399,22.3839,18.1508,17.0190,21.8695,29.3094,22.9137,57.4271,34.9584,37.6771,19.2800,14.1191,27.8466,32.2762,29.8366,21.5120,15.1598,46.3288,46.9854,76.5453,34.2411,36.4803,41.0675,33.7189,66.2762,35.6340,38.1192,17.0473,13.4594,23.9673,20.6303,31.3846,20.6524,20.2211,25.8523,38.8966,37.7081,24.0089,24.2914,32.4109,45.2957,28.9672,28.2572,35.6449,55.8455,38.1437,28.6778,9.9399,20.6150,16.7634,14.0223,11.8061,19.5731,19.1558,25.5422,33.0993,51.1024,32.6318,34.0922,7.0376,6.4717,18.9644,13.5016,8.5402,22.5753,51.1269,37.9640,33.9160,22.1525,29.5545,17.6384,12.0187,47.2932,49.5577,86.1224,56.7632,59.6875,15.4872,16.0487,40.0956,44.5213,24.6727,9.8609,40.1887,40.5788,51.9401,36.2070,22.5353,53.2834,42.1241,79.4204,46.3911,48.9692,20.0459,39.7398,36.6667,62.7946,35.7178,29.7214,38.2098,17.9494,33.8721,20.2192,34.9053,40.2272,27.3634,29.7135,6.8468,5.6935,17.6697,11.8024,22.2209,13.9885
40834.9000,36447.3000,21593.1000,16338.0000,16030.0000,21945.7000,17541.0000,14267.9000,10176.6000,8753.6500,8952.9500,7766.9200,6928.8800,5227.9000,4451.4800,4383.2700,4076.4900,4323.8500,3984.5000,3433.8300,3006.1100,2727.7200,1816.2500,1291.7400,983.5960,751.8200,498.9840,694.1480,1086.5100,1231.1500,1504.4700,1870.9300,1443.5000,1383.3100,1142.7900,798.9510,612.4040,552.2630,469.8650,405.7660,382.2280,402.0670,471.0380,372.1740,358.9110,258.1860,91.4505,74.1668,197.9860,269.2970,422.0260,333.3730,442.0930,273.9960,209.0230,54.8454,79.0725,237.4810,214.3850,255.5800,258.3720,242.1510,248.2270,261.6850,256.0530,252.8080,274.0920,301.2920,359.1930,349.0040,422.9380,331.7020,233.0590,200.4510,215.4560,171.2730,93.8813,59.8988,107.0070,178.6200,231.4060,189.2080,183.5430,173.8040,181.4200,165.5810,163.6600,165.4260,171.6920,139.5010,130.7250,85.8790,106.6750,176.5140,186.0400,267.4270,247.6650,183.3030,163.0760,106.3300,86.9999,81.4651,85.9025,115.7340,129.2420,89.7272,75.4453,74.1006,107.1780,94.6639,91.3433,79.1295,35.8338,39.3596,44.8329,45.5471,34.4775,20.2225,25.9923,65.6535,61.6728,73.9078,59.4512,37.2845,29.2538,27.3807,29.2621,13.6563,4.9240,8.7284,10.3950,6.4001,15.6517,29.8698,32.4817,41.4572,77.6193,71.6848,92.7170,81.1764,58.8307,51.4693,31.4856,34.2000,37.7233,58.7492,32.1334,41.3609,16.4007,18.2994,26.8724,6.6626,9.6537,13.5473,20.4050,29.0132,42.7304,47.8610,32.4722,32.1491,42.3195,61.2227,46.1095,45.5465,18.7006,24.5067,22.2947,34.8614,21.2482,18.5778,49.0642,32.5456,39.3253,30.4703,21.9156,33.7323,28.3433,42.6058,34.9511,39.8185,33.1884,30.1705,30.8877,26.2065,49.5565,54.2653,88.6331,78.8276,62.5681,63.5995,39.6659,44.0989,17.1371,57.2992,45.7648,59.2147,31.5171,18.0164,4.9876,5.2321,12.4149,38.4113,31.9499,44.4892,30.8601,35.2444,44.8801,62.9507,38.4550,26.5632,17.0377,56.7471,59.7732,87.1296,75.3386,60.5580,47.6455,28.1207,16.3922,31.7459,26.7781,25.2408,24.0218,24.3166,39.7944,44.0153,69.7944,45.6876,44.9422,23.9216,12.9857,16.9233,14.2181,29.8636,24.2678,25.6969,31.7273,53.3012,61.0748,78.5914,108.0670,82.3901,105.1230,61.5809,48.8753,40.2348,33.3977,38.4913,31.4420,31.5648,25.1733,23.2621,30.4438,42.4779,29.5805,25.6500,16.7827,26.2492,22.6388,22.6691,26.0078,30.1616,57.9079,41.8170,78.8112,50.3849,70.5924,59.5479,56.1377,65.2145,34.5186,31.6011,22.5610,13.0169,23.4204,21.0893,12.0804,14.2634,5.2951,8.5734,9.3648,13.3204,12.1860,15.7392,7.7386,19.7526,31.4463,57.5347,54.0947,47.2182,54.8106,64.0296,52.8212,46.5464,43.5644,27.2317,52.3592,43.5351,40.3929,21.1567
40904.6000,36526.3000,21773.9000,16552.8000,16130.0000,21971.2000,17649.2000,14410.3000,10498.0000,9213.5900,9336.9800,8098.9300,7258.4500,5638.8000,5050.2300,5030.7100,4941.0500,5301.3800,4690.0800,3663.4000,3342.6500,2508.0000,1586.9700,1277.5300,1054.7100,800.6950,569.0450,907.4640,1275.9200,1410.8000,1736.0000,1991.4500,1489.1900,1447.2000,982.7160,666.1670,543.7370,503.7450,455.3670,461.4390,482.7210,538.4100,620.3740,480.1010,423.7790,306.5540,179.5890,256.2360,343.3290,459.0800,607.7350,503.0090,568.6860,420.5250,243.6450,193.5890,243.5130,387.4120,320.2380,335.0750,351.8400,327.7110,283.9880,315.2800,355.9270,329.2170,350.1660,367.1040,378.7340,331.2170,386.4300,282.4880,212.5050,192.8950,220.4840,181.3940,111.6040,64.0159,72.5034,151.0850,152.9430,122.6470,94.8142,86.5153,88.8142,76.0388,59.1919,46.4716,56.4165,130.2160,114.1360,173.7850,99.6929,92.9097,42.9401,120.2360,124.0720,164.7240,172.5360,169.1760,183.2040,163.5730,81.5389,63.7674,89.6296,124.4990,152.5670,111.5460,102.5320,101.1530,122.6750,109.5510,155.7760,127.6380,106.7540,103.8080,74.3682,61.1700,64.4792,51.1716,43.1384,46.6940,39.9627,36.0426,47.9872,76.5162,65.3841,99.6605,64.4565,38.0922,30.3889,47.6900,77.2143,80.0461,60.8400,52.3721,45.0563,44.3700,24.1708,26.2731,50.3860,77.0909,94.9440,60.0296,60.2511,16.4596,18.2505,38.8111,27.7350,20.0740,18.0374,6.5286,23.0041,41.6300,45.8863,50.5542,32.8849,15.8531,26.9918,40.0352,65.4459,37.4010,34.2559,7.9028,17.6346,27.3899,23.7909,19.3040,18.7731,27.5110,31.0327,44.3627,42.0393,33.5373,29.2708,26.6739,25.4064,35.8235,22.6693,19.4579,11.7076,20.3393,22.5782,35.4897,47.8023,44.4483,68.5025,39.0263,39.3430,9.7435,9.6017,28.6243,16.1804,7.6550,3.7366,11.8665,13.4050,19.2915,36.7555,37.2648,36.4163,30.9825,21.8540,20.5305,22.1924,14.2276,14.5120,7.1626,3.4605,4.0156,11.6336,9.3003,14.4998,8.2759,14.3022,9.9807,13.4493,7.9623,7.2336,7.9374,14.3144,7.3830,7.5312,7.2245,15.6571,23.9320,34.7677,30.3011,38.1298,30.6059,17.4555,13.5682,18.6690,25.8815,14.4297,22.4056,27.4595,48.9479,32.5435,35.1332,28.0097,22.7262,27.6858,35.0498,32.1543,48.6843,33.5030,40.0058,11.8528,17.8936,20.6835,11.9079,17.7914,11.0415,15.5712,35.2154,47.5952,51.1425,57.5398,42.6132,41.5967,36.9372,27.4939,25.8693,27.7642,24.4234,14.2145,16.0973,21.3580,33.5815,22.7861,29.1275,19.3162,27.4631,22.0894,31.3710,29.4090,26.6275,33.9468,36.0251,31.2679,37.7031,17.7897,23.6737,22.8683,16.7169,34.0991,18.6434,38.0984,33.3626,44.7205,30.5933,30.8081,18.0555,13.2423,11.4164,10.5235,7.2909,11.3742,7.6551
41271.0000,36730.2000,22126.8000,16923.3000,16320.8000,22250.4000,18067.8000,15031.1000,11281.9000,10071.5000,9964.8800,8550.5000,7744.2800,6016.6300,5272.1300,5039.7300,5275.9200,5419.7000,4466.0800,3553.3000,2999.9000,2075.8700,1505.1200,1390.4300,1158.2200,999.0330,884.8280,1265.9700,1500.8900,1505.7800,1948.9100,1968.5000,1548.1700,1567.2700,1087.9200,748.5470,627.1790,546.5920,453.8800,418.4330,404.1610,486.7890,498.5250,425.5700,437.3630,362.5200,224.6910,218.8060,267.2970,437.6650,546.2250,467.8460,579.2630,389.4810,254.0370,197.4590,264.0650,393.7570,360.2170,390.2170,436.7530,337.5980,304.2560,273.5630,325.3090,308.1830,321.4610,309.2490,301.9630,258.4370,271.9970,180.3780,146.8720,143.8000,146.5080,122.3150,111.1910,143.1190,157.6560,209.4350,184.8700,142.7150,129.8200,144.1070,155.6430,123.6230,119.9280,108.8040,66.2644,42.9052,61.9511,98.7788,189.2000,211.3730,198.5930,253.8620,192.1590,158.2660,119.0920,46.4307,19.4240,36.2228,76.8714,115.5320,188.3290,135.5130,161.0690,91.2031,70.2774,66.2396,87.4878,59.9773,71.4511,65.4112,65.2454,66.6841,41.2771,23.2209,29.6811,57.0222,53.5603,63.0406,46.8555,41.9431,50.0756,35.8744,26.2161,9.7922,6.5483,15.2564,23.8482,20.6130,35.8489,41.3025,41.8600,65.0376,50.4147,43.7643,37.1361,39.1541,33.5761,45.4749,37.0159,35.6696,46.3236,27.8129,26.2564,23.2431,49.4821,44.6695,57.4464,26.7203,40.1404,52.7891,100.6210,69.2763,79.7366,60.3877,41.1945,48.4869,15.8294,24.8116,20.4645,11.9301,10.0225,20.8123,41.6552,40.1514,33.9075,15.2118,15.7957,38.7754,34.4229,44.9623,22.7506,24.9183,12.5015,31.5917,30.3178,42.6804,65.5984,51.4676,60.9250,21.5650,19.4576,41.3869,41.0396,39.6475,50.7214,63.4533,74.8600,68.9745,33.9794,24.5288,28.7922,55.2162,34.8252,35.3105,18.4716,26.7968,33.8638,42.8898,44.4160,36.9008,29.2833,19.7672,29.1932,22.2235,55.3519,35.9405,38.2018,21.3884,29.9101,33.2813,36.7868,17.5227,12.6681,23.3139,18.0539,25.3507,15.4361,27.0828,32.4576,58.6029,40.7456,48.2249,27.8936,26.6805,13.8361,9.6064,13.6847,33.1772,30.7438,50.4023,25.0477,51.7976,37.1671,60.7912,57.8077,67.5559,67.6375,52.1685,42.3804,22.4540,14.2485,21.3037,21.9166,26.6119,19.3985,30.7442,36.6448,67.7320,40.7096,43.2664,14.6000,22.5490,24.3570,37.1576,61.1247,39.6057,82.0130,73.6914,56.1291,65.6928,29.2326,67.6296,60.9909,77.6951,49.9000,55.1343,24.3762,18.8651,37.6883,28.1988,33.1370,58.1248,73.9036,88.5753,71.1848,43.1638,14.3120,10.8989,13.4463,14.1238,15.0512,27.6007,16.7471,12.2903,32.4800,15.1070,6.1531,3.2205,15.1148,11.6907,8.9103,14.7978,18.7915,34.4178,27.7572,8.1167
41391.0000,36813.1000,22204.6000,17000.7000,16262.1000,22071.2000,17795.0000,14835.5000,10950.5000,9716.4300,9658.1800,8287.6200,7448.9300,5699.6600,4917.7700,4715.6500,4889.2400,5110.4800,4390.3700,3475.3900,3107.3100,2318.5800,1520.5000,1353.9600,1166.1000,1039.7100,880.6650,1228.0900,1586.8900,1566.6700,2025.9200,1858.9600,1419.6700,1360.1500,959.5050,666.3750,562.1950,396.4720,171.8870,252.4300,403.9770,458.8090,563.4610,362.8960,335.6440,150.1490,64.8466,213.0630,297.7070,373.1390,427.4890,283.4430,302.4300,114.4730,50.1958,128.6770,166.1260,245.3930,179.7330,179.6430,205.3070,176.2360,158.9880,127.2540,157.8850,213.6160,231.9600,306.0510,403.1950,334.9400,357.3240,260.9460,216.4700,207.6920,235.6700,213.6370,167.8590,163.5350,182.2990,240.4730,236.1050,207.9250,190.4280,125.9080,131.5780,135.8350,176.3370,179.4470,138.5640,128.3110,59.5799,38.0217,112.9490,185.4300,194.6250,261.0950,199.0910,171.7380,133.8500,77.4881,45.7167,24.9694,59.4120,82.5716,168.5800,111.9000,129.0530,61.4049,49.6547,55.0666,58.8020,42.3009,48.3236,81.1222,70.8954,122.8170,75.6785,83.1500,49.8670,47.3583,49.4549,60.1167,47.9645,40.3303,40.4845,51.4464,52.9429,42.8502,41.9712,43.5122,23.3941,12.6965,20.9785,30.6753,51.7008,35.9174,30.2966,20.7271,18.7086,34.9702,63.7801,68.3436,99.9490,56.1091,39.6244,23.2672,44.1575,93.2133,75.2011,78.1244,71.9044,53.2761,52.8337,19.5276,60.8685,54.5358,87.6937,65.6722,67.0654,69.5931,56.3013,50.2783,54.6896,53.1396,25.0666,9.8273,32.2765,49.6825,62.7775,36.2801,28.3660,22.7704,36.1978,25.2679,21.0599,4.7536,8.7771,3.0652,17.7739,33.4257,32.4067,26.6068,20.2390,27.2246,28.2894,37.3156,45.3812,72.6698,37.6140,32.1858,8.2325,16.0326,8.6463,14.4774,46.0828,58.2468,82.4726,55.2519,57.6068,23.9074,17.2543,19.7104,21.8050,17.7126,14.2205,9.6145,7.8156,7.1440,12.0169,32.5184,20.8225,19.8618,16.7346,21.3999,19.4183,21.3945,44.4907,32.2974,55.6728,26.7212,17.4233,40.1148,17.3977,4.2165,10.4025,30.0635,15.7746,12.5322,15.5555,36.9082,36.0833,37.8626,38.4650,24.0076,17.9595,6.0454,10.7916,15.0973,19.4237,21.5145,41.7007,46.6733,48.1431,32.0782,30.6159,33.7402,21.4554,19.0456,15.7417,17.9912,32.4914,44.2104,47.6100,59.3066,36.6122,35.0276,43.7889,72.3357,78.0459,88.9792,77.9675,44.6024,46.7362,23.0429,25.4075,49.0856,41.4388,44.7523,27.2427,41.2353,35.0569,41.0061,18.0675,24.3966,27.3754,26.3723,12.1149,28.5313,44.2302,31.1828,15.3721,17.4223,49.9488,40.2861,49.7977,34.9988,31.0732,42.7586,45.8809,48.0724,42.7500,26.9998,21.2347,29.9704,52.3775,45.5232,63.2117,34.0256,26.0588,4.6375
40976.1000,36361.6000,21867.5000,16650.8000,15805.0000,21337.1000,16823.4000,13909.2000,9665.9300,8338.1800,8668.4200,7630.5000,6912.2600,5310.1200,4550.2700,4538.6100,4294.1700,4572.2300,4125.6000,3521.7600,3178.5000,2939.0700,2078.2000,1505.7900,1234.3100,900.4270,603.9210,772.5200,1075.0100,1165.1100,1511.8900,1532.8300,1159.0900,1098.0100,902.0520,716.8110,635.5110,497.7970,168.9150,103.9580,211.3940,258.0950,333.0520,266.3160,216.4110,136.3590,58.8003,132.3690,187.8980,216.0140,281.6760,192.4730,233.4790,89.8034,120.8160,88.8361,69.1618,146.6090,94.2198,122.3030,109.2920,96.4897,104.4230,80.2151,76.3808,119.0740,152.3290,251.1770,320.5510,268.9630,315.4530,243.1240,197.4120,177.2780,143.3750,95.8053,108.6740,109.2360,120.7810,147.1680,212.5800,176.3960,201.7030,104.6430,107.6080,135.4490,168.9120,159.9300,127.5420,120.2800,131.6990,126.8850,115.0290,132.6790,157.4940,212.6540,189.7350,139.9560,118.4230,122.1260,182.2270,169.8250,170.0700,156.5150,181.1990,167.3500,198.2630,134.8970,87.2695,72.2647,94.3977,84.7632,100.4720,100.5910,109.3700,115.3020,81.5479,90.4785,99.7839,76.2969,77.9895,69.9847,82.5917,89.1298,97.0082,55.6121,51.0935,89.4347,78.7554,125.4020,48.4233,81.9393,58.4771,66.5590,53.4365,50.7781,28.8437,25.9855,13.4018,67.0669,60.9484,111.8090,57.1225,72.8052,24.5433,40.5739,26.1184,23.9714,19.1064,51.6721,50.4165,58.6427,44.3136,71.8072,79.3735,111.1020,87.4765,62.7612,8.5248,64.1189,101.8020,101.7780,120.7000,48.7259,78.1146,75.5446,59.1477,102.2570,37.8537,26.3852,35.1613,104.5470,67.2279,108.5910,48.2589,47.3846,26.6895,15.1883,16.1858,9.1685,35.0491,28.6657,33.4576,23.2350,16.5670,20.2107,23.2909,67.5170,50.6003,56.9769,74.0311,25.3495,41.9117,59.8987,28.8077,33.3754,7.1539,14.1690,17.0969,29.0065,14.7067,12.1618,14.0497,25.1586,44.9021,48.3543,73.0556,82.9362,73.0582,102.0940,53.3511,54.9757,63.7664,29.1534,40.2623,20.7672,10.7163,19.5770,21.3094,32.1440,17.9568,22.8218,25.5741,22.1041,36.8007,29.3604,35.0314,45.6433,67.2435,48.6154,60.9044,29.4148,21.7515,7.4766,11.0678,25.9847,11.7886,6.1033,6.9098,25.4151,23.5521,21.4177,52.4436,23.7871,15.0616,19.1410,50.8947,44.7479,21.5937,36.2355,20.5100,25.7427,42.9013,127.1790,104.6530,149.1970,90.6174,67.5861,45.4358,24.6293,11.5495,18.2249,11.2719,35.0785,59.5163,126.4340,83.7532,76.9249,24.1125,43.9463,29.4216,22.5577,47.8637,66.2174,73.6838,48.0048,27.3703,47.5256,34.8322,40.8065,36.6506,41.3015,72.2931,48.0083,24.9474,22.7809,68.7153,62.2251,82.4725,40.3601,21.5943,33.8233,59.1877,19.7976,62.9977,94.2327,87.1274,86.9841,70.8730,69.1300
40720.8000,36146.9000,21586.7000,16260.7000,15456.4000,21193.6000,16813.9000,13902.6000,9506.6900,7713.1700,8024.5100,7139.2600,6530.8100,5008.5000,4221.9800,4273.8500,3935.3000,4090.4500,3469.0600,3246.8300,2846.7500,3087.1300,2362.6200,1634.0800,1339.4700,1023.2300,669.6850,651.9910,861.7570,944.3440,1327.1100,1307.9400,988.2890,916.1030,699.1560,671.3320,609.4980,601.1830,283.4090,167.1000,174.2620,228.3020,282.0400,185.9080,162.4590,41.8606,51.8367,107.0510,159.2010,135.7560,190.4450,87.1648,137.9920,105.8910,108.6510,106.6060,15.3488,65.1860,104.2250,107.0040,78.0982,67.3111,90.3105,147.3900,192.0180,190.2880,209.3630,244.6240,317.7280,303.6630,361.9020,268.8670,186.8280,165.5950,203.7300,202.4520,125.0100,93.6479,102.4450,151.9520,128.7950,90.4674,62.3905,82.7656,166.5620,185.6830,185.3790,200.6570,194.7130,176.6150,173.3790,162.6000,168.6910,183.4490,206.4330,256.3380,245.9150,195.2420,189.8800,133.5320,104.8110,85.4866,76.5874,88.0217,127.6720,90.8906,84.1711,43.7065,87.4162,80.9415,112.9270,58.7998,82.4763,59.0246,86.1537,103.0770,99.8334,124.5520,118.9610,74.9311,69.1785,92.0094,156.2920,117.1320,112.1190,98.6408,81.5810,63.3844,15.2123,25.3676,84.6373,53.7227,55.9372,10.7269,10.6606,33.3927,34.2557,44.6622,13.7717,23.3332,64.7769,40.0869,68.0727,57.1903,43.2679,127.6920,88.4766,137.4480,84.6523,72.6736,37.1347,26.1356,18.5977,41.0949,59.6037,65.4248,113.5480,116.1360,101.9620,87.6977,43.9321,35.2467,40.9434,30.4352,19.7989,23.1407,38.6276,44.4778,45.7247,27.0437,31.7035,24.0703,28.4942,15.8448,9.2016,33.6907,65.0228,97.7110,87.8576,100.5750,75.2586,73.4221,88.1438,50.9368,45.0815,21.5762,43.6767,41.5408,67.6253,37.8679,30.1925,23.8836,45.1215,35.9666,56.6744,33.1737,41.8043,34.6801,48.0603,61.5742,62.0453,59.8364,68.4262,44.6100,67.1518,45.7522,52.9988,54.4894,43.7373,58.5330,35.5357,32.2596,24.4774,40.0300,38.2203,56.2222,33.8793,31.2025,6.5637,7.3331,20.4325,24.5456,18.8102,51.2695,37.4029,46.8782,32.0563,29.5661,35.7222,30.4432,30.4654,36.2192,52.4852,40.5031,36.4819,25.4330,11.9477,12.3886,40.1287,36.5605,40.3654,43.8876,61.4770,58.3265,79.8575,54.6669,48.6169,35.2343,27.3723,20.6486,28.3495,40.9939,61.9594,80.0164,84.6731,51.6986,15.1388,24.4728,72.1951,41.4143,34.8160,15.2259,33.8554,54.3354,45.2765,48.5337,34.6844,15.3893,14.3797,22.7425,44.3073,26.0021,48.3219,29.5352,57.2625,40.1563,52.4716,29.8752,34.5447,33.6003,37.6179,51.4039,33.1331,28.5270,14.3701,10.8909,30.5103,51.9371,66.6762,57.5708,30.2500,15.7720,25.2119,32.5672,17.7045,14.1616,36.2589,23.3570,53.5491,52.1221
41326.3000,36538.4000,22175.8000,17011.1000,15676.2000,20945.9000,16351.1000,13837.1000,9195.3900,7404.3700,7691.0900,6798.6200,6158.0200,4661.3900,3990.7500,4044.1600,3718.3300,3842.8400,3360.5000,3169.0000,2734.4300,2912.9500,2210.8600,1550.7200,1303.1200,1013.4800,577.3810,482.0170,810.7050,1052.7500,1479.6800,1712.6200,1297.2100,1323.7500,935.1630,690.3190,635.8000,592.2390,367.8200,265.8830,229.2420,291.9890,326.9550,243.1660,233.5620,114.1590,42.2371,62.2287,78.2859,113.6460,123.4880,130.8110,185.0940,166.2900,168.8410,112.1780,10.8118,67.7644,143.0420,104.5180,79.8041,36.7811,36.5114,60.5665,76.5212,76.9004,86.2322,122.2120,225.6600,218.4540,258.1360,207.6170,146.8140,134.3070,156.2560,120.1970,73.9817,57.6866,64.0731,85.1449,120.9230,123.0620,131.1490,117.7180,115.1370,150.2610,174.8220,222.0360,181.3740,145.5050,138.2580,118.4900,129.3690,165.5750,200.6100,272.3840,213.4020,182.5990,139.9180,84.7499,54.7174,51.0761,70.6819,117.7230,134.2840,91.4329,54.0302,34.4262,96.9437,67.5620,91.6243,52.9741,30.7136,57.8240,20.6866,42.8480,58.8203,120.9420,81.2838,76.1452,44.7373,52.3008,40.3921,35.7768,14.3710,27.9385,10.2376,7.6637,61.7581,62.1516,105.3660,75.0413,78.6698,58.6913,31.0526,8.4663,48.8323,37.0054,30.3751,30.6828,84.4430,73.4226,88.6063,42.5113,56.3261,56.5824,66.5775,26.3239,50.3228,85.9806,90.5715,103.0840,66.9652,51.5894,53.2805,69.7161,80.4677,63.5952,58.0611,59.0320,85.7152,90.1743,84.3606,66.4268,19.5543,43.4945,64.7180,84.4689,66.8262,41.5879,23.0091,32.4116,26.3601,37.0414,15.8765,8.1074,33.4251,37.6524,50.0801,57.6061,56.0117,58.6781,39.8051,19.2130,29.3146,29.7567,39.0778,13.8654,10.1918,5.6457,2.5673,24.6842,25.7965,30.1485,33.3622,36.4740,71.0792,42.1126,55.8162,19.2684,16.2610,26.1601,47.6308,26.8555,12.0203,13.2412,36.7124,30.2559,26.5910,21.3439,8.5691,12.0504,24.0111,36.5578,39.7635,47.4480,33.3147,31.1157,31.7855,25.5214,22.8939,11.1297,16.3075,32.3187,40.1305,31.0488,15.9759,18.8276,29.5990,27.4421,18.4651,6.2094,24.0425,29.9418,50.8618,44.3947,26.6597,21.3478,40.9294,69.2679,51.8872,41.4955,27.2502,29.1282,71.2760,55.2211,92.6592,59.8676,75.6872,75.8415,70.6739,86.5716,58.5441,49.9726,17.0085,12.7377,13.8068,12.9124,9.7537,27.7454,40.0778,40.9093,51.5649,54.8199,44.0416,44.8345,20.1681,28.0555,38.3648,61.2898,40.4670,22.5766,28.9751,44.4396,58.0079,34.3766,5.4686,54.6886,63.7181,98.4646,65.8401,79.6471,31.6804,28.6262,9.7336,14.6778,11.1693,28.3279,20.7433,34.7979,28.7657,38.8771,54.9721,51.7764,65.8248,33.9768,27.7710,24.8634,30.8620,30.3767
41089.1000,36648.4000,22005.6000,16729.8000,15706.0000,21264.0000,16880.7000,13929.1000,9686.9600,8353.8800,8714.8300,7623.9800,6849.9900,5235.8700,4673.5800,4708.6300,4487.5000,4691.3300,4033.2000,3368.3500,3099.1900,2879.6400,2043.8200,1501.2400,1238.5000,946.6930,631.3380,671.5650,937.0330,1167.3000,1555.7300,1993.9100,1568.6700,1653.7900,1224.6000,874.9320,815.0330,852.1730,641.7260,441.4180,336.3510,235.2550,295.6780,300.4260,362.6300,300.1940,170.1800,88.0544,69.8057,118.8820,207.2500,186.6630,256.2070,156.2880,147.7670,146.4710,86.8438,169.9710,193.3240,130.3570,85.3391,36.0687,66.8062,115.0540,68.1076,65.5617,90.2356,173.0250,251.4250,216.1180,254.2130,96.6495,50.3805,120.4130,153.5610,208.1070,157.7860,126.0950,95.6395,96.1318,156.6770,158.8950,173.6770,180.9280,216.6450,212.6220,251.8950,235.6490,183.8040,164.5680,123.5140,62.7791,113.3420,184.5550,216.4550,295.4110,256.8390,230.8990,216.7240,127.6600,85.5409,56.1307,37.9160,71.3606,106.5180,98.9309,104.3240,51.0822,33.6799,23.3329,26.7251,21.7784,31.6156,30.4765,48.8218,43.4253,57.2216,41.4164,41.8111,17.5248,54.9705,45.1294,79.3430,58.2892,62.1419,67.3832,55.2948,55.5161,43.8316,23.4878,16.7357,16.2511,20.5781,24.4052,13.0393,9.3780,15.3862,25.3386,40.2271,56.0942,53.0318,59.7846,76.0770,52.1864,56.6578,16.6039,39.1245,38.8005,73.9193,49.7284,62.0074,13.8441,14.8856,55.7210,44.5253,50.0809,45.7272,43.0877,40.8054,37.9198,34.9762,25.2158,17.4670,15.6554,26.9438,52.9427,60.6526,66.8587,80.5384,47.3732,44.2699,21.1861,24.0271,35.7915,45.7798,61.8485,48.3588,57.2956,70.1672,53.5863,75.4213,37.2920,26.9706,19.8061,51.6439,47.3249,71.2234,52.2342,47.6304,38.4498,26.6775,25.9747,36.6529,28.2712,32.0848,6.5625,19.8261,29.3288,22.4913,22.2781,9.2673,5.8937,12.2750,14.2058,22.5078,9.0023,5.7337,11.1483,17.2894,8.2285,25.1487,28.6197,37.4419,36.3032,38.2473,26.0236,21.7305,19.4135,23.8671,25.0827,29.0666,30.6457,26.7435,32.8832,42.0597,34.8804,47.8478,29.1037,34.7263,15.1837,8.7443,6.5566,14.5857,11.6039,12.5866,7.3940,11.0557,25.0512,34.3621,40.0976,45.0575,31.7395,30.6069,18.2730,15.0962,28.5490,28.8239,33.9449,19.7009,17.1675,47.7439,40.0514,44.4199,20.3212,19.4111,39.3996,41.6830,49.9188,63.9386,57.7776,71.8385,49.2709,42.6472,43.3880,65.6736,38.9543,28.2412,17.1371,42.9245,44.8540,58.3979,33.3679,23.6383,8.9670,20.7067,31.0993,28.3892,13.4261,24.6018,22.4010,33.3728,28.3381,33.8734,45.1835,35.3870,33.9849,25.6901,20.8365,16.4907,14.4737,6.9430,6.8913,7.8502,11.8668,17.9368,20.2520,21.8631,27.4350,9.8361,22.0635
41403.1000,36794.0000,22272.5000,17050.0000,15934.2000,21460.3000,17197.6000,14272.7000,10080.1000,8576.4200,8944.7600,7957.0200,7307.7100,5759.9800,5135.3700,5151.8800,5077.9700,5329.2100,4460.4200,3546.9500,3314.2300,2793.2100,1935.5600,1515.0500,1284.8100,980.4580,688.5560,829.7710,1049.7200,1222.4300,1578.2200,2006.1400,1624.6300,1696.7000,1415.8200,1024.2600,907.8010,806.4900,560.4350,436.8830,382.5030,355.7940,319.6250,276.8570,283.3090,206.0490,83.2539,26.2529,139.1090,167.6230,267.0490,191.9970,307.5760,174.6520,209.6230,66.9843,46.9565,93.2079,149.8820,157.9430,129.7630,127.7020,124.1440,105.4300,131.1510,136.9060,171.3740,176.3070,213.9370,214.3690,273.6880,182.3000,126.5720,109.9470,146.3900,165.2910,114.7590,89.6888,51.9626,90.9037,114.1080,100.8090,97.2119,101.9060,129.6570,129.0900,164.1390,176.6910,141.3020,139.5160,97.2559,32.8176,39.2647,112.5460,133.6530,194.8350,158.5170,139.7360,127.9490,103.2660,75.8097,65.1145,28.0070,29.0556,67.0329,57.8191,77.9314,43.6906,33.1633,33.7427,61.6857,48.1088,75.5947,49.8855,47.6415,58.2753,48.6897,71.1540,50.6223,51.1017,40.3948,28.2729,33.2109,22.1763,14.3902,3.2877,0.7592,2.7683,7.2830,12.6417,14.0811,21.8211,29.3179,39.9744,52.8258,55.6025,55.2475,55.1997,31.3865,47.0393,60.0225,85.0216,90.7206,67.6415,65.3783,27.5448,14.2347,51.4762,49.2172,48.5480,25.6386,26.5115,35.7055,36.1880,41.0241,56.6791,59.5007,67.0354,75.7124,114.0540,121.2410,88.6833,84.1351,47.5251,33.5139,43.1767,51.8828,73.9195,69.8328,58.0560,54.8077,40.4327,43.4143,46.9194,68.2182,49.1484,50.4202,32.8400,19.3324,12.9412,18.3080,27.6967,32.0949,42.1895,29.5096,30.3650,42.0819,58.8020,48.8598,43.6048,16.8357,29.9557,32.5553,49.6951,24.1843,26.5806,10.8945,28.3011,24.1688,42.1224,22.2550,17.3655,6.4061,13.3125,16.5092,8.5777,4.7153,10.8528,15.7473,22.0177,20.8798,17.3467,13.7455,18.2372,30.1478,30.1798,35.4878,32.4553,28.2713,28.7344,17.1716,8.6327,6.3806,11.3585,17.6423,19.8619,25.1711,27.7215,40.5326,22.7552,22.7776,10.8637,17.9587,22.2771,39.4622,30.5203,44.2259,32.9150,34.1173,21.5385,19.5607,11.9611,12.7684,21.0124,32.9074,37.2724,53.7878,37.5315,51.8957,33.7753,46.2529,37.7922,34.2185,7.1630,14.7870,65.1992,51.3732,67.9989,32.2796,31.5139,35.0773,44.9876,46.6691,59.6277,67.1446,84.4998,60.6517,53.2883,43.2011,23.4057,25.8201,31.5870,45.2669,36.3138,28.6068,28.3036,34.6544,17.7104,7.2120,16.4033,50.4445,32.3942,47.1717,21.2442,15.8233,46.5506,37.9871,36.3918,33.8295,35.3829,58.2926,41.2933,39.2212,37.9632,52.0532,48.5531,59.4826,56.6715,53.7569,61.6284
41556.5000,36895.6000,22160.8000,16776.2000,15852.2000,21621.2000,17263.1000,14248.8000,9931.4100,8410.8600,8742.7600,7711.7500,7021.7100,5607.2000,5069.8800,5019.3000,4781.3900,5146.5500,4603.6800,3644.3600,3421.4500,2908.4000,2079.9700,1621.3100,1384.5400,921.2770,582.9500,953.2300,1106.0800,1168.5300,1406.0400,1976.3800,1670.8600,1844.8100,1461.5600,963.4810,838.3500,743.7690,556.3190,446.6120,386.9800,273.9070,166.9300,290.8970,290.3110,389.1120,132.2170,35.0438,301.0840,291.3060,353.1900,224.8990,212.3960,132.1880,136.6330,117.2970,65.7689,44.7944,75.7203,150.3750,112.2030,107.9380,123.5660,211.0290,168.3020,148.8990,117.3980,256.4220,433.7910,430.0080,516.4820,228.4250,126.6250,163.2220,245.4730,308.2930,192.8770,85.7754,87.9047,263.4970,197.5330,214.9530,51.0935,52.1449,195.8920,219.7740,285.0060,338.2370,215.3510,230.8410,59.9560,79.5603,250.7680,201.8760,210.6850,198.7210,227.3380,201.6450,265.4860,179.4240,145.6800,56.2375,134.5540,137.0820,217.5530,165.3610,144.0960,75.0969,104.4020,160.5360,186.6470,184.0880,152.3710,146.7110,105.4770,98.9321,69.9232,34.6133,12.9969,26.4690,61.8463,32.0173,40.0977,53.0044,75.2880,118.5430,150.1050,110.9200,127.8830,44.1327,42.3644,71.5894,111.6130,134.3350,171.4870,109.8060,108.6760,83.0376,51.1165,74.0548,33.3034,65.0354,47.4296,43.5137,55.1098,75.9635,129.4720,137.5730,114.3750,114.9340,62.2319,43.1361,26.0275,11.9200,50.2921,62.6937,136.1320,134.9040,123.2470,119.2890,80.6326,56.8458,34.2949,24.4028,57.5589,123.9670,115.7300,159.2160,105.6220,56.1360,50.0979,80.4831,165.5390,110.5040,170.1640,89.3523,139.3370,81.6593,88.8046,23.5189,17.7003,87.8726,102.1590,189.0830,121.6080,170.6180,66.8675,70.6266,16.0332,16.5543,26.9107,51.7568,46.5947,39.4885,34.9087,46.0299,99.8240,137.4260,171.1670,219.1630,152.3660,157.2860,133.8650,94.1112,118.2970,111.7450,108.2540,159.9590,157.0320,159.8460,157.8530,92.7813,64.9074,64.0519,79.1669,104.6190,53.1546,61.4790,91.6398,114.1300,154.7370,114.3420,55.9531,13.8406,19.6080,45.9417,70.2658,138.2110,95.7634,77.8519,36.5086,74.6748,96.9193,75.1495,60.7345,67.5775,70.5496,63.7249,32.6209,16.8778,55.3177,55.0367,65.1002,36.4725,27.6204,33.8806,57.2684,50.8884,50.6138,73.0705,109.5210,110.3410,146.0470,123.2920,121.8620,166.2880,153.0770,138.4850,136.6410,81.4072,55.7382,54.5952,77.6743,106.3790,78.1182,77.4107,65.8495,44.0612,34.9544,39.3969,36.7596,79.4247,72.5584,86.1329,64.8009,67.3105,70.6101,118.1540,64.2435,58.3121,27.2007,47.3916,81.9957,53.7548,32.2398,32.1739,82.7329,142.2410,127.2740,144.5910,80.1506,30.0621,121.0210,90.6907,99.6329,50.9282,43.9603,48.9174,64.1961,47.3123
40703.5000,36235.5000,21705.7000,16582.9000,15943.4000,21480.8000,16926.8000,13931.7000,9696.9800,8349.7700,8664.7900,7591.6500,6839.1500,5277.8400,4832.8200,5032.8800,4799.2700,5147.1000,4358.7800,3474.8200,3297.3600,2926.6300,2013.9100,1520.5600,1228.4700,879.3930,569.9600,684.8430,984.6080,1208.0500,1557.1700,1984.3600,1594.0100,1651.7600,1404.4400,1027.0500,895.2200,814.4200,577.4790,447.0680,392.1510,385.7670,358.6420,287.4050,276.3380,159.6530,55.0271,81.3802,143.4320,190.0290,243.9140,181.9360,282.2320,164.6580,248.9490,125.7560,123.7870,42.2227,27.1806,47.8259,85.6456,99.4686,130.3570,162.5500,166.7950,170.3880,171.8980,183.2920,239.9490,265.4620,298.3010,161.8570,150.7000,175.8390,279.5230,205.5700,162.6480,95.6920,67.1600,84.2873,101.3530,100.2840,105.4340,102.6140,142.8280,148.2930,186.6580,189.4180,157.4030,151.5760,138.0750,108.9010,90.2470,96.5224,121.5090,190.6640,189.5860,175.1620,173.6000,124.3340,84.1545,58.6863,31.3946,68.7128,88.0987,89.7247,61.4567,31.6399,84.0145,108.0280,174.1180,118.8820,121.3170,68.7105,69.9716,123.7400,90.6902,118.1510,52.0882,45.8372,56.7003,116.2240,68.9294,67.5802,19.6645,40.7320,88.6353,72.1395,87.3104,63.0080,47.7736,41.4740,20.2171,13.2929,11.9254,9.7877,19.3558,34.0161,49.0211,89.6091,108.1160,91.8500,86.9459,64.2784,65.1244,69.2866,62.4196,20.7952,9.9115,28.0375,32.1499,16.1849,36.5700,56.8475,93.6269,89.3635,86.8388,37.4051,8.0333,19.3262,36.2924,19.0187,9.5170,20.5262,33.0281,67.7599,74.8822,73.9277,60.3696,30.6136,17.0830,22.0802,31.2147,51.6182,55.6890,57.4204,19.1948,34.1210,38.3649,12.7664,11.3062,41.7987,52.5392,50.3176,56.4323,21.8626,12.8221,11.1230,7.4392,4.7338,15.6817,32.3102,51.5543,47.9560,61.7469,60.9392,65.6005,72.8954,108.1390,82.0976,77.2871,39.2839,32.9963,55.8106,85.5539,84.3902,82.8335,56.0842,52.2698,22.5424,52.9466,34.8111,60.0378,30.0880,49.2112,40.1969,70.5016,62.4320,92.5603,54.1436,44.2928,21.6087,29.3901,23.6851,21.5031,35.1151,65.5938,86.9412,73.3107,85.5516,43.5836,48.8632,19.5243,22.8879,15.8698,22.6054,41.9207,54.5091,51.9332,63.3232,82.3386,76.4833,106.7170,76.1641,65.7195,47.8225,27.1596,20.2393,8.3031,41.3573,43.8106,79.2432,58.9473,49.5260,27.3279,41.3831,43.9293,91.9564,48.3307,62.8938,34.7490,52.4978,74.6320,101.4790,81.8388,89.4901,67.3880,63.8859,77.3782,60.8054,32.0305,16.8421,33.4548,45.2013,34.1618,28.6668,24.5653,25.0422,11.9824,12.2550,17.1570,21.3964,34.8946,30.6399,39.1598,22.3668,15.0108,8.6961,26.1265,25.2124,60.5767,38.8706,68.6009,27.9707,17.0678,37.1545,47.9056,69.7192,58.6836,61.3407
41443.4000,36913.8000,22253.9000,17040.9000,16086.6000,21665.9000,17307.0000,14382.1000,10232.6000,8693.0100,8829.2600,7736.4000,7006.9500,5507.4600,4969.2200,4952.7100,4857.0600,5087.5200,4406.3100,3542.4200,3385.8200,2849.9800,1866.2400,1442.9600,1218.1100,961.6440,621.7740,765.0560,1104.3200,1310.4700,1741.5200,2142.5400,1734.4900,1843.8700,1494.4400,1089.6100,1035.0300,999.2350,674.5820,467.1190,349.5600,279.3840,278.4390,248.4890,256.1980,158.1920,79.5598,75.6131,187.2830,205.6070,297.8720,177.9160,230.2120,105.8390,149.5940,283.2070,210.0170,229.0640,171.1510,125.1120,166.1540,115.3160,103.6760,85.6773,137.8600,120.9320,123.7880,129.1450,255.4390,236.1840,292.6310,202.3230,172.4790,176.2950,220.7050,177.7600,113.0870,75.8119,86.4626,179.8800,167.2350,153.1160,105.3720,81.1611,120.0020,136.4720,172.5220,177.6730,130.0320,118.2720,123.9180,126.7200,113.0470,145.9750,184.6020,277.1670,197.5810,192.2680,117.0140,99.7231,81.9170,89.9143,27.5205,29.7970,93.0032,102.6950,117.8870,77.7478,33.0114,26.6139,78.3097,79.9053,155.6810,119.1360,152.9090,79.5673,74.8856,31.4633,20.8704,57.4952,58.0725,30.0943,47.9535,18.7212,30.4153,34.2277,63.8097,71.7228,66.1154,67.4391,107.8110,113.9660,148.9160,110.9580,65.9055,27.6870,26.8582,38.0032,58.7103,95.3343,88.2042,93.5631,105.8530,124.0640,108.7920,111.6950,120.1550,123.4580,102.5550,99.5443,51.2560,50.4677,47.9272,68.0004,30.1887,35.0883,111.9210,77.4270,123.3490,38.2238,57.5858,90.6128,69.4899,107.7660,57.2033,40.2084,33.9503,46.9240,38.4341,39.1359,49.7349,80.1735,108.2430,91.5341,127.1570,112.3850,82.4754,59.2173,17.7484,9.8571,26.0088,25.3274,71.5823,42.6126,36.2899,20.1074,62.1759,52.2425,59.3495,17.0539,31.2104,66.0401,65.5418,53.1196,56.0158,35.4821,92.8429,74.5193,103.1280,83.3374,67.2209,66.3264,21.4917,14.6023,54.1801,65.3229,92.1221,59.0397,68.2724,43.4263,55.7143,53.1938,84.8450,62.4668,92.2719,45.3514,36.1272,31.4054,72.7029,72.1761,89.8125,104.9620,88.9534,105.5210,76.7583,41.1060,14.5380,15.9286,32.7131,33.7508,16.5546,32.9972,49.7813,111.2600,74.8664,92.8291,60.3351,53.2052,45.2377,80.0116,53.6720,88.7529,55.9106,16.5074,67.4775,112.1300,65.0993,97.7461,34.5267,19.2402,77.3579,59.9063,81.3347,95.2309,69.1765,93.4581,35.3695,28.2029,37.1148,41.9570,65.1108,48.6597,19.7263,35.5882,70.4361,49.6191,100.5700,50.7500,55.5552,19.2913,22.4517,38.3482,98.9115,83.0052,135.1250,85.4017,89.6335,32.1354,13.8206,25.8910,32.6650,20.9694,10.2869,32.4752,42.6291,69.5519,58.0410,78.6466,81.7442,71.3927,79.7977,44.7415,45.1600,58.9489,54.9473,96.2103,85.0579,108.9330,101.9230,84.5968
41044.0000,36387.5000,21784.9000,16552.6000,15938.8000,21641.2000,17196.8000,14149.0000,9965.9100,8547.8300,8783.4100,7674.4500,6910.1400,5365.0500,4795.4500,4791.1500,4570.7100,4830.8700,4294.0900,3553.6700,3311.7000,2899.5300,1917.1600,1447.5200,1195.8200,934.2500,633.0260,799.1110,1194.9100,1399.2400,1852.9300,2148.8100,1730.9600,1814.2900,1558.9300,1172.1400,1139.0000,1088.7300,711.4870,527.0730,374.6640,287.5640,285.2990,252.8240,261.7170,155.1790,57.1333,120.4140,235.6990,306.6000,426.7650,282.2300,357.1190,127.9690,120.1160,124.0060,78.6896,150.2890,113.0490,147.7670,181.5190,163.1950,205.6280,185.0270,136.8580,111.3770,95.4877,175.8520,300.7290,280.7450,360.9580,267.2720,226.2850,221.8440,263.5130,187.7130,151.7460,92.8339,95.7205,126.9080,104.9200,96.9858,105.9440,181.4680,163.2980,156.2530,137.1220,204.1770,252.0330,238.9150,241.3970,195.5330,192.8590,201.7770,241.8040,264.5100,233.4770,251.6270,216.7700,136.1520,108.6040,99.7700,66.2433,51.3976,31.0964,22.5857,11.2511,27.7329,47.9935,92.8242,84.8428,73.5657,58.3041,47.6551,45.3290,85.3265,68.9353,124.8670,84.9937,101.5420,26.6627,22.1035,79.3278,61.4299,58.0429,44.6540,104.4970,113.1330,128.3540,95.6663,53.2502,48.3921,58.5916,57.4518,26.7979,8.8188,18.4390,26.7272,15.8465,10.0850,55.3781,49.1340,86.3299,30.8477,22.3920,45.2531,47.4920,84.6372,100.8600,87.5512,105.1660,58.7308,48.1359,47.2335,38.8767,60.6917,44.0360,117.5200,137.6820,162.3630,132.7370,94.8623,30.5171,27.4746,42.2380,56.3153,88.4312,110.5470,118.5720,137.0770,78.8518,82.1953,34.8517,36.4588,15.6661,21.7905,11.6749,18.4450,30.5536,37.2270,71.7072,75.6387,91.0470,121.3570,95.6953,101.6010,89.8004,79.9100,77.1457,94.9004,70.0312,71.0375,86.3843,79.2236,122.2740,131.0430,139.4610,124.4890,81.6978,48.1918,19.4152,36.7626,28.7655,46.8462,14.5682,9.9548,20.0971,39.4738,39.9429,34.1290,35.8433,30.8316,29.0033,38.3599,27.7036,34.8599,20.9044,37.6888,32.3477,27.0161,34.1472,44.5644,53.8539,54.5742,28.3869,13.5656,29.5530,40.8907,69.7332,57.9343,77.8706,65.8769,60.9995,70.6117,55.9681,56.9959,53.4679,40.0592,42.3407,81.0422,57.7245,104.1060,42.2420,42.1237,32.3321,45.9522,38.7162,70.1615,57.3203,41.0137,51.7517,39.5594,62.6223,36.2747,52.0392,37.9295,29.1577,63.9327,26.4377,17.0852,11.4895,16.2279,29.2421,31.6653,54.8111,65.1428,80.6589,68.0508,82.4446,79.5651,55.4208,44.7774,32.9947,56.1504,55.0423,49.3032,33.4566,51.0446,82.8490,73.7506,81.3175,68.9285,60.9605,64.8866,56.0291,49.8819,51.4809,69.6076,50.6448,47.8128,20.5909,33.2740,29.3456,48.9113,75.6692,71.4846,94.0523,54.6215,49.3386,58.8130
40937.2000,36475.3000,21742.9000,16501.4000,15808.7000,21438.3000,16782.0000,13831.3000,9376.1000,7837.4000,8173.5500,7191.2300,6500.2700,5059.8300,4643.9700,4760.1900,4400.1000,4666.3900,4152.8500,3493.7900,3169.6500,2790.7800,1922.1700,1528.1900,1294.7200,1063.8500,715.7290,882.6560,1160.7600,1299.5200,1743.6000,2096.6100,1723.1200,1871.6700,1483.7300,1095.6800,1017.5100,970.9900,702.4670,507.7470,426.0770,364.2790,311.5390,229.7290,198.0060,93.8012,60.2744,106.5120,142.6560,191.0810,255.2460,181.5350,248.7340,141.4540,163.6240,149.7350,74.5865,190.1740,125.3620,180.5610,99.7428,114.8750,162.1690,268.5630,176.8030,176.3790,49.7699,116.1770,209.3070,203.0460,145.4180,76.5853,202.2990,228.7500,362.6360,219.7010,205.3370,100.3150,57.7366,57.6533,59.6052,66.0594,69.2974,69.0327,59.3103,55.8072,77.5827,148.1770,214.1590,207.0370,245.6030,127.5100,81.7570,148.4100,218.8180,356.8150,266.4010,255.5600,151.9140,129.4190,160.8890,163.0120,144.5490,43.0415,52.1481,140.1680,170.8750,241.8670,158.2250,208.0410,110.4510,132.3540,149.6890,129.8680,163.2940,135.0260,161.3630,128.3520,168.9050,118.8750,121.5960,76.5460,55.4020,53.3845,67.3126,61.4024,73.5690,88.8319,158.3880,114.6120,174.1680,81.1346,194.7130,140.9840,246.3110,211.3770,231.6500,255.6660,149.0850,147.0620,31.1969,34.3362,109.8910,113.0290,136.9020,94.3482,54.7072,18.8200,48.3439,53.9517,59.9879,109.5100,115.7150,169.8450,150.9090,117.2150,132.0130,76.5507,136.0070,79.8383,164.1590,99.8296,117.6740,116.7270,115.3560,187.6920,136.2370,200.4690,113.1280,155.1920,92.3226,84.6691,105.1680,134.6480,134.6540,163.5370,97.5892,84.3832,37.2874,34.2928,46.6094,125.9920,91.5294,135.4930,83.4626,57.7526,73.2017,137.9380,231.1180,206.0070,268.9440,229.3820,194.9320,218.5230,159.1930,116.9030,120.9470,171.5840,142.9820,155.1770,140.4240,102.9350,130.7520,113.2110,84.6776,72.7331,78.3497,84.6993,135.0740,134.7040,150.4290,193.4770,177.7980,250.7980,316.7430,271.3650,332.9390,258.7670,190.7560,189.2960,237.4940,220.4600,222.4370,198.7080,114.0580,104.4060,88.5507,70.0181,74.0234,96.5031,133.4520,87.5147,79.0226,55.7382,82.3620,69.2388,120.6230,91.0782,180.9360,154.6070,200.9820,152.2700,102.8020,76.7772,72.0762,81.5552,99.4648,124.4360,140.3440,72.6038,61.0892,70.0218,102.2530,34.8485,15.8044,90.2320,102.6300,133.1370,171.5450,171.9310,159.0580,160.5150,132.8460,103.4430,102.0190,119.7650,162.3410,135.1700,103.2180,80.2441,58.3201,66.1726,62.7234,69.7449,44.4585,40.7089,47.0396,62.1768,91.1517,98.1549,137.0920,133.8470,88.3903,44.7792,25.4639,49.8960,82.6641,130.4330,144.7070,214.7260,168.0070,142.5390,147.6140,145.8900,97.5043,76.2550,66.1264,110.4260,78.1536,96.6923
40407.8000,36002.0000,21252.5000,16189.1000,16002.3000,21905.7000,17082.1000,13974.8000,9481.3400,7924.1100,8260.2000,7299.2200,6642.6800,5206.4300,4634.1300,4779.0700,4480.8700,4920.9200,4335.8100,3486.0600,3260.4500,2860.7400,1970.5700,1494.5400,1237.2200,945.1880,768.6370,979.1050,1141.2200,1206.9300,1606.3700,1826.5100,1527.5200,1584.6100,1386.4700,1061.6400,958.1000,863.4140,634.2850,526.3750,497.4890,505.2540,435.0540,352.9940,319.3340,227.4490,123.1410,137.7770,184.3650,267.8580,306.8070,233.7890,298.4290,149.3990,193.3170,72.0656,44.5863,49.3802,90.3707,150.6500,154.0070,178.1910,203.1500,175.2780,150.3520,157.4900,122.6370,142.1820,211.7040,244.4730,276.8650,188.3110,174.6960,184.5280,210.3440,150.4650,142.6700,156.5960,207.2630,169.4310,141.4700,111.5700,67.7230,92.5566,131.6300,144.7080,167.5210,174.8290,164.6860,162.9100,132.7740,102.6080,154.9430,194.8210,279.3570,329.7840,254.1130,254.7930,206.0820,183.6750,151.3850,127.0430,40.7349,108.3230,150.9420,180.2140,103.1790,39.8625,79.3874,90.7138,145.1260,107.9340,97.2682,103.2770,62.3086,89.4911,66.9685,86.3216,95.9153,91.9459,126.4200,113.1550,92.0164,92.6458,99.9135,81.2390,66.0367,53.2166,8.5641,30.2582,77.5069,141.7930,132.6240,191.0690,154.7610,108.4050,97.4557,109.8020,136.6290,112.0870,109.9750,83.0171,40.8212,22.8914,18.7339,21.4760,22.9346,25.8310,45.5017,47.2504,89.9411,65.2887,95.0161,54.6607,39.7622,23.9833,50.6699,63.8399,56.9739,38.0456,13.2102,32.8129,33.7155,56.0901,31.6550,41.8085,21.6826,36.8979,33.7923,34.6262,41.0041,46.0700,53.6559,86.4878,96.2198,77.4705,69.1882,29.7994,20.1680,20.9428,27.4586,26.1765,25.3257,39.8796,41.9398,44.2227,65.9744,67.4768,82.2165,83.5810,53.7942,42.0070,20.8636,9.8643,3.5705,21.4624,18.3360,9.1382,15.7726,59.4368,49.4471,62.2828,28.1195,31.7310,37.5966,59.2519,39.3305,35.4807,23.9339,16.8221,19.2939,25.0124,33.8553,68.3819,50.5461,78.6094,37.9276,49.1471,24.3519,40.3783,30.4905,39.1696,16.0729,12.6318,14.1971,12.2417,16.9803,15.0119,26.9447,33.2246,46.3762,38.4085,11.1934,10.7098,48.7088,33.8598,40.7424,15.9403,8.7047,7.2869,18.5992,19.8180,49.6073,39.1015,62.3921,61.0344,84.9600,64.5380,78.5151,42.1328,23.7241,18.0943,31.5071,32.2216,32.2386,15.4951,27.2128,19.7742,17.1158,8.9620,22.1412,35.5597,65.3336,56.1258,68.3421,52.7085,45.1226,46.1489,36.2752,30.5773,31.5145,35.7237,13.1933,10.3986,33.2352,61.7407,52.4625,48.9721,9.5123,15.7749,52.3797,33.3547,33.1239,25.1070,22.8404,49.7800,43.0893,46.7452,44.7483,29.4951,29.9713,45.5609,60.8347,60.5318,54.1605,29.0670,26.7865,35.1723,42.5794,28.4187
40988.1000,36829.1000,21999.5000,16786.5000,15688.2000,21124.0000,16627.3000,13666.8000,9164.3700,7612.3600,8080.4200,7141.0800,6470.6000,5033.6300,4594.4700,4749.1900,4345.9900,4726.1000,4225.5600,3512.5100,3175.2100,2890.2500,2038.0800,1521.8400,1309.9500,1113.0300,810.0320,806.9740,977.4080,1085.0400,1495.0800,1721.5200,1443.1000,1540.9000,1310.3400,949.5550,872.9790,757.5430,556.4560,441.5060,399.0030,405.1390,392.6590,309.3080,316.4630,190.6770,123.7270,92.0818,102.7520,162.6160,173.1940,216.5030,219.5100,158.9100,130.1070,40.5253,32.4063,65.3598,90.2612,104.5980,154.0710,191.8750,259.7030,324.8000,271.7130,269.8120,228.8740,247.4440,287.6990,331.3830,341.8030,208.0040,176.6220,185.6350,254.2340,198.6160,155.3390,83.1064,57.4782,129.3340,142.0040,130.1790,98.7110,87.2745,140.0930,134.5150,167.7290,123.3510,80.0369,53.9759,43.2659,67.5269,141.1040,180.4640,193.8000,234.7440,173.1780,156.6410,141.8680,107.8960,83.7122,79.0860,102.6380,167.2380,131.1860,196.7960,91.6269,112.8660,39.3213,47.9240,68.7183,64.8989,89.0851,91.2580,107.1800,92.3518,74.4683,64.0105,70.6883,57.3995,61.9393,33.0883,57.6376,69.5332,84.0936,82.7094,76.7895,70.4828,81.2301,90.5381,87.9791,87.5457,83.9530,57.6232,54.9174,57.0479,64.3088,60.5319,50.0911,46.0804,40.5647,77.0770,97.2732,102.8780,93.1114,54.0510,53.9837,55.3138,56.7848,36.1660,48.4058,56.0039,78.7205,72.7104,46.9171,37.5039,32.3374,40.0278,35.1112,35.4671,35.0371,15.8978,16.8145,22.4900,19.2109,41.3910,26.1870,34.1291,33.9329,29.9343,44.3910,28.8296,31.1629,29.7429,20.2737,14.1998,15.4154,31.9545,44.3061,30.9952,23.4756,13.0771,13.6087,32.2407,23.7615,20.8023,18.7773,42.5367,28.5098,55.7275,39.9651,44.1097,38.8308,23.0709,41.9836,43.2577,79.2428,36.5400,55.6216,29.7075,29.4618,26.5607,27.4791,44.7624,46.2497,44.2189,45.2501,31.3534,37.5507,64.5640,20.6862,18.7992,32.0891,26.8372,37.3878,28.9082,20.8231,15.4550,6.8033,6.9954,11.6772,12.3385,27.0139,20.2935,46.9698,36.7441,43.8284,46.5493,21.8947,62.5283,51.3868,56.4181,29.7730,20.1620,17.4010,16.1691,34.6609,29.4793,31.1231,34.4293,32.7840,30.8122,27.5271,13.0044,11.0099,29.3466,27.8566,18.8775,16.7310,29.0693,45.5094,32.3673,38.4257,14.5930,13.9006,18.3389,33.8463,33.6073,33.9171,49.8340,27.0288,22.9676,25.8419,36.0442,53.2442,50.7550,23.1008,31.8908,31.6433,24.9815,51.3070,32.2658,53.7755,41.7904,55.5657,43.2757,35.1842,22.5419,31.1459,31.2037,45.6259,14.7720,14.2616,39.4297,32.1768,44.5631,39.0333,14.6060,30.9366,54.0721,27.2496,41.3478,18.2782,19.0227,14.6194,38.9083,34.8525,77.6914,48.9338,63.0687
40560.9000,36523.9000,21539.2000,16440.2000,16050.3000,21852.0000,17177.9000,14031.5000,9492.5400,7616.0700,7834.6800,6896.7200,6244.1200,4931.3700,4522.1900,4774.4400,4447.5600,4738.9900,4335.4500,3780.5800,3294.1500,3211.4000,2312.7500,1649.1700,1384.3400,1178.5200,914.8870,902.8350,1044.0800,1127.9300,1517.9100,1639.4900,1368.2800,1397.4200,1197.2600,882.2850,759.9860,695.9480,638.1980,585.0510,559.2180,612.1530,552.9400,445.4300,464.9480,302.2720,155.7990,32.4515,163.6200,269.4740,333.7640,273.9880,312.7690,166.5380,161.3210,60.2469,40.8921,31.0149,16.9134,68.5377,171.5590,283.4230,298.9340,408.8260,314.8070,298.7250,250.0200,225.6850,258.4480,312.9710,336.1040,185.9520,121.4570,74.7220,162.5650,129.6290,152.7580,79.3343,60.3414,38.1806,47.5526,50.4305,50.5468,67.1199,119.8490,162.4270,151.8610,169.2840,128.7670,129.7610,142.5600,176.0220,198.3170,220.8210,251.0430,310.6350,209.9410,182.2510,146.1930,125.0220,87.4259,72.0717,89.2663,158.8890,121.5920,123.4690,37.5099,23.9450,105.1200,88.4166,139.8500,66.9484,84.2860,42.7765,72.9305,70.7333,82.5339,77.3307,56.3454,61.6727,92.0830,108.7130,79.8054,82.0594,70.5029,63.1037,58.4854,67.4134,62.6704,45.0330,41.0760,20.9728,11.7696,31.2784,22.9722,23.1031,56.2787,57.7260,117.3340,74.3438,76.0323,29.2876,41.6313,79.7345,80.9917,102.4020,84.0746,64.2149,58.1342,56.1358,53.6519,39.0676,30.4083,38.8759,63.7612,107.9140,114.2880,134.7750,129.3980,73.6864,59.9056,64.3820,73.2727,48.0554,12.1129,46.5785,53.2579,21.3320,37.4688,51.3748,35.5080,38.1406,16.7271,20.2814,18.3416,17.0768,16.7543,15.3371,13.7136,26.9519,20.1626,67.8915,51.1795,67.1649,41.9859,34.4131,44.5210,118.6900,75.9116,86.5073,37.3795,26.0109,26.4150,17.6953,17.5569,52.4165,34.0245,52.8424,27.7590,22.4873,16.3890,29.3370,23.2742,34.6237,13.1996,10.8768,46.3770,33.9592,24.2417,16.2536,53.7007,45.5185,72.4778,36.0420,36.7446,53.5800,85.7148,64.0451,45.4683,31.3261,58.6742,49.5995,91.0982,33.8883,20.7970,17.3128,46.1617,28.0949,34.2802,9.4727,3.0718,5.7142,5.5961,13.5487,12.5617,15.6596,26.9596,29.8855,46.7912,32.5251,54.9842,26.8129,55.7467,39.6760,28.2754,39.2956,39.5922,47.0295,67.8596,63.5817,59.1498,79.7498,81.8640,64.0373,47.1935,33.3123,52.0189,74.7846,84.5821,64.2192,51.3987,27.5325,32.3991,35.8395,46.2464,49.5741,43.0353,47.5094,41.5299,19.4458,7.8456,56.4450,51.8618,76.5182,38.3045,24.2156,5.6384,7.6624,35.1401,33.9265,68.9123,52.9281,72.6764,62.1248,61.7764,51.4624,32.8907,11.0176,21.3951,47.4363,21.9496,30.5491,21.0104,31.5315,72.4841,70.5168,124.7140,85.7859,99.5464,70.3824
40659.7000,36545.9000,21607.2000,16379.7000,15889.4000,21742.8000,17122.3000,14130.6000,9476.3900,7327.4500,7546.3600,6700.0300,6111.9500,4784.3100,4295.9100,4471.5100,4144.1800,4341.3600,4053.7900,3579.0200,3042.6400,2920.4600,2170.3100,1625.3200,1329.6600,1129.5200,879.5360,866.3250,987.6280,1080.2100,1496.7700,1636.1000,1346.9600,1381.2000,1183.7000,842.2210,746.2720,626.0580,572.4420,525.8240,518.9570,574.4730,546.6550,447.5550,514.7300,353.8300,299.2500,289.1590,167.3750,143.1510,106.7200,179.4520,175.0680,225.5210,108.8910,87.6944,49.3017,114.7370,201.6060,266.2130,401.8920,347.9810,370.8470,381.3680,348.5470,321.3000,344.3940,443.2810,504.9880,468.5980,500.6730,252.8550,169.1860,174.5490,260.6690,239.5470,131.4680,78.7521,95.7395,182.9400,108.6140,86.3299,74.5987,119.7920,227.9120,160.4460,161.3030,46.7768,17.3111,90.8958,101.4860,147.9840,125.1190,111.9690,97.6215,79.3872,135.7020,179.0220,256.2750,270.3570,196.2020,180.7210,181.5910,163.7870,129.1570,127.7280,143.5100,79.8714,102.2980,86.1326,86.0951,150.5150,71.6655,101.3160,52.2576,71.8169,63.6960,77.3832,89.5467,65.5243,51.3024,21.2421,23.9407,42.3432,110.7390,82.0977,96.2374,30.2278,46.6313,44.4316,46.5596,21.8448,42.6990,24.7958,28.4319,49.5541,146.7350,116.2060,235.6990,149.7040,254.7980,125.0620,172.9510,51.5044,46.5360,18.3457,18.2236,33.3708,37.3694,46.5753,96.8641,102.6680,150.3840,103.1840,60.8928,35.9450,57.3838,110.6900,157.5950,148.0300,196.5500,129.0100,95.3878,59.4165,84.3330,113.8430,119.9190,116.6820,98.1020,114.4510,94.5443,162.9170,123.9130,168.3890,84.7214,116.3610,66.3807,71.1043,110.8030,109.2270,117.5880,108.5620,104.0870,88.0778,73.3412,34.2034,125.1580,120.4500,169.1110,80.8541,76.7090,84.2996,149.8020,72.2871,79.0259,22.5956,10.4734,19.3697,39.3263,58.5752,104.1770,86.5737,119.0050,104.6290,88.3856,116.9510,71.9949,88.5571,119.6930,143.7550,265.2950,157.8850,159.7480,32.4998,57.9868,187.6560,155.0950,198.6660,143.2950,116.0050,129.4720,204.3000,210.3430,190.4510,178.6370,59.3629,64.1938,174.4430,249.0700,283.5560,184.8070,130.0480,112.7670,172.7210,128.6490,114.3660,64.1208,83.6001,89.2631,77.0549,64.8184,88.7987,124.1070,104.3460,85.6148,29.3397,48.4384,48.6151,58.3466,84.4842,109.3130,144.3040,109.4200,112.6810,63.7901,69.6560,97.3306,149.5880,111.7860,111.4940,84.0719,66.6580,63.9241,66.5950,106.2780,81.8282,107.8280,36.5541,8.1387,44.7473,82.1103,62.5226,69.2281,25.6298,78.8616,75.3702,156.1280,129.4100,193.7220,135.3210,128.3550,47.9956,31.7286,42.1961,18.5616,10.1301,45.5836,99.9584,82.0379,72.9171,32.4570,37.8694,71.6199,85.9791,118.3350,171.6400,118.7380,146.7360,45.5384,8.4753
41021.4000,36958.5000,22099.4000,16981.2000,15877.9000,21220.2000,16672.3000,13774.2000,9252.2000,7436.9800,7631.2900,6690.5800,6034.5100,4784.7400,4372.6800,4374.3500,3981.6900,4127.7100,3874.5800,3484.8800,2965.0700,3005.4700,2391.3800,1678.8500,1409.2800,1044.3700,836.3110,853.6440,871.6370,988.3410,1350.9200,1539.8600,1243.2800,1285.1200,983.6520,778.0890,739.9370,599.4850,314.2940,405.5640,427.1030,643.0010,369.4220,243.7160,112.5450,195.6980,298.7110,199.0290,157.6130,118.4550,166.5750,120.7010,93.0031,51.0456,73.9550,63.6918,78.3493,43.7713,44.2002,91.3078,49.5427,53.8137,125.6720,190.0110,259.3660,224.4560,103.0340,128.0410,310.6690,301.0930,390.3280,339.6510,271.3890,219.6760,105.9680,180.3050,159.2140,154.2340,150.0490,112.5690,163.7770,105.9460,87.7416,143.4530,239.2830,216.5230,269.7480,128.2330,60.1270,98.5880,118.4970,29.9778,56.6720,212.8160,153.9490,219.0780,111.5510,105.3600,199.4470,207.9620,257.5450,144.8670,110.5760,104.4050,81.0030,161.6740,91.3969,91.0233,76.0655,75.1847,291.8090,252.8270,433.5120,214.9580,171.6840,177.7860,381.0070,292.3150,451.8960,279.4440,281.4310,160.9780,76.1466,161.6580,221.8720,399.7140,246.4520,236.5410,210.0820,340.7550,294.3220,268.1450,150.8880,306.7120,322.6160,467.6490,227.7840,150.0870,50.9593,153.0260,96.1698,90.0301,70.0125,82.5363,144.0190,123.1110,128.9990,143.0980,159.4610,48.0935,60.2266,210.0400,238.1050,292.5540,171.3550,134.1700,112.9760,70.6922,109.0660,255.9470,291.5550,347.6500,215.7940,112.2980,35.8736,16.3127,91.5992,136.8530,127.5710,195.1520,111.9010,112.3470,175.2040,262.7030,276.0690,232.3020,290.5820,109.2710,214.9070,123.8590,26.1021,141.8110,182.7610,179.4960,145.0900,150.8870,89.3127,85.1067,49.8956,55.1970,96.8933,93.6469,98.1546,88.0586,204.6320,147.7630,28.3327,63.9291,254.2980,213.3520,159.5410,75.5167,78.0713,163.8320,165.0000,167.0660,139.5300,95.6796,147.2160,85.3056,196.2640,151.3600,256.8580,219.3640,317.8660,294.3260,359.5960,261.6790,238.9280,170.8190,169.5860,287.8850,123.6480,216.0840,350.5000,250.2430,385.1580,222.5710,224.6460,319.9630,396.3360,415.6960,316.9600,287.9320,89.3756,50.0382,76.5187,111.7000,39.5897,39.6532,151.7280,169.9300,298.5060,147.6540,181.7980,165.8970,125.1700,191.1730,132.0250,159.8820,279.3690,160.1250,248.4510,142.4920,92.8719,200.6910,148.7790,190.9480,287.8920,216.1720,301.3840,113.0730,224.9490,185.2290,92.7237,213.1250,164.9660,263.0840,242.9830,401.9150,287.2900,425.4310,206.6330,159.6650,82.6149,237.8880,337.1200,393.9660,466.0100,340.1650,424.1850,204.4380,264.4520,146.7650,193.3200,215.9230,205.7090,145.0800,216.0150,211.4390,257.2360,329.5460,225.6830,174.7200,20.2244,85.1652,198.5750,175.3790,145.5080,103.2550
40141.7000,36041.2000,21055.5000,16634.6000,16414.7000,22118.7000,17323.1000,13927.6000,9545.6200,7598.4100,7745.1900,6860.9400,6278.7300,5081.9300,4639.8500,4716.2900,4321.2100,4404.8400,4227.1900,3852.8000,3203.8700,3084.4900,2275.1000,1723.3100,1399.9300,1255.3600,1252.5200,1491.0400,1552.1600,1628.6400,1968.1900,1910.6000,1580.5200,1603.8400,1282.0000,845.9210,669.3660,429.6130,425.3330,497.0240,428.7420,418.3740,253.5640,214.4210,227.6650,327.6890,344.1380,338.0080,359.0650,261.5140,260.1110,302.6450,392.5740,291.3140,273.9570,248.1260,293.5890,213.6140,206.0800,44.4949,102.8320,267.4440,281.7280,272.4280,285.5520,146.8170,120.7350,62.2318,77.3145,209.0290,160.6140,246.0640,164.4430,134.8490,135.9570,227.4530,320.0940,325.4040,431.9430,312.8110,229.6980,142.3080,184.1840,361.3680,344.5130,375.0560,398.7210,345.0320,298.9790,291.3600,296.1460,294.6200,279.2000,257.6410,113.7400,139.6800,263.3940,342.6870,409.2700,259.2580,216.6450,211.7820,273.7710,223.6850,211.1490,198.4980,194.2970,158.7440,169.6420,211.9260,337.7290,280.3700,256.2680,213.9700,281.3800,245.4190,259.9540,81.8445,56.0367,241.8450,213.6600,330.2240,231.3770,173.2310,107.8310,54.5322,125.2340,138.7990,197.3400,143.7240,107.9100,115.5870,188.7860,206.0030,179.9200,185.4450,130.2630,98.6020,86.0996,58.7369,126.8850,226.1780,296.5850,372.7390,288.2190,252.6110,224.4130,108.3750,218.2360,110.8700,174.1540,73.1133,50.1635,59.2026,178.6350,164.6890,165.8880,73.3845,157.0560,335.3610,305.2380,352.5180,276.9500,180.5810,138.6430,93.7993,207.4130,344.1570,225.7770,174.8430,95.9861,145.0510,112.3830,103.3090,124.1730,137.3490,169.4270,142.3350,190.3480,161.1910,135.1740,151.5980,98.3140,105.8830,38.1798,102.3170,86.4066,154.1620,159.5160,199.6950,326.2210,252.0410,356.0590,197.7190,123.2490,78.2314,135.3920,172.1010,108.5900,97.7974,136.1980,248.0210,164.9160,144.4850,71.7197,234.1040,285.8730,357.2110,269.8300,151.9870,72.7256,76.0008,145.6030,220.6820,197.7410,260.2440,72.8352,43.2737,236.3940,219.8580,306.1490,301.2350,264.0500,325.6850,180.6600,95.2314,102.4900,120.0600,145.8540,142.7130,219.9440,163.2840,137.2910,110.5780,254.2060,207.6320,200.6750,106.0940,143.5590,104.8400,88.8982,75.2372,214.9300,221.3540,232.6960,119.8640,97.8262,169.2890,204.2280,231.3490,140.6930,127.1610,95.2157,101.0960,163.0790,192.8520,175.0930,160.6630,124.9000,77.8804,223.0100,169.8220,218.5420,162.5340,89.2640,51.9612,104.9350,128.7970,251.5960,137.2170,107.5700,48.4370,108.9810,111.9470,70.8870,63.0142,104.0660,121.9950,75.9686,47.8602,56.0206,64.8540,62.8335,9.7360,28.7988,76.1228,58.1398,137.6620,127.4810,205.6540,225.4260,233.1050,287.2880,178.6390,186.9000,102.1750,84.7884,66.3812,99.6976,73.5055
40635.8000,36479.3000,21524.8000,16324.2000,15927.7000,21643.4000,16936.2000,13790.3000,9309.2000,7663.4400,8042.0200,7130.8600,6492.5700,5059.6200,4620.2100,4959.3800,4581.2800,4942.5800,4391.4500,3813.0000,3390.8200,3229.9900,2311.6500,1786.0400,1513.4700,1335.3500,992.7070,1114.1600,1372.0800,1493.8600,1958.2200,2040.6000,1698.9800,1822.4900,1369.9500,957.0390,784.7390,628.0500,420.1530,266.4160,184.4240,218.6110,353.1410,408.8370,343.1550,346.2660,167.3690,159.8050,184.1920,336.5410,253.0520,280.7850,198.3330,142.9310,90.4842,131.6510,97.2327,208.2650,175.6050,189.5460,105.1080,87.8563,137.3490,213.0140,155.8120,155.2140,49.2979,63.7803,142.3770,144.0640,166.7910,135.3630,138.4350,145.2660,159.9480,85.6012,46.1402,36.3800,77.8912,149.1270,147.5810,128.7310,138.1500,226.5730,199.3460,262.7510,140.1890,76.6439,53.9004,63.9816,74.6362,116.1270,146.1840,135.6370,164.4060,124.5420,104.5680,120.9920,161.4630,96.7019,52.9439,115.0550,118.7750,160.3770,135.8340,140.2750,143.4320,132.8340,113.5840,102.5540,135.6770,44.3572,59.6577,39.8634,51.6517,149.3610,133.3190,209.5470,130.7150,122.0970,143.0880,226.1330,191.1030,218.3660,182.1740,89.0990,33.5705,74.2950,144.8060,128.4590,102.5850,111.0300,89.6898,88.9248,37.6863,23.2641,40.3778,213.3640,168.8710,281.4320,122.3010,79.8694,49.6494,75.2812,25.5689,41.6375,61.0684,156.7620,120.9310,221.0640,132.2630,168.1360,28.5250,36.5266,163.4990,159.5510,189.4280,115.1470,132.8990,97.2656,140.8940,93.6196,122.6110,66.6549,56.1990,72.2023,76.3695,49.6231,23.1940,51.1657,139.5100,132.3670,197.1060,148.1710,213.5350,130.7660,178.8290,77.5657,81.0603,67.9335,74.2910,102.6530,58.6954,69.9259,94.7940,143.4080,113.8970,77.6770,17.4269,17.9839,63.3465,46.3994,52.0638,44.2726,83.8458,93.7192,146.9580,102.0270,110.2210,155.5670,271.6920,200.7710,239.0350,100.8580,81.6733,81.5794,113.1890,53.8065,48.9657,74.3336,82.3777,138.5710,74.3749,122.4130,147.4700,47.1985,103.2510,144.4490,81.9332,139.9940,62.2423,65.9446,153.7870,84.0477,128.9730,64.7172,15.2551,46.6922,76.1265,222.9250,141.6000,189.0920,57.6564,105.9600,124.2960,251.8320,134.1600,108.3850,188.8520,130.5070,190.0650,134.7020,75.7569,110.1580,56.4321,56.0703,29.8460,152.6450,168.0840,346.3490,211.1960,257.7180,59.0871,23.9756,110.5750,121.5200,48.7170,29.1158,120.3180,99.3377,126.6900,167.0060,98.4035,224.0520,159.0010,130.3930,49.9824,52.1258,68.4180,15.2279,38.3012,162.8820,124.5980,186.1640,77.5000,50.1628,33.7120,57.5115,115.1970,135.5770,144.8400,169.3060,134.9270,160.4440,163.5940,160.6260,75.6457,170.0820,116.0440,72.4095,83.8136,41.6180,63.6922,55.9560,166.9950,131.8790,208.4830,237.9810,252.6140,324.5400
40533.2000,36061.1000,21239.2000,16124.7000,15889.1000,21742.5000,17060.8000,13921.3000,9563.9300,7872.4000,8020.1000,6997.8700,6277.1600,4848.6600,4420.9800,4724.9700,4420.3600,4831.0200,4400.4900,3718.7300,3370.7600,3244.8800,2457.5700,1796.5200,1462.2500,1056.4600,908.0800,1124.7400,1288.0400,1457.9700,1800.1200,1712.3700,1462.5300,1514.6100,1293.1100,960.4750,889.7800,769.5080,512.7890,391.7730,345.5190,360.9780,293.7440,214.2460,165.9530,46.4681,96.4496,296.7030,377.8990,396.7260,391.2740,210.5580,138.2200,134.4560,253.9690,241.8070,227.0020,197.7740,142.4090,141.1720,192.1250,140.5220,172.8950,92.2900,48.7766,92.1539,143.5990,262.0640,311.1000,274.0000,289.6540,144.1270,154.1140,213.5720,351.5470,284.6100,245.8080,127.1900,59.9821,42.7914,93.2332,87.9503,173.7440,150.1750,224.1390,162.8360,140.3390,20.2457,50.6212,176.4160,159.0180,181.2790,207.5290,219.7580,219.0550,279.6580,154.5160,171.1540,79.3564,102.6080,232.6770,198.3940,198.7210,215.0820,180.7610,210.5230,172.8300,142.2610,77.9377,80.4887,15.5761,20.3997,74.1970,58.7924,103.7480,71.5473,78.6191,62.8615,60.7113,73.1837,117.3680,135.8300,148.9480,223.7010,174.8980,192.2350,174.1760,139.0330,152.1950,143.0500,88.2958,77.1083,94.1922,87.8992,62.8268,43.2302,92.3656,190.5730,152.6850,184.5010,98.8111,86.8989,106.7720,115.1830,88.9624,78.3416,35.5225,23.0031,20.2765,6.1984,23.8195,43.9467,59.2956,61.1217,75.9056,69.7573,76.6775,106.8540,108.8020,114.1400,156.9990,136.6380,121.6810,103.4270,37.1705,29.2958,60.3397,76.2254,87.3028,54.3391,37.9065,39.5326,69.2917,139.1730,121.0580,141.2460,112.1660,95.8233,105.7120,158.9100,172.7960,138.9790,120.8890,55.2181,69.2288,76.2303,90.5759,39.5306,21.2363,12.9325,33.2224,43.5374,54.9241,96.5696,68.8207,105.9880,55.7883,59.4191,66.5390,63.6627,107.3000,66.5048,62.1701,25.3909,27.5815,47.6020,60.2363,108.5230,68.2036,87.7044,35.4092,19.4633,47.0449,39.5395,10.1050,11.4706,34.4108,62.5672,65.8842,99.5308,40.6395,16.0650,80.5531,177.0200,155.4170,192.6270,95.5013,54.5538,73.0974,88.4306,162.6550,89.3273,78.6072,19.8991,34.9832,57.1615,53.9375,53.3320,51.1071,61.5368,60.8629,79.3745,51.6090,74.1009,105.5520,136.6340,162.9820,205.3090,144.4110,146.7420,82.5667,97.2108,110.7740,161.0830,109.6740,77.9675,61.4211,94.4567,111.0960,102.9810,124.2730,83.4925,66.1411,31.9778,89.3904,131.9440,159.9990,128.9390,137.9330,138.0620,82.9988,75.4703,13.5233,21.5157,33.1466,27.9956,21.6246,28.4642,43.3866,75.8221,81.4448,77.0345,48.2930,68.4922,55.5406,118.0860,109.0070,148.1980,97.5604,111.5350,59.5040,32.1590,19.0050,83.7036,80.9872,155.8600,97.0475,109.5980,65.0262,34.4424
40023.5000,35642.4000,20912.6000,15986.8000,15864.4000,21910.6000,17136.3000,14174.6000,9525.7100,7288.0200,7319.7400,6392.3800,5712.8000,4231.8200,3674.4500,3982.3500,3744.8900,3841.8000,3589.6700,3437.6300,2987.8300,3093.4700,2528.6300,1882.9400,1566.1200,1328.0600,1087.5100,1103.5100,1126.6100,1247.4400,1470.1900,1393.6700,1139.1100,1133.6500,944.7000,748.3950,652.6220,509.6280,343.6160,348.8430,343.7860,352.6070,336.4300,274.2720,250.6870,250.8440,260.2560,215.2260,205.5460,221.6950,219.6340,122.5800,48.2491,173.3080,133.2450,191.4610,115.4330,146.3930,108.1840,130.3610,113.8530,96.7375,109.8150,186.2070,131.8580,114.3920,67.8890,162.4470,259.3350,212.4560,186.6740,96.7961,62.4065,42.4129,47.0431,74.2815,157.3010,113.9320,131.9170,109.0560,88.6523,130.5230,115.4130,181.4000,160.2070,221.1530,170.9610,197.8310,263.4430,255.9690,320.7390,246.0680,129.9700,125.0460,176.3090,293.4720,180.9490,135.8480,93.9413,189.7350,215.0110,197.1210,188.9400,199.0240,210.1680,234.8430,219.7120,148.6040,152.4100,201.2850,247.4610,193.6240,230.7000,233.5910,197.1920,239.2520,147.1230,134.8350,101.8510,120.0130,171.1570,173.6560,132.3930,121.1920,66.2026,48.5404,43.4554,57.4819,46.4618,100.3830,93.3638,138.5970,146.9250,135.3200,98.3958,74.0708,83.3136,71.0544,107.6860,65.1709,55.3472,60.5466,61.7538,81.4099,86.8240,68.9005,70.2939,37.9793,24.8144,41.1305,75.1345,164.4650,126.4300,178.8050,83.7835,59.0686,48.5770,74.5150,86.6469,79.1173,110.4160,76.3906,56.6473,23.2085,33.3983,72.9804,25.6228,37.0164,47.6537,54.7445,61.3381,78.7694,114.0060,100.7380,135.9920,83.1525,49.2112,16.6593,33.5863,79.2873,99.4048,94.5615,76.8143,69.7674,33.7984,79.6942,61.5675,74.6554,142.6730,157.6690,222.7900,179.2880,200.8570,146.8170,160.7510,152.5350,137.5910,153.2200,155.2770,171.4920,180.4730,214.1160,150.5860,179.4220,69.4916,56.4479,17.6361,39.3729,32.3451,78.3314,51.7223,71.8813,51.5060,59.3235,105.0460,134.9430,184.9210,224.0180,188.1340,200.4670,104.9030,91.0717,50.3352,40.1651,25.8963,85.1522,64.2483,100.7720,100.7650,71.0152,68.2618,50.3872,54.7482,72.7408,62.0163,41.4942,25.0260,62.7959,106.8670,132.1160,140.3670,114.3740,103.5340,53.0741,45.5135,20.2005,7.8526,21.2912,19.5637,16.2950,21.7697,24.3723,45.5332,53.3514,56.3239,24.6044,51.1808,71.2124,140.2770,97.7124,89.3098,89.0537,128.5650,109.2480,125.9680,84.7292,78.0376,96.9508,84.9380,94.4744,45.3370,112.2710,97.4377,89.8084,57.9158,51.6758,53.5152,29.9025,20.0622,39.5597,100.8930,67.7579,52.8265,17.5098,54.3671,36.6746,23.6853,22.4383,43.6651,49.7043,76.6515,91.6954,117.7750,105.2750,66.4053,55.9546,51.7923,40.2036,36.2979,88.3411
39885.4000,35514.9000,20738.4000,15911.6000,15844.4000,21974.6000,17290.6000,14098.4000,9661.5900,7616.3300,7646.8300,6714.7700,6080.3700,4779.1300,4290.9400,4514.1100,4169.9400,4360.1700,3967.1900,3678.2700,3125.7300,3233.9100,2445.0600,1849.0100,1527.8200,1399.9500,1189.2000,1235.5800,1284.0400,1437.5000,1687.0200,1617.9900,1325.4500,1343.1100,1059.3500,823.4930,753.9840,626.8460,379.6010,293.5690,284.2890,309.5500,398.8990,348.4600,269.8330,107.2400,105.8360,219.4400,280.5610,232.5490,223.3690,82.7367,64.9510,194.2330,227.2380,336.9450,195.8090,204.3410,75.0138,48.6942,42.5248,76.1010,79.7269,113.6440,94.7177,82.3882,74.5732,88.7697,168.2110,165.8300,226.1770,138.7930,86.5114,68.4691,99.6978,94.4408,60.8262,50.4104,61.7820,76.1719,40.5561,26.8978,37.2198,49.0686,84.1656,85.6302,92.6069,143.0370,138.6440,110.6680,80.9302,68.7376,119.6820,147.1520,179.1000,247.6280,199.1850,196.6590,161.8830,104.1980,66.5860,39.1181,66.4541,154.0410,198.5560,181.0090,186.1200,122.0130,111.1600,145.3090,175.7510,131.8320,168.0390,129.7330,111.9210,93.7035,63.7917,16.4877,45.3294,55.7029,33.5877,78.4137,97.0694,102.4410,97.1979,89.8004,53.4883,48.2697,38.8247,44.5265,53.9304,88.0318,80.7770,96.2690,88.4941,45.8975,25.1472,33.1140,72.4221,102.1920,76.4605,51.7807,41.9764,68.6049,96.3246,82.1753,80.4506,90.3525,98.0116,98.4809,112.4120,61.4297,46.9208,11.5519,35.9269,61.0398,88.7286,83.9473,101.0340,97.1222,58.9525,51.1037,57.7739,81.0698,59.5053,54.0503,24.2309,29.1257,24.7931,20.8391,22.1985,54.2875,43.7328,60.8258,25.9635,13.1679,22.1890,34.0338,50.7720,36.0508,41.0141,37.4256,48.9299,56.1315,88.1172,73.6490,67.5233,55.2396,33.7050,24.1198,15.3447,7.5026,17.3525,35.5919,35.0854,44.7919,57.8866,45.2818,68.3167,42.2915,59.5033,34.3203,47.0349,25.6204,32.6184,12.1064,16.2188,6.9379,2.6235,9.0645,17.7022,36.7126,19.1059,37.8781,26.5377,32.7802,37.1138,44.6258,38.6705,54.4624,50.8430,42.0292,28.9514,9.9769,14.9646,16.0680,20.8147,7.0895,22.6693,23.5209,38.5695,13.9839,11.9749,21.5162,45.8754,21.9757,21.1028,30.2038,71.2848,46.1405,51.9068,44.3504,22.2731,32.1928,42.3136,18.0129,15.2805,17.2562,27.8722,25.6023,37.3691,63.3368,79.4783,65.8540,68.5275,86.4065,68.7937,86.2457,33.8955,17.7405,7.3850,7.0207,16.0901,53.9750,57.5786,82.1214,63.0440,49.3464,48.8363,77.2785,90.2957,94.3062,101.7200,80.3835,74.8021,83.9335,37.8018,38.7628,37.7197,22.6747,24.2783,21.8921,30.1590,26.1327,27.0394,24.3984,32.4288,37.6530,55.2111,36.1452,36.6738,16.4512,28.2562,46.4833,58.4713,75.2184,59.2726,70.9811,45.7363,36.1400
40190.6000,36119.3000,21211.5000,16117.6000,15789.1000,21711.4000,17115.1000,14015.1000,9433.0400,7192.1400,7345.5100,6559.5900,6036.0800,4794.9700,4253.6300,4493.1100,4194.8200,4394.6100,4052.1600,3643.3600,3067.0800,3071.9300,2400.5600,1886.7100,1540.3400,1317.2100,1044.8800,1283.2000,1442.8400,1635.9600,1936.5200,1730.8100,1409.8700,1440.5700,1214.8400,971.3280,922.0260,763.4150,386.3970,267.3910,265.0840,354.4690,335.1010,216.8710,154.3100,49.9853,86.8714,170.4290,332.3890,277.0570,312.5390,169.7180,111.0590,178.0370,225.0780,319.2970,189.6820,203.2440,77.6509,71.1751,110.4850,132.5840,225.4110,191.6090,148.3080,84.2010,85.0272,186.8280,246.5330,271.9480,335.9660,237.5350,192.2790,186.2040,218.4780,150.1470,128.9530,118.1550,186.7870,136.5750,128.8930,50.3935,23.5999,27.1585,68.4148,86.2238,119.4490,65.1753,56.5532,93.1278,114.8790,107.9520,158.0100,224.6540,310.1960,343.5830,221.9900,211.6070,120.9670,61.8321,58.1680,76.5589,121.8490,120.3110,91.3012,96.3353,72.9352,49.4705,43.9640,57.0308,85.3821,67.2091,94.4362,47.7950,62.0538,35.2178,41.6577,42.9332,43.7008,58.1006,28.9808,18.8955,11.9898,18.6349,18.8219,36.1108,62.4230,94.5338,61.7384,78.1009,33.2499,34.4799,66.1430,26.1266,30.8440,13.0435,22.9862,27.6824,34.7826,57.9174,27.3909,65.0356,87.1673,45.7287,106.2670,63.1494,69.4418,59.4539,25.2826,18.0721,10.0817,42.5127,33.8526,75.9696,36.3479,41.1535,92.1222,56.2962,89.0878,36.0101,31.6645,41.7646,85.8325,49.1783,50.1328,16.0008,39.6861,30.4621,38.0627,51.4546,56.8569,77.7523,89.3320,69.3969,64.4441,70.6234,104.2540,65.1731,71.4164,28.6776,27.8162,36.3852,36.2209,76.4540,43.9881,75.0256,51.8704,71.6471,60.5662,56.8811,38.5026,31.4761,36.5552,65.3249,46.0714,41.3596,29.4189,54.5659,49.5329,94.7479,50.1106,108.2460,64.4154,97.3348,71.4656,44.7877,94.7560,51.1868,51.3888,29.5073,107.3980,104.5990,177.7290,82.7269,79.1910,30.9082,37.6524,82.1588,67.4087,101.4570,64.7275,81.7763,31.6359,16.1268,28.3625,43.8321,46.6009,29.6619,25.4823,40.7214,54.5229,49.7287,65.6492,64.4186,69.3047,26.5356,81.9888,89.9842,66.7989,129.1330,73.7899,123.8820,120.4580,106.5480,74.2037,70.1412,111.7120,80.3624,124.3820,49.8652,71.2705,29.7474,20.4674,17.8089,28.4292,71.7769,67.8467,94.6471,41.5247,22.7747,23.7362,44.5442,32.9892,53.4814,80.0933,95.6700,74.2330,37.8302,24.3836,33.3009,54.5479,68.6619,112.5370,75.4080,105.3880,43.8099,29.6758,39.2667,37.3556,40.1990,46.4710,46.0525,30.8174,32.7235,27.0271,31.0581,79.1810,63.0950,80.8717,58.4522,44.4906,15.4062,27.4641,98.1093,86.6311,126.8920,65.6697,48.7652,45.5557,81.4388
39885.1000,35620.3000,20710.6000,15937.9000,15862.8000,22102.9000,17448.8000,14202.5000,9688.2400,7345.8600,7327.8000,6482.8500,5902.3800,4548.4100,3884.7700,4369.1500,4230.4100,4426.9600,4045.4100,3697.0500,3148.3500,3176.2300,2500.3600,2010.2500,1654.0100,1532.0400,1199.8100,1180.2400,1242.2200,1407.1800,1631.6800,1553.8200,1345.3600,1359.8200,1237.6900,920.4350,817.6270,610.2830,330.1080,281.5480,353.7690,448.7600,522.9150,284.0240,214.5660,40.2077,28.4023,139.3030,265.3670,323.5330,275.7800,102.6890,118.8510,354.7670,293.9290,363.4210,150.6110,88.1620,35.5185,49.5185,12.9841,99.5189,157.2850,231.6710,183.0170,202.2480,120.7120,55.6531,166.8470,225.7950,423.0410,247.7970,206.3910,104.3620,210.2010,342.2550,264.6200,199.5010,61.7064,57.1471,114.8260,168.0290,198.8310,156.0540,169.2360,144.5140,156.9730,163.5330,147.1170,77.4240,42.8163,79.8578,153.5470,85.1672,155.0490,233.4790,378.0270,258.4930,139.8130,174.7610,267.2100,223.6190,321.9970,169.6880,129.4390,62.3040,86.8281,81.7878,134.8220,90.4552,17.4182,73.9659,254.4530,167.0800,248.4890,123.7910,98.4879,101.5170,111.7890,109.0270,115.1220,137.2170,64.8102,11.7445,75.4156,133.0440,109.6350,139.5050,23.9902,32.2827,164.9290,192.1300,103.4330,162.8000,287.3850,211.8590,458.8040,212.3250,235.3790,125.9740,60.6345,89.3444,52.4541,50.3761,50.9046,57.5625,25.7120,33.0163,98.1798,103.5020,152.8200,142.3480,147.7770,174.7080,140.5210,58.0503,165.3550,124.0890,50.9693,86.1228,163.4220,111.2660,193.4640,77.2878,50.9030,66.7111,179.0090,121.8340,216.5520,90.0062,139.6310,140.9520,87.1399,89.0988,42.6948,25.1011,11.2896,7.5970,51.6590,51.0793,77.3975,112.4700,94.4687,177.7170,307.9230,232.9080,296.6700,142.1020,91.9937,28.3185,55.8680,70.1409,62.0542,39.9705,23.6858,19.7167,64.7477,81.8516,157.9580,155.1910,181.3050,124.9780,134.3460,88.5083,159.2930,158.7580,107.6500,137.0490,140.9190,253.5190,88.8147,49.8315,213.1420,159.5330,148.8430,151.9730,167.6380,288.5710,181.0830,76.4869,147.5920,248.0770,156.9220,247.5720,76.9633,43.4280,59.5842,154.7480,77.1225,113.9390,192.5210,123.1560,178.0670,67.8673,46.0512,95.2845,209.0900,212.6270,307.8230,118.7710,167.4130,261.9830,210.6580,373.4160,244.2650,121.3240,46.5141,192.3560,149.9020,152.9220,79.1913,11.3877,40.3931,82.5773,138.4120,92.1081,127.5880,291.1790,478.1280,458.6510,420.0800,253.2610,152.3820,67.5246,68.1448,50.3835,28.7580,17.8468,78.3943,118.3880,97.3536,140.7150,58.9488,52.5780,49.1309,90.4057,129.1230,176.4600,170.2540,220.4650,144.5750,171.5030,101.5010,95.2151,211.1580,150.2160,316.1010,171.0530,277.1580,146.5370,92.8041,57.0951,44.6749,18.5292,39.5647,59.8598,123.4370,96.1417,44.9636,63.8573
40250.0000,35379.0000,21115.9000,15806.9000,15273.2000,21306.1000,16709.8000,14344.5000,9554.1500,6855.5900,6643.5300,5915.3200,5449.3200,4243.1300,3508.6300,3577.1500,3379.8500,3442.0200,2581.7100,2293.8000,2225.0200,2346.4300,2503.0900,2120.8200,1724.9100,1467.8900,1143.0200,1162.1800,1219.6000,1397.0400,1773.4600,1680.9600,1423.1800,1303.2800,960.5530,867.0250,852.3590,830.1780,546.1210,460.7700,459.8820,569.2930,494.3470,394.0890,378.0060,179.2550,204.4010,113.6870,170.8940,130.5530,93.0835,31.1637,84.1766,207.6880,214.0720,187.0230,140.7230,134.1830,184.6910,162.4270,170.7120,58.0999,38.8110,160.7520,186.4940,238.0670,175.0930,88.7052,124.3080,145.9940,192.6320,188.6480,244.7780,263.9200,363.3950,365.7300,275.6220,268.8350,189.4580,153.4380,133.8680,137.8930,93.8422,68.4662,119.4000,138.4460,196.8220,185.4190,140.6260,125.0740,109.4390,76.9602,66.4964,91.2531,131.1570,152.3850,88.5132,68.9997,21.7650,38.1428,91.4618,128.1920,124.2680,167.4720,94.5755,82.6842,18.6461,38.8138,100.9920,101.2730,132.7270,89.4543,94.9026,79.2066,87.4097,142.7210,97.5679,125.3980,87.2546,75.6509,89.9397,81.0603,43.4093,32.0047,40.4875,78.0724,45.9316,50.1695,41.7178,46.1264,90.8050,65.9669,57.0478,18.7871,10.5696,15.8500,49.4700,52.9226,79.9704,96.0581,99.2892,134.2800,118.5020,76.6594,63.2879,62.3110,40.0195,26.9566,56.0527,71.6806,85.1462,39.4495,37.9155,56.9479,93.7821,128.7180,110.5140,126.6680,92.2877,65.7251,59.0177,67.0343,35.4964,36.7595,78.4790,81.0252,94.8450,61.4976,56.7933,69.4409,53.3227,27.4061,14.5134,20.4213,30.9017,24.2439,18.3551,24.3001,26.8936,33.2510,42.5428,39.1340,26.4069,26.6501,40.0892,71.9825,101.6230,98.1858,135.0740,108.3130,92.1279,70.9318,27.0386,18.1878,49.8812,57.1456,69.7579,79.4080,46.8757,40.7453,9.2165,2.1041,3.1591,10.8587,7.6109,16.2972,43.0196,38.3064,85.4816,63.1963,44.9481,47.6370,41.7174,27.0844,57.0980,28.9129,7.2569,33.4956,37.8573,27.4180,28.1261,8.5251,12.2312,29.4716,22.5732,27.0614,28.1737,25.2988,37.1333,37.6768,37.9545,29.1783,20.7811,36.5554,54.5518,85.4445,83.3862,63.1106,56.2480,34.6011,38.3031,43.2505,55.7415,57.9279,52.2957,60.1220,54.5447,27.9899,8.8387,21.1983,25.7968,31.3935,34.6329,38.4120,51.2362,46.5722,27.5543,27.5949,39.4777,75.6608,59.2190,70.6201,39.8026,21.5986,12.5380,12.7146,17.6291,30.8094,33.6670,39.8345,60.7093,42.1330,53.5647,38.2116,54.6451,62.1999,80.0209,34.4416,20.7073,41.0466,79.5404,83.5720,63.4709,39.5991,29.8537,37.7829,67.6654,59.1750,81.6054,48.3459,67.9224,30.1532,43.4652,18.1969,14.3384,23.3425,36.0997,29.6429,24.9164,50.7276
40384.7000,35681.0000,21565.2000,16306.7000,15105.5000,20957.3000,16503.5000,14648.6000,9786.4800,6458.7500,5568.9400,4908.0300,4578.1900,4024.2400,3437.6600,3186.2100,3093.2200,2993.1000,2023.6200,1584.7100,1603.5200,1808.2600,2211.2100,1975.9700,1499.3300,1242.8100,843.1940,879.3100,999.7280,1077.9200,1485.2400,1583.5100,1176.5500,1076.6700,602.5360,542.1390,574.3940,637.9470,656.8450,629.8940,575.3650,622.7240,491.9960,276.8680,171.3370,31.1889,87.9565,161.1580,290.4780,284.6800,258.5500,222.1010,163.7260,194.0540,186.1900,176.1610,124.6080,232.6340,386.7780,393.5180,469.4600,228.9060,175.1710,65.7872,79.3219,141.5510,99.5821,59.4842,14.6093,90.0563,103.5040,153.9320,177.0730,164.7990,169.7920,168.4530,157.5570,145.5780,162.1400,179.9410,144.7080,137.2480,104.9400,82.9254,100.8930,107.8490,115.3460,71.5930,71.7347,81.8509,113.8630,95.9616,74.7973,70.9689,91.1926,102.3540,75.6212,67.6241,88.8657,85.5321,144.4150,157.1220,140.6930,169.5680,118.9850,95.7051,77.0315,57.9108,52.8026,53.2662,65.7345,53.2117,57.8935,74.1680,60.9612,86.4422,76.5673,67.8222,79.8167,75.7278,71.6658,86.0446,50.4935,50.3551,40.2283,38.9494,56.8262,48.1677,47.1032,26.2120,13.2969,8.8162,14.3352,24.1043,24.6578,28.6472,39.0543,45.0002,43.9723,64.6121,68.5781,53.8229,56.8184,23.7276,16.8125,3.9239,1.9612,3.5022,21.7088,41.0160,54.0702,63.0411,43.1957,36.9589,18.1838,20.7992,50.8618,31.4307,15.0758,10.1431,41.4894,36.7114,43.1319,41.2038,35.9286,32.5803,26.0838,23.0923,22.6809,20.0401,15.0352,25.8243,17.5858,22.2666,20.9108,17.4075,28.9612,19.2272,21.3932,35.5174,30.4221,28.4784,30.9783,26.8076,55.9882,38.0441,58.3292,28.1636,21.4941,19.5671,23.2240,24.5900,16.4924,25.6126,20.2959,20.7965,30.5106,19.6340,14.9023,11.9241,37.4355,27.8248,53.2148,18.8538,8.5238,26.7799,40.5968,39.1777,35.5374,28.1146,12.2518,10.1296,5.6636,10.9621,18.5430,29.7543,38.5634,31.2154,34.5006,28.2425,32.4084,40.2292,29.2380,27.2795,30.2339,53.1267,54.7961,81.1851,54.6699,47.5772,36.6499,43.7500,35.0256,36.7834,22.7410,35.8823,41.1197,50.1326,34.6952,19.9782,31.6585,41.7242,66.7952,57.3858,49.7114,47.1307,44.5584,30.6311,29.7301,9.0173,12.7727,26.6018,32.0401,25.3413,22.7919,45.6204,40.9025,67.2781,40.4802,11.5146,21.0652,66.5390,44.4351,52.3442,32.2796,34.3561,32.5453,45.8668,30.4146,26.3262,28.4197,55.5047,37.5286,38.7520,21.0405,38.9801,37.1370,56.3788,26.0721,17.5726,12.8177,28.5548,44.4103,38.5136,50.7771,34.6478,29.8456,26.7938,20.2296,40.8865,39.1724,64.9304,42.7750,46.5811,19.2226,20.9856,28.7218,46.3561,42.8315,34.7169
