86483.6000,64791.9000,33685.0000,34354.5000,44253.2000,35176.9000,24849.5000,21494.4000,20456.1000,16902.6000,13955.1000,11271.6000,9971.6000,8595.4300,5404.1500,3782.3800,4672.7000,6979.2600,8455.2500,6872.8600,5063.3300,3178.7300,2202.0600,1138.2500,1788.3400,2596.8400,2909.3200,2187.0700,1284.9800,1030.3300,480.0100,520.8820,433.7520,387.6280,255.3810,231.5380,355.2900,509.8060,550.3390,557.2280,486.1180,373.2510,324.9120,261.5080,179.6080,78.5434,177.8390,301.1690,316.8430,240.4390,176.8670,128.3970,143.7370,161.9670,291.7300,448.4310,499.4080,488.2530,466.3200,397.9900,301.7960,231.6740,237.6680,271.9120,251.8650,213.1840,146.0130,74.4666,40.5112,45.4197,77.1647,99.3529,101.4970,108.6100,112.2100,121.9700,103.1670,65.9285,45.4154,41.8608,61.6864,78.8763,85.0344,97.5882,113.8560,119.4520,102.3520,78.4510,64.1599,31.2308,26.7674,20.4575,19.4332,9.2037,28.4815,36.9951,43.7845,49.9378,72.2177,116.6120,180.6130,264.5390,383.5670,468.7900,482.9430,456.8060,421.9550,310.8510,230.3960,261.5020,246.9180,182.2180,151.4260,106.9130,64.4311,42.3765,48.2167,87.2719,102.8550,95.4767,55.7504,18.9762,11.2211,30.5741,59.6906,57.7655,32.4995,26.2031,42.5540,60.7875,84.3958,91.2584,77.3527,66.9316,70.8592,78.7960,70.9180,46.4026,32.0638,34.9185,56.9499,79.5678,92.6116,94.7147,100.8900,87.7357,41.4206,29.3923,71.0276,115.5650,106.5610,91.7218,73.3720,34.3260,20.4068,11.8876,19.3113,32.3808,15.0400,26.9173,76.3444,90.4464,77.7447,61.1097,60.5402,79.1733,95.2580,94.9866,81.9578,85.9878,118.1350,149.0580,158.1710,169.0670,225.0640,304.2470,333.4120,343.1900,238.4490,99.4271,46.1689,88.1119,138.1570,141.6370,106.4960,79.4306,63.0975,78.8149,110.9610,112.0790,111.2220,85.7212,47.5309,35.1275,51.6336,74.3845,97.5137,100.0040,80.9815,118.2080,194.7790,202.4460,168.6350,125.6460,90.4278,96.6936,88.4065,49.7420,23.4374,3.5250,27.8071,40.4553,77.8634,99.5691,119.9870,147.7560,139.7260,96.2159,73.0145,67.7079,63.1958,74.7750,82.2304,86.3299,111.0630,133.5710,150.5960,174.2280,190.9550,207.0450,216.5800,207.3980,171.9900,128.7300,70.7319,60.5158,90.3093,131.2870,117.0970,90.0482,88.0660,82.1989,97.5510,140.2260,166.6570,204.8460,163.4890,99.5718,69.5753,57.2312,38.7381,19.4522,45.8280,71.1657,79.1463,70.4214,46.3178,25.3578,20.5938,38.6098,55.6749,78.2263,95.8071,104.0690,96.1703,79.1482,81.0203,97.5858,93.1662,65.8312,35.3105,23.8859,60.6054,80.1588,88.4374,96.5340,89.1443,58.6357,61.8601,89.3379,67.6654,32.3668,58.5587,83.6190,57.5977,29.3685,23.9757,43.0718,72.5890,77.7312,73.5859,71.3774,73.0167,59.8812,29.1835,39.4938,62.0200,55.7091,65.7892,109.8490
86771.8000,64917.5000,34012.6000,35249.7000,45210.2000,35801.4000,25307.5000,21897.4000,20830.2000,17232.4000,14253.6000,11652.1000,10446.1000,9170.8500,6053.0000,4448.8100,5543.1000,7779.9400,8822.0200,6976.6600,4913.0900,2787.8600,1652.7900,1817.6200,2756.3300,3559.8900,3578.2800,2582.4400,1544.0200,873.7310,288.3830,414.7700,445.4840,347.5780,198.4920,239.5450,417.4540,486.9450,441.0070,352.8370,182.9480,75.6311,107.9370,121.7710,132.6030,174.5480,273.2140,392.4990,389.9990,320.7750,259.8430,198.2560,139.5540,62.8243,79.6996,190.0570,289.6990,362.9290,372.8300,305.1650,239.4920,192.7810,178.4640,175.0460,149.6700,88.4789,54.2615,61.5739,21.5998,39.8908,73.5512,116.2750,127.4630,122.5570,116.6940,108.3680,75.3802,38.0586,31.1755,34.5143,58.0086,63.3656,72.5335,85.2489,100.6620,99.9111,77.7144,53.1519,30.6632,15.6983,30.2044,41.8116,26.8793,12.0471,32.6747,56.1781,69.3782,71.1991,80.0742,117.3910,184.7120,254.4820,355.6320,445.8930,468.5320,446.5280,417.2950,323.7780,242.9130,251.6070,248.2850,193.2590,155.1820,108.5900,64.1556,25.5755,42.9974,74.0447,96.3989,97.6466,70.6888,35.2689,16.9867,17.6762,48.1246,60.7201,49.9822,48.5522,60.5979,74.1898,76.7447,73.2315,53.8068,40.2784,44.1050,60.4365,56.0758,36.4223,36.0602,59.2350,92.1395,92.0543,85.6643,87.1416,94.4291,85.3105,40.0340,20.9577,52.1420,103.4940,93.1951,78.3247,55.8769,32.5155,26.1015,23.8104,11.1176,23.3313,34.0244,40.5215,74.8793,85.8559,72.8449,64.7813,74.9768,91.5925,112.6540,112.0920,88.1689,95.6609,132.5970,153.1280,155.1460,164.4020,221.0780,301.8480,332.0180,345.6670,253.4900,122.7580,63.8218,81.1676,114.3900,137.9160,132.0270,113.6090,103.9430,101.7250,102.2510,105.4760,94.5836,77.6257,60.2676,31.6622,34.3574,74.0468,102.6250,114.7130,108.3120,127.7400,176.0600,187.0660,158.7130,139.2980,142.7460,160.1240,138.5340,69.9869,30.4577,22.2348,38.3315,39.3921,61.1658,70.3594,85.0234,117.8160,122.2450,90.3436,82.8213,75.2841,69.9966,66.2184,68.3557,63.4132,84.4729,103.2230,118.3780,144.2090,168.2160,195.3330,211.4050,192.7020,163.2320,138.8240,102.6670,72.5442,96.0239,163.5840,154.4060,105.6930,73.1753,68.9994,108.9780,127.4880,134.6170,143.4800,129.7360,110.1680,86.5151,68.5053,34.8551,35.8814,57.3617,60.0936,55.1609,61.0092,49.6015,48.8805,26.7773,51.1156,53.5204,79.4811,100.0570,113.8350,106.8620,92.3060,77.2001,77.3070,90.0836,69.7523,41.3488,38.2325,61.5387,80.4851,92.3380,88.6649,58.3950,36.5083,56.4956,81.1031,73.0414,32.0086,30.0564,63.9383,43.5758,21.6825,38.3847,67.3156,79.1274,82.5536,79.3395,88.1438,86.7347,62.4494,39.2433,66.6853,96.2561,92.9890,99.6312,130.0160
86227.1000,64721.4000,33768.4000,34752.8000,44413.2000,35075.6000,24895.4000,21504.6000,20289.0000,16786.6000,13931.9000,11190.2000,9758.0900,8295.8400,4929.9600,4295.2100,6450.1800,8687.3200,8992.4800,6793.7900,4241.1500,1575.3600,1395.4900,2587.4500,3527.3400,3965.8400,3472.4800,2269.9900,1175.0000,770.2350,531.6360,835.1530,925.7700,792.8430,553.1960,607.2320,913.6660,1130.1700,1152.7500,1050.8000,899.5660,742.6620,660.8260,523.6030,425.6430,387.0640,372.8990,387.8270,321.8450,255.7160,220.5430,160.1920,118.2790,97.8023,105.5370,150.8160,217.9580,245.4170,267.6770,236.5360,151.0370,90.5024,82.3183,95.1419,84.5989,63.2286,31.7290,20.8949,40.7520,76.1638,127.5200,132.4100,128.3900,142.8310,148.2660,144.2970,100.0560,69.4292,46.4722,32.7695,27.8481,43.3388,68.8026,93.6205,117.0220,111.9210,80.8815,51.6585,31.2169,27.0717,28.3626,28.3470,23.0154,12.2000,14.7844,28.4016,56.4646,71.9893,72.6881,100.8480,170.2820,257.8620,368.9890,456.2010,475.1520,446.9250,414.4070,318.3420,247.2550,263.1100,254.5900,181.2910,148.2100,108.0390,82.2209,17.3204,51.6933,74.3750,94.6252,94.2893,65.3247,24.5150,11.2900,26.3740,62.3718,77.4127,44.7587,26.6476,20.1172,33.8815,49.2224,49.2103,41.3875,28.8267,28.8051,49.4813,69.0333,73.4738,69.4284,72.3211,79.1110,70.7799,66.9271,80.4453,101.4280,101.4830,28.1200,63.4009,99.0628,139.5010,104.0030,63.9522,42.0459,28.0563,63.3619,63.5249,39.9902,14.6234,35.1841,26.2717,32.2137,63.0243,63.2551,45.3863,51.7631,82.9676,100.7060,97.8864,64.1261,61.4052,103.4860,129.0220,134.1990,155.8270,225.7300,316.0520,358.8790,379.0420,278.5890,151.4550,77.8817,63.6602,93.8039,120.6520,110.8640,106.1020,103.6550,94.8566,96.3478,91.0949,81.8878,68.6273,62.0035,52.1214,25.5752,35.7960,66.6085,89.4921,86.3674,95.4841,142.8480,171.9140,155.7060,146.1830,132.4560,157.3500,161.7190,98.8859,48.5277,23.9244,45.3616,53.1159,62.4943,65.8556,55.7156,80.4215,77.3463,77.8929,85.8747,94.6527,90.1952,84.3043,77.4563,76.3093,95.7239,116.9850,134.7560,149.3640,166.4700,191.8400,206.6170,194.2230,164.2240,135.6850,94.4616,70.1200,98.5264,149.5700,142.2550,114.6000,98.9113,93.0696,116.2930,144.8490,157.7120,177.5330,158.0470,94.0118,58.5288,42.1426,33.7032,32.4934,38.0564,41.6943,48.8677,41.1066,14.9037,8.9583,30.3845,38.4650,45.7728,69.4635,93.5156,114.2950,102.1350,54.6323,64.1618,88.2808,60.2695,38.3579,42.3458,34.2765,32.2795,61.1145,76.7332,77.7199,53.5591,36.7893,55.1320,69.9402,42.3753,32.2909,31.0847,53.0532,48.4029,37.9862,39.2680,59.0327,72.8716,67.6768,63.0978,74.5183,74.7400,63.9422,42.9779,59.5559,92.3610,107.1630,126.6270,160.6480
85918.3000,64353.8000,33183.1000,33764.2000,43689.8000,34684.8000,24475.4000,21048.4000,19921.9000,16503.2000,13371.6000,10236.7000,8351.3800,6125.9300,4202.5300,6082.5800,8589.3500,8678.9000,6923.0200,4323.5600,2121.9000,2052.2200,2904.5400,3681.2100,3957.8800,4168.2500,3263.7800,2008.6000,962.0760,336.7690,310.0990,527.1310,519.6940,404.7130,435.8610,726.5770,940.1200,998.8030,997.2540,958.7390,715.1980,466.8730,341.5240,286.7520,275.8890,296.5330,402.5140,479.6490,426.6940,345.7830,239.9830,179.7070,191.5160,222.2930,251.0850,298.6200,338.6780,348.7720,330.0530,290.1530,249.0170,214.3410,163.7470,91.3489,46.7510,69.4632,92.9703,72.0218,20.3058,34.0504,81.7854,115.1310,96.5700,76.9838,74.7463,79.9008,85.8508,48.9142,30.3719,26.0700,52.5483,79.5067,93.5620,111.3190,128.5300,103.9010,55.3472,27.5033,29.6471,21.8369,17.7736,24.3462,29.3009,30.7400,24.6523,24.5817,38.2065,51.3130,59.0784,77.5091,137.3010,236.9830,359.0050,441.0100,476.0060,461.3810,440.8850,342.8450,244.4240,252.2650,257.8150,201.6540,170.1220,132.9830,93.4358,15.8773,34.8488,52.7793,85.7274,99.8946,93.4360,54.7563,37.5651,46.7961,82.4501,97.5060,91.9069,89.7149,97.9800,100.5940,73.5108,55.3384,48.1057,51.1671,67.9280,97.5774,129.3220,110.6470,86.7791,84.4760,85.1230,75.2034,41.4559,50.3567,76.8344,60.2238,21.7961,35.0764,95.6144,138.7700,118.7350,95.4911,65.6729,12.4889,61.7507,63.4870,70.1626,24.1155,18.8890,20.8255,60.7897,51.9540,43.6416,31.2406,52.2685,82.1805,105.3850,97.7109,49.0188,39.5015,78.4632,105.2180,109.9370,128.6040,206.2210,296.3150,347.6360,383.0510,318.6360,197.0360,112.1130,61.7383,54.0027,80.7154,95.7262,81.1589,61.4374,55.0446,61.7399,51.3463,13.5261,27.7771,41.8297,11.3354,39.2799,63.9031,85.4399,80.9706,60.3238,82.1421,151.4000,168.3590,155.8990,137.8540,140.0440,155.5810,126.8530,77.6377,50.2685,61.6396,73.6668,84.8150,92.6192,82.5449,59.1964,54.1446,66.5791,66.4233,94.0225,101.0750,96.1777,91.9284,90.1878,98.1126,116.1300,122.6590,122.6470,136.2470,164.7570,209.8710,208.2910,174.4500,152.5680,133.9850,110.5790,78.2690,86.2379,129.5520,148.7360,159.6060,171.6600,177.6190,183.1640,189.5460,190.3970,193.0440,166.7830,105.7480,67.7245,44.3843,30.8313,24.4272,31.5556,38.7020,40.8345,25.1887,39.4256,34.4350,54.2656,62.0476,63.1259,65.7546,72.7757,74.9293,62.3636,42.6127,47.5601,60.2302,51.0891,38.2422,27.2055,15.5541,18.9976,43.1150,48.1485,45.5295,43.2222,51.9022,62.9286,65.7875,41.6684,27.2714,46.0668,91.2119,76.6354,44.0814,33.5720,36.3425,33.2811,31.9731,31.2345,28.7897,24.7211,29.5742,48.3335,61.7656,77.3846,93.0906,112.5420,124.8560
86307.0000,64435.2000,33352.1000,34468.5000,44554.7000,35176.5000,24640.2000,21069.9000,19820.7000,16164.2000,12718.4000,9529.4900,7792.6400,5936.3400,5723.7900,7904.1900,9265.5700,7606.5000,5368.1000,3199.1300,2694.8300,3190.0700,3486.8600,3944.0400,4126.7200,3990.9100,2796.0000,1520.4400,678.5300,210.9580,169.2850,147.1360,250.3760,495.4140,714.5000,822.2900,761.8990,633.8820,521.0770,409.4910,298.7290,232.7350,191.8660,62.3106,65.0414,83.5623,43.1019,94.2150,119.8950,138.4130,83.9293,112.6740,192.0500,258.8930,328.6050,348.6030,321.4820,277.3820,193.8930,152.6130,164.8290,184.6760,143.2220,96.1008,43.4043,15.4432,24.8174,39.1974,44.0911,43.5536,53.8396,76.7094,92.4992,118.3140,132.1100,134.5350,117.6980,60.6443,22.5940,9.9110,43.9506,99.3880,136.2660,160.2690,141.8460,117.0100,78.0457,51.8189,46.3900,35.9824,26.8576,35.2695,40.7447,38.9304,23.6900,14.5714,26.2015,37.5795,56.9249,86.2333,132.9360,223.3730,343.1640,436.2280,467.2240,440.3500,412.9260,305.5140,200.9670,214.4800,242.3480,209.8930,169.5770,148.4310,106.2630,50.4408,54.0764,64.0338,78.0208,80.3962,76.1356,56.3841,44.5468,40.1807,57.9182,76.6027,71.1165,68.6343,59.3693,61.3505,55.9011,37.2886,25.6236,41.3417,58.5103,83.0684,79.0279,68.6855,64.3898,61.2345,51.4022,38.9143,24.9635,20.9332,26.9165,18.1213,23.1594,40.2343,87.7885,124.7890,98.1819,84.7419,43.5170,28.2889,51.9906,54.7574,69.3522,40.6248,19.0949,15.0482,45.0660,62.7614,43.3599,31.2501,67.1237,90.1832,88.7312,56.9263,21.9761,37.4088,88.3720,105.2440,82.4604,110.6490,217.9310,311.0150,352.1030,380.8420,294.9420,177.2690,94.1861,36.8122,46.0614,92.2495,84.4905,59.6439,43.6027,46.9456,42.7835,18.2243,39.0368,52.1388,58.2014,49.8645,41.4621,43.9001,76.1861,91.8403,54.4837,88.5568,167.4500,159.6500,140.6390,106.5600,113.7470,127.6620,112.3140,88.2733,62.2341,49.7728,56.2334,70.1170,87.2886,96.7639,83.5784,106.5150,99.1445,88.8614,105.8020,126.7260,91.9419,73.0659,57.4355,77.6140,103.5710,100.3020,95.3562,117.2700,150.2930,202.3890,208.7660,181.8430,163.2570,147.5850,115.9470,64.7300,63.9012,109.7500,123.9640,144.8350,154.4240,146.6120,145.2980,166.8510,182.3330,192.9130,159.3280,90.6834,62.9197,67.3625,55.5540,44.0622,34.7872,39.5002,42.4934,37.8203,25.0541,37.1147,36.1736,56.0626,44.9695,49.6055,57.2068,66.5091,45.9759,35.2736,36.5320,43.9820,52.0289,42.4017,26.1896,11.3399,20.0628,54.1416,57.5606,52.2357,46.2895,61.0964,83.7176,98.5283,46.0621,61.2668,65.4052,94.1950,68.6455,40.2429,20.0738,35.9633,36.2297,24.5884,10.4241,29.2303,39.4370,41.1512,35.7263,41.1407,67.6089,85.3707,84.9347,115.9540
86071.4000,64398.4000,33475.0000,34687.7000,44301.7000,34719.3000,24378.9000,20899.1000,19552.2000,15858.2000,12629.0000,9476.7800,7740.3500,5980.3700,5755.7000,8013.8700,9464.7100,7897.2800,5749.6200,3593.6800,2872.4300,3136.5300,3429.7900,3863.9100,4114.1600,4032.0500,2797.9800,1568.0900,794.5560,394.9790,240.8100,200.6530,229.3800,426.1130,562.5310,592.1700,564.9500,528.2030,526.2390,487.9060,399.5970,349.4070,312.9210,192.8010,140.8650,89.2826,108.5550,161.7810,138.6720,108.0500,121.8690,160.3310,214.8600,281.2660,356.4710,374.1870,386.1420,326.6360,226.7560,166.1030,128.3990,121.0680,123.4460,114.7370,93.9857,40.1369,36.6517,36.6126,45.0318,51.8220,37.1975,60.6512,76.7178,93.1027,101.6550,112.8140,104.6410,77.8211,57.4490,62.8335,90.2146,106.2360,128.9770,144.7700,139.2160,106.3390,66.1678,40.5537,33.4438,22.9995,22.5165,39.3584,34.9274,27.8947,25.8623,21.3640,33.0104,34.2476,48.5124,92.9941,147.4030,234.4300,359.5310,449.0010,461.7400,442.2290,422.6410,326.5640,214.1270,232.5990,258.2610,216.4260,172.7000,150.4170,103.6510,50.0529,48.1137,83.3054,97.9218,100.6410,89.4067,54.3468,24.0503,30.5650,64.3808,71.6266,68.7896,66.7613,55.2914,51.6766,66.9346,59.4583,44.3908,50.6459,65.7250,90.9944,88.8507,63.5668,57.0275,60.9625,64.0844,53.7200,17.0728,23.5837,44.1329,31.7364,11.6966,28.6556,68.6945,112.0470,102.8270,93.1176,61.8461,29.9359,48.9947,46.6730,54.5266,37.0576,17.9690,18.3707,45.7425,62.4269,57.6651,32.3089,31.3286,58.8586,77.7462,57.9425,18.9330,36.2941,82.7655,103.3980,99.0269,115.6240,206.1770,312.8510,355.7630,386.1390,287.8970,172.5470,96.0148,34.1076,38.3481,79.0391,73.7019,57.5150,54.1621,66.8859,62.0346,36.8702,30.6098,48.9472,57.6813,46.8819,30.3895,46.9412,76.7813,78.5678,58.8446,94.7474,153.4120,148.8700,127.4810,98.2168,90.0069,102.7310,105.3970,69.0347,33.1502,25.2964,49.2168,57.9665,77.9552,79.7501,79.4779,95.1795,117.6880,117.7050,119.2160,104.5960,63.8124,52.1209,52.6026,57.0804,56.1824,69.9939,96.2288,120.1230,145.8710,179.1560,200.3810,176.3610,149.6990,123.1020,101.9720,66.6839,52.3637,95.5377,114.9420,131.9830,123.1420,112.9060,141.8570,166.9190,175.5040,178.4610,153.0570,102.7660,65.1031,42.1498,33.3137,33.9802,33.8681,37.2195,37.1837,26.8337,32.1238,26.4337,28.4240,34.3213,35.3339,36.5603,36.4529,30.2513,24.7503,27.5013,33.0896,33.3057,28.1712,23.6841,12.7579,13.2760,43.3554,64.9654,64.9462,59.4936,57.3259,65.1354,80.5470,81.3035,39.0773,24.6154,52.3238,95.7399,94.1966,62.2095,28.6784,17.6882,33.3035,27.9737,28.6573,49.5718,60.3985,57.1705,52.2839,65.6601,83.0348,92.5775,91.6013,108.7310
85708.5000,64144.4000,32974.7000,33709.0000,43583.7000,34374.5000,24145.2000,20624.6000,19433.1000,15974.0000,12736.4000,9512.9300,7649.0500,5341.8300,4272.4100,6720.9000,8871.8700,8392.3000,6570.0500,4105.0100,2414.5300,2251.8100,2711.3500,3485.0600,3822.7500,4064.5100,2982.4200,1651.8000,807.9990,417.8030,324.7610,275.5020,267.9900,369.1970,458.3910,537.0580,610.5750,632.8120,588.9600,520.6480,396.9810,287.5260,241.7040,169.9690,195.4550,97.1410,68.7010,56.5959,103.4130,129.2470,134.7050,167.1330,241.3310,321.6470,372.8400,365.7880,331.0410,286.1570,224.5490,170.8720,147.1850,165.7310,159.6700,117.1770,70.6346,27.6782,33.0697,67.2047,59.0893,47.9786,9.3709,39.5585,69.5460,97.7958,114.2920,122.4580,105.1930,78.1456,56.9324,53.2238,75.8250,116.1840,123.7250,148.8510,134.4970,110.3420,80.3016,56.3172,41.2776,35.0623,17.4778,50.5887,48.4499,41.5442,30.3907,23.8326,25.3743,42.9631,55.8718,74.6850,121.9980,209.4230,335.3200,432.7660,458.4230,436.1110,414.0950,313.7720,223.9890,249.3030,261.4300,213.8540,177.1380,149.7670,117.2000,49.3589,41.3206,57.5246,70.9232,77.8237,72.1153,43.9031,14.0677,26.9415,74.5427,88.2046,76.1065,69.0069,59.6944,56.6809,55.7182,51.4016,45.3760,49.2406,61.6602,82.1245,90.7223,71.5548,51.9082,45.4141,45.5580,41.9194,29.4325,49.7209,73.1128,67.7801,31.7074,30.6869,82.6552,130.9520,111.9960,86.0629,47.3334,11.8664,43.9182,51.4063,48.0791,10.3454,11.4308,30.6340,54.5063,73.7787,58.2228,30.6807,49.9111,77.9846,88.5089,54.9810,19.7434,40.3986,88.7488,114.4290,108.4550,126.6100,204.0520,288.8060,324.7350,356.9840,293.7790,167.2930,87.7732,67.6561,63.9649,78.3282,88.5844,77.1667,65.4452,73.1912,80.5351,65.6482,19.0473,33.1074,52.3050,48.8279,31.1602,43.4792,71.3620,87.3434,65.0179,69.1747,124.3260,139.3860,122.0700,90.4390,76.4466,101.3390,113.0070,67.0399,46.6146,14.8988,19.6248,26.6721,43.9353,81.0100,90.6480,122.9860,135.7830,109.5800,85.9825,68.1492,49.2777,39.5375,42.4091,43.7268,73.8278,98.9755,110.5640,133.4390,161.2590,203.4160,220.6190,201.2060,172.9990,150.7360,127.9020,76.4559,59.7447,110.7130,120.0190,118.3110,106.1780,111.4030,136.1520,152.3140,161.7260,169.2790,139.1350,86.2596,57.7104,38.4495,30.2521,32.4888,39.1554,36.1316,49.0514,56.3021,65.2890,51.0070,26.3921,23.1468,35.7130,42.8747,52.2861,46.9139,33.7911,20.0381,25.2637,42.3681,38.5369,26.7700,12.0113,6.5715,25.9899,40.9751,52.9120,53.9578,52.0978,54.0435,68.3329,71.7596,27.2566,31.4736,58.2269,88.3841,85.1687,66.0259,41.0846,18.4005,35.2960,46.9632,44.8775,50.0816,52.2337,45.1721,44.9396,67.5335,74.3174,75.0237,104.6330,133.3000
86028.3000,64198.2000,33266.0000,34331.6000,44393.1000,35154.1000,24764.8000,21253.3000,20093.5000,16703.0000,13451.6000,10342.3000,8730.2000,6726.3700,3269.3500,3818.6300,6235.9600,7876.5300,7658.9400,5408.3200,3022.4300,958.3060,1644.6400,2962.6300,3586.7900,3794.0000,3091.4200,1716.7600,714.6980,311.1020,358.8260,323.2340,241.3560,281.5400,334.4990,526.0310,778.5300,904.5850,890.9980,831.9450,700.6040,525.8960,419.0130,310.2510,233.8520,136.7170,101.7120,162.1570,156.2580,139.3120,80.4213,72.9177,114.6180,142.1490,164.2850,151.8150,143.6570,177.8950,188.4870,178.5640,152.6470,127.9260,109.4050,82.9215,51.8660,45.8472,71.6554,96.0756,81.6315,53.6567,56.5079,87.9950,113.7130,129.1270,134.4850,139.7420,134.6360,88.9256,57.6150,40.0395,57.7270,77.9365,85.7666,100.2000,123.2530,127.8270,94.6244,63.5612,36.4500,9.0507,15.0063,22.1008,39.5377,48.9526,46.5792,36.4385,38.2158,38.6789,46.4227,78.7020,133.4150,211.2260,335.7030,437.2290,480.7800,466.3960,443.9410,336.4860,230.1060,238.7120,257.9690,218.7270,185.2300,144.0820,99.9506,32.6832,20.7468,53.5002,76.1880,81.8129,65.6291,34.7991,14.9912,30.1287,66.6161,85.4764,71.3010,56.9659,47.3780,51.4316,74.7165,70.2659,48.8187,41.9349,58.7433,88.8975,107.3520,96.4518,71.9999,57.6472,59.7099,55.4921,54.1867,68.3034,91.0797,94.1471,31.1032,48.4749,119.6710,148.4170,116.3390,81.9762,50.3505,19.3020,43.2671,49.2713,38.3723,23.6125,27.0545,19.7861,40.8664,54.8408,45.5270,32.4825,43.6942,71.8646,92.6754,67.7648,23.6549,35.9621,83.7885,126.3150,137.2060,160.0620,223.5350,293.9900,316.9930,329.8080,261.6610,172.1150,113.6090,80.4362,92.6014,131.3770,142.7680,125.9450,111.5110,117.3800,122.5910,96.8248,39.1947,23.6548,34.7347,38.0698,37.6726,59.6359,93.3090,105.5250,84.5070,90.3100,131.7740,154.0580,139.7440,120.9560,87.5239,92.6899,116.5250,83.0148,60.9397,32.1536,32.7746,27.4679,49.6754,65.5179,70.5762,82.4694,82.2745,77.3503,76.5058,88.4316,68.6213,72.5272,55.5349,40.1808,68.6513,109.7940,134.2360,155.9540,195.2010,234.9570,245.7730,225.5390,199.5150,169.4000,130.0070,102.6130,113.8730,144.4710,128.6660,107.3620,90.4964,79.5864,116.8210,151.9940,162.6730,169.8160,157.7790,129.4880,86.6379,61.2552,63.3661,64.7667,53.1686,43.6215,64.5543,63.3658,52.1738,43.2180,50.8236,64.9500,80.7754,94.3149,98.1916,94.3019,81.1158,68.7780,56.1509,43.5647,48.2012,55.3034,45.6928,40.7954,46.4636,53.9360,63.2132,59.8317,41.6100,54.4050,84.1757,89.4185,39.3668,40.6583,51.4146,83.8049,92.8841,80.0791,61.1843,44.9010,49.0824,51.2598,55.6097,61.4584,62.3057,45.4332,33.3960,53.4570,73.6348,79.1026,104.6400,135.1960
86131.0000,64520.7000,33647.2000,34898.4000,44693.0000,35194.1000,24870.3000,21419.1000,20179.3000,16660.7000,13708.0000,10986.5000,9596.3300,8479.7700,5281.1300,2770.0500,3384.1800,6188.9700,8568.5900,6792.6000,4492.9300,1969.8200,924.1190,2533.3100,3179.3300,3381.5800,2930.6400,1518.7900,601.6500,652.7470,932.1790,862.6000,703.4910,785.0090,724.8350,616.0040,778.4730,1055.5100,1149.2400,1085.2500,957.4490,726.3140,498.1510,330.6510,280.7490,312.5250,305.0980,305.6310,265.1690,168.8110,103.9240,49.7858,14.0657,49.2203,105.1010,207.7800,290.0100,337.4170,352.8310,258.0070,130.7850,58.9676,88.5988,145.9180,161.8570,147.3510,123.8860,89.6247,77.2149,92.2236,124.7680,151.9400,152.5410,136.9630,118.7550,122.4880,97.0667,49.8355,42.7926,30.8583,43.3777,48.9516,52.5253,69.3234,93.2868,95.1966,76.1788,59.4559,43.1095,26.7818,25.9798,26.4783,24.6614,28.8720,30.7182,38.6321,55.3781,67.7896,70.7480,85.5867,140.7230,223.4300,347.8780,435.7300,467.5700,461.2760,440.2460,335.4340,230.5520,248.2380,250.3280,191.9370,160.6380,121.5360,88.0494,24.5872,53.9146,80.2789,90.9540,87.7297,66.7794,33.6525,15.3982,27.3532,54.8760,64.2950,52.1668,43.9695,44.8401,49.3372,50.1130,53.7989,46.4769,45.0650,58.4072,76.9029,85.6760,71.6250,67.4607,74.4377,70.2364,61.6243,56.8487,62.8507,66.4420,51.0750,16.8263,56.4245,94.5153,130.1900,108.2380,52.1059,19.4881,39.0123,57.7555,50.3497,35.9432,23.3077,20.3050,27.8771,29.9867,64.4558,52.5009,39.6206,53.3962,71.3785,77.0358,69.1359,46.8962,47.0096,87.4075,135.5970,150.8760,161.9630,217.6560,281.0520,293.6150,290.5180,209.1690,105.4920,69.9236,80.1739,110.8770,174.4900,198.7490,164.4430,151.7910,150.0820,151.7940,121.0080,65.1050,48.5437,60.1610,39.5088,25.7306,56.9697,91.0813,111.0170,92.5587,79.3432,121.8960,133.8600,106.7400,108.7810,123.3560,138.8630,119.2510,69.4143,57.3277,51.5566,41.1368,33.2288,13.7017,60.2781,97.2084,148.2980,132.1290,104.7950,90.0319,71.4280,67.2893,65.8781,72.3843,35.4366,37.7129,88.4486,119.4270,135.9800,163.7360,194.3710,226.8790,215.4600,179.9840,144.7730,117.2660,89.1974,98.1230,129.8850,114.9730,90.8064,76.3374,53.6847,65.8407,102.1020,126.9980,156.6530,169.4320,125.1060,71.9536,27.7246,22.2801,29.6571,31.7354,31.6473,34.7769,33.1756,30.8959,34.5649,32.1202,24.0816,22.1067,63.7180,82.5005,79.2522,66.6786,48.9440,43.9544,39.9512,39.2694,45.0240,50.8624,48.7041,67.5983,97.7827,95.8815,78.9305,59.5749,63.1788,75.9374,79.9350,50.3950,18.8241,26.9817,45.9139,52.8587,50.7792,59.4193,75.1146,72.0520,70.7869,79.4652,87.1414,82.0682,74.5763,51.3095,30.4600,58.0691,84.0165,92.1924,111.0090
85579.0000,64128.6000,33033.5000,33722.4000,43497.4000,34323.9000,24131.6000,20620.2000,19400.7000,15897.9000,12867.2000,10046.9000,8888.6700,8014.1900,5687.3800,3212.0900,1541.2800,3619.0900,7331.0400,7115.0400,4726.6100,3347.1400,1448.4600,2741.2200,3256.8100,2637.7200,2189.8400,1116.4100,1395.6700,1586.7200,1381.9900,1053.5500,1025.6700,1229.4700,1189.5700,880.3790,763.3420,900.0240,1007.0500,930.2770,704.7190,517.9970,427.3700,474.5300,523.6840,527.1160,347.9790,170.4410,186.0420,201.4350,242.7730,279.0500,302.5060,309.5370,303.4230,306.9830,315.4580,243.0160,169.1900,161.6330,100.8060,137.8340,140.0590,118.9090,107.1910,86.9109,39.6051,25.1325,17.4214,32.6313,36.9310,45.0366,78.9428,102.4750,113.5220,142.3240,130.4150,104.4950,97.1248,97.7846,110.0200,107.8950,105.2700,96.1778,86.8934,74.6317,69.9561,73.2003,55.0244,43.8662,49.2363,56.4646,51.5584,46.1460,28.5620,30.5493,53.7473,72.1828,89.9497,119.4120,168.1590,253.2220,387.4860,477.1150,500.0970,472.4780,432.3610,321.2460,222.9120,223.8590,228.1140,174.9090,125.8190,78.1035,50.2743,29.3810,57.8709,96.1456,115.3180,88.1976,62.2434,31.1991,32.6840,50.5794,70.6783,81.9033,62.1718,47.6832,26.5998,25.4023,50.1041,61.1041,48.2624,38.7292,35.3476,41.6527,42.3705,32.4719,17.3046,9.6353,25.0319,43.8410,42.3777,45.2808,47.1982,50.1522,22.4100,35.1298,41.0568,79.1216,56.6413,63.8846,46.9388,36.2075,30.7036,14.7315,19.9762,38.8492,25.4177,15.4428,36.9010,48.4492,46.2807,45.6077,60.8864,82.6525,85.7312,62.0992,52.9596,90.9769,125.3530,149.4540,159.6750,169.1250,223.0150,282.5580,287.3710,272.9550,171.7560,69.6896,30.4556,73.5075,130.3500,169.4160,170.8680,162.3520,159.4230,166.1950,146.4400,114.6960,78.8525,71.4114,71.3000,49.9777,20.6903,31.2626,66.5319,95.1187,105.5940,106.1540,109.0250,99.4721,82.7148,87.9952,107.2660,109.4570,109.8770,56.4567,48.9577,53.4813,48.1117,43.1838,13.9903,64.7958,108.4160,170.1230,183.0000,149.4330,141.8620,114.0310,70.3460,53.2744,44.8454,39.3580,57.1933,86.5741,114.0490,144.0850,177.8550,204.7080,205.9970,199.5500,183.1790,151.7680,126.6540,116.2210,128.6300,163.1240,127.0770,64.3955,35.9496,13.2156,26.7856,60.3707,92.4137,130.4370,148.6230,122.8440,99.0143,78.8380,57.3624,27.2563,14.9947,26.6463,48.2986,64.5860,45.7518,41.1336,19.4057,35.9760,48.9685,64.5648,70.5175,67.7449,60.7332,53.1831,59.1867,59.2618,33.7842,31.7469,55.2528,75.5969,96.4737,113.5720,107.4070,102.7220,85.5563,84.4736,84.8393,72.3790,51.7903,38.9803,44.9103,43.4705,27.7931,17.0451,29.1286,55.9943,69.9661,81.0245,106.2140,117.2180,119.2850,111.9090,75.4697,26.5993,36.1136,72.7018,79.6089,60.2166
85943.6000,64114.5000,33108.4000,34049.8000,44076.9000,34903.8000,24576.5000,21023.9000,19744.2000,16331.9000,13097.7000,10162.4000,8808.4600,8022.3500,6613.2400,5758.1700,3204.8500,3327.6600,3485.1400,5625.1800,4374.4800,4675.5000,4000.1900,3143.9700,3311.7900,2261.9800,1000.8700,1222.9200,1861.7200,2364.3700,1755.6300,1259.0800,1304.3300,1476.0000,1398.2900,1127.5700,807.8130,689.0220,622.7430,487.4910,268.1830,123.6270,268.5380,534.0560,537.1260,417.0610,346.6450,185.0150,296.7080,312.5800,320.3070,326.2430,327.6930,318.5890,256.9150,161.3640,128.9800,96.6581,100.4100,134.9700,134.8870,115.7880,98.4460,63.7634,28.4573,24.0835,52.1257,85.1470,104.9010,105.4550,93.3920,83.8513,88.2262,108.4060,133.4960,164.6600,167.6390,128.0220,110.2280,96.7902,96.0010,121.4510,127.7600,126.4640,99.8503,71.7403,64.8336,57.2844,59.5485,60.2442,57.6714,78.6618,92.7075,90.7722,78.6148,47.7917,30.9626,60.4519,84.0278,112.0200,168.0730,257.3080,392.1480,487.5240,498.2320,455.6180,403.0730,273.2630,178.8700,209.1020,216.0200,168.8000,132.7030,95.1629,77.2166,43.1723,63.3375,85.6162,96.4136,77.3925,51.8426,20.4326,34.7163,57.2045,71.4547,72.6128,47.6367,28.3375,12.5076,18.9193,38.8447,69.7335,59.0827,52.6070,46.9555,58.9283,77.8874,57.8469,42.4211,24.6366,14.8136,31.0579,57.1362,57.1247,54.5394,37.2749,28.3670,37.5324,58.2734,87.5665,86.7813,76.4759,62.8179,51.2503,34.5201,31.0803,45.9392,41.4439,33.8163,21.3099,43.1364,58.3204,35.5478,31.0393,59.9339,77.4925,74.8992,59.1995,34.9196,66.6913,115.4540,157.5860,170.7860,194.4800,247.9910,274.9750,272.7700,268.6360,208.5450,86.0231,78.8548,67.8914,100.8720,134.7870,162.3150,147.7350,156.6810,169.0390,143.5960,108.0750,75.1812,78.8564,81.6134,72.7216,50.5352,16.2445,48.5003,85.6889,108.3590,101.7060,109.9910,97.4307,56.9532,49.6962,80.0233,79.9030,70.9258,38.8130,39.1830,53.4657,53.4336,50.9212,39.2366,45.1090,87.9956,144.6390,185.5000,161.0190,130.4580,102.5950,70.8718,52.6971,64.4672,64.7148,58.3640,79.5178,123.6490,155.9770,190.8380,216.2530,224.2550,196.0520,158.1140,145.0500,128.1210,127.5070,140.2460,147.9440,131.1340,65.1865,81.9621,50.4899,41.2722,54.3279,98.4681,142.4580,157.9170,138.7950,112.2660,93.4425,70.7009,50.1864,33.4187,43.7287,69.5636,74.6985,48.5749,29.8708,5.8112,11.0510,25.0045,56.7516,81.7877,88.7538,87.1641,62.2817,51.6986,57.1888,27.8791,22.5854,43.3807,62.8750,85.0895,108.4490,113.4180,110.1040,96.3712,75.6778,51.2821,48.0141,42.2416,39.4159,53.1899,56.7373,38.2907,23.1355,25.1180,42.6635,56.7951,65.1706,94.2913,133.5850,144.2960,138.3610,94.0205,54.5331,51.0302,68.6167,89.5464,89.3026
85926.7000,64229.1000,33439.9000,34685.0000,44411.5000,34958.6000,24787.3000,21193.3000,19702.4000,16440.1000,13138.1000,10016.7000,8532.1200,7637.9900,6449.1300,6635.5800,5109.2600,3022.6700,544.6670,3640.8300,4143.6700,5200.1400,5551.2400,4281.4900,3522.1000,2446.5400,550.6580,1416.7100,2005.0100,2773.1700,2178.3500,1446.7000,1362.5400,1551.5100,1530.2500,1337.5500,1069.5900,837.7930,652.1710,471.1880,294.7590,289.4160,295.5600,402.6660,468.6310,306.6050,197.0810,153.2260,254.2880,332.0040,375.7120,389.7810,359.4440,306.1440,219.9230,47.8065,161.8000,202.7780,236.0750,227.4850,178.8940,111.7040,72.1419,83.4704,119.1100,144.2430,151.4980,144.7350,143.5640,157.3130,174.0240,144.1030,119.0810,134.5290,160.7770,201.5100,190.3530,144.2510,123.3990,123.5890,135.7060,126.6540,100.3300,95.6001,95.6266,101.4370,78.1530,42.6124,25.1408,42.4678,76.8691,85.7948,94.6891,111.3220,107.6370,87.4941,59.3123,73.9454,101.3620,129.3990,164.2930,233.7730,374.2070,482.3310,485.5990,436.6270,389.0800,272.9100,179.3770,179.8410,180.8700,152.4420,131.2180,105.0040,88.5751,49.7633,48.6535,66.6612,77.7698,51.5468,28.1648,13.2955,33.3348,54.5803,62.9589,74.1415,43.0365,43.5883,24.3192,35.9322,36.1901,64.6010,78.3873,70.8881,71.5919,80.7596,95.5737,70.1866,45.9030,32.1855,22.1715,6.1190,39.0310,48.9823,52.3351,43.0913,16.4918,27.1832,61.9747,90.8859,83.8417,63.3253,51.2563,38.3538,40.6736,48.9075,50.5342,33.6151,22.0227,19.8233,33.2812,43.9049,20.4641,27.6141,57.7434,56.9736,46.1983,24.4923,27.2758,71.0199,101.1380,124.7050,152.8500,191.7410,223.8250,248.3080,254.4660,261.5400,194.1510,92.8764,42.9214,33.8778,59.8269,90.2270,112.4370,103.7960,118.5030,123.2620,93.2360,52.5860,35.9690,62.1840,71.7522,67.3132,49.5296,12.0364,42.2007,64.9504,70.6776,75.9732,103.4900,95.4749,45.9604,24.1738,60.3439,55.5648,67.4869,35.4532,72.3618,56.5420,49.0736,53.9431,59.4198,66.0149,98.0586,152.9850,200.1370,177.0450,141.8220,107.9070,62.4522,46.1104,59.3610,67.4423,54.9749,74.3657,128.2010,168.6680,193.9480,210.3070,226.1860,210.8770,171.9280,141.0170,121.8270,110.7910,112.1410,103.4170,65.1507,51.3006,53.2972,58.4459,83.9129,108.9170,133.4920,160.5670,177.4520,160.6150,129.0370,96.8159,61.4099,22.3016,27.9624,45.4821,64.1107,83.0596,60.2617,61.6379,22.5035,9.6183,19.3191,25.4538,47.5451,39.0095,38.0592,30.8132,31.0009,33.7777,24.3557,12.0969,27.1447,57.8688,82.4986,111.4910,132.2030,129.5820,117.0400,90.4298,70.5778,50.1345,15.4574,29.5297,58.5175,64.5135,29.9949,16.0911,32.3254,45.0680,45.2379,51.5824,90.7117,141.9420,150.4950,142.8300,100.7980,64.7095,91.6822,128.1570,129.7940,110.3230
85443.3000,64053.7000,33011.0000,33730.7000,43453.9000,34362.9000,24490.9000,20890.4000,19465.2000,16468.7000,13311.2000,10063.8000,8734.9600,7659.7500,5835.0600,6124.8300,5741.6900,3602.0800,1596.6600,2788.5300,4377.1100,5736.5500,6628.9100,5423.6500,3926.2000,2504.4100,671.3570,1451.0400,2299.0600,2911.1500,2289.9300,1303.2500,1043.7900,1317.2000,1494.6400,1475.8400,1361.3100,1150.3600,777.9400,433.4900,246.7150,150.7610,148.6100,115.9690,199.0690,170.5580,110.7690,138.9970,134.9940,165.5490,182.8270,255.3390,312.1860,250.6890,257.8900,141.9520,236.3050,230.5080,188.6040,144.3890,82.2968,19.3015,53.2805,83.9635,114.1800,131.1710,140.8130,138.8440,145.0450,157.2650,164.0800,149.2440,141.6320,159.7140,174.7840,188.8150,181.5980,151.1290,131.2360,125.5540,133.3300,114.1740,78.5871,64.4955,56.9002,65.5411,72.1931,61.9451,18.1556,25.3032,60.2426,84.9628,107.2850,121.5660,112.3840,88.3269,58.5367,70.4900,97.6902,127.4040,162.1580,244.8440,387.0730,489.1990,494.4920,444.1190,395.9760,262.6240,143.5760,156.5190,169.7670,133.7010,110.8990,85.5841,77.2193,41.1298,47.6465,58.5863,78.6776,62.7103,41.7542,11.6855,34.7011,54.0932,65.0107,85.3964,61.0016,63.8732,52.1104,25.7140,32.5907,37.3293,63.8803,63.1452,74.2179,90.2966,107.2560,86.6403,68.4195,68.1692,54.8911,37.4041,33.7673,48.8444,53.8476,42.3931,24.5744,36.1943,64.9345,94.8611,84.7977,61.7656,37.0171,29.1878,37.0625,43.4063,52.9532,32.6281,18.4510,50.5909,59.5160,67.8443,21.2263,21.8111,50.7744,55.7582,45.6180,38.8584,15.4861,78.5759,102.3220,130.3960,151.4690,176.7630,215.8280,241.9700,245.7410,241.0180,163.7210,80.7397,43.6854,22.2373,43.8522,62.7107,88.4121,85.1438,95.2146,101.5760,86.5031,63.1445,17.5787,58.6195,68.3632,69.6232,50.9907,12.9273,35.5898,54.1206,71.0831,83.2722,104.1790,84.9552,53.1605,15.3172,34.5607,41.4910,61.3344,47.8629,72.3914,75.5429,63.5371,65.8357,71.3914,82.1632,104.4100,149.7490,206.9040,184.6180,141.4230,119.7840,104.9480,74.4289,90.5062,70.7212,53.2539,66.9086,101.2420,141.5730,165.5500,188.3770,192.4850,171.4180,153.0390,117.8460,88.3852,85.7670,86.5229,85.2329,60.4034,64.6396,83.8552,91.4846,108.2950,121.2650,139.9180,164.9640,185.6160,170.5520,131.3490,96.0007,62.6544,30.9270,6.6942,23.5576,40.9515,70.4451,48.2579,60.3071,24.3108,28.2162,13.6327,21.2237,11.9701,31.1012,31.6439,36.4702,29.5199,28.6370,19.8710,13.2413,27.3260,45.3189,70.9310,103.7640,112.6910,104.5400,87.4171,76.8302,68.8777,42.9621,24.9142,39.2941,57.2795,63.2680,21.3208,19.2548,35.7897,57.0735,67.2193,66.4689,99.4903,138.8410,129.1610,110.7560,76.2986,66.5052,86.3623,120.0890,133.8010,122.6370
85776.6000,64165.4000,33112.0000,33856.4000,43961.9000,34979.9000,24922.6000,21330.5000,20001.8000,17039.4000,13741.7000,10527.9000,9336.5100,8056.3100,5762.2700,5667.7300,5612.0900,3950.4900,2675.3400,3081.3900,4533.7600,5838.2700,6605.2100,5337.5900,3701.5500,2102.6500,804.5740,2024.7900,2805.1000,3110.3600,2349.0200,1226.0500,961.0350,1240.0900,1437.2300,1470.3500,1377.3600,1199.3700,795.0360,363.1380,205.1780,165.5440,112.6770,131.5950,179.8010,204.4400,176.3290,138.3730,80.5288,46.4821,74.5338,148.0070,245.9890,212.3650,306.8210,232.5480,215.1730,189.3470,121.9840,85.0325,78.8606,47.7785,91.9725,94.9560,103.0350,137.3020,165.1000,133.1540,130.2900,150.2620,192.7060,183.4320,148.5190,148.1550,158.1180,185.7150,180.7820,134.3590,109.0020,98.7972,118.4280,123.7040,91.4656,68.8943,55.1097,49.4819,60.7576,68.0597,32.5054,41.7935,46.9865,58.6315,79.3562,114.0490,105.4600,78.2776,60.5092,73.2877,92.4867,120.7310,169.1400,248.6150,391.5520,500.4930,488.5630,438.0930,399.3550,280.7420,153.2180,156.3240,167.0580,118.1780,99.7742,80.6028,80.1377,43.4780,45.8459,59.8475,94.4651,84.4048,58.1171,43.2610,47.3147,56.9909,68.7829,69.2491,51.5617,65.6798,58.4869,29.9865,27.4589,32.0730,52.2234,65.3542,83.3527,94.8823,103.4880,81.5910,62.8529,58.1184,46.4559,27.4052,24.6408,42.7598,49.8283,48.3291,23.2112,24.9072,53.2809,74.8773,60.0182,44.0141,26.2904,27.9348,46.7687,69.2836,56.1952,22.6621,20.7959,48.0078,41.3741,36.2209,14.9262,33.3199,67.3775,81.8385,50.4241,46.6442,30.1916,74.8230,89.6188,111.7970,132.0040,161.9120,194.5330,208.9190,214.2810,218.3050,159.4190,72.7845,33.5503,21.8445,59.3773,84.4974,107.9370,74.9476,89.0321,119.7520,106.9020,83.4624,10.6744,37.2470,50.7859,54.7684,57.3963,23.9297,37.6060,53.1326,68.9069,80.3045,123.1230,112.6040,85.1377,43.9868,30.1617,47.0456,73.7353,72.1371,101.0180,96.6543,72.5333,55.0952,48.1774,72.8593,110.2080,155.0990,191.5350,167.9490,117.9760,109.1590,102.2270,88.1643,105.4660,102.3880,96.6035,82.9897,96.0194,148.2270,173.6030,188.0040,181.3340,164.4260,153.4690,113.0140,77.7889,83.6927,87.6455,81.4116,51.8333,47.0667,72.1413,88.9600,101.8130,118.2280,156.9360,189.6240,192.3040,162.7080,139.3690,106.7830,75.2937,24.3024,23.1696,30.0718,39.4386,48.8679,29.6240,33.6371,14.1420,25.1908,18.4473,18.2480,7.3287,12.1565,19.0493,22.3790,27.7478,32.5813,21.8853,10.2813,19.2966,40.0336,63.5858,96.3188,112.3040,103.6520,85.0518,78.4685,83.7374,66.0297,34.9147,50.3258,51.9925,63.0750,37.9773,31.6892,49.2937,74.0456,68.6056,68.2156,95.9398,136.5760,142.0850,115.8040,69.3565,71.8051,104.2940,133.8230,141.3010,129.3070
85891.7000,64147.5000,33322.3000,34634.0000,44555.1000,35149.7000,25053.2000,21427.3000,19962.4000,16972.1000,13647.5000,10412.0000,9203.9900,7894.9400,5426.9200,5093.2400,5016.3000,3507.9600,2485.4000,2934.8300,4209.4600,5385.2400,6099.7500,4817.3500,3177.7200,1560.0900,931.9010,2269.5700,2876.9200,3033.0900,2204.6100,1011.3700,708.0590,1082.6400,1338.7300,1386.0900,1226.7100,998.9560,640.1960,243.6140,131.3080,129.2970,116.7320,164.7650,214.7730,215.4570,150.0120,80.3518,51.6794,67.1005,115.7100,210.6510,288.1050,274.2020,286.1810,203.2300,127.0990,145.1170,113.1910,109.3560,91.5930,53.9938,60.0261,75.8233,94.0718,137.4860,162.6380,162.1230,163.1580,176.1500,190.6590,180.2300,164.2200,164.5330,167.2710,181.2050,178.1680,138.9390,107.4840,90.7263,96.5699,92.9110,56.6152,38.4597,37.3503,47.3600,57.1846,45.4325,21.6881,29.7311,37.5619,60.3241,89.4530,117.7440,108.1280,91.3511,73.9165,71.3680,69.9470,104.3200,168.9300,251.1530,385.3310,492.9110,488.6150,440.3000,409.9850,275.7570,143.0850,148.9210,163.4040,132.2520,114.8370,94.2162,76.3478,40.8521,42.3222,60.2031,77.3664,56.4059,39.6546,16.7627,33.3562,38.6884,53.9986,66.6505,56.6024,78.1618,75.9174,48.0750,52.2986,33.7985,44.8868,33.1598,57.3563,70.2338,86.9993,63.4131,54.9462,67.0852,54.7746,32.3607,26.0314,44.6064,50.0278,44.3390,29.5682,34.8026,58.2146,82.1111,72.0016,53.2200,27.0527,36.4420,54.6018,66.3531,48.3012,20.6535,31.2397,59.6961,49.6121,38.3512,25.7526,35.8800,51.3481,63.4979,43.3362,50.9412,35.6402,88.7215,87.0008,100.6150,115.2260,153.3390,187.7160,202.8100,208.9740,219.8420,158.7920,79.3917,46.6695,27.9936,55.0442,68.9013,87.5433,71.8408,92.9520,121.1470,101.6870,80.5067,16.7165,34.3593,49.7906,48.2390,37.2908,15.9584,35.1148,64.8214,83.9406,89.0175,123.7460,117.8920,85.6289,43.3676,34.6480,47.6022,62.0423,48.8152,66.0928,67.4443,66.1388,56.9942,41.6434,58.1546,94.9130,134.6820,153.6380,135.7170,97.0751,98.7299,100.8110,99.4816,120.2440,105.8700,86.7036,94.8424,121.6060,148.7530,158.6260,182.0220,192.6000,184.0240,141.5890,90.6470,72.1541,87.2903,82.5192,75.5624,53.7849,58.0047,90.3927,105.1070,114.5640,138.5080,172.7580,198.0820,188.4530,171.7600,157.6550,122.7370,89.8053,39.9811,11.1474,25.2303,32.2730,36.9911,12.3541,17.8704,23.5865,41.3761,43.0633,45.1742,31.6683,15.2462,17.1551,24.6395,20.0198,21.0496,18.5919,22.1313,32.1018,42.6038,72.8589,106.6570,108.2740,97.8929,93.4483,89.8303,88.6713,73.8466,32.4254,57.6028,57.3337,63.3670,25.7509,16.7546,38.3775,61.9573,68.3098,67.3464,98.0086,143.9580,144.7210,118.4570,77.6527,70.6125,92.1114,119.6510,145.3740,155.6860
85437.1000,64076.7000,33113.3000,33981.7000,43719.1000,34524.5000,24687.7000,21089.1000,19625.9000,16739.0000,13546.2000,10250.1000,9082.4800,7898.7100,5285.4400,4814.3600,4807.4600,3403.2400,2629.1400,3144.3800,4236.7100,5382.6800,6141.0500,4899.5300,3250.0800,1619.2100,1030.4800,2255.4600,2898.3600,3094.6700,2290.9900,1052.3300,668.2070,996.3270,1258.1400,1346.6900,1212.7700,1001.7800,678.7600,285.8270,92.3877,55.0940,125.7780,181.3120,223.4910,216.5770,149.9110,53.3088,39.6406,100.4470,149.8010,220.8990,278.4800,236.9700,206.5760,126.5590,146.0480,181.0670,153.2930,127.1150,77.5786,22.4563,51.3686,88.8075,121.6430,164.7270,198.6050,184.5370,172.4980,180.2310,208.7820,201.8560,166.1140,161.3010,162.9610,177.5700,163.4660,118.8190,93.7143,80.9997,90.1247,81.5911,59.9123,50.0061,44.0722,44.1850,54.2223,65.0337,40.6843,43.1556,38.5012,70.3979,89.1866,103.1980,102.2760,92.3829,72.3013,75.4028,90.8055,117.4300,159.6890,252.7740,405.8750,508.2670,499.7050,455.2150,426.8400,287.6720,147.1810,149.5860,169.8470,133.8120,114.7570,95.4845,90.4068,50.5298,44.3804,47.6964,63.1571,55.6774,41.8110,29.4352,25.9187,44.9755,56.2699,77.6986,65.8851,77.6928,73.5623,35.4277,34.3939,29.4385,41.6207,49.7712,63.0159,67.4548,73.3364,67.7346,68.7368,74.5370,56.8900,40.8914,36.5891,42.5002,47.6370,47.5796,25.8138,18.9027,47.1937,87.7108,80.8880,55.2711,29.1569,33.2779,49.2874,57.5355,47.2172,24.5318,25.4487,61.4444,63.7432,54.8809,26.8597,20.6763,45.3603,71.5168,48.5568,49.9417,20.5542,69.3515,73.2457,93.7792,105.2350,145.8110,182.5790,192.9230,203.7900,220.7400,169.8790,88.2515,50.4816,31.5427,51.3516,60.0248,73.0863,57.0363,78.8357,117.9080,99.6913,91.5049,19.6083,65.0349,64.5293,62.1639,28.4575,29.6183,53.9232,72.2246,81.0235,103.1160,149.5720,130.6640,91.8381,49.5462,45.1306,54.8528,64.0225,55.7777,66.4745,78.6669,57.8158,38.5889,39.2240,60.7245,85.7767,112.8330,145.9160,136.1490,92.8911,91.8645,96.8929,99.2208,124.9160,121.8980,93.7674,103.4230,129.4740,141.2060,150.6980,173.6910,181.7570,153.7680,126.7550,104.2840,79.8238,74.7196,70.5233,68.1850,60.4752,72.5646,97.1655,92.7374,112.7300,130.3510,158.7860,178.7880,199.3830,181.3490,135.3200,97.9720,69.2514,41.1278,25.7141,47.7132,54.1156,59.0642,18.2803,32.6039,47.4824,57.7140,45.7110,41.1629,37.2105,23.1193,11.3460,16.4068,28.9347,38.1140,25.8072,13.1230,29.6967,56.7886,85.3521,114.2300,115.1970,104.9590,90.8491,80.4496,68.3623,62.2943,27.4435,54.7885,53.5462,59.3230,29.5363,23.4502,49.2175,73.7271,63.5655,62.4613,108.1090,146.3290,136.1320,110.9190,85.5862,81.8580,104.9260,132.4470,153.0140,150.1420
85582.8000,64083.0000,32944.8000,33593.8000,43665.2000,34639.8000,24563.9000,20985.6000,19684.0000,16650.1000,13328.1000,10031.8000,8680.7600,7324.7500,5046.9000,4883.8700,4654.9900,2911.9200,1909.4600,2977.5100,4109.1000,5066.7200,5577.9000,4229.0000,2760.2200,1340.8000,889.1960,1998.7300,2500.7300,2838.0000,1968.9900,879.3980,669.2880,1060.9900,1290.1200,1338.3700,1194.0500,983.0000,642.3700,309.2410,134.5460,88.9941,171.7210,230.9080,270.0750,238.9720,137.2580,58.9775,84.6913,159.1200,206.3800,285.7590,324.8700,285.9320,266.8870,134.0870,122.3250,119.5950,152.2900,131.8020,82.9879,44.1001,17.9543,38.0020,87.2657,145.0740,179.4010,181.5490,178.7390,200.4830,234.5290,221.1940,172.2680,161.3800,161.1370,182.7900,167.9140,116.2100,93.5989,87.6602,110.7850,117.7750,71.9956,45.5953,39.3701,48.5973,56.6311,47.4931,17.8800,40.9756,60.9087,88.6632,107.3250,117.9780,109.2360,99.1074,81.0512,71.4787,83.2725,116.2680,174.6840,258.0240,394.1790,503.0310,503.3660,447.6950,407.2040,284.7900,160.0580,139.1090,154.1730,140.0460,120.7480,97.4683,78.2030,38.2076,38.6351,51.0863,75.8510,51.4935,23.1199,14.7561,52.9074,67.9986,79.9183,86.6915,57.5432,63.0239,49.3120,33.8066,35.7390,37.4137,48.3897,66.6582,85.8636,86.9481,82.1536,72.4723,83.1775,88.6001,62.9862,32.4507,33.0926,54.9238,59.1819,50.6649,25.0278,20.7366,43.8284,78.6556,74.6434,50.5102,35.8523,33.0999,41.3457,47.9050,28.6425,12.9264,30.0711,62.4674,49.0649,44.2005,12.9125,30.4489,55.7978,63.6652,49.2970,38.7723,21.4227,72.7727,85.2041,103.2520,123.8090,152.8930,183.8870,205.8950,212.2910,216.6220,155.0630,88.7071,55.5996,45.5640,52.7912,56.1355,62.9716,76.7831,113.0280,128.9840,100.2550,76.0505,21.6098,39.0599,52.0298,56.1850,38.7708,20.9123,40.7379,69.5438,89.1712,97.5695,133.2530,127.0000,92.2049,36.1178,32.9195,49.7272,68.3755,51.0419,67.8366,68.4052,49.3160,38.3942,43.2655,61.8547,92.6584,130.3310,171.7930,151.7340,109.5160,106.4460,106.0390,102.0130,128.0740,132.9320,107.6340,91.7175,119.4390,159.0940,171.2090,184.5560,185.1270,163.7490,127.9200,88.4327,64.9549,67.3296,68.0570,55.5117,36.2194,74.9907,93.4668,99.4979,115.0120,128.5720,153.6570,178.7810,194.7280,165.5500,135.0610,99.8824,70.6788,19.0712,36.4562,43.3433,45.3055,47.6204,14.8484,46.4823,49.7912,64.5052,38.7966,30.9485,15.0248,11.1932,22.7907,28.3069,34.2260,30.9595,15.6149,11.1234,27.0449,51.0879,77.2439,102.6930,112.6250,106.2830,91.1788,66.1453,52.6239,60.5983,24.7638,55.1768,53.5234,59.1809,29.3467,15.5415,38.1567,61.2795,61.8034,62.9306,93.6196,134.9550,141.7170,111.5740,81.6502,86.5427,122.1000,146.4310,166.1600,158.4870
85915.1000,64157.2000,33194.8000,34429.3000,44495.3000,35079.4000,24761.0000,21066.0000,19659.3000,16441.3000,13060.5000,9793.4800,8221.8700,6897.9400,5171.6600,5385.2200,4820.6300,2639.2000,1412.5700,3009.8600,3889.1500,4568.8500,4797.3300,3473.7300,2253.6200,1147.6400,436.1200,1451.6600,1860.3000,2241.2700,1381.9400,569.9580,696.3690,1108.3400,1178.4700,1073.4900,911.4590,732.2800,427.1220,190.8070,81.0358,193.2520,298.1640,363.1610,376.8920,265.3940,141.1070,138.6970,245.4950,349.8330,419.3520,476.3840,476.3400,434.2760,327.4120,148.4090,111.6610,189.6410,227.7520,187.3000,162.6540,151.1670,123.4680,94.6205,76.3452,115.5990,174.2540,211.1230,234.8180,251.3420,250.4410,208.1300,173.3330,169.6170,166.1680,175.1300,169.6860,124.3330,94.0613,85.2345,97.1813,94.6207,75.2606,73.3592,69.9396,68.2361,58.9173,41.8042,21.6282,31.7343,58.9498,87.9781,121.1030,149.0550,141.8370,117.6970,74.2280,67.8553,90.7766,102.1120,143.3100,236.1240,374.4860,470.5610,476.5040,430.5360,399.1260,262.9980,134.6480,148.6210,165.1430,127.0860,117.2630,99.7617,97.7481,53.5427,49.9323,69.7826,88.0564,56.5172,34.3033,20.9047,29.7957,46.1498,71.4660,86.8689,68.6646,77.0320,58.4758,18.7010,13.4165,44.9809,57.4744,78.4159,98.2072,106.3680,103.6230,78.4100,73.0393,79.8426,65.0487,41.1860,19.3145,46.2658,56.0614,56.5050,12.7677,34.7045,63.3222,94.6841,86.0916,61.7168,43.2781,32.1686,31.7978,39.0347,25.7724,11.3888,11.6270,28.8839,28.1238,25.9541,10.2301,32.2693,68.7154,95.7602,60.4873,37.7279,30.3787,76.9533,104.1040,132.4810,148.8140,167.7320,198.1760,213.6230,214.8520,211.8900,146.8120,67.7840,32.8133,27.8272,56.1124,67.4239,83.4583,100.6830,117.0450,117.9080,104.3100,70.5790,27.9452,70.7009,83.7266,84.4184,46.3968,35.8036,48.6220,61.2977,84.6976,114.5260,138.5240,111.6720,74.3529,24.7676,28.4076,37.6936,47.5622,34.0879,51.0707,63.2286,54.6206,40.2330,36.7805,57.8699,91.4184,131.6000,186.0070,176.0840,130.7740,116.8050,101.7330,92.7424,115.9060,107.5880,84.1960,81.5557,102.1270,136.4070,168.8480,201.3470,216.8220,176.7440,125.9550,88.6898,56.5273,67.4016,86.8233,73.0484,56.5359,71.7308,106.1060,106.8540,107.6060,129.0180,170.0960,197.9580,194.7650,174.4060,142.0490,99.9131,64.8857,26.2613,28.8140,56.6167,65.5616,62.7211,19.2342,27.2610,27.3224,36.0277,19.1389,25.3500,27.7108,60.4749,56.3973,53.5307,38.8845,18.6996,11.7117,26.3195,46.0053,65.3108,87.8376,95.8819,93.4314,89.7379,89.5545,78.0353,46.5575,20.8971,12.3314,44.8412,62.3454,74.4213,40.3722,16.4866,33.1689,55.3413,55.9030,67.6391,110.6520,142.8060,132.7770,101.9580,75.7490,87.2691,111.4800,124.9600,135.2370,148.0240
85544.8000,64077.9000,33155.4000,34202.3000,43814.3000,34363.7000,24276.6000,20711.3000,19263.2000,15952.3000,12695.0000,9489.9500,7897.7200,6754.5000,5292.5200,5644.6200,4790.7900,2293.2300,1255.7700,3381.7200,3854.2700,4339.6800,4391.9500,2964.9800,2109.7300,1059.2300,399.9690,1284.3700,1765.0100,2099.9300,1258.9700,558.2820,696.6470,1084.0600,1109.8600,1011.6500,843.6700,655.0670,382.6950,163.2670,49.3237,191.0410,313.5860,395.5730,360.2940,232.9510,123.3600,146.7690,289.8210,405.5770,473.0410,492.9530,471.7890,446.9220,347.5950,206.6990,129.6520,144.5600,158.9430,154.0810,160.7340,155.8510,144.4260,115.4780,81.3889,87.9283,120.6560,127.4320,145.2950,163.6690,188.5830,159.6490,138.4150,133.5900,154.3430,177.2710,169.1080,116.8040,85.1961,73.5411,84.9199,84.7912,67.0067,58.3882,51.3652,49.1883,59.1092,59.1363,21.2662,27.7149,68.6263,89.8015,113.0630,137.5670,128.3600,103.9850,77.1240,79.3450,93.0751,104.7400,146.2400,236.5560,376.8740,477.4780,480.6520,425.9060,379.9140,244.9810,140.9120,157.4070,163.3200,133.6380,118.4310,99.9305,97.5894,75.5681,81.3093,109.3380,119.5620,83.2398,40.8756,23.9411,68.0715,74.6151,90.7500,80.3861,51.3362,55.9563,34.9385,31.0667,25.6765,58.2646,66.1030,65.3573,73.2484,87.9748,98.3667,89.5718,81.9330,75.7087,63.5216,56.7295,22.1887,62.4622,61.4145,69.1613,19.9163,50.8534,82.1228,127.4580,107.9400,75.1086,52.7855,42.0198,40.6220,45.4081,32.8519,13.3863,33.6333,62.9006,49.8107,42.2663,18.0610,40.5956,80.6805,82.6239,52.5497,29.3651,29.5582,63.8611,88.9792,113.0030,138.0510,163.8010,207.1510,227.4340,225.9790,213.8590,150.4470,79.2288,46.7450,27.1625,57.4243,84.1125,108.8920,107.6070,110.2980,140.6810,117.7330,77.4240,29.4424,48.0916,64.7029,65.7454,46.5528,38.4231,57.7236,72.4198,77.4606,91.4193,126.5770,107.2900,65.9444,11.4277,58.2407,52.7211,54.4997,26.0104,46.8043,54.3258,53.6082,48.5337,43.8365,61.2270,109.0490,169.4330,214.1560,177.9620,141.4740,122.5590,103.0160,83.9593,92.1077,76.3751,81.6125,96.0460,112.3600,146.8740,170.7750,195.2260,205.6210,172.6770,133.5770,100.8520,76.3512,89.5960,101.9900,99.9275,71.5690,66.1119,81.1417,92.5104,120.3370,137.8420,162.0900,186.3300,197.8310,174.9140,143.1890,99.2321,63.0083,36.3296,48.0840,58.0009,58.5642,64.8957,40.6406,28.4441,19.1214,28.2227,13.5783,26.7440,53.0538,60.8836,60.9165,58.1581,41.9850,22.9909,22.5554,21.8076,26.7049,54.4489,90.5797,116.3300,113.9410,99.8616,95.6687,90.3518,83.7280,52.8970,20.6326,39.7285,64.4786,74.5968,45.7693,16.1826,21.5560,43.9277,57.3541,68.9482,99.5998,137.2600,140.2220,113.5410,75.6040,74.3805,108.6970,136.1610,144.6080,127.5630
85560.3000,63981.5000,32921.0000,33598.9000,43436.1000,34325.7000,24156.3000,20612.4000,19276.7000,15877.9000,12593.7000,9477.3500,8019.4700,6791.3500,5527.1000,5959.0700,4652.3300,1960.3500,1488.1300,4115.8600,4138.2900,4442.8700,4212.6400,2698.6500,1926.7300,1032.4100,467.5630,1358.1200,1820.6500,2182.4400,1344.6700,690.0810,851.7890,1202.8700,1225.1400,1125.7100,916.6840,771.9860,527.6100,353.0340,280.3830,312.2350,404.8130,456.5400,404.4230,292.5920,161.3960,154.3990,267.5430,388.1360,466.9790,517.3850,538.5090,517.0840,401.0630,256.6400,154.7180,109.9360,98.2410,111.8920,119.8490,145.4110,175.4800,147.4650,150.9350,163.8950,141.7260,120.6680,114.2580,108.1750,128.0870,126.7620,110.1860,122.5750,134.6580,159.9520,137.4560,94.8080,74.5677,62.8996,81.6230,103.1500,96.4381,90.8102,87.6225,75.9322,49.8271,41.0270,41.9741,45.6707,83.7049,118.5770,131.2200,143.1030,142.5300,124.6960,75.8573,59.1317,83.1421,112.6200,158.0120,248.5350,393.4070,478.6780,470.8960,428.2090,380.8850,255.4730,137.8090,165.7200,198.4110,149.1180,112.0800,85.7215,92.7941,76.0687,93.9062,112.7530,117.0180,91.4482,63.3179,37.6703,50.8526,70.2100,91.8489,82.9954,47.8561,36.6554,22.4705,9.7947,10.9485,33.9193,47.0698,51.3466,55.1153,61.0172,67.1869,55.9344,37.1223,34.8951,32.2866,41.4795,29.1155,66.4284,57.8714,55.9999,23.3737,40.5779,80.4518,114.1420,105.9740,74.3359,51.3424,34.4671,41.3872,49.7866,53.6313,30.1006,26.6846,60.8461,52.7905,58.7586,9.9021,23.2680,58.8436,65.0917,56.6516,41.3778,20.5798,55.4138,87.3155,119.4400,139.7040,169.5310,206.5360,224.8600,226.7760,222.2800,151.1250,73.3941,41.6965,42.5107,66.6825,80.8789,87.8813,92.0202,129.9380,152.2830,126.1520,87.2499,43.3821,61.0964,76.5690,72.0897,43.2518,17.7711,43.1114,73.4958,92.1718,107.1160,132.0980,108.5820,68.3237,20.6426,42.1025,54.1459,62.5015,42.3569,43.2054,36.5733,29.1725,38.4339,50.3974,69.5563,107.8610,157.8100,201.8890,170.8880,137.5850,112.2250,88.3377,73.1696,91.0903,92.1659,93.4028,95.4980,105.8600,139.7390,169.4400,192.9460,205.4290,191.3510,168.7240,125.1290,89.5082,97.5000,102.9030,101.8630,63.8413,64.3559,81.1252,98.2441,112.7620,127.4190,149.9970,187.1760,213.0570,187.0270,148.7600,111.8370,84.3876,46.7260,23.4069,60.5182,82.3386,88.9070,43.8468,25.2566,23.6879,39.8186,27.9024,21.2595,34.1279,54.3617,61.4517,61.4952,49.3632,42.0073,18.6172,19.9790,39.0139,62.1280,86.2743,117.6050,120.7300,106.1530,98.4080,89.3954,81.5928,50.0273,19.0296,33.9363,55.4414,51.4874,34.0337,11.3196,22.8033,41.6877,61.5032,72.9686,114.9580,148.4360,136.6990,119.2280,93.2609,72.3837,87.8412,122.3450,139.9810,124.4810
86073.6000,64276.4000,33318.9000,34464.3000,44472.9000,35067.0000,24576.5000,21004.0000,19707.7000,16108.7000,12743.5000,9794.5300,8562.5000,7441.3300,6428.8500,6550.5700,4442.0900,1805.9200,2464.4600,5049.6000,4526.3900,4379.5000,3701.0500,2252.8900,1619.7600,1119.3000,573.4940,1332.8500,1581.1600,2031.9000,1326.5900,648.1690,685.1040,1082.0000,1101.9900,1062.0800,940.0840,825.1300,675.0020,463.5780,257.0450,147.6230,185.6540,277.2290,301.8540,227.0460,103.9810,83.1338,235.1410,345.2120,395.0700,390.2910,369.0060,299.5170,204.5050,104.9090,103.2990,70.0580,72.4799,55.7896,22.8691,44.9929,96.7206,154.1190,159.7230,143.4940,131.3690,122.1970,131.4620,146.3520,149.5850,124.1850,111.2470,116.2030,115.5200,125.9920,110.6670,70.6162,56.6273,56.3774,84.7905,115.0860,108.5960,97.0744,73.9408,69.0407,76.2347,81.2376,79.6483,70.7987,82.2458,100.9030,109.5650,123.4630,123.3470,106.4030,70.2941,52.6832,57.2320,82.4296,145.5670,245.0300,386.3990,491.7140,493.9210,438.9730,384.2300,258.1890,160.1060,178.7410,190.1690,144.7090,116.2480,87.8209,95.7446,67.8724,91.2924,101.0430,107.0760,89.5188,68.5010,49.2993,58.0722,70.4196,85.1501,69.2023,34.8297,13.0543,5.2637,24.2323,26.4659,37.4348,29.2069,23.7716,28.4896,33.9270,32.9918,18.7268,16.9554,15.7305,7.8709,19.5524,59.4082,73.5100,69.5304,52.6434,27.8590,50.3443,89.9867,109.0820,95.2479,81.8888,72.2817,55.7018,47.5453,57.2914,53.7760,34.3019,34.4206,46.6754,52.2240,55.2062,26.2106,14.0746,41.9564,70.6460,56.9881,43.1518,21.0780,64.4179,95.2612,116.6530,142.6130,189.7800,236.9110,250.0320,244.9630,229.3920,167.3400,95.3448,47.6607,42.9946,57.8871,86.0132,113.8040,117.0770,121.9860,143.4300,133.2030,96.8040,45.7694,63.8617,80.2816,72.3900,22.9147,39.4192,67.2775,86.3322,90.7879,112.9240,145.1200,107.8610,54.7780,25.5765,65.3641,64.1691,68.8039,47.7863,46.6737,47.8477,42.8242,47.7662,44.7671,60.4637,98.6767,147.8990,189.0110,170.2010,137.0120,117.9600,97.9670,81.3633,88.6787,79.8851,75.4926,98.9460,115.0130,140.5630,163.3190,180.1130,186.4880,173.4490,156.9400,116.8630,90.6424,95.0379,91.8507,87.3928,51.8726,79.9761,104.5100,104.9730,96.5298,112.1170,149.2330,188.3980,206.9020,178.6390,139.7800,99.7800,63.5249,33.8776,41.1251,60.3451,71.3720,68.7770,27.8133,21.8934,32.4157,27.7320,12.1274,15.1339,37.0055,52.7049,53.8720,47.3609,30.0614,29.8997,25.4447,12.5034,39.3472,78.4584,107.7760,106.7360,106.9200,105.0710,106.2310,95.7695,75.2738,42.8989,16.9540,24.3395,41.7082,45.4310,29.0829,8.2624,17.9723,41.0853,64.8091,78.1059,105.7960,138.4810,131.1950,107.8890,75.8091,64.0758,81.9246,106.7470,119.1240,94.9893
86128.3000,64515.1000,33656.6000,34957.1000,44632.9000,35044.9000,24667.1000,21296.9000,20073.3000,16326.1000,13390.3000,10825.6000,10013.7000,9385.0000,8132.1300,6942.7700,3885.5100,2076.7200,4820.0200,6655.9600,5948.6900,5083.3000,3862.0700,2172.8400,1576.1000,1410.1500,1177.8500,1506.6200,1068.6000,1542.0500,1087.4600,658.8290,414.2050,668.0030,843.5910,916.8650,922.3630,1003.3100,957.7470,751.5190,585.5820,424.3140,192.3680,194.8460,121.9940,79.3955,85.3725,202.4950,279.0970,340.2150,342.8370,313.7630,233.5970,155.0700,121.4230,111.7270,99.6158,93.6602,99.3430,105.6520,108.2460,112.5740,126.9360,123.4900,100.6880,48.7194,44.1889,61.9505,72.1221,83.9886,86.1456,93.5650,120.8500,144.6840,157.5730,160.3880,138.0670,92.5357,66.7433,55.9748,69.0523,73.5821,60.2370,52.5498,44.6085,49.5866,68.8917,80.8400,72.1833,57.9863,43.0909,37.4050,62.8872,80.2968,81.8015,67.6386,30.8902,44.9461,84.5044,115.1180,160.1600,257.5210,398.3920,472.0800,480.0450,446.7030,398.7660,267.2900,157.5750,182.2870,201.2880,169.7110,132.5070,77.0593,48.8399,36.1402,63.7694,97.8585,123.2960,111.7700,87.4503,66.7075,60.6102,77.6612,95.2354,80.9923,56.8456,43.8021,31.4630,24.2453,20.2908,25.9924,24.1660,19.3348,31.3422,36.1562,37.6320,33.8112,44.3489,52.2354,40.1063,31.4698,35.2801,39.0936,35.2326,35.1703,36.9797,45.5289,69.8814,107.3130,93.4694,75.0243,44.0597,20.4776,28.6351,39.4355,34.3353,33.9667,15.3411,13.3136,30.0943,37.4473,28.4454,21.9015,55.1520,70.7260,61.8252,54.3921,22.7629,40.7661,79.4151,115.1390,140.1470,182.1570,227.9650,248.3700,258.9670,256.0460,189.3190,97.3840,44.6194,28.5684,55.4902,89.2723,118.9540,121.7160,146.8010,156.3900,124.9250,94.1595,51.7798,33.5631,23.4460,34.0041,30.7049,62.1515,117.4820,146.2840,148.2480,147.8510,170.5940,148.1570,92.2191,60.0224,82.2293,89.9309,95.5235,66.7872,51.0246,59.2582,62.7202,60.5189,54.1055,61.8870,99.8812,142.6060,165.3600,148.2210,126.2180,119.7660,98.0065,84.8520,93.6979,97.1466,105.7980,114.9020,121.3130,149.4500,174.2330,189.5440,199.5300,204.5900,186.6480,138.5180,109.0310,105.1220,103.0200,86.1534,49.7135,40.7662,59.0428,65.1319,76.1457,99.1492,143.9300,186.0910,212.5820,178.3450,135.1420,101.5450,80.2717,55.9413,51.1484,61.0463,67.1866,62.7153,40.7758,19.0565,10.2746,16.5993,30.2550,41.4690,54.7941,61.9390,62.3196,39.8483,20.2556,22.7808,28.8593,43.3032,66.0943,85.1868,104.9770,131.7550,138.6630,125.2750,97.9511,74.7656,62.3358,51.3876,32.4144,16.6113,30.1465,50.5247,40.1571,23.3395,28.4800,53.2521,61.7005,79.4127,106.0930,118.6850,113.0130,95.3950,59.2193,50.1657,85.6827,111.4810,114.6310,98.0190
85860.1000,64426.0000,33390.6000,34077.7000,43977.7000,34942.3000,24783.7000,21435.0000,20381.1000,16977.9000,14173.0000,11616.3000,10590.7000,10039.2000,7504.9400,4806.5600,2736.6000,3470.7800,6787.7100,7385.7300,6441.5200,5410.3600,4347.8900,2382.1800,2201.7200,1537.6900,1680.1200,1563.0100,955.4800,1137.1500,825.8690,671.2890,347.1650,162.5110,411.2300,654.9320,932.6930,1151.4900,1082.4300,834.7750,721.7330,397.5020,201.2150,131.9710,42.6128,72.7852,171.2980,197.1020,241.6770,306.6870,334.4860,339.4730,273.0780,227.6530,226.5660,197.5510,130.5140,59.8028,38.4850,75.4860,94.6397,98.8371,90.3361,49.2181,56.8018,58.9408,59.1546,50.7080,57.5800,80.1258,114.8070,109.4710,89.9268,97.3305,103.9440,107.0270,108.0150,78.9979,69.5953,79.5214,108.2040,103.6720,91.6774,94.9136,102.9100,102.7320,88.0819,80.1343,58.3559,36.6405,63.0902,96.2983,90.9030,84.9117,71.9445,69.2118,76.2306,89.4411,94.9388,117.4220,173.9710,258.4090,395.1970,488.5830,493.4860,462.4820,420.3870,294.2820,187.5410,237.5840,273.0090,216.2160,166.7030,112.3760,74.8472,32.9061,61.0921,92.6166,117.4790,105.8990,94.6511,69.7881,49.2465,50.8740,79.9439,80.8153,60.7433,43.5967,33.1367,29.5920,45.6134,64.6455,53.4837,49.9897,65.7795,73.7186,75.5600,50.6279,45.3039,41.9270,30.1828,15.7487,14.0654,38.6912,51.8514,52.3631,42.6870,49.2305,71.6318,89.2029,85.6520,62.1554,37.9758,27.4927,28.5660,32.4137,13.1443,34.8924,26.4079,22.9897,4.9799,15.1256,26.7341,20.4212,44.6869,55.0974,52.8892,51.2300,12.1588,59.9855,85.9686,124.8360,138.4860,153.7750,182.2990,199.5420,206.5880,202.9600,152.4350,67.4275,47.2127,30.0123,48.9464,73.8118,106.1670,112.4350,118.7160,121.3350,95.5683,63.2812,30.8088,39.0908,56.4507,78.4423,85.5799,94.8422,125.3510,155.1660,160.3370,155.2140,165.1350,149.6680,105.9710,62.1939,81.2241,91.8263,100.1030,49.7466,78.8758,83.0150,86.0357,87.4264,78.7402,44.4957,72.0725,138.1580,195.2310,156.7980,125.4520,100.5400,79.3931,72.5501,85.4238,95.8047,106.7250,98.0274,111.8350,154.5740,191.6440,220.1200,222.7700,203.0000,161.9640,126.0490,99.7669,85.7988,76.5666,77.5459,66.1375,74.4487,89.8500,71.2464,84.7573,137.9410,181.2410,218.8970,205.7760,151.0710,122.1820,98.3519,74.1325,47.5764,52.0064,79.2915,98.9503,89.6358,74.9596,53.3633,9.9716,7.8194,10.9518,7.6305,17.0324,30.3242,43.4222,39.0939,12.9433,19.9882,38.1589,29.7349,40.5674,55.5323,59.7180,76.5775,83.6151,79.7354,67.5575,59.3740,58.9961,59.4805,39.8892,60.5234,49.1829,73.2033,45.1794,22.2720,25.2091,51.7769,64.0831,69.4519,91.0943,106.2160,92.4285,62.8255,45.9082,67.9699,97.0006,124.3960,135.5000,125.6110
86241.9000,64482.0000,33491.3000,34551.8000,44720.6000,35603.4000,25350.8000,21889.0000,20744.7000,17575.5000,14579.8000,11810.2000,10868.5000,9780.1300,6504.7600,3785.3400,2290.2500,3649.5900,6331.1300,6554.5000,5786.4100,5327.1700,4378.4800,2320.8500,2534.1100,1498.1300,2025.8900,1805.4200,1332.3400,1408.9100,1017.6100,799.6950,582.8180,132.0080,296.7890,482.0650,819.4170,1094.6300,1032.8900,887.2280,754.5120,462.8790,250.2200,139.0180,81.4260,64.1681,80.5572,129.5740,240.6110,297.1210,280.0910,277.9690,145.4220,67.5232,34.3324,42.0041,48.7371,72.0604,108.0430,113.9510,105.9810,102.0770,89.3758,78.9534,51.0451,23.2406,45.5345,70.6751,87.8794,121.0220,168.9140,163.3160,158.1390,168.6960,171.5200,166.7760,140.7880,98.3155,59.7516,49.6412,66.3496,82.5009,84.5794,84.9290,101.1580,105.8400,97.3926,101.3760,79.1053,48.3829,68.7893,93.7001,94.6046,97.1579,85.3863,76.1081,68.2681,70.4307,82.9891,118.3460,178.1840,262.0270,390.5720,479.9440,497.0430,469.0600,428.6800,302.2360,196.9030,242.4310,270.1920,198.6390,155.7160,113.8080,83.5536,15.3711,62.4718,86.0228,107.2430,108.9690,104.9440,84.1934,56.3402,46.0572,55.0212,52.2579,51.8921,59.1363,61.3397,54.4362,51.7741,69.9059,79.3027,65.6037,56.9103,54.5011,51.6379,18.3918,20.4715,33.0128,41.6265,42.3719,66.4372,81.6474,73.1647,61.5943,17.2173,31.3949,55.6614,85.4373,78.8538,51.7465,35.9086,23.5273,23.4782,23.4752,27.9628,36.6295,35.1366,18.8237,11.9619,13.0663,12.5641,34.4256,71.9786,82.1695,67.3435,50.8039,22.3487,65.9442,105.1490,141.6410,163.0570,155.2550,159.2830,199.3160,214.0730,219.4100,152.3020,77.5367,38.4094,18.2787,27.6648,50.4498,67.3748,61.4208,74.8277,103.2390,103.1210,87.0037,66.0918,71.4568,84.4930,94.0515,82.7085,85.5991,109.5220,131.7530,101.5670,96.5420,133.3850,119.5390,66.9964,32.2227,86.9168,80.8323,67.6814,19.9527,65.1547,80.8796,73.8303,56.7252,39.6149,50.9048,92.0223,138.8300,172.0890,130.5150,96.9114,81.1157,72.0011,79.9004,103.4440,115.5210,112.3120,100.0080,107.1330,141.4710,176.7520,204.2330,199.5330,177.5240,145.3790,104.6110,66.8729,8.6513,49.6244,30.7778,34.1884,72.3713,84.0644,69.1042,78.5857,121.0020,161.2680,193.0750,186.1530,126.0590,100.1710,97.7041,73.8970,43.6308,24.4555,16.4390,5.7646,5.6879,36.9200,59.8377,68.6734,72.3217,53.2217,38.8230,40.2003,36.0756,26.3781,17.2814,37.3839,49.9289,54.9411,53.1746,57.9562,52.5462,57.1307,76.1906,75.4248,70.9482,58.1966,37.6534,21.4320,25.2461,11.0457,49.0117,58.7481,71.3419,40.6613,11.8146,25.4746,54.9113,71.8636,65.8048,79.1945,110.8670,105.7680,85.3861,55.8200,69.9575,89.0371,104.8600,103.5510,108.3190
85983.2000,64392.4000,33571.4000,34823.7000,44573.7000,35165.4000,25108.9000,21557.4000,20114.3000,17073.7000,13954.6000,10751.8000,9598.1000,7939.2300,3867.8000,1918.3400,2871.1900,4485.4400,5948.7100,5675.6300,5029.6700,4631.4600,3641.2500,2198.9400,2740.5200,1877.1700,2419.9600,2040.5700,1655.7900,1809.4500,1192.7700,817.1670,624.0370,375.9510,567.8240,538.0660,583.4600,706.6990,563.5340,649.0240,629.8080,526.7950,497.1210,487.1510,491.9780,401.8550,249.8120,217.5390,360.6690,448.8970,442.3600,395.5190,209.1410,98.1576,118.2870,147.4880,105.8500,74.6735,28.6216,85.0744,83.8607,80.7888,62.8998,37.5155,29.2658,60.5933,82.4377,109.4730,122.5310,109.1250,100.0310,84.0157,88.0454,120.3530,150.9290,179.7970,154.1720,97.7903,66.3872,49.6557,52.9573,49.0182,51.6321,59.0845,73.4425,80.3813,71.4742,67.3098,62.0057,58.3347,78.3853,86.7387,78.4007,65.1047,65.4229,73.8658,71.5581,58.9767,55.3676,92.6553,164.1410,246.0500,370.1460,461.7430,474.3060,441.7600,404.7460,289.4640,206.1110,234.3880,235.5510,194.7380,177.0590,149.9710,116.9630,44.1364,26.3440,30.9938,58.8340,46.9829,55.5653,36.9901,26.4237,31.5188,22.2694,26.2723,30.2581,35.5560,44.2862,53.0958,69.9619,101.3540,102.7990,82.3354,69.4334,79.1544,97.0999,95.6741,86.0474,110.8770,112.5870,78.3073,73.6883,95.8727,97.0032,72.0500,33.3972,38.7474,73.6670,111.0440,107.3900,62.6901,28.6857,10.8118,8.9822,14.4500,40.8297,83.0980,76.7035,64.7270,15.3760,19.3571,21.8808,38.9532,92.3269,101.2860,102.2730,85.3351,54.6314,62.5538,100.2340,134.9040,162.1370,167.3990,167.2950,211.4050,229.4500,246.9950,191.2980,92.7505,35.1189,17.8372,31.6351,60.2769,83.0087,88.0131,102.3340,119.3280,111.2070,86.6409,58.6851,56.6130,76.3859,79.5380,67.5240,47.1301,49.6210,55.4003,60.0790,92.7729,123.0660,94.8455,56.7962,47.1242,68.4505,67.4029,58.5162,36.2531,22.3692,31.4949,50.7828,34.8077,31.9622,92.3553,133.1500,144.4110,145.1030,78.0303,42.7930,36.3850,60.1197,82.9282,120.3860,127.2960,104.8010,107.0090,122.7010,135.1540,162.3370,185.1670,184.5080,138.3540,79.8503,30.6033,30.1588,70.7324,63.5449,28.4428,31.5014,84.7218,87.0442,91.7972,132.0110,163.1130,194.6010,208.8320,186.5960,135.6090,116.7000,104.3030,84.5685,62.3204,43.9788,40.4948,50.2975,45.9181,35.9484,47.1023,45.8769,35.7110,49.9767,59.8525,55.3724,51.9643,47.8491,51.0575,50.2344,33.3046,21.3688,23.3784,26.6932,41.0080,60.5460,71.7085,73.8941,64.5676,44.7783,27.1952,36.5124,42.1019,38.0416,65.0179,75.2615,90.0016,64.5592,37.9138,51.2177,80.6649,94.0602,94.7408,113.7230,124.7760,109.7570,79.4942,48.6727,57.5134,81.3907,99.5548,101.3590,95.6539
85263.4000,63886.6000,32778.2000,33432.2000,43114.7000,33859.7000,23759.3000,20085.8000,18585.8000,15228.9000,11753.8000,8174.5100,6251.4500,4756.2600,3996.1700,4591.7900,3251.6900,2072.5800,3680.9000,3836.4200,2076.5900,1458.8800,1925.2800,2893.5100,2456.8700,2386.5100,1941.6700,1474.9300,1609.4400,1581.4200,1054.5200,584.9000,775.9070,1067.9700,1033.5500,864.5010,601.4890,532.9970,497.6660,349.7070,155.4080,110.4250,230.3170,411.2000,494.7320,388.5870,242.2420,250.7120,371.8160,435.8830,461.7720,405.0960,273.3530,232.0860,316.9410,354.5760,370.2800,321.0180,192.3780,120.8660,86.0128,64.9259,48.6236,29.0451,33.8304,16.1773,39.7116,58.9727,70.6137,47.7593,32.7816,42.7173,65.7108,103.8780,141.4370,188.8860,185.7450,123.3230,88.0124,67.1283,69.9418,62.2677,42.0634,38.2420,36.5497,48.1561,54.3904,46.0240,29.4920,20.2568,42.1970,49.3865,54.7540,66.3188,74.0364,60.0873,26.8396,30.7543,45.5144,84.5673,151.6510,262.4680,392.1130,478.3220,500.7730,471.1940,430.8940,305.7400,186.5880,201.7260,208.1500,151.2920,119.1940,89.5769,86.8707,57.3314,77.0095,81.0870,85.7288,74.4746,52.8517,28.3637,49.5195,75.4191,106.1750,97.1019,89.5951,87.5514,84.5674,71.8503,71.4689,94.3074,91.8686,72.0522,55.8939,56.8896,61.9997,55.6697,71.0396,108.1740,92.1370,62.1279,81.0345,98.8765,94.1592,66.6783,23.3994,68.1408,116.0260,156.7490,132.9180,90.6201,53.1532,28.1173,56.5219,64.5155,58.5860,64.5924,93.1772,88.4818,89.2892,97.1037,73.9783,57.8193,41.1689,67.6400,101.9970,90.6859,44.0381,25.8073,43.6186,87.0072,108.1610,109.6890,172.6240,252.3860,287.1460,316.9910,269.9070,180.0250,107.3890,63.2787,21.2391,52.9358,61.1414,37.1611,26.4760,60.0198,60.7372,53.5206,37.2042,42.3036,49.5776,37.5702,33.9956,66.3793,77.2179,95.6548,81.8655,73.5115,116.2300,138.2160,116.4280,89.1623,58.0050,81.3558,122.7700,124.7970,123.5730,115.8270,83.2437,88.9823,145.5650,186.5810,187.3990,186.9720,155.3620,78.7433,26.0494,58.5918,104.0040,131.5660,138.3040,148.8870,147.3880,144.9380,156.1800,174.2110,208.6140,224.6020,222.2370,192.5120,149.3800,110.0730,70.6081,46.9393,48.4203,33.6050,19.6842,63.8608,93.9428,94.6865,117.8970,170.6300,227.8820,271.8780,260.8000,209.8330,182.9230,156.5370,142.4310,112.1000,62.7748,46.8662,68.0472,82.5049,43.2542,50.2926,56.4709,89.9473,76.7040,63.8982,51.7128,42.0665,46.4294,53.3266,30.9205,29.6647,47.1592,39.4778,55.0139,82.6340,62.3098,53.2538,62.1634,56.0544,43.2819,42.4055,46.8784,43.0054,26.8646,23.0832,39.0907,55.8274,39.3039,46.6668,48.6982,64.9920,79.2539,87.8438,108.0230,112.5790,98.9303,73.1091,53.7263,62.5724,79.5333,97.3742,112.2350,100.3730
86077.9000,64287.0000,33281.4000,34383.8000,44411.8000,34921.0000,24057.1000,20696.1000,19755.1000,15868.9000,12533.5000,10040.2000,9207.2300,7039.2200,4260.6900,5558.2000,8023.2500,9120.8400,8435.6700,5860.6700,3824.7100,3867.2300,4391.6500,4301.7600,3666.7600,2545.1400,797.7030,1122.2800,1560.2700,1870.2800,1911.1400,1321.7100,292.0510,353.9500,640.5060,705.4920,868.4510,954.1050,813.3220,602.8520,429.8900,285.6320,189.7100,114.2580,204.2080,273.5670,310.8470,293.7800,250.8860,154.6940,113.0740,156.6280,184.4630,249.5990,344.9100,417.1520,456.9830,325.6420,198.8800,112.1330,57.0610,32.6368,58.6720,78.1402,82.6447,68.9377,60.5688,16.1000,26.6814,12.5284,24.7520,61.6106,91.0705,111.9400,128.6790,153.7720,152.7580,101.3420,76.2590,46.7539,46.1202,65.6167,70.6457,78.8407,81.0651,86.0899,67.9531,56.2014,64.9746,59.4385,48.5389,52.1344,57.8300,53.2271,37.5163,10.7169,22.3774,48.4804,90.2106,122.8260,179.3260,241.1820,357.4050,448.2860,482.2980,456.5220,419.6620,288.1180,175.4870,196.5990,206.6560,163.3410,139.0930,114.6120,83.6912,29.6966,39.1933,69.6963,99.4763,113.4550,121.0050,93.3422,57.6353,44.2757,67.2920,88.1643,90.1569,92.2931,81.6184,68.0595,78.2723,87.6392,77.6186,70.1772,79.3427,95.4580,98.3319,63.5850,60.0095,92.3985,99.7648,86.2048,74.5491,83.8232,91.1359,89.6846,76.3723,112.9830,175.3120,201.1910,169.3770,124.0940,81.8441,38.8161,55.7214,72.0851,72.7903,38.2552,28.4030,27.3004,51.1565,60.8474,56.6517,49.6386,10.9985,35.4594,59.7363,53.7340,16.4470,29.8795,65.6576,77.0180,73.3543,110.6570,197.8260,277.7390,312.9390,354.2240,297.6710,168.7220,114.0640,74.0191,75.2504,87.8667,68.9213,54.1460,78.2534,100.3790,94.7810,77.0779,58.8248,26.7200,30.3207,62.8831,69.2742,53.7253,29.6223,41.3785,54.0528,76.1279,127.3040,137.3620,105.7420,87.2413,54.9839,72.1736,101.9310,109.4750,112.0090,96.8751,93.8724,110.4670,134.4330,152.8240,139.9440,127.5020,78.5401,17.7151,28.9130,52.7688,65.9016,62.8315,56.7236,76.2715,97.7804,96.9278,99.1880,115.5560,143.9170,172.1120,180.5100,161.4890,132.4160,94.8423,52.3804,21.4941,75.7061,75.4517,59.1418,28.4279,47.4797,69.2369,96.4542,124.6110,171.8570,212.0780,210.5790,180.8750,154.7620,127.1870,111.1370,80.4852,58.8276,66.0208,87.9659,92.6776,72.8525,44.8449,34.7740,50.8603,64.1150,69.3372,71.5625,66.0132,66.2242,74.7600,85.1398,95.1514,98.5827,73.5100,37.7119,13.4604,29.8820,38.4073,44.8205,50.3068,61.6837,75.7794,81.2327,70.7719,48.1725,42.8348,50.3120,49.8915,42.8587,41.4907,57.7080,87.1053,97.2682,77.6971,64.0752,85.4535,97.4049,91.9057,84.3011,95.3461,105.3490,100.8710,85.3087,88.3804
86405.5000,64715.4000,33916.1000,35413.0000,45316.2000,35683.8000,25133.0000,21813.0000,20718.5000,16933.6000,13974.4000,11278.1000,10164.1000,9037.3300,7983.1500,7851.7400,6151.2400,5084.4500,6661.2900,6515.1900,5086.7300,3952.5900,3554.1400,3202.8900,1675.2500,345.2030,643.9000,1175.3900,1577.6800,1968.3400,1807.1100,962.4800,802.7980,353.5500,399.3200,130.7020,202.3270,410.0000,386.0080,256.7950,188.8860,94.1930,133.9140,77.7005,37.3913,62.9654,119.4240,150.9700,143.0020,123.5430,48.9981,82.2377,114.6800,143.9300,110.7430,112.5380,133.3760,171.7260,130.5210,60.0666,77.6111,106.6730,74.0518,36.5963,25.1156,30.3638,44.8396,86.7314,119.7480,129.5430,132.5160,128.4080,131.9960,155.7650,163.6580,171.4360,175.0870,113.8570,67.0219,42.8766,42.9734,53.2005,51.7433,62.1238,76.7742,68.4385,50.8051,52.4221,56.1579,63.1823,59.4166,49.1905,41.5022,41.8549,46.2382,63.9397,86.1523,91.7223,98.1927,117.7360,165.2230,218.3580,333.6130,463.8140,493.9310,446.7250,414.8470,289.6540,176.7350,190.2740,214.4950,177.2540,148.2520,117.3280,93.4475,37.6680,59.8883,61.3482,70.4712,87.0573,84.9344,74.8926,75.3456,85.9507,51.4076,80.4115,58.4055,60.3212,59.3484,69.7678,66.7940,53.9887,41.2827,35.8616,52.5117,70.8834,86.3989,70.0927,56.4055,73.8589,83.3685,74.3192,63.7281,63.7325,70.7582,73.8559,44.4865,21.8814,49.5798,84.2753,59.2948,33.6671,12.4464,55.2226,79.7236,78.0179,71.3041,54.1440,36.2093,28.6522,66.9393,68.5426,74.6325,35.7487,21.9017,50.9324,78.0233,87.1202,48.1484,23.5979,54.6897,68.7811,59.2380,101.0500,206.0410,304.5220,354.8680,397.2210,299.8880,170.9560,91.9423,59.1966,74.7307,118.2910,108.8410,67.8618,41.8754,68.0655,81.5021,68.7663,55.2558,60.7529,79.6350,86.6511,61.4793,18.0141,21.0606,40.9891,60.9426,101.8280,156.1060,148.4110,145.1760,116.2850,61.6567,68.4471,107.0840,130.2000,139.9970,137.3660,148.3840,187.9110,203.6140,179.5900,145.3880,116.9820,87.1998,58.5679,39.1599,44.8091,51.5160,48.3695,57.6833,78.0716,85.7325,82.1364,93.0356,111.1130,136.2710,169.3040,177.9760,155.6360,127.5260,103.9290,77.4218,46.4917,47.6024,76.3257,83.8313,51.2990,37.1533,25.8319,56.2427,81.8463,99.3554,127.4680,111.3890,82.4615,57.5856,39.0503,50.5815,54.5048,39.0614,35.4114,43.3833,43.7328,36.8189,37.3046,42.5582,48.8345,55.5807,58.6327,61.6348,66.6350,67.9991,64.7630,84.3949,97.4033,74.1379,52.6022,29.1587,20.0927,24.7063,50.9793,75.5224,93.6104,100.3280,98.8654,100.1830,82.4287,38.6402,19.9696,22.5950,15.3509,16.1030,15.7291,16.5421,33.8941,48.0662,67.1197,96.3520,106.0870,101.5990,89.3799,72.7172,47.2745,37.0564,49.8883,74.5679,99.9426
85546.8000,64077.1000,33023.7000,33981.1000,43648.9000,34119.6000,23682.9000,20189.9000,18959.8000,15080.4000,11759.5000,8472.3000,7129.7300,5873.4600,5647.9100,8911.7600,11468.7000,11973.7000,10439.3000,7343.0800,5138.9500,4456.2000,3709.2400,2482.9600,1372.8000,1777.6600,2375.1700,2884.2900,3291.1700,3327.5200,2729.3000,1493.6400,695.4350,955.9320,951.3240,623.7820,321.4740,456.3790,577.6600,634.9750,625.4340,546.6510,424.5950,194.9890,93.6319,149.0640,187.7190,197.4650,245.3730,195.9880,96.0144,56.8394,158.9100,221.2800,225.1140,238.6050,181.5160,113.0630,81.0373,74.8184,76.5577,75.7550,64.8095,43.7840,32.2571,59.5852,114.5780,133.3040,133.8120,136.5750,154.5180,173.2740,167.6100,174.7060,173.4140,167.2620,141.8370,76.8824,40.3408,24.4655,31.2132,49.2715,52.3638,64.0695,51.1447,27.7714,27.3561,36.7884,38.5962,54.0548,47.9751,58.3295,58.3374,56.7441,65.3547,78.8051,87.5548,109.3080,124.4330,141.0830,162.5730,232.4990,367.4770,477.7150,500.1400,458.0700,419.5080,281.5870,129.7430,137.6220,164.6830,118.6420,84.4631,74.3215,65.8221,56.6794,46.3609,50.4718,85.2827,67.5683,47.6124,30.5524,43.9457,66.2448,96.0580,91.5083,92.8761,71.2236,36.1002,47.3746,65.7325,65.6776,64.1057,45.2435,18.7382,27.1957,65.9106,88.7527,74.5974,79.5203,85.6570,79.0259,34.9682,32.4417,49.2706,36.1821,27.8288,76.0696,123.1090,168.9550,159.0730,116.0030,88.1999,79.2847,83.3029,82.6973,72.5780,42.3210,39.0410,49.9479,62.1092,70.7913,61.0672,44.5034,20.6785,15.2962,27.5363,38.1290,13.2221,15.6722,47.4202,45.3275,33.1342,91.8052,222.5790,285.1520,303.6070,299.1920,201.8490,86.5005,77.4766,83.9177,126.9160,100.0770,53.2089,31.3412,55.7146,90.8397,95.9889,122.8130,132.0270,142.6550,110.1920,55.8721,31.9152,21.9490,27.8489,34.4483,43.5469,60.1566,58.5049,38.9209,47.7310,74.1109,75.8979,54.4434,80.1188,117.2240,154.5110,202.5580,264.3640,287.0160,276.3940,250.2140,220.8680,197.1410,158.8590,79.8716,44.9853,86.6137,109.3780,110.9750,126.7730,136.1850,135.3390,118.5430,120.2860,125.2220,144.0250,167.5510,167.9020,136.1190,101.4830,70.1247,33.7274,19.9611,18.3147,45.5576,41.7231,56.6675,51.9646,76.1995,123.9010,137.6050,137.5890,130.3270,109.4430,81.8462,66.2119,41.3276,16.8891,25.5689,50.4609,60.7542,69.5446,78.2872,47.0233,28.6776,25.3059,25.5514,17.8469,23.0509,32.1547,38.0357,51.7159,62.4062,43.8346,32.0247,30.9665,26.0087,19.2115,11.1269,16.3484,59.2188,95.7957,107.3160,110.5930,105.9840,90.7775,65.7637,28.6488,28.9160,45.8016,71.4557,89.0310,99.1919,88.5836,70.1168,61.8360,74.0172,87.5761,91.5133,79.5094,70.3449,61.2922,50.1225,37.8560,44.3736,66.1738,90.9225
86626.8000,64869.5000,33957.4000,35171.4000,45251.2000,35823.9000,24784.2000,21814.3000,21310.9000,17914.1000,14321.0000,12607.3000,12925.3000,12342.6000,11791.7000,14206.6000,15621.6000,13482.0000,10620.2000,8110.3600,6872.5600,6356.2000,5592.8100,4368.3600,3262.9600,3068.6300,3584.0200,4268.0600,4782.3500,4811.4200,4185.8600,2947.9800,1579.9800,1029.5200,1231.5100,1205.0800,1124.8800,843.9440,608.2450,648.2320,741.1530,601.2350,431.9290,300.1210,218.3840,141.4080,71.4304,44.0184,106.3270,168.3170,201.9390,145.0860,154.7250,123.4390,111.7520,163.6460,181.5390,172.1430,166.9990,147.8140,156.2510,172.5000,155.1990,120.1790,107.2110,112.4710,116.9010,113.0310,93.4442,97.6012,120.1000,113.2410,113.5830,154.3680,179.0850,200.8420,179.0940,140.3380,110.7260,94.4828,76.6127,65.0101,34.0072,15.0029,31.2985,50.9385,57.1031,36.4198,35.8728,71.1355,76.2802,85.0968,23.1714,27.0442,77.2312,82.8026,90.6950,97.2891,90.9664,82.7773,131.5300,238.3610,375.2470,485.6200,487.7720,422.4540,379.3530,233.1130,107.6400,135.3230,169.7950,130.3840,99.2815,69.6972,56.2947,28.8732,44.8825,82.6721,120.3400,101.5220,93.8986,67.3436,54.5485,44.1809,45.1864,48.1101,51.6311,39.4647,39.9335,44.0244,47.2597,56.5612,71.7913,73.3666,36.1226,48.2839,101.4600,97.3673,90.4592,89.8292,93.7304,73.5289,40.5666,26.3397,24.6507,37.6702,31.9709,35.5354,82.7623,128.0470,110.9470,87.9094,51.1021,22.8684,40.2443,73.2004,85.3329,57.7163,52.4772,18.3479,16.8545,32.6139,12.4431,29.1261,38.2007,59.2322,41.4851,29.9563,33.6162,56.2704,87.0830,111.5100,114.2390,160.8810,273.3840,320.8420,327.4870,306.8770,232.4590,141.2300,103.4000,151.9330,165.2310,125.6310,92.9719,65.6870,42.3021,12.7730,28.3895,43.9345,52.5048,60.3614,36.8263,55.3427,28.2730,25.1315,56.7672,68.0929,89.8860,121.0700,149.7910,153.3900,114.8700,70.9372,48.0962,42.5152,40.0350,41.8071,66.5159,106.9910,108.0820,81.2948,60.8289,47.5495,48.1647,73.3461,99.0508,110.1810,97.9491,73.0537,46.0075,44.2942,45.0724,29.1940,17.5221,29.2280,52.2200,78.6587,105.6720,135.2980,111.2080,68.6554,45.0671,34.1536,34.3200,59.5609,60.8276,50.2420,44.6024,57.9458,76.6131,123.2130,169.8590,166.9050,160.0350,140.6330,126.2770,115.1330,102.0160,86.8203,81.5058,75.6933,77.3611,77.8886,87.9293,81.8192,49.1972,28.1534,4.2528,19.2482,41.2680,47.9796,56.1775,60.3680,63.8488,48.5725,55.5657,73.8628,55.9894,39.8571,46.4693,46.3025,38.5460,51.3289,77.0409,98.3820,108.0810,106.9620,96.9581,85.8301,59.4994,30.4896,17.0042,26.9481,49.9569,49.7812,39.0491,29.2711,15.3183,7.6938,29.7911,42.5084,46.1733,45.7370,34.2337,24.7190,14.8716,8.8273,13.8205,18.6342
86958.2000,65262.9000,34579.1000,36124.6000,46198.8000,36836.5000,26261.4000,23236.6000,22485.2000,18696.7000,16247.0000,14060.5000,12894.9000,11385.4000,11471.1000,14299.2000,14591.9000,11795.7000,8964.8800,7854.2600,7073.8900,6186.8600,5919.6500,5042.5400,4018.6900,3603.2400,4010.5600,4828.0300,5038.5600,4775.4100,3900.1500,3027.1000,1821.5500,1403.1700,1482.7600,1557.2500,1373.7900,1123.6500,1005.2500,1056.3600,1049.4500,903.6330,786.4710,736.0930,696.6760,583.4600,465.8270,429.6750,478.1560,545.7250,494.7840,326.9900,157.7550,89.1184,206.9710,246.2030,224.1420,158.2930,79.7443,128.0270,183.0420,196.0820,161.8030,133.3130,136.3500,116.1570,79.4614,37.7956,27.2552,70.6338,93.0171,123.1980,121.7300,128.0600,143.2990,177.2600,172.2430,128.5440,106.8920,108.6280,116.3570,113.0850,72.1310,39.0688,28.2888,36.2058,47.0036,47.7582,58.6477,75.7560,90.5349,80.0141,58.3133,82.1399,112.6560,127.9170,123.2250,99.7192,65.7048,94.3681,160.3680,264.8610,400.4030,515.2920,523.9820,457.1660,407.2710,257.2750,135.2700,175.4220,219.6620,165.0220,124.1630,92.1640,85.7786,42.2847,60.4283,68.5077,82.5041,89.3680,101.1210,82.0879,78.9009,84.3609,77.1497,48.6814,50.7217,48.1214,35.7576,35.0366,44.3591,49.3599,44.8109,30.4715,22.9140,41.2581,66.5845,72.2316,65.9973,57.9701,48.9127,31.6247,11.7757,28.8579,36.8098,39.8109,33.1154,43.2227,76.4977,98.8388,76.3214,57.6552,36.5433,15.7143,8.7179,21.5110,37.0277,43.1436,46.7983,22.4223,37.3939,66.9684,36.9916,18.7976,71.4437,93.5481,92.5992,72.0864,62.7575,76.8543,99.2489,118.0670,125.7650,169.3370,274.6620,339.2560,365.3770,374.3750,317.6330,217.1960,145.1070,133.1340,119.6040,111.5220,69.6367,42.4203,44.3717,66.4765,60.7265,51.8563,38.5998,21.4692,27.6623,36.5558,40.8109,24.3377,70.1191,89.1556,127.6690,163.0100,195.2040,178.8180,121.6000,76.4121,42.1747,15.3518,24.1315,56.0819,105.2940,136.4400,142.5730,154.8780,175.0370,185.9560,200.7100,220.4850,229.2960,183.4970,121.3350,89.7263,61.8492,54.3359,72.0276,68.2444,56.3806,49.1346,53.0329,65.8655,71.1000,56.3644,40.5062,52.9591,68.3380,82.1453,95.1675,91.7050,76.0357,39.5195,26.3741,78.0049,114.5330,125.6930,134.0380,135.6930,136.4600,143.8480,150.8930,139.0670,113.7970,89.2534,77.8360,77.0821,79.8744,83.7756,65.6373,49.0178,39.0158,37.8562,14.4336,29.0765,23.7744,27.7647,39.3490,48.9397,42.9501,45.0791,60.0793,69.8985,72.7450,65.6917,56.8733,48.6585,37.8852,70.3373,83.1668,81.5465,78.8875,65.7789,35.4907,18.6225,14.3037,49.2261,63.2588,86.3396,83.4269,60.1938,28.4636,33.6053,52.0006,78.0994,89.5885,93.7339,85.6394,84.6554,76.4382,73.0886,44.5014,31.1185,54.6893,69.0257
86388.1000,65024.9000,34257.2000,35414.2000,45192.3000,35943.2000,25616.4000,22604.4000,21814.0000,18156.2000,15749.5000,13602.2000,12389.3000,10369.6000,9338.9700,13113.6000,15780.2000,13049.5000,9122.7100,4871.4700,3235.1400,4037.9300,4495.0700,4302.8400,4578.2800,3945.4200,3000.8400,3409.4800,3974.4400,3692.9100,3034.4700,2148.3000,1250.3500,927.5850,833.8600,614.8310,429.7410,564.5620,822.3630,998.9320,995.6390,717.2800,485.2070,423.0280,403.4130,335.6540,258.5510,215.8570,255.8400,271.0120,215.9140,43.8221,137.1040,259.5790,364.8620,380.1290,302.5740,221.7220,116.1250,33.7797,57.9713,57.7143,65.9468,89.7962,113.8840,108.9110,73.7043,45.3179,34.9306,42.1649,63.4248,95.6437,137.6200,161.5730,181.9500,188.9700,142.9490,92.4872,60.7530,57.0042,63.4815,62.6872,44.5947,20.5265,30.9612,30.9929,45.4310,43.5133,60.9935,86.7943,86.5756,85.7601,71.9049,70.6101,95.6798,122.9050,114.4310,91.3187,67.9013,92.8657,147.2940,251.5580,389.0620,493.0720,510.5310,463.2610,412.5080,274.9660,162.8560,196.3160,215.8520,166.9040,125.6450,106.8040,72.0452,47.7216,50.7505,84.9609,107.9170,106.9200,110.6230,91.5942,75.1009,63.4234,33.7647,33.2948,54.1977,58.0656,64.6593,71.5306,70.0957,64.6289,53.9238,10.7672,33.2148,68.5804,85.0080,72.6129,61.1861,47.9047,19.6178,26.6694,31.8189,63.5419,60.5539,46.9410,59.7167,89.8127,117.3090,135.4860,97.9755,52.7398,33.6040,30.6959,35.4735,40.6166,30.1827,8.6846,18.5946,17.5588,26.0877,39.5957,38.5293,27.3836,37.5721,74.2216,83.5900,95.4509,58.0857,43.2166,70.3904,60.9000,80.6348,179.2360,276.8160,321.0830,344.4050,361.0110,304.2220,201.8510,128.1340,82.6661,63.7030,46.0193,14.4357,26.7893,30.9534,45.7305,53.8972,51.9313,40.8981,26.6992,19.3017,30.2964,45.7183,85.0927,109.6820,113.8950,131.5120,185.8470,242.1970,241.5070,151.4890,101.5780,101.1910,73.0306,47.1645,18.6557,58.0213,70.6394,76.0504,89.1899,112.8490,147.7070,165.9930,182.2120,177.9140,135.5360,80.6127,38.6350,36.7176,56.5093,77.5426,95.1797,79.8767,54.8048,41.9751,68.6090,92.4843,106.8400,103.3690,64.0623,35.7839,12.3985,18.5589,57.2355,55.6949,26.2708,40.6731,79.3659,91.1159,106.4610,118.3470,143.8030,156.0260,178.1330,182.0240,168.4980,149.4590,123.8330,103.6310,83.0469,76.2884,67.3262,49.4869,42.7005,37.5355,30.9267,46.2215,70.8027,71.5336,64.2030,65.8886,70.6329,74.9453,68.7541,71.9509,77.5128,73.6768,71.9907,56.1192,44.1104,24.6775,77.5056,90.5770,91.0216,82.4299,64.7718,42.5773,37.8528,27.5211,22.6459,39.8794,54.5433,72.9656,75.4430,45.6814,27.7228,40.9795,51.5978,70.3295,101.7390,112.7660,114.6340,97.5798,68.4647,36.4720,18.9383,25.8979,51.2731
86556.7000,64901.4000,34048.3000,35089.1000,45106.4000,35984.5000,25414.0000,22448.0000,21828.4000,18219.0000,15525.7000,13519.3000,12510.7000,10303.9000,8839.6300,12334.4000,15688.3000,13831.8000,10070.3000,6028.5400,1976.3600,2150.8300,3176.6500,3977.5000,4368.3700,4224.5200,3197.5200,3147.9900,3632.7500,3556.4600,2883.2300,2040.3100,1109.8400,706.1680,791.2290,796.7000,642.3380,383.6010,302.0220,557.9500,768.9220,680.4300,518.0590,392.3220,290.1580,248.3090,257.8730,222.1810,191.6370,266.9820,339.1540,456.0210,457.5520,305.8160,262.1770,191.2780,137.4130,156.3900,115.7450,72.0106,62.7385,72.6290,64.3717,52.4801,60.6980,75.1780,69.5361,61.1388,67.9705,82.9290,91.5597,85.3897,97.2176,139.3430,151.3240,187.6580,170.3900,129.2280,104.8240,90.4671,81.5422,79.1802,56.2213,32.6703,18.8590,19.3040,21.1211,34.1808,50.9710,63.2334,61.6264,65.2635,65.5513,92.4904,108.9020,110.0360,121.0530,123.5140,119.2760,103.1660,137.5460,243.5630,395.6200,534.1600,542.3860,467.9000,413.1060,273.4800,159.0790,169.4050,192.5270,146.6790,105.0430,85.7096,73.7853,66.5392,87.5544,111.0510,132.9350,132.3960,142.8580,124.5580,76.1202,41.5908,22.3113,47.8398,58.9057,66.8957,83.7042,89.0113,95.8049,101.7570,101.3870,85.8926,52.7335,48.7845,68.7929,72.4827,49.5692,25.5795,23.2992,30.7874,39.0866,56.4023,63.2387,63.8919,62.2007,96.9999,145.9630,176.3360,130.7480,83.2212,83.2030,91.2234,96.9241,88.0881,80.8718,61.4750,55.3880,35.3958,16.3674,35.2281,57.7170,42.2827,41.5148,43.7949,32.2168,21.2590,37.4190,62.9700,78.1082,57.1040,68.6301,134.9470,227.1240,282.4100,306.9640,325.1710,262.7920,165.7000,105.2290,74.5217,58.4348,19.8361,23.5770,11.8004,14.6795,25.1724,21.9292,23.9158,22.2296,39.5484,66.9349,71.4586,70.7447,89.0436,119.2050,135.1530,169.7840,205.8540,269.3730,280.1000,190.0530,131.9930,120.1510,110.3630,87.1391,27.6469,23.2954,17.1696,17.8373,29.5819,69.2997,129.8390,162.6410,173.2040,165.9400,104.7420,33.9920,51.7517,94.5252,96.0626,97.7654,99.0087,87.7344,68.1478,51.0161,65.3665,99.5427,125.8180,135.0340,112.0070,77.2101,47.4427,26.5163,57.9429,99.0826,70.6735,38.8751,71.7034,102.6210,104.1950,102.5550,114.8800,141.3670,177.1040,206.4910,191.5250,161.3530,140.1230,140.4400,137.6760,118.9990,82.3154,56.3530,47.8382,27.0411,18.4926,48.5678,61.9972,63.4441,68.9789,69.3823,70.7258,71.0348,56.2729,43.3782,70.1546,82.5962,61.2232,44.4775,23.3301,30.9029,77.7178,87.7211,86.4657,85.6868,84.5267,66.7099,35.2516,11.6556,41.1159,72.7833,99.9414,98.7483,66.1915,36.1126,39.4739,67.1600,83.1934,105.9050,129.1720,143.2090,142.4250,116.7070,89.1229,64.1483,34.6282,46.5258,90.6484
86624.4000,64891.7000,34167.4000,35584.9000,45625.2000,36262.9000,25765.5000,22535.0000,21594.7000,18059.2000,15225.7000,12392.7000,10347.5000,8137.3600,8028.6900,11729.3000,13083.2000,9856.2700,6604.9200,3359.0500,2039.2200,2284.7400,3101.7200,4046.0700,4476.5300,4178.2000,3280.5300,3214.7700,3548.6600,3466.7900,2776.3800,1961.0300,899.8770,330.0070,697.2010,863.7200,813.3870,529.4450,441.3030,640.8280,789.3160,759.8730,684.8860,567.7050,502.1690,458.3730,460.6080,428.8820,462.7150,575.8800,545.3780,510.4600,432.2190,205.6370,280.6440,243.1600,233.4180,215.9990,145.7040,57.7225,67.8807,70.1299,86.3240,92.1941,110.3950,84.6519,43.7961,18.8827,78.9472,92.8887,99.0173,82.9420,81.5650,128.5590,134.9200,157.8270,134.1700,113.4770,100.8340,108.0840,90.0388,57.2172,42.8033,35.6634,30.2218,29.0347,22.0521,14.4580,19.9070,33.9111,49.5665,64.9410,50.6541,54.8280,89.2525,103.3550,104.1560,94.1456,85.6280,76.4247,141.6350,259.6580,400.7620,488.9930,505.8180,452.5500,415.8610,264.9840,139.8650,156.0200,173.9090,132.4520,93.8150,74.8759,53.2825,59.8141,68.6558,82.0041,94.9694,100.4740,108.5610,99.9462,76.3109,71.2089,33.3559,19.1117,27.1415,49.3114,76.8054,97.9931,96.7785,90.0084,88.9840,82.7559,83.3482,102.0040,120.9540,115.5920,96.4475,64.2978,36.9905,41.7681,38.0941,10.7657,11.4110,11.3730,43.0093,78.0560,119.1990,146.5310,121.6260,79.8401,82.7159,104.5660,102.0470,106.7170,104.2160,97.0679,68.8858,39.2767,19.6784,5.4343,26.1645,25.8786,33.3399,41.5589,40.3202,37.3814,27.1842,33.3786,60.8886,84.2619,113.1980,171.0530,262.7360,306.1530,316.4400,310.5050,236.2820,142.3130,82.4559,45.8640,38.4158,31.7123,54.1712,34.2124,29.7834,49.4218,39.5891,17.5876,17.8702,49.5564,84.2087,94.6208,94.0348,115.7810,135.9120,156.0970,189.3510,246.3400,311.6210,291.2980,215.1070,150.5250,115.6350,105.5860,107.3470,64.6368,52.1344,42.0584,35.5217,26.3220,60.7106,133.0840,154.7280,153.6430,136.6790,92.8320,61.9396,90.2195,127.2120,118.4610,89.5952,60.1942,41.5047,30.0988,64.1699,110.4920,137.5110,150.8590,140.8630,131.8460,119.9110,86.4167,46.6022,27.9783,53.3985,42.9909,31.0617,55.5862,60.6650,58.2285,65.8243,88.6551,108.1950,140.1560,170.0710,155.7760,136.4150,120.2020,104.1850,86.5822,67.6946,53.6858,32.5648,24.1346,35.9108,64.9730,81.6497,72.8794,69.1359,74.4964,78.4032,76.1368,77.4537,61.4201,52.1833,63.6724,62.3473,46.0721,30.3622,33.9624,56.6378,71.3140,93.2008,101.9770,99.4435,81.8063,62.1904,34.4063,27.3345,59.4530,85.7717,90.9212,74.5830,30.8682,37.4917,86.4506,93.7814,93.7181,121.9060,142.9230,151.5870,142.8310,103.6410,60.2151,56.8616,62.3527,70.2072,104.7070
86250.2000,64825.1000,34034.5000,35216.4000,44963.6000,35657.9000,25352.1000,22136.2000,21173.4000,17606.4000,15020.4000,12387.1000,10633.4000,8354.9100,7267.9200,10464.9000,12826.5000,10574.4000,7239.3300,4044.3700,2346.1800,2897.5100,3670.6000,4635.7700,4991.5800,4671.1600,3393.6200,3281.2800,3780.9300,3709.6200,3137.1400,2214.0800,1178.2700,854.4470,1212.4300,1420.2200,1376.5300,1088.1600,840.7350,883.0210,992.3890,967.4970,898.0940,779.9490,688.7750,555.7300,482.0470,410.3480,418.2660,474.1310,419.3060,331.7630,343.5650,228.4930,290.4220,292.8840,248.9350,233.9180,187.2960,84.8910,38.1488,34.1968,61.0965,82.6446,80.1313,67.3200,42.1576,26.3728,50.4584,71.5274,82.1234,65.2966,63.1267,113.7300,124.6710,144.8610,132.1080,79.6730,58.6565,38.0225,52.0958,65.8657,68.0186,59.7693,28.7921,32.6733,39.3423,32.4433,36.1855,37.4083,49.6372,57.2383,43.2421,55.5736,88.8995,96.2996,102.6120,95.5298,96.7134,90.8385,138.8950,258.8370,408.5600,508.1900,502.3600,445.2500,391.2010,263.7310,149.4820,171.4160,189.3290,130.4120,88.8020,79.9247,73.1531,80.5139,83.3983,105.6200,130.2310,107.9350,102.4550,81.2891,64.7786,61.1864,39.9101,20.1138,22.2932,41.4136,64.6146,90.5918,94.7667,94.6228,101.0230,100.5560,79.8028,70.4512,91.0260,81.3428,55.1873,42.6382,43.8537,36.5776,20.1605,33.5859,38.2799,42.6718,57.5730,88.3494,126.8860,156.4290,126.0200,85.0031,70.6154,82.2025,99.7704,97.6112,83.6648,60.3618,51.6758,38.0567,14.2705,11.7949,16.1092,21.8946,19.5328,35.7315,27.4480,21.0349,32.2815,52.9270,65.1294,70.3623,107.5440,171.9320,246.7490,297.3500,316.0470,339.3950,281.8210,162.2840,91.4982,44.2477,38.9042,31.7184,48.9792,20.5399,20.7212,47.3745,37.0252,30.0627,39.4796,50.5341,90.0130,113.8140,108.2250,135.8760,163.8270,176.2040,206.8160,251.4210,319.0820,309.8160,226.7310,150.8880,121.1090,106.7360,96.8678,45.6882,17.4238,12.6174,24.6338,41.1164,55.6226,91.0502,121.5360,112.1700,91.6651,35.0605,67.2538,111.1780,141.8090,155.3940,121.8020,77.7403,71.7116,75.2027,89.4759,121.7810,144.3530,166.7780,169.0240,143.1140,128.0510,103.8570,72.6334,78.0619,85.1165,65.6730,52.3393,88.0423,125.4640,128.9720,114.2180,108.8500,134.2790,180.6120,201.4310,163.9870,135.0600,121.8220,119.6290,106.3300,78.7271,54.5072,35.3195,24.1505,14.2965,17.1619,48.8645,55.4313,52.4250,51.0371,54.0840,49.4948,50.1462,54.9383,52.9954,47.8238,53.3416,55.5243,37.4814,32.0354,56.8427,87.3842,105.1530,99.6607,79.4041,41.6732,29.0071,24.0425,18.2051,43.6944,66.8790,72.3718,60.8077,44.8725,23.5100,39.0207,72.8273,83.3221,99.3134,124.5540,127.0070,115.8010,96.4203,60.4791,32.8151,48.2826,85.4874,114.4720
86272.6000,64746.4000,33729.1000,34628.3000,44633.8000,35415.2000,24737.7000,21625.1000,20960.1000,17471.5000,14428.0000,12476.8000,12306.6000,10950.5000,8136.2500,8165.3500,10382.9000,11853.7000,10986.3000,7867.1900,4179.8300,2388.7200,2962.7700,3843.9900,4278.7400,4359.7300,3536.0700,3260.0700,3869.7000,3835.6900,2880.4100,1647.8700,902.4280,1133.1700,1100.1500,935.8600,786.7150,789.5730,757.4590,722.1310,597.2560,494.8620,456.1620,442.2350,422.0810,357.5330,280.6300,222.6820,204.3280,298.9020,356.2980,456.5310,580.3500,518.8560,419.7280,370.3060,194.3740,88.0648,59.5544,93.5456,103.1630,62.5098,75.5819,44.1277,73.2623,53.1624,37.8044,25.5104,20.3706,31.1712,56.0599,83.0343,118.2000,153.9320,171.9540,192.2450,160.8370,103.7910,72.1235,72.1132,70.7337,73.3270,39.5464,40.3131,24.4828,14.2007,14.6107,12.8102,21.4488,12.9314,8.3235,18.8629,22.3927,39.6738,68.5777,75.8738,84.8265,92.2177,88.3271,79.2562,138.6760,247.9790,386.6290,516.2730,543.9340,470.8830,422.7700,267.9080,153.6060,177.7620,203.4410,160.1720,126.1200,113.3390,106.2670,85.0620,89.0540,102.2770,124.8380,105.6240,81.3849,65.4319,47.0474,17.1975,13.3333,15.4487,25.5954,23.3041,24.1852,8.7050,25.4780,27.9860,32.8070,41.7024,50.3722,57.7344,77.4301,83.4865,59.8394,46.4017,48.9909,65.9874,42.1260,31.2223,28.9092,45.6345,58.3738,75.2485,87.6370,105.3590,78.4490,28.7628,22.5801,59.9963,74.5442,55.9474,36.3326,25.8337,41.9726,49.6609,31.2579,24.9627,44.6223,42.5780,21.4446,8.8524,22.7052,16.5681,28.4146,39.7029,56.7972,71.2618,76.9000,131.7490,228.9050,279.4600,303.3600,318.0030,266.8150,179.6780,127.0470,123.0230,111.5300,89.1006,57.7376,48.0918,62.6177,68.3564,72.2668,75.1378,77.1155,81.4963,83.8600,87.7554,66.5404,77.9927,103.0900,102.8280,123.8900,167.8620,219.7490,221.5330,156.4860,93.3677,48.0318,34.8795,20.7066,24.1830,64.1682,60.2829,52.1087,16.0412,6.1720,17.3072,35.0814,35.4950,35.7172,31.4563,15.5959,22.2361,38.6004,54.0129,70.8032,90.2704,85.3324,69.3159,76.9293,117.4710,144.9370,168.0910,160.2540,120.1530,102.1230,103.6110,90.3218,63.2715,47.9998,35.2758,43.5655,102.6630,145.0590,142.9810,147.8960,163.8750,180.0910,202.9340,210.7910,168.1760,135.9420,136.0030,115.5730,99.9811,88.8032,88.3052,81.7519,58.9481,29.2795,31.7753,24.3992,31.1011,24.2714,34.7265,41.1362,33.5498,36.8545,40.4356,45.7080,50.7420,61.0311,60.8124,58.8641,57.9948,50.4141,76.4647,108.3310,107.9650,107.4720,99.3819,82.9900,56.4114,27.0407,24.4956,28.8310,43.3175,39.6359,34.7138,15.5364,20.7429,43.5789,60.6510,86.3602,100.7060,93.7208,83.9341,73.4018,56.5392,21.4939,27.1851,48.9649,74.0465
86381.9000,64465.4000,33539.8000,35024.7000,45086.6000,35372.0000,24374.7000,20995.8000,20056.9000,16160.3000,12577.3000,10008.7000,9781.1200,9939.2800,9816.8900,10222.0000,9639.6300,9402.2700,10725.1000,9629.0400,6849.7200,3543.0500,2050.1400,2747.2800,3864.9200,4077.4700,3886.0000,3539.8200,3603.0300,3757.5700,3017.5600,1624.0000,738.5210,1129.0800,1469.1400,1496.1400,1475.2400,1375.1000,1171.2200,789.6320,539.6680,489.6490,503.9550,452.3270,403.6870,418.5610,355.8670,269.7310,140.7340,97.1183,142.6180,158.1860,136.2910,165.6490,145.7170,126.6390,151.0360,145.0020,167.1900,91.9286,51.5247,21.6839,38.0008,52.9063,69.0039,62.5979,49.2960,73.3942,99.0747,109.0740,134.9130,135.9350,138.4740,138.4330,135.5180,134.3390,116.5780,72.9740,46.6757,32.1278,34.9209,21.9824,36.4967,26.2589,12.5048,14.4587,29.5527,63.3075,61.1844,43.8600,17.8590,17.4288,18.3289,6.6761,19.0074,32.2754,53.4156,74.0029,81.1589,90.7300,118.5360,201.1120,330.0690,471.2100,525.3860,471.0730,418.1760,279.3920,181.0450,196.9930,210.4280,182.3590,151.1900,143.3760,116.5100,72.3882,61.3754,53.9317,41.7858,33.7470,36.2556,29.5858,32.4801,37.4575,60.6935,66.4501,77.9242,102.2140,97.1290,64.4538,67.9498,94.3461,102.4670,100.3360,85.5740,75.9223,64.9354,37.7601,31.1863,54.6160,51.0957,39.4796,43.8734,52.5111,51.5042,27.8516,13.2265,30.2382,49.9290,68.5429,55.7453,28.7608,25.5148,68.8492,63.7056,39.1579,22.9090,25.9047,61.6754,75.0573,83.6268,99.4132,111.7820,77.3826,40.2113,32.0074,29.3377,22.3626,15.0345,37.9935,62.0504,90.5056,102.9010,129.6300,235.4430,320.7850,344.2180,347.3810,264.0660,151.3750,87.8907,103.2960,106.9030,76.9951,74.2351,77.2235,86.4779,120.3560,128.5420,123.1860,96.5425,76.1143,37.2973,23.2881,34.2887,24.0456,27.2349,47.4722,69.7480,109.5550,160.5570,167.4500,127.7300,100.3870,71.8272,49.3050,36.6871,68.5478,117.6080,133.3380,125.3590,107.4350,104.0540,137.8930,176.2720,201.3820,189.7320,129.6030,86.4685,43.3564,50.7252,61.7676,52.9460,24.7741,33.8572,91.8998,126.1520,126.6940,124.9460,123.3710,132.0900,112.0840,62.0105,50.0104,73.8218,105.7430,105.2560,61.0868,28.1204,58.3906,95.7845,108.3770,133.4730,143.7260,157.4780,156.6340,168.3610,154.3710,121.0840,115.9380,108.0230,84.1841,78.8471,73.5102,70.9157,47.6812,26.5771,23.2638,24.7179,29.7281,32.3818,35.8237,29.4386,22.2698,23.4381,19.2223,14.5013,21.7075,30.9711,34.0549,45.5148,59.5598,73.5512,101.8860,124.2230,134.2120,132.6180,118.7500,96.2957,76.0920,47.7063,32.3117,61.3702,89.2823,84.3147,76.5075,75.7374,56.8286,39.3547,30.9980,53.0892,92.6636,105.0800,99.1633,81.4989,82.4741,70.6354,51.2466,72.4872,100.9090
86071.1000,64483.6000,33637.5000,34951.8000,44565.9000,34854.8000,24200.0000,20790.7000,19591.0000,15613.5000,12417.2000,9399.6500,7825.3400,6409.2500,6846.9200,10110.6000,11703.0000,10258.5000,8564.4400,7010.3700,5120.0900,4238.1900,2856.1500,1466.6000,1460.7100,2159.2100,2737.1300,2790.1700,3078.0100,3104.0000,2667.5900,1467.6600,576.4900,462.4580,537.0500,400.8480,654.4010,801.0680,772.4740,638.3420,434.6650,364.4610,416.0370,435.9060,501.4300,423.2640,270.6900,201.0450,181.1890,181.8630,219.4750,235.7970,250.0490,243.7470,227.5230,152.4980,62.4773,53.9082,167.5390,214.3540,181.9130,147.1200,114.0650,91.3730,82.1189,83.1925,86.9489,78.7522,63.3372,38.5189,21.6832,79.2615,119.8520,140.5960,158.9130,167.6340,136.3010,83.9406,51.0857,42.6562,36.8850,22.4031,17.8188,35.6880,45.0231,51.0889,33.0703,23.3275,22.0033,25.9635,23.6528,15.6223,16.4574,26.4842,27.9903,34.2397,41.9004,46.6906,61.9238,89.3022,127.2940,201.7530,339.6750,479.2110,503.2190,452.6900,398.4080,275.9910,165.9930,177.2370,200.6120,172.1930,141.4050,99.5250,65.1626,10.2163,29.8106,56.8381,64.0518,77.3812,68.7455,58.3957,55.3930,66.2387,34.3169,58.9687,56.0418,67.2483,72.7240,60.6656,73.5149,88.2896,73.8384,64.2913,70.8454,92.9912,86.8928,61.8610,48.5541,44.4658,43.4265,36.4422,30.2625,36.1844,35.7197,29.3124,22.5420,61.4159,88.5048,107.5870,77.9726,37.3394,38.4544,78.4089,88.0604,70.6888,54.8733,30.6819,38.2470,69.8186,77.6908,86.7869,89.3029,76.8818,46.2282,29.5734,38.3093,38.4112,45.1853,50.4279,56.8956,81.7510,84.7828,96.4717,186.2820,269.4090,292.5700,314.2780,248.5740,135.8320,65.3396,38.6447,25.4548,22.8495,40.8958,63.0787,85.6300,86.7007,81.0951,68.4639,68.8751,62.1225,48.7039,31.4650,21.6239,11.7247,31.9527,43.6975,59.7602,106.4700,168.4080,192.3240,141.2740,98.1753,62.3920,55.2557,53.2661,47.4290,61.3533,67.6866,74.3914,63.0230,40.5040,56.3668,110.2100,134.7190,152.2550,99.5718,43.5097,54.3708,83.5190,113.2730,124.7420,127.5020,119.0930,115.4770,117.3380,128.6710,155.4930,164.6480,147.8030,103.5620,70.7396,56.5948,48.7442,68.9671,86.1695,53.7902,49.2465,82.2103,105.9280,120.5540,151.1500,159.6430,181.3040,191.3850,195.5670,167.5630,121.1530,90.0394,69.4952,61.2899,52.1164,51.2787,63.6725,63.6097,33.0986,19.1704,32.3818,29.2032,17.8818,13.9294,22.1015,23.3896,21.6601,29.6950,38.8736,51.6055,57.4825,55.8370,42.8619,17.8437,22.4460,63.1363,80.3227,89.2893,89.4440,90.1563,78.5400,75.9603,51.5604,34.6056,66.7685,102.5090,97.1505,75.7621,64.5899,51.6916,39.3361,37.6425,59.5139,98.5036,105.5940,95.1328,82.3569,84.6748,72.1645,43.3473,53.8813,84.4601
85344.6000,63801.2000,32633.5000,33424.5000,43198.8000,33779.6000,23324.2000,19694.9000,18372.7000,14642.5000,11129.7000,7435.7800,4880.8000,2181.2500,6275.4500,10602.7000,13587.3000,13850.0000,11444.1000,7459.8500,4516.7300,2957.4500,1679.2400,620.9820,1689.4000,2388.7400,2797.4900,3293.9800,3778.0500,4024.6200,3501.6700,1872.9000,890.6230,1069.9300,1238.9100,1165.9400,1330.0200,1287.2900,1069.8300,715.8000,367.1170,374.8630,465.9500,453.6380,319.1600,141.3200,119.0590,172.9570,311.0290,252.0860,206.3250,153.6810,276.3020,348.5610,308.0290,283.8660,222.3010,115.5340,57.3905,28.9920,10.3295,20.8562,37.9973,68.1388,74.0556,86.7647,42.4669,22.2011,7.8359,19.7598,41.9791,73.7117,125.5000,159.3980,155.0430,159.8760,115.4610,57.1988,31.1088,35.4745,33.1931,28.4604,31.9862,35.1918,53.4011,48.2485,36.0786,53.4856,65.8946,55.3477,37.2692,18.4433,16.3730,11.3465,30.1494,46.8085,49.3980,51.6845,75.7006,120.0780,177.9290,252.9040,365.0850,482.4490,519.5440,469.0280,420.5230,294.4990,179.2930,163.2820,173.5440,146.7430,103.1300,59.2591,25.0138,54.9358,70.9886,94.0684,106.0050,108.7490,105.5880,112.6280,97.9871,56.5365,39.0439,64.3452,80.2449,91.1580,94.0262,100.0910,111.2490,102.8580,85.9267,65.8931,35.9979,27.9605,47.7220,72.6633,86.4841,95.5738,87.6316,70.1426,60.6264,57.3985,55.9509,40.4551,12.4727,46.2261,81.2850,98.3323,52.9251,24.1576,40.6099,55.1689,48.3887,35.2636,26.7709,24.7694,22.2403,12.6070,33.2483,50.2612,55.2441,41.1175,28.9061,38.2729,30.8440,26.9614,19.1385,20.0633,54.3126,73.8805,64.9728,106.4050,200.6560,276.9650,317.6820,346.2300,283.9190,175.6140,97.7681,78.0609,81.3533,70.8434,81.6865,97.0208,84.1040,74.3041,82.6736,88.2823,73.7354,52.8966,40.2254,30.9394,28.6659,58.0752,80.3766,82.9550,94.0376,118.8110,187.3940,200.9080,148.3240,107.4350,81.5987,80.1561,97.5431,77.6890,99.0888,79.1196,41.1013,13.6833,47.8651,87.6708,110.7780,136.7360,139.5920,101.3760,95.1864,107.9560,107.6780,120.3720,133.3820,143.5140,134.5270,112.9110,135.7570,176.0620,194.4830,198.4830,194.6740,146.6150,113.3900,122.0710,121.7850,133.5060,154.3850,127.7770,90.6293,48.1804,54.0959,75.5391,97.6757,143.4930,202.7440,257.8840,262.6010,221.3630,191.9540,155.9530,127.9880,92.6309,67.0968,57.0731,53.0712,33.9543,29.0452,30.6457,67.2433,66.6472,42.4090,23.9971,39.6832,54.6581,62.0542,66.9243,65.1733,67.1112,71.6427,60.7926,50.6595,48.2629,38.2222,20.1258,34.9569,69.1759,84.5219,91.2065,77.5349,53.0792,34.0555,20.7113,30.7814,44.8907,58.9912,59.0152,49.0612,36.1154,29.2515,42.7472,68.3555,76.2718,69.9144,52.4732,39.9309,38.8593,24.1494,48.9228,88.1000,115.5690
86811.3000,65165.7000,34357.9000,35628.3000,45924.8000,36801.3000,26229.6000,23215.1000,22640.3000,19023.7000,16702.4000,15002.1000,14664.6000,14382.3000,12183.3000,10217.3000,8425.6100,6831.8500,7056.6800,7157.4400,7037.3100,6056.2200,5520.7900,4197.1100,3013.5500,2207.2800,1240.5400,916.1700,1591.6700,2580.2300,3078.0300,2091.2500,1081.6700,356.1810,865.9830,773.0130,513.5960,331.0710,318.0740,290.7500,226.3450,177.0580,212.4830,233.5960,312.5970,311.7620,236.6970,142.1090,174.3780,286.4400,336.8070,350.1510,306.7370,276.8120,235.1140,126.4840,86.6086,122.9830,217.3300,222.4360,176.0490,120.3120,71.5556,98.9586,128.7540,122.9020,101.1910,65.5682,72.9484,53.2929,83.4248,80.7200,123.5900,193.4820,213.2780,226.5880,217.8410,163.6550,108.1500,71.7756,56.5501,57.9947,39.3610,61.2308,63.7515,50.7562,48.4967,11.3701,3.8551,10.2610,24.1846,21.2216,27.4421,11.7403,28.0231,35.8893,50.1084,58.9609,63.7354,88.9030,142.1590,205.0320,308.5860,420.4880,465.3320,433.5900,399.3020,281.0960,173.3930,179.3490,185.4550,157.8690,139.1800,110.3960,79.8580,27.9163,31.5762,63.7373,78.1932,82.0117,70.2254,46.4842,46.2932,61.4355,49.5932,33.4116,24.4132,27.0871,30.6151,44.6372,54.1149,43.1558,32.8614,12.9018,24.5340,36.1376,48.2004,27.1671,30.8111,52.0657,56.9730,72.7777,88.2682,91.2011,84.7454,60.6964,29.6107,66.3225,129.3940,154.5370,116.1410,76.0545,43.1953,46.9579,61.9989,79.4161,80.9013,49.3246,36.3349,27.1459,40.1997,48.1566,36.6055,13.8572,45.9805,62.5801,80.0861,65.0171,59.3327,74.7658,85.2166,76.2742,48.1394,51.3212,155.5570,241.8410,277.4060,299.3650,242.1980,140.6160,65.5696,20.7191,39.4634,25.0444,38.3146,48.4443,76.7380,78.0266,74.9005,69.2260,72.1587,75.8954,63.7470,47.8476,40.8503,78.9677,124.7760,141.0100,136.7930,163.4450,225.6580,202.7130,136.1890,123.5620,139.8840,143.9440,141.7210,109.1970,45.9200,30.6141,47.9581,55.4774,71.9581,66.9401,70.7627,90.4386,79.9287,61.1053,54.8288,32.1705,36.4814,59.4021,77.6589,95.2642,90.8512,89.1623,122.6190,158.7110,169.7730,168.4770,142.2470,100.8650,79.6378,93.4063,98.4256,111.7620,146.1820,133.0570,99.2484,44.8650,55.3267,76.8809,98.0908,126.4040,166.1430,190.2420,173.4340,137.8920,111.2760,102.9700,88.6106,50.6049,25.9068,47.2061,70.6105,57.3477,20.6276,17.5524,65.6073,75.1790,54.2794,44.4774,53.2996,72.1924,80.8837,95.7744,97.0541,103.0010,96.6973,67.2999,39.1803,36.3788,45.9735,50.1534,53.2864,66.8566,89.7419,99.6861,97.2211,79.0236,59.1076,37.3399,34.2639,58.7897,71.6334,56.5970,48.7525,54.9671,68.3871,96.5360,117.0140,132.1110,134.3760,114.5800,94.6277,113.0240,125.1590,79.2074,45.9909,74.8193
86047.7000,64425.0000,33653.3000,35156.6000,44862.4000,35082.5000,24428.0000,21058.4000,19919.4000,15933.8000,12894.0000,10228.4000,9197.7800,7852.0900,6770.8600,7668.6300,8300.5400,7286.5400,6492.9200,4872.9400,2976.0300,2828.4000,3124.5700,2829.5700,1967.4200,1429.6900,1093.5100,703.6540,1764.2200,2856.4200,3466.4700,3020.4800,1810.1300,1428.7700,1358.3400,849.7990,662.7380,1088.0100,1221.0600,1130.6600,901.0470,619.3480,489.2130,418.7210,420.4830,482.8680,451.6350,377.8200,343.8440,220.7340,252.4910,266.9550,230.8230,219.0000,225.6410,239.5160,203.7680,112.2970,135.4650,99.9356,100.0320,80.7682,47.5782,50.3859,67.8905,68.1853,77.4975,95.7696,135.8570,133.8670,137.7500,96.6770,67.1208,87.5202,107.0380,118.1260,125.4660,68.5075,34.8447,17.9922,30.7411,38.5154,44.5145,51.4763,58.4336,41.5557,37.0388,50.1827,48.1171,53.2775,55.2968,49.8503,46.3007,38.1828,26.1767,51.8314,70.1339,73.9620,64.0852,86.1823,140.1240,231.7200,367.5930,452.9980,473.4200,455.0830,430.3580,337.9560,216.2950,177.6100,182.5570,142.6370,95.2204,61.7627,33.2399,57.3999,77.7916,90.6643,92.1743,83.9664,68.3355,36.6801,18.7709,27.8810,50.5167,53.6085,29.0697,35.3070,55.5570,85.7848,74.6229,39.7086,22.6657,13.2070,38.9544,43.4906,43.1863,45.7365,50.8901,54.1353,46.5725,34.7910,39.3949,56.0221,79.1372,72.6928,22.3463,25.0265,58.4802,82.6991,70.7820,55.6800,16.1217,36.7372,49.1447,72.0480,52.5977,43.2298,39.2149,54.0985,82.8145,72.0030,49.0180,39.4428,67.3221,93.3444,108.9560,94.1331,53.3150,43.3227,67.6795,97.1823,91.4171,120.0450,245.3490,334.1920,363.2530,369.4130,273.4480,130.8910,48.0593,61.1104,106.9130,132.1530,132.4400,93.3802,63.3270,37.4605,111.9470,144.6900,136.6920,119.1910,60.6131,35.1415,50.9815,36.3157,84.3965,86.7365,105.5110,143.5880,192.8990,194.7710,100.6560,63.8149,105.3200,100.8730,76.7742,41.0167,44.1717,54.5284,51.9709,29.8057,61.4470,70.1093,87.1624,97.1090,74.8037,61.9092,58.8476,70.9193,94.8615,100.8410,121.4140,114.7420,96.4730,99.2439,122.8620,127.0300,128.3200,117.0570,129.9000,145.3020,128.0600,97.8819,72.6662,60.3315,84.1458,99.7763,89.6722,81.3342,85.0477,102.6370,132.2280,151.9810,155.9680,164.5590,175.5370,162.5170,141.2000,126.5220,103.9020,99.5246,93.5038,90.2115,87.4183,66.0915,30.4139,44.7249,84.1724,80.6431,64.3028,55.5063,51.4416,47.8771,32.7399,30.8786,33.7141,27.8647,21.9265,27.3371,45.8581,67.2531,83.5017,95.5378,89.8491,64.9604,36.3396,50.5990,59.5582,51.4241,58.0834,76.3920,72.2067,38.5742,22.7705,44.1007,72.5295,88.8411,72.2762,67.1152,105.1960,121.7950,111.9000,79.5844,48.1773,58.2971,65.7131,50.7354,38.8679,41.6019
85467.0000,64039.3000,32995.9000,33924.8000,43626.1000,34104.7000,23496.2000,20067.6000,18967.9000,15054.6000,11737.9000,8700.7700,7446.7700,5941.1300,5076.2400,7677.1700,10510.6000,12561.8000,13248.4000,10370.5000,7029.2700,4272.5300,3620.0900,3722.6400,3323.4200,2624.5900,2438.8400,2187.4600,2080.2900,2230.5300,1521.4800,1589.5000,696.8390,325.8020,371.5900,316.2250,340.3410,628.7050,722.8890,745.7190,494.9330,243.5490,211.0250,233.4650,238.6710,289.8520,285.3000,236.4460,173.1830,112.3670,66.3511,140.5880,128.2430,83.7201,102.3460,186.2200,273.9650,202.9260,163.6180,119.2030,60.7562,84.5877,77.8566,80.2678,80.5400,79.1431,74.3729,91.5761,94.8148,77.1898,66.0288,48.1525,65.5700,89.9557,115.0600,151.0920,162.1700,129.1000,97.8598,73.2520,75.4565,92.5174,109.2800,97.1686,88.4353,86.0032,83.7068,53.8426,28.7453,58.4214,99.2242,77.3046,41.3584,58.8196,68.7529,50.4031,60.4866,94.1801,112.9870,151.6540,220.6520,336.0950,452.0360,537.7050,566.8530,519.2050,460.1570,314.6460,159.8350,163.6860,183.9210,102.1220,57.7156,46.7923,36.9500,45.5549,77.9251,73.4423,85.7690,76.8147,57.5412,38.9629,44.3536,55.7808,70.5456,73.5442,60.5462,44.2503,55.3324,44.3339,44.7098,33.4071,17.5675,19.8455,42.4300,69.3065,120.2590,99.3704,63.0911,44.7211,47.1554,52.0264,48.3005,55.4945,76.7050,76.6018,36.9589,44.8619,101.4770,127.0380,106.8470,85.8339,55.0308,11.5105,25.3075,40.4436,55.9364,55.0100,59.4939,73.7947,81.3601,97.4270,75.4967,65.6767,61.5840,68.7572,70.2744,51.3320,40.3630,74.8575,121.9840,156.7620,144.5450,139.9130,181.4870,250.3240,289.9260,328.1830,268.0490,128.8420,51.3645,20.1640,39.7208,55.6714,102.6360,69.7328,36.6269,26.1661,28.2693,38.5357,56.9660,52.8940,45.0130,42.3075,40.9806,13.6815,35.3459,48.4154,74.1882,118.4130,209.3940,217.8370,150.3160,100.0680,65.0738,77.2604,57.4458,36.5869,31.9652,48.2183,36.3903,35.3244,24.2688,90.5562,123.0960,167.7580,152.4750,114.3410,85.1821,64.2398,38.1654,32.3353,49.9341,78.2918,71.7847,72.9912,116.8220,146.4680,159.2830,147.8230,118.5500,114.3420,165.8450,207.7740,184.0050,169.3780,158.8100,141.8440,104.0170,66.4692,33.5860,18.2192,50.7432,82.5279,113.6380,155.9350,164.6980,127.2730,98.9079,76.7386,60.0754,51.9045,30.5039,30.7741,29.7311,43.2472,30.0104,61.3792,107.3630,121.9030,136.8280,91.6450,51.8255,67.0020,76.9121,66.3917,37.4894,6.5502,2.6382,1.6273,5.7771,14.8394,32.7021,55.9093,63.0350,46.4221,21.8652,55.5872,72.1156,80.7750,28.7184,39.3322,86.7778,84.2942,65.0537,52.8882,39.2398,17.3070,17.0269,25.6826,53.8396,76.8568,99.4257,107.2070,89.2079,74.9159,74.3272,77.3008,69.0219,72.7031
85815.4000,64112.2000,33157.4000,34242.2000,44285.7000,34924.4000,24330.7000,20878.8000,19691.1000,15944.6000,12484.7000,9038.8200,7026.1000,5562.9300,5801.3300,8067.0700,9291.2300,9735.0400,10206.7000,8960.3300,6994.2900,4892.5700,4108.0000,3542.9200,2321.3400,906.2910,1264.3400,1472.3400,1900.7100,2434.9800,2837.9900,2408.7900,1861.4000,1691.2000,1509.8300,1167.5200,852.2860,849.5930,876.6510,701.0450,476.6980,402.3050,404.8830,388.8680,355.9080,333.2380,343.3480,321.3730,291.1520,228.9680,195.8540,118.3850,140.6310,134.6810,171.7030,227.4000,273.1590,233.6650,211.8590,146.9350,67.9028,26.7837,31.4542,67.0412,94.6206,121.3480,115.9080,102.4120,124.3120,167.3210,194.3940,154.5230,164.5020,185.1250,149.7400,116.2300,55.0562,18.9274,34.5677,52.6806,24.8492,18.7483,31.9316,25.2163,31.2463,32.1974,40.6614,30.5001,22.9655,21.5540,29.7854,41.0661,32.5818,22.3663,40.9862,57.7204,49.0416,50.4501,89.0058,128.1390,172.0450,253.3070,384.3560,490.4560,486.2090,426.9700,386.9860,249.9920,156.2360,170.8290,140.6600,95.0161,71.7731,84.9024,75.3598,56.7991,57.9008,70.8028,47.8201,28.9723,34.6135,48.5405,55.9795,102.1760,111.5680,122.2280,117.4450,86.5094,85.0929,90.2464,91.1965,92.1729,83.5906,77.7051,27.8889,28.9628,55.2062,72.0151,106.0870,107.2370,75.4036,26.7832,74.0660,60.1780,69.2451,46.7042,31.2687,68.7482,66.3442,102.4870,79.2940,31.2633,21.1563,84.7400,99.2880,99.5756,81.4582,35.3668,39.3937,72.4862,64.6311,80.9171,48.0734,49.1201,71.2881,87.9444,99.9565,109.5140,86.5729,65.5945,78.6492,77.5164,63.0511,96.3210,203.6300,287.1140,309.2780,303.9890,185.0730,79.3771,77.0232,91.3772,134.2400,162.9170,164.9020,139.3570,120.4450,165.0100,197.1720,184.3540,135.4840,61.2278,41.2357,63.0497,81.0103,83.0495,101.5820,162.8940,179.4500,119.1130,65.6756,44.4531,71.1373,123.8040,124.5160,104.5330,72.6316,98.1824,128.9000,117.0800,94.1779,75.2297,47.0969,40.3251,44.5980,95.6150,86.4252,99.2670,73.3568,54.6085,40.1807,36.6620,56.4698,82.2434,68.7948,33.5561,67.8796,114.4810,135.0760,153.1900,167.1760,147.8250,119.9560,89.3815,54.2355,67.9858,108.2440,112.7010,128.3490,86.8830,109.2460,108.7310,104.1350,139.1370,164.0510,183.5520,156.8830,97.2102,60.7110,45.2127,32.2686,30.9827,14.1960,17.2893,6.3878,11.6646,10.2622,12.0994,47.9350,48.8671,94.8934,61.6972,47.4112,58.2398,90.6290,114.7160,124.2490,135.0980,112.8790,69.7908,36.4956,48.8937,38.7120,25.6399,65.2141,79.3573,77.2082,73.4627,60.4099,34.7672,48.7351,66.4438,35.8152,45.2606,73.1938,27.3725,35.5671,109.6180,91.0985,90.0584,108.0890,94.0485,74.5530,102.3330,128.0200,83.3159,66.0653,91.3430,78.4234,79.8756
85912.2000,64322.5000,33648.8000,35286.1000,45146.8000,35407.0000,24817.4000,21476.6000,20215.7000,16057.9000,12859.0000,10953.8000,11993.2000,12237.3000,11570.1000,11892.8000,11193.2000,8764.1700,6645.7400,4564.6700,3026.2300,1617.0300,3067.1800,3480.3500,3604.5700,3422.8100,2678.0600,997.3650,1308.1300,1819.2600,2481.8900,2473.8500,1712.4600,1290.2800,1033.9900,626.3250,640.4670,846.6560,765.1380,550.9570,525.0990,638.4000,666.4460,489.7180,293.8960,153.1080,79.3842,74.1257,145.1690,124.7450,141.6010,172.5440,255.6060,206.4930,162.4430,102.0060,114.5920,150.4710,180.9930,195.0600,211.5490,181.5900,106.7750,45.4116,45.4203,92.5277,62.5508,134.7240,114.4570,97.8167,88.0805,106.3200,137.1240,136.1410,111.7100,94.6156,92.2186,46.2137,18.5664,55.8592,65.3253,100.0700,69.8188,55.5712,42.8067,42.2911,59.1351,92.2455,48.3773,57.0776,51.1111,87.4976,92.9927,74.4336,47.6241,16.2051,46.2671,53.7894,59.8271,94.5175,143.9440,232.2400,350.1960,459.6680,443.9070,394.0320,340.7710,177.1900,70.0883,67.4126,114.7070,86.1414,58.4584,34.0535,68.4101,129.0090,165.6420,203.7160,202.9060,194.4360,142.3920,84.8055,88.2141,92.1085,81.2608,31.6831,47.0822,65.8628,42.7623,26.9115,41.5268,49.1848,45.4362,64.2121,96.5652,145.7230,160.8150,83.5874,43.9323,99.7550,101.5010,97.6367,18.8962,24.8450,32.6387,20.8286,28.1899,39.1360,52.0230,70.0875,45.8920,39.1487,29.8579,74.4559,89.1348,95.6571,81.3240,101.4970,145.7790,106.8990,80.6407,110.6160,125.6130,120.9660,27.3574,47.1116,94.8706,98.3070,62.0738,34.9987,62.8394,145.3100,171.2980,138.0600,166.4250,247.1130,289.4900,323.8000,262.8240,115.0270,80.0139,63.8540,71.2894,51.5953,32.6844,50.4080,121.7650,174.7620,185.3520,187.8700,193.7050,188.6920,129.0670,72.9416,49.8965,40.1431,44.7885,68.9222,123.0700,147.8840,171.9490,202.8800,212.9980,158.3530,130.2070,132.9940,124.3790,102.1220,20.0046,20.9314,44.6218,15.1073,48.9486,68.1399,83.1210,101.0960,75.0810,70.5110,51.5726,55.1423,64.9709,79.9651,98.9817,83.0253,60.1868,7.4397,35.5750,20.7450,40.9068,109.9510,126.0080,150.7480,143.1450,84.5974,43.6641,61.5172,91.8528,108.7360,108.3160,107.4000,98.7564,70.5175,24.1054,24.4968,53.8687,80.0480,115.4260,146.6560,146.4580,136.4540,119.0010,113.4580,105.9280,57.6388,40.5264,49.8805,44.6426,55.3121,64.5786,52.5984,22.8248,41.2417,40.8709,26.4817,50.5857,80.8142,84.9265,66.4651,44.8003,19.4729,40.7431,37.5015,10.1872,67.5532,80.9808,96.7541,22.5114,31.7642,78.1338,54.8824,27.4007,41.0934,73.2640,80.8508,92.3299,84.1500,74.8608,82.9711,102.2790,113.0810,94.3483,108.6280,112.4250,62.3634,26.9802,68.6385,74.5052,53.6429,31.8144,42.3322
87175.5000,65914.9000,35404.1000,36719.6000,46776.4000,38049.5000,27938.1000,26285.1000,27107.0000,25139.3000,22914.2000,17361.7000,10784.3000,6503.4200,8133.0900,12969.1000,12737.2000,8709.2300,5761.9900,4448.0900,5010.7300,5761.0300,5264.8400,4319.5100,4153.2500,4464.8100,3936.5000,3941.2300,4653.8000,3948.6600,3034.9700,1508.8400,680.6580,1085.6600,1557.0800,1430.8300,983.3700,711.4810,609.7580,428.7520,450.1970,533.8180,524.8650,462.7660,398.5460,374.7690,453.1520,481.4820,305.8870,174.9640,128.6750,95.6080,121.0430,317.2580,502.3420,497.1510,480.6200,391.4520,249.4350,144.4790,114.0450,133.9410,185.6250,250.6250,224.6540,174.0690,71.4800,51.9229,83.6584,97.3709,92.3083,50.7401,23.6299,56.1756,73.1252,45.3371,30.8431,38.5304,63.1295,78.2918,95.1155,105.6030,106.4690,100.4220,72.7554,25.1138,19.2841,33.7160,59.3023,64.6841,50.8318,53.0301,56.8090,57.6922,66.5402,79.3694,88.7416,67.2093,39.3967,95.7377,174.5800,251.3810,355.7980,437.3500,434.8800,407.6750,360.0180,286.4170,199.8990,184.1370,192.4600,155.8250,136.6380,115.6840,80.4195,61.1508,83.5544,102.0960,119.5600,144.1540,147.6420,125.0710,92.7646,66.4943,12.9799,68.0826,71.4196,84.0817,56.0343,28.8707,22.4486,29.5155,47.9278,70.6933,91.4686,129.9680,126.3690,100.2840,100.0730,48.7606,63.8490,35.1568,31.0999,45.6133,68.6720,80.3853,48.3662,55.3548,112.0990,154.9800,133.1620,101.6690,74.4618,60.6040,57.1758,67.7596,73.5192,62.0777,34.4639,19.4640,26.5694,43.4588,20.7775,7.6395,12.7366,28.4590,53.4329,77.3867,59.3227,24.2186,47.7826,97.3162,93.1105,87.0932,131.5540,227.0430,272.8200,286.3800,219.8960,104.9930,113.0560,125.7230,82.4952,76.2249,54.7921,35.1721,98.4836,142.1190,120.6500,106.0660,85.0365,100.1920,107.3580,63.0910,42.7769,39.0783,72.1165,60.0971,61.8088,91.6071,145.2450,170.3280,104.0880,56.0042,39.8639,54.5486,70.2630,83.3946,85.0230,48.2894,15.3657,31.4214,58.8909,62.2843,43.0592,66.3540,99.6879,88.3994,81.3279,40.8484,70.0413,82.6024,86.7261,91.6806,68.6069,45.5682,41.6121,31.9081,42.9424,50.2734,64.3761,45.7355,26.3234,21.0355,16.6064,20.6735,25.4673,34.5109,42.4582,29.3166,17.0726,41.7832,65.4229,56.5669,42.5301,34.2792,51.3694,63.7638,40.4819,35.0633,41.9038,89.6380,105.5920,99.4461,78.4999,33.1141,46.2198,52.1859,39.8182,42.5602,64.9117,101.8210,83.7798,68.2608,55.4625,48.2925,20.4097,32.7544,80.6114,123.5900,119.8530,112.9500,106.1410,104.5600,79.9197,66.5683,91.5606,97.7628,92.0997,80.1231,64.5578,74.8270,99.2734,96.2730,94.9318,42.4054,17.1011,11.3137,19.8989,33.7033,42.2995,26.7049,17.2802,47.6464,67.5425,69.6591,68.6595,40.2485,31.2739,48.0648
87053.7000,65732.3000,34994.4000,35959.4000,46678.5000,38836.1000,30048.3000,28211.4000,25823.7000,23941.3000,16563.2000,5806.4300,2874.3100,5018.5500,4519.0200,4942.3000,6691.0500,6916.9400,6442.3800,4958.3400,3265.7500,1422.2500,529.3990,2436.9200,3314.1800,3125.4200,2562.8700,1871.6100,1608.2500,1810.9400,2704.0000,3077.4900,2165.8300,1430.9500,758.8570,432.0680,378.1550,523.3650,706.4280,831.4350,632.7080,316.5370,236.6820,263.2080,247.6320,349.9200,390.3050,381.1710,255.2670,169.6960,111.9370,136.1770,250.8700,253.5430,213.0270,155.5950,109.4800,122.7240,173.4090,202.3900,156.0990,104.2880,56.5653,26.9355,32.2518,133.9310,207.9220,224.1100,249.4670,245.3470,229.7110,173.1580,135.0520,118.8090,137.7630,156.7910,130.6360,75.0525,62.4061,79.3536,72.0299,67.7049,43.1185,70.6201,84.6936,83.2311,79.9974,59.5447,58.8440,68.4652,66.4443,74.5472,107.6770,131.7950,104.7820,94.5670,47.0909,26.2244,16.3363,39.8670,100.5050,199.4630,350.6580,438.7070,430.3950,408.8070,395.2030,297.4750,152.0730,94.7501,107.4480,108.6260,89.8304,61.2110,62.7096,82.6541,149.8160,192.6400,207.9310,214.5540,209.2440,181.7890,118.9380,95.8493,162.3670,171.9710,147.2830,139.5890,153.4500,145.2470,59.3580,23.4120,17.0446,18.8763,47.0057,75.2233,86.9304,101.7850,78.7889,33.4014,17.8737,48.9593,67.3022,57.4819,53.1830,51.4037,65.2848,73.1379,87.7934,123.5410,143.0040,137.4150,126.9710,101.3170,58.5250,43.0771,64.7224,85.0576,65.0157,40.6245,34.6651,40.5025,43.7905,27.6661,17.2340,35.2416,67.1894,64.0588,51.9031,30.3055,74.3530,144.5170,138.0390,78.0990,72.4715,133.3380,170.0840,215.4560,253.0210,170.1760,85.3244,13.4704,24.2349,20.5262,54.0734,35.5595,51.7759,160.7790,198.5250,192.2630,157.9700,130.5780,150.3740,145.7950,117.8000,101.9690,94.2853,90.7233,97.8271,92.3159,72.8099,43.1245,23.6333,84.2456,118.4020,134.3520,78.6140,92.2299,178.0470,206.8000,166.8600,118.7130,86.8403,94.2098,124.2520,144.4640,166.5810,148.3620,132.4270,163.2780,144.6290,95.2139,102.6770,136.9480,137.6100,102.9650,43.8297,43.7653,75.2159,95.4305,84.3573,62.4801,52.9005,20.8217,15.0078,15.2798,26.9894,22.7436,10.3041,20.4043,41.4073,64.9922,36.6523,18.4059,29.6606,30.7712,23.1747,22.3935,36.6336,31.2743,27.2091,24.2090,24.5306,16.6311,14.0440,15.8228,15.2613,16.6942,35.7658,51.4728,61.6980,83.1523,121.6650,106.5630,68.8999,71.9807,80.7665,73.4614,47.9554,56.1978,56.4692,23.1462,48.0448,87.1423,46.2694,38.6889,11.1207,23.5252,60.5545,104.2040,117.0420,129.6570,130.2410,110.1450,62.3764,33.5800,20.9992,23.9728,39.4355,50.0789,72.4176,59.1964,41.9942,30.2987,63.1902,47.9588,41.4467,85.1659,103.3220,132.4150
85244.1000,63347.2000,32171.5000,33218.4000,42767.3000,32867.8000,22395.3000,18080.6000,17022.4000,14466.0000,12839.1000,11419.6000,10682.7000,7996.4000,2659.7300,1648.3400,4471.2400,4659.0000,3628.9500,3056.8600,2036.7700,1743.2000,2423.1700,2129.2500,1846.6100,2327.3000,2459.9000,2083.8300,1686.1000,2553.1700,3495.8000,3788.7900,3618.9800,3215.8100,2742.3600,2162.5200,1155.7000,606.4200,890.3800,1315.2300,1315.3400,1051.8700,904.9720,655.4740,450.0240,555.2940,636.6560,657.4210,627.2040,591.0890,463.4590,278.1260,189.2570,187.8950,148.7360,286.1720,389.1200,556.1870,732.6020,627.7270,424.2010,247.3250,62.7019,75.2000,67.6414,49.4059,135.8570,166.1970,165.2870,116.6370,81.8245,34.6173,28.4362,66.8112,91.8727,96.0999,124.7830,71.7365,67.3875,13.8820,11.1695,8.5579,31.8677,46.7882,57.7308,63.3754,68.5450,51.1890,15.9636,22.9910,62.2813,91.0002,79.3631,96.4498,88.5203,74.8854,62.7187,38.4866,48.8650,80.8596,103.0760,136.6860,245.3960,349.8480,351.2380,334.9540,284.0910,169.1860,67.5386,77.3356,151.5690,149.3490,151.8860,140.7000,112.0220,79.0206,59.7203,54.5533,35.4251,97.5871,97.3896,103.1800,74.9240,67.0695,75.3636,50.8705,31.2711,15.6299,8.9331,9.2997,3.5356,10.9432,34.4025,45.0489,73.1640,29.6987,21.9491,50.3085,35.3502,36.1328,32.8726,30.5823,40.4964,14.9717,36.4557,93.4441,115.6750,122.5890,112.1530,59.4682,37.4645,14.3291,36.2813,97.6806,102.0040,55.2977,23.6695,63.8418,75.2192,58.8067,42.0344,53.7000,67.8468,69.4935,64.2310,86.6253,105.0270,81.1037,38.6277,30.7719,48.7438,71.8376,74.9891,112.1950,148.7190,186.3270,206.8280,242.3250,217.0860,119.2880,41.2161,30.0532,89.6293,139.7180,106.1290,65.0163,15.5900,55.4809,87.4589,99.7367,99.7233,59.8325,43.5292,59.5933,84.1480,94.1487,116.1450,86.4617,60.6171,56.5736,80.6163,108.4190,113.5240,126.9500,140.8650,141.4570,103.5740,62.3993,48.2009,53.5356,45.3191,48.6527,66.0320,74.7067,53.9276,50.1229,75.9644,103.1650,100.7450,79.7381,47.2541,14.1449,18.3189,10.0914,64.4150,83.3299,104.0090,107.6160,124.4540,118.5860,80.5681,73.7985,96.2040,102.1740,95.3764,89.8922,91.0161,55.3781,30.5367,5.8521,9.5418,20.9908,36.3285,34.7883,43.5762,43.7598,41.8559,37.6113,29.6857,35.9409,51.2662,34.3063,15.5465,37.2725,62.9987,44.5345,36.1820,12.9893,23.4488,41.7951,48.9188,34.7285,33.6985,42.7054,47.2012,54.6840,65.5415,56.9622,40.2097,58.4851,46.2769,35.4746,73.9850,63.2676,33.0972,52.0529,76.9226,69.5070,46.5488,35.1019,47.5000,60.8692,61.9934,62.4050,64.8978,63.5050,78.1137,93.6191,90.3648,82.8183,78.4991,71.7672,77.1692,89.9109,80.0754,67.4173,52.8120,40.8438,46.5659,56.3623
86180.7000,64231.1000,33026.1000,34255.9000,43435.8000,32977.7000,22377.5000,20610.3000,20937.4000,21565.8000,18141.6000,14977.0000,13893.4000,14884.7000,15619.6000,15618.2000,11242.3000,6159.3200,4645.6000,6526.9200,7288.9300,6709.5700,5342.3900,4400.1300,3325.0100,2347.6900,2002.3000,2560.6000,2670.0900,2000.6800,1344.5300,831.3480,795.9900,1205.1200,1511.7000,1765.7900,1576.6800,1069.8600,711.1900,806.1700,975.9060,985.3100,838.6390,409.1980,188.9800,344.3380,528.4980,499.7630,288.5910,178.7910,280.8790,338.1700,495.5910,546.9260,600.5650,682.7420,784.7020,828.8100,713.9890,516.1340,425.2790,422.5610,413.4350,410.6630,371.7780,390.9220,378.0370,316.2690,226.3360,129.4520,106.7480,162.1880,202.2720,206.9400,203.1310,213.4020,208.3010,170.9440,144.1040,128.6680,144.4550,162.0020,191.3410,210.0590,206.8020,145.1710,76.8473,33.4639,26.3892,41.8864,98.8755,106.5990,92.4319,24.8562,73.6616,101.0180,112.0050,82.5354,59.2210,101.6870,154.2960,223.9160,343.7020,442.8780,469.3610,455.4720,420.9860,282.3070,217.0490,304.2270,337.4470,279.1600,230.1610,197.8250,159.7120,130.4500,144.4030,151.1220,158.4300,158.4140,138.1990,116.4030,96.1935,71.2248,69.3121,99.0281,116.8610,119.7960,153.6240,163.7240,162.2840,145.6870,129.8030,76.5843,79.7786,119.1220,93.3058,30.7787,41.7402,104.4720,141.3380,130.1180,95.4836,54.8423,28.2578,107.0510,138.6510,157.1800,157.5480,168.5010,155.8870,107.3880,65.7270,37.6523,38.9164,44.5572,53.6297,10.4051,44.3422,43.4993,25.5913,15.7656,31.3620,30.7693,80.8209,84.9188,100.0280,67.6028,33.0844,51.7873,83.0530,109.1540,87.7543,106.5610,167.8550,223.2790,261.1530,302.9800,258.1350,109.3280,44.2770,81.5217,91.9460,81.9828,66.0179,39.6869,19.0980,74.9636,85.4053,88.3546,75.5989,80.9304,99.5748,94.1195,82.0925,78.4102,76.1531,46.9753,24.5895,63.4909,93.1896,70.1573,48.3249,38.5848,61.8270,58.8617,30.9828,23.3608,42.3415,55.6461,57.9793,56.1908,60.9769,50.7173,44.8581,57.0870,41.4935,39.3241,40.4610,75.4966,86.2800,93.3318,105.7230,117.6520,88.0958,63.6427,66.3293,90.0438,102.1660,73.3564,81.9615,110.7340,93.4153,71.9493,20.2257,42.1474,59.3909,60.9759,52.8897,66.1614,69.9363,60.2253,60.9025,62.6303,63.2487,51.3724,25.2595,24.8160,11.7797,22.2734,24.7261,71.7943,80.1802,81.6179,50.7625,29.4068,50.3145,41.2664,26.1176,45.8991,60.2462,64.6878,80.1712,101.0690,111.7880,69.5782,46.2885,14.3443,16.7016,27.9423,28.5623,24.6825,28.6508,50.3482,54.6372,44.5588,36.3947,13.0113,13.9846,28.6696,37.5500,24.6530,16.2844,27.6388,10.1190,16.0818,25.8025,14.0725,10.8174,32.6865,55.2147,70.2287,89.0569,77.0661,51.1934,50.1018,42.4321,33.1164,32.5716,35.5054
89042.5000,67488.2000,36867.5000,38164.1000,48761.3000,40472.9000,30207.5000,28746.7000,29481.5000,26762.3000,23614.9000,17189.3000,13483.8000,13557.8000,13751.5000,12878.6000,10676.0000,8905.1600,8745.4800,8249.7200,8222.9800,7886.3300,7962.8700,6787.9300,5026.4800,3726.4500,3053.4100,3044.6800,3068.2800,2798.5200,2449.9400,2093.9500,1720.8700,1394.9100,1181.7600,941.0330,579.1540,306.5270,271.6670,365.4850,317.2710,295.2070,390.7240,458.7770,522.0110,454.3360,324.0660,262.8720,198.5160,184.4330,232.1020,282.2070,294.9510,312.9950,304.4320,425.7550,641.7370,744.5090,715.9690,748.8200,523.2080,241.8870,178.2580,299.1220,298.6040,328.2220,242.4060,154.2390,112.0750,90.0537,72.8119,126.9010,117.9590,105.3580,120.1770,178.2700,219.2800,130.7430,65.2354,26.8522,57.3897,53.9383,54.1179,58.0096,65.0022,74.5939,64.7488,69.9807,41.5751,27.7244,57.3827,87.3423,80.3329,69.7353,41.9919,45.1355,75.9373,92.6024,105.4150,137.4630,190.1330,278.6440,437.7350,549.1800,539.7620,493.2330,406.1560,235.5800,128.5080,130.9240,130.5430,112.8280,110.8520,77.8250,59.4497,26.7133,52.8510,79.9101,109.7130,103.2470,98.6184,49.7962,30.7274,22.0146,30.5726,41.3585,53.9503,70.7599,80.6844,96.2549,109.7340,108.3670,103.9020,84.3379,97.4324,153.8830,194.7200,155.7080,117.3430,65.4420,42.0257,36.7597,33.5582,44.1582,55.1929,81.6632,119.3030,119.1500,109.9850,116.9300,128.4330,140.6960,121.4770,111.4740,102.7390,81.5470,56.6150,22.5290,70.2751,91.9406,89.6390,90.3546,103.7620,119.9740,81.4388,84.8961,117.1590,114.3030,127.8360,115.4390,96.0568,106.4120,77.1724,90.1258,166.7260,235.3300,255.0710,295.9150,270.5920,168.8210,98.3878,84.2296,83.5413,94.5267,96.5375,90.1002,59.5955,40.1113,62.6608,85.8459,54.4520,52.0400,65.0863,38.3414,31.0187,56.0867,76.9979,35.5035,19.9530,65.8956,64.7622,57.4580,40.3867,55.4433,68.7433,62.4212,71.0505,65.1789,69.7562,31.3621,44.4172,40.3845,49.4129,58.0545,69.9930,95.2076,122.2730,89.0433,62.0550,70.8992,70.3273,65.8383,13.9122,57.6258,69.9350,90.9837,116.9740,161.3310,163.0350,120.5480,94.9230,66.2921,57.7679,61.3076,75.5793,39.4192,54.9199,53.3056,86.3304,64.0628,40.7484,23.5306,45.2597,69.6445,52.2653,31.7771,33.1097,40.8922,38.7307,32.5709,13.7820,31.3325,64.6036,94.2278,84.7066,78.0569,88.6361,98.8645,100.4750,65.7607,19.6730,36.1597,63.0250,82.7785,52.8997,28.9873,64.9563,94.5553,78.3168,48.3228,50.4846,76.2838,100.8980,52.4777,18.6472,29.6097,24.7637,44.0420,69.3925,61.5272,20.2773,29.9593,74.0492,57.2234,29.6678,37.4895,63.6377,103.0690,127.7010,138.5820,144.6430,169.4000,170.2490,152.7700,141.9740,101.5430,64.4180,59.7855,78.2751,83.9107
86120.7000,64615.9000,33822.8000,34690.4000,44811.0000,36117.3000,26630.7000,22910.1000,21198.2000,19259.4000,15610.9000,12534.0000,10641.2000,7740.7400,4605.8800,2873.6000,2608.1400,3318.1200,4565.4000,4730.8300,4367.6500,4306.0200,4471.2800,3977.2200,2870.8400,1751.8700,1170.1400,1174.7900,1308.5800,1331.2500,1302.8100,1338.4100,1057.3900,422.4460,185.6110,314.1850,500.1290,607.0770,620.9160,733.0560,743.4110,536.1600,445.2270,301.7660,238.0280,216.5560,174.6560,202.1960,211.7110,169.8650,213.7630,277.3390,279.0250,205.6230,187.6410,331.6250,506.5570,667.4650,649.3340,597.4230,630.1750,405.0710,666.9350,607.8820,510.7020,379.7560,257.5220,237.2730,225.3430,302.5020,291.5260,304.9750,196.5750,119.1960,137.3280,189.7900,265.1120,259.8970,288.3670,396.0990,489.6440,566.5380,420.5550,318.7690,282.7270,239.2910,147.4780,89.9558,145.3450,200.1940,162.9730,138.4200,120.2920,74.8925,27.1164,62.9856,112.6750,103.8340,102.8610,112.6630,172.4880,261.8490,411.1070,517.9020,521.0460,523.3980,456.6830,211.6090,88.3852,219.1050,237.2000,244.9520,95.8987,90.6045,218.8520,153.5920,141.8940,178.5120,263.0790,211.2500,107.8070,24.7984,67.6409,141.3620,122.7540,109.0940,121.9850,147.9660,176.7140,218.8050,245.5480,263.0770,242.9220,228.5110,371.5900,404.7800,370.9800,251.3160,68.2653,101.5160,165.0250,69.1425,73.1331,77.7848,79.5781,50.7672,101.1890,214.4740,219.0540,173.9640,131.7850,81.2043,77.1432,25.5311,30.5787,161.2390,111.3750,67.2777,91.5904,113.8620,124.9750,44.4706,225.4860,231.6470,279.4990,148.4030,197.6150,282.3790,162.2790,160.6390,201.3630,148.8780,91.1572,226.4330,306.0450,226.0420,207.9550,243.9790,304.3070,105.3780,138.6820,153.2730,221.3460,327.8670,211.8370,110.4520,257.2760,249.6190,303.8630,162.9990,114.7630,101.8930,91.6109,47.4194,95.3309,177.5200,223.7100,284.9650,286.2030,270.1770,82.3596,40.7006,102.0030,110.2320,101.0090,121.6610,245.3640,329.5130,401.8750,398.1240,223.1340,159.3440,144.1940,174.9590,260.8310,257.2880,207.3020,167.0970,149.1250,161.9240,87.6068,247.6120,223.1070,140.2860,134.0100,253.6540,107.0830,84.7950,261.6720,207.6500,231.1420,151.1990,207.6230,285.2230,366.9210,263.2940,154.8850,115.5620,165.6760,146.5140,147.5820,215.2480,356.7650,373.3020,277.9690,143.2960,272.1940,256.8560,214.3130,144.8220,370.6200,312.2500,299.7060,296.6050,337.5040,278.5940,142.7840,135.1570,254.0110,453.1660,400.8420,356.9210,202.2390,180.2380,208.8540,205.1990,273.8370,387.0920,343.2050,301.9310,111.5300,62.8976,139.1620,208.3210,197.1930,301.1860,210.2650,223.5260,64.7452,30.3917,48.0419,117.3120,73.9520,82.2901,123.1430,132.0280,117.8830,93.1922,139.1060,220.8850,377.4670,314.3640,156.3890,127.4390,138.2880,113.9730,84.8986,198.1360,384.6850,366.6710
86356.8000,64913.3000,34045.1000,34947.0000,44599.0000,35501.5000,25688.6000,22166.5000,20811.6000,17978.9000,15136.7000,12049.6000,11066.8000,9993.8400,7068.2400,5755.4500,4175.3700,2058.6100,2580.1200,4403.9300,5389.8600,6031.9500,6269.6400,5701.8400,3553.5800,1388.3400,1090.8100,1704.4600,2255.7100,2121.2600,2029.3900,1901.4600,1808.3400,1575.7700,1260.7900,792.1480,334.2190,108.6780,165.7720,137.4960,253.3200,187.8120,173.8650,115.9650,206.2150,286.2910,98.7545,91.6894,215.2430,195.9850,174.0420,187.4890,174.6180,184.6210,305.0350,517.9810,682.4980,640.7700,600.5060,549.3980,496.5070,355.1570,288.0370,384.9690,465.9820,475.9100,446.0640,428.9240,366.3620,317.5370,263.0950,234.4030,246.7940,300.5690,321.9560,274.7770,228.4030,171.0070,124.1750,106.2700,156.2130,187.4390,121.7650,97.0162,100.5390,111.0970,77.6234,61.7876,50.5637,24.5545,41.6442,72.2028,125.9690,153.9030,91.6025,46.9713,152.4590,208.8800,227.6980,169.8730,150.2430,231.8800,411.7940,570.4940,532.7530,479.0980,338.5350,272.9520,319.3440,350.3850,287.9200,223.1440,170.6760,162.6100,151.2650,158.9270,191.4550,279.5860,175.3450,105.2530,211.6570,344.5300,334.3600,291.8620,174.5750,131.3280,114.9090,94.8212,94.1199,116.2340,121.7410,203.7080,183.0860,146.3350,67.0349,193.6590,214.0410,341.4140,176.6210,147.2390,120.9560,242.4200,197.2200,228.2210,148.4270,207.9520,227.5420,217.0560,201.4980,87.6647,90.0089,130.2860,246.6840,362.3280,302.3510,258.6190,189.0830,163.4270,257.0940,246.9120,266.1800,79.4198,127.2990,168.7420,252.7930,171.5980,150.5910,53.2134,200.3380,254.6040,309.6870,134.7210,82.0528,240.3640,361.7220,349.3370,351.6040,291.3010,244.9330,179.3400,81.9081,101.2730,176.9340,255.9010,267.2210,157.3680,72.9859,181.6220,267.7260,250.2550,244.4560,257.8400,306.9130,358.0620,338.2860,203.9610,167.0820,98.0881,170.6600,123.3770,88.5029,105.2120,166.6430,229.0460,283.7270,257.3740,201.7230,180.1820,183.9030,190.1460,188.5880,184.0170,185.9060,203.2180,208.3040,212.4540,178.2130,114.7940,149.1090,234.3670,261.6210,248.1370,230.2050,213.9500,210.7290,227.5220,214.4260,112.4050,56.0573,25.6458,59.6297,73.0639,106.4160,75.6305,44.2592,87.0010,116.8240,168.6820,224.9610,308.6370,375.3850,354.7300,307.2540,240.3640,134.3710,32.2749,52.8323,86.3439,112.2860,122.3400,97.5161,53.2161,42.8811,33.0110,36.6365,48.1383,101.8780,162.5860,209.2070,211.9870,141.4040,83.6328,90.7637,113.5750,126.8700,120.4100,94.0275,34.0429,87.3984,121.6390,147.1560,126.8220,127.9040,163.2340,206.8650,235.6810,225.6510,199.6660,122.2340,69.7115,75.2735,96.4646,107.7460,90.7573,71.2671,47.5701,25.4644,64.5465,130.0910,136.4710,144.8690,155.2170,201.0910,195.8120,115.1260,59.7504,19.6253,22.3003,77.6630,151.1200
86214.9000,64588.9000,33378.1000,33902.5000,43688.9000,34528.0000,24185.8000,20652.3000,19465.7000,15837.8000,12614.3000,9647.9200,8090.6100,6134.4300,4649.0100,5223.9700,4814.8100,3490.7300,4190.5800,5443.8000,6248.1600,6262.5000,5389.6500,4161.8800,2761.0900,1774.4600,1635.5700,2017.7700,2151.4800,2049.9100,1694.8200,1314.5300,768.1900,433.8110,571.8630,442.5810,684.6130,584.0040,475.7070,363.1730,260.5030,291.8720,257.9950,340.1970,397.7740,435.9870,285.5370,221.3920,288.7160,265.9050,201.7920,172.2760,159.8610,176.5060,259.7090,432.6310,658.8100,698.8620,601.0010,516.5500,361.5100,329.5350,377.9270,362.3710,294.0780,253.4500,210.0590,186.5560,171.6850,194.3320,218.9340,180.6980,161.0350,190.2100,197.6340,171.5570,134.6150,76.9075,72.5190,68.9742,33.3744,31.8180,25.8547,46.8743,63.6177,86.6905,125.4570,182.1060,170.6950,96.9313,79.7681,132.2040,137.5010,115.1480,47.2946,73.4214,116.8070,91.1272,45.1487,21.7918,56.4757,139.2370,252.7750,304.7780,306.7530,290.3530,260.5080,147.4550,76.1628,105.4140,99.4147,67.3097,57.2706,80.3758,90.2970,67.9536,121.4990,187.5640,236.6760,215.8140,117.5450,78.1486,129.5460,216.8790,238.2630,219.3510,196.0080,171.9870,108.0640,27.2166,61.7625,98.8557,104.9600,84.2939,72.1797,95.9538,103.0550,70.4688,48.2901,24.2593,33.5353,70.6423,81.3001,68.6921,60.9962,46.3971,43.5489,38.2584,61.5315,114.4630,127.8800,99.1993,80.8772,74.4663,93.7554,110.5490,83.3594,49.7465,19.9100,21.0033,30.8679,43.3204,21.9649,10.7131,33.3375,46.5938,47.5441,36.8295,50.4690,84.1322,119.7290,133.3840,121.2230,116.4870,146.7430,194.7970,244.9140,300.0560,299.3460,172.3900,81.9894,89.2305,109.3700,109.6580,112.5760,98.4205,63.8467,55.0295,95.8970,136.3710,157.0820,141.7580,124.1180,129.9520,136.4150,128.6470,117.9790,115.7230,101.1900,70.4978,49.0113,38.2880,26.1827,10.6487,3.8869,17.3264,19.4423,26.5410,38.4812,59.9245,52.4151,78.3084,94.1048,79.7993,75.3031,39.2608,8.2206,62.9667,113.8920,189.4640,190.0420,128.6270,83.2811,73.8099,86.5992,86.6358,81.2422,65.4398,60.4405,60.0331,47.3849,27.1275,21.9210,20.9579,30.6101,52.7940,74.2947,41.7102,34.9149,51.7449,96.2108,129.5020,154.3640,160.7070,157.4900,144.7190,109.0950,84.4666,63.1701,57.0060,97.1464,133.4270,119.1850,107.6740,125.0190,149.2270,161.9250,144.1380,102.9210,73.7593,52.8248,36.9901,28.6676,50.8990,42.9484,29.7075,19.4328,51.9247,77.1965,86.4908,77.9465,68.6495,70.7444,71.7436,66.7917,65.8311,37.2102,47.5778,81.9925,36.7757,41.2934,102.3290,121.3830,90.4973,42.7130,26.4402,88.9707,136.8650,144.1030,128.3200,126.5190,141.6630,169.0260,167.2000,122.8250,70.7640,25.9249,29.2250,57.0376,87.0901
86455.4000,64597.3000,33567.3000,34498.7000,44332.6000,35039.2000,24823.7000,21105.5000,19480.7000,16113.7000,12156.6000,7998.7600,6949.9000,7519.4200,7467.7600,7406.4600,5730.4600,3848.3100,3807.4100,3861.7500,3237.8300,2330.2400,1940.0800,1461.7900,1261.4100,1707.2800,1810.4000,1304.7100,938.5120,602.1440,268.4280,148.5720,316.9240,442.7290,541.4860,579.9890,472.0710,341.4490,253.1370,214.3660,275.5980,395.8710,596.1120,669.7840,688.7730,662.6120,584.0980,441.1320,271.9190,234.5970,175.6780,98.4867,185.5690,280.4240,311.8510,381.2150,521.7030,646.1770,666.9790,657.7600,559.7110,319.0240,153.1410,72.6225,37.4281,26.1962,45.6968,112.3490,185.7160,203.3180,262.6740,250.6970,197.7620,136.0020,77.6260,25.8752,54.0099,83.5033,100.2120,134.2220,86.6655,115.7140,153.3420,177.1370,185.7620,145.6850,97.2047,125.9690,139.8210,146.8530,207.0360,230.1470,197.4950,157.5100,91.0589,21.7231,48.5970,78.0038,93.3794,75.1840,95.3218,180.1200,316.0340,408.3410,408.3480,391.9430,338.4630,185.2850,59.9914,60.7768,140.3550,133.4540,94.2161,80.9593,43.3390,73.6132,104.4200,139.1670,150.5780,154.9760,155.6050,171.6230,152.5300,90.6621,41.0607,11.6348,27.1749,65.2239,114.6710,153.9710,183.5500,200.4450,197.3230,171.8050,73.4634,57.2270,98.3373,150.4290,121.0630,63.0156,63.5018,90.7685,87.1237,80.5993,77.4350,74.7884,73.0693,66.9638,54.8950,76.7872,58.9540,48.7703,23.2124,29.6006,54.6278,90.4258,75.3777,62.4699,36.6181,37.4628,15.3614,30.4619,35.5111,32.3365,53.9240,78.4053,83.2671,86.6259,86.3695,94.5824,126.7340,163.6730,170.6650,160.1580,197.4020,275.5830,337.5500,406.3390,398.2390,275.9310,174.6980,99.3031,62.5373,75.1651,79.6683,64.0761,35.3258,36.6806,34.2539,35.3304,57.4201,70.9430,87.1359,113.7280,120.1540,126.2840,126.9160,106.8150,82.8306,83.7059,63.4358,40.7667,88.8416,133.5720,138.0270,120.0560,104.4860,93.2681,66.2036,59.1601,76.8691,106.1150,123.9420,107.4490,80.2156,15.7875,4.1051,27.8238,62.3000,82.4075,78.7195,28.3678,38.3404,41.2894,58.8930,62.7157,76.7526,97.7197,87.0139,73.6113,50.7899,47.8825,44.8035,36.6872,26.6948,25.8926,47.2073,52.3651,26.6429,37.3450,78.6032,124.8240,167.7660,182.8970,194.9460,173.5190,123.0970,84.5689,59.2642,52.7660,88.2494,112.5340,127.9420,137.3120,163.2510,211.8700,218.9670,196.8610,169.2210,119.9480,87.7346,130.7660,194.4620,242.3960,193.9510,117.5900,94.4436,107.4460,116.3740,119.2520,109.1550,84.8192,55.9993,56.0760,46.9867,24.9502,7.0476,37.2682,64.7361,88.8884,99.0659,101.8080,68.0778,73.7085,47.9281,58.9092,77.5691,111.5380,134.5220,158.0190,195.1710,203.9270,204.9470,193.8210,163.5770,99.6435,54.5969,48.9113,36.4827,40.1248
86499.0000,64724.2000,33766.4000,34996.0000,44477.3000,34640.0000,23674.5000,20317.5000,20266.6000,18595.1000,16333.6000,14749.3000,12724.3000,10690.6000,8152.9000,7399.9100,6733.5500,5462.9100,4912.2400,4477.4300,4385.0300,4319.5500,4405.4900,4031.7500,3205.1300,2234.8900,1384.9700,986.9980,1050.5300,1645.7000,1905.4500,2163.1200,2517.3100,2709.7600,2025.3700,1334.3100,850.6050,687.5400,631.9530,537.0550,589.4340,709.0950,762.9610,585.8100,320.6200,168.8770,180.2200,188.6790,211.2840,253.9150,262.8350,275.0880,263.9520,270.5260,314.6750,389.9290,508.3110,512.5120,372.6630,253.5000,46.0951,216.7640,277.7070,316.8710,336.7330,289.2160,123.8830,134.3540,124.2960,165.2230,106.0480,90.8196,106.5920,75.8867,65.7837,31.3461,49.3639,37.9212,72.9744,132.5890,141.9870,183.4250,121.8630,116.9800,112.9920,97.6174,114.1620,91.1296,39.1551,27.3089,72.1290,130.6350,155.3000,161.7890,160.5660,183.3520,218.8700,193.5730,150.6200,114.6660,38.0733,82.2562,151.5730,234.1220,210.9580,167.2830,127.3370,69.0694,75.9626,140.1310,172.6070,150.8620,158.1930,160.5290,162.7930,113.8650,98.2903,110.6710,142.3190,200.6950,241.9110,274.5830,282.3530,231.3330,154.1430,119.7310,124.8270,105.6620,70.4758,74.0380,94.5745,111.3900,104.1140,91.3336,80.2163,63.9422,33.9514,13.7696,18.8906,19.5284,44.1306,53.7528,70.8103,93.2852,111.5510,115.8920,106.4020,88.4597,67.6889,43.8921,47.8796,35.9153,67.8492,73.7986,85.0231,90.6382,71.5118,65.6380,84.0142,80.2492,74.3165,56.9243,54.5563,25.2259,17.0279,20.0961,8.3571,5.2915,7.9855,42.3488,45.0296,68.3536,69.0390,90.6292,103.4570,109.1610,120.6640,129.3700,115.5900,96.8293,81.5949,65.6586,60.3026,57.6905,53.0888,43.1857,38.2426,38.5879,57.9684,65.1150,55.6759,49.7433,64.2645,53.1785,42.9551,36.7603,35.6593,19.5413,11.1371,20.1365,34.7874,62.2365,77.9933,64.4032,74.0602,104.9320,145.7410,149.2350,121.2850,104.3310,95.5811,91.0310,79.0471,25.9720,29.4169,70.7600,58.3357,61.2056,70.1790,83.2825,59.8691,36.5133,22.4898,30.1351,41.8067,80.1872,90.4577,99.5296,101.3080,91.7115,76.4618,76.3162,78.2823,64.7162,33.1132,17.3767,36.0471,33.8450,34.8130,50.4199,42.6589,40.0484,57.6343,77.6894,100.0650,119.7800,128.7370,96.8290,65.4071,50.0248,42.7079,51.5607,78.7375,115.1280,160.5570,205.5710,178.2960,145.5630,136.6850,141.1360,114.7490,56.2651,25.6696,20.2784,26.0076,38.2983,40.2577,52.9620,83.1307,87.7135,77.9936,74.3684,46.4838,42.3634,54.9072,75.7512,75.5220,66.4032,63.0492,70.3683,81.0989,64.5249,55.0072,51.6285,30.1762,23.6011,45.0086,76.2750,80.5233,69.1570,99.9969,129.7570,127.6830,106.0330,70.7224,71.5633,58.8666,26.8679,29.4756,83.0518
87235.7000,65808.8000,34982.6000,36080.1000,46599.7000,39269.5000,30388.8000,25867.8000,19828.0000,15032.7000,11623.2000,10845.4000,10764.5000,9704.2400,7526.2200,7083.2200,6225.7900,4510.4100,3754.7200,3350.9800,3006.0200,3409.5200,3639.0800,3409.2800,2781.4800,2285.9000,1534.4700,816.2860,285.5390,426.7030,980.7640,1175.6000,1174.4100,1144.3200,998.6990,785.5660,454.3970,284.1220,285.1820,304.9240,172.5900,89.5131,195.1540,256.2000,200.1800,164.5660,114.4580,64.7489,92.4769,215.3640,296.3140,355.4190,381.8540,303.3770,218.3660,270.2370,399.1870,443.9400,398.5880,310.4670,46.4235,255.5180,368.7890,455.1710,446.5520,361.8480,257.6240,198.2640,224.3500,219.2500,207.3740,110.5150,46.4143,89.8075,153.9290,178.5870,159.2420,138.0620,110.7730,95.0089,81.5615,85.7935,95.4529,95.4480,106.8200,101.2510,73.1296,41.6484,28.6510,38.4466,49.6027,68.8037,88.8818,89.9126,67.6789,56.3341,34.0273,31.6791,59.7539,52.5057,23.5708,23.8061,78.2498,117.0910,133.1800,151.8500,151.3800,162.0230,168.8490,211.7700,203.5380,162.1120,147.8850,136.3020,111.0930,60.9547,50.1880,52.7101,92.3821,154.2120,166.9930,178.8580,192.0980,203.8180,142.4790,85.8363,57.0316,53.9560,50.5151,29.3286,13.2907,7.1971,25.7497,61.3774,69.1449,86.5497,53.1332,44.9151,62.2042,50.4229,39.1900,15.6706,20.4229,19.9302,9.3876,5.9406,12.6783,23.7354,27.3642,31.0243,14.6927,22.0992,37.6722,35.9644,36.3776,12.7028,13.6106,9.4452,13.7138,13.5923,7.7872,42.4601,46.6697,56.6668,67.0342,103.2980,115.5070,106.1840,94.5258,90.4161,73.3509,45.5870,41.4720,50.4161,47.0844,57.1403,58.7071,48.1855,54.3406,52.2921,37.1315,47.0524,24.9432,31.1277,30.6771,55.3283,65.2377,75.3470,81.0098,59.5677,40.8278,26.4860,10.6241,9.8822,5.2440,12.2220,27.3440,38.0840,45.9136,57.6751,61.0549,55.8601,47.2309,50.5501,68.1106,74.1352,55.9796,34.9484,36.3361,42.4798,52.0299,63.3588,59.1062,73.1577,56.4190,46.5330,48.2462,40.9262,34.0482,34.9955,46.4893,63.0627,72.4979,91.1998,115.6420,135.5490,135.3260,117.5350,67.7125,37.3614,15.9103,22.4902,15.4883,10.9272,15.7168,16.4924,26.8684,26.9721,28.2908,38.0072,57.7990,61.0856,44.7948,28.0742,32.9258,38.7700,34.9091,36.9065,48.7752,62.4737,84.3146,97.3354,85.3620,77.6438,68.6222,58.4808,32.3762,14.5552,9.9465,21.2746,36.1270,53.7542,68.6964,85.5043,84.2802,90.7729,67.6511,56.7608,48.1892,38.7838,31.8568,30.5887,26.0569,22.2340,7.0403,12.8084,26.5587,39.1959,67.0994,99.2030,103.9090,83.8064,67.5215,43.0165,19.7480,25.6298,49.1172,86.2796,95.2115,98.0609,67.3301,36.8032,47.7218,71.6175,96.5639,99.0022,72.8241,61.4115,40.9228,113.1670
82509.8000,59951.4000,26968.4000,25929.6000,33876.3000,27520.2000,28913.1000,31669.2000,28088.4000,20811.7000,13471.3000,10564.1000,9785.0400,7684.1100,6447.1700,7692.7900,7033.3200,4966.6500,4405.8300,4095.7000,3526.7300,3602.1800,3390.3600,3115.2200,2842.6100,2608.4500,2656.0700,3098.0200,3465.5800,3279.5000,3011.1500,2646.6900,1798.4800,923.5990,438.0130,211.6720,145.5430,266.9000,380.7360,577.0650,628.9880,340.7780,231.7180,175.1640,339.3470,323.9900,272.2600,208.0830,173.1260,157.7320,87.4088,99.3873,142.5490,238.8480,322.3840,385.5570,374.2100,261.3850,182.5510,190.8080,230.8520,198.4100,151.7390,153.2100,229.4640,269.5000,321.1000,353.2660,314.6900,178.3690,118.5620,113.0980,178.1070,129.7850,76.0283,43.9741,95.2694,114.0380,131.6180,145.3750,146.3260,97.6616,68.1713,66.4367,79.6776,77.0279,61.3920,103.1290,127.6460,127.5660,158.0070,181.1730,201.7730,189.2640,135.0570,86.3575,43.4390,66.8849,53.7492,32.5281,51.0958,57.5970,105.5250,86.6910,75.5525,107.4310,109.2420,97.4980,108.7620,146.3200,175.6880,158.3680,144.8690,145.2260,162.1220,164.1210,156.6420,150.8520,141.1350,93.5016,33.6777,46.4834,67.3138,101.6910,101.5350,86.1919,95.0743,106.0210,105.7250,139.8900,175.2750,141.3460,102.4410,60.3500,48.5504,68.6841,72.9481,47.8065,29.6308,45.8538,63.8387,77.7760,104.5050,112.3130,100.1780,82.2715,78.3972,73.0797,71.1815,86.3880,86.7135,46.1770,27.0733,28.8021,48.5872,47.5794,49.5883,51.7103,51.6120,45.0270,32.9370,13.3810,29.4055,57.0222,52.5091,25.5455,31.6702,56.8577,75.4817,68.3123,50.2776,51.1630,63.5581,68.6443,97.8023,144.4730,197.5810,238.0930,226.3640,167.9980,116.7730,50.7890,32.5558,59.8059,83.3198,76.6934,37.4491,38.8295,24.7086,37.2703,57.9059,84.5095,77.4984,81.5607,95.4010,119.2100,124.1040,96.9849,82.2003,70.4476,74.2018,83.3757,81.8731,106.1660,98.4549,105.5770,131.3610,132.8110,118.5570,57.7494,71.0324,122.2880,93.7740,62.4086,31.1500,47.2568,83.0684,126.3540,165.4660,158.2430,129.9310,102.8440,68.5815,48.8174,51.4872,62.6063,81.9376,94.2133,88.9811,77.0210,73.8913,72.7387,80.4487,100.8900,126.4990,112.7160,64.6817,33.3532,18.2183,57.2633,84.4746,110.6460,136.2680,141.5850,108.4520,93.1621,102.9000,101.8140,103.8100,104.5290,103.7370,82.9853,84.6941,102.5470,104.8250,108.1380,110.9190,111.8390,84.4509,39.6164,32.9908,37.9943,71.0875,78.2457,67.6207,60.3904,51.7044,49.4735,57.6143,60.9112,52.7614,47.8060,59.2024,62.5205,81.4521,111.5170,113.9050,141.5840,168.8100,188.1190,181.3340,114.1560,53.3552,32.5797,50.1321,50.1003,41.7632,41.8243,38.5402,26.8400,11.0581,26.8927,50.5775,60.0279,60.1369,32.0930,45.3724,66.9113,65.2879,101.9800
84368.9000,62238.1000,30899.9000,31840.8000,40474.4000,29111.9000,17159.4000,15733.1000,18454.3000,19571.0000,16927.2000,13482.4000,9396.4400,8128.5200,7943.0400,8144.2200,6848.7300,5119.1900,4726.4900,4007.2800,3153.6400,2959.4600,2793.1500,2416.0900,2242.3500,1840.4300,1180.5100,875.7100,721.7270,420.6930,210.0970,234.1540,396.4340,685.7880,876.8660,703.9680,518.9440,314.3130,96.2200,77.9011,142.5680,268.0420,343.7670,391.9950,399.9100,265.2540,117.9040,162.5770,299.2290,279.0160,257.2440,142.7130,52.9148,20.5833,43.8156,74.8527,115.3660,198.0330,333.4450,448.9310,493.6630,527.2320,556.6670,565.9250,540.2690,431.0330,300.0150,251.8100,303.2340,338.7300,333.3520,307.8730,262.6190,176.4370,107.3150,91.3442,108.5610,116.5700,134.9260,120.0080,68.7548,40.1681,10.7614,51.0784,55.8183,71.6946,64.1003,44.8250,66.5207,91.1250,126.4770,114.7950,128.9830,177.9460,179.8190,159.0870,131.7980,93.1552,80.6775,57.5518,38.6730,20.4289,16.1858,38.0681,33.9015,27.3757,31.1738,37.9798,51.3523,64.4526,95.9880,77.3573,117.3300,143.8510,149.9220,155.5200,152.9300,134.8540,126.8240,112.6480,97.9082,104.7490,106.1360,97.8650,105.7580,123.1870,134.2080,109.2680,80.3515,71.0565,61.7230,36.9686,41.4503,67.2554,74.3563,80.1760,91.5664,108.7380,109.8980,100.1480,78.6887,69.1748,74.1797,82.7514,106.7310,129.2090,141.5620,145.4640,121.0820,120.1780,52.0559,41.0657,73.3951,125.1850,123.2020,96.5606,72.5907,47.5658,21.8637,25.4425,57.3038,73.4464,77.2915,56.1732,16.7830,23.2540,45.5871,56.3008,33.2703,29.5251,43.6469,26.6230,57.3829,150.9950,190.6410,215.7530,263.1750,338.6430,308.5960,195.2450,134.2430,88.6646,98.9938,84.2086,65.1982,79.5798,117.9900,161.7970,125.1420,101.6890,91.0071,108.9800,53.4637,77.6767,68.7948,89.2943,104.9570,96.2178,39.0045,70.7079,171.2820,152.9280,129.2690,95.1995,60.1417,27.5825,15.3875,21.1810,43.4783,31.6292,26.3984,33.6643,30.1001,25.3048,48.3889,70.5949,91.2664,131.5560,135.7150,118.8270,111.0040,114.1120,91.8929,66.6421,63.1980,85.9977,142.7120,185.9480,183.0850,207.6290,193.8590,158.6920,142.5450,119.3950,95.2549,29.1701,67.7592,110.4510,152.3420,141.7880,149.9440,153.8910,155.3040,152.5600,156.6190,86.4717,46.7867,117.5540,92.6016,102.7530,70.9075,33.8093,25.3021,98.8763,94.9515,94.3828,94.5450,57.2239,80.0252,52.8314,36.2446,42.9910,24.7822,78.8275,109.6060,96.5933,74.1593,32.2552,48.6535,96.0853,84.0972,53.3250,83.7294,109.1880,107.4160,101.0180,127.3280,171.1350,156.3830,95.9864,75.3315,98.1913,90.2787,57.7837,65.5858,105.3040,128.5430,116.0780,106.6640,130.4770,137.8750,101.1780,75.8755,92.3169,98.5161,79.0907,83.1409,114.7470,121.1110,129.9110
82351.2000,60991.7000,28945.8000,27549.1000,34635.4000,22569.4000,11941.7000,12590.0000,16689.8000,16135.5000,12522.6000,9552.2300,8468.6900,7009.4900,4951.8200,5168.0400,4714.1800,3065.9900,3039.2600,2990.6100,2435.1500,2261.8000,2132.7300,1852.3700,1631.8700,1469.8600,1008.9200,781.5100,735.8650,507.9250,394.2490,375.4340,363.2840,489.4490,713.8820,1080.9000,1388.1500,1271.7700,1178.7900,1043.6000,671.6770,468.1730,361.1140,314.6240,177.7890,145.9360,110.3410,105.9020,101.0030,70.8809,86.8903,134.3690,172.6930,209.6620,238.8910,156.0570,61.6338,68.2622,146.1770,162.3810,147.5520,127.7110,103.3520,95.3449,72.4606,24.9680,29.8338,116.9960,133.6970,139.5770,120.0620,68.2307,78.2726,69.8335,82.1241,95.7633,99.5779,85.6146,78.2728,77.0305,94.7013,107.6130,74.3352,78.8863,99.3218,107.2150,130.9480,136.3940,148.1440,172.3490,179.4270,196.1710,232.2840,277.6300,268.9530,195.0610,136.4820,58.1737,17.5233,27.9999,43.9978,76.0499,107.2920,120.0150,98.4734,85.0800,63.0196,77.9504,120.5600,130.4500,110.7110,27.9477,21.3814,51.8074,84.2204,114.3390,102.5040,92.6281,92.6620,98.2807,108.9350,130.0050,121.5580,107.8560,139.8880,176.0520,222.1120,204.3860,152.3600,116.6170,99.0540,111.3610,126.2470,80.5777,38.4135,17.7830,37.6744,12.7674,20.1379,50.7749,33.9408,42.1185,36.3893,57.7239,93.8789,137.2330,152.8760,157.0720,156.8280,139.6680,70.4194,47.2245,86.7965,118.2330,133.5360,124.9500,97.3424,76.5619,63.5528,56.6350,27.2711,32.9792,68.2614,100.6870,126.9290,165.1990,176.6180,141.3390,106.1320,95.7412,74.3733,49.9224,32.5014,111.0350,169.8910,234.8940,296.1140,371.6700,333.9630,238.9590,182.9790,157.0350,186.2990,206.8780,166.1270,147.3640,149.1270,167.4050,120.5620,88.4087,90.8519,124.8450,134.3520,175.3540,169.9390,161.4160,132.8750,104.8670,60.4194,66.9629,89.5055,73.7104,26.8693,42.0466,93.7549,70.4293,54.4628,33.3636,68.5246,68.4670,89.6543,121.8640,154.2000,198.2100,218.1860,218.8930,164.0170,125.7060,122.6260,113.3360,91.4157,90.4757,70.0886,82.3765,90.2014,103.2680,122.9950,146.0210,169.2590,204.7570,245.0810,231.2990,178.8370,145.5770,126.5350,113.2580,65.3632,77.9316,52.9201,74.1916,57.7451,60.9182,72.1767,94.1366,102.2330,104.5560,115.5820,130.2580,145.0480,171.7510,190.4660,195.6430,157.9360,121.0220,85.9590,93.7219,110.1070,86.7152,63.8485,85.4154,131.0570,158.2070,151.1430,140.3220,131.1910,100.4250,58.8626,92.1798,133.5210,143.9770,111.1090,93.7771,94.8213,104.3010,89.6284,65.8795,43.4851,29.4571,44.0904,68.5562,95.8647,131.1320,148.6460,146.7180,101.0470,56.0870,59.9475,75.2814,51.4019,34.9726,69.1430,109.5390,108.4840,90.5203,103.5950,136.5440,156.8820,134.4310,79.2524,88.2396
87232.5000,65385.6000,34480.7000,35366.2000,45348.4000,36374.6000,26014.1000,22886.7000,21973.2000,18465.1000,15632.0000,12991.2000,11777.0000,10848.3000,8126.6000,6350.5700,4849.9200,3260.9100,3583.2100,4126.7200,4008.6400,4228.0900,3911.2300,3533.9000,2615.4500,2137.3300,1643.1500,1223.5500,960.9400,686.9830,473.4520,288.3890,147.5900,57.4089,63.3268,102.6230,339.1850,701.3290,847.2360,811.8670,778.3840,562.6100,417.6840,378.4960,339.3550,255.7430,155.0550,41.0471,68.8883,80.9794,153.3750,267.4750,308.6790,328.9730,397.1850,495.3810,571.0750,514.5870,364.4930,243.5650,50.5300,148.5570,153.1370,138.9710,67.7876,20.8806,54.4283,116.6810,170.5300,237.3380,195.2520,126.8920,115.3960,122.6290,154.0070,154.2680,145.0120,143.3480,127.8550,112.4360,73.0702,55.1895,53.1144,47.4845,52.4010,63.7586,78.5794,49.2605,47.7223,38.3883,45.5714,69.4297,93.5648,113.4390,121.9270,126.6420,107.1900,83.2640,84.5599,72.9287,58.0441,48.6118,42.8311,49.9431,66.6634,79.7633,80.4272,91.0694,83.0653,71.9317,63.5170,57.1473,83.4721,99.8863,113.2920,124.5380,132.6900,138.3460,118.9080,89.0267,75.9032,47.5828,23.2838,43.7744,50.0633,58.7883,55.0071,72.4129,82.5662,96.8937,112.6390,100.4860,59.7663,33.1936,30.1190,35.5808,36.2691,9.8363,23.5735,24.4454,10.8475,26.2103,39.6789,62.6467,97.5421,148.0090,189.9430,182.1580,159.6470,124.5810,93.6177,91.4595,96.5581,95.4617,84.6585,72.1640,58.8481,37.1921,31.4279,39.6214,69.9774,83.2089,71.4122,69.1288,81.4065,98.3120,76.3469,38.3774,29.4718,38.3141,63.7274,92.6957,91.8045,129.0090,227.9640,284.6930,320.5040,337.8420,294.4130,164.7080,99.1720,35.8663,63.0468,37.9550,31.5258,57.4383,115.7190,196.2900,192.5430,154.7820,128.6940,87.4671,35.8964,25.1647,67.4086,102.1780,128.4970,134.5180,120.6090,129.4960,154.4430,164.7410,154.6200,125.7000,87.4981,111.2560,169.9970,168.2400,145.6820,106.0480,49.6589,54.8126,97.1493,133.5110,135.9610,126.0770,104.2460,57.0723,67.7843,124.3020,113.4560,85.8600,13.7885,83.3030,92.6924,89.3803,56.9162,35.5073,114.1940,199.3970,281.2000,247.4310,187.3050,141.7960,127.6560,123.2080,122.1970,127.9310,135.8240,127.0180,111.4550,119.7010,103.0380,94.6174,85.9285,78.4387,74.8875,85.9171,96.8337,101.9550,123.1450,127.4410,116.5090,137.8660,147.7450,148.0610,124.9660,80.7252,48.7097,71.3316,130.7410,146.4000,123.0480,106.6590,85.4570,55.4083,74.6868,109.9770,133.2660,155.1970,198.6700,231.5170,244.8900,250.1140,225.4250,194.0360,143.6870,76.2386,39.2228,29.0325,56.4367,102.0840,137.1710,156.2640,157.5030,133.2290,117.5760,126.7600,161.1050,222.3810,257.6090,257.5080,242.2360,205.9930,184.7260,172.3000,167.5160,148.8440,144.2440,177.3470
86958.5000,65168.3000,34204.8000,35360.9000,45050.5000,35570.7000,25212.1000,21713.8000,20414.2000,16860.0000,13773.2000,10921.6000,9670.3700,8575.0200,6950.2900,6793.2100,6038.7600,4418.2400,3538.1200,2900.5700,2367.5700,1740.5400,1061.9200,1020.1700,1815.0100,2191.0600,2237.4200,1803.4300,1248.8100,738.9760,419.0950,229.0870,189.2500,241.5070,364.6600,281.9640,290.4320,291.2810,266.7470,359.8030,398.6650,334.0990,319.0750,265.6690,160.2220,102.4140,84.5955,69.9455,127.3310,121.5510,166.5670,241.5380,280.3360,305.7140,306.3810,417.3970,584.4730,632.0110,540.9960,426.8090,238.3370,151.1910,163.8930,184.0660,184.0980,175.8750,129.6590,56.2531,62.7627,190.7080,208.4890,215.6620,181.8890,115.1960,79.3331,60.2271,64.8120,84.0861,103.7640,122.2060,104.9520,67.1957,37.2054,16.9365,42.0501,47.3048,50.1223,52.7114,80.0763,90.9119,61.6163,35.0219,26.5116,37.5561,38.3276,18.6987,13.3482,8.5764,14.8015,22.3494,27.5318,67.6386,90.7728,107.8190,94.4915,84.0680,92.6945,102.8480,121.1360,119.7430,115.1720,48.8785,47.9470,78.5582,123.3120,127.0970,124.2160,107.8890,119.3770,103.3540,85.4021,73.9320,62.1986,85.2371,120.9980,137.3320,139.8910,122.2910,104.8410,91.2928,95.0214,108.4270,103.6640,101.2490,90.0932,89.2142,89.7897,97.4570,95.9436,83.1697,76.4659,70.8201,87.6416,125.4900,157.2700,177.9550,182.6940,180.0970,142.4680,109.6440,61.9455,44.2259,62.5078,77.8557,66.8049,45.8226,35.2665,20.9003,17.3579,31.8008,56.6216,67.7194,73.5449,77.3884,86.8753,81.9264,57.2214,48.0506,39.3083,20.7473,31.9088,62.7835,87.2057,114.8330,160.2750,211.0000,248.7970,284.3220,266.6870,191.9400,142.2900,104.4110,107.4730,102.5670,102.0910,134.3800,150.1650,166.4840,107.0920,48.7624,48.5256,66.5134,114.1330,164.8520,170.4620,164.0730,153.7020,143.3450,115.8190,131.9830,188.1640,140.8160,90.0249,27.3443,66.2568,65.5998,81.8947,97.9547,95.1969,98.6309,107.0950,106.6970,102.5600,101.0460,107.3020,115.2560,109.9650,100.3640,105.0810,120.1480,132.5470,130.3820,79.1104,38.2961,87.1470,126.2170,113.8630,108.2490,136.4270,208.9550,298.5550,298.0050,253.7280,190.9280,141.9760,103.0150,26.5953,55.6323,80.9057,94.4597,45.1588,29.3890,32.6997,66.4377,56.7097,47.6763,56.5183,89.5726,112.3690,122.7070,141.6280,150.9540,137.3990,136.3250,153.6020,173.5970,169.1420,114.8790,75.5590,97.5669,139.2950,161.1550,159.3860,130.4990,93.0931,29.7892,63.5307,120.5250,168.7350,210.0100,236.0440,223.9050,241.6610,252.8600,227.2420,192.8420,146.9640,77.1013,45.8896,72.6797,69.9110,115.3360,128.2560,119.1070,102.0290,74.1604,85.3935,109.0900,131.3120,153.4940,198.2610,202.4590,164.4710,131.5970,93.0588,90.0712,107.2480,108.4480,99.4591,145.7150
86212.7000,64796.9000,33756.8000,34451.9000,43978.5000,34796.3000,24734.7000,21364.1000,20114.5000,16619.8000,13730.3000,10922.5000,9752.2400,8722.9200,7098.5100,7034.0100,6347.6600,4769.4000,4184.0700,3910.7000,3623.5500,3734.4000,3367.3000,2651.5100,1839.9800,1518.0000,1107.6800,807.2140,684.0250,682.6130,908.1520,956.9290,784.5570,567.7960,386.9480,285.7540,194.0500,119.4660,79.2254,186.3910,275.8370,351.1140,385.3110,283.9980,214.0380,153.2040,99.0957,50.6740,55.8513,121.5840,205.8490,308.6740,390.4630,427.0800,460.7100,499.3690,587.3020,536.1990,392.5270,244.4080,110.5650,118.4630,178.8520,176.9990,91.5564,37.1088,26.9775,112.8630,199.1710,322.4290,337.3240,233.9520,165.2180,95.7069,101.4870,165.0910,236.1270,296.2180,266.8250,233.6420,157.7090,79.6250,70.5194,42.3103,43.8028,63.6007,39.4114,39.9776,83.8567,114.6100,141.6700,204.2040,212.8600,167.2580,149.1790,81.9153,116.1860,155.5170,157.0090,152.5850,131.9430,131.2570,138.3000,111.1680,99.1785,90.2099,74.1056,89.3987,129.2860,131.1710,137.7400,53.8905,65.7598,41.5722,58.9358,120.5240,157.3580,194.7550,168.5530,123.3810,97.0125,76.2097,41.6525,45.2132,102.4490,109.6810,81.4813,68.5138,108.8860,64.2634,46.6625,27.2352,90.5183,85.6109,94.2137,78.2844,95.9422,81.4361,89.1719,128.8280,120.4180,105.4210,56.0283,111.9910,128.5160,144.4690,164.5940,221.0710,251.5390,142.0810,69.4042,74.0759,63.7993,36.4400,80.9986,74.4671,60.5030,39.0957,59.6538,60.6236,32.0538,26.8593,39.2214,65.7632,109.6520,154.4090,154.3180,99.9997,61.5654,50.7508,50.1189,44.0170,64.2477,113.9390,167.0550,225.1190,290.2570,363.8580,365.5750,265.6650,204.3690,178.2470,189.7040,137.5630,122.5580,186.9130,218.2650,248.7150,164.3490,91.4838,66.2876,30.7282,27.2306,110.4660,173.0640,177.6080,162.2540,116.5770,79.7547,127.7170,195.4120,137.1520,73.4645,44.9853,77.5951,100.5760,137.6920,179.6980,193.4320,208.4830,221.2830,225.1840,217.4330,178.1820,162.6200,162.5940,180.1160,122.0230,70.9263,122.2040,150.3950,123.4580,81.9154,45.3285,61.8527,78.8740,63.0268,23.2522,81.9499,151.8920,232.7610,209.0170,162.1070,134.7870,73.9854,76.3681,102.3290,142.6600,117.7960,93.6957,46.0008,128.1810,147.9700,113.7620,75.5035,108.4950,147.1320,151.2700,140.3850,166.3040,195.2010,185.0070,163.9080,181.6130,210.7780,223.4900,211.8750,160.0620,96.3423,92.4256,138.9460,146.9770,112.8820,83.6953,57.5383,26.8233,86.1582,128.0660,159.2350,145.1890,123.9490,111.7790,123.6250,191.7320,229.5340,209.5850,167.5120,107.6710,107.0190,120.5510,99.5778,135.2270,155.5740,165.5890,170.2870,160.7980,171.7660,171.5270,159.2000,162.5390,180.9940,225.3590,241.7800,216.4910,165.8940,144.7660,159.8790,158.8300,154.6410,187.9950
86636.9000,64906.3000,33816.5000,34491.7000,44397.4000,35342.7000,25015.1000,21638.8000,20498.8000,16926.6000,13864.2000,11094.1000,9905.7100,8726.8900,7121.2600,7091.1400,6367.6600,4797.7100,4203.5900,3883.5900,3590.7900,3742.3700,3435.8900,2803.4000,2059.8800,1733.4500,1331.2300,1087.1600,948.0290,761.7280,620.0140,538.5830,466.1720,377.6990,389.8170,496.0610,588.9800,560.2770,490.8610,297.3270,167.4690,193.4910,180.5520,160.4360,154.6660,102.2610,125.4640,175.6400,202.1640,181.7330,218.2320,296.6180,293.3120,315.8450,375.7700,465.1110,519.2310,460.1860,348.2240,242.9130,111.8430,86.8148,103.4460,113.8200,84.7658,57.7719,38.5368,112.8350,174.6860,276.3950,279.7680,229.0630,186.4930,140.1450,153.5010,148.5440,95.6702,91.2059,113.8480,111.3600,115.2410,100.7220,76.2920,15.6201,64.3832,79.4367,79.8770,68.2541,67.5175,55.4230,42.4298,54.1189,64.8174,67.2518,94.5472,67.9371,106.9340,100.4240,85.2639,70.7002,61.9255,64.1915,61.8238,84.6293,95.2058,101.5230,101.9370,125.6450,127.6210,91.2777,55.7422,13.9643,19.4664,54.2659,101.5860,107.1430,111.4880,116.5040,131.6510,115.3510,75.9068,45.1056,63.5851,110.0300,125.6430,122.8310,106.3770,69.7494,38.5602,24.2026,11.2508,13.8004,32.0398,45.8819,48.1185,58.2409,72.8317,79.5229,89.9467,92.5120,74.9170,65.7140,47.1243,133.6030,171.5620,162.7380,170.6030,177.7090,198.2280,110.6260,87.8291,60.5005,113.5120,98.6162,74.8304,52.8689,33.9543,13.6891,35.8461,46.6186,70.0348,82.6001,102.5850,156.4620,179.0580,190.3250,137.1350,109.1730,103.0980,54.4677,26.7274,58.6293,79.1796,110.9100,182.8470,244.3920,284.5090,320.1970,286.5840,189.9960,134.1300,106.8410,101.7900,100.6490,93.6255,103.2410,115.3820,139.8610,109.9760,60.6115,26.0792,22.3232,60.0543,133.9290,176.6600,186.1360,182.4020,161.6320,97.2291,94.5701,158.8510,173.5710,129.6610,91.1227,64.2881,94.0269,148.1850,181.1170,157.7040,143.9570,151.0170,160.5340,170.7120,179.4400,167.1900,153.3710,141.0930,116.4030,109.1780,134.2800,146.3380,137.6810,103.4670,56.9313,49.4407,55.1474,47.9400,65.3626,131.7370,231.5590,326.5840,324.3980,271.7290,224.7260,175.0840,126.9660,68.4317,66.9417,48.0895,47.5306,85.0640,104.4720,130.4200,148.6790,135.1550,119.1790,111.6100,114.9740,123.5570,145.0400,173.8230,189.2420,192.9320,218.5330,246.5720,237.9390,204.7350,159.1690,119.7910,138.2690,195.9310,205.6240,172.3260,141.5440,123.4590,88.7150,57.6469,51.2836,91.2257,134.2140,143.8280,116.4990,145.8910,175.7860,164.2330,150.4220,130.1670,89.1254,37.7210,38.6830,56.1882,108.4840,117.9480,111.7310,90.6945,49.5078,60.7924,93.2291,125.7630,145.6990,177.1660,196.5700,204.7100,191.3230,166.0050,115.9850,95.3103,97.3979,104.4600,159.9090
86766.5000,65007.9000,34030.6000,35204.8000,45036.2000,35626.9000,25234.8000,21750.0000,20441.8000,16855.0000,13816.5000,11020.5000,9768.6800,8646.9700,7075.0100,6996.9000,6266.2600,4667.8900,4019.9300,3747.4400,3471.4200,3651.8300,3328.6900,2729.6900,1961.1600,1629.9700,1264.1200,1032.4000,929.2100,690.9580,508.7430,391.9950,269.0070,216.8210,257.4190,293.7210,307.2150,311.3640,285.2150,160.0710,227.4560,481.2730,707.5800,939.8970,885.4270,599.7200,396.3790,338.8870,319.8540,245.2140,113.4120,198.1740,280.5190,337.4870,345.2200,446.6910,529.5630,442.8330,339.9400,242.0770,156.2240,62.7816,64.8202,99.8438,117.7380,111.4840,69.8390,57.2445,136.5890,266.9960,267.0090,215.1220,180.1250,139.6910,104.9590,72.2989,53.6587,65.6422,81.3585,74.5025,50.9976,73.0530,119.7550,163.1010,138.8770,113.0600,102.8410,117.2980,161.5590,192.5460,187.4140,184.7920,181.0040,186.5270,186.2050,156.6000,151.8030,122.8550,96.3367,92.5041,104.4210,132.4830,177.0850,230.7350,244.6620,253.2640,279.9760,288.6790,272.1360,218.8720,199.4550,138.3020,95.0772,74.5902,85.4349,77.0349,89.4803,116.9150,129.0450,100.2020,72.9043,46.4007,12.2357,75.8824,76.0733,82.5894,60.3923,52.2969,31.9198,11.7955,10.7495,23.2691,31.1846,34.7409,22.4307,17.6008,26.9698,55.5966,73.4266,82.3056,66.8955,58.5148,33.1129,84.2836,115.6150,135.7130,203.2160,293.6870,351.0770,380.6200,229.0500,82.9607,85.1855,148.5480,147.6850,140.0020,147.5680,168.0320,171.2570,165.8500,124.1130,85.9302,90.4872,96.3951,96.3064,114.8250,130.9660,111.2700,91.2878,82.7614,69.4584,45.8424,33.4211,86.9040,147.5190,209.1050,266.6870,313.3540,272.6070,170.5080,125.6120,112.8760,107.9620,99.5867,83.4908,100.5880,144.9730,196.1630,180.5060,139.9660,104.9420,57.8655,24.0446,36.4947,71.2073,102.8650,133.5500,133.3070,68.6692,58.4619,121.1010,121.3370,94.3213,49.5876,28.9951,63.0635,112.3090,147.7180,140.6930,131.0610,119.6630,105.5580,99.8435,91.1188,82.2251,72.8556,61.6386,49.1432,78.0339,109.8080,108.7630,111.6240,106.9410,75.3984,35.0167,13.7381,19.2286,59.6563,120.6850,195.6940,285.7550,280.7910,208.9970,165.4630,131.5620,117.4350,81.9318,110.3020,50.6202,65.9533,101.4300,128.9040,142.4620,163.9940,159.0450,139.8940,124.7690,138.6070,158.9990,175.5460,206.0220,216.0330,221.9240,269.3480,282.3700,267.6020,213.7210,121.7780,75.2615,97.1038,149.2130,182.2140,164.4180,131.5130,102.6540,78.7326,92.6081,132.8280,163.7010,191.5620,219.0010,229.6450,225.8660,229.2690,223.8690,197.1620,164.5220,115.0670,106.7360,125.2300,152.0170,199.0790,202.4410,181.7570,159.9150,126.5310,111.0270,128.6420,159.6300,187.7110,200.1650,200.5990,195.6800,176.4350,137.4870,105.4630,132.6060,156.9850,144.9000,185.2580
85910.2000,64553.8000,33613.3000,34549.9000,44234.2000,34910.1000,24718.5000,21267.9000,20043.4000,16545.5000,13658.3000,10879.1000,9696.9300,8642.5400,7010.1300,6960.2100,6291.4900,4689.8400,4059.8300,3783.1400,3516.9100,3682.6300,3385.3200,2766.0600,2019.1400,1705.8900,1317.7000,1060.5200,930.8100,698.4790,588.5540,447.3120,332.6310,248.5530,274.4360,302.3940,316.1120,296.2710,229.7660,182.7390,161.7650,132.8050,117.3980,184.9630,233.0380,449.8840,532.3820,465.8970,380.8140,183.5790,83.9494,185.4310,252.0740,280.6210,358.4970,525.3210,675.3770,689.6130,562.7480,415.8700,107.9980,241.9780,332.1550,414.0310,334.5410,269.1570,205.9470,159.3990,80.3730,142.7740,150.4810,185.5490,178.3820,143.6710,128.3770,119.0690,137.6870,158.5580,187.9790,207.8540,202.3990,167.1310,157.1390,167.8890,171.7290,174.3050,155.4750,121.0000,108.0710,107.4900,133.5780,140.4990,124.0160,105.0990,91.1880,116.8150,122.0590,107.4740,98.5743,94.7104,89.6940,116.8910,152.7870,197.8550,184.1780,159.6280,127.5230,97.1872,114.5220,137.2420,134.7750,103.7310,97.3695,48.4537,46.6337,35.3661,37.3684,54.2562,79.7156,60.1700,42.4570,32.7437,33.6910,64.6305,72.1699,83.2187,68.8632,57.4538,42.4138,38.0456,38.4336,40.4630,63.4594,77.4442,53.8572,29.9289,10.8932,34.2758,52.8967,75.7681,77.6663,69.4106,40.9970,83.8220,133.6080,166.3950,168.1270,193.2360,283.8500,327.1320,290.1550,276.0250,201.2640,106.5160,87.9163,69.5926,49.0351,54.3815,73.8971,79.8575,93.3801,94.1848,79.9978,51.0985,71.9545,102.5240,99.4312,110.7540,118.8000,99.1772,75.1346,44.8268,38.0022,76.5629,146.5790,233.5830,287.3320,339.5830,298.8040,186.8650,114.5930,82.0333,81.4489,87.1084,80.9351,106.4980,132.2550,176.1800,130.1620,72.3597,41.2027,26.1488,39.8055,76.7117,104.1110,137.2300,146.5160,130.2880,49.8217,70.9178,152.4510,161.1530,90.3101,44.4268,82.4577,129.9080,192.4280,208.4890,175.4790,156.6470,151.8120,146.4890,132.1410,108.1370,90.4861,87.4944,101.5780,91.3552,77.3042,115.7940,147.9870,170.9820,140.3770,73.4850,49.1949,46.1343,43.9004,43.5373,113.9160,233.5110,344.8740,307.2710,240.2550,171.2680,113.3460,45.9673,55.6960,107.7710,153.0130,163.6560,105.4100,99.7409,72.5366,80.9419,91.1892,84.7893,63.8922,52.5412,70.7003,105.5210,154.2870,172.0500,148.4750,140.7960,133.0170,120.6450,89.5688,34.0031,29.7902,65.2239,95.7579,110.8260,91.8145,60.8722,39.9541,21.9770,15.6579,62.3547,104.2220,121.4960,133.7230,140.1790,152.6560,154.1060,141.7000,134.8020,113.8640,67.3125,60.5175,79.1613,115.2740,157.2480,184.1720,168.1260,141.1630,97.4050,66.6473,89.0112,136.1900,190.9910,205.5180,196.7680,192.5740,173.0100,143.9520,120.2600,101.6630,83.2946,74.1803,112.4040
85962.8000,64381.1000,33341.0000,34125.2000,44110.0000,35030.9000,24703.9000,21430.6000,20398.7000,16815.6000,13802.6000,11046.2000,9870.7400,8691.0300,7055.2300,7015.0400,6272.6400,4672.5300,4123.4400,3852.6900,3529.2200,3745.8300,3401.0500,2904.7200,2148.1600,1814.6600,1408.0300,1147.1600,1026.3200,746.9040,604.5670,472.7660,358.2530,252.7060,226.2920,214.6510,164.6510,114.5200,127.5720,180.0040,267.0510,314.8490,315.0530,300.3350,342.0590,461.1270,561.5940,678.4790,702.8600,630.0480,571.6170,548.8450,508.0020,450.8480,487.3770,606.0060,697.1490,637.7650,408.9370,187.8040,110.0210,291.2520,412.2420,449.1010,450.6940,404.7770,221.2510,119.5590,118.4290,254.8440,256.9160,215.2650,184.3620,162.1750,138.7260,93.6240,57.9423,53.7261,67.1536,81.0637,60.0820,27.3422,21.2334,16.0370,12.3946,29.2637,45.2892,58.7035,78.1715,94.5928,105.3330,126.1390,117.4450,118.3400,96.6694,56.6393,67.8373,20.8053,70.7633,86.5104,118.6510,157.2390,259.0390,314.2890,289.7790,290.4240,215.0590,74.3313,40.0806,99.2607,91.8043,52.7051,64.9175,70.6046,65.5983,61.9322,73.4020,81.9333,121.2090,115.1140,69.6541,36.2559,33.2856,82.4764,106.5590,112.3550,95.2639,54.2909,29.5538,24.8384,29.0574,36.0876,57.1897,74.5452,57.0552,35.4045,50.8718,80.1712,88.1091,94.0856,94.2518,91.6138,64.4604,85.0602,86.8187,79.7890,82.0264,110.3970,149.2540,155.1990,120.8150,125.3260,142.8070,132.8130,122.5900,84.2957,25.2493,52.8707,53.3615,66.9051,30.5353,16.1477,8.3987,24.5038,54.2722,62.2925,77.7188,74.6583,45.7501,60.8104,45.4140,62.4456,82.6233,135.2740,210.9050,274.9490,304.8500,346.3590,312.7380,227.4230,158.0190,118.3260,93.6156,95.9245,116.2320,128.1130,154.8540,173.4500,132.8640,97.5126,72.1290,56.1730,30.7925,78.7069,120.6150,157.4220,175.1900,187.8100,106.9350,43.3846,84.4347,106.7460,90.2533,56.0167,82.2053,92.7206,138.7450,144.5530,125.7560,126.6550,140.9110,159.0500,165.4160,148.6830,130.6960,118.1370,110.0150,94.4691,94.8479,110.9340,104.9720,98.8314,63.0260,32.6974,55.7925,90.2950,55.1793,67.2653,84.4275,147.9330,197.6640,204.6300,162.1680,136.4050,99.8040,87.0130,115.1050,132.6000,87.9361,45.5982,22.4791,77.6539,138.1820,164.4300,154.5580,140.5280,117.0640,105.1420,92.4309,113.5370,148.8740,157.9730,155.9190,165.8280,164.4870,167.8100,154.4290,107.1650,40.5436,45.3528,94.5528,119.2840,116.3640,103.8880,86.3662,57.0451,14.8868,40.9193,82.3764,111.6690,133.0280,155.2860,196.9380,212.2090,195.1410,172.7460,144.5860,115.9260,109.2210,106.3640,94.9624,116.2630,108.4550,82.0795,62.1734,54.0721,88.6940,116.9820,146.4380,169.9370,200.7490,215.2930,212.0450,197.0730,167.2260,103.6120,81.4208,96.3932,117.3820,184.6120
86171.1000,64462.3000,33682.4000,34974.1000,44899.6000,35504.7000,25045.1000,21600.4000,20405.4000,16815.2000,13767.3000,10980.7000,9770.7300,8642.9300,7049.9400,6971.3300,6260.6800,4679.7100,4059.0600,3789.5800,3502.6800,3667.9600,3350.1900,2799.0800,2088.9500,1736.6200,1291.6900,1055.2300,978.5530,724.5090,586.3010,453.8240,337.9900,237.3840,242.5210,279.0760,256.4770,175.9570,117.7250,61.3729,68.1616,95.6976,179.2710,197.4450,185.1890,159.2710,124.2520,79.5903,74.9963,82.9489,94.6851,128.1080,163.7550,136.6360,54.2732,154.2280,333.2330,455.4850,377.5770,295.4490,170.6980,109.8920,144.0810,138.0300,103.5010,50.5311,121.6570,240.8360,284.0930,360.0140,320.7040,219.1040,134.8570,76.8412,45.8086,45.2318,24.9924,30.8928,20.0568,31.7117,48.5915,68.1351,75.1507,82.1933,77.3618,94.0410,123.3130,131.2970,110.4920,90.1707,66.5817,85.1208,99.9055,118.1110,172.8690,167.6360,178.7820,171.6750,144.8380,114.7260,83.4370,120.1150,298.8590,488.6350,511.8890,517.9970,439.2770,230.9190,82.4147,25.5374,51.7291,20.5225,28.7295,29.5609,44.9958,84.4210,87.4686,93.2017,117.3340,100.0720,71.2380,30.7738,23.3640,89.7622,122.9260,144.5980,145.3550,106.5580,47.3993,34.1600,40.1184,44.1488,51.5766,60.7045,46.3971,31.9037,26.1062,22.1152,7.9335,28.0840,44.3877,62.3689,56.8372,88.3997,75.5123,64.7570,50.8679,51.1273,83.8694,88.9648,65.6756,50.0712,28.4164,40.8517,55.5398,71.2459,92.6945,92.3355,94.5483,55.3069,21.5580,12.3567,27.0635,78.0113,115.7520,123.6120,142.0120,120.2040,91.0691,72.6252,68.0885,61.2126,90.0208,144.0470,214.0220,258.7080,283.8640,321.5740,295.4830,184.6840,114.2970,80.7965,85.1877,108.6090,115.0450,136.3310,169.1480,210.8420,153.8650,103.4130,67.5093,51.8332,67.3834,114.0960,147.0590,176.9430,183.1380,183.5690,115.8620,72.4008,119.9520,147.2170,97.8410,63.1681,43.1852,67.8926,100.6040,125.5810,140.9850,138.3250,156.8650,185.2780,220.3340,205.4490,183.5670,170.5010,154.9700,110.4220,112.0620,162.5500,152.3220,111.1580,51.9205,53.2444,113.3210,138.5480,147.3290,149.6780,195.0440,254.2220,301.3820,301.7470,242.3290,185.0790,114.8620,49.2634,46.6757,96.6264,142.7020,148.6400,99.1686,90.1693,105.3920,152.7260,155.2260,129.6200,115.4290,122.8700,133.5890,150.8290,182.5760,205.5400,213.7530,228.4530,215.6700,172.5230,140.4600,120.3450,110.6780,138.8360,192.3360,226.9730,184.7860,132.3330,93.2836,59.9634,23.8496,45.4392,72.5708,87.1510,101.4210,121.4380,133.1890,153.1700,152.5800,128.2700,98.1955,65.3727,90.5807,130.3870,135.8810,156.5500,148.3730,116.6880,95.2344,86.0571,97.0940,128.2050,167.8610,188.2370,210.2340,234.4080,218.7600,195.2680,165.7530,124.4450,82.4316,77.3352,107.4650,162.3200
85696.2000,64339.9000,33498.2000,34696.6000,44375.0000,34870.2000,24628.3000,21268.4000,20045.9000,16469.0000,13586.3000,10863.3000,9684.1700,8624.6100,6992.0000,6938.6000,6294.9400,4679.5100,4030.6600,3756.0000,3471.1500,3683.7800,3375.5900,2826.1500,2094.7000,1759.4300,1315.7700,1039.6900,930.7730,684.0680,550.6280,457.7530,335.6030,238.0890,242.1090,262.4380,216.3360,165.1500,119.3470,54.8953,48.4138,130.4290,235.8560,283.5810,240.3140,186.2420,119.8970,65.8758,68.2044,85.4846,100.0880,182.6150,260.7040,298.5590,398.5860,535.9020,689.3910,711.2990,594.6320,433.3990,279.9230,208.0880,253.6860,250.3450,209.6700,196.9010,149.7110,72.0931,109.8810,239.5200,261.2660,251.1360,234.3110,189.5820,170.2310,147.6360,122.6590,76.6582,25.4953,33.7449,51.0541,23.7988,40.7130,48.9984,67.7423,82.3466,75.1536,71.6641,69.0479,69.6013,37.7320,35.0969,61.0916,98.5331,142.3670,133.0440,119.9830,90.0823,57.7869,100.6140,175.0230,256.2610,413.7500,538.1430,514.1890,466.6480,350.5400,148.4510,73.4148,140.7980,149.5430,90.2114,68.1223,41.9158,34.0010,35.2862,33.5280,36.3382,61.3046,66.6432,72.9082,89.5359,81.5873,66.1425,47.9995,34.3361,40.0128,37.5056,36.8984,37.7746,47.1463,56.8126,72.5634,52.1263,18.7965,32.7413,63.3704,59.3650,71.4282,82.0046,97.3742,90.0566,70.3038,84.3799,74.4526,48.2005,40.9861,58.9113,88.8617,63.9719,22.8428,15.5778,44.2432,60.9820,69.8832,66.2294,58.5410,28.7408,25.1656,39.4664,20.7762,8.3791,16.6046,34.4407,65.7806,74.9972,87.5731,57.2901,34.4297,18.9386,15.5806,47.3485,74.9491,80.8586,129.2860,204.1590,247.3050,299.4530,294.4490,226.6780,169.5770,138.4300,129.2820,120.2480,100.8160,115.1240,138.3580,190.6310,158.4350,105.9930,80.8529,68.3003,54.2941,58.9638,82.2626,119.8710,125.4080,130.8900,66.8220,46.3231,114.7490,132.3990,92.5528,68.4241,40.1083,57.5651,103.0370,145.8630,151.7440,152.2780,168.0750,184.1620,175.6330,168.7640,178.5830,174.5640,165.3040,123.0030,125.7270,164.6650,166.0890,154.5820,100.7020,38.7712,38.5170,50.0644,48.3567,33.8249,85.9829,174.2670,268.1230,242.0850,164.2390,108.2950,62.5971,65.7712,140.2500,160.7310,147.7550,144.2920,101.9610,117.2800,161.0650,166.3400,154.4210,154.3540,147.4780,153.0130,145.4820,139.6140,163.0670,170.9010,150.0210,160.4730,176.4220,171.6910,136.9740,98.9584,88.0903,116.0580,159.9980,187.6450,170.7990,122.8280,72.7208,52.3530,71.4907,108.2760,139.6180,177.6190,205.2250,221.0510,215.2400,203.8960,202.2240,180.8740,146.7980,111.3390,117.9860,140.6580,119.9560,135.5380,138.7360,119.5050,99.2329,79.7655,86.5826,110.3240,140.2510,157.3850,196.8080,222.6920,214.6950,194.6310,156.9680,113.4590,122.1450,154.0620,167.3950,235.4980
85603.7000,64196.8000,33219.8000,34037.0000,43976.6000,34812.6000,24500.0000,21187.9000,20159.4000,16604.1000,13573.3000,10802.0000,9683.2500,8551.8000,6966.8300,6990.3000,6292.8200,4673.9500,4091.0800,3837.4200,3520.6100,3725.4200,3405.6300,2910.9800,2196.8400,1848.0200,1420.4600,1137.5600,993.5520,747.6100,611.0380,457.3450,357.4680,246.9850,230.7260,251.5830,226.1650,167.5450,112.1900,83.3483,100.1840,116.6090,151.6180,153.2180,112.5930,73.5042,38.7741,27.0525,78.3412,99.9704,159.3550,245.9490,282.6090,328.0270,366.5400,490.8230,624.8040,643.5370,499.4840,369.7180,185.4070,63.6244,121.5670,154.2410,144.0540,128.6930,90.5840,99.6301,97.9393,190.8430,200.6190,169.1590,156.1250,136.5720,141.8070,132.3370,106.0630,128.6110,159.2410,186.0590,154.6530,57.2706,48.3504,50.3137,68.4314,45.3707,38.3792,49.2456,43.0419,33.5822,19.0697,47.1534,80.1322,103.9210,164.2400,157.3550,158.6010,137.6630,73.1966,54.3856,108.0000,213.4090,368.5480,477.8000,477.4050,501.8370,428.3930,232.7020,93.6308,74.0420,83.5223,64.1343,81.4853,71.3919,59.1776,26.7141,19.0365,11.4943,30.2380,34.7592,30.6303,22.3641,12.8715,45.3947,54.3298,66.6885,70.9760,52.2150,54.6716,30.5689,39.9289,76.7205,101.0350,120.8700,87.7599,48.2846,26.6160,43.3238,65.5955,73.3519,81.2164,97.1561,67.9900,88.5874,75.3386,66.3246,76.3492,86.7656,104.2340,105.1270,46.1286,22.9687,56.4812,66.0854,64.9693,59.9111,40.9257,8.1221,41.8242,46.6905,45.7702,55.7884,64.2469,64.2115,58.4034,71.9889,97.7796,88.8685,65.3842,46.6061,29.4864,18.0428,44.0577,87.0638,156.9720,228.1980,284.9710,353.9730,352.2640,254.0560,184.9210,133.9050,125.0970,112.4080,102.6730,129.6410,152.7990,189.0230,151.5840,105.0500,72.0080,47.8169,28.6677,54.4925,91.6118,111.0550,117.2090,112.4680,60.4079,58.7672,129.8940,146.0910,91.2706,47.6152,49.1034,78.7609,120.7820,127.7510,111.2440,116.4270,124.3110,139.2950,132.4950,107.6650,102.8270,102.2740,107.6920,96.4800,119.4870,188.7790,209.8530,197.0170,157.8200,81.8670,45.2553,52.2896,59.8812,86.6875,139.2090,211.8360,273.7970,267.4840,206.5220,159.1650,103.4060,56.9473,88.8460,125.8120,126.7050,121.6930,71.6335,65.3294,98.4183,133.3500,146.6160,153.2110,142.2120,137.4390,131.4490,131.7440,161.3010,176.3020,153.9340,146.1790,160.5340,173.2230,154.3360,111.6570,94.2114,130.1280,177.7450,188.0600,163.8030,135.4680,111.1160,72.4337,30.0726,68.6313,108.8030,131.1820,136.4920,137.5660,143.6650,166.3730,181.4800,161.9210,131.8190,100.4640,96.6947,107.8100,106.2740,133.3580,145.7770,126.5500,114.5450,110.0670,96.1419,102.8000,135.6870,165.7190,202.9840,215.6840,195.9080,171.5770,134.0920,108.5710,94.9236,110.3180,130.0030,179.3310
85953.6000,64254.5000,33443.1000,34858.0000,44956.5000,35489.8000,24932.8000,21503.9000,20408.5000,16806.2000,13732.5000,10956.9000,9739.2300,8584.4800,7039.5800,6964.2300,6207.4700,4631.3500,3986.1300,3669.8600,3392.8900,3646.1900,3362.7300,2863.0500,2128.1900,1739.9800,1306.5800,1065.3000,951.4960,692.8010,553.3370,421.1330,301.5220,189.0410,207.1890,242.3190,188.9160,114.0610,80.4488,35.7166,78.4262,164.1630,249.1420,267.2360,220.9400,161.5010,119.4780,81.7922,77.9737,80.6046,109.6330,209.0810,279.0550,317.9250,395.0750,526.1850,678.0400,688.4660,558.4050,405.5450,223.7590,130.2200,184.2210,223.4400,200.2530,168.2990,105.7860,63.9570,93.4821,214.5600,228.7050,190.2380,165.9050,147.2120,145.4360,107.3440,71.5133,74.4989,96.1968,100.7720,95.7936,67.7932,69.6316,74.5665,36.7521,20.3227,63.1602,99.8234,93.5411,93.2761,74.9433,100.3050,131.9970,132.8460,163.1630,131.1540,97.8831,73.0688,47.6314,59.3922,92.4265,172.0690,323.5870,429.0000,418.6640,468.3750,400.8980,226.2820,110.1200,34.2290,52.9649,49.3007,36.8696,40.0872,52.6730,50.2376,48.6663,50.0795,79.3967,90.9894,59.0889,37.5387,38.6747,82.3225,88.5953,88.6329,83.0407,72.9888,42.0149,19.8100,11.7111,23.4781,34.3673,52.6908,28.8764,15.5014,39.3198,46.9896,57.5038,77.7084,82.5770,92.6059,64.7701,77.3942,90.7914,73.3261,77.3001,94.1854,123.5210,108.5300,49.5305,21.0507,35.0047,50.8943,53.1063,60.1517,68.0117,49.5617,64.9495,54.0181,54.2572,52.2871,53.2475,60.7829,73.6318,88.8146,89.0077,86.6078,78.3315,61.3117,35.1272,11.1442,39.0293,82.6798,161.6440,238.0530,287.9040,340.6060,322.6970,230.9240,159.5970,126.4320,115.3450,121.0670,100.0320,100.0280,117.6800,161.7260,139.0670,94.5226,69.8498,53.2843,32.8650,62.7848,88.5270,122.2170,137.5310,146.4690,66.6267,47.9767,109.3800,104.3960,86.7213,57.0392,42.0015,70.1808,122.6880,134.3940,126.1850,140.7670,145.6430,144.7330,130.8170,125.5020,105.7910,83.5550,64.0774,54.7533,84.0000,145.3340,157.6860,145.7140,115.7970,56.7681,19.5611,40.6156,66.3275,88.1026,130.9010,207.9010,291.7600,296.0320,223.1960,172.1780,118.6780,76.8944,90.7411,121.3690,124.1270,117.6460,73.8182,74.5332,109.2510,150.7840,163.2630,161.4580,156.5940,158.2860,159.3570,155.1410,175.7890,185.3740,165.1760,152.7020,157.8980,164.5460,148.0830,110.4420,87.1956,101.6250,136.2780,172.5130,171.3770,154.4650,125.4610,80.7988,43.8909,85.8362,122.2800,136.9480,158.4000,163.8900,176.5110,202.7490,189.3630,156.5100,120.4480,109.9970,116.3630,130.0430,115.4580,152.0510,164.0470,142.3440,120.7680,88.5000,87.5919,114.3930,159.6720,191.5820,224.7900,255.9690,252.2360,218.2940,162.6190,134.9060,152.8890,176.9580,202.8470,249.4440
85647.7000,64196.9000,33491.9000,34922.1000,44645.8000,35061.6000,24717.9000,21380.0000,20185.1000,16571.8000,13657.8000,10927.6000,9723.7600,8631.0200,7021.7600,6945.5100,6245.9600,4624.7500,3946.7400,3627.6100,3361.6400,3607.7200,3308.4200,2883.5900,2123.3500,1693.9500,1249.6400,1004.8900,905.2040,669.7450,525.4400,417.4490,287.5750,215.2770,222.1680,250.1380,211.2690,150.5050,95.1516,57.4341,57.7635,119.5380,203.4280,223.2680,200.5070,167.7210,117.4090,38.6165,43.9979,50.1449,96.8374,191.5800,232.6010,267.5630,335.7010,478.0560,623.9790,650.7490,538.4120,412.6740,226.0010,81.6268,153.6830,208.7300,202.5930,162.4800,96.0563,72.6181,85.0316,189.4070,201.7290,173.8000,151.7250,135.3540,123.5410,87.4954,68.2638,83.8301,100.4300,101.4140,91.4983,57.9295,41.7071,33.4836,12.7389,14.6633,44.7318,71.3994,68.2017,64.9630,79.0726,120.3380,154.5890,125.1090,151.0790,133.0900,97.3934,73.6400,50.3030,93.7136,136.6510,199.9700,341.8110,458.5880,459.7450,453.9970,402.1410,225.4320,80.4162,68.2872,92.2691,58.7299,60.6469,50.1194,48.6189,19.2615,17.6083,22.7714,55.4907,51.1569,39.2568,26.2199,45.0781,84.1737,80.8248,78.9832,51.8551,25.4752,19.2195,28.9472,41.1374,44.0029,61.0351,78.1673,62.8857,38.7608,19.2701,24.8348,72.7517,102.5480,100.3800,95.4151,50.1897,47.9448,65.1379,65.4219,70.0929,87.7040,117.4310,114.9300,49.3675,18.4022,23.9533,34.2438,58.5670,56.5169,38.7138,27.0225,35.2058,37.9192,41.7781,45.5661,48.8750,51.2894,62.6857,82.8136,79.6119,64.2073,62.1760,50.9730,40.1726,20.3211,15.1908,56.8755,140.2540,208.2480,254.8460,307.3660,294.2030,204.3810,136.0420,100.4840,88.0195,94.6965,98.5250,114.4560,126.6210,159.2080,122.9540,78.6780,62.6362,65.3737,63.5090,98.2032,117.1250,145.0130,136.0260,127.9780,75.2913,63.3103,97.4024,100.4050,51.3265,39.7076,59.2021,78.1590,99.4566,107.6110,96.6342,105.1380,121.5040,141.8200,146.0400,127.6860,109.2710,98.1647,78.4405,65.1704,103.4620,174.0630,186.4610,167.6170,125.9900,41.2232,34.7794,51.0690,46.6633,64.2049,97.3069,160.9470,238.5200,242.4800,191.9410,153.1660,109.0390,73.1378,106.5650,127.9810,92.8409,86.6011,44.7699,80.6693,123.4330,161.7300,162.5510,160.4780,141.6110,147.1760,155.5150,147.8560,165.9370,185.8050,169.4370,165.2120,158.7240,157.9050,128.5980,92.9760,70.1657,97.9910,165.5350,207.5100,168.6220,118.2280,84.8786,53.6886,35.8912,67.7165,107.5790,135.5670,148.5400,137.1480,154.1820,175.9920,161.7970,128.0940,84.2374,49.3309,58.0496,93.2399,94.6408,154.4840,172.6380,137.6720,117.0890,93.9079,101.4320,124.7170,170.1470,200.1000,221.7380,245.4400,242.9860,216.4880,182.3200,163.0440,163.7010,168.0980,191.7520,254.1410
85262.0000,63968.3000,32987.2000,33872.3000,43850.9000,34668.4000,24393.4000,21105.4000,20080.3000,16546.4000,13610.5000,10833.6000,9630.7900,8507.6400,6876.8300,6819.2600,6106.7200,4499.4100,3879.4400,3575.1100,3294.7400,3552.8700,3276.3600,2912.0700,2197.5400,1801.0300,1357.5300,1114.4500,1023.5900,774.3570,649.2710,509.7460,397.5470,302.8470,304.6820,325.7510,287.8150,219.9120,157.4360,118.6260,97.6462,81.9233,95.5038,116.4410,83.5361,70.0348,71.1749,69.7635,84.4841,106.3840,166.9450,243.2360,264.3850,291.9240,338.9990,440.2630,556.7590,590.4900,468.4900,362.5090,182.0450,58.7155,110.2350,159.3120,160.3270,133.6790,94.4439,82.2230,64.0381,158.9470,192.1300,179.4520,169.2270,150.8920,133.2650,108.9840,96.9425,101.5940,110.6000,97.3404,73.4286,46.7195,63.4529,75.3086,66.4457,56.1439,49.4399,62.3365,64.8451,63.8189,51.3827,99.9355,152.7430,150.1620,173.0460,122.2720,89.7979,67.2392,67.9640,95.6149,143.3670,221.3830,355.7090,469.8350,482.1970,474.3060,415.1550,225.5670,83.8022,49.0658,72.4407,55.0340,43.6863,47.1762,60.8172,75.8761,87.3853,90.3382,108.6550,97.5304,74.5770,51.3490,31.7514,53.5523,76.6779,95.3281,75.9140,48.8359,30.3402,13.2177,4.0408,12.6499,18.2122,24.2798,19.2737,19.9990,31.2775,35.4598,49.8190,68.2552,78.6510,95.7229,67.2791,93.3489,95.2631,74.0723,65.0987,73.9006,110.1250,121.7630,56.2708,26.2047,37.0734,46.3460,62.8829,68.8574,60.3232,36.3274,14.5589,10.1749,24.1855,34.1896,33.4667,27.5435,49.9410,84.5012,100.2770,88.6661,71.6622,57.8493,47.2036,30.6702,54.1020,83.7847,144.2580,208.5200,255.0950,311.6380,296.6470,209.7300,154.9220,130.2600,121.5070,121.2720,112.1660,117.3780,126.1390,152.0420,132.6610,87.5087,59.6703,52.9676,43.3135,90.2128,119.8070,146.4460,153.2880,152.0330,77.8818,66.2841,145.4040,161.5670,108.1470,62.9305,39.6196,80.0279,129.3820,153.4090,135.2260,126.8630,143.0010,165.7230,166.1790,128.7730,102.3980,94.1951,85.7554,75.5701,112.4660,183.7590,183.1950,158.9820,117.1590,35.8320,29.3979,45.6740,41.5803,67.0350,128.2130,188.0290,245.6430,236.5460,161.2080,106.8050,60.5237,47.9990,102.3260,131.0740,89.4421,67.2700,43.3731,103.8770,151.2420,182.9760,185.1300,183.6320,156.2610,141.8060,146.2070,148.7330,159.0470,151.7980,127.4920,139.6570,165.0980,164.5510,142.9570,99.6811,65.0138,90.2312,136.5940,164.3980,145.5280,99.8484,52.5302,16.3469,49.8485,98.8022,125.6460,144.7480,152.4080,153.3890,177.4150,198.8360,193.1890,171.2300,143.7290,122.6710,121.8680,135.2360,125.7370,145.4540,153.2070,128.9990,95.9714,95.3457,137.1210,174.1680,204.2590,213.0780,239.2230,267.4720,257.1150,219.6030,177.0500,155.5760,167.8090,166.8470,172.3840,228.0660
85714.7000,64091.5000,33252.9000,34523.8000,44659.6000,35277.2000,24765.4000,21422.9000,20370.2000,16750.4000,13646.1000,10920.1000,9736.3500,8569.6700,6983.2000,6899.2700,6166.7000,4593.1100,3938.0100,3577.2100,3261.7700,3541.6600,3296.3700,2913.4000,2195.4300,1744.2400,1276.9700,1043.4400,939.2410,695.8410,569.6430,425.6860,303.8360,180.9800,197.4970,227.4820,172.3740,96.5889,42.2670,35.7713,98.9237,166.0980,231.5920,233.6820,179.8270,132.6580,92.7142,82.4664,103.4770,102.4940,124.7740,218.4940,291.0120,327.4510,396.1260,515.9340,670.9150,693.3130,555.2100,400.8370,189.4460,110.5180,185.3230,218.7720,194.6800,168.8070,102.9940,118.8690,115.4630,220.9270,213.8100,175.5930,149.2190,127.4390,123.8000,112.6730,89.8083,81.9715,91.9802,86.6158,61.3381,25.2437,29.1216,49.9627,67.4059,59.3599,51.4129,65.9371,65.3781,60.7205,69.6853,101.0590,109.6530,91.9037,126.9560,106.0210,115.9080,87.0963,27.9671,31.3249,92.8232,187.4010,332.7710,434.2320,444.5960,448.4840,409.8670,251.8790,112.0920,96.7009,113.8500,93.4921,58.0899,55.7576,67.6985,76.7447,61.8483,43.8795,62.9514,51.3936,34.1941,18.0774,18.0979,64.3258,88.7948,100.2830,94.4464,61.2138,48.9095,62.1857,59.2148,68.8182,59.2378,60.0915,49.3705,21.2579,18.1585,59.9070,71.1613,73.0925,73.2257,86.0984,59.5376,90.2536,101.4620,85.6273,76.9922,77.9372,109.7470,130.0930,72.0173,30.1753,34.1718,57.7748,66.5435,67.0660,69.5078,37.5719,28.1708,21.3725,32.5167,50.3173,53.0907,57.9656,74.4016,105.5400,132.1880,117.5190,89.2270,68.2747,48.9441,26.4878,13.1883,61.6102,137.4860,210.9130,259.6200,323.0010,322.0150,238.2750,178.5420,136.5760,104.5500,81.6011,85.6977,112.3480,134.7590,166.3150,146.5680,110.9920,81.8912,63.7077,44.2580,81.3851,123.7120,137.6830,138.1110,129.8310,91.4479,84.9451,130.0000,119.1820,86.7900,49.7740,39.2986,71.1782,104.8810,133.7630,130.1160,141.4240,155.4040,175.7810,174.0830,165.8950,149.2370,142.5930,125.0330,104.8670,139.1680,193.6610,188.0910,179.5490,124.2980,53.0112,36.9836,54.5319,47.6687,56.1807,108.6440,184.6740,253.6360,257.5150,196.9660,141.2360,84.2252,65.6910,64.9116,123.5090,116.2480,119.1110,62.5738,69.7335,113.9280,157.7570,156.5220,148.6530,128.7300,137.5060,150.8340,163.6800,199.8730,219.7550,208.9510,194.2870,199.3580,190.4190,177.1330,143.1760,94.7600,72.2991,111.9950,153.9450,135.6560,103.6810,84.4986,61.3285,38.1783,47.0334,85.8874,97.9051,99.2764,107.5670,144.9890,172.4110,148.6770,123.2450,100.5890,86.3696,88.6644,123.2180,148.3090,211.5110,218.3970,185.3840,149.9610,112.7520,121.2700,167.6130,217.6060,229.0680,236.8260,266.7300,273.4050,241.6670,201.6480,169.0550,165.5770,168.6480,179.0060,231.2580
85703.4000,64138.9000,33440.2000,35060.6000,44860.0000,35150.4000,24743.4000,21435.1000,20276.1000,16647.1000,13674.0000,10953.8000,9718.0400,8601.8500,7001.4900,6919.6300,6236.6400,4623.7900,3897.0800,3554.4500,3307.1200,3561.4900,3269.6400,2882.4700,2148.1000,1708.5200,1247.5300,1000.3900,908.3620,685.6490,540.0910,435.6520,301.5850,232.8350,244.1380,263.7920,214.9970,137.9740,71.5685,37.2861,54.5363,131.6810,224.8920,240.4550,191.3610,151.7300,103.6270,55.1246,56.7366,62.9300,81.8498,171.1150,230.9760,260.3600,344.9330,473.2360,620.4960,639.3350,540.2220,417.8030,232.1470,97.6210,142.4290,200.3200,196.1190,155.6150,85.7851,79.1997,105.7150,223.8580,268.1260,239.2680,210.5470,160.2980,146.2730,128.3920,85.4393,76.3348,89.5003,89.9596,64.5816,27.4280,40.8115,60.6006,42.8745,33.0222,52.1171,65.3794,69.6846,70.2462,76.7470,108.9780,122.4040,125.3890,141.2110,127.5430,100.2390,79.2595,49.8341,81.1481,129.6960,193.7810,330.0580,434.8270,435.5750,424.3220,376.4570,213.3970,67.8659,41.6167,92.4836,77.6574,61.1195,59.3940,61.6433,109.6150,103.5100,77.8125,97.0733,104.7160,90.3300,59.5648,22.3586,37.7034,61.7888,86.7303,92.7967,65.0802,29.4265,21.6704,25.0823,42.7676,56.6736,57.2496,47.5397,46.4996,43.7731,37.1347,29.0900,54.0616,97.2523,119.4100,97.8804,113.6150,122.4170,96.1124,87.7819,92.1080,119.2200,117.3980,70.0637,32.0123,28.1863,42.0943,47.6898,50.2919,49.5987,22.0443,22.2819,25.7711,39.3599,45.1305,38.8429,39.6391,75.8304,118.9930,125.0670,103.8870,85.7415,64.9685,45.9963,23.4043,51.8848,91.7838,169.2880,248.9240,294.0270,347.0090,320.4680,227.6090,160.6560,120.8880,101.5230,83.8488,78.6427,107.4330,138.1480,190.4380,162.3230,121.6410,92.7729,72.7934,46.9896,81.3320,137.3880,168.1690,169.0410,150.7810,96.5363,96.9466,140.4520,137.1170,81.2666,45.6849,32.4494,81.8604,105.0050,141.1020,132.5800,120.1560,127.1770,151.2920,162.6380,131.6400,124.1660,123.3950,129.9160,115.6510,125.6960,166.7580,168.6920,150.3860,107.6120,23.1220,36.7207,57.8985,59.0095,78.4764,125.1670,195.3490,259.4870,244.0970,178.7760,133.5450,85.5656,54.9277,75.8082,115.7370,82.7355,79.1012,40.3240,77.3183,129.7480,187.4180,192.6080,186.7290,155.5600,140.9970,142.5510,161.0810,183.8170,202.2980,204.8510,212.4310,222.3620,218.2250,188.4690,134.2460,86.3673,85.8935,127.2400,171.9010,162.8560,116.5650,79.5821,39.4147,16.1992,51.3646,99.2372,117.7100,122.0510,109.5040,129.7740,156.6920,150.0010,124.4240,93.7058,61.9386,61.7922,95.1523,97.3060,152.2360,166.1030,152.1660,130.1620,92.5096,98.4940,130.4050,169.3530,183.2290,218.5850,254.5750,256.8870,222.7760,177.4070,139.6410,153.5590,173.6810,190.3090,260.6470
85308.3000,63986.2000,33052.7000,34045.6000,43887.2000,34574.8000,24341.4000,21014.4000,19935.9000,16401.5000,13474.4000,10717.0000,9584.1900,8498.4100,6873.4600,6883.5700,6231.9000,4603.5900,3963.3900,3634.9500,3358.8700,3650.2800,3402.7500,3007.0200,2259.5600,1825.3100,1355.7600,1106.4300,995.8450,752.4860,614.0010,453.4430,352.7220,222.5190,201.2240,225.8460,199.5370,137.1740,83.3336,64.4905,90.8282,127.5960,170.9300,178.5860,118.5990,68.9488,31.6921,44.5550,117.2650,135.3650,165.1840,230.8220,262.1070,306.8990,363.4110,497.2610,629.8330,638.2090,515.6360,383.7490,181.3640,70.7441,139.3270,179.0560,160.5940,126.7110,69.8311,99.7585,117.6270,237.3420,262.0550,232.4050,212.9780,176.2280,148.5140,118.2280,72.5378,39.9443,63.4173,70.7410,63.0661,32.8897,26.7355,39.0918,52.1514,48.5789,51.3273,98.0121,100.0650,95.3348,67.8079,89.9085,133.7380,131.7970,171.3590,126.7340,97.4943,76.3777,76.6326,107.9080,152.8720,238.6860,360.6550,442.6530,453.0430,446.5680,394.5040,215.1230,80.9247,83.8063,103.0430,66.4345,41.3867,40.0562,52.8805,64.6402,66.0873,64.2979,82.6073,66.5689,54.5584,23.5312,17.0548,46.4903,60.3163,81.5090,100.3260,93.1020,75.7722,69.4836,39.7046,34.4411,31.7152,14.2348,5.7413,3.8982,22.9767,41.1949,70.6753,77.8713,60.9533,77.6458,51.8112,88.0370,101.8500,97.1359,88.1985,89.6174,108.6810,123.2900,81.4478,59.1102,38.8659,65.2467,79.7515,60.2306,50.9645,16.5025,30.8248,41.3434,46.7354,48.6500,37.8153,31.1483,55.0394,90.0387,92.6521,77.2471,65.6886,40.2085,12.7162,46.0871,40.0303,48.5882,108.8540,170.8030,226.5950,300.8140,323.7850,223.2000,149.7850,109.5430,94.7929,96.9872,103.5060,120.0240,152.3860,187.5830,166.1720,130.0090,96.7400,64.9841,26.5424,71.4119,113.3680,136.0460,143.6020,131.5020,82.5098,85.3944,148.9110,155.7350,107.3480,71.6116,61.5755,75.1083,104.8070,122.5280,140.5750,134.4390,137.7120,139.4990,163.4580,172.5480,150.1480,138.8510,128.9450,107.3740,101.0610,154.6370,178.6250,157.3570,111.6250,35.7225,39.0815,47.7795,38.4722,68.2137,134.8170,202.9850,259.3740,252.8650,182.2690,130.6710,71.8189,40.0556,85.9037,126.9640,97.5183,77.2343,31.5194,45.2220,96.2956,154.0680,159.5110,148.9030,114.2650,110.4380,141.9920,170.0490,196.0460,191.5720,161.0290,161.6490,169.1400,168.4770,137.2110,91.7477,79.1362,122.1220,185.0610,198.4210,152.1740,103.0580,67.6032,29.3894,45.8593,107.4570,142.6080,170.4620,188.8350,193.6350,184.8700,195.2510,203.3750,172.4890,128.2030,86.6490,94.2778,127.7480,114.3940,161.2850,169.7730,146.2070,131.8560,127.8300,127.7180,139.8260,165.7820,198.3970,241.0510,265.3960,262.5720,233.6480,204.7650,175.2680,187.9580,199.0160,195.4810,229.9240
85773.9000,64126.7000,33258.3000,34470.7000,44578.7000,35240.0000,24737.9000,21412.3000,20401.4000,16778.3000,13713.6000,10994.5000,9824.5700,8628.9600,7039.6500,6995.1600,6253.9600,4659.0800,4020.8700,3692.0600,3422.2200,3680.4100,3390.5300,3011.2800,2241.7800,1787.3100,1369.9200,1101.4900,937.3270,681.2770,555.9080,403.7880,284.1700,190.4320,194.1140,197.8520,151.5730,72.9281,17.2814,33.5394,99.8281,158.9080,225.6020,220.4750,174.6330,129.1600,74.5337,71.7907,103.1620,105.5920,150.5260,240.5610,292.4950,346.9460,418.3550,541.5260,661.0490,661.2950,525.3520,380.6360,189.2710,95.8434,165.1740,201.7190,179.1390,132.5530,77.4021,71.0215,93.5006,216.3530,236.4270,194.7320,170.0700,135.4690,138.2890,111.2430,79.2941,100.7200,116.5440,107.6900,66.0386,52.4521,65.8339,67.3890,68.9386,72.4045,72.8836,83.1520,90.7020,93.2785,99.0930,122.2740,124.2710,118.5580,154.6750,134.2830,109.4570,81.3428,77.2206,115.9670,149.1380,220.3960,350.1940,473.6500,491.7250,480.2320,409.2280,212.4720,71.1610,55.4162,83.2292,51.6016,27.0007,32.2928,41.6916,70.6118,56.5829,44.9549,59.3116,45.6956,29.5733,40.0021,61.2141,88.5606,104.8870,118.9830,115.1210,89.6754,54.9371,51.0907,26.7799,26.0284,20.0247,30.1816,36.9590,15.2368,20.6817,60.4876,70.3937,66.1869,74.5305,93.6756,79.4968,103.6030,111.3100,97.9018,88.9405,95.2493,102.6870,90.6137,35.7993,22.1190,43.1049,78.2801,113.5200,96.4003,65.7874,24.6626,50.8792,60.8044,59.8606,54.4590,52.3289,53.6020,71.8887,99.0031,121.8690,119.1420,101.7710,76.3864,51.3495,32.1967,27.2501,29.2425,110.9120,175.6500,228.1150,298.3190,321.3840,238.2070,173.2950,141.6210,133.2020,135.7750,122.3990,121.8830,134.1960,163.3100,154.2930,98.1256,68.7455,41.3965,41.2959,87.8147,113.8490,126.3730,131.3770,136.7590,98.8842,87.3053,157.8320,173.1310,107.1140,58.1171,56.6744,93.5109,121.0370,132.2160,124.3820,123.1650,124.5330,135.8860,136.8180,121.4730,116.7730,113.3390,109.1910,80.6868,112.9120,175.2460,177.1630,166.8270,139.6060,71.4205,21.8821,31.9127,38.3759,53.0930,100.7990,164.3850,246.4990,258.4160,185.8540,136.2340,75.6373,66.6124,85.8504,101.4870,44.0906,34.2430,65.3815,87.2217,124.6840,174.3010,196.3110,190.7620,158.1780,139.1900,153.1890,169.0140,182.1850,191.6860,189.9270,207.3830,210.5740,186.4740,129.2650,99.3843,122.5880,162.5060,190.8570,192.2410,146.8410,88.0089,49.8010,49.8062,72.2674,116.2700,141.9720,157.3350,159.1810,143.0850,155.1750,193.6330,188.0140,148.5860,113.6060,98.8902,112.9570,120.9960,121.6700,172.6690,188.2310,158.5340,132.6460,122.3130,139.6000,157.2170,168.4670,200.0140,275.9460,300.5730,265.5620,222.9460,181.9780,145.6180,150.8720,160.5740,159.9420,223.4270
85844.1000,64237.4000,33560.1000,35134.0000,44949.6000,35299.3000,24867.8000,21510.1000,20321.1000,16692.0000,13733.8000,10998.9000,9739.8000,8607.5400,7033.2400,6962.2700,6239.5800,4613.9400,3924.2400,3611.4600,3357.4200,3606.6300,3309.0300,2923.2400,2168.7000,1728.8700,1298.0200,1066.0000,957.4870,710.0500,572.1720,452.6330,324.7340,219.7390,238.7630,253.3030,192.1580,108.9690,49.5629,24.9533,74.6715,151.7100,231.1500,232.7050,182.2360,139.7390,84.5790,37.7873,61.9795,61.8788,76.8086,166.3650,231.9140,290.8200,370.6630,477.4650,606.2360,638.5130,533.7010,400.5430,215.6380,105.4840,161.8720,216.6520,218.2910,177.1470,97.3380,81.1595,121.6470,245.4430,258.7330,212.2380,169.2780,138.8640,124.5660,89.4247,67.9867,67.0236,63.5241,58.6751,44.8461,32.2620,41.7950,54.6393,47.5008,35.3214,61.6119,93.9515,83.8427,75.0463,79.1800,110.3380,129.8990,125.9560,166.2960,132.5670,103.7770,87.6028,81.8284,99.3987,139.8730,222.6150,351.2090,472.4500,487.0230,476.3910,396.4340,219.6440,88.3462,74.1018,108.4910,94.4983,82.1482,71.7967,85.5986,74.4897,85.6057,65.8395,80.4481,75.5304,57.4218,35.8682,32.3978,56.1947,74.9783,93.4866,95.7837,86.3392,60.5655,39.7145,18.4743,16.9526,23.6665,37.3432,36.6786,14.2541,13.7371,35.9621,49.9253,75.8635,79.5276,90.6568,49.4481,53.5868,63.1219,58.7566,58.7401,74.2142,97.0686,88.0870,34.5525,21.4569,61.4748,99.6376,102.4910,84.8988,66.2353,14.8742,44.8829,52.2215,53.5239,47.0691,51.1310,51.7474,49.1150,66.8948,88.9141,87.6698,65.5285,40.8028,19.0088,17.3532,38.9861,68.1128,136.8680,223.6100,276.5410,342.5480,334.6200,248.6500,179.9850,138.5330,114.2060,98.4987,90.4484,100.3360,118.6310,153.6990,138.9000,89.2089,55.5342,29.9240,28.3119,82.0191,129.0780,150.2600,158.9020,162.2060,103.8410,72.1330,131.3140,145.6580,95.7336,61.8605,41.6515,79.3272,109.7520,134.9360,118.2020,121.1160,133.5270,157.7210,174.9800,159.1120,137.3640,115.4970,98.9688,78.5369,93.5729,136.1030,138.4440,127.8140,97.4507,27.0914,18.3998,31.0644,40.0645,67.0509,109.7520,165.4120,238.3020,244.4640,170.5770,128.3660,84.9468,59.1641,119.7430,133.5830,106.7680,83.4651,55.7244,50.4723,110.0670,143.3360,151.1330,146.1390,124.5850,95.4133,89.4552,130.8370,187.3420,200.4350,187.6940,208.4450,200.5950,192.2930,154.6650,108.6970,82.8047,121.5860,179.5970,193.2980,170.7940,149.5390,114.3980,74.9314,49.3464,85.3890,126.5880,148.7740,155.8120,153.2880,184.3750,210.4000,195.2270,157.7640,131.9110,105.5760,102.8700,123.4440,119.6740,174.4350,194.1510,169.8390,140.8460,127.8990,148.7150,168.6950,202.7650,231.5170,281.1200,298.4270,278.8200,236.6320,199.0510,169.0090,186.2240,208.6070,204.8300,241.0870
85337.9000,64061.0000,33165.0000,34145.7000,43923.0000,34626.8000,24412.2000,21032.3000,19934.7000,16434.8000,13555.5000,10786.7000,9632.8600,8552.3900,6904.5300,6870.0300,6197.5000,4580.7700,3930.7500,3603.0000,3328.8600,3598.1600,3324.9400,2902.9000,2165.0900,1756.8200,1305.8500,1071.0000,963.8030,696.7840,567.6690,423.4210,291.4980,164.4610,179.8440,206.5290,160.7740,81.9323,38.1662,53.6971,105.9010,174.5970,238.0540,238.5670,199.9560,157.9750,108.4810,94.5918,127.3050,120.6030,118.7890,191.6220,265.8230,305.9230,395.8120,518.0440,649.1100,642.3950,519.2340,370.6250,199.1970,124.5490,178.4510,203.6230,159.9290,117.1110,54.4660,85.3186,145.1830,248.4420,243.7420,203.6910,173.6170,148.8240,128.1800,97.9593,62.0563,53.1749,65.5290,63.0164,37.9230,19.8286,32.6876,42.5042,41.6151,52.4077,58.2114,74.7793,85.6649,90.4484,91.8463,116.1420,134.9740,121.4200,147.3910,114.0160,94.4904,68.8723,53.5829,83.6897,124.0310,199.0690,344.8030,451.1160,451.2110,441.4710,386.5850,218.3290,77.9959,73.6726,99.6538,66.2930,45.0623,63.9799,72.0457,91.4387,81.8240,79.3808,93.4468,75.8710,54.9996,39.8902,31.7297,52.5390,75.4628,94.1258,104.5070,89.6144,67.3344,45.4123,25.2472,16.7095,7.7892,13.7967,26.2724,34.8483,48.7208,54.2365,54.1800,63.1247,64.8165,78.9258,55.3342,62.2340,79.8942,79.0126,80.1490,88.1714,111.1050,103.4120,36.0698,16.6934,43.4638,65.6043,77.7175,67.6649,60.4724,16.9551,19.8422,10.9468,22.9345,36.7897,38.9745,44.3707,61.0347,80.3685,81.1150,78.8728,79.2037,51.5680,23.3029,25.5015,35.9812,57.6869,132.2560,204.1580,255.4450,319.9490,335.8030,253.5140,183.5600,128.5640,100.4700,104.3100,105.8010,123.5240,140.9390,176.3500,148.1560,94.7039,59.4560,43.3518,32.9962,75.1578,103.4650,129.4080,130.6270,118.9600,71.4171,78.8903,138.5720,158.3360,88.0344,60.7480,52.1375,82.1048,93.5447,99.6521,78.7326,80.6788,92.5906,115.3740,119.6080,104.9530,108.0490,116.3130,127.8210,119.5110,135.7860,182.3330,186.3750,182.5500,153.5710,103.6920,38.3014,18.9108,29.8103,34.3637,83.7056,149.8620,218.8380,220.9700,150.3520,109.1990,67.7161,55.5407,120.7560,146.8400,116.4050,93.7030,45.0367,63.0249,109.0570,162.6490,174.0820,170.1570,140.3580,115.9650,115.8020,138.2370,162.7930,179.7380,186.3680,184.0060,180.7930,178.1920,151.0630,100.9920,90.9381,136.8710,198.1990,217.4560,169.8230,121.6410,88.1316,54.7707,37.5259,89.2124,116.9450,123.7380,117.6140,129.0680,162.5890,184.8280,189.8940,171.0900,147.1010,119.7320,123.0850,152.4340,144.7750,174.8990,165.4000,149.0260,127.5140,115.6220,123.5100,170.0000,221.8250,242.8420,267.3620,293.0980,274.1630,229.9840,188.9020,157.9440,163.5810,177.9160,193.9620,244.4050
85761.5000,64151.0000,33180.0000,34216.1000,44327.3000,35107.5000,24669.7000,21296.9000,20280.7000,16705.4000,13670.4000,10915.8000,9748.4700,8570.9500,6994.7500,6995.6400,6292.2400,4677.0600,4006.0800,3677.5200,3428.8200,3684.1200,3391.1900,2999.1300,2253.3400,1792.4400,1324.1300,1072.7100,958.3370,709.4140,574.7650,414.9230,310.9320,186.8130,159.2420,174.1480,148.7900,83.2537,49.8847,65.4437,106.3880,151.9570,195.3920,203.3250,157.8940,101.7940,54.4726,65.0776,98.1371,108.0070,159.4540,250.2920,298.8850,350.4190,401.9020,501.3380,616.5680,622.3970,483.0270,345.8960,184.1640,97.7182,145.7970,178.4120,157.7220,116.1780,52.9141,93.6870,133.3170,240.1670,235.1280,193.1800,163.0820,132.7750,114.9220,85.7229,49.6092,45.2915,66.9053,72.1214,53.1797,14.7252,20.6655,21.5538,12.7615,26.1869,26.7896,30.3477,47.0081,61.6891,74.3028,104.2880,131.9810,138.6270,165.7590,142.2660,113.2780,90.4330,69.6951,107.1420,156.6720,218.5470,328.5470,431.5940,440.4470,434.7110,382.9540,217.8000,78.6562,59.5263,94.9480,67.3280,48.4773,63.3215,76.2909,104.5430,94.9475,58.8592,65.8177,65.9397,47.1995,19.7468,45.6315,75.0788,82.8908,86.3991,84.3855,67.5539,37.3552,28.0288,19.2387,28.4430,44.9612,52.0165,35.4839,18.1178,12.2535,18.3462,22.3582,34.4098,47.0304,82.1563,70.8346,93.1038,93.1496,94.3818,97.9418,99.3789,98.9038,73.7389,20.4753,28.2381,48.5334,68.6249,78.7037,51.3382,22.5124,37.0637,49.4257,31.2236,38.7288,60.8192,68.3119,80.0825,103.0200,113.9200,119.8530,135.1790,129.6040,104.1920,68.1535,41.8997,23.6070,39.0352,128.7760,226.4850,288.2810,361.7710,364.8150,260.9970,172.4250,127.6350,103.7520,94.1469,87.3893,114.4550,127.8120,162.9840,116.5500,73.2502,55.6783,54.9773,60.1991,94.9857,123.0910,147.7230,145.8960,134.0840,84.1734,75.8611,127.7930,148.6240,94.7253,69.8911,48.1413,77.1990,98.4958,112.6720,113.3950,124.7880,132.0310,147.1590,149.6720,142.5320,134.4140,121.7590,114.0950,102.8700,106.4760,146.0120,158.9200,136.8090,96.6051,19.5080,36.9419,52.4195,47.2012,62.8482,112.6870,166.1170,217.7580,217.4490,151.4910,94.7407,52.7075,66.4657,124.8870,159.8820,124.1410,93.6448,38.4750,62.6324,125.3960,173.2410,179.7480,167.8510,142.9760,118.8820,113.2890,130.1470,157.2750,163.7310,155.8100,179.7020,192.4760,181.9470,142.3980,80.3987,75.1999,120.8690,171.1170,199.5570,185.6700,139.9820,90.0262,27.9638,35.3445,86.1990,121.7150,148.7170,162.4680,142.2010,153.4790,205.4270,198.0800,159.7490,112.8050,95.0336,112.8700,138.1030,135.8470,172.2510,174.3480,151.6940,121.2490,110.7110,127.2660,160.0460,192.0060,239.1680,287.2500,304.4840,276.3530,219.7030,164.2430,141.1020,152.3600,178.6240,187.5620,231.4090
85858.9000,64187.7000,33472.4000,34968.0000,44870.8000,35316.6000,24883.8000,21479.2000,20288.6000,16696.2000,13654.0000,10894.4000,9677.0900,8572.3900,6992.9300,6886.2600,6165.3400,4581.8200,3859.9100,3480.9100,3198.9400,3479.2300,3228.7800,2859.6700,2159.4800,1723.9200,1269.2500,1034.0800,940.8140,713.0580,580.8490,445.2620,313.5050,221.2190,233.9920,256.8520,219.0570,124.9280,58.1204,36.7289,57.2497,132.8130,213.7220,207.6870,172.1090,144.6170,101.2930,37.4244,63.4360,65.6553,87.3205,196.8870,257.1360,278.7320,339.0910,451.5980,610.9630,650.2060,551.3130,424.8110,238.4160,109.0380,144.3820,203.3500,207.8440,167.2770,86.2302,79.7047,115.4200,231.0960,242.1990,203.6720,173.8680,141.3550,128.4480,101.7830,67.7589,53.8539,56.6269,58.6404,38.2956,22.7005,34.4482,51.7948,39.9480,34.3572,30.7653,37.1915,54.0736,65.8895,81.5175,112.8210,129.8320,121.1070,152.1270,132.4530,102.2620,82.9322,64.9590,98.1400,144.4520,223.4610,353.1490,445.5780,451.7970,442.2670,383.3200,200.5620,70.0011,62.5408,83.7284,58.7544,36.1608,50.9877,54.5977,91.9373,78.8053,72.5887,75.0922,62.9705,52.3652,35.4377,24.5859,67.9203,88.4704,104.5740,106.8650,89.5265,45.5045,16.1055,14.4632,15.9301,35.3678,47.0682,31.7893,17.7646,9.6142,14.5074,41.5083,42.5525,43.7904,41.1229,45.3860,41.0780,57.5408,50.6347,63.9444,80.4796,108.8350,111.5870,71.8504,65.1835,47.5259,43.4343,57.2845,25.9470,43.8021,46.8704,75.0424,56.9946,54.1822,63.1820,62.8350,65.4258,74.4635,89.5418,88.2135,76.6230,55.4110,48.2304,61.0240,49.1674,34.8084,65.1725,141.3980,227.6540,279.8720,336.2270,305.3480,232.5280,173.8570,138.1670,105.2910,86.2665,91.9150,116.4200,144.5940,182.8510,157.8550,109.3160,79.6824,46.9011,20.5861,69.3209,107.7820,138.6390,154.9030,157.3260,105.4470,92.1695,160.8340,167.6370,104.5830,50.7846,57.5071,80.6329,94.9297,111.4580,112.2370,104.2530,107.0540,122.8450,137.8300,127.1550,127.9640,131.9480,139.5090,125.8030,143.4600,195.6350,192.4050,162.4730,104.9500,34.1273,41.3071,67.2178,60.9310,61.1465,130.9690,210.3590,273.4580,254.9580,166.5200,86.4580,40.6768,82.6162,170.4410,185.8320,147.1180,83.6770,11.8438,37.7125,95.0019,157.5050,173.2410,163.7550,130.5800,108.1160,120.5940,159.9800,200.0100,205.5980,177.1150,177.0240,197.3980,197.7330,168.6260,105.7880,84.0684,119.4600,169.8420,200.4040,177.4610,131.8180,93.2158,69.6673,53.8664,90.0579,124.5650,145.1260,156.2470,154.3290,167.8350,183.5270,181.5000,154.0430,120.9830,97.1877,101.9250,132.1110,134.2140,184.9880,181.1330,153.4650,129.6220,115.6730,115.4000,142.9240,182.6310,217.3410,243.1460,243.1200,231.0940,199.5880,170.5320,137.5330,148.7880,167.9450,182.7870,234.7590
85407.5000,64093.3000,33250.2000,34360.1000,44067.7000,34653.6000,24465.9000,21101.6000,19934.5000,16416.8000,13566.2000,10806.3000,9592.0100,8547.6700,6961.4300,6894.2200,6195.6500,4568.8400,3862.0900,3510.7200,3230.5800,3533.1700,3303.2000,2912.5800,2156.9200,1711.3100,1271.6200,1018.5200,884.1930,645.7100,528.9780,418.4670,294.3140,180.7390,186.4030,210.1000,160.2310,88.6143,39.0422,47.8495,96.4960,161.2340,217.6370,225.2730,189.8650,142.1880,87.3025,53.8802,117.1880,114.9190,108.6970,180.0320,253.4170,285.9880,378.3760,506.2900,652.2570,669.4830,557.8550,416.9380,240.0270,114.9000,165.3410,218.0540,207.3890,158.8020,77.5663,91.6537,118.9410,214.4360,215.0030,182.3420,158.2610,131.0070,113.1710,102.1960,71.1585,50.1617,62.7021,71.9030,55.6104,26.6872,31.0240,31.8037,41.9506,46.1163,39.0685,62.0936,76.0838,81.7046,78.9279,97.7371,111.4950,107.8970,139.0190,121.5360,92.6469,70.0181,66.8431,112.5090,155.1390,228.7590,348.7280,441.3890,453.5250,445.1420,384.4030,205.6340,76.6370,77.6531,89.0868,55.9416,52.8678,44.0980,62.7647,85.2585,86.9001,66.6874,85.3873,81.9614,58.5166,31.3798,39.6348,80.8500,99.8754,108.1290,87.6273,69.2918,41.6272,17.0580,7.4881,17.7943,30.5979,41.3483,22.0281,12.4999,47.8981,56.2690,54.0917,64.9218,80.2837,101.4570,80.4488,65.6605,71.9841,55.9504,60.4966,73.7368,101.9620,97.7334,52.2317,51.5924,35.6283,55.0621,66.6119,46.7661,60.2736,30.9777,63.1176,41.5301,30.7566,42.3977,50.0440,56.4133,68.2314,85.1720,74.9307,67.2120,77.6422,59.3663,33.3598,15.4712,28.7711,76.0021,143.3940,218.1850,268.4300,336.0560,320.7420,226.0160,163.5800,135.2300,120.3510,110.8900,98.9169,114.4520,132.6820,163.8010,136.4990,99.0522,70.0198,60.4367,29.2208,69.8753,93.7301,133.2430,134.6080,122.9200,65.7583,80.8296,141.1040,145.3720,78.1529,49.1939,53.5873,86.8538,102.7730,129.1350,116.3070,106.8610,117.5910,137.5450,150.3480,144.5880,137.0890,134.7730,127.0430,107.1220,124.4680,163.4980,163.8540,148.3630,114.2090,54.8420,16.2429,24.4958,32.6131,64.7671,121.2880,178.8640,215.4170,200.2610,151.2130,100.5260,68.3862,42.9653,119.1590,143.9130,124.8580,103.4010,46.2709,61.0267,103.7340,156.0170,160.3370,154.6070,122.9000,94.9430,101.1530,132.0640,156.4120,167.4220,169.4440,180.8900,183.4440,172.4780,134.5540,86.4958,83.7680,124.7090,185.1470,215.5970,175.1820,125.5750,93.3256,52.1585,26.9715,76.1958,113.7950,135.3890,138.4800,126.4890,156.8000,187.3880,170.4910,137.0090,105.9960,87.1664,101.8840,143.2470,137.9460,181.9040,187.9330,169.0300,139.6250,112.6920,108.2970,141.0030,175.9890,218.0600,265.6910,295.8880,260.1310,203.6960,157.8770,137.0560,145.2090,155.7760,166.5600,244.4500
85715.0000,64171.0000,33138.7000,34065.1000,44134.5000,34925.6000,24560.5000,21235.6000,20224.0000,16653.9000,13657.1000,10920.5000,9732.1300,8566.1500,7008.4400,7006.6500,6281.2800,4671.6900,4005.2000,3619.7900,3311.8400,3592.7100,3329.4700,2976.8200,2266.8300,1810.0600,1322.9600,1082.9200,962.2250,719.6620,574.8490,429.7600,332.5230,187.1340,148.5760,172.5430,154.7180,89.2098,72.4309,68.4283,116.6150,162.3350,201.3750,194.3280,132.7440,76.7316,32.3635,46.5888,109.5710,118.9840,155.7120,244.9350,288.7620,336.0920,392.1440,496.0410,609.0920,606.9820,499.9130,376.6210,202.0480,74.7131,139.5180,185.2620,178.5400,144.1430,63.3026,103.6520,136.9840,249.6790,253.4430,202.6210,167.9140,125.7740,117.4930,81.7108,46.6716,64.0921,85.2431,87.4847,58.9702,21.0123,27.2565,35.7910,18.7123,22.4679,43.2624,48.3754,52.0718,55.9497,65.5193,82.5989,107.0630,107.2760,166.4900,159.1080,135.5870,104.1580,52.2361,86.0215,144.4490,214.8810,333.1320,438.1850,447.1100,438.7100,384.2230,192.7190,62.8292,65.6167,83.1794,46.4071,35.9981,31.2368,41.4855,74.3633,77.0531,74.9703,83.9327,70.8309,48.1863,26.6985,25.8896,69.5534,88.7069,107.7700,100.3680,71.5787,33.9645,26.4579,24.3648,40.6212,53.0379,51.8791,40.2193,24.2871,12.9890,28.0849,63.5815,77.7614,86.3483,95.0896,82.3842,53.4908,56.8949,50.0378,55.1318,67.4825,94.4423,114.9140,68.9458,55.0205,14.2170,39.3851,48.2823,51.6524,60.3059,23.4386,33.2868,22.7123,24.2613,22.3897,22.4392,11.9585,19.7539,43.5865,66.1912,57.1618,58.8500,58.9318,47.3696,43.9178,33.2805,32.4500,111.9940,199.9000,264.4950,342.5020,364.4150,288.7860,210.9690,164.1070,122.1200,98.0027,105.8350,120.6520,127.7130,149.6630,110.1650,86.7652,75.9391,77.5880,61.9271,71.5203,96.8867,109.9500,112.8690,112.7290,68.4893,70.3233,145.2810,148.7010,96.0137,62.8972,65.1987,78.4045,98.4987,122.7350,134.5970,143.7470,154.2970,167.5090,161.9660,153.8170,142.0140,124.0670,98.0515,78.6455,115.0970,165.9470,167.1900,151.1540,121.4890,58.8020,22.9819,42.8465,48.6832,41.2534,93.0209,163.2800,243.6670,236.2580,149.3140,91.6840,50.0817,66.7192,140.5910,157.8010,127.3530,96.5477,40.6948,90.6088,140.4280,179.8050,188.6450,185.8920,157.1340,119.4860,123.0520,145.1010,165.9290,185.7720,177.8810,167.0330,163.2550,164.0640,139.1090,89.5345,80.9299,119.4520,154.1890,176.1930,155.1500,108.6290,62.5415,25.5351,25.1826,97.9502,132.6640,147.9080,150.6990,163.8300,200.3120,229.5610,206.2880,165.8860,120.0930,89.0723,85.9082,113.7670,115.8260,160.8220,176.9350,154.3890,129.5840,102.6950,93.6198,119.7840,152.3680,199.0030,254.0690,285.3690,264.8030,220.6150,184.8530,153.1310,164.7310,180.7290,196.9320,259.4720
85967.6000,64242.0000,33493.7000,34916.0000,44843.6000,35361.7000,24925.1000,21534.7000,20350.0000,16751.6000,13714.8000,10970.6000,9703.9800,8544.8300,6965.2700,6859.8900,6120.7500,4538.1300,3802.2000,3398.6900,3099.9400,3381.9400,3143.4700,2826.1500,2147.3000,1705.2200,1260.1600,1028.6700,913.9110,680.6260,568.5360,438.0350,315.8160,203.4450,214.9420,248.9090,220.3420,142.8530,68.0241,21.4253,59.6932,128.6470,207.2000,229.5620,190.5280,145.4220,90.1901,38.5983,44.7132,61.6146,105.4550,195.9470,254.1340,279.5020,344.6540,445.1470,582.6670,601.9210,493.4270,364.3450,183.2240,99.7708,151.3690,201.8910,197.5540,160.8550,81.9904,108.5570,132.6190,253.2280,262.3290,219.5940,186.3290,147.0040,133.3180,96.7849,54.3075,62.4692,83.4561,85.7650,61.1849,12.7723,20.8437,39.6572,45.3238,46.3442,62.1590,72.3434,72.7298,73.6380,81.7978,94.4690,106.0120,98.9347,143.1720,132.3540,103.9690,77.3155,51.2792,69.3823,116.4740,205.4160,337.3330,424.5440,429.6100,425.3250,376.5680,204.2460,75.4148,59.7200,81.2211,70.1992,58.0528,72.5276,61.0997,66.6091,72.1961,87.4042,74.6272,45.6074,35.4814,35.1477,30.3928,55.8111,77.9423,97.4861,97.3750,81.9066,50.0127,39.5099,17.8007,31.3575,36.9441,38.8306,31.3265,21.4481,21.2531,34.7139,77.5158,87.9255,91.0372,92.4601,65.2555,59.9423,79.8880,81.3602,84.0202,93.8988,111.8900,91.5638,28.4329,27.8642,63.2491,64.4884,78.5866,69.5835,63.1902,17.0817,17.9164,25.9260,22.3881,19.9720,25.7842,38.6057,59.8482,84.2908,88.7952,77.5946,49.1416,21.7870,23.5754,41.1716,45.2070,72.3656,140.5970,221.4220,274.9480,335.5330,317.7350,225.5490,161.1360,129.4260,115.2550,106.1570,101.7650,119.1230,137.3550,165.9540,133.3800,94.9301,64.5907,52.8776,32.6741,74.9973,106.9350,145.3500,141.2210,126.0960,80.3041,91.0200,140.1770,129.2560,70.8255,38.6808,40.5847,81.8057,97.4508,115.5580,105.1340,121.0040,133.1310,154.2330,150.5570,136.0250,125.3770,120.2270,114.6180,102.5450,127.1270,173.3680,167.0540,145.3990,105.7940,46.4390,40.3517,70.3331,83.9968,86.2083,137.5990,210.4020,265.6190,255.1120,179.8330,110.5970,52.2909,63.8534,118.1300,142.3360,122.7200,96.6643,37.2460,72.8648,119.4670,169.9300,178.5350,177.9740,149.1770,137.2840,139.3460,157.2000,177.9490,176.3710,175.9850,193.8590,190.8000,173.0680,133.1080,99.7063,81.8278,117.8370,181.7010,215.9960,184.6330,137.2230,92.1169,36.9994,28.8199,61.0650,90.2681,110.8620,122.3570,122.1420,146.1290,175.2450,165.7280,141.5240,111.9470,98.0816,111.8510,155.7950,150.7750,184.4140,177.7960,130.4210,97.8336,93.9253,120.1890,159.4900,187.1610,213.3330,243.9140,270.2790,250.7040,206.2530,170.2570,140.5610,146.7410,150.8880,160.6090,207.2630
85641.6000,64276.3000,33439.1000,34609.8000,44324.5000,34868.7000,24635.0000,21212.6000,19997.2000,16476.2000,13572.8000,10817.3000,9603.5400,8547.2500,6954.2700,6876.9500,6190.9300,4566.6800,3797.0600,3412.7300,3164.6600,3460.7900,3221.6800,2862.8800,2162.1300,1722.5100,1249.3100,1014.2000,900.8110,653.0350,537.8910,416.9890,296.4970,175.4040,179.3470,212.7210,180.7920,103.9590,46.2421,17.4775,79.9724,157.0550,243.0070,255.7700,214.9950,162.6510,106.7200,56.0746,62.9013,77.2318,116.9940,198.3540,262.4830,293.4480,371.9660,491.2110,644.3410,669.4930,558.0910,420.8980,230.8690,113.9990,155.5570,209.5880,207.3940,171.2720,101.1640,87.2066,104.1410,223.5980,229.4240,196.0540,174.8680,165.2350,154.2500,109.9880,73.7219,66.6994,75.3939,78.3422,57.1182,23.4280,28.2894,47.4286,54.7302,52.3791,57.3191,69.3395,78.7569,85.7252,93.6626,120.5240,136.6390,120.0360,148.2400,126.4950,97.5872,81.3671,82.4777,114.6380,145.1790,207.4920,325.9540,433.4810,451.8430,452.3040,408.6210,223.6230,76.3495,48.9745,79.8527,52.3582,40.5202,38.7900,59.5407,76.7721,95.7610,91.4288,78.2661,56.9615,35.7254,24.1452,26.2135,65.4764,88.9674,115.6160,103.2860,80.7389,58.9266,34.2474,9.5976,21.6464,22.3215,28.8543,30.2056,35.4338,18.8273,19.4400,35.8495,59.0406,64.7266,84.1871,59.1757,59.5788,68.7697,71.7153,78.4754,86.7167,110.6700,112.2360,49.6547,42.3114,43.7911,73.5357,70.9752,62.2226,69.9382,36.9128,56.6948,45.1761,57.8361,65.9294,61.6866,63.5587,87.1606,110.8480,110.7020,104.7000,92.4740,77.7315,61.1091,44.8087,25.6204,43.9141,140.2940,221.0300,278.5980,341.5440,350.6840,264.4390,182.5780,137.4710,107.2960,86.2813,72.5416,88.7001,99.8872,130.1280,99.8024,77.1972,60.4348,58.1055,31.9510,65.5546,95.4189,137.9580,142.0050,137.4440,67.2847,67.9438,141.9500,150.2330,96.8459,58.0772,34.0750,59.6379,97.0937,121.9320,121.0740,123.6440,136.8180,151.6500,148.6110,136.0670,133.8170,123.8860,115.2260,104.0960,112.1090,146.0020,155.4110,136.6030,106.0200,42.9883,24.4521,44.0442,56.3682,79.7332,137.6930,200.4920,258.7200,234.0390,145.9980,74.0648,28.0288,57.4587,127.4070,156.9540,119.2710,78.5465,28.8562,61.0887,134.7630,180.5160,187.6800,189.5090,171.0070,139.0190,127.2130,149.5190,165.9000,178.6490,204.6550,212.8400,191.2270,179.5380,143.8210,98.7911,84.6466,126.4760,173.0160,185.3310,169.5080,124.2270,78.6198,20.4651,34.8448,70.3921,111.0050,136.6430,148.6950,135.1840,156.0860,179.9880,167.7190,141.7580,110.3190,97.8900,111.7460,152.3360,150.1770,192.5410,198.4040,173.6510,139.2750,104.5050,105.4970,152.1470,191.1270,229.6600,273.9300,293.4600,271.8640,231.0530,200.0290,157.7390,162.6060,205.8240,219.2930,260.2820
85672.8000,64223.5000,33219.2000,34022.8000,43938.8000,34773.8000,24510.3000,21160.7000,20089.6000,16562.3000,13532.0000,10771.3000,9640.0000,8503.8000,6872.1900,6880.6900,6209.1300,4589.2000,3919.5300,3550.3000,3254.9700,3560.5900,3333.5800,3019.4000,2298.0600,1820.3600,1352.9400,1124.5300,998.7510,759.6900,624.7860,471.9440,368.1570,230.5320,193.9640,210.3590,182.5290,126.2540,87.3616,88.6385,125.4970,143.1270,168.5960,153.0780,112.1520,80.1172,41.8718,26.8153,84.8219,87.2565,126.2800,215.9690,249.3180,275.6270,326.2930,424.9690,552.7450,557.1780,455.3690,341.3150,179.8210,82.5446,127.9330,171.2000,154.6440,118.0380,69.6001,106.2600,110.8210,207.3350,219.3680,187.1380,167.4410,141.6340,122.6050,99.3909,69.1764,65.9288,92.8217,103.5180,84.2578,27.5274,40.9827,64.4413,35.0601,33.0725,62.7569,76.5300,79.5931,81.9931,87.5321,122.1330,147.8190,128.7520,156.7530,133.5920,111.6640,100.8570,79.3031,88.8943,124.0740,200.5240,336.1240,451.1570,453.7450,448.2570,385.3370,220.5790,85.5002,38.3617,68.2978,59.2431,47.5048,60.7322,69.6429,93.4806,109.8200,97.3529,80.7196,80.0516,76.6405,52.3318,41.7456,80.0328,104.0410,117.4870,89.7647,64.0291,54.8724,34.3483,18.2314,17.6570,35.6351,40.0714,36.8766,29.0356,23.0254,12.6323,16.3121,39.7686,55.0654,77.9311,70.6991,69.8244,83.3413,71.5626,63.4888,66.8696,85.7428,99.4075,44.3454,53.3806,41.6177,53.3616,40.3212,26.7962,31.3871,27.4042,64.4461,64.3888,59.1073,60.5012,66.7637,71.3366,79.1938,108.5900,118.3980,94.9438,77.0044,65.1469,47.7234,36.2087,24.6639,45.8451,129.4220,214.4750,277.6940,352.1710,355.5850,256.7040,180.6700,144.9320,127.1060,120.1050,101.3960,101.4990,108.9210,135.6890,116.0860,73.2233,48.2562,29.9908,37.0301,58.1256,115.3320,147.4560,133.4550,120.6100,56.5816,58.9083,111.8070,124.8250,71.4377,61.0228,63.3165,88.1468,98.7998,118.0980,134.2770,132.8980,131.2150,131.1150,134.4700,135.0730,136.4980,134.8600,137.6610,112.8100,123.5420,171.3050,168.2940,150.3930,114.3610,56.8014,24.0150,48.1779,56.5627,44.1282,92.7057,162.9590,243.2890,233.2900,141.0730,88.5307,46.7979,65.1847,139.6620,160.5060,110.6650,68.4021,27.3086,61.4243,133.4870,215.9370,214.4910,200.6680,158.8740,146.5560,140.9710,133.7450,153.5690,175.5910,181.1870,194.2250,196.0220,185.4290,150.3010,111.4240,90.8666,132.8070,182.6560,192.2950,168.5660,123.6420,81.6384,34.2580,20.8510,78.3043,119.1460,142.7140,154.5250,154.4290,163.6020,194.1620,194.8300,163.5770,126.3870,101.7740,120.0580,160.2970,164.5500,205.4440,206.6250,183.4560,149.3130,118.4430,113.4390,148.9710,186.2900,218.6930,253.2360,275.2890,264.2430,214.0890,164.4500,139.9870,152.0780,184.5080,199.0800,254.4100
86178.4000,64490.6000,33604.6000,34823.2000,44879.3000,35495.2000,24986.0000,21503.2000,20408.9000,16862.6000,13759.2000,10976.9000,9740.9400,8562.5100,7006.2000,6947.5900,6205.7900,4627.4000,3890.3700,3455.9100,3154.4200,3439.9700,3218.7300,2899.4500,2219.7300,1722.6600,1242.7100,1043.8300,934.1490,681.6510,563.6850,441.3920,326.1650,197.0220,174.2450,182.7450,146.2350,103.0490,50.6919,36.5959,105.4840,181.1880,257.5370,274.0820,225.4920,171.0870,116.8840,56.4146,51.3922,91.5556,131.0500,199.8800,258.7310,289.2900,367.9190,487.9680,585.8350,582.9560,497.3220,383.8380,199.9030,91.6125,144.4700,187.5230,177.5120,165.3280,94.9723,124.2790,111.2300,197.2870,206.4640,166.9100,145.4420,121.8820,125.7530,104.3670,70.7828,85.8552,117.8490,125.5710,92.4572,46.6148,58.6226,79.3675,78.1626,75.6483,74.9649,82.2161,91.5711,98.4894,104.0900,127.0950,144.9520,117.2060,149.1580,117.6660,93.4256,57.1485,43.4387,83.8512,118.8500,184.0050,299.0070,406.0450,432.1090,437.8560,393.1750,228.8850,90.9551,51.5586,77.7846,68.0574,57.2410,59.6292,59.2923,69.5460,67.7699,73.3665,100.6520,80.9586,62.8439,62.6146,68.2210,81.2364,104.4600,127.0910,100.2010,43.3357,25.3166,32.9955,52.9777,43.7789,46.0630,48.8690,33.5839,15.6574,21.5551,25.1266,25.7878,32.2412,39.9151,53.1607,58.1986,74.6004,84.4240,68.2253,73.6989,81.4198,98.4599,103.5560,61.4353,57.1795,43.0884,98.9761,78.8451,64.0931,46.4839,24.8707,31.8248,45.2775,63.6419,61.9209,53.5171,42.9278,72.2763,100.5730,97.4158,88.6877,72.9721,58.2619,48.9151,28.9607,17.3628,54.8091,140.5180,219.3350,267.3030,321.0000,322.7840,256.4900,187.8350,146.3950,123.9590,121.7180,107.5420,107.4800,121.4860,135.3860,114.0490,82.9937,54.8693,49.4418,47.1295,103.5930,134.4670,151.2300,150.6400,141.4590,95.7442,91.5680,149.3370,149.8480,86.9001,56.3695,73.3639,107.2140,120.7930,132.9970,124.3110,133.7080,141.9430,161.2640,164.0970,140.6910,123.5590,117.0400,119.0050,122.4690,129.2280,170.6330,174.0190,146.8610,101.6940,31.2711,44.5683,66.1520,70.4297,80.2502,143.9210,209.8710,265.2000,263.8530,192.4370,116.2250,68.3607,58.6995,137.4530,170.0910,129.9240,91.1119,24.4015,66.5269,120.3650,173.2480,186.3050,193.2350,173.4170,129.5690,99.6303,131.2160,157.3500,167.7170,195.7610,212.6470,206.5130,187.1190,146.2810,98.3052,77.6454,123.5830,180.0410,183.5230,155.7720,121.3370,79.2285,32.2895,36.4553,74.3395,111.7800,125.2130,123.4960,120.2450,168.0990,207.2710,176.8780,145.0030,114.7710,89.9505,88.2637,132.9550,154.2370,213.0010,216.9450,181.8840,142.9680,100.6710,97.5654,135.7660,167.7910,196.9280,232.6620,247.7680,215.4910,167.9810,143.4430,133.9690,146.3320,175.6520,177.9420,201.8450
86082.7000,64565.1000,33746.9000,35003.1000,44660.0000,35138.3000,24867.1000,21442.8000,20174.3000,16614.8000,13703.3000,10940.3000,9719.9300,8669.7000,7069.1800,6965.5700,6257.9200,4641.8200,3886.0700,3442.0800,3107.1100,3402.6000,3162.4900,2857.6200,2154.9800,1715.7300,1248.2200,1012.7100,923.5250,672.1420,543.0860,403.2770,293.1490,179.5970,168.4810,195.8200,181.0900,110.0950,41.0318,28.7129,76.5407,149.3750,230.9770,236.0440,194.4270,153.5680,102.4420,50.6096,48.9649,68.3404,95.1867,154.7460,218.8630,257.1290,329.2210,425.4940,541.5190,566.9600,476.6170,363.2020,183.1830,85.1625,130.4270,162.7440,155.0130,133.2970,83.0193,115.7770,114.1160,197.5280,222.3430,185.4770,169.4580,140.8240,132.2170,112.7860,76.1143,70.7338,96.0372,105.7860,74.6625,44.6209,49.2822,44.7504,44.8415,57.0133,70.0751,79.7239,83.8686,85.3641,85.4802,106.6490,122.3680,102.5510,140.2550,120.1670,100.3500,80.8521,71.2863,101.3050,142.4310,215.5160,335.1470,441.4170,454.3010,450.7400,394.1670,220.4880,80.9442,53.9942,75.9537,63.0965,57.0479,64.1582,57.2346,62.1971,52.8137,70.6042,92.7730,77.3865,56.8378,38.8911,58.0756,97.1523,110.2130,113.2500,104.6340,85.3037,40.5609,13.3197,18.7691,10.5978,18.6181,38.6591,24.2345,11.6513,26.1259,40.7480,46.0433,57.5725,67.6243,88.3461,65.9179,69.5595,71.2780,69.2478,82.2049,95.2254,118.0730,105.6520,39.0057,16.5961,53.4712,54.4497,53.0542,49.5934,59.4525,30.3564,39.0062,32.1247,53.4195,64.0611,62.5856,69.0846,86.3438,105.5830,91.0186,85.0119,78.1387,55.5733,40.7959,37.6180,31.4271,66.7042,148.5010,232.7110,293.2600,361.7790,349.5320,255.5390,183.2110,147.4990,130.4760,128.7640,98.9273,93.0794,106.7840,143.1160,118.7050,77.5619,53.3741,45.4403,26.5939,89.5619,104.1740,129.2130,139.5650,143.1090,64.4202,63.2037,139.4650,143.5420,84.9845,66.2753,59.5232,86.9134,90.8723,110.0320,108.6230,116.8530,123.9270,131.0720,129.9830,131.2210,119.6090,102.1100,83.5455,62.4247,82.1570,141.2770,148.1310,127.4960,87.5996,29.4624,23.1449,22.4676,18.3002,58.4599,112.7300,174.0110,246.4940,246.6190,171.1980,102.3880,45.1329,33.1164,105.8100,138.6610,117.9450,87.6281,30.6274,54.9482,110.5090,177.6080,182.0140,178.9200,149.2820,126.9960,106.5710,109.6210,140.5910,156.3540,163.4780,172.4130,166.9240,163.1310,139.9780,98.6441,66.9717,104.5360,154.8130,166.6300,148.2840,120.1180,86.5931,43.4261,18.0040,68.0327,104.8400,128.5220,140.7540,150.2200,176.4170,192.4240,167.2940,141.6330,130.2600,121.9490,114.9180,143.7950,144.4440,182.5110,186.5950,148.9230,109.8450,82.9161,96.2760,151.9600,187.1230,224.6520,253.8690,289.7540,272.1750,218.6660,175.2580,139.5160,140.0140,163.7670,188.3000,246.9960
85847.1000,64458.8000,33390.1000,34038.0000,43886.2000,34791.6000,24584.2000,21139.1000,20013.9000,16542.5000,13560.8000,10753.7000,9599.5900,8507.2300,6906.4300,6881.6400,6166.2100,4562.1500,3889.0600,3470.3200,3148.1600,3455.4500,3228.8700,2954.5300,2279.1500,1827.9500,1348.2100,1115.9300,1002.9500,770.3680,629.4860,471.6690,348.6950,223.6450,191.6070,186.9990,144.4750,102.9450,76.9163,91.3876,132.0530,152.0900,180.8260,183.0480,147.4530,97.2410,51.2511,12.3085,29.0411,52.5192,106.2710,178.5610,207.4600,235.2300,290.3040,393.7090,508.9110,503.8450,417.7600,324.1840,179.0880,71.9120,115.4090,171.8900,161.7690,138.2650,107.7210,102.1340,81.6974,155.0100,192.5340,174.3860,168.7500,146.3780,137.5280,114.6560,77.1258,60.3064,84.0546,97.0364,73.8158,38.3287,54.3624,74.1704,69.3121,56.5531,50.9171,61.5396,63.6118,66.3435,78.4657,117.4600,137.1160,119.9820,152.5090,134.8850,104.3420,81.4512,58.0435,95.3318,139.0860,207.8110,340.9190,445.7210,450.0160,442.7720,396.0770,220.7550,72.2414,52.8130,99.0603,60.1550,35.9557,43.7398,60.7317,87.9958,100.2580,101.7080,90.5091,68.8063,77.3181,73.3118,52.6559,74.0906,104.2650,135.3050,139.1470,107.0330,57.0910,23.6122,20.8467,20.3778,24.5178,20.6934,13.0161,7.1103,8.2621,17.5861,55.7837,66.0220,76.7637,84.2560,65.4079,79.5510,98.9535,97.8727,96.4507,107.6520,135.9350,144.6570,65.7688,45.8055,41.2824,37.6270,40.8214,46.0917,62.1705,34.2609,48.2201,35.2770,53.2056,60.3390,53.3645,52.2903,84.3629,115.1850,112.8910,99.3079,79.0873,58.1064,38.5529,18.3962,13.4171,62.2201,141.0450,209.9380,257.0460,316.7920,317.5490,231.6500,169.1380,147.1920,143.7650,135.5180,112.1170,123.8150,142.2500,169.3790,140.0240,96.5068,65.5387,41.2751,22.2807,56.0809,92.8732,146.2620,162.1280,166.4180,107.7440,81.0520,152.0460,166.3960,110.6910,73.2136,30.6350,46.1513,70.9817,97.9873,109.2770,112.8190,126.6350,144.8780,150.3890,133.7370,128.3630,121.8590,115.6310,90.1291,104.8740,148.5610,142.1470,122.4950,85.2118,33.0606,24.4416,40.7834,37.7622,36.8076,104.0730,176.0220,259.4560,244.3040,159.0970,99.0999,56.7813,55.9972,124.3440,141.6960,113.4410,84.1093,32.2490,68.9787,122.9840,188.4360,197.5510,188.1700,146.9620,107.5100,101.8400,127.6510,169.5680,186.8940,166.2550,167.7890,179.8020,168.5420,131.5490,92.0376,90.1956,122.1370,172.9300,205.7940,180.0520,134.9790,93.8320,48.6178,49.5505,93.8681,123.5210,152.2250,171.2620,162.3320,170.5710,196.5880,185.5260,157.0820,130.9180,120.8430,139.1930,182.8650,169.6770,204.1750,191.6840,162.8510,130.7320,106.4570,102.6110,136.9460,166.9470,194.6220,220.0670,246.6430,244.5790,205.6350,177.1480,170.9860,182.6340,200.0850,188.3640,239.3610
86348.7000,64595.6000,33643.1000,34682.6000,44706.2000,35448.9000,25011.1000,21561.0000,20419.2000,16858.8000,13751.4000,10974.9000,9746.2000,8578.4700,7023.8700,6933.5800,6163.9400,4591.9400,3844.8600,3391.5200,3099.6700,3412.2300,3195.1100,2886.9500,2194.6300,1720.1600,1273.2200,1055.1100,925.0230,686.9170,581.2000,438.2090,318.6740,201.1290,175.5570,183.9580,169.9730,109.3410,47.2830,30.2683,61.4552,129.7250,219.9210,244.4600,211.8850,165.3280,118.6380,68.3915,60.2595,62.9033,97.0683,176.7150,238.7920,273.9030,331.3470,423.4280,543.9670,569.0130,470.4300,349.0190,181.0480,105.8440,138.6410,165.4040,171.9820,141.3680,80.7610,98.5962,96.2355,182.4080,208.7830,181.3920,168.8470,147.2160,156.1300,142.0290,96.8512,69.8323,87.1910,103.2270,69.7645,24.0733,43.6711,71.7969,66.4573,54.6191,68.5573,92.2030,94.3290,91.5146,81.1998,103.9440,130.1020,103.6180,125.4900,107.3740,82.3836,68.8413,64.1767,104.7920,136.2000,188.8080,325.8790,443.2070,443.6070,434.9750,377.3710,212.1430,75.9444,46.7121,72.6371,51.8267,47.3597,52.7126,69.4193,77.5369,78.7507,66.8412,76.9852,66.2316,49.2661,32.5643,43.5954,79.3445,96.9411,109.8900,97.9761,80.8524,58.7106,38.7518,27.1387,18.7668,26.7605,28.8321,22.2326,15.7273,16.1910,36.4221,45.9924,57.4890,75.3558,96.4224,82.0445,96.8645,107.1710,92.2173,91.3622,97.6422,119.2460,111.6740,39.3818,19.9115,43.5430,46.7851,55.4978,48.0819,38.4341,13.0836,41.0312,37.0936,54.0563,72.8814,74.8226,82.2472,101.4020,134.0000,137.8500,110.4520,87.3418,65.0744,45.5926,42.9801,26.3326,49.2135,155.1980,240.0650,298.8650,366.7720,367.5470,258.2980,174.1740,125.5280,106.4430,103.6650,91.0763,109.6040,124.9100,150.4420,109.8240,85.8788,60.7565,56.1202,35.8565,84.0333,117.4150,152.3720,157.8470,151.9460,91.6560,74.9637,135.6340,157.2720,98.4841,79.1043,48.8077,74.7195,88.1030,110.7240,131.4730,143.0450,148.8700,157.0300,161.0520,158.8890,142.7060,126.3160,110.3960,84.6105,99.7565,157.2470,168.2050,150.7960,118.1490,31.3518,38.9779,61.6218,58.2862,37.0804,89.9427,162.0960,224.6000,207.3780,141.8470,86.4359,49.4044,52.6761,116.6840,137.4090,119.6540,96.9033,52.2130,72.1523,133.5430,198.8690,204.6010,196.7420,163.3460,138.5560,118.7240,122.9910,153.3330,173.6310,169.3440,170.3620,172.3850,157.6920,132.0680,96.4344,97.4614,127.8790,169.8500,178.6550,153.1880,111.8360,62.0420,18.9993,59.2201,99.1883,136.2500,159.0160,169.3520,168.1780,180.7160,203.9830,187.6320,152.1360,120.9140,109.3430,124.7260,147.4060,141.9720,181.4550,179.6690,140.2950,108.8860,88.7644,101.0980,145.1050,184.9410,210.7880,226.0740,256.2510,254.5930,201.6310,158.3350,147.6800,174.4650,205.7320,213.7310,257.0950
86427.7000,64821.8000,33994.0000,35212.5000,44891.7000,35385.3000,25053.0000,21570.6000,20309.8000,16765.8000,13783.3000,10994.5000,9745.8800,8666.8900,7076.4400,6958.3600,6242.6100,4648.7100,3909.9400,3498.2400,3173.7700,3447.7000,3183.9500,2857.5300,2162.8200,1736.4000,1273.0800,1017.3700,922.2330,686.0810,553.2680,436.1350,323.2300,226.3310,216.6380,214.7230,168.8140,127.9980,107.4460,54.3555,49.5738,120.0940,200.7330,195.5610,169.1570,149.6740,114.0810,54.4130,33.0077,34.8231,64.1574,151.3080,192.5180,215.8580,267.1190,375.8000,509.6810,533.7960,446.5680,344.1200,177.1590,98.2454,141.9490,187.3230,191.3660,175.2190,133.5680,124.9250,82.4239,149.3000,173.8900,164.5420,163.1730,155.4960,146.6800,122.0500,92.3327,75.1606,74.1023,79.8561,60.7783,35.8275,49.8819,71.7522,60.8918,54.3683,68.6761,76.8366,72.1697,67.8873,63.2642,89.3786,124.8960,106.1720,148.1060,113.7610,89.8676,66.1038,66.9878,103.4030,137.6030,215.6150,359.1660,459.8080,457.9750,451.3600,397.1900,228.8530,81.5954,67.3300,100.2780,74.2649,68.8231,64.8110,78.7728,85.7172,98.3933,91.0418,93.9830,81.4641,69.7883,52.6673,44.1657,67.9428,92.9834,115.8660,113.9520,95.6902,64.4507,34.0954,14.3718,19.3353,23.7783,26.4276,29.2720,26.5855,26.4122,13.3938,33.5639,38.2546,44.0970,70.5843,69.0740,91.2960,105.9100,104.1850,107.3950,110.3200,123.2260,110.5760,35.1800,24.2357,57.3315,60.6009,50.9137,35.6387,31.2357,27.5301,54.3934,52.0107,67.6614,76.5721,74.0645,58.7757,69.6178,99.0947,122.4410,104.2010,71.5372,59.1291,45.2506,27.8744,27.5691,69.5732,156.9570,239.8670,294.3530,354.1720,338.5630,235.3460,157.4170,113.5360,97.4022,98.6139,98.2624,98.8115,129.2040,160.5710,149.8770,120.9630,98.7302,75.2636,52.0025,28.2241,73.0275,117.1880,131.4690,140.8570,73.2428,48.0081,117.5600,159.4600,119.3650,94.2328,19.1926,49.7589,99.1854,119.7850,134.2560,142.3070,151.1150,157.4710,160.7560,156.5080,139.7760,119.3440,97.8627,84.8314,107.3410,150.0630,154.4600,134.6640,102.7380,27.5544,25.2766,36.9987,41.0507,64.3710,127.6510,199.8470,271.7480,248.6520,160.9110,85.8457,33.0130,62.8986,129.5250,150.9460,128.9830,96.6191,43.3591,68.8793,120.7500,167.5450,177.8320,180.7270,156.3120,128.2850,110.1490,120.0800,154.4610,169.3930,150.5480,160.9440,177.5590,156.4450,119.7360,96.5937,111.1110,140.3550,192.5210,215.3710,165.3250,105.7940,58.8041,22.8994,54.4978,95.9457,117.8680,139.8050,151.1500,157.1110,170.6470,186.7530,170.8110,144.7490,132.5430,129.9070,142.8690,168.0980,162.9910,195.4930,195.6440,157.5460,120.1790,89.1185,87.2295,128.1850,162.7460,210.0990,249.4780,278.7020,263.7090,215.5020,171.7840,138.0350,146.7620,177.8330,200.8010,256.3120
86070.2000,64695.8000,33583.8000,34223.3000,43985.9000,34839.8000,24661.0000,21183.6000,20038.7000,16597.1000,13631.6000,10774.3000,9610.7400,8554.7100,6943.8800,6914.0400,6219.2800,4610.2400,3925.2500,3533.1900,3213.5200,3502.1100,3263.0200,2929.6100,2258.0700,1818.8300,1344.3400,1110.9400,979.2190,744.0960,603.3490,454.3190,349.3600,214.9480,183.2020,199.2410,189.3800,134.6620,79.2604,62.8184,91.0674,135.1950,181.3200,189.6540,129.7150,87.6383,46.4111,21.7078,65.2680,83.0864,123.8040,214.6960,248.0020,270.2100,312.6390,405.5390,523.2790,505.0500,400.8860,296.3290,155.8850,59.5102,100.3480,150.5010,164.6520,154.8860,117.0820,119.4780,88.4218,162.6960,191.8030,175.8500,172.6660,156.3440,137.3650,111.7200,86.4451,66.7930,76.7858,90.1845,83.8487,39.6183,50.7898,73.4290,48.3094,44.3670,66.6087,81.6285,87.7473,87.1632,100.4760,130.4150,152.7810,114.5980,132.3440,105.9590,83.7744,60.2933,41.2975,84.4042,139.0410,215.9420,340.5140,437.1520,447.9650,443.1960,387.3960,205.1560,73.5494,77.5769,97.3827,69.3505,54.0382,48.3789,57.5410,67.3445,81.2515,79.1332,84.2927,71.8162,64.5711,57.7607,51.5595,72.1725,98.9270,128.3400,111.3170,83.6562,58.2201,31.7150,8.4676,27.8294,33.1829,45.7888,29.5558,13.0652,34.5946,33.0502,31.7021,50.5957,72.2122,90.8462,72.6880,79.1344,95.4044,93.9198,99.3588,106.1860,128.8320,118.5620,46.7315,20.8376,53.8640,71.9613,73.5406,61.2862,56.1739,14.8706,44.1073,34.9712,43.8977,56.3159,58.9456,58.0392,87.1502,122.8860,121.0610,106.3070,97.8179,83.2165,61.4472,47.2602,38.0914,44.6884,125.6750,225.2110,289.9870,356.6040,342.7720,250.0950,176.2850,136.7230,116.1640,109.4190,93.4127,96.8177,113.4940,153.6300,138.1120,105.5130,83.9224,72.9218,41.7369,72.4887,88.1096,117.5920,130.0330,137.5020,64.6742,56.4371,140.0700,154.8950,104.8870,66.1065,29.4320,56.4845,98.3491,135.6100,130.7490,124.0160,137.1560,156.1690,173.1180,159.5750,139.9030,122.9370,106.4230,98.9347,125.2470,168.3010,163.3840,139.9500,102.6500,30.3789,26.7058,41.8090,46.7178,70.4451,122.8010,178.8430,235.2840,225.9530,149.3640,92.3687,50.1266,65.7229,124.6790,137.5400,112.0600,80.7277,45.7863,51.7311,113.4430,154.9820,171.4500,180.6430,165.9020,129.0850,92.5857,94.8775,127.8430,163.9120,176.5760,173.4990,153.9180,134.4160,101.5720,71.9823,73.4560,103.4070,141.6890,155.9720,134.4570,85.0805,39.5563,20.7407,70.8371,105.8940,126.7290,141.2320,146.5930,152.1570,165.3170,179.2060,169.6930,144.6950,123.1310,115.8380,132.4530,164.2990,160.5030,190.7770,193.2950,168.7890,136.4770,109.9610,97.4682,125.2520,158.2560,200.1530,243.7570,275.1930,257.2740,209.2250,167.5290,143.9300,156.7620,196.1080,206.9160,243.3610
86549.0000,64821.5000,33754.3000,34655.8000,44726.8000,35509.9000,25048.2000,21571.4000,20494.1000,16952.1000,13846.7000,11046.6000,9839.6400,8664.8800,7101.5700,7067.3200,6321.3000,4719.7400,4010.1100,3594.8800,3268.2600,3544.9700,3280.2800,2936.9800,2242.8700,1788.7800,1318.9400,1078.2000,952.6000,714.8110,569.9330,416.7760,299.5810,159.1630,135.1290,158.3060,135.4020,69.7278,30.2121,44.0141,103.8170,151.3190,198.6540,193.2610,142.2700,95.8736,49.0959,50.3218,98.3799,115.4030,149.7140,221.9670,270.8300,294.4510,352.1910,434.2680,541.1670,531.8900,417.7810,299.3500,146.1790,59.0573,104.0060,142.3460,145.7130,130.1860,97.6993,130.3270,102.7870,163.3720,180.8000,162.1190,162.5920,155.7500,147.5920,117.7950,87.0606,83.5473,99.9059,103.6790,85.4336,44.7596,49.3287,71.7292,62.7124,54.6465,70.9840,77.4694,77.2809,75.7664,89.8129,113.2540,122.5590,105.0180,139.0400,129.2250,101.4120,84.9675,66.1441,88.9144,120.0040,190.3580,336.0450,449.7370,449.8070,435.5020,364.2120,193.4760,74.0652,71.9967,81.3372,66.5791,66.9516,60.3342,63.2666,57.0064,61.5176,62.5849,77.2429,68.1275,56.5386,52.9054,56.2195,70.1649,87.5168,103.4320,99.8627,74.0972,40.5904,17.0173,10.7713,23.4277,26.3339,33.5254,38.0661,31.7103,25.1942,32.6526,47.4152,61.4385,79.7221,95.6959,92.4017,96.5284,113.9810,90.6649,81.4409,82.2270,95.8749,75.1192,23.1146,21.9413,37.5820,61.2544,67.2549,44.2617,40.0505,21.3155,52.4059,54.2361,52.5641,62.4013,62.2573,70.8584,94.2887,128.3430,146.1140,109.2530,67.9810,67.4732,71.3612,53.1330,42.3309,70.0734,128.8440,214.2450,277.5370,346.2500,332.7390,240.3150,169.7930,130.1670,105.1820,92.9291,85.2975,95.7134,117.2350,156.2910,137.3430,103.1390,80.9427,65.2455,46.3668,64.2995,93.2226,112.9080,118.6390,119.1280,68.1357,59.1212,120.8590,136.0840,80.2687,57.3326,46.2654,80.8222,97.1638,131.0260,121.9730,115.6790,122.5830,136.0370,143.0480,139.4970,130.8340,120.4780,107.9420,80.4023,92.3930,153.7130,169.4100,150.4290,110.2860,46.1683,19.7009,29.9640,51.5233,78.6966,117.8670,170.7600,239.7880,244.2010,160.9860,89.1462,35.8624,53.4915,125.7860,153.2110,131.9540,104.2880,66.4413,88.1547,157.3150,196.9500,204.1460,201.3220,173.7890,127.9910,100.1920,120.3600,157.2010,179.8130,177.4210,181.5040,175.9340,140.4020,105.3910,88.7352,107.6050,139.3470,168.9320,157.4860,134.7840,108.1170,60.1117,27.4468,45.2810,64.2893,110.5910,138.9550,156.4260,163.5680,175.2150,193.5880,181.3560,153.1130,129.0100,115.5150,118.2820,144.3630,146.5950,184.6610,199.7970,173.5410,139.3680,113.6630,107.8970,139.4670,171.9450,197.1360,234.7370,283.3870,262.0270,205.2850,159.0210,134.6320,142.1110,177.4680,200.7820,231.7520
86583.7000,64957.5000,34094.8000,35300.5000,45088.8000,35603.8000,25209.6000,21718.2000,20450.6000,16884.8000,13808.5000,11042.1000,9813.1200,8699.1300,7101.6700,6985.0700,6263.5600,4669.4300,3899.3700,3476.4500,3166.8600,3445.1300,3177.5300,2854.3200,2164.6100,1722.1100,1266.2700,1027.3500,917.7060,666.9680,531.4940,404.5550,290.8440,211.3470,207.1630,227.0950,218.3810,132.5810,60.3226,35.2461,51.9361,106.9880,204.4010,211.0510,185.5460,158.3340,116.9930,59.8540,29.4004,33.5235,80.2687,163.2420,216.0430,245.3060,309.5000,420.1850,566.3280,580.3170,486.4850,379.7580,217.0940,102.9780,126.1780,166.7740,176.0860,177.7940,129.6200,116.4370,73.6529,181.0700,217.8770,213.1420,211.7920,192.9830,171.5450,148.3940,106.9890,82.3169,97.1291,107.4060,89.6917,53.9058,68.7341,88.0350,71.1873,60.6314,76.7453,91.8451,88.3968,83.7848,82.6069,106.5230,120.0920,98.8037,132.3260,121.1170,95.8198,74.7817,62.7479,96.8664,134.6490,210.5550,339.5170,443.9140,452.1570,445.0660,382.8860,211.2060,75.7939,67.4809,93.6021,59.2486,42.4462,31.1365,56.7152,63.4319,84.1300,74.9836,76.0268,70.1951,59.1086,40.9184,46.8554,73.9907,91.2269,102.4230,102.2590,79.9425,46.3186,22.8087,11.3944,13.9260,20.4570,34.2325,17.5453,10.9135,30.9518,45.0054,52.0674,58.8477,77.8190,96.1109,86.8113,99.3290,109.8650,100.5430,106.3450,107.3730,112.5270,86.0243,39.6941,19.8191,45.5093,74.0999,69.3858,47.7021,37.6205,14.9165,41.6715,43.6861,60.0349,81.9961,84.8667,75.8414,79.5167,114.7650,131.1350,102.2440,82.6498,64.4964,34.2809,37.4825,49.8325,72.0927,152.2320,233.5650,290.5100,350.9010,346.1090,259.2350,183.5320,138.8400,107.1460,86.9702,73.1682,88.8552,108.9450,156.2560,136.2410,96.5006,73.5395,54.8651,38.3638,52.8107,92.6342,121.1360,127.6610,120.0270,69.5146,66.8652,119.4880,138.4080,81.6321,59.4678,57.9009,99.2220,126.1010,139.6620,111.6200,119.6420,134.8020,160.5600,162.6970,149.4760,140.0220,127.7550,118.7220,101.8310,104.5780,138.5490,150.6530,137.5580,116.1930,41.9575,42.3046,39.6247,42.1366,68.7874,125.1100,182.6170,243.3730,245.8390,168.0340,96.0019,32.5348,38.3629,110.6010,145.7490,125.6000,106.5300,48.6344,75.0901,128.9180,184.1790,184.4200,177.7210,146.7480,128.6410,124.8260,130.1420,142.2110,169.6910,176.1640,164.1940,150.9530,132.2240,98.0568,75.8573,96.7858,132.8380,174.0200,189.6270,145.4840,93.3040,52.2296,26.9758,35.7562,83.0526,132.6180,154.9280,164.0810,170.7780,184.2940,195.0460,172.4320,136.8680,111.2700,99.8206,119.8810,154.3750,148.8880,177.6350,173.5570,149.7130,126.6140,113.0350,118.9810,143.5420,164.8520,200.9740,244.1730,281.1650,266.5990,217.9840,172.2810,122.4980,118.3630,150.4240,163.9370,202.3330
86113.8000,64718.8000,33690.4000,34425.1000,44076.2000,34846.3000,24703.3000,21263.7000,20067.5000,16606.7000,13642.3000,10800.5000,9640.5200,8623.4600,6972.5800,6880.0600,6208.4600,4605.7200,3878.1400,3464.3700,3152.0600,3445.8600,3226.2200,2897.3500,2209.2800,1749.3700,1256.5100,1030.0000,923.0140,680.9830,542.7440,389.3610,278.0970,147.6640,144.9320,157.9390,121.0360,62.3332,18.9977,42.6589,97.9906,160.4830,239.2680,249.6220,207.0670,171.4790,116.5010,81.0020,95.9437,99.4415,131.9690,213.3690,286.4110,321.0900,370.9390,458.7510,581.8100,564.7340,443.6580,314.3580,150.6040,72.9347,135.3380,177.8520,169.4630,133.3120,97.7232,126.0530,115.8400,176.1220,205.2010,179.9360,181.7860,174.2840,141.9660,103.0240,80.8969,79.3411,86.0871,86.6295,69.8389,53.0718,74.9766,96.0972,65.7465,54.6786,78.4519,91.1057,89.4856,87.2025,82.1178,109.8440,134.7250,110.8820,143.2750,117.4940,88.5393,45.6602,48.1805,91.0175,129.4900,199.2960,336.7470,422.1140,425.7650,419.0510,374.7640,201.2150,68.1273,67.4043,91.8004,54.4504,40.2740,29.1744,47.0947,70.0076,83.3901,82.7847,97.3559,94.7057,82.2691,56.5594,53.6064,83.3912,109.3350,123.2470,123.4130,94.0940,49.3613,18.8457,12.3951,14.5821,25.6992,25.7396,21.2815,18.8792,43.4697,54.8663,50.2643,66.4291,81.0321,117.1450,94.5360,99.2211,108.0220,94.6314,91.8524,95.2703,101.5400,75.2872,21.0814,14.2483,39.1741,29.9325,30.7183,33.8962,22.1635,17.3315,45.8832,49.0904,46.9109,61.0325,68.6341,73.0683,93.0937,116.6450,116.7100,101.1150,106.8970,91.5532,66.0630,45.0638,35.3554,59.2023,148.3010,229.7250,285.6830,345.1520,348.0060,261.9180,183.4030,138.4380,111.3230,94.8999,91.8102,106.9790,122.3000,149.7160,119.2610,96.3120,75.9468,56.1815,22.3103,48.7180,83.3328,127.4050,148.4430,160.8300,83.3134,44.5310,111.5980,156.1070,95.4625,73.1116,85.2036,121.3480,150.8440,166.3690,125.9530,112.5470,120.1030,141.1980,154.4560,128.2860,110.8120,107.0090,107.0340,86.2499,98.0493,148.6270,150.6980,137.2230,110.5600,68.6128,17.4183,32.9224,50.2753,64.9464,117.5740,179.3410,243.3590,242.1030,155.7580,87.6651,30.9354,83.4835,146.5870,165.5580,134.4140,89.6852,29.5123,62.8718,114.8670,161.9920,186.8790,194.9730,174.1360,139.6970,124.5690,123.6800,134.2430,173.2940,201.3540,201.5460,182.9230,154.6880,117.6530,99.7428,115.6300,143.9960,180.9830,188.4010,155.1670,112.5820,72.9290,47.2458,44.2389,88.1307,131.3340,160.9920,177.0450,164.6290,155.6410,171.5730,169.7410,144.7120,120.8790,116.3480,127.8350,144.3380,145.6440,183.6770,203.1550,174.0730,137.9480,119.6130,127.9840,157.3190,180.7890,201.0730,265.7170,316.8670,266.4310,208.1950,179.3740,157.5810,153.7930,159.6170,167.4390,223.2930
86478.4000,64831.4000,33709.9000,34428.5000,44468.3000,35359.6000,24964.2000,21518.4000,20436.3000,16898.7000,13778.5000,11008.5000,9854.4700,8671.2000,7046.9400,7022.6000,6307.9800,4697.3000,3983.1600,3567.4700,3238.2200,3506.7300,3244.1000,2897.9600,2207.6800,1767.7200,1288.7500,1044.7800,934.1870,691.8140,544.2380,391.0040,292.8010,152.7420,134.8000,166.3390,127.5380,54.3635,20.4241,44.4800,107.9920,155.2680,196.6960,197.5580,155.6710,113.2060,61.8919,50.2437,88.5672,113.2380,153.8830,226.4970,274.0990,287.4290,353.4700,454.8640,570.6880,553.4020,438.4320,316.9200,138.3970,81.4557,136.7510,188.4460,167.1520,130.8270,99.0091,97.6040,86.7883,181.4330,227.4690,206.0200,195.3990,162.9070,146.2000,125.0970,89.7553,66.6612,75.5264,83.2271,72.2014,28.9294,42.2995,72.1169,64.3137,61.1419,70.4362,69.3289,70.7606,80.8727,97.7202,126.6410,140.1900,131.5920,154.4740,133.1130,103.1430,84.6789,46.2748,80.3892,149.5950,223.6490,337.1510,449.5610,460.4830,454.5550,387.2300,211.4490,86.7258,95.3901,108.5560,77.8497,56.6377,52.4254,52.5155,50.6156,66.0644,88.9935,91.7683,74.8144,60.2872,47.1448,16.9941,64.4401,89.3178,110.5270,87.0737,75.4162,57.1406,36.0000,15.7480,6.5239,29.7877,33.2584,19.7124,12.6343,27.9686,27.1977,30.7053,43.3085,66.3607,84.0038,77.8576,94.6652,111.7960,99.6273,96.9173,102.8270,117.0570,105.2960,45.6574,20.1037,47.5549,61.0841,53.5183,40.9133,36.1115,20.2357,54.1660,72.0058,80.5236,75.3827,66.7820,60.0510,85.1335,114.3240,108.8810,94.6078,78.9437,53.7675,42.4455,55.0498,50.8546,72.5843,161.9360,250.4780,309.3500,367.0410,346.7000,244.4870,176.6740,139.7540,128.2840,113.4760,86.9349,100.6100,122.2560,166.3620,145.4370,98.1506,65.3998,38.9162,19.7113,68.8779,112.3550,142.1140,149.4940,136.7230,59.2324,65.1785,141.0150,147.1430,84.9120,52.3997,62.4335,105.7180,126.2550,150.9710,147.5150,138.0140,132.0630,129.8000,134.3030,139.9690,128.7370,121.5590,118.4980,97.7059,96.7048,147.7920,164.8500,150.1100,110.1560,41.5014,22.3446,49.4360,68.1273,77.6563,130.0350,211.9420,275.7080,239.3530,157.6290,97.4637,44.6447,62.4758,132.1720,167.8450,150.6430,124.3400,51.7185,64.7784,108.3900,158.7420,169.8510,173.7210,152.3640,127.2290,103.0970,103.5170,142.0070,182.9150,177.8560,174.8870,174.2740,158.6830,120.2140,94.3076,110.9570,145.9240,182.6850,191.5410,157.0690,112.2010,69.8255,37.8754,51.3973,70.4028,97.3569,128.8550,145.2550,140.6110,157.4010,195.4890,185.5420,153.5450,135.5150,122.7400,127.2680,159.4600,160.3400,192.9390,204.9990,168.6610,144.3170,135.1030,131.6730,132.1890,152.3260,201.8840,246.4660,269.1920,257.7480,206.9430,172.2620,148.7260,153.5190,182.1350,190.4610,222.0620
86626.0000,64905.1000,34028.8000,35232.4000,45081.0000,35635.1000,25224.6000,21705.3000,20432.2000,16882.0000,13796.5000,11004.3000,9744.0600,8613.6000,7014.5600,6909.6400,6182.4900,4597.7600,3849.5000,3404.2900,3091.0200,3341.5700,3123.6900,2821.5300,2161.3100,1722.7000,1255.2500,1031.6000,927.9440,692.4990,579.8610,442.7160,318.3140,215.0240,227.2040,246.7430,215.7940,142.0520,82.7809,38.0572,50.3273,121.9220,216.2730,236.1120,208.0850,182.6890,143.7280,96.7138,39.8241,25.3638,70.8577,159.5950,210.5840,247.1760,308.1730,432.4850,567.2850,571.6040,477.5350,370.2320,200.0280,116.5970,159.5270,206.4540,191.2990,169.1140,135.3130,102.3510,70.2477,159.3030,212.1040,200.2950,193.6940,168.9930,170.1830,140.8140,95.0497,82.8910,102.5760,108.2110,86.8159,63.0868,69.2032,80.7096,81.9134,75.6481,78.7417,95.0570,97.2603,96.9772,91.3179,121.1350,148.5530,122.7560,146.5310,112.2460,80.7782,64.9272,48.8468,67.1457,122.9150,212.4740,339.6410,436.5890,446.5380,442.5520,390.0330,209.8080,74.1198,75.0585,100.5340,64.4984,53.0316,46.2291,71.6546,61.7175,72.7569,60.2263,77.0416,82.8424,64.6341,43.8485,52.9823,88.3500,110.2980,125.5660,108.8070,84.3032,56.3602,29.1696,16.0725,17.0013,15.6872,21.1470,17.1659,11.7773,24.0242,34.1558,44.7498,54.8210,72.5918,95.1167,91.1612,102.6290,116.7090,101.2820,106.3310,115.3640,131.5740,97.3481,35.7415,16.7377,37.0847,38.3923,43.8386,36.4081,38.6796,17.6869,46.3063,34.1875,36.1809,55.8216,56.8554,64.2668,90.8049,125.7360,128.0730,105.0370,87.5226,65.9569,48.5543,46.0524,45.1233,59.9316,129.2990,224.7970,287.0290,353.3650,338.6640,256.6940,178.2270,131.1960,98.9383,98.2466,87.8598,89.5960,105.2590,139.7860,124.9230,104.7620,87.9115,81.1726,54.3393,54.8029,91.1762,131.0040,145.5130,149.6070,70.4691,49.8340,123.4720,142.7680,90.0509,59.1455,43.9585,72.5407,93.5743,124.3540,130.3860,123.7660,124.2020,129.8330,137.0260,140.1590,134.5780,121.6490,108.8330,81.9575,94.9649,133.5630,145.4290,135.7460,111.0210,37.8225,24.6039,38.9816,41.2260,67.9690,126.6490,184.5260,234.0760,231.3800,161.8910,100.6090,51.5943,64.7936,129.4730,148.2180,123.5420,90.5525,43.5801,82.8038,147.6890,192.2900,201.5110,201.1220,175.2450,129.3770,102.9820,111.0170,145.2600,175.2380,165.4910,170.7890,183.6570,165.5020,121.6880,94.8692,111.1650,142.3130,175.2050,190.7660,147.4760,91.6896,53.3276,25.6895,32.6546,85.2074,122.0660,141.0990,147.2460,165.7340,185.0170,203.2160,191.9330,157.3850,131.1050,114.8140,126.1350,154.8970,145.8610,178.1510,184.3940,168.0990,144.2570,123.6700,115.8620,134.3440,155.4860,198.8520,246.5720,273.9320,248.6570,189.0720,150.0130,139.5680,150.8780,170.5530,175.4260,222.6680
86140.6000,64743.3000,33815.6000,34618.0000,44172.3000,34929.3000,24798.9000,21302.9000,20018.6000,16556.9000,13658.9000,10830.8000,9626.5300,8592.3100,6966.5800,6893.2200,6216.2100,4612.1100,3880.2500,3450.2500,3130.3400,3397.9000,3179.9900,2867.2800,2189.9300,1730.6600,1254.7400,1036.5200,914.2170,668.7370,527.6480,385.8090,280.9110,163.6390,160.4290,166.2980,129.3820,74.1777,19.9984,36.5451,97.5700,157.0570,225.6340,245.6690,211.4400,159.0460,115.0570,88.2756,92.6836,93.3553,110.0260,184.2500,252.3930,302.3690,366.5430,483.6660,603.6330,580.4750,464.9640,336.0360,172.1780,108.6080,158.5620,190.3410,180.6070,160.5090,113.3710,96.5991,64.6139,155.7570,201.8740,205.5070,217.7970,211.4970,185.0410,144.3020,103.7090,70.7980,91.3701,112.0730,96.9937,35.6761,49.9403,81.8638,66.8306,57.5091,72.5448,98.3660,102.8890,102.9520,88.6961,105.5410,128.6510,110.4870,125.2820,107.7580,74.8923,57.8638,43.3415,73.1768,117.4420,194.5470,330.6790,440.3010,447.3850,439.9810,376.2270,197.0710,70.0500,58.7446,88.2360,73.8419,55.1839,52.5339,54.3556,63.7677,89.5802,99.5211,86.8734,74.5288,69.3447,48.1518,41.7881,78.4296,105.1380,127.1930,114.6850,92.7853,70.8835,51.8205,34.2238,17.7209,6.9520,17.8286,28.0193,20.0865,10.1595,28.9993,51.8718,66.6253,81.8099,88.8423,88.4262,97.9435,122.5920,111.1720,90.9116,85.5698,83.0646,68.7688,18.5506,23.9729,60.2806,57.9342,58.2752,52.4178,68.6062,40.6914,63.3558,57.1736,56.5554,54.6207,57.4858,75.8474,99.0468,112.7640,109.7580,98.6940,67.6035,49.5149,57.9645,47.9734,51.5693,87.3497,145.1600,232.1320,293.0830,362.3840,350.1490,263.5140,183.5730,137.7180,103.3090,96.1929,92.6187,105.1810,121.5210,159.2140,127.0450,89.9157,70.7436,68.5860,55.2373,73.0533,109.0420,155.4470,147.2220,148.6460,64.2891,56.6464,118.9160,119.4150,66.0397,46.3413,54.9769,82.2385,93.8175,125.9580,130.9030,123.4190,126.3720,128.1850,134.4850,139.3020,129.6760,125.5050,125.0500,110.7440,100.6430,136.5320,146.3580,127.5940,88.1518,30.5569,26.2666,49.8198,64.6252,76.8800,115.8310,174.7070,234.6400,236.7430,165.4350,106.4980,55.8469,56.9738,116.6360,134.8640,107.1960,68.3032,23.2117,50.2311,118.6140,180.6690,183.2210,179.9710,149.9920,123.7750,106.1560,110.1830,133.2440,158.4670,164.5390,167.7500,172.5080,149.4610,113.3570,89.9056,107.0120,131.2050,171.6410,193.8760,150.2310,91.0743,45.9569,19.2441,59.8252,94.2466,111.1840,130.5230,149.5540,171.0610,179.9160,195.7840,189.0320,158.0570,127.7840,105.4720,103.6700,145.2290,155.0240,203.1600,210.5540,180.1160,153.5430,133.8660,104.9730,122.4220,159.5430,211.7170,253.4360,271.9470,257.6660,225.3960,189.2250,161.2520,169.0650,200.8530,201.3270,238.6150
86374.0000,64862.6000,33702.3000,34285.3000,44268.1000,35238.7000,24906.6000,21423.5000,20293.3000,16773.9000,13780.8000,10997.5000,9785.5800,8616.7600,7032.5600,7008.3400,6276.9800,4672.2800,3983.0600,3568.9000,3243.7800,3522.4800,3255.9400,2977.3500,2297.0200,1828.0000,1334.2900,1083.8200,954.9100,715.2740,575.6190,429.2150,322.8100,177.3440,145.1180,173.3990,158.1550,99.8096,58.6258,62.1407,101.0890,139.2030,178.0750,187.2190,146.5740,96.1094,53.8247,32.4963,60.5510,60.4951,97.0641,188.8470,233.4580,255.7340,313.3430,429.3180,537.9340,514.8840,421.3790,321.3040,155.3690,88.1459,145.0270,182.5240,183.3540,184.8920,144.2350,112.5500,57.2816,142.6650,196.0200,199.6180,208.2810,192.5240,190.1820,164.8910,111.6480,72.3649,92.3165,105.2490,83.6663,51.1920,63.5450,82.0039,86.6571,83.7008,73.5456,78.5138,84.6683,84.9139,81.9083,100.9480,116.0640,92.7683,123.7420,117.6650,100.7820,81.9774,57.7725,79.5692,112.6800,189.8410,330.4840,429.1810,431.7630,420.3290,358.6390,188.9970,64.6482,66.4772,94.6491,65.3161,50.0282,38.3396,58.2797,66.7779,90.5375,81.4658,72.4673,68.4846,63.3406,45.5182,43.2102,81.7391,102.9650,120.0330,117.7130,106.2300,75.2895,52.5523,38.0688,32.0014,8.9740,16.5967,19.2164,11.8833,35.0283,26.6237,39.1490,54.0271,85.9558,101.1670,92.7454,105.0600,113.2780,90.2769,87.9385,91.6218,109.1080,80.4555,31.8530,25.5356,59.8935,52.4527,47.4668,40.2340,51.2187,32.9656,52.2813,47.3074,54.8494,60.4745,53.7730,64.4486,92.6050,120.4170,106.8330,91.1428,88.5006,65.6156,54.0319,51.6060,36.3851,54.0642,133.3430,212.2100,270.4490,341.0420,346.2410,244.8160,165.9640,130.0360,118.2820,113.5190,89.6851,100.8990,122.4990,170.1770,150.1000,108.8680,83.8344,65.3289,50.3393,59.5826,98.6849,121.9170,132.1950,135.5890,80.8660,45.6577,93.6763,128.5800,78.9098,59.9675,44.8340,81.6567,109.9360,136.9650,132.7390,126.4180,132.2560,144.2850,160.2120,152.8000,139.2870,128.0670,118.8890,88.9362,97.8379,151.5760,158.8450,139.0800,97.9566,39.8860,32.2569,44.7453,50.3498,71.7625,126.7860,195.2420,247.7850,233.5280,166.3420,109.3680,64.5161,61.6157,130.9640,153.0520,122.9620,84.1858,23.2010,53.6319,115.5580,186.3250,189.1630,184.0590,151.6600,127.2560,107.7460,120.9250,154.7540,160.4220,151.2990,153.4490,148.9430,130.8110,109.1550,88.1722,96.4245,127.3410,171.6950,186.6430,140.2980,93.9918,56.2317,24.0783,38.4516,91.4463,123.5330,138.6930,145.1690,167.6630,199.5740,209.3100,177.3110,139.8490,119.8890,112.1040,129.1800,146.5050,142.7370,171.7410,190.5070,180.1640,142.1580,111.1020,100.6000,136.1290,166.6460,208.0320,242.4810,262.6020,242.1300,193.4820,156.6700,134.4710,142.6460,164.9500,184.4160,239.6010
86687.7000,64938.7000,33983.7000,35137.6000,45116.5000,35736.8000,25264.3000,21685.9000,20450.6000,16917.8000,13832.7000,11042.1000,9775.0600,8612.4200,7025.7800,6936.5700,6209.3600,4621.9400,3842.6100,3390.1900,3088.1600,3375.9200,3159.6500,2877.7100,2216.4500,1751.5800,1273.5000,1042.6700,920.9650,683.0400,574.2990,433.7720,307.2920,204.3700,222.4460,239.9450,207.5040,142.0210,76.6384,40.8711,41.0484,108.9450,202.7940,239.1720,209.3360,170.2820,128.6970,87.4102,82.9724,85.1239,95.6678,152.4150,203.2210,269.2180,314.2090,434.8690,571.0280,572.0060,476.9380,363.9230,178.9520,121.7760,179.3300,210.4790,187.9750,166.8050,123.7720,84.8432,51.3794,151.3020,204.8270,205.9930,206.8980,180.3270,144.3700,126.1410,97.1124,76.5545,85.4440,96.3480,83.8400,58.4293,58.3905,56.4681,62.3041,70.1900,72.6630,89.9176,101.1640,105.0590,104.1000,133.4530,146.0370,111.7900,130.0720,105.7090,80.3576,62.7068,52.1199,90.7758,131.2760,194.3390,308.2620,420.3740,438.3820,433.3300,373.4230,196.3650,66.7834,63.1602,99.3408,77.2169,63.4993,52.0952,70.6945,69.7600,90.8230,79.5017,82.2162,83.8719,74.6002,61.2908,56.7207,87.3658,114.6210,143.9120,133.9430,101.0690,69.4975,44.9837,19.7427,15.6723,37.5849,40.7077,31.6066,19.3252,17.5166,11.9895,42.1431,65.4370,104.1510,124.0840,113.1620,116.7840,123.1680,99.3993,88.8164,88.7520,103.6530,97.2202,30.8048,17.8024,53.2349,54.5720,57.5635,49.5399,57.1448,20.7271,44.1352,24.9657,30.3880,49.7913,56.2125,69.2316,97.7357,127.6870,124.5940,87.3475,60.5693,60.3040,61.1347,52.9405,49.8412,72.7681,140.5970,221.1900,276.4630,338.4320,347.8600,258.5160,165.3000,118.3580,96.0282,100.2110,84.9679,92.7955,109.6280,148.3220,124.3400,91.1866,69.1469,58.1694,34.3989,68.2346,98.3749,134.0760,142.9870,140.0690,62.3733,57.1038,124.5780,121.9220,70.1489,42.3117,52.6352,85.4205,105.6850,130.4360,121.4500,121.3700,127.6320,134.7700,131.3470,130.5330,136.0990,136.0410,139.0020,104.7640,96.6370,150.4250,167.8550,152.9190,118.9550,46.0109,31.1058,51.7380,54.6122,67.5228,122.0590,182.5290,238.1660,235.0130,163.2520,101.9440,59.4116,83.3137,141.3400,151.6910,128.8810,101.6600,54.2553,79.1549,131.1650,184.2570,200.3130,198.5540,169.0390,131.4990,114.5630,128.2510,143.6470,161.5430,177.7220,172.5040,162.0170,143.7310,134.7130,115.3200,117.2600,144.7670,167.5430,179.0060,162.3290,112.0250,64.9197,17.6649,33.5498,71.1487,108.3680,132.0440,144.3490,162.7360,185.2080,212.5780,192.2250,153.0400,127.5010,123.7660,145.1850,159.8720,156.2090,188.6910,205.4290,177.3190,137.5540,110.2900,104.7850,139.5230,168.0320,200.5210,226.6490,272.9340,261.3310,198.4190,158.5090,145.4170,146.1970,161.0670,170.7550,211.0620
86256.8000,64818.8000,33877.5000,34812.2000,44393.8000,35047.9000,24867.0000,21396.5000,20118.6000,16631.4000,13701.2000,10877.9000,9668.9600,8624.4400,6985.3800,6902.3600,6206.0200,4575.7300,3836.2100,3435.1600,3110.5500,3379.3800,3145.7400,2856.1700,2176.1800,1721.7300,1266.7700,1045.5000,927.5790,670.9320,544.6850,405.9520,281.9200,180.4600,199.6390,237.0260,203.3070,119.2580,63.1160,31.5896,52.8745,124.3650,197.8900,194.3860,177.3210,156.8560,126.3060,80.1220,83.1103,79.4495,75.9918,157.1730,227.7720,287.4750,327.2770,465.3360,593.0240,571.6610,476.2740,367.0660,186.1740,118.8970,165.4790,194.8130,185.4210,173.1970,132.9020,86.5188,58.7179,127.3330,181.8570,178.1630,179.0340,172.1190,175.7630,135.6140,88.3683,65.5196,89.9468,103.2180,82.6327,53.2590,71.4899,84.7822,67.2440,62.9139,72.7525,83.4037,93.6662,95.2369,110.0890,133.2150,142.3350,103.4360,119.2760,97.0164,81.5206,65.8435,56.1276,85.5230,122.9880,199.7220,335.9900,438.3080,445.3600,436.6010,374.1600,195.8350,69.5365,80.6026,101.7580,70.0605,53.7067,45.2253,62.7987,67.8430,91.3224,96.1019,100.7560,107.2460,97.6741,68.7448,56.2433,83.6557,108.5390,120.9890,121.1790,108.7730,74.1882,42.0716,18.2404,7.3398,14.6867,28.6268,23.3997,13.3991,21.3620,32.0357,45.9833,60.5649,89.4709,107.7940,90.7162,94.7497,110.3770,96.6196,84.8224,88.8183,104.3790,107.8410,49.9374,35.5380,42.3440,61.8842,57.2780,49.4256,50.4681,25.6235,43.0086,41.0750,46.2814,45.4591,37.9504,53.2188,87.4709,125.7270,121.4070,97.3555,83.4631,62.2145,51.8391,55.3779,39.3414,45.1482,135.9740,225.3350,283.8970,348.8460,342.6360,246.2390,166.5850,127.0780,106.0870,105.3920,100.2750,112.5860,128.2100,165.9040,134.0060,87.6988,60.1428,39.8751,25.9316,45.4712,85.5447,127.7350,137.0990,139.9070,79.6772,64.8280,122.0760,130.2590,81.7937,55.6927,65.3898,92.6645,115.6580,145.1320,132.4330,124.1900,130.5030,142.6360,137.5260,124.4930,131.9010,128.7220,125.7250,91.2394,102.0600,152.9700,171.7370,163.7060,139.6290,57.5758,22.6458,31.6427,27.7550,59.6631,116.3730,174.3320,231.9850,219.3460,145.8300,89.0327,53.9676,80.6838,142.3330,150.9820,119.9330,80.6097,30.7219,69.7849,138.5320,201.0380,205.4290,197.7760,160.1160,129.7630,121.5770,117.5430,133.3730,175.7600,177.0320,158.7140,166.1610,148.5690,124.4690,97.9168,110.4510,133.1240,154.7380,168.4600,144.9410,96.8142,58.0990,22.3376,30.7819,84.8369,109.4540,127.4660,149.8870,177.3000,185.2530,190.2180,182.1320,148.3510,110.8680,88.6809,101.1300,142.6420,141.8090,183.2000,192.0990,160.7680,129.5230,118.8120,111.7260,124.9400,151.4290,196.2150,220.7270,251.6810,247.8510,192.4100,153.6160,132.2600,145.4750,167.7640,178.7140,217.7760
86158.7000,64676.8000,33578.4000,34191.2000,44057.7000,34950.3000,24677.2000,21260.2000,20203.9000,16715.5000,13660.4000,10855.3000,9703.6800,8565.3700,6957.4300,6949.7100,6232.9200,4627.7300,3938.1400,3507.2200,3174.0800,3486.0500,3260.9900,2971.8600,2308.5700,1839.1800,1325.5200,1099.7700,989.3610,749.7640,590.1300,435.8380,329.0760,200.5470,183.1690,205.2330,177.8190,119.7800,76.5052,63.4315,96.4633,125.2680,165.8210,177.6350,133.6060,91.7979,51.7582,20.6954,52.9386,60.2524,99.0285,184.8670,232.2940,266.9900,317.7240,427.0810,530.0950,507.4990,415.2460,323.3610,145.1730,83.3301,131.5110,176.4750,189.2030,191.4200,162.9470,135.6770,87.4743,140.0910,185.3500,187.3840,194.8970,181.8280,177.2980,155.4280,111.3710,83.9812,93.8083,104.6080,76.1398,39.8251,51.4507,62.1370,57.7018,58.6813,60.4599,69.7385,87.3900,97.3226,108.6550,129.4930,142.8560,111.1590,135.6610,104.5870,80.5206,58.8245,43.4187,76.8456,135.2620,218.1340,340.8520,435.7140,442.9980,436.4940,382.1500,204.0720,70.5841,78.5321,116.6390,74.3758,43.9613,29.4546,49.2037,56.1540,75.7521,79.1964,84.5132,69.7817,61.2142,54.2332,54.4676,77.0827,102.6410,128.9060,126.7190,97.1099,62.6308,31.8401,13.0105,17.5265,22.9536,34.0166,35.2318,26.9471,12.9716,26.1104,34.7329,46.7947,70.0931,103.5390,102.3280,117.3570,119.2520,83.9390,77.6797,82.4276,105.9250,99.3102,30.1966,19.4502,62.2892,64.9938,56.2881,47.0276,46.4453,27.1469,41.4019,45.3304,41.5877,46.9932,56.0308,66.0965,88.4318,111.6850,116.2940,84.5383,64.8509,59.9851,50.4572,43.2357,37.4436,70.2029,163.4860,240.7450,289.8780,338.5400,337.2720,255.9940,175.8780,133.1920,112.1350,107.4060,94.9267,102.4960,118.7350,148.5170,124.6130,99.1708,76.7504,54.6160,28.3144,46.2849,87.1667,124.7150,137.1500,137.9250,76.4129,70.2187,137.7350,127.8540,85.2158,43.9236,43.6265,78.4781,112.2350,158.6450,141.9330,127.0450,135.1780,147.9770,145.3810,139.5290,145.6430,137.8840,127.5800,98.9170,105.8310,143.5780,168.1150,157.4440,129.4810,40.1810,35.0434,52.9026,39.1380,63.4015,126.8110,187.6980,245.2440,240.3980,163.4700,94.9441,40.9939,44.4157,113.7900,137.3370,117.4090,89.6164,45.3208,78.7051,132.0010,184.3560,201.8390,199.1790,168.3230,138.7330,114.7880,103.6940,136.2830,173.9880,168.5320,166.9620,166.9390,143.6940,112.1770,85.9127,96.1959,124.5650,163.9430,164.6800,122.2170,83.4777,51.7012,22.1725,34.1641,82.3320,119.7990,142.5150,156.1370,173.2800,191.6090,206.7570,182.4910,146.4720,123.6310,118.2170,133.8630,145.4660,143.2940,174.8470,193.4240,171.7620,143.9660,131.2610,119.6080,122.6860,140.4350,179.0420,224.2410,261.6380,243.1300,201.3500,168.3900,145.0950,145.4160,166.9010,174.7410,213.5310
86552.6000,64777.3000,33871.7000,34999.9000,44935.2000,35580.3000,25123.3000,21648.9000,20484.4000,16932.3000,13798.8000,10997.2000,9774.1600,8622.7700,7044.7300,6958.6100,6204.3400,4623.2000,3870.5300,3407.2700,3105.0700,3388.6900,3185.4800,2883.7600,2214.8900,1754.4900,1297.2000,1079.4800,943.6700,706.9230,559.2330,398.1060,281.3470,162.2690,172.4050,193.6760,159.3440,107.5160,51.8575,43.2122,63.0498,115.2430,198.1270,233.2720,199.6070,164.7190,133.7030,87.4912,93.6875,109.7920,112.3950,172.7160,237.8920,318.2820,362.3560,483.1720,609.8680,582.2010,471.0210,349.3080,168.7990,120.6150,172.5620,220.0720,208.3110,166.0680,128.7680,101.5610,87.1555,155.2180,200.1890,181.9610,177.0900,156.7660,153.0250,135.4030,102.0180,76.0965,87.6801,107.0560,95.6321,54.4468,59.2263,73.0211,55.6572,46.9749,65.4288,84.3117,89.9483,99.1305,102.4000,124.9420,136.7870,114.1750,128.0180,101.7890,78.6131,68.1407,45.0972,61.1537,113.1290,194.3040,321.8700,428.7920,436.8090,431.5370,366.9000,204.4830,91.0027,83.2136,80.2146,62.1603,52.4822,70.9008,77.5606,80.5710,82.2426,86.9727,99.9970,87.0970,69.7303,59.7838,68.1471,90.0486,108.9210,119.0230,110.3090,91.4416,70.1820,47.8480,29.8662,3.1103,12.4640,16.4682,22.0551,15.2900,13.7320,25.0058,31.4769,43.1069,67.8344,97.3258,85.3155,101.6460,102.5500,94.2920,86.6984,84.8366,84.7560,66.7311,25.9956,36.5488,70.2241,78.7306,83.0945,70.2299,65.4847,22.5166,42.2830,42.0715,55.0595,66.0859,61.0017,68.2498,101.0060,134.9300,130.6070,89.7735,73.9746,74.8891,73.7695,65.9847,50.5140,73.7668,151.7440,237.8430,299.7340,373.5320,369.2120,264.8010,185.9640,136.8610,121.4630,111.0710,98.5944,88.9996,97.3311,129.5260,128.4310,98.5581,76.6288,51.6258,27.2500,41.0964,69.9084,108.7770,128.1210,140.6750,83.6603,61.4163,119.7900,130.0560,95.5509,58.8231,51.1409,74.6256,116.1710,154.0880,153.8660,138.5880,145.4530,156.9640,167.6760,153.9190,139.9900,128.2920,121.9040,103.6250,93.9006,122.5830,139.6580,125.5450,93.7206,28.5379,16.7866,25.8432,37.6295,83.3179,142.7340,206.7390,266.5640,250.9670,167.9130,100.0820,58.0904,73.3328,137.9140,142.9720,118.1400,85.1574,43.7874,75.5800,123.7700,189.7320,217.3600,209.1490,163.0300,116.6720,117.5320,128.8960,155.7460,178.1070,171.2280,171.9370,166.0670,144.7080,125.8100,107.7550,112.3580,138.5550,169.4570,165.2450,131.1160,98.6066,65.3478,36.5569,23.6404,89.1738,136.1230,152.8580,161.6840,186.0230,210.7840,210.3970,180.7530,142.2660,119.4340,105.8860,116.3550,145.5520,140.8940,177.5430,183.8880,161.3830,133.4480,119.3090,110.3450,125.7110,146.0480,192.3900,242.2900,272.7720,250.0020,192.5210,162.9120,153.5360,150.4300,144.5250,150.0440,204.7740
86343.1000,64783.1000,33920.9000,35157.2000,44805.4000,35245.6000,24932.4000,21484.8000,20260.7000,16714.3000,13784.6000,11016.1000,9767.2000,8676.9200,7063.1900,6984.3900,6290.1500,4655.7000,3873.4900,3429.2800,3093.1700,3364.7600,3107.6400,2831.4600,2163.8500,1736.5900,1252.9800,1000.1000,920.8770,688.5900,547.0260,404.3870,289.1300,213.6680,212.3660,218.7460,210.4940,168.6000,101.3730,58.6930,30.8210,69.1490,162.9710,195.5440,175.5330,158.0640,125.8150,90.7615,52.6151,42.5052,57.1223,134.0030,199.3020,264.7320,303.4640,436.1890,576.0150,546.5470,470.1520,343.2990,171.0340,125.3080,165.9420,206.8280,212.2190,202.2590,163.2780,128.1380,93.0776,152.9210,219.8100,205.0800,203.8980,152.0210,141.0520,149.4480,112.8110,73.1305,71.2453,94.9397,92.8260,49.0839,57.9640,73.9928,57.7509,53.2203,57.9318,68.1624,70.4448,75.9152,75.7427,106.4820,136.0330,126.3190,152.3060,115.6770,89.2760,72.8303,55.0611,72.5083,120.9280,205.4990,337.1480,431.8710,442.2870,439.5900,390.3800,218.7060,79.0456,74.0916,107.7090,81.6215,62.0068,48.8068,45.9243,50.3426,62.7487,66.4606,59.1992,48.7258,47.5741,35.8133,31.3703,65.8914,87.8342,97.1019,91.1685,87.8336,50.3020,29.9586,16.0889,11.5952,12.5635,31.7073,31.6671,24.9102,22.2415,24.9282,33.7506,47.6027,72.7189,91.3332,78.0862,83.7968,90.0366,73.4330,78.7404,88.6703,111.8640,95.2914,33.5988,20.5716,53.8095,77.7090,77.5119,64.8880,55.3071,27.0897,29.0567,35.3375,43.7852,54.5109,53.8440,50.8229,70.2199,102.3250,117.1420,101.1260,79.8284,59.0259,48.5065,35.3894,32.1458,85.6058,168.5390,244.7890,295.4430,358.6560,356.5490,257.6250,174.0800,125.0940,108.5730,95.6980,71.2354,82.5770,102.4740,149.0760,127.0470,94.3900,72.9727,55.1524,35.5083,50.3069,89.4358,130.1380,147.6790,155.8580,80.3247,59.8582,135.7470,147.9050,108.5050,76.6152,39.0861,85.4486,122.0420,171.9760,164.2340,141.6120,138.6610,140.6450,152.9070,146.7520,139.7670,132.7410,130.4260,91.2506,86.3751,149.9580,167.8050,147.7560,104.9920,45.4230,31.0053,29.6924,42.1791,78.6375,131.8640,193.4000,256.5410,246.2390,172.2460,106.2700,61.4670,64.8274,129.7310,150.2500,120.1680,83.2548,40.0172,39.2915,125.5310,204.1640,206.3870,198.2130,159.3900,125.8210,115.0310,116.7130,137.6770,160.2630,156.7450,161.5810,170.5550,151.2600,121.1780,96.5044,104.2660,129.0930,154.1870,155.4520,120.5770,89.5053,56.2240,25.5127,37.9017,98.2689,138.8030,159.2300,168.4090,174.3430,187.0950,206.6720,184.9510,149.5400,121.8650,110.5460,117.1990,144.4130,153.7200,199.0130,221.6260,189.7190,149.1070,130.9840,122.5230,131.6610,149.7680,200.3820,241.6570,257.1710,253.7060,211.4210,169.4470,143.8090,147.5170,162.3540,158.1300,209.1210
85979.3000,64554.8000,33491.9000,34178.6000,43997.5000,34828.2000,24600.3000,21177.5000,20090.4000,16615.4000,13596.6000,10799.4000,9642.3200,8519.5900,6882.6700,6893.9000,6243.8600,4631.7000,3909.2600,3459.4900,3118.6100,3403.0800,3184.9900,2942.3200,2303.6200,1837.4200,1334.9000,1111.4700,998.2840,763.3900,606.0720,457.2220,354.3280,215.8330,176.8340,196.3590,185.9030,146.6050,108.9470,90.9399,111.7010,112.9460,139.2440,135.8150,99.1537,78.6210,50.4404,20.1603,41.3435,42.0702,64.7302,151.1770,204.6860,250.0730,305.5780,434.4860,546.8220,509.7130,442.0610,336.9060,153.4860,102.8930,149.8760,175.1550,168.6410,176.0320,149.4290,126.3220,86.7025,122.1440,167.4880,166.1950,173.4720,166.9020,169.3510,143.2530,99.1361,71.4863,93.8138,111.8420,91.2456,49.3173,63.9655,79.2699,65.0730,66.0021,78.3111,85.5554,83.5618,92.9657,101.4850,122.1360,131.7210,117.9870,142.1280,120.9180,90.2242,72.1691,53.6295,81.4321,126.2940,202.0110,326.6380,429.1260,447.6010,446.2770,389.6590,216.8370,88.3775,84.0013,111.0720,91.0560,72.3821,63.2463,57.6033,47.8314,54.7779,60.5407,75.8724,66.8712,53.0647,32.3750,31.8970,67.4074,88.1149,98.9161,75.3510,71.2035,53.0192,45.0892,23.9975,28.9131,37.4810,43.0840,32.9958,26.9638,28.0825,34.7213,51.9225,66.1190,87.3631,98.6683,82.6528,79.8969,90.4317,77.6962,75.4410,83.3156,101.0530,92.2954,37.7003,16.4092,43.4525,55.7069,56.9800,51.8283,54.3225,26.7078,48.8428,39.6365,36.0222,44.9659,47.8775,46.4054,57.7903,83.8027,103.6000,91.5641,73.1124,63.5499,57.8580,47.3537,39.0384,58.3794,132.5650,231.3200,292.4660,363.7700,352.7110,256.2330,172.3510,125.1420,97.4618,93.8157,86.7513,97.9392,115.7120,156.1470,131.7330,95.0426,69.7327,47.8463,27.9456,47.7841,98.0388,143.3330,160.4880,164.8220,94.9190,60.3086,109.1810,124.8910,95.2627,66.0574,39.3369,74.2743,114.7980,148.7010,149.2660,147.7920,152.2560,159.2060,158.5900,147.5580,138.5600,124.1480,117.3740,97.2388,100.4040,145.2270,153.4200,135.4830,99.4693,34.4616,21.5515,41.4159,54.2121,64.1252,116.4220,183.0250,244.8590,236.5670,171.1080,108.6120,74.3353,69.9385,132.1260,141.4070,103.8790,62.4436,15.3593,49.9994,117.6690,197.4330,215.5030,211.6510,177.9550,146.2470,126.1190,132.7870,147.4110,158.8420,173.6880,176.1930,165.5640,135.8560,115.0130,108.0580,122.6570,140.2300,159.5610,166.6760,129.3860,77.6263,37.6070,15.2681,49.5262,106.0580,143.7560,156.7310,164.8790,178.1370,190.8750,191.3960,170.5900,137.3420,117.1710,103.3600,120.9540,157.3340,152.9020,187.2280,199.8900,187.0880,148.1420,124.1210,114.2230,124.4280,139.0410,187.6910,240.8590,246.5340,234.0380,206.2190,164.6630,130.1910,131.5000,148.5180,149.5470,190.0520
86397.0000,64667.9000,33660.0000,34741.7000,44824.0000,35518.9000,25028.3000,21544.4000,20446.7000,16906.1000,13793.4000,10987.5000,9768.0000,8600.0000,7014.0500,6951.7800,6225.6000,4636.7400,3853.7800,3371.0900,3057.3000,3315.4700,3096.5500,2837.0500,2211.0200,1767.7400,1296.9200,1060.6300,932.7570,709.0960,562.5770,400.9800,285.9720,170.5290,161.7480,167.4450,135.0240,77.6850,33.5490,35.9157,58.9390,120.7190,213.2750,245.1140,191.2200,144.4120,115.5220,87.9507,85.6834,92.8849,117.7680,193.7690,250.5040,317.6360,353.6120,473.2050,601.5190,568.7780,451.8600,322.3620,149.9560,120.0450,166.7710,197.5970,190.5990,166.7700,130.6900,114.4620,89.6340,148.2220,189.1160,182.0000,189.7280,187.3970,171.7600,145.3470,117.0840,88.7178,85.2654,99.9510,90.1068,53.1187,65.9898,81.2244,54.5391,52.1731,68.8089,70.6124,67.1587,74.7815,88.7316,116.1790,136.5880,111.1820,146.5610,119.9710,101.5140,79.0641,50.9400,77.6784,129.5330,202.7110,313.0000,427.2520,446.6160,443.5990,376.9270,206.5400,81.1941,86.2953,113.5370,82.4452,66.6568,50.4934,56.9031,49.5968,68.2517,84.9184,90.5184,71.6795,53.0176,36.3577,28.6423,70.3439,95.2680,107.4150,87.2587,85.9630,67.0781,47.1151,20.6109,17.7028,20.7227,33.2635,32.7430,23.4016,25.0089,32.9372,40.0062,58.3305,90.8938,107.9660,85.3946,80.8765,81.9547,73.6132,69.4690,72.4675,86.6582,82.8641,29.7032,15.9753,45.0468,56.1093,57.6552,52.5312,61.6305,35.4597,53.6104,48.7793,45.8800,47.5636,50.5559,61.5353,84.0139,103.6250,111.9960,90.1388,76.5747,72.7172,47.6497,29.8761,56.7860,92.6186,157.4420,237.8530,289.8150,349.5870,339.9150,240.2240,162.3570,113.7110,99.2028,87.0822,86.3929,102.3320,121.4170,162.8800,131.3990,95.3957,69.8395,47.3752,17.7895,51.3127,81.1981,122.1460,143.4760,159.7810,102.7250,64.8813,121.9840,153.8250,105.0170,73.7881,34.6149,79.1378,115.6190,158.3520,151.7810,135.3720,138.3980,149.7610,161.6590,144.3700,133.0560,125.3520,124.9950,102.3280,98.6440,139.1110,163.0680,153.0710,129.9250,39.4460,28.1114,34.3580,38.8317,74.2207,131.7180,190.7650,249.1720,232.2500,159.3480,91.9867,60.2057,82.3393,144.0420,153.3560,119.2600,79.6112,22.0611,79.3291,130.5200,191.9930,217.7320,219.7230,186.6400,155.0570,147.9040,143.6520,155.1360,171.1850,162.1170,166.6270,174.3790,154.8050,130.7040,113.2270,115.6460,138.4370,158.1060,152.7840,119.3510,91.5889,58.6470,29.0416,40.5243,92.7929,122.1390,139.2430,151.4110,171.0580,188.0840,199.4550,181.4410,149.1200,122.9330,110.4710,119.1410,146.3640,156.0790,195.3240,212.8750,190.5630,155.3420,136.3060,120.5070,116.1060,130.0260,171.9580,225.0460,252.9590,232.1660,177.5010,139.5650,125.9050,145.7740,165.6850,167.1780,213.7180
86332.2000,64755.3000,33943.0000,35219.9000,44925.5000,35381.2000,25018.9000,21545.0000,20306.6000,16760.3000,13784.6000,10985.2000,9737.8300,8663.6800,7065.9100,6952.5700,6240.1600,4640.9300,3860.5300,3383.6400,3044.5600,3316.0000,3094.1600,2838.0400,2182.9000,1717.4100,1234.8400,1011.0200,915.2210,675.1030,548.4100,422.8370,293.9090,182.0980,197.3810,231.7650,194.1030,121.7510,77.9447,71.4787,60.0573,105.2790,199.5780,230.2380,196.7440,175.0930,138.1890,100.4230,60.2911,61.6457,52.1972,123.1850,188.9170,251.9610,291.3350,417.4550,546.1190,524.5210,466.4450,329.9780,160.9320,150.9440,185.7520,185.3150,202.7240,216.1650,175.5740,141.5870,96.2456,133.2780,192.7760,190.1360,196.3920,187.8450,179.0520,140.1140,100.3510,65.6208,71.4410,87.8300,82.4112,55.5691,70.3730,100.3310,86.3132,60.9145,59.3362,73.7564,76.0429,87.3990,100.7770,135.0710,140.1070,117.7590,131.3620,113.2800,94.0983,85.4781,67.4684,85.3096,117.7150,185.6070,315.0760,436.3750,458.2970,455.5580,392.7730,215.2980,91.7922,100.0240,111.8470,75.6360,66.9352,57.5971,65.8558,41.5692,48.8521,58.2848,79.9654,66.8499,48.3219,28.4295,18.6768,73.0659,88.7622,113.7860,99.6012,88.6094,56.8923,50.2881,14.3665,16.6593,24.6320,47.9960,34.0517,25.4886,36.2896,37.5922,36.9939,50.2817,77.1392,102.4120,93.5435,96.8486,97.7398,71.6517,66.8293,73.3372,89.0168,87.8863,28.9388,17.0533,49.6463,60.2023,61.4742,54.9925,61.6481,29.7822,47.0032,43.2875,63.6648,69.9382,64.8885,47.3110,65.2201,98.1741,112.5910,92.7722,69.6451,58.6327,51.4741,42.9072,38.6272,62.8516,138.0860,226.1630,279.0800,339.5410,323.9800,224.0050,152.6620,114.2870,104.4080,97.1322,79.1481,89.2444,110.6020,149.3400,121.8340,87.4843,63.0577,44.7315,27.7453,43.3125,91.0183,133.2580,149.2450,152.5520,96.3828,80.4289,131.3070,140.9340,104.6350,71.3916,37.2737,77.8411,122.7080,150.8750,143.0470,133.8670,135.9650,139.6010,146.1690,136.6930,125.1260,118.0670,121.7920,121.3500,120.2430,156.4420,167.1130,148.5790,116.7300,37.5575,35.0496,40.3696,49.0191,76.5278,132.3530,186.1260,236.5890,234.0820,159.8860,84.6658,39.3484,82.8667,132.9400,140.2180,108.2600,64.1193,15.6961,68.8654,129.2270,204.4450,225.5760,219.7250,175.6700,138.7530,134.7710,130.3670,151.9630,185.0310,178.1040,181.0510,182.1050,156.5210,122.7670,106.6190,117.2870,142.6550,176.4320,180.0620,133.5420,81.6296,36.5836,16.1804,66.8265,103.5430,126.6340,142.3900,153.0870,170.3070,190.4940,205.3520,171.7890,136.2810,123.9910,122.5940,130.9960,153.8200,155.4300,189.6670,189.0030,168.1830,148.7620,122.7550,99.9497,124.9060,153.6350,176.2080,203.2520,249.3810,240.5140,184.7450,149.9480,142.3500,156.4760,174.6960,167.3220,217.4570
85852.1000,64547.3000,33513.5000,34199.4000,43949.0000,34761.8000,24559.3000,21110.0000,19994.1000,16531.5000,13585.6000,10769.9000,9622.7600,8555.1900,6916.4600,6899.4900,6243.0900,4616.2600,3866.8900,3410.3200,3070.5300,3347.1200,3125.3400,2886.3600,2252.9000,1811.7700,1322.6700,1088.2900,980.6200,750.1010,594.1640,442.8310,331.4410,187.4970,152.3230,179.5370,167.2710,112.8380,73.6175,72.6602,108.7220,134.4720,167.9570,172.1100,135.9400,94.4460,51.6109,17.6025,39.7558,42.4665,93.8858,181.9890,224.0290,255.8550,297.3470,406.2740,522.4140,480.8200,402.6200,283.2220,134.3370,112.7430,145.0740,167.2910,184.3960,193.7850,163.0190,144.3450,109.7460,112.5880,172.4540,166.6650,179.1800,177.4100,174.6100,137.5450,96.9942,70.2852,77.5066,90.1454,78.5906,55.9364,66.0326,83.4545,80.7409,74.9725,74.9266,86.6818,93.7774,99.5979,90.6261,110.9250,144.5390,116.7900,138.2480,103.2180,82.5128,75.4774,66.9242,70.9446,96.9204,181.7250,325.0090,442.9900,469.6030,474.9110,426.0360,241.8720,97.4105,83.4725,97.2981,74.0445,63.8142,57.3275,60.4975,59.3185,69.7274,73.3194,80.2929,72.0094,65.5758,53.0819,30.7291,63.6564,95.4431,113.8130,88.8132,87.1593,75.3198,54.7896,28.8870,14.9934,12.2031,34.9429,31.0997,18.5622,21.1459,35.2003,37.5188,41.7274,56.0068,90.7250,84.2209,94.1953,90.5638,76.0300,81.1587,85.2481,91.6285,70.7410,25.1147,22.9023,61.3120,67.6250,57.0587,45.5499,43.2342,19.4287,36.6383,37.1184,51.3758,51.1594,42.3574,53.1316,83.7466,115.2470,118.1470,98.8523,78.8901,60.6748,46.8007,29.0301,39.3588,97.0508,168.4160,240.1500,288.0950,344.9670,336.6400,251.0340,170.9750,118.1700,99.2153,93.7762,91.7870,97.6476,114.9010,158.0940,135.9070,90.4415,62.2261,37.5010,28.6980,44.6159,97.9506,129.9740,142.9420,143.6620,92.6317,68.4318,118.9040,140.1180,107.6430,75.2695,27.8622,72.8783,116.7770,157.5860,153.8460,142.1920,140.6020,139.4760,140.3000,143.7750,145.6230,137.6020,136.8080,109.2340,109.8390,161.2210,168.0220,147.2350,106.7230,28.9818,34.2979,54.7262,52.2869,66.3249,119.3880,175.5440,224.3980,219.8130,156.0680,88.6139,55.1710,76.4267,140.3310,162.4830,125.1670,86.1206,33.6617,50.3257,127.6300,197.8750,209.8360,211.0190,183.4850,146.0540,114.7870,119.0990,153.5650,181.1010,172.4980,176.0600,187.9970,164.1440,130.1630,106.9560,125.5640,152.8640,163.9060,165.5930,139.2570,84.7918,40.1335,27.2173,61.3858,112.9370,138.7390,152.1080,161.6120,186.3890,202.8530,200.5180,181.4320,149.0660,130.9320,113.5730,121.1330,153.4730,151.6880,189.8120,202.4910,178.3940,143.9220,124.5170,112.4930,132.5570,157.3000,191.1980,222.6460,260.1180,247.5170,199.2840,169.3900,147.0690,140.6360,150.1600,156.8160,206.0500
86297.5000,64618.8000,33650.4000,34581.1000,44563.6000,35354.0000,24910.7000,21518.4000,20460.5000,16894.2000,13830.8000,11044.6000,9826.7500,8646.2700,7079.3200,7033.6800,6271.1900,4655.1600,3890.5700,3403.3300,3049.0600,3324.5200,3121.6100,2877.5000,2230.2500,1749.3100,1242.8800,1008.0000,916.6080,681.3930,535.9630,374.6630,269.5740,149.7050,130.3330,138.9590,114.2130,67.1071,17.0284,36.3403,96.3246,153.7540,223.5670,226.1490,181.6840,157.6980,120.7910,90.9487,98.7800,103.9640,105.5890,174.5110,232.1110,288.4220,333.9510,453.9850,539.9280,495.0340,390.3750,280.7770,120.3390,93.3913,142.7940,169.2030,175.7110,170.0590,139.7260,128.3540,103.8660,132.5250,180.2920,168.7460,177.1480,176.0160,178.0540,140.9170,104.8750,80.4371,85.7194,98.9590,84.0252,52.3090,58.3470,69.6225,62.2978,78.5486,92.6654,97.9360,95.8734,104.3450,106.7700,130.7610,153.8430,122.0630,142.7400,110.8080,92.2142,78.4778,50.0224,62.3214,95.0444,167.0330,309.9440,425.3040,448.0850,450.1630,406.1350,229.0710,84.6760,87.8457,107.4480,68.5315,50.6409,42.6654,64.0133,64.4362,76.5998,62.6769,67.9252,64.2248,50.1731,27.3920,39.2191,76.5959,91.1486,100.6340,98.7445,85.4517,52.3980,25.2464,9.8531,21.0962,28.2648,34.0455,48.4620,44.6627,36.2652,37.1767,44.7208,58.7165,81.2113,112.5550,87.4725,87.3536,71.8448,62.9165,65.9550,69.4477,72.0797,58.9448,21.4095,15.0682,41.2740,54.1190,59.9747,55.7153,64.6181,32.6657,47.2579,39.9753,53.8689,65.1150,61.6212,66.2468,84.8110,112.2930,122.7000,96.7134,66.3958,50.1302,50.4991,45.9754,39.6739,75.8476,147.2810,224.9360,280.4350,355.6190,363.4450,247.5850,159.4060,110.9130,99.2074,83.3276,69.6602,87.4696,108.4180,151.3210,133.2900,101.5730,75.0446,47.1453,18.1379,50.0082,89.6290,128.6840,149.2650,163.1350,118.4800,71.6577,99.3958,124.1970,90.7366,56.9918,31.8096,78.9460,119.7590,167.3120,169.0400,144.3180,135.3630,133.8300,146.4800,134.3590,113.8150,101.2280,97.8326,85.0048,94.9896,144.3580,160.6230,153.4020,129.3330,52.2276,48.5323,53.3509,65.9040,82.3291,123.2780,178.0110,235.9760,229.3600,154.2450,86.8674,53.2139,70.4036,150.1200,175.8700,137.5460,95.7058,35.5783,56.7855,119.3770,191.9910,209.3920,206.0800,171.3830,148.5150,129.7870,120.8250,149.8540,187.7310,173.5660,158.7240,167.1250,142.6910,103.7660,81.5477,116.9000,143.8240,165.7310,154.8530,100.6500,53.1522,21.9644,32.3559,71.8659,99.7260,131.1710,152.0410,173.5620,186.4910,198.3060,212.6070,188.6310,148.0150,108.5900,89.5943,103.3270,140.0320,148.2400,189.4920,209.2680,188.2550,150.4830,129.8590,119.9150,131.6390,150.1480,190.4070,235.1650,260.5630,235.3890,185.6520,153.6980,127.1940,137.3430,167.4610,190.5800,221.2550
86308.7000,64669.5000,33906.8000,35301.4000,45072.2000,35480.0000,25049.5000,21599.2000,20382.7000,16796.7000,13760.0000,11002.6000,9783.2400,8667.3200,7072.4400,6970.6700,6235.6700,4608.6600,3791.6200,3310.4100,2970.6200,3259.3000,3087.1900,2828.4200,2163.4600,1689.9200,1236.8000,1018.5300,902.8610,651.6340,527.7280,401.5460,281.0450,168.0960,180.2700,214.8050,183.7490,115.9920,65.1208,50.2611,59.0854,115.1370,200.4530,223.0740,188.7980,165.3950,127.2330,92.4760,61.9676,66.3247,60.3443,122.3800,187.9460,238.6590,274.7840,389.5070,501.8420,490.5350,439.9130,331.1500,166.8140,123.2330,163.0370,185.4100,190.1460,212.0230,187.9910,148.6390,96.3893,113.5910,175.0460,191.1460,209.1470,201.9130,179.4400,149.1340,115.8470,91.3396,95.6934,110.3590,92.1859,62.9869,79.5549,96.1190,81.2766,74.7927,94.1375,108.4580,105.2620,105.2120,106.0220,129.8400,140.8030,104.7190,131.3870,118.7760,115.9910,108.3410,66.7473,59.1740,101.3280,193.8780,320.2590,416.6460,451.7540,465.8370,437.0680,246.5250,93.1601,81.4062,97.3170,70.8433,65.8165,51.7413,46.4993,39.4362,49.0731,71.4523,87.2040,75.9291,56.9481,37.8352,19.6815,49.7405,69.6201,86.1772,77.4307,52.9048,32.8138,15.7655,17.5211,28.5349,45.5899,38.3045,23.7808,20.4381,31.1626,34.2629,38.3414,52.2485,70.5651,100.2150,79.4346,79.3897,79.9866,77.4422,82.0216,84.0945,88.6343,65.4549,30.8079,34.9329,49.0221,58.1339,75.9561,62.7255,55.4509,21.4578,34.7117,47.0566,59.1460,63.7635,63.3742,66.1382,86.2863,113.2820,116.8050,93.3626,70.5130,58.0256,54.9346,51.3283,41.1944,68.7704,153.5550,231.8860,283.1880,343.0690,348.3750,251.1260,167.1750,120.7020,109.1680,96.5075,75.2022,93.2611,114.3490,158.8520,137.3890,100.6190,75.9062,57.7300,41.9556,54.6613,100.8320,129.7290,142.2550,145.1800,86.1701,49.2438,104.4820,139.5090,102.5460,85.0601,59.2861,81.3133,120.4070,133.5210,125.0900,127.2800,133.7950,140.9410,142.9710,144.7620,141.0500,129.9310,118.1000,85.9025,97.3123,150.0080,156.3260,136.6910,101.7630,32.0019,33.6669,45.5577,63.7791,100.5020,154.2470,201.0340,244.6980,242.6090,171.7440,94.7848,43.3581,66.1529,136.8600,157.0410,131.1420,92.3528,43.8573,58.9953,121.0400,176.1940,200.3810,205.9440,179.0990,135.4910,107.4800,120.7170,162.7810,174.5190,153.9040,166.9020,170.9430,139.9830,107.6820,97.0850,105.0730,120.1300,152.8190,152.6830,117.5090,81.2792,42.0300,19.1817,48.9129,104.2960,134.9500,142.6120,146.2340,161.8510,179.6850,186.3180,167.3220,131.3980,111.2600,102.9200,123.6030,142.1550,143.3310,174.2460,181.9790,158.6270,147.2230,135.2160,127.8910,126.3230,140.9260,181.9240,219.4610,248.2230,234.4740,183.9760,145.3400,123.6830,141.1010,166.7650,178.5990,221.1190
85775.9000,64514.2000,33514.3000,34282.6000,43998.8000,34746.0000,24546.6000,21110.0000,19972.7000,16495.2000,13571.5000,10778.4000,9632.4100,8585.8800,6944.2800,6870.1700,6174.5600,4537.1700,3753.6600,3290.8400,2965.7200,3275.9200,3081.0700,2827.4000,2182.3900,1743.2500,1244.4500,1001.4000,905.4560,670.0540,540.8160,395.5250,289.7380,170.6100,155.6570,174.0460,148.1330,79.7322,34.7281,31.5763,61.6401,126.9870,214.5520,236.6980,196.0030,151.5910,116.3290,80.2131,74.3424,78.1300,103.9700,175.5630,222.6110,278.4780,310.7970,413.8260,518.6510,497.8960,404.6880,302.4890,125.0160,81.7824,140.7970,164.1960,141.1660,142.0790,119.7780,135.1440,111.4170,157.3960,200.2340,181.8800,188.6860,178.5170,158.8180,126.1650,102.9390,90.3384,98.7929,108.0610,86.4789,68.3882,91.7993,97.6465,68.9385,56.9096,83.6954,103.4300,104.2930,95.7771,103.2790,144.0050,147.4980,115.7000,134.6970,123.3350,97.6908,75.6006,58.7125,89.4585,112.0000,182.4260,341.0090,460.9520,472.1290,465.9320,400.5430,222.3610,96.4735,96.6300,105.2420,71.0228,54.8603,37.9368,44.9362,49.5742,69.4214,67.8820,73.3427,72.3238,65.3272,50.8501,30.9916,45.8147,68.3629,88.0270,80.6931,67.6665,48.1763,28.1903,10.2492,4.9202,20.5516,34.9655,25.5601,13.2694,12.3351,25.0062,46.3469,62.8326,90.4621,102.1460,92.7884,93.7832,107.9510,81.8231,68.4443,68.2246,83.0692,73.3963,22.0737,17.3484,47.1841,66.1692,63.5527,50.4244,35.2006,13.0800,23.7922,39.7138,51.4271,46.1588,39.1935,58.9915,91.9860,119.9710,125.9680,102.2790,75.3304,63.7541,55.1607,44.4671,38.7366,71.3732,153.6840,234.3940,291.1440,353.1900,361.4240,275.7340,189.4710,134.9020,120.0520,108.2270,88.4227,93.0317,103.3020,144.8860,128.2360,93.9944,72.7456,55.9729,40.5774,60.0711,100.2190,128.5880,142.2400,148.6320,98.4643,63.7641,107.9760,131.8160,102.5450,69.9809,28.9851,71.4656,116.9420,150.3840,150.2850,144.2780,144.8270,152.1380,161.8380,144.1930,121.1470,103.9590,93.8278,83.2433,94.0454,138.0400,150.0800,132.0590,103.3970,26.6478,50.7756,59.2966,65.6249,82.0391,132.8500,187.4280,241.0510,241.6560,169.5050,94.8575,47.6957,66.7241,141.0600,165.7490,134.7630,94.8232,23.2277,58.1160,111.1860,190.5860,209.4240,204.7010,167.5730,136.0030,123.0820,127.8660,144.4980,158.6400,168.6270,182.5780,177.5310,144.9930,118.4170,105.8460,115.3520,135.5610,163.1240,150.7830,93.5736,49.1170,24.8528,21.2771,52.4345,104.8800,146.0780,156.0170,154.5770,160.7840,183.0330,194.1510,169.2370,136.9270,114.7860,94.8337,96.3251,138.3780,143.7910,185.7770,198.2160,185.8430,167.8180,151.5100,131.5830,124.2990,141.1470,191.4470,241.7850,272.2990,252.6560,195.7200,152.5820,124.1600,139.9590,167.9320,183.6140,226.7930
86156.4000,64589.3000,33497.8000,34342.0000,44460.4000,35256.5000,24795.6000,21357.6000,20350.0000,16807.6000,13735.2000,10961.4000,9767.3400,8586.3200,7009.7900,6979.3500,6241.5800,4625.1900,3883.3500,3429.6800,3104.6100,3389.0300,3190.6300,2927.2600,2268.3100,1783.2800,1283.7400,1065.9300,969.3050,725.6940,559.9460,406.1000,293.6950,174.2410,155.5820,169.5380,142.8720,86.4672,57.1140,59.1263,101.6050,143.7760,187.0910,190.9470,145.9160,91.6694,43.3092,41.6306,88.6525,86.2710,109.2660,188.3210,242.3530,278.4790,311.1980,409.6780,504.3780,451.5900,369.8270,263.6530,116.7020,73.1452,100.6540,125.2450,140.6280,167.3270,152.1930,166.6560,124.2760,130.8180,168.4430,161.9860,178.4320,182.8140,184.3230,163.9090,127.7440,90.0708,88.4716,107.2090,94.0728,67.0821,76.3438,83.7116,81.2368,76.3974,71.2464,85.2257,95.0175,107.7600,104.1190,129.1750,156.5920,126.5050,153.0530,117.5320,90.4285,71.9306,60.7472,89.5371,127.8210,204.1290,342.7160,463.1440,480.6880,477.4290,413.2840,235.7780,94.2251,87.2822,114.1480,83.3152,69.6463,56.1044,69.3995,56.9327,72.9024,77.7126,85.2565,68.7216,61.4017,49.7314,38.7267,63.7911,88.3622,110.6460,93.6147,66.1968,38.9564,16.1945,6.8064,20.5102,28.4636,27.2865,23.7230,30.3280,33.4859,29.9809,39.9394,60.5897,90.6629,119.2570,109.9620,108.5180,94.4031,61.7948,71.5733,85.5548,96.5761,78.8446,18.6341,22.1358,57.1671,61.0456,63.1845,54.8044,60.9822,27.2498,53.9276,47.1758,54.5834,58.6039,56.6777,47.1020,75.3588,115.1240,113.8370,80.7648,62.2977,51.2553,45.8806,45.0428,45.7243,72.6294,140.2010,229.2600,291.8430,367.8900,363.5040,259.3290,175.2250,125.1500,107.8990,102.0870,90.6069,92.1288,108.9000,151.3580,149.0310,107.7870,79.8416,56.3192,37.2132,60.3555,97.1040,130.8070,142.2280,142.7810,74.3769,59.2793,121.9330,138.5840,100.8560,73.0053,36.0637,74.9680,116.0960,140.7700,131.1820,130.5710,134.5730,141.6880,143.8670,139.0270,131.4520,124.7950,125.5970,105.6040,93.5734,124.8500,140.6950,128.6370,100.8780,37.1039,38.5393,57.1597,67.3661,80.2577,130.7340,193.9780,252.8760,236.3040,162.0480,89.1196,38.1905,58.4044,127.3790,158.8370,131.5170,91.0412,29.6451,43.0861,109.9240,178.4640,188.5300,192.6580,170.6880,137.7200,103.4030,122.2630,151.4700,154.3280,164.5830,173.9460,162.8680,135.0590,105.1620,86.8447,105.6220,132.8900,163.2580,161.4860,123.9310,72.3197,32.9304,16.8411,47.7283,98.2291,129.7820,143.2040,160.7640,182.8610,196.9110,196.8100,176.5190,138.9700,111.1410,98.3090,123.4660,157.9440,152.3120,187.5230,203.1740,191.0880,162.4290,137.3250,118.1960,132.7250,161.7910,213.4910,252.4160,267.2270,248.5540,193.9040,156.8910,131.8090,136.7670,154.8090,162.2320,212.4500
86308.8000,64655.3000,33755.5000,35084.1000,45035.9000,35516.1000,25037.2000,21528.5000,20345.2000,16790.9000,13736.9000,10951.1000,9697.9200,8567.4900,6996.1400,6881.0700,6123.9400,4514.0500,3728.9200,3295.8600,2980.6400,3262.7800,3077.8700,2836.4400,2188.2200,1719.1900,1264.5000,1036.5900,940.4240,717.7270,590.2310,442.7570,309.9270,207.9160,219.5710,242.2050,199.0290,121.7420,80.3166,66.3953,69.3763,124.6130,209.1970,237.1560,207.2410,173.5940,123.0460,85.7401,81.7427,86.7547,68.8491,110.9710,172.4000,234.5570,268.8600,368.6150,481.3600,466.5360,406.4030,299.5350,153.4690,124.3440,159.2270,179.2430,179.8620,181.7550,156.8050,149.7240,118.4640,127.2260,179.5280,169.9200,179.7500,169.8140,162.0080,156.6560,134.4510,109.8160,106.4000,112.7490,73.4224,44.1802,70.5174,65.2021,54.1082,68.3763,75.6687,90.0536,107.5480,118.3980,115.9640,128.7320,151.0300,124.1300,153.2500,128.7670,102.2870,91.2956,71.0347,78.9805,110.0030,195.1250,336.5230,448.4400,473.5640,478.0710,435.2850,250.7340,89.9888,66.7260,103.4540,75.0890,61.4357,48.4627,56.9303,62.8396,77.9806,83.7705,93.8168,88.8825,77.4509,54.6684,29.3403,60.0260,81.9499,95.1018,93.5593,76.0461,41.8951,16.6861,9.0109,11.5830,15.5957,38.0378,48.7476,39.3694,46.3025,60.3346,63.8715,66.0890,84.9541,131.0150,126.5220,113.9940,103.1790,59.4672,57.6171,72.1411,87.5556,75.0118,19.0957,17.3023,50.5262,59.2755,59.3069,47.8659,37.9561,13.8629,23.2774,32.4095,42.9961,49.7674,50.8998,54.8047,81.3599,111.7450,116.2880,101.3390,81.9144,65.0798,61.4823,53.7567,47.1080,77.3525,152.5300,241.8850,303.1540,370.7520,362.1710,258.1490,171.6920,119.9060,108.7830,94.8400,64.3756,67.2375,79.1397,118.6840,113.9540,83.1756,60.6208,38.0769,26.3435,49.3521,98.8703,130.0340,142.6770,147.5060,98.0423,59.1453,106.5460,143.6950,106.3320,81.3209,22.8753,68.3379,105.5810,148.0920,134.0510,118.1880,121.0300,131.0810,134.3940,123.6560,126.2420,124.7400,126.3640,100.1720,106.7030,149.2110,165.6210,158.3670,137.8290,64.6209,39.7810,46.6315,65.2222,92.0667,128.9480,176.5420,241.3590,239.3370,156.7670,82.5735,26.5161,52.9750,121.6380,146.2070,123.5690,85.2755,36.4484,48.5843,110.3740,171.6730,190.1060,190.4010,159.7230,125.4890,108.1490,119.8130,146.2230,160.5900,167.1310,189.3200,187.8360,153.7300,112.4630,91.2685,101.2910,121.8640,153.6830,147.5790,104.1650,76.2748,41.8719,18.6264,49.4495,86.7131,123.9880,144.9930,158.2400,164.3520,174.8990,198.3390,173.7870,132.1790,113.8230,110.2160,136.6980,153.3190,147.7210,176.9380,185.5730,162.8920,143.4640,127.5600,113.0150,122.4700,147.7120,183.5550,201.6470,228.0210,224.4490,173.4010,133.5350,112.0880,130.7470,155.0080,180.9080,224.2170
85834.5000,64547.8000,33614.2000,34523.9000,44199.2000,34850.9000,24636.0000,21192.8000,20016.1000,16525.2000,13616.5000,10824.3000,9618.5300,8551.2200,6935.6600,6870.5900,6184.2000,4570.0200,3815.1800,3361.7000,3044.2900,3352.8600,3134.3200,2860.8500,2180.4700,1747.0500,1275.6800,1047.4400,957.2160,704.9920,555.4810,392.0960,282.3810,157.0400,152.0620,167.1790,130.1700,66.3403,17.6374,52.6851,123.3830,190.9470,250.7810,244.1620,209.8210,172.9710,133.2390,104.9570,113.8400,112.0920,111.1540,166.8260,217.4960,279.1510,320.9380,428.4890,523.4430,484.6750,383.2120,273.7520,146.9900,123.0950,154.9800,164.7540,137.9780,138.4900,127.6010,134.9760,119.3420,117.5370,164.5240,159.0280,182.9040,197.2500,188.7770,156.0290,116.7100,92.7968,109.2960,129.9700,92.8761,46.4546,65.4910,82.5159,69.1172,59.3583,58.5737,77.0660,100.2000,114.3030,120.6300,145.7030,163.2890,126.4900,147.3650,113.1950,91.4826,80.0823,57.5509,66.7918,107.6640,191.2580,318.4780,438.5090,470.6700,477.6950,426.6250,230.8670,81.7116,66.9239,94.0820,66.3419,47.8346,30.6947,31.7015,67.4614,76.3104,78.9137,85.9686,75.8929,64.2554,45.9986,40.9473,64.9305,85.1831,95.5461,83.2981,65.1229,43.9074,29.9415,27.2762,27.4383,39.0599,42.9122,40.4911,39.7928,45.3989,47.1017,53.6852,67.3471,92.9921,108.3080,86.9918,79.1434,78.2775,55.1515,60.9646,72.4173,100.9380,97.8425,40.7448,34.0700,40.1177,51.1535,57.9930,54.7369,51.8672,20.9594,39.0531,39.2612,50.3624,53.3510,55.7789,52.4116,76.8030,111.2800,114.7460,101.6160,94.3464,73.3339,44.8448,40.9237,47.1957,66.7376,129.9560,214.6220,278.3080,348.7600,350.7900,263.6010,184.5060,136.6180,110.8920,99.8641,82.7576,88.4752,102.5020,139.1940,122.7410,90.6237,69.3751,59.2232,36.1452,78.5269,108.8200,138.4320,152.1650,157.8750,92.8602,63.3294,113.5810,122.3370,97.0048,67.1452,12.2972,56.5940,98.7450,138.0050,125.2080,125.0520,137.8570,159.4540,161.5160,132.9780,131.7180,133.8880,146.0710,121.9770,103.6960,131.1790,147.8510,138.7570,117.4360,48.7107,39.0112,45.8824,65.0610,100.3930,153.1810,198.5080,228.5930,221.7090,165.8560,97.1229,45.3203,50.9906,120.7520,151.2880,127.2400,95.0867,39.3391,46.6033,94.6584,161.9350,197.3580,203.4540,178.3700,136.3530,112.9360,130.1990,164.3610,168.5420,151.8250,164.1370,175.4850,151.4290,116.7910,97.1562,100.7870,117.7910,139.7320,150.5710,115.5100,69.8539,33.1098,11.8078,34.5942,80.9650,119.4850,133.6810,151.6620,169.4020,182.7450,179.2190,164.9610,132.8510,105.2670,86.4500,103.9120,145.9160,144.4290,185.6180,198.4460,167.9370,137.7900,120.1150,119.3190,138.0820,156.7940,192.1770,234.0430,262.2000,237.0320,184.4770,148.6870,124.4680,140.3500,166.2750,183.9570,226.9300
86056.2000,64585.2000,33510.0000,34212.8000,44200.8000,35087.6000,24715.1000,21318.1000,20277.8000,16724.1000,13709.9000,10961.4000,9790.5300,8604.1500,6999.4700,6980.0300,6256.1700,4646.1600,3952.9100,3540.6000,3237.7800,3509.1600,3275.7700,2985.0800,2293.8300,1825.9000,1345.6200,1101.0400,980.5170,731.9990,595.7830,442.4670,339.7120,199.5630,159.3680,180.8330,171.0140,107.0360,57.2233,42.5520,72.6869,103.8490,137.8450,148.3410,123.3320,79.0875,36.3501,29.2126,62.9100,54.0083,78.9522,146.6040,182.4830,205.6900,261.4960,358.2620,434.4990,399.0090,316.1310,238.1920,126.0940,97.9385,114.7150,140.5580,162.7030,163.1610,139.6100,135.4840,102.8070,119.0020,171.6790,170.9440,197.3700,179.8200,175.5690,164.0540,135.3300,105.0390,98.0868,106.2220,91.4379,48.6905,51.9149,81.3119,62.7777,44.5798,61.6255,74.9902,75.2937,86.6767,102.4050,121.8230,124.8210,105.0220,127.6910,108.4710,91.0691,76.4830,54.3502,76.5043,127.5130,210.5990,337.6120,452.0840,475.1910,476.5730,419.3210,236.3410,90.8388,83.6828,105.5040,76.9836,68.0367,56.5484,65.1663,66.8064,77.9319,75.1671,82.7044,75.8107,60.6122,40.8425,29.5271,67.0205,91.5798,116.4800,112.8570,72.7422,40.4109,26.0752,16.1616,16.3613,31.0249,31.0256,27.1978,49.5985,66.5286,62.9215,64.8350,78.5311,99.5268,107.5930,97.6878,87.1310,89.3989,68.0499,67.4587,70.4398,87.2566,72.3300,24.5400,25.5686,51.5653,52.4244,40.6229,31.3772,29.1181,21.2428,29.4547,43.3712,53.9215,54.9951,55.4308,70.6507,97.0235,116.4460,110.6750,102.4750,87.9419,59.2990,56.8494,59.4884,50.1321,87.4319,168.4720,242.6940,301.0620,367.1790,358.3250,255.2800,183.9350,136.5550,108.4680,89.7843,92.4407,103.3020,103.6610,123.1320,103.6140,85.6286,68.7179,62.4779,37.4685,75.0282,104.6880,132.9620,146.0390,154.9440,107.5880,70.4919,106.2620,129.2190,101.1060,79.0785,20.7343,65.2525,103.6470,149.4420,148.4920,132.3490,136.1570,145.7350,156.9990,136.3440,128.8730,128.1490,136.4600,113.8150,99.3718,131.0490,141.2080,126.9470,96.8875,37.0949,18.2975,32.9004,62.0447,101.3570,152.3130,201.8750,247.9860,233.8380,159.8060,80.5869,33.9452,79.7941,142.5670,158.0330,123.5980,69.8262,14.0742,42.5099,105.7170,189.6850,200.5500,201.6880,172.0280,143.9060,125.8710,133.3720,138.5650,150.0730,183.8640,190.9090,177.8840,154.4920,126.1360,100.3810,107.4090,133.0250,146.8390,149.2950,134.9620,85.6151,39.6582,23.9358,62.0089,89.7031,124.3950,143.8510,155.8540,175.9260,195.1310,195.0730,171.0410,141.0840,124.5330,108.7850,113.1420,154.4810,155.2910,177.5310,191.6230,173.6450,138.6670,112.5630,113.9490,136.7050,148.6010,173.3670,218.1820,253.6620,222.4710,162.4980,131.0270,128.7470,148.7950,168.2960,167.9390,199.3300
86329.4000,64630.6000,33800.0000,35059.5000,44964.4000,35534.0000,25082.3000,21627.0000,20393.1000,16790.9000,13738.2000,10983.8000,9741.0500,8585.1900,7004.5700,6922.5400,6181.1800,4572.1500,3831.8200,3420.6200,3116.2200,3400.6000,3155.6800,2853.2700,2169.3100,1732.5400,1278.2700,1046.5500,952.1100,703.9270,570.1500,435.9910,323.6020,211.9890,176.0280,201.9670,188.8120,108.5690,47.6708,55.0984,79.1182,143.1230,232.4780,248.2450,202.1980,167.2320,128.3920,82.0632,88.9949,101.1190,89.3228,115.5290,165.4620,233.0090,276.2530,379.6390,487.9480,477.8280,392.3190,293.6750,165.0090,138.1370,167.4310,189.6910,188.7040,169.3990,124.9400,80.5174,43.3735,130.6600,176.2090,182.8190,195.3360,201.9220,178.8540,134.5920,95.2235,75.4531,85.9440,98.0068,79.6781,54.8866,58.5990,62.7383,57.0853,51.1603,58.5090,77.3105,84.8114,99.9201,113.1780,139.9250,149.5980,124.8580,152.5860,128.7610,102.5730,83.8616,62.0082,75.3013,114.4340,204.8490,339.5510,446.5210,466.7040,469.2990,417.1910,236.4430,88.3996,78.5798,102.4290,68.3333,54.1831,46.1434,65.5482,70.0209,87.8177,81.7847,69.7086,55.1274,49.7105,40.0583,56.7147,91.1204,104.3450,106.0690,99.0786,85.6735,52.5219,24.5739,7.3768,12.0616,24.6232,20.5241,13.9464,35.6199,53.0215,55.7986,59.4168,76.9148,101.4670,125.1690,111.3950,103.0810,94.7909,67.6720,60.3895,59.2327,70.7709,57.6880,21.8647,24.7787,59.8337,64.4383,63.3247,55.0976,58.2693,27.0293,51.8313,54.9723,65.5663,62.4293,57.7705,56.6526,91.5195,126.7940,125.4860,91.2804,67.2239,64.7844,56.0156,56.0433,65.2571,72.5769,132.6660,228.0160,291.2950,356.5330,363.8900,278.9850,187.4030,132.0940,124.0550,119.6470,87.2848,74.4808,83.5288,118.3680,112.0170,73.3483,50.7095,37.1885,32.9001,71.6567,111.2250,142.1580,150.3180,147.9690,74.4620,55.3871,121.0910,152.6490,110.7690,91.3122,12.7316,44.3715,80.2051,107.8630,123.0320,126.0900,135.2870,146.6520,155.9960,142.4810,133.5930,129.5130,130.3330,110.1080,118.8660,164.2310,166.4420,148.5310,108.2430,46.2637,18.0615,27.5363,40.2655,56.4700,104.5100,164.3330,230.1010,223.7240,154.3910,86.8573,46.0414,59.0786,118.3640,141.7520,108.1000,72.0025,27.4608,64.1308,140.9020,213.6140,220.1180,215.0240,181.7790,154.0400,127.2300,129.6980,152.4930,181.5800,194.5560,191.0810,193.0400,166.9380,117.2810,76.9630,104.4250,137.7120,160.4800,148.2790,111.6290,82.4282,47.3023,22.1519,47.7705,88.0622,108.2040,123.9170,152.2760,174.4290,184.6380,177.6890,170.4070,148.8600,119.2940,85.6831,103.9120,168.0080,156.0640,176.0100,182.5500,158.8060,121.1470,99.2303,100.9810,123.6270,139.0830,171.0020,209.7920,234.4120,219.3470,169.6620,133.4420,117.7450,136.9040,159.6120,176.1770,239.0510
85960.5000,64576.1000,33727.8000,34798.3000,44374.1000,34941.4000,24736.6000,21312.0000,20055.0000,16528.4000,13654.9000,10881.5000,9647.1500,8585.9700,6950.8300,6857.1900,6179.6900,4568.4900,3835.4800,3439.4400,3146.0000,3433.7200,3185.2300,2862.8600,2169.1800,1740.8100,1276.9300,1044.8800,945.0910,682.3920,556.6750,423.1010,304.8910,175.5540,172.9530,205.7150,179.7800,109.2720,42.8981,36.3398,67.5009,135.0070,217.7920,235.9400,194.3630,157.8620,119.3700,80.4728,78.6717,80.5058,74.8216,118.4750,169.8400,230.2440,270.0600,387.9190,491.3550,462.4410,383.6740,293.9810,165.7540,117.7930,152.0820,187.9490,187.3510,168.8650,125.5690,80.9956,49.0996,128.9120,183.6090,182.4590,183.8790,175.3070,182.8990,144.4670,101.6020,53.8349,65.8192,88.9942,60.3702,24.0374,41.2790,62.0447,52.3926,56.1415,78.9718,84.3747,76.5717,79.8702,97.7125,132.3560,134.1270,104.2770,128.9940,110.9300,93.6142,70.3586,54.7390,68.1928,92.4406,177.3740,327.3970,435.1320,453.9950,454.6550,405.5640,215.4470,75.8958,78.8218,106.9650,70.7123,49.6648,37.0081,54.7474,59.9670,75.9941,74.7375,85.2683,75.5367,59.9741,37.3752,37.4121,63.5135,80.2248,89.8884,77.8678,60.4220,38.2451,19.0172,16.8227,25.1756,28.0856,28.3176,19.9327,6.2690,18.4830,21.2809,40.4046,60.5430,94.3984,103.7810,83.0532,79.0887,85.3310,77.1963,64.9501,61.8635,65.5263,68.8374,31.7663,32.0544,36.1514,55.5475,43.6336,33.3144,27.0131,16.5705,39.9680,56.9959,53.8424,42.8433,46.4857,64.9775,87.9949,103.5000,119.6140,105.1290,64.9241,53.2862,67.4578,73.4168,70.5140,66.4097,129.4410,237.6530,305.5120,373.5270,365.2760,267.8430,177.0980,128.1900,122.9180,116.6640,83.6869,76.2040,83.6984,116.8190,115.5370,94.7109,76.7337,62.1656,41.2468,58.3406,97.6832,132.5880,140.0100,142.5020,74.4132,50.7671,115.3920,142.6690,103.7790,77.8690,24.6316,56.1402,98.5425,143.0030,144.5160,135.8260,146.1230,159.2130,160.0260,142.3660,146.2700,146.5490,152.4550,120.7390,106.7090,140.7530,159.8100,149.0970,122.2550,45.5103,30.8484,48.1057,43.9324,67.5298,123.6310,179.7500,233.0220,219.7550,150.4770,82.9649,41.0803,63.4728,132.1210,156.9250,131.5520,96.1825,43.0972,58.2910,110.4760,171.5730,210.8600,219.6510,196.9520,145.2030,121.8960,134.2030,161.3870,189.8940,181.9090,186.5760,191.5800,165.1420,123.7810,98.6034,90.4391,100.1380,142.7150,161.3830,119.7650,72.2218,30.6219,24.7881,69.9634,100.3130,125.7230,140.8430,150.0720,160.5850,172.5080,200.0660,182.4340,140.9010,111.8420,100.5150,115.5240,139.7650,142.7060,174.1820,190.6350,156.2380,129.8930,110.2740,110.5120,134.3070,158.1410,198.1230,228.4500,233.1900,211.3700,175.7600,141.2810,129.8110,146.0150,166.8320,175.8540,228.4920
85925.5000,64535.3000,33469.0000,34103.2000,43975.4000,34903.8000,24627.6000,21222.5000,20132.2000,16612.3000,13641.3000,10878.5000,9700.1000,8532.2600,6928.7400,6928.6000,6212.1100,4609.1300,3953.6700,3571.7400,3284.1800,3581.8200,3336.4900,3002.6000,2278.0100,1822.8900,1363.3500,1129.3500,997.5520,745.6990,601.0580,448.0580,335.2540,193.4840,164.8110,180.7630,159.8290,104.6630,80.4333,81.5036,114.4790,147.2660,178.8460,174.4270,128.0400,87.5235,49.8657,33.4903,63.6587,84.4827,94.8576,144.5030,199.1900,231.0450,283.9780,367.2190,455.6170,415.7170,322.9110,232.4250,120.4760,92.1168,126.2890,150.1430,144.1430,135.6230,108.9790,86.5943,59.9717,113.4270,154.7080,153.7140,161.6210,165.9680,173.9710,140.7290,102.6210,71.6939,68.5446,79.3063,68.8155,44.5254,43.9381,57.1006,67.9354,66.9119,63.9576,65.6375,70.4036,90.2518,114.9910,151.3500,152.2550,126.6650,137.3230,116.4450,89.3227,76.3498,50.0744,66.2539,116.1120,199.9260,323.4520,436.4000,464.2870,468.2550,416.2240,239.9490,95.3292,53.7195,84.4602,70.7253,50.3496,46.6989,57.3206,75.4630,92.6355,81.5846,88.0101,87.4160,73.2119,47.5784,37.0728,68.8905,87.5019,95.2162,90.1363,98.5359,70.3374,32.7684,16.7813,18.2186,14.9915,27.1159,19.5324,10.2398,34.4696,51.8479,58.2766,70.7711,92.4161,117.5020,100.8630,95.5240,90.7658,67.9927,61.9335,62.4267,74.4965,55.4869,35.3739,35.7091,68.8395,71.7315,72.5098,49.6457,37.9410,10.8777,30.4800,42.9913,58.4041,66.3116,67.2427,62.7685,84.3847,122.1250,126.3590,93.1347,75.3833,74.1527,78.2625,77.8196,68.0158,70.4587,128.7210,226.9300,296.4670,372.5610,371.5960,276.5790,187.7930,129.8230,115.1030,104.0580,87.2591,91.2055,91.0655,129.1160,106.3000,78.6297,60.6508,52.2975,30.4857,61.4129,101.4190,142.0030,151.7460,151.3900,88.4331,62.7349,112.5200,147.7420,113.5150,97.2857,15.6246,40.9920,84.5619,120.6970,129.6690,124.2720,130.9740,136.0030,147.4570,152.2360,147.4800,141.4890,136.0310,103.4370,103.9120,155.0910,160.8150,138.0200,89.8854,31.2955,34.9112,45.8951,49.6287,81.6133,136.5370,191.0500,231.3270,232.6020,174.5040,102.4990,55.7636,72.4780,129.3980,138.6100,115.2620,80.1291,44.8941,57.7695,128.0890,188.8420,203.8520,203.9660,173.7190,135.2160,118.0070,137.7500,166.9430,173.1740,168.1500,172.5150,165.5040,144.9600,110.4430,79.2500,88.2211,113.1220,127.0780,123.8760,109.3030,65.4440,28.2305,15.3919,44.4861,85.6531,113.0130,122.8610,140.3070,156.2790,163.8680,174.6170,180.3310,148.2090,118.3660,92.3241,105.6060,145.3400,136.4830,168.1770,178.9070,175.7330,144.6640,112.7950,104.2170,139.2420,158.7440,180.3530,223.3160,273.4720,249.4810,183.3740,135.9940,122.0050,143.2170,164.9090,177.5780,212.6890
86346.5000,64625.8000,33759.8000,34942.2000,44890.8000,35510.3000,25036.4000,21596.5000,20446.7000,16862.0000,13783.2000,11002.0000,9768.8600,8609.9800,7041.8800,6957.6700,6199.2600,4604.1000,3890.8600,3502.1400,3218.8900,3512.0300,3269.8600,2925.3600,2221.4200,1767.1600,1295.2200,1063.0800,958.0270,708.3980,580.8470,434.5630,315.6360,187.3700,170.2230,199.2030,169.7340,92.9687,36.4956,46.4865,97.1515,162.3770,217.9330,234.1620,196.7990,148.1540,117.5220,89.6754,90.1626,98.7098,93.5156,129.9170,185.8000,244.0100,299.6420,417.5430,526.5820,483.6430,384.0450,278.8900,163.7700,109.7520,136.1570,175.0880,175.1600,139.6270,91.4386,61.1011,44.2627,125.8720,178.3100,175.4710,176.4880,158.8470,167.4070,153.1330,112.3450,78.2622,82.7738,95.7749,64.4504,39.8370,51.1478,59.3299,67.2537,68.7107,59.9527,72.7487,94.8893,111.1130,123.6390,141.2260,149.8050,118.1330,134.7080,105.4100,82.4202,68.3251,50.7961,59.1493,97.2145,184.0800,330.8540,441.6830,453.9170,453.9020,404.9490,236.6540,90.6220,81.4484,112.6220,80.0126,59.8288,62.0733,78.6638,75.2198,79.1971,79.1631,100.5740,83.2963,59.8574,36.3797,36.8943,75.4781,94.4167,109.0620,84.8202,68.9034,53.7596,24.8514,11.8755,10.5062,12.2098,36.5789,33.1357,20.1226,39.0580,57.7791,71.1380,83.2405,103.7450,109.7650,90.4379,83.6783,83.3625,60.8107,61.2325,69.5797,80.7229,56.2702,16.6334,32.9385,60.3559,66.7197,70.1647,53.9639,50.3798,18.1675,47.6195,48.2526,56.5569,62.0788,65.5195,59.4583,69.2966,100.4220,129.4000,96.7541,70.0056,82.7907,81.0843,74.5972,66.0952,72.6946,145.6910,242.9870,313.2860,390.5260,389.6050,274.3750,190.7140,146.0410,135.2880,113.6800,81.2727,91.0965,88.5099,123.9720,100.0760,70.9461,54.3936,41.5714,33.3107,46.5458,93.3834,125.0480,137.0060,137.2130,70.9489,50.8679,119.6960,146.3540,118.3660,91.1105,18.4342,40.6593,91.5726,145.3610,149.7470,141.9020,152.0640,164.7570,168.3430,154.0040,145.6520,138.5340,133.9710,112.8390,118.5460,153.6210,156.3890,136.2640,95.0963,24.2421,38.5650,59.4699,57.6805,70.0365,112.0460,161.4390,208.2600,218.1090,158.1710,88.7637,43.7100,63.9146,124.9060,143.7360,112.9540,71.1886,23.2721,55.7844,124.2740,195.6340,214.2080,211.0240,175.3360,132.0140,118.1110,135.9780,164.7480,185.4450,171.8960,169.3780,178.2610,156.1210,114.1560,75.9353,88.6158,119.0160,149.8100,138.6660,106.3230,81.9940,41.5996,23.5657,73.6278,99.6855,111.9260,128.6640,156.7130,178.2670,190.3880,194.5260,171.1950,135.6400,113.8600,98.5946,108.3100,150.3440,157.3530,183.6900,202.7120,176.4540,143.2400,118.7280,103.9720,119.1910,138.9790,177.4340,210.3110,239.9740,219.2170,160.4600,127.7560,122.0840,136.5900,154.1020,175.3630,222.7440
86150.8000,64684.6000,33938.0000,35116.8000,44675.8000,35163.8000,24878.3000,21478.8000,20241.9000,16668.8000,13740.8000,10973.6000,9756.7700,8674.0700,7065.0400,6982.5700,6277.9300,4663.4300,3943.9600,3552.4200,3270.3700,3551.8900,3281.6900,2925.4700,2174.4400,1717.8300,1276.6200,1044.7500,928.8920,676.6230,539.9240,411.8660,291.0210,187.4130,183.9770,206.1770,180.2540,106.4000,37.2455,32.3773,76.4179,140.7700,210.3370,221.3550,181.7800,147.2540,113.0370,72.6728,70.5227,71.3626,69.0730,127.9190,185.4180,236.2220,276.5310,387.9650,473.8970,430.7400,353.8930,266.5840,166.1750,119.5040,144.6950,172.1040,169.7900,154.7760,108.1230,94.7089,64.9789,172.5320,204.2470,187.7300,181.7580,166.4000,167.7000,145.5960,106.8070,75.0293,77.1312,96.8991,62.6698,30.1271,60.1337,72.4638,58.3385,55.4669,55.2881,70.1488,85.4286,101.5660,113.1900,140.3280,149.7570,119.4700,136.7040,111.9430,85.5371,70.6195,48.1954,62.7768,105.8380,186.6910,319.5680,438.7670,459.0080,460.4020,405.2240,230.6830,89.9551,83.7790,115.8800,86.2047,61.0622,56.4807,68.1051,70.7538,90.9947,98.3346,90.4961,71.5181,55.1607,32.5640,29.4486,70.0474,90.7029,106.3910,100.3080,71.3725,46.4656,25.6043,14.3133,11.8297,17.0591,22.6040,29.4199,21.4321,35.8489,63.1405,69.0813,78.2843,99.9187,129.8970,103.5710,95.2926,93.0076,81.3268,67.8851,64.7789,69.9221,67.7209,21.1040,26.3965,46.5592,60.7548,60.3762,47.4905,49.8721,26.1335,51.3759,56.6740,56.9501,65.3469,71.1230,85.4228,91.5253,107.3690,114.5670,95.1426,71.4581,69.7033,83.9126,81.5948,66.5201,74.6672,144.8050,235.3660,305.1810,383.2980,387.0390,280.1820,196.8980,149.4230,139.9850,129.0490,115.6570,106.6860,97.1110,120.8610,110.7860,89.5636,71.2999,57.4630,31.6539,51.2103,88.6717,127.7710,133.4810,132.7530,69.8108,56.1364,119.7500,143.6020,106.1730,76.9527,35.0277,54.9612,98.8993,120.7690,139.5520,143.1820,147.5470,147.7800,142.2260,138.1490,138.8510,135.9140,135.9270,108.2500,104.0210,137.8800,153.4810,142.2000,108.8320,34.9656,29.3741,54.2097,53.1066,52.2315,100.7730,165.0530,215.3750,206.8940,153.3820,86.7557,41.3477,62.9642,111.5980,136.9780,114.2990,82.3803,32.5543,50.1378,119.4020,196.2130,211.2260,208.1850,173.1770,134.3910,114.3730,123.8740,153.7420,178.4660,178.3840,182.2000,182.2690,159.9670,114.1250,75.0012,83.6920,112.0990,149.6210,159.2960,113.4120,62.9583,27.5800,15.6813,45.6358,99.0477,123.9240,134.2500,149.0570,169.5530,182.9340,183.4160,165.4950,130.7100,112.9530,97.0724,113.1700,148.5370,142.6170,170.8380,190.4580,174.4000,139.2720,115.0160,100.6100,120.8680,142.9980,181.5380,219.4470,246.3610,234.5870,185.7030,145.5590,117.4860,131.8490,157.9070,161.7950,208.2290
85857.9000,64532.5000,33565.4000,34155.9000,43877.0000,34778.7000,24570.3000,21174.9000,20062.2000,16551.2000,13590.7000,10830.9000,9673.3100,8533.1400,6930.3000,6930.1800,6212.8700,4597.0100,3964.1800,3630.6000,3360.6900,3645.9200,3387.5200,3021.8400,2284.8100,1842.2000,1393.4500,1163.8400,1048.5300,798.1490,641.2870,476.6880,351.9050,215.4640,190.3360,206.3700,179.2610,132.6140,90.4318,88.5411,103.0990,123.0850,150.9830,156.6310,110.1420,71.0120,49.5123,25.9292,65.5884,50.2818,74.3030,154.9600,181.6380,195.7200,245.6180,356.2140,436.2170,393.0390,320.5460,249.6950,143.4040,91.8016,100.6330,120.9680,133.4360,131.9120,99.8178,97.7326,65.8738,129.1290,161.9420,158.6660,165.0900,163.7970,164.3400,142.4480,111.9730,82.2134,80.9798,89.3483,68.6243,46.1812,71.9014,74.2704,61.4451,74.3723,71.0638,74.7641,79.8550,89.5803,90.7206,113.5650,133.3330,101.3320,119.8730,101.4410,93.8183,85.4683,40.5174,54.4091,114.3960,202.6340,333.7320,444.7620,465.0430,468.9030,415.9400,241.8320,100.2670,77.5161,100.9760,80.4420,61.8428,67.4758,84.2142,89.2528,99.5075,92.2216,100.9910,77.4819,49.7764,34.8129,49.4232,83.2580,96.4808,104.4360,88.3849,70.1395,40.8095,18.3305,8.7351,8.8441,19.2728,23.8526,14.1160,30.8485,54.3047,50.5258,65.7831,81.3066,111.7900,109.9080,90.1419,87.7239,102.8460,87.9380,76.4169,75.0909,85.5715,71.4279,16.9905,27.8951,64.7950,79.5130,65.6984,43.3028,28.8965,11.9517,46.2316,62.7184,70.7070,73.5370,78.2456,79.7448,88.3267,109.8640,105.8610,97.9430,91.9191,73.4494,74.3035,80.7931,62.0778,72.5504,166.6290,256.4580,322.1490,389.2700,390.2610,292.7490,201.1750,141.5110,121.4540,108.4520,87.6129,85.7035,90.9655,132.0990,112.5820,75.2802,57.5534,48.7213,38.3460,61.7100,93.7998,126.1430,139.5120,143.4360,62.9763,47.0326,117.9670,127.6230,97.9287,70.9107,22.2987,57.4052,92.0377,134.4330,135.3860,127.9270,134.4430,147.1060,154.3220,146.5460,143.8750,140.6520,137.8680,113.0020,117.8340,146.1800,153.6080,140.1530,102.7720,38.5049,36.1897,47.0190,28.9303,41.4671,106.3940,176.1970,240.9140,212.5650,139.6830,73.5419,40.8954,73.1735,135.0390,141.7130,110.1420,64.5079,19.4318,25.9257,107.6130,206.2350,218.7630,214.4440,180.4970,158.7170,126.8110,126.6540,160.4440,172.7060,181.8020,194.2960,181.0170,156.9580,124.2330,87.4376,87.0858,119.6750,158.8660,152.8700,115.6200,80.4316,45.7444,17.6711,31.5140,71.2681,106.8410,125.2420,150.1050,170.3310,188.4620,183.9200,165.4780,129.3690,102.6380,84.2848,104.2010,152.9490,140.8630,172.4100,186.0240,160.8730,124.9090,109.9790,119.3490,131.1860,139.7520,183.2190,227.8850,245.9270,229.7110,188.5910,153.2510,132.1840,140.7620,165.3180,179.5960,220.6590
86349.7000,64656.0000,33778.9000,34797.5000,44729.9000,35471.4000,25021.8000,21580.5000,20433.4000,16851.6000,13765.9000,10994.9000,9788.5600,8612.7200,7028.0400,6963.5100,6219.5600,4626.9300,3928.5700,3545.8800,3268.1900,3563.7000,3322.2500,2963.3100,2234.8500,1764.2100,1312.2400,1098.9000,977.7400,717.1330,579.2760,433.4480,318.1170,165.8020,156.2310,188.0670,152.9150,78.4965,31.3677,63.7676,116.0380,167.4830,224.2400,228.8380,182.5360,141.9690,98.7927,72.5448,104.7280,104.5770,115.5270,187.7470,234.1440,271.8040,320.7000,436.3510,517.1400,474.5410,376.4290,266.6850,137.7720,98.6390,134.8780,149.3730,154.8600,141.9010,91.7445,91.8015,73.2714,151.3420,167.0300,147.8710,146.0550,152.0130,166.7240,140.6450,106.2460,77.0552,78.6112,96.5174,70.1671,25.8668,44.8762,73.1546,59.1731,53.3242,64.0908,76.6939,76.8693,85.3415,95.4303,132.7930,146.4620,118.3670,139.0990,112.7310,89.4644,69.2857,43.3778,63.7336,115.5540,204.8800,329.7680,420.0830,439.3570,442.7450,398.5410,224.7360,88.1613,80.1514,101.7660,75.3796,53.9184,55.0123,70.7105,73.7752,93.0677,93.3711,84.9789,62.3956,51.4202,44.0566,44.6840,69.3087,83.8384,96.3365,81.8652,69.6541,50.5181,29.1728,12.5743,16.0536,22.7215,41.0509,27.5913,26.4208,48.9443,55.9896,65.8755,78.0249,96.4559,104.2780,99.1207,98.0149,106.4090,69.1175,62.9794,65.7263,84.7665,60.5846,29.8170,25.7234,53.3132,59.4795,73.7084,56.9703,56.9330,18.9641,41.1417,45.2961,67.6609,79.2938,78.9488,63.1118,73.9860,110.9770,122.3640,88.3138,68.6551,65.9920,66.9392,66.7523,52.6530,71.1553,157.2310,245.7260,307.8590,374.3310,365.2220,258.2930,171.5340,118.3420,107.1630,94.6967,79.5372,88.7501,94.8127,138.8730,127.1050,92.2577,71.8521,54.2811,44.8294,57.5534,106.5620,128.0890,133.9900,125.3580,69.7174,50.2949,96.0261,131.5010,108.3410,93.0362,18.0262,41.4821,90.8794,111.3340,124.1210,134.6930,148.4410,162.4960,169.0970,153.4300,147.2670,142.3560,143.8980,112.9900,103.6100,144.7580,153.6320,134.4920,96.5686,26.1433,18.7060,29.8001,33.2766,72.3761,127.6390,185.3680,232.2840,194.3910,125.2070,61.6567,37.4729,78.1126,152.0010,157.3340,126.5500,84.5332,39.1697,50.8183,111.5130,178.7500,212.2100,214.3000,182.4710,130.7820,121.2120,134.6980,144.4440,158.3860,174.4390,181.7520,170.1820,145.7120,109.8690,79.5158,92.7477,124.9200,161.5660,155.5340,117.2990,76.1741,44.8550,21.6862,64.4430,91.3398,109.1660,127.2270,147.4870,160.4130,158.4290,159.8200,157.7030,131.7670,107.7260,84.4930,94.1654,131.8540,143.0230,166.0200,201.2420,183.4530,140.9130,115.3070,113.2940,131.5200,144.8640,185.0220,231.4750,252.7700,229.8280,175.8240,138.8390,120.5930,137.6050,160.3570,167.4690,205.6040
86390.4000,64826.2000,34062.8000,35296.5000,44885.7000,35362.3000,25036.1000,21611.5000,20320.4000,16725.5000,13777.0000,11026.9000,9783.9700,8675.9100,7068.0100,6986.6400,6285.5100,4671.9000,3949.3600,3563.4300,3273.6200,3557.0800,3287.2100,2928.3100,2181.3100,1737.0700,1297.6700,1069.1200,961.2000,700.4500,557.5860,437.1780,316.3680,218.3390,220.4810,222.7840,166.4550,91.4881,48.5894,35.8723,65.2553,136.5550,214.7500,231.7530,196.5500,166.0450,123.2290,84.7540,61.5064,67.3579,46.9415,86.8398,151.2890,206.2810,250.2310,362.9770,458.2900,428.9920,357.0710,280.4440,159.8380,112.9900,129.7180,147.3760,149.7440,159.5050,129.7450,108.9570,60.8485,147.4160,184.5540,181.5030,184.6310,177.0650,174.6820,149.7130,112.0890,83.9693,86.3476,98.0409,68.0517,39.6358,57.4801,64.8484,59.4901,60.7361,60.7609,72.3971,76.7045,86.0583,88.4906,116.7610,129.6650,114.6190,131.6900,114.3850,99.7881,95.0548,65.7035,74.0893,111.6210,192.4760,334.2960,437.3240,448.9000,449.3290,405.7060,240.1290,91.1780,72.5703,106.0340,81.3531,66.0229,66.9286,78.1386,72.9300,83.3901,89.9019,95.0090,65.7847,47.5709,47.6189,47.5785,74.1355,97.1458,123.2850,103.2020,76.4088,55.5497,30.5041,7.8879,17.6622,10.3579,15.7485,19.5927,25.2915,47.6829,51.2243,59.8770,74.2363,108.0260,126.6300,99.1324,90.3169,89.8486,68.7253,61.6639,68.2118,84.3520,73.4135,18.4279,14.4334,39.6985,53.4124,62.6156,41.4464,39.1680,24.0934,51.9574,72.7923,78.7566,69.9282,65.9115,72.5271,95.1985,117.2390,108.9520,95.1485,87.1485,66.5416,70.4006,80.9887,69.2341,78.3799,141.5440,222.6960,287.7810,361.5720,355.8610,252.3270,185.2240,137.8220,119.1790,95.8442,82.8688,81.8350,86.7567,114.4140,108.0970,77.3703,55.8221,34.0325,29.6220,42.0088,88.5238,121.7760,139.2650,150.2290,90.6574,52.8575,107.6130,125.5570,105.3440,71.6718,17.4458,33.7465,75.2318,127.4360,152.4980,145.1410,152.1680,159.9950,172.8060,159.8970,151.3290,149.6310,155.0340,120.8650,100.7190,145.2190,149.8900,127.0930,83.1709,24.4251,15.2204,25.4860,47.5236,99.4345,153.1130,203.9920,240.1890,217.4850,144.1310,72.7846,27.8419,64.3089,141.7990,157.3100,125.2840,76.2157,28.3343,49.5897,128.4530,204.8610,215.9370,212.5680,178.6010,144.9170,126.4110,127.7210,143.5020,160.5670,170.4650,175.5190,169.3690,146.9110,103.4750,77.0254,99.4484,132.1140,160.8310,166.3890,128.5100,83.2531,42.6876,16.3082,30.4879,69.7038,102.0530,116.3610,133.4460,148.9970,177.5470,197.7040,170.3210,130.9650,106.2070,89.7916,99.1739,139.8070,146.8900,175.5750,195.7780,169.4860,134.2980,113.2230,121.7480,142.0600,155.8690,197.1680,238.0990,252.2410,233.4690,194.1200,155.4410,135.6440,145.9720,166.2010,184.2910,224.4990
86038.9000,64713.6000,33641.6000,34258.9000,43990.1000,34857.9000,24656.9000,21196.0000,20043.2000,16567.7000,13632.5000,10805.4000,9662.9600,8598.9300,6937.9700,6903.5000,6247.5500,4632.5600,3960.8000,3594.9800,3302.0600,3600.5300,3354.2300,3007.6400,2284.4500,1839.0800,1375.0700,1141.4500,1014.1000,751.0740,592.2720,434.3570,338.2720,193.6870,154.6460,178.9100,157.9240,83.0667,73.5506,86.1082,121.1320,158.0020,197.3420,204.2480,152.8590,90.5560,47.1588,52.6378,88.2945,98.1522,116.6840,174.2780,219.1930,241.3990,290.2470,386.1650,470.8230,415.6230,316.5950,227.7920,112.9330,67.6031,89.3740,115.3340,122.9360,136.7880,116.2340,133.5580,76.1561,141.1990,150.5380,150.4330,168.0940,173.4730,162.9930,145.4780,119.2110,88.7424,85.5825,99.7175,83.3945,54.3459,74.1769,81.9039,66.5969,62.1914,65.1029,76.2876,77.4668,89.0755,101.3740,135.5160,140.5710,116.8750,135.7480,116.9240,102.4850,89.0379,47.4971,58.2034,107.3800,194.2250,337.8700,444.2710,454.0900,450.5940,394.2000,216.9770,80.8642,82.4602,109.0810,83.9994,60.9699,60.1413,68.2802,72.8701,98.3714,104.3700,92.8466,76.2849,57.6599,34.0563,36.5428,74.2438,94.7168,111.9800,101.6200,75.3120,54.7092,36.1717,24.2411,8.9854,11.0458,15.3135,24.5244,42.7579,54.5702,45.8860,47.5127,64.8347,101.8560,124.1780,97.8298,89.7837,85.5157,70.9636,71.5041,72.2107,80.7316,57.3523,15.8287,17.1753,44.0051,57.4814,52.1784,43.8024,48.9464,37.1989,64.0004,74.3281,70.3175,68.2550,65.7110,71.4591,89.7402,116.0600,119.3800,95.9911,72.4374,56.7728,58.8980,68.0299,63.6287,71.6650,139.1170,226.4930,290.7120,358.7150,355.2910,253.8990,173.0970,129.6170,119.2330,108.9640,92.4493,90.8831,97.1935,131.1420,112.0810,94.3005,78.8684,63.4676,30.9531,39.1803,76.2924,121.8880,144.5870,160.4420,106.4350,48.5201,80.8523,122.7000,104.6890,84.4927,15.2714,42.8325,91.4885,131.1180,149.8820,146.1650,152.5160,158.6980,170.3550,157.6560,146.5610,142.8790,148.4800,117.1560,88.5406,129.6680,148.2580,128.1480,89.4768,14.5861,27.4613,32.2951,50.6404,101.6780,153.4140,201.0020,248.4470,220.9780,140.8730,73.6046,33.0333,56.0529,145.7030,159.2890,128.7300,82.0460,31.2277,41.4458,109.4770,187.0140,207.4870,207.1970,174.9490,140.4800,121.8710,123.8600,142.7620,155.2120,158.4190,174.3600,182.4680,156.9810,110.1340,76.7269,90.7653,116.5790,141.1280,139.7140,101.7950,65.2559,37.2249,15.8611,28.8827,65.0827,85.7444,115.2460,144.3440,168.6910,171.8300,167.1380,158.7250,134.3180,115.0020,95.2044,98.2211,143.6630,152.9510,180.3880,194.3150,178.3600,150.7150,121.2620,115.1390,138.2170,153.4310,169.5890,203.7120,242.3080,225.7170,185.7600,151.6540,127.4360,132.3670,156.4570,169.7050,204.6540
86550.1000,64871.4000,33877.7000,34727.0000,44654.7000,35460.9000,25027.5000,21627.4000,20514.7000,16920.6000,13847.5000,11081.9000,9895.8400,8712.9100,7121.9600,7084.7600,6330.0400,4718.2400,4038.7000,3645.4400,3322.2000,3606.7200,3339.6400,3002.1600,2284.0000,1814.3100,1349.7100,1116.9300,982.0270,723.0100,577.2650,421.8540,304.5460,156.7980,146.0190,173.0130,139.1470,68.8871,54.5165,80.6739,131.1110,177.1320,225.7150,215.9330,175.1310,142.6880,88.9088,69.5020,117.1030,116.6670,113.4940,157.2260,211.4950,251.2750,309.9140,420.4630,521.9790,484.7080,376.8060,268.6700,123.3770,94.2555,136.4650,156.1780,142.4760,140.5420,120.1220,104.3250,61.8597,130.5480,168.9460,175.1580,195.5410,191.7550,195.8390,166.1340,124.4810,92.9011,108.8450,131.4590,83.9207,36.4012,57.9646,73.5622,63.5847,63.9432,66.0616,79.4717,85.8217,98.6487,104.4990,133.3400,145.8710,115.1480,130.0930,101.5410,87.7174,72.7690,38.9935,61.0538,112.8560,194.8620,332.4400,438.3990,454.9640,458.1230,410.9700,232.0470,92.3945,90.0047,102.5250,85.1157,79.6399,88.5471,85.4458,79.9023,83.3993,86.8510,88.2443,69.1743,54.8158,33.3986,28.4626,72.3301,90.9087,105.3720,98.7189,81.7186,49.8480,23.2844,6.2639,4.7275,9.6833,28.9493,39.9970,36.6615,40.1932,46.5124,59.8468,75.4268,107.7860,136.3870,107.5070,96.4913,86.2291,73.2716,62.4090,58.7142,64.7757,73.1694,24.0347,36.7785,54.4556,60.4201,51.8546,38.6425,43.4749,22.4316,48.6887,50.6821,70.5959,76.4008,76.5965,80.2817,104.0310,123.9130,107.0170,84.6078,65.2565,54.6501,51.4559,55.3356,59.6458,70.6108,134.6690,240.1150,309.6740,385.1240,370.1930,271.4710,188.2030,131.6150,115.4390,106.4540,99.1966,92.1838,94.3127,121.2140,104.7070,86.8253,72.4141,61.0755,35.9841,51.8722,98.4872,147.5970,166.7520,170.0230,98.5580,65.1989,98.3368,123.4700,110.5900,94.8677,15.8074,49.2248,96.4782,131.0130,150.4830,161.5870,167.3950,170.0280,160.8490,155.9230,157.6790,154.3650,155.9810,121.8290,107.4460,139.2190,146.7790,139.5060,104.0600,30.1164,11.9403,13.8572,31.5400,97.9771,149.2480,203.9960,236.1720,197.8530,125.2880,55.6534,24.8523,75.0724,137.8440,155.8930,121.4080,79.9602,38.4042,51.4054,131.3820,198.1620,220.2550,226.4550,201.8690,160.3260,126.9430,121.2750,139.8590,160.0840,174.9370,182.7600,164.5630,138.3870,99.1335,77.6261,99.0361,134.6490,171.5220,170.3120,125.9950,76.2227,35.3878,16.4922,59.4316,86.7806,107.7830,123.7420,145.0790,160.3580,173.4540,175.2830,149.6200,118.3420,100.7060,86.3954,99.4446,150.2810,144.2360,177.2480,183.5870,176.6910,139.4280,107.7340,115.7410,151.4010,162.5640,193.1310,229.7210,243.6870,231.9540,197.1180,154.0840,128.3850,143.2930,167.7300,186.7000,234.4190
86701.2000,65059.7000,34215.0000,35410.6000,45110.5000,35612.9000,25215.0000,21740.8000,20458.8000,16866.2000,13845.5000,11091.4000,9851.9600,8728.2700,7127.2400,7005.8200,6268.4900,4678.0000,3932.6100,3507.6600,3213.8100,3504.9800,3242.5000,2930.6000,2211.6200,1745.4500,1273.2000,1028.5100,939.6310,702.8470,553.4720,419.6740,297.7050,190.5310,183.4830,208.5680,167.3420,87.4865,45.9404,55.7238,86.2331,145.7200,225.6200,253.0880,208.6010,166.6360,123.8610,83.1263,80.8855,81.2518,64.9176,104.3310,165.5820,233.5440,290.9890,404.0060,512.7570,502.4140,419.8690,331.5280,189.9970,124.0420,134.5760,170.8840,173.1580,171.1620,147.2100,108.3060,57.6826,139.0690,176.6090,177.8300,190.4170,198.6550,202.2480,162.9140,120.9370,94.9024,101.5090,112.5410,70.0018,39.0883,62.3881,74.7102,67.8861,62.2140,64.8246,75.9556,84.5491,91.9657,103.8300,128.5170,126.8190,98.4209,128.5670,127.7560,115.2970,96.6824,52.3106,72.0753,106.6650,177.7860,315.0170,436.8950,462.6540,466.6080,408.8100,240.1290,103.8020,85.2540,116.4710,92.9308,65.5948,54.2392,66.9355,59.5091,82.8233,82.4183,74.2007,57.4642,64.0235,60.0967,42.1268,66.5076,90.3611,106.1000,88.6469,82.0330,56.1942,31.7758,12.5224,15.8276,28.3060,39.5238,40.3903,31.0321,29.1665,45.4019,63.4229,77.2838,99.4810,120.2000,105.0610,101.1320,108.9210,83.4759,67.1555,64.3235,74.5282,66.5032,18.6388,17.6702,47.2189,62.2779,65.9036,54.1006,55.8564,27.4150,57.3979,59.6423,65.2575,73.9200,76.6056,80.4613,93.3683,123.3060,130.8320,91.0793,54.2954,57.4450,62.0810,58.7262,65.1384,73.4143,132.1240,233.8050,300.0650,367.8280,355.0610,261.5260,185.2950,135.5720,119.8760,100.5820,71.4652,78.1337,92.4302,136.2360,121.6390,87.8270,64.9994,43.5750,29.2029,35.5924,94.8536,137.1630,152.2820,150.3950,91.7515,64.7473,105.0400,129.4110,113.0550,98.5021,19.5418,61.4450,93.0902,153.8360,167.1570,164.9360,173.9870,186.6350,187.4500,163.4320,156.1930,152.1160,158.3100,138.9990,125.7680,137.2890,137.0830,126.4310,102.3930,45.8211,16.5873,21.5367,39.3077,97.9097,134.1710,172.9160,209.9550,202.7910,130.7520,59.8105,26.2007,75.5139,136.4060,154.2630,111.8050,67.4382,16.9165,55.8705,124.7620,189.2830,210.8920,215.9190,189.2540,148.5320,127.8630,144.6930,164.0570,161.6780,171.1120,197.5490,194.0950,165.7430,121.0470,89.1277,104.4250,138.4510,160.6830,149.7320,120.5840,74.9708,37.3797,15.1251,35.7226,88.9887,123.6290,129.3790,133.4320,152.7300,178.2630,180.0530,169.8370,144.9330,124.4170,103.3860,108.8550,147.9110,144.2850,172.9670,180.9850,173.4290,147.8480,114.1090,104.1870,144.6320,169.2250,177.3220,205.0640,250.0190,236.2070,186.8760,148.7740,130.0000,141.4220,160.6650,167.9110,218.7820
86227.7000,64866.2000,33809.6000,34487.3000,44101.4000,34890.2000,24731.6000,21247.0000,20034.9000,16569.7000,13692.6000,10872.0000,9673.5100,8614.5000,6988.4300,6936.5500,6241.7100,4621.5600,3903.4900,3491.4800,3174.4900,3483.3100,3253.3700,2923.5500,2224.4200,1770.0000,1288.4400,1043.3200,918.7330,672.0950,547.7250,400.5600,278.9480,165.1530,161.5180,179.9370,145.7900,55.8332,32.3366,70.5639,119.7650,182.0690,243.3760,250.9630,225.7560,177.0840,122.6250,87.7230,117.1330,131.2150,122.8740,157.6630,204.5030,265.5460,329.6590,452.2690,544.7310,507.8260,410.9810,300.0800,158.9120,119.4640,158.5750,174.6660,172.7790,152.1960,106.3470,83.6660,60.6582,142.2030,181.6410,169.6790,173.2060,180.9440,202.3090,163.9540,124.3380,96.6036,101.0920,103.4120,60.1264,26.6483,46.4094,62.8899,53.1874,55.4853,69.1852,77.3994,75.4419,77.3975,79.4921,104.0170,117.7010,93.9474,128.8010,111.4230,105.8730,79.4296,43.7821,73.2287,110.3830,177.5190,327.6760,450.1870,456.7280,450.5400,386.3820,223.8590,97.6787,100.4710,115.2420,82.2334,61.7798,63.7087,74.4157,78.9134,87.3860,83.8087,95.2813,80.2605,54.1235,34.1801,49.8299,82.4912,99.2198,114.8050,111.5990,89.0324,51.3785,22.8496,9.8122,11.4914,17.3029,43.7781,29.6108,27.9213,51.1818,48.8131,47.0337,62.5486,97.0936,124.9360,102.7130,94.0517,86.4152,62.4535,57.4217,63.6840,71.4095,68.9186,14.9162,25.4088,60.8601,67.3968,61.4613,43.3703,45.2406,26.2878,59.8281,57.0852,70.1209,74.9930,77.6990,64.5328,80.6023,117.9750,126.5920,90.9765,57.0246,45.7950,47.8375,57.9741,64.0676,79.0903,152.7060,244.1600,303.4550,360.9750,349.2660,258.3690,177.9410,126.4260,116.8430,107.9330,87.9707,78.7271,90.2146,129.4590,133.2950,95.5576,69.4813,38.9834,27.7991,49.1110,91.1164,116.2450,130.8690,136.8610,88.6676,63.0702,116.0430,134.1060,105.7900,72.7721,20.0713,61.7342,101.5130,149.2960,151.0550,147.8560,157.0080,173.0360,171.0570,150.0800,142.0260,134.9670,133.5770,113.8200,107.2080,138.0790,150.4620,136.0150,104.0250,35.7073,15.2750,16.9809,28.8138,67.0100,113.6040,161.5280,216.0920,206.2340,129.9200,57.7841,23.2854,77.3561,139.4400,163.3730,123.0400,77.0409,22.5954,42.8872,112.4820,182.7290,208.8380,217.2650,194.3340,151.2040,115.3190,132.8270,168.8370,183.8780,182.6970,181.9990,177.4600,160.6390,120.3700,77.5048,92.0674,127.4850,147.0990,147.9170,117.4220,71.1195,27.0678,10.9701,38.3712,84.0252,116.4770,132.0800,145.3780,157.5990,168.7560,188.2010,171.8710,134.2890,106.3300,90.4147,108.9590,152.6560,145.9610,183.7850,189.2570,171.3100,154.0220,133.5980,121.3580,134.6640,157.7030,198.3830,232.2820,253.5340,243.4690,196.1890,155.5740,130.6670,146.7060,172.5150,179.9470,238.7040
86563.8000,64929.4000,33886.1000,34556.2000,44454.8000,35352.9000,24989.4000,21564.5000,20437.0000,16873.8000,13817.8000,11062.6000,9850.3400,8649.2300,7073.2100,7051.8900,6299.3300,4690.7700,3985.2300,3551.1200,3222.2800,3518.8400,3269.9700,2967.2600,2261.9300,1777.1600,1294.5100,1065.1200,943.8170,690.6220,541.5930,385.7360,282.9400,150.5260,141.0700,162.7120,122.1050,51.1586,35.6588,63.7082,118.3730,167.5230,222.1270,207.8260,156.6480,132.2730,88.3706,75.4224,119.6730,117.3490,113.0210,164.7990,233.7920,276.9250,333.7650,431.5130,521.5740,489.6810,376.4760,259.4240,110.2900,95.1502,143.0520,155.0730,146.2540,147.4010,119.3390,107.2620,64.8300,144.5040,184.6110,185.5440,197.2170,191.6540,191.9060,179.7760,142.9680,105.5090,98.0264,114.1230,85.0662,32.1016,49.0907,74.9927,71.9303,69.6230,67.4534,77.8554,79.0698,84.0455,86.3343,113.1550,128.7470,113.9360,146.0000,127.7480,108.6060,89.3267,63.9263,76.5120,110.9180,196.4290,337.4860,433.7050,447.6780,447.4700,398.3190,219.6400,85.7316,97.0561,113.9700,83.8346,65.5597,66.1922,66.2865,74.8716,83.6799,84.7245,84.4258,66.9245,44.7733,29.1892,35.6476,68.0484,87.8779,111.0190,112.2610,87.1226,57.0632,33.4189,17.7136,10.7842,24.2168,32.4428,30.7901,21.4720,20.1399,39.5195,52.4290,67.3073,90.2074,121.5830,107.8250,102.1200,97.2589,73.5784,62.3324,57.6479,61.5306,44.7495,14.3634,26.0761,49.9089,61.1529,56.4367,35.8746,19.8376,9.3199,31.7745,56.1790,69.7161,70.5964,67.5855,74.5889,102.1830,136.1200,136.6960,91.8989,64.8791,62.1186,51.7996,48.3121,50.4364,63.7874,140.1580,236.8960,295.7800,359.6090,356.7180,268.8150,179.7300,120.9800,98.3905,87.2634,80.4009,79.0209,90.5387,123.6210,111.4980,84.6792,61.6180,33.8301,12.4996,37.9882,87.9484,130.9630,152.5700,161.9220,98.1256,58.8336,114.6200,134.5070,115.2390,90.5262,19.3056,65.1314,105.2190,152.2840,141.0880,139.6680,144.1360,145.9930,126.9440,126.4550,135.0030,127.4580,123.6760,92.6928,91.2974,137.4800,147.5640,129.3710,92.3424,22.1873,30.7708,46.2974,36.5927,51.3715,103.1830,152.5520,197.2720,193.8070,129.5070,76.4172,53.1213,94.6102,154.6360,163.0600,116.3370,68.8214,19.1216,43.4067,115.1290,195.4050,220.8260,221.3900,190.8500,157.4530,131.5860,142.2560,174.2100,186.2210,178.3700,195.0630,203.4410,174.9400,126.3930,90.0966,93.5573,120.8750,161.4950,165.4100,120.3870,80.6739,49.0909,34.1987,46.3671,93.9453,118.2910,132.3810,153.5400,170.7110,180.9520,191.2730,182.0120,148.9190,114.3940,87.5722,96.3903,147.5600,151.1540,176.2380,191.7040,169.2630,137.3900,114.3620,111.1670,133.4620,154.1750,195.1100,224.0100,235.0950,233.3120,206.7380,162.1660,118.1810,131.6760,165.4800,191.2220,233.4990
86748.8000,64971.1000,34139.4000,35340.2000,45086.3000,35611.3000,25220.3000,21715.2000,20446.0000,16895.6000,13785.2000,10992.6000,9739.8600,8618.8000,7047.0500,6931.9000,6197.9100,4609.6300,3812.6500,3357.9600,3061.9500,3351.8600,3137.9800,2862.0000,2201.5800,1741.2400,1277.4200,1054.5800,940.7480,699.0400,570.9950,426.0140,309.4560,198.7660,199.6760,216.6370,173.5940,99.2239,46.6696,40.1163,75.3078,141.8550,214.8190,243.0120,213.0080,172.4790,116.4970,65.2598,77.3988,90.0701,77.4046,120.6580,177.2900,237.8970,278.0580,392.4200,509.0760,499.4950,409.2840,308.3540,145.8270,107.5490,153.0050,184.8130,194.5490,178.3500,128.8790,81.5338,31.9034,132.7760,178.7300,182.3040,193.6850,199.2780,210.1260,179.5650,136.0430,101.9920,104.9690,126.6590,95.1489,37.3737,44.7928,69.6046,57.7909,60.4678,74.5951,88.2281,92.3665,100.1590,96.5016,117.5480,138.4530,104.1410,116.5360,87.5503,73.0698,62.0872,45.0529,70.6058,124.6380,208.5180,343.9480,445.8460,454.4370,448.2500,389.7950,210.5220,81.2083,98.5739,118.3330,80.7087,55.7807,49.0891,59.3358,69.7919,86.3638,86.9431,84.9967,71.8848,55.5943,34.2412,29.6585,80.8196,103.8450,119.8570,93.7137,73.4842,52.1228,36.0637,14.0107,10.4439,10.5648,26.2434,35.9627,26.5085,27.2380,33.5459,53.1097,76.8291,101.0240,120.8720,89.5670,81.9862,76.5019,62.1181,60.0728,62.3164,71.7721,58.4083,16.1577,21.8516,49.8225,56.5043,75.9105,57.0271,49.2369,16.2099,30.6731,30.2961,51.2902,56.2076,55.8079,61.8574,87.8323,107.0860,94.7742,71.7017,58.8963,67.4106,59.9177,44.9528,53.9004,79.8155,137.5200,236.0420,297.8540,370.0390,362.2750,266.8410,177.4020,119.7520,101.8240,91.2284,73.5638,75.1085,89.7882,129.9730,115.2860,86.1682,64.4382,46.2873,13.5196,53.7282,79.3123,124.6300,151.3680,169.9820,105.0410,61.1286,104.6160,123.6540,103.0650,77.1367,11.5062,54.1508,92.9753,135.3560,143.5150,141.5120,143.9290,147.1020,149.0810,140.6180,131.3360,124.3730,128.3810,112.5640,104.2110,141.6730,151.4130,139.7070,101.4360,21.7729,20.5089,31.1830,45.4011,83.3059,137.5300,189.9650,226.5540,206.3110,143.2880,79.5332,53.3821,93.7752,156.2850,175.1430,126.8900,78.1388,14.6534,62.9055,128.1620,203.9800,226.0560,225.8280,190.1290,144.8170,122.0970,141.9570,182.5170,204.9490,184.7740,188.7120,203.6090,177.5060,124.5770,91.8106,105.3900,132.9930,151.2880,141.1030,105.0160,69.3385,37.0187,12.2154,43.0698,75.9494,107.3210,123.4880,145.0650,165.5760,186.9240,186.7230,166.2400,136.2410,114.5070,97.5050,107.8060,149.5640,143.4070,175.9170,177.1780,165.0400,136.6220,110.9050,117.4240,150.9030,167.2910,193.9130,230.6780,244.2640,227.8890,186.7520,145.0470,118.8270,138.5890,163.6560,179.8590,224.3900
86262.1000,64867.1000,33838.9000,34610.4000,44211.8000,34932.2000,24790.9000,21311.0000,20062.6000,16603.8000,13662.1000,10825.3000,9605.3700,8575.0200,6975.5600,6894.4800,6208.6600,4605.9500,3845.5000,3397.0700,3086.4600,3395.4000,3184.1500,2884.8800,2198.7700,1741.0000,1277.0800,1053.0600,923.1060,673.0510,533.7250,389.6300,278.5630,143.1500,150.8710,178.0920,130.7720,44.0393,37.7484,69.4775,117.1320,175.6670,247.3080,251.0460,199.8600,164.3050,128.3390,94.3155,99.1525,113.4580,116.1540,171.1880,230.7060,286.8520,330.2540,449.8790,562.6420,511.1650,392.6180,268.6050,121.2500,109.5790,163.5600,188.5790,153.0070,112.3160,79.7321,61.9005,52.1139,128.4050,165.3810,157.2730,163.4540,166.9300,185.1690,167.4540,134.2060,104.7580,103.5050,118.4780,95.4069,46.5984,49.1830,81.7822,80.4150,61.7916,54.9877,71.0559,79.2075,88.0188,90.4655,122.9030,138.6120,108.9440,122.3740,91.7571,77.7585,63.0833,43.2766,66.9720,112.8840,188.0270,318.2650,414.9640,424.9270,420.7290,368.2950,193.4740,78.9464,105.6630,115.5670,78.7061,54.4206,49.0976,56.5416,62.1472,80.3290,85.9245,94.2692,80.8555,53.6709,26.2660,41.6119,67.9005,82.5257,97.6027,95.7109,73.6633,48.0614,31.3204,15.7214,20.8985,14.4146,14.3814,20.9393,21.8172,36.3795,57.0332,62.4836,65.2189,75.0203,96.6930,86.1133,79.2936,90.9401,72.4131,63.5120,68.1008,83.3556,83.2334,28.3275,18.5875,52.0405,58.9164,60.2979,49.1000,40.4460,14.0364,30.1358,44.1626,49.4629,48.9969,48.1826,62.7808,96.0809,127.5350,124.4220,87.2748,66.6611,56.1447,49.8917,58.3580,51.9176,71.5511,153.9130,237.5630,291.8700,357.0080,353.6090,246.3400,170.5330,130.2470,114.5010,97.9982,83.9239,85.3625,101.6440,137.7100,133.8940,100.0950,71.7425,45.0398,20.5683,51.6175,92.6511,126.3690,143.3740,146.0190,85.9224,57.0895,102.7950,128.4170,100.4200,79.8736,12.5087,56.0386,101.6220,140.6080,137.3190,144.5930,159.9040,176.3860,159.0790,135.1540,146.2090,144.1160,148.9910,115.3240,101.3160,133.9210,140.7400,121.9780,89.3000,21.9408,22.8535,28.9004,50.3957,99.8397,145.3380,182.6610,211.9090,207.0810,130.4600,61.9163,31.5398,97.3952,164.0500,177.8220,124.8580,67.6664,20.7200,48.4858,110.2120,180.2560,202.3200,205.5990,175.2140,140.4140,120.1150,130.4650,157.9350,174.5190,173.2340,176.8110,170.0280,148.4630,115.2530,82.5063,83.5840,113.5960,155.9350,154.4630,110.1470,67.1046,32.2472,14.8407,51.6057,83.2218,106.0870,119.9740,145.7420,166.7530,178.4480,173.5280,156.6980,130.0210,111.4650,93.1903,96.7666,134.9800,141.1530,185.2260,202.0980,179.2900,154.9420,135.0370,129.5470,140.7890,158.9180,187.1750,214.8020,227.0800,217.1210,185.7130,148.5400,125.9660,140.7100,166.6910,181.0160,232.6720
86267.6000,64683.2000,33564.4000,34196.6000,44169.9000,35122.5000,24804.3000,21426.3000,20407.2000,16903.4000,13862.5000,11037.8000,9815.6200,8648.6100,7016.9200,6957.3600,6221.8200,4600.7500,3863.2000,3435.5300,3143.7000,3429.8800,3234.4500,2938.0000,2234.8500,1773.5300,1317.9600,1083.8700,975.3220,738.5980,614.8240,489.5390,381.0540,270.6910,238.2710,248.4140,233.5330,160.3610,88.8548,41.8532,46.0583,61.9953,117.2060,123.8190,95.9309,75.4764,58.0099,25.5781,41.1646,26.2502,63.0647,139.6550,167.0720,185.5850,240.6230,356.1820,457.2040,424.3990,358.5760,281.3160,122.4540,69.0527,123.2020,157.0540,141.1290,147.6780,129.8870,113.2060,60.1409,119.1990,152.2110,161.0850,177.9460,173.5500,189.7640,178.1320,146.7910,116.3740,121.6930,128.9260,93.4418,47.1655,45.4309,70.5023,69.4082,53.9031,69.8389,97.3338,105.9030,110.2650,106.4200,122.8930,133.5520,99.8595,116.0090,91.5343,77.3217,69.9069,50.5674,68.2618,113.9500,192.0720,319.5300,419.1250,432.5850,427.7950,373.2160,215.8820,99.6729,103.1250,112.8600,81.0583,63.6316,62.5928,74.0604,83.2690,94.9410,95.2410,106.3710,83.8740,55.6876,38.6791,40.2395,71.3609,90.0945,108.0200,90.0820,74.9703,48.9195,26.2691,2.9540,7.7463,12.8035,28.5927,24.8586,16.1116,25.2213,37.8053,44.6248,57.9837,71.1956,98.7421,91.7923,85.0525,94.1576,61.6335,58.2032,67.0368,84.9815,64.6044,16.9003,20.3561,43.5963,58.7585,74.7074,52.6685,44.8348,13.9674,38.7401,39.1115,50.0128,62.7755,63.5022,55.2832,63.1885,88.6959,104.2670,87.5550,59.2160,43.8262,46.3667,50.9991,48.8914,68.0336,147.2810,236.1050,287.9090,346.6040,350.9670,258.8130,162.3990,112.8250,104.2130,98.5351,69.9541,79.4592,96.2627,142.8240,135.0500,92.6345,59.0844,31.8020,16.8068,35.3899,77.2728,122.5430,146.1730,155.1800,93.9344,55.2960,100.2370,128.7410,108.1800,83.4398,17.4016,54.0186,110.2750,161.2530,161.2380,152.5230,154.8440,155.1180,146.3580,135.4690,132.1580,122.1290,118.9290,90.5330,86.9653,131.5000,144.6920,131.7390,103.1740,23.3011,36.0601,34.6483,40.4598,87.9813,134.0210,169.6820,189.0400,189.9570,134.9790,64.4666,39.6140,97.8036,163.9190,179.9640,136.0040,91.5076,30.8561,31.4778,96.3672,178.1910,211.7480,213.9890,182.2240,142.7180,126.8070,128.2800,144.3390,174.7320,186.5600,185.6990,177.3070,154.8100,110.3370,65.8553,76.7574,104.0670,124.7540,124.8110,101.6350,62.6095,29.0878,12.0432,48.8825,96.2500,126.9040,134.9230,152.0570,174.1230,203.2780,199.5960,170.2550,130.1740,101.0930,82.9996,103.4920,158.4580,144.2960,181.9110,181.4270,173.6160,160.5220,140.3980,131.6190,149.7110,176.1540,195.9420,216.5120,252.9200,246.8250,186.7130,145.6110,140.4790,160.5400,181.5630,194.3310,252.6820
86616.1000,64805.3000,33863.2000,35057.7000,45009.7000,35593.8000,25145.4000,21617.0000,20439.7000,16919.6000,13803.1000,10980.1000,9730.3200,8595.8300,7008.2400,6899.1100,6161.3100,4572.3700,3776.8200,3319.9600,3030.1200,3336.0400,3113.6700,2844.2000,2195.0700,1723.8300,1241.9200,1030.3600,918.9880,665.3390,528.1100,398.4680,284.7490,185.7670,180.2960,194.9950,155.8310,75.3508,43.8552,75.7768,119.5200,175.2740,240.6650,241.0460,202.0590,169.9420,138.1800,92.2449,92.5392,102.8650,102.6280,141.8360,190.1280,252.2820,313.6020,445.0190,563.1280,544.4670,436.5610,313.3700,146.6810,139.4800,203.2120,221.2360,210.2910,187.9870,133.4510,79.6517,32.3068,133.6050,171.3880,167.2880,173.4810,180.3470,180.7950,146.2650,126.3930,110.1740,119.0860,116.9130,80.4376,32.4768,47.1514,85.3259,70.7006,62.3646,82.2603,95.2940,93.9752,89.3212,92.6651,126.4440,135.9600,102.3480,115.1110,89.3964,85.4920,71.3669,37.6256,57.4425,101.1490,178.1060,312.1680,419.7100,439.7780,441.7390,390.5080,217.1140,86.5268,94.0187,111.9080,80.8265,63.0993,60.1341,67.9846,67.4020,89.4294,103.8560,85.6934,61.7525,53.5110,35.2088,27.9254,81.8963,97.1554,112.0210,96.6014,75.2188,46.4765,24.1435,16.9789,22.6354,32.3359,22.1942,20.0746,24.6792,38.7972,56.7056,65.6028,73.2566,91.2006,116.7180,104.0660,83.8911,77.8207,47.2565,54.6031,68.1842,82.7703,68.2810,17.4679,25.4720,54.6621,63.2578,57.0600,47.4830,40.8145,17.1522,53.7245,50.8600,61.4051,69.3722,65.8128,64.0139,90.1482,115.1550,106.4470,84.7402,65.6927,58.8416,63.7845,61.9809,54.0172,80.8616,154.5370,235.4010,294.3720,368.7020,373.7920,250.9500,158.8170,118.5290,110.7520,104.3230,84.4244,86.5238,102.4330,145.7660,141.2350,99.8516,68.9064,38.3342,13.0871,43.9524,85.2440,134.5690,156.6040,165.6950,97.5076,60.7069,100.7880,124.4970,103.9950,83.5292,15.0316,52.7574,100.9700,153.3220,161.7820,155.7670,159.3170,161.5260,156.2820,144.9980,138.3290,130.9330,131.0560,122.0470,128.7120,155.6770,153.4680,136.4280,101.5890,42.1509,19.0007,21.4495,31.3377,82.5196,131.4850,173.8730,199.8170,189.2390,129.1220,62.5075,42.4307,97.2627,172.1700,190.8480,141.8660,89.7890,27.4382,36.1371,118.3790,194.6260,206.6370,208.7660,182.6120,154.4120,120.2180,113.7450,143.3600,172.2200,170.9010,183.9470,193.8140,165.7780,110.6560,73.5204,93.3853,125.7370,156.5910,148.4220,102.8220,59.9882,29.1601,13.7684,47.8972,86.8143,110.0240,130.8620,158.1260,179.0260,191.4480,211.1840,197.3450,153.6010,107.4200,80.6938,94.5983,143.3860,149.9790,183.1280,204.2500,188.3040,152.8860,123.5580,116.2730,139.6220,156.8430,186.1140,226.0310,242.4020,217.7700,174.8840,134.3350,114.9540,148.6750,180.6010,196.3220,243.2360
86152.4000,64687.3000,33783.6000,34780.9000,44351.6000,34953.7000,24791.5000,21328.0000,20060.0000,16576.3000,13667.1000,10864.7000,9625.0300,8579.8900,6962.1500,6867.1700,6176.9100,4558.5800,3774.5700,3326.4900,3019.1800,3331.1200,3114.5500,2855.5600,2191.3800,1701.5400,1196.9800,983.7590,887.6720,637.3470,513.4080,386.0130,271.1210,155.3360,158.0500,180.5430,139.4260,58.6520,42.2764,75.2872,105.0670,153.2570,222.8730,241.8450,212.9710,171.5830,119.6530,73.4131,82.1587,94.8240,99.7539,140.7310,180.7020,238.6300,301.2340,428.3650,556.7500,537.7660,428.8370,309.6970,157.9720,134.0580,179.9980,200.7290,187.6250,169.8390,123.6720,101.5260,58.9139,148.8200,176.0340,168.9610,172.2670,169.9530,165.7840,147.4940,125.8310,103.5680,113.0040,126.1960,97.5209,52.5309,68.8178,88.4488,73.5232,78.3617,94.5026,95.5879,94.7559,87.1922,93.9484,116.3350,135.4320,114.6450,130.9960,113.8870,88.6406,69.3609,38.8396,71.7008,113.8980,183.9980,319.0410,421.1920,440.9180,443.1270,401.1080,223.8700,83.1291,89.5912,110.8110,78.8964,59.6081,58.6206,73.0704,75.9980,95.4356,90.0495,77.4994,63.7902,56.4669,37.9697,29.0930,78.3964,99.3754,103.7160,77.5746,81.5046,55.1906,36.4666,7.2359,3.8360,14.0912,34.3985,28.7925,17.8763,19.7075,20.9055,40.8650,65.8167,82.8161,101.9310,80.7258,76.5745,83.3117,72.4340,62.6936,60.4303,69.5246,71.6891,19.9277,23.0640,48.1470,44.3926,39.1996,35.5398,21.4371,11.4830,36.9288,40.9919,55.6063,60.8346,58.1538,58.0305,80.5762,104.2740,108.2930,87.5056,70.4455,62.8529,58.6022,65.1277,54.4720,60.4819,152.1250,236.5240,287.2040,343.5480,356.7480,257.6470,167.8350,129.7570,115.0760,99.9356,83.8148,95.5361,99.9923,131.2870,122.2730,95.2042,66.4263,35.3038,11.6839,59.9167,106.2010,135.0160,152.0190,153.5190,106.8310,78.6842,118.1370,133.5350,115.4670,86.1053,18.4373,46.7035,98.1975,153.4640,147.5660,137.0890,146.0170,163.1420,181.2430,163.3720,143.6740,130.1340,130.4890,113.9510,96.8285,126.3540,137.6060,122.0410,88.8435,28.3421,13.6862,12.8344,33.2520,85.6592,132.8830,179.1440,215.7740,191.9540,113.4050,46.8630,25.2004,84.1449,153.4060,177.3470,129.0170,78.4021,16.4137,45.7888,108.7600,185.0800,211.2980,210.5070,174.0700,138.8510,131.9310,133.0300,144.4060,160.0000,165.8270,181.6450,186.0470,156.2760,105.8340,81.3285,100.7560,126.0780,148.9100,153.5070,111.6840,66.4391,27.9731,15.1723,56.0951,94.0516,107.9640,123.5930,150.9330,174.5710,193.4700,205.9460,183.4450,141.1820,98.9307,67.1084,79.1395,129.7230,138.8300,182.4140,190.9350,168.5230,152.3330,136.0420,139.7650,156.5190,179.5760,207.3850,224.7070,236.9590,220.8110,163.8310,125.9770,126.2020,164.6980,192.4650,203.1250,234.6580
86130.6000,64676.0000,33537.3000,34076.8000,43985.4000,34939.8000,24691.2000,21231.6000,20126.1000,16648.9000,13645.9000,10842.4000,9636.8000,8498.2100,6917.6400,6895.8700,6163.6200,4556.6600,3862.6000,3421.5500,3098.2900,3414.6100,3238.7200,2977.3300,2288.7300,1816.1300,1330.3600,1094.8200,980.8680,743.9460,601.8050,449.2660,341.9610,210.8470,163.2760,168.5940,145.6870,85.7309,59.3563,53.7704,99.5777,134.0750,181.5480,175.7740,129.7310,81.2542,39.9170,27.7271,53.8251,51.1581,91.9003,161.8780,202.7720,226.1230,286.7170,389.3330,517.0290,487.8650,370.7950,257.4410,116.3640,87.8184,140.0000,174.5670,156.1310,134.6490,100.6470,87.5614,55.9213,160.5220,185.6710,172.0790,171.5540,163.2250,172.5470,161.2760,132.4670,103.8990,102.8720,108.2720,78.9679,31.7790,51.1964,94.8826,81.3396,59.1926,71.8954,89.5568,89.4428,94.5766,99.2069,122.3090,132.3100,102.2730,113.3810,89.6958,82.2814,67.4652,33.1065,52.9586,104.3990,179.6290,304.6990,419.6200,444.2090,447.1930,398.1590,224.9120,83.2378,88.4464,123.1750,96.2833,77.2631,70.6193,71.5317,61.6168,77.4786,79.3857,76.1595,66.5335,51.4301,28.4931,25.7429,67.5090,88.7210,100.9770,97.3301,64.4869,39.2246,22.8264,10.9671,7.4091,19.6895,34.7753,25.9905,12.2885,29.7872,48.4978,51.1084,61.2666,71.4558,92.0579,83.3640,78.5220,98.3601,82.2789,71.1016,72.1546,79.3109,61.6786,16.9904,16.3578,42.0733,53.3601,63.6335,49.2107,45.4791,16.1662,31.6361,38.1213,43.1250,51.5235,53.7103,60.5450,78.5061,107.1580,127.1560,88.7657,56.0146,51.2304,46.4657,59.1142,61.9611,61.6552,131.3940,233.6250,291.4950,364.9560,360.8680,249.6200,158.7360,107.8200,92.5472,80.4029,68.9052,78.7915,101.1730,148.6390,132.3230,90.4492,60.1405,44.9972,24.3762,38.7228,82.2747,126.4580,156.3300,173.0980,114.0010,61.2703,109.8730,151.0320,128.4810,90.2198,27.6921,61.8152,109.5260,141.1520,165.0520,169.9750,178.7030,186.6640,179.1690,150.8280,153.4450,153.4450,168.0250,138.4980,107.2680,135.0290,150.1130,134.1810,99.4390,26.4197,23.3702,32.8626,36.2865,88.4576,141.0500,186.5170,209.8610,189.8470,140.7350,79.9191,67.3039,88.2384,180.6140,179.2730,129.3980,74.4734,27.8332,47.5839,132.3690,201.4820,213.2370,214.8860,186.1880,159.7140,132.3140,131.8850,160.6580,171.9520,161.6210,177.2730,188.4530,162.1270,108.2280,72.9227,95.9271,126.7590,154.1620,159.4480,118.5730,69.4048,26.4528,14.4609,51.5071,97.0846,118.6380,123.3780,145.9060,164.9170,189.7830,201.7660,180.2180,139.6390,102.6850,75.4418,78.4592,128.1160,141.9740,190.8380,200.8460,186.3350,173.6530,148.7650,129.3540,144.3890,169.4140,208.2740,234.0490,257.6850,237.0910,178.1330,134.7870,119.7560,148.1000,169.7750,190.3020,241.3340
86529.1000,64758.1000,33808.1000,34923.2000,44912.6000,35583.6000,25128.7000,21619.5000,20445.0000,16904.4000,13800.7000,10994.7000,9758.9400,8610.4200,7014.5400,6900.6700,6144.1300,4555.1400,3784.1500,3321.0200,3006.0600,3302.3800,3076.6000,2817.5100,2169.9800,1736.1800,1261.8600,1017.2200,915.6530,682.7630,557.3630,403.5900,275.7200,168.1950,175.9740,199.0660,164.7330,91.1214,38.2323,62.7660,106.6660,173.2350,246.9340,251.5630,216.4500,181.0930,143.3460,91.7098,99.7339,101.4520,82.9265,135.8330,198.7020,253.5910,304.8110,433.8530,574.2270,559.3410,445.6390,317.1860,149.9050,129.0430,190.8310,205.4130,173.1190,148.4640,101.7600,79.2643,62.1287,171.1190,195.8550,171.0370,160.1750,149.7780,171.4970,156.9210,120.6390,92.8724,101.7750,120.3330,80.0298,35.8265,61.8415,76.2046,54.9568,55.8318,67.0119,75.8861,83.2534,91.5485,92.6491,110.1850,125.5660,95.4588,113.8220,84.3651,70.8720,61.9221,55.9591,74.1251,106.6380,174.0480,292.1430,399.8840,422.8100,421.2380,370.8890,196.4130,70.7815,81.1075,98.0062,66.4315,48.2669,54.1512,69.9291,74.9553,84.0555,88.5037,90.7636,62.5149,40.7810,33.5170,44.2390,76.4821,97.4330,110.5860,109.4780,81.6434,46.1072,23.0605,9.5060,15.1334,25.6791,38.1783,32.3792,24.4027,9.9288,33.6653,44.0801,69.1177,81.5830,107.2790,70.8716,74.1554,73.3774,58.7465,65.5403,79.2965,103.1810,89.0511,34.1145,15.8647,45.4210,64.9649,71.3216,67.9716,66.1176,39.4710,28.6348,29.4324,36.8347,47.3583,47.6802,46.8322,68.8239,100.6960,103.3620,69.9222,52.8919,52.6544,48.6930,50.9173,53.6779,74.4565,140.4320,224.5310,278.7430,351.6450,368.5950,272.7580,180.0090,121.5310,101.3710,84.2632,70.6557,80.3245,97.1600,134.9750,129.5890,112.3760,90.7735,68.3138,27.4798,45.4846,87.7504,126.0940,148.8310,159.2700,104.0540,57.3065,95.1411,135.4900,124.5990,102.8180,19.9722,44.6605,98.9684,129.6210,148.8960,154.8570,160.9270,158.8790,145.8200,137.6790,142.4990,139.6110,147.2100,122.5640,102.5240,141.4730,166.7300,152.9710,120.5360,35.1672,21.6074,30.1844,30.5819,81.4058,133.4130,180.4290,213.0080,195.4700,129.7290,77.3605,61.9952,102.7470,172.4220,180.3780,121.8190,69.0637,15.9577,56.3561,117.4510,180.9960,211.8770,216.3470,187.4270,142.4700,127.6720,141.2580,153.8640,171.2930,173.9260,175.7390,177.3370,148.5550,109.9210,83.0095,92.7645,120.1780,157.9050,162.5160,100.8110,49.1897,15.4440,16.8181,56.5536,109.4250,128.1200,139.0540,164.7810,187.7720,206.8370,200.0770,169.2490,129.0940,98.3027,75.5907,81.8019,126.0320,136.7320,181.0740,193.1800,179.7950,149.5070,127.3690,128.8170,155.9640,175.3930,191.6250,219.3990,244.9910,231.5770,175.8450,130.8260,117.9140,154.9590,180.4670,187.5860,234.1430
86424.2000,64903.5000,34027.0000,35100.1000,44690.5000,35248.9000,24986.6000,21491.0000,20209.1000,16687.5000,13786.8000,10980.3000,9738.5900,8689.3400,7054.1000,6920.7600,6228.3200,4620.5700,3831.8500,3368.6100,3054.2400,3342.7700,3150.3000,2864.2900,2173.8700,1702.0200,1233.0200,1002.5800,897.6450,658.3010,527.7550,400.4890,280.7330,164.9540,158.4030,171.0090,124.1790,67.0590,46.8337,56.5678,101.2770,170.5650,237.1330,266.3560,232.4100,179.8170,128.9710,78.4478,78.2398,92.5220,97.4388,157.3880,222.3150,270.9120,318.1760,433.5730,555.0630,541.0630,439.4110,316.8280,183.7750,142.9380,184.3190,196.1540,183.2950,158.4030,91.8331,78.9195,93.3341,207.6780,235.1520,206.7100,189.2180,158.3580,155.0940,138.6720,111.0570,112.6720,119.9170,133.1730,90.0233,43.4659,57.4233,77.8870,64.0347,46.8614,58.4146,74.5971,76.1149,73.6204,92.6601,126.9820,137.9110,101.5490,122.2380,106.2020,96.3656,71.3645,44.9130,76.9889,110.2630,178.9550,317.7410,428.6020,446.0680,446.7250,402.0670,233.1510,85.3824,68.1538,102.0120,76.0348,57.6821,57.1124,64.4420,70.1320,80.3176,87.0356,86.4950,59.4976,30.8170,20.0954,37.8035,70.8617,84.4400,94.0625,88.1894,64.9431,34.4765,17.6733,7.0415,10.8764,32.4186,27.8730,13.4667,5.7078,12.9920,28.5591,60.4987,72.1892,81.3568,89.4564,74.5709,76.2226,93.0663,77.0852,77.3113,85.0329,103.6020,91.6020,42.1225,18.4007,28.2048,55.4890,65.3065,56.3763,56.2327,26.1571,44.1250,45.1063,50.1892,61.1277,61.5587,63.4170,82.9429,113.2250,112.0120,79.0218,62.3520,72.0452,81.5152,73.5048,58.6195,65.4039,140.8220,236.1350,297.0200,364.8760,366.3720,271.5140,183.5950,138.5710,120.8060,105.0400,79.4657,84.2084,91.9435,143.1410,121.3480,85.6187,66.7676,52.6678,33.8231,50.7754,94.4686,130.9730,155.0810,168.2390,115.6300,64.6139,100.4310,144.4250,137.4160,117.6400,32.4486,41.8848,98.5886,146.3500,162.9910,148.5580,149.9550,149.3360,163.4780,148.1850,135.5770,128.7930,130.6740,107.9640,85.4012,120.7160,142.4870,128.3150,97.8496,22.5142,21.9057,25.0463,28.8397,86.1890,135.0190,181.4750,217.2740,200.8100,134.4050,75.1717,57.9992,106.1840,172.5760,168.8120,115.8470,61.5125,18.6542,41.8704,122.0320,203.4470,215.2350,217.0430,188.9100,155.4330,111.7200,105.5000,144.1860,173.9790,174.1800,184.8190,191.2980,160.4570,113.4730,88.7143,111.6660,136.8040,156.1440,156.5480,106.2220,51.3486,13.6090,26.3285,61.8168,107.7610,126.2810,141.5990,164.6750,183.2930,198.7740,200.6210,166.7970,119.0160,87.7976,67.9623,75.9026,108.5290,122.2390,173.7930,202.3820,179.8170,149.2750,126.7720,124.5200,143.9760,157.5220,189.0500,242.8110,281.4510,240.0400,174.2790,138.4740,126.2580,148.1680,175.5190,206.3160,254.2150
86148.6000,64739.2000,33654.7000,34207.1000,43940.7000,34859.7000,24688.2000,21254.9000,20076.7000,16589.8000,13614.0000,10808.5000,9629.1900,8527.9000,6915.9200,6879.5100,6168.3500,4561.1600,3865.2900,3446.8700,3148.0500,3447.6000,3238.3000,2973.9700,2313.5600,1845.0500,1342.4300,1118.9900,1016.1200,769.7400,616.9650,463.6350,354.3020,208.6180,159.1720,163.9360,135.9870,86.8245,72.4675,68.8306,107.5860,154.3900,196.5430,199.1190,134.6780,89.7675,49.1013,18.5093,60.3465,63.9789,92.6190,169.9390,207.0890,235.2600,298.3310,399.0760,495.6310,488.8850,396.1680,292.3160,144.0230,96.5777,138.9130,160.6080,163.5660,143.8400,94.6668,87.3360,65.7889,161.2700,191.8850,176.8880,177.6100,177.0890,182.1950,154.3890,129.0260,106.3190,113.7070,122.3510,95.8167,48.7544,59.7502,80.6451,69.2983,69.4499,72.7902,83.3772,89.6071,100.9710,95.4934,111.2560,146.7660,116.5750,139.5370,103.7430,94.2666,67.0960,43.6711,64.9548,107.5910,190.8580,315.3780,419.7960,449.5080,454.5890,407.7350,229.7520,87.7244,95.4469,127.9090,88.1441,59.2647,49.3923,60.3265,61.5473,70.7761,81.5260,99.1738,73.9250,44.7901,28.8027,25.3626,57.6671,84.5968,100.1920,86.5696,60.4255,42.1548,21.0571,14.7050,17.6290,33.9325,42.1641,24.7865,13.3495,21.4337,40.1761,71.3664,82.9417,98.0221,102.7380,86.5070,84.8305,100.1720,72.8130,68.9348,80.7764,101.2470,86.9572,38.1409,16.1831,38.4111,51.1386,56.0271,53.1379,55.7413,27.6641,28.4720,23.5964,39.7518,49.0072,44.7508,59.5948,91.1031,118.7730,101.3490,72.6751,68.0728,74.4317,67.7741,55.7673,60.8009,81.7108,137.0740,238.6460,305.4290,391.1650,387.3930,264.4670,164.5260,112.6860,97.4345,88.2471,74.9295,70.2147,86.4962,130.5950,122.5060,99.9955,83.2861,66.7474,27.7248,59.0562,90.1555,131.4660,155.8350,171.6080,109.1510,61.6539,103.0240,142.5830,138.4180,124.3780,35.6226,38.8389,100.8150,142.4600,155.1480,159.4920,167.8820,167.9990,158.9770,151.3170,154.0100,145.0410,143.7570,108.1460,100.5510,136.1010,140.3350,127.0950,104.6350,50.0595,24.7333,21.4355,37.3471,95.3483,147.7660,202.5650,242.7990,211.5600,125.1110,53.1244,34.5715,97.6302,180.7710,204.4140,144.9770,85.6378,22.7359,57.4732,114.2500,175.0170,207.5650,223.1630,203.9020,145.6450,112.6820,134.4720,166.4830,189.6580,182.8710,180.4630,189.2620,167.0360,117.5430,83.1188,101.9020,126.1170,151.1680,157.2630,111.7040,56.7779,19.6854,26.4351,65.0065,107.3700,129.6320,144.5140,164.0460,175.5250,183.2400,202.8200,192.0590,145.5460,102.2630,72.1127,84.8306,140.0380,150.6190,203.9580,220.6690,186.6460,152.9210,130.3910,126.0630,148.9340,172.0650,204.0870,220.3070,230.0120,217.9080,172.5340,129.7310,114.2760,144.2700,166.9300,182.5360,222.0000
86596.4000,64831.8000,33877.0000,34828.7000,44752.9000,35515.6000,25093.3000,21626.9000,20449.1000,16885.8000,13777.7000,10994.3000,9775.2900,8607.9100,7006.4200,6912.4300,6171.1900,4586.8300,3831.8300,3372.2300,3052.7100,3352.5000,3132.1300,2883.4500,2220.3100,1740.0500,1271.4100,1043.8200,914.5620,674.1010,550.2370,404.1230,292.0850,169.1140,140.8060,144.2680,110.1480,34.8283,38.0104,83.5224,143.5530,205.1470,262.1870,256.8070,211.0540,156.9130,107.2420,94.9783,118.6550,120.5400,130.2790,188.3260,250.9150,291.3080,362.0350,465.4060,573.6760,565.2010,450.9770,316.5990,155.9580,119.2520,156.8730,170.7590,153.1210,141.0990,84.5608,97.5285,88.1418,186.4480,202.5760,185.8850,184.1650,173.1180,159.5890,148.7200,127.0380,102.0890,96.9728,112.4340,98.0521,42.2285,42.0846,67.6379,63.2167,67.1865,70.2329,76.4797,76.5291,84.8856,84.1087,102.3140,130.7480,107.1290,141.7450,119.4340,98.9023,82.2468,50.3395,68.5653,115.9350,189.9260,317.4220,424.1620,435.3930,428.0350,370.4000,199.7800,76.0395,96.1267,115.6250,77.5259,60.1790,55.5512,68.2467,62.8126,75.1570,78.6968,84.7947,73.9259,56.5232,31.6045,25.0071,65.0283,89.3598,105.4310,110.5850,81.1321,51.2709,33.4667,34.5399,27.7048,37.5348,27.6997,25.2941,33.1849,35.4391,49.4065,69.3014,75.2524,85.4609,90.0173,83.4289,77.1493,89.4523,72.8935,84.9464,98.7783,119.9940,90.2769,40.6638,15.9274,29.0203,56.7483,67.1160,58.9806,51.9970,21.8023,28.6540,25.1429,29.3657,47.7862,49.7132,48.6263,71.2249,110.3230,121.4200,92.7979,68.8014,48.6970,58.4774,74.3201,63.1260,76.5282,146.9730,239.2320,300.6770,373.6850,365.6570,253.7570,169.9110,133.0960,112.1730,91.7393,63.1232,66.5734,81.0848,132.9230,124.5480,95.8039,74.6827,50.4372,11.2414,56.0958,88.4668,127.6890,152.3860,165.8320,102.8140,70.5341,111.0800,131.5960,121.3180,101.4280,25.9565,37.1585,95.1425,140.2270,158.1110,160.6390,165.9780,162.1640,152.5860,154.3240,160.0220,145.2800,141.7800,109.2330,98.6564,149.1650,154.1330,128.1300,81.1750,25.1078,23.9712,28.7723,44.4237,88.5084,140.5690,189.9840,239.5710,221.5490,134.6410,61.6489,32.5161,82.8672,165.1450,187.6800,140.5400,94.9262,37.4109,58.4623,121.2600,191.2730,222.7080,224.5960,191.7850,134.7670,112.2790,124.4920,150.2140,169.5020,158.6170,165.2170,176.7020,147.9270,99.9832,76.7245,103.1600,128.3480,152.5930,149.9900,106.5190,56.7818,26.2230,27.2864,54.7139,93.4584,123.6410,141.3220,157.3880,169.1860,175.7850,179.7080,166.4140,131.2870,100.1030,71.6864,79.6243,130.1090,156.4480,211.9860,237.4540,211.0350,171.1000,142.8480,141.8230,157.7330,169.0100,198.5980,237.9420,267.4340,250.1170,187.8740,143.7360,129.9180,152.6380,171.1970,176.2500,228.7100
86588.1000,65028.5000,34156.5000,35284.0000,44928.2000,35432.7000,25106.6000,21629.7000,20345.6000,16792.0000,13807.1000,11009.3000,9750.1500,8681.0500,7101.1900,6960.2700,6209.3100,4595.8900,3820.1100,3387.3400,3094.0600,3391.4200,3194.7100,2909.0700,2203.7500,1730.6400,1267.0100,1031.0100,915.5900,667.6310,541.1360,437.9990,321.6020,200.8740,175.9840,187.6530,159.8940,95.2137,41.1290,45.1358,78.8443,144.2690,216.1440,219.1070,183.4230,149.2790,104.1060,54.3519,68.5201,82.5769,84.0930,148.8890,224.2730,273.1570,332.3740,443.6490,578.2390,598.5550,510.3280,398.0740,226.4680,137.4820,178.8400,225.8590,226.8640,190.2860,128.0500,70.3179,43.5563,165.8870,217.2500,221.9950,228.9060,221.6730,200.2020,168.0930,131.4590,118.9400,119.6650,137.1040,99.3986,40.6212,61.4118,89.6386,76.8099,67.7444,72.8887,89.0536,89.0923,80.8757,69.8902,104.9000,128.5700,103.8590,127.5490,102.3830,91.5468,73.7068,55.9113,77.4055,113.6560,183.2020,313.2900,423.9060,438.4440,430.1290,369.8970,190.7310,67.3928,83.1148,99.7029,73.1836,66.9249,51.2257,55.1730,56.5669,65.7583,74.5413,87.2667,76.0079,58.2843,33.4040,38.6423,71.5109,88.1527,98.6251,100.1730,89.5807,64.8722,41.4216,26.7352,9.1658,23.2093,26.8489,28.4549,18.5319,15.0192,38.7263,53.2203,62.1773,80.0582,100.1840,82.8007,82.8813,100.1030,90.2286,79.7984,86.8622,106.0070,103.4650,40.0903,23.9227,48.4292,51.0042,55.5319,50.9493,54.6874,20.1914,34.8558,39.1171,64.4519,68.3845,64.5143,60.6455,79.4775,100.9180,105.8210,85.5975,52.0465,50.3430,67.9561,70.6579,70.1874,79.9519,132.4030,232.2100,298.4870,380.9610,373.6610,258.7540,174.9350,122.1780,100.9370,77.7093,65.9092,71.7350,78.5860,117.0770,115.8300,90.6481,67.9022,41.1681,10.8397,54.5963,93.2136,127.1390,148.1540,154.9930,109.1030,76.2416,100.1710,126.9040,121.8020,107.6320,29.9700,36.8892,97.5791,157.9560,176.1670,161.5390,163.6320,161.1910,166.4410,157.6860,150.1670,143.6890,145.3680,127.3860,102.2690,137.1130,158.4760,142.5350,105.2910,38.2564,16.3369,18.4254,23.3847,69.4328,125.1170,186.1290,241.9470,226.6920,145.5660,85.7022,60.7471,86.1888,174.6590,198.9080,139.0450,87.2468,22.9604,54.3151,121.6690,198.0570,219.6050,217.5450,184.9860,143.4540,115.3320,118.2520,140.6570,161.8630,163.5460,172.5360,180.3360,150.4280,104.2130,80.4384,97.1327,115.1910,137.1050,138.0520,88.3572,40.9953,17.0925,23.0404,52.1654,89.7537,114.9620,139.9000,161.2770,177.8930,188.8950,192.7880,169.5340,122.7510,78.1620,50.7378,71.3044,115.7430,134.0080,183.6380,210.4540,190.8120,158.5050,130.4200,124.3760,148.6010,163.9820,195.6870,229.0450,248.5410,217.1950,177.2840,142.2770,129.0110,138.9400,157.2150,180.0690,225.5120
86157.2000,64814.8000,33706.8000,34241.0000,43914.7000,34804.2000,24665.9000,21233.6000,20037.4000,16552.3000,13640.3000,10847.0000,9645.9500,8559.9700,6951.8700,6912.9300,6202.1000,4567.7800,3836.4500,3406.8000,3086.8500,3399.6600,3182.0900,2910.2600,2228.9600,1761.5800,1266.7700,1046.7800,941.9710,696.7040,546.9540,403.2850,297.3350,141.2440,109.2740,124.1140,93.5668,41.6640,62.8384,105.6470,153.5890,189.5270,219.0320,219.6320,190.1520,140.8520,80.4353,74.8686,123.5210,137.9200,155.9690,228.2040,289.8520,316.7780,394.0080,504.7360,626.2110,612.3640,497.9610,367.3350,202.9820,102.2410,149.0490,190.5500,191.9120,185.2250,112.4980,95.0448,65.5569,159.6270,192.0920,196.6670,208.3760,203.8690,187.1890,154.3990,122.9120,117.8400,124.9470,138.9500,95.6206,42.1787,56.4895,79.1218,56.9893,49.6572,72.1016,78.4780,76.4708,82.1837,93.3438,114.9280,143.0160,118.6520,141.8660,105.4940,80.2439,60.3165,46.9736,71.0098,117.5780,192.7530,309.2380,412.9950,434.5780,432.8040,377.4120,199.5740,73.5863,75.9528,93.6810,68.2121,53.2193,43.2269,47.3604,56.0623,75.4382,85.5198,82.7545,65.4607,42.6236,22.1820,24.8782,59.3074,73.9495,82.8979,76.6129,58.9110,36.4406,22.1026,19.6326,35.8128,35.4589,22.4974,21.5173,20.6933,32.7263,54.3412,61.7558,74.2499,83.6712,104.3960,69.4102,69.4299,64.7950,63.2735,72.3960,84.1430,101.9170,101.7880,49.6069,31.7197,42.7278,68.1571,61.9487,52.8363,49.9782,23.1992,47.9913,37.2296,34.2506,46.6262,52.2842,64.0315,82.6056,103.8720,96.6611,77.4930,53.4352,39.5645,61.1548,72.2426,59.1971,71.0904,138.3090,235.6500,297.8540,373.6150,365.1440,263.2350,177.0050,120.5910,98.9463,80.8818,64.9514,67.4563,80.4491,128.7960,113.1770,90.6916,75.3192,60.3611,27.6606,46.1786,88.1148,119.0930,140.7610,148.8000,103.8510,73.5474,103.6240,126.9390,118.9830,96.6894,29.9506,42.8378,97.8292,138.4620,153.7710,160.7670,170.4960,175.9630,175.8290,168.3000,158.8920,143.9140,138.4950,112.0490,107.4810,161.9820,168.3090,144.5580,98.5329,40.0678,24.0381,21.0300,19.3439,77.6931,129.0930,177.6660,211.0760,206.1080,144.8850,81.8924,69.8052,115.3830,186.8630,189.5860,131.1930,77.1373,20.3680,61.0278,131.4180,195.3880,213.0840,216.3310,190.1630,154.0300,110.3760,110.9220,146.8010,167.7590,164.6850,177.0500,177.5000,143.4740,94.3935,75.2727,101.0920,124.8460,148.2050,133.7290,89.0395,49.7246,18.7893,21.0563,63.0464,111.8360,133.8870,132.6960,144.6400,153.8540,172.7880,176.6260,160.5660,119.9270,88.8561,64.3540,74.7987,123.9850,145.9170,196.9270,214.0560,186.3690,160.3300,136.0490,137.8360,159.7280,174.4600,200.8640,235.5740,265.8300,224.2350,167.0470,135.5450,144.9570,167.7940,184.7660,193.9490,225.8380
86616.5000,64958.0000,33907.7000,34665.3000,44644.6000,35517.6000,25103.5000,21653.9000,20502.0000,16934.4000,13858.8000,11079.1000,9849.2400,8663.4400,7073.3700,7027.9100,6293.2700,4667.9200,3901.9900,3465.5800,3160.4600,3447.7800,3214.3900,2941.1300,2255.5200,1763.5800,1274.4500,1030.0000,906.5290,660.0130,522.7200,364.9570,254.2980,142.0310,137.9030,145.1360,99.5726,18.4714,57.8618,92.2616,149.8400,202.9000,258.4540,246.3380,201.1460,163.2300,105.4070,94.3298,122.5900,118.2150,142.4180,230.5250,301.9940,326.5710,400.5860,492.3410,597.9520,611.8870,517.3400,390.3070,220.7940,114.2140,163.9430,207.7580,195.9730,162.8440,94.4780,61.6274,66.2191,167.6540,205.8910,194.5540,194.4390,184.3430,186.7910,162.1570,132.2710,127.7980,131.3570,134.0850,84.1554,42.8475,63.0539,81.3627,60.5086,40.3634,50.0464,65.7563,69.3958,72.9786,80.5863,107.8330,119.8190,98.1684,114.9910,104.9160,81.9355,68.0893,55.0443,83.8764,128.1730,201.8210,325.5570,421.5370,432.0210,423.8600,367.9560,203.7930,75.5530,72.5726,94.6587,69.2155,59.2740,52.4556,62.2073,66.2692,83.4002,88.0848,89.3624,74.4896,50.0701,26.3931,32.3538,65.8395,79.4612,92.3815,97.7516,94.4878,64.1047,37.5514,14.4258,4.5727,17.0098,39.2061,30.8464,25.7078,14.4100,32.3315,45.4962,59.7278,85.0464,99.2883,80.4529,87.0948,93.2046,76.1076,78.1158,87.2441,107.8770,93.4122,38.2553,21.4329,43.6466,60.4899,55.0447,46.5531,40.5007,21.1311,25.2903,28.5822,43.6821,51.0414,45.9803,42.8941,65.8029,92.2747,95.7657,61.9358,39.4515,47.5963,69.7445,80.2229,59.1262,70.2751,162.2150,253.1380,302.4000,358.3310,354.3620,259.9980,166.8970,108.7060,86.2898,69.3207,53.4280,57.0101,79.0735,135.5010,129.4610,91.1557,66.6749,45.6622,26.5342,28.1153,68.7375,110.3610,144.8740,175.7900,117.3090,61.0131,111.7910,158.8950,150.0360,123.4460,26.4201,55.2934,117.9770,138.1910,151.7680,162.6870,166.8590,163.5040,147.9160,137.5730,137.3160,129.4210,135.1390,117.3660,105.8130,138.4260,147.1120,131.3240,95.2568,50.3584,39.5240,29.8568,14.7502,70.4994,132.9860,183.6010,236.7410,212.6400,140.5610,73.0418,55.4771,86.3948,167.9130,188.4700,134.4760,85.9396,23.1591,71.2473,131.5010,194.6720,214.9870,213.3390,178.3480,147.7670,128.6340,110.9650,125.3030,156.0660,158.3440,166.2190,180.4000,159.0050,118.0510,67.9776,79.2064,122.6410,158.2500,145.2050,84.7400,43.4444,25.3696,16.8916,48.5444,104.3110,132.5460,144.5350,154.8390,157.4940,155.6970,180.3740,172.3390,130.9240,91.1578,73.4433,91.2176,128.7210,147.3400,195.8820,215.8430,188.7840,158.2960,135.5930,120.8520,131.4540,149.2120,180.2460,208.2240,239.4640,230.7970,180.7460,135.2420,116.2100,150.0610,180.3210,187.5440,220.1830
86700.1000,65005.1000,34169.9000,35412.4000,45124.7000,35590.8000,25200.0000,21714.9000,20450.7000,16884.6000,13855.7000,11069.5000,9790.6000,8669.4100,7087.2400,6983.1400,6251.7400,4639.3500,3841.5400,3377.9200,3075.1200,3373.2600,3168.9000,2884.1200,2188.1600,1718.8000,1254.6100,1022.0200,913.8830,679.8910,548.3530,424.3490,294.9640,186.9840,192.8930,200.6500,153.2910,77.4291,43.1158,61.2793,86.4348,141.3590,222.4020,252.6580,206.4740,157.1120,101.4840,62.5779,66.6896,60.2155,61.5650,151.6000,207.9450,236.1150,303.0120,419.4120,564.5620,595.7750,508.4000,397.0060,234.0550,132.3720,157.8370,193.7550,196.7230,178.7890,124.3320,92.0761,59.1227,191.9810,225.8520,202.0280,191.9650,175.7950,183.3980,155.7670,118.1600,115.0330,122.4650,132.9990,89.5715,44.9189,68.3518,79.4627,61.4538,64.8612,68.0387,66.9826,67.9153,72.8780,76.6331,92.8914,113.8070,96.1868,131.6710,112.3120,92.6425,83.7441,74.4535,92.0994,127.7080,204.1650,340.5060,453.2150,459.8560,446.3030,377.2610,206.8200,70.6758,65.4127,101.1020,69.1153,49.2723,36.3674,49.7805,65.7279,82.5887,91.0895,95.8552,72.2068,52.5460,39.7232,38.4163,64.2791,95.3365,109.0510,102.1270,66.2747,39.0903,17.4591,13.7698,23.8841,35.0945,47.0791,35.8835,25.3464,27.8824,30.3334,40.9180,59.7365,86.7424,109.2420,95.1514,95.2710,107.9410,89.0005,78.4844,81.3390,95.7128,101.8850,49.7587,50.4265,39.8945,69.2771,65.4537,47.9022,39.7159,10.9336,22.5925,33.4401,70.0923,82.4272,79.8397,72.5280,74.5403,89.2458,91.5827,77.7877,53.3680,50.4251,68.0149,68.8750,58.1260,75.2562,150.5840,245.7510,302.0560,367.1200,356.6120,253.7420,168.9800,123.1980,102.1440,82.8754,60.7559,54.8521,77.2199,115.2450,121.7880,101.0100,78.8251,44.1013,14.2728,22.6050,79.4026,129.0340,159.2010,182.1110,124.6360,69.4513,113.0930,153.4350,150.3070,130.8280,38.5427,38.2715,102.6890,159.3450,171.0330,168.9650,174.0160,173.0170,169.6770,166.5370,155.5590,134.1560,123.6410,103.8210,103.7170,137.2660,147.3670,136.9570,111.4140,54.5846,23.8479,17.6146,24.1332,76.7753,133.7360,183.1350,242.6360,215.2140,134.7860,72.6913,65.2137,93.4195,179.9180,178.0470,119.6610,62.6956,16.0205,66.9607,139.1310,201.4920,221.9580,222.8010,193.5310,138.7630,103.4210,118.5260,139.5110,151.2050,159.2180,167.0870,172.3990,146.3650,115.3140,72.4804,81.2896,116.7000,141.5000,129.0480,85.2465,40.3944,25.7611,38.0469,75.6817,97.8102,112.0010,134.6940,151.2130,163.0000,174.2930,186.8220,166.4550,124.2690,85.7433,62.8751,79.5022,126.3730,142.8470,190.5610,217.0050,196.9640,156.2360,131.6200,134.3470,146.4520,155.3510,185.8190,214.5660,230.7620,213.6080,163.8570,125.4750,125.3750,151.8640,165.8230,188.3990,241.6460
86128.3000,64776.2000,33770.5000,34431.3000,44014.3000,34842.8000,24730.9000,21280.4000,20032.6000,16567.4000,13681.6000,10845.9000,9621.0600,8568.8500,6950.9800,6907.0700,6219.6000,4577.7000,3805.5700,3370.3500,3063.5300,3373.7900,3151.2300,2887.8500,2238.2900,1757.9100,1247.0300,1037.7500,929.6460,678.1070,555.8610,414.0630,300.0000,159.6790,143.3330,142.5980,109.9530,60.6078,22.5600,60.8189,120.8330,183.5960,253.3770,254.9460,200.1640,143.2270,98.5515,84.9507,117.5410,107.8260,89.1050,174.7810,254.9680,286.7890,351.4610,442.7950,570.3310,588.5800,486.4580,357.5190,204.3790,130.3080,173.9980,185.9320,156.3420,128.7460,74.9816,101.5110,98.0354,192.6990,211.8950,195.1300,194.2910,172.6390,152.9440,144.6280,121.5750,103.8010,102.7560,115.7220,93.2864,37.2146,57.2604,87.8834,66.1472,59.3074,67.0638,73.9043,79.8509,83.0373,75.1818,85.7025,119.0020,101.8810,130.2010,111.3280,95.8048,90.4577,92.2017,95.8606,116.9770,201.0300,340.2420,433.3760,443.2660,435.7380,380.4150,206.8880,74.0582,93.0529,141.8700,107.2890,75.1358,57.9899,53.9407,56.1693,72.7384,79.0152,87.9503,85.6852,80.0225,60.0173,45.8327,65.5175,87.9069,95.5300,92.9835,91.7924,57.2879,32.6104,6.1465,19.1727,36.9142,40.3835,22.9565,20.8395,37.9084,47.1997,66.8084,81.7438,105.9490,113.2970,91.6348,87.1812,98.5587,95.0035,82.7003,83.2449,87.7120,81.2639,39.7543,34.8956,22.6691,33.2664,44.7436,37.0911,59.1247,40.7766,57.9871,49.7401,58.7429,70.1573,68.7819,73.4593,90.7477,108.0660,106.2360,70.1441,50.5071,70.1203,91.6342,85.4510,73.5506,96.2787,168.8910,262.4390,319.6040,393.8380,384.8310,267.9700,186.0650,130.8630,102.5290,65.9930,56.3955,72.1207,76.3659,114.7320,97.5962,74.0594,55.1137,41.6452,22.6624,33.3724,83.5734,130.3600,162.0940,182.4610,121.4050,83.2545,123.0770,143.7060,136.9740,117.6960,44.6679,44.8931,114.6330,160.9150,152.7040,168.0110,183.0000,189.0410,151.5950,143.2700,158.6080,137.8470,130.7930,96.2349,80.6643,122.0970,144.5050,132.7130,105.4590,44.2018,30.4012,17.2813,51.8886,84.1521,134.4130,178.9690,224.6100,188.8860,119.7030,55.4651,52.7292,103.2360,186.2400,200.2000,138.0030,83.0336,17.8334,72.0281,142.5760,211.3070,233.1330,235.4220,205.2250,159.2430,122.8600,110.2130,127.5340,158.7350,157.7000,158.8920,172.7030,151.4350,112.0460,64.3007,67.0284,97.1783,122.5950,107.4460,69.7948,39.0145,24.9677,21.7708,48.7852,78.6599,106.0360,116.5180,128.1370,139.8650,161.2020,167.5300,151.3080,119.6220,90.7303,76.6652,106.0880,152.7970,156.8170,188.6760,193.8980,171.4400,146.0650,120.1170,113.8780,132.0060,157.4150,194.2700,224.5200,250.4950,233.6220,187.9860,147.1680,133.7620,158.6160,184.6500,222.0560,268.8230
