37963.4000,19467.1000,12693.7000,14498.5000,10800.8000,6729.1400,2742.3200,3667.2500,5229.3000,4805.3800,3330.7600,2529.8700,2357.1600,2112.3700,3346.1600,4761.7800,5030.9000,4268.6000,3020.4300,1929.8300,1261.9400,1178.0500,889.2080,336.9940,154.4570,103.6720,209.4620,315.8120,811.7910,919.1240,970.5830,823.1990,611.9970,572.7700,612.9290,541.6630,392.5860,372.1960,408.8660,402.0970,337.0120,260.9130,172.4690,233.4630,209.9480,161.1710,98.8216,106.2350,163.0370,199.0110,201.9590,236.2030,324.1400,414.8090,460.4990,424.4010,359.5060,322.5490,294.5770,279.6390,186.2740,85.0967,53.1985,82.9789,71.8828,84.9729,90.7371,135.6000,221.0670,284.8480,287.4040,301.7030,260.8960,171.2590,117.0520,88.5051,72.6430,57.4615,48.9941,60.0579,81.0622,68.2754,51.3838,65.4093,66.6894,70.2839,27.0420,60.3182,83.9829,113.2520,132.0860,104.9720,76.5933,53.8385,34.3852,8.7727,30.2157,36.2816,39.8479,38.4717,29.6144,25.7298,42.9717,69.4132,106.2840,134.1660,147.5040,149.8000,139.5520,137.1990,134.9940,122.2160,106.1180,85.7156,66.2768,63.0332,60.3676,36.6041,32.0766,47.0174,55.5292,77.1966,77.2643,73.8258,81.2044,86.7149,102.8720,101.4030,90.6477,83.0205,82.5243,83.1266,79.0594,67.1575,69.2605,76.4974,79.6945,76.5886,77.3370,76.4428,79.8284,78.6170,49.5456,32.3052,12.3162,21.8411,38.1648,66.0439,72.0704,72.0834,67.5328,62.1330,26.1686,20.0705,18.6919,24.5078,29.2351,26.4623,23.6132,31.3187,38.6536,44.4295,33.3123,21.4483,5.8251,11.0782,7.0219,16.9566,31.5889,33.1498,35.3528,33.1856,34.2276,27.9465,15.7177,13.5456,31.9537,35.5589,29.5408,26.9657,28.0392,28.6573,16.2879,22.4070,19.7870,23.3542,30.1840,34.4870,33.3616,23.8867,18.2637,42.6993,57.3710,38.2931,18.7989,49.9815,59.9220,50.5062,32.1728,63.2718,110.0910,109.7070,80.3457,60.1271,30.9608,13.6724,11.0584,32.7728,42.9161,49.1686,13.3546,31.8603,51.5130,78.3076,107.3940,113.2090,95.2865,88.1179,90.4550,98.2801,77.5637,34.5730,48.4132,50.9555,83.4259,70.7494,45.1666,29.1093,14.9259,46.8255,72.5361,71.4144,68.3713,30.0369,13.3225,28.7565,45.2041,36.0997,22.8305,10.5179,12.9887,19.4384,24.8348,22.8282,6.9562,7.4055,19.4401,15.9227,33.2672,65.8962,72.3413,74.4815,51.3466,28.3913,32.2644,56.1387,74.0953,68.3600,51.3117,39.1919,36.1343,43.6194,54.2814,42.2018,32.1869,37.1205,36.0149,33.7899,28.3207,17.7329,6.3139,24.5056,27.4530,26.9652,38.3314,51.2255,55.7307,58.5727,68.8376,69.8991,57.0733,52.5735,61.9755,69.8095,72.2478,76.2322,69.4358,41.3489,22.4027,38.2508,51.9205,41.5203,29.3547,39.3997,56.8814,54.8141,43.0828,31.9790,27.9869,32.1156
36902.0000,18841.8000,12346.6000,14157.8000,10464.5000,6398.0500,2525.9400,3706.0700,5244.8600,4633.9300,3012.6400,2300.5400,2188.4100,2210.8400,3379.8500,4802.2500,5067.5500,4348.7000,3071.8700,2085.5800,1346.1200,1183.1300,909.4810,438.3200,166.0060,117.7390,245.5940,341.9610,807.0270,954.5940,911.1470,854.8960,630.6490,483.9180,455.7970,414.1370,320.6700,300.7330,335.9650,329.7320,310.9640,272.5000,177.0100,223.7480,184.0820,128.1030,56.0728,105.9270,168.5180,198.0820,216.2830,249.1160,340.7480,454.9640,499.9020,458.3920,387.0060,360.0950,342.8910,315.9750,199.2470,84.1128,37.6648,85.0769,65.6049,84.1556,79.7819,128.4410,208.3850,302.3200,316.2430,333.8470,311.6240,214.4840,146.4790,118.0430,94.7474,98.6421,108.8330,122.0790,105.9000,84.0631,77.4714,88.9905,87.2768,83.4026,45.6371,31.4172,71.0733,131.8330,153.3540,124.9360,100.7210,85.4855,56.4593,11.8581,10.7868,20.9884,26.4535,17.3620,14.0234,37.1248,45.8619,55.2230,105.8770,129.6070,141.1520,128.7780,139.7910,155.7390,139.2760,127.6270,109.0200,93.0585,62.7298,58.5582,62.8056,39.7089,44.5948,39.5717,38.7283,44.8363,40.6836,52.9743,61.2786,66.4752,70.9162,72.6400,70.9436,66.4849,69.7578,76.6687,79.7489,64.5900,70.5503,88.7672,92.8110,86.9174,94.3062,98.4882,87.9932,52.9334,23.5190,6.5038,7.8212,19.9892,42.9039,68.2574,69.2372,66.7650,61.3738,58.7721,17.9348,32.4800,28.3735,34.2108,41.9956,41.5413,37.8288,51.5878,55.9859,39.7430,22.8895,20.8302,27.9989,23.9705,11.3948,7.2325,10.5277,17.4332,26.6435,33.6985,36.3758,21.1094,9.2071,16.1394,30.7112,34.2661,37.4479,38.1991,30.3741,13.2784,20.8778,28.0954,31.8370,21.5941,37.0186,59.9739,57.1565,23.5260,19.4816,56.9913,57.8184,41.1448,16.1165,44.4268,56.8226,54.7681,42.4534,58.5956,82.7449,87.5609,72.5038,58.0227,36.9009,26.2417,10.0376,38.3882,43.4776,55.9639,20.2647,35.1772,51.1126,86.4995,103.5790,98.3710,99.1604,93.9361,91.6351,90.7300,82.8207,36.8977,39.7769,35.2787,55.5475,67.9693,45.1678,56.0532,34.6575,58.6226,55.8157,52.5309,49.9460,31.2608,22.7500,32.2321,56.6294,27.6271,19.7336,14.6856,14.9716,13.8207,12.1454,9.3112,6.3030,14.5645,17.8091,16.2518,24.1892,42.3975,62.9695,77.8644,83.9156,42.4249,25.8475,53.7349,73.5222,67.6888,56.0238,48.3343,44.7072,42.9727,38.1277,19.7493,19.6421,26.8990,35.3177,30.9618,25.4954,22.7098,18.5639,10.2545,31.7311,37.5668,32.6409,44.3798,65.7747,83.0346,72.7012,60.9098,61.3811,60.2922,68.1519,81.4447,81.1412,74.5742,63.1932,47.2011,31.5674,34.1215,45.3296,47.7495,37.2336,35.3784,42.3633,41.9554,37.4783,32.6454,33.0999,42.9036
37439.8000,19350.2000,12385.0000,13909.6000,10243.5000,6124.6400,2667.6700,4379.4800,5661.0700,5044.3700,3381.8100,2660.3200,2619.8900,2519.8500,3886.2700,5344.2600,5506.7000,4629.1700,3343.9800,2149.6000,1418.4800,1156.3400,765.5770,199.4700,143.6930,191.8060,271.9910,406.8380,868.7510,953.7260,1045.3200,909.9040,651.8320,529.7720,543.9250,508.1470,417.8860,415.5840,396.6070,398.0380,330.2250,245.3810,163.3050,169.0140,122.2610,86.4190,72.5216,134.8090,179.2020,211.0190,203.8100,242.1020,333.9170,422.5580,447.4160,426.7610,384.4400,359.8420,344.7570,313.2830,222.2110,121.3630,57.8372,87.8057,112.3540,138.2220,131.3470,157.4510,211.1430,310.7590,348.1270,302.8300,304.3820,212.7440,135.7470,102.0660,100.5510,101.5220,117.3080,113.6690,87.6308,95.2832,103.0510,99.3849,89.9253,73.8755,39.1496,33.4863,50.1104,97.7938,136.0810,132.0080,109.7630,86.4644,35.2520,7.6477,12.0135,19.4583,19.6989,14.6746,29.8506,43.6670,59.8240,105.4870,139.7940,144.2090,145.4040,147.7420,152.1880,146.2400,145.2230,137.3120,119.1390,102.3310,64.6165,38.8891,51.7194,42.4257,60.4828,48.9368,46.6160,45.2068,55.9217,64.1856,63.6699,68.4557,79.2286,80.2530,72.4249,72.3875,77.2015,81.6409,79.2818,70.7742,65.7869,68.0991,75.0690,73.4850,82.3473,88.6742,84.3513,70.7432,51.5094,32.2884,19.7551,20.1351,43.9696,69.1646,55.4873,52.3733,50.1373,53.6813,27.9211,26.3548,32.5839,40.9195,42.4304,39.6560,36.1953,52.0563,53.2788,29.8605,9.8127,13.7831,9.5343,17.4925,19.8166,14.9554,24.0371,29.9040,30.1965,29.2921,30.7763,9.0867,14.2815,28.1699,35.1944,26.1400,18.0507,22.9636,17.7214,10.6851,31.2028,35.3385,30.8588,13.0816,30.4238,51.7976,56.3594,29.3869,25.5648,56.2989,58.1246,43.7499,32.1113,38.2591,48.0086,47.0138,54.3709,62.7495,74.5780,88.0748,73.7040,60.8610,31.3243,13.1157,12.2871,34.1052,44.2883,41.5947,8.1303,25.6925,53.4489,84.5207,107.4560,115.6750,109.4110,102.6770,91.1088,85.7111,73.6000,44.2589,31.7047,33.9811,78.2967,71.6414,39.7337,12.9751,22.2667,49.7072,79.6775,84.0533,80.8042,36.9134,14.8469,22.0756,45.6660,54.9514,38.5827,19.3457,18.6363,25.3326,26.7714,8.9187,10.6105,18.0760,17.5652,14.6917,18.7796,48.3666,65.4019,73.3681,66.4132,47.9629,46.5669,56.3794,52.2920,45.9522,48.7049,43.6794,43.3908,42.1461,46.5114,26.4513,22.6224,22.9006,31.5660,31.7384,25.9588,10.4814,4.1245,21.3457,37.6373,40.0251,41.8659,55.8090,70.8909,75.9082,82.4331,92.1203,74.7842,56.6400,63.1592,78.9876,79.3780,75.8027,67.7466,49.4935,32.2108,33.6137,39.2744,44.4960,41.1274,35.8804,44.9629,48.0087,38.7555,22.1305,18.0290,31.6011
38020.7000,19550.7000,12695.6000,14472.5000,10819.9000,6742.6600,2673.6000,3612.2600,5403.3200,5014.1100,3528.7300,2625.8100,2476.9900,2410.3200,3738.8400,5113.0100,5240.3400,4368.6700,3113.9000,2100.6900,1474.0800,1310.8200,882.7230,247.5350,107.9600,174.1330,229.5450,435.0940,906.2030,1014.4700,1089.8700,950.1200,703.9710,630.7240,642.7100,563.0450,429.2100,392.8390,369.1860,364.0170,316.2000,243.4030,175.4390,237.0310,203.7240,151.7210,94.7874,125.1880,177.7540,222.1620,242.6350,269.6810,349.1410,442.4780,471.4270,451.3450,406.9780,370.2240,334.7620,310.8740,232.3430,135.6530,65.3467,76.4766,104.9950,133.6310,156.4940,188.3380,236.0290,301.4350,329.4320,295.8200,268.1580,198.9160,122.0250,100.5370,112.2590,121.5290,137.2230,127.2020,113.8030,105.6560,98.9590,93.6587,99.7994,95.9131,43.5864,40.4151,54.3871,101.1190,125.7500,110.2770,94.3233,80.0841,63.8526,36.7950,15.6805,11.4852,13.9939,9.2501,17.2462,38.1222,60.0980,81.1475,119.9300,132.7970,135.6070,122.5980,114.4790,116.3980,127.4010,119.3790,97.8461,71.1814,41.4231,41.9274,59.1570,48.6275,71.0512,67.1995,57.1324,51.0238,35.9540,39.1657,51.6507,56.4922,71.9735,64.2708,57.2057,56.5244,62.6356,64.0884,62.5969,67.6896,71.0255,72.5291,81.5228,81.3929,82.3568,80.2134,75.0177,54.7067,33.1607,19.3284,19.6958,30.9969,53.5661,84.2448,74.3476,58.3062,49.5463,47.7355,36.5274,13.2793,32.5766,44.4824,53.7870,52.9082,48.3200,53.3762,53.2996,43.4422,31.9828,22.7879,23.4169,21.7961,12.4038,12.0259,14.6267,17.3630,32.3187,50.1080,53.6316,18.8179,14.4600,25.0903,36.8987,37.1437,22.5524,12.0187,14.1935,14.2523,30.6465,40.3435,47.1032,11.0518,22.6551,46.2726,57.3745,34.7741,17.6767,38.3689,60.2815,42.8514,22.6119,54.1514,67.8975,62.5023,40.8531,62.2377,77.9377,80.4606,77.5741,63.6532,38.0448,15.1826,8.1662,27.8100,41.1500,47.9511,15.9529,16.4294,41.7662,73.8951,104.9940,114.2240,104.3030,92.3822,74.7287,77.4231,82.3876,41.2227,41.2068,38.8813,63.7280,69.5884,51.4054,30.1775,16.2960,62.6648,76.2849,77.6435,71.9626,52.2106,29.0665,24.5116,37.2808,39.8567,31.7966,21.8688,19.2467,26.9931,35.0722,24.6220,11.0296,5.9436,19.6050,20.8518,24.9381,50.1637,67.2168,80.3935,67.5040,33.4662,38.4483,73.6192,80.2043,55.7260,45.6657,51.3430,51.5209,42.6130,29.8369,14.8659,17.3118,19.0909,31.7264,37.1600,35.7949,28.4494,22.7879,12.4241,42.3635,45.4512,43.6667,39.5982,53.4713,74.9355,78.8730,72.8671,61.0449,55.2306,54.2672,57.6256,75.1590,85.2024,82.3523,50.4533,24.3593,31.7350,41.0147,47.0771,52.1740,48.6325,46.9584,49.1316,49.6241,43.4704,27.1765,26.1054
37171.2000,19165.2000,13060.4000,15238.9000,11652.8000,7635.7000,3162.2000,2602.3200,4678.2800,4485.9000,3190.7100,2264.0800,1991.8100,2067.8300,3228.4300,4542.4200,4772.5500,4014.8800,2764.8700,1960.4500,1532.2800,1453.2500,1147.9400,539.2600,205.3520,95.7790,146.8490,381.1760,888.2300,1042.1400,999.7450,894.9300,640.9960,597.7130,662.6830,576.1340,418.3990,369.7450,390.9550,379.4370,335.4000,269.8860,186.0430,238.7330,201.9690,140.7460,81.4852,115.7570,164.3160,189.7660,222.2560,254.0500,326.8750,451.9530,522.0950,489.9730,426.1910,385.9680,344.1760,317.2760,241.9310,132.5960,58.9603,94.1214,108.7500,137.6410,149.1990,166.4570,206.1650,275.2640,308.7060,280.6540,261.8420,200.2250,118.8290,103.4090,134.4630,148.6820,158.5300,135.4000,107.9710,110.3650,107.1230,109.4630,107.3080,99.3195,55.8726,34.9265,45.2728,77.9929,112.5880,116.2170,97.2974,90.6631,64.8722,40.8909,28.2057,29.9356,11.6783,5.1343,29.0134,36.3257,56.3020,77.2435,102.7580,106.9220,109.5450,106.8400,99.0630,88.5572,98.7856,102.0110,92.7479,73.9714,47.7490,51.8123,59.1113,54.2774,67.6023,70.4681,54.8294,51.2116,39.9388,43.2884,46.9118,56.1671,78.9012,87.4105,74.0455,68.4069,63.7531,73.1559,69.8703,65.2979,65.9127,68.1984,82.7276,86.3117,95.4364,89.2682,74.6730,57.9713,31.8247,11.6307,9.1867,28.7295,59.6080,71.7293,69.1731,75.9144,73.8506,66.8261,40.7941,14.4982,36.7240,42.6001,53.0992,44.8004,33.9321,44.5292,63.6781,52.5717,35.8531,18.6786,17.8478,17.7255,12.3094,2.3684,18.4912,20.4668,22.4890,22.5379,30.6938,18.3446,11.5029,26.6824,39.1795,29.9048,22.3048,18.3996,16.3073,12.2230,19.4600,29.9137,39.6992,7.6703,28.9097,53.5244,55.2761,17.4050,19.4277,64.6369,71.9447,53.9048,25.2551,36.8041,56.3834,66.7775,37.5642,48.0187,96.5289,95.1522,69.2452,46.1887,30.9153,25.3054,17.0314,36.6440,40.8788,43.8834,22.5913,23.6536,47.4299,77.5966,87.1157,89.3415,92.2962,88.1890,84.5871,75.9337,53.1289,21.9820,38.0833,51.3241,81.2359,81.7091,48.0363,21.2631,18.9850,50.8420,68.8823,71.8556,68.1167,39.7806,18.5409,27.3766,40.5910,33.4082,24.2404,14.5730,3.8852,18.4737,27.8175,23.8913,12.5289,15.6232,21.5796,17.2377,34.4938,48.1709,54.6962,56.3544,55.1275,34.7442,36.0333,63.5904,69.8685,55.4547,46.3281,44.3388,47.4197,44.8795,34.8683,25.6868,23.9084,41.1256,43.9258,36.1439,35.2322,30.6886,16.4272,16.1416,29.5075,34.7483,30.7824,39.0932,59.4453,80.7230,84.4320,86.8092,85.4568,76.1727,68.4175,64.1861,66.5552,73.0192,73.5888,70.8362,39.3013,20.9064,41.8179,58.9684,29.3609,18.2628,36.9230,46.8213,42.8433,32.9083,16.7972,22.3710
37497.1000,19748.2000,13388.2000,15476.8000,12065.9000,7964.9500,3337.1600,2817.4800,4926.3700,4822.4100,3556.1600,2599.8300,2385.9900,2220.5100,3487.1500,4744.7400,4896.7900,4052.9100,2814.6200,1913.1600,1492.5200,1429.7800,1056.6600,434.1510,216.7650,146.3440,108.0010,332.8700,826.1320,990.8000,1060.0100,873.1100,660.4280,673.2030,751.0230,660.6550,515.5120,479.6270,474.1640,510.3710,419.5730,296.7760,212.2140,241.8570,176.9200,115.9870,73.8047,141.5250,192.5510,198.3450,157.6370,173.7540,268.0230,375.5790,430.7600,424.4650,392.4510,371.5160,338.8590,281.5290,180.4040,95.9225,79.2438,132.6480,168.2300,192.3830,172.3540,180.2000,205.4820,269.2770,308.0460,274.2000,235.0230,187.3120,113.1430,133.3260,199.1610,197.4550,197.6910,193.7570,166.5500,130.7950,107.8410,93.9528,89.8468,73.5823,54.0637,79.3114,83.9189,104.9270,133.5050,126.2490,93.8300,85.7183,68.0340,49.8586,56.9977,54.8482,47.6656,47.5722,50.2647,53.5640,46.4526,51.9133,62.3834,57.4682,53.1059,62.2040,77.7463,78.5443,80.4603,85.8957,70.3946,57.6309,61.5951,83.6497,93.2453,62.0277,53.6356,45.5231,29.5852,19.0834,14.2892,19.1633,33.5289,26.8709,40.5277,37.2802,42.3387,50.9839,53.9168,47.7174,49.1113,59.5597,59.5832,49.2763,54.6979,69.5285,76.0202,64.2714,45.8114,35.6530,17.8258,39.2929,67.7572,87.6076,115.0490,149.9590,147.4630,135.4750,130.4660,120.3750,96.7485,62.7445,60.4712,67.9820,67.3539,79.8935,85.7578,80.8702,80.5729,94.4916,104.5510,76.9754,53.0042,76.4788,89.7509,71.2125,54.4912,53.6565,51.9642,35.3068,40.0697,58.1824,59.2315,29.3387,23.3812,38.2389,30.0785,17.1886,10.0693,14.2566,20.9849,29.2107,32.6335,19.9462,26.9405,54.5828,64.1663,27.1258,16.6428,50.7133,65.0973,40.6494,30.6615,61.5479,73.8662,65.7023,46.1190,68.1769,86.8145,85.7364,67.9692,49.7904,16.7461,10.4930,32.5078,59.4387,69.4613,63.4002,14.6968,18.5152,36.5884,55.5301,93.0557,111.8900,108.2610,97.7622,85.3655,74.7105,62.9936,26.7230,21.8171,45.5327,67.4708,72.2130,56.5880,29.5066,28.4518,64.6814,80.8097,85.4234,81.2733,53.4125,32.2558,44.4532,60.1860,54.5913,41.0994,21.4577,13.0888,23.1918,28.4367,14.1319,16.2964,27.7886,18.0528,17.5885,44.0692,59.3216,68.0692,71.4129,61.6014,38.6674,50.9437,73.4557,66.4839,62.0228,61.0753,51.0314,53.5458,52.5240,50.7038,24.9789,10.7835,12.5210,33.1569,47.9189,46.8733,37.5668,18.9065,14.7991,36.5033,42.3564,34.5241,33.3081,51.5712,70.0254,83.0814,95.5555,73.3651,65.4771,72.7558,62.7743,72.5711,91.6952,98.5083,80.8953,40.6644,25.9370,46.5540,56.0200,38.8057,53.2592,71.5355,59.1919,52.5868,42.8993,31.9112,26.4377
38063.5000,19919.6000,13585.1000,15757.8000,12248.7000,8166.6700,3553.8400,2484.4400,4619.9900,4615.5900,3465.8500,2496.3400,2186.3900,2026.8900,3278.4100,4613.8300,4841.9700,4004.2200,2758.4900,1630.0600,1215.6900,1288.9700,1138.1200,583.1360,320.9560,196.6520,118.2690,402.9540,898.1740,984.5750,992.9590,702.5720,512.6020,645.3730,751.7700,633.1740,492.8030,510.8640,496.6320,506.5210,409.2650,309.5980,228.7600,276.2350,231.7830,182.2960,139.3530,159.7150,203.4780,252.2220,236.7350,212.0050,260.5290,343.6900,409.2500,405.1910,363.2890,318.9640,290.2580,302.3820,243.3010,157.6620,103.6140,114.1550,145.2260,185.6270,199.6340,217.5320,244.9760,280.1860,338.7430,350.0410,281.8400,243.0440,181.0790,156.1980,200.0950,200.0750,155.0500,124.8560,94.6539,106.8660,122.1480,114.6700,111.9170,108.5180,74.4974,83.8542,94.4543,81.3537,94.5221,82.5102,58.0630,45.4633,37.1756,21.9793,31.1850,18.7106,12.9898,4.3217,11.6022,30.2686,47.6803,90.3000,89.0850,73.7411,69.8093,85.5539,92.7010,83.5817,98.7681,95.0299,76.6500,64.1321,56.8876,65.4417,69.4706,48.6008,55.4967,43.6535,38.9019,50.4424,51.4349,52.8532,65.5904,85.3104,109.0480,102.7450,92.1725,87.9026,83.8357,85.2754,74.5725,71.2097,73.5269,73.2900,95.7799,107.6410,118.0330,90.2611,76.6256,66.9458,32.8708,12.2138,15.9577,21.0368,58.9496,107.6510,108.0940,96.8824,76.5800,74.1774,69.5545,24.6157,35.0869,38.5473,42.9384,27.1858,30.2848,44.9062,40.9215,30.5843,24.1692,17.3080,7.8933,9.2424,12.3776,15.7106,17.4083,16.3788,15.3884,26.8066,41.9985,19.9310,27.4570,25.6409,46.7889,40.3475,26.6767,17.0880,10.6551,18.9109,26.1651,25.8022,19.7541,18.7318,46.2214,62.7876,50.3627,19.1193,31.1972,62.2309,76.9585,60.5934,41.9936,51.8914,59.8560,53.2979,36.0139,53.1238,79.3052,75.4988,50.7343,24.0108,15.4818,34.4190,44.8214,63.0419,69.6461,67.4672,32.3562,24.9643,50.5724,82.9975,98.7353,102.5030,95.0520,78.9915,76.4094,71.7881,65.3394,28.6035,24.7118,40.5169,65.0899,64.7096,38.3839,16.1302,23.6357,58.4873,84.9379,88.3776,83.0766,39.8622,22.5792,44.6073,59.8051,51.0013,35.5530,23.7663,25.4347,33.4679,38.5967,28.0634,15.6964,11.4927,16.5132,15.2803,29.3871,61.6660,68.7960,66.6077,47.1503,48.3668,50.0721,54.4600,71.6698,61.8095,43.2445,43.8850,48.6666,47.2472,42.2342,39.9134,32.2557,39.9186,51.7164,55.9863,48.3017,42.9368,33.3435,19.9758,24.5932,38.4348,38.3439,34.0103,51.9622,71.6251,77.4264,85.9404,84.2710,78.2655,73.9288,73.1246,83.1146,85.4495,78.0536,46.6513,29.3901,25.7027,24.5721,31.4760,34.9931,36.4256,43.0657,52.4669,54.0716,47.4838,19.9422,18.5392
37127.4000,19192.9000,13657.6000,16673.8000,13667.4000,9932.5600,5756.6800,1690.8400,2470.1000,2942.5200,2367.8700,1584.7300,1091.5400,1052.8200,2328.8300,3357.5400,4153.7200,3951.7900,2629.6600,1660.0900,1169.5300,1024.1600,932.6310,622.8410,339.7190,215.1790,179.9660,171.0890,304.8450,443.9160,451.3640,396.1870,440.9170,582.9260,648.1630,455.1310,239.0280,157.6670,253.2040,297.9770,309.3250,340.6690,270.5890,383.7700,382.7880,256.7230,146.2510,138.8010,237.6650,306.5140,340.4830,301.5750,286.7100,389.4780,485.6860,464.4000,397.6860,318.3810,302.3500,312.8140,286.3760,165.8280,89.1834,66.5879,82.7553,101.6890,108.2500,127.1560,170.0430,218.1710,251.3840,311.7730,292.5610,199.8510,165.2240,101.0820,75.6465,96.5090,108.7260,130.8120,109.1740,85.9147,97.0240,113.2340,100.4680,90.1229,31.8787,19.0913,41.7544,67.2149,97.4930,120.7260,120.7860,103.3790,83.4946,50.3359,44.5513,67.9609,82.4423,64.2538,45.1714,46.1461,52.0102,48.2721,53.7716,68.5566,81.6772,80.1519,86.0019,94.5654,91.6262,93.7715,92.8492,80.3309,56.6809,43.8702,44.6603,29.2413,18.7059,20.9482,25.2796,32.9711,40.2442,42.6170,48.5358,57.3670,76.1320,89.9269,75.8112,65.4829,72.3473,90.5697,95.3202,83.8384,74.5548,62.4895,81.9071,98.6857,111.3860,85.2964,71.1559,63.0686,32.1183,31.2491,61.8308,71.2612,67.4927,70.8364,77.1443,72.6764,73.5688,66.1954,48.0548,23.1501,39.5647,44.2336,56.7955,48.3706,29.3604,32.8867,44.4821,33.9513,21.4892,17.4011,24.8061,35.9957,20.8358,32.0645,23.4625,23.2385,26.4648,37.2854,40.2606,26.9500,15.9356,11.8441,33.9375,40.4402,32.4360,31.8531,30.5287,31.1292,54.2673,52.3357,45.9179,32.3649,36.7064,59.3242,69.0028,32.5449,15.7884,40.4105,44.9533,27.7964,18.1184,42.1956,47.0013,45.8261,43.2717,61.4730,87.7185,92.9070,66.7008,40.2761,26.2032,22.0917,23.5809,30.8260,35.2826,26.6258,8.7406,32.2963,49.0636,72.9261,76.4109,74.1036,73.6243,64.7109,52.2944,54.2730,70.8156,42.1477,68.2419,54.2782,73.3326,60.2079,41.1711,46.2247,37.7334,70.0549,99.5158,88.4365,88.1306,43.8591,16.5222,30.9808,46.1607,43.9134,26.3152,18.2672,57.6270,46.2625,39.4643,16.5610,11.8236,13.4724,18.2752,15.7650,23.3060,51.0035,62.0572,58.4296,50.9386,52.1715,70.1794,77.7597,83.1466,79.5736,60.8749,45.2630,34.2189,34.3945,32.4971,28.6761,39.4192,51.4233,44.9301,40.0056,47.8697,48.2606,34.2426,29.2154,50.6136,55.6483,34.1697,44.3551,67.2434,82.3649,95.3967,100.5020,83.2878,81.9532,90.7651,93.9623,103.3320,101.4630,92.6837,62.1672,39.0921,24.8469,36.7649,55.4386,38.0389,32.6038,59.8724,63.6471,51.6954,43.2701,35.4795,29.6601
37049.3000,19487.3000,13555.9000,15966.3000,12739.8000,8893.6800,4570.0600,1627.4900,3284.1400,3468.8200,2594.6600,1693.0600,1135.6600,1358.2800,2846.8700,4033.6800,4581.7200,4085.4100,2754.7400,1915.2000,1519.5000,1452.1900,1238.8600,670.6300,310.3290,200.1130,209.7400,192.7070,369.1120,366.3810,352.6050,305.4820,395.8240,574.2320,589.7670,404.1080,245.1790,189.0570,268.8830,317.7390,348.1980,329.8270,318.4070,415.4900,335.1010,211.5310,114.1090,178.5600,264.4530,302.7780,320.0840,289.3580,285.0480,353.2480,426.7800,419.7230,376.4080,317.6250,297.5230,300.8380,260.8240,149.5780,79.6808,106.4890,131.8110,136.6010,117.0900,105.3050,131.4670,155.9220,164.3800,171.4930,169.1850,163.5100,157.8200,140.2640,74.1861,46.2323,47.2134,60.6392,46.5303,82.5279,126.2530,121.0180,110.7880,61.9258,22.6504,29.7317,40.2236,48.7585,71.8865,91.7950,105.2690,100.3470,84.3126,55.6316,35.6711,48.0279,63.5388,52.1238,39.0566,53.9137,58.3428,54.8637,74.6994,84.2094,90.9093,76.9656,58.0779,53.2682,72.4813,82.7954,65.0360,55.0839,51.1949,49.8059,38.6892,17.7616,4.7877,13.0457,20.8887,22.3660,21.7761,35.5051,47.0700,59.2174,78.2058,85.3304,78.8913,74.3079,83.2982,94.7098,98.3006,87.8450,72.0455,72.5113,79.6072,90.5251,91.2980,79.0614,70.6394,55.2322,47.5650,56.8483,64.2493,92.4304,113.5080,131.3690,119.9420,105.0280,82.6881,71.0755,42.4822,42.6752,42.5598,53.6133,48.6345,49.3102,58.3543,62.0880,57.7475,49.4822,40.4602,33.1382,25.5039,16.5177,16.2061,9.2253,38.1752,43.7434,49.5166,42.2118,43.6324,41.8734,19.8637,5.8778,31.4562,18.6562,11.0810,11.2349,20.4508,15.0429,38.4241,27.8032,18.1262,30.4699,52.4229,78.6382,71.2786,47.2865,41.6628,51.6792,56.5966,44.2403,22.0761,45.0069,59.1722,56.8837,22.1941,43.9569,89.1360,86.5557,59.8301,41.5432,22.9139,11.5901,31.3772,44.8312,43.4399,32.4047,8.6152,19.5773,36.8762,58.5553,90.9045,98.0156,85.8096,76.6009,70.6107,59.0589,40.0561,22.8592,42.6850,47.6806,73.9223,79.4663,46.9333,50.2039,37.1954,84.5578,98.4194,102.5230,109.5490,90.4044,42.0147,25.9516,41.3978,46.3530,34.9772,24.9546,25.9854,44.6685,47.8878,40.1257,20.1674,13.1975,15.4277,32.0025,59.4945,77.3398,80.1946,79.2489,67.8643,44.7982,49.5957,73.1314,77.7800,62.4622,57.1638,57.4492,56.1217,43.4252,24.9739,24.4432,25.7202,38.5537,33.2197,29.5789,36.7038,32.9676,25.4145,35.3294,48.2568,46.7964,41.2725,66.3278,91.6253,90.7209,80.7398,89.2922,78.7119,75.9514,106.6690,117.4320,117.0690,113.2150,113.6720,80.2800,23.5456,23.9118,50.8825,49.3538,34.4994,45.1870,57.9081,45.6839,36.9129,32.7991,24.6726,23.3852
37990.0000,19889.3000,13255.8000,15353.4000,12176.8000,8447.4600,4165.4800,1755.5400,3618.5500,3877.3500,3077.1700,2183.8200,1578.3200,1481.3200,2622.5100,3941.2100,4322.0500,3735.7300,2636.4700,1586.7300,1055.1800,1139.0000,961.9950,405.1670,113.3230,87.9844,168.6330,223.0750,490.4080,525.5550,528.5560,372.7900,435.3900,662.0290,709.8810,563.5730,455.6020,372.4470,392.4460,409.0480,371.0640,337.0360,328.2710,380.9260,273.0760,175.5370,95.3141,119.7630,164.5290,189.7800,176.4470,181.8770,249.0030,344.8410,403.9250,376.9510,324.2910,284.4440,247.8080,232.0030,184.6540,128.3480,95.2330,117.9340,140.6320,145.4690,121.4290,96.8393,114.7220,158.6800,199.9880,199.3380,216.8740,136.8360,65.3542,61.8069,45.8740,66.4656,45.7707,55.2097,58.2330,102.2910,126.7820,117.9600,107.1630,77.3591,28.7631,20.2265,46.2637,60.8635,56.5230,72.3121,90.4277,84.8454,68.2395,59.2617,60.9720,71.2253,82.1011,78.3423,65.4427,43.0034,25.3882,39.4533,66.6797,82.5922,99.5793,73.8891,32.5957,44.6153,81.4436,94.6667,81.6815,65.9846,36.4484,26.6998,40.5173,32.6848,43.7642,37.6217,28.3018,21.5637,16.1004,35.5312,48.2890,70.8620,83.8046,61.8967,49.2083,53.3569,74.3640,99.8326,96.0459,76.2038,76.1694,78.7494,77.4063,87.5155,101.7380,102.4940,88.8150,71.5762,55.5084,51.4161,35.4706,50.8705,56.2292,72.7235,83.7227,79.9989,70.7941,57.7609,53.9082,21.0955,33.8760,42.5667,47.2744,27.4408,13.3619,19.7990,34.4310,30.4307,24.3405,18.7823,18.1744,18.2014,13.8782,9.4163,19.2685,20.3415,21.7715,21.9251,26.1642,12.2908,17.1285,36.5634,57.9343,46.6701,32.2768,20.3388,12.6474,8.9708,45.2915,48.5632,46.1765,20.1956,30.1615,50.8160,50.9854,35.5202,36.1628,59.5487,66.2469,45.9887,30.4316,46.5160,55.9045,57.5609,53.1084,52.6798,67.0397,93.5663,65.6015,35.8993,17.2393,29.0043,30.1024,49.4608,57.5493,62.3108,27.5625,49.3329,63.0036,99.6089,105.9940,97.4027,107.1050,102.7430,92.1292,54.7497,47.5353,37.1884,30.1853,22.8570,48.6992,47.9170,34.5637,40.1537,35.9902,94.3621,117.3740,115.8320,114.9310,85.8643,36.3730,24.9357,56.4288,75.1923,57.1285,36.3859,22.6041,41.5508,57.3822,46.4434,16.6240,23.1149,45.6462,45.2729,50.2320,69.9574,79.1307,83.8516,81.2133,50.9872,46.6598,87.6927,106.4330,81.5152,60.1456,41.6060,34.5863,30.6412,15.7207,5.9891,11.7827,26.7299,46.2302,43.6914,41.4918,35.3958,19.5056,41.4959,54.1723,54.6988,41.8114,40.5381,55.8321,80.4589,90.7728,80.2848,62.8927,57.3358,76.3233,91.2939,86.5796,81.1611,78.2752,68.8324,32.2673,17.5124,31.1358,37.2354,29.9067,30.8263,37.3662,36.9342,38.3642,39.3024,32.5747,13.8005
37695.4000,19445.8000,13235.5000,15707.5000,12599.7000,9009.8400,4884.7000,1741.8800,3121.4100,3585.3600,2971.2100,2043.8200,1283.4500,1177.6500,2405.7700,3573.9200,4013.9800,3575.1100,2517.0000,1568.6700,1129.9300,1182.2200,1015.3900,453.8660,143.6240,21.5906,96.0199,254.2910,547.0710,578.1470,555.4820,395.7780,480.0680,719.3960,791.0770,627.5520,457.9770,382.8620,366.3890,404.2260,390.7080,348.3420,291.9850,361.1090,270.9570,169.6670,77.4552,103.0220,164.6070,186.9110,191.9670,188.0860,231.9340,328.0440,403.0980,397.2290,354.2570,311.0950,256.6820,226.7950,188.4000,133.9380,95.8875,98.0254,121.2510,141.2440,143.5630,165.4170,218.2530,280.4920,302.4290,310.9430,277.9970,177.5160,123.3200,102.4240,101.2910,101.1350,97.4587,97.8787,64.2279,83.4311,109.9030,102.0600,92.5896,51.1501,15.0022,21.1823,45.0617,71.6253,91.3321,80.3710,71.6474,85.6480,93.6856,87.9572,90.6368,95.9987,100.8000,83.8785,58.6255,36.1985,30.1872,64.1462,94.1600,115.7830,118.0770,95.1490,66.6745,37.3379,44.4367,76.9106,78.6834,75.5565,38.9800,14.2783,20.1634,25.8306,51.0832,50.7932,40.4253,32.2348,20.1103,19.2935,39.2787,40.2186,68.1298,57.5536,42.2448,41.8452,64.7689,90.7079,86.3101,69.5189,67.4994,87.9656,101.8500,106.0820,96.5413,85.7283,79.5681,63.5195,33.3982,31.8369,48.1682,58.6323,83.0992,126.1900,117.1200,101.4630,80.9712,83.3372,64.7606,17.1864,26.4125,53.1142,47.9732,37.9612,28.1727,39.2428,62.8621,57.6016,47.7758,37.3148,33.8122,19.8124,12.9106,10.0586,20.6484,24.3835,32.6583,22.4724,25.9756,16.4604,24.0052,22.4814,37.2049,42.1760,31.6684,18.3807,8.8921,12.3013,19.2565,39.4805,42.9127,31.4257,31.1159,60.9877,71.9141,31.9112,25.9020,49.5835,51.8602,36.9098,27.0718,50.5588,59.6750,51.3050,28.4517,49.0174,75.2003,69.3257,54.3461,35.8251,19.5108,12.2195,37.7344,59.2229,65.6417,60.7926,33.2200,17.4255,43.6813,79.9827,81.4470,72.1048,86.1986,85.5527,82.7031,69.5780,54.3149,18.8770,35.0163,48.3196,72.5062,66.7906,36.0693,28.6939,42.4293,97.3269,135.5960,141.3250,147.3560,100.5040,31.5963,31.4859,66.1537,61.3459,37.3442,17.6852,38.6204,54.3832,55.6192,43.0035,31.0556,36.4682,44.0264,34.5848,40.6533,83.9018,98.2671,96.3489,81.3175,55.3734,47.5450,73.4198,97.5159,73.2455,48.4425,32.7680,26.7580,19.9391,15.2384,4.5891,6.2830,18.5544,52.1321,59.7760,48.3667,30.8740,21.9004,21.6358,39.3196,49.7944,45.0163,49.3855,66.6454,87.5719,95.6264,90.8571,71.8507,71.4819,84.6189,84.8471,88.2682,104.4040,108.3530,92.0233,42.2385,25.1209,47.0423,58.4747,46.6353,43.3817,57.8427,63.3393,55.3534,50.7401,46.7942,39.8440
37225.8000,19412.4000,13073.7000,15397.8000,12461.3000,8937.2200,4847.0700,1899.6700,3160.9200,3629.2700,3007.8700,2224.6800,1629.5700,1386.0000,2582.2200,3915.7700,4326.9000,3824.1700,2785.9700,1782.9000,1342.0600,1433.8200,1145.0600,484.5100,217.3790,281.0740,336.3590,319.2830,508.4690,435.4930,398.1000,264.8380,433.9780,700.7440,758.9030,608.1000,492.3790,394.5100,395.5240,403.3810,345.2170,318.7150,322.3520,366.6140,248.1470,127.6400,41.8904,127.8680,196.2010,236.1740,261.3980,249.9050,251.5730,290.9180,333.4950,317.6740,278.2990,220.8300,160.0920,149.5700,126.9250,75.4274,50.4733,79.0759,92.8665,103.6270,75.0430,54.1304,72.3520,126.7450,213.6160,253.7190,276.7420,265.9730,181.6930,113.2750,92.0453,57.0691,67.0848,53.6935,37.2039,63.5740,108.3260,113.6180,117.0410,78.9413,24.3127,28.7181,42.8694,66.0178,82.7007,80.4799,66.1985,56.7859,48.5871,42.8850,36.7500,40.7992,52.9886,59.1523,52.7155,47.6113,57.1192,87.2278,125.9640,154.8460,187.0320,178.5800,118.8110,80.1735,94.6199,95.7236,77.7210,60.7882,54.8666,53.9876,53.9547,37.0948,38.6601,43.1410,50.7149,56.3434,44.4176,36.9346,37.0672,38.5013,44.7819,44.2466,39.1858,38.9002,50.7414,68.1522,63.1961,42.7550,45.3841,64.4808,79.1253,86.1916,89.4836,85.5408,84.0722,77.7573,45.8288,18.3059,21.6201,26.9428,34.9886,62.9629,71.4153,72.0658,57.7589,60.6892,66.0442,36.9036,42.9607,35.8159,39.1485,43.0374,44.5938,37.2726,33.7991,30.1012,28.8673,27.6789,19.8476,11.2604,16.7697,12.7355,27.3400,26.0178,31.5988,40.8149,49.1164,23.0020,28.9312,35.5706,32.1976,20.1304,24.0380,27.2034,30.9538,25.9887,25.6476,22.3987,13.4690,27.6382,42.7789,58.7289,42.5093,20.0827,24.5761,42.4858,52.1585,44.0449,37.9521,50.8684,57.5285,52.6097,24.8058,37.6391,60.9055,51.9181,40.3498,28.1361,17.4729,5.9625,39.8485,57.4827,63.7852,54.2551,15.7544,21.9623,35.4679,53.2392,71.9840,74.4854,78.5978,80.4753,84.4837,81.1314,70.6673,43.9145,36.8998,23.5056,48.6762,51.6769,32.2650,30.3806,32.1816,82.4855,120.1960,129.2620,149.2110,131.8880,61.8443,28.5554,53.1994,69.5889,52.9194,30.2593,28.2714,56.4750,71.0223,57.4055,26.4187,30.1749,46.1685,47.7876,56.5347,82.9874,97.3415,101.7440,89.9509,57.7030,55.0247,78.3366,89.3200,69.5799,51.5829,50.0357,49.4674,40.9876,28.9777,16.5963,8.6529,15.4637,33.9312,38.1968,31.2244,22.7679,15.4582,27.6013,51.4498,63.9956,69.2241,71.0708,71.7411,77.0979,84.5017,86.6444,92.4381,88.5733,89.0833,103.4870,110.1830,103.3460,87.7417,67.0574,32.3606,21.0130,26.8116,12.2925,22.3444,43.9380,38.6654,41.3041,50.1722,39.1806,29.4630,38.1448
38166.4000,20048.3000,13328.6000,15547.5000,12583.0000,9048.0500,4913.8200,1917.9200,3154.7000,3734.0800,3210.3400,2372.6800,1677.5300,1385.1500,2646.9700,3965.7700,4267.8300,3696.1700,2694.1900,1688.6400,1269.4900,1346.7100,1045.7200,399.7070,201.1030,339.3150,374.7030,326.8820,512.5610,457.9090,429.7540,301.2240,461.9140,725.9540,776.7360,643.1470,545.9010,460.0250,446.7500,450.0000,385.6680,338.4120,331.7010,346.0870,227.0520,120.2790,103.1770,213.3850,267.6700,293.8020,265.3710,227.6750,238.3080,291.4170,337.7940,335.2310,309.3430,244.1650,135.8790,107.9200,114.4200,69.5552,51.3227,83.7427,95.4258,117.5830,111.4830,101.6620,115.6410,155.9060,216.5550,220.8230,289.1720,271.8170,178.9500,129.7440,42.2719,73.2766,133.1470,133.9720,106.1890,96.3973,93.2031,90.6077,74.8179,45.0961,13.0502,40.7151,76.9687,103.0490,96.1196,92.0987,83.7568,71.0092,47.6799,10.9404,22.7793,35.7369,47.6474,29.7504,12.5985,10.8673,19.9018,27.3594,34.5367,54.6337,50.1656,54.6024,66.4173,68.7922,84.8824,98.9969,61.9949,43.5217,21.2583,22.8806,18.0094,19.9666,9.3656,4.7135,9.3268,17.6771,14.3959,9.9934,24.5029,56.2924,66.8284,66.1917,66.7666,57.5272,59.8402,77.5866,87.5894,71.3641,58.5944,59.2487,69.2455,81.0457,89.0546,93.4980,79.3089,60.5579,32.9258,40.3409,84.7761,70.2054,47.8890,24.8595,40.4989,42.2860,43.3843,60.9569,56.1525,22.5875,23.7384,35.7770,46.5775,50.2493,32.2697,18.9686,20.2279,22.3583,17.9831,12.9514,13.1533,16.7062,25.0231,6.1078,22.3976,21.4937,22.8447,28.3433,27.5707,43.4277,35.5338,37.7834,29.5003,25.4267,27.4603,19.5677,14.9640,11.4431,42.1059,50.6205,55.3619,23.8620,35.8020,51.6259,66.5473,32.0541,25.3587,51.8610,59.3371,42.7345,26.8568,38.3599,45.0873,35.5706,30.0904,50.9460,76.7945,82.4068,57.1680,48.8416,20.8834,33.2335,43.3857,52.3735,51.1757,43.2321,16.9722,28.4106,53.4849,77.1643,108.6370,113.6360,89.1455,70.1132,53.6904,43.9218,47.9659,41.4537,78.4633,64.7603,81.7332,40.6782,35.4759,36.3349,67.8125,114.2760,145.0870,126.7370,120.6030,79.1915,32.7894,16.6369,34.3953,45.6210,20.4603,12.2629,46.4985,57.4520,51.8727,37.2714,31.0726,48.5671,62.6943,47.7774,47.1271,82.0265,92.5113,90.7425,74.3647,62.0311,72.9486,93.8260,93.3246,74.7400,64.4809,58.1708,58.9220,52.8219,44.3085,22.3404,12.3916,11.5248,24.0897,21.2021,16.7790,13.2729,12.7210,34.2560,56.3147,61.5771,58.3851,56.4253,68.2692,85.3368,97.0584,95.7217,77.8563,75.8394,93.5540,103.8900,107.8520,104.7060,98.5889,74.8844,38.8522,25.3496,44.1720,53.7577,42.9738,43.2309,47.3213,55.0206,56.5527,49.6458,32.8678,29.4092
37900.3000,19417.8000,12653.8000,14691.4000,11510.6000,7800.0800,3699.9500,1899.3900,3972.3100,4278.5100,3511.4600,2708.9300,2151.7800,1837.7700,3107.7300,4363.1600,4410.2900,3704.0000,2721.9400,1740.7300,1284.4300,1339.5500,984.8220,298.7320,131.8640,313.2790,307.9470,341.5210,502.5990,542.1790,491.9360,291.4600,444.2530,732.2500,782.2120,693.8550,579.8130,539.7120,533.5270,498.0750,378.9190,298.4890,256.4670,237.8630,146.8280,84.0350,126.7300,177.9440,201.1930,179.9380,142.5470,132.2690,141.3150,192.5900,242.4410,223.0960,187.1270,113.8660,83.6657,100.4550,79.6226,50.0435,84.7682,126.1150,155.4900,163.3320,133.1740,119.1940,121.0060,134.0430,169.1260,199.0890,174.8450,187.3680,133.4400,79.2985,67.3436,78.9830,81.7202,69.6887,59.2360,87.3174,99.7797,89.5095,88.3610,43.9023,61.4533,63.6575,68.4269,76.3195,72.2838,74.4087,74.5627,69.7227,59.7910,53.4923,41.5288,43.5380,50.5352,27.9372,31.6956,27.9331,39.1780,57.5020,80.7627,106.0060,138.8390,165.2960,168.7200,181.8860,164.2740,134.3180,95.8099,62.8003,38.6465,31.5964,30.6397,38.9224,45.1689,39.5937,38.7160,34.3145,35.1196,36.3709,31.0404,26.7251,37.0674,57.9364,61.8728,31.4948,23.6849,23.9154,35.9311,19.1248,24.3744,57.9943,68.4279,73.1969,69.6686,65.5269,76.1697,64.6763,56.9750,31.7660,51.3731,33.3685,37.4313,54.7966,42.3703,30.9966,41.1817,58.3176,49.8759,11.9646,12.6921,22.8830,14.6199,19.8978,27.2581,34.8442,41.5651,33.4976,24.2600,6.8291,11.8028,17.8645,18.7840,11.1071,13.5201,18.8033,29.1070,21.0721,10.7467,8.4722,16.5953,17.7987,23.1774,8.4180,7.2432,7.7412,24.8262,29.1090,55.2451,54.2269,37.1915,34.2572,49.5526,63.8370,57.9647,36.4439,42.8436,63.4639,73.4210,63.1440,47.0446,43.2446,51.7399,49.1314,40.4751,45.7762,62.5660,71.9780,52.2568,27.0291,9.5777,27.8214,49.9673,64.9418,65.0332,57.0127,13.8657,25.9875,46.9387,67.9625,85.6856,82.2374,65.7311,50.1420,40.7391,31.7952,29.7993,15.9468,37.5072,47.1238,66.9674,60.8735,37.5341,20.6897,37.7435,75.5800,96.3095,100.8440,100.7360,60.2521,20.8158,33.7162,69.1083,68.5769,53.1239,33.6889,21.0765,33.3773,46.3402,26.2657,21.0746,44.1941,52.6308,41.8946,46.0465,71.9588,85.6894,88.0451,68.2293,60.7761,75.6598,86.6826,92.4800,90.9694,68.5116,44.8272,45.0072,53.0738,43.1142,10.0204,5.9844,16.5293,46.1212,46.7377,44.0440,31.3616,18.5904,17.6394,37.9823,46.4177,43.6297,45.9537,63.5220,79.2087,76.8082,67.9766,65.6720,63.2363,79.1525,105.1700,107.9500,103.3940,98.0465,76.9216,17.4843,23.3137,47.3154,42.4464,34.1530,38.1088,54.5504,66.7672,56.2716,38.4604,29.4866,30.4450
37066.6000,19115.6000,12482.3000,14531.9000,11455.2000,7924.4600,3811.6400,1821.1600,3906.1500,4218.4100,3474.9000,2685.2800,1989.9200,1602.0700,2950.8700,4278.0600,4481.8300,3868.5700,2860.4400,1855.9200,1409.9900,1425.8600,1021.5100,334.9830,173.2700,345.2410,384.1940,264.3330,474.8030,443.5980,453.8940,311.4080,455.8420,730.5720,784.5860,689.7630,564.2730,502.9760,488.3230,488.5410,409.3840,331.2340,282.6080,247.5660,123.4280,50.8650,69.5493,131.7800,142.0880,133.9000,146.2410,180.8090,221.2170,283.3010,348.0310,341.3130,285.1510,226.1330,158.8530,136.8220,97.0683,74.4808,115.2140,154.5000,149.7880,145.2940,130.1280,134.8340,158.4830,166.0370,172.8230,186.8600,206.8840,202.8110,175.8690,164.0610,157.2140,132.3440,101.6180,87.8844,83.4424,102.7400,113.2580,95.7686,97.1284,52.9769,49.1877,58.5339,79.0318,108.0340,141.0210,121.2930,89.9512,89.5566,86.1652,84.0756,67.1740,59.3495,43.0432,24.4853,10.7797,32.1779,56.1483,81.2999,110.8160,162.9520,198.6200,198.8710,197.3630,194.2510,191.7420,156.1760,106.1910,62.5931,30.8792,19.3405,14.7222,6.1844,30.4916,30.5183,29.0808,31.6591,37.2131,35.7668,29.2072,12.0412,29.3635,34.2915,49.9387,35.4891,16.5486,10.6232,31.5880,39.9271,33.2338,30.9914,42.9734,54.7211,60.4087,64.7695,76.0551,61.3415,59.9837,35.2108,72.5526,40.0252,23.6629,55.9718,60.2611,55.8875,52.5503,59.6851,44.7983,21.4193,17.3609,35.3957,24.1982,25.8561,31.0825,29.8411,30.3287,34.5444,28.5651,9.9830,8.5243,15.9453,21.0114,22.3919,24.2207,13.3799,11.7556,10.1418,21.2672,18.1769,31.6332,21.3952,22.9957,17.2878,8.3256,10.4425,7.5487,13.9294,27.1512,35.6632,22.9137,42.6891,72.7819,85.3081,76.0775,36.0680,43.5432,84.0084,79.4869,53.6013,29.1564,54.4086,62.7608,53.0557,32.0431,34.7953,55.8486,73.8396,55.0152,26.7929,9.2470,32.8907,57.4400,70.2700,63.6314,54.6215,17.9364,50.9890,65.5347,84.7988,89.2340,88.8406,80.7204,62.5180,39.6336,30.2319,45.6670,28.7220,53.0354,51.6736,67.7985,69.3736,36.8472,28.3337,34.0926,68.9688,86.4154,91.8549,94.2900,55.4434,18.2523,26.2605,49.0970,59.2057,49.7885,38.9360,18.8510,22.1991,28.4221,17.6965,23.2140,43.4837,47.4026,36.3881,39.8261,61.6673,73.4103,75.9624,63.8310,48.8315,66.7215,96.9063,103.6350,83.1951,56.6463,49.3774,56.1089,56.0500,39.6882,17.8056,12.8087,18.8214,34.1725,43.1017,37.3485,26.7149,20.5878,23.0423,29.5330,42.4993,51.1004,52.4693,60.4343,71.0494,82.3866,81.8850,58.2483,55.4730,82.5359,103.0590,109.3770,107.9220,95.4368,71.2797,31.3687,25.0967,48.1692,70.1417,68.8230,64.8026,72.2696,68.5784,56.0141,39.8963,29.5777,27.2979
37894.7000,19929.3000,13272.3000,15372.5000,12301.2000,8583.1600,4263.2300,1973.3800,3949.0400,4453.3300,3831.0900,3004.7900,2128.3300,1654.3100,2968.8300,4244.9600,4307.9500,3593.0100,2600.1900,1662.5100,1335.3700,1432.4600,1057.5000,319.9210,199.9950,322.6980,412.0690,234.1100,489.0420,459.6500,459.2620,286.1110,441.6150,734.9600,795.5310,692.7190,578.2450,520.3310,505.3010,466.0850,363.8030,290.4880,247.6110,225.7160,125.7540,56.6053,50.2452,101.6320,115.4910,115.7210,135.5270,185.2120,228.5650,306.5010,389.0970,381.3310,331.5730,280.1180,207.8440,154.6200,107.0580,91.2865,126.6060,169.8280,175.4830,175.5210,166.3380,158.4870,168.3270,172.3920,182.0070,193.7950,182.6760,156.3470,145.6960,138.2760,147.0320,145.1260,113.7550,95.0561,83.8323,124.2250,121.7770,92.6078,77.6930,40.3866,54.2422,58.6272,59.1680,57.0236,67.9925,84.1538,66.8185,58.1522,65.3899,59.7701,48.5067,48.1866,58.5825,40.3450,12.1626,13.3729,39.9844,77.3217,120.5230,157.9110,193.1580,200.8470,196.5300,176.5480,149.4290,130.5990,90.7858,51.1520,20.7120,15.2681,12.5227,12.1842,42.1904,56.0186,53.2481,46.8469,48.8447,58.0189,43.2109,29.9636,18.5343,12.0521,11.6415,4.0148,13.9510,35.9588,33.1045,18.6146,27.6295,54.9295,68.8562,73.9869,71.7989,62.9640,60.5237,41.9712,27.4292,28.7956,64.2231,52.1936,38.8684,44.7112,47.7522,46.0427,54.1217,62.1060,41.1549,26.4801,19.8174,30.5951,26.7061,42.7060,48.6016,33.9435,25.9675,22.1197,16.9134,6.8113,10.0499,12.7890,6.6755,3.0529,5.1621,17.3343,19.5365,19.4219,15.3710,5.6701,16.4888,31.1461,46.2650,49.7905,43.5761,37.1377,29.0838,27.5011,19.0312,24.7078,17.3691,24.5432,47.9843,59.1062,64.9243,33.2871,23.9559,45.9374,50.1383,29.9984,19.1700,42.9977,46.1263,43.7212,37.9323,50.1626,68.2350,58.0258,30.6339,13.9013,20.7656,40.1166,56.1730,56.6925,53.6326,43.8276,13.9004,49.1695,64.9815,85.9931,94.6436,87.5115,70.0772,48.2348,27.4639,23.2285,37.9938,27.4863,62.5488,70.0509,70.3417,61.7406,27.6067,25.4102,57.1655,89.1695,96.4143,84.2794,74.1094,45.3932,24.5957,45.3874,75.9221,72.4271,47.6774,28.2671,12.6714,20.9385,23.7889,8.0987,20.8848,41.3117,46.8214,32.7205,32.9998,56.0380,79.8545,88.0871,82.1783,54.3024,72.0446,112.0750,101.3060,76.4814,67.2061,64.5522,66.2969,61.2741,44.1463,21.7022,17.3562,28.1484,37.3593,29.2556,29.6184,37.3798,36.9826,13.8040,31.6937,48.1803,51.4111,32.1433,43.9587,71.0795,79.2386,67.4983,50.9523,61.4589,90.3190,100.3070,96.9950,86.0709,82.4460,66.0638,21.6999,18.0753,37.9651,32.6240,25.0886,49.1028,68.5093,61.7634,50.1229,39.8169,38.9350,39.4512
38209.8000,19849.9000,13307.0000,15393.8000,12068.1000,8354.0100,4005.6700,2021.3600,4412.8000,5012.6200,4431.0800,3599.7100,2743.3400,2312.5700,3352.5200,4464.3500,4188.9900,3265.6100,2301.0400,1431.4200,1427.9900,1599.9900,1186.8500,315.6830,221.4580,445.9680,441.6230,178.6690,341.2280,623.7920,589.7430,291.8700,306.0730,566.8960,672.1410,674.5870,641.1950,605.1350,610.9640,551.8320,413.5160,333.5360,273.2440,260.4560,193.9900,104.2960,81.4400,104.4190,109.3230,98.4742,81.0095,99.3577,178.2120,279.1080,339.2470,319.2680,274.9720,231.9800,161.3440,121.4630,116.7170,120.8450,148.0830,184.3020,192.7060,201.1500,199.5370,204.8450,201.4110,188.1590,209.5620,187.7750,134.6290,112.1640,104.9080,116.0700,122.5830,102.8360,80.7041,70.6501,66.6415,72.1834,51.3356,52.9959,50.8954,39.6347,38.4419,27.9595,16.7756,16.6757,19.9370,27.6385,32.7504,35.4189,28.8544,25.5921,35.0871,40.3680,36.2655,19.8078,23.4716,34.9164,49.3718,71.2962,116.6580,175.8500,204.3850,212.2670,219.1280,230.0870,223.2560,183.4980,126.6520,76.0053,34.4019,34.9832,37.2377,18.8494,25.5071,31.2776,34.8169,36.5282,46.1030,61.8574,64.8665,49.5836,47.4006,22.5304,19.5845,8.7272,9.5936,8.1782,9.6660,8.7629,18.7413,36.8188,49.6324,57.2011,60.1768,65.2030,70.0014,49.6102,33.7844,13.7998,47.0158,42.9459,32.6725,23.0518,16.5697,25.8518,36.6464,51.8747,36.4998,26.4382,21.8652,17.1190,20.8095,31.1291,42.8025,39.7584,31.7690,29.4009,19.8910,11.6283,2.0773,4.3328,7.5841,14.9534,23.1848,27.7139,29.6287,29.2557,27.7909,15.3915,22.5178,14.2095,20.0594,12.4379,16.4274,19.5519,38.6713,32.8698,52.6601,36.2822,22.1009,24.3695,55.8130,61.3501,62.8009,45.0843,38.8770,62.4576,66.9741,45.6190,8.9476,57.9016,52.6574,46.8784,41.4593,50.6490,50.4029,60.5895,41.3896,22.2536,20.3129,22.0395,36.9479,80.6821,70.3390,59.3266,8.6984,36.9513,60.0343,80.7268,100.0420,102.1260,82.2591,54.6511,29.1882,24.9862,50.4629,45.3225,93.4731,88.1620,87.4166,82.8069,72.0301,46.2411,37.8146,65.9063,93.0191,87.1345,80.9620,42.3067,16.0312,31.7175,60.1535,70.5326,52.4853,40.1978,30.5954,39.6667,42.4163,17.8411,25.0007,55.1485,50.9156,30.0761,32.0924,75.3182,93.3847,98.5521,75.9156,67.9809,87.6892,101.9710,101.7060,93.0370,73.6271,53.0279,45.3951,49.9811,40.2972,24.0983,19.5237,26.5784,33.8678,37.6439,37.1241,31.9717,19.2796,28.3377,41.3018,42.4861,34.2259,33.5545,39.9971,52.0722,68.9541,66.0470,51.0984,65.0684,87.3847,85.4505,74.9357,68.2515,69.3773,60.8324,15.0399,24.5018,42.2112,30.3280,42.9897,59.4948,52.0992,53.3123,50.1855,48.9734,42.0888,32.6550
36491.0000,18708.3000,13534.4000,16605.5000,13090.9000,8655.9100,3796.3900,2578.7000,5269.7600,5441.0200,4342.2400,3536.4400,3123.4900,2926.9300,3932.9600,4967.3500,4646.4000,3595.4700,2690.5300,1603.7300,1142.4400,1629.8200,1715.9800,1472.9500,1641.9000,1291.4600,778.4910,624.5420,765.8600,917.8000,882.6530,379.5300,164.1580,266.4160,386.8810,378.4920,367.3610,372.0220,414.5320,312.9190,173.5620,92.0549,173.5500,232.8010,241.8920,172.5310,139.1000,132.0560,130.0320,114.4210,80.9323,44.3386,67.6642,164.3300,286.1570,329.9180,327.0420,318.9650,296.5870,310.3450,309.9780,298.2280,300.3660,314.0510,310.8180,314.8180,346.5420,371.5720,341.0660,298.1010,295.1760,243.1500,177.8040,161.8600,139.5360,129.7720,147.0300,132.5230,108.4640,58.0800,69.1123,111.1860,142.8400,136.8920,100.8160,58.4072,36.0315,54.6445,74.0473,85.0853,96.1017,102.9860,75.2569,39.2783,18.1781,22.1346,46.8446,61.6119,56.0569,47.2702,49.2993,63.1389,73.6270,84.3720,108.7690,151.7480,176.0640,181.2190,191.8510,200.6310,222.5180,222.9370,192.4130,160.2440,121.7690,84.5936,63.5972,43.1870,19.4397,13.8870,20.2439,13.1053,10.6715,42.5945,51.6170,51.3341,49.8131,44.8410,48.3078,39.2329,33.8536,23.6900,19.3759,17.0271,32.0631,52.8216,53.6231,54.0786,55.4742,52.1517,35.9335,19.9657,9.7543,21.6527,39.8246,23.2293,18.4851,31.2274,30.3933,51.5589,68.9253,76.5195,64.2073,20.1215,20.4492,18.3155,21.3458,24.8159,20.2753,15.7776,30.9205,31.1423,15.7364,33.0746,55.5959,46.4377,30.3214,14.3769,20.6754,18.5804,16.5294,25.7224,29.8132,21.2406,15.8856,6.3280,17.5483,7.2224,4.3887,4.3007,19.6411,25.6913,38.4722,22.6237,11.7507,26.5134,46.4810,52.8647,48.5460,27.0980,29.4356,41.8929,42.5378,33.7835,35.3957,59.3825,64.3706,56.2387,45.7622,60.5318,76.8670,47.9206,18.5898,24.9831,42.0147,54.4013,78.2297,100.5130,94.1108,74.3353,15.7179,34.0471,56.9123,68.8438,79.7911,78.4416,49.2990,25.0012,22.2185,13.1415,11.4854,50.7174,96.1499,117.6100,121.4480,110.0670,80.2602,76.1463,92.8261,104.7680,109.5900,103.1800,93.9767,53.0367,25.3399,50.5793,78.9480,58.0366,47.5211,47.1104,50.9491,54.6972,60.6042,45.7081,21.7807,18.4048,29.7871,28.5001,44.4578,70.5713,85.7265,89.1107,77.6083,66.3846,70.9474,87.5975,105.3190,102.4050,80.7532,59.5784,54.8379,59.9343,49.1538,21.5946,17.0029,15.7420,34.1295,29.0214,24.7609,18.7033,15.3233,16.5558,24.5351,31.7233,34.4124,29.6654,20.9397,42.3720,67.4361,80.6587,80.3483,74.0998,86.0938,98.9140,89.5266,81.5449,65.5874,51.7830,43.9503,49.6208,53.9182,47.9545,37.6331,40.3106,40.2145,40.5009,59.2639,64.2211,59.0841,33.7784
36606.6000,18853.1000,13799.6000,16972.5000,13267.6000,8344.8400,3854.0400,4165.8300,6622.4700,6632.5900,5264.3700,4460.9600,4231.3400,4115.0600,4905.5300,5598.4800,5270.4600,4872.4300,4337.8200,3743.0500,3744.4300,3713.1800,3102.7500,2382.4100,1988.7200,1623.4000,1030.2200,949.5460,1301.6700,1233.3300,1154.6200,819.8300,364.9610,324.6180,192.8170,168.1000,154.5800,148.4640,129.6390,105.5850,57.6384,49.3596,77.3166,123.2350,105.8350,94.3093,104.3910,109.7610,95.7364,46.0439,52.6050,120.5110,204.6740,183.7020,184.7980,178.5360,137.9980,153.9040,100.4530,107.4740,156.3270,201.1800,258.5850,302.9250,329.4660,331.8740,361.5600,430.6930,451.5580,455.1120,459.6990,420.6800,324.3750,269.5240,245.4130,234.3880,223.4460,209.0140,184.2890,56.6699,89.6780,92.5732,119.7620,140.3680,167.4050,168.9990,156.0690,136.8430,145.8250,154.3660,164.7240,150.9410,106.1370,68.7789,58.6426,69.1448,82.7293,86.1814,84.2984,69.8784,64.2874,80.7804,111.2760,136.7310,143.9180,158.0620,157.8980,152.2970,156.2750,161.7020,175.5300,166.3530,135.6230,98.7663,70.8999,63.7633,61.8435,38.0713,23.1299,41.2774,48.6088,28.1139,14.4621,27.6093,44.4184,52.0630,57.6192,53.8790,36.1779,17.4610,4.4965,17.6810,27.0871,34.0040,38.7744,44.2922,41.3345,44.6275,47.1689,48.3460,36.4471,23.5997,20.3395,14.8771,35.8563,16.8461,14.5236,36.9202,74.3371,94.2800,92.5837,86.6644,51.0320,24.2875,18.5849,34.4381,59.3015,51.6083,50.7830,59.7217,51.6983,39.7824,19.0863,18.1043,31.1037,43.9267,43.1987,31.2812,20.6894,13.8013,8.4971,14.1059,13.8118,23.8632,14.9596,18.5815,29.3386,6.1293,10.6163,27.4767,8.9002,16.5964,40.6231,29.5847,22.1310,29.6691,45.4794,59.7012,71.3475,52.1222,35.1220,61.7914,79.9171,56.5219,30.7877,46.0372,69.0215,67.1030,73.8667,92.4846,111.7650,67.7358,29.8603,43.0501,54.7512,73.0985,119.0650,146.5130,141.7030,121.1950,43.4389,26.0264,50.4729,62.4048,76.5277,89.6496,62.8952,38.7055,12.9306,21.3829,26.6297,41.2214,103.3580,122.2390,127.1270,117.4710,86.9784,70.2372,72.9790,88.1035,108.1810,108.2900,106.5820,68.4143,17.0776,16.7817,34.4403,45.8461,42.8928,36.7828,22.3526,30.6719,52.5286,39.2934,27.4429,37.1111,50.1797,53.0887,43.4141,41.7988,55.8850,63.2530,47.0336,34.9956,51.5964,76.1240,73.8790,57.5946,46.4574,45.6877,44.7132,44.6717,52.0073,52.5857,37.4616,32.9459,39.0626,36.8804,34.8138,30.2641,19.7144,16.1808,19.7032,17.6125,12.1747,20.0455,35.1674,60.0677,80.8129,89.3196,87.8676,83.6088,73.2738,76.3559,89.2322,88.3204,71.9955,43.0254,49.5656,67.7419,63.3154,47.4556,35.0917,38.4584,53.1993,50.0384,41.5247,40.7444,47.8149,50.6264
37470.2000,19371.9000,14045.7000,17078.3000,13534.9000,8966.9000,4202.6300,3394.7200,6077.1000,6554.6000,5626.1700,4659.4100,4201.0800,4135.8500,5209.6800,5840.4200,5406.2600,5074.5300,4948.8000,4653.8200,4742.8700,4687.9000,3943.6100,3050.8800,2402.5000,1849.8100,1307.4600,1442.2500,1798.5700,1429.4100,1147.6100,721.8100,222.1700,356.4710,333.3020,339.1890,325.6920,284.5210,197.5920,140.0730,99.5707,141.0800,163.2140,164.9950,132.0110,51.2910,124.5120,204.9370,212.1850,85.8793,141.0820,196.9980,324.1350,300.9490,195.4220,98.9877,90.1703,159.9700,153.3790,110.8860,102.5990,174.2480,247.5010,341.6330,393.6830,392.0840,401.0720,394.9910,387.5910,367.7150,351.7340,330.5380,262.4160,186.8830,167.6300,140.0660,98.9797,104.7570,80.2341,78.8795,138.7660,152.3220,176.7020,182.5520,205.8670,230.4120,240.1110,221.4980,191.9400,176.3440,168.3090,162.6850,131.0490,89.1347,71.8938,82.8258,99.9328,102.9260,89.2120,71.4039,66.3828,73.6365,77.7302,121.5090,178.2940,184.3970,183.6670,175.3470,178.5550,159.8860,155.7760,149.7130,115.8520,78.7441,52.8026,41.2432,33.8908,18.8193,22.5577,30.7867,29.8161,20.2193,14.9575,34.8003,79.2694,87.2708,83.1985,73.4616,51.7670,32.0703,26.9844,32.4668,30.1401,34.3957,41.2052,50.7644,63.5832,50.7001,36.4808,27.9452,26.6469,13.7890,11.1367,27.9926,24.4858,31.8295,19.4845,36.2176,44.6825,71.5452,72.7984,83.5064,65.8614,31.0876,34.7159,28.6115,40.5818,37.5985,45.0646,49.7298,39.9912,32.7145,30.0501,31.8323,37.1170,54.3853,44.9287,29.9447,17.2536,9.2715,19.8744,20.7214,24.9312,18.9338,9.8420,13.4772,12.5129,15.4517,14.9972,11.6893,8.1901,10.2970,12.8572,25.1215,22.1283,25.2360,50.6350,57.2328,60.7617,31.4282,19.2397,31.2405,41.5141,24.4373,25.6815,61.5467,61.8995,54.0958,67.8101,88.7966,96.8673,83.2653,69.3330,60.9166,63.4193,82.2225,117.4510,134.8130,131.4820,114.7280,59.3719,39.8817,58.5124,99.1921,112.7100,75.1211,51.2616,33.9925,26.1596,28.2981,33.1995,19.6503,86.9850,106.9180,122.9720,108.9090,59.2612,37.9832,53.7913,78.8541,92.7769,87.5820,76.2982,44.7672,17.3643,23.0010,35.8864,27.7999,17.3525,14.7305,11.3727,19.1402,11.0483,25.3549,21.6181,13.0645,19.3767,26.8832,29.7280,24.0691,28.6167,43.9941,51.9820,36.8314,46.3360,84.2918,84.9769,57.5847,38.0988,46.7861,58.2649,61.5201,63.9236,54.9121,38.3657,33.9761,43.3796,42.2960,40.9363,33.0419,17.5385,11.6200,17.1101,18.5142,11.2725,29.3479,64.0683,79.4391,86.9236,99.8471,102.4320,93.4390,105.1930,114.9410,95.6417,75.0805,57.9843,53.1888,45.5132,46.9977,58.1289,56.5745,41.1385,39.1040,45.5556,48.8077,48.8048,51.9634,48.2055,39.7942
37564.5000,19394.2000,12803.7000,14797.2000,11932.3000,8567.3000,4855.6400,3195.8500,5018.7000,6342.2400,6577.9900,5819.6500,4634.3300,3537.6400,4282.9300,4852.8100,4923.1000,5099.1900,5287.8600,4598.7600,3557.4600,3297.3400,3158.5500,3159.0400,2363.2300,1527.1900,1277.9400,1272.9500,1171.2300,1011.2500,374.8240,192.5740,226.9920,163.4550,106.3160,182.8620,161.0140,93.4896,138.4860,208.9600,225.3110,249.3960,368.1280,571.4300,725.2810,832.4630,828.4080,727.9110,539.6770,394.8610,434.0650,462.4700,381.0450,338.5650,364.2510,391.7680,368.2520,313.5470,223.5040,147.7340,107.5860,84.6111,39.3677,152.0570,232.9470,262.9650,267.0600,229.0050,202.5340,258.9480,349.8830,381.9610,364.4560,342.4870,338.7020,284.2710,161.1630,93.2177,120.4730,157.5210,192.7930,236.0830,236.7980,203.2470,182.5250,156.9630,164.4880,147.1760,96.2355,53.5812,34.7285,45.6583,68.2029,76.3382,81.6514,62.1359,37.5815,33.0384,26.2484,12.1596,31.0843,60.9866,66.7864,56.4630,67.8842,124.4320,186.1200,200.5330,203.5800,179.4220,146.1240,114.6310,70.0543,36.6148,55.2014,66.8567,55.6975,56.7132,48.3496,38.8682,57.0040,69.5950,79.8415,93.6079,128.6870,127.8270,101.5120,83.4420,61.7797,31.7139,15.9647,17.9342,18.8746,45.2638,49.7296,69.4450,60.6018,58.7157,58.2565,58.6915,48.2723,23.0594,34.4219,40.3196,73.9812,41.7473,45.5441,42.7721,36.2849,37.9733,58.7445,65.0909,62.5274,29.0339,12.6026,11.8401,22.8050,24.6927,42.7833,52.8543,33.5341,15.7478,27.1600,38.7817,55.8666,59.0533,40.7343,41.2712,34.0674,19.3865,11.4201,14.1675,25.0743,30.4051,11.0192,4.5617,14.4652,12.3682,11.9179,8.3730,3.6655,11.4896,21.1749,24.9443,24.4879,11.2231,27.4702,49.5746,49.0113,57.2811,58.4685,44.9949,40.2335,45.5288,55.0732,22.4090,47.5523,49.9863,62.5539,80.9422,104.1000,93.1759,82.0137,86.4381,111.0360,139.2030,140.3860,125.2950,108.3270,99.4848,61.7525,22.6862,42.8885,85.2141,104.6160,87.0002,73.1551,76.2378,76.0730,59.3623,19.6349,50.0840,86.2533,115.0940,115.9450,85.3050,66.7784,60.1958,44.6881,53.0839,92.2078,101.6430,99.2503,69.8700,45.0350,60.3139,78.2074,48.8669,21.9997,16.7954,14.4022,17.6452,16.4190,24.7181,15.8375,14.7299,10.6247,27.9929,27.6035,45.2253,35.1410,27.1316,19.0917,37.6795,63.5691,75.8535,54.7718,40.1950,36.6963,39.7075,43.0890,44.2795,36.1654,22.1825,22.9493,32.3483,55.1957,60.5567,45.1854,34.2229,22.5550,14.2681,7.0393,35.9486,57.6992,63.3517,68.6643,78.9973,93.1268,84.1118,97.7541,124.9730,130.7040,130.0780,119.0540,108.4200,99.1438,79.1979,28.4372,19.0142,39.2683,33.1205,13.9976,21.5975,45.2058,56.3772,45.3002,34.3567,28.8101,32.4202
33754.4000,14948.5000,8673.2500,12880.7000,11824.5000,9137.5800,6758.2100,4282.8100,2718.5400,2460.0200,2143.0000,2788.2000,3368.8600,2397.3500,1779.1500,1314.8500,841.5830,609.9480,1085.9600,1359.9200,997.6770,991.3960,1255.4200,1848.9900,2424.7900,2957.1100,3189.6500,2551.6100,1925.4200,1528.9700,903.8990,242.5280,141.7000,239.2350,228.5890,310.6640,473.2980,512.1360,417.9490,284.1760,168.5650,251.2950,336.8930,321.9690,291.0190,249.6250,147.1960,95.3209,100.5760,236.7380,375.6760,404.4580,336.8450,286.7570,199.8980,141.1540,245.0230,267.4640,263.7830,248.1230,196.7040,128.0890,125.7920,159.3670,126.3570,134.9990,129.3450,142.7080,174.9960,217.1360,265.4690,288.8990,254.2740,217.3580,147.4790,106.7050,92.7551,102.4630,136.6690,134.6720,119.1520,88.1073,55.0735,46.1818,49.4952,32.1926,19.2134,14.4266,25.7228,43.3926,47.2733,52.0712,56.1256,49.8339,54.2236,80.9386,96.0141,91.8517,88.1815,87.1229,91.3184,75.4197,65.3987,50.1699,63.5923,118.8860,139.6430,145.6610,160.6520,192.4790,213.9300,181.3840,134.7410,96.8918,70.9439,61.6686,45.3285,35.6474,56.4768,78.8806,75.7014,60.5938,75.3901,126.1090,167.0410,166.2960,167.3820,146.0110,102.8440,50.9080,21.9261,30.4202,37.9594,40.7208,51.4864,51.5804,48.5388,22.7576,26.8766,32.4056,52.5438,24.3744,37.4245,24.9424,41.6579,23.0398,44.8276,34.6685,54.8982,53.9045,57.7505,49.6074,47.2344,20.9471,18.8854,28.6295,38.0792,39.8515,30.4975,26.8317,25.0572,16.1411,8.2625,21.7498,33.5887,50.0938,54.0114,46.7090,43.8339,18.7285,24.3507,32.6961,27.8479,12.7109,7.9949,9.4630,4.7506,16.4246,21.0871,22.7677,31.6385,56.3590,64.5494,36.4175,17.9969,46.6681,66.1027,92.6024,92.7066,58.4086,29.1728,34.9734,63.5021,64.0154,33.6089,20.7043,41.4204,26.8886,18.6856,43.0680,46.8562,41.0215,51.7784,45.8600,34.9036,12.9638,15.1934,33.4411,57.0391,84.2720,71.0787,42.7291,42.8583,44.8789,42.9774,37.3956,38.0740,37.5786,40.3823,43.8333,54.1807,67.3995,102.1230,91.6030,87.0856,72.3108,22.5101,29.2049,41.4430,65.3814,96.3064,108.9300,96.7129,67.3032,25.7463,46.7071,75.8196,66.9820,51.4425,48.6056,44.9074,39.4382,30.7962,49.3245,77.8685,95.3293,71.9221,55.2335,62.1733,69.3437,68.6726,36.1232,24.2616,42.6803,38.7626,33.5289,44.4041,35.8191,26.4211,26.7102,28.1585,29.0071,39.4911,37.4417,36.2473,36.7877,44.6484,43.1309,29.9739,28.5867,30.5595,34.3682,47.2064,56.8815,54.7720,61.9690,72.4820,66.8232,49.8330,48.7812,66.8892,78.0188,87.0539,96.6872,91.5480,76.3851,62.7076,61.4751,51.5818,39.6448,42.1292,40.4377,33.8350,38.7918,38.4211,43.1276,53.6118,52.2144,46.5554,34.2225
39223.8000,21649.6000,16663.3000,19435.6000,16131.0000,11960.8000,9914.6300,9246.5300,8686.4200,8850.1400,7035.3600,5947.2400,5559.3700,4778.0200,5183.9500,5264.3800,5201.6100,4279.2500,2508.8300,1348.4700,656.6700,278.1770,446.5790,872.0880,1270.6200,1366.8200,1388.6500,1333.3900,1228.7800,763.0670,349.5060,227.8710,289.7640,472.9480,719.3910,798.7010,657.7540,504.2670,522.6850,552.8910,495.0750,323.1580,270.2390,364.0570,430.0500,433.5350,394.4670,328.7210,316.3140,321.8500,342.4370,324.3130,265.1940,232.2370,239.3280,210.3580,159.9480,123.4450,159.5880,215.2590,246.9500,216.9400,143.6310,81.6613,36.6578,41.2690,69.2732,138.7960,161.6690,156.0910,179.0940,217.3440,226.2730,238.8230,213.4380,219.0460,265.7730,247.7690,188.0190,110.8950,30.2235,54.7295,94.4108,71.3111,51.6117,44.4847,21.9602,32.1607,35.8635,67.3517,81.7839,70.6876,54.5416,26.9345,39.2811,61.3740,72.5102,73.4706,55.9641,32.3058,29.3179,20.7758,15.0215,45.8455,90.1015,136.2720,172.3380,181.3480,191.8350,180.5560,200.3050,217.8910,189.4030,148.3980,103.9310,81.7191,57.3420,43.4208,61.8205,87.2064,103.4910,105.2940,127.2060,170.3490,215.1580,250.8400,257.6920,261.2200,232.0780,151.4280,78.0123,57.3566,67.9710,62.0128,61.2435,60.6041,61.3025,32.5657,11.8237,11.1702,7.3591,18.6595,34.3874,31.8281,30.2872,10.3101,15.8049,23.8754,35.1411,60.4355,72.8190,55.4254,63.1079,36.5633,66.5194,52.1601,49.5096,43.7460,44.9175,45.0123,60.0766,51.3882,36.5044,29.1093,29.7503,22.4170,23.1421,34.3117,33.9085,35.8806,31.2109,28.8393,17.9868,24.8031,45.3354,33.2064,38.0466,8.5110,9.7650,8.5585,21.5908,27.7295,24.5344,9.5842,14.5127,27.1182,44.6211,46.2285,54.4580,34.3192,20.6514,36.6638,50.8641,44.8168,39.7199,49.1355,62.0287,60.5080,24.6028,16.3338,44.4178,53.8114,54.4696,59.8488,67.5648,68.1792,34.8634,38.9863,38.9957,68.4539,69.1145,46.9969,25.9174,40.2250,69.1781,78.9380,81.3801,66.6875,48.7179,47.1468,56.9497,82.2760,107.9910,87.1171,71.5161,49.5925,49.5804,66.0430,99.5955,139.0170,181.5010,175.2140,143.7570,93.0573,65.5811,72.8011,57.6692,57.6166,56.1797,35.2235,51.6700,58.3873,42.8724,33.0072,42.8940,49.4395,48.9039,49.4396,37.8713,37.4889,52.6982,54.9507,52.8868,55.2363,72.3952,79.3945,64.5085,47.5897,32.1792,19.9551,13.0496,15.6638,21.6911,20.3370,7.1636,8.3683,10.1506,25.0951,27.9166,23.0735,15.1219,22.9521,19.9851,20.6697,28.0322,31.2314,51.2564,78.2165,90.4486,83.1299,79.7837,72.0147,73.4654,87.9807,91.2475,87.4689,75.4291,59.2360,44.1411,46.1265,51.4575,45.3054,54.6006,68.5299,52.9820,38.9287,44.7326,43.8491,35.8883,33.5608
34538.3000,16033.7000,11293.6000,15508.4000,13163.9000,9713.0200,6992.8600,5441.0800,6059.1700,6931.7300,6908.6400,6398.9100,5130.2500,3566.0300,4187.5100,4970.4700,4511.2300,4312.4500,3364.6900,1654.6600,1057.7000,504.7000,664.5640,857.3670,807.4440,811.6860,903.0900,1127.1000,1033.6600,848.5100,726.0730,537.4450,154.7780,192.1970,377.2330,538.6620,472.5490,282.7530,219.1290,142.6840,274.0320,437.0020,468.3990,435.5960,363.5410,184.0090,71.2145,43.8694,87.5844,151.4650,122.4690,91.5117,103.5550,169.7970,258.5590,326.3350,266.9010,149.9570,68.4998,147.5060,182.3980,170.5330,152.2480,135.9050,132.1980,110.4100,81.9759,131.9460,211.8820,261.5820,277.5720,236.1590,178.5900,125.4670,143.8330,177.7240,206.5010,183.1040,93.3622,84.5895,159.4700,162.9420,135.3310,120.5140,115.7050,117.3290,103.6170,90.1680,82.4481,94.7521,127.8340,150.2130,118.1520,92.9587,60.3826,24.4553,44.3612,42.8402,41.3873,36.4691,38.5538,47.5953,64.7650,94.0451,131.6960,183.9090,216.7750,220.4090,225.8540,200.2620,163.1050,130.1600,108.1960,97.1321,86.4694,61.0063,38.7042,32.2894,31.6525,45.3652,64.4926,85.6121,112.9750,150.9820,170.2200,197.4610,260.6460,269.2620,220.7900,178.7760,93.0944,59.1253,88.4861,96.4080,58.8906,35.7500,15.6583,7.8553,30.7841,35.1455,29.7653,23.9738,21.3650,4.3818,27.7475,26.3300,34.4977,16.8614,31.9677,44.5224,45.5491,51.5086,36.0794,10.1835,8.5097,18.2134,23.4227,21.8000,23.3015,28.6537,44.8959,53.0734,43.3996,36.9993,35.6264,42.7223,27.7428,11.1858,10.1771,24.2344,28.0838,18.8535,16.7902,20.4313,31.5170,21.1510,21.5864,13.1522,27.7971,32.2403,31.1145,40.0900,23.3066,35.9908,30.6011,55.0907,54.3476,36.8348,24.6342,17.6423,39.3634,64.1509,61.3197,29.8399,22.9871,40.9759,42.5140,34.9596,26.9125,45.7016,73.4649,91.0642,91.4486,88.6911,79.2282,69.5276,67.9058,36.8266,30.3048,37.9623,56.8185,40.8920,28.7246,45.0220,63.7365,69.3199,63.5647,51.6824,51.3450,47.9229,66.2162,78.7966,122.8630,85.6559,56.5731,26.7494,40.6991,66.0270,89.6609,121.9880,134.9020,129.2300,104.7780,72.5480,50.9734,61.8592,73.3372,36.2687,32.2079,42.8077,70.8355,38.5393,20.5109,43.8443,46.3412,44.6588,46.3996,57.9206,51.8322,39.0804,48.2770,54.4396,54.8688,49.5078,55.4122,62.9188,71.3136,66.9901,51.1374,41.0739,38.4231,31.7309,23.1836,21.5641,13.7663,34.5030,30.5969,24.5698,33.3536,37.4251,33.1131,12.1772,30.2844,38.0780,34.4293,29.4248,33.8855,49.5960,64.4273,66.1039,60.5900,76.8039,95.9095,96.8206,93.9750,96.5884,85.2594,59.4679,45.2816,55.4046,62.8621,56.7534,51.5162,55.2594,55.4232,50.6916,50.5198,45.2775,35.0372,15.2068
34490.0000,15670.7000,9024.0000,12311.2000,10567.6000,7837.5600,5494.6700,4314.4000,5451.3300,6461.5100,6271.5100,6206.4100,4885.4400,3651.2700,4778.2700,5834.0300,5574.2500,5089.7900,4511.1200,3442.1000,2046.2800,1655.8300,1575.3600,1211.8400,963.7760,804.9580,766.9460,644.2450,907.3760,1106.4000,913.3790,783.9320,408.8780,328.6260,517.1440,589.7480,487.5220,357.8280,266.6070,250.1670,222.1300,176.0160,111.5940,181.7930,281.9170,340.9010,291.7780,177.5830,69.8774,98.5798,153.9730,156.9450,150.5060,194.1810,254.6390,321.0760,292.0470,183.5140,161.9330,213.9590,215.8230,168.2010,134.1950,133.1180,146.2670,141.8000,164.1690,218.4610,263.2140,232.3800,199.2310,171.8900,143.7830,133.3420,111.2580,140.6920,204.7670,217.7120,211.2480,204.5310,185.4560,127.1900,78.9159,64.7138,66.7125,78.6875,82.2724,67.8424,68.7529,76.0694,94.4617,105.3210,71.9988,32.2123,25.2608,55.2823,59.2274,51.9005,29.9144,23.3301,41.8230,53.5496,46.9617,61.7496,106.4250,163.9610,198.4780,202.0800,209.2520,208.1750,218.3990,187.8430,133.1890,99.3635,75.2388,52.3303,19.6470,16.2965,20.4671,40.3494,29.5779,20.4456,22.8715,23.0146,39.5373,75.5799,113.1720,139.8400,165.5490,130.3890,75.3716,47.7405,22.3956,15.1479,38.1484,26.0570,22.0910,44.0308,50.0793,43.6207,37.0672,21.9982,27.3393,44.8298,64.0299,30.1898,33.7702,71.6763,70.4249,65.0799,69.4702,70.7145,57.9294,16.5197,24.0268,43.9946,50.4975,34.5336,25.2811,43.3950,69.3099,69.2040,57.8200,49.6659,50.1100,50.8979,30.1510,13.7770,18.3277,35.0389,23.3783,21.5471,7.3002,7.7937,27.4609,28.1676,29.1740,14.7798,14.2407,25.2444,44.6360,71.8185,72.4012,60.1210,42.6528,24.3321,46.2021,59.4839,60.0217,36.0804,27.9406,41.7547,54.8190,57.0073,70.2677,84.9650,86.5434,71.7564,45.0582,52.6732,77.5283,87.7479,73.7765,51.1221,35.2327,32.7972,28.8547,18.3783,36.1415,54.5271,41.5918,22.0705,38.7365,65.7763,82.4681,82.9141,70.0708,62.7716,53.4066,54.0410,45.3426,19.0957,38.3383,44.1175,48.6199,44.4697,38.3952,60.1320,100.9530,125.0250,135.2280,130.8890,124.4700,99.5814,75.3090,83.5368,89.4718,83.3821,70.8327,56.8372,30.3095,14.3940,14.7510,22.4551,30.7727,25.9069,17.1789,23.0864,40.3304,44.9808,47.4687,43.3231,46.9809,44.6889,37.6905,42.5573,53.3494,46.1791,39.1028,48.1072,55.5146,52.9404,40.2756,16.6376,9.3921,21.0636,30.5042,35.5282,33.9768,20.0993,9.3440,12.3226,22.8988,24.3888,16.8497,21.1894,43.1970,60.4385,74.8338,78.8783,74.7959,82.7695,89.2222,84.1824,87.2704,85.0892,79.4831,64.2946,60.4393,57.9141,53.8021,43.8601,28.9314,30.9481,38.0509,35.9671,29.8834,24.8272,19.4529,15.5280
34581.1000,15622.0000,9823.8800,13661.9000,11634.0000,9109.0200,7196.7500,7238.0000,8299.7800,8404.6100,7615.8100,5821.1300,3996.8800,2531.8000,2317.5700,1648.3500,1592.6300,3182.8700,3600.2700,3581.4500,3474.7800,2589.4000,2283.5700,2471.0300,1772.6100,1465.3900,1230.4800,1120.8800,814.4070,503.9300,419.3360,277.1390,258.1840,179.9560,99.1052,161.1370,242.4290,256.2060,247.6180,325.4920,350.1870,321.7730,262.2180,196.9660,284.5370,259.5340,228.4680,138.7680,40.4230,163.8470,266.1530,357.3810,394.6460,356.5780,279.2880,235.0610,225.8610,208.7510,209.6550,256.0610,280.8010,292.4870,270.0520,273.9800,233.4410,124.8390,45.0424,99.5251,129.8120,102.5020,73.7181,78.1008,89.6355,87.3469,81.8126,162.0870,207.7950,273.5410,178.4650,90.0709,35.7250,91.1512,96.6354,90.3317,55.9081,38.9806,72.8516,117.4120,92.6549,77.0572,65.3338,88.4184,90.2329,106.7170,113.6530,78.1762,53.0899,22.2415,24.3986,19.7472,26.1007,14.7981,22.7432,32.6000,53.2405,88.1971,142.4450,172.0770,208.4300,191.6930,194.5650,208.7270,181.5740,157.7290,118.8610,85.0988,67.4939,55.0125,41.8406,28.2639,17.1612,10.3630,51.2096,77.5818,100.1090,125.1570,164.6600,173.2130,145.7880,117.0630,94.3381,71.9670,44.9996,26.3218,27.8526,35.7232,26.8071,18.4793,13.7292,24.1397,24.3954,51.4488,57.9942,55.8124,46.9382,21.8962,14.5510,31.0493,59.8200,76.7775,75.7196,66.5611,51.8369,26.4847,30.5724,45.2624,40.8906,29.7459,30.2961,35.4861,36.9134,33.0333,26.5129,25.6715,24.1134,17.9481,9.3247,2.1183,8.7755,13.9532,15.2076,17.2802,29.7316,22.8997,14.6588,9.2941,12.9170,18.4944,12.9811,10.2519,11.1300,31.7323,35.1156,47.2842,38.0689,19.3709,26.7861,32.3166,58.2312,49.2035,43.4599,13.7694,17.7979,42.1378,21.0410,29.2324,31.5435,33.2121,19.3176,28.9998,41.1170,51.9974,55.4997,50.6365,35.9357,52.7470,62.1426,56.0954,68.0398,59.2532,64.5595,55.8023,63.0206,73.1676,83.5655,90.6698,98.0574,99.6302,100.4370,92.4361,88.8217,94.7634,109.7800,99.4968,93.2040,69.6948,38.1614,35.7017,60.2305,95.4788,115.8970,116.0330,110.6330,92.5717,76.3743,92.8388,99.0806,64.8178,38.4268,40.2766,38.8879,37.0029,37.3815,41.7628,46.2979,59.5689,74.2518,71.5261,53.2239,38.7937,39.9217,51.0713,53.8326,54.9074,62.8837,57.0957,33.9709,27.5028,19.3537,36.7601,73.9296,65.8134,51.1913,31.9029,20.7003,50.7942,31.1699,20.9462,15.4879,18.6671,34.8985,37.7319,21.9188,36.8240,49.3415,44.5860,73.6366,98.2153,77.3339,77.8548,61.2214,54.3765,96.0437,105.7960,101.1180,85.6895,82.9153,58.2932,45.8903,62.0005,49.4921,40.5109,52.0330,42.6224,39.0741,48.3585,50.0675,34.6655,35.3569,49.5325
35041.0000,16731.8000,11882.5000,16460.5000,14582.1000,11480.8000,8298.0300,6447.3300,4741.0900,3568.3600,1299.3800,518.2590,1155.0200,792.0670,740.4470,775.2060,1186.5300,2241.3300,2849.3200,2842.4900,3054.0300,3007.2600,2014.5000,925.2140,474.9640,725.7030,1655.4800,2211.0200,2067.2000,1862.5100,1570.0300,1437.0500,1260.3000,879.2800,530.8590,473.0160,536.7610,574.8960,618.6150,604.7700,522.7170,545.9100,614.1200,655.2520,630.8410,484.7110,296.6610,176.6940,196.3780,289.7320,260.7120,186.3590,96.8466,82.3015,118.4610,128.2360,125.6020,117.5320,164.0300,221.9200,236.7030,230.2060,190.9790,145.7430,78.3145,25.9471,67.7907,81.7242,79.5231,35.8632,36.3889,57.5811,52.2166,26.0686,82.7261,144.0660,209.2490,159.2370,100.6400,47.4279,18.2276,27.6617,29.7456,22.4077,14.2894,37.1788,59.8734,81.8661,66.4436,28.7312,42.1973,110.5920,123.1630,124.2860,96.0755,72.5593,68.2295,43.4792,19.8972,12.7622,6.9664,20.3634,43.7505,79.9993,114.0630,143.2600,166.3400,171.6530,167.5910,143.5600,151.2680,170.6780,153.0580,120.3980,92.8282,60.3228,39.7750,38.4579,35.4820,13.3231,22.2588,37.6762,31.0499,31.0765,51.1511,49.6524,58.4339,53.1695,57.9126,62.7208,62.1994,65.9688,65.2615,46.0000,22.4772,7.9225,17.7240,29.6849,20.8189,18.0206,34.2789,68.3105,89.3612,112.4560,128.1730,70.5047,50.6397,27.9219,66.1323,100.2260,99.7410,84.6545,50.5929,20.6372,51.1938,73.8789,85.5159,86.5393,76.8298,55.6097,42.5113,46.0755,56.4615,41.5779,17.9168,2.9850,11.6945,6.5905,3.1861,9.6341,11.2685,18.5983,14.4006,17.0477,13.5436,27.2213,32.9133,36.2100,35.2909,30.7991,42.1253,71.7713,66.6063,55.4606,37.1953,8.5906,25.5093,50.4983,66.1235,51.2351,32.4246,24.2629,27.3691,28.6586,44.9480,61.1609,71.0666,47.3767,30.3313,35.3722,33.4998,42.6762,63.9382,71.2800,71.7863,74.4915,74.2458,49.5969,37.0076,29.8165,48.0393,87.8767,91.6526,105.3830,87.0280,70.8688,56.3485,37.7857,20.3474,7.0175,30.3846,57.8720,88.0844,100.2560,103.9310,75.6057,58.8225,63.4003,72.9437,99.6037,127.2000,126.6330,118.0810,94.5724,75.9055,76.1165,78.5194,56.3832,32.9177,39.0690,62.9500,64.8701,58.1024,37.7937,35.1031,47.7585,45.8403,37.1744,57.3814,74.1667,71.2755,56.4565,67.0605,91.8126,78.8428,67.2517,71.6472,68.1003,62.5944,64.0137,57.7780,61.6089,78.6906,69.7747,45.5606,32.0800,5.0968,15.4501,26.6139,30.1100,20.9862,44.1672,67.8097,62.8890,43.8699,39.9776,63.0865,63.6141,50.8105,56.5520,46.0065,64.5091,102.3250,104.9390,113.0610,118.6070,124.5390,74.2605,55.0276,61.7931,37.1103,16.9794,33.3109,40.2862,40.3247,40.6692,18.7748,12.5846,32.4041,21.4486
35435.1000,17345.4000,13385.7000,18914.1000,18511.3000,16808.2000,13689.9000,10023.3000,6866.3700,5201.9500,4424.7900,4792.5600,4431.7500,3547.3400,3820.0200,3276.4000,1818.6900,1221.6600,1612.9200,1844.9400,1550.5000,1004.0200,665.7310,811.8290,872.0360,693.1030,757.3960,912.3650,715.5770,467.2430,253.5580,224.1240,331.2020,462.0620,405.2570,301.9970,257.7600,175.1770,152.2710,174.9740,135.8030,146.3710,163.4230,204.8020,195.5500,189.6050,205.0650,272.5070,279.5080,257.2280,264.5050,319.1990,377.2400,420.1690,388.4860,350.7560,398.2060,460.6550,487.8540,520.9960,513.1950,440.5640,296.6290,215.6540,210.2430,189.9610,141.4100,87.4223,48.8865,55.1388,61.8795,31.3327,18.7040,48.2548,94.6296,127.3410,103.8520,81.4752,81.8243,114.8580,118.4790,79.7282,83.0272,106.2230,127.7650,137.4560,156.1890,126.5600,81.0181,58.3452,40.3515,44.5239,52.5185,92.3746,122.3220,83.5810,56.1263,47.5991,58.0935,66.7956,62.7893,52.0240,57.0690,54.8188,68.3406,102.8670,136.2630,157.9270,179.6960,150.0180,123.6050,136.2110,116.4390,98.6595,24.4689,32.4667,64.5058,53.0401,59.1801,48.7410,53.7345,31.1299,15.6786,36.0360,63.7248,56.2951,43.2558,35.4794,55.8512,85.6373,87.2258,58.4083,37.6852,36.0064,47.1912,56.8422,68.1954,60.6257,48.4854,55.9335,44.9919,51.9706,63.5745,37.9147,26.5816,21.9160,32.9706,56.0447,43.4926,29.4148,22.3105,14.2553,16.2733,29.5897,35.8561,45.8473,57.5405,64.0403,55.4344,67.3174,65.3192,47.0317,20.1668,41.1041,56.0273,62.8619,53.4364,34.3130,21.7837,11.9439,5.0111,10.7615,8.4176,12.8367,8.8242,10.1784,17.7484,23.2664,26.3216,42.2578,43.2333,44.4532,40.6245,8.9193,12.5306,32.1280,32.8316,26.6954,25.9280,27.8528,34.6305,42.1588,43.9812,34.2599,39.8297,51.0278,50.0743,50.5240,52.3885,62.1539,65.0309,50.4152,35.9086,28.7171,28.1762,33.8361,48.0014,61.8287,66.7352,62.2341,43.9675,61.5573,48.3444,92.1395,84.0533,57.0826,35.5475,6.3312,5.9651,13.8585,34.7441,48.0389,43.1284,47.3474,51.4243,51.7758,37.2985,44.4121,66.1799,98.6876,116.7430,100.1760,81.6087,59.2136,63.9844,68.8639,66.2462,56.4566,35.5450,32.3022,54.8400,54.2319,48.5747,33.8583,42.4913,61.1348,39.9245,35.9056,13.1215,17.5413,23.5901,20.1333,20.3151,12.7671,16.0391,35.4921,33.5266,24.8945,36.7630,54.4976,61.6922,64.9957,58.1230,20.8662,16.1483,41.4860,18.8189,22.3834,29.6309,14.7744,20.7531,14.0085,13.2792,10.7602,20.9674,55.0521,66.9403,70.7577,84.3655,103.4580,88.8880,84.8141,103.4120,116.0750,117.6650,106.8960,91.2850,66.3913,55.0342,43.8657,47.9726,46.8399,31.9290,44.1462,46.1894,55.7687,18.9958,35.5486,21.1556,21.1599
37698.8000,18891.4000,10873.6000,12352.8000,11242.8000,9471.2600,8517.4900,6607.3300,4760.9000,3774.4200,3174.7100,3350.4200,3341.3000,3234.1400,3720.9700,2326.7600,982.1190,1531.8300,2873.1600,3730.6800,3844.3600,3195.5300,2365.7400,1905.2600,2134.6700,2100.8100,1487.2500,896.1840,426.2860,118.5150,386.8220,648.2430,738.5470,750.0710,726.7390,635.1100,430.1610,268.5990,310.9730,354.4000,310.1160,336.5710,428.7740,487.2120,477.3020,425.0730,418.4870,386.1230,327.0040,311.8710,339.8410,422.6570,491.8150,493.4160,396.6290,280.8640,194.2890,175.7860,248.1160,302.1230,358.8550,326.5830,251.3540,239.6010,202.3180,147.2010,70.0785,65.9479,89.9552,90.5766,84.7364,61.3406,89.7367,143.0110,153.1890,187.7280,154.1560,114.5720,89.8715,71.6474,70.9026,85.3484,89.6070,63.8469,60.4360,43.4220,37.5933,39.0174,24.6193,17.6360,25.1999,32.4189,63.3822,92.4543,86.7602,80.7859,50.7304,27.7129,35.2748,35.2799,28.2330,25.3996,44.0109,71.8298,120.5580,160.0870,169.6000,157.5750,146.0010,115.8420,87.7442,76.2338,67.8855,59.8673,45.5539,34.2774,3.7796,9.3665,18.6846,19.0023,33.0638,25.1995,19.9984,9.1207,16.0685,17.2735,15.9344,17.8131,47.6626,35.8416,65.9004,33.3495,45.4367,15.1541,9.9484,9.7457,18.6255,19.9418,33.7938,51.1163,50.5117,47.1284,32.7191,20.0488,42.6481,83.3882,56.5847,40.7889,46.9920,49.8305,32.9697,14.7987,31.6581,37.5505,25.9102,24.4249,24.5320,20.6303,14.7306,9.5528,16.6681,24.2968,11.0364,22.5653,50.6216,45.4237,46.1835,15.5927,6.1597,10.2819,16.3322,17.4852,14.4191,10.9761,43.7719,50.6455,67.8219,52.8169,31.3865,14.8940,13.9509,36.5745,40.4374,42.5789,25.1002,17.3441,34.0167,55.3843,45.5011,26.6207,26.0986,37.1560,36.7222,32.3079,23.8712,22.8898,30.8060,33.9946,38.6706,62.9984,86.6148,67.2657,58.8008,83.9706,87.5911,81.8477,44.0722,54.5063,95.8522,120.1240,81.6149,60.9905,82.5295,88.8503,79.5144,60.4276,33.9953,16.1884,19.8031,35.7268,45.0812,43.5652,64.8401,59.0403,58.2801,55.6223,51.6726,44.7829,57.0835,79.9678,83.0428,74.5496,60.6422,46.8716,40.2892,54.6983,79.4947,88.9097,83.9085,84.2571,78.5794,67.2300,61.0908,64.2337,72.0993,84.6617,84.1518,65.8210,48.9011,41.7476,65.4518,83.5771,86.5125,62.2870,57.4834,78.3122,70.6475,53.4348,74.1058,101.7640,114.5440,117.8680,115.0140,94.5388,59.7288,34.3594,11.6776,18.4701,26.8892,33.0712,39.5359,48.8730,47.4227,43.3978,41.9264,50.2855,58.3826,69.0681,61.9755,35.6320,36.1169,64.7069,61.4169,48.1032,36.3762,32.8605,18.9522,32.7060,47.7950,60.4896,61.3369,52.6306,42.8882,30.1556,14.5052,33.3484,73.2937,67.2495,57.9884,43.3868
37347.6000,19293.0000,14300.6000,17234.5000,13303.1000,8766.8800,5602.0400,4196.6300,3800.3900,4394.9100,5654.2300,5994.2500,4189.2800,1285.0800,2437.0000,3932.2900,4467.1300,5570.5100,5626.2600,4919.1700,4136.8600,3341.0400,2340.7400,1596.3700,1458.8100,1479.8900,1445.4900,1312.0200,1205.0200,1266.8800,1251.6000,1311.3400,1159.0400,822.5150,547.1540,564.6240,621.8000,501.2380,346.9070,294.2710,349.1910,528.9670,687.1670,765.1360,680.6440,472.9320,349.7900,339.3320,381.2760,407.8870,419.5260,411.2770,345.7510,255.5670,226.8620,237.4770,194.9160,137.9980,58.5731,77.5327,110.9930,102.8930,83.9772,97.1962,89.5761,132.5730,111.0580,144.2600,144.1400,174.2530,201.5490,220.1390,221.6270,155.9840,91.6686,59.9963,65.0615,75.3465,87.3821,42.2768,44.9604,25.3342,57.9879,54.3991,74.1463,48.6362,30.6899,28.2656,36.6833,50.7269,61.3225,102.1110,94.1129,95.5506,85.7149,52.6576,39.5374,37.2863,36.0624,47.4870,59.9612,73.0908,71.3924,74.5202,111.0440,158.4760,190.4510,211.2740,227.9340,221.7810,197.6450,178.3290,134.6040,90.9370,60.9762,62.1835,60.2803,50.8983,29.7237,38.2463,25.5535,36.3674,57.5455,69.7560,40.1724,28.9378,50.5097,60.0771,54.5552,45.8072,36.6535,24.8886,28.9035,35.6370,60.9058,74.8972,61.9590,58.7425,27.0532,22.1179,16.2726,21.4220,16.1396,27.5444,16.4826,12.0098,20.1859,21.4129,26.2335,33.9024,40.3432,43.8688,26.4211,26.4059,28.3554,53.8090,63.1775,52.3980,36.9929,11.3476,35.2473,44.9490,52.3402,39.9137,39.9847,35.9188,32.6742,30.3518,29.5927,9.2617,10.1877,24.3827,27.3330,21.4475,18.8803,17.3299,16.8221,18.8530,27.5522,51.1604,59.1550,77.8990,56.4681,31.7371,14.3128,43.8602,57.2528,62.7455,61.9676,30.1621,22.1134,60.9185,70.8058,48.1048,23.5275,47.9722,60.7668,51.5789,38.9689,45.2297,29.2630,25.5919,44.3744,54.9547,57.1342,62.7550,41.2878,34.4981,32.0740,22.7927,15.6642,19.8521,34.2116,45.6795,44.4864,47.8296,65.4154,46.3610,29.8688,22.1499,38.1792,50.5990,85.9588,92.3723,84.1356,63.8072,77.3695,74.2916,76.5890,113.1660,115.6380,98.9499,71.6706,42.7535,48.8608,77.0231,95.6916,63.6434,46.4407,59.8700,67.7052,71.8998,73.6081,71.2706,72.2701,74.6201,46.4441,20.7159,24.8568,37.7832,36.4056,28.8204,19.8770,24.8333,39.5478,30.6061,24.5167,34.4214,23.8146,23.4862,41.4599,53.3152,52.7089,51.4845,56.3453,52.6343,48.4175,45.6302,45.5994,33.4401,34.4883,56.1188,56.7118,45.1681,36.8725,45.7619,55.3554,72.5998,99.9776,102.4360,79.5072,101.6190,120.3560,113.6270,109.2540,103.9340,88.8529,65.0640,54.8296,51.6102,58.2399,55.7981,64.8416,77.4103,50.4372,27.1172,46.9415,54.7198,64.5089,60.9529
39335.0000,21160.0000,14174.9000,16071.5000,13789.7000,10839.6000,9049.2900,7329.0200,6254.4600,5553.6300,4166.2400,3636.1200,3181.2000,2110.5900,2753.9400,3749.2600,3640.3800,3034.1100,2271.7100,1209.8600,670.3560,943.0820,1061.2300,1136.3700,1008.7100,924.6980,969.5370,739.8230,764.3660,592.2600,489.5130,350.9650,213.4220,40.7831,132.0690,195.6340,244.8700,303.9310,347.8710,322.3870,282.0320,280.7880,282.4030,287.6830,172.6590,106.2270,165.1020,210.2540,234.2440,254.1420,307.5240,348.0870,368.0310,362.3130,324.0040,316.1340,316.1420,321.5440,266.6680,188.0900,148.7860,122.1550,111.7610,94.2670,78.1129,111.9390,154.7600,172.9770,136.6060,44.6101,26.0794,59.4199,43.4556,52.5112,129.7370,190.5940,197.8100,200.9260,184.0730,113.1720,62.8674,34.2278,29.0530,27.8660,39.2462,58.2474,50.7245,41.8091,30.2703,49.4798,84.3308,104.9710,89.3926,90.9943,71.9942,41.7353,34.7760,37.9027,45.2659,26.9475,14.6529,33.3308,48.1654,70.6559,110.9270,164.7170,176.9290,170.8380,176.7390,171.9120,157.7010,140.4010,118.3700,104.1610,92.1924,61.6219,30.6552,14.5675,10.6563,11.8677,25.8840,14.3432,30.0635,20.8963,32.0577,20.7151,20.2078,28.7481,34.7887,24.3376,26.3841,22.1381,37.1604,27.2639,23.9127,27.5921,36.1167,30.5946,42.8556,50.4757,42.2147,59.3211,43.0199,33.2772,20.8664,14.1154,11.1778,17.7600,25.2304,51.5372,54.2777,43.6105,44.7643,21.3569,14.7479,13.9344,3.0034,18.1657,33.4124,38.1089,50.5808,63.8284,57.3282,46.1149,25.7590,16.3163,11.4170,18.9293,37.3419,67.3413,58.2263,35.8415,21.4358,20.8292,26.3498,23.3806,19.3020,18.6829,35.3652,38.1885,36.9347,34.8019,34.2216,44.4948,66.1520,50.2948,38.6726,7.0182,27.7702,37.0562,40.8664,33.9639,13.6499,22.1692,41.5812,30.4309,7.1932,30.0276,12.9438,13.5927,38.3742,45.7795,65.1414,80.3925,93.1108,80.3850,33.4753,43.3867,34.9338,30.0760,31.4842,50.3911,55.0490,65.1872,84.2487,64.8293,35.1883,21.3403,23.6557,25.4591,47.8612,103.4570,132.2320,138.4220,142.6360,129.0630,95.0380,65.4242,89.9430,155.7160,166.8490,141.2310,116.4730,86.0469,49.6426,54.7248,92.6586,94.9415,64.9260,57.0699,67.0946,72.5115,69.0917,51.5392,44.8367,43.8417,38.8000,31.4867,30.9565,39.7531,52.0057,70.1556,49.8040,21.7674,31.9153,40.3917,25.6893,19.4474,48.9065,63.1301,72.1944,66.9698,68.8773,71.5917,60.5051,49.6390,28.8024,32.4714,30.5612,19.7238,22.1578,33.1441,32.6993,28.7232,37.3641,48.4346,52.9927,28.5585,22.7998,45.5386,60.6989,80.7659,93.8750,84.9813,77.9874,76.7937,62.8636,23.2651,26.4681,37.2401,17.8196,20.4679,37.7193,42.8475,41.2015,26.9765,20.1651,27.5199,62.1747,76.7663
37299.3000,19106.6000,13065.2000,16088.5000,13855.2000,10514.6000,9325.5500,9931.6700,10874.3000,12004.4000,11947.5000,10802.6000,7359.1600,3731.2000,2123.2200,3574.2100,3310.1100,2435.2700,1240.4100,1005.5700,1046.0500,1064.1500,1347.0700,1941.7100,2212.2800,1971.7200,1720.9400,1594.4800,1330.7500,919.4740,697.1200,716.5570,660.6000,520.9070,390.2360,260.5040,218.3940,228.0580,224.9390,207.2490,162.1060,165.8740,199.9340,225.6990,187.7430,103.7840,56.9750,20.6936,32.7074,54.5098,60.5971,104.2040,182.9550,283.3190,360.4960,382.3540,429.0870,462.8440,413.9640,342.2470,195.2500,129.6570,78.6714,70.8547,155.8540,236.5090,217.0360,178.5740,144.6320,133.8140,124.1620,81.0428,34.3156,82.1912,159.1540,155.1230,170.1000,166.6360,175.6420,152.4380,179.1690,169.7950,140.5570,126.0440,92.4832,61.3754,71.2282,79.0364,62.6673,48.8265,68.4407,115.0800,136.5760,138.2660,111.2330,41.1217,26.8766,53.4119,56.7768,38.1299,21.8851,14.0367,16.4409,17.2062,36.5730,85.9317,111.4900,96.3551,91.3698,59.0603,77.6630,122.8740,206.4580,242.3880,248.1400,275.1250,322.7870,402.6340,508.0220,453.1380,290.4850,173.7720,102.5990,107.4150,87.9612,41.1895,85.5216,129.2290,174.8200,238.2780,257.0150,188.5490,127.4510,80.4851,47.9543,37.6622,42.3736,63.9890,92.7828,110.3450,110.5350,92.4587,59.6766,37.8268,45.7025,69.9691,78.8487,42.0577,28.7323,16.4487,32.3941,37.0828,13.4048,10.2624,29.4522,48.4236,67.9119,66.8130,66.5506,51.4529,20.9172,33.8348,33.1295,33.5566,24.8097,29.1352,40.7906,46.7469,31.1128,35.4941,59.0443,60.8586,54.0590,52.3192,43.0914,29.5064,10.7592,18.3933,42.0746,58.0706,74.8561,86.4079,90.8821,85.0658,52.6381,36.4403,78.1547,88.0428,90.6746,68.6808,70.3265,85.5597,96.9549,97.2347,103.9770,129.0950,133.3800,134.5970,132.4580,131.9820,99.1387,57.1255,62.9515,86.8857,82.6561,63.0862,25.1460,41.4920,71.8015,90.4945,80.0117,40.7857,34.9365,65.2685,73.0205,45.0282,26.1588,12.7694,29.4612,37.5924,75.2816,58.0727,53.8070,76.9847,84.4257,74.1910,32.2896,47.8039,82.5211,103.9650,122.3260,125.0770,99.6863,62.7703,34.1465,58.3826,80.3441,89.2146,82.7242,76.1098,67.0631,62.8622,36.0064,18.3885,4.5124,5.1355,2.4438,5.9213,14.7345,32.4316,52.0656,71.9136,56.7437,44.1097,39.8255,39.0065,28.3193,20.7683,42.3556,70.6911,43.8451,27.7081,52.8055,61.4871,55.0407,53.6229,51.1281,52.6844,54.4587,71.7234,82.8483,67.2202,46.3817,35.3352,54.7466,75.5547,84.3621,65.9418,60.0949,81.0057,79.9353,86.8755,117.4510,128.9430,121.0380,99.7731,70.9121,54.0187,74.8607,80.1459,60.1695,53.2812,59.6905,68.3004,84.1694,100.1220,98.1358,83.9363,60.3770,48.4786
36234.8000,17458.3000,11166.3000,14132.1000,11728.8000,8628.3000,6324.3600,4218.8700,3208.6100,3412.1000,4045.4200,4879.4400,6820.9600,11098.5000,9386.5200,9482.4700,5351.6200,2920.5900,3066.3600,2936.3700,2693.3800,1977.4300,855.0270,279.9110,309.6620,597.8630,1039.3400,1209.5500,890.5370,742.6780,682.1810,596.7150,587.1720,716.5920,796.2680,616.6320,402.1680,349.8160,312.0680,205.4040,152.6390,205.2740,171.2890,157.7310,166.7650,227.1870,209.2160,143.9330,100.1180,135.9820,149.6570,171.5110,266.7190,416.2850,502.8410,460.2330,407.1540,359.3760,386.0670,426.8140,419.3780,487.0440,577.7380,556.5930,466.0290,401.2750,300.8240,282.2870,365.7750,492.9120,565.1800,527.7590,443.6850,373.3030,336.5580,332.7230,373.2370,345.8110,247.1180,193.7880,159.6650,167.2790,148.8410,81.4240,70.5167,73.9839,68.1178,95.3141,98.7982,108.3760,128.1900,163.1570,131.7010,97.4415,74.7733,11.0998,77.4774,90.7745,87.4254,20.7328,21.8252,19.2934,32.4522,78.0674,99.1333,138.5780,163.5740,168.6350,145.2440,126.9500,147.6690,115.3510,76.1418,66.6756,82.9005,105.3040,92.1194,57.1264,30.6745,14.6622,17.5932,42.1431,50.9874,50.3463,70.7497,81.9188,70.8204,58.7786,51.9251,58.9821,20.8378,61.2278,87.6669,109.6580,105.6260,57.1990,29.5158,49.0286,32.1681,14.7234,67.8423,65.9171,50.7383,23.0560,47.8709,87.1741,100.6080,86.3228,84.8504,101.1210,96.9157,75.8741,38.5777,48.5583,47.6334,36.0709,64.3458,30.8980,24.5945,34.8855,64.4959,74.3902,63.5376,53.7723,43.8733,35.7081,33.5953,52.5592,43.8480,25.4264,51.7736,86.2750,82.6046,48.1483,55.5861,84.8864,110.8770,72.7667,66.7468,64.9196,39.2231,31.1152,46.8468,45.7003,27.9751,33.9419,101.6150,121.7800,132.7770,65.1855,54.0554,102.0560,94.8112,55.9472,31.5126,43.5561,31.9027,33.1251,105.0030,122.2210,121.7910,31.3832,49.8730,123.4670,78.5865,56.1155,59.4358,107.5220,103.6270,96.6515,95.1826,75.8591,65.7431,68.0407,57.4805,94.9579,161.9600,166.6340,125.9430,107.8160,108.9260,107.0210,100.9980,78.0002,75.8113,108.2230,155.0160,202.4540,192.8450,140.1210,121.7020,126.9790,134.5340,120.4690,89.7292,73.1075,54.1855,48.0444,62.2814,75.0339,75.8651,74.7163,63.8308,46.6253,53.3682,73.2569,69.8848,46.8822,24.3080,36.4854,39.0545,36.1890,72.9973,99.6220,128.3840,63.9981,38.1926,47.3644,90.3273,81.3645,70.6793,57.3173,65.9414,91.8822,82.2938,83.5056,73.0336,87.1944,93.1945,54.5312,28.7514,63.2919,79.4634,87.1068,40.9888,87.3773,118.9780,163.9240,177.4570,102.5580,49.1858,55.4468,147.4640,179.7820,162.8870,129.0280,50.4870,35.7096,69.4262,109.4280,102.6660,49.5857,57.6575,68.9173,109.1360,103.1150,83.3511,68.4770,59.8681,68.1194
35470.1000,17147.0000,11059.2000,13997.1000,11661.9000,8531.0300,6370.7400,4349.1500,3107.6700,1932.4300,639.6150,1451.0700,1628.8100,2155.0600,2732.8200,3043.3600,2935.9800,2795.4900,1724.2700,1731.2100,1326.7300,1558.7000,1823.5200,1480.6200,845.3350,473.9240,334.5160,314.0220,407.3520,540.5120,653.8120,715.7330,795.4520,817.5660,830.9520,740.2130,547.6190,412.0530,350.9380,350.9470,364.5730,405.8060,442.6060,452.9380,478.8760,426.1170,316.9770,265.0100,197.6430,121.9410,65.5943,180.1260,230.3010,255.6000,226.1660,167.2700,177.5920,237.7750,260.5830,261.4330,266.7360,252.8970,269.7570,374.4430,494.9070,568.6160,575.1710,540.0250,488.0370,442.7220,368.5120,280.8720,218.1110,191.7300,175.0210,180.1980,182.3720,221.0860,227.3100,257.4810,232.9180,147.0360,100.1500,73.8747,83.9113,69.4162,91.4742,69.1701,56.6398,52.5508,39.5365,25.5379,21.9861,24.6868,58.8262,83.4928,85.8509,55.9645,51.5093,48.8866,35.8117,40.7830,40.6539,73.0702,78.6397,106.7070,139.4000,166.7170,195.5340,205.1230,180.4830,178.6130,170.1460,138.6140,110.3510,95.1501,119.3380,62.6572,87.3329,53.0014,72.9050,34.4811,35.7930,61.8626,51.8834,42.4921,27.7650,43.7852,59.5997,41.5477,29.6060,20.9154,29.5931,36.2208,32.0641,40.5617,55.9333,67.3982,83.7420,78.1835,44.9383,40.0238,16.1439,38.8957,30.1116,47.2155,40.5520,61.2638,49.8914,29.0542,31.4668,37.7029,50.0469,33.9872,22.1121,26.0345,26.7152,41.6466,59.6165,45.6011,51.7243,21.1676,21.1231,35.2163,60.5880,45.3613,44.3320,19.2068,46.7689,66.0328,82.5614,65.7518,40.4374,54.4874,56.4789,64.1223,21.1055,23.0613,22.2532,35.2521,64.5782,106.7390,75.7563,28.1247,24.6698,70.6696,80.3293,77.6018,70.0812,52.8890,40.0998,51.6422,40.9247,40.3699,54.9598,86.0349,117.1240,119.1710,91.0660,72.5166,23.2523,90.1680,112.7000,136.1280,142.4060,126.3920,125.6880,143.1380,111.2290,74.5401,110.7030,167.3710,218.8720,179.2950,92.1092,49.6663,54.7419,90.1000,102.4860,101.8050,48.5507,22.5150,36.6278,16.9356,45.8900,74.3263,87.7793,76.4159,112.1630,141.8870,137.5050,130.0130,117.2850,74.5437,32.5858,27.1782,21.0280,51.1649,99.7551,68.5387,39.4682,26.5874,37.6291,39.3899,35.4627,58.7438,74.7593,46.2732,34.8145,55.2734,87.5669,91.9901,44.2638,9.9183,29.1619,22.7497,32.1857,46.5890,44.9757,45.6847,68.4262,71.7770,34.3707,19.2314,60.4380,74.4587,83.4164,90.5179,74.3071,43.0539,63.6768,80.5633,75.9070,75.1775,67.3201,85.3717,103.4830,110.9010,28.7283,72.4718,141.7260,190.3200,212.2370,182.1810,123.5850,80.7236,99.0749,108.9280,44.8792,73.6227,128.9960,62.4220,31.8137,25.6351,32.5259,64.9658,105.4620,106.4640,101.6470,86.4095
36277.0000,18057.5000,11823.0000,14780.3000,12570.6000,9374.8900,7389.8300,5675.4500,4662.9000,4025.0600,2900.8700,3057.4400,3107.0700,1542.9300,929.1640,362.0430,261.8760,451.1910,527.3000,891.3950,829.8470,708.2470,656.4650,197.7540,518.9760,582.6290,716.6510,816.7810,1064.3100,893.4090,584.4960,408.5040,504.4670,1124.4700,1530.3300,1648.6900,1867.4500,1409.0900,784.9320,500.6070,414.2600,389.9370,339.2990,162.2470,245.4450,251.3630,241.2520,210.2900,128.9210,91.8435,102.2320,85.5341,68.5714,59.6246,41.5372,34.9318,31.7424,72.6884,125.0200,185.3530,176.2540,140.8940,138.7580,98.3733,58.4352,42.8461,44.6967,81.5181,114.1960,102.6490,86.1861,71.6779,108.1960,174.3160,211.4340,174.2890,146.2210,98.0583,56.9589,37.6835,21.1812,48.2994,83.9870,97.4124,89.4924,81.6148,81.8891,76.4517,70.9857,42.2717,7.9785,34.2394,63.0750,91.1001,101.7210,56.3048,23.2983,46.6832,70.2554,52.6825,48.7519,57.8503,56.1403,45.5173,21.0969,87.9933,119.0050,138.5540,121.7540,118.2540,162.8790,155.3080,123.4700,97.7323,63.0574,48.4546,60.1543,45.8513,30.9901,46.0596,42.3299,32.6151,29.3281,28.6463,40.9576,63.5098,91.1578,93.3846,86.2058,86.7252,84.5722,91.6123,77.6126,36.6115,22.0892,39.8747,45.4200,48.1918,52.4517,57.7939,58.0911,60.3976,51.4402,44.2977,47.8644,56.6294,48.8529,16.7245,8.0006,22.9736,12.4132,17.2443,31.4848,31.2238,29.0560,24.1407,28.4968,50.9156,38.2573,31.1483,22.4020,21.9861,16.1470,26.9554,41.8182,28.6833,16.3249,4.6018,24.5425,28.2979,36.1677,28.5056,33.9252,31.5909,37.3050,23.3267,21.3485,31.9059,47.7534,66.3070,54.6008,74.3846,38.8144,38.0473,9.5563,35.3227,52.8182,72.9950,77.6477,37.6179,25.5629,28.9125,27.8104,17.9868,27.0681,51.3102,50.8475,45.6670,25.6608,59.8128,116.4190,91.1901,54.8047,84.5798,107.7890,103.0940,92.7863,104.1390,129.2580,131.5300,127.4110,122.8820,114.5170,95.7659,77.5029,64.2528,53.2386,33.6037,36.9936,85.5187,145.8320,173.9980,185.5140,185.5420,160.4360,123.3690,113.9510,143.6580,188.5550,165.2490,92.1565,68.3435,66.9013,46.5296,26.2326,28.4190,29.2900,27.7624,32.2744,29.1697,22.3465,15.6287,45.6686,56.8777,53.1709,43.9867,28.5318,41.5552,74.6411,96.1908,50.6925,27.6303,40.7374,39.1108,28.8190,23.3778,33.1910,60.6753,68.8843,79.2878,94.8606,106.5750,110.5310,99.7528,62.5788,41.7976,30.1317,25.1952,25.6715,46.5983,77.2193,74.6513,37.0770,20.8786,74.0738,110.6770,107.8530,88.6318,55.6045,69.8729,88.2122,79.6365,81.8993,88.0197,86.2974,92.7213,91.3087,60.2491,17.8978,24.8565,37.6135,30.5298,31.7814,27.3135,28.0275,39.5307,50.7254,64.6496,75.3911,66.9803
37238.3000,18683.1000,12428.4000,15377.9000,12987.8000,9479.1600,7723.2500,6531.2300,5863.7500,5119.1600,4947.4400,6040.6700,6711.0700,6564.5300,6545.9100,5162.7800,3377.9400,1637.6900,1378.3800,1652.1900,1782.0600,1834.4800,1439.5500,1085.1500,992.8350,771.8330,612.6690,520.9550,495.1930,358.8040,296.2440,347.7140,346.0540,427.1170,603.6440,747.2860,819.6610,508.1810,320.3270,164.6140,165.2790,159.3070,175.8990,280.4520,337.0180,287.2230,222.6930,126.2750,79.4183,54.5586,85.4757,129.6380,126.2150,93.1494,61.2018,41.0749,33.4538,49.2869,70.6335,75.0439,111.9040,166.9360,181.3940,187.3920,146.9560,48.9076,83.5328,123.1230,195.2920,243.9390,215.4030,150.4370,126.3590,179.6000,220.9390,254.3520,232.2680,164.8900,112.8070,88.6616,67.5257,62.3452,47.5397,59.6688,76.2410,65.6733,55.7087,44.4280,38.6340,32.8799,11.8273,54.8609,58.7182,72.9605,36.4811,24.8063,30.3864,22.8101,46.4842,57.1763,53.9354,47.5428,50.8374,71.2057,86.8127,117.4020,154.3310,179.5950,198.5150,174.1750,157.0120,157.1730,127.0400,91.7620,48.2463,45.1820,61.6206,48.0663,17.7991,12.5026,22.9803,21.2668,19.7122,24.3635,42.9913,50.7971,57.5485,32.4587,31.8050,63.0602,66.0894,59.1662,40.7212,39.8115,46.9548,42.0161,38.0925,35.6703,36.8414,44.0061,50.0039,54.3036,52.0760,16.7111,7.6881,38.0408,36.1298,38.3276,29.1622,41.3632,49.4463,34.8159,19.4971,26.8768,32.7017,39.7822,14.0455,20.2731,40.4844,40.5406,18.9489,21.7672,51.2286,52.1571,42.6285,26.9753,7.1745,33.8070,50.1685,62.6530,60.3483,56.6704,51.4165,41.8673,36.9144,8.9383,19.7684,27.5031,39.2712,38.9400,48.0398,61.0023,48.2223,43.3138,35.8882,46.6946,60.9478,56.4259,51.1032,16.9553,9.2204,5.2001,17.2908,49.6855,82.0744,136.3810,144.9190,118.8070,95.3615,57.2095,28.1365,31.9341,39.7294,50.1382,43.6334,18.4098,38.4055,75.8894,59.5678,42.7732,19.9955,85.0954,98.7521,100.6870,91.3604,88.7009,82.4943,48.8887,39.6556,47.1842,27.3869,23.1080,80.3834,98.2873,101.6090,90.8431,46.7239,34.4985,78.5477,109.9590,111.7810,118.7630,113.5620,92.9132,56.8425,73.4199,105.8440,112.1480,95.8457,83.5204,27.5979,46.6028,56.2667,71.0970,89.6773,75.8244,37.9362,20.9562,27.2286,30.3919,28.5249,26.5293,25.2937,26.4511,32.4775,34.2002,27.5980,25.2986,33.7043,40.2136,51.1774,61.4827,75.4650,41.0327,44.5358,36.7581,49.3704,42.8160,74.5265,84.1392,94.9719,48.4299,49.2986,63.2392,48.4058,55.7151,75.6188,88.6453,90.5475,75.7823,66.0255,98.8626,128.9140,112.8700,93.7500,71.4843,53.9648,21.2891,25.3079,53.7704,75.9119,82.7148,81.5038,90.1627,89.2794,72.2654,54.4900,54.5560,63.7797,48.3487
35890.9000,17522.3000,11486.8000,14329.6000,11680.4000,8082.2900,6009.3200,4737.2400,4418.0000,3964.1200,3869.2900,4359.7800,4963.8100,3991.3100,2460.9000,1369.2200,1786.9000,2697.1900,2059.4300,1658.1100,304.7060,907.7080,854.0490,884.9010,833.4940,605.8860,386.7140,368.5110,430.9520,494.1800,495.2710,545.7760,664.4720,713.3280,849.5530,855.3620,564.8000,408.4510,120.6230,158.9340,264.6500,438.2410,394.4930,381.4510,330.6230,159.9600,85.3088,124.8760,148.1800,146.4540,121.5980,112.4210,133.2130,163.1370,192.4290,228.9800,292.7040,450.2590,729.8600,1057.6800,1062.9900,836.5080,605.7610,218.6390,203.0590,312.9960,304.5900,281.8980,292.4990,263.6240,231.9240,246.0360,278.8810,319.3720,377.8880,472.5220,532.4650,420.7530,296.1440,146.2160,105.1080,165.1230,201.9500,120.9620,60.1903,56.7258,77.8380,117.6500,112.5020,87.4862,59.3923,40.1543,49.5209,123.3540,176.8030,209.2650,194.9440,154.8700,108.9320,55.0109,75.6989,107.1590,111.5200,91.6159,104.6980,153.3380,191.0690,203.2370,207.4520,190.5400,155.1380,142.2510,130.4820,87.9576,52.5969,31.3952,29.2786,56.7399,58.8046,46.9890,29.2016,32.2729,30.3427,14.8942,4.1544,21.9893,39.1538,42.3694,20.3386,42.3357,75.0676,102.0630,51.5117,41.3585,73.9924,72.5844,67.6938,76.0784,84.7199,64.4670,44.2558,30.2501,38.2761,34.0931,64.1996,48.6462,66.0059,62.0270,70.8863,100.9230,82.3220,43.9565,16.3617,61.6737,78.9495,88.7390,65.9786,36.3349,47.5392,42.3250,18.5467,18.3298,32.5174,32.1205,27.3532,19.7759,9.3015,20.5364,40.9672,55.8749,72.3360,63.6807,32.6408,17.4372,28.2442,47.1832,53.7222,54.2266,55.3288,30.6050,35.1453,35.2521,43.8190,59.7658,80.0336,38.0891,47.3281,46.4460,49.4935,29.0270,8.0691,40.6727,56.4372,64.4975,62.6584,52.8078,78.5154,105.7170,81.4024,57.6473,36.9301,35.1461,37.4931,18.3238,57.7087,68.8427,75.7788,30.7650,23.5745,52.8692,71.6695,79.8269,88.3563,91.4003,77.4822,59.0181,44.6385,50.3641,51.3732,9.0712,17.3064,26.6460,31.6703,44.3656,51.0987,47.2873,38.9033,34.4597,58.7066,82.5748,104.1130,115.9760,113.2540,83.5325,60.8364,75.1332,73.1640,69.1210,61.4212,42.1255,24.8281,28.2798,29.6455,26.3243,31.1520,36.3038,38.3927,46.1090,53.5531,49.7588,47.5835,42.5602,43.3099,41.0784,44.2196,33.0582,25.0518,35.0094,29.9498,33.8795,58.2512,60.7396,58.1253,42.4030,39.8391,39.7449,27.2142,20.6369,22.9128,27.4223,30.6105,42.1303,60.9016,48.6420,35.6810,44.1596,56.6863,58.3778,54.2984,59.3927,63.8721,60.5306,66.5598,91.3757,111.0210,107.2310,92.0615,62.2324,42.6947,43.6199,41.5638,13.5440,22.6107,52.4813,43.9022,35.6106,48.4476,53.1992,54.1398,46.6701
36720.2000,18743.5000,12579.2000,15741.8000,13966.1000,11081.9000,9212.2600,7498.9600,7158.4600,7184.2800,6662.7000,5943.2600,3966.2700,2300.8900,823.3660,2645.1900,2549.9400,2513.5300,2333.4600,1926.2900,1091.5100,765.0820,820.3830,920.4740,987.9370,847.5240,694.0940,621.0250,522.9060,296.5020,203.5040,317.4390,424.1920,499.2240,581.7770,617.7330,415.2720,206.3460,219.4840,407.6820,498.5360,584.0000,578.7300,472.0070,379.9510,253.0920,197.0540,172.6860,168.0140,171.6070,204.2530,219.9410,217.2680,223.1590,294.6100,372.2620,423.9290,519.6110,642.6630,712.9660,668.6920,535.0600,443.7420,395.4110,324.5890,264.5350,185.1350,94.9427,50.6548,42.4080,57.6943,62.0166,40.8608,48.2304,56.3393,62.3370,102.8820,144.0720,168.3150,104.1100,42.2013,11.3331,36.6102,14.0472,34.3792,56.4330,75.2054,58.7229,65.5923,94.6602,117.1770,139.4350,150.4640,149.9920,128.4210,89.4398,72.3733,86.4718,76.8797,45.3500,28.7006,42.4408,60.7827,71.1754,75.4698,115.3260,159.3080,172.5120,169.8240,165.7560,176.4110,159.5970,128.2190,110.0880,89.8773,84.8659,76.2557,55.6019,29.4620,19.7992,18.9653,31.6850,49.0940,48.2312,48.7361,63.0210,69.9706,76.1710,53.5032,35.4138,53.7135,51.6992,34.9850,25.5365,38.7101,69.3232,52.8314,59.2090,51.0593,68.2661,64.8372,55.0511,30.5591,10.4892,25.0096,59.0276,78.7857,76.0890,81.9081,34.2251,17.4596,26.5019,33.8256,47.2787,49.6758,43.0615,35.0987,46.7415,54.2303,62.8928,64.6645,45.9878,29.9035,31.4500,43.3309,51.9597,55.3777,25.6965,10.0618,13.9792,21.3973,47.9578,63.4443,32.9395,13.6725,27.8543,38.6028,43.1784,43.7063,23.6817,7.5913,11.7756,19.1872,26.7291,27.0770,16.8820,8.8167,4.6763,7.3996,15.4430,21.3914,36.3847,46.6988,33.6489,33.7267,53.0992,59.2520,63.3624,71.2908,79.7555,62.7293,29.3944,21.6128,25.2706,14.6632,36.8806,49.6626,77.1034,54.0779,42.0687,47.3398,62.6960,78.6443,83.0742,70.1123,62.6598,59.1649,50.6531,39.7471,14.5100,40.1981,50.9684,80.5809,120.0320,141.2950,145.4670,110.2010,84.3771,103.0100,142.4510,144.4280,115.1230,71.2595,46.1765,65.0821,84.4907,98.9390,88.5510,43.6337,21.9289,37.9542,63.3642,88.7008,103.7430,109.1380,111.8640,90.8034,38.1611,22.1653,37.5090,33.4245,25.9020,17.9736,10.9725,33.3225,40.8768,44.9013,25.9735,15.8284,7.2299,12.8778,22.6750,22.6463,30.2373,31.5785,38.3640,45.2878,52.9757,43.2634,24.9482,13.7207,30.6690,35.3476,31.2429,17.8216,14.6070,24.2755,33.2580,36.6603,28.9186,43.6091,67.3776,58.3852,57.2657,74.9316,63.6816,40.2299,26.2362,43.8033,53.7420,39.3725,37.8528,49.4780,46.0157,41.9689,60.4377,80.4279,103.5320,72.3025,38.7552
36524.4000,17972.9000,11691.9000,14484.1000,11775.5000,7886.9800,5652.4500,4317.5500,4175.6100,4644.8900,5589.9900,5994.9600,5311.3400,2250.6700,1859.7000,3010.3000,3424.3700,3109.9900,2168.2900,1399.0600,915.2940,746.9880,586.5340,419.1270,435.6510,474.0690,523.8600,426.7000,328.0770,503.6140,645.6360,631.6730,598.5640,587.8710,599.5130,451.0480,354.7490,383.9840,377.4950,483.3880,579.0230,685.3650,715.5550,635.8230,534.8040,363.9430,191.1410,109.6720,137.4900,137.3590,98.3775,112.5810,120.8990,132.3280,183.3550,185.2120,178.3050,196.1580,229.6710,258.8220,223.5030,162.8760,165.4700,191.1680,169.7610,128.2400,57.4727,58.8526,134.4650,197.8260,210.6520,113.7760,82.7286,137.3430,166.9760,203.7680,242.1410,207.4920,151.0430,90.8763,54.7934,88.8647,127.7870,153.2830,126.0700,100.7250,81.2789,67.9791,52.1601,55.7378,74.8340,79.4834,48.7530,33.6538,53.4942,67.9046,81.1157,60.3096,32.4388,19.8676,22.0231,25.0057,39.8016,58.1324,82.6204,132.0550,173.0030,185.8630,184.8530,152.5430,160.4230,169.6730,140.9850,125.4490,117.1530,113.4970,81.1797,47.4501,24.7365,10.7811,21.2117,30.0886,21.1230,12.8772,9.0247,21.2900,51.6529,71.4783,83.5659,54.5706,43.1506,68.8455,76.8701,68.4773,63.6631,60.3655,53.0663,38.4071,28.7511,28.8920,36.9988,35.5357,42.1584,18.5780,20.3069,54.3179,59.7657,61.4727,71.2875,91.9975,54.7961,34.7105,45.3697,65.5658,50.4471,56.7278,68.4176,80.8205,54.2689,37.7139,39.9251,23.2546,31.5459,47.2177,53.5233,28.3814,13.8798,8.8488,11.6336,39.7955,45.6005,53.8724,23.6267,12.5608,13.8731,28.2563,53.4949,43.5307,35.6490,18.1024,31.5446,16.6567,25.5417,14.4737,9.9668,57.6881,60.7025,59.2834,34.3152,12.6228,21.2404,33.5097,24.7783,24.2618,45.0965,65.1070,75.7348,76.8197,80.8128,58.6255,41.9166,50.4538,28.0279,41.1368,28.6902,60.7825,70.1370,93.6550,65.2912,45.4177,20.3210,10.8767,7.5429,34.3055,56.3944,86.0380,32.3002,52.1053,80.6357,89.2353,51.7653,44.2440,70.8099,75.7562,65.0420,53.5436,62.7133,74.8766,91.6849,137.9780,150.5220,119.3250,68.3050,40.2841,58.0906,54.4333,37.6149,37.8813,34.7356,42.3002,76.8515,48.4597,74.5710,101.0140,99.3287,39.7480,59.2430,58.3049,50.9659,20.1133,7.7558,15.8404,55.7366,61.5715,71.9870,19.9518,33.0012,78.7020,63.2567,28.8804,32.9276,72.5453,77.0668,85.8235,34.2801,45.4053,34.4072,36.8427,35.4294,44.1205,54.3887,71.1974,77.6199,77.6893,50.8727,22.7054,45.3395,78.7339,60.1927,25.2907,28.4011,75.9364,94.4289,79.0948,62.9307,51.9608,52.8998,54.6110,29.5678,23.0214,42.6213,35.7160,38.9316,16.4926,18.8588,30.4184,68.2866,51.3730,61.6160,33.0019
36723.1000,18275.5000,12148.6000,15406.7000,13528.6000,10778.8000,8941.6200,7252.8400,6315.6400,5055.4500,2614.1600,2287.1500,2958.7700,1653.2400,899.6160,1350.4100,1721.3400,1729.3800,1526.7900,886.5600,395.6770,577.0770,556.9080,554.7650,732.0270,783.4860,822.9370,757.8860,557.2940,356.3160,204.6270,214.4450,203.2280,226.5560,352.8810,476.3270,400.6010,310.1750,144.2540,265.1550,396.6620,453.0970,368.9210,228.7660,123.4070,68.0342,68.6950,60.6329,49.0189,55.3383,42.2823,129.0860,136.8240,145.4850,160.5510,211.6410,270.5170,339.0960,456.4990,499.3140,509.7940,392.1230,196.8780,197.3180,275.5540,279.6490,268.4120,243.6400,234.3610,205.5210,161.4470,109.2590,85.7644,67.5734,69.3868,78.5197,85.8772,93.3618,98.7177,60.2333,48.2636,123.1930,143.0460,104.9180,58.5864,20.2343,26.2828,35.2074,38.6415,41.5046,36.6980,34.9361,30.2846,66.5980,54.7442,47.8824,19.6884,42.1412,72.3510,70.4353,74.9559,97.2067,143.2230,142.2830,122.7460,169.2230,239.4510,260.2640,283.1480,224.7650,149.6530,160.2070,153.9340,127.6950,112.7360,103.6150,71.5284,27.2468,10.2562,16.8149,16.7883,28.5694,35.1285,64.5263,67.4734,49.1186,43.2813,32.9510,18.0323,14.0712,13.4127,18.8802,23.1825,22.3994,60.4595,48.9772,36.9520,31.9933,45.0936,56.5696,58.8279,25.0496,45.6335,92.2194,82.4805,53.2902,52.8166,51.6281,57.0208,33.5658,40.1287,52.5806,76.3337,63.3594,47.9377,22.8892,21.9568,34.7018,45.2112,76.4126,70.5456,39.7808,20.6172,18.3522,18.1864,16.8150,16.0521,30.3574,41.2464,52.2906,65.5299,51.3312,47.7388,65.2771,64.3163,52.3911,16.3711,30.6131,64.2515,64.8174,57.2257,58.3671,56.7932,43.5854,23.9618,30.0595,52.0030,67.6868,39.7211,28.2225,26.9839,30.0575,15.5836,30.8110,47.6273,36.0211,28.9004,13.0944,51.2554,69.5736,80.4823,94.9638,63.6939,35.7653,33.4104,82.0167,79.6911,87.9314,106.1560,117.0470,107.5230,69.4123,84.6913,102.8390,76.1936,52.7270,31.4427,17.5832,47.1730,49.7442,32.1595,46.4478,85.3203,98.2061,116.2830,122.3300,125.4530,126.9110,159.7980,164.2750,133.4390,97.5060,58.0239,62.5666,92.3715,105.8730,86.6350,70.5513,50.4308,39.7371,52.5374,46.8195,38.1052,28.9759,36.4487,42.2698,28.1600,20.5405,29.2425,70.6116,64.6570,61.7870,43.2496,12.5942,25.6667,39.9576,39.8108,32.7014,65.4755,63.1715,45.6674,26.0396,33.6810,47.1721,47.9925,44.2896,40.9882,50.7355,43.8039,48.5794,69.1024,80.1579,82.5760,66.6214,27.9650,29.8392,43.8082,25.0617,36.6524,58.8142,45.5936,51.8661,66.2459,57.1894,59.5087,72.6695,78.4031,59.4814,16.4354,11.6606,22.5326,14.4168,14.5880,22.3776,29.2740,38.3826,45.5934,49.2161,39.4301,35.1435
36140.4000,18120.1000,12127.0000,15203.5000,12975.9000,9687.1500,7766.3000,5940.2800,4633.6700,3764.8900,2450.5400,2281.8100,1887.5400,1197.4900,1885.2300,2229.4300,2199.7300,2517.2600,2293.6600,1867.7200,1578.3700,1222.9600,991.6830,976.4530,981.4820,659.3470,347.8790,176.5390,159.9940,217.0470,341.3610,351.6290,353.0420,378.0450,371.1220,320.7210,147.8610,173.0930,307.6210,346.8730,369.8190,446.6500,481.1620,436.9760,371.8240,323.9290,274.4900,263.5500,237.9830,196.2970,161.6150,166.3390,101.3410,108.2660,100.2550,117.2930,142.4290,156.1530,219.6850,259.7580,275.2590,225.5590,96.1579,71.0083,114.4600,89.5261,44.2733,44.9802,129.8710,189.3010,189.3290,165.8120,118.9200,103.1590,131.5900,164.2910,156.1800,100.1770,82.4040,41.4192,86.5098,61.0363,41.4810,27.4256,24.8365,15.3945,9.8921,21.5847,35.2219,48.8687,63.6654,64.4608,57.4382,83.6310,133.5090,164.1120,166.0480,155.0570,154.3520,148.4600,136.9330,134.2690,159.2230,182.9080,206.0800,247.9480,266.4790,250.7420,251.1060,235.7660,219.6460,200.0770,186.5200,148.7310,121.0170,96.3288,79.7135,37.2006,25.6964,40.2504,49.2102,49.9048,68.7402,87.5009,76.6311,55.6457,53.1890,57.4847,61.3176,50.2931,48.3335,49.6325,38.7233,31.0322,22.4855,16.1793,9.9982,15.2706,19.3016,43.9570,37.6314,50.4529,37.0586,24.9859,16.0727,14.1314,27.6690,42.1150,46.8236,18.8278,11.7293,24.0876,16.1911,25.6935,55.9622,54.9345,55.9905,32.6392,43.6458,76.1457,64.6695,40.3335,29.0585,32.3554,34.4551,28.5890,32.8078,26.4328,45.2108,34.4241,40.4886,28.9417,26.4628,23.5055,40.5635,24.1843,34.7393,17.6816,15.9283,29.7176,30.8237,44.2778,50.7463,41.3214,20.5213,43.9090,73.7444,108.0630,109.1660,72.5947,44.8269,59.9970,80.6959,72.4233,61.9848,68.0022,92.6191,85.0446,46.6239,33.2939,42.6817,46.5182,52.6208,23.5773,14.6081,47.6602,60.3499,109.6270,86.0509,83.4088,56.7002,38.6779,37.2639,34.9353,34.6061,35.2727,40.4614,52.9822,55.7495,52.2781,62.4925,62.3083,85.8751,100.1350,109.8530,109.3800,102.8850,96.2940,93.7350,112.2230,125.8420,126.0200,110.3860,61.0954,33.4827,53.9577,79.3773,87.2528,67.9618,45.7961,11.5397,31.8699,42.4828,46.7301,46.9510,35.6606,16.7775,21.5054,34.9851,67.4183,70.8096,63.0454,46.4931,21.7602,20.2939,23.0898,27.5661,33.7397,33.4571,35.2591,38.4308,41.7674,42.0375,43.0459,45.2244,51.5718,61.5014,66.4705,57.0982,50.7680,44.3766,34.6521,21.3434,12.4932,27.3172,52.3859,67.8580,69.2827,53.5965,55.7285,60.6904,66.2828,71.8983,79.6038,92.2491,96.4582,87.5573,50.1063,35.3332,41.4624,35.6118,28.3302,15.6251,17.0406,21.7311,34.9194,52.6273,63.6537,55.2650,39.7624
36851.5000,18443.3000,12140.2000,15185.3000,12992.1000,9653.6200,6602.8100,4411.6400,4051.2600,3995.8000,3394.8000,3085.4100,3015.3800,2653.7400,2785.1800,2226.1800,1370.7700,1030.9700,1006.3100,869.3870,519.7110,398.7800,218.8160,153.9800,152.4700,322.2130,327.1800,325.0640,278.8630,247.5790,231.0340,296.2420,526.8280,710.9530,660.3160,544.7960,240.2390,194.9470,352.8770,426.6800,425.6870,479.3240,444.3820,393.4220,276.4360,179.1650,146.8580,132.0200,134.2710,167.7560,201.7000,232.1630,230.9250,223.1030,207.7950,183.4550,171.0230,147.4800,132.0970,92.4087,45.1754,62.4836,112.0900,104.5860,89.5679,60.7424,49.3016,55.0055,66.2145,132.6940,165.0430,161.4630,156.3190,80.7575,44.1137,73.1440,104.6330,110.5040,112.5520,105.4740,92.3844,73.3138,59.9049,32.5030,12.2769,17.2285,25.9272,31.3313,39.0124,37.3082,37.3643,18.6793,11.1839,7.3814,4.3763,19.5670,21.0910,23.5805,8.0577,15.0648,20.1408,17.6115,34.3037,65.1770,117.3110,164.6070,177.3240,178.3660,189.1180,190.3230,183.3810,161.3880,137.3880,121.2220,98.9207,79.3567,59.2704,46.1812,30.8193,28.1568,40.5206,56.3804,59.1423,72.8976,64.9483,44.0461,38.0535,48.1563,50.4230,48.1896,23.4160,15.7151,36.6890,56.0574,45.2231,35.0106,19.8386,19.2191,20.2196,40.9234,41.1681,44.0780,41.3509,23.3650,25.7239,67.1944,77.4899,64.2619,49.9961,36.9398,26.3392,11.1335,3.7018,7.5019,8.0001,23.4884,20.0885,29.3054,21.1349,25.9801,33.2471,34.9716,16.2946,20.3147,20.7695,25.1673,5.3676,9.8773,21.5138,22.0268,17.5244,9.8271,9.8003,14.3333,40.6216,29.5175,37.7308,9.6737,16.2555,17.3511,22.6762,33.3447,42.4516,33.9718,25.9936,37.3552,50.5530,60.6159,51.0483,40.8979,44.0511,53.1668,46.3456,38.3348,18.2658,50.2695,68.9387,74.7357,57.3957,66.7648,75.9336,95.0998,86.2861,52.8926,39.6675,47.7668,68.5325,82.0588,60.0099,45.2358,33.9452,35.8345,47.2862,53.2086,29.7756,12.6726,15.2941,13.7912,24.7079,65.9928,84.2216,73.7236,85.7756,109.0390,127.6410,128.3030,111.3320,101.8810,112.0600,131.5600,137.5970,122.1210,98.6015,63.0147,40.3371,56.0536,80.4646,86.8093,57.5037,40.5085,62.0087,62.9616,51.3049,47.3455,57.1333,67.5425,68.0809,53.6023,57.7502,83.0414,77.6918,65.7182,45.1398,47.9582,41.4445,41.1102,65.5762,67.4076,53.0941,52.8512,63.0298,72.6012,82.2781,70.4585,48.9453,40.5992,39.0836,35.7989,24.3912,33.7409,42.8282,40.6558,42.4515,34.7602,29.7041,54.5960,72.8474,62.0055,66.3094,93.8573,92.9116,98.7361,112.6540,101.0040,92.6511,83.2871,73.2837,51.8178,47.6353,46.6052,40.0959,51.1711,66.5815,67.6431,58.8691,42.5569,45.0050,61.1552,68.5088,54.5827
37494.2000,19055.7000,13269.1000,16576.8000,14364.3000,11235.3000,9082.1400,6786.4900,5290.3300,3974.1500,3042.5900,3836.5200,4197.8500,3311.2400,3388.4000,3195.7800,2272.9700,1770.9500,1505.2900,1259.0500,1120.9700,1173.6800,884.7870,722.5060,722.3220,490.6480,357.5820,325.5050,219.6910,96.9610,35.8075,138.4020,313.4330,521.8850,532.0800,420.4740,286.2670,173.6550,174.0630,167.2620,216.3710,319.4740,319.2700,203.6240,133.6940,111.5660,124.0860,144.7640,153.6680,154.3890,162.5060,175.1920,128.2550,95.5353,92.8616,108.4700,127.7590,135.7720,88.4512,86.6507,152.0040,168.2610,152.6810,158.7420,165.3870,172.5910,154.2520,138.2620,137.2240,189.5210,187.0730,166.7150,148.7710,75.8872,46.3451,68.0247,93.4399,86.5143,72.6143,52.6702,44.1889,29.4347,10.6934,12.0135,6.8612,10.4234,42.7184,46.3986,50.0199,44.3732,46.1295,49.8358,64.5978,60.5452,46.8036,22.5245,27.4975,28.1027,18.2571,33.8070,41.5232,43.1978,59.9028,63.6493,89.1812,152.8260,186.9810,185.6980,188.5480,171.7010,176.7410,172.3710,133.5210,114.2460,99.3106,93.1874,70.5511,46.5816,31.9709,20.7298,34.7897,38.2646,53.6330,51.0878,40.3203,28.2844,24.9965,41.4831,52.5707,67.6467,35.2401,22.2865,12.6798,21.9473,27.3944,26.3320,35.0298,44.0930,50.6358,54.7292,55.4670,34.4588,30.9440,68.1003,80.8695,67.5048,52.7140,11.8583,32.5159,33.2851,40.3662,27.7901,9.7468,7.2613,7.3992,6.5671,16.1823,22.9400,12.9975,9.8791,15.3912,29.6220,26.0489,21.9228,11.5383,24.6600,15.9045,7.8576,20.8536,18.0298,14.5149,17.6376,28.9940,28.7923,18.1096,16.7727,40.1078,22.3266,25.2654,17.9465,26.4944,41.3366,42.4522,24.0872,26.8675,57.9180,64.1546,71.2825,58.9533,35.9979,15.9330,25.8845,41.8025,28.9351,48.6007,79.2548,72.5420,53.4608,23.3491,39.2559,23.6402,38.0941,29.9957,45.1662,35.6673,33.5997,22.6112,11.8234,6.9873,7.2363,19.9052,24.2339,34.0657,43.4557,49.1575,33.7503,19.7681,9.5341,13.8130,44.2774,47.8969,36.3184,42.7555,66.9438,82.7895,84.7700,53.1416,42.6728,79.2745,111.4640,119.1040,116.7940,99.3104,71.4658,47.3059,51.4452,58.7803,64.1336,65.1096,33.0461,20.0042,41.9578,38.1665,31.0162,13.4002,11.2235,8.6802,8.9858,13.5366,23.6732,27.9023,31.9560,30.0951,41.1893,64.5249,75.9020,67.1016,52.0517,44.4567,45.5034,53.2975,65.8444,75.3741,58.0129,38.8893,27.2079,16.5684,8.5854,4.4281,8.7618,19.6880,17.6666,6.5961,23.3768,26.6057,19.8818,28.6951,43.9293,55.7040,66.2026,84.7851,89.0858,85.8047,71.2653,63.7075,60.9124,62.7300,45.4900,21.0795,18.3512,28.9621,43.5679,40.4055,23.1267,28.7884,45.6457,43.4214,34.5712,12.7917,26.7483
36929.8000,19006.5000,13279.2000,16012.4000,13186.5000,9575.1000,8219.9200,7768.3700,6971.4300,6200.0200,4403.4500,3631.6900,3447.6000,2959.7000,3167.2200,2800.5100,2097.3800,1751.2800,1554.0100,1156.2100,894.0690,802.0830,561.9560,590.0100,736.7530,564.0200,475.8740,527.4210,522.6170,458.0410,441.8930,537.4670,577.2650,568.5390,480.3100,339.3740,195.6060,287.9220,495.2570,658.3440,731.1840,743.4300,677.0790,618.7280,574.7480,544.4740,506.6440,492.2080,481.2820,475.0150,461.8930,401.6950,288.4190,226.2860,205.6660,197.1830,182.9530,166.4090,81.7852,56.1492,38.8212,35.4742,12.3055,39.1660,57.2426,63.2444,72.5613,98.9891,153.4940,204.1360,177.1830,144.5200,78.2742,51.8021,79.3266,144.0480,127.9850,98.9776,94.9001,58.5273,53.8727,46.5656,39.4229,28.7134,23.8083,17.9164,36.5417,25.4482,40.9697,34.4262,64.4341,69.0918,76.4206,78.1978,69.5930,42.3714,32.1071,11.9741,23.8205,37.1345,42.2016,22.4723,20.5771,36.2067,60.6713,107.1280,143.1660,140.0010,138.4620,113.8540,115.9510,125.1060,111.0140,91.0932,71.4873,55.1696,45.8591,43.7329,37.0641,28.3388,29.7547,40.8614,42.7665,60.7353,55.5404,29.0170,29.1845,42.5766,54.4446,27.9700,20.0885,16.6020,29.1446,29.2336,36.2234,47.9758,47.7608,50.9582,58.4732,50.9011,43.7874,45.1739,24.9196,18.6169,50.8635,50.9553,55.8161,33.9854,14.8860,11.4666,18.1834,21.4177,25.8373,31.1659,47.0218,40.8084,22.2637,11.6797,13.0426,16.9609,5.2118,6.1191,12.1913,4.7463,4.1595,10.0825,21.9026,39.1427,46.5433,48.9804,29.9352,16.0277,43.2824,43.9409,28.0000,14.1957,19.9335,27.7948,28.5042,36.9154,30.0414,37.7609,25.5659,17.7253,18.8698,22.3227,33.4428,36.8095,35.8446,24.1450,19.2049,16.3367,5.1544,22.9543,33.5143,52.3612,53.7862,30.3600,14.0908,31.6356,78.5141,93.1413,91.4194,81.1684,59.3274,41.3876,40.6600,54.0775,50.3507,38.6960,29.2865,46.6287,67.0553,70.0856,63.2135,70.4110,55.9930,31.7629,10.5694,26.3661,23.2875,35.4729,58.1094,67.3373,72.7591,70.8403,77.7621,99.2626,108.6730,107.6670,104.0760,78.8005,46.2649,41.6037,65.8335,82.2545,90.0282,83.9907,47.1150,22.1845,30.5529,32.6878,26.9017,23.4735,34.0535,36.5619,25.3557,26.0314,41.7609,49.9934,57.7534,60.5554,43.1420,21.8252,43.5140,73.7905,68.6427,64.1007,63.3111,66.8671,58.2651,48.5885,57.4526,72.6332,65.1807,53.2648,34.0882,29.5384,41.0583,47.4948,42.1075,35.2516,39.7765,43.7501,37.0649,39.1987,55.5671,66.0583,70.1293,55.9320,50.9390,64.4338,82.0772,88.4640,84.9345,71.8364,61.4908,62.5366,70.1481,77.8240,62.2537,51.5589,49.9268,44.3308,36.4937,31.7378,41.1453,42.7761,35.8097,16.4832
37344.3000,18738.7000,12591.2000,16213.9000,14249.9000,10437.0000,8237.6300,6382.8300,5570.6900,5104.0600,5021.9800,5393.4000,4755.7500,3121.5100,2823.6900,2567.7400,1961.9300,1855.4400,1647.1100,1402.2300,1043.2500,920.7620,713.2190,665.2390,724.4130,557.1480,469.5700,424.3070,285.6790,196.6000,190.4910,159.8490,101.0690,126.8570,229.5790,298.2170,353.7720,350.2650,332.3340,313.1900,305.3080,325.7580,331.8960,302.1800,159.9410,108.8360,188.0870,245.0210,262.5900,267.9340,287.7630,274.3830,195.2340,100.3660,37.2452,58.9647,76.6398,86.3144,107.5220,120.6030,133.1610,117.2740,69.9936,47.0023,27.6601,30.9041,51.1982,73.2570,111.5190,142.6860,122.3320,96.3349,69.6588,40.0159,64.8835,69.2464,43.6721,27.0176,35.2436,44.4028,35.5865,42.3765,44.2490,38.2419,35.6475,34.5200,41.8622,65.5301,82.5205,85.4251,102.8670,114.1480,125.6100,116.4380,102.0610,84.7857,67.8561,39.9390,22.2180,34.7239,59.4718,73.5924,55.8991,39.5919,58.0725,107.3800,142.5920,152.2430,156.9720,145.1280,146.1920,123.2970,80.8450,55.1466,55.2582,59.3053,62.4572,47.2005,38.2736,31.4740,24.8755,23.0783,42.8469,68.9609,63.9074,53.2861,49.7910,52.5593,64.9712,71.6321,32.4651,16.0013,36.3481,36.7006,43.0065,38.2837,50.5509,46.9711,48.1070,29.1571,8.4290,10.6426,27.4779,52.0174,62.1504,40.9522,31.5574,4.4321,8.5738,19.8844,27.7177,36.1887,24.1163,7.6858,7.3292,7.6127,9.8043,8.4981,14.6209,7.3884,15.0446,11.8528,12.5304,6.0193,8.7263,19.4956,28.2899,39.1230,37.5466,28.2461,20.7127,4.1649,4.3003,5.3233,11.8993,10.4350,6.1845,13.0065,19.6139,27.4828,37.6150,43.8549,36.5719,23.2367,13.2353,21.8855,35.5596,35.3884,25.4706,15.2188,33.1995,56.3321,61.0271,28.3012,24.9409,69.1380,68.8545,58.3216,38.3268,47.0256,62.9533,45.6262,57.5273,37.8624,29.8123,26.8745,44.5815,85.5146,93.3639,72.7169,52.2246,33.6896,39.1787,26.9290,28.6135,50.0899,48.3650,36.5109,22.0325,11.5952,9.1205,10.6313,43.3223,59.2221,63.2959,54.3827,35.0441,42.8276,82.1466,110.7400,104.0230,88.2831,72.6007,43.4472,40.9719,66.0641,93.7741,76.9069,49.5605,31.6278,23.8591,19.5398,16.6681,10.9300,6.2909,10.9672,15.1576,17.0371,25.8645,34.5659,34.8998,36.4166,16.2109,7.3906,8.4650,19.0122,30.2075,40.3555,45.8983,51.7689,48.6525,55.8817,60.0361,52.7227,41.0589,40.6520,42.0623,37.5838,46.2716,44.6373,31.0060,27.6006,38.3898,46.8112,48.6604,60.4209,75.6241,86.8204,78.6385,66.7753,68.3784,67.8364,69.5411,81.3398,85.6193,80.6700,63.5333,46.5698,44.5829,45.2476,38.9855,39.0924,51.1957,70.3937,65.7128,44.3908,38.8907,49.2449,49.7817,41.5408
35530.3000,16902.7000,10388.9000,13098.4000,10474.4000,7181.7100,3868.2300,2307.7200,3000.8300,3109.1900,2314.7700,1201.1400,813.7490,1274.5900,1722.5600,1280.0100,802.8600,1133.4700,804.0730,460.1050,312.1160,308.5730,199.1780,224.9210,400.2610,267.9840,183.9690,159.7020,164.3070,95.7959,78.9305,136.5120,141.3250,96.3883,69.1292,80.5854,109.2890,129.3120,156.8040,164.6150,127.9830,112.7460,212.4020,343.6810,368.2850,325.4830,284.6050,302.8010,369.3700,438.1140,553.0030,629.2250,648.5100,546.6280,388.8900,284.0080,216.0620,175.2930,159.5590,173.2640,167.1820,156.7860,144.3290,102.7260,95.6956,74.5870,67.3080,64.2474,153.7560,190.9700,195.0000,193.4120,148.8950,56.2140,36.0969,72.5649,75.0091,62.6205,47.2259,22.3764,29.1134,44.4423,38.6832,37.7738,35.0605,34.4151,10.1125,41.9029,65.4378,88.2650,119.0790,151.2200,175.8720,164.3210,134.1260,107.1870,71.8546,30.9375,32.6850,63.2875,86.1405,71.3943,70.3682,92.7923,102.8430,125.5510,160.8020,170.7330,173.6920,149.0560,125.3570,106.4160,74.6771,47.9680,42.9647,49.2987,39.9317,16.4321,5.3605,21.3141,45.2262,53.3905,60.6778,61.4045,49.5469,29.1458,22.6021,21.6901,16.7445,11.9622,8.8331,14.1755,15.8834,10.9256,9.6783,33.3961,50.1849,73.2641,72.5078,69.4277,92.2380,87.3552,75.0610,47.6065,37.0241,41.5839,50.1091,51.5911,33.9133,21.4956,6.9642,10.3458,8.5957,6.6174,19.9214,30.9960,42.5211,48.1916,25.8697,17.1224,31.1457,32.1909,36.5387,28.6228,24.5215,19.5701,23.0606,23.5993,34.2560,38.8497,37.6670,26.4976,15.6989,16.8987,25.1212,49.0003,61.9847,48.4444,38.5159,31.7574,24.2249,35.8781,42.6948,34.2828,28.6627,31.7269,47.3811,60.7013,55.6237,36.5348,29.0308,43.5932,59.8523,52.7170,34.6997,26.0144,43.6057,52.3660,40.8497,55.0897,58.7233,41.5444,29.8811,27.4228,30.9201,26.3206,11.5402,41.8384,70.6202,76.3875,30.2709,18.9731,46.2427,67.3330,65.0138,64.9489,68.6702,58.1187,34.3838,11.0264,15.5756,29.1746,67.0021,98.9451,119.9340,127.5700,119.3610,112.3400,137.8650,151.7100,136.6310,124.5690,108.3200,80.5142,47.2135,51.0594,69.0430,62.4783,38.1655,23.3357,10.3385,10.9330,30.6952,43.5594,43.0825,38.6053,31.3348,20.6707,20.4465,23.0389,16.7263,9.3556,9.9727,27.1183,33.9171,37.7815,34.8547,37.6723,38.2599,31.6777,29.9735,8.8513,16.3475,11.8108,7.7896,15.8348,14.9720,11.3891,16.7702,23.3278,33.3337,41.9946,45.8199,53.2918,64.4774,63.8665,64.0757,82.8071,94.4460,68.1607,61.9038,69.1773,52.5148,47.0994,61.2097,61.4949,49.1747,43.7551,47.7327,37.6212,24.2707,26.0324,37.5948,49.7104,36.9299,27.8325,39.9417,32.3605,25.1654,44.8487
35641.0000,17541.6000,11269.9000,14330.7000,12278.1000,9496.5100,6334.5000,4581.6600,3928.3400,4193.7600,2610.3300,1263.2100,1163.7700,1609.5700,2170.6700,1644.0200,976.8890,876.1460,797.6020,629.8980,283.9490,353.7120,336.0800,245.1200,290.6930,198.2000,123.5950,97.4385,81.8598,21.8874,69.1483,45.1579,33.9674,64.1379,89.4579,123.4100,150.7670,192.6910,209.2210,163.4930,156.6470,250.2330,293.1230,265.5200,206.9860,140.7460,135.4800,194.9570,263.0570,281.2990,293.4830,377.8820,473.8290,464.2490,412.9060,335.5580,320.9460,304.5930,284.5960,229.9680,174.5030,166.4850,184.6270,188.3820,191.0130,169.2050,176.1470,200.1380,247.2830,255.4830,208.3880,162.9480,90.9054,45.0463,83.2824,129.9760,108.3670,87.8941,78.7746,81.0531,79.2379,73.1566,58.6144,57.6633,56.4749,60.1118,39.3564,45.9813,77.3898,100.3170,126.3620,158.4890,193.1900,168.4410,124.0900,89.7307,58.6311,21.2136,24.5397,38.7156,48.7292,48.1716,51.5998,53.4020,77.3830,126.4530,152.8590,154.4050,158.8050,152.6920,135.2910,122.4440,98.5570,72.9029,35.0210,31.8688,59.5536,57.5693,42.0579,36.0891,35.7542,52.7290,49.9177,31.7188,17.1383,4.6388,10.9601,20.3983,40.3585,54.4824,46.9317,44.5300,18.0629,22.3236,45.1916,50.4459,45.0975,48.9123,36.9298,16.1212,16.8957,28.3937,51.9040,48.0433,60.1114,34.6440,34.8204,17.6150,16.1255,26.4258,43.6982,58.7889,34.7493,23.3369,21.6353,33.6102,27.4443,32.5459,59.6071,56.6723,52.8094,45.6774,42.8809,19.5045,11.3765,26.5128,31.4947,27.7358,26.6886,21.2060,39.8884,35.5538,47.4445,35.4551,32.9501,40.9449,40.2629,17.7476,11.3349,19.3297,28.1273,44.0964,40.6794,32.2270,25.6977,38.1900,60.9598,84.1784,78.5762,52.2142,61.6247,81.6263,83.6548,73.1289,61.0376,16.6339,33.8734,44.7929,34.1492,26.6272,28.8331,25.0819,20.8562,18.8367,13.7820,8.1681,13.8778,22.2295,33.0971,34.2504,27.4944,18.1598,16.7281,35.4946,44.4396,38.1752,25.6156,8.5877,33.6637,47.5505,59.8536,76.6704,88.1743,90.3019,94.5563,96.7801,86.9385,88.0918,116.6160,141.0730,141.5240,135.0210,117.3650,72.9964,31.0592,40.0824,57.1157,53.4655,66.6846,66.6322,61.8661,30.2893,24.0975,35.9463,29.8950,31.9902,34.7064,18.5181,18.7262,42.2154,39.1135,33.1762,14.0606,14.9191,28.0380,40.5614,55.2614,54.4966,47.5199,41.2928,44.5719,23.7927,13.6491,14.4827,22.6520,28.3672,24.4526,40.6679,49.4443,38.2116,23.9844,12.1815,30.4996,34.1654,33.0461,34.5558,48.8919,65.0145,60.4987,54.7746,55.8949,53.9463,63.4667,83.7845,89.7364,85.1925,71.9618,55.1295,58.4708,54.5619,38.8330,29.0232,21.0956,27.3288,33.1861,30.3736,38.4943,49.9637,63.2089,65.0266
36370.9000,18116.0000,11642.8000,14263.1000,11457.7000,7508.7700,5335.5300,6231.2100,7569.2000,7379.0300,4991.0800,3047.6000,2841.7000,2523.2300,2703.0200,2548.1200,1776.3700,1311.4300,1188.3300,1073.9600,981.8480,1025.1700,811.7540,562.5550,564.1880,500.2460,400.3370,311.3440,241.1990,166.2710,166.3880,173.5350,163.2270,123.6580,122.0040,158.6730,182.9740,184.4680,175.0470,155.3970,118.9610,56.5056,116.9880,191.6130,192.3180,134.0720,114.3900,123.1530,134.8870,173.0100,244.1310,300.6860,284.9570,268.8300,276.5900,283.5990,260.1330,161.9000,79.1538,49.3605,82.6837,92.8424,106.4040,106.1180,114.9350,115.1980,113.0630,119.0640,150.0890,194.6400,172.3050,159.7490,124.5080,55.0628,24.8631,38.7776,37.1077,33.8511,26.2127,39.9070,47.0811,42.7029,44.7905,50.2770,53.4607,51.0034,37.4702,8.2952,37.0486,65.9529,97.4389,118.6250,120.9260,123.2900,116.0130,99.3971,83.7980,64.5571,51.4015,51.8479,61.6595,76.2652,87.5625,86.5653,78.0215,95.9339,127.2370,140.2580,149.9660,139.9320,121.5120,104.4660,87.2298,71.9494,63.6170,53.5464,41.2919,23.8366,13.4831,29.8256,43.3995,53.6513,62.7926,66.1345,57.8173,59.1309,67.5296,67.1318,75.2351,56.3819,25.2219,12.6232,10.5157,19.8676,17.5084,17.9374,28.2788,50.0678,54.1683,48.8157,46.5353,42.6448,30.0981,17.3030,29.3415,40.0763,50.9592,56.3236,47.1095,54.7133,55.6463,43.2707,36.1243,18.2645,21.9255,41.4063,52.0778,40.9022,36.5398,43.5008,42.3842,37.6539,27.9391,20.0132,12.4492,18.4750,23.2040,31.8864,31.8772,29.9756,24.8149,20.6844,27.6271,29.5428,33.9991,34.8708,32.7669,17.1926,13.1087,20.9164,43.3293,55.8761,48.2911,34.7634,27.9994,32.7720,45.6257,60.9940,69.4565,42.8705,21.5114,41.9278,50.2732,28.7553,27.6478,91.8950,91.7371,79.9415,59.4785,50.6447,38.1369,10.0157,14.7758,23.6079,12.5433,31.4129,60.2574,72.5879,60.9893,51.2449,47.4656,47.4212,53.7590,65.8880,76.8572,81.2872,69.3286,44.3139,26.7143,52.1967,101.7810,110.4880,91.3880,70.3874,86.2543,120.2550,147.3000,157.3170,159.4120,159.8770,159.2570,139.2410,102.0010,52.1958,68.8652,103.0000,102.4240,74.1659,63.9814,64.5014,54.2189,38.6841,19.3570,17.4199,24.2637,27.7560,8.4590,16.1718,35.8774,48.5894,35.5330,23.5932,10.2660,7.8720,12.1313,15.2940,21.0900,29.4097,31.5475,17.2653,15.8914,12.0415,25.0452,18.8996,13.5270,15.6809,13.8153,7.6465,2.3108,10.5033,24.3642,25.7970,20.5537,10.1309,9.3636,10.2770,22.0447,29.3076,18.1715,29.3432,50.0418,55.8037,54.9781,45.0489,38.1552,34.5109,28.7692,32.8411,44.4603,53.0823,33.0954,27.2305,33.6651,28.7341,24.9691,25.3922,25.4902,29.8079,34.1506,33.9689
36868.2000,18164.1000,12193.2000,15075.4000,12362.8000,9670.2900,8615.1700,8230.4600,7540.0400,6006.7900,4826.7700,4832.7800,4399.8200,3375.2600,3546.1500,3523.4000,2691.0700,2049.3000,1561.3900,1401.1100,1337.9900,1095.6400,788.9190,584.3240,462.6880,321.3170,300.2540,254.4810,138.8330,91.6317,79.4947,73.7177,66.7995,89.6370,74.3774,92.1971,170.4530,229.4140,235.6810,239.0090,212.0820,161.3020,137.8480,128.8150,132.7210,85.8631,85.7011,51.1112,26.8822,61.9907,152.2180,240.2110,294.8670,331.2550,354.0540,314.5090,295.1000,307.1320,241.4050,185.2250,48.0893,116.0450,129.8180,138.4370,135.4820,121.3700,115.3990,101.5280,36.6352,84.0898,150.3740,223.7260,236.8610,191.5140,148.7970,146.7420,197.8210,261.5140,259.9550,183.0970,122.0840,61.0894,73.0908,103.6200,123.6600,113.6050,87.4403,82.9695,77.8962,66.3783,70.9593,75.8810,89.4628,93.9659,88.4041,77.6206,69.9008,38.9267,9.1266,32.6424,57.4061,82.8526,85.3025,86.0491,119.2080,156.6430,185.1550,192.0250,193.8050,161.0030,155.5900,149.1810,99.6397,65.1864,60.1554,63.0611,57.9524,43.2843,37.1026,48.6560,54.9614,52.5088,45.5010,40.7747,31.7004,31.6575,35.4090,27.4678,44.5334,36.9296,52.8518,47.1819,47.0879,42.0318,29.2309,19.1449,48.8079,65.9198,72.5201,49.2022,30.7145,15.2688,7.8893,32.3332,59.1952,62.9158,71.4980,45.5136,48.6621,60.2993,79.1067,42.7207,21.7908,24.9688,29.3815,33.3087,37.2186,52.1769,40.3148,26.0427,18.8852,15.9090,9.6800,12.2492,22.6337,21.1076,26.3674,34.9711,43.3164,30.6210,23.3953,22.9032,29.4571,25.8215,30.1261,39.1253,23.2824,11.7080,7.2845,16.9231,50.1813,57.9403,47.1894,40.7979,31.3588,15.3738,43.7145,68.4925,67.0330,36.9341,30.7822,56.0851,75.0053,73.0012,67.4079,14.1943,38.7389,66.0611,74.8226,54.9924,40.9562,31.1525,12.3007,11.6987,2.8298,11.2308,27.2716,60.9146,83.3152,75.2369,68.9872,53.0226,44.5360,46.8102,54.6832,56.9723,45.6935,34.3225,41.2525,60.8504,74.1211,87.3623,101.9200,121.6660,134.4700,146.9230,145.5940,161.3600,182.8110,188.5130,177.4490,168.7840,143.2790,88.1459,55.7538,60.6864,73.9710,69.8609,66.6980,79.9393,81.7829,77.9831,65.7561,49.5983,37.5105,36.5183,39.6123,40.4137,42.8595,49.2767,55.5432,58.5166,61.9603,60.9665,54.6306,45.8457,24.6507,11.1140,22.4151,45.9971,42.8171,35.0614,42.0414,47.3368,48.5210,35.7883,20.8426,14.9483,30.8825,35.7930,24.6539,8.3398,13.6953,13.8485,13.5367,17.3874,25.1580,30.5674,35.0670,23.5598,9.5020,18.2304,24.6386,18.6759,31.6803,25.8472,31.2448,25.6238,33.6575,28.4616,22.8944,16.2946,19.2891,33.1328,44.3924,38.2923,34.1872,24.4331,24.9307,37.2956
35846.4000,17549.6000,11623.1000,14427.8000,11748.2000,8065.0600,6044.7900,5138.9800,5432.6900,4853.9100,3822.0800,3367.8800,2654.3300,2034.6400,2799.8400,2850.2400,1594.1200,1292.9100,1238.1800,1099.8900,1112.5100,903.6970,698.2570,626.6720,567.7400,403.0400,483.1940,597.2490,471.6340,435.5070,537.9270,547.1960,499.9820,550.8930,624.4260,691.7290,917.1960,1213.8400,1488.5000,1351.4400,978.6920,584.9940,422.6740,458.2130,457.3400,307.3060,237.1920,244.7120,219.8570,164.6880,53.7565,137.0950,321.9870,507.1730,466.8570,343.6110,255.2610,281.4330,349.4330,383.9380,356.2060,308.9180,244.3770,183.0100,119.7320,106.2700,136.7720,170.8200,198.0270,264.1520,298.6580,283.2010,236.2130,106.1570,76.7709,127.4370,151.6440,147.5860,161.9890,142.2460,107.9970,46.8671,19.5202,30.1470,55.7656,84.3015,120.0670,127.0350,105.7200,92.9898,93.7933,117.0580,143.2760,134.5850,102.6310,76.9174,55.3862,52.5790,60.0324,53.1296,54.2315,84.6443,78.5463,34.5440,39.2489,115.9340,155.8130,161.3840,172.6140,147.4920,116.8550,101.1990,75.4054,60.4304,60.5217,52.6059,41.0189,15.8208,21.0463,47.3957,56.8851,60.5059,45.7291,55.2299,85.0225,78.0845,55.7153,47.0977,44.4059,44.4524,22.7038,12.5808,9.9570,13.1670,26.2089,33.5284,45.7396,63.6846,86.6278,80.2418,70.6204,60.0448,63.0828,35.0776,66.2499,65.2694,74.0846,54.6885,46.4467,42.5715,42.9178,43.6565,42.3404,38.0836,39.6026,25.6947,18.3806,18.9372,28.3178,20.0839,31.4554,13.7458,21.3700,14.9559,27.2015,38.9521,54.1992,49.0978,48.2017,48.7041,41.8533,41.8576,53.2383,63.3475,49.1405,51.2809,64.5073,41.4673,25.8264,8.4370,16.1697,27.5007,39.4664,41.5396,40.0563,31.3318,26.8658,37.4655,51.2565,42.6418,30.1724,38.1674,41.3747,23.8633,12.7953,56.9636,79.9531,81.0682,70.7148,39.6659,22.0607,32.9233,43.3810,50.2515,44.9641,38.4265,59.6862,84.8515,87.1261,73.0535,66.3554,66.4499,86.3975,105.7740,125.4540,147.9950,186.6680,213.3970,167.9310,114.1230,91.2019,99.7019,143.9290,167.1980,183.3630,169.6120,138.5220,136.3940,183.5470,225.7740,202.1520,170.4740,123.5950,99.1711,80.0222,82.7801,109.8670,113.8790,88.5313,62.1622,32.6887,6.9047,28.7183,40.0605,50.5989,57.7734,49.5947,36.1696,61.7493,83.9140,82.5894,77.4227,60.1464,40.6615,23.3890,36.3608,48.1889,55.3835,40.2946,19.2319,8.9547,14.0167,24.6749,24.8504,26.1031,23.7844,11.9681,7.6694,30.4281,34.9824,33.1347,18.4020,5.5650,3.5838,6.5369,18.1034,33.8462,46.4801,42.3543,38.2794,70.2611,95.1035,68.3897,47.6674,41.0849,44.8232,34.6891,17.5427,21.1953,27.6636,16.7986,17.3525,17.4991,15.9272,28.4022,26.5007,31.7741,21.5269,33.9837,32.6736
36347.4000,18131.8000,11920.2000,14674.0000,12167.9000,8585.1000,6369.3000,4519.9700,3259.0500,2322.7900,3366.7200,4567.3200,4527.1300,2235.0400,1324.7300,1802.3600,2145.8300,2402.6100,1989.9700,2029.5900,2660.0400,2321.1000,1860.4000,1474.4000,1387.3400,1297.3400,1254.1800,1458.5900,1348.4100,1194.2400,1204.1200,1200.7100,1293.4600,1386.5500,1653.0300,2018.1300,2561.2300,3350.5000,3753.7000,3343.3100,2748.8400,1427.7600,638.8850,903.8720,1054.6300,685.9350,538.6820,598.3070,600.0380,595.9330,564.5660,476.4600,385.7920,407.1710,491.0190,531.0450,525.3560,485.2470,407.0270,308.0150,333.2460,391.9790,390.6310,297.3940,167.2150,119.4610,123.4070,149.6220,193.3750,248.8270,263.1760,278.3340,226.2910,106.7650,66.6684,113.1300,130.8880,124.4830,109.8410,79.7071,38.7385,74.5192,136.8690,193.2100,228.6330,265.8630,242.5530,193.4910,101.1140,78.9539,125.0640,145.8790,121.9900,125.4050,134.4110,168.6270,183.5590,176.6910,160.0770,146.1420,118.8960,89.0898,57.7200,29.6494,18.6984,31.8468,66.8782,80.2389,102.2490,106.3880,119.5150,130.8490,121.2790,119.2630,115.5230,117.1720,110.2850,112.7740,125.3090,155.3000,195.5940,169.4000,137.7120,118.0490,76.0164,57.7355,67.5909,83.3677,113.8480,128.0260,121.2090,103.5050,85.7590,50.7650,21.7944,42.2845,46.9821,51.1929,47.8918,39.7796,43.3481,51.9482,48.0608,47.9825,64.1248,87.2894,86.0899,57.6301,59.9517,55.2421,48.1196,11.1769,11.5938,16.5053,15.9457,38.2208,45.8628,47.2983,51.8543,53.3961,36.7455,21.1170,14.8216,19.7289,22.2602,19.1373,35.4988,55.0480,62.5894,53.4268,30.5633,57.5924,69.9344,53.6894,45.5662,36.0426,25.8521,26.8906,26.7492,19.3828,14.2503,20.1874,25.5401,12.3801,18.1209,34.6729,45.5907,65.3941,80.2889,76.6928,95.7745,75.2983,71.3479,81.1785,101.2810,109.5940,87.3965,64.9957,39.5761,21.3501,16.4983,51.9739,51.9087,52.0758,24.6494,38.2510,73.6579,46.2063,21.4857,37.5673,52.1807,56.5087,63.9554,85.2256,104.5380,134.8570,162.7850,175.7830,147.5170,98.7346,66.1923,80.5452,89.7780,104.2740,124.6980,135.6640,112.4140,144.8520,199.0750,190.9570,156.6740,117.1940,83.6712,62.8599,48.2905,53.0105,69.6859,49.6363,32.4091,16.9133,23.3116,31.7341,31.1357,29.7983,32.8031,41.8761,42.6745,29.6235,20.5194,20.9933,19.2006,33.3274,45.8507,46.7672,53.2840,44.0583,29.7196,28.8977,45.7797,56.5856,67.6762,79.0161,93.0301,94.4523,90.0956,77.7785,57.9831,58.4025,60.4839,57.1635,17.1703,19.4372,31.3282,27.2381,28.9500,33.3961,25.4409,22.0633,25.5653,45.2689,61.4022,79.7696,99.9993,86.0288,75.6693,65.6029,67.1789,37.7517,13.9769,27.3872,34.1097,33.9764,32.7013,18.6890,14.2050,23.5386,22.2770,21.2262,26.2335,35.8310
37300.3000,18613.5000,12345.1000,15235.8000,12704.6000,8957.3200,6998.1000,5566.4300,4794.7800,4015.5900,3807.3300,4353.4400,4634.1400,4406.4000,4296.1200,4271.2300,3948.1900,3531.0200,3121.7300,3043.2600,3031.8300,2831.7400,2411.1400,1862.4200,1426.8100,1251.1600,1323.8600,1281.9800,1179.7300,1124.8800,1001.2800,929.4390,961.6530,1179.7800,1514.2800,1818.8300,2336.0600,2953.1200,3542.9400,3245.7800,2349.4500,1425.4300,790.2710,887.6870,988.2910,712.0580,539.2460,558.6620,512.1160,468.3240,410.7920,323.3150,319.1700,348.8810,383.1390,396.0510,412.2600,361.8330,245.9210,173.8840,184.0020,213.2290,215.2200,163.0390,118.0770,75.2169,47.2695,97.4582,177.1300,212.3800,206.9950,228.5320,192.5750,99.8766,53.5480,85.7658,94.1037,78.8717,68.7150,119.6350,183.9910,231.0940,258.2450,316.9440,430.2860,513.0680,481.8850,404.3620,253.3220,114.0200,163.9030,225.6650,208.1890,196.1520,186.7020,156.7650,154.3550,135.3220,89.7566,78.7743,52.1917,29.7400,32.8971,36.4613,69.2519,107.2860,123.5680,135.8080,140.9600,144.9030,147.9690,169.6920,164.2750,143.2140,129.1660,124.1630,141.2860,142.7040,157.4500,191.9920,209.9590,227.1090,127.1800,61.0173,37.1778,52.6739,84.0244,124.0090,150.0670,131.9100,111.6620,72.1432,35.0125,20.1251,36.9671,53.3268,33.1808,30.4585,43.9800,52.2528,27.3587,14.2550,31.9359,50.3919,62.8336,57.3540,49.1274,31.8429,12.3538,12.7442,30.3677,56.2726,54.0965,39.3298,25.6780,16.0930,28.7547,40.4130,48.6920,29.0827,22.5631,36.6180,41.2921,44.4915,45.5754,45.5977,40.6081,34.8060,36.0276,64.4199,56.5152,62.1507,29.5222,37.2404,60.4734,43.4822,38.2589,46.2914,74.6393,49.2165,59.8488,37.7729,22.1098,20.4379,25.5285,32.1424,39.3747,43.7431,23.5784,20.1348,41.1989,55.7339,65.9005,61.8967,35.9885,78.4312,131.7890,100.2050,66.3939,28.3523,23.0798,40.6171,64.8228,79.6313,58.2137,38.6050,52.6200,106.6630,152.9470,118.3390,101.4440,132.9770,148.6640,160.1480,143.7310,141.5310,159.4210,150.6150,97.9590,112.1290,191.7720,218.7250,214.1500,185.7150,167.6210,151.0900,133.6410,118.3760,154.3640,197.8980,160.8310,113.3680,82.7663,105.4910,116.6420,121.1410,139.4380,102.9620,83.2759,87.0984,78.1177,77.0723,84.6630,94.5663,72.2619,74.8313,44.6531,25.3778,91.8322,110.7430,103.3220,83.3632,81.0706,71.2394,55.9342,67.3593,50.9482,25.1770,41.6109,57.3316,72.2832,60.0559,54.7246,55.8132,47.0418,34.6852,59.5485,59.6306,59.9371,33.8450,26.5202,30.3576,31.7169,39.9556,60.0356,55.2645,58.2453,60.3981,65.7040,47.5191,21.8127,24.5160,76.8279,86.2366,80.4783,64.9583,43.0608,43.1434,50.2125,30.7452,14.7202,33.5546,39.6095,48.1503,27.8993,11.2082,16.3405,36.3576,32.1208,35.5678
36155.6000,17830.2000,11726.3000,14666.8000,12436.9000,9294.6600,7275.9000,5598.1600,4557.8700,4249.6200,3351.9800,3364.0500,3577.3000,2556.6800,2492.2800,2356.7200,2207.2100,1564.5300,831.8340,393.3240,345.3670,595.2600,471.0690,282.9450,220.1970,247.1330,235.5450,162.8360,98.7450,129.6580,245.2100,473.0600,763.7180,1029.7000,1238.4000,1527.7400,1891.2900,2482.8200,3071.9100,2921.7200,1987.8200,1280.9400,887.6150,964.7060,953.6420,690.2360,496.8270,496.8200,393.3320,290.3940,246.9920,195.2480,223.3410,268.1020,274.0670,269.3680,225.8500,293.3600,442.4440,441.5640,358.0160,213.3190,94.6774,159.4570,219.1650,162.6930,136.5570,176.6670,173.6560,169.0470,198.8800,219.5760,218.0360,114.3170,58.1190,101.8500,133.4120,121.9280,88.3686,91.8249,136.5960,165.5360,203.5780,254.7820,351.8920,518.5120,600.3640,489.7800,348.6970,195.2790,230.2480,298.2580,276.7480,227.1070,221.1670,202.8480,175.6690,146.0690,88.1712,42.1261,31.2771,45.8858,43.4218,27.1817,9.4368,54.6104,95.7781,113.1250,141.4240,124.2080,115.2680,143.7070,148.7450,148.4940,153.0560,163.1800,167.0930,168.7900,202.0960,248.9520,226.3620,163.4480,78.7474,109.7500,196.7540,236.6690,234.8680,236.6370,277.3250,274.6630,193.7770,121.3010,48.6563,36.2501,38.8819,32.6915,27.7737,36.5833,64.1462,101.0090,108.5390,90.8749,74.5233,52.2211,47.8954,53.4026,61.4178,63.8231,51.3291,52.9059,58.4910,55.2216,58.4983,56.2716,52.0960,59.4573,66.4576,61.0377,51.0375,36.9491,11.0235,13.4449,25.9958,6.4990,16.2592,47.1052,49.6410,56.1644,44.5278,45.2346,40.5165,44.1186,56.0833,68.6563,54.9479,54.3377,61.7852,55.6562,53.1483,22.8304,16.1425,16.3798,40.7887,31.0625,26.3073,56.9948,66.1628,69.4945,48.2468,35.6679,41.0529,47.3761,34.8731,34.1776,84.3749,120.4380,92.4482,74.1403,52.9548,55.9270,18.5124,53.8427,49.6440,51.1405,34.8236,44.0374,51.8221,49.0016,56.7385,44.5711,21.5182,42.0276,84.7709,89.4074,96.8340,100.2210,108.9970,80.7514,64.0888,84.8430,118.6310,144.3880,179.4930,226.8140,240.2580,224.4140,172.5950,168.5090,197.2630,206.0900,190.3660,153.1180,125.5660,115.2070,126.3010,120.3680,110.7840,93.5204,81.2072,67.9442,52.8634,30.6825,42.3526,64.7631,59.9235,32.0023,23.9774,26.0701,29.2988,55.4534,73.3535,94.6845,73.8996,62.2661,62.0723,61.8921,47.1316,15.5714,12.7010,34.1228,70.4168,96.5195,98.0314,104.1940,98.7102,78.2543,76.5850,84.6253,70.6797,48.7501,17.6230,25.9816,36.1473,7.9250,26.8562,32.7571,26.4057,41.0654,70.8150,63.0573,49.9582,65.4253,73.4074,68.3287,54.9248,45.8144,54.3609,77.2653,73.4904,41.9053,25.6768,17.0600,17.7100,22.6555,31.7831,39.4145,41.1190,42.0123,42.4090,41.4380
36440.0000,18342.6000,12233.9000,15147.1000,12817.5000,9310.9600,7322.3100,5800.9700,4863.7500,4071.8100,3297.9000,3587.2200,3337.8800,2034.5500,1922.2500,1708.4000,970.0410,847.8630,877.1780,1402.0100,1890.4400,1447.0700,996.9270,575.1700,522.8790,831.9640,1070.1000,1125.2200,1032.4100,1105.4900,1082.7300,941.8280,1129.9700,1511.7200,1851.5700,2249.3000,2551.7600,3107.7600,3445.0900,3063.0000,2138.4500,1299.7000,755.0710,642.2760,551.1660,235.8460,328.9520,442.0720,483.7540,485.8800,404.2880,208.9610,133.6850,186.2970,194.6490,133.3040,69.2897,117.1060,220.6690,238.1850,247.1900,243.8510,207.5260,149.9330,139.4360,59.2697,35.2912,41.5336,102.9160,185.0220,275.8710,399.8610,373.0410,265.6260,172.3920,95.3687,105.3610,106.6540,68.8303,43.9090,27.9699,50.0915,94.4722,163.3910,269.5940,479.9080,597.3020,500.9250,395.1520,202.3490,170.3000,236.7750,264.8690,229.1910,186.7100,154.5530,147.4580,129.0520,84.6559,63.3937,51.9615,34.4782,35.5391,52.9099,102.2330,153.0630,164.4880,175.7440,175.2420,130.6640,115.9540,166.5600,180.2800,163.9280,148.1980,141.1290,128.2310,137.1840,197.0140,262.6900,271.6750,252.1560,193.0840,61.4049,76.5277,142.3040,150.6830,159.8650,173.7680,167.1840,153.4980,118.6920,26.6019,31.5953,52.7928,70.0121,89.7103,64.1013,40.9129,23.5796,28.7768,26.6830,30.7557,58.5415,82.8403,71.2112,58.1093,41.1243,14.7647,3.5267,3.8662,9.4756,12.9232,34.9038,49.5550,46.8935,40.1003,33.3155,52.2126,80.2002,67.4033,24.6104,9.6858,24.7457,12.8058,12.0870,31.3732,47.5560,43.1901,32.5955,16.4146,34.3876,53.9844,73.7912,87.0464,102.6710,104.8460,89.8813,59.9108,20.8636,36.0408,47.2316,22.2653,28.4806,40.5451,81.2907,77.4852,68.9478,57.5156,12.8655,35.3896,47.2596,54.9471,17.3952,14.9632,40.2051,62.4441,53.3341,30.7850,17.3459,17.9597,29.0710,60.5104,91.9845,115.9800,138.3850,140.4970,124.7500,120.8640,96.0045,55.6504,52.3912,100.6610,114.2120,127.7760,142.2970,176.4050,174.5160,147.7380,122.1490,114.1780,147.7750,202.3250,222.4240,243.2590,260.4630,261.7980,214.5790,186.9910,210.0720,225.7810,207.6320,174.3480,129.3130,86.8552,100.8630,138.6780,129.5930,94.1625,68.5453,41.9556,25.4912,39.4259,61.3603,68.3674,74.3256,82.6427,72.0128,47.4923,36.2715,68.2942,93.0138,70.5966,62.7406,57.6145,45.1072,43.5743,41.7890,25.5697,19.8185,38.5391,58.0961,42.4957,52.3364,46.3261,44.6948,48.9461,54.6050,53.7651,40.0394,27.2347,21.0076,14.4275,14.3779,10.7609,27.7517,36.5824,43.5239,62.4445,80.5483,80.5914,86.9902,99.0184,92.2028,79.9259,61.3743,51.8544,57.4937,65.0727,54.3159,18.4994,19.6882,58.7577,44.6211,30.6788,22.7593,49.1255,53.7741,69.2178,82.6559
37079.1000,18522.5000,12184.0000,15125.7000,12793.2000,9353.9900,7275.3900,5709.7300,4773.6600,4138.5700,3337.8200,3493.0000,3390.7600,2235.2300,2028.0300,1913.6600,1368.9800,1103.8300,901.8050,684.9180,486.3760,690.5610,615.4590,585.2970,373.5830,568.5870,850.9330,713.1040,672.4600,797.5060,827.8600,958.8480,1076.1300,1207.2500,1204.0300,1348.0500,1724.4800,2455.5600,3045.9400,2807.9000,2132.6200,1381.9400,840.8270,912.9190,1042.9000,774.6710,712.9830,890.3460,836.0930,684.6850,505.5470,304.2150,85.6220,281.4280,368.1890,353.0490,292.5180,233.4410,260.8990,301.6850,317.7010,381.6030,462.6680,495.4580,500.2850,466.3190,416.6280,267.6410,219.2220,274.7200,209.7860,161.7870,102.7370,54.9974,39.9685,23.7820,9.6171,20.9388,38.5901,85.5929,138.9450,195.3290,241.3360,344.1400,472.1420,628.0570,665.4050,541.3990,405.7930,246.5450,248.2410,298.4610,270.9540,239.9700,216.4290,181.9650,152.0030,124.7940,78.7408,31.1235,10.2489,20.6585,46.1269,56.6488,72.8889,125.9450,148.7680,156.7970,148.8740,146.4570,152.7160,141.8150,127.2400,118.1340,132.8890,143.7410,136.6970,129.9120,171.6860,249.4850,258.2020,269.9060,165.5420,52.0732,87.7521,150.3510,172.2240,207.9940,278.8190,297.7780,249.6910,214.4810,154.8600,131.9150,113.8230,93.8059,76.5564,58.6483,34.4206,30.6331,59.8139,62.5219,41.8973,27.2722,15.8750,17.3117,23.2885,35.9160,29.0825,36.2277,9.6697,7.8172,8.7837,16.8975,23.2470,34.4216,31.3231,41.3117,65.1920,49.2837,41.1776,19.5392,38.6152,39.5648,23.3800,27.1855,46.2839,59.5604,45.8570,23.6377,26.0788,51.2235,64.6402,74.6188,70.9856,71.4064,71.2102,72.8275,80.4906,60.8610,47.3211,52.0925,56.7466,44.9046,33.4194,23.6363,32.3041,39.9294,42.7214,58.1443,21.8014,20.2744,68.6175,35.8670,38.8892,61.5966,56.5926,43.5198,40.0263,48.1510,50.2048,22.3156,12.3661,12.2669,31.7699,47.1743,64.8523,71.2866,82.4452,76.1087,61.4437,45.9257,56.3946,66.2615,60.2577,59.7558,101.1820,148.0070,117.3050,68.4268,104.8180,178.7640,226.4500,249.1470,271.4700,260.7620,201.3410,197.6070,217.5170,199.6960,184.1620,166.0530,136.6460,99.7057,70.1822,56.4095,57.4696,63.1225,63.7866,59.5831,57.5858,51.8388,38.1459,33.9674,38.7886,30.8096,30.6865,44.0053,45.9659,49.9651,69.6576,88.4098,105.5090,100.3890,56.5396,36.1834,14.4218,11.3415,13.6598,4.9816,9.9337,21.8033,37.8515,66.0223,79.1641,57.5864,58.8011,79.8672,89.7568,87.8047,67.9009,44.1362,32.2270,45.4355,35.7344,61.2649,55.1031,77.6268,40.9840,18.6238,7.2968,17.2610,40.4168,59.7869,62.6783,60.4443,57.3979,61.7659,64.1513,38.1968,35.6462,33.4055,43.2922,58.2648,61.4242,55.2407,64.3056,68.1971,68.5785,58.5531
36425.3000,17953.1000,11896.3000,14874.1000,12495.9000,9158.7500,7234.4800,5682.2300,4740.4100,4108.6500,3279.8800,3497.3800,3428.0800,2221.1600,2064.8300,1979.4300,1402.7800,1221.4100,946.6640,748.0460,616.5820,621.5930,477.9790,406.9350,517.5630,763.5600,885.1020,657.2610,516.7590,427.4110,456.6090,651.1180,1008.5200,1251.6500,1324.4100,1429.5700,1737.5900,2266.8900,2835.8000,2649.0700,1928.4800,1144.9900,653.1140,809.8140,867.8930,793.8660,687.7300,667.1890,674.1500,629.4600,567.8410,536.8260,587.4100,662.2930,659.4700,578.5890,415.3700,274.6840,211.8200,196.7370,169.3340,110.2430,116.5060,181.1230,184.9160,149.4270,131.1540,145.3030,209.8410,210.3330,226.7140,242.2570,216.7220,199.7110,200.6390,201.1620,177.0930,141.2230,100.4540,92.1509,127.4210,190.5100,274.5590,329.5880,444.6000,620.6950,643.8920,515.9740,384.1190,216.9410,224.1570,305.0920,332.9580,289.1900,247.6800,233.6730,227.5610,209.4560,155.0410,106.7910,65.3261,28.1340,21.7728,31.7584,56.5794,111.4410,139.3140,160.4100,166.5810,170.1660,175.9820,196.8730,193.7240,172.8110,174.3790,173.0940,182.7670,173.0520,206.3770,270.1450,270.5240,238.3450,144.2470,53.0339,115.9240,170.9910,166.9470,187.4390,262.8900,241.8620,163.9270,72.3167,48.0461,85.9874,97.5895,112.4990,110.6400,58.9165,99.0914,94.0863,104.6600,119.1670,119.5260,72.5918,32.2477,13.2238,48.7734,79.5404,82.3797,83.2306,73.2908,64.3368,37.9014,22.1622,28.8201,15.0706,11.2833,56.3962,66.3391,60.5163,38.6535,18.8630,37.0710,53.7895,31.5167,10.8414,9.7627,32.5305,49.1359,30.3869,14.2743,36.4421,52.9895,70.6533,67.6307,75.0502,75.8559,80.1857,71.7626,38.3364,33.1156,23.3031,32.0336,25.2038,8.3540,7.3322,46.5983,84.5399,95.5137,49.1735,16.9808,16.3528,11.5760,7.3399,29.7393,43.8574,50.5565,68.2665,95.8686,133.7890,96.4837,66.9564,41.0186,50.3105,70.1081,54.8960,63.3134,65.6258,61.1014,54.0257,46.0051,38.9626,38.9023,56.2607,67.0944,77.3045,102.3640,112.6800,60.8463,35.5167,87.4353,131.2650,169.1410,189.5510,207.4010,181.8200,123.4250,88.7805,90.9483,123.9090,133.2310,142.8760,107.3670,61.5372,56.2219,53.0176,58.6027,73.7657,76.9725,71.3649,55.8893,40.2552,26.2613,57.5227,85.3241,69.5031,57.4757,57.3642,71.2876,50.5654,33.7807,22.7294,9.3135,18.6457,34.6503,48.9358,51.2221,52.0813,49.9481,26.0282,24.4627,30.7828,23.6915,57.7281,105.2730,86.3894,62.5741,45.1275,43.4539,39.4290,13.3909,25.8371,44.1800,53.6148,43.1043,25.5528,31.3700,60.5574,78.6431,61.2766,38.9694,8.0688,43.9338,47.1018,53.0383,69.6084,80.4218,65.4081,23.7373,10.6207,21.0712,26.4782,14.6667,21.4547,55.5783,50.2402,35.5958,21.3245,21.5824,26.4541
36166.2000,18144.7000,12152.7000,15086.5000,12736.3000,9285.0100,7338.0100,5800.0900,4876.4700,4205.8300,3431.2400,3656.4700,3531.8500,2411.7500,2332.4000,2215.3900,1657.6000,1498.1800,1189.9800,1006.9300,1019.6100,927.2470,771.1230,637.5490,590.6100,427.9950,346.7660,287.7620,256.2050,438.2070,671.5220,727.0910,782.3440,1041.2000,1400.2900,1814.4200,2126.1600,2693.4700,3130.5100,2877.9000,2040.6400,1401.6600,1037.7700,1068.3200,1045.9800,788.4000,703.9090,797.3520,821.2810,792.2230,765.2110,641.8130,504.9310,325.5210,271.9030,319.8460,377.4070,337.3750,263.9050,246.1120,228.0270,180.0560,141.1090,109.6240,105.7190,114.1530,75.7224,49.0454,102.2360,154.7270,201.3620,259.0780,266.4100,186.2880,137.3010,159.4510,161.0740,130.6440,124.6630,130.8640,88.6248,116.1210,209.4510,338.6930,480.7440,644.4460,672.0660,540.0990,405.9800,199.3360,176.0680,245.2870,268.4520,233.6170,213.1530,204.7860,194.3860,197.7830,158.9430,82.1903,56.7528,21.4167,33.1967,46.3475,83.3719,134.2140,169.8940,184.6180,204.3400,202.4090,195.6300,185.2440,156.4510,154.7840,156.2480,168.6720,180.4690,200.9860,224.1430,232.9520,196.1980,137.7180,53.4312,83.8798,122.6420,138.6370,144.9520,201.4410,267.3020,216.8490,149.3170,69.4166,61.1871,88.1998,95.3383,51.8646,38.6664,59.9328,51.9393,69.1454,88.5705,78.4038,74.9113,77.5803,61.1278,34.9603,4.1362,14.0502,28.8778,40.2770,60.5226,41.9746,49.0486,53.2713,53.0661,15.5349,24.4890,39.0442,12.1886,20.4325,37.9418,35.1628,41.5443,46.1900,40.3647,30.8409,45.4792,50.0414,44.1940,33.1065,18.9786,57.2658,87.0275,113.0690,107.8800,126.9500,139.9500,150.6980,152.8540,92.6830,52.4837,27.1668,17.8593,29.0451,30.2758,56.7826,54.0554,80.8845,54.6906,38.0687,38.4131,37.0830,39.6157,59.0537,60.9093,82.2760,74.3752,47.4530,33.0941,27.2288,24.6482,62.0752,60.3276,51.4495,44.7774,49.8089,50.6063,72.9067,83.0856,58.5162,41.3733,66.3593,93.7927,95.1306,90.4385,111.4950,158.4390,167.1710,103.0210,49.8743,78.9932,130.2590,139.2420,156.7820,181.5810,208.1210,155.1840,98.2732,128.7370,181.1020,168.5950,140.5530,61.8441,57.9265,88.6724,86.0177,81.1347,69.9366,56.0196,57.7622,61.3661,48.1854,27.9997,52.6773,68.1835,47.8510,32.2628,10.0986,14.8564,34.9645,42.7382,43.1299,47.6031,65.7632,48.8105,25.2139,41.4923,43.3399,53.6575,28.0677,27.5111,41.3052,59.8358,68.7507,80.2895,92.5704,85.8821,74.7120,55.1339,32.7278,17.7476,30.5552,40.1900,47.8623,62.4487,70.1642,53.0961,29.1366,26.9677,53.0397,48.0747,28.6757,12.8735,47.8688,78.5839,91.6521,93.7000,75.6923,81.3442,108.5810,68.1229,33.4165,61.5703,67.4779,66.1368,19.9383,14.6516,22.9236,31.1881,36.7401
37009.9000,18584.3000,12394.3000,15265.7000,12843.3000,9377.7100,7459.5000,5912.3800,4925.0400,4267.9800,3514.6800,3711.8700,3584.6100,2449.1700,2357.2300,2246.0100,1681.7700,1501.2100,1184.2200,1012.9500,1002.6600,942.0110,780.5350,661.6980,650.8350,447.6510,385.1240,405.7010,299.7480,282.5650,355.0930,389.8950,434.6340,567.9300,775.3710,1067.1400,1384.6200,1845.9800,2466.9100,2513.0800,2012.3900,1501.3400,725.6320,524.8170,622.3320,511.7930,361.6080,351.3730,381.9800,345.1170,267.9710,168.5540,65.2099,110.9220,255.8370,318.6110,343.2480,295.9660,238.1060,170.1700,153.6380,205.0330,188.4310,145.3590,134.3040,149.8370,179.3970,219.5570,265.2930,254.9590,175.0320,130.0280,41.1838,43.6674,102.8430,130.7160,132.1760,150.1120,151.6750,123.2230,92.4843,167.7000,245.9300,327.7570,424.7750,595.4720,659.3240,539.5560,403.4520,231.4800,211.6990,262.3750,287.1230,263.2800,260.3410,251.2570,235.6010,192.3280,99.5274,58.1299,60.2289,66.1780,50.9217,31.2316,71.9996,160.3580,202.3050,220.6850,225.0860,236.7130,257.3300,247.0130,194.8070,178.8730,184.3460,193.3380,195.5980,186.2890,202.7810,250.8860,252.4400,172.0240,93.1593,75.5510,140.1040,168.1180,194.7090,214.8620,234.2090,223.6630,149.8960,102.1720,13.6055,43.1246,54.4715,55.9108,41.4628,43.4049,56.6031,69.0984,76.1152,76.5398,71.2665,73.4590,82.9451,74.8956,69.8293,68.9859,65.9468,51.2292,27.2150,15.3328,16.6770,18.5571,10.1710,8.6187,18.8746,39.6828,41.2447,40.2723,19.3564,27.0859,52.3253,52.3021,47.4342,21.1642,28.5672,29.0780,27.3818,20.5456,48.6122,63.2311,73.8980,35.9215,38.4204,78.1131,79.0890,63.1427,44.3256,25.6798,62.5434,67.3360,71.5664,45.7943,7.5743,27.6435,52.1312,77.5200,61.1792,27.1107,16.3033,38.9506,16.6247,15.3219,34.2525,63.1909,75.3212,71.4685,57.1701,45.7154,48.0918,40.9672,39.2652,50.1605,58.8708,41.5207,26.0973,31.1028,48.4839,57.3545,66.6605,74.6732,85.9887,106.0930,115.1350,113.4190,100.0840,89.7083,42.1931,29.5156,86.7923,136.0440,183.5990,208.4910,228.1540,196.3470,159.0420,136.6450,141.5030,186.1540,194.8230,194.5180,148.7910,85.9593,87.3466,125.7420,127.3290,117.5470,120.8040,101.6670,64.7364,27.9693,53.0067,72.0279,49.4231,35.2633,38.7788,38.6475,33.7278,38.8095,49.9928,65.0996,55.7810,19.2533,22.8842,54.5739,65.4281,48.4549,38.1048,33.4668,28.0795,15.0061,16.6250,24.1697,45.4916,51.6052,58.3190,56.2624,59.2978,14.9908,44.4821,41.1518,41.1294,39.9707,51.5889,33.0397,27.8981,10.3389,25.3626,26.6267,27.5765,30.7855,38.8405,29.4027,26.0512,22.9003,33.4924,21.5958,34.5660,25.4900,22.2715,26.2636,29.0577,24.7462,31.1456,47.2789,66.3313,62.7762,60.9556,55.1776
36563.7000,18048.1000,12027.2000,14985.8000,12513.5000,9134.2400,7262.1500,5747.9400,4805.3100,4168.3400,3406.4100,3628.6400,3536.6500,2396.2900,2300.6000,2213.5100,1678.3700,1538.7800,1220.3100,1036.3400,1031.7300,958.4970,828.2150,726.6080,716.8200,568.8420,522.6950,514.5140,407.9770,435.7060,549.9750,568.2740,604.5180,762.1700,968.3670,1285.0600,1604.6500,2152.4900,2679.0300,2559.9500,1881.9200,1176.2500,494.9180,624.1860,715.5970,462.7100,298.7630,329.0820,361.2200,394.6410,304.7870,184.8770,242.9090,322.7430,304.3260,254.5240,236.0960,195.5390,169.6600,157.3240,148.2270,151.9360,151.7680,150.3690,139.8390,127.7810,111.9430,106.2740,143.5500,195.0910,228.3540,231.7030,171.7310,133.6840,148.7720,180.3300,184.7540,185.0320,153.0350,121.4710,131.5720,180.4730,250.9600,317.2330,448.8040,626.9290,678.8630,569.8060,434.1790,262.8280,237.5230,286.2380,303.0350,281.1660,260.2440,225.8450,187.6020,163.9330,124.9100,69.6722,43.7697,49.2469,33.2865,35.0870,51.2978,91.1352,94.4683,111.2510,136.0400,169.3150,183.5310,185.0840,177.9700,168.5620,157.4610,165.5790,167.7110,178.7820,223.1750,285.1780,292.1190,215.8570,142.7530,71.9481,128.2950,175.3720,193.2520,224.8000,273.9220,277.2060,202.0430,140.7090,69.8444,64.7677,71.5668,74.2285,82.3732,66.0492,62.0471,49.5600,49.7758,36.4095,34.0325,13.4213,38.0564,39.0173,44.1324,39.7596,39.2477,43.2267,61.1869,59.4060,47.0008,35.1657,26.2630,43.2993,35.8987,19.8787,19.6325,16.3824,12.2807,29.3951,38.5060,34.7951,22.8785,36.2731,40.2989,42.9512,43.5881,32.4944,41.7698,50.7064,64.1054,47.7044,59.9794,95.4789,86.0775,85.3316,75.7939,48.0961,35.2281,4.5626,13.8552,31.7189,18.4038,12.3726,21.0345,35.8516,47.0139,26.9394,19.3265,8.1063,15.3983,39.7284,46.3130,69.7056,69.6584,45.9504,38.5570,20.5455,20.7337,28.3628,21.3483,23.7225,41.5411,49.0343,51.3069,43.4204,42.4537,36.7247,35.0789,51.8120,63.9633,69.0787,97.5415,137.5630,182.3010,182.1150,111.5320,60.9816,76.2392,136.6640,175.3350,182.7180,180.9700,166.8910,126.8740,97.7497,134.1370,161.7080,140.5430,120.6240,101.5850,87.6824,55.4809,63.6186,85.8817,75.0837,69.5052,71.6025,72.9874,33.1903,23.7366,39.0096,61.8775,50.4611,37.7905,33.1318,33.7011,29.3904,31.2588,44.0100,42.6454,29.7554,21.3157,16.4226,24.9163,30.3620,45.4670,30.6347,31.4374,31.8187,47.0623,48.7482,41.0827,59.1008,95.3453,109.4320,113.0820,79.2312,41.2611,34.5248,49.2981,65.0681,63.0372,54.0844,53.8672,48.6424,36.3180,26.3489,27.1756,26.0336,36.0991,45.8238,30.9922,23.9549,34.9366,34.8971,31.4095,28.0614,27.0977,20.5882,26.2793,26.0219,15.9916,2.2449,12.8696,11.2216,10.0120,7.6621
36014.2000,17980.3000,12014.8000,14984.8000,12621.2000,9188.2300,7312.6300,5843.0800,4911.6600,4229.6000,3433.0800,3676.0800,3573.2000,2415.6500,2324.0600,2233.4100,1685.3600,1543.5300,1258.9400,1093.8000,1079.3200,990.2680,835.2430,744.3130,726.4100,582.2800,573.4170,559.7570,459.4340,514.3690,598.6720,629.7360,709.3520,850.1740,1077.1400,1418.8600,1761.8100,2291.2700,2887.2500,2846.3500,2241.6500,1660.0900,934.2050,653.6150,635.4820,487.2740,337.6390,299.2210,330.2450,366.9850,373.7010,319.9550,221.0980,106.8510,61.2792,132.6710,106.5170,83.3298,166.3560,195.8530,186.7190,163.0150,180.7880,184.2370,110.9460,77.7549,75.4964,70.0138,61.3996,105.2050,181.2640,239.4460,232.2650,179.5080,113.6830,67.7203,98.3599,127.0230,135.1120,132.0630,123.2960,168.4540,226.5220,258.3000,372.0370,559.8680,619.6460,515.7610,387.0430,232.9650,228.3940,279.0530,282.8450,251.3630,232.2450,197.0550,157.9330,125.4470,73.7662,12.4781,33.4631,54.5991,75.6371,84.2803,100.1270,142.7520,158.8930,149.9830,143.5960,142.7470,156.8350,162.4980,150.9810,128.5160,120.2130,122.0420,141.8530,149.7680,173.2930,235.2150,253.6890,199.8350,139.9920,34.6445,103.1750,152.8260,187.5880,207.1580,246.0720,275.6680,203.7620,137.7600,42.2033,61.0719,84.0877,40.9763,21.3241,27.7212,29.0451,52.1308,56.0809,75.5890,68.9434,38.9117,25.3003,19.7800,21.9951,19.9852,27.4726,32.5682,31.8565,9.7550,16.9637,50.8387,43.1637,33.7680,23.3773,20.8429,9.5495,18.5103,31.3542,11.8355,15.3717,40.0931,45.8793,22.8960,16.9536,36.5926,52.3238,45.6041,33.0109,30.6014,50.0618,60.5122,45.6726,67.3419,91.9595,90.6790,84.3736,40.6837,21.3388,15.4680,11.7433,10.8135,7.5705,20.9023,50.5615,71.4165,87.4812,49.3287,44.2225,11.6633,8.5226,52.3749,59.9731,88.8241,62.8525,44.8177,43.2752,41.2087,24.3569,10.0171,9.6687,34.1159,50.2612,59.6650,65.3109,69.4340,62.8715,51.2068,47.4297,37.0005,29.2835,53.0552,68.0174,71.7099,84.2374,102.6810,52.0851,42.8494,82.0279,132.5420,142.9690,161.7960,174.1200,173.8920,123.3420,84.5842,129.2080,185.0750,161.4830,135.3920,94.0128,87.8427,98.9022,103.3190,97.9743,88.3867,86.4506,88.0737,84.4083,42.5525,24.8164,30.9316,21.9077,36.7040,70.7233,72.3669,70.4153,13.3070,28.9144,62.0499,49.9472,27.7730,16.8438,13.2094,30.7981,39.7759,41.2951,38.0318,25.2859,28.9935,19.1741,18.0401,39.4137,49.0615,49.7817,51.6044,59.1460,59.5999,59.1042,54.9792,48.1435,45.5179,39.8302,28.6535,23.7059,25.7420,27.3617,22.7238,10.8668,24.5869,30.7895,31.0223,22.0221,32.3602,50.2145,45.1165,35.8861,36.8529,25.6089,13.1240,10.9107,16.6720,15.4339,14.4465,14.4634,15.6707,17.9801,24.6253
36838.0000,18521.3000,12320.7000,15264.6000,12890.3000,9388.0300,7403.2000,5891.6100,4912.9000,4230.3800,3448.2200,3663.2100,3553.2900,2449.3500,2359.7200,2270.0200,1720.8300,1526.1500,1226.0600,1084.9400,1068.3800,1000.3300,854.2170,745.5200,737.6320,609.5780,579.6730,584.7490,512.3020,544.2610,644.4060,683.7800,724.2370,870.4750,1169.3500,1504.8900,1936.1400,2502.6300,3130.1000,3066.8700,2370.8600,1600.6600,1076.4000,1115.1300,1150.9500,972.3970,771.6240,599.5390,387.9330,227.9260,114.8730,106.6120,290.0250,384.1880,354.8450,311.8270,267.2840,248.0040,261.4900,234.1280,202.5840,177.9870,153.7680,125.3230,77.2543,52.7182,77.6770,117.6730,185.0800,275.0450,298.2050,328.7740,212.5690,133.0520,156.5360,190.1350,186.1800,161.4470,170.3030,196.5660,213.3740,235.9490,303.7250,352.1900,451.4570,620.1260,664.5520,542.5660,403.7960,227.3540,216.2730,286.6600,300.0210,249.0330,231.8020,206.9300,175.3240,128.4870,68.1664,31.6522,31.6352,49.8840,44.9864,30.9885,41.3767,65.2441,86.2523,96.4542,105.6420,90.2997,80.1163,87.4691,82.9293,74.0519,76.9692,102.8450,135.9250,158.5260,194.2760,253.6590,257.3320,195.9970,131.9760,52.7325,92.4776,132.9950,166.3380,218.3230,284.5290,271.0890,190.1340,132.3250,38.2159,48.1868,72.8876,78.3078,56.4556,38.5107,30.3164,34.7627,39.8246,34.2652,44.9292,37.3795,34.9929,44.1446,35.1979,49.7766,38.0206,40.1911,40.6971,28.5980,29.2482,38.3960,40.7445,31.3364,12.8510,23.2440,32.4206,26.1217,31.3088,35.3453,33.4812,36.0546,43.6093,51.6617,32.1466,30.1406,27.9984,28.6190,29.0750,23.5018,36.0328,60.3411,78.4392,87.4063,90.6620,100.2520,96.6893,57.4102,28.1350,14.7718,10.4382,3.8978,28.7397,36.1710,60.3682,36.8413,50.7691,21.6454,35.2914,27.9479,23.7553,69.2785,74.0236,73.8251,67.1459,38.8149,16.5255,10.4326,13.9821,18.1366,22.8505,44.3885,57.5815,67.5150,83.0019,105.0350,111.1560,77.8662,46.8420,23.5997,40.9809,50.1796,65.5669,83.0877,110.5940,112.3880,65.5521,30.7250,56.3217,137.2400,204.7510,214.4520,218.6750,180.8510,149.8430,115.1840,118.6610,171.2450,186.8370,180.2370,158.3550,127.9590,102.7920,91.7711,93.8383,110.4710,105.2660,97.9277,55.2804,28.4823,36.9830,39.0010,40.5829,56.5439,58.2084,55.7695,37.3746,25.1117,22.1137,33.6042,57.1468,45.1539,37.3566,16.8715,52.4096,40.3470,36.8939,20.4060,19.8204,26.1420,24.0441,16.6582,28.4188,51.9604,56.1940,54.4439,54.8496,62.3908,49.9025,28.0618,25.0671,27.1928,38.7778,53.9929,54.9730,50.2009,38.8955,26.2007,21.5128,32.8112,22.8396,18.9192,4.1586,12.6752,20.1033,37.5126,33.5760,29.3182,28.6155,31.0247,27.2029,16.6855,19.5238,8.2275,8.5532,15.5749,22.6521,50.6748
36849.3000,18218.4000,12107.5000,15059.8000,12612.2000,9214.0100,7353.8500,5859.5700,4909.1000,4251.8700,3489.6100,3712.9500,3622.4600,2480.3300,2360.8300,2268.7900,1722.2300,1563.4600,1246.9300,1064.1700,1065.2400,988.2790,843.7800,738.0020,739.6740,590.5470,554.8530,580.2640,510.1530,568.0320,672.3840,693.3420,767.7420,939.8360,1231.3200,1586.5200,2030.6300,2628.5200,3225.9600,3093.8000,2326.4300,1525.3100,1009.5200,979.4490,1015.2200,748.8940,614.7560,659.1540,661.4480,629.2070,545.0120,443.4510,488.7280,578.4440,551.7190,510.7020,461.1400,419.7190,331.4250,252.7760,187.4570,115.5520,79.5314,89.6983,99.9958,105.7400,118.4700,114.6660,69.0661,36.7932,101.2500,202.4130,211.9360,170.0320,94.7242,48.8896,102.1450,133.6800,135.6480,123.7170,128.5310,185.0180,230.0450,263.6650,395.1900,585.1880,644.8040,537.3020,411.9280,223.6100,209.2840,269.6280,282.7670,261.8640,227.4510,188.7570,151.9920,119.6150,78.6101,59.4220,51.3388,26.3499,13.3782,19.3529,36.3578,70.4461,86.2131,91.5880,92.6795,97.5790,93.7572,75.7443,73.0611,92.0753,98.7085,108.0170,114.9610,139.7940,173.5200,221.1340,225.2550,171.2850,106.8170,74.3994,130.6660,179.2490,210.0710,243.5220,275.8920,243.8430,191.4930,117.1940,40.2974,54.2257,82.6068,94.3850,69.5699,46.9869,39.2425,47.1815,53.6492,27.5385,22.8659,10.8528,30.1920,29.9131,40.2019,26.5561,21.6719,23.3076,28.4704,28.4413,32.9087,32.0940,32.1907,24.7538,24.8628,29.9552,34.7828,31.9630,27.3620,24.5014,24.0414,15.8035,24.6584,22.9322,29.3072,10.3549,10.2128,17.6848,15.1206,17.3763,25.2520,30.7248,36.7445,61.1715,71.6640,85.7223,61.9236,26.3877,13.3071,10.6530,20.7728,45.8618,48.8877,34.2947,37.6065,20.8510,48.4931,26.4867,26.7131,44.8162,54.3447,61.4888,41.5698,13.6443,8.9142,6.9014,17.3875,43.8941,42.2155,39.2685,37.3521,42.2861,41.7863,47.1397,60.0013,78.4005,70.2965,57.6021,37.5742,17.1571,16.5680,29.5608,49.2159,71.7986,98.2677,106.4450,71.2052,40.3234,45.8699,119.5460,152.3980,171.2950,182.3460,166.4820,116.1320,71.6628,81.2443,122.8080,132.0500,125.7090,100.6950,75.9618,71.8993,81.7115,91.5288,90.6912,81.7555,74.2671,62.8512,40.7053,31.2449,47.4059,53.3818,50.9435,52.2569,56.5861,40.9671,17.1271,29.7612,40.3313,41.1166,42.2475,38.0645,20.3366,24.4833,16.1975,30.4729,27.0526,32.2914,37.4030,52.5461,68.2290,59.0391,47.3294,50.6405,57.9978,56.2348,37.9336,41.0762,65.8795,75.9584,66.3772,57.6627,45.1617,46.4834,58.8979,64.3374,48.8001,20.3988,28.2209,39.4777,17.0783,6.5094,12.3501,11.1690,27.2593,43.3670,40.0263,40.3083,40.6170,45.3605,20.7662,33.2459,19.9756,15.5401,13.7217,27.1127,33.7279
36014.5000,17910.5000,11987.1000,14953.3000,12550.7000,9154.8300,7299.2300,5799.3300,4850.3000,4189.5600,3397.6900,3620.9000,3513.3900,2358.4100,2281.6400,2202.2500,1661.1800,1525.4200,1221.0000,1049.5100,1077.7100,997.8390,862.9450,785.6010,778.0240,624.1070,607.7250,617.9450,538.2360,599.3490,702.3310,745.3720,831.2820,987.9950,1287.5800,1651.1400,2088.9000,2658.8300,3247.2900,3103.8100,2301.6000,1435.1500,913.5930,904.9470,936.2860,637.7820,456.6860,475.5940,432.4300,344.0200,235.0100,135.1870,183.1710,263.4110,229.3700,196.8270,215.9020,202.7370,174.8780,117.2330,94.5139,84.4005,69.4536,49.4025,42.0993,55.8952,58.6102,78.3629,105.7560,137.3210,187.8270,244.3020,215.4160,156.1820,134.6600,158.8800,160.0150,157.0840,150.0940,134.5230,97.1114,120.2990,197.6430,269.8170,403.3360,585.9110,650.7200,553.3050,436.4880,266.9230,247.8740,300.1770,303.7700,278.5190,254.9540,212.1940,162.4860,112.4050,53.3092,20.1611,43.9711,66.2635,70.7747,62.1955,69.4955,82.4137,90.8787,103.9220,116.4100,121.9100,102.2680,73.6690,61.6517,70.0322,87.0453,108.3110,134.1660,150.0600,150.5160,204.1470,227.7730,198.3310,129.3570,58.6881,101.0220,133.1900,128.4130,185.4050,278.1330,260.1660,199.4920,129.5330,46.0489,52.3103,80.1068,85.2057,62.5130,48.7420,42.1722,46.8856,44.0654,23.1991,28.0917,20.7285,56.4382,43.6701,60.2184,29.5707,19.0150,21.3138,31.5097,23.7441,12.9201,18.8679,21.6169,24.4453,30.4326,22.0212,23.9388,14.0573,22.0602,12.2839,17.9037,20.2012,21.9610,27.8381,22.6504,28.9623,16.8390,16.0454,7.2320,16.8611,29.9761,34.1060,45.2952,71.5325,88.4192,97.2158,97.5033,56.3759,33.7367,21.9317,16.9869,22.7016,47.9513,40.1072,46.1533,33.3363,36.4958,23.7926,26.6767,44.2757,57.2294,71.3598,56.8544,16.2319,9.4592,23.9180,33.2283,48.0550,49.4484,47.2504,49.4260,52.0961,46.7840,51.0115,65.6141,83.8879,59.7647,36.0207,29.7172,40.6257,49.8202,58.4657,61.9817,74.9237,98.4756,98.4589,66.1686,37.8685,57.4443,120.4970,157.4820,173.3660,177.7260,154.9780,116.5040,97.8413,119.4980,152.2320,153.3230,145.5720,123.5570,107.0740,84.0091,80.5463,110.1500,115.4190,97.1316,72.8103,35.2442,16.8241,22.7806,36.6725,45.3785,39.6681,34.8389,29.3456,27.3742,17.0172,25.7996,52.2040,51.1146,35.2845,19.2527,6.3580,14.4517,28.3614,32.3224,46.4358,35.3269,39.7906,25.7090,31.7952,41.2461,45.4595,49.1270,57.1017,57.5899,40.6023,32.7950,50.1699,50.3309,27.6106,29.5213,41.2519,36.8672,41.7925,50.2011,52.2192,39.3255,26.6234,28.2685,14.8818,15.3344,28.0635,24.9353,35.4944,43.5491,32.9851,21.4475,29.5506,38.6433,32.1846,6.9059,14.1932,27.4001,35.9403,27.1265,29.9693
36691.1000,18489.5000,12375.9000,15286.9000,12883.5000,9368.6700,7432.8400,5948.2800,4987.4700,4289.5000,3491.7100,3703.9400,3577.6200,2452.8600,2370.9500,2253.4700,1687.4900,1552.3600,1274.0600,1087.3300,1087.4600,996.7400,883.6500,799.3400,768.3280,613.7680,600.8400,620.0660,540.0240,582.3230,687.7910,747.7990,838.2870,997.0170,1283.9900,1656.2800,2087.8600,2699.4200,3276.1700,3110.6700,2303.8300,1470.9600,954.7360,933.3190,942.8440,660.1560,512.4040,530.6180,513.3260,425.9210,293.4220,206.7920,263.0890,347.1690,384.1370,459.7590,516.6740,526.2860,485.3760,492.7250,468.3590,349.8050,196.8820,166.9870,191.7910,175.9230,143.7260,113.1810,79.8395,49.2145,125.2720,196.0790,186.0540,142.6480,93.7319,98.9462,106.8870,106.2830,93.3786,85.5035,92.0507,136.1580,199.9550,271.6180,414.1530,631.1800,673.7540,535.9320,391.7940,242.3470,275.9910,344.4820,340.4540,292.3970,281.0130,254.4290,210.5330,149.9130,76.1566,36.5619,25.8783,38.3899,47.1825,40.0922,57.8605,93.1865,108.0680,103.3310,104.6610,100.2490,94.7084,71.8447,53.5425,59.5721,79.9138,95.8485,111.5970,134.2090,168.3970,219.8080,235.8530,189.9570,124.9180,69.7457,114.2060,156.7970,157.9600,200.5340,263.6070,243.5770,190.7130,143.7320,64.3232,26.4060,48.5616,79.4377,66.8920,50.3507,45.2841,48.6228,56.1686,42.1800,22.2797,11.2985,29.0999,30.8867,34.3143,37.1005,39.9923,28.9647,24.6351,22.4402,21.0742,20.1258,22.5000,26.4380,31.4747,23.5951,13.2232,9.9512,8.8585,10.9884,26.8652,26.9129,28.8041,29.1287,45.7361,31.1795,13.5191,24.7425,23.0520,29.0175,13.7195,7.2100,6.3018,33.5973,42.7424,59.6394,57.9216,36.5175,27.4574,24.3000,33.1399,14.2984,15.0324,34.2576,47.9994,49.6828,46.5127,22.6468,22.9164,51.6777,57.3805,45.2921,28.4006,30.4601,36.6302,39.0475,31.8950,33.9740,50.7057,42.9862,30.7596,18.0956,21.5608,32.3837,58.7685,71.6618,59.1778,48.6617,38.4996,25.2809,17.0238,35.0688,47.9021,58.7493,87.1860,102.4160,80.2046,49.8826,34.4614,70.6412,109.7590,141.3690,165.6550,173.5990,150.4760,111.3220,108.1760,146.8700,159.3890,156.0560,133.3290,112.8110,107.9910,110.8730,108.3120,92.6026,77.9501,61.5684,47.0096,20.4023,23.9989,48.3757,68.6208,69.5548,60.6311,47.4095,31.0397,25.9620,39.7398,62.8544,69.6572,42.1559,30.1492,10.6680,29.2261,34.2863,34.0517,54.5600,51.5420,76.8383,65.9068,55.2981,53.9938,53.1098,64.6115,69.3319,62.5940,32.3623,34.8262,46.2699,33.5010,28.3666,30.2442,46.5446,74.6145,67.5065,56.9764,46.7541,48.9718,34.0203,19.0461,26.1297,21.9504,28.2060,45.0361,41.5834,51.6253,65.2361,60.2270,50.0435,40.2163,30.5932,10.8866,14.2417,25.7219,41.5994,51.0886,44.5437
36889.7000,18300.6000,12214.0000,15152.7000,12658.1000,9213.8200,7326.5200,5838.3300,4889.9800,4224.9300,3463.3400,3692.5600,3596.2100,2442.3100,2330.9200,2257.6500,1709.3300,1528.7500,1234.0300,1072.1600,1071.1800,983.7210,854.1430,755.8930,729.9840,595.0080,569.7830,569.0580,493.8760,542.7870,662.4570,730.1310,804.7340,956.6850,1241.8900,1617.8100,2038.4800,2660.9100,3255.0000,3103.6500,2319.7300,1486.5600,944.8950,909.9580,956.7990,672.6920,489.5320,529.1250,498.5660,405.9890,306.1720,186.0320,170.6490,222.4990,226.9030,214.1590,189.2850,153.0860,120.3460,91.2150,89.3483,112.3500,117.7820,125.7250,160.6450,136.3510,84.5197,56.1106,74.6031,105.9250,180.5210,226.5170,187.3700,138.4000,112.2770,122.4790,134.7750,131.5640,108.0680,83.9248,68.0941,122.2830,203.2840,279.3590,385.4530,550.2890,608.8160,504.3950,388.6300,221.0070,223.9490,289.9730,276.7350,246.8990,251.3180,236.3270,205.8350,166.6820,91.9469,47.1504,57.6374,56.0016,38.6470,40.0233,59.0134,100.1650,130.6920,136.9310,140.7580,134.6550,125.9520,106.1530,89.9562,80.6141,78.9874,100.8250,137.0290,158.1800,167.9010,224.3970,251.0500,192.1700,136.7130,67.5241,100.7810,151.9350,182.6110,221.6110,268.4320,255.8970,203.9100,145.9670,60.7278,43.9249,60.9078,71.6147,67.6884,63.7970,59.1895,61.5444,51.5699,28.8886,10.9331,9.3580,33.2355,38.4779,39.7097,28.2429,8.7069,5.5884,12.6942,20.1553,15.2183,16.1961,22.8050,30.0522,26.7290,15.5822,9.1112,23.3789,27.6243,19.2457,28.9657,38.0992,40.6091,35.2991,26.7602,9.0633,15.4107,25.4374,24.3511,10.5077,17.2562,40.7427,58.4322,68.6654,73.8719,73.7236,69.1852,42.4303,20.9396,7.6702,5.5124,17.6643,20.9765,30.5064,43.8956,45.8559,51.2214,36.3312,17.9102,49.0362,79.5788,50.9233,22.6138,51.1187,56.2494,58.1620,30.8483,33.1414,35.6669,27.1567,31.1307,30.6157,32.5376,34.1281,45.4904,68.7840,72.8205,57.8636,44.4959,34.2588,35.6702,39.7966,43.2526,61.2218,99.7646,114.9020,77.7648,55.3645,11.4975,65.7558,112.3500,144.5810,177.0970,174.9470,128.4540,86.1965,96.0180,139.3390,148.6010,151.0240,143.2000,123.6970,100.0020,105.0850,123.2770,118.4250,108.8680,95.2675,67.0598,32.2944,39.1970,49.4717,50.3231,65.5938,66.5783,61.5614,48.7360,35.1109,25.8398,44.7868,66.8492,49.2615,29.3002,15.5034,18.8408,23.2423,26.4214,34.8807,30.0804,36.1555,32.7470,40.5279,49.6981,60.2798,68.6012,73.8777,66.0543,29.9135,11.4862,23.4701,39.1995,38.9275,26.3130,39.8858,62.4034,61.5548,53.2038,41.9333,34.9256,34.3857,33.1559,22.0018,7.9381,15.5642,32.4669,41.3703,45.7249,46.0081,40.7957,33.5694,25.7384,20.4938,15.5628,24.3343,27.8729,29.6578,24.1683,35.9771
36032.3000,17840.5000,11976.8000,14941.9000,12493.2000,9094.6900,7253.4300,5765.0400,4846.6200,4183.3500,3376.0900,3613.6500,3533.1600,2380.9100,2278.8100,2177.3000,1640.6500,1524.8100,1235.8800,1059.1300,1077.6300,987.5910,851.5580,785.7200,782.5310,642.6690,629.5950,627.5430,539.7020,597.2050,717.2620,767.1260,816.9880,966.4670,1275.0600,1620.1700,2047.1600,2650.3300,3273.1500,3134.3800,2340.3300,1492.8600,953.1170,921.8990,965.6240,674.9480,503.6180,562.1740,548.8160,461.4000,350.8120,196.7190,162.0990,215.2400,211.5490,200.6210,175.5770,173.5990,155.2060,127.9580,91.8655,61.2775,45.6529,52.3436,47.1047,48.5722,41.9353,26.9260,68.4830,131.8570,216.9250,247.7620,203.5050,141.0290,110.2480,129.4630,147.1900,129.7740,114.3810,105.5020,113.7480,162.8940,242.0430,307.4750,433.6160,633.8600,678.8650,539.2840,393.4310,210.1790,226.5820,306.4290,330.5360,283.2490,231.1390,191.4270,155.6620,120.1380,88.4803,48.9545,20.8284,18.2231,17.5631,24.6662,52.9046,87.0252,102.7900,108.3920,115.9570,122.4950,108.0090,73.1089,59.7790,77.0412,100.2690,114.9730,120.9830,129.1350,147.9420,193.1980,223.5600,184.5130,135.5620,60.5940,105.2180,154.4850,171.0190,199.6850,243.5290,225.6430,182.3300,140.1970,70.6034,38.1163,54.2946,69.3362,74.6420,68.9044,62.9935,46.2030,31.8879,26.0014,11.0982,16.6645,35.5421,39.4773,39.6670,42.5576,21.7472,13.6633,11.3200,30.1441,35.5521,41.1177,12.7946,18.3846,34.0062,27.5316,34.3527,36.3828,30.1716,13.7669,8.5643,13.0648,17.3712,27.8164,36.5773,22.5930,24.0921,23.8869,5.7186,21.5169,33.7774,48.9932,50.5522,61.0795,71.5268,80.1080,74.3093,34.5962,17.8947,7.9631,7.6929,6.9612,6.2363,16.1902,23.9595,29.8431,40.5061,22.4082,22.0773,26.1972,44.8041,32.7204,26.8940,46.0038,44.9040,38.2111,42.0398,50.8139,50.3944,24.3214,14.5707,5.3512,19.0593,39.1319,55.1832,60.7842,73.7655,74.7553,72.3729,43.0491,24.7472,31.7294,29.1928,55.0491,114.4890,127.6170,96.8352,68.1609,22.1892,61.5594,115.8180,149.2710,172.5690,167.2650,139.9000,99.6830,100.6090,138.2620,148.6710,157.9640,147.9830,109.4490,78.3671,98.3736,121.2930,112.6520,97.0679,87.0313,74.4727,54.9103,50.3831,53.1090,47.1332,51.4482,51.3101,46.6934,32.1103,28.7000,40.0427,57.2804,61.7662,35.0656,14.9237,30.8887,56.4901,51.1465,43.3575,30.8813,24.1052,37.8280,24.6704,17.0995,41.6932,54.8999,62.5607,65.7274,72.2071,47.1740,16.5940,15.4492,16.8337,16.4608,33.2277,40.7277,33.3068,33.0192,29.5799,23.0422,22.9252,29.0131,30.7816,15.5618,20.9641,26.7783,31.7217,39.8685,30.9681,25.5299,32.2281,30.7956,29.1019,13.9144,21.7342,22.2609,24.4409,28.7311,34.1406,39.7282
36456.4000,18413.0000,12310.4000,15186.0000,12819.4000,9333.0900,7432.5200,5937.2000,4956.0300,4251.8800,3460.3100,3690.5300,3570.3000,2435.9500,2336.5200,2221.3200,1669.1900,1535.6700,1257.2500,1074.7800,1084.1700,986.4470,861.0370,778.8710,757.0380,606.3410,590.4300,618.9450,557.9260,614.2460,710.1120,724.6050,784.7890,956.7610,1263.6800,1595.9300,2027.3100,2583.5000,3174.8800,3038.9800,2275.4100,1449.0300,929.6840,890.5950,913.2930,630.2230,471.5750,515.2660,492.9880,414.4930,316.6170,193.1640,162.9590,193.2200,190.0800,186.8780,164.3630,157.7810,142.0980,109.1350,70.1849,49.3362,28.8516,46.1955,48.9853,43.6555,49.0283,93.0152,148.2270,227.8650,310.5050,356.4990,308.2410,232.5560,159.0840,137.9320,137.2550,138.1630,117.8080,93.3593,97.7371,155.9640,239.5510,319.9690,449.9260,643.4970,689.4630,557.3540,414.6890,246.3360,242.6170,298.3220,307.5320,268.3870,247.1980,213.2620,175.7280,123.0320,78.0752,58.1648,46.7558,44.5321,42.2052,40.0169,48.8428,67.2324,83.2338,101.9480,124.2360,107.9880,86.2246,64.8823,41.6905,54.8113,75.5761,90.7666,101.1420,129.1330,182.4030,235.0580,242.1740,194.9820,147.2820,72.5918,97.7913,157.3320,193.4720,208.6570,232.4880,220.7060,177.4210,128.8930,58.6239,44.8703,65.9269,85.4968,72.0696,62.3085,57.6572,67.9980,54.6158,24.0702,26.9329,30.6449,48.9384,41.7278,37.1932,34.0986,24.3562,26.7797,28.2465,24.5121,33.1202,37.9304,43.5740,44.1572,49.0871,46.8614,34.4873,31.2128,31.9576,28.5433,23.0743,27.5210,39.8729,53.0571,36.4829,13.1209,13.3228,14.0457,24.1649,21.1930,36.7897,37.6978,35.6261,48.7318,72.2368,84.1079,93.7478,68.2319,41.7802,23.6959,13.8004,17.0196,26.3011,35.3877,44.8820,39.8197,54.4970,24.6330,13.3350,38.7064,39.4966,56.3658,30.5151,27.3773,24.2101,23.8902,27.0272,22.5995,24.1787,20.8592,20.2496,12.1872,19.9003,34.2139,62.7325,67.0366,61.9837,56.8568,48.6539,12.2808,19.6544,33.9868,44.1413,66.6025,104.8380,118.2690,83.8625,67.6154,23.0940,105.1900,150.2300,179.9450,204.2260,192.5310,143.2270,102.6690,100.3450,125.3820,140.2210,152.7980,142.4860,94.8492,80.5286,110.7020,127.2690,123.2970,113.0920,101.2200,74.6192,41.9902,27.8485,37.3323,46.8774,51.8629,52.9406,50.4595,36.4190,38.0432,61.9342,85.5963,75.4514,53.8466,25.9818,14.1860,47.7305,54.9592,38.7133,25.0206,13.1630,26.3564,37.5704,41.6742,48.7753,66.7003,74.6707,71.7132,51.9612,32.6641,32.7395,39.0503,28.3878,25.9667,46.0155,50.6756,42.8246,55.0657,58.6185,40.4460,19.0810,32.2906,63.5398,70.1020,74.7026,73.3002,72.6688,70.6080,52.4444,40.4162,47.6946,42.1640,44.9316,21.2027,37.2308,32.7628,27.9524,29.9297,31.9116,32.9057
36942.0000,18362.7000,12222.1000,15161.6000,12688.6000,9241.6900,7359.4400,5875.9200,4890.9100,4215.0700,3470.1900,3702.3700,3595.2900,2472.7200,2354.2500,2230.8000,1686.1800,1539.0200,1254.7600,1091.4300,1075.6300,993.3490,835.9810,730.3650,720.3890,577.4390,562.1320,581.6430,503.7310,545.3600,644.1470,687.7810,753.7910,911.8920,1220.2300,1552.1100,2013.6000,2598.0000,3184.0100,3020.4700,2261.1300,1443.1800,885.4460,899.9240,933.6790,655.7770,488.4900,504.9670,453.8250,389.7890,313.2300,187.7930,164.1000,217.2790,228.2530,201.2320,186.9210,157.7890,131.7500,106.7660,78.8145,49.7977,25.8565,22.1401,42.7598,56.7802,42.6497,45.3275,76.2318,115.4310,165.9210,215.3670,156.9310,92.2003,93.4472,118.0020,116.0700,99.8432,96.5790,99.3488,103.6510,147.7910,221.7190,293.6620,415.2200,589.4890,642.4310,527.2910,403.8350,250.6970,254.7790,307.0430,289.7580,255.5040,237.5600,210.8480,178.6180,140.2480,90.7538,42.8674,36.7434,57.3248,46.3129,38.5636,76.5398,116.8010,151.2650,182.8050,219.8810,218.4920,209.1770,196.2980,153.4610,112.3370,104.3580,139.9990,144.2900,152.3860,186.3790,228.6480,235.7450,195.9980,136.9790,65.5594,98.5702,148.0030,162.6570,188.1110,233.7860,224.5490,171.6460,119.8030,57.4830,54.0848,67.6089,80.0675,93.1099,76.0720,59.9964,41.4658,46.5236,38.8317,37.1178,21.8039,34.1515,26.0675,30.0092,26.6399,31.7389,17.0628,20.7503,17.2818,16.0480,29.6786,39.0548,46.8708,32.4640,29.2165,24.6222,17.7322,24.6983,20.1171,12.7127,45.1888,42.2187,51.7221,20.7052,13.5370,23.2023,27.1407,18.6673,23.7439,17.1786,30.6444,27.9194,48.1681,67.5354,76.6880,77.8740,63.4004,53.1745,39.4387,38.4126,16.1830,29.6906,14.1663,29.7734,25.7766,43.3690,28.6213,14.6250,26.9506,43.4202,49.8725,27.2715,42.9067,33.3736,38.2416,28.7143,37.7138,43.4401,37.9842,29.9583,28.0514,22.1789,32.6981,55.5556,73.6996,64.8664,55.1960,51.0941,46.4737,41.1607,45.1401,51.6505,74.5481,118.0050,121.9950,80.0428,43.5160,54.7045,109.9780,163.2100,199.8870,221.9920,204.4650,155.5780,111.5390,121.2990,149.9330,153.1820,140.0720,126.8010,97.6233,87.2928,99.9677,91.3366,88.6002,92.0747,99.0079,100.5000,60.0872,29.8666,28.9515,34.9864,47.6380,60.9045,63.1407,53.4447,35.1118,43.5007,60.6751,65.5457,48.0835,26.0889,16.5116,21.0547,36.3976,37.9955,34.0645,13.3361,5.7360,15.6147,42.4374,52.6613,53.7548,62.8742,67.3820,53.9183,16.3689,21.8429,32.5354,21.3819,28.7732,42.2335,53.3909,68.8868,75.1911,73.1020,64.3246,32.5737,29.4568,95.4126,121.6740,125.7270,119.4000,114.0800,94.6935,72.6686,69.8053,63.5999,42.2579,24.2892,22.2803,54.2176,54.3217,49.6477,40.6850,37.5495,29.0475
36056.8000,17800.3000,11940.5000,14877.9000,12410.6000,9055.8700,7236.1200,5720.3700,4772.8500,4119.5100,3342.9800,3609.4500,3540.4900,2361.1600,2260.1100,2196.3000,1645.4400,1504.4200,1224.6400,1052.1000,1088.5300,1008.9600,885.9510,796.0250,787.4110,628.3540,597.7730,623.2150,555.3080,615.7720,722.4760,738.1260,782.7370,970.7700,1267.3300,1569.0000,2064.7600,2681.4500,3261.2400,3055.1300,2291.0600,1467.1100,911.7330,922.4040,948.1670,677.7570,503.4420,522.1920,469.9220,390.7720,317.1140,196.3430,184.0710,237.3500,234.5470,203.0900,180.6190,150.8920,120.6830,90.4076,58.4511,35.3128,14.1538,27.1560,56.9793,60.2969,45.3986,24.5985,45.7190,81.3309,167.2520,238.4920,202.3080,144.7890,106.4370,122.6400,131.3040,114.4130,114.2820,109.5560,83.3513,106.3570,197.9210,292.8080,428.9230,602.1430,672.7470,570.4350,455.6830,254.1960,243.2020,318.5820,316.2130,284.5460,249.0160,217.7090,184.2740,143.0890,89.0859,42.5823,30.6153,45.8138,50.1642,41.2612,63.5949,118.2170,148.9560,161.5240,166.2830,152.9250,150.4360,141.6850,116.5120,89.0112,85.0879,102.2160,121.2570,132.2030,146.0910,197.7500,207.0410,180.9390,106.1420,50.9614,107.7640,154.2220,155.5560,160.0630,218.4970,221.6560,191.0870,128.5890,30.6440,40.4826,71.3341,63.5381,56.2853,58.6763,54.4279,49.5288,22.6488,11.5344,12.9989,24.3791,31.6568,30.8200,19.2671,18.8095,13.6382,25.5397,26.7641,25.7500,24.3070,24.1894,30.4588,37.1298,44.7420,40.9892,38.0040,35.9875,25.6382,11.4468,15.0273,28.5421,35.4951,43.1759,25.2012,27.0413,21.8201,38.8988,19.5337,24.4823,28.5944,44.0105,40.4228,59.3875,74.7303,74.3607,62.5554,28.3912,18.3453,14.8317,6.7784,13.3640,22.8555,17.4002,34.6051,40.8598,59.4811,39.1474,20.2895,52.6591,74.6285,73.4499,49.1472,41.0515,47.1184,58.2473,55.4034,49.1291,52.5866,50.5131,39.6156,28.4474,21.5050,23.1108,49.9575,55.5247,49.9987,40.3201,25.9317,25.4136,33.0192,37.4769,46.0636,80.4107,124.2470,125.6960,89.4600,51.6388,51.5444,112.3860,161.5610,201.5700,226.6120,217.0720,175.3050,137.9970,140.6980,151.9810,157.1420,155.5250,151.8140,112.3750,67.5363,88.3361,127.1100,119.7390,100.5090,81.9975,68.0285,47.6907,19.3992,20.7982,52.3736,78.2710,82.1205,75.8912,59.6087,29.0164,45.7796,82.1030,70.0576,36.8176,14.2981,10.2335,28.6319,45.7402,36.5490,21.5863,16.4287,19.7506,26.7312,38.3984,54.7393,63.7571,66.1737,62.6675,41.7577,11.4085,9.5752,17.4082,15.7300,11.3689,22.3833,36.4206,38.6915,31.4796,40.2161,32.8680,29.1623,54.6847,67.3846,85.5118,107.8210,107.1390,94.6329,66.6885,64.1942,60.3007,43.5215,28.0953,20.8604,17.7521,39.7758,54.9849,61.6903,60.5488,54.4910,45.3088
36209.0000,18190.8000,12242.6000,15179.2000,12776.0000,9281.2200,7399.9200,5910.4700,4949.3700,4237.7700,3474.7900,3712.0700,3558.9000,2404.9400,2327.4600,2215.4000,1665.4300,1555.6200,1266.5500,1068.1200,1095.7600,1010.1200,883.6370,797.3820,780.1890,628.5310,590.3690,594.2450,539.2920,613.1240,717.3530,743.8210,803.5850,983.4970,1279.2500,1577.1600,2061.2000,2663.9600,3253.6500,3056.7900,2283.1100,1451.5100,907.6760,916.2810,934.8770,650.4820,492.9570,526.4170,476.1580,404.9230,325.9960,193.5270,162.6320,201.0030,210.7050,202.2580,179.8040,143.2980,115.9550,85.6145,55.7074,47.6304,24.4958,17.2149,40.5377,45.4696,45.7982,34.6811,78.1306,104.9160,169.7310,218.2540,187.0220,133.3450,109.5720,139.8160,150.1000,142.9110,114.3200,95.2918,73.8892,104.8240,172.0190,228.2530,357.8680,557.8250,608.1110,506.1900,404.5560,246.0360,229.8530,291.6460,286.1280,249.2660,227.7270,205.8410,179.3810,128.7930,90.8943,60.6996,25.8269,28.4630,49.8407,52.8167,69.1011,101.8170,133.1830,147.4540,167.8330,175.5310,175.4540,150.1780,125.6850,133.9080,152.2420,156.2870,167.6210,183.2220,194.8080,214.0860,205.5230,163.8760,89.1671,72.0570,121.5690,158.0290,156.0860,190.3520,239.8920,214.2390,171.8950,113.8750,46.0680,43.0994,64.5875,72.7474,67.9813,47.7114,38.5907,17.2331,15.3771,8.6984,10.7173,29.4390,41.9096,36.4123,30.2865,21.2348,21.0532,18.3500,37.8472,34.1730,27.2849,15.6162,22.8086,35.6675,32.1802,29.4078,25.4071,18.1525,7.9594,3.4318,12.2463,27.9316,31.3670,39.0662,41.4619,17.2930,23.7356,22.9010,8.1242,17.9000,24.8811,30.7126,41.4453,66.5267,72.1331,70.8782,60.2357,41.6063,36.6996,23.1230,18.6796,11.8297,16.4903,43.4820,55.5733,58.0927,58.6199,32.5257,21.9535,35.0355,47.9393,32.3227,16.5962,37.2179,57.4564,64.2910,65.6964,67.9487,44.4539,20.6706,19.6098,19.8949,21.7333,25.3924,35.2891,52.8221,55.0395,51.5782,35.8900,29.7313,40.7497,53.0366,55.5952,79.9251,120.7650,128.1490,103.4800,68.9403,35.0289,88.7296,151.9940,194.4780,223.3760,220.7300,176.4700,123.7980,127.8470,158.9270,157.6830,162.6810,153.5270,134.9850,102.4250,98.7737,128.4010,143.0930,121.9320,93.6097,47.6628,31.4980,29.9673,35.4585,46.7280,57.5309,72.4805,65.1244,49.7526,32.8525,54.8416,85.2317,75.6680,40.0629,34.4248,23.2817,39.5694,38.8036,28.5628,12.6253,14.7513,31.5395,29.8178,33.3913,54.3893,66.4845,63.9330,50.0365,31.9953,17.0749,18.5739,29.5126,30.4028,30.9799,42.4127,54.2647,53.9640,47.8097,44.5380,46.6986,39.3159,41.7969,75.9152,106.0900,106.7320,98.2604,85.9489,65.7435,41.6185,34.1219,31.4004,10.8699,14.8945,38.0158,53.3516,65.0984,70.7124,69.5288,64.9609,57.0614
36962.4000,18483.4000,12265.7000,15180.4000,12765.5000,9297.0100,7346.0700,5840.9500,4879.2900,4210.6200,3455.8000,3672.0500,3561.8600,2435.5100,2311.6600,2200.3500,1668.7500,1520.7300,1222.4400,1059.6600,1050.9400,987.6230,852.5650,749.1380,744.0810,593.2830,576.0050,603.5950,522.9770,576.0590,682.3410,704.4520,764.1720,934.9560,1234.1500,1556.4100,2032.8700,2638.5300,3244.5500,3070.7500,2297.8100,1468.4100,899.1180,917.6820,936.5910,652.2030,490.2410,519.5710,467.0290,403.7660,344.3940,213.6620,152.0250,196.2010,209.2550,188.8610,176.2980,153.5370,126.2800,98.2239,81.1090,62.3815,30.1930,16.0381,25.9477,42.1250,52.5298,42.7060,82.3655,107.3100,158.0590,205.9980,174.5930,128.5360,123.3840,133.4440,126.9540,128.0660,103.8930,65.2110,63.4682,112.2350,175.4200,226.6120,336.2750,497.1740,520.8460,417.5910,309.4750,178.3490,203.4330,269.6170,271.6740,228.9260,198.3500,182.3870,170.7810,139.1730,91.7352,52.0346,26.6175,33.1114,25.1460,18.0704,54.9081,95.2883,125.8760,145.1730,168.6900,163.8410,158.6600,144.4580,116.8060,93.2526,98.0065,113.6290,127.1860,129.2410,134.0470,172.0280,173.6630,147.6000,78.7720,53.0163,101.9450,147.5350,164.5940,198.1080,261.5100,242.3040,196.0370,121.0840,68.6885,75.9150,90.9292,87.5330,85.1274,72.2453,52.8975,39.5924,37.7327,37.5742,16.2127,26.4637,46.3901,31.5402,22.3875,19.2994,24.9339,44.0143,46.7830,29.7121,36.5351,48.4447,57.0815,51.4737,55.3470,47.9858,25.7972,15.4712,14.1196,8.3512,13.9337,25.6225,29.6560,32.8664,25.3223,6.1496,6.1412,15.1070,13.9501,19.3841,27.8003,33.2705,53.1229,79.9930,79.5471,70.8495,51.4058,25.5196,14.9847,13.0829,22.3567,33.7962,25.8498,32.5724,29.1292,50.1147,58.1040,41.4565,32.5967,10.2051,11.9878,32.0875,24.8118,60.4315,52.9371,51.2608,42.5543,42.8470,41.8962,33.9174,34.1158,32.8940,22.1788,13.8286,20.3568,37.5118,48.8075,50.5004,41.3596,45.6983,54.9849,48.8709,68.5460,106.4610,129.5390,145.5540,126.2360,81.3859,49.0272,115.7650,168.1400,210.7520,237.7070,223.8600,175.0260,138.9880,138.9910,141.8490,142.2010,146.9870,147.1040,121.7380,81.1250,80.3538,94.1003,96.4045,89.2490,83.3023,62.3825,35.9710,26.1047,24.7997,47.7229,76.8937,79.5765,72.8938,55.1787,28.2352,55.1055,93.0598,85.4305,42.9719,18.5813,18.3881,38.4566,54.4725,46.6551,31.9134,16.8517,17.9490,26.6756,33.5173,51.3686,58.8617,56.7376,51.3021,41.8534,10.4406,19.6331,28.3819,27.9786,27.6643,37.2571,54.4015,65.0285,61.8444,57.3598,48.2737,28.0888,23.9946,50.4100,79.2244,93.0227,95.4237,87.8586,60.4599,43.5885,51.2977,46.6234,27.3774,15.2506,15.0215,32.4553,48.7876,54.6885,57.0956,56.3207,50.7775
36312.3000,17883.9000,11948.3000,14924.2000,12450.6000,9083.2500,7239.6400,5750.6800,4825.3900,4190.4800,3372.6000,3577.8600,3508.0900,2362.8400,2274.7100,2209.6200,1657.3300,1494.4200,1197.3000,1033.6400,1067.4800,989.7920,868.3540,794.0940,782.6760,611.4200,596.0920,624.9460,543.6280,603.8060,713.2870,737.8230,785.1590,950.3890,1266.7400,1610.9900,2086.9600,2677.0500,3267.6100,3096.4500,2320.6000,1481.5300,941.1600,944.7200,966.8090,668.4620,486.5450,527.7040,478.1060,395.0690,341.2470,215.3290,161.4920,209.1190,221.9020,203.1660,186.8430,176.5830,156.9050,112.9690,79.7349,65.5002,36.7955,27.7205,33.8527,49.1456,44.8457,44.5303,88.8225,120.4010,171.7250,215.3250,193.7770,140.0690,123.7940,145.7470,156.5620,145.9570,123.4330,114.6680,120.6020,163.2690,251.7860,329.0670,456.1140,648.1600,706.5900,590.4360,466.7760,281.9400,253.7920,307.9220,321.3410,278.3000,227.3890,197.7630,160.4720,145.0050,115.8730,68.0696,29.4711,43.8035,57.6747,49.6855,74.9251,108.6240,134.1960,155.0490,180.0010,174.0870,157.4700,151.8940,135.9800,110.7190,111.4990,126.6060,144.7570,137.9010,136.0230,179.9920,183.9690,155.1720,80.0149,56.2199,112.4170,156.6990,170.6120,190.1820,239.1230,236.5160,194.7070,138.7890,49.4800,59.2239,99.8794,106.1610,77.8748,58.8504,46.0488,42.0862,37.6041,19.9966,15.9911,25.0975,51.8849,43.0724,35.3072,21.2980,10.3017,5.2706,6.6680,8.7491,12.2072,23.1173,31.0470,33.7035,24.2999,35.0290,34.5167,23.1454,19.5188,18.4229,8.5521,26.9584,35.2841,53.2591,40.2138,30.1493,33.8064,20.5619,25.0897,22.9596,25.3579,51.5404,36.8210,46.1201,63.4336,67.0950,48.4088,29.0779,32.8295,12.1693,12.7633,44.7797,37.4951,44.5448,38.0445,36.2214,44.3273,24.2454,13.9157,39.1727,55.0999,59.3784,38.9909,26.4894,29.3292,42.9932,30.4594,25.1850,17.8320,10.8017,13.6056,11.7809,8.2695,23.2724,48.1421,59.4386,59.8656,54.7180,47.6334,38.8866,31.0168,45.7602,72.9394,92.3529,116.4830,137.5600,122.2390,90.6045,34.9221,75.3276,122.5430,163.0410,191.6700,190.5100,153.8790,115.7050,105.6450,127.4160,140.3280,138.1960,121.4170,94.1909,86.4807,93.7146,101.8840,109.2320,105.3740,100.9410,84.2678,49.5705,25.8803,29.4146,44.7707,54.0794,57.8965,51.1606,40.1889,44.8110,65.3028,84.0564,80.0121,52.8597,21.6068,17.6100,46.3499,48.7073,32.9745,15.7038,21.6094,29.8614,27.4700,41.9204,49.0873,52.2823,57.9180,63.4305,46.7873,12.1344,12.2478,22.2798,20.4585,16.4071,17.2753,22.2306,29.9053,33.5073,25.1268,19.4819,31.9576,50.9655,67.3592,85.8516,95.8589,93.5484,82.8411,64.8962,52.5606,51.0840,38.0390,17.3291,14.9262,30.5419,52.6981,49.1309,47.3201,58.5106,65.9807,60.1560
36063.9000,18089.8000,12124.0000,15041.8000,12659.6000,9210.2200,7346.6800,5857.3200,4896.9800,4207.3600,3427.0500,3651.5200,3523.1200,2384.7000,2312.2500,2213.2400,1657.5500,1523.4500,1240.1700,1064.3500,1075.3800,995.4470,861.9120,766.8390,766.2510,640.9610,599.5200,605.1070,551.3170,607.6710,723.0110,763.0120,807.4750,973.7040,1289.6100,1624.2100,2096.7700,2703.0600,3302.0100,3128.0200,2339.5800,1487.9600,936.2990,928.0400,951.3890,646.1150,473.9000,503.1010,447.9000,376.0290,312.8260,234.0770,237.1600,258.3580,249.1750,248.1130,233.7430,195.6530,149.9380,118.7840,85.1536,55.1401,19.7013,21.8634,55.8937,53.7199,46.9627,35.0231,87.6884,118.5680,196.8020,222.5740,198.0160,157.4760,130.4790,121.2210,111.1130,108.5600,106.0720,95.3888,115.1410,179.4780,260.6200,324.6210,469.2710,660.3050,702.9990,581.5710,448.3810,276.7490,282.8380,352.2070,358.6480,320.1560,288.9740,250.6960,205.7850,147.2550,59.6419,32.1623,51.2783,86.2388,84.2724,59.9941,77.1779,129.3130,156.3900,170.3800,185.8030,192.8050,179.0420,164.4800,136.3920,101.7410,91.5090,113.8280,126.8900,116.3180,129.1420,168.0390,163.3190,130.3430,58.7796,68.9234,115.7940,145.6000,137.6710,178.1260,252.2760,236.6530,202.0940,144.3580,51.9995,42.5084,80.3857,88.4484,54.7434,47.3904,52.4273,61.6350,53.7220,18.2241,25.1930,33.1688,45.4341,20.7417,7.8888,13.0295,6.9917,10.8044,17.6511,15.5498,19.1220,21.4362,23.1652,27.2504,38.7638,33.3729,22.8478,24.0415,20.4074,17.5044,9.5144,19.9030,24.8739,29.9884,24.2954,20.9400,15.7053,22.7703,3.2581,17.6231,33.7423,44.8624,48.7825,67.9446,82.6843,85.4154,82.0656,48.9101,24.8979,10.6327,6.6445,12.3103,17.4332,24.5946,40.5354,51.2217,61.0343,27.6531,13.3251,41.2121,45.3123,43.4620,10.3293,31.3118,25.6022,26.8448,28.1788,29.8739,8.9300,20.3449,26.5585,31.3222,16.4884,32.6166,73.3657,76.5159,65.6126,61.2705,58.2708,49.6231,53.0210,65.7161,59.2865,87.3347,136.8410,128.4030,99.2432,74.0924,67.8527,104.1550,154.4010,198.4390,225.2730,207.7980,149.0060,101.4400,106.9240,137.2770,147.1820,155.0390,144.8130,106.7670,85.4485,110.3830,122.8730,113.4120,99.3435,88.9277,59.5596,23.3106,20.9224,22.0456,28.7466,54.9965,56.5915,50.7802,33.4453,32.5230,44.0325,47.7272,51.9581,30.9244,22.9403,35.8934,55.1059,48.2152,36.7887,21.2041,9.0219,41.3556,38.0436,23.9091,34.2299,59.1094,62.9674,56.0856,26.9800,12.5546,16.4565,20.8645,27.0555,36.4593,43.4649,43.8722,52.8245,48.6953,32.1726,21.7203,16.4021,33.9345,63.7844,82.3309,93.7196,95.9509,90.1913,83.9604,70.6278,48.4616,32.1597,21.4332,11.4806,24.2055,42.1110,39.9762,48.1913,62.1235,68.7371,63.9512
36958.6000,18510.3000,12341.1000,15288.3000,12865.3000,9348.8900,7373.4900,5891.2200,4915.2500,4215.1500,3428.8100,3676.2600,3575.5900,2441.8800,2320.5900,2215.0600,1685.5500,1530.3500,1226.7600,1067.7900,1061.9200,998.5800,857.7880,753.0830,761.3150,614.0790,558.5500,569.2070,507.9790,578.6500,705.4010,739.0930,784.9740,949.8870,1268.5000,1616.4300,2096.6500,2700.2300,3312.0000,3148.4500,2351.6800,1492.3100,933.4870,945.5130,972.0610,673.6630,510.7700,532.4090,472.7690,410.5410,365.5810,279.7500,257.2660,280.1670,282.2830,240.2030,222.7380,183.1990,137.0640,93.6350,66.8359,47.1692,31.8153,44.2396,64.7153,68.7624,45.5468,65.3901,81.6953,154.6970,195.4800,194.3050,167.4100,130.6500,101.1280,86.8228,73.6269,72.7352,80.9909,74.9509,113.4860,183.1810,274.9060,333.1890,472.3130,689.5370,731.0690,590.2740,447.2260,280.6670,301.7670,371.0360,358.7260,299.6430,273.2070,255.8010,218.1490,172.7770,92.2182,46.1501,29.0465,15.4821,34.4061,64.1293,94.4875,140.4640,181.8000,194.9300,211.4840,219.6740,190.3780,151.5750,135.1150,116.1420,117.0470,110.7810,114.3920,100.7710,111.8430,153.2150,148.5450,122.6350,60.7154,57.6490,101.2480,137.1810,139.7320,164.4710,246.7650,246.5890,217.0140,152.1170,69.9901,58.8402,72.2773,70.4287,67.8593,73.3358,70.8065,62.3464,24.7871,10.6923,8.8505,17.2562,38.7131,24.8240,15.1881,9.2590,19.9521,17.1569,32.5462,16.4975,14.5606,29.5483,35.2323,38.4089,42.0936,36.1094,21.6010,13.1945,5.3747,6.7209,21.7162,26.5589,22.6780,25.4623,8.0074,31.7035,26.4760,30.4846,10.2728,20.5066,34.2961,46.9644,64.2368,69.2170,62.2500,61.6982,60.7994,54.6655,38.4358,28.7785,23.8393,11.8184,15.1118,51.7368,61.3679,73.9602,61.7275,26.1605,10.6619,26.1169,38.9576,32.1640,22.9155,16.3587,33.2125,41.4451,42.2282,40.2467,30.9104,23.7265,34.5559,27.5253,15.7791,18.5417,23.3055,49.1756,62.8425,64.3632,38.4551,39.1564,52.7200,50.7536,61.1702,82.5913,118.2850,136.3190,99.3831,55.0048,60.6277,135.9630,171.5160,207.8310,229.6220,227.5470,162.9010,110.6890,138.0980,167.8790,163.3210,170.4470,160.9650,119.7390,93.7571,115.6340,112.5330,99.1401,89.5902,85.7910,72.9764,46.3495,31.6784,15.8935,9.8309,40.0795,56.1291,54.2360,41.2347,21.0056,35.5139,60.7591,68.7806,27.8726,21.4885,52.4388,45.8161,50.1467,52.3887,39.2817,13.4874,17.5496,27.2021,35.5134,46.3520,59.3440,66.5489,67.6187,52.3665,26.0714,16.8545,11.2322,13.7371,10.4885,21.6695,33.4094,39.1048,45.9822,54.4341,18.9438,22.6196,63.2644,84.8039,100.6330,113.9510,109.3420,94.9608,67.8291,55.2298,41.3113,29.7672,14.2215,12.2352,33.2614,41.5450,37.6119,58.0482,70.0304,76.9397,64.3093
36582.2000,18038.4000,12047.4000,15006.7000,12531.9000,9152.8800,7296.9900,5772.7300,4834.5500,4202.5500,3428.3600,3637.6900,3551.2400,2405.1300,2308.1200,2235.6400,1698.2000,1538.0900,1234.9200,1082.3300,1078.3100,1001.9700,851.9600,774.6430,784.8340,627.4240,584.9840,603.2470,545.9610,597.4900,701.0590,742.3530,791.0700,970.0640,1280.9100,1624.7000,2145.1900,2797.7700,3438.0800,3245.9300,2436.7400,1566.2100,941.8640,977.3550,994.5190,691.7020,515.8490,529.7880,447.3740,356.0810,330.9600,298.1150,289.9620,291.3540,285.7220,256.5970,238.0190,189.7950,124.6750,94.1902,85.0263,73.1841,49.8165,27.3160,43.7160,67.7432,66.7558,68.5591,109.7250,174.8150,196.0530,172.4740,126.3500,91.1146,80.4620,85.9466,71.3425,78.5060,106.8530,109.8320,99.0120,163.9430,247.4170,305.2400,434.7580,629.3450,697.6460,586.7090,466.0700,275.1630,272.4910,358.7120,366.1200,311.7390,258.4230,212.0730,188.9480,153.9060,110.6980,71.5145,57.8784,57.4560,44.4091,37.3204,53.1982,59.8863,55.0722,54.9435,75.6986,106.1050,117.5730,110.2770,104.6520,94.8388,91.5003,95.4028,106.2750,90.0203,96.0691,137.7640,149.4040,133.7480,84.8653,56.8304,104.6580,145.3670,157.8170,183.4580,245.1940,253.3240,230.0210,182.0220,82.6349,46.3276,73.6133,84.5195,81.4551,76.9084,64.9491,45.0655,15.5644,17.8861,12.2441,37.0295,44.7163,48.4934,20.1357,8.3525,5.7649,10.9150,30.9973,20.7964,18.4178,34.4183,40.8533,41.9854,29.7570,21.5171,21.6536,31.0605,22.0953,18.4098,18.4019,35.6529,36.9710,44.3544,29.3578,28.0092,22.5565,21.0754,16.3233,21.6613,35.4807,50.5118,62.8747,80.6878,84.3094,93.7946,76.6251,57.4184,47.5313,34.9805,20.9950,7.8576,10.8628,21.0916,36.8062,45.1250,56.6618,26.6257,14.7136,41.1511,44.3579,39.7321,17.6487,35.9784,41.1519,43.7228,37.7011,44.4325,54.0583,33.1430,20.9450,20.0550,23.4619,23.0240,64.3837,57.4157,45.7963,37.3039,39.9334,30.7169,35.6804,55.9152,67.0343,92.3147,134.1600,117.2320,72.0456,56.7064,84.3333,137.8870,191.0480,221.7170,233.9440,215.7030,160.4280,102.7790,125.2910,173.1030,170.4510,160.0860,131.2830,103.0720,89.5658,101.6540,110.4660,106.2730,91.6913,78.2317,64.0692,51.7833,41.4662,47.2359,56.4957,51.0426,58.1672,62.9547,57.3551,39.1615,54.3413,76.7218,70.2470,48.8191,45.7320,78.8903,102.3380,83.0055,61.5270,38.9380,18.8141,31.5802,38.4602,35.6552,38.5402,56.6297,64.9466,67.6508,53.6031,24.2310,15.8167,26.1669,13.3588,13.8305,23.8573,18.7093,12.0128,27.2594,32.7034,22.7936,27.7490,38.5538,55.9844,88.9004,106.3750,104.5420,94.6999,80.6122,61.0228,37.0430,29.3787,14.9490,15.0806,37.4166,58.1451,66.3589,70.0355,68.3440,63.8887,56.0776
36033.4000,18003.9000,12062.1000,14975.7000,12605.2000,9182.5400,7308.0500,5801.0700,4876.8200,4204.6000,3415.0600,3641.0200,3528.7600,2376.2300,2294.5500,2207.4400,1648.7500,1510.9400,1230.6800,1052.8900,1066.2300,991.4640,875.0760,781.9430,772.4540,626.3380,596.2450,610.1970,551.9810,636.5810,757.8970,776.9610,827.4970,1020.1100,1351.3700,1687.5300,2212.2700,2854.9700,3488.1600,3291.2400,2459.6400,1565.5500,929.2380,958.1070,990.0740,673.6000,504.2110,553.5540,512.2340,452.7590,423.6630,356.3520,298.1560,274.4490,233.7290,198.2710,191.8220,147.7570,91.5489,77.1459,64.2939,45.6026,38.8072,39.0925,70.1629,109.7680,113.2730,100.0260,112.1820,159.0320,193.3950,179.6320,144.0210,76.5478,57.1506,58.0678,35.2564,63.3327,94.1951,101.5470,107.2270,170.6340,256.0440,319.6530,478.3670,696.4630,735.5880,603.8740,476.3950,271.5040,262.2940,352.9920,372.2700,314.0680,256.7410,209.9910,182.6720,137.3550,85.1351,55.6400,36.7076,35.2788,59.2412,91.0077,115.5770,126.9070,124.8990,90.7137,80.7495,104.9150,144.0010,160.6400,147.4700,135.5440,122.0270,139.6390,140.9910,108.2030,110.6030,155.2770,168.3440,149.2870,85.7656,68.8111,126.7430,171.4650,162.5310,196.2590,275.5260,269.2390,236.3340,168.0220,61.6160,41.1326,83.0916,93.9242,56.2658,40.7360,42.4960,57.2277,51.5886,33.8198,42.2409,29.3708,39.3269,25.0472,16.9926,19.3748,20.6784,18.8714,11.5694,15.7680,22.6573,21.4945,27.6554,33.4257,38.8319,16.8004,17.1210,39.3258,25.8862,19.1059,20.1431,31.1492,34.2776,32.2244,22.5411,13.2102,23.4092,20.3875,21.8053,13.6369,29.3920,51.3031,51.2377,59.5549,75.0532,85.6162,88.3597,52.3829,31.6746,25.8921,32.7829,27.5222,13.4224,28.6887,55.7378,77.0024,71.0957,36.1810,24.8662,32.7869,45.7018,44.8471,36.4782,12.2039,33.0049,52.6796,63.1520,47.2246,29.7343,31.6695,33.2386,27.5788,9.5580,9.3393,23.6704,47.0358,54.3545,51.9464,23.8191,25.4059,40.6041,51.0262,59.0990,84.0904,123.6730,122.3760,89.9543,54.2525,50.4365,111.8970,176.5010,219.2670,244.5460,219.0330,161.3230,130.8160,135.3290,141.8400,142.2890,151.3630,137.4660,109.7860,102.4580,110.3330,116.8160,111.4540,94.0697,74.4594,61.4923,46.9258,29.9452,33.7812,53.2837,60.1430,53.9948,43.4398,31.8856,34.9204,47.9490,63.8818,53.5642,28.9430,32.0612,50.3018,67.6346,82.7749,78.5383,66.9481,35.2010,7.4101,9.2156,11.6346,21.2059,37.2853,50.4461,59.2772,42.4404,15.9850,9.6078,18.0886,4.8558,7.5925,11.9917,14.5097,31.4967,47.0749,40.2423,19.6051,30.1160,53.9706,74.6056,100.0080,119.0550,119.2870,111.9500,88.8812,66.7980,37.9113,14.3593,5.4583,5.7095,19.3831,40.8806,47.6330,52.4622,59.2093,60.6867,53.8815
36896.1000,18565.6000,12342.7000,15249.7000,12882.6000,9374.5600,7414.8200,5906.2200,4939.0500,4250.3100,3464.8100,3672.6100,3557.0500,2441.3100,2337.8700,2238.7200,1696.4300,1534.1600,1244.2900,1086.1700,1069.6200,992.5460,869.3240,800.8030,810.5590,649.3060,603.0710,625.8290,565.6130,622.9390,733.8370,765.3220,824.4220,1023.4100,1350.4700,1692.6100,2235.1000,2932.2200,3623.4100,3421.3300,2567.1300,1653.4700,958.9250,998.7760,1029.9800,736.0210,564.2370,572.3820,495.2860,401.5700,311.2700,212.6310,218.1970,265.1500,269.4490,238.2950,214.7230,171.4920,129.0970,81.1034,46.9716,29.5572,16.9288,33.8048,54.1934,60.6147,58.9513,64.4229,103.1100,167.9580,218.4150,211.4070,177.6940,94.0359,36.5357,51.6855,49.7109,76.8844,98.2042,104.0540,98.1457,157.0600,251.2840,327.6320,473.3780,681.7390,733.1340,594.4240,461.7430,258.4040,261.1070,341.6470,356.2410,315.8880,258.8690,210.1290,185.7940,154.2100,100.4030,48.3715,27.5776,49.5974,72.1453,78.0072,81.8348,81.6140,67.3405,42.2787,41.2966,71.1924,103.7100,113.7940,108.7720,92.2848,74.3188,90.3621,118.1010,112.8860,108.9740,132.6500,139.3430,120.8000,75.6258,62.4347,106.3440,138.7970,164.9320,201.4670,270.6900,281.0400,256.9110,193.1760,66.9160,36.9621,66.2928,81.1538,89.6313,66.2456,55.3553,23.2959,16.0969,17.4178,39.1435,40.2103,55.6057,56.8467,43.4858,33.0520,21.7102,11.7358,9.9184,21.7397,28.2286,28.2236,30.2045,31.6823,32.5579,16.7437,18.4834,32.7296,18.4402,10.2486,23.7026,35.6030,39.0684,43.6239,23.1138,25.7716,22.8675,37.2110,27.3645,16.8144,15.0039,17.7826,41.8346,76.3463,80.2231,90.0784,75.1979,52.0781,40.6828,30.6038,27.6782,14.9231,9.8403,25.2763,39.3242,57.6167,62.2925,47.8299,38.1242,47.9844,57.1181,49.5099,31.9186,34.5569,49.5938,70.0417,56.4208,53.3621,57.9175,46.1233,34.7128,25.4265,12.4167,13.7539,30.8854,54.2427,61.4425,55.9720,34.2976,45.8398,59.0570,53.5613,66.5752,86.6555,117.9930,132.0810,96.7911,52.7670,51.3678,112.5400,148.4380,190.8730,222.9580,219.5620,156.7740,114.8220,132.1180,153.9730,158.3020,167.3510,154.4930,109.5530,98.1270,126.4440,121.0160,101.1240,87.3665,81.7608,65.6322,45.7711,54.4609,56.7519,51.5487,71.0638,74.5567,64.7224,36.2508,35.7908,70.8844,99.5053,87.6349,43.0358,33.1023,56.0832,77.6232,82.2830,64.6303,44.3347,27.2272,34.4022,39.8061,37.0290,36.6878,46.8830,56.0482,64.9060,63.0874,33.0206,14.8203,7.6100,9.8589,17.1379,24.7204,17.4271,16.3905,27.7612,28.8648,18.1883,31.4720,58.4048,85.3234,110.4270,110.3960,102.4250,85.1622,60.6309,41.5226,31.6613,14.0874,17.8835,41.9772,54.9926,48.5205,54.0887,64.4484,70.5492,71.7817,64.7640
36833.3000,18173.2000,12124.4000,15112.4000,12609.9000,9179.3400,7340.0000,5848.5000,4891.5200,4225.4500,3477.4400,3690.3800,3585.3400,2453.3600,2336.2900,2235.2000,1705.5300,1560.4000,1245.3200,1069.7900,1063.6900,977.5250,841.6860,770.1130,769.1610,609.1700,576.6590,592.3300,547.8890,626.2190,716.1680,751.6520,834.7260,1027.3200,1352.5700,1717.3000,2277.4000,2983.6700,3657.7100,3451.3500,2597.8000,1680.0500,962.9100,995.2510,1031.2300,719.0110,547.7280,573.4140,473.0430,383.6900,360.0850,298.4600,277.7110,280.6140,279.8770,243.3830,232.6190,195.7150,151.2510,110.5160,77.7019,57.7639,21.4118,32.8568,57.2702,66.8942,57.5520,56.7153,89.4954,156.6130,213.9300,204.9550,166.2360,105.5710,56.4085,67.5273,71.6666,89.5458,107.0680,88.4703,100.0970,175.1340,268.0800,323.3220,473.0760,681.7460,712.6810,580.0900,450.0010,255.6250,253.9060,336.5750,347.3250,293.9130,241.3080,210.5220,189.6860,161.8270,116.6290,65.0312,33.7571,50.7492,57.5263,56.1659,82.6878,107.5170,128.8380,107.7980,104.3440,123.4940,129.5680,129.3720,114.7220,104.4940,102.2490,129.6540,145.1280,117.3250,94.2739,117.5870,142.5490,129.4820,87.4324,80.5587,131.0460,156.2950,160.4000,207.7460,279.2120,274.3060,238.9640,168.8390,66.1683,51.0875,79.3991,88.8341,94.7957,84.3559,71.2490,53.2162,37.7414,23.0670,14.0595,18.3416,30.2670,43.9342,46.4316,29.4873,12.5911,21.4760,33.3283,26.1780,27.6608,44.1233,55.8645,56.5344,42.4392,32.4222,24.5344,21.8330,13.1612,5.7578,28.8404,29.8371,26.9867,23.1317,30.0167,13.2084,27.4806,29.4669,21.8645,14.4458,35.6006,40.6780,49.0068,74.3245,85.2948,93.9761,102.1580,77.6204,47.7037,33.0492,28.7852,22.7257,24.0883,46.0369,47.6334,55.5524,59.1390,60.6094,36.8112,39.3102,59.2109,53.0396,29.0399,35.7908,47.0008,63.4817,60.5320,52.4436,40.4450,30.7795,19.2123,13.1853,20.1441,32.7068,45.3732,62.2052,63.6737,54.9022,31.8804,46.6973,66.4537,68.5134,73.5084,105.7810,136.1180,130.1220,105.0430,67.0191,69.0286,127.7030,166.1640,206.7330,229.9110,231.0100,174.1630,121.1100,131.7780,151.2900,140.0840,138.6830,121.0360,109.2980,104.8160,115.6710,115.9100,100.1940,82.1519,72.0642,59.7305,37.1366,9.8522,10.7332,27.3171,28.4075,33.2281,33.8114,26.8428,30.7049,56.5954,80.2950,78.0341,44.7014,26.2611,44.1729,69.4514,70.4568,58.7458,42.7421,27.0867,12.5868,29.3692,31.0702,47.2439,61.3244,66.9622,51.6764,28.3670,12.9153,21.6664,31.5401,16.2005,24.9689,45.2590,44.4067,38.4839,44.3039,42.3317,35.6914,27.3599,33.0760,67.9396,105.2010,118.4710,118.6190,109.2210,90.4043,73.2267,51.5843,34.4465,13.1189,16.8495,50.3443,69.9824,56.7142,54.4472,70.9573,83.0948,77.2577
35969.8000,17857.7000,11968.2000,14937.9000,12538.4000,9125.1300,7260.2900,5758.0700,4841.9600,4170.7800,3381.8500,3622.2800,3515.2700,2350.8500,2278.3700,2220.3900,1674.8500,1516.0300,1213.7800,1048.0900,1072.3500,990.3070,855.1060,768.0400,752.8700,622.7610,629.3640,644.7020,581.0780,662.1740,763.1820,781.1980,838.8610,1041.6200,1378.3900,1727.5800,2282.7300,2965.9400,3651.9900,3452.9700,2587.2900,1659.7600,942.6180,987.3770,1020.6400,697.6730,502.9560,546.1820,505.5750,422.7260,388.8330,349.4170,309.8100,288.2370,268.7090,233.8340,210.2060,167.4390,128.4240,90.2759,75.3580,55.6818,25.1168,29.0964,49.8570,40.2964,36.4525,30.4743,70.6310,148.7120,214.8710,225.1620,191.2810,139.0390,81.2818,77.9145,88.7124,91.8245,96.9198,108.4960,107.4830,138.1840,219.8970,309.7920,467.2540,652.4900,672.7080,555.2770,437.1610,255.6420,251.3120,345.5540,366.9130,294.9680,241.4840,211.3160,193.5900,156.5330,100.4800,59.6691,50.3230,67.7404,66.4442,70.3457,96.1760,118.9970,136.3480,133.3620,132.3550,136.5770,137.7390,140.3480,127.9090,122.6960,104.4700,110.1920,105.1390,78.1440,101.7270,156.5520,155.3380,128.1060,83.2253,82.6940,130.4340,162.6180,181.0610,231.9680,301.7170,286.1270,247.7250,173.0240,63.2440,39.6241,74.3592,86.7146,73.2580,65.2901,55.2701,46.9346,26.7059,13.4439,25.8007,42.4419,59.7791,63.7499,34.8110,15.4555,6.5787,20.0777,29.9122,27.8691,35.0841,44.3388,49.2919,45.6320,37.7732,39.1695,28.3264,11.2295,13.5427,28.1028,40.7196,49.3803,48.2945,42.5613,24.6812,9.8139,17.3756,27.2394,12.6424,19.6541,43.9691,49.6256,48.4047,62.3244,75.5149,80.6993,75.6401,60.7207,41.8451,17.8378,7.5519,17.4497,18.3845,10.7000,21.1134,31.0531,65.2988,59.9399,40.4227,18.1520,42.2544,47.7537,28.6277,32.1946,49.1482,62.7783,49.1205,51.9550,55.8267,47.2068,37.0293,26.2873,17.7894,14.9255,36.4861,46.1990,45.6697,43.7351,44.3549,50.0462,59.1994,56.1796,51.5866,81.6140,125.1350,117.0640,90.2172,73.6598,78.0330,107.4450,150.6330,201.4970,235.8420,226.4060,176.7400,133.3130,129.5570,136.3320,136.1740,147.3690,148.7570,134.4200,107.7530,105.3630,112.8710,111.8430,94.4528,78.2026,55.2794,25.6036,13.0434,23.5923,29.5771,25.6834,41.5896,44.1792,35.9026,48.6738,69.2415,84.3339,63.3833,26.7566,29.5590,43.0496,44.6536,65.5528,57.7321,41.1167,11.4234,26.1724,24.1172,35.4883,45.8616,47.1950,42.0121,41.7446,35.8000,22.8752,31.9268,33.4096,29.7149,21.4708,25.6903,33.6193,32.3822,32.2760,46.6056,42.2936,21.7063,43.5253,88.3849,107.5440,109.1170,101.8910,85.1963,71.1731,64.1929,44.0254,29.5534,24.5980,22.7238,44.9520,56.5468,43.0608,45.9563,64.1778,77.1208,74.9783
36764.7000,18519.9000,12358.1000,15252.3000,12870.4000,9361.2600,7432.1000,5939.2900,4970.4400,4267.1400,3484.7000,3704.5600,3563.9900,2418.3400,2328.6400,2236.1200,1701.4900,1566.9600,1266.7200,1082.7300,1083.8800,990.4370,876.8210,804.1840,784.6160,637.7720,626.8110,633.5110,563.2820,641.2050,746.4170,772.1480,832.3640,1021.0900,1356.3300,1711.5000,2246.0200,2889.8600,3511.7800,3303.0100,2465.2300,1567.4300,928.4530,953.1970,978.9060,669.8270,507.2230,535.8080,470.6240,400.3940,375.9070,328.3940,279.8820,257.8100,260.3320,231.6300,220.7310,174.1290,142.4740,108.8420,75.0844,49.0291,46.4487,47.0544,65.8063,59.1917,43.9238,39.0922,81.8594,159.1110,218.2870,225.0760,196.9030,144.4520,99.8074,94.5309,104.0690,110.3370,115.7830,108.6940,104.8460,157.7370,233.7790,305.0480,471.3170,678.7340,699.2380,574.3820,452.9650,274.1230,259.2410,333.9980,354.4720,303.2220,247.0330,209.7250,185.3120,152.0230,111.2880,77.2796,63.4680,66.7575,65.5338,80.2704,115.3040,135.0060,146.6900,157.9460,158.1760,136.7960,139.2360,147.3550,130.7190,100.8400,91.9041,115.7660,125.7480,109.7320,123.8850,159.4480,162.9870,143.6700,118.7210,98.5047,101.0010,115.4830,156.6670,219.2260,289.8760,285.0810,249.9750,175.1320,74.8189,54.9640,72.9987,91.9847,99.1008,75.9938,57.9068,48.9107,42.0751,25.1522,25.6662,34.7028,37.1821,37.7236,39.1422,33.1935,22.9235,10.6777,2.8441,12.8651,33.7361,37.8649,35.7264,28.9024,33.5811,32.8806,11.9765,8.9616,11.2793,8.7901,25.6360,41.2129,36.5557,37.2622,21.8890,15.8834,21.0154,37.7218,25.4235,14.7837,20.0583,40.5537,39.6279,42.2935,51.7166,56.5644,56.5586,47.0849,36.4950,22.1901,12.7175,10.2915,22.0999,50.8659,61.7436,74.3725,85.1286,83.2467,66.0612,61.6138,56.2183,48.7745,11.7833,35.4281,55.8052,68.9462,82.5828,92.1028,89.7377,75.8873,57.6000,35.4492,13.1591,21.2480,47.5792,56.0441,58.7362,47.2690,39.5427,49.2922,53.8870,39.8701,50.3251,90.5733,116.4040,108.7670,88.2814,59.9474,60.5524,116.1920,158.4690,197.0980,226.1170,224.8110,174.9590,131.7530,138.8220,156.3470,158.6570,150.2460,143.4450,116.8550,99.8463,118.3620,120.0610,107.1490,96.3150,87.3086,69.9783,33.2634,9.9254,15.6794,37.8760,72.5349,80.8303,55.3223,34.9625,40.8397,63.9131,79.0335,70.3279,45.5956,26.0885,34.9405,59.9218,61.4803,43.0543,27.0929,24.8861,38.2052,23.4133,24.2909,49.1834,58.5243,64.4357,69.0429,46.3202,35.9614,28.5256,33.8102,14.3011,25.6955,34.7593,39.3597,57.7888,69.3703,55.9963,37.3249,21.2823,46.2232,99.8761,115.0240,113.6700,110.7590,98.7601,78.3801,59.0894,34.9902,26.2556,34.8175,25.9904,41.7875,73.8321,73.5572,69.3510,75.5855,77.0951,70.4191
36917.3000,18295.0000,12194.1000,15164.8000,12690.3000,9241.9200,7330.2700,5830.8500,4902.6700,4254.3100,3496.3300,3692.7700,3594.6000,2451.0900,2321.2300,2246.9000,1723.5000,1552.7300,1235.1500,1076.3300,1073.2600,999.3050,849.8020,755.2010,765.3470,619.4790,561.9590,565.5380,523.0170,582.3990,674.8850,706.1270,748.5650,931.1730,1238.8500,1581.3400,2111.3200,2765.7400,3363.8700,3133.2500,2341.2800,1500.4100,857.8860,913.8300,930.5080,644.0110,486.2950,494.9340,415.0760,334.9120,292.1940,254.6810,268.8680,266.2310,267.9290,240.4190,234.7330,186.0140,128.8050,108.9190,98.8556,62.9697,53.8905,37.0843,51.6894,43.0743,33.9771,49.8540,97.3556,162.3750,206.0200,207.8130,171.5920,116.3490,99.5668,100.5220,102.2750,105.3780,116.1420,98.7764,97.0325,161.7540,249.7400,323.5980,470.0380,663.3400,694.5120,570.5820,448.7960,264.4660,262.3620,342.6630,346.4910,297.0990,253.2030,206.6850,176.7420,129.7230,95.0194,60.3423,40.1761,59.8245,86.5937,94.6240,102.9550,123.0440,159.2820,183.5370,158.2220,146.1490,142.4920,141.1360,123.3880,113.3320,116.4610,143.7300,145.1180,103.6320,119.4550,168.9250,164.6560,134.7330,77.8761,85.1743,139.8770,191.7450,211.4100,244.1910,314.2670,314.2570,278.7100,215.9410,104.4080,60.2069,80.9642,94.1631,89.8188,75.0527,57.0755,33.1177,18.4666,14.6982,22.7133,35.0935,56.4822,42.8092,25.5302,21.5583,13.1677,8.0782,28.3968,23.7906,20.2424,29.4308,39.5891,47.6886,37.4888,23.6755,28.8938,23.4650,15.9064,29.1224,39.9456,48.9960,51.8874,49.8399,28.2367,9.3727,9.2651,20.0635,21.6238,19.5055,35.4892,49.0569,52.2832,63.1881,68.5084,73.4542,66.8173,56.3417,43.1058,32.0743,24.7009,13.7894,14.1316,40.2452,49.2599,63.2431,63.8439,46.2261,21.9569,26.5525,54.2416,46.2726,21.9475,55.6023,62.8676,74.8413,64.6303,66.3887,73.5908,77.6020,67.9142,52.9215,30.5791,6.8236,32.7930,44.6903,45.8225,42.0012,48.4379,54.7703,51.1661,53.8325,52.9322,73.2334,121.8570,122.1940,89.7887,63.3658,68.3350,110.3930,166.1300,214.0610,238.7320,209.2750,163.3890,122.3510,118.1870,143.6850,149.9690,156.2020,136.2730,101.0600,103.9250,133.1070,117.0550,90.5331,77.2234,71.9712,57.1219,26.2861,23.2508,43.4223,57.5736,47.2551,37.6536,31.0376,29.1066,40.5160,59.4546,72.2784,62.2487,36.4835,26.5979,48.4928,76.4781,77.5984,61.6591,39.6765,15.2849,14.4839,35.8050,41.2799,43.3807,46.4065,51.1219,48.1433,26.0186,12.8132,25.8039,40.3799,27.9653,9.2125,6.1321,9.8431,22.0643,37.8365,28.6408,13.2118,32.6794,66.6866,94.0726,99.5539,93.9757,92.9238,84.8670,68.7801,46.5692,28.9052,20.8878,16.1431,26.2361,57.7218,81.4180,70.4583,60.3711,63.9052,62.8128,54.0734
36050.6000,17863.8000,11928.7000,14864.4000,12479.0000,9121.7900,7271.7400,5746.5200,4831.8300,4195.4500,3397.5800,3620.4200,3544.1700,2370.5100,2250.7400,2190.1000,1665.8600,1502.1500,1191.6400,1040.1400,1082.8500,1017.2500,875.8740,779.4700,781.3510,632.5860,602.5000,623.6300,564.8050,610.8730,694.1900,712.7040,775.7240,986.4570,1272.2100,1554.5200,2093.8000,2755.0400,3355.8700,3123.9900,2343.3000,1507.2300,880.8440,940.6160,946.8060,654.5250,514.6300,546.9240,469.7010,377.4290,292.1040,192.2750,196.5660,250.4160,252.8420,218.1710,200.8850,179.9650,146.4440,90.5795,72.9833,65.4548,30.1434,11.6760,26.3452,40.5506,45.9077,34.9121,66.0867,141.3220,203.3010,200.8820,167.8070,108.7320,64.6144,83.3584,73.9867,53.4857,79.1803,86.8334,81.5105,143.6600,238.2390,309.3260,452.8570,646.6350,672.5200,548.4510,431.8120,255.1030,246.0930,323.4350,346.0050,292.3110,236.2240,187.7670,169.8500,138.3020,94.9039,61.6069,56.6162,68.7964,66.1902,80.5823,115.8900,143.1110,169.9840,193.4670,190.5780,159.9200,143.0280,150.6860,142.2180,141.6380,127.7890,131.8300,138.1590,121.1990,115.3820,155.3330,164.6210,142.9990,75.5792,73.1036,127.0770,161.6290,186.9180,236.4840,307.5640,303.6980,268.3690,200.4510,90.1098,62.7705,101.7760,104.5350,77.4965,68.9203,57.8250,52.2907,43.4104,29.7923,37.6423,44.3052,62.4203,55.0867,27.8761,14.8402,7.9470,16.4606,27.4579,29.2200,30.3820,30.4302,37.1536,47.7192,50.6069,32.0343,31.4777,39.9319,24.7277,13.3545,41.9530,62.8944,66.4504,59.1243,36.9935,16.0248,17.6593,22.0462,29.9075,21.5041,26.0283,32.9339,48.5985,66.1763,70.9675,76.9430,80.1790,70.1766,48.2503,37.1030,28.6720,15.2213,12.6325,32.9990,48.7411,64.6047,65.2175,38.9101,22.7819,30.5501,40.9535,36.0025,9.3538,39.3421,47.8931,57.4790,62.1689,66.4591,65.5474,67.4960,52.7959,32.6065,7.5705,19.7696,31.0987,59.3010,67.1401,64.1396,40.2695,49.6467,69.2069,75.9193,74.2213,91.7227,134.5090,142.5120,113.0030,85.3758,80.3890,104.4980,165.8130,225.2970,263.5620,230.0190,168.2070,119.6580,128.6860,161.7550,155.2370,141.6560,125.4950,112.4410,93.2403,107.8760,122.1250,111.1610,95.4778,83.4796,62.1171,24.5521,22.2685,23.6885,35.8100,51.3826,45.9270,34.2316,19.6449,14.5581,36.1213,51.8876,57.2200,17.8919,26.4112,62.2713,79.7935,83.6068,69.5042,50.9957,16.9439,14.6507,31.6723,42.3198,41.9661,41.1125,48.0472,55.2323,43.1122,19.3669,14.3178,21.7648,23.6105,19.9344,14.8969,19.4143,33.8085,44.7320,43.6326,30.0184,25.6547,44.5931,74.8123,102.2860,107.1360,100.0460,82.9861,74.8443,73.9315,50.5990,26.1345,17.2237,17.1009,29.0656,46.1420,54.0718,58.1826,64.4514,78.9684,79.6053
36491.1000,18416.8000,12345.8000,15199.0000,12818.8000,9340.8700,7416.1300,5912.4700,4951.0500,4259.5800,3476.8400,3707.0600,3573.8600,2418.6900,2335.7500,2240.1400,1673.6400,1514.9400,1236.8300,1071.6300,1088.7200,1000.4100,868.2280,796.7380,795.0000,622.0590,594.7270,628.2040,561.1010,613.2990,718.2100,748.3430,802.5560,1008.6100,1301.5500,1586.3900,2124.8200,2777.0200,3384.8200,3145.9900,2347.3900,1496.6000,881.8680,946.7810,966.3950,681.3540,522.4380,544.5050,491.1700,416.1210,312.6610,186.0040,161.5420,228.2710,240.8600,220.4890,203.5200,178.9260,153.6160,114.7480,80.6325,53.2590,22.3249,17.7761,37.5162,45.9941,29.1463,34.4580,94.0304,179.0100,229.9050,217.4740,181.3820,132.5530,75.1877,76.2764,86.4718,78.8396,89.2659,92.6216,74.6009,123.8820,227.3280,305.3150,425.4630,617.7830,666.6360,554.2940,432.3100,251.3510,257.4460,336.0140,328.8570,295.2510,262.6330,221.8930,190.4970,152.4890,110.4550,63.0008,44.6044,62.0558,74.4130,81.8381,111.3360,140.5260,178.8940,203.3410,197.2430,179.5070,151.4850,137.8080,125.9200,133.8360,133.5890,137.1060,153.5070,152.2650,143.7610,154.7490,165.8920,149.4480,95.6132,77.2927,136.9940,183.5330,199.2620,237.4970,318.2230,327.6140,295.1680,221.5270,82.4163,69.7412,121.2380,109.2090,84.3126,80.6473,63.6936,41.3074,8.0698,18.6147,32.7838,43.9558,57.5198,45.7632,25.1473,20.3927,13.0131,10.1045,22.8792,27.4829,25.4439,24.6504,24.2807,27.2565,29.8529,25.8901,8.2108,11.9648,25.0533,17.3132,22.2385,39.9525,37.9481,40.5839,26.4591,8.6482,9.7270,18.3740,6.8250,9.9188,24.0644,40.6983,49.6082,60.4283,67.5046,80.3389,69.6649,47.5358,50.5214,38.7448,36.2493,8.4423,17.4062,53.5159,52.5213,64.7976,46.5332,25.7141,35.3407,61.5293,61.0594,52.3561,24.1624,48.6218,60.9696,70.5484,70.7113,75.3847,63.5538,39.8568,47.6826,48.5541,50.8732,14.6399,51.4916,49.8522,46.3416,43.4019,46.5336,63.7750,80.6538,70.1888,64.3343,98.7633,143.0370,141.6040,106.3980,77.1690,69.3823,89.1058,130.4700,177.2870,227.7490,218.0320,147.7030,111.1020,115.7910,134.2680,143.0560,148.4740,145.1300,112.8240,87.9438,98.4345,106.9800,103.9900,96.9118,92.0726,78.9228,49.2489,22.4855,10.3707,18.3310,40.2639,42.5677,33.3357,22.0636,37.7865,56.1050,67.5003,66.9978,42.2655,21.2287,38.8181,61.9431,67.6775,58.9531,43.8817,10.2583,30.6581,31.2177,32.4811,41.8177,45.1601,41.5514,33.8401,33.1738,14.4631,19.3451,16.2593,12.7679,25.7521,44.0148,56.1885,48.4215,50.2355,55.5598,32.9913,19.1048,43.4285,60.9889,82.2417,100.5950,100.8060,88.9920,62.6939,48.6320,37.0886,24.6025,10.6703,23.7503,53.4518,60.8883,58.2916,62.8958,69.8038,72.5782,66.0877
37002.3000,18438.3000,12287.3000,15223.3000,12761.3000,9303.7400,7366.2700,5878.0800,4936.8600,4290.8700,3505.6100,3681.3500,3579.0100,2460.3400,2347.9500,2249.5400,1702.5100,1531.0900,1235.4800,1074.8700,1055.6500,988.8900,872.9030,764.0410,741.8080,590.3490,553.6980,574.4770,532.5760,588.3820,681.1060,709.0030,754.1860,957.1330,1248.5500,1547.1700,2093.7200,2760.2500,3344.9200,3085.4700,2304.7400,1476.2300,850.0210,917.4540,931.5280,655.6800,524.2400,552.0840,492.8630,422.2160,316.1030,194.7730,153.5890,208.8360,232.5570,220.6000,213.5540,173.0490,135.1440,110.9820,73.7099,40.4491,17.4021,23.7540,48.9646,45.7004,29.9995,40.9566,71.5294,132.1280,204.0700,228.9930,195.7790,141.8120,76.4782,89.9590,104.9360,96.2798,106.8950,104.9440,83.5572,132.4910,218.2450,285.6250,443.1750,639.8960,658.2220,548.9910,421.7000,245.8930,258.2780,349.3690,357.0900,298.9680,247.6080,199.9160,181.9210,144.5490,89.3883,60.7991,59.1008,67.8254,86.8698,97.3970,115.5830,131.7660,170.2980,196.8510,184.8240,161.0060,137.6380,140.3250,133.1330,135.5580,112.3510,114.3800,141.9110,139.5040,150.1040,185.5310,182.3710,156.4100,89.2652,84.2058,149.2440,192.9270,206.5660,252.1200,333.8870,330.9300,293.3070,217.3900,112.8370,77.8077,98.4080,113.1850,106.8320,87.4845,63.8549,41.4433,16.8388,6.0491,10.8812,25.1936,34.1847,41.6056,34.9734,12.6960,12.3459,30.4183,41.3433,29.0536,24.2044,34.2263,39.0363,42.6921,35.0410,28.9021,26.7191,19.7208,11.0508,7.0157,23.5460,40.9288,47.5772,57.6960,39.3928,24.6584,16.6278,29.7683,18.6957,22.8156,20.5381,41.1774,50.6433,64.2850,71.6245,76.9632,58.6414,42.8912,44.0051,44.3042,39.8843,30.9816,32.6577,47.6111,45.8898,46.5170,50.3276,40.7384,17.2629,18.8853,33.8022,32.1162,17.3361,48.8818,51.7044,53.2018,45.1600,50.9109,59.7044,45.4824,39.3907,32.4118,30.5139,15.5510,52.9971,67.4725,63.3217,63.6551,55.5196,49.9301,47.3179,67.2104,85.0372,104.0080,135.5760,135.5630,124.2420,103.9790,75.8414,74.8714,130.7580,178.8970,205.5280,194.6480,152.3820,111.2630,122.2620,148.7640,146.2200,143.0480,132.7100,112.5430,91.0033,106.0790,116.8110,94.9823,78.8779,76.4033,71.8841,51.6050,30.1096,35.1513,48.3846,65.6514,62.6781,46.4616,21.2787,30.9036,49.7546,61.6682,70.3739,34.7002,20.4059,55.4686,65.2069,63.9517,63.8466,45.3578,12.2781,26.2590,23.2209,34.6269,48.8760,51.9133,41.5669,40.9039,41.3431,13.0660,9.9994,18.5390,11.9784,13.2114,23.1759,34.9074,44.2826,43.7826,35.4368,33.6767,24.6854,20.2826,55.2956,87.8294,89.2666,90.4265,86.1164,80.2119,60.5834,37.7861,19.4596,9.6054,19.3772,40.8808,64.2034,77.6879,77.4512,70.7306,59.5171,45.9459
36171.2000,17882.1000,11962.3000,14894.2000,12476.5000,9135.5800,7281.1800,5744.7100,4817.2800,4199.1400,3404.8300,3605.7700,3522.7900,2365.3900,2263.0100,2176.5200,1632.2100,1499.0000,1205.6000,1035.5700,1043.0700,981.0000,868.1080,785.5330,782.5490,619.3560,584.9400,606.0570,542.7080,593.7930,703.7460,724.2990,786.5980,998.3160,1274.0300,1530.1100,2110.4300,2800.2200,3383.1300,3092.3200,2306.8400,1474.5300,860.9370,961.5190,969.3120,676.4590,540.6550,561.4700,480.5730,408.1240,326.7180,206.5300,135.5230,190.7130,217.0210,217.0940,207.2030,174.7760,139.2650,106.5260,66.6992,39.3491,15.0148,16.8926,44.6528,50.7895,16.1854,31.7400,83.9755,161.8030,242.5660,251.3560,206.3560,148.0050,93.1454,94.0430,98.9141,88.4654,103.8640,106.9550,94.4344,135.4030,211.0170,290.7280,453.4780,637.2180,635.0090,553.6710,411.7440,246.0830,249.6780,326.2120,321.4570,285.0780,254.3130,213.9210,186.5060,147.0700,109.7780,61.6108,39.7208,67.7555,84.4851,90.1429,123.4660,148.2260,179.7130,199.5610,217.8270,192.9590,154.3130,152.5690,140.3150,134.7650,112.4480,131.9500,152.4980,137.8500,139.0470,156.4230,163.3280,150.1880,93.6774,77.4470,142.7380,196.9560,213.7390,271.0540,365.4110,364.4470,331.2940,245.3480,94.9597,60.9562,116.0930,127.6180,108.9360,91.3552,68.1559,38.1237,19.7365,13.8996,17.7951,32.9055,50.6241,39.0295,25.3348,20.4069,12.0670,5.7822,21.1708,25.5546,31.8653,31.0855,32.1946,33.6030,36.5621,12.7462,12.5390,27.9601,11.9626,10.1967,32.3766,40.7793,42.1972,44.3787,23.5727,27.7540,30.9352,49.8762,28.3005,13.8602,17.2791,21.2829,36.2865,59.1228,68.0145,74.1953,59.4287,45.6328,32.7309,24.0481,14.4769,3.3798,5.4087,26.6795,39.0126,48.8268,50.4581,25.9760,17.5650,40.4104,42.2388,26.9977,8.5130,42.9168,62.6900,74.9866,83.8646,80.3133,78.1624,76.5003,55.5197,38.1553,12.3850,24.6739,43.8898,58.1060,62.2768,66.6540,56.6636,46.2040,63.5144,70.5818,55.3149,86.4192,143.5160,141.6790,119.9030,99.0951,83.6832,84.8866,130.8680,176.1270,207.4420,201.2150,160.6210,123.4100,130.9510,146.5570,150.7820,148.5870,151.1240,120.1030,82.5124,101.0860,121.3910,114.3870,104.8610,96.8496,79.7587,48.9510,31.0845,19.1882,18.7590,39.6388,46.3811,43.9577,29.9336,26.2879,59.2746,93.0579,80.1956,25.7151,31.0795,73.0084,69.2632,67.8567,60.4189,47.5955,17.1276,22.6206,26.1709,28.2703,34.9779,42.4984,44.3959,47.7321,37.0042,10.2915,9.7396,20.1166,20.0707,8.4908,27.4898,45.8428,39.3775,37.7952,47.0018,26.6658,19.0362,42.6290,75.4136,105.8220,104.9150,98.9110,86.4143,68.7634,47.5516,40.8338,30.9479,20.7617,17.6603,35.1213,51.6575,61.3400,52.4677,47.9527,47.6114,47.0144
36338.6000,18291.3000,12271.6000,15174.3000,12811.6000,9340.7700,7446.7600,5945.0000,4972.4700,4277.8400,3501.0200,3718.6900,3578.5800,2429.3400,2336.4200,2238.6300,1689.7100,1537.7500,1234.1600,1055.8800,1079.4000,1004.1300,884.2050,779.0610,764.9130,639.9130,618.8400,619.0750,575.6070,649.6190,722.6110,717.2630,799.4840,998.9300,1263.8900,1520.5800,2118.9800,2798.2500,3368.8300,3077.7200,2291.4200,1458.1900,836.6700,949.0690,958.0400,668.7370,531.5900,557.3980,499.9080,437.7090,358.7120,233.9250,161.5210,203.5880,231.0880,212.3870,203.5180,174.5810,137.9970,82.4237,50.7756,59.0341,39.2636,18.0744,36.4583,54.9447,41.1954,41.9765,79.2932,168.8370,243.7190,256.1490,216.9240,158.2130,110.9930,119.2110,120.0000,111.7030,133.6000,128.3090,94.0601,133.4340,211.0900,304.3690,455.9120,621.3070,638.3980,571.9210,434.3790,256.8600,261.9520,347.7230,334.9040,283.3210,250.6550,209.8200,184.3740,136.7400,101.2400,64.7865,45.0452,68.8716,84.9923,83.5873,110.2900,140.9480,178.6220,189.9070,168.3820,162.1870,167.1450,170.7290,157.1560,147.0660,131.7620,142.7630,151.6730,150.0010,146.3680,153.0670,160.3940,149.2860,93.7332,91.9870,169.6570,225.1330,232.9700,304.9190,406.1420,387.5520,343.1640,240.2640,102.0600,70.5209,119.8880,132.2150,103.5660,88.4158,73.1926,59.0260,31.6350,7.0174,27.4034,40.8429,47.7366,29.7012,22.1376,17.8816,13.1158,15.7088,34.6811,39.3589,47.5104,50.5531,51.0205,46.9830,38.3132,16.5139,15.7062,30.1306,22.1371,14.7329,22.0511,37.2178,44.7807,58.3466,38.5953,25.4474,13.8865,11.9404,11.0147,18.6546,29.7251,33.7988,44.9720,55.9518,58.7797,60.9599,59.5017,54.8015,41.4738,31.0407,23.5061,19.7813,25.2714,48.6939,62.5692,75.0380,77.1440,53.5529,34.0606,43.5623,50.7874,44.6895,12.1195,66.1633,65.2919,68.6353,68.2076,84.2070,79.4583,67.6025,53.4311,31.3887,10.2585,29.0537,55.3453,73.8468,74.6414,69.5769,53.3572,50.5577,60.9972,71.9485,82.8995,108.6830,155.6460,168.1800,136.4560,102.0370,75.4526,93.0053,139.6910,175.9960,212.9470,208.3470,158.8530,115.8250,124.4580,153.8980,154.6170,141.5490,126.1780,103.4340,82.8443,94.7334,110.8960,105.2710,94.3945,89.8997,83.0450,51.3586,16.1834,19.9978,44.0442,43.1477,46.7152,42.6028,36.3323,43.9158,71.5840,100.4820,81.2500,31.8293,17.7138,46.3108,63.9262,68.3377,57.5454,46.2685,27.6889,10.9788,15.8444,31.6561,50.7098,62.1914,64.5203,40.5407,14.7860,12.2190,24.7391,37.2005,18.8278,10.8627,20.0728,26.4394,34.5197,30.4909,32.9259,38.1365,23.0890,39.5177,77.9266,90.4819,98.2339,104.1690,100.9370,62.5099,33.1050,29.6725,21.9956,16.6839,17.2080,31.4075,63.0179,67.6824,57.5610,49.6879,54.7733,59.5983
37088.2000,18545.4000,12271.1000,15173.9000,12793.6000,9345.5500,7375.1700,5854.2200,4890.5400,4236.4200,3465.4100,3675.1700,3569.0400,2428.2300,2314.7100,2234.2200,1690.3300,1492.0600,1194.6500,1045.1000,1028.0500,982.9130,855.1330,755.0720,768.7180,605.7310,542.7340,590.7570,576.1270,610.2720,680.2120,700.0120,784.1390,987.0530,1264.6500,1539.0600,2115.1800,2821.2200,3392.6600,3066.0300,2296.6000,1484.8500,880.6010,977.4740,982.6730,679.6630,536.0250,565.2730,523.2410,479.6200,396.4300,286.2860,211.0470,207.9590,207.3540,195.7780,185.3870,164.2240,137.7430,102.9640,64.3881,46.3515,38.0439,20.1016,23.7227,31.5752,15.0183,20.5916,63.3417,134.4560,228.1330,254.8150,213.8930,154.1970,103.8420,107.5290,120.7720,117.2180,127.1630,127.4920,99.0171,127.4370,209.4200,300.2190,435.8060,621.5280,650.8650,585.8380,438.7670,247.7710,249.7130,332.5460,332.3680,280.1870,234.5480,187.6290,164.4160,128.3170,80.6885,46.8855,46.1750,60.5083,70.8339,91.8414,124.6330,142.6900,165.4150,178.1820,184.8400,167.3530,150.5180,160.5810,148.4620,142.2880,129.6940,153.7680,156.9760,147.4770,159.9150,174.7340,169.8060,155.7330,101.3340,101.7850,155.8260,192.2660,233.0700,321.9400,411.2810,418.4470,387.8780,303.9650,130.0710,96.0004,143.5980,121.8860,110.6900,107.9210,82.1314,60.9572,45.6435,33.8220,19.5183,35.8450,45.6785,31.0995,35.4799,32.1437,14.3055,16.1766,33.5824,27.9356,36.3807,44.0305,47.5385,41.8434,46.0913,41.7781,20.7371,19.5934,27.2137,20.5583,22.0685,34.2306,43.0842,50.0697,38.3455,19.1828,6.2174,18.0358,17.6657,26.5671,30.7447,31.0689,37.6555,64.3844,68.1804,81.7856,65.3848,34.0293,25.6627,20.8117,22.4763,12.5835,23.9897,64.1376,62.0875,63.7155,53.4939,20.6987,13.1761,24.7667,32.7065,17.7420,8.8241,48.4275,51.0351,51.2726,50.8334,58.9043,57.1718,51.2015,45.3787,27.8901,13.6984,26.9430,59.9598,81.6591,82.1334,68.2787,44.0561,48.8573,63.0922,64.0774,74.3423,109.8470,158.1710,160.6370,130.4990,106.8730,96.8438,102.0460,133.6850,181.3180,228.3980,206.1080,153.7690,131.2870,137.5520,148.9240,157.4730,146.9770,128.7700,97.8443,94.4216,114.3770,110.0460,98.2095,89.8368,85.8061,73.8202,29.8784,17.0328,34.6802,35.7729,42.7425,48.9661,46.5401,25.2813,33.0428,62.9831,91.5226,84.7868,39.3745,17.2923,44.9590,59.2639,62.7948,67.1842,54.4221,32.3003,17.2637,21.3210,29.1583,46.9634,55.9512,55.3162,46.1701,28.0629,12.5242,22.7038,35.5465,29.2793,18.2032,28.0973,36.6094,34.2429,47.3799,47.5222,25.2789,11.8129,35.7729,58.6942,87.8475,97.6416,98.6305,78.8520,56.5402,49.5813,38.5912,18.3493,16.4222,24.7136,32.2391,46.7235,72.0925,72.1175,66.8595,59.2939,54.5579
36450.0000,17945.3000,11940.5000,14890.8000,12472.8000,9140.2800,7270.8000,5724.9100,4808.8600,4203.6800,3411.0900,3605.3400,3519.7000,2350.8400,2264.9500,2212.2400,1647.3800,1471.2500,1184.8900,1026.0100,1029.3700,966.1610,860.5780,789.4210,800.8390,642.3380,596.2310,623.2910,576.5210,622.0750,719.6380,749.5060,843.2820,1051.9700,1309.7500,1597.7500,2171.6100,2902.6200,3486.7100,3139.3500,2356.2500,1530.6500,910.7410,991.5940,987.5070,692.4650,556.9950,561.6110,484.9460,453.8870,411.1240,299.4850,228.6200,229.9170,241.0290,230.2140,190.1410,152.3720,132.3350,93.5844,60.9907,52.2997,40.0892,32.6418,43.9565,53.9817,41.1738,55.0872,80.2418,146.3040,233.3490,244.4720,195.5480,132.1490,109.7190,121.3580,126.8920,107.9760,126.4580,140.3890,107.4640,130.0940,210.9370,308.3000,436.6410,605.1660,637.1780,582.9170,436.4610,244.5590,249.6170,329.7330,319.1800,275.5550,237.2260,194.5840,170.9580,138.0280,106.3980,69.6801,53.5673,59.0710,80.2754,107.2480,133.1550,146.9860,175.6890,190.0680,177.3270,156.2690,147.9120,150.6290,135.7820,116.7830,109.3110,138.1090,156.0070,140.9140,137.5380,157.9820,159.5900,144.3510,86.6421,95.8900,166.9910,214.6050,243.6410,318.9800,417.4840,416.5940,380.3680,277.7360,119.1050,97.2777,145.8340,141.1440,120.8470,107.0570,80.8050,64.2670,49.0827,37.6994,15.6443,36.9417,60.8775,50.8040,35.2178,20.0550,12.5685,18.4646,34.7848,34.3755,38.4080,50.2760,52.5981,47.6686,41.4843,36.5005,30.3173,34.4145,26.6132,14.3117,20.0288,31.8969,34.7718,34.3076,24.4110,11.8744,9.0337,23.0322,6.8555,18.2027,33.4353,38.0155,47.5046,67.0358,66.8588,73.7260,58.3405,37.8377,35.7666,32.3309,30.1591,18.2275,19.4356,50.4717,62.6521,68.5702,57.2866,27.8641,17.7719,29.9410,45.6401,27.7151,16.8815,44.9913,54.8548,55.0058,53.1643,62.9839,67.2606,55.4992,45.3152,27.0340,11.6331,26.6202,48.4201,69.6163,74.2929,70.3033,47.3828,44.9974,61.0413,69.1269,73.3573,99.2416,151.0520,151.3330,114.3000,85.7461,78.2462,86.0939,127.8770,183.0080,230.9030,220.7910,171.3780,117.1000,97.5737,127.5690,137.7120,141.8550,136.4860,120.2360,89.8606,78.8164,97.2954,121.8330,111.9420,101.6120,58.6562,34.0058,26.8368,18.0567,35.4430,52.6318,44.7997,36.6968,18.2805,26.0350,49.7979,77.3138,64.5443,27.0055,13.5382,30.7117,49.3437,59.8015,50.0159,48.2396,21.6330,41.0915,34.8788,43.1185,59.7771,63.3796,56.7340,38.0066,26.1852,16.2769,17.5567,28.3701,24.4736,12.4969,24.8391,45.1525,51.3097,51.8856,56.5812,35.9944,18.7177,27.1800,41.4725,59.8913,93.6253,100.4760,95.8555,63.0996,33.5700,23.6139,13.3842,16.1750,38.5292,68.4837,68.4912,50.4741,51.8833,56.6958,55.0657,43.8400
36155.1000,18085.5000,12096.8000,15057.7000,12695.9000,9244.6400,7334.2100,5839.7700,4905.9900,4235.3100,3444.7600,3658.5400,3543.7100,2388.7800,2275.8600,2176.3300,1647.2000,1504.7200,1210.0100,1054.8900,1069.8300,1004.1800,874.3400,795.4140,808.2110,645.6560,599.7830,634.2440,598.6080,648.2280,737.1860,747.7280,843.0030,1034.8700,1294.1500,1602.6700,2134.2900,2829.6000,3399.1000,3073.2700,2314.5400,1508.8600,898.4840,980.5960,977.4440,682.0180,542.0230,544.0870,467.4890,441.5460,414.2700,303.9960,227.4710,217.6490,232.2330,224.2170,190.5580,145.8460,115.9970,73.4273,48.1006,66.5194,50.6577,24.4894,41.5173,46.3193,23.0501,38.1660,80.0384,162.0360,246.6380,247.9610,198.9070,135.6870,95.3970,111.9600,127.2720,131.0740,152.1550,159.0670,118.2260,130.3730,194.7830,285.3670,436.9850,625.5490,650.1140,593.5660,436.1000,246.6880,253.1220,320.5100,302.1860,266.3830,236.3990,194.7410,172.9780,137.6750,98.2664,59.0153,45.2039,57.8966,72.8748,84.9260,117.9960,157.3130,193.5220,209.4040,196.8900,180.0490,152.6590,142.8010,127.0430,119.7940,116.8470,149.7670,162.7020,139.1030,146.5940,161.1300,148.3610,137.3260,91.9651,87.2243,150.2890,208.9760,242.3040,310.3150,416.5240,428.0280,396.6460,295.2600,126.9150,104.1910,141.7650,123.5630,99.5931,86.6160,66.3040,54.1563,41.7694,29.0830,13.2705,35.0901,59.7632,64.7100,31.9762,20.3042,8.1727,10.7008,43.2625,41.4123,34.2963,42.6306,47.9689,44.3173,21.5632,23.8555,31.3728,17.2314,8.2957,13.5426,20.7243,26.7562,29.1678,32.5438,18.2649,8.2118,5.1346,7.0867,6.3094,18.9696,38.7303,51.5055,46.9053,61.0389,68.2973,78.5298,56.6535,33.3420,30.6593,22.7470,18.0469,11.5917,15.5228,34.8116,55.1525,64.1522,73.1743,34.5935,18.4719,39.2743,41.5783,28.8285,14.2400,37.7535,50.2426,52.6376,56.8921,65.1366,70.6998,56.5305,47.3993,38.4511,20.7428,26.5925,67.1292,81.4460,78.1861,65.5876,56.7473,62.2507,74.9825,67.2894,73.2492,118.2370,165.9650,161.8510,130.8360,104.2580,85.8348,97.9487,146.0440,190.0670,216.7440,200.6420,161.1480,128.0610,117.5180,121.0080,127.2090,141.2770,145.7700,122.4640,85.7744,84.5788,99.4735,100.4120,91.0793,86.1269,77.2335,52.8432,27.5388,24.3605,35.0701,51.5484,57.2558,55.3006,27.1797,31.7508,62.3012,84.2976,59.0796,27.2628,10.4225,33.3741,50.8347,49.9495,38.6641,34.3441,22.6745,48.4607,54.7364,45.3719,41.1136,57.5826,70.4771,72.4621,31.0099,15.2134,28.4781,15.1200,14.4981,25.4502,37.8073,48.4629,49.6536,35.1212,37.6980,34.5897,17.2167,23.7121,50.0033,68.4865,81.5809,85.7621,82.2675,71.2914,57.0430,40.8316,34.0610,18.6075,14.9575,34.6556,38.8866,48.1546,61.4539,61.7221,56.2240,35.0779
37005.3000,18539.3000,12295.8000,15198.9000,12832.1000,9363.9600,7393.2800,5868.4600,4903.5800,4238.9600,3467.0900,3686.4300,3578.9800,2437.7200,2303.0500,2198.8000,1691.5700,1515.0300,1194.5300,1027.9000,1038.8500,1006.0600,861.8390,745.2450,757.5730,625.3400,583.0340,601.8160,573.0480,615.9390,685.1220,694.7430,805.2410,998.2910,1235.4900,1534.4900,2090.3900,2806.1500,3349.8700,3006.6300,2263.0100,1475.3800,907.0670,1008.2400,997.6580,707.3410,574.0900,544.8230,466.8250,456.6580,407.4940,311.8240,253.0830,230.1740,217.4490,218.5330,201.0290,154.1280,118.2310,95.8242,68.5791,47.1024,28.1905,38.6750,61.1888,56.5843,33.8365,36.2726,65.5843,147.6490,216.5250,220.9330,183.7580,130.4170,92.9553,100.3920,117.4790,149.2640,170.8430,166.2200,127.6060,128.7420,197.7500,308.7450,449.7110,628.2360,664.7360,616.5350,461.3880,251.7460,247.5950,322.4170,314.2080,275.5660,240.6520,208.3910,187.1050,152.4720,105.5990,70.6095,67.3217,70.2681,78.7048,99.9981,133.1730,172.3480,204.4520,217.2600,204.1500,191.1320,163.2360,152.2430,131.3630,129.1240,121.9470,145.4670,163.7710,131.9410,118.4020,136.7440,142.7120,128.9990,104.5500,114.9090,163.4470,213.4580,259.2300,331.0150,415.6980,411.5960,378.0480,283.2980,130.4350,91.8328,131.5510,138.9470,122.1540,103.2300,76.7047,53.1397,31.6948,22.5068,13.8631,26.8869,43.2466,52.9498,37.3539,13.1587,15.4261,39.8968,47.4585,40.4140,46.1020,56.2437,59.8015,57.5540,59.1570,51.1682,38.6082,40.8688,27.9543,13.1457,39.4746,48.8344,46.0235,29.2211,24.9309,18.8939,12.7181,24.7583,16.9428,12.7403,34.9669,28.2087,19.7783,51.2538,65.1402,87.3427,67.8254,41.0698,34.8214,32.0382,29.3269,24.6493,26.9577,46.2919,56.2675,58.2717,56.1763,33.7174,25.9987,38.8740,47.5809,39.8546,26.6286,33.4545,40.7543,47.3752,47.8720,57.4286,51.7038,37.5269,36.8415,32.4299,17.3140,15.5696,47.6170,74.8749,78.5624,69.3788,49.3400,52.8564,69.4863,84.7429,88.5723,109.8530,158.2650,166.8120,134.4300,105.3310,78.1496,92.9553,138.4330,176.4720,202.4210,198.4540,163.5920,125.9350,131.2180,153.8020,155.8860,140.3390,132.2360,113.5150,88.1923,90.9153,99.0117,98.7039,91.2023,85.2371,65.5819,40.2395,26.0368,14.7660,19.6027,40.3705,44.1494,40.4377,18.4052,27.3902,49.1429,68.1828,53.6689,19.6732,19.6585,52.0557,69.0097,72.2589,59.2179,39.3224,7.9207,23.9579,32.2221,42.5292,49.9723,59.5295,63.0952,57.1863,26.1265,14.6023,28.7197,32.3328,15.3717,13.0408,25.7185,33.0471,47.0587,56.4671,38.7348,24.3579,27.9666,32.0617,40.6733,65.9398,81.2694,85.4142,80.0876,63.9925,49.1656,41.5526,25.5695,27.8453,28.3696,47.4167,58.7649,59.0384,60.3199,62.6442,61.7227,43.1207
36596.5000,18008.2000,11952.6000,14926.9000,12500.4000,9138.0500,7274.9500,5743.7100,4811.0900,4185.0400,3423.2800,3633.0600,3540.5000,2394.4600,2293.1500,2212.6100,1669.6600,1489.1700,1175.7000,1027.0200,1030.9200,981.1320,849.8010,769.8340,790.1100,622.5740,574.6920,603.5940,557.7460,590.3490,678.6480,707.9190,811.7840,976.2090,1215.8500,1551.8800,2084.0500,2788.4800,3329.3700,2959.7500,2225.1300,1452.6200,912.5780,1019.8600,1004.3600,701.7420,557.6690,554.1250,500.7660,473.4930,408.5000,313.8230,253.9350,242.3860,230.6460,226.3040,209.8130,175.6760,116.0430,82.2605,67.1985,46.5812,45.8479,46.5537,36.2523,41.8087,30.3161,27.5590,66.9839,144.1940,219.9160,220.5790,176.7250,122.3290,95.1141,110.8030,130.9620,146.7670,155.8100,153.7830,114.9660,118.7780,188.3680,300.4290,451.9540,631.8930,666.1070,618.9960,470.3310,274.3840,270.5420,341.3170,323.1340,273.2730,237.2650,191.0090,169.3350,137.5950,113.8380,68.0337,51.5167,71.4150,81.1162,99.3588,137.7840,172.9500,201.3890,218.6260,216.9050,197.3490,169.2340,160.9820,142.7040,126.8650,102.5700,119.4290,145.5470,142.6340,152.1650,164.6640,151.2500,134.6300,97.5905,108.9760,153.5220,196.0290,253.3390,333.6030,411.8850,403.9080,367.4610,266.4380,129.1960,106.8860,127.5980,120.2960,112.0860,90.8916,59.1663,29.8245,30.0628,27.8799,33.3624,45.4290,52.5160,35.3456,29.5996,19.3168,9.2434,22.6314,21.9787,26.9529,52.5400,45.6860,35.1681,34.5870,43.9036,34.9451,10.6948,9.9896,13.5650,21.5531,41.5660,41.1518,37.4855,37.8210,40.4181,32.5603,36.7457,17.1828,16.6704,21.3669,26.8011,27.5457,30.2240,37.9613,40.3217,42.3103,42.8827,36.1475,26.1714,18.0808,8.6524,9.7914,26.3329,54.1541,56.4130,62.0050,53.5264,29.1347,21.1348,33.4608,33.7622,21.2253,9.6177,35.6208,55.7981,61.6191,61.8441,64.5425,63.4868,52.7876,39.7921,20.9301,15.6697,37.5258,44.7221,60.7298,72.9101,75.4841,59.7703,51.1125,59.5110,68.5063,91.9633,130.0800,161.0910,155.9840,123.2410,98.5147,73.6294,79.3302,122.4040,169.8630,216.3510,211.3930,140.0060,98.8229,117.5310,142.1890,140.8760,136.7460,128.0870,107.7830,94.5019,97.4965,98.4199,96.9419,86.3011,76.0554,64.4406,48.2099,28.5789,25.2006,42.2056,49.3798,46.3610,36.7504,15.3030,22.4121,42.6783,60.7123,48.9317,15.3578,25.3741,63.7817,72.2040,64.3597,59.4110,48.2807,32.0304,45.9283,49.3311,51.2005,63.1740,72.4966,69.9705,53.0464,32.4440,16.5953,27.7188,33.7933,14.6195,8.3077,19.7610,34.8344,39.7408,39.8412,46.2867,37.2920,18.9791,18.6629,48.5748,86.4328,90.4793,87.4186,72.1832,61.6791,54.2055,41.5757,28.0133,12.1007,15.6456,30.2982,40.0395,50.9220,54.5893,59.9543,59.9795,56.1135
35983.1000,17910.5000,11983.1000,14967.0000,12590.3000,9162.1500,7281.5800,5786.9400,4876.9800,4213.7700,3416.0600,3622.9300,3509.3300,2383.4200,2312.7200,2206.0300,1650.6800,1495.6100,1175.4900,1008.5900,1030.3100,985.4100,874.9550,784.6750,803.4380,648.9630,599.0270,631.1880,584.0470,624.1230,716.9900,732.2950,830.9630,1020.8100,1252.1000,1593.1000,2109.7100,2815.7200,3316.1100,2943.8200,2216.6900,1444.9800,871.7070,991.9470,989.8570,676.7450,549.7710,555.4910,483.6240,461.6330,414.6660,315.1780,252.5650,234.7240,224.5510,218.4410,203.5330,178.8530,137.1000,77.5311,50.9114,60.0671,38.0318,25.3131,60.2837,64.9007,30.9579,22.5397,70.4244,144.2320,209.4050,202.3250,165.0770,110.7100,97.3861,120.9830,143.0540,149.2650,161.3950,155.2770,100.5620,121.6590,202.5510,295.0540,444.7370,642.2450,674.2120,623.9930,459.3250,264.1600,267.9820,332.8660,323.5870,290.8920,254.3090,206.1390,187.6850,156.9890,115.0630,70.6761,59.2529,72.1807,73.7157,83.5330,129.1010,164.9940,190.2890,204.3770,217.4130,196.0490,156.5630,147.9360,131.7580,124.2330,109.1950,131.0470,151.6410,133.6170,121.6670,141.8590,157.4040,146.5960,106.9600,110.4840,167.3610,211.3070,240.5430,325.7050,417.7140,400.0780,358.8740,261.3270,122.9430,89.8445,132.4520,132.7110,110.1220,98.6187,79.5657,63.1003,48.9037,35.8311,18.2783,38.6837,61.4022,47.7517,40.0500,31.5182,16.9076,18.4748,28.8741,29.8065,31.6619,33.9461,37.8730,33.8143,27.2450,35.0079,32.6562,15.9463,11.4621,15.3841,18.5149,32.3250,38.1212,42.0936,36.3372,26.3929,12.5130,21.4604,25.8851,36.5722,17.5298,37.9776,22.9768,34.4197,48.2566,67.6931,55.1724,28.9377,25.9339,25.3050,28.7764,15.7874,11.1598,35.1093,51.6314,55.7290,55.2251,25.6634,12.3897,24.5921,31.8455,20.8239,12.1168,46.0984,49.7253,51.1147,61.6944,75.0853,70.0387,48.3374,42.6625,31.7371,23.2648,23.0697,57.4291,69.2444,67.7798,70.1702,64.5899,65.3016,62.1040,61.5437,68.8152,98.2915,147.8580,155.9120,136.9750,112.9690,82.0648,84.1152,139.3700,186.2160,206.9180,185.7480,137.0190,108.6730,124.1370,142.5700,141.8140,139.5810,134.5350,111.3160,86.3014,96.2407,108.8370,110.3520,100.0230,91.2247,66.6088,45.2542,34.3339,18.9241,26.0011,50.8089,57.4246,62.5258,44.0473,13.9303,27.0821,53.4728,45.5164,18.5541,23.9704,52.2407,74.1059,66.2086,54.6477,43.5374,16.2643,42.7502,36.7039,48.5983,63.3073,67.2618,60.4001,48.0010,25.0309,9.4297,16.3326,19.5425,19.5828,8.6407,26.9643,50.0000,52.9045,44.6569,38.7095,31.0424,38.5624,43.4674,49.3542,77.1211,91.7783,94.6735,88.4296,78.0393,66.0383,39.1074,16.9649,9.8669,18.6255,33.3124,35.3235,46.8020,67.5840,72.4255,72.5027,61.0361
36850.2000,18503.0000,12288.5000,15214.6000,12835.4000,9329.8500,7365.9400,5873.1800,4917.5800,4230.5200,3465.1600,3680.9800,3555.1200,2421.2300,2300.7700,2192.8900,1663.9700,1498.9300,1191.0600,1036.0900,1038.3000,1007.6300,883.0970,756.1020,780.4370,652.8090,577.7700,592.8620,574.7890,622.9710,717.3610,755.0420,839.2210,997.7660,1220.4100,1594.5400,2098.5800,2802.8700,3304.9300,2917.1500,2183.2400,1405.3300,865.2630,1048.0700,1055.7400,722.0240,579.8680,568.4460,503.2260,494.0110,427.9310,330.4370,267.4860,248.1680,222.1350,211.1800,186.9630,153.2200,115.5780,83.3342,53.1226,54.9772,47.9057,21.9772,39.8945,56.0074,34.6242,26.6244,55.1832,137.4720,208.0510,205.5300,165.6150,112.8480,85.0422,117.5920,141.8870,135.6410,139.6970,143.0700,94.3478,115.7650,211.4950,333.3510,472.2410,631.6740,662.1280,615.3910,461.7220,251.8300,247.2540,322.9460,310.7250,269.3760,240.5330,203.1660,182.4430,141.9440,100.2630,58.6137,47.1137,62.7595,70.5976,99.0337,148.9730,179.3450,203.4390,209.2510,201.3730,194.1870,185.7300,169.0760,140.4460,128.7520,122.6230,140.5380,159.7720,142.8790,129.1060,143.3400,150.2160,134.6860,100.4670,111.8380,167.8880,218.3860,249.4580,315.1070,412.9860,402.0040,362.1960,251.1580,110.5690,96.1072,148.6660,145.7160,103.2910,89.3219,76.3088,60.0375,32.1504,22.4171,24.0000,36.1902,50.6429,48.2527,33.4933,34.9580,20.2032,11.1138,33.5636,46.3547,51.1478,52.8739,50.3582,36.8518,40.2544,53.4131,38.7729,18.3519,8.3664,17.9250,35.6477,51.1078,47.8498,47.6296,21.7810,12.0864,14.5590,15.2619,18.7408,10.9945,22.9664,42.6688,36.2098,45.7559,53.9252,66.3638,48.5005,32.0174,31.1098,24.7065,22.3740,23.9377,33.3774,46.7875,62.0007,67.8429,72.2350,36.3414,20.9930,34.4153,32.2563,18.4903,10.6380,51.9134,61.8184,60.8267,56.1236,63.8833,71.6484,51.9412,35.6378,26.7392,16.5866,30.2472,64.0123,86.9705,91.1523,83.3337,58.2049,55.7116,74.5790,74.8232,78.2047,113.0050,157.5210,166.9550,139.3310,107.1300,72.7177,92.6770,141.4490,179.0890,210.1940,207.6650,163.3600,130.4390,130.5570,141.3210,146.7010,140.6460,136.1150,117.3140,97.9060,106.3620,115.5030,112.8500,99.4446,86.0679,69.7103,56.8451,34.8296,15.2611,30.0965,55.0220,60.1303,56.5276,44.6352,17.6457,37.5511,65.7288,52.6764,16.2605,19.5213,53.0794,80.7913,78.3053,59.0675,36.9962,7.4414,28.2020,23.1863,33.2255,60.6900,65.6251,60.3084,56.6330,50.2381,25.6010,17.3335,15.9664,12.7222,27.7634,43.4332,50.5894,52.8347,40.2209,31.1334,28.8615,23.6503,36.6854,71.6897,100.6530,106.9980,103.4200,90.7686,79.5601,65.3305,38.2296,25.5151,14.3641,14.4998,37.1699,54.8953,55.8499,65.6229,69.9343,67.0456,43.6154
36788.7000,18162.1000,12127.7000,15066.4000,12573.1000,9173.0100,7324.9900,5811.4700,4888.3700,4250.2800,3487.6700,3691.7200,3604.4600,2431.3100,2302.4800,2243.5500,1698.5400,1493.9400,1160.5900,1003.9300,1024.1000,972.6520,850.9290,752.2260,765.5040,610.2040,562.8390,596.2080,555.1620,597.9820,689.4570,718.5280,811.9160,997.2110,1203.2600,1561.6800,2037.1000,2759.6900,3247.1300,2822.9000,2124.1200,1371.2200,845.0910,1005.5200,1019.2000,695.3360,561.3510,557.7480,481.4870,474.4580,421.2000,331.6380,265.9230,242.9990,219.9080,217.9670,199.1060,170.6730,128.7620,85.9430,58.2816,43.0258,33.5935,43.3105,61.8846,60.4439,39.0579,23.9181,57.7826,145.5190,220.8460,215.7440,180.0740,134.0330,94.4934,105.6900,128.6510,144.4380,159.4640,141.0930,76.0354,117.1470,206.1360,306.3360,459.7040,645.0510,667.1360,611.6720,444.2350,254.8870,260.2350,333.5210,326.3050,280.7210,249.4310,214.6640,194.3360,148.6190,92.8511,57.3709,51.0429,44.2419,52.6501,100.3140,139.6380,165.2430,188.6040,209.4590,207.2630,183.4240,155.3070,146.1950,129.0300,131.2630,132.2340,156.6200,160.9170,133.8380,139.8000,161.8240,151.7350,136.5540,91.9072,106.7690,157.6470,194.0430,221.6210,296.9070,387.7320,385.7910,352.7650,251.9810,95.5595,79.0429,129.9150,120.3930,94.2951,96.5815,92.8076,74.9079,37.6590,17.4959,16.8661,30.6414,46.7027,52.6288,36.9814,27.0232,17.2265,21.8076,33.7418,35.9336,40.9637,40.9384,41.8001,43.2697,47.2578,31.8474,18.9434,19.0582,14.9338,11.0282,23.2652,33.1946,40.5324,48.6871,37.8866,21.5089,10.2944,9.0016,13.8149,11.6714,5.6843,20.0309,31.9125,38.2896,48.5042,59.4189,60.4973,44.4301,42.7152,40.9069,42.1488,18.6625,16.0029,44.3112,48.6554,49.8230,48.6538,30.1195,13.5313,31.6882,51.7855,33.0219,20.4664,31.2923,37.8292,39.6472,47.8309,61.0263,75.8974,65.1248,41.4393,26.6063,20.3291,25.6619,44.6514,70.4609,76.3804,73.1086,57.1290,58.3662,59.5553,56.8116,76.9551,109.6000,145.7620,157.6910,134.1190,109.1690,76.1265,84.6153,130.3730,172.7840,214.4280,219.3540,162.9000,119.9680,131.7800,147.0300,146.8170,136.4590,137.8760,113.3830,77.5897,94.6393,118.7290,109.7040,96.4535,88.6427,75.9534,43.4846,16.9608,23.1023,41.9803,49.0569,50.2758,48.7613,33.1529,16.8284,35.2421,68.3523,56.2598,24.4009,18.5880,61.4679,78.2500,70.3447,57.6101,37.7425,13.6397,10.8135,20.6648,34.1696,41.7378,45.5745,43.4464,43.7486,31.9329,16.7044,22.2803,16.6132,14.0267,19.1055,25.7857,29.9955,40.2167,44.0756,42.0772,36.3346,19.7105,28.9769,74.4285,100.5450,111.9880,112.8770,102.5850,66.5633,50.1869,43.3928,33.4100,23.1593,23.0972,38.5080,73.6763,62.5446,57.4118,64.7807,67.8174,56.5115
35989.0000,17814.4000,11909.9000,14924.2000,12553.3000,9148.6800,7243.5200,5713.5700,4825.6300,4178.3300,3392.6000,3635.1900,3545.1700,2360.8300,2249.1600,2160.0100,1616.8200,1465.9200,1163.8000,1006.2100,1022.4400,970.3600,837.2660,740.6170,760.4850,629.9890,584.2790,615.8760,591.0290,620.7100,706.7940,752.6720,846.9100,999.3130,1219.6800,1603.3300,2084.4100,2783.8700,3258.0200,2827.7000,2123.0500,1356.0000,831.6470,995.4020,999.4640,680.1220,550.7050,548.7450,479.9230,471.9490,413.2320,317.2080,249.2300,226.2040,205.3250,205.6580,192.8880,168.9110,139.3810,96.2528,62.6390,49.5472,21.9108,20.1352,55.6223,49.8456,26.1924,18.6299,60.6030,142.3830,217.2040,214.9570,177.6560,128.8710,96.1031,119.8230,140.6290,139.9820,143.1830,126.8950,79.0834,115.3210,199.3370,301.3430,455.8710,642.0610,665.0450,612.6660,456.4820,261.7890,241.0570,325.8460,340.8750,281.9410,242.2140,202.8640,186.2760,146.1110,101.9890,57.6777,43.3024,57.0993,53.9789,81.2909,136.5010,168.4230,194.5270,217.2650,218.8580,187.5850,160.4950,153.6220,139.6020,134.4910,126.9700,137.1900,156.1000,155.4460,153.9490,159.7120,153.0150,134.1670,91.2472,104.4450,156.0260,192.3160,235.2280,309.1060,377.2060,364.1270,326.1810,229.1730,101.3750,91.0521,139.2650,152.2210,129.1550,93.9842,64.4523,52.2167,47.9066,33.7306,25.1755,50.1394,71.8818,55.9489,29.3479,44.8012,40.9878,23.2893,40.8662,41.8642,35.0047,40.6328,45.0446,34.5392,22.4327,42.4746,42.8524,25.0201,13.7474,3.2822,19.6470,28.6337,35.0881,40.3290,39.9511,25.9576,14.7404,21.0895,24.7236,40.4153,15.9877,30.8762,27.8257,40.5328,49.1929,52.8947,37.1859,41.3909,39.9770,34.2303,24.7224,22.3206,24.2962,45.4023,63.4948,62.9881,56.9182,29.1263,28.5923,41.9665,38.4929,23.8650,8.2680,36.0378,43.5826,44.4341,43.8692,52.1501,70.5715,69.4563,50.1494,32.9307,15.2952,22.1361,64.0176,79.8167,78.2313,63.1871,42.0743,46.3389,52.7307,52.5493,86.7727,134.5910,163.5080,159.5750,127.5980,102.3370,79.5743,91.4563,135.4390,180.5260,227.3240,202.8470,138.1330,113.5250,121.8360,137.5900,141.5510,149.8290,144.4690,116.0120,86.1110,93.0587,102.8280,96.2217,90.6359,93.1154,89.1692,43.1844,21.9128,24.2846,30.6990,39.3635,47.1059,47.4820,28.4312,17.0945,29.1671,54.7267,64.2124,36.2814,27.7353,30.4119,53.3405,47.3929,39.3157,35.3420,25.0757,39.4531,28.0029,29.4589,40.2345,53.9219,68.8586,77.9778,65.1181,31.2589,28.3092,24.7113,28.9555,29.6001,38.7755,42.0352,47.9722,55.1289,49.9403,23.0448,15.3538,49.3272,80.9402,107.8710,117.6850,121.0340,105.5710,72.8524,48.2835,40.7944,36.7863,20.3452,8.7112,17.9378,31.9981,52.5335,69.2105,81.4067,90.1009,91.0965
36731.9000,18457.6000,12308.8000,15238.3000,12874.4000,9376.2500,7430.5000,5911.6500,4939.6700,4251.2600,3482.5700,3711.1900,3588.2100,2442.6800,2326.5700,2224.9100,1694.0100,1503.3500,1167.9100,1010.4000,1033.8900,982.3210,870.2710,780.3190,786.8710,633.5400,586.8050,627.2070,598.1110,640.0990,734.5030,767.2790,853.7500,1023.3100,1247.6700,1626.4900,2108.1900,2817.0400,3312.6500,2882.6900,2153.2500,1359.0000,834.7710,1021.7800,1014.8100,686.4650,566.2970,558.9420,483.0290,476.2130,416.7690,316.6940,256.7300,250.4360,232.5620,232.0500,204.8620,158.6860,126.6310,108.2980,79.8492,47.0656,19.2101,25.3247,55.8804,67.8747,52.5825,33.8779,62.7277,154.7340,218.4490,211.7450,170.1970,114.2790,120.2870,152.4090,173.1650,150.4940,146.8720,123.3060,58.9955,98.1825,203.8480,314.1260,472.8960,652.9620,672.0400,614.4190,466.2800,275.3200,247.0490,326.9410,343.2040,286.6970,246.5390,203.3200,182.9030,130.2230,74.2576,47.1124,42.9591,60.9857,75.3412,95.0452,144.8030,190.8570,223.6870,244.8490,227.3690,184.5980,166.4450,173.5950,162.4010,156.5460,136.0210,142.7570,145.3880,153.5000,160.7890,156.1610,144.5260,129.8950,92.0285,107.4630,170.6510,203.7550,220.2990,288.8230,357.6160,354.4660,320.7580,239.2400,92.5304,80.4666,133.8300,130.8740,123.1720,98.2752,63.2110,31.1919,40.0650,44.9749,11.3498,23.4869,37.9143,42.1041,38.4623,23.0099,11.7673,22.6032,27.4159,25.1739,35.1846,45.8758,50.9830,55.8318,51.5681,29.0201,15.8540,24.3402,23.6642,15.2408,7.8063,28.5201,35.9018,44.7323,28.4302,10.7229,19.5626,32.6475,24.6789,18.1630,6.7290,13.3369,29.8108,44.3633,56.6717,69.6121,61.2162,35.0566,46.1464,66.0372,65.2396,54.4942,47.7082,64.5254,66.5572,60.0654,55.5885,31.5419,21.5004,42.4760,42.2567,17.5750,25.0753,54.6367,51.2093,50.9063,60.9021,72.3773,64.3679,45.1739,44.0822,41.1422,26.3139,29.8058,68.6503,87.5722,85.5024,74.6222,64.4603,55.4789,55.5271,85.4495,110.8020,145.1060,189.1810,184.9780,159.0040,122.8460,82.8404,68.5980,114.7890,170.1840,209.7970,197.8540,146.4490,125.9670,138.2410,134.5370,133.2960,132.1240,134.2230,121.5430,103.5850,114.5120,118.5700,104.7040,89.8593,84.9550,73.3968,41.7519,26.1151,33.0234,29.0064,31.9652,46.8514,48.3643,44.6865,14.8863,42.0484,74.7445,82.6289,41.4050,18.0425,37.5844,59.7302,63.4264,56.4101,59.7691,31.8707,41.9720,32.3902,28.4492,35.8366,51.7187,59.7601,59.4863,39.1392,22.4121,20.7312,11.8757,11.1981,25.0838,38.7740,55.4899,69.1215,63.5303,36.8324,23.0671,34.8457,40.1211,50.7081,82.4897,98.1819,96.2050,83.6589,65.8637,50.6623,21.6262,19.6221,36.6914,27.1136,18.8697,41.4056,61.3030,72.7013,84.3844,94.0168,92.5456
36995.4000,18266.8000,12105.2000,15122.0000,12686.1000,9260.8700,7357.1500,5823.8800,4873.2400,4234.1700,3467.1800,3672.1200,3598.3500,2459.5500,2323.6400,2249.0600,1713.5000,1514.5100,1196.4500,1019.4600,1010.9000,973.7330,861.6080,743.4600,758.2230,624.7320,554.6890,563.5120,537.8180,594.0630,680.3210,710.2970,821.8590,1011.1000,1215.7000,1585.0200,2085.4600,2806.9400,3289.3100,2859.9900,2168.3200,1381.9900,842.4000,1004.6600,1019.6600,717.8170,569.9150,551.1420,493.5720,470.4390,394.0730,306.7760,235.5950,229.8800,229.3390,230.6110,194.7980,167.4620,152.6940,116.1850,72.1915,37.0018,15.7738,23.8317,49.5241,50.2449,32.1954,17.8234,54.7992,128.4750,198.5250,209.6330,172.5970,117.5010,110.0360,130.6410,151.2700,143.2230,146.8900,122.5960,80.9681,129.2690,209.2740,308.8490,463.7880,642.2290,664.9850,609.2330,451.3570,250.4620,248.1910,338.5190,337.0140,277.1810,238.4000,208.5960,193.3350,155.8560,92.9425,45.9725,45.4362,65.0702,66.6287,86.0094,138.8140,177.8760,202.2910,215.1430,204.1410,184.0780,171.8650,159.0680,131.8140,118.5070,123.4250,149.7890,155.0390,149.3530,154.6420,163.2030,150.2680,138.7110,82.4888,71.8082,135.5990,195.5670,224.2600,267.6800,351.3380,356.2120,324.3490,238.9050,103.9630,80.8671,133.7670,141.0230,114.6440,98.3817,81.2736,64.7114,35.8202,9.0013,29.1535,39.4832,48.8593,52.0728,41.0052,25.1859,27.1302,38.0487,30.1754,23.5481,41.2775,51.5583,51.9620,54.7296,61.7935,53.0178,34.4044,26.2093,12.8606,13.5689,40.8133,52.2402,56.3126,59.1470,39.7404,14.3095,9.1355,28.0347,22.1662,13.8514,17.6617,27.4528,25.9683,24.2034,43.1144,65.0629,52.7056,25.1962,22.1679,40.4659,39.8952,39.7899,41.0933,61.9460,64.5884,73.3891,68.1354,40.4227,20.5385,21.7026,33.2574,33.9337,21.3290,57.9247,56.1254,50.6874,42.8187,55.5754,74.1048,68.2384,54.7283,37.4014,25.5170,42.6931,69.1255,84.1943,88.2834,79.1731,60.1480,60.0919,84.9486,78.4708,71.8493,119.2240,161.1330,154.1720,142.7420,126.6450,98.1562,84.1530,132.2330,182.5320,222.9870,211.1280,157.3100,119.8400,127.2710,143.7530,139.6090,140.3830,131.1240,112.6940,89.5087,96.4903,104.7690,94.3145,76.8557,64.2317,46.3514,14.6363,13.9593,23.4715,40.6333,44.8728,41.3444,35.6833,5.9235,28.1799,47.4781,62.9314,63.6465,38.8749,16.0247,25.6307,38.8426,48.4024,52.4450,40.0097,18.0557,46.0776,45.0057,39.4286,44.8478,56.0278,65.3864,67.3831,48.0755,14.4037,21.3594,32.3275,9.3619,19.2768,36.4976,43.6539,42.9641,40.6499,43.1208,39.2906,28.5302,28.9324,47.8561,78.4821,101.4720,104.0190,97.0694,64.7222,39.8015,30.3774,22.5445,12.9056,16.5654,32.6227,42.3498,47.0129,52.4372,60.0927,61.8929,49.1037
36029.4000,17821.1000,11919.3000,14862.5000,12476.7000,9117.5200,7267.1000,5745.4100,4834.9600,4199.0800,3390.3800,3600.5500,3511.4000,2360.5900,2274.3500,2182.6000,1632.6600,1491.1700,1182.5300,1015.5500,1027.7300,988.6840,870.5060,773.0130,803.8410,656.4250,594.2270,624.6350,592.0410,630.5040,721.7160,765.1960,865.7370,1033.7000,1227.6800,1614.0500,2087.5200,2809.1900,3302.4100,2868.6900,2189.2500,1375.0700,833.5380,1014.4900,1020.7000,691.7240,572.3440,575.5040,485.3320,457.1010,407.0300,324.9410,271.8980,248.1820,223.6670,228.8060,211.4610,186.4460,161.7780,119.0500,74.1489,61.5783,44.6342,29.5595,27.8258,47.3306,22.6601,41.1908,76.0259,133.6760,183.7370,199.9430,163.2890,106.8170,110.2590,143.3220,165.6570,158.1750,157.4920,140.8080,94.5122,114.3990,203.7480,331.1020,488.5360,656.5950,681.5280,631.7850,477.0020,266.1100,242.7970,329.4550,347.3840,299.8110,258.7830,211.4090,183.4890,134.3670,93.5606,63.8969,42.4268,55.7396,77.3522,90.9384,132.9050,175.8610,206.0620,217.2460,210.8300,200.4960,176.3250,163.9060,140.9030,140.9760,134.9000,158.2450,180.7090,163.7400,154.5160,169.5700,160.4010,134.9250,68.9864,82.9865,150.1130,192.8250,223.5700,290.7820,374.0760,365.8840,326.5670,221.1360,91.0528,87.3522,128.2880,135.7530,126.8060,109.6970,87.5608,70.6805,37.7476,17.7681,32.9643,41.1865,32.7606,30.3158,41.7446,55.3281,38.3772,17.4768,29.9585,42.5589,35.4760,31.3501,40.2607,49.2944,54.2131,56.9085,41.5065,21.1654,8.9865,10.2167,25.2446,38.4486,39.6417,33.3632,19.3603,7.6222,14.9593,43.0471,38.6197,20.6373,19.7157,31.8842,32.5133,37.2197,53.6897,64.3852,42.4620,26.2258,30.8775,38.1518,38.6171,27.1745,28.6312,60.1085,60.1663,57.3584,42.4939,34.9699,33.7108,32.1285,31.5946,43.2986,31.6885,51.6418,47.4693,43.9060,46.4415,49.7721,54.0658,57.8477,40.5332,25.0216,22.6220,22.3766,60.8579,97.6074,97.9556,76.4731,52.3307,58.8391,55.7786,67.7825,99.3332,134.8890,172.5150,173.7330,144.7270,121.3300,87.0956,89.9780,141.1420,188.2050,221.8860,234.7000,201.0470,146.3160,123.1780,131.3740,137.6370,130.1550,125.8580,107.6620,84.3334,91.6627,101.0530,96.3227,84.0779,76.0660,63.4422,28.6933,10.8719,16.6050,25.8640,29.2502,32.7879,31.4365,23.0923,12.6073,29.1352,52.3309,42.7534,33.8709,32.6337,59.3378,68.9442,71.3900,52.5614,30.5605,11.0535,19.0914,31.5826,32.1075,34.2080,46.5113,57.9971,55.7514,18.6459,13.8306,27.4142,21.9993,9.3992,16.8850,23.5644,20.4936,24.3230,37.2212,44.1198,24.1029,14.2994,41.2597,65.7808,78.6326,92.5144,96.5542,91.5807,62.9303,34.9450,20.5011,15.5595,15.9526,12.2717,26.0981,53.5524,58.5398,58.9083,61.1208,60.5291,46.3246
36558.0000,18380.0000,12255.4000,15168.2000,12826.7000,9354.5600,7433.4100,5902.2600,4933.3900,4253.2000,3479.2200,3687.7500,3554.9200,2426.5300,2337.5100,2223.4800,1663.8900,1501.4400,1202.5400,1034.2700,1036.6800,981.8730,878.8420,779.7360,788.6160,649.5920,595.1550,618.4020,589.7340,632.8530,722.6250,765.6810,866.8670,1034.9000,1239.7100,1633.5600,2114.3400,2823.0500,3299.1600,2872.7800,2184.2700,1377.0600,836.4930,1018.8200,1017.5500,683.9060,568.2730,552.8210,458.8890,462.2610,420.0550,322.5870,261.2380,246.2350,223.5440,221.9650,198.6480,167.8350,145.9300,107.1400,70.3551,62.8186,33.5897,32.9433,51.8245,54.3412,33.5551,32.6928,66.2809,137.9860,203.4520,196.3840,157.7710,98.5257,101.7570,129.2180,133.5700,115.1450,116.1390,94.1265,78.2284,142.8240,229.3350,327.7150,477.2150,656.7060,677.8670,619.0490,451.6490,246.5500,249.8020,343.2340,349.9360,293.2760,247.5390,198.4760,173.5520,135.0630,101.5860,64.9307,41.9486,52.9155,61.4045,81.1099,134.0000,173.8800,199.9400,223.1000,227.1580,202.3460,186.0550,168.7530,154.1480,148.4670,160.4920,168.9570,158.3580,153.2010,165.7060,178.7640,164.6080,144.9820,77.8928,82.7806,149.0210,195.0370,217.3700,278.9880,368.5810,365.7430,331.7360,237.4640,96.5798,77.2357,131.0620,136.4210,103.8420,85.3965,66.8040,48.1825,21.8175,31.7675,38.8864,38.2214,40.6311,46.0341,45.6141,45.1865,25.3664,19.9428,36.0639,25.1591,13.5776,36.9762,41.4067,30.4680,25.4117,38.9291,28.8531,16.5420,14.5133,10.5050,23.3706,42.3852,41.1724,40.9615,22.8471,10.5589,14.4795,30.6586,30.5833,22.2517,18.0957,23.7550,29.9432,36.2173,51.9586,61.2333,41.6607,27.2304,35.9573,44.1709,54.7537,33.1857,23.5719,56.2778,73.0245,76.7782,76.4249,43.5253,16.3027,25.4758,40.4699,21.1052,24.0210,59.4096,62.9277,60.9617,57.2981,60.6554,59.1521,56.9232,64.0987,53.6039,37.3340,34.1222,40.8850,54.1251,64.8407,69.8615,65.2916,73.0806,83.4418,66.6586,86.6657,134.9310,173.4760,177.7090,144.0360,114.2700,87.8877,96.8856,130.3270,167.7100,219.1110,224.9430,175.0430,134.9860,132.9080,144.9260,146.2720,145.5360,132.0570,118.3270,105.4910,105.3690,113.1400,106.3540,85.8937,72.1437,57.8435,34.8256,16.4964,24.0463,46.1414,47.4083,50.4259,45.5111,33.5659,24.4065,40.8821,64.7889,43.3799,27.1891,25.4563,51.3213,69.2228,80.7884,61.4176,51.0755,17.5826,38.5141,25.8005,22.5895,37.0117,39.9897,36.3627,38.9505,26.0784,15.0299,29.0480,27.7227,10.7745,11.8898,19.6824,22.1454,32.4743,49.8875,55.6811,25.7580,16.0804,47.3608,62.5312,78.4001,100.9060,102.0580,91.2459,53.7177,45.4540,47.7106,23.7361,14.8097,14.9938,27.0671,35.3107,32.9269,34.1837,38.4508,40.5062,35.3894
37097.9000,18412.0000,12194.8000,15174.4000,12761.6000,9307.8600,7378.5400,5872.2900,4909.7900,4250.2900,3515.8900,3726.0300,3603.6900,2467.1800,2343.6700,2233.0500,1683.0100,1491.0100,1184.1500,1033.3700,1025.7600,976.0040,862.5150,771.9660,779.5180,619.4480,578.9780,611.3970,567.1900,592.1280,680.2250,732.3050,824.5060,985.7590,1192.8600,1586.6200,2074.6400,2804.0300,3279.9300,2838.2100,2193.5300,1383.4100,832.0590,1005.9600,1039.0200,717.7330,564.4040,562.5900,497.3310,472.0520,413.5110,337.3160,278.9360,248.9260,227.9480,226.0640,207.8050,184.0550,163.8910,128.7590,78.5265,53.5426,29.6881,31.5723,42.8488,50.9115,33.5028,24.5231,64.1088,139.7420,196.6800,198.3080,165.4550,117.9120,95.4974,115.7630,115.8190,95.6373,100.9200,91.4297,88.8254,147.4950,236.2000,339.8960,485.5030,658.2750,674.9300,610.4210,447.2950,256.3660,254.0650,344.9040,365.0820,310.9410,262.9450,214.6600,188.0190,143.9810,96.1316,59.8858,40.9837,54.0795,76.8767,102.6450,144.4230,180.7560,206.2390,221.1900,222.1320,200.7010,184.0690,184.2260,169.2090,158.4080,138.7560,159.6080,180.5180,170.9420,174.5270,178.6060,155.5030,126.7420,85.6168,106.2600,148.6530,171.3700,219.0010,300.5470,372.4050,366.3850,326.6280,245.3700,109.9960,85.8524,129.3570,126.3380,101.9040,83.0162,68.3902,54.7261,34.6044,10.3386,26.3564,31.6398,22.6271,25.4830,25.8722,13.2904,16.4057,10.5446,15.1881,36.2023,25.0684,26.3572,45.4735,50.6870,45.4116,29.5282,25.4942,13.5660,13.8345,22.2542,32.4591,41.0240,38.6438,39.4396,16.6840,7.4638,8.8055,11.3974,12.8369,8.0150,7.7288,17.9201,29.6458,47.5987,69.6820,89.8795,62.8578,37.4903,28.5334,32.9794,37.1942,33.5730,34.0673,51.7189,61.7535,61.8186,58.5243,36.0471,26.1123,48.1639,60.7714,39.9954,15.3210,33.0010,33.8800,33.2978,44.9833,57.0898,59.6696,68.8310,78.5208,55.1511,31.0981,19.4917,34.4077,72.7796,78.3473,74.0616,49.8085,50.8368,62.8658,74.7573,85.6770,98.9216,135.5230,161.7930,139.7190,109.1650,67.2004,87.0389,136.9560,171.7340,197.7750,194.9800,151.7070,112.0490,107.0590,128.8050,130.7630,127.5190,117.2980,121.3300,112.5200,110.2300,111.3330,102.9390,92.4693,86.6771,74.2776,28.7544,17.5381,24.0036,37.2873,49.2107,55.8638,48.6362,31.1161,31.0111,51.8611,66.9950,60.0635,28.5729,39.6612,58.4223,78.9359,62.2853,48.7054,33.6490,8.1721,52.2380,42.2948,34.3652,45.9706,55.1922,46.1013,17.1117,11.4156,25.5418,36.5694,35.4964,30.7579,34.5229,28.9964,15.7575,22.2435,42.1953,38.4165,29.8936,36.6945,29.6901,38.9425,73.6798,83.6163,88.5251,87.2262,73.6635,44.5445,25.0249,25.0650,22.6382,29.1416,26.7557,53.0426,37.3466,46.5217,69.8287,75.9971,66.1442
36202.2000,17841.1000,11881.5000,14847.7000,12460.9000,9126.0300,7260.6600,5720.0100,4801.2900,4182.5500,3387.8400,3608.3900,3533.5900,2359.8300,2245.7000,2161.8500,1617.5900,1459.5200,1156.8500,1005.4700,1025.6800,988.0300,870.4870,773.7200,793.8940,639.8180,589.1100,622.7460,601.4790,647.6190,722.4370,769.5860,851.3330,1013.2900,1216.1500,1626.9000,2105.9500,2849.5700,3339.4700,2874.9800,2254.9400,1391.1300,831.8420,1021.3700,1050.3000,710.1790,563.8140,568.2390,495.8840,481.3010,430.9760,346.3280,278.7330,252.7360,237.3780,239.0010,214.2460,177.7310,152.7600,119.6920,74.0438,55.4114,42.2496,21.2148,13.9720,23.3053,19.9213,32.6932,70.9357,159.9660,227.9520,225.2830,190.9560,141.3480,101.3080,124.4670,143.6380,116.7990,103.4690,100.3570,88.6421,131.7780,214.0980,325.8930,483.3160,659.0620,687.9890,636.0110,477.4880,255.1800,253.8670,347.7770,336.6290,285.0060,249.1670,202.7210,177.0530,138.2440,104.1970,55.0762,33.5733,54.4046,61.4482,76.8652,126.8470,164.4970,186.1960,199.5940,209.3180,205.5660,194.7710,177.6110,146.2050,133.2650,131.7560,158.9690,165.3060,144.3530,140.3470,148.8790,134.3270,106.9190,69.7018,88.2040,139.3060,178.6710,222.1320,278.8070,350.1380,357.2070,326.1480,243.0640,93.4919,74.6052,122.2070,114.5300,98.5643,85.3217,61.4771,44.4935,31.5925,19.9034,17.8788,33.7882,45.2979,46.1258,50.9925,40.5316,21.4180,22.9755,24.5587,19.5873,30.6072,40.2120,40.4024,37.5342,41.1347,48.1337,31.8313,10.8944,11.7202,29.4434,38.2830,41.3258,41.8985,45.6797,38.2462,16.9415,13.2736,36.2261,23.0401,18.8774,25.9142,23.5971,22.1392,34.9434,54.9384,71.7375,52.0016,35.2817,38.7307,37.9229,31.2125,12.7302,26.1709,55.9476,59.5557,60.9580,51.8115,22.3241,15.1593,29.1061,42.6113,35.8376,34.8762,28.1675,40.0399,39.7034,43.2321,52.1191,58.5568,61.2207,70.2648,47.3143,23.2629,30.0663,49.7158,65.3203,74.1311,75.0715,61.8845,50.6626,53.7969,65.5179,88.8876,118.5430,154.4520,166.7380,139.2950,104.2010,72.7344,79.1088,113.6350,158.1940,207.5350,201.1640,160.1170,131.8960,121.2170,122.7900,128.7530,124.0960,116.5740,105.8160,98.3620,96.0179,89.0835,97.8580,94.3399,91.9357,58.0161,32.3067,25.4391,13.2714,37.0467,62.9290,49.8724,41.6499,33.7190,21.3633,29.6209,59.8711,51.9920,24.4046,21.5947,45.5454,82.1535,90.8050,67.5543,42.6205,4.3700,12.4643,20.5161,28.4172,34.3434,41.1188,46.1215,42.9142,22.2870,15.2811,26.8070,26.5366,10.2295,11.5462,19.5920,25.5026,37.6592,44.8967,31.6904,21.1957,26.4341,37.6359,62.2729,91.0194,99.5536,101.8350,97.2595,83.8429,60.4904,44.7453,33.5305,33.9261,33.9708,40.5324,47.5639,60.9147,74.1328,69.2429,61.4701,42.9603
36374.2000,18263.0000,12224.5000,15184.0000,12850.2000,9372.2000,7441.1900,5916.3700,4972.5600,4291.0600,3501.8700,3716.3100,3589.9000,2441.4600,2338.1800,2228.2600,1672.8200,1498.2000,1178.7200,1013.0700,1030.5400,974.2280,865.3730,784.7170,800.9240,636.5010,588.8710,636.5520,605.5780,634.7010,721.7770,776.6210,870.3700,1050.1400,1256.1900,1681.6000,2127.3500,2860.1400,3340.1900,2884.7300,2314.8800,1400.0600,801.2800,1005.5200,1042.7500,696.7900,559.4740,563.4570,484.4510,464.1240,420.7040,338.1240,266.7290,234.9900,213.0920,217.8230,205.0810,188.0110,144.4450,101.3950,72.6804,49.1764,26.0164,17.2915,28.0251,28.0503,12.0963,33.9617,73.7462,138.5060,231.0120,255.1050,203.3150,150.3480,142.2200,152.5660,152.7470,137.9760,137.0450,114.4390,92.7785,152.2760,232.9730,333.1400,472.5640,634.6340,657.0950,600.4650,436.8820,246.8170,267.0470,345.4970,334.0400,294.8410,253.3020,205.4940,170.4690,132.6350,78.7211,34.5868,37.3947,51.3451,63.1726,99.4641,123.7130,143.6200,157.9550,187.7240,205.4810,192.8460,171.5650,156.2320,156.0430,146.0370,134.9430,133.4390,152.4790,160.3060,168.6060,173.1920,152.4740,127.5240,87.9696,96.9057,134.3950,177.8110,222.3820,272.7970,352.4160,349.2720,313.9380,218.8670,93.8118,66.6362,102.0680,119.8050,99.3486,77.8498,61.2046,46.0695,19.8010,9.0959,19.3320,34.5495,45.4958,52.6275,34.1602,24.4219,12.9042,11.2585,20.4303,25.5190,24.6821,31.4235,32.3892,33.2708,20.8853,7.1697,9.2591,13.2977,22.9749,39.8542,44.9837,36.6447,34.1875,35.8288,43.2159,18.2584,24.9188,27.7733,35.1396,16.0546,12.6019,33.1177,38.7931,48.3946,62.1541,80.4781,58.9013,36.1438,40.6683,44.8217,50.4000,16.3078,14.4231,49.3672,50.6901,51.6321,48.8523,44.2381,23.8965,36.4201,64.1318,52.2291,43.2908,38.3530,33.7457,31.8811,42.7670,60.3694,75.6268,63.1374,37.8667,21.9148,24.6331,20.4351,32.5736,79.2095,82.3897,80.9784,50.4859,50.6976,63.6355,63.1771,81.9865,116.3670,145.6660,152.5600,132.2850,111.2700,80.9409,79.0999,113.7550,155.9450,205.4780,203.5690,150.2070,115.3420,116.4970,132.9970,138.4830,137.2050,129.7070,99.6943,74.0888,90.6222,110.7940,111.4540,103.0380,97.6251,79.5981,52.9671,38.7515,28.2258,23.8962,31.5436,43.4716,46.1556,37.3650,23.5675,47.4869,75.3137,52.3258,21.8258,16.2327,54.6352,81.4770,70.7622,52.1570,19.7611,24.3940,31.6647,31.4870,33.5993,37.2537,37.5183,40.6209,41.1996,24.1620,14.9669,13.3073,17.7335,11.6010,8.2332,18.5458,34.9619,51.1704,43.7249,25.2555,27.7571,35.1775,34.2618,52.3205,83.3182,100.7130,101.1530,91.6305,59.4715,44.0257,39.0283,18.9679,7.5992,15.9361,39.0089,77.8160,87.3167,69.6638,50.8049,41.5429,38.7810
37120.2000,18535.9000,12231.1000,15160.9000,12808.8000,9357.7300,7371.8400,5850.3700,4907.2300,4266.4200,3499.7800,3681.3000,3562.0500,2434.7500,2308.2900,2202.3400,1672.7800,1489.5800,1205.8800,1028.4400,989.3480,962.2230,841.6550,748.0110,780.0690,636.0640,579.5060,603.1910,581.2740,627.3530,697.3170,759.2790,837.5200,991.2400,1191.4800,1631.2600,2102.5600,2845.2100,3318.5200,2883.1100,2332.7800,1420.0700,828.5400,1014.1900,1065.1000,723.0360,554.3230,557.0070,511.0390,480.1920,423.3080,368.6370,280.8030,221.2190,219.0940,226.9210,205.4440,195.4900,177.0320,112.3810,66.0950,60.4184,45.0464,31.4640,19.2322,31.9447,31.9486,67.8724,107.4480,171.1240,247.8390,261.3570,214.0040,187.0850,166.5780,163.2490,157.7120,153.4580,158.4400,113.2870,93.0826,165.5670,229.5460,318.5430,488.4360,659.9860,665.6240,596.1460,423.9490,242.8790,261.8310,319.6180,289.9120,280.4420,251.2440,201.6380,160.0520,128.1870,91.4909,29.2080,30.0646,59.1644,62.6344,89.2979,127.8630,151.9970,166.7210,176.0720,179.8280,166.1150,155.5910,166.9650,169.5720,161.9350,141.8980,163.0650,184.0980,167.4020,162.0270,176.0780,167.9670,159.3510,99.3693,71.0354,132.5040,185.5770,227.6650,311.5840,375.1210,352.5510,314.7070,235.5610,108.1080,79.6340,133.7290,120.4400,82.3726,81.2856,64.1779,44.7498,9.3288,24.3333,45.2094,56.7879,63.7073,50.5942,38.1171,15.9691,9.0545,24.3815,30.1253,34.7930,35.2022,46.9415,61.0331,74.3639,60.1275,15.1598,12.9104,34.2986,26.0434,17.8862,32.0093,45.5985,49.4403,46.0003,24.3304,10.4334,23.8979,53.4055,53.1820,36.8913,20.4095,29.6137,38.7583,41.4067,52.1306,66.6198,44.4612,58.1526,27.9766,38.0201,15.4087,25.0313,38.8108,87.0672,101.1680,108.6850,102.0290,37.6925,14.3984,38.9247,38.8744,29.0437,8.1769,46.8428,51.9774,53.4949,50.4822,67.2450,75.9318,58.5262,40.0172,25.4545,16.9033,36.6959,86.8063,123.1580,130.7310,128.0690,105.8840,68.8192,46.5649,44.8974,70.9768,130.9830,185.5400,174.8570,142.7960,114.3870,80.5905,78.8959,132.6100,181.6310,226.3210,224.8530,169.5820,127.3900,120.1670,128.8270,135.7130,150.5010,151.2220,134.4320,119.8410,114.5400,114.8190,138.0510,137.6970,134.4620,109.0690,73.5892,40.0328,24.3349,36.9890,40.8558,40.3256,36.3363,42.0586,12.0217,28.2588,58.0518,39.7862,62.1958,44.0334,61.1278,45.1191,48.2921,38.0755,30.7051,20.1567,55.3685,55.7130,52.5028,60.5869,71.1706,69.7874,56.8456,51.3447,33.3285,24.5367,40.4957,38.7612,19.6303,7.2616,12.5469,24.8252,35.4859,25.4833,13.4592,13.0147,8.5457,29.0533,92.3923,109.4030,96.4913,78.8800,76.8467,72.0998,26.6728,13.7874,18.2982,28.6545,56.2519,69.2702,60.0991,58.0100,59.5499,68.9407,68.0255
36403.0000,17947.8000,11930.5000,14884.3000,12495.9000,9162.7000,7288.7100,5738.1200,4814.1500,4212.1000,3413.0200,3588.4300,3510.5100,2363.8200,2243.7300,2159.8200,1621.4800,1462.0700,1160.7300,1001.1200,1009.6700,972.8130,874.7560,763.5110,770.7580,650.4760,601.0160,617.0330,602.2070,647.1190,734.4300,800.8210,888.1400,1039.7200,1228.1000,1663.7800,2106.7300,2867.9400,3360.7600,2911.7200,2335.4800,1408.6900,852.9230,1034.1400,1051.2100,712.3440,569.7930,567.7740,503.6710,493.3090,436.6810,354.7110,271.3050,241.3410,234.5330,239.9940,216.8610,185.8140,162.6550,114.1280,64.8757,56.4721,41.7276,21.7387,28.8774,37.4433,39.3548,62.7991,95.0951,153.5920,230.8800,257.4800,220.9110,191.6120,163.5020,163.9900,170.3560,148.2750,132.7080,117.1010,79.6714,122.2510,226.2360,335.9050,458.3760,623.6110,657.1360,604.3710,448.0040,240.7000,244.6880,322.7930,312.8410,271.8910,236.3750,191.0870,162.7690,113.2820,65.8643,30.4605,27.3185,56.7756,73.8116,83.9809,119.6930,152.3360,169.7250,178.7990,172.0680,162.4830,160.9770,150.2800,136.2370,126.4590,119.3290,120.6970,126.7660,144.1060,150.2360,150.7850,139.5890,127.2110,75.9840,82.8105,138.2790,170.6560,206.8250,276.5720,346.8020,347.0370,313.9150,233.6270,100.8000,87.2268,146.6210,152.0390,111.2820,90.4578,67.4022,51.2459,26.9615,19.1734,18.0707,32.4773,48.4469,39.3876,30.6261,27.2014,15.7195,19.8827,20.9774,18.8291,34.8733,37.2060,34.5683,31.1961,42.5192,50.7924,33.9446,20.5958,9.6005,12.5275,38.6129,45.1953,46.8412,48.2190,42.0901,11.7724,13.3159,38.9895,26.4019,16.0653,14.4456,15.4910,26.4890,39.0593,56.0221,62.1382,45.8420,31.9861,31.9623,33.3046,34.9619,29.6397,35.9261,62.5785,71.9528,72.2944,62.5880,37.8024,36.1130,53.1333,54.4609,38.3081,18.4163,43.0751,51.5434,50.1449,37.4269,42.7542,58.9490,48.5846,27.1943,22.4985,17.7099,11.6673,42.8412,70.1914,66.8611,62.1315,49.9808,48.8777,50.2288,62.0191,79.6743,112.5180,170.1100,182.9140,153.4240,120.2580,71.0799,68.6516,118.9250,162.7280,198.2530,199.4100,161.4080,120.6790,109.7850,130.5570,142.9040,151.5360,139.9770,98.5423,75.2225,89.3125,107.3510,109.6160,95.1726,81.7940,61.6772,45.9666,22.7927,10.7130,21.0089,32.4337,35.6404,35.2019,24.0386,12.9910,26.7755,47.0214,39.4456,18.8359,12.0715,38.2446,48.8548,41.4600,35.1988,38.0756,48.8134,72.1272,56.0370,46.9385,51.6042,55.9604,49.8021,39.8283,24.3384,13.2073,22.6831,27.0555,18.8664,28.9602,33.5511,27.8577,32.4859,46.1182,56.7755,42.6884,20.7660,27.6292,48.9122,61.9641,78.1396,88.7829,90.4618,68.4544,39.5195,32.8159,38.2370,28.2105,26.8110,18.8743,32.7739,46.7726,59.3608,62.7974,63.3057,48.8921
36177.0000,18091.9000,12023.0000,14986.1000,12696.8000,9266.0500,7341.3700,5820.4100,4892.6600,4224.9800,3433.9900,3666.6200,3556.6400,2399.1200,2302.0000,2193.7700,1647.6900,1498.8300,1189.1100,1026.3700,1030.4000,998.5190,880.9610,781.4200,806.4850,652.7500,596.7510,634.7350,611.6000,631.6700,711.0760,792.2600,895.7630,1043.0700,1227.5100,1683.1600,2143.7100,2887.2200,3370.6800,2937.0700,2363.7700,1403.2000,824.0070,1033.3600,1063.9900,721.9020,584.0830,581.8680,506.6550,487.0700,428.2330,342.5340,262.0690,240.5490,232.6130,224.3140,218.3960,181.6540,116.9370,96.7727,81.1176,59.6308,43.5174,22.4727,14.4117,19.7431,27.1683,48.3057,93.2136,153.0820,225.5290,239.2820,200.6310,174.5300,159.0650,163.8130,154.9270,132.9320,141.3460,126.7830,79.8214,128.6960,223.0070,333.9520,478.5450,631.4150,652.6110,594.2110,438.4000,240.2170,249.2050,335.4980,325.6050,275.2450,233.9880,190.4900,164.5610,119.9780,71.5024,42.4780,46.1045,57.6996,56.5190,80.1811,130.7440,164.2880,187.2040,198.3240,182.4860,167.5750,163.3180,148.7620,130.2880,123.7640,124.5030,136.2830,151.2220,144.4970,139.9540,142.4780,125.5800,109.4450,74.3396,86.5566,139.8540,183.4020,214.7340,278.0820,357.4690,353.1760,321.6380,230.8270,96.4660,84.7739,135.7770,133.6090,108.5510,94.6419,70.6796,53.6477,31.5662,21.6033,27.1662,43.7738,56.4817,38.0875,25.8963,25.4065,10.8076,14.7850,33.8943,25.6402,24.1032,36.1549,40.4213,44.2441,42.0551,33.2848,27.5197,20.9108,9.3844,9.7393,21.9928,33.7550,37.7530,45.5253,22.5075,20.0249,31.6428,43.6338,22.9207,14.9038,27.2966,27.8179,32.1683,49.6956,66.4268,82.4844,64.4291,37.0180,30.5864,32.7606,40.3910,20.3086,11.6268,43.0556,57.6521,63.1715,56.0786,26.4737,16.4429,25.8975,34.2425,29.4948,26.7326,61.0733,60.6598,54.9050,34.9525,37.2784,50.6396,51.2363,42.3636,22.3786,11.9428,22.8872,39.4283,77.6680,89.6265,92.1980,65.9636,43.8421,53.4045,65.3151,69.5683,100.8660,162.9330,170.8270,139.7880,107.6100,70.7007,70.7010,119.8730,166.0180,206.0400,195.8010,150.1660,126.1510,124.8910,123.5840,132.1090,150.4520,151.4770,114.2660,93.7931,107.2830,106.6080,100.8850,94.9106,90.7083,81.0512,38.8487,14.6735,30.3803,49.5053,65.3949,72.4092,67.8210,52.2887,19.6641,30.9792,58.2294,38.5959,18.1206,31.3016,53.7258,71.8714,79.6354,62.9019,47.1669,14.3994,30.0004,35.3290,44.0076,51.8299,54.2015,54.3274,45.8448,26.1298,10.7915,11.6145,6.1797,11.2073,18.6012,30.5325,41.1951,44.9736,43.6060,37.5517,20.0904,19.5124,39.9450,46.7494,71.9166,102.9840,106.1040,97.9742,63.6259,47.8838,50.7396,41.3398,20.1840,6.4705,19.3594,22.5227,46.1177,58.7588,58.7880,55.6082,51.3828
37008.0000,18534.0000,12289.0000,15199.5000,12844.6000,9381.5400,7409.7600,5875.8600,4918.7600,4268.5000,3486.6200,3671.4900,3564.8900,2430.3700,2294.8900,2201.4700,1685.6100,1511.7500,1210.5600,1023.0500,1001.0700,981.5070,866.8120,760.5900,800.2820,672.9330,601.1590,619.4190,602.7460,635.5200,706.4490,794.7490,893.3760,1036.2000,1232.1200,1683.0900,2142.5900,2894.6700,3388.3400,2970.4300,2391.4900,1401.5600,837.0260,1051.9500,1086.9100,735.5550,588.6720,585.4740,504.3890,465.4130,415.2830,351.8400,268.5370,235.1180,236.0070,249.9470,231.0410,185.3950,139.3490,84.7506,64.3507,86.3595,63.7153,37.5528,32.2473,34.0878,32.7260,54.0960,84.6139,136.2530,202.3420,235.7140,196.0350,156.0350,136.0350,151.8180,168.1080,155.9840,151.4710,151.0250,103.0160,130.7090,223.5140,335.6930,476.7050,648.4910,673.0750,620.2570,458.5500,251.1390,254.2930,337.8990,316.5170,264.5660,232.2980,192.1350,168.9180,130.2430,89.2646,44.9777,34.4525,53.8339,72.5811,96.6944,128.0600,159.1580,182.0340,194.2790,182.1330,174.2530,172.2310,162.4630,139.9070,134.0550,119.0230,131.9600,157.5790,156.7990,144.5480,150.7800,141.3660,129.7860,70.4432,85.9711,157.6990,202.5150,209.6640,272.4510,367.7540,361.9230,327.4450,227.3070,78.6766,70.1161,127.2190,119.4780,86.4816,69.9672,55.4372,44.7951,26.3133,13.1875,28.2874,37.2373,36.1153,38.4016,44.0024,33.4760,21.3896,10.1636,7.0817,31.4181,40.0293,33.9624,31.8521,38.4114,44.0444,24.0219,9.3552,14.3817,19.7539,17.8914,24.7013,37.1188,38.9580,46.5614,26.0253,13.5788,31.5999,30.7082,20.0970,8.5484,13.8150,20.7779,26.3141,39.4449,57.4255,77.6133,54.0932,30.0123,41.7980,52.4606,53.2488,38.9406,20.2601,37.8996,59.0836,67.6819,76.8900,45.5666,22.0509,49.7280,72.4901,65.9986,41.7036,55.5991,49.6389,49.7825,47.3248,63.6217,72.6274,69.2234,51.0076,39.6140,42.9717,30.0068,25.8565,63.5920,74.1874,74.2663,59.0789,60.7566,66.2925,59.7865,72.2107,117.8430,156.7200,153.3940,124.4560,100.4680,71.9148,84.6019,136.0270,177.7700,207.8750,191.4380,155.0560,132.8960,110.9670,106.0040,122.4530,143.6140,141.2040,105.0210,75.7822,76.6871,92.1017,97.6433,99.1346,91.4890,76.4864,39.4022,20.3045,25.9973,37.2036,47.7426,49.8351,45.5682,35.0001,22.9837,35.8449,53.1103,34.8922,28.0498,44.1036,72.9299,83.1047,81.7939,57.6962,31.7231,20.2445,27.2423,19.9710,35.3437,62.2174,72.0689,71.1576,50.6078,22.1817,19.6438,27.5538,22.7223,12.4476,7.5587,15.9735,29.2459,43.4790,51.3521,46.4620,34.4971,23.2101,18.8876,44.3299,85.8717,100.1080,98.3546,88.0009,62.4064,42.2678,37.4576,32.4330,14.8733,9.1631,25.5287,39.3605,55.0862,58.2240,57.5272,54.7275,50.3229
36590.9000,17950.9000,11922.0000,14941.7000,12519.2000,9161.4400,7281.8800,5741.0100,4816.9300,4208.8000,3426.1800,3626.3300,3561.3700,2398.8900,2279.5700,2220.7600,1670.5400,1476.4900,1187.5600,1028.6000,1013.6500,987.4800,860.4750,745.8710,772.3920,646.2160,608.9340,644.5850,614.7820,645.8250,726.8610,809.4290,877.6200,1017.0000,1233.1900,1676.7500,2158.6300,2928.0200,3430.4900,3040.5900,2463.4700,1446.3000,855.4100,1065.1500,1097.8000,749.6220,602.2750,591.3670,522.8690,502.9680,435.1140,351.2400,262.6030,235.5470,223.8720,217.2690,195.1420,174.3870,138.7450,93.4406,63.3775,62.2710,53.5257,30.7163,13.7380,29.1248,29.5469,59.0615,84.3684,138.5400,195.8070,212.2500,186.1500,168.2940,165.0590,162.8020,167.5630,158.4040,154.1660,130.6770,97.4604,136.6090,216.1150,332.2840,490.8860,657.3760,676.1730,621.7430,459.0640,248.2270,245.6510,334.6340,328.4170,281.3430,244.3900,196.3690,165.3860,130.1250,96.3053,34.1559,34.3425,75.7741,77.4617,107.0600,161.4240,180.9770,191.9360,192.7030,192.8440,183.2490,172.2300,158.2820,147.6570,141.8040,125.8820,122.4390,128.9830,130.5570,130.3920,136.8860,126.9420,110.4140,65.2690,71.0711,130.7460,176.8380,212.1490,286.7070,363.5960,346.4850,310.4270,216.6240,86.0453,78.1878,138.6440,130.6770,93.9533,83.2209,65.6688,48.0295,30.5368,26.0788,13.4586,25.0750,31.4613,34.6012,48.0330,48.9673,20.9111,9.2088,19.4250,14.5417,29.1682,42.4904,46.5975,48.9174,47.6425,25.5949,13.8305,16.7800,18.2031,22.5441,59.7296,50.2451,44.9643,32.1833,33.6187,25.3840,16.3325,29.1696,27.7539,15.0152,18.6989,32.6160,36.2672,44.6441,62.6307,81.0035,66.1069,46.3053,45.4245,41.4253,34.4584,11.8030,27.6938,70.3031,75.6111,73.6467,64.0029,33.2414,33.6025,58.4886,59.8440,48.7931,20.2973,52.6007,54.8972,55.7653,47.7696,58.3944,63.9448,62.6844,62.7504,40.5784,18.5993,28.8876,46.6227,52.8449,62.6450,72.2888,70.5743,62.2378,57.6937,67.2118,91.9753,131.0570,163.3220,154.4210,126.0850,102.8350,73.9983,68.0596,114.4970,164.1970,197.8420,196.8670,161.6570,127.1860,126.6400,132.8380,138.5750,146.2570,151.2230,120.5000,88.3234,106.9240,127.3220,123.7430,109.4250,95.2826,80.0352,60.6071,29.5179,17.2966,44.8739,70.8822,53.3774,41.1980,33.3282,36.5382,47.7100,65.3300,56.4971,29.1491,38.2794,76.7385,74.5474,76.0267,66.5432,49.1896,18.9618,10.1365,22.0192,35.7401,52.9804,61.2014,59.6570,45.9635,35.4309,18.3728,17.8051,28.6362,9.7166,13.9483,26.5664,37.2930,44.9281,43.8217,39.0870,32.2430,20.1781,30.2886,51.4138,67.9208,87.2658,89.4779,80.7311,47.1498,38.1074,41.4543,24.6344,18.5271,18.5507,36.8334,51.8495,56.5132,53.2164,56.6188,58.1183,54.0807
35976.3000,17941.1000,11992.3000,14919.5000,12560.2000,9160.5100,7305.7100,5798.8500,4866.4700,4203.2600,3411.0200,3648.3900,3552.9100,2391.2400,2298.7400,2206.0500,1644.6800,1470.3300,1170.7300,1026.6600,1041.6300,1003.4900,892.1610,794.5510,807.6640,667.2320,623.1630,645.1900,627.1650,674.9260,762.9210,843.7770,934.7970,1081.5200,1292.3700,1735.5600,2212.9200,2993.7400,3492.6500,3075.2600,2474.1600,1425.6900,835.2920,1061.8700,1090.5300,735.8650,598.0870,590.6290,516.9470,503.3420,440.5790,358.2340,276.8400,242.3340,229.8640,220.1700,206.6150,175.9750,132.3950,91.5916,59.2844,64.5392,62.4970,34.9517,25.1921,43.4068,40.1479,55.6815,75.7562,125.1930,189.1270,202.8850,173.8400,156.7850,148.6950,151.9600,167.0080,172.4830,160.9170,139.3460,89.0347,135.3570,236.3640,337.0370,468.4760,654.2840,677.7940,619.6680,433.8770,232.0440,253.3610,334.8710,331.0390,286.1230,239.3060,195.1010,174.3120,138.9260,85.6060,44.2347,38.8746,64.2116,75.7391,86.4827,130.6440,168.6850,191.1130,203.0390,199.9320,184.5590,181.6220,169.1000,150.0490,135.6800,131.3500,144.1790,160.0650,153.1390,137.8720,138.9320,126.4880,106.9230,63.3929,78.5582,138.6230,179.7200,204.5650,282.2430,374.3310,357.5700,318.9880,214.5550,87.0741,87.3991,133.2960,121.3210,104.9580,89.7441,66.1778,47.6634,24.7957,13.9855,39.0063,44.3965,35.0995,35.5127,53.7632,50.7620,22.8661,18.2794,36.5791,41.1233,39.8719,43.5800,44.4134,41.6104,30.2881,29.3476,37.1898,25.4901,12.4475,14.6962,19.6273,23.3955,26.2796,31.5410,29.8677,18.9100,12.7571,24.3696,24.1113,27.7989,18.4063,45.3750,41.1164,45.3319,59.6723,79.8150,51.0107,28.7091,35.5757,33.7892,28.2871,12.9268,24.1316,50.4882,62.5881,64.6319,71.3714,41.4485,17.3058,37.4329,55.9999,42.0671,30.3046,57.8255,66.5219,66.1925,59.4289,57.1676,55.2328,55.9703,48.0272,31.4201,27.6852,28.4468,36.5610,72.0571,81.7339,79.7815,52.7934,42.8071,53.8471,60.1433,77.4447,113.3890,152.3790,151.4470,124.1760,96.5120,72.5749,82.0370,122.7010,160.0780,200.6900,191.0100,139.8120,113.4780,104.0560,102.7830,113.0400,133.4280,140.3490,118.2860,98.5016,100.8860,100.0630,93.3990,83.7804,76.9550,72.8519,50.9675,19.3606,13.8405,35.6637,44.9083,40.7771,29.8991,6.3626,31.2440,51.3014,65.6238,50.4829,19.3261,42.7730,83.7350,89.2405,82.5373,66.6984,49.0155,17.7437,24.0215,40.1290,53.3994,52.3219,41.8606,33.5301,34.5592,26.2270,19.2516,28.0120,36.0490,21.5481,21.9057,24.7412,38.0554,23.2424,21.1102,29.0186,15.8334,12.9567,36.8456,64.6564,81.5711,89.4376,90.0335,85.3813,66.6920,40.1034,28.0860,15.5194,15.8150,22.0821,39.1478,52.9576,47.2053,43.8469,49.6576,53.8872,47.8826
36785.6000,18421.6000,12248.8000,15200.1000,12831.2000,9335.3500,7355.3400,5838.9100,4914.5800,4249.4800,3462.3600,3667.6700,3569.0700,2430.4900,2298.3300,2208.4300,1692.5800,1517.5400,1211.9500,1043.1700,1036.6300,1019.1000,885.2860,769.7090,810.4390,653.1470,579.7000,633.7320,622.6470,653.3120,740.7520,826.0720,895.5760,1042.1100,1263.1300,1721.2400,2208.9500,2983.2800,3469.3700,3069.4200,2478.0200,1451.5200,852.8500,1069.6500,1111.5000,767.5560,626.6820,611.2980,536.6060,524.0200,462.0520,384.3280,297.6560,257.2820,247.8150,244.7820,229.3070,202.9090,158.9930,97.3202,63.0294,72.7816,57.2474,33.5211,34.2764,47.1291,42.0808,54.0803,63.1977,107.5120,172.0590,208.5980,177.1550,153.3010,136.4500,137.5500,148.3940,145.4330,146.4250,138.6990,98.7227,143.6420,231.3840,332.4370,488.5790,663.1010,679.9870,623.5640,458.5420,257.5900,250.4150,321.7710,323.4680,295.3890,254.6800,201.7770,170.4930,133.0060,91.0605,45.4518,39.4743,63.7669,85.6075,105.9660,136.7460,176.0250,198.6960,213.5660,184.2240,152.9950,151.0340,158.0100,155.4590,140.9020,137.2320,155.2320,179.0820,162.2100,139.5060,146.0660,136.0530,125.3400,74.8864,86.9252,151.8810,197.0670,241.7470,307.2640,370.7400,367.3220,336.8280,247.8000,101.0860,75.0693,119.1490,125.5840,102.3600,82.2678,68.3586,55.0052,35.2073,18.4573,38.1086,39.7101,35.9800,46.1005,67.6133,60.5420,32.7811,27.1806,24.8873,24.6158,43.8625,50.4343,46.5143,45.6245,43.4808,34.5554,22.7441,18.8340,14.9141,13.4092,24.8358,37.6984,33.8551,31.3946,23.7314,22.0483,22.9921,35.3178,33.7672,19.0724,6.6213,26.7758,32.0110,46.4543,59.7847,73.9604,60.7911,37.5946,22.9734,14.1222,7.6776,11.6228,26.3167,50.2230,62.6929,69.3383,70.7346,44.7633,31.3196,54.4063,71.2273,46.7838,20.0282,49.4781,61.7779,62.9331,59.7671,71.7937,72.7150,64.8013,67.3124,54.0283,36.8976,32.6886,56.3127,76.9746,78.4316,72.9646,68.0901,73.6466,69.0572,73.5044,82.2812,105.8890,155.0640,159.6790,131.7020,107.3330,89.0076,96.6371,148.2010,199.1110,228.1790,209.2650,163.2800,122.1910,108.3290,127.8360,143.4140,150.4260,146.1100,107.6800,86.6846,106.6350,116.3890,106.6830,96.6446,87.6312,81.7089,57.5797,30.7549,22.3924,34.3854,49.8444,53.9155,55.0585,43.3872,16.1963,23.0856,46.1507,32.5753,22.2471,37.7172,74.6646,87.1349,72.5150,54.7885,34.8852,16.0849,24.3219,32.3365,28.4214,34.7162,48.1213,55.8082,45.9172,24.3524,24.6707,30.0192,16.3063,5.1242,5.6660,17.1023,29.7409,37.7674,26.4617,31.3980,42.0204,35.9271,39.7748,52.3131,73.1937,92.9293,95.1704,88.8123,71.9048,40.2079,17.7846,22.0161,12.3895,16.2465,41.4421,58.0810,60.5847,60.0102,62.3258,61.7512,56.0851
36746.5000,18110.2000,12048.9000,15033.2000,12581.3000,9184.0000,7345.6700,5815.5400,4871.0200,4231.1300,3478.7900,3691.0600,3612.6200,2462.5500,2328.7000,2235.7100,1685.5500,1512.5700,1200.1600,1029.1400,1015.7300,980.1940,862.6490,755.4780,790.3360,636.6780,563.7490,617.4820,612.6680,641.3200,725.3610,809.6020,888.3740,1031.3200,1243.4700,1687.1300,2172.5200,2950.2300,3447.6000,3050.4900,2467.1500,1439.5400,852.5480,1081.4600,1119.6900,753.5800,618.2810,635.3510,542.4720,493.0790,456.5060,389.0840,277.2520,229.3460,232.1480,249.4670,231.4840,195.9960,146.4350,102.8340,79.1661,75.8609,58.5478,33.6348,26.3310,45.9795,44.5038,65.8656,85.6462,137.3330,201.1170,223.5250,196.8240,170.4210,146.7600,151.1220,174.7840,168.0980,158.2740,138.7990,99.6121,142.9390,233.3590,341.2980,503.5800,675.8140,690.3350,635.1200,470.4590,273.2150,263.6140,336.1380,324.8230,281.0040,251.1470,211.5590,184.2260,135.6420,87.8790,42.1052,44.5938,80.4432,89.2719,96.9839,137.8530,179.3750,203.7430,213.3940,196.0910,181.2040,169.4270,154.5430,138.2840,136.1160,136.9820,152.7110,166.7170,157.5120,144.8380,156.8300,149.9510,132.2410,78.1688,83.9686,142.6730,192.6560,235.6110,313.3040,390.4650,378.2640,343.6020,244.8280,100.0670,78.2377,130.8300,140.8680,120.5000,95.9037,66.8650,50.2375,34.8110,13.4964,42.9457,51.6292,56.5441,46.9273,48.3860,26.9106,14.0757,33.9600,26.7563,21.1599,34.8745,34.4124,33.2410,39.2761,46.1819,32.3839,15.5866,21.6064,22.3178,10.6839,16.3714,30.1331,31.4404,29.1274,20.4451,10.1193,14.2807,37.3103,28.5426,28.1195,16.1187,28.9212,28.1462,34.9539,51.0378,70.5796,62.1555,40.0363,26.0383,26.5292,32.7289,31.3089,24.3077,38.7307,57.8649,65.9827,70.0421,41.6146,23.8217,45.0116,59.8591,34.8623,17.0014,52.1458,70.8881,70.9387,68.0801,75.5582,91.8012,84.9207,72.7403,54.8251,27.6860,22.9766,63.3633,79.5615,79.0555,69.5223,52.2109,47.3233,62.5440,81.8446,97.4393,130.4920,175.9020,172.8110,139.7040,107.6050,95.6620,109.9670,143.1820,177.3560,216.4110,202.8130,151.3020,127.5390,129.3190,132.3160,140.0960,148.3800,144.6980,106.7350,74.8783,81.1760,97.9589,102.3460,95.3934,90.9605,73.7308,41.4939,19.3561,10.7840,22.2127,37.8118,44.4222,47.4328,34.6288,11.6560,21.7127,42.6096,36.2983,12.0118,23.1378,61.8232,79.1569,60.4661,43.5407,23.4323,7.5743,34.4190,38.5391,37.5358,40.7048,44.6082,47.1616,55.3716,51.4966,30.8502,28.2331,30.0157,21.2452,15.6216,12.7293,17.5680,23.5792,27.2612,23.5345,19.5588,29.0393,40.8440,45.9038,69.2248,93.3193,95.1957,88.3932,69.2803,48.9203,31.7703,20.8310,13.2908,25.7323,41.1630,35.4547,48.3144,65.8012,65.1605,58.0503,47.9155
35935.5000,17776.2000,11856.1000,14860.5000,12497.2000,9094.8100,7237.0100,5745.8800,4834.2500,4169.8600,3372.1100,3607.1200,3523.7300,2391.9100,2283.8200,2170.3900,1633.7000,1476.8100,1167.8700,1022.9100,1034.1000,997.5020,867.6620,765.3230,789.2720,651.3270,606.4620,640.1860,625.5360,673.6880,760.8650,836.4100,915.9450,1062.9000,1276.9400,1709.0100,2182.6500,2954.1400,3448.1900,3039.9900,2448.1300,1416.4000,829.6610,1056.8100,1092.3200,728.0890,579.6280,584.0580,506.3340,486.1580,446.3020,362.5780,264.2250,234.0470,228.6400,222.4600,192.5670,187.2130,159.5130,101.3150,68.2943,61.7011,43.3985,26.7277,25.1603,27.9080,19.5446,35.9438,66.2792,123.7150,198.5430,225.2900,194.9910,151.5730,127.6550,134.9200,159.7250,168.2930,172.0730,140.0980,86.0569,141.6270,239.4100,346.9640,511.0850,693.1850,702.3290,640.7360,453.9100,255.5690,267.2850,344.4190,335.2620,292.3510,253.5820,203.3650,165.4580,118.0690,76.9021,34.9768,41.9121,81.8454,87.8651,97.7288,142.8220,172.7700,189.2550,183.2870,187.0710,191.5660,172.2280,156.7680,158.3470,155.3070,149.5110,153.5080,175.8690,165.6890,139.4350,149.3450,139.1070,125.3530,76.6280,95.6295,159.4210,204.4550,228.2490,292.8170,375.7210,370.8810,337.5350,241.8360,92.8487,72.8410,124.7700,131.8310,114.6790,89.2011,64.7149,50.3775,41.1144,24.7089,20.9211,32.2252,39.1772,40.2715,55.3557,47.9188,18.5644,19.8270,34.3867,25.2348,25.4034,36.9916,44.4492,53.0632,62.9237,66.6717,44.1981,24.7598,12.0220,7.2198,24.3737,43.8582,46.3749,43.4839,20.9941,19.0453,35.1292,47.8810,45.7824,34.7706,20.3595,17.0696,23.8083,36.2812,52.3786,71.9937,51.1436,35.3836,40.3487,40.6633,38.0204,24.9314,20.2500,36.8944,61.8746,66.9741,72.5698,28.8044,18.4585,48.3553,50.8236,28.9584,10.9975,54.9945,62.7792,63.9001,57.8624,62.2937,63.4685,70.1922,62.1529,37.3531,15.0857,25.1636,48.9747,61.4494,66.5158,71.3000,60.9626,48.9342,61.8405,72.3565,73.4928,103.3060,156.2520,162.3450,128.7340,98.6576,74.4526,81.2282,120.0420,161.6950,200.6420,183.7810,146.4010,118.7220,112.8020,135.8660,148.3530,159.0660,147.3990,119.9780,102.2220,95.5031,98.4266,97.8502,91.7043,86.8200,84.7408,51.1497,18.3425,15.5086,36.8637,44.8886,48.7142,50.6344,36.2879,15.3593,32.0006,58.2616,52.9080,28.7014,32.8387,76.3955,86.6360,72.9788,54.0663,43.2530,22.1277,39.8358,40.1133,48.4170,47.6938,42.5438,44.5006,54.7654,45.8794,23.3684,32.6644,39.2449,21.6219,22.0476,20.7336,28.9281,37.7063,41.1004,24.9039,15.6949,30.8305,53.9973,61.9359,79.6701,92.7668,91.2702,81.1119,61.6345,38.8821,30.5229,33.5086,19.2967,19.6996,39.8318,54.8772,69.6886,69.6076,62.6916,50.8350,38.8664
36643.1000,18417.9000,12297.1000,15211.9000,12839.3000,9336.8700,7395.0000,5880.2500,4948.9900,4270.8100,3490.5000,3686.6800,3569.4200,2452.1300,2333.2500,2216.5100,1678.2000,1522.2900,1226.0300,1067.3800,1065.9800,1011.5800,886.9740,781.8020,798.7000,642.4780,589.1090,644.2130,633.6380,667.6140,738.9680,807.9880,902.3400,1065.2100,1267.5300,1717.4500,2197.5000,2948.8400,3399.9600,2981.2300,2383.6500,1381.4500,819.3450,1053.2400,1080.9700,732.4790,600.9820,591.4880,510.6210,491.9390,438.0230,359.0320,276.8070,236.4290,220.2820,216.5540,197.4210,185.1340,159.8940,104.6760,62.6979,54.7141,39.6698,26.3175,17.4008,10.9089,19.3466,26.2719,65.0976,121.8360,185.8740,214.2660,191.6990,165.2650,142.1550,147.1460,155.2540,140.4270,139.8700,127.6220,89.1352,134.0080,226.0100,342.6270,498.9780,676.8530,700.7510,647.1940,483.6570,276.4020,255.6160,337.0270,352.7060,294.4970,243.1490,198.9130,180.5090,145.7240,97.3155,52.5371,40.5311,55.2843,65.3456,98.2838,147.2740,171.3090,189.2120,190.8390,183.1290,172.7980,162.7820,149.1760,130.2040,126.8350,128.7120,142.6280,144.8850,130.5240,131.5820,142.7650,130.4930,114.0980,85.3064,107.7570,152.8730,186.6010,225.7550,301.4820,388.4210,381.7740,342.8380,240.6220,101.3210,93.9638,134.4020,120.0720,99.9071,87.6602,71.2091,53.4934,30.2934,12.7764,38.8801,42.3941,44.0281,42.1514,53.5210,59.4999,37.6829,24.8603,30.9922,31.3351,38.3343,37.2313,35.7209,34.9333,48.2853,58.2027,36.9335,22.1781,16.5280,8.9441,20.5854,47.6801,46.1802,48.3543,32.3367,26.9372,27.0453,23.7245,24.1449,18.0383,18.5393,27.9953,32.0513,50.4198,69.0160,92.3463,48.2106,25.1166,42.9648,43.8818,45.8037,30.8661,21.3249,39.9047,70.3692,72.3666,77.3250,40.6637,29.3122,56.7954,60.1930,35.0541,11.0579,59.1284,67.5374,64.7175,64.3327,73.1871,84.0398,69.2688,52.5490,43.2849,28.9863,25.4554,51.2324,70.9524,77.3496,78.4459,60.2660,54.8280,70.7302,65.5258,80.7738,137.8780,178.4210,169.9210,133.9300,100.1380,71.7528,88.4164,121.7010,142.8840,177.2760,188.8350,154.7910,121.4550,129.7070,140.1200,141.9980,160.4470,162.6910,113.9140,71.8426,103.1930,125.0040,112.2110,102.7260,98.4210,87.4096,49.1476,25.5054,15.9071,37.4159,69.8734,70.7435,65.5462,33.9237,25.1426,48.1450,71.8155,54.9339,21.1448,19.7378,57.0659,76.5072,80.7275,65.4632,45.7390,10.1391,28.5948,24.4539,32.7307,49.5734,54.4255,47.5034,38.0523,34.4441,24.2458,19.8096,17.2450,5.3070,8.7351,24.2540,39.9799,52.0770,39.0876,25.8304,21.2201,19.6504,33.5158,58.8591,86.6030,99.4461,96.3366,83.8895,59.1157,49.1152,33.5618,17.1354,21.0276,17.5748,22.4716,53.3022,66.9050,60.7772,60.9652,59.3186,53.8581
36889.5000,18257.3000,12136.6000,15116.6000,12663.5000,9221.0300,7326.9800,5839.7200,4892.7300,4234.3500,3468.2200,3693.2800,3619.1300,2477.8600,2326.8800,2230.4600,1694.4100,1497.3800,1199.3300,1057.2900,1042.1600,999.9250,847.7780,745.5690,785.8090,631.1630,565.8100,604.4290,575.4930,605.3510,684.0120,760.5630,845.6420,1003.2100,1209.9400,1637.2100,2109.7500,2863.2000,3328.5600,2936.4100,2355.5100,1335.4100,788.9700,1030.1800,1072.5600,727.8160,574.2420,574.9150,517.9320,483.4280,421.7430,359.0230,264.0110,215.3160,213.2660,230.0210,215.4310,188.1920,158.2660,108.7090,67.6769,61.7656,47.6915,24.3532,10.9670,23.9186,21.3475,48.6186,80.1024,138.1930,202.5500,224.6000,192.1340,170.7360,162.8320,162.8100,176.9760,169.0090,161.9790,141.9250,88.9629,125.4840,228.8150,346.0870,479.9650,651.1570,683.0080,626.9700,460.8040,260.7800,270.1010,331.3940,323.8180,299.5440,255.3220,200.9390,171.9630,132.1710,82.4114,47.3323,39.6703,50.7785,75.1479,101.8610,136.2000,171.7560,196.3840,205.2380,182.4190,169.5750,163.9600,151.4330,137.1270,130.1720,127.8560,145.2960,161.3990,134.5200,124.2820,137.4670,122.9040,104.3070,74.8512,101.1620,149.7440,177.6840,205.4130,285.3700,378.1740,371.6510,333.0990,241.9710,103.0830,82.5139,132.2210,124.8970,85.7698,75.6646,72.3026,53.7239,17.6674,21.0763,37.5547,44.6730,52.4935,51.8284,60.6720,60.5508,43.4686,40.0380,39.7614,37.7523,38.4372,37.1904,41.3525,44.0703,49.6008,49.3076,42.2424,29.8913,20.9413,15.1714,23.6669,41.0813,49.5492,57.1686,46.9400,18.8015,11.1392,33.9456,38.4047,19.5699,15.4300,31.5673,36.5319,49.1583,69.1004,87.8235,58.8182,39.1121,36.8684,34.4184,26.3817,10.5255,23.1789,53.3557,61.8494,61.6288,54.0703,18.8605,30.8700,66.5282,60.2136,36.5790,16.8892,35.2692,49.6237,57.8538,68.8753,75.8614,54.7748,46.7586,61.0985,45.9225,27.0542,25.6923,36.7782,61.9673,73.7635,80.2555,70.7740,63.5537,53.5574,66.5515,102.1230,124.8870,141.5650,156.2290,136.7700,116.8760,92.7554,97.8110,118.1880,150.3100,187.6480,190.3060,157.3030,125.0980,129.9070,148.1560,148.7530,141.7580,137.0200,135.2110,115.7160,101.7070,101.4070,102.4430,92.8167,84.4199,66.5787,33.9379,17.3653,19.6765,35.7152,50.2062,43.6344,36.2758,22.9504,18.9091,33.0820,49.9734,49.0553,21.2038,36.3136,80.4610,81.4640,62.9046,42.1112,19.8117,19.2697,36.5710,39.3913,42.5539,50.2517,50.7222,52.4644,54.0054,35.3363,15.7949,25.5656,27.7708,13.0643,15.3200,25.1200,38.3704,48.0203,35.0885,31.5125,33.4949,22.7276,36.4940,64.2270,80.7408,90.6425,94.5309,89.1259,70.0448,46.4716,33.7707,40.5603,31.8190,13.6140,15.0850,39.9480,68.4178,73.2897,68.0275,58.7426,44.7488
36046.2000,17783.4000,11843.3000,14863.5000,12487.0000,9104.2800,7240.7000,5717.8800,4816.0100,4173.3000,3408.6900,3649.3800,3562.1600,2382.2400,2261.1400,2189.6200,1669.4100,1505.0800,1190.1000,1040.7400,1038.3900,994.3940,866.7210,776.8400,798.9490,667.9950,625.4270,641.9480,615.5730,643.7960,709.9630,797.8680,886.5580,1026.5300,1241.7600,1660.9000,2122.8400,2846.9000,3303.6900,2932.1600,2354.0100,1354.7000,805.8570,1013.9700,1055.5100,724.1500,564.5230,568.2400,514.1740,481.0520,413.7210,340.5620,247.2520,213.0780,209.3220,218.3550,210.1810,179.4180,137.0000,90.6202,53.3909,57.3782,44.6857,23.7891,21.2825,29.6111,31.1131,51.7022,93.1173,137.1940,202.0170,218.0880,190.2710,161.9350,148.7750,149.8690,162.3970,154.0450,154.1030,139.0580,87.2676,115.2270,199.1010,314.2040,470.7580,630.6680,652.9400,601.0510,449.3260,244.6520,243.2070,323.4860,308.2190,264.4400,232.7000,199.1200,174.8880,138.4410,91.7631,38.9016,40.8567,69.0262,77.3972,107.6660,140.4310,163.4020,183.3400,200.6920,189.9450,154.5960,135.9370,130.7930,132.0470,124.8380,126.5420,140.8340,177.7200,161.3370,114.8000,110.0700,119.4310,116.1220,83.3529,88.1970,137.1170,176.8690,203.5490,264.7630,343.2440,334.0660,298.4910,208.5160,82.3307,73.1841,125.8040,128.9860,93.9342,70.5866,55.2542,41.8926,22.8320,16.6852,32.0333,32.3994,23.4836,35.2895,48.4448,30.1104,23.8521,37.6488,43.0963,42.5837,42.8050,43.2460,43.9472,51.1405,55.0056,58.8351,53.7332,32.8266,17.2903,22.3631,29.5348,32.6016,35.5559,38.9866,33.3294,14.1419,17.9366,43.3404,46.7998,29.7040,22.2889,28.8087,30.9937,42.3930,59.8007,77.1707,56.6273,36.1330,34.6837,31.3407,27.2556,21.1016,27.5552,41.1114,55.2170,62.7584,66.0830,47.7748,44.1682,57.3832,57.2471,40.2413,15.4072,45.6063,54.4726,57.3993,56.3607,69.3301,72.1030,60.0521,48.4070,44.4390,38.2295,24.6894,43.7272,68.7489,70.3636,68.9390,71.1056,76.3068,61.5609,60.2761,77.5002,122.8230,171.4550,160.3320,128.4870,107.1320,77.4804,70.3064,114.5510,155.4840,187.8300,189.1470,148.9790,115.8300,127.3340,139.6110,140.2450,144.2930,141.6420,111.0840,86.0161,97.5571,107.9760,100.2380,86.5242,74.1615,59.8781,31.7925,13.2974,16.4886,26.6412,43.5001,46.4839,48.0847,22.1514,23.7664,39.8134,54.9043,41.3936,19.1464,36.1990,72.2902,83.2930,70.6925,55.8732,38.2221,15.6765,31.0191,38.9897,39.1493,38.2726,37.9130,38.1978,33.0738,17.1090,22.7016,20.1368,20.8388,10.6673,16.3303,30.5130,38.8746,37.8393,40.3844,39.8952,31.3861,32.0270,37.6650,62.3707,95.7231,104.0030,105.7580,100.3590,82.0022,49.3763,33.1245,27.0862,10.3131,11.5633,31.9030,42.9471,51.0613,54.7465,55.7033,52.9694,45.7400
36528.9000,18359.6000,12264.1000,15202.6000,12845.6000,9345.3400,7416.6600,5913.7700,4960.4700,4269.3000,3477.3900,3692.0600,3571.3600,2442.5300,2342.0000,2235.0000,1692.9900,1535.9200,1232.4400,1076.9700,1078.1300,1035.6400,900.7600,767.0350,779.9590,660.6980,618.2640,643.5530,616.8640,635.1670,711.6030,803.7370,892.7330,1031.1800,1252.7400,1681.4500,2149.9900,2856.3200,3287.1700,2916.2800,2327.6400,1314.5900,799.8140,1015.9600,1033.5100,724.6700,591.8220,560.2270,487.7230,469.4610,424.0130,355.1980,260.6480,216.6930,212.5410,216.8910,206.4200,190.0070,139.6820,96.1485,87.8840,75.9394,49.1396,23.3611,28.9068,41.5432,49.9701,79.7915,98.6889,129.2230,183.2100,221.7200,198.6870,163.5960,154.3210,159.7230,170.6580,176.1660,186.9170,164.5000,97.1287,120.3850,203.2720,319.3620,472.8340,625.3210,641.0560,586.1140,424.4990,237.4690,254.5210,325.6870,311.0610,273.3300,233.8430,191.2990,166.1510,125.2140,73.5956,47.5606,51.4457,57.2150,66.3310,97.1804,141.3340,175.4130,198.0970,221.6130,212.9650,175.7670,155.8860,149.6250,138.3640,127.8910,125.8180,143.7530,161.2460,146.7160,134.9040,142.7590,129.6410,113.7940,76.4499,96.9966,139.2400,171.1940,202.7690,263.8950,329.8730,319.0720,288.0010,190.7990,72.8330,74.2043,111.3600,117.0630,104.9480,77.2810,56.5095,46.4580,36.0060,9.2077,32.9312,41.6482,37.0414,34.5023,47.4643,39.6520,18.4447,26.5534,42.3704,37.0077,40.4741,45.0414,44.8835,47.8583,52.2924,49.3956,36.3997,38.1847,37.1249,20.7810,16.0041,41.6790,46.2888,46.9481,21.3980,15.6460,24.1030,34.2936,40.3955,26.6856,17.6841,30.6556,34.3671,41.3881,51.9941,73.8971,59.2761,38.2087,36.1439,34.6531,30.7516,13.6058,24.9408,58.4618,65.8417,66.2749,60.2347,37.6164,24.7609,33.6714,49.4818,33.0695,28.0745,48.3302,63.7551,63.4687,57.8596,66.6680,71.7745,52.6455,45.0213,34.9775,30.4536,41.1395,57.4826,78.0303,85.8963,80.0533,63.3602,56.9801,51.8178,63.6210,89.1618,114.5130,147.2170,155.7030,135.9060,121.2330,88.7358,69.2484,98.1039,142.9000,179.5750,174.4700,130.8140,104.0810,117.4550,129.3430,135.2560,148.4110,156.4530,123.5960,86.5749,96.6604,108.6840,105.1060,99.5752,96.3063,88.1416,53.0280,22.0917,15.3416,37.5682,57.0103,49.4308,39.0912,16.8406,25.4002,50.0887,69.7250,58.9955,18.1221,28.7011,66.4954,79.7928,69.1710,42.3105,26.4353,41.3680,47.3749,46.1632,44.1389,47.4676,57.1201,66.1424,56.3429,35.4112,20.8388,16.9291,23.2342,19.8308,7.4551,12.4176,25.4696,31.3188,36.7345,34.8716,21.3144,11.2453,29.2854,57.7470,75.4530,84.8418,90.6228,92.5652,67.0841,27.8351,25.0855,45.4523,29.1939,39.6938,42.0842,50.5932,38.7199,45.3112,52.4016,54.6502,40.9915
37087.3000,18416.1000,12213.7000,15209.9000,12792.4000,9320.7300,7389.9700,5881.0400,4924.6400,4260.1300,3503.9600,3728.2200,3635.3800,2489.3400,2345.9500,2248.4500,1718.4200,1541.2500,1237.5700,1064.0500,1035.7700,1005.3400,869.8300,746.7110,778.5020,641.0410,586.6840,624.3500,582.4560,598.0020,682.5190,776.6100,844.2640,968.8320,1193.7300,1627.4000,2118.4600,2826.2900,3252.1800,2901.8000,2337.0600,1305.6300,771.8060,1008.7100,1050.8900,707.5930,566.5160,563.4390,498.3930,472.5990,408.4490,345.4150,264.5210,220.3840,215.7560,225.3480,236.0760,209.7460,174.8630,134.2080,83.4719,59.0021,48.2100,30.0588,30.2903,46.1261,57.1184,79.7546,116.2050,132.8050,178.9510,206.5630,191.1990,159.5290,148.2060,151.1160,162.7490,159.9350,154.1500,135.4750,74.8980,118.4880,208.7320,309.0670,455.2450,609.5670,621.0690,568.6180,414.7230,224.3160,230.1640,308.6570,280.7540,229.6240,213.7160,186.1430,163.6160,110.8830,66.2019,20.9020,33.4154,77.2855,70.6786,84.3426,138.5330,165.1930,181.5810,189.8730,200.1850,193.6780,188.4550,170.2330,146.4390,136.6060,134.4530,140.7190,145.9630,144.7330,135.4900,137.6210,130.9730,123.1350,75.9056,74.6095,133.6050,181.9460,201.4890,260.1800,328.6080,311.0000,278.0740,182.8590,73.8582,79.7440,122.3750,125.1830,119.3790,97.4115,68.6468,46.3484,36.7250,24.0877,16.8039,30.4724,42.4838,44.5474,47.9626,37.3127,14.2689,15.0145,39.1924,34.7731,27.5447,30.0381,37.8648,45.3882,49.6922,50.1316,40.5085,34.6972,25.8680,13.6989,14.3940,27.6365,29.3481,22.3618,10.3335,16.2792,25.5954,26.8100,28.9919,22.5610,19.4648,30.8900,32.4795,33.2748,40.7336,61.1183,55.2717,31.1374,23.8566,20.6738,17.6883,11.4527,20.2955,45.2608,62.8782,60.1468,60.2796,21.8429,15.8481,40.2460,50.8703,31.5930,22.6646,39.2296,54.1858,53.6146,54.5384,60.1279,62.2158,50.8803,61.4892,57.2846,32.5682,32.4623,57.2406,65.3871,71.3013,79.6289,77.7118,63.0167,57.3537,69.8940,85.5824,108.1870,148.4900,159.1880,134.0110,103.4630,74.2649,72.4268,110.2770,161.4360,206.9990,174.6960,120.8350,110.7340,111.6480,116.4150,137.1080,162.9060,165.4760,116.6590,85.0008,93.9107,106.5000,110.2780,102.4200,92.4452,74.7159,51.6857,25.3851,20.5397,45.5299,64.3667,59.3609,52.8706,35.2362,21.7325,30.5136,45.7935,48.6856,15.7955,41.2403,92.1361,101.4550,76.4747,52.3212,29.2118,27.1321,58.9587,59.4206,63.1810,73.1476,79.8671,72.5549,61.4253,37.0033,17.5735,28.0186,33.5203,21.9910,11.0652,14.9832,19.9767,29.4548,19.7643,24.5215,25.4957,21.9927,51.4836,81.8677,89.5647,91.0793,88.1804,81.6988,61.4223,33.8505,22.2383,22.1798,10.0695,14.8048,36.4388,33.4195,36.2402,55.4848,55.3360,46.6327,27.8847
36212.0000,17833.9000,11874.3000,14875.7000,12474.7000,9104.1500,7251.0400,5742.4300,4830.5300,4192.3900,3390.7400,3611.0900,3533.6200,2376.1800,2269.2500,2182.9200,1656.2400,1520.0200,1212.1600,1059.6000,1047.5200,1011.9700,871.5640,767.7830,802.9080,632.1580,568.7950,635.3650,621.0890,634.8830,717.6070,810.9820,867.1060,993.8980,1236.2000,1656.9900,2141.2900,2869.6200,3305.4700,2947.9900,2371.7100,1330.7400,789.4360,1018.7600,1062.4400,725.6190,576.5860,578.0040,513.9820,473.8290,410.5770,344.6130,253.5270,223.7260,227.2470,233.4740,211.3760,188.3620,165.8330,126.7690,93.2489,81.9710,66.9947,39.5484,29.0857,45.1232,57.6410,73.2718,111.9020,139.9840,182.4060,221.3100,195.0410,155.6520,153.9320,167.8510,179.1350,173.6280,151.8170,129.0910,82.6144,113.1020,197.1830,298.9300,441.6030,606.6800,620.9430,569.3960,414.0290,236.6020,236.5370,308.1750,293.6840,229.2950,206.9060,181.7330,167.4920,106.8890,58.7804,32.7899,29.1111,64.7282,79.4709,94.0425,143.1010,173.2300,188.6100,193.4620,194.9250,193.7720,192.2320,175.3930,145.1310,129.1310,106.2280,115.6520,134.2480,120.0410,112.9490,133.5710,138.6970,130.5650,81.0635,69.5137,119.2510,171.7760,184.1240,240.0530,339.3540,325.9050,299.9090,189.1240,75.1009,82.9392,131.0890,123.1810,100.2220,94.6649,75.4165,50.3511,25.7338,21.4862,15.6380,36.1299,58.9622,41.8427,16.9049,15.5292,11.2427,24.2780,40.1393,26.3077,21.5895,34.2280,35.7036,31.6104,30.4544,38.4086,33.2057,24.0804,21.5360,16.0552,17.5118,39.9766,45.0126,54.6671,22.4528,12.7218,35.0920,32.2003,24.0259,15.3065,8.2891,17.3010,23.7219,39.4750,58.2474,84.3394,63.9582,44.7118,43.1798,40.3365,22.4640,17.2467,40.6734,61.9453,60.9728,61.5149,63.6231,29.0814,15.2598,41.1885,45.9676,23.8524,13.0072,41.2669,61.2623,62.6543,68.0885,74.5916,77.7108,56.0924,48.2350,34.1343,22.9369,52.1145,70.6636,75.0338,77.7785,89.5248,86.1566,80.4647,77.0329,71.6620,81.1504,118.1610,156.3810,160.6050,138.1380,124.3940,91.5102,71.6891,106.5970,163.7710,199.9660,170.6890,124.7810,96.5840,103.0580,135.1550,144.8150,143.4450,134.7340,102.9700,87.5259,106.0830,103.8300,99.2902,92.4590,85.8760,58.5764,35.9491,19.7484,17.0990,47.3755,52.9854,44.9846,30.7723,22.8107,18.0197,29.0384,41.3198,23.5769,16.7072,33.6010,51.0655,76.1688,78.2365,54.7960,26.5819,23.7816,37.4446,37.7044,37.2750,40.6733,46.2457,49.3435,37.6123,27.6491,31.7135,28.4193,19.0549,12.5934,10.1996,18.1399,26.6090,34.6277,35.9149,36.5897,33.0397,21.6024,31.5020,61.4797,83.4922,96.2241,98.6650,93.6900,64.5895,33.5553,31.7367,32.9477,24.0896,28.4858,38.8409,46.7122,47.2671,59.1062,59.7910,56.0219,38.8535
36367.1000,18228.5000,12223.3000,15180.9000,12790.0000,9299.2800,7414.2500,5911.2700,4947.7900,4249.7400,3499.4500,3726.0200,3582.0000,2442.3900,2348.9700,2224.6300,1675.2200,1549.5500,1270.2700,1108.1200,1089.9300,1040.6800,891.6680,757.6450,777.2900,647.4250,601.0080,640.9340,628.5930,649.7030,712.8150,819.0490,893.2060,1011.7400,1254.6500,1692.5600,2193.9200,2902.9500,3328.8200,2963.7600,2376.0300,1316.3100,799.1710,1046.5800,1069.4700,721.7380,592.2140,591.0750,521.4090,486.7670,424.2960,363.9740,280.1900,227.7450,218.2370,232.0580,232.0020,209.5380,179.5570,146.8500,104.8340,82.8516,59.5642,29.3756,43.0804,70.3401,84.0774,91.6259,126.4220,155.6950,194.3900,232.2140,192.0610,154.5790,162.3880,176.6640,184.0670,167.7820,152.3320,139.7270,78.1726,107.4470,210.7210,321.7770,453.6650,601.5950,614.4580,565.7480,413.9530,224.4370,225.2350,310.6980,296.3150,238.2630,208.2450,170.1570,149.5810,110.4420,65.4292,22.3102,38.8751,79.5741,82.3519,90.1792,121.8670,157.0580,180.8630,194.5280,182.7890,174.3080,185.8900,176.9930,146.1990,125.4010,109.6510,127.5700,143.9980,122.1960,127.1060,149.5940,142.2290,124.6780,82.1690,91.4099,132.9400,173.9120,204.7410,265.7690,334.8350,320.6680,302.8660,201.9700,76.4267,75.2901,114.5950,100.0200,87.0139,82.5682,64.9139,49.4979,28.9420,13.0680,19.4009,32.9215,42.5620,29.5265,27.9921,20.6348,14.7136,31.5233,48.0903,39.1558,46.0553,56.3537,55.5205,45.9851,39.4334,43.8757,30.4254,18.3028,26.4490,25.0627,19.0007,13.9427,17.6943,26.1480,32.7777,14.6141,14.9853,36.7207,30.0797,22.5164,24.2078,21.0908,29.7695,47.1777,57.0421,61.5639,43.7196,24.3493,19.4894,18.4058,17.0542,10.4291,18.8499,46.0494,55.2387,59.2725,58.3076,36.7098,22.8130,33.9970,33.7800,17.7575,20.0310,48.4980,59.1185,64.8478,71.5575,77.9064,75.7393,76.1332,59.0487,33.5193,35.2361,50.4654,51.1523,69.6293,82.1541,88.5679,77.9725,74.1064,57.4584,49.6575,82.4391,120.0630,151.4830,161.5210,137.2140,106.0180,69.5982,76.4903,115.5490,155.4660,192.1890,180.2920,137.5380,113.6000,108.8500,124.3840,139.9670,145.4080,139.2150,105.6190,91.3735,101.1970,98.6902,100.1510,98.5187,98.5262,77.7652,31.8408,26.5928,48.6616,60.9893,57.4894,46.8100,29.5072,18.4273,52.6069,73.6639,91.1860,53.1431,25.0750,40.0404,80.6061,92.4307,74.5786,46.4799,25.7154,42.4898,66.7353,63.8370,49.1270,50.5919,62.3485,60.3637,48.2427,37.9087,17.9009,17.5373,31.8440,28.2130,20.5479,28.5435,27.8549,38.9537,27.3591,19.2761,26.8906,27.4681,35.7819,59.8500,82.0409,92.4902,92.7619,85.1178,62.5513,44.5952,30.9799,19.2134,8.6267,7.6880,23.5422,42.3199,47.1592,49.2606,49.2560,46.2246,35.2418
37108.5000,18481.8000,12233.2000,15198.2000,12811.4000,9337.4500,7372.3300,5857.5800,4910.5900,4248.1800,3475.0900,3696.7600,3600.7400,2465.8100,2332.0800,2214.4500,1681.4500,1514.5700,1233.6400,1075.7500,1042.8800,1025.6900,887.1240,757.0150,780.2150,635.6500,586.4610,627.9560,579.0160,590.2330,672.2370,773.8990,834.7600,955.4740,1189.9100,1609.2400,2105.5800,2844.9200,3277.6700,2913.5000,2337.1600,1284.4200,778.1520,1013.6100,1043.8200,708.7250,577.0730,584.0230,523.9770,490.1060,428.6270,343.2850,243.7760,207.3590,212.0010,199.2660,186.7160,194.4460,184.5280,136.8670,85.5862,59.7901,42.7808,37.2531,43.6856,58.0114,69.8891,92.0963,120.6520,131.9640,171.3600,216.5690,196.6010,162.1650,153.8980,160.8740,178.0880,179.0610,156.6960,125.8410,96.7554,116.1160,190.4270,306.2670,446.5460,588.9670,607.2170,564.6000,416.7320,233.8810,235.2250,304.7810,290.9940,247.7060,223.5380,189.6670,164.0130,112.4150,56.8838,23.5377,38.4784,72.8147,82.2542,100.3060,135.3690,160.8060,178.6870,178.3480,163.4480,146.1890,135.1580,130.5290,131.6720,122.9180,111.5320,112.2010,118.9710,116.1030,129.0140,141.2010,130.4660,117.9000,80.8139,86.7688,119.0950,156.8650,193.5740,270.6550,343.9720,319.9390,307.5290,205.9930,86.6425,65.8220,106.1230,116.8720,103.7050,96.3522,80.8201,63.2584,35.8615,20.7167,20.1594,28.5261,34.3025,23.9755,23.6520,26.2351,14.4056,10.9904,28.9673,31.9116,27.3543,29.6997,37.7009,43.4176,31.5196,21.0910,24.6823,23.5079,16.0558,24.9259,30.7056,28.3030,23.6625,28.4217,25.6434,13.1659,20.4988,39.3577,41.4360,28.4542,15.4729,35.3192,47.6464,54.4005,59.4681,83.0775,61.0458,28.7588,22.0230,20.6935,14.8023,16.7815,32.8911,52.4719,66.6171,69.4941,76.9341,38.8694,24.2348,47.3586,49.6859,35.7342,15.5860,21.3491,41.4531,52.9154,64.3121,69.7463,56.5903,48.4253,45.6944,33.5591,32.9144,39.2396,54.6481,77.8885,84.3712,78.4915,67.8802,61.3183,62.2973,77.9554,84.5397,109.3010,165.5560,163.2930,129.4230,102.0820,82.3711,72.2555,104.7700,151.9780,195.0130,180.0150,128.6370,104.2430,109.0530,117.5860,124.0330,145.5490,151.2730,128.6100,100.8700,96.5284,94.7914,100.1650,98.2778,99.6231,77.2539,33.5300,17.9814,22.7039,35.5744,50.9398,56.8752,59.5991,46.0462,21.5148,26.6336,44.8932,30.9100,31.8559,41.9053,81.1686,92.8176,80.0368,54.3655,23.4686,25.8817,38.5299,40.6480,54.6071,68.0543,70.5330,51.3089,39.0275,42.9327,27.0279,12.0686,7.7409,9.9611,18.5620,23.4221,25.5264,29.4692,20.9018,20.9303,37.0756,42.9707,46.4479,60.5064,85.5914,100.2730,101.1570,86.0356,52.1791,46.3923,47.0171,35.8988,25.0118,12.0805,23.9797,46.4949,49.8839,52.9060,53.3698,46.6603,23.3479
36422.2000,17891.6000,11939.7000,14958.0000,12502.1000,9121.3800,7236.9500,5720.7800,4816.0800,4192.5400,3402.0000,3613.1400,3544.1600,2385.2900,2261.8700,2177.8000,1631.2600,1465.6900,1176.6500,1035.3000,1050.5300,1020.2100,887.1920,764.0810,791.7280,639.1360,579.6900,629.5050,607.5090,631.4930,709.1700,796.4940,866.6400,1003.2700,1241.2400,1646.2000,2137.7900,2870.7100,3274.5500,2904.0700,2327.8300,1292.0200,770.4240,998.9760,1034.8800,680.0150,551.2890,561.4910,486.8840,467.5890,408.5770,336.3140,252.8140,223.4650,219.0050,212.8340,207.3370,189.4770,164.3550,129.8140,76.4373,51.7790,47.8004,32.6691,37.3785,72.5647,76.6239,91.0892,103.5010,119.9190,159.7160,208.2650,188.9720,153.3540,136.4030,146.6500,167.7010,169.2290,156.6480,131.5810,80.3027,112.9160,201.2850,304.7070,445.1410,588.1530,597.6380,550.0140,399.6870,243.8070,257.1380,321.9780,305.7140,246.5290,215.3330,177.9470,161.9870,119.9420,63.7372,30.4686,39.8812,66.6985,74.1701,91.6675,138.8670,175.5100,197.6210,206.7120,195.7590,177.4980,159.3220,150.3820,140.9250,136.7530,118.5660,121.8740,129.1360,121.8790,125.9440,133.9180,121.5640,114.4550,90.3710,95.5708,134.9780,189.4670,213.0410,254.9960,319.9500,308.0870,306.9930,199.2860,75.2875,64.6605,107.7730,127.8570,119.8900,96.5276,73.9620,51.5455,33.0716,13.4499,20.1649,34.9020,42.2531,28.5223,20.2767,29.0306,30.6120,26.3437,39.6805,50.3926,41.3117,33.8720,39.6748,52.0029,49.9564,32.7809,31.8986,39.0218,32.3329,18.6229,16.5720,32.6774,36.2903,30.6413,20.5016,19.5834,24.9073,37.4476,36.4731,22.1207,29.7030,44.3994,42.8667,47.2794,60.7687,88.7991,62.0621,33.4217,27.1146,32.1924,40.4240,15.2720,12.8183,51.7449,60.4735,63.3757,53.7945,49.7091,33.7499,22.8122,52.5743,40.8360,47.7046,46.7519,60.0620,54.5686,43.5381,46.0209,56.4719,55.1914,60.4104,49.5553,30.3959,24.7140,51.4427,71.5943,73.6830,64.5012,61.1054,66.3935,46.8297,48.5123,80.0257,105.3350,135.9370,153.2440,133.6990,99.9900,60.2627,67.7548,108.3620,149.5810,184.9360,175.3300,144.9160,115.4380,100.3390,117.0250,131.9080,152.1340,157.5500,130.2860,84.7141,87.4378,102.4200,95.9653,87.8388,84.9015,74.2593,45.0982,30.0064,20.2046,21.3519,55.3073,57.0828,60.3194,22.7769,14.0028,25.5521,27.3964,22.1062,20.4372,39.8567,65.4628,77.5646,77.8267,59.0165,36.3782,29.2970,46.7843,41.4724,27.5404,34.8593,42.1746,39.5364,35.1611,28.6711,13.2773,16.6877,27.1666,14.4721,18.3283,16.0834,24.7177,35.3271,44.5046,35.8840,30.0779,23.4648,30.5223,77.7272,116.5210,102.8540,93.1030,80.8052,76.6183,53.9138,24.4032,19.8506,18.4671,15.8129,28.3255,66.5043,84.7588,72.1610,65.4275,59.6897,60.6543
36198.1000,18093.8000,12066.4000,15028.7000,12695.1000,9253.0200,7358.7500,5825.2000,4869.8200,4196.4100,3449.9100,3684.4200,3565.1000,2409.8500,2279.1700,2163.6400,1640.6900,1496.5000,1196.1600,1051.6300,1060.2800,1027.9600,885.5810,758.9160,794.6970,672.2940,606.7100,632.1220,617.5710,646.0090,703.8800,802.4500,864.3150,977.7400,1220.6300,1639.4900,2143.6900,2843.9900,3248.1000,2887.3000,2311.7100,1274.0300,784.6530,1018.0900,1040.5800,734.8920,604.0690,582.3690,515.3290,480.8880,415.7170,348.0960,263.9880,230.1600,228.1590,219.6330,213.3700,203.6600,164.2410,116.0630,84.3768,79.6364,65.0910,36.6036,22.5730,57.3426,67.7533,90.2290,116.9520,136.4890,176.4130,211.6390,180.2950,150.4670,154.5980,158.4700,166.9580,171.7240,178.4010,162.8910,87.0694,106.5530,205.6810,293.9170,417.9560,593.6460,617.4750,573.1610,403.0180,215.9540,233.8310,298.4240,279.5940,248.1540,220.9720,183.7220,144.4130,101.4050,62.5589,26.5649,34.1235,66.4210,81.5333,110.7560,152.8760,190.1330,217.2940,235.5790,216.9500,190.6690,171.9740,155.4700,139.5170,130.1960,112.8220,106.7370,134.6080,145.8480,126.9020,124.5040,120.0480,113.7410,77.2443,83.1820,133.1700,178.6050,197.7520,255.2530,314.9800,304.1100,296.3190,221.2020,88.8152,56.0440,112.7710,125.0710,111.1700,98.5373,76.9995,52.9906,37.9336,24.2731,18.5278,32.9861,39.0428,23.8137,33.8251,32.9868,20.0646,27.7590,31.3265,28.9769,34.4586,36.7492,35.4702,28.7262,38.7225,44.5856,25.6118,20.7952,20.4631,17.8170,11.2360,30.8903,28.9286,26.1300,6.8869,12.9017,26.9573,34.6789,20.4547,11.7124,29.3116,42.4306,37.8850,41.0607,58.0486,84.0840,68.9245,39.6215,36.5456,40.3519,42.4086,31.0006,26.9179,40.0234,49.9744,53.6848,58.4881,35.8111,16.9232,41.4793,70.4328,45.0034,31.6342,28.7402,38.4467,35.2761,32.5011,52.4604,70.4549,60.9042,46.5058,30.7572,23.6214,30.8892,40.8655,59.2143,71.6660,76.5396,64.3138,48.0063,48.1520,53.4893,62.4505,103.2250,152.0440,147.5660,123.4250,109.7600,88.0191,72.1960,105.3120,161.7830,202.4360,177.1580,131.1940,112.6980,113.1800,116.8360,131.9940,155.6350,166.7660,131.1790,109.3920,126.5520,120.9210,117.4030,113.9300,111.9690,89.9303,43.5855,25.6890,29.1261,38.7288,56.0004,57.5180,54.2321,31.9094,15.6114,31.6719,54.8449,46.5094,24.7180,37.5226,81.3391,92.4360,86.4064,68.9325,44.4475,17.3627,39.8636,49.2568,43.5964,35.5890,42.9938,47.7967,36.2136,16.6621,13.1234,23.3976,23.7018,14.0398,12.9515,18.6473,25.1821,29.5505,27.5334,37.7221,31.2552,16.8996,34.1780,65.4544,87.1363,94.9120,91.3936,79.8470,58.9558,43.8056,30.4305,26.9830,20.5609,10.6879,24.5834,49.2829,50.8503,55.5677,63.0621,66.7920,55.6478
